clean_id,clean_path,normalized_class,original_path,original_label,source_url,source_domain,width,height,sha256,perceptual_hash,duplicate_group_id,duplicate_status,stock_flag,quality_status,inclusion_status,exclusion_reason,notes
front_0001,datasets/viewpoint/self_clean_v1/front/front_0001.jpg,front,datasets/viewpoint/self/Cow_/front/Cow Front/1.jpg,front,https://www.pexels.com/photo/brown-and-white-cow-458991/,www.pexels.com,4546,2872,94514afaa72f347254d7fa8ab70f6c124fdbb653b3c49b16e8e7eb4e164222fb,c488b1a727cb9e27,dup_0001,canonical,False,pass,included,none,Valid clean capture
front_0002,datasets/viewpoint/self_clean_v1/front/front_0002.jpg,front,datasets/viewpoint/self/Cow_/front/Cow Front/10.jpg,front,https://www.pexels.com/photo/peaceful-cow-grazing-in-sunlit-pasture-39420138/,www.pexels.com,3072,4080,2730ba8bb4c2e7fe954071af7312aec2249da1f848d7b153c8f9b8ce3aac976b,92cc09c96776e666,dup_0002,canonical,False,pass,included,none,Valid clean capture
front_0003,datasets/viewpoint/self_clean_v1/front/front_0003.jpg,front,datasets/viewpoint/self/Cow_/front/Cow Front/100.jpg,front,https://www.pexels.com/photo/cow-with-ear-marks-and-small-horns-in-daytime-5462653/,www.pexels.com,5472,3648,970c6f0882ce47dde44e5ee224d1cfd3448ab8e54db195e61bca9541e4bd6795,c5fa78c1f6d80869,dup_0003,canonical,False,pass,included,none,Valid clean capture
front_0004,datasets/viewpoint/self_clean_v1/front/front_0004.jpg,front,datasets/viewpoint/self/Cow_/front/Cow Front/101.jpg,front,https://www.pexels.com/photo/normande-cattle-on-the-pasture-16669278/,www.pexels.com,6016,4016,1bbfed4cc6d8d22510a4dcc6f3b88f2fa930d17f56c3e78df34b93e7b36e7bf0,84f4c35331a9b67c,dup_0004,canonical,False,pass,included,none,Valid clean capture
front_0005,datasets/viewpoint/self_clean_v1/front/front_0005.jpg,front,datasets/viewpoint/self/Cow_/front/Cow Front/102.jpg,front,https://www.pexels.com/photo/close-up-of-pie-black-cow-in-green-pasture-33381883/,www.pexels.com,5207,3476,c3da7697e30e9db26be86948173741178d6367a6434ff8394a781d00157f76f4,d926163be1e1664e,dup_0005,canonical,False,pass,included,none,Valid clean capture
front_0006,datasets/viewpoint/self_clean_v1/front/front_0006.jpg,front,datasets/viewpoint/self/Cow_/front/Cow Front/103.jpg,front,https://www.pexels.com/photo/photo-of-cows-grazing-on-a-pasture-20803952/,www.pexels.com,4752,3168,d97fdabd9248dd02be6c41abb849649044fb94749d8d48f0eca1c100f64d0c84,eb0d14136bcc9cb3,dup_0006,canonical,False,pass,included,none,Valid clean capture
front_0007,datasets/viewpoint/self_clean_v1/front/front_0007.jpg,front,datasets/viewpoint/self/Cow_/front/Cow Front/104.jpg,front,https://www.pexels.com/photo/brown-cows-on-green-grass-field-10660420/,www.pexels.com,4200,2800,d55c5adc218b5ae3a18c9e5b781136ba8ddb6a3048349407ae91304d8f279450,86890fb77160be87,dup_0007,canonical,False,pass,included,none,Valid clean capture
front_0008,datasets/viewpoint/self_clean_v1/front/front_0008.jpg,front,datasets/viewpoint/self/Cow_/front/Cow Front/105.jpg,front,https://www.pexels.com/photo/cows-on-green-grass-field-10660419/,www.pexels.com,4200,2800,8fbd93fc46a025b671f9102b8443047d678cfcd665b4dad78abebd2c251d3d00,d2490bf285969dc7,dup_0008,canonical,False,pass,included,none,Valid clean capture
front_0009,datasets/viewpoint/self_clean_v1/front/front_0009.jpg,front,datasets/viewpoint/self/Cow_/front/Cow Front/106.jpg,front,https://www.pexels.com/photo/cows-grazing-in-a-sunlit-meadow-28962577/,www.pexels.com,6240,4160,0225ddbffee55527ec705e1b4e8220e574aaa9bbc0b3f0a282ee8797d6bea05b,bab1c592c64de583,dup_0009,canonical,False,pass,included,none,Valid clean capture
front_0010,datasets/viewpoint/self_clean_v1/front/front_0010.jpg,front,datasets/viewpoint/self/Cow_/front/Cow Front/107.jpg,front,https://www.pexels.com/photo/cows-grazing-in-alpine-meadows-of-tyrol-austria-37221114/,www.pexels.com,7714,5145,89f12011f9e50c9bf109d78d595e1a3b55d9ddeb05e40bfe7d271c542a042b86,8282a2ce9f9bb569,dup_0010,canonical,False,pass,included,none,Valid clean capture
front_0011,datasets/viewpoint/self_clean_v1/front/front_0011.jpg,front,datasets/viewpoint/self/Cow_/front/Cow Front/108.jpg,front,https://www.pexels.com/photo/cows-grazing-in-autumn-landscape-styria-34498322/,www.pexels.com,6688,4459,69c7128ad7cddc57fb4d74300753b5fede595e0e14c283210ec24e9e87d1db8c,aaa1a5e0eaccd794,dup_0011,canonical,False,pass,included,none,Valid clean capture
front_0012,datasets/viewpoint/self_clean_v1/front/front_0012.jpg,front,datasets/viewpoint/self/Cow_/front/Cow Front/109.jpg,front,https://www.pexels.com/photo/a-brown-and-white-cow-in-a-grassy-field-5690992/,www.pexels.com,5616,3744,aec745f5651e517fbfbdde4a1755383c4f148d2dd97ba6ebbb11231b8aebb21d,91934e4b92f8c6e6,dup_0012,canonical,False,pass,included,none,Valid clean capture
front_0013,datasets/viewpoint/self_clean_v1/front/front_0013.jpg,front,datasets/viewpoint/self/Cow_/front/Cow Front/11.jpg,front,https://www.pexels.com/photo/brown-cow-on-a-pasture-18827662/,www.pexels.com,4160,6240,e6d5a120123129b101dab0ff5c4700cc28441ed7ae367ff691f48ee58128eefb,b88706505d2f5e97,dup_0013,canonical,False,pass,included,none,Valid clean capture
front_0014,datasets/viewpoint/self_clean_v1/front/front_0014.jpg,front,datasets/viewpoint/self/Cow_/front/Cow Front/110.jpg,front,https://www.pexels.com/photo/a-cattle-with-ear-tags-13706519/,www.pexels.com,4495,3000,af453c7ea3f878f1918da26b33fe5733bb34507c5d3121a9c59422d2e0a8e17d,adc9f314d918636a,dup_0014,canonical,False,pass,included,none,Valid clean capture
front_0015,datasets/viewpoint/self_clean_v1/front/front_0015.jpg,front,datasets/viewpoint/self/Cow_/front/Cow Front/112.jpg,front,https://www.pexels.com/photo/brown-cow-grazing-in-irish-green-pasture-28774066/,www.pexels.com,6000,4000,071ed91c05ba06e0d610c7536ea044c93ae322ad5a36482276912501492d5e53,b3ccccf3980c3363,dup_0016,canonical,False,pass,included,none,Valid clean capture
front_0016,datasets/viewpoint/self_clean_v1/front/front_0016.jpg,front,datasets/viewpoint/self/Cow_/front/Cow Front/113.jpg,front,https://www.pexels.com/photo/cow-on-a-mountain-pasture-14463031/,www.pexels.com,6000,4000,282c7572afe0bb9779aaf7f7a3d6103a6fda929667efda7a003b96be54c70aa2,d5d5f1a10eeae222,dup_0017,canonical,False,pass,included,none,Valid clean capture
front_0017,datasets/viewpoint/self_clean_v1/front/front_0017.jpg,front,datasets/viewpoint/self/Cow_/front/Cow Front/114.jpg,front,https://www.pexels.com/photo/brown-cow-grazing-in-santa-fe-field-33692332/,www.pexels.com,3616,4816,c127f92b8113100c8ec1d257ccdb27eaffa34b202eb45336ab41b4088f4ea94d,ee959366891a7689,dup_0018,canonical,False,pass,included,none,Valid clean capture
front_0018,datasets/viewpoint/self_clean_v1/front/front_0018.jpg,front,datasets/viewpoint/self/Cow_/front/Cow Front/115.jpg,front,https://www.pexels.com/photo/majestic-brown-cow-grazing-in-open-pasture-34114664/,www.pexels.com,3217,4826,30a9e8212175f6aab759e9bfccee6eef979a7946fbcd0ba3c3f0a304be18ebf0,96dd491e26c3d90d,dup_0019,canonical,False,pass,included,none,Valid clean capture
front_0019,datasets/viewpoint/self_clean_v1/front/front_0019.jpg,front,datasets/viewpoint/self/Cow_/front/Cow Front/116.jpg,front,https://www.pexels.com/photo/two-black-cows-on-a-grassy-field-7164014/,www.pexels.com,4063,2714,fb256b959db8cce4de7d7d312f50e6efaba483b7b5304a46e432fef762ffa201,e6e6d9d1b69c0909,dup_0020,canonical,False,pass,included,none,Valid clean capture
front_0020,datasets/viewpoint/self_clean_v1/front/front_0020.jpg,front,datasets/viewpoint/self/Cow_/front/Cow Front/118.jpg,front,https://www.pexels.com/photo/close-up-shot-of-a-cattle-13121633/,www.pexels.com,3237,2160,27a8f7771254ec517fd27f2ba453bc234b290c0b11cd6d987c9b2fab88cd24cc,eeb3d0c497103c6b,dup_0022,canonical,False,pass,included,none,Valid clean capture
front_0021,datasets/viewpoint/self_clean_v1/front/front_0021.jpg,front,datasets/viewpoint/self/Cow_/front/Cow Front/119.jpg,front,https://www.pexels.com/photo/cow-in-mountains-27062071/,www.pexels.com,4160,6240,c77053764fc74e5b1e50d0936c60af73ae7d6891b46189cb05b0a4d712ee97e0,92c9cd3e9243e566,dup_0023,canonical,False,pass,included,none,Valid clean capture
front_0022,datasets/viewpoint/self_clean_v1/front/front_0022.jpg,front,datasets/viewpoint/self/Cow_/front/Cow Front/12.jpg,front,https://www.pexels.com/photo/brown-cow-on-a-pasture-18827685/,www.pexels.com,4160,6240,024e8b08c84309dfeda09b24a4d43d676e8a9aee3c71195e3ba92201ebe6e96d,f09aa785536c3993,dup_0024,canonical,False,pass,included,none,Valid clean capture
front_0023,datasets/viewpoint/self_clean_v1/front/front_0023.jpg,front,datasets/viewpoint/self/Cow_/front/Cow Front/120.jpg,front,https://www.pexels.com/photo/cow-by-river-in-mountains-27062079/,www.pexels.com,4160,6240,d7c430b5ea5f0e074a92bff6237643a86546f0d0fa52f2cc6dd7e26df05281ad,93eec43973467c11,dup_0025,canonical,False,pass,included,none,Valid clean capture
front_0024,datasets/viewpoint/self_clean_v1/front/front_0024.jpg,front,datasets/viewpoint/self/Cow_/front/Cow Front/121.jpg,front,https://www.pexels.com/photo/brown-cow-in-lush-green-pasture-outdoors-28587284/,www.pexels.com,5568,3712,86b612805e89124a7fd9a7a265df41da21fea860c2358574df27910982d49aff,b3da8d6d9094f21a,dup_0026,canonical,False,pass,included,none,Valid clean capture
front_0025,datasets/viewpoint/self_clean_v1/front/front_0025.jpg,front,datasets/viewpoint/self/Cow_/front/Cow Front/122.jpg,front,https://www.pexels.com/photo/moody-cow-in-welsh-countryside-30351378/,www.pexels.com,3600,5408,2053f808bb0fbdc7cd8ed75f0968ee6556ce064f7726658063805610002d572b,c04f3f3c78c3031f,dup_0027,canonical,False,pass,included,none,Valid clean capture
front_0026,datasets/viewpoint/self_clean_v1/front/front_0026.jpg,front,datasets/viewpoint/self/Cow_/front/Cow Front/123.jpg,front,https://www.pexels.com/photo/young-cow-walking-along-a-sunny-road-36237155/,www.pexels.com,3072,4608,bf173d3178cdb7da9d914206707ebfd17044da9f48d1bf0330295d5755d7811f,8dc5f0b657986926,dup_0028,canonical,False,pass,included,none,Valid clean capture
front_0027,datasets/viewpoint/self_clean_v1/front/front_0027.jpg,front,datasets/viewpoint/self/Cow_/front/Cow Front/124.jpg,front,https://www.pexels.com/photo/bavarian-cow-in-alpine-meadow-33237446/,www.pexels.com,4000,6000,6b8a476a3ced9a6e8bebf5f1fc41306f77070910eef72899bc38727b61a909d6,92830dedd2d2e56a,dup_0029,canonical,False,pass,included,none,Valid clean capture
front_0028,datasets/viewpoint/self_clean_v1/front/front_0028.jpg,front,datasets/viewpoint/self/Cow_/front/Cow Front/125.jpg,front,https://www.pexels.com/photo/holstein-cattle-grazing-in-tranquil-pasture-37262993/,www.pexels.com,4000,6000,6fb4abfdbd9b0ecc1d5b49fe08826abe1b3e88cdbce9d814fd075e9057124eb1,b2ed493066cb1b3c,dup_0030,canonical,False,pass,included,none,Valid clean capture
front_0029,datasets/viewpoint/self_clean_v1/front/front_0029.jpg,front,datasets/viewpoint/self/Cow_/front/Cow Front/126.jpg,front,https://www.pexels.com/photo/autumn-pasture-with-grazing-cow-in-meadow-34582682/,www.pexels.com,6240,4160,9f1a89d67d055e3c1263156c614587e141216c3de918e5c5e004d29507835a17,d9266620f10dadf5,dup_0031,canonical,False,pass,included,none,Valid clean capture
front_0030,datasets/viewpoint/self_clean_v1/front/front_0030.jpg,front,datasets/viewpoint/self/Cow_/front/Cow Front/127.jpg,front,https://www.pexels.com/photo/cow-on-field-14248147/,www.pexels.com,3024,4032,32d48870703cd54edc88860b10958973e2f0a7e4cf1ac20f64e72ffed78b91b6,c9f2934c79b58e03,dup_0032,canonical,False,pass,included,none,Valid clean capture
front_0031,datasets/viewpoint/self_clean_v1/front/front_0031.jpg,front,datasets/viewpoint/self/Cow_/front/Cow Front/128.jpg,front,https://www.pexels.com/photo/young-holstein-cow-grazing-on-lush-pasture-34164407/,www.pexels.com,5568,3712,e99a93bea9feb8739a399d70b4026fac213c4aa8dceff7ebae73e78820692f69,85da5a66cab594cc,dup_0033,canonical,False,pass,included,none,Valid clean capture
front_0032,datasets/viewpoint/self_clean_v1/front/front_0032.jpg,front,datasets/viewpoint/self/Cow_/front/Cow Front/129.jpg,front,https://www.pexels.com/photo/rind-27896613/,www.pexels.com,6240,4160,3a6febc43763eb2eaa3514cd5cff93e5a4450818b6f461cf5edf80afc57252e8,98cac2f1bc1dc36a,dup_0034,canonical,False,pass,included,none,Valid clean capture
front_0033,datasets/viewpoint/self_clean_v1/front/front_0033.jpg,front,datasets/viewpoint/self/Cow_/front/Cow Front/13.jpg,front,https://www.pexels.com/photo/long-horned-cow-20050810/,www.pexels.com,4000,6000,a0ec977837e6483c4b5baf012b7721e3e1e1885c609629693a453c40d921db0d,c1e43f18789316ed,dup_0035,canonical,False,pass,included,none,Valid clean capture
front_0034,datasets/viewpoint/self_clean_v1/front/front_0034.jpg,front,datasets/viewpoint/self/Cow_/front/Cow Front/130.jpg,front,https://www.pexels.com/photo/brown-cow-on-green-grass-field-11034830/,www.pexels.com,3024,4032,3632d096a79bee1d81a81131b64d5345e663bf32dca8737087d73fa440895b90,db539b995c32194c,dup_0036,canonical,False,pass,included,none,Valid clean capture
front_0035,datasets/viewpoint/self_clean_v1/front/front_0035.jpg,front,datasets/viewpoint/self/Cow_/front/Cow Front/131.jpg,front,https://www.pexels.com/photo/clsoe-up-of-a-cow-in-the-pasture-18050006/,www.pexels.com,4000,6000,a6e7c323967dd6d85f5bbf1dae50db55b429525148743cf3da51246f36c9b3ed,bba3c41e1be0e10f,dup_0037,canonical,False,pass,included,none,Valid clean capture
front_0036,datasets/viewpoint/self_clean_v1/front/front_0036.jpg,front,datasets/viewpoint/self/Cow_/front/Cow Front/132.jpg,front,https://www.pexels.com/photo/spotted-cattle-in-rustic-farm-setting-34760407/,www.pexels.com,3024,4032,b5cad0d71790e797ebc23a2a692224fef217c42825557941ea092cb326bbd0c2,8987b680c5e37a7c,dup_0038,canonical,False,pass,included,none,Valid clean capture
front_0037,datasets/viewpoint/self_clean_v1/front/front_0037.jpg,front,datasets/viewpoint/self/Cow_/front/Cow Front/133.jpg,front,https://www.pexels.com/photo/portrait-of-a-cow-in-a-lush-green-pasture-34933951/,www.pexels.com,4603,3069,483aade0386c613b63c1b40fa0189ba1e39bd28031d8f7cb8d49bb01403f9683,f14e8cb164675e58,dup_0039,canonical,False,pass,included,none,Valid clean capture
front_0038,datasets/viewpoint/self_clean_v1/front/front_0038.jpg,front,datasets/viewpoint/self/Cow_/front/Cow Front/134.jpg,front,https://www.pexels.com/photo/a-cow-by-a-river-27062084/,www.pexels.com,4160,6240,ab52ddad810786796e76c5187c36dabcbdeb25db958df2c46701808be29b94cb,92eb8d3872c3f894,dup_0040,canonical,False,pass,included,none,Valid clean capture
front_0039,datasets/viewpoint/self_clean_v1/front/front_0039.jpg,front,datasets/viewpoint/self/Cow_/front/Cow Front/135.jpg,front,https://www.pexels.com/photo/black-and-white-cow-on-field-27098251/,www.pexels.com,4160,6240,c8a9134e1502cf2dfcf8674b00a5c432a135a74136c13650d39c89cbea6dfbd6,a6168be9786c9762,dup_0041,canonical,False,pass,included,none,Valid clean capture
front_0040,datasets/viewpoint/self_clean_v1/front/front_0040.jpg,front,datasets/viewpoint/self/Cow_/front/Cow Front/136.jpg,front,https://www.pexels.com/photo/black-baldy-on-green-grass-field-9150314/,www.pexels.com,3456,5184,a7605e5d1e8775b723d624383d0f6dc247a63a48723cd9a8ac17e54fd45a2e67,e70f18186127efac,dup_0042,canonical,False,pass,included,none,Valid clean capture
front_0041,datasets/viewpoint/self_clean_v1/front/front_0041.jpg,front,datasets/viewpoint/self/Cow_/front/Cow Front/137.jpg,front,https://www.pexels.com/photo/young-cow-in-a-field-in-uruguay-17956254/,www.pexels.com,4000,6000,cd709543317c28015b94937431dd9bbd442be829aa3d218080500d84306f6357,b99bc6ec84235966,dup_0043,canonical,False,pass,included,none,Valid clean capture
front_0042,datasets/viewpoint/self_clean_v1/front/front_0042.jpg,front,datasets/viewpoint/self/Cow_/front/Cow Front/138.jpg,front,https://www.pexels.com/photo/photo-of-a-brown-cow-17800847/,www.pexels.com,3060,4080,31cc164e6cd842d27e8cd120aa969823c4ddb95de2ac90a8685e057c934e8f2c,f89f86e14c363193,dup_0044,canonical,False,pass,included,none,Valid clean capture
front_0043,datasets/viewpoint/self_clean_v1/front/front_0043.jpg,front,datasets/viewpoint/self/Cow_/front/Cow Front/139.jpg,front,https://www.pexels.com/photo/brown-and-white-cow-on-greek-country-road-3ackground-27207629/,www.pexels.com,3712,5568,78181419a98249520d94ed6a250249576ba7672be8ffb5e7f7bdb1355dfe7af1,8453f3a85ab32d6c,dup_0045,canonical,False,pass,included,none,Valid clean capture
front_0044,datasets/viewpoint/self_clean_v1/front/front_0044.jpg,front,datasets/viewpoint/self/Cow_/front/Cow Front/140.jpg,front,https://www.pexels.com/photo/brown-cow-grazing-in-swiss-countryside-34325513/,www.pexels.com,1984,2976,d1263c55bd7e29054a1a1fd0d14c97bb0b3baf8651d595a34c0be273ffdc392d,b3c0883f73c1bc3c,dup_0047,canonical,False,pass,included,none,Valid clean capture
front_0045,datasets/viewpoint/self_clean_v1/front/front_0045.jpg,front,datasets/viewpoint/self/Cow_/front/Cow Front/141.jpg,front,https://www.pexels.com/photo/cows-grazing-on-pasture-17253135/,www.pexels.com,3360,4884,86920fc48e70b1e1d06633ed9f5f9bdcf819777ec849da14d6df8449e51e1326,f7cd8880106d775b,dup_0048,canonical,False,pass,included,none,Valid clean capture
front_0046,datasets/viewpoint/self_clean_v1/front/front_0046.jpg,front,datasets/viewpoint/self/Cow_/front/Cow Front/143.jpg,front,https://www.pexels.com/photo/cows-on-a-grassland-7899708/,www.pexels.com,3648,5472,8fa2c6b49125041d8a24b79280dc6206d8101d34b19901ce6ab0ca305544de29,d3c146b2e46b3ba4,dup_0050,canonical,False,pass,included,none,Valid clean capture
front_0047,datasets/viewpoint/self_clean_v1/front/front_0047.jpg,front,datasets/viewpoint/self/Cow_/front/Cow Front/144.jpg,front,https://www.pexels.com/photo/cow-standing-on-pasture-20412319/,www.pexels.com,2612,3264,617991a60c26282d64abed521d30f8e2cabd54d5a5ba0b0d9fa33bdc1135c5bc,d39e18d3a42c6bd2,dup_0051,canonical,False,pass,included,none,Valid clean capture
front_0048,datasets/viewpoint/self_clean_v1/front/front_0048.jpg,front,datasets/viewpoint/self/Cow_/front/Cow Front/145.jpg,front,https://www.pexels.com/photo/brown-cow-standing-in-sunny-pasture-28871040/,www.pexels.com,6240,4160,61431e6083cdd588444cd610c3b9ac902a53aaf767b147c86264d010f1d8b591,d9ccd79386247872,dup_0052,canonical,False,pass,included,none,Valid clean capture
front_0049,datasets/viewpoint/self_clean_v1/front/front_0049.jpg,front,datasets/viewpoint/self/Cow_/front/Cow Front/146.jpg,front,https://www.pexels.com/photo/young-calf-grazing-in-sunlit-meadow-28587838/,www.pexels.com,3612,4670,5d64ac45338b67b67961509cc643c2736ec5f6b5ead61bba3a41bfd158557bad,e4e6da1ad9cc1998,dup_0053,canonical,False,pass,included,none,Valid clean capture
front_0050,datasets/viewpoint/self_clean_v1/front/front_0050.jpg,front,datasets/viewpoint/self/Cow_/front/Cow Front/147.jpg,front,https://www.pexels.com/photo/a-cow-grazing-on-the-pasture-27061038/,www.pexels.com,6000,3376,319abe1209c2e4ba83c915ef928e93dadc34bd4fef7d8a59bbcce99fc1c08675,a3e5cc189696d68e,dup_0054,canonical,False,pass,included,none,Valid clean capture
front_0051,datasets/viewpoint/self_clean_v1/front/front_0051.jpg,front,datasets/viewpoint/self/Cow_/front/Cow Front/148.jpg,front,https://www.pexels.com/photo/photograph-of-a-brown-cow-14114535/,www.pexels.com,5014,3343,5ee6da02bcc6cd49ab7e7df1c96443502c586af46ee07b746f52a0c08ef2f835,b3f988e655d30a8c,dup_0055,canonical,False,pass,included,none,Valid clean capture
front_0052,datasets/viewpoint/self_clean_v1/front/front_0052.jpg,front,datasets/viewpoint/self/Cow_/front/Cow Front/149.jpg,front,https://www.pexels.com/photo/cow-on-pasture-18748630/,www.pexels.com,6000,4000,6024b1eb058f2baea3623139179459aba25821465f1602fb6cae5f513409ee6b,85caea358b6ad52c,dup_0056,canonical,False,pass,included,none,Valid clean capture
front_0053,datasets/viewpoint/self_clean_v1/front/front_0053.jpg,front,datasets/viewpoint/self/Cow_/front/Cow Front/15.jpg,front,https://www.pexels.com/photo/cow-standing-on-a-hillside-pasture-17968140/,www.pexels.com,3814,5137,081573100ae959aac01cc68918a41a85791af6b05795f5cf211b394a3187b0f8,9abaf5c54c0a32b9,dup_0057,canonical,False,pass,included,none,Valid clean capture
front_0054,datasets/viewpoint/self_clean_v1/front/front_0054.jpg,front,datasets/viewpoint/self/Cow_/front/Cow Front/150.jpg,front,https://www.pexels.com/photo/cow-grazing-in-misty-mountain-landscape-28573984/,www.pexels.com,5184,3456,078695f95ff98a90eeee6a41229fee1684cb1fdceb8545c3cedb8c3086004c35,ac7c9324e48f9a93,dup_0058,canonical,False,pass,included,none,Valid clean capture
front_0055,datasets/viewpoint/self_clean_v1/front/front_0055.jpg,front,datasets/viewpoint/self/Cow_/front/Cow Front/151.jpg,front,https://www.pexels.com/photo/young-cow-in-countryside-15774652/,www.pexels.com,3656,2437,95ace365b34752f543162b83e1a3feb96fa5c467e5b4b58990eba3eba3053ae5,9180c6c76b79b93c,dup_0059,canonical,False,pass,included,none,Valid clean capture
front_0056,datasets/viewpoint/self_clean_v1/front/front_0056.jpg,front,datasets/viewpoint/self/Cow_/front/Cow Front/152.jpg,front,https://www.pexels.com/photo/close-up-shot-of-a-calf-on-the-grass-7523231/,www.pexels.com,3682,2455,b63574aaf40300946671ed377ba7be2e64bf94f462ed84d0e4ddc5f2e407e5a9,8399c806e6a65777,dup_0060,canonical,False,pass,included,none,Valid clean capture
front_0057,datasets/viewpoint/self_clean_v1/front/front_0057.jpg,front,datasets/viewpoint/self/Cow_/front/Cow Front/153.jpg,front,https://www.pexels.com/photo/cows-on-leash-standing-on-grass-17464344/,www.pexels.com,3024,4032,5f0c502d7cfac5502ce8cca27bd5dd1459ffacd2bf5cd3c9860297348e2c9f40,c36339342cb4a9f9,dup_0061,canonical,False,pass,included,none,Valid clean capture
front_0058,datasets/viewpoint/self_clean_v1/front/front_0058.jpg,front,datasets/viewpoint/self/Cow_/front/Cow Front/154.jpg,front,https://www.pexels.com/photo/brown-cow-on-green-grass-11365624/,www.pexels.com,4000,6000,9689d2043c43768109ee87537369ab6d3a58979234ac7dc6924503f1668635a9,9c98c6e7c04729f3,dup_0062,canonical,False,pass,included,none,Valid clean capture
front_0059,datasets/viewpoint/self_clean_v1/front/front_0059.jpg,front,datasets/viewpoint/self/Cow_/front/Cow Front/155.jpg,front,https://www.pexels.com/photo/a-group-of-cows-standing-in-a-field-27568762/,www.pexels.com,2847,4284,3c428c12ea663d1f8465b0bd99d70128306ec0b88cf4ef70d11d0a5fa0831bc5,dd825259c4ff83b0,dup_0063,canonical,False,pass,included,none,Valid clean capture
front_0060,datasets/viewpoint/self_clean_v1/front/front_0060.jpg,front,datasets/viewpoint/self/Cow_/front/Cow Front/156.jpg,front,https://www.pexels.com/photo/brown-and-white-cows-grazing-in-sunny-pasture-39634717/,www.pexels.com,6720,4480,8435b42721221fa140ee8c1ba92bea646ee92846b7861c610763e5160743425b,e7999c66934b1c2c,dup_0064,canonical,False,pass,included,none,Valid clean capture
front_0061,datasets/viewpoint/self_clean_v1/front/front_0061.jpg,front,datasets/viewpoint/self/Cow_/front/Cow Front/157.jpg,front,https://www.pexels.com/photo/tagged-cows-in-pasture-23510657/,www.pexels.com,5998,4000,975689873f605d8c3440a7ad69495de2563c1cbfc9d6d460c1969d98dbc0786a,e9c31257893c3ccd,dup_0065,canonical,False,pass,included,none,Valid clean capture
front_0062,datasets/viewpoint/self_clean_v1/front/front_0062.jpg,front,datasets/viewpoint/self/Cow_/front/Cow Front/158.jpg,front,https://www.pexels.com/photo/serene-cow-in-lush-brazilian-landscape-34518624/,www.pexels.com,3456,5184,6a539d2495dad4115a9f8181324aa38ec7c70af471bc0374d6be8883b2280ecb,c6c490e0687e7e5e,dup_0066,canonical,False,pass,included,none,Valid clean capture
front_0063,datasets/viewpoint/self_clean_v1/front/front_0063.jpg,front,datasets/viewpoint/self/Cow_/front/Cow Front/159.jpg,front,https://www.pexels.com/photo/white-cattle-standing-near-green-plants-14016546/,www.pexels.com,4480,6720,a9bd537778a162749d8006e3c2e89f680319cd42b046687091c1d3490a7dc1dd,81fe97a14c3e74c8,dup_0067,canonical,False,pass,included,none,Valid clean capture
front_0064,datasets/viewpoint/self_clean_v1/front/front_0064.jpg,front,datasets/viewpoint/self/Cow_/front/Cow Front/16.jpg,front,https://www.pexels.com/photo/brown-and-white-cattle-standing-on-grass-2832057/,www.pexels.com,4000,5078,ebcb46d896ca4bd731a4e55fbee99ec5b988356ece8925635d8ffafb6d1c3d96,84a6db592624e3f3,dup_0068,canonical,False,pass,included,none,Valid clean capture
front_0065,datasets/viewpoint/self_clean_v1/front/front_0065.jpg,front,datasets/viewpoint/self/Cow_/front/Cow Front/160.jpg,front,https://www.pexels.com/photo/spotted-cow-in-lush-pasture-close-up-29706691/,www.pexels.com,2599,3898,60a56c5a71d99fa1b53687152b854a65eef6f0eb30fd61dfea3f97765ec9423e,f4ea46a549597a4c,dup_0069,canonical,False,pass,included,none,Valid clean capture
front_0066,datasets/viewpoint/self_clean_v1/front/front_0066.jpg,front,datasets/viewpoint/self/Cow_/front/Cow Front/161.jpg,front,https://www.pexels.com/photo/brown-cow-on-a-pasture-18827668/,www.pexels.com,4152,6229,d3cf7fdd0c7905104b8cb3f8bb6c3d2d3a75f5a35467c06c9e0e1805f1968054,dcbe8ae411c36b29,dup_0070,canonical,False,pass,included,none,Valid clean capture
front_0067,datasets/viewpoint/self_clean_v1/front/front_0067.jpg,front,datasets/viewpoint/self/Cow_/front/Cow Front/162.jpg,front,https://www.pexels.com/photo/close-up-of-a-brown-and-white-cow-grazing-39158963/,www.pexels.com,2153,3230,2b7b0dab94fe1b73a9aba0f47fbd253d58e5cf216b9d87a1486204ed1900f7fe,e2e9da5e0ca585c6,dup_0071,canonical,False,pass,included,none,Valid clean capture
front_0068,datasets/viewpoint/self_clean_v1/front/front_0068.jpg,front,datasets/viewpoint/self/Cow_/front/Cow Front/163.jpg,front,https://www.pexels.com/photo/white-and-brown-cow-on-green-grass-field-10026027/,www.pexels.com,3992,6000,5a33bbd801a992299bf6f9b913494b2d120ade2160575c0a1fc943a82bad16e7,a6f9990666b0b34d,dup_0072,canonical,False,pass,included,none,Valid clean capture
front_0069,datasets/viewpoint/self_clean_v1/front/front_0069.jpg,front,datasets/viewpoint/self/Cow_/front/Cow Front/164.jpg,front,https://www.pexels.com/photo/cow-in-the-pasture-2635685/,www.pexels.com,2000,3000,44234ebf1a16826407db973c98708d8f848785df2cd3a49ed330b2c13ad82252,b6f85836b7d94824,dup_0073,canonical,False,pass,included,none,Valid clean capture
front_0070,datasets/viewpoint/self_clean_v1/front/front_0070.jpg,front,datasets/viewpoint/self/Cow_/front/Cow Front/165.jpg,front,https://www.pexels.com/photo/cows-in-field-in-countryside-11086204/,www.pexels.com,2603,3904,c22dca725c30dd4a0c1eb7256d6eeb5e89afa132d85067a5c5dd41297616be56,c493db6c37b248e1,dup_0074,canonical,False,pass,included,none,Valid clean capture
front_0071,datasets/viewpoint/self_clean_v1/front/front_0071.jpg,front,datasets/viewpoint/self/Cow_/front/Cow Front/166.jpg,front,https://www.pexels.com/photo/curious-calf-grazing-in-sunlit-pasture-31205725/,www.pexels.com,7008,4672,bad9e3a59a357ebd828d5ff1cd52e4f0c230f4a91bc5cf2af6fd68918292f5f2,84999993e6c6e6e4,dup_0075,canonical,False,pass,included,none,Valid clean capture
front_0072,datasets/viewpoint/self_clean_v1/front/front_0072.jpg,front,datasets/viewpoint/self/Cow_/front/Cow Front/167.jpg,front,https://www.pexels.com/photo/a-cow-in-a-field-15250018/,www.pexels.com,3456,5184,8fd8388eec2e0f1b30ea7e066e2b052535bf7a88cc98e6ad4796d38c89c001ae,9cccd3b22f4d6461,dup_0076,canonical,False,pass,included,none,Valid clean capture
front_0073,datasets/viewpoint/self_clean_v1/front/front_0073.jpg,front,datasets/viewpoint/self/Cow_/front/Cow Front/168.jpg,front,https://www.pexels.com/photo/close-up-of-a-brown-and-white-cow-outdoors-38836370/,www.pexels.com,3024,4032,b1fa63268ceba7108ab9dd5cbd113c80f939bc19fbf55f0746e12e6c89e51a67,99dee525a1a33e48,dup_0077,canonical,False,pass,included,none,Valid clean capture
front_0074,datasets/viewpoint/self_clean_v1/front/front_0074.jpg,front,datasets/viewpoint/self/Cow_/front/Cow Front/169.jpg,front,https://www.pexels.com/photo/cow-on-farm-17039414/,www.pexels.com,3294,4941,1f904ea6c41e3e43869f9a5bf079d13cbf6ab8790c0ed1094aafb9da74a22463,83bcfdc30e3870c6,dup_0078,canonical,False,pass,included,none,Valid clean capture
front_0075,datasets/viewpoint/self_clean_v1/front/front_0075.jpg,front,datasets/viewpoint/self/Cow_/front/Cow Front/17.jpg,front,https://www.pexels.com/photo/holstein-friesian-calf-on-green-pasture-in-bremen-34164409/,www.pexels.com,3712,5568,b7c600c71c1838159c3e7d6f3fd49491a8218d4aa5f7caacbaa584585829f85d,84cb1b65669a6dc3,dup_0079,canonical,False,pass,included,none,Valid clean capture
front_0076,datasets/viewpoint/self_clean_v1/front/front_0076.jpg,front,datasets/viewpoint/self/Cow_/front/Cow Front/170.jpg,front,https://www.pexels.com/photo/campo-26772590/,www.pexels.com,3999,5999,39987165d851cd18d6b230391b76266d576ca414a3b0eee3832db202866e6c9b,81c3cc3d1f1a7a3a,dup_0080,canonical,False,pass,included,none,Valid clean capture
front_0077,datasets/viewpoint/self_clean_v1/front/front_0077.jpg,front,datasets/viewpoint/self/Cow_/front/Cow Front/171.jpg,front,https://www.pexels.com/photo/a-cow-with-horns-standing-in-a-field-27915160/,www.pexels.com,4000,6000,26f2587fd196f9e671ae064745e384929965b48a83d1c7e921e6bbfa7896a031,8caff3d4d01b2827,dup_0081,canonical,False,pass,included,none,Valid clean capture
front_0078,datasets/viewpoint/self_clean_v1/front/front_0078.jpg,front,datasets/viewpoint/self/Cow_/front/Cow Front/172.jpg,front,https://www.pexels.com/photo/a-cattle-with-an-ear-tag-8064058/,www.pexels.com,2773,4152,951f09403a2de70322577a97768f3e77a7957729ba268647cd3c89bc3258f902,e89e97a3dccd0c88,dup_0082,canonical,False,pass,included,none,Valid clean capture
front_0079,datasets/viewpoint/self_clean_v1/front/front_0079.jpg,front,datasets/viewpoint/self/Cow_/front/Cow Front/173.jpg,front,https://www.pexels.com/photo/black-and-white-cow-on-brown-grass-field-8662517/,www.pexels.com,4000,6000,8f4a6e2400bb07795309fe79c23d8a5aeee86d14b4fea2e286a91ca13f755ab3,b8fae68605d1ea2a,dup_0083,canonical,False,pass,included,none,Valid clean capture
front_0080,datasets/viewpoint/self_clean_v1/front/front_0080.jpg,front,datasets/viewpoint/self/Cow_/front/Cow Front/174.jpg,front,https://www.pexels.com/photo/black-and-white-cow-on-brown-sand-8064056/,www.pexels.com,2759,4130,964c6e860ee44ad3ce92b37f1413e2d15bf832e8f0a51bd4717e125273914c1d,adc1da5d21dc26d2,dup_0084,canonical,False,pass,included,none,Valid clean capture
front_0081,datasets/viewpoint/self_clean_v1/front/front_0081.jpg,front,datasets/viewpoint/self/Cow_/front/Cow Front/175.jpg,front,https://www.pexels.com/photo/cow-eating-grass-in-pasture-12210592/,www.pexels.com,4480,6720,b9e683afe533677fee518cdaa6b4e285a54ea4302591815f8354ec7dd805376d,89a6e4492fb7f052,dup_0085,canonical,False,pass,included,none,Valid clean capture
front_0082,datasets/viewpoint/self_clean_v1/front/front_0082.jpg,front,datasets/viewpoint/self/Cow_/front/Cow Front/176.jpg,front,https://www.pexels.com/photo/cows-walking-on-a-grass-field-9392997/,www.pexels.com,4000,6000,e8009a3d3abc8cea51be48e362be235e0bce53ce6d1cb65fe3a4fc1df677b72e,e5edc273b1988a58,dup_0086,canonical,False,pass,included,none,Valid clean capture
front_0083,datasets/viewpoint/self_clean_v1/front/front_0083.jpg,front,datasets/viewpoint/self/Cow_/front/Cow Front/177.jpg,front,https://www.pexels.com/photo/cows-on-a-meadow-5549482,www.pexels.com,4000,6000,72d598bf1dfce86eb80205f3efb1d22bb0a604b424ff7d0c37fbccb343e6e191,e0e02e385ccdb5b3,dup_0087,canonical,False,pass,included,none,Valid clean capture
front_0084,datasets/viewpoint/self_clean_v1/front/front_0084.jpg,front,datasets/viewpoint/self/Cow_/front/Cow Front/178.jpg,front,https://www.pexels.com/photo/herd-of-cows-in-field-8637747/,www.pexels.com,4000,6000,fa3eae74b68784b3c008f7b74be9316a6f6e305b478a35dc7d46452a887cc68e,c8edd7103cf5c22a,dup_0088,canonical,False,pass,included,none,Valid clean capture
front_0085,datasets/viewpoint/self_clean_v1/front/front_0085.jpg,front,datasets/viewpoint/self/Cow_/front/Cow Front/179.jpg,front,https://www.pexels.com/photo/herd-of-cow-on-brown-field-5531546/,www.pexels.com,5472,3648,ff5e30c41d6e4adc1e91ef5b5337cfebb96eb482353d67fdade856be793e603a,deb0524f55f40547,dup_0089,canonical,False,pass,included,none,Valid clean capture
front_0086,datasets/viewpoint/self_clean_v1/front/front_0086.jpg,front,datasets/viewpoint/self/Cow_/front/Cow Front/18.jpg,front,https://www.pexels.com/photo/close-up-of-a-brown-and-white-cow-in-nature-33496953/,www.pexels.com,4160,6240,2c2ba534c447f98157c861dba451eea1ed53975335275580636bed1e0c0e720c,cf6433b88ccbb285,dup_0090,canonical,False,pass,included,none,Valid clean capture
front_0087,datasets/viewpoint/self_clean_v1/front/front_0087.jpg,front,datasets/viewpoint/self/Cow_/front/Cow Front/180.jpg,front,https://www.pexels.com/photo/holstein-cow-standing-in-a-rural-pasture-34306723/,www.pexels.com,2550,3300,9c3c79fb37cdad496a416a468f6b184c76f060b61faebc83ccec1ff6ca49e3c1,c4c4d9e92e9e1d49,dup_0091,canonical,False,pass,included,none,Valid clean capture
front_0088,datasets/viewpoint/self_clean_v1/front/front_0088.jpg,front,datasets/viewpoint/self/Cow_/front/Cow Front/181.jpg,front,https://www.pexels.com/photo/a-cow-on-green-grass-field-5526104/,www.pexels.com,3932,4915,7afa3d6c87bb4b0bae92949b8e0a57569ff8d022545d702f9864ad9cff25852b,cba63c9921b8db86,dup_0092,canonical,False,pass,included,none,Valid clean capture
front_0089,datasets/viewpoint/self_clean_v1/front/front_0089.jpg,front,datasets/viewpoint/self/Cow_/front/Cow Front/182.jpg,front,https://www.pexels.com/photo/cows-grazing-in-countryside-at-daytime-4731090/,www.pexels.com,5472,3648,70023d18de77ebee86e18cb10607a320f9128540d49a55db7144ffe3f048d992,c8c0b381cc5d7fc3,dup_0093,canonical,False,pass,included,none,Valid clean capture
front_0090,datasets/viewpoint/self_clean_v1/front/front_0090.jpg,front,datasets/viewpoint/self/Cow_/front/Cow Front/183.jpg,front,https://www.pexels.com/photo/brown-cow-on-brown-grass-field-4725929/,www.pexels.com,5472,3648,bf5da3a7ab42a3722ccb36fff879f4deceb13d130ed55696bf86a66c7883d4df,8080e09df5677f3a,dup_0094,canonical,False,pass,included,none,Valid clean capture
front_0091,datasets/viewpoint/self_clean_v1/front/front_0091.jpg,front,datasets/viewpoint/self/Cow_/front/Cow Front/184.jpg,front,https://www.pexels.com/photo/majestic-brahman-bull-in-lush-greenery-34933966/,www.pexels.com,6000,4000,2583a5d6d1bcfe7c1b513f6690b001e49ac309ac8948f4a1abc4945e437a7823,96c9eb57967481c2,dup_0095,canonical,False,pass,included,none,Valid clean capture
front_0092,datasets/viewpoint/self_clean_v1/front/front_0092.jpg,front,datasets/viewpoint/self/Cow_/front/Cow Front/185.jpg,front,https://www.pexels.com/photo/cow-in-a-pasture-28220941/,www.pexels.com,4330,2832,4f3fdbc41530a0979d5e33a9c2cc8cd0eaa4a6562b7eb7a9695664c9459977b2,d9b3e60849770ea6,dup_0096,canonical,False,pass,included,none,Valid clean capture
front_0093,datasets/viewpoint/self_clean_v1/front/front_0093.jpg,front,datasets/viewpoint/self/Cow_/front/Cow Front/186.jpg,front,https://www.pexels.com/photo/portrait-of-a-gyr-12638924/,www.pexels.com,3456,5184,549e823a6432e97cdf32c157d42bb28f0ce78a5e1ec5d30b4dfdb43ba63163ba,a4513d469639caf6,dup_0097,canonical,False,pass,included,none,Valid clean capture
front_0094,datasets/viewpoint/self_clean_v1/front/front_0094.jpg,front,datasets/viewpoint/self/Cow_/front/Cow Front/187.jpg,front,https://www.pexels.com/photo/brown-cow-on-green-grass-field-12203399/,www.pexels.com,4000,6000,9b9cfbb1f5b3ce9977120e11c44c6db4ee37676716f1579798798795cfc47117,e6a68b5b59dca029,dup_0098,canonical,False,pass,included,none,Valid clean capture
front_0095,datasets/viewpoint/self_clean_v1/front/front_0095.jpg,front,datasets/viewpoint/self/Cow_/front/Cow Front/188.jpg,front,https://www.pexels.com/photo/a-cow-on-a-field-18131295/,www.pexels.com,2667,4000,50c62be8bb43e08e2212b7419773fa8183f8bcdbb4395a2d53054d081edb00be,c5ec9930b61e92ec,dup_0099,canonical,False,pass,included,none,Valid clean capture
front_0096,datasets/viewpoint/self_clean_v1/front/front_0096.jpg,front,datasets/viewpoint/self/Cow_/front/Cow Front/189.jpg,front,https://www.pexels.com/photo/close-up-of-a-cow-on-a-field-18040288/,www.pexels.com,3605,5407,0ad4cbeeaec1e6d920b0e2ac24af4a0bf1dd70183e1fd5e084c6646d4dc3ac86,e4ebda84e52a0ba5,dup_0100,canonical,False,pass,included,none,Valid clean capture
front_0097,datasets/viewpoint/self_clean_v1/front/front_0097.jpg,front,datasets/viewpoint/self/Cow_/front/Cow Front/19.jpg,front,https://www.pexels.com/photo/portrait-of-cow-17288987/,www.pexels.com,4000,6000,ea7f8cdcdbae00109404d6f4c550507d26c7a94beb8f40553f791c90a6a55043,bbc0640b7d785627,dup_0101,canonical,False,pass,included,none,Valid clean capture
front_0098,datasets/viewpoint/self_clean_v1/front/front_0098.jpg,front,datasets/viewpoint/self/Cow_/front/Cow Front/190.jpg,front,https://www.pexels.com/photo/a-white-cow-standing-in-the-middle-of-a-dirt-field-28166433/,www.pexels.com,3395,5093,e36bcf736dd0cc3c356e6e2acf93a3a5c0a4c35ea5aa795cc9750b2ab35c8d97,cc8c89e90456d79f,dup_0102,canonical,False,pass,included,none,Valid clean capture
front_0099,datasets/viewpoint/self_clean_v1/front/front_0099.jpg,front,datasets/viewpoint/self/Cow_/front/Cow Front/191.jpg,front,https://www.pexels.com/photo/pair-of-white-cows-grazing-in-brazilian-pasture-31026882/,www.pexels.com,4815,3189,917b6462065dc554bb418d0637ff3d87efedb3244df9b153472edb8e9678c91b,921a6d319a8bd9ad,dup_0103,canonical,False,pass,included,none,Valid clean capture
front_0100,datasets/viewpoint/self_clean_v1/front/front_0100.jpg,front,datasets/viewpoint/self/Cow_/front/Cow Front/192.jpg,front,https://www.pexels.com/photo/close-up-of-a-cow-in-the-pasture-15741040/,www.pexels.com,4310,2873,ff150bfce6b8de81d82d6809a5c44c951af994dfe834a8f1135e2feb3a3354f2,9d4c663213bb71f0,dup_0104,canonical,False,pass,included,none,Valid clean capture
front_0101,datasets/viewpoint/self_clean_v1/front/front_0101.jpg,front,datasets/viewpoint/self/Cow_/front/Cow Front/194.jpg,front,https://www.pexels.com/photo/white-calf-standing-in-green-pasture-33035592/,www.pexels.com,10663,7420,93ed016bd5a3299875cdc337b75b90e4c67f7ff83da94a0d48635e4c3c907b53,990d26265373f47c,dup_0106,canonical,False,pass,included,none,Valid clean capture
front_0102,datasets/viewpoint/self_clean_v1/front/front_0102.jpg,front,datasets/viewpoint/self/Cow_/front/Cow Front/195.jpg,front,https://www.pexels.com/photo/cows-grazing-in-a-green-pasture-outdoors-28382916/,www.pexels.com,6720,4480,c08055cc0aa0928a1be431c8fd0250aee07333bf16f5e3ea86c572fb77dc9ccb,e5e68e0dd530a49d,dup_0107,canonical,False,pass,included,none,Valid clean capture
front_0103,datasets/viewpoint/self_clean_v1/front/front_0103.jpg,front,datasets/viewpoint/self/Cow_/front/Cow Front/196.jpg,front,https://www.pexels.com/photo/cattle-grazing-in-lush-green-pasture-37261765/,www.pexels.com,4608,3072,fc113baa370e5af69d2701d19b8c1c7186401290295d7c7eefc225731996d7fa,892f26cc1a72a5ed,dup_0108,canonical,False,pass,included,none,Valid clean capture
front_0104,datasets/viewpoint/self_clean_v1/front/front_0104.jpg,front,datasets/viewpoint/self/Cow_/front/Cow Front/197.jpg,front,https://www.pexels.com/photo/white-cows-standing-on-pasture-17882653/,www.pexels.com,2000,3008,6cdc4eb3e3b4f21757fb3210dc124b1831cd87eea16ef7512275ee84ec7ce1be,b3a30763a38787c3,dup_0109,canonical,False,pass,included,none,Valid clean capture
front_0105,datasets/viewpoint/self_clean_v1/front/front_0105.jpg,front,datasets/viewpoint/self/Cow_/front/Cow Front/198.jpg,front,https://www.pexels.com/photo/brown-and-white-cow-in-close-up-photography-5241960/,www.pexels.com,3974,5961,a1de53f1f0d56052c3041b9425902d87ef522002307aeafa023eecd673e048c0,b5e44a49b1d0e6e6,dup_0110,canonical,False,pass,included,none,Valid clean capture
front_0106,datasets/viewpoint/self_clean_v1/front/front_0106.jpg,front,datasets/viewpoint/self/Cow_/front/Cow Front/199.jpg,front,https://www.pexels.com/photo/portrait-of-cow-17288983/,www.pexels.com,4000,6000,05cdff2a5a8f59ec82439d62554a10b9a442491d50be0b79f71be1544ee78a18,e84b466b48399f96,dup_0111,canonical,False,pass,included,none,Valid clean capture
front_0107,datasets/viewpoint/self_clean_v1/front/front_0107.jpg,front,datasets/viewpoint/self/Cow_/front/Cow Front/2.jpg,front,https://www.pexels.com/photo/close-up-of-a-brown-cow-in-lush-green-pasture-38688877/,www.pexels.com,6224,4672,74d5280704fbe9b87de3f42d4ca0e42ef2e441e63af78fb35ed2b8ca4468af94,e590b76bce2268cc,dup_0112,canonical,False,pass,included,none,Valid clean capture
front_0108,datasets/viewpoint/self_clean_v1/front/front_0108.jpg,front,datasets/viewpoint/self/Cow_/front/Cow Front/20.jpg,front,https://www.pexels.com/photo/close-up-shot-of-a-brown-cow-7377891/,www.pexels.com,4000,6016,69c07c768d1863cf9c029d17bb956a9bc85a6dd78c0f4323dd6cf41c7c0b8130,b8c8c8b665815e7e,dup_0113,canonical,False,pass,included,none,Valid clean capture
front_0109,datasets/viewpoint/self_clean_v1/front/front_0109.jpg,front,datasets/viewpoint/self/Cow_/front/Cow Front/200.jpg,front,https://www.pexels.com/photo/a-brown-cow-standing-in-the-woods-28166439/,www.pexels.com,3673,5510,7779cc66d3fb8fce30c72ad9b094f5b71e4401bd814b7f79b4fca805c2753aa9,e9d99a66cdcc9490,dup_0114,canonical,False,pass,included,none,Valid clean capture
front_0110,datasets/viewpoint/self_clean_v1/front/front_0110.jpg,front,datasets/viewpoint/self/Cow_/front/Cow Front/201.jpg,front,https://www.pexels.com/photo/a-brown-cow-in-a-farm-with-green-grass-9002912/,www.pexels.com,3024,4032,66bb33daf6bd58f3ef0fd6609ebece9120286622889a5486c819ede694a846ec,a4afafa4e6c9c4a0,dup_0115,canonical,False,pass,included,none,Valid clean capture
front_0111,datasets/viewpoint/self_clean_v1/front/front_0111.jpg,front,datasets/viewpoint/self/Cow_/front/Cow Front/202.jpg,front,https://www.pexels.com/photo/portrait-of-white-cow-in-field-12403053/,www.pexels.com,3456,5184,385c753c9969ac1a27c226f78e92a0552c07201688105ddc202be9eaa1549726,b8faa685d1387a4a,dup_0116,canonical,False,pass,included,none,Valid clean capture
front_0112,datasets/viewpoint/self_clean_v1/front/front_0112.jpg,front,datasets/viewpoint/self/Cow_/front/Cow Front/203.jpg,front,https://www.pexels.com/photo/brown-cow-grazing-in-lush-green-meadow-28463885/,www.pexels.com,4735,7103,2b6d837b48c7da6d903cc3257668d51d100ac9a674155d0d1cf73d1b53e62c5c,cc1d1e62e34eb591,dup_0117,canonical,False,pass,included,none,Valid clean capture
front_0113,datasets/viewpoint/self_clean_v1/front/front_0113.jpg,front,datasets/viewpoint/self/Cow_/front/Cow Front/204.jpg,front,https://www.pexels.com/photo/brown-cow-eating-grass-on-field-4594070/,www.pexels.com,4480,6720,0130c231820f7ca7b04873793cc4658737618982e3ba0e70e6e4e0a6ff7c9bd0,a4db1ba4671b2566,dup_0118,canonical,False,pass,included,none,Valid clean capture
front_0114,datasets/viewpoint/self_clean_v1/front/front_0114.jpg,front,datasets/viewpoint/self/Cow_/front/Cow Front/205.jpg,front,https://www.pexels.com/photo/young-calf-grazing-in-sunlit-meadow-33705215/,www.pexels.com,4000,6000,35a82a4c5566d9a49acdcf22a0dab4bd0eb098ed682a15c7ffe79d9577ee5c09,e5681f0829a6f39d,dup_0119,canonical,False,pass,included,none,Valid clean capture
front_0115,datasets/viewpoint/self_clean_v1/front/front_0115.jpg,front,datasets/viewpoint/self/Cow_/front/Cow Front/206.jpg,front,https://unsplash.com/photos/white-and-black-cow-on-green-grass-field-during-daytime-00YD5QLyaGU,unsplash.com,2223,3321,108b76f863fe5663de0ae256de8e3b89e39a1aa602bf03bb3dd013f949ac681b,b5ba9ae5c1c44c4b,dup_0120,canonical,False,pass,included,none,Valid clean capture
front_0116,datasets/viewpoint/self_clean_v1/front/front_0116.jpg,front,datasets/viewpoint/self/Cow_/front/Cow Front/207.jpg,front,https://unsplash.com/photos/a-brown-and-white-cow-standing-on-top-of-a-grass-covered-field-tDRZNFrz9yA,unsplash.com,4000,6000,fd616276bffd92b382ecce4204e9f610af0015427157c09a0a7040e442692ce9,a3f9dc97c24a1c34,dup_0121,canonical,False,pass,included,none,Valid clean capture
front_0117,datasets/viewpoint/self_clean_v1/front/front_0117.jpg,front,datasets/viewpoint/self/Cow_/front/Cow Front/208.jpg,front,https://unsplash.com/photos/white-and-black-cattle-on-green-grass-cdV5rs2QMxU,unsplash.com,4000,6000,00f592c3ef298c47759b95d13acf251b9374da84333f1661ea5c8ed127f765fd,abb1c3de860c1d95,dup_0122,canonical,False,pass,included,none,Valid clean capture
front_0118,datasets/viewpoint/self_clean_v1/front/front_0118.jpg,front,datasets/viewpoint/self/Cow_/front/Cow Front/209.jpg,front,https://unsplash.com/photos/brown-cow-on-green-grass-field-during-daytime-nwEq4B60Xx0,unsplash.com,2919,4444,09c819cd7ac92335889d007b6b3e21a27392bce1018bb55ad1802b5d50f6f64c,d6ce99e9625a44a6,dup_0123,canonical,False,pass,included,none,Valid clean capture
front_0119,datasets/viewpoint/self_clean_v1/front/front_0119.jpg,front,datasets/viewpoint/self/Cow_/front/Cow Front/21.jpg,front,https://www.pexels.com/photo/close-up-of-a-bull-standing-in-a-barn-19840478/,www.pexels.com,3000,4000,fe755307ee27ba027f20adad23f821bb37610502a86efa1fcde92552d66a6b54,d8b3fc2646430ecd,dup_0124,canonical,False,pass,included,none,Valid clean capture
front_0120,datasets/viewpoint/self_clean_v1/front/front_0120.jpg,front,datasets/viewpoint/self/Cow_/front/Cow Front/210.jpg,front,https://unsplash.com/photos/white-cow-on-green-grass-field-during-daytime-Pz_oAVpfpcg,unsplash.com,3712,5568,5fefe3fbe6d071bed3e699e2f74862c31015dce71752722fcf6bdcea3bd4b1a6,cee7b198cd472342,dup_0125,canonical,False,pass,included,none,Valid clean capture
front_0121,datasets/viewpoint/self_clean_v1/front/front_0121.jpg,front,datasets/viewpoint/self/Cow_/front/Cow Front/211.jpg,front,https://unsplash.com/photos/brown-and-white-cow-on-brown-grass-field-during-daytime-Gm7D35_DtLQ,unsplash.com,4024,6048,c3377b98653dfa8aa7a187045fc270acdcf2dd8c828887460d73786db9506f57,e48cd1f1690eb4e9,dup_0126,canonical,False,pass,included,none,Valid clean capture
front_0122,datasets/viewpoint/self_clean_v1/front/front_0122.jpg,front,datasets/viewpoint/self/Cow_/front/Cow Front/212.jpg,front,https://pixabay.com/photos/cow-beef-cattle-holsteiner-animal-354428/,pixabay.com,4056,3113,36490b75a772cfd9533bc8f1bb177753d389375e3b3279cf3d92aa6bd3abd07d,b3ccccb3c989306e,dup_0127,canonical,False,pass,included,none,Valid clean capture
front_0123,datasets/viewpoint/self_clean_v1/front/front_0123.jpg,front,datasets/viewpoint/self/Cow_/front/Cow Front/213.jpg,front,https://pixabay.com/photos/animal-mammal-cow-dairy-cow-3976397/,pixabay.com,3000,1995,7eaf0d2a79873ff3344ffc0fff43724930ec1ba870f1a74c95d463b927b5e60c,87995860671f8f1d,dup_0128,canonical,False,pass,included,none,Valid clean capture
front_0124,datasets/viewpoint/self_clean_v1/front/front_0124.jpg,front,datasets/viewpoint/self/Cow_/front/Cow Front/214.jpg,front,https://www.pexels.com/photo/brown-cow-standing-in-a-rural-countryside-setting-39415648/,www.pexels.com,2560,3840,167f5cd061e0573bd51a24ca7d8513181bb6670566396a16865e5f3a3863051a,d04e85b61afb6383,dup_0129,canonical,False,pass,included,none,Valid clean capture
front_0125,datasets/viewpoint/self_clean_v1/front/front_0125.jpg,front,datasets/viewpoint/self/Cow_/front/Cow Front/215.jpg,front,https://www.pexels.com/photo/portrait-of-a-young-brown-calf-in-a-barn-36288008/,www.pexels.com,3726,5590,883981b6ff447c3abec1fea584faaff3bb75ab37c7c50d88bad55920cf2b600c,cd8c33372c4753b8,dup_0130,canonical,False,pass,included,none,Valid clean capture
front_0126,datasets/viewpoint/self_clean_v1/front/front_0126.jpg,front,datasets/viewpoint/self/Cow_/front/Cow Front/216.jpg,front,https://www.pexels.com/photo/close-up-portrait-of-a-curious-white-cow-outdoors-37504637/,www.pexels.com,8683,5792,88d947f24eb3ffadd41960fc6a8c59065f12c629bfacf1ad16fed0f60e8e22c5,93bc69626265a7a5,dup_0131,canonical,False,pass,included,none,Valid clean capture
front_0127,datasets/viewpoint/self_clean_v1/front/front_0127.jpg,front,datasets/viewpoint/self/Cow_/front/Cow Front/217.jpg,front,https://www.pexels.com/photo/close-up-of-a-belted-galloway-cow-on-green-pasture-32263964/,www.pexels.com,6000,4000,0ece5bda5d1c5dcc0fd1cae5ac761c8401e6d533459d915e28bb813bf4f3fc20,b68d8bcdcdd0889a,dup_0132,canonical,False,pass,included,none,Valid clean capture
front_0128,datasets/viewpoint/self_clean_v1/front/front_0128.jpg,front,datasets/viewpoint/self/Cow_/front/Cow Front/218.jpg,front,https://www.pexels.com/photo/two-white-cows-standing-in-grass-27043060/,www.pexels.com,2928,2196,083c3ebf4ca9e6a0e6da7e3497f41845d3a9bef986bcbbb0d5ff8266f1812933,c9cb73683c341c67,dup_0133,canonical,False,pass,included,none,Valid clean capture
front_0129,datasets/viewpoint/self_clean_v1/front/front_0129.jpg,front,datasets/viewpoint/self/Cow_/front/Cow Front/219.jpg,front,https://www.pexels.com/photo/cows-on-a-grass-field-18333898/,www.pexels.com,2689,1790,221e278fa47279206bdfde8d92030985f233f8561be2f11580a718a6b99de2ce,e802173d706877fc,dup_0134,canonical,False,pass,included,none,Valid clean capture
front_0130,datasets/viewpoint/self_clean_v1/front/front_0130.jpg,front,datasets/viewpoint/self/Cow_/front/Cow Front/22.jpg,front,https://www.pexels.com/photo/portrait-of-a-brown-cow-in-sunlit-pasture-31221752/,www.pexels.com,4000,5450,bcbc2c1e4281a2696c2e33834f297f700127c08b66f8122b8446798016d370fa,bbe4c1bdc4f80227,dup_0135,canonical,False,pass,included,none,Valid clean capture
front_0131,datasets/viewpoint/self_clean_v1/front/front_0131.jpg,front,datasets/viewpoint/self/Cow_/front/Cow Front/220.jpg,front,https://www.pexels.com/photo/cows-on-a-pasture-20710218/,www.pexels.com,8347,5565,c682ef5de961942411baa6fa9bea05d0235a27ae710d4c09e4352b83427e11df,dc1bc3a9fca5ca80,dup_0105,canonical,False,pass,included,none,Valid clean capture
front_0132,datasets/viewpoint/self_clean_v1/front/front_0132.jpg,front,datasets/viewpoint/self/Cow_/front/Cow Front/221.jpg,front,https://www.pexels.com/photo/cow-in-pasture-20710213/,www.pexels.com,7121,4747,4719af57d118aa909789d6be0ae71a8559a44033a82d28da4e2be9782a7923f3,c685ade6a6d89919,dup_0136,canonical,False,pass,included,none,Valid clean capture
front_0133,datasets/viewpoint/self_clean_v1/front/front_0133.jpg,front,datasets/viewpoint/self/Cow_/front/Cow Front/222.jpg,front,https://www.pexels.com/photo/majestic-bull-in-natural-pastoral-landscape-35844489/,www.pexels.com,6000,4000,5d923679382f40358aaee20068920c10329fc98e7cd16c8b702bcf807ef61181,8c8af17134ae731e,dup_0137,canonical,False,pass,included,none,Valid clean capture
front_0134,datasets/viewpoint/self_clean_v1/front/front_0134.jpg,front,datasets/viewpoint/self/Cow_/front/Cow Front/223.jpg,front,https://www.pexels.com/photo/a-group-of-cows-standing-in-a-field-27397146/,www.pexels.com,5568,3712,4955a00d02f9e0573b2140f44145846e2c3a19bb4feea9017af348f8de0ce937,867850adfba44f46,dup_0138,canonical,False,pass,included,none,Valid clean capture
front_0135,datasets/viewpoint/self_clean_v1/front/front_0135.jpg,front,datasets/viewpoint/self/Cow_/front/Cow Front/224.jpg,front,https://www.pexels.com/photo/close-up-shot-of-brown-cow-on-green-grass-field-9491818/,www.pexels.com,4239,2383,da4b4c58c774123d42480876e6b3e0a3fd08ac50092e22c460e9e46b94cdd2c5,ed9e96c8d0c203e7,dup_0139,canonical,False,pass,included,none,Valid clean capture
front_0136,datasets/viewpoint/self_clean_v1/front/front_0136.jpg,front,datasets/viewpoint/self/Cow_/front/Cow Front/225.jpg,front,https://www.pexels.com/photo/close-up-of-a-black-and-white-cow-in-a-field-29069176/,www.pexels.com,6000,4000,2d182305d095047efd3fe26f9fab3d95628a7bd4a060612a2fd82593bbd270da,b0381cb31bd3f136,dup_0140,canonical,False,pass,included,none,Valid clean capture
front_0137,datasets/viewpoint/self_clean_v1/front/front_0137.jpg,front,datasets/viewpoint/self/Cow_/front/Cow Front/226.jpg,front,https://www.pexels.com/photo/charolaise-cow-on-a-farm-9491817/,www.pexels.com,4210,2367,041be1ecf2becfb7785af10dd8af6dc6087c416883b6b0a25983fcd9e61ba0e1,c5a7aafcd4921383,dup_0141,canonical,False,pass,included,none,Valid clean capture
front_0138,datasets/viewpoint/self_clean_v1/front/front_0138.jpg,front,datasets/viewpoint/self/Cow_/front/Cow Front/227.jpg,front,https://www.pexels.com/photo/a-cow-standing-in-a-field-with-a-fence-in-the-background-27207629/,www.pexels.com,7216,4811,ed6eee97e58c092e0b719247c7428a6200f5aefb9afc1ad0815fe1a6b85e73c4,cc46b33945ad4ecc,dup_0049,canonical,False,pass,included,none,Valid clean capture
front_0139,datasets/viewpoint/self_clean_v1/front/front_0139.jpg,front,datasets/viewpoint/self/Cow_/front/Cow Front/229.jpg,front,https://www.pexels.com/photo/brown-cow-grazing-in-a-field-facing-camera-33955006/,www.pexels.com,3425,5139,4067540298dfedc32ebfe2b859d28a4fdbb18556c80a7b011d2a1e7aad8232f8,e913166d59669c99,dup_0142,canonical,False,pass,included,none,Valid clean capture
front_0140,datasets/viewpoint/self_clean_v1/front/front_0140.jpg,front,datasets/viewpoint/self/Cow_/front/Cow Front/23.jpg,front,https://www.pexels.com/photo/close-up-of-a-brown-cow-in-natural-setting-31318806/,www.pexels.com,4160,6240,62420590a29f267e3630d2f6cc376ef212d0718cfc2b8576e481d75108f94071,b09fc2d08f69ad91,dup_0143,canonical,False,pass,included,none,Valid clean capture
front_0141,datasets/viewpoint/self_clean_v1/front/front_0141.jpg,front,datasets/viewpoint/self/Cow_/front/Cow Front/230.jpg,front,https://www.pexels.com/photo/cow-grazing-on-meadow-18137587/,www.pexels.com,4012,6018,0fe2aad6a3773b219f92e5cf2e7f7b1fb3fb3a1ff02bcb289431d3711ce5ad19,b1990f96b499d1b4,dup_0144,canonical,False,pass,included,none,Valid clean capture
front_0142,datasets/viewpoint/self_clean_v1/front/front_0142.jpg,front,datasets/viewpoint/self/Cow_/front/Cow Front/231.jpg,front,https://www.pexels.com/photo/majestic-brown-and-white-bull-standing-outdoors-32838886/,www.pexels.com,3994,5989,a592713b33a394fdb843d27f001234cb29aea8a11f8e19ac21baf066dac4f6a2,96370b487c4eec6a,dup_0145,canonical,False,pass,included,none,Valid clean capture
front_0143,datasets/viewpoint/self_clean_v1/front/front_0143.jpg,front,datasets/viewpoint/self/Cow_/front/Cow Front/232.jpg,front,https://www.pexels.com/photo/trio-of-cows-grazing-in-auvergne-rhone-alpes-34111857/,www.pexels.com,4305,6458,abf8fa026b27e997d53d4f73cca6acc63fba47c533f178d96175f55df9b2f688,8cc730388dcf733a,dup_0146,canonical,False,pass,included,none,Valid clean capture
front_0144,datasets/viewpoint/self_clean_v1/front/front_0144.jpg,front,datasets/viewpoint/self/Cow_/front/Cow Front/233.jpg,front,https://www.pexels.com/photo/young-cow-in-a-field-in-uruguay-17956248/,www.pexels.com,3457,4721,5d79521f59e628b91282507f7eac32bec7ba919029f0d86048311723a102df37,dedcb3a3b0340da4,dup_0147,canonical,False,pass,included,none,Valid clean capture
front_0145,datasets/viewpoint/self_clean_v1/front/front_0145.jpg,front,datasets/viewpoint/self/Cow_/front/Cow Front/234.jpg,front,https://www.pexels.com/photo/white-cow-on-green-grass-field-3612696/,www.pexels.com,3777,5666,02f036e0cbe5ee87e6ab9f3497a7d55f68d952b6c794c9fc7d619914a950d2bf,d2ff3d3c6c628281,dup_0148,canonical,False,pass,included,none,Valid clean capture
front_0146,datasets/viewpoint/self_clean_v1/front/front_0146.jpg,front,datasets/viewpoint/self/Cow_/front/Cow Front/235.jpg,front,https://www.pexels.com/photo/cows-with-ear-tags-8637745/,www.pexels.com,4000,6000,c85dea52c5d89ef257d5640dc4bcf3c79b71e94a21148a4abdb2f37d0036b912,d6a58b5638831f78,dup_0149,canonical,False,pass,included,none,Valid clean capture
front_0147,datasets/viewpoint/self_clean_v1/front/front_0147.jpg,front,datasets/viewpoint/self/Cow_/front/Cow Front/236.jpg,front,https://www.pexels.com/photo/a-calf-with-ear-tags-8637739/,www.pexels.com,4000,6000,5d5ab26a696dcbfc0245e7809702ee23a9cc2fe3a0be4c88b40754449e70c9bf,e39cdd42b4205dc7,dup_0150,canonical,False,pass,included,none,Valid clean capture
front_0148,datasets/viewpoint/self_clean_v1/front/front_0148.jpg,front,datasets/viewpoint/self/Cow_/front/Cow Front/237.jpg,front,https://www.pexels.com/photo/a-cow-with-ear-tags-8637741/,www.pexels.com,4000,6000,b8405e8badd550738935f5e032e061719d43fa3a130a2d8a10ff599c00f4312b,83f1ac33334c5fa4,dup_0151,canonical,False,pass,included,none,Valid clean capture
front_0149,datasets/viewpoint/self_clean_v1/front/front_0149.jpg,front,datasets/viewpoint/self/Cow_/front/Cow Front/238.jpg,front,https://www.pexels.com/photo/black-and-white-cows-walking-on-a-quiet-road-36436165/,www.pexels.com,4608,3072,e696cf62dfbdc5ae16b02879d36ec58bc7ffe8a8e9c2e4cae3adc2059a776aff,8f4fb0710b8c78f8,dup_0152,canonical,False,pass,included,none,Valid clean capture
front_0150,datasets/viewpoint/self_clean_v1/front/front_0150.jpg,front,datasets/viewpoint/self/Cow_/front/Cow Front/239.jpg,front,https://www.pexels.com/photo/calves-with-ear-tags-5261629/,www.pexels.com,3194,2304,d451895a2aa6c2934a1b042ae1dd36f922f4d2a8a1ac4382e5d16f435da8d1ac,eb901e6d495a5237,dup_0153,canonical,False,pass,included,none,Valid clean capture
front_0151,datasets/viewpoint/self_clean_v1/front/front_0151.jpg,front,datasets/viewpoint/self/Cow_/front/Cow Front/24.jpg,front,https://www.pexels.com/photo/portrait-of-a-jersey-cow-in-sunlit-pasture-34211859/,www.pexels.com,2690,3583,23b2fe4c611d95c08e2ddab27f1701cb9ad8b15f2b1cf76a2074a26ec89a969a,bbd28d80b4e87a99,dup_0154,canonical,False,pass,included,none,Valid clean capture
front_0152,datasets/viewpoint/self_clean_v1/front/front_0152.jpg,front,datasets/viewpoint/self/Cow_/front/Cow Front/240.jpg,front,https://www.pexels.com/photo/cows-grazing-in-a-serene-outdoor-setting-34198067/,www.pexels.com,3156,4203,a7b0486ab73ac654a209b252e026243361303d794490034173fe87d4cc9a6075,8fb0b72c2d70a752,dup_0155,canonical,False,pass,included,none,Valid clean capture
front_0153,datasets/viewpoint/self_clean_v1/front/front_0153.jpg,front,datasets/viewpoint/self/Cow_/front/Cow Front/241.jpg,front,https://www.pexels.com/photo/cattle-grazing-on-inishmore-farm-in-ireland-33880811/,www.pexels.com,5461,8192,97ac58844c1ec00f70a82c5049e636e3296c8a298fa4ca3e4ee22250729fa949,f263c791b59c886a,dup_0156,canonical,False,pass,included,none,Valid clean capture
front_0154,datasets/viewpoint/self_clean_v1/front/front_0154.jpg,front,datasets/viewpoint/self/Cow_/front/Cow Front/242.jpg,front,http://pexels.com/photo/strong-belgian-blue-bull-in-lush-green-field-32618949/,pexels.com,4631,6943,31a1772ebb3f2a9859224624e653b48ca9dbb5f5115b8ccf379be13114199b53,cf26b0dbcfa43013,dup_0157,canonical,False,pass,included,none,Valid clean capture
front_0155,datasets/viewpoint/self_clean_v1/front/front_0155.jpg,front,datasets/viewpoint/self/Cow_/front/Cow Front/243.jpg,front,https://www.pexels.com/photo/zebu-calf-in-a-rural-setting-30574676/,www.pexels.com,4480,6720,b64a44f0ad5e6e66ccfc3eae945ed15f5204a04df6b930b15f37cd5f54ace7d3,e4e619b16746383e,dup_0158,canonical,False,pass,included,none,Valid clean capture
front_0156,datasets/viewpoint/self_clean_v1/front/front_0156.jpg,front,datasets/viewpoint/self/Cow_/front/Cow Front/244.jpg,front,https://www.pexels.com/photo/brown-cow-walking-through-autumn-forest-31318809/,www.pexels.com,4160,6240,18a13b04383febd403a1fe96ad999e482da2e97880f01417c4d223b4522dfaa6,b6b4cd83495a5c74,dup_0159,canonical,False,pass,included,none,Valid clean capture
front_0157,datasets/viewpoint/self_clean_v1/front/front_0157.jpg,front,datasets/viewpoint/self/Cow_/front/Cow Front/245.jpg,front,https://www.pexels.com/photo/grayscale-photo-of-cow-on-field-5379337/,www.pexels.com,4752,3168,141910b75d4cfe6c9ddddf74b331976b7c159df1795603da47c4b40f1fd82da1,8e867171694e3f8c,dup_0160,canonical,False,pass,included,none,Valid clean capture
front_0158,datasets/viewpoint/self_clean_v1/front/front_0158.jpg,front,datasets/viewpoint/self/Cow_/front/Cow Front/246.jpg,front,https://www.pexels.com/photo/close-up-of-a-gray-cow-walking-on-rural-road-36436151/,www.pexels.com,3072,4608,8a11bd3d936c239af01a46b7173d00a84478c4462e30e13047a59f4f5a323ea4,a02e1f3b60e49f1b,dup_0161,canonical,False,pass,included,none,Valid clean capture
front_0159,datasets/viewpoint/self_clean_v1/front/front_0159.jpg,front,datasets/viewpoint/self/Cow_/front/Cow Front/247.jpg,front,https://www.pexels.com/photo/close-up-portrait-of-a-young-grey-cow-walking-outdoors-36436155/,www.pexels.com,4672,7008,17bbe45fca357c27a1af09ceed7333cfb7a033dcb4216c1b88c9aeaf3827ce21,d9c90e26a2b3dd4c,dup_0162,canonical,False,pass,included,none,Valid clean capture
front_0160,datasets/viewpoint/self_clean_v1/front/front_0160.jpg,front,datasets/viewpoint/self/Cow_/front/Cow Front/248.jpg,front,https://www.pexels.com/photo/calf-walking-on-road-in-rural-setting-36436150/,www.pexels.com,3072,4608,dae345199441bec1555a2d72a33d39aa3bc666b55ebe8e03a272b8ab4af8aa60,c704d8b36765f464,dup_0163,canonical,False,pass,included,none,Valid clean capture
front_0161,datasets/viewpoint/self_clean_v1/front/front_0161.jpg,front,datasets/viewpoint/self/Cow_/front/Cow Front/249.jpg,front,https://www.pexels.com/photo/close-up-of-a-brown-cow-in-mountain-landscape-29876737/,www.pexels.com,2600,4624,ef14baf5aa035b526f02d37f4aecaeab2e2817337c3c981fa021edca23081abe,80b38c97971f6f60,dup_0164,canonical,False,pass,included,none,Valid clean capture
front_0162,datasets/viewpoint/self_clean_v1/front/front_0162.jpg,front,datasets/viewpoint/self/Cow_/front/Cow Front/25.jpg,front,https://www.pexels.com/photo/brown-cow-standing-outdoors-in-forest-setting-34198072/,www.pexels.com,3257,4337,d0afefa4396aab6fa4209e683a00dc779835858b1c68595d46044de3edec98c3,f60dd86129962fca,dup_0165,canonical,False,pass,included,none,Valid clean capture
front_0163,datasets/viewpoint/self_clean_v1/front/front_0163.jpg,front,datasets/viewpoint/self/Cow_/front/Cow Front/250.jpg,front,https://www.pexels.com/photo/charming-brown-cow-grazing-in-rural-countryside-39415635/,www.pexels.com,2560,3840,f23798376688726bff08757e36bfd94d26787902f8095d47030e49b6c44fef3c,c9e16c6a93cccccc,dup_0166,canonical,False,pass,included,none,Valid clean capture
front_0164,datasets/viewpoint/self_clean_v1/front/front_0164.jpg,front,datasets/viewpoint/self/Cow_/front/Cow Front/26.jpg,front,https://www.pexels.com/photo/brown-cow-standing-in-a-forested-area-28884210/,www.pexels.com,3448,4592,00860826588c780198c6c9dcd4d5cf28827f045577baf3b1ead532d14da07701,8b85dc2b503e56d5,dup_0167,canonical,False,pass,included,none,Valid clean capture
front_0165,datasets/viewpoint/self_clean_v1/front/front_0165.jpg,front,datasets/viewpoint/self/Cow_/front/Cow Front/27.jpg,front,https://www.pexels.com/photo/portrait-of-a-cow-in-lush-greenery-silchar-38251008/,www.pexels.com,3072,4096,4cde31f448b012226c7e67fcdeccff1f72003e1d93a657d9ca8df974a8cdf846,e6091926665d979e,dup_0168,canonical,False,pass,included,none,Valid clean capture
front_0166,datasets/viewpoint/self_clean_v1/front/front_0166.jpg,front,datasets/viewpoint/self/Cow_/front/Cow Front/28.jpg,front,https://www.pexels.com/photo/young-brown-calf-in-a-green-meadow-34018345/,www.pexels.com,4000,6000,59e30e49f6c406613e2573a9c83b7c6a42b1ad46265cd45b68f8be441def0ba5,b2684c464277fd69,dup_0169,canonical,False,pass,included,none,Valid clean capture
front_0167,datasets/viewpoint/self_clean_v1/front/front_0167.jpg,front,datasets/viewpoint/self/Cow_/front/Cow Front/29.jpg,front,https://www.pexels.com/photo/a-brown-cow-on-grass-field-8207283/,www.pexels.com,1880,3525,e6696eeb0ed97b5470c41fc037bce478b87aef4fa6e5c871f54e4dae30fdfdbc,d1b64ec9b83847e4,dup_0170,canonical,False,pass,included,none,Valid clean capture
front_0168,datasets/viewpoint/self_clean_v1/front/front_0168.jpg,front,datasets/viewpoint/self/Cow_/front/Cow Front/3.jpg,front,https://www.pexels.com/photo/cow-standing-in-pasture-9835597/,www.pexels.com,6240,3510,690d2812e79a3e94fc50fc7bebe5a4a2e225771b4c275edaf6d766f2deae841d,a6989976cc4c1f33,dup_0171,canonical,False,pass,included,none,Valid clean capture
front_0169,datasets/viewpoint/self_clean_v1/front/front_0169.jpg,front,datasets/viewpoint/self/Cow_/front/Cow Front/30.jpg,front,https://www.pexels.com/photo/a-cow-with-a-rope-tied-to-its-neck-27629976/,www.pexels.com,4000,6000,131ed1aa519bb5004a64bff4645e6d26dfa458cc4d2aee153ee38af586be0182,86add443ad8b1997,dup_0172,canonical,False,pass,included,none,Valid clean capture
front_0170,datasets/viewpoint/self_clean_v1/front/front_0170.jpg,front,datasets/viewpoint/self/Cow_/front/Cow Front/31.jpg,front,https://www.pexels.com/photo/calf-standing-in-a-field-20111918/,www.pexels.com,4000,6000,3325450100b58db2c743db87c4dfa66146c33e67f819a8f1bc7041b518f8c93f,e0a006d83d6cf7c7,dup_0173,canonical,False,pass,included,none,Valid clean capture
front_0171,datasets/viewpoint/self_clean_v1/front/front_0171.jpg,front,datasets/viewpoint/self/Cow_/front/Cow Front/32.jpg,front,https://www.pexels.com/photo/brown-cow-on-farm-20205010/,www.pexels.com,4000,6000,8f4588df7c680c935d56d78a956131a7fca6afb31ec00ef9057bde981e238b99,e788dae508f6acc8,dup_0174,canonical,False,pass,included,none,Valid clean capture
front_0172,datasets/viewpoint/self_clean_v1/front/front_0172.jpg,front,datasets/viewpoint/self/Cow_/front/Cow Front/33.jpg,front,https://www.pexels.com/photo/close-up-shot-of-brown-cows-6339152/,www.pexels.com,5184,3456,55fdcf9d0a90f94e5f1792e4e131f4d4f3ed1c7baba2afa7fe861a3ba60c5f9d,95d2939a8b2b2f2c,dup_0175,canonical,False,pass,included,none,Valid clean capture
front_0173,datasets/viewpoint/self_clean_v1/front/front_0173.jpg,front,datasets/viewpoint/self/Cow_/front/Cow Front/34.jpg,front,https://www.pexels.com/photo/brown-and-white-calf-standing-on-brown-soil-27021144/,www.pexels.com,1871,2494,8f3537e57ecd76741a49d20e195d1c2e9d69f553d0203d2b2825e19466e06831,dbe6f69989098c0d,dup_0176,canonical,False,pass,included,none,Valid clean capture
front_0174,datasets/viewpoint/self_clean_v1/front/front_0174.jpg,front,datasets/viewpoint/self/Cow_/front/Cow Front/35.jpg,front,https://www.pexels.com/photo/close-up-of-cow-16979523/,www.pexels.com,3024,4032,6b9ed796adb56e8f4ff8a19fd220b32f7a8de668f82b4e3067ad7fcbe1131432,999c6673948b6792,dup_0177,canonical,False,pass,included,none,Valid clean capture
front_0175,datasets/viewpoint/self_clean_v1/front/front_0175.jpg,front,datasets/viewpoint/self/Cow_/front/Cow Front/36.jpg,front,https://www.pexels.com/photo/a-white-and-red-cow-against-the-background-of-the-forest-24797163/,www.pexels.com,3770,4712,c79566dcc157bc2fefbcc16f518b8ae9ab9704a79b2a00256ae0bf9cdb5cd03f,86ae792333b2b334,dup_0178,canonical,False,pass,included,none,Valid clean capture
front_0176,datasets/viewpoint/self_clean_v1/front/front_0176.jpg,front,datasets/viewpoint/self/Cow_/front/Cow Front/37.jpg,front,https://www.pexels.com/photo/a-black-and-white-cow-on-the-grass-15017831/,www.pexels.com,6240,4160,9d8d5d6de2d4bce8cb5ec0bdf4e892536d672c8936bb3b2e1c0e8d828ece6934,e9e9ba1252d9b832,dup_0179,canonical,False,pass,included,none,Valid clean capture
front_0177,datasets/viewpoint/self_clean_v1/front/front_0177.jpg,front,datasets/viewpoint/self/Cow_/front/Cow Front/38.jpg,front,https://www.pexels.com/photo/cow-cows-mountains-2650385/,www.pexels.com,4750,3166,7a3d746064c467323c2c07e9fb6aafa36a4b0259ae04f653a0e852ca550f030a,d785e8eaf8d05605,dup_0180,canonical,False,pass,included,none,Valid clean capture
front_0178,datasets/viewpoint/self_clean_v1/front/front_0178.jpg,front,datasets/viewpoint/self/Cow_/front/Cow Front/39.jpg,front,https://www.pexels.com/photo/brown-cow-on-green-grass-field-463732/,www.pexels.com,5760,3840,baa2d594aa90e87b7f148aa4dcf04b05115eceea4d191f618bb23833ca4ce43b,d17c0ee3f18e6838,dup_0181,canonical,False,pass,included,none,Valid clean capture
front_0179,datasets/viewpoint/self_clean_v1/front/front_0179.jpg,front,datasets/viewpoint/self/Cow_/front/Cow Front/4.jpg,front,https://www.pexels.com/photo/limousin-cattle-close-up-photo-14526583/,www.pexels.com,5464,8192,9e305296f246d15dbbc0c7a8d47d2d913006271b478001a00b8c05d5f01e678f,936e6a91955e3629,dup_0182,canonical,False,pass,included,none,Valid clean capture
front_0180,datasets/viewpoint/self_clean_v1/front/front_0180.jpg,front,datasets/viewpoint/self/Cow_/front/Cow Front/40.jpg,front,https://www.pexels.com/photo/brown-cow-grazing-in-sunny-autumn-meadow-28871082/,www.pexels.com,6240,4160,b38b3f1861d790f3f4f4c66078f9b36b3f730c655240bd34a9d74cf7dc14510a,b3c24c7ce372c383,dup_0183,canonical,False,pass,included,none,Valid clean capture
front_0181,datasets/viewpoint/self_clean_v1/front/front_0181.jpg,front,datasets/viewpoint/self/Cow_/front/Cow Front/41.jpg,front,https://www.pexels.com/photo/a-brown-cow-on-a-grassy-field-5770400/,www.pexels.com,3401,5101,77d5573f45126ecafeb43871b225c9bfee3e64eb60f6d39a0eca35f8df3d7d05,fc85c9905a34e66d,dup_0184,canonical,False,pass,included,none,Valid clean capture
front_0182,datasets/viewpoint/self_clean_v1/front/front_0182.jpg,front,datasets/viewpoint/self/Cow_/front/Cow Front/42.jpg,front,https://www.pexels.com/photo/brown-cow-in-autumn-forest-setting-28787638/,www.pexels.com,3648,5472,82d4a1b308b6f474f78641a653637d3d7d6471922abcc85eac35dfecb76c4a63,c994d3c8cdbb7604,dup_0185,canonical,False,pass,included,none,Valid clean capture
front_0183,datasets/viewpoint/self_clean_v1/front/front_0183.jpg,front,datasets/viewpoint/self/Cow_/front/Cow Front/43.jpg,front,https://www.pexels.com/photo/majestic-brown-cow-standing-in-a-lush-field-29111515/,www.pexels.com,4000,6000,c0c5a6ca7c673728959e0074254ddef75665951eb9fc6030794a6b9a62022d1c,8c9833676c993373,dup_0186,canonical,False,pass,included,none,Valid clean capture
front_0184,datasets/viewpoint/self_clean_v1/front/front_0184.jpg,front,datasets/viewpoint/self/Cow_/front/Cow Front/44.jpg,front,https://www.pexels.com/photo/a-close-up-shot-of-a-brown-cow-7847642/,www.pexels.com,3120,5546,acdc2547eaee481916e3fa8a921c97bf0e1d2316aa66eaf0625ef84a50becc9a,e4d2dae7e4d8d0c0,dup_0187,canonical,False,pass,included,none,Valid clean capture
front_0185,datasets/viewpoint/self_clean_v1/front/front_0185.jpg,front,datasets/viewpoint/self/Cow_/front/Cow Front/45.jpg,front,https://www.pexels.com/photo/photo-of-a-brown-cow-near-wire-fence-8837025/,www.pexels.com,3000,4496,28a7d04b35c6708876e222328c08a195a28b55521da15151c57a3523d4298759,8c6eb2b029cfcc4e,dup_0188,canonical,False,pass,included,none,Valid clean capture
front_0186,datasets/viewpoint/self_clean_v1/front/front_0186.jpg,front,datasets/viewpoint/self/Cow_/front/Cow Front/46.jpg,front,https://www.pexels.com/photo/a-cow-on-a-grassy-field-4717271/,www.pexels.com,4000,6000,d566072d423b11ebd401d679a2e6338a7b509a59c1b0785e8242639d297abb72,94356a697116dee8,dup_0046,canonical,False,pass,included,none,Valid clean capture
front_0187,datasets/viewpoint/self_clean_v1/front/front_0187.jpg,front,datasets/viewpoint/self/Cow_/front/Cow Front/47.jpg,front,https://www.pexels.com/photo/close-up-of-a-cow-in-priceville-alabama-field-39010286/,www.pexels.com,6169,4935,a00768a2e698701c626624f51cbbbf9fe64b0d7fb9cde31db2b21e406991a0a6,bfc21c84997b3931,dup_0189,canonical,False,pass,included,none,Valid clean capture
front_0188,datasets/viewpoint/self_clean_v1/front/front_0188.jpg,front,datasets/viewpoint/self/Cow_/front/Cow Front/48.jpg,front,https://www.pexels.com/photo/close-up-of-brown-cow-in-a-muddy-paddock-33949993/,www.pexels.com,5470,3647,d1bb8b6b4af69706663c0b5124ad46594a6d5526e744431bf250478f685e3f74,a191ee9ec7742869,dup_0021,canonical,False,pass,included,none,Valid clean capture
front_0189,datasets/viewpoint/self_clean_v1/front/front_0189.jpg,front,datasets/viewpoint/self/Cow_/front/Cow Front/49.jpg,front,https://www.pexels.com/photo/black-cow-on-farmland-10357322/,www.pexels.com,5286,3494,a0d5e0ba16d85dd45a0f30fffa44e723bfb83a1707c44220489822dbf074eef0,add24b1f1cc42d69,dup_0190,canonical,False,pass,included,none,Valid clean capture
front_0190,datasets/viewpoint/self_clean_v1/front/front_0190.jpg,front,datasets/viewpoint/self/Cow_/front/Cow Front/5.jpg,front,https://www.pexels.com/photo/a-close-up-shot-of-a-limousin-cattle-10660414/,www.pexels.com,4200,2800,1039216797486a01e8580e3dc04e40692a31f376ee5c47ef81501892ed90ebc2,8819f378d8e26e66,dup_0191,canonical,False,pass,included,none,Valid clean capture
front_0191,datasets/viewpoint/self_clean_v1/front/front_0191.jpg,front,datasets/viewpoint/self/Cow_/front/Cow Front/50.jpg,front,https://www.pexels.com/photo/young-cow-grazing-on-a-summer-day-38380499/,www.pexels.com,6000,4000,837c727fcf8b0a647501d56d9fbfa82e993edb9ace3ddb68a126dde0bc340030,b24e4fd3b4c4074b,dup_0192,canonical,False,pass,included,none,Valid clean capture
front_0192,datasets/viewpoint/self_clean_v1/front/front_0192.jpg,front,datasets/viewpoint/self/Cow_/front/Cow Front/51.jpg,front,https://www.pexels.com/photo/focus-photography-of-brown-cow-2834192/,www.pexels.com,5243,3932,defda270c50a117199790cb66cc1e0e6747739a8c9cc471510e505fbe721f47f,ded9a51eb30ca618,dup_0015,canonical,False,pass,included,none,Valid clean capture
front_0193,datasets/viewpoint/self_clean_v1/front/front_0193.jpg,front,datasets/viewpoint/self/Cow_/front/Cow Front/52.jpg,front,https://www.pexels.com/photo/close-up-of-a-brown-cow-on-a-farm-39214253/,www.pexels.com,4800,3200,6d5969fd6314d15325643b3ca68686c3bb5544b524e315a5699d98c5c57698de,8de3730c9b1b4a3a,dup_0193,canonical,False,pass,included,none,Valid clean capture
front_0194,datasets/viewpoint/self_clean_v1/front/front_0194.jpg,front,datasets/viewpoint/self/Cow_/front/Cow Front/53.jpg,front,https://www.pexels.com/photo/highland-cattle-grazing-in-french-countryside-34111864/,www.pexels.com,4608,3072,7f5286dd9bbe3cab86d48d3cfafe069c3697c53535bb0a18c489982e988dfdcc,a6d989d6785c4f88,dup_0194,canonical,False,pass,included,none,Valid clean capture
front_0195,datasets/viewpoint/self_clean_v1/front/front_0195.jpg,front,datasets/viewpoint/self/Cow_/front/Cow Front/54.jpg,front,https://www.pexels.com/photo/cows-on-a-farm-land-13340332/,www.pexels.com,3648,5472,c7fafcd5e36d975ffd87c2adbd55fe566b27930a124bee32e9ba8eccf6f2b9f4,8785de9692830f67,dup_0195,canonical,False,pass,included,none,Valid clean capture
front_0196,datasets/viewpoint/self_clean_v1/front/front_0196.jpg,front,datasets/viewpoint/self/Cow_/front/Cow Front/56.jpg,front,https://www.pexels.com/photo/cows-on-a-grassy-field-5633476/,www.pexels.com,4896,2760,005c6196d3528192532fbbed683ce6375d714cdc3676aa15a112148e024a1dcd,8693938c997a72da,dup_0197,canonical,False,pass,included,none,Valid clean capture
front_0197,datasets/viewpoint/self_clean_v1/front/front_0197.jpg,front,datasets/viewpoint/self/Cow_/front/Cow Front/57.jpg,front,https://www.pexels.com/photo/white-and-black-cows-on-green-grass-field-10829422/,www.pexels.com,4463,2609,9d9cab9a3e6590f94f4ba5e33e5a9106143ba2bd2db71057d6b1ee48b78b45dc,d1b704e4a23b6a9e,dup_0198,canonical,False,pass,included,none,Valid clean capture
front_0198,datasets/viewpoint/self_clean_v1/front/front_0198.jpg,front,datasets/viewpoint/self/Cow_/front/Cow Front/58.jpg,front,https://www.pexels.com/photo/white-and-black-cow-during-daytime-89771/,www.pexels.com,4928,3352,73770b6748a792e3a76ad965ef25b1c1973fe2e5ee7c79f56af93a9b6fe044de,b4b10c4c93d3db4e,dup_0199,canonical,False,pass,included,none,Valid clean capture
front_0199,datasets/viewpoint/self_clean_v1/front/front_0199.jpg,front,datasets/viewpoint/self/Cow_/front/Cow Front/59.jpg,front,https://www.pexels.com/photo/cow-on-pasture-17288990/,www.pexels.com,4000,6000,373108f887129345ce6cefa8e19a7a27508eeec9fb447c4be6658cace7eb583a,e44d4e67b9989623,dup_0200,canonical,False,pass,included,none,Valid clean capture
front_0200,datasets/viewpoint/self_clean_v1/front/front_0200.jpg,front,datasets/viewpoint/self/Cow_/front/Cow Front/6.jpg,front,https://www.pexels.com/photo/brown-cow-on-green-grass-4663969/,www.pexels.com,6000,4000,d0fe270931e55ebf04f0fed65d67b2f651656e0310bccc7d418f0ca9ed3b39cd,b71eeb69f9438102,dup_0201,canonical,False,pass,included,none,Valid clean capture
front_0201,datasets/viewpoint/self_clean_v1/front/front_0201.jpg,front,datasets/viewpoint/self/Cow_/front/Cow Front/60.jpg,front,https://www.pexels.com/photo/close-up-of-cows-on-a-pasture-20415849/,www.pexels.com,4000,6000,98e19b87f38c540589c180dd9427437851d27243d2ca6e98194ffac057e18694,ea1bc474b9b3960a,dup_0202,canonical,False,pass,included,none,Valid clean capture
front_0202,datasets/viewpoint/self_clean_v1/front/front_0202.jpg,front,datasets/viewpoint/self/Cow_/front/Cow Front/61.jpg,front,https://www.pexels.com/photo/brown-cows-grazing-in-a-lush-green-field-32669653/,www.pexels.com,2581,3872,b842f6a71d0390fabde48dca804efff075f0c7c7034f9cc14d80f214ce7c957f,ba4ef3b80c162ce5,dup_0203,canonical,False,pass,included,none,Valid clean capture
front_0203,datasets/viewpoint/self_clean_v1/front/front_0203.jpg,front,datasets/viewpoint/self/Cow_/front/Cow Front/62.jpg,front,https://www.pexels.com/photo/brown-cow-grazing-in-indonesian-jungle-33154032/,www.pexels.com,2477,3632,dc306ccc0001bf20f5a80365ec5f681fcdca3a6031276f12ed2a1c4282851425,8ec5386e27d398d2,dup_0204,canonical,False,pass,included,none,Valid clean capture
front_0204,datasets/viewpoint/self_clean_v1/front/front_0204.jpg,front,datasets/viewpoint/self/Cow_/front/Cow Front/63.jpg,front,https://www.pexels.com/photo/majestic-zebu-cattle-with-prominent-horns-outdoors-34225365/,www.pexels.com,3170,4222,b73f2b5b541ee1aedab8b379d17d43cd0be5612bac57e89c6d073cbe3128cf07,d8af4cd1636ed281,dup_0205,canonical,False,pass,included,none,Valid clean capture
front_0205,datasets/viewpoint/self_clean_v1/front/front_0205.jpg,front,datasets/viewpoint/self/Cow_/front/Cow Front/64.jpg,front,https://www.pexels.com/photo/majestic-brown-cow-in-natural-habitat-34225363/,www.pexels.com,2869,3821,9119a25c850bc220ad0e223c8b6ad165ce712105364311bd856ae64189268802,fcd24ab5f0101e76,dup_0206,canonical,False,pass,included,none,Valid clean capture
front_0206,datasets/viewpoint/self_clean_v1/front/front_0206.jpg,front,datasets/viewpoint/self/Cow_/front/Cow Front/65.jpg,front,https://www.pexels.com/photo/brown-cows-grazing-in-a-rural-pasture-34198073/,www.pexels.com,3261,4343,036e7ce947659de8feb239b9abaaf4203a1d1b203b7da2949d955b3c80f2ab46,8e9cda38706ab15b,dup_0207,canonical,False,pass,included,none,Valid clean capture
front_0207,datasets/viewpoint/self_clean_v1/front/front_0207.jpg,front,datasets/viewpoint/self/Cow_/front/Cow Front/66.jpg,front,https://www.pexels.com/photo/close-up-portrait-of-a-brown-cow-in-a-field-31593354/,www.pexels.com,7008,4672,036c81d2fcc6ca84d679e517d09ef87ed9ba436490a38245817663bdbfd6ae26,e49b07cd1079a397,dup_0208,canonical,False,pass,included,none,Valid clean capture
front_0208,datasets/viewpoint/self_clean_v1/front/front_0208.jpg,front,datasets/viewpoint/self/Cow_/front/Cow Front/67.jpg,front,https://www.pexels.com/photo/brown-cow-grazing-in-a-lush-green-pasture-28578397/,www.pexels.com,5304,7952,5a04b1f4f10cb54246bd462234d13a4df944ca4dbd7ee40525d9e60c79b6eb8b,d8e6c893364d3366,dup_0209,canonical,False,pass,included,none,Valid clean capture
front_0209,datasets/viewpoint/self_clean_v1/front/front_0209.jpg,front,datasets/viewpoint/self/Cow_/front/Cow Front/68.jpg,front,https://www.pexels.com/photo/rind-27905675/,www.pexels.com,4160,6240,02eb6304b3b0e47407cb20fe02e054dbc7656f716a88fcbd83741677ba526b88,9dc966323959535a,dup_0210,canonical,False,pass,included,none,Valid clean capture
front_0210,datasets/viewpoint/self_clean_v1/front/front_0210.jpg,front,datasets/viewpoint/self/Cow_/front/Cow Front/69.jpg,front,https://www.pexels.com/photo/brown-and-white-cow-grazing-in-a-forest-clearing-32838884/,www.pexels.com,4000,6000,bed3d076d8a4fdd8c62b11f39bc225e0ca356947bb07e4d5b259aa75fb71f4de,8c4db3393016cf73,dup_0211,canonical,False,pass,included,none,Valid clean capture
front_0211,datasets/viewpoint/self_clean_v1/front/front_0211.jpg,front,datasets/viewpoint/self/Cow_/front/Cow Front/7.jpg,front,http://pexels.com/photo/cow-standing-in-the-pasture-18827729/,pexels.com,5888,3925,915f22518bac4aa35eb96deedf0ac1dcbcd2fa9808b78e8329cefe0afbe572ca,f1ac0cdbd2b72438,dup_0212,canonical,False,pass,included,none,Valid clean capture
front_0212,datasets/viewpoint/self_clean_v1/front/front_0212.jpg,front,datasets/viewpoint/self/Cow_/front/Cow Front/70.jpg,front,https://www.pexels.com/photo/brown-and-white-cow-grazing-in-sunlit-field-32838885/,www.pexels.com,3730,5596,a5ec556f97792d7c58e477d42a4b4301410ea29670fb6f9de6b0f3de69290c09,cd58322361cf2c7e,dup_0213,canonical,False,pass,included,none,Valid clean capture
front_0213,datasets/viewpoint/self_clean_v1/front/front_0213.jpg,front,datasets/viewpoint/self/Cow_/front/Cow Front/71.jpg,front,https://www.pexels.com/photo/cattle-on-green-grass-field-12987197/,www.pexels.com,2672,4000,901161e53f698a6c781353bc40502b4572b731e79ec0de70e01005ac9881e407,d8f4a613785c17a3,dup_0214,canonical,False,pass,included,none,Valid clean capture
front_0214,datasets/viewpoint/self_clean_v1/front/front_0214.jpg,front,datasets/viewpoint/self/Cow_/front/Cow Front/72.jpg,front,https://www.pexels.com/photo/kuh-rind-27098224/,www.pexels.com,4160,6240,06f8d7850e5ccedabf0213400143f0ba56ee43389a560921a9699d3e1f46b34d,accbc02f4269e1f3,dup_0215,canonical,False,pass,included,none,Valid clean capture
front_0215,datasets/viewpoint/self_clean_v1/front/front_0215.jpg,front,datasets/viewpoint/self/Cow_/front/Cow Front/73.jpg,front,https://www.pexels.com/photo/standing-cow-on-pasture-under-tree-26893668/,www.pexels.com,2000,3008,e248702655706f68f19e65601a58f921e4c234f4629099d2fc23f7c4d022a0af,f8c0d26a5d4f4762,dup_0216,canonical,False,pass,included,none,Valid clean capture
front_0216,datasets/viewpoint/self_clean_v1/front/front_0216.jpg,front,datasets/viewpoint/self/Cow_/front/Cow Front/74.jpg,front,https://www.pexels.com/photo/a-cow-standing-on-a-road-in-the-woods-27864955/,www.pexels.com,4000,6000,70dd69e94e88dc279525c3c91830f55477065c0ff21b5dc4e7fc3c2cba928c20,d4e9f59661b084f1,dup_0217,canonical,False,pass,included,none,Valid clean capture
front_0217,datasets/viewpoint/self_clean_v1/front/front_0217.jpg,front,datasets/viewpoint/self/Cow_/front/Cow Front/75.jpg,front,https://www.pexels.com/photo/black-and-white-cattle-grazing-in-pasture-33080397/,www.pexels.com,4000,6000,08539d4044eca5254b25522ab5f02b96d5736cde3b1e3331eaca3441873c4b82,b91217667999c2e6,dup_0218,canonical,False,pass,included,none,Valid clean capture
front_0218,datasets/viewpoint/self_clean_v1/front/front_0218.jpg,front,datasets/viewpoint/self/Cow_/front/Cow Front/76.jpg,front,https://www.pexels.com/photo/white-and-brown-cow-grazing-on-pasture-18291892/,www.pexels.com,3456,5184,01da9d6ef1255fcfa34601e878fc1d49fc0f71890dbbaff1a3c499c1aa27ed7f,e8a897e7681ca553,dup_0219,canonical,False,pass,included,none,Valid clean capture
front_0219,datasets/viewpoint/self_clean_v1/front/front_0219.jpg,front,datasets/viewpoint/self/Cow_/front/Cow Front/77.jpg,front,https://www.pexels.com/photo/holstein-cow-grazing-in-almelo-pasture-38084647/,www.pexels.com,3456,5184,0756a7e87b0536e620ce192602b32a24d05250f217b203ec1863fb929a7c972f,fafaa881821e9e96,dup_0220,canonical,False,pass,included,none,Valid clean capture
front_0220,datasets/viewpoint/self_clean_v1/front/front_0220.jpg,front,datasets/viewpoint/self/Cow_/front/Cow Front/78.jpg,front,https://www.pexels.com/photo/animal-countryside-agriculture-farm-591/,www.pexels.com,3206,5063,398ba967cd0cb4f53deea4e7565944f1d9109a9480101ae1127b0b7a6ce2f2ac,b1adcad2e5b9c242,dup_0221,canonical,False,pass,included,none,Valid clean capture
front_0221,datasets/viewpoint/self_clean_v1/front/front_0221.jpg,front,datasets/viewpoint/self/Cow_/front/Cow Front/79.jpg,front,https://www.pexels.com/photo/holstein-cow-in-pasture-at-sunset-29184440/,www.pexels.com,2257,3010,87d0de3a7832c42b65d2df809f164c8a1ce7c5fbdb21518c78f988a41343693a,94b6a90b4651f3e6,dup_0222,canonical,False,pass,included,none,Valid clean capture
front_0222,datasets/viewpoint/self_clean_v1/front/front_0222.jpg,front,datasets/viewpoint/self/Cow_/front/Cow Front/8.jpg,front,https://www.pexels.com/photo/brown-and-white-cow-in-green-pasture-39158966/,www.pexels.com,5568,3712,40930bff44e195ff02a1de091668fdb0054cef99ef82e2a3eb920b6062fb5d38,d8f092b6269af0b6,dup_0223,canonical,False,pass,included,none,Valid clean capture
front_0223,datasets/viewpoint/self_clean_v1/front/front_0223.jpg,front,datasets/viewpoint/self/Cow_/front/Cow Front/80.jpg,front,https://www.pexels.com/photo/close-up-of-a-holstein-cow-in-a-sunny-field-37251081/,www.pexels.com,3024,4032,6960e2e2ad7f17d7c511a9953888f1a87103c233cf5018d197a97753a1d4d1ad,f1ef8c8627254c39,dup_0224,canonical,False,pass,included,none,Valid clean capture
front_0224,datasets/viewpoint/self_clean_v1/front/front_0224.jpg,front,datasets/viewpoint/self/Cow_/front/Cow Front/81.jpg,front,https://www.pexels.com/photo/holstein-cows-grazing-in-a-sunny-pasture-33381884/,www.pexels.com,6016,4016,ff08a566637c772a3db12dccf1430dfd02f037e8aa5005c2c67a721d2c2441f5,ce4f1b3330316f0b,dup_0225,canonical,False,pass,included,none,Valid clean capture
front_0225,datasets/viewpoint/self_clean_v1/front/front_0225.jpg,front,datasets/viewpoint/self/Cow_/front/Cow Front/82.jpg,front,https://www.pexels.com/photo/curious-cows-grazing-in-dutch-meadow-32561046/,www.pexels.com,4293,3481,0ea73c6e9df38224704461c71f2d63e5a28741473140981043d68541e4664fc2,9ff3ec64230a3c34,dup_0196,canonical,False,pass,included,none,Valid clean capture
front_0226,datasets/viewpoint/self_clean_v1/front/front_0226.jpg,front,datasets/viewpoint/self/Cow_/front/Cow Front/83.jpg,front,https://www.pexels.com/photo/brown-cow-grazing-in-swiss-countryside-34325516/,www.pexels.com,1984,2976,ab27de6d45b6bf4137cfcd5436c2dfa9aac57971d75e911a158e9bd0e6615f87,b34f4d3036c3c17c,dup_0226,canonical,False,pass,included,none,Valid clean capture
front_0227,datasets/viewpoint/self_clean_v1/front/front_0227.jpg,front,datasets/viewpoint/self/Cow_/front/Cow Front/84.jpg,front,https://www.pexels.com/photo/cows-standing-on-green-grass-field-10532350/,www.pexels.com,4000,6000,e9a205c4c8173863e4a7928a44d1d53bdc459c196dfd1b59a59995f7563d2ba0,e51a1aa7ed5c2127,dup_0227,canonical,False,pass,included,none,Valid clean capture
front_0228,datasets/viewpoint/self_clean_v1/front/front_0228.jpg,front,datasets/viewpoint/self/Cow_/front/Cow Front/85.jpg,front,https://www.pexels.com/photo/brown-cow-in-bavarian-oberstdorf-pasture-32488125/,www.pexels.com,4000,6000,821d319a05015eee5c7a060bee37e7e29865665fdc298543f99543a6eac09ae0,984ca7b1b193d9c9,dup_0228,canonical,False,pass,included,none,Valid clean capture
front_0229,datasets/viewpoint/self_clean_v1/front/front_0229.jpg,front,datasets/viewpoint/self/Cow_/front/Cow Front/86.jpg,front,https://www.pexels.com/photo/a-cow-standing-on-a-hillside-with-a-mountain-in-the-background-27579612/,www.pexels.com,4000,6000,1165a630f811c325d19714f0ce508b0075a61c33cec229eaa6a391994cf08d65,b38c4b32cccb6659,dup_0229,canonical,False,pass,included,none,Valid clean capture
front_0230,datasets/viewpoint/self_clean_v1/front/front_0230.jpg,front,datasets/viewpoint/self/Cow_/front/Cow Front/87.jpg,front,https://www.pexels.com/photo/close-up-of-a-brown-cow-in-oberstdorf-meadow-32488123/,www.pexels.com,4000,6000,cacd61b2ae1200ec84a307e40d9a731cd742b4147978ff5d314a5465e70ddb22,9b80a6b657c91d36,dup_0230,canonical,False,pass,included,none,Valid clean capture
front_0231,datasets/viewpoint/self_clean_v1/front/front_0231.jpg,front,datasets/viewpoint/self/Cow_/front/Cow Front/88.jpg,front,https://www.pexels.com/photo/cow-in-scenic-mountain-landscape-pathway-33483503/,www.pexels.com,4000,6000,516e933a22c1a2b67c7a6c12088c227f9c51fbbed918ddd493b69de6f228adff,868899a5cad66d6b,dup_0231,canonical,False,pass,included,none,Valid clean capture
front_0232,datasets/viewpoint/self_clean_v1/front/front_0232.jpg,front,datasets/viewpoint/self/Cow_/front/Cow Front/89.jpg,front,https://www.pexels.com/photo/majestic-cow-in-bavarian-alps-meadow-37968742/,www.pexels.com,3867,5801,ff16700655f85fbf73bb525c06ad049131707ad3ea3d1b6085fdfd25ed439705,9abee1e75eab0101,dup_0232,canonical,False,pass,included,none,Valid clean capture
front_0233,datasets/viewpoint/self_clean_v1/front/front_0233.jpg,front,datasets/viewpoint/self/Cow_/front/Cow Front/9.jpg,front,https://www.pexels.com/photo/brown-cattle-on-a-grass-field-5947760/,www.pexels.com,4134,2759,285721da32023389672b0518e3182632c70239738ae489d75a15b6992871f41c,d33c0c3339cd19c7,dup_0233,canonical,False,pass,included,none,Valid clean capture
front_0234,datasets/viewpoint/self_clean_v1/front/front_0234.jpg,front,datasets/viewpoint/self/Cow_/front/Cow Front/90.jpg,front,https://www.pexels.com/photo/brown-cow-on-the-field-6553453/,www.pexels.com,2848,4272,ae6dae38be56430f3012e3ac5789c5358a7eb8cea535bafce830bc072e841b8a,f0e3cb9c3ea6a109,dup_0234,canonical,False,pass,included,none,Valid clean capture
front_0235,datasets/viewpoint/self_clean_v1/front/front_0235.jpg,front,datasets/viewpoint/self/Cow_/front/Cow Front/91.jpg,front,https://www.pexels.com/photo/grazing-cows-in-hinterstoder-austrian-alps-34115594/,www.pexels.com,1806,2709,942e9a6c3f5c6a2212f3dd5d9ecf67551a1cfcdfa1ce2288cbc2e97b6718d692,96d9c6ad891c5963,dup_0235,canonical,False,pass,included,none,Valid clean capture
front_0236,datasets/viewpoint/self_clean_v1/front/front_0236.jpg,front,datasets/viewpoint/self/Cow_/front/Cow Front/92.jpg,front,https://www.pexels.com/photo/close-up-portrait-of-a-cow-in-mountainous-landscape-38902165/,www.pexels.com,4000,6000,ba831a6eab37667266af6ab14d6b2ed1e6597b5316d0c8f6215ceb31f0a16b2b,853a64e798dca32e,dup_0236,canonical,False,pass,included,none,Valid clean capture
front_0237,datasets/viewpoint/self_clean_v1/front/front_0237.jpg,front,datasets/viewpoint/self/Cow_/front/Cow Front/93.jpg,front,https://www.pexels.com/photo/majestic-cows-grazing-in-mountainous-terrain-38902181/,www.pexels.com,4000,6000,41bb05a4a42405343388519d593ebf854e10661de9ea66b62650829bc1f9d7e4,d10e3a3681c93f67,dup_0237,canonical,False,pass,included,none,Valid clean capture
front_0238,datasets/viewpoint/self_clean_v1/front/front_0238.jpg,front,datasets/viewpoint/self/Cow_/front/Cow Front/94.jpg,front,https://www.pexels.com/photo/majestic-white-cow-in-mountainous-landscape-38902169/,www.pexels.com,4000,6000,ca0bede1dad6648ee1911ef5b12f2eb456850a020c4d13f1cff7001206db02ca,d81d17e2dd1866c5,dup_0238,canonical,False,pass,included,none,Valid clean capture
front_0239,datasets/viewpoint/self_clean_v1/front/front_0239.jpg,front,datasets/viewpoint/self/Cow_/front/Cow Front/95.jpg,front,https://www.pexels.com/photo/view-of-cows-grazing-on-a-pasture-20409927/,www.pexels.com,4752,3168,8d264f7ed480de832969a30c9b9da81e1ed3b4ce75639a1d42b05bcf86559b86,99cec63249297d5c,dup_0239,canonical,False,pass,included,none,Valid clean capture
front_0240,datasets/viewpoint/self_clean_v1/front/front_0240.jpg,front,datasets/viewpoint/self/Cow_/front/Cow Front/96.jpg,front,https://www.pexels.com/photo/cows-on-mud-near-green-grass-field-13340337/,www.pexels.com,5472,3648,1248f824d9c49e12af5072dd43ff8aa9272fb856ecb633ae951b1b3ccfcdbd3a,dede68a863371292,dup_0240,canonical,False,pass,included,none,Valid clean capture
front_0241,datasets/viewpoint/self_clean_v1/front/front_0241.jpg,front,datasets/viewpoint/self/Cow_/front/Cow Front/97.jpg,front,https://www.pexels.com/photo/close-up-portrait-of-two-curious-cows-in-pasture-35359625/,www.pexels.com,8078,5388,f724c8bf08a4917708bf0d32aa2fa7c1d4d3eaabf0bd673ffb43198d2027b00d,cf98326d925d5389,dup_0241,canonical,False,pass,included,none,Valid clean capture
front_0242,datasets/viewpoint/self_clean_v1/front/front_0242.jpg,front,datasets/viewpoint/self/Cow_/front/Cow Front/98.jpg,front,https://www.pexels.com/photo/rind-27009497/,www.pexels.com,6240,4160,49c2bb1aafa6f01e3723fcdbc51d5424d108487b29b4ffff314d3c5dd93684f3,dccf32546079095f,dup_0242,canonical,False,pass,included,none,Valid clean capture
front_0243,datasets/viewpoint/self_clean_v1/front/front_0243.jpg,front,datasets/viewpoint/self/Cow_/front/Cow Front/99.jpg,front,https://www.pexels.com/photo/close-up-portrait-of-a-cow-in-a-field-38629925/,www.pexels.com,2897,1931,c413ff66532bea267af1942de7ba6e84b693546961913d8bcc54289bd0856de0,cc5833e7c9c4dcc4,dup_0243,canonical,False,pass,included,none,Valid clean capture
front_0244,datasets/viewpoint/self_clean_v1/front/front_0244.jpg,front,datasets/viewpoint/self/front-oblique/1.jpg,front-oblique,https://www.pexels.com/photo/cow-grazing-in-field-in-mountain-landscape-9325333/,www.pexels.com,3498,4372,4b973c3fd2b9c70901e7daca63f5b7e03d889f7fffb897601225b25d6937dd6c,c3e4f88b2e3d4a61,dup_0267,canonical,False,pass,included,none,Valid clean capture
front_0245,datasets/viewpoint/self_clean_v1/front/front_0245.jpg,front,datasets/viewpoint/self/front-oblique/10.jpg,front-oblique,https://www.pexels.com/photo/brown-and-white-cow-grazing-in-a-pasture-38336842/,www.pexels.com,6000,4000,4b9e1869412ef43a3e309727e3d259e675ad420790fe8811d04a242f4f51fc2a,e6e6989933666c4c,dup_0268,canonical,False,pass,included,none,Valid clean capture
front_0246,datasets/viewpoint/self_clean_v1/front/front_0246.jpg,front,datasets/viewpoint/self/front-oblique/100.jpg,front-oblique,https://www.pexels.com/photo/cow-in-enclosure-19826912/,www.pexels.com,5184,3032,3385fdbff0a4eec21c21cbf3b716961d312d90a468e1d81ff024ec2f80886cac,ccc4b1c1b69cb1b6,dup_0269,canonical,False,pass,included,none,Valid clean capture
front_0247,datasets/viewpoint/self_clean_v1/front/front_0247.jpg,front,datasets/viewpoint/self/front-oblique/101.jpg,front-oblique,https://www.pexels.com/photo/cow-on-pasture-16682142/,www.pexels.com,5023,4000,875a66acdfa04a58d990cec4f5ea00fa831bee36af4fa6699392166bafbd59db,a7e5d9999132664c,dup_0270,canonical,False,pass,included,none,Valid clean capture
front_0248,datasets/viewpoint/self_clean_v1/front/front_0248.jpg,front,datasets/viewpoint/self/front-oblique/102.jpg,front-oblique,https://www.pexels.com/photo/cow-eating-grass-16945050/,www.pexels.com,6240,4160,6e8de3c17699f7ee3512157b4ddcd04d9f13247508b80474805473c69c4603b5,915f856469919ecb,dup_0271,canonical,False,pass,included,none,Valid clean capture
front_0249,datasets/viewpoint/self_clean_v1/front/front_0249.jpg,front,datasets/viewpoint/self/front-oblique/103.jpg,front-oblique,https://www.pexels.com/photo/peaceful-cows-grazing-in-czech-pasture-31254675/,www.pexels.com,6960,3904,5e64a4fd3dfb05226b87cdad40799cc23b8f1d4a14e325d87774467564435145,a3d35c646a13d52e,dup_0272,canonical,False,pass,included,none,Valid clean capture
front_0250,datasets/viewpoint/self_clean_v1/front/front_0250.jpg,front,datasets/viewpoint/self/front-oblique/104.jpg,front-oblique,https://www.pexels.com/photo/a-cow-standing-on-the-side-of-the-road-28125181/,www.pexels.com,3512,6240,5c96712de3c51f3bcd2571b1f9f92b0de2cd823911e3472d186ef69b820a82c3,d938b9d1c62f7980,dup_0273,canonical,False,pass,included,none,Valid clean capture
front_0251,datasets/viewpoint/self_clean_v1/front/front_0251.jpg,front,datasets/viewpoint/self/front-oblique/105.jpg,front-oblique,https://www.pexels.com/photo/white-cow-grazing-on-mountain-slope-34730896/,www.pexels.com,5184,3456,4c5e1a59a69cbc2783bbacc25cf66dade8ba497803557fc2f903681f516c1e17,f6a4893bf0e49d0a,dup_0274,canonical,False,pass,included,none,Valid clean capture
front_0252,datasets/viewpoint/self_clean_v1/front/front_0252.jpg,front,datasets/viewpoint/self/front-oblique/106.jpg,front-oblique,https://www.pexels.com/photo/charolais-cows-grazing-in-sunny-pasture-28949552/,www.pexels.com,4672,7008,24dfc217e7ca2de3166fd1725e89a857292b6ed42070ea6bca2d455dd50cec77,81f43247f9b046f9,dup_0275,canonical,False,pass,included,none,Valid clean capture
front_0253,datasets/viewpoint/self_clean_v1/front/front_0253.jpg,front,datasets/viewpoint/self/front-oblique/107.jpg,front-oblique,https://www.pexels.com/photo/scenic-alpine-pasture-with-cows-and-blue-sky-34730897/,www.pexels.com,4624,3468,e908108ea6cb32b916e93a8369ef86ec396422a5b97e7046e6160a89d2a7f620,c3cc9e13871eb8e1,dup_0276,canonical,False,pass,included,none,Valid clean capture
front_0254,datasets/viewpoint/self_clean_v1/front/front_0254.jpg,front,datasets/viewpoint/self/front-oblique/108.jpg,front-oblique,https://www.pexels.com/photo/charolais-cattle-grazing-in-belgian-pasture-32303477/,www.pexels.com,3936,2624,48845453847eb9cbeb38befc0fb6eeeb1d8454de4ea7f0ecdd34c430b662bde9,c1353f4a68353f4a,dup_0277,canonical,False,pass,included,none,Valid clean capture
front_0255,datasets/viewpoint/self_clean_v1/front/front_0255.jpg,front,datasets/viewpoint/self/front-oblique/109.jpg,front-oblique,https://www.pexels.com/photo/pregnant-cow-on-pasture-18635539/,www.pexels.com,5616,3744,5f5e5aad8ea7b01652d0056d8971a7132b115c029645b04af36efc0c72692504,a00c3e7f9dc0a1e7,dup_0278,canonical,False,pass,included,none,Valid clean capture
front_0256,datasets/viewpoint/self_clean_v1/front/front_0256.jpg,front,datasets/viewpoint/self/front-oblique/11.jpg,front-oblique,https://www.pexels.com/photo/brown-and-white-cow-grazing-in-autumn-field-34582680/,www.pexels.com,6240,4160,96142ee242dc9a077a6faae7678e2774e045ab5f31a9f516f6779cd4a87b4648,996464a1dd0de573,dup_0279,canonical,False,pass,included,none,Valid clean capture
front_0257,datasets/viewpoint/self_clean_v1/front/front_0257.jpg,front,datasets/viewpoint/self/front-oblique/110.jpg,front-oblique,https://www.pexels.com/photo/majestic-indian-cow-on-vibrant-steps-outdoors-29900567/,www.pexels.com,5304,7952,27052fbca8bbf3a019fe69db65bcdb66a07181abc2c98328ccd376098569d9f0,f149873c5389a573,dup_0280,canonical,False,pass,included,none,Valid clean capture
front_0258,datasets/viewpoint/self_clean_v1/front/front_0258.jpg,front,datasets/viewpoint/self/front-oblique/111.jpg,front-oblique,https://www.pexels.com/photo/hereford-cattle-on-green-grass-field-12029896/,www.pexels.com,8192,5464,9e77db0264248b58c121e5caf5db08adc74a6a359fd31587512b48a85a9e854d,b113dee4b1936c4c,dup_0281,canonical,False,pass,included,none,Valid clean capture
front_0259,datasets/viewpoint/self_clean_v1/front/front_0259.jpg,front,datasets/viewpoint/self/front-oblique/112.jpg,front-oblique,https://www.pexels.com/photo/a-calf-walking-on-grass-8374800/,www.pexels.com,3264,4080,f89ef4deee187804957df328c81b5dd4953b520510d5721f42dc22e8c852a2d1,c3463d39c6c6c969,dup_0282,canonical,False,pass,included,none,Valid clean capture
front_0260,datasets/viewpoint/self_clean_v1/front/front_0260.jpg,front,datasets/viewpoint/self/front-oblique/113.jpg,front-oblique,https://www.pexels.com/photo/cattle-in-summer-20160396/,www.pexels.com,5333,3999,0fdd9cb12881549551af7c13e698ba3271da6356c722c8e45ceea1b3c7844cfa,94d7416cbf61803f,dup_0283,canonical,False,pass,included,none,Valid clean capture
front_0261,datasets/viewpoint/self_clean_v1/front/front_0261.jpg,front,datasets/viewpoint/self/front-oblique/114.jpg,front-oblique,https://www.pexels.com/photo/a-brown-cow-standing-in-a-field-with-trees-27916384/,www.pexels.com,5054,5054,95318a97b9291406bfb77017a41d6f93a6ced24243c02007553f2b8e1aa0c524,b3854cc5f2da1cb8,dup_0284,canonical,False,pass,included,none,Valid clean capture
front_0262,datasets/viewpoint/self_clean_v1/front/front_0262.jpg,front,datasets/viewpoint/self/front-oblique/115.jpg,front-oblique,https://www.pexels.com/photo/a-cow-standing-in-the-tall-grass-10751509/,www.pexels.com,4000,6000,47ec7d9f2d5dc98fcd55151c962908acec62856f57a64317f103e4d83f372146,cf50d1acc6d37c84,dup_0285,canonical,False,pass,included,none,Valid clean capture
front_0263,datasets/viewpoint/self_clean_v1/front/front_0263.jpg,front,datasets/viewpoint/self/front-oblique/116.jpg,front-oblique,https://www.pexels.com/photo/brown-and-white-cow-grazing-in-summer-field-35317673/,www.pexels.com,3456,5184,e7e30bd5585ef618d05c86b88e95468423fc370f7ca30539916df0df7d6b63a9,bd4d8e3ee9612489,dup_0286,canonical,False,pass,included,none,Valid clean capture
front_0264,datasets/viewpoint/self_clean_v1/front/front_0264.jpg,front,datasets/viewpoint/self/front-oblique/117.jpg,front-oblique,https://www.pexels.com/photo/brown-cow-on-brown-grass-field-4618582/,www.pexels.com,2366,3154,d323a1770c73acd8ed1492e53c08b95ed69b90e365e1cb7d586286601005af47,f047ceb1b1ce7070,dup_0287,canonical,False,pass,included,none,Valid clean capture
front_0265,datasets/viewpoint/self_clean_v1/front/front_0265.jpg,front,datasets/viewpoint/self/front-oblique/118.jpg,front-oblique,https://www.pexels.com/photo/a-cow-standing-in-a-dirt-field-with-a-stick-in-its-mouth-27661945/,www.pexels.com,4000,6000,2cbe67ec97fe64a6b6b9da1408cf40fd6ea33c1ad2ab4c61ea2019e49cf21538,90b0ae6f6b2aa785,dup_0288,canonical,False,pass,included,none,Valid clean capture
front_0266,datasets/viewpoint/self_clean_v1/front/front_0266.jpg,front,datasets/viewpoint/self/front-oblique/12.jpg,front-oblique,https://www.pexels.com/photo/adorable-calf-grazing-in-lush-green-meadow-31586191/,www.pexels.com,6240,4160,4db5dd998d629275997737a72536e1494c04fb2f43e401522cb2b64f508b7e6b,c58332bc598e5e9c,dup_0290,canonical,False,pass,included,none,Valid clean capture
front_0267,datasets/viewpoint/self_clean_v1/front/front_0267.jpg,front,datasets/viewpoint/self/front-oblique/120.jpg,front-oblique,https://www.pexels.com/photo/white-brown-cow-234791/,www.pexels.com,5472,3648,06bcaff7956cb8b49071f733e882af91e1bc4c95f6f6af30227e470ba6053f43,c4e7191a663171cf,dup_0291,canonical,False,pass,included,none,Valid clean capture
front_0268,datasets/viewpoint/self_clean_v1/front/front_0268.jpg,front,datasets/viewpoint/self/front-oblique/121.jpg,front-oblique,https://www.pexels.com/photo/a-cow-on-a-field-12128120/,www.pexels.com,6000,4000,316fbaa621da1477281cb568d012e6e091c3b2d09550456fdbd3f543fe6fb381,9899e7860653f1ec,dup_0292,canonical,False,pass,included,none,Valid clean capture
front_0269,datasets/viewpoint/self_clean_v1/front/front_0269.jpg,front,datasets/viewpoint/self/front-oblique/122.jpg,front-oblique,https://www.pexels.com/photo/white-and-brown-cow-on-green-grass-field-under-cloudy-sky-10848123/,www.pexels.com,4896,2760,b59215d6297af53914d07cb756b82be80b4817ec09537cb2908131797bfc5e39,9a9a65249b93a6dc,dup_0293,canonical,False,pass,included,none,Valid clean capture
front_0270,datasets/viewpoint/self_clean_v1/front/front_0270.jpg,front,datasets/viewpoint/self/front-oblique/123.jpg,front-oblique,https://www.pexels.com/photo/cow-grazing-on-slopes-of-korutany-mountains-32187312/,www.pexels.com,6000,4000,20d595e86fd5cb742ece8a558ba0368bd906a9833acaedfeaed09c5db798b0ca,87c331786ec307d3,dup_0294,canonical,False,pass,included,none,Valid clean capture
front_0271,datasets/viewpoint/self_clean_v1/front/front_0271.jpg,front,datasets/viewpoint/self/front-oblique/124.jpg,front-oblique,https://www.pexels.com/photo/two-cows-standing-in-a-field-with-grass-in-the-background-27207619/,www.pexels.com,8135,5423,bbc39fedc01c065f433e3e2be83e795163f21407d1b792e2a17e9b7e55df7954,f991062f59512c6f,dup_0295,canonical,False,pass,included,none,Valid clean capture
front_0272,datasets/viewpoint/self_clean_v1/front/front_0272.jpg,front,datasets/viewpoint/self/front-oblique/125.jpg,front-oblique,https://www.pexels.com/photo/a-cow-on-the-grass-12294835/,www.pexels.com,5372,3600,3d0d416d42c7c859cd8ed8c82840376acceafe612b55cb7991aa1e603be29b43,9999bf9f8c8c0664,dup_0296,canonical,False,pass,included,none,Valid clean capture
front_0273,datasets/viewpoint/self_clean_v1/front/front_0273.jpg,front,datasets/viewpoint/self/front-oblique/126.jpg,front-oblique,https://www.pexels.com/photo/breton-black-pie-cattle-on-a-field-5014344/,www.pexels.com,3406,5117,c72cbe6b7b854b672813c35a8b116e7fd8fdd13a14716c2e07b47f8477d9a4b6,f668a9f9f62480f0,dup_0297,canonical,False,pass,included,none,Valid clean capture
front_0274,datasets/viewpoint/self_clean_v1/front/front_0274.jpg,front,datasets/viewpoint/self/front-oblique/127.jpg,front-oblique,https://www.pexels.com/photo/a-cow-on-the-grass-14973760/,www.pexels.com,6240,4160,ef2b8ccbebfe34f45bd3bde7cb80ae2573de8d0defece87e7789aaed55d7d3ac,c4dfc936368d1964,dup_0298,canonical,False,pass,included,none,Valid clean capture
front_0275,datasets/viewpoint/self_clean_v1/front/front_0275.jpg,front,datasets/viewpoint/self/front-oblique/128.jpg,front-oblique,https://www.pexels.com/photo/photo-of-a-white-cattle-10740814/,www.pexels.com,3368,6000,40bc5c3b26f77568c2023ca2ecdc5d9fc72718751548cefcd123349713346133,9aa0a319c5e51e6f,dup_0299,canonical,False,pass,included,none,Valid clean capture
front_0276,datasets/viewpoint/self_clean_v1/front/front_0276.jpg,front,datasets/viewpoint/self/front-oblique/129.jpg,front-oblique,https://www.pexels.com/photo/herd-of-cattle-grazing-on-dusty-field-37462171/,www.pexels.com,5760,3840,c0ac2ae05c8ae3254438dd1ba36c6b51ff9314d2f94d7f486048147cd6c64855,c1b3b3b931d33162,dup_0300,canonical,False,pass,included,none,Valid clean capture
front_0277,datasets/viewpoint/self_clean_v1/front/front_0277.jpg,front,datasets/viewpoint/self/front-oblique/13.jpg,front-oblique,https://www.pexels.com/photo/close-up-photo-of-brown-and-white-cow-on-green-grass-5667015/,www.pexels.com,5616,3744,dd3581f0d28d361c19fcc3901b89dd861edd13df0632aae711914a4e96a7fd86,cc8697be82d1d989,dup_0301,canonical,False,pass,included,none,Valid clean capture
front_0278,datasets/viewpoint/self_clean_v1/front/front_0278.jpg,front,datasets/viewpoint/self/front-oblique/130.jpg,front-oblique,https://www.pexels.com/photo/cow-under-roof-on-farm-20205007/,www.pexels.com,4000,6000,e09c042e3eaa8204f51d601dd6d1cb63d9b53164f4df1dc68dfc85c68c9b7f0d,936f84c0374a713f,dup_0302,canonical,False,pass,included,none,Valid clean capture
front_0279,datasets/viewpoint/self_clean_v1/front/front_0279.jpg,front,datasets/viewpoint/self/front-oblique/131.jpg,front-oblique,https://www.pexels.com/photo/zebu-standing-on-a-dry-sandy-field-15064323/,www.pexels.com,3936,2856,fb08239cb4522cb348c4f524acffa991bda0b0f1a16901458312a7f1d80bc01b,b21b4f26331b4637,dup_0303,canonical,False,pass,included,none,Valid clean capture
front_0280,datasets/viewpoint/self_clean_v1/front/front_0280.jpg,front,datasets/viewpoint/self/front-oblique/132.jpg,front-oblique,https://www.pexels.com/photo/cow-on-grass-22780165/,www.pexels.com,4000,6000,9a2903096c3386f8bb6cce6f8d564b5f53f02aeb6f6921411cf49f6c5ee1167d,8381d26e78f88f17,dup_0304,canonical,False,pass,included,none,Valid clean capture
front_0281,datasets/viewpoint/self_clean_v1/front/front_0281.jpg,front,datasets/viewpoint/self/front-oblique/133.jpg,front-oblique,https://www.pexels.com/photo/cattle-grazing-in-scenic-county-galway-pasture-39031841/,www.pexels.com,3120,4759,8b0ea06f9b1e5723532dd2cf7dc4d49c8cad2d1266e25d577c967b65e637516e,91f2cdb23947419d,dup_0305,canonical,False,pass,included,none,Valid clean capture
front_0282,datasets/viewpoint/self_clean_v1/front/front_0282.jpg,front,datasets/viewpoint/self/front-oblique/134.jpg,front-oblique,https://www.pexels.com/photo/brown-cow-standing-by-a-water-trough-in-pasture-39409337/,www.pexels.com,5440,3628,eb650713cb05931ab18dff9ca781247f9aa2ac64b0c88bfb27308395a48d7451,f61e89b4b8cd85b0,dup_0306,canonical,False,pass,included,none,Valid clean capture
front_0283,datasets/viewpoint/self_clean_v1/front/front_0283.jpg,front,datasets/viewpoint/self/front-oblique/135.jpg,front-oblique,https://www.pexels.com/photo/guzerat-cattle-in-summer-19957978/,www.pexels.com,4896,3264,94b25e534946885af45ac5cfd78569d388a01f2644e5bfc5264d78a631d111c8,9158cc92bfd8d361,dup_0307,canonical,False,pass,included,none,Valid clean capture
front_0284,datasets/viewpoint/self_clean_v1/front/front_0284.jpg,front,datasets/viewpoint/self/front-oblique/136.jpg,front-oblique,https://www.pexels.com/photo/brown-cow-grazing-in-rural-farm-field-37744862/,www.pexels.com,6192,4128,25ced00c19f2489a3260b2d950828e31b2a88fadc17120afe9dab4c28f04a97d,b6321c26e1c9e96b,dup_0308,canonical,False,pass,included,none,Valid clean capture
front_0285,datasets/viewpoint/self_clean_v1/front/front_0285.jpg,front,datasets/viewpoint/self/front-oblique/137.jpg,front-oblique,https://www.pexels.com/photo/close-up-of-a-cow-on-the-field-14439587/,www.pexels.com,5602,3735,e9a93443cb8de0bfcf4bea2b525f35e6524f6d49be3cb0bd197754086685ad9e,a3e34c4cb36348dd,dup_0309,canonical,False,pass,included,none,Valid clean capture
front_0286,datasets/viewpoint/self_clean_v1/front/front_0286.jpg,front,datasets/viewpoint/self/front-oblique/138.jpg,front-oblique,https://www.pexels.com/photo/cow-in-green-pasture-field-8605978/,www.pexels.com,4831,3221,8dba05bf3246ffb11461deb6e0a2919a350ef4a215c2476f112960c75ba069e3,f4fdc68270252d33,dup_0310,canonical,False,pass,included,none,Valid clean capture
front_0287,datasets/viewpoint/self_clean_v1/front/front_0287.jpg,front,datasets/viewpoint/self/front-oblique/139.jpg,front-oblique,https://www.pexels.com/photo/holstein-cow-grazing-in-mountain-landscape-35011991/,www.pexels.com,4000,6000,e0b78eee852606e325bba721374d92b519c36a83144fd80714339a3f371832b2,a69399e96733089e,dup_0311,canonical,False,pass,included,none,Valid clean capture
front_0288,datasets/viewpoint/self_clean_v1/front/front_0288.jpg,front,datasets/viewpoint/self/front-oblique/14.jpg,front-oblique,https://www.pexels.com/photo/serene-winter-landscape-with-grazing-cows-in-bourgogne-30108398/,www.pexels.com,2400,4240,1f5ade881e4eed54a7052293d8965efb8acc001c0feb320e7d537901d071ac69,9281e5ea1a2d6ed3,dup_0312,canonical,False,pass,included,none,Valid clean capture
front_0289,datasets/viewpoint/self_clean_v1/front/front_0289.jpg,front,datasets/viewpoint/self/front-oblique/140.jpg,front-oblique,https://www.pexels.com/photo/cow-standing-in-a-pasture-9271370/,www.pexels.com,4000,6000,a73fb38c3ae663616983d98e5c1abf20eff4750743624df9e37cb356ea47e06b,d1666419a6e659ab,dup_0313,canonical,False,pass,included,none,Valid clean capture
front_0290,datasets/viewpoint/self_clean_v1/front/front_0290.jpg,front,datasets/viewpoint/self/front-oblique/141.jpg,front-oblique,https://www.pexels.com/photo/cow-on-pasture-14974130/,www.pexels.com,4160,6240,3a10089be1c9e1cbc69944350ae8c9a75373a7f67efd3250e4aae462c0ae8f87,d6eccdb302441d3b,dup_0314,canonical,False,pass,included,none,Valid clean capture
front_0291,datasets/viewpoint/self_clean_v1/front/front_0291.jpg,front,datasets/viewpoint/self/front-oblique/142.jpg,front-oblique,https://www.pexels.com/photo/spotted-cow-standing-on-rural-dirt-road-39600100/,www.pexels.com,3282,4923,f42575ba21b5e2af5030f46afbc1df573e696e3ff21dddc5c1a7472fe2198e6c,a0705e9f2de8f096,dup_0315,canonical,False,pass,included,none,Valid clean capture
front_0292,datasets/viewpoint/self_clean_v1/front/front_0292.jpg,front,datasets/viewpoint/self/front-oblique/143.jpg,front-oblique,https://www.pexels.com/photo/cow-grazing-in-summer-rural-scenery-18540352/,www.pexels.com,3744,5616,86638ed5314f5c621f347328dd44c0b71fe2be67ae205beb7ff4280c005a2350,a2aadd8667591876,dup_0316,canonical,False,pass,included,none,Valid clean capture
front_0293,datasets/viewpoint/self_clean_v1/front/front_0293.jpg,front,datasets/viewpoint/self/front-oblique/144.jpg,front-oblique,https://www.pexels.com/photo/grazing-cow-in-sunny-countryside-field-29222442/,www.pexels.com,4000,6000,e4a6ac29f60a579acffcafe193c117dc6eceb619e075b79dd680d0fdb54c8fb9,97e0e8b7e6483c26,dup_0317,canonical,False,pass,included,none,Valid clean capture
front_0294,datasets/viewpoint/self_clean_v1/front/front_0294.jpg,front,datasets/viewpoint/self/front-oblique/145.jpg,front-oblique,https://www.pexels.com/photo/selective-focus-of-a-cow-grazing-grass-8145008/,www.pexels.com,4160,6240,10b41d6270e94262a16e4eae6d713676a8448d813fd8c2fd5adc2afa347f1871,80807f7e5c98b766,dup_0318,canonical,False,pass,included,none,Valid clean capture
front_0295,datasets/viewpoint/self_clean_v1/front/front_0295.jpg,front,datasets/viewpoint/self/front-oblique/146.jpg,front-oblique,https://www.pexels.com/photo/brown-and-white-cow-on-brown-field-5223576/,www.pexels.com,2489,3718,c188fb08f081fb55347642f4b97cf06d3be805130cf3912cf71dacc4ed1caf6b,91ae6e19b1ce4e31,dup_0319,canonical,False,pass,included,none,Valid clean capture
front_0296,datasets/viewpoint/self_clean_v1/front/front_0296.jpg,front,datasets/viewpoint/self/front-oblique/147.jpg,front-oblique,https://www.pexels.com/photo/brown-and-white-cow-grazing-in-lush-green-pasture-29789457/,www.pexels.com,3710,5565,2f94fea12b8c5e9bd51a1282525977fdabb61eeb91f7576e4ef308f2dafeb43f,b4becb6278ac2513,dup_0320,canonical,False,pass,included,none,Valid clean capture
front_0297,datasets/viewpoint/self_clean_v1/front/front_0297.jpg,front,datasets/viewpoint/self/front-oblique/148.jpg,front-oblique,https://www.pexels.com/photo/young-cow-grazing-at-ipora-farm-in-brazil-34596812/,www.pexels.com,4000,6000,a693fd623f729289c84d3378b39cf1f81f87a81741373b4cfc2846e9782faf18,dae1261a61e6995b,dup_0321,canonical,False,pass,included,none,Valid clean capture
front_0298,datasets/viewpoint/self_clean_v1/front/front_0298.jpg,front,datasets/viewpoint/self/front-oblique/149.jpg,front-oblique,https://www.pexels.com/photo/cow-on-pasture-14110117/,www.pexels.com,4160,6240,412d10865c9c3bfcde5027965c9ddbcc57d34174b4d769c69b668bce4d1a0a7c,d4c63b3cc1c23c3d,dup_0322,canonical,False,pass,included,none,Valid clean capture
front_0299,datasets/viewpoint/self_clean_v1/front/front_0299.jpg,front,datasets/viewpoint/self/front-oblique/15.jpg,front-oblique,https://www.pexels.com/photo/cows-grazing-in-the-italian-dolomites-39618566/,www.pexels.com,4896,3264,0be68f6cc6bc8a65ee6fb4837b50cd5818454a77f9b4aef52147ca8f3e1883c5,cdbdb2bc15053662,dup_0323,canonical,False,pass,included,none,Valid clean capture
front_0300,datasets/viewpoint/self_clean_v1/front/front_0300.jpg,front,datasets/viewpoint/self/front-oblique/150.jpg,front-oblique,https://www.pexels.com/photo/white-horned-cow-in-qaleh-rudkhan-pasture-30457264/,www.pexels.com,4000,6000,112723ed41c7aed257ca614f6e717aeda7a6da77b7a4d52a17444d0ac20799ed,c249bc3d17077726,dup_0324,canonical,False,pass,included,none,Valid clean capture
front_0301,datasets/viewpoint/self_clean_v1/front/front_0301.jpg,front,datasets/viewpoint/self/front-oblique/16.jpg,front-oblique,https://www.pexels.com/photo/white-cow-grazing-in-abuja-s-green-hills-38296530/,www.pexels.com,6016,4016,5d6cbf723bd7e0af968c2a1e4a753a31a3e37b5345ba4ffc19607ea3a12de922,d0c8b7910d7163bd,dup_0325,canonical,False,pass,included,none,Valid clean capture
front_0302,datasets/viewpoint/self_clean_v1/front/front_0302.jpg,front,datasets/viewpoint/self/front-oblique/17.jpg,front-oblique,https://www.pexels.com/photo/cows-grazing-in-an-urban-field-landscape-32254006/,www.pexels.com,3000,4000,67702e0f45e31910b28e5d9559fc569650de6644f4960f945e1ddbdc3fb92f26,9086e6d358b6e3c9,dup_0326,canonical,False,pass,included,none,Valid clean capture
front_0303,datasets/viewpoint/self_clean_v1/front/front_0303.jpg,front,datasets/viewpoint/self/front-oblique/18.jpg,front-oblique,https://www.pexels.com/photo/a-black-cow-standing-on-a-grassy-hill-27498062/,www.pexels.com,3655,5494,041270af04deff0f9fda331f68178ed425216954c35a8d7165233331204d8c7f,a51e2d319a651acf,dup_0327,canonical,False,pass,included,none,Valid clean capture
front_0304,datasets/viewpoint/self_clean_v1/front/front_0304.jpg,front,datasets/viewpoint/self/front-oblique/19.jpg,front-oblique,https://www.pexels.com/photo/brown-cow-grazing-in-the-austrian-alps-36506252/,www.pexels.com,6000,4000,00091e99fd04039babe87f406f3744a45cf4bebe943eeba65c8e7c58974a0d67,b1b09e1e43e178bc,dup_0328,canonical,False,pass,included,none,Valid clean capture
front_0305,datasets/viewpoint/self_clean_v1/front/front_0305.jpg,front,datasets/viewpoint/self/front-oblique/2.jpg,front-oblique,https://www.pexels.com/photo/brown-cow-grazing-in-lam-d-ng-vietnam-32783406/,www.pexels.com,4000,6000,cbab38ed10cf19a52593ecd57bd11f6082cc49f1c5a43470916f905b10d80de1,c280fcf583d37c34,dup_0329,canonical,False,pass,included,none,Valid clean capture
front_0306,datasets/viewpoint/self_clean_v1/front/front_0306.jpg,front,datasets/viewpoint/self/front-oblique/20.jpg,front-oblique,https://www.pexels.com/photo/brown-cow-grazing-in-a-sunny-field-37744869/,www.pexels.com,6192,4128,e760649529b1a99e85fba9ae32cc4cc25bd11d684887100827e6394e5427b8c5,b3e3cc4c733130e5,dup_0330,canonical,False,pass,included,none,Valid clean capture
front_0307,datasets/viewpoint/self_clean_v1/front/front_0307.jpg,front,datasets/viewpoint/self/front-oblique/21.jpg,front-oblique,https://www.pexels.com/photo/brown-cow-standing-in-lush-green-pasture-39431606/,www.pexels.com,7008,4672,692c3a6dc8c3d3f8fee641bcb142e04e0f80692cf8863f95a11c991545fc4988,f0deda60852bba31,dup_0331,canonical,False,pass,included,none,Valid clean capture
front_0308,datasets/viewpoint/self_clean_v1/front/front_0308.jpg,front,datasets/viewpoint/self/front-oblique/22.jpg,front-oblique,https://www.pexels.com/photo/black-and-white-cows-on-the-green-grass-field-10829198/,www.pexels.com,3885,2185,7885d05bd5ada5e67fbe81c5d86e0bc55c7be7eb55db9d5d34da0fa398fa1338,e7d798ec253b2604,dup_0332,canonical,False,pass,included,none,Valid clean capture
front_0309,datasets/viewpoint/self_clean_v1/front/front_0309.jpg,front,datasets/viewpoint/self/front-oblique/23.jpg,front-oblique,https://www.pexels.com/photo/young-calf-in-english-pasture-under-daylight-29637769/,www.pexels.com,6000,4000,e5ed19b08036344ed5f3c555540000a07fe660475a9197aa2329e15739d4f9d5,e5ac989a6727712c,dup_0333,canonical,False,pass,included,none,Valid clean capture
front_0310,datasets/viewpoint/self_clean_v1/front/front_0310.jpg,front,datasets/viewpoint/self/front-oblique/24.jpg,front-oblique,https://www.pexels.com/photo/a-herd-in-the-countryside-14063449/,www.pexels.com,5184,3456,cbb1222e5da42cb23cc9aa7fad0f344a9eb78bf55f719b5017061e1fd03f4d70,f5c68ae8e0e8fc90,dup_0334,canonical,False,pass,included,none,Valid clean capture
front_0311,datasets/viewpoint/self_clean_v1/front/front_0311.jpg,front,datasets/viewpoint/self/front-oblique/25.jpg,front-oblique,https://www.pexels.com/photo/pastoral-scene-with-a-brown-cow-in-denmark-32813919/,www.pexels.com,6240,4160,39178501c490ed23e81166f3699f6715292bed3e1fee410eb463e2b3d466f125,f44fcb6472464c4b,dup_0335,canonical,False,pass,included,none,Valid clean capture
front_0312,datasets/viewpoint/self_clean_v1/front/front_0312.jpg,front,datasets/viewpoint/self/front-oblique/26.jpg,front-oblique,https://www.pexels.com/photo/cows-grazing-on-a-grassy-field-with-mountains-in-the-background-like-they-re-in-a-postcard-28424344/,www.pexels.com,3456,4608,35d671de4793094faafa225605144ff698a13587a62b569b49d18ca87b469441,e3199c6a1394e87b,dup_0336,canonical,False,pass,included,none,Valid clean capture
front_0313,datasets/viewpoint/self_clean_v1/front/front_0313.jpg,front,datasets/viewpoint/self/front-oblique/27.jpg,front-oblique,https://www.pexels.com/photo/brown-cow-grazing-in-lush-green-field-32475448/,www.pexels.com,6000,4000,dad32e5736e0917b22e3b1d6aea51bce0de0ec2b8ef6fa251df910e35059b7ff,879331ecdc1f5d08,dup_0337,canonical,False,pass,included,none,Valid clean capture
front_0314,datasets/viewpoint/self_clean_v1/front/front_0314.jpg,front,datasets/viewpoint/self/front-oblique/28.jpg,front-oblique,https://www.pexels.com/photo/brown-cow-grazing-in-lush-green-pasture-38688908/,www.pexels.com,6224,4672,dfabbcfc1690b78b5376ef4681d1620e3743957e5cb7f0c809a06674c259b0ae,d25a6c6ccc9e9233,dup_0338,canonical,False,pass,included,none,Valid clean capture
front_0315,datasets/viewpoint/self_clean_v1/front/front_0315.jpg,front,datasets/viewpoint/self/front-oblique/29.jpg,front-oblique,https://www.pexels.com/photo/cow-by-the-forest-20786416/,www.pexels.com,4023,5029,19e4454b8c3d73888a480a859073fb33f4c9fe6331d2eb8d7676a514b55c5af5,991de66219a9b678,dup_0339,canonical,False,pass,included,none,Valid clean capture
front_0316,datasets/viewpoint/self_clean_v1/front/front_0316.jpg,front,datasets/viewpoint/self/front-oblique/3.jpg,front-oblique,https://www.pexels.com/photo/shallow-focus-photo-of-brown-cow-3114145/,www.pexels.com,5011,3341,ba8fbb965b382286e12669842372891d51cc97d22fa122da699421ad239c07d9,d0714f4a62e3ed94,dup_0340,canonical,False,pass,included,none,Valid clean capture
front_0317,datasets/viewpoint/self_clean_v1/front/front_0317.jpg,front,datasets/viewpoint/self/front-oblique/30.jpg,front-oblique,https://www.pexels.com/photo/cows-on-pasture-18302415/,www.pexels.com,3008,2000,e9c85977e12e02e220e67853ba87ab978a238996851f39a6fbbd9d6d4d899fe8,99c78aa4baf3c24c,dup_0341,canonical,False,pass,included,none,Valid clean capture
front_0318,datasets/viewpoint/self_clean_v1/front/front_0318.jpg,front,datasets/viewpoint/self/front-oblique/31.jpg,front-oblique,https://www.pexels.com/photo/holstein-friesian-cow-grazing-on-green-pasture-28610351/,www.pexels.com,6000,4000,503f4a5a0d2979dd78f46059c0c4fe3e04a993592232cde2d022b202a3a22afc,a56198cee631d93a,dup_0342,canonical,False,pass,included,none,Valid clean capture
front_0319,datasets/viewpoint/self_clean_v1/front/front_0319.jpg,front,datasets/viewpoint/self/front-oblique/32.jpg,front-oblique,https://www.pexels.com/photo/a-brown-cow-standing-in-front-of-a-brick-wall-27348306/,www.pexels.com,7008,3944,6ed5d39b81b4de134e2362283d4d0b10fc2341b9ddb86804b3102e8454fd436f,c3e61f3c267e6860,dup_0343,canonical,False,pass,included,none,Valid clean capture
front_0320,datasets/viewpoint/self_clean_v1/front/front_0320.jpg,front,datasets/viewpoint/self/front-oblique/33.jpg,front-oblique,https://www.pexels.com/photo/cow-in-black-and-white-20206819/,www.pexels.com,5184,3456,de9c89d5b5d7390bc28c3db62f4b0300ed62d64839342bdb36549b8ceba95410,98cb2538cd3a36e3,dup_0344,canonical,False,pass,included,none,Valid clean capture
front_0321,datasets/viewpoint/self_clean_v1/front/front_0321.jpg,front,datasets/viewpoint/self/front-oblique/34.jpg,front-oblique,https://www.pexels.com/photo/white-cow-grazing-in-a-rustic-farm-paddock-33963135/,www.pexels.com,6032,4020,2e14eecf8e161f8137fa66b44d3f0ae9c9d0db0acaf49f329a5a78fae3025e2e,8ed0707c6183ef1d,dup_0345,canonical,False,pass,included,none,Valid clean capture
front_0322,datasets/viewpoint/self_clean_v1/front/front_0322.jpg,front,datasets/viewpoint/self/front-oblique/35.jpg,front-oblique,https://www.pexels.com/photo/girl-in-blue-dress-standing-beside-cow-on-green-grass-field-4919674/,www.pexels.com,2333,3500,6d1f0e7c2afbff7103758c64700dcb17b3197552bd3e227b2e26dc2022776a5b,b4eaceb4b8e9061a,dup_0346,canonical,False,pass,included,none,Valid clean capture
front_0323,datasets/viewpoint/self_clean_v1/front/front_0323.jpg,front,datasets/viewpoint/self/front-oblique/36.jpg,front-oblique,https://www.pexels.com/photo/young-cow-grazing-near-a-fenced-sports-field-38798394/,www.pexels.com,6716,4922,291600e5aae35b434955b3ea21f73fdb0e52dfeae1437296eec1ab7cadb3c389,90493fb24d56f29c,dup_0347,canonical,False,pass,included,none,Valid clean capture
front_0324,datasets/viewpoint/self_clean_v1/front/front_0324.jpg,front,datasets/viewpoint/self/front-oblique/37.jpg,front-oblique,https://www.pexels.com/photo/black-cattle-on-bed-of-yellow-petaled-flowers-1175048/,www.pexels.com,4577,3051,26c1e55402f555304535e517a27fabee07c175c67614be46eabf37099deb526f,a749182666c95bde,dup_0348,canonical,False,pass,included,none,Valid clean capture
front_0325,datasets/viewpoint/self_clean_v1/front/front_0325.jpg,front,datasets/viewpoint/self/front-oblique/38.jpg,front-oblique,https://www.pexels.com/photo/a-brown-cow-walking-in-a-pasture-13714194/,www.pexels.com,4000,6000,2da547ca9e4edb0f6a268d25c4943fd4a0cba2da79cd1894e8be6d640014f2ba,95cdfa724c0e919c,dup_0349,canonical,False,pass,included,none,Valid clean capture
front_0326,datasets/viewpoint/self_clean_v1/front/front_0326.jpg,front,datasets/viewpoint/self/front-oblique/39.jpg,front-oblique,https://www.pexels.com/photo/a-black-and-white-cow-8064052/,www.pexels.com,4240,2832,ad4025e90a648d83122f7b2bd5f2a5508e3d514053e353d098990135dc43b3f6,e5e5989e12595939,dup_0350,canonical,False,pass,included,none,Valid clean capture
front_0327,datasets/viewpoint/self_clean_v1/front/front_0327.jpg,front,datasets/viewpoint/self/front-oblique/4.jpg,front-oblique,https://www.pexels.com/photo/rind-27896657/,www.pexels.com,6240,4160,a1f15752e0cec406418f69e20ac6cfdb634b04dcdb94c2683954d3bb17817776,d3e866362ce43399,dup_0351,canonical,False,pass,included,none,Valid clean capture
front_0328,datasets/viewpoint/self_clean_v1/front/front_0328.jpg,front,datasets/viewpoint/self/front-oblique/40.jpg,front-oblique,https://www.pexels.com/photo/selective-focus-photo-of-a-brown-and-white-cow-on-dry-grass-3114146/,www.pexels.com,5011,3341,936ca0605c43239ba910415ebf2dfa1b707cd95749f486f010b83464c2b212fa,943c4d4e7231a7f4,dup_0352,canonical,False,pass,included,none,Valid clean capture
front_0329,datasets/viewpoint/self_clean_v1/front/front_0329.jpg,front,datasets/viewpoint/self/front-oblique/41.jpg,front-oblique,https://www.pexels.com/photo/brown-cow-grazing-in-eastern-turkey-landscape-31826638/,www.pexels.com,2158,3834,36fd3292f611305a17ee757cbbe1b77aa439d40e287798fb31ba531d5e868fb6,add31067bad06ee0,dup_0353,canonical,False,pass,included,none,Valid clean capture
front_0330,datasets/viewpoint/self_clean_v1/front/front_0330.jpg,front,datasets/viewpoint/self/front-oblique/42.jpg,front-oblique,https://www.pexels.com/photo/majestic-cow-in-a-sri-lankan-pasture-at-sunrise-37121932/,www.pexels.com,5203,3469,4006c72dd9c1b6695d56e9c4c77ba9008b7c44b88c30d0bfbedb0cb7db8b6c3a,b68c891b16747ce3,dup_0354,canonical,False,pass,included,none,Valid clean capture
front_0331,datasets/viewpoint/self_clean_v1/front/front_0331.jpg,front,datasets/viewpoint/self/front-oblique/43.jpg,front-oblique,https://www.pexels.com/photo/brown-and-white-cow-grazing-in-danish-field-32813914/,www.pexels.com,6206,4136,f549d20ba82b64a6fd19505e073982f5c2912a115ef26613dbe497b5c2139293,c65a516d2fa2929d,dup_0355,canonical,False,pass,included,none,Valid clean capture
front_0332,datasets/viewpoint/self_clean_v1/front/front_0332.jpg,front,datasets/viewpoint/self/front-oblique/44.jpg,front-oblique,https://www.pexels.com/photo/cow-on-green-field-18160471/,www.pexels.com,4160,5200,97f30dcac9ed23fde7bd26f97feb12d6570eb7a8086d9f048ea3d702598c51c8,99cecc614b0dd8e3,dup_0356,canonical,False,pass,included,none,Valid clean capture
front_0333,datasets/viewpoint/self_clean_v1/front/front_0333.jpg,front,datasets/viewpoint/self/front-oblique/45.jpg,front-oblique,https://www.pexels.com/photo/spotted-cows-on-pasture-in-summertime-4766371/,www.pexels.com,5472,3648,26d25f7650b0c0512e58be1f652b27186e6d6e95a14a78b3ab7e91a0f1f222dc,9282a0f16e771f99,dup_0357,canonical,False,pass,included,none,Valid clean capture
front_0334,datasets/viewpoint/self_clean_v1/front/front_0334.jpg,front,datasets/viewpoint/self/front-oblique/46.jpg,front-oblique,https://www.pexels.com/photo/white-cow-on-green-grass-field-13341956/,www.pexels.com,6000,4000,4bee1d8d8562aced566221122514e7c138358715efaf2e6187cff2a167f291de,9a1367e60dd3c299,dup_0358,canonical,False,pass,included,none,Valid clean capture
front_0335,datasets/viewpoint/self_clean_v1/front/front_0335.jpg,front,datasets/viewpoint/self/front-oblique/47.jpg,front-oblique,https://www.pexels.com/photo/young-brown-cow-grazing-in-a-verdant-field-34933947/,www.pexels.com,2087,2624,1d97aaefe1d87ddc1cf298ea44ec8a9aebb0911f6d925d078f836ce3fff6c7f6,b6c8d23f4a7cc489,dup_0359,canonical,False,pass,included,none,Valid clean capture
front_0336,datasets/viewpoint/self_clean_v1/front/front_0336.jpg,front,datasets/viewpoint/self/front-oblique/48.jpg,front-oblique,https://www.pexels.com/photo/photo-of-a-brown-cow-on-green-grass-10549908/,www.pexels.com,4256,2832,076982a34b5a45381d8dbc1dba7a06c9705ead831e0e5ddb6d8d776d1e487940,e6be1c21e09e8fa1,dup_0360,canonical,False,pass,included,none,Valid clean capture
front_0337,datasets/viewpoint/self_clean_v1/front/front_0337.jpg,front,datasets/viewpoint/self/front-oblique/49.jpg,front-oblique,https://www.pexels.com/photo/brown-cow-in-sunny-rural-landscape-39415650/,www.pexels.com,2560,3840,ff27cc582330f8e9caa4e82a4311167a432f310c8414215d89079351d189fcef,b28bc46b3e34c9e2,dup_0361,canonical,False,pass,included,none,Valid clean capture
front_0338,datasets/viewpoint/self_clean_v1/front/front_0338.jpg,front,datasets/viewpoint/self/front-oblique/5.jpg,front-oblique,https://www.pexels.com/photo/brown-cow-on-green-grass-on-a-foggy-day-14248146/,www.pexels.com,3024,4032,2505119c1bcf1100f962d5fd41806100f18e055a726e54f44cf105352ba87baf,edd2a26c5192ac3b,dup_0362,canonical,False,pass,included,none,Valid clean capture
front_0339,datasets/viewpoint/self_clean_v1/front/front_0339.jpg,front,datasets/viewpoint/self/front-oblique/50.jpg,front-oblique,https://www.pexels.com/photo/brown-and-white-cow-in-mountainous-pasture-28750596/,www.pexels.com,4672,7008,35feac79141329605bfcf26b6f90f11182121c48eebbbc9c02afce40ae1849d1,c65839678c9967a6,dup_0363,canonical,False,pass,included,none,Valid clean capture
front_0340,datasets/viewpoint/self_clean_v1/front/front_0340.jpg,front,datasets/viewpoint/self/front-oblique/51.jpg,front-oblique,https://www.pexels.com/photo/brown-cow-near-barn-2452310/,www.pexels.com,3264,4928,6bd5bfb553da67bc682c0dc2e8aca4f22984dcf98ff6c51c8e825792de41387e,e69ff196c2b08686,dup_0364,canonical,False,pass,included,none,Valid clean capture
front_0341,datasets/viewpoint/self_clean_v1/front/front_0341.jpg,front,datasets/viewpoint/self/front-oblique/52.jpg,front-oblique,https://www.pexels.com/photo/brown-and-white-cow-on-unpaved-road-8729085/,www.pexels.com,3024,4032,655f9424e9f63a381dc4a3307058d3ddbf7f00c6cd8ea3145aadaf300e56b0ff,cfd9d9b0a6362aa0,dup_0365,canonical,False,pass,included,none,Valid clean capture
front_0342,datasets/viewpoint/self_clean_v1/front/front_0342.jpg,front,datasets/viewpoint/self/front-oblique/53.jpg,front-oblique,https://www.pexels.com/photo/brown-cow-in-rustic-farm-setting-37313324/,www.pexels.com,3911,5866,92c2239a96d6f59589961af1bdf6ef2a7a71caab5f1039cbb79799353541f1ef,e0ec9761614e9f83,dup_0366,canonical,False,pass,included,none,Valid clean capture
front_0343,datasets/viewpoint/self_clean_v1/front/front_0343.jpg,front,datasets/viewpoint/self/front-oblique/54.jpg,front-oblique,https://www.pexels.com/photo/cows-on-pasture-21764389/,www.pexels.com,3680,5521,45d881bc72402c107619c6fbe22e256a4ea9bef02ed6ee4ad64032351b8f5e1f,fc819bb4c9caa515,dup_0367,canonical,False,pass,included,none,Valid clean capture
front_0344,datasets/viewpoint/self_clean_v1/front/front_0344.jpg,front,datasets/viewpoint/self/front-oblique/55.jpg,front-oblique,https://www.pexels.com/photo/brown-and-white-cow-walking-in-green-pasture-37313316/,www.pexels.com,3965,5947,e7c012a486b7b30085e4a2c8d019156179fca36109dbbd6129840cbc33082e2b,c49f3b93c5c64a61,dup_0368,canonical,False,pass,included,none,Valid clean capture
front_0345,datasets/viewpoint/self_clean_v1/front/front_0345.jpg,front,datasets/viewpoint/self/front-oblique/56.jpg,front-oblique,https://www.pexels.com/photo/a-cow-standing-in-a-field-with-fog-in-the-background-18585001/,www.pexels.com,4000,6000,cae0f5c3ea4519d0bc1789d311bfbb450497e0cb149df8f992b33a9dcbe159a0,d5d5aa2b52d23991,dup_0369,canonical,False,pass,included,none,Valid clean capture
front_0346,datasets/viewpoint/self_clean_v1/front/front_0346.jpg,front,datasets/viewpoint/self/front-oblique/57.jpg,front-oblique,https://www.pexels.com/photo/cattle-in-corral-18084945/,www.pexels.com,3264,4928,15bb42741dc96606e8bc6a4e7cb236d8128b62d20abb3f3ff9e5c5ae06438407,85d590dbd584e2d9,dup_0370,canonical,False,pass,included,none,Valid clean capture
front_0347,datasets/viewpoint/self_clean_v1/front/front_0347.jpg,front,datasets/viewpoint/self/front-oblique/58.jpg,front-oblique,https://www.pexels.com/photo/cow-standing-by-trough-with-grass-18137589/,www.pexels.com,4160,6240,f5f78d9c6fe40fc4bb28a4d7850b7181ee1bf9b22fb05e53967c7e9441f07e3b,96e668cc96a7483b,dup_0371,canonical,False,pass,included,none,Valid clean capture
front_0348,datasets/viewpoint/self_clean_v1/front/front_0348.jpg,front,datasets/viewpoint/self/front-oblique/59.jpg,front-oblique,https://www.pexels.com/photo/cow-on-green-grass-8864395/,www.pexels.com,3264,4928,5f3f28de0530f39d206d1f3bd31cb50d2597d6166384039e982e7e4b3d7ba35d,e2d63f2e2e130b26,dup_0372,canonical,False,pass,included,none,Valid clean capture
front_0349,datasets/viewpoint/self_clean_v1/front/front_0349.jpg,front,datasets/viewpoint/self/front-oblique/6.jpg,front-oblique,https://www.pexels.com/photo/brown-and-white-cow-grazing-on-alpine-meadow-36506251/,www.pexels.com,6000,4000,00e95fe6756cb5b9f0117f293ddeeb72866e80da0802a4af25b25598f2ab336f,f1f84e0fb3304ccc,dup_0373,canonical,False,pass,included,none,Valid clean capture
front_0350,datasets/viewpoint/self_clean_v1/front/front_0350.jpg,front,datasets/viewpoint/self/front-oblique/60.jpg,front-oblique,https://www.pexels.com/photo/cow-on-a-grassfield-in-the-countryside-by-the-mountains-18055206/,www.pexels.com,4160,6240,afb8cf566ca79703ab5606cd1b6d5a190f1f0a1b8da548102c5e0a638697a81b,c0fed7852638939c,dup_0374,canonical,False,pass,included,none,Valid clean capture
front_0351,datasets/viewpoint/self_clean_v1/front/front_0351.jpg,front,datasets/viewpoint/self/front-oblique/61.jpg,front-oblique,https://www.pexels.com/photo/portrait-of-cow-in-summer-field-5667703/,www.pexels.com,5616,3744,c0c14a389457e44d6d6062b00d4eda405f0e873b8a5dcb82d0ef4a72b6b9bf7c,a6c198e678596e66,dup_0375,canonical,False,pass,included,none,Valid clean capture
front_0352,datasets/viewpoint/self_clean_v1/front/front_0352.jpg,front,datasets/viewpoint/self/front-oblique/62.jpg,front-oblique,https://www.pexels.com/photo/a-cow-standing-in-a-field-with-a-collar-on-28183560/,www.pexels.com,3456,5184,59fa72d4d4b7ecb92bb8fdd1c3c55f27ef1b5fb0f814653ef59cfa7c77019d61,d84333bc4dc732cc,dup_0376,canonical,False,pass,included,none,Valid clean capture
front_0353,datasets/viewpoint/self_clean_v1/front/front_0353.jpg,front,datasets/viewpoint/self/front-oblique/63.jpg,front-oblique,https://www.pexels.com/photo/cows-grazing-on-mountain-pasture-17577098/,www.pexels.com,3024,4032,6e262f51f55a1befd6dfe4dccf8105077fd6eb3ebf381de5d892e075831a88b0,b6823f2709a5ac4f,dup_0377,canonical,False,pass,included,none,Valid clean capture
front_0354,datasets/viewpoint/self_clean_v1/front/front_0354.jpg,front,datasets/viewpoint/self/front-oblique/64.jpg,front-oblique,https://www.pexels.com/photo/majestic-cow-in-scenic-mountain-landscape-36378973/,www.pexels.com,3072,4096,ccf24354f31e3ce7b54902ec4f72a3535e37b63ed3a7cd6faa270cf0de07e60e,94b6e3d85e692a1c,dup_0378,canonical,False,pass,included,none,Valid clean capture
front_0355,datasets/viewpoint/self_clean_v1/front/front_0355.jpg,front,datasets/viewpoint/self/front-oblique/65.jpg,front-oblique,https://www.pexels.com/photo/olympus-digital-camera-27966285/,www.pexels.com,3456,4608,de705eef12d44c1ab096a1b79d22143e218fdda8f78f36a8f89aab2ef260e5e4,f249766b5c781d0c,dup_0379,canonical,False,pass,included,none,Valid clean capture
front_0356,datasets/viewpoint/self_clean_v1/front/front_0356.jpg,front,datasets/viewpoint/self/front-oblique/66.jpg,front-oblique,https://www.pexels.com/photo/young-brown-cow-grazing-in-scenic-pastureland-28463883/,www.pexels.com,5152,7728,672599ef6e703e3018e1c68f08ed41c88f0d2126bda9dee2ffc0e7c3455ff444,d59d8dc2ca2e33c8,dup_0380,canonical,False,pass,included,none,Valid clean capture
front_0357,datasets/viewpoint/self_clean_v1/front/front_0357.jpg,front,datasets/viewpoint/self/front-oblique/67.jpg,front-oblique,https://www.pexels.com/photo/cattle-on-green-grass-2291001/,www.pexels.com,5000,3000,ef707c1cc36dd7a4d1f0e01316c88cbc0c9bc3e959efba1d81918b977d4fa99c,8e85f37a2485fad0,dup_0381,canonical,False,pass,included,none,Valid clean capture
front_0358,datasets/viewpoint/self_clean_v1/front/front_0358.jpg,front,datasets/viewpoint/self/front-oblique/68.jpg,front-oblique,https://www.pexels.com/photo/brown-cow-grazing-in-bavarian-alps-37968740/,www.pexels.com,3738,5607,48fd8202a2e2503c5ab78344fab2e3664e6cc6e18c92c8610adba7e66c888f55,93b3ebcc5c8c8383,dup_0382,canonical,False,pass,included,none,Valid clean capture
front_0359,datasets/viewpoint/self_clean_v1/front/front_0359.jpg,front,datasets/viewpoint/self/front-oblique/69.jpg,front-oblique,https://www.pexels.com/photo/a-cow-standing-on-a-grassy-hillside-27330874/,www.pexels.com,3648,5472,7cb778838f96087bf938b10aac484bcf5d1ad436ec0612c78fde8d304437eeca,c933727983740dc7,dup_0383,canonical,False,pass,included,none,Valid clean capture
front_0360,datasets/viewpoint/self_clean_v1/front/front_0360.jpg,front,datasets/viewpoint/self/front-oblique/7.jpg,front-oblique,https://www.pexels.com/photo/a-close-up-shot-of-a-cow-on-grass-7073344/,www.pexels.com,5184,3456,5a53a1c969c16f1fd87ed2a7a30109026c53a9f0a2e62a2d940bd8173bf4bb2d,a7cf1b39206445f9,dup_0384,canonical,False,pass,included,none,Valid clean capture
front_0361,datasets/viewpoint/self_clean_v1/front/front_0361.jpg,front,datasets/viewpoint/self/front-oblique/70.jpg,front-oblique,https://www.pexels.com/photo/brown-cow-in-scenic-italian-mountain-landscape-34457584/,www.pexels.com,3657,5486,fc45912b6f534b5de985d29132850cb6317bf7ca7425667039b5fb8a2804ed3a,d1d0c8b7bd4ee211,dup_0385,canonical,False,pass,included,none,Valid clean capture
front_0362,datasets/viewpoint/self_clean_v1/front/front_0362.jpg,front,datasets/viewpoint/self/front-oblique/71.jpg,front-oblique,https://www.pexels.com/photo/a-cow-standing-in-the-middle-of-a-field-18585733/,www.pexels.com,4000,6000,c0e791c19fa8eff7e9d82e95f2c22c676d92eae7fe8f858d9250b12e59d00695,d58a2a559ca7725a,dup_0386,canonical,False,pass,included,none,Valid clean capture
front_0363,datasets/viewpoint/self_clean_v1/front/front_0363.jpg,front,datasets/viewpoint/self/front-oblique/72.jpg,front-oblique,https://www.pexels.com/photo/brown-cow-in-scenic-pasture-with-ear-tag-38688847/,www.pexels.com,6224,4672,809710b9f5171fb665bd54274932b6eeb1c9831b1222e35476435ed175e2c778,e44e4e645899979b,dup_0387,canonical,False,pass,included,none,Valid clean capture
front_0364,datasets/viewpoint/self_clean_v1/front/front_0364.jpg,front,datasets/viewpoint/self/front-oblique/73.jpg,front-oblique,https://www.pexels.com/photo/close-up-of-cow-grazing-in-a-green-pasture-38688907/,www.pexels.com,6224,4672,00ce9b190f8951f3692a0d078a6f53d76b9991ba32dfadfe7453d7ff2b844d9d,d14949397c459bb3,dup_0388,canonical,False,pass,included,none,Valid clean capture
front_0365,datasets/viewpoint/self_clean_v1/front/front_0365.jpg,front,datasets/viewpoint/self/front-oblique/74.jpg,front-oblique,https://www.pexels.com/photo/santa-gertrudis-and-charolais-cross-28245421/,www.pexels.com,7213,5152,6ec3a2b941e21bcea85766e5f21270d2e7946caf0954d11e81295866c2c1f309,e11c1e33664c9bf2,dup_0389,canonical,False,pass,included,none,Valid clean capture
front_0366,datasets/viewpoint/self_clean_v1/front/front_0366.jpg,front,datasets/viewpoint/self/front-oblique/75.jpg,front-oblique,https://www.pexels.com/photo/photo-of-a-brown-cow-looking-at-the-camera-8808840/,www.pexels.com,6240,4160,c0f6ff5db8fa43bceae1e08420e9457a2892a167bb4a2b0a8e0aecc4ccc7b37f,c719696b33346e51,dup_0390,canonical,False,pass,included,none,Valid clean capture
front_0367,datasets/viewpoint/self_clean_v1/front/front_0367.jpg,front,datasets/viewpoint/self/front-oblique/76.jpg,front-oblique,https://www.pexels.com/photo/black-cow-on-green-grass-field-10357326/,www.pexels.com,5424,3511,445b12e91fce4c2ed402bc28cee2dc77ff871b3fbc15375f13ebc384fcac7454,a13d4c4733fbc80d,dup_0391,canonical,False,pass,included,none,Valid clean capture
front_0368,datasets/viewpoint/self_clean_v1/front/front_0368.jpg,front,datasets/viewpoint/self/front-oblique/77.jpg,front-oblique,https://www.pexels.com/photo/cows-on-a-meadow-21371873/,www.pexels.com,5184,3456,40cedec12f89c2d6a12d3dace7b84d71298bdbfcbcab7d4a1e7c69840319e154,fab5859a9a83c9c8,dup_0392,canonical,False,pass,included,none,Valid clean capture
front_0369,datasets/viewpoint/self_clean_v1/front/front_0369.jpg,front,datasets/viewpoint/self/front-oblique/78.jpg,front-oblique,https://www.pexels.com/photo/cow-group-in-a-field-in-uruguay-17956252/,www.pexels.com,6000,4000,fd35664c1adab087f73dc8d1a23976e5b3972b98e21d2449c0a59a275826538b,8c8193f3ec4fc4d2,dup_0393,canonical,False,pass,included,none,Valid clean capture
front_0370,datasets/viewpoint/self_clean_v1/front/front_0370.jpg,front,datasets/viewpoint/self/front-oblique/79.jpg,front-oblique,https://www.pexels.com/photo/brown-and-white-cows-on-green-grass-field-10751511/,www.pexels.com,6000,4000,bbadb96e0f7fc2c29302aad54911a5e0aa18489847764657d9eba9443949deb8,844b533c8f9b9c6c,dup_0394,canonical,False,pass,included,none,Valid clean capture
front_0371,datasets/viewpoint/self_clean_v1/front/front_0371.jpg,front,datasets/viewpoint/self/front-oblique/8.jpg,front-oblique,https://www.pexels.com/photo/portrait-of-cow-standing-in-pasture-248337/,www.pexels.com,6000,4000,7e92b99ed7db26be95a86e99082d36d343ea31e8073a50fb73110a02b9d18282,e34714b86c9cf22d,dup_0395,canonical,False,pass,included,none,Valid clean capture
front_0372,datasets/viewpoint/self_clean_v1/front/front_0372.jpg,front,datasets/viewpoint/self/front-oblique/80.jpg,front-oblique,https://www.pexels.com/photo/hereford-cattles-on-a-field-14514729/,www.pexels.com,2739,1825,3ba1a0b7a9b83b68681b72ed3d8d626dd22b9b381bdf8446324b818ae070ae92,b6d3c92c1673f00e,dup_0396,canonical,False,pass,included,none,Valid clean capture
front_0373,datasets/viewpoint/self_clean_v1/front/front_0373.jpg,front,datasets/viewpoint/self/front-oblique/81.jpg,front-oblique,https://www.pexels.com/photo/cows-on-a-meadow-10819019/,www.pexels.com,4439,3456,bbcc05cd275357057ea223df989d732fd0989953c6c0f6722b44a33da4aaa578,8d939668e9b6868d,dup_0397,canonical,False,pass,included,none,Valid clean capture
front_0374,datasets/viewpoint/self_clean_v1/front/front_0374.jpg,front,datasets/viewpoint/self/front-oblique/82.jpg,front-oblique,https://www.pexels.com/photo/hereford-cow-grazing-in-golden-sunset-field-29474126/,www.pexels.com,4898,3265,ae7f813b565fb7c9344be35dc4a200979ebfe8cbd3f64776e50380eea322ea15,d1b34ecc4cee9078,dup_0398,canonical,False,pass,included,none,Valid clean capture
front_0375,datasets/viewpoint/self_clean_v1/front/front_0375.jpg,front,datasets/viewpoint/self/front-oblique/83.jpg,front-oblique,https://www.pexels.com/photo/cattles-on-a-grass-field-14205853/,www.pexels.com,4000,3000,4280e063b991c5da51839e3207ec88db407de6ad47a0c849d5872bfe3349df52,b294c6b1d8c6e7c8,dup_0399,canonical,False,pass,included,none,Valid clean capture
front_0376,datasets/viewpoint/self_clean_v1/front/front_0376.jpg,front,datasets/viewpoint/self/front-oblique/84.jpg,front-oblique,https://www.pexels.com/photo/cows-on-a-grassy-field-7626240/,www.pexels.com,3079,3849,0fd0ad339ea7cb0a283bc5decdec0867f79d5beeab3633e649ef16f193116ef6,83f4595523a7c95c,dup_0400,canonical,False,pass,included,none,Valid clean capture
front_0377,datasets/viewpoint/self_clean_v1/front/front_0377.jpg,front,datasets/viewpoint/self/front-oblique/85.jpg,front-oblique,https://www.pexels.com/photo/woman-seated-in-car-observing-cow-in-pasture-29817162/,www.pexels.com,4672,7008,476353aeeca2fe594e877963451d943f84b68947ebcfc10436da1cd2f822f58d,f57b6802c439f8b1,dup_0401,canonical,False,pass,included,none,Valid clean capture
front_0378,datasets/viewpoint/self_clean_v1/front/front_0378.jpg,front,datasets/viewpoint/self/front-oblique/86.jpg,front-oblique,https://www.pexels.com/photo/brahman-calf-standing-in-sunny-field-31489672/,www.pexels.com,4000,6000,e87eedf63f398bd684641aa47a53fcc62272647998343ad817b2b2c9b6e463b0,b06606c36cdc9cd7,dup_0402,canonical,False,pass,included,none,Valid clean capture
front_0379,datasets/viewpoint/self_clean_v1/front/front_0379.jpg,front,datasets/viewpoint/self/front-oblique/87.jpg,front-oblique,https://www.pexels.com/photo/holstein-cow-grazing-in-a-pastoral-landscape-31870284/,www.pexels.com,6240,4160,51a5398d0e7ab58cb20973de825bbe02febfcc79b20ac82ef89efd58a6d2e5db,f780f9c396694133,dup_0403,canonical,False,pass,included,none,Valid clean capture
front_0380,datasets/viewpoint/self_clean_v1/front/front_0380.jpg,front,datasets/viewpoint/self/front-oblique/88.jpg,front-oblique,https://www.pexels.com/photo/brown-and-white-calves-grazing-in-pasture-29057172/,www.pexels.com,4000,3000,010f7fc4266c939f829b738b21b513b958737009cad7b626dc5bdbc58eb7e46c,9c14426abdb5d2da,dup_0404,canonical,False,pass,included,none,Valid clean capture
front_0381,datasets/viewpoint/self_clean_v1/front/front_0381.jpg,front,datasets/viewpoint/self/front-oblique/89.jpg,front-oblique,https://www.pexels.com/photo/swiss-cow-grazing-in-alpine-pasture-33016767/,www.pexels.com,6064,4040,7ed8a9eeacb03e63370cfbf7d6ed5eb7e3c2fff94d24c46a0c505ac536be6deb,c3433d3c3617ca8d,dup_0405,canonical,False,pass,included,none,Valid clean capture
front_0382,datasets/viewpoint/self_clean_v1/front/front_0382.jpg,front,datasets/viewpoint/self/front-oblique/9.jpg,front-oblique,https://www.pexels.com/photo/brown-cow-standing-in-lush-green-pasture-32220692/,www.pexels.com,6000,4000,24c976223e686aa9527b60b33d6deb8c7088034022380e10a6dbcbccc6a97aac,e34e4cb3b6cc390c,dup_0406,canonical,False,pass,included,none,Valid clean capture
front_0383,datasets/viewpoint/self_clean_v1/front/front_0383.jpg,front,datasets/viewpoint/self/front-oblique/90.jpg,front-oblique,https://www.pexels.com/photo/brown-swiss-cow-grazing-in-italian-alps-meadow-39427129/,www.pexels.com,3456,4608,d4731b0cc9895bdc476b11a89362c662ea9bbd707bd5725edccb0c2a366a7b6e,f9440d30c2df78e3,dup_0407,canonical,False,pass,included,none,Valid clean capture
front_0384,datasets/viewpoint/self_clean_v1/front/front_0384.jpg,front,datasets/viewpoint/self/front-oblique/91.jpg,front-oblique,https://www.pexels.com/photo/brown-cow-grazing-on-an-alpine-hillside-in-fog-35768887/,www.pexels.com,4032,3024,975ca6f66840a7c0d830d20c8979e0fcd4ad18b720d54761539763ea06a8570f,b0d74f2c1063bdca,dup_0408,canonical,False,pass,included,none,Valid clean capture
front_0385,datasets/viewpoint/self_clean_v1/front/front_0385.jpg,front,datasets/viewpoint/self/front-oblique/92.jpg,front-oblique,https://www.pexels.com/photo/photo-of-a-brown-cow-on-green-grass-10549954/,www.pexels.com,4256,2832,1151e42237217051f4f256aa29300f03963277cbdcad2a2fc2bfb56146b8373b,f0cf3f33c58d0a60,dup_0409,canonical,False,pass,included,none,Valid clean capture
front_0386,datasets/viewpoint/self_clean_v1/front/front_0386.jpg,front,datasets/viewpoint/self/front-oblique/93.jpg,front-oblique,https://www.pexels.com/photo/a-white-and-brown-cow-12264384/,www.pexels.com,3876,2584,d1821adbfd700e5eceece0488dffe2f88638940c4432e4880c2b46e245c513c6,f5a18e9a662c3936,dup_0410,canonical,False,pass,included,none,Valid clean capture
front_0387,datasets/viewpoint/self_clean_v1/front/front_0387.jpg,front,datasets/viewpoint/self/front-oblique/94.jpg,front-oblique,https://www.pexels.com/photo/brown-cow-grazing-in-bavarian-alps-at-sunset-32797653/,www.pexels.com,3876,2584,cef5dd98a4fd0a484fdbc6b5513e51cd1b22d7740c7ccb60227f7d83c94b968d,fab3c1c8c46623d3,dup_0411,canonical,False,pass,included,none,Valid clean capture
front_0388,datasets/viewpoint/self_clean_v1/front/front_0388.jpg,front,datasets/viewpoint/self/front-oblique/95.jpg,front-oblique,https://www.pexels.com/photo/brown-and-white-cow-on-green-grass-field-9479987/,www.pexels.com,4000,2250,d22f2451f464e7a3420c142ee46c2658a2f9052b59327fe641154a53820e3945,9594eaab8671a1f4,dup_0412,canonical,False,pass,included,none,Valid clean capture
front_0389,datasets/viewpoint/self_clean_v1/front/front_0389.jpg,front,datasets/viewpoint/self/front-oblique/96.jpg,front-oblique,https://www.pexels.com/photo/cow-on-grassland-18636218/,www.pexels.com,5616,3744,a499a82793e1f0c63596539d6dc494c96da4fd061fca0e8259a831dcfd63bffc,c0c0ffb9c1c8d574,dup_0413,canonical,False,pass,included,none,Valid clean capture
front_0390,datasets/viewpoint/self_clean_v1/front/front_0390.jpg,front,datasets/viewpoint/self/front-oblique/97.jpg,front-oblique,https://www.pexels.com/photo/close-up-of-a-cow-in-the-pasture-13450767/,www.pexels.com,4000,6000,76f16aa88b946878ab6073748d55ae9f9eaf4bc78e74a5d5e116f6cc68ddca5b,e79098296edad931,dup_0414,canonical,False,pass,included,none,Valid clean capture
front_0391,datasets/viewpoint/self_clean_v1/front/front_0391.jpg,front,datasets/viewpoint/self/front-oblique/98.jpg,front-oblique,https://www.pexels.com/photo/a-black-cow-standing-in-a-field-27207621/,www.pexels.com,8640,5760,80a1574becd5b48de7448a4aa9fbf763a5a4fe8f8839f2bde77a04a24fc38913,e9bcd64341e17c1a,dup_0415,canonical,False,pass,included,none,Valid clean capture
front_0392,datasets/viewpoint/self_clean_v1/front/front_0392.jpg,front,datasets/viewpoint/self/front-oblique/99.jpg,front-oblique,https://www.pexels.com/photo/indian-cow-on-a-green-misty-mountain-16967612/,www.pexels.com,4000,6000,1692f3a477d5c882578ddcc53bb5c688f8c25f587350896d0e448da501f7a467,b4bccb43253c1c9b,dup_0416,canonical,False,pass,included,none,Valid clean capture
rear_0001,datasets/viewpoint/self_clean_v1/rear/rear_0001.jpg,rear,datasets/viewpoint/self/Cow_/rear/1.jpg,rear,https://www.pexels.com/photo/a-boy-caring-for-herd-of-cattles-9430114/,www.pexels.com,5472,3648,6cd6cd811545779265fa275765eb41aff11542ba6bbd0a05c5bc71e2cf40a8ef,d0074f729ea97239,dup_0244,canonical,False,pass,included,none,Valid clean capture
rear_0002,datasets/viewpoint/self_clean_v1/rear/rear_0002.jpg,rear,datasets/viewpoint/self/Cow_/rear/12.jpg,rear,https://www.pexels.com/photo/herding-cattle-on-a-rural-sicilian-road-29527210/,www.pexels.com,4140,3312,15468234e25cf7adf8941a783fdf6fe5d8754f5e8f3df3a2657a540347bedca6,f7cc88275a50f48b,dup_0247,canonical,False,pass,included,none,Valid clean capture
rear_0003,datasets/viewpoint/self_clean_v1/rear/rear_0003.jpg,rear,datasets/viewpoint/self/Cow_/rear/14.jpg,rear,https://www.pexels.com/photo/farmer-with-oxen-in-field-15275563/,www.pexels.com,4000,6000,b1ca16ed9b34910f8d84e7566d4dcd858210863986541059c2316751ee26b831,fcd7accba46a0921,dup_0249,canonical,False,pass,included,none,Valid clean capture
rear_0004,datasets/viewpoint/self_clean_v1/rear/rear_0004.jpg,rear,datasets/viewpoint/self/Cow_/rear/15.jpg,rear,https://www.pexels.com/photo/elderly-man-standing-beside-the-carabao-15276182/,www.pexels.com,3072,4608,b1eca437bdef0c40c7485d61fe2cf8bbee4b88659383f8f79d51244997a5e9ce,dc51c9bcc380365f,dup_0250,canonical,False,pass,included,none,Valid clean capture
rear_0005,datasets/viewpoint/self_clean_v1/rear/rear_0005.jpg,rear,datasets/viewpoint/self/Cow_/rear/16.jpg,rear,https://www.pexels.com/photo/farmer-and-pair-of-oxen-plowing-land-16509955/,www.pexels.com,2563,3845,1bf4bdc1154ea3afc8ca8b1e79981fdf008a8216b4df314a248a28fc9439161d,99e624d9f80f3652,dup_0251,canonical,False,pass,included,none,Valid clean capture
rear_0006,datasets/viewpoint/self_clean_v1/rear/rear_0006.jpg,rear,datasets/viewpoint/self/Cow_/rear/17.jpg,rear,https://www.pexels.com/photo/herd-of-cattle-grazing-along-the-rural-roadside-36298877/,www.pexels.com,4000,6000,e510f89e2d97e2b858fe13de6dbf904cc272325b13e44c626a334833c9d5f33e,d9e6a71964c89966,dup_0252,canonical,False,pass,included,none,Valid clean capture
rear_0007,datasets/viewpoint/self_clean_v1/rear/rear_0007.jpg,rear,datasets/viewpoint/self/Cow_/rear/18.jpg,rear,https://www.pexels.com/photo/cattle-grazing-in-valle-del-cauca-landscape-38511263/,www.pexels.com,2499,3749,0889adb9ff576666407e9aed54e16768917520a50eb3e79ff80b5340cf92f459,9b892c5e67e52436,dup_0253,canonical,False,pass,included,none,Valid clean capture
rear_0008,datasets/viewpoint/self_clean_v1/rear/rear_0008.jpg,rear,datasets/viewpoint/self/Cow_/rear/19.jpg,rear,https://www.pexels.com/photo/cowboy-herding-cattle-on-brazilian-ranch-31173079/,www.pexels.com,5184,3456,d27cc24f0f4de98b9d6368c184af799597f0194c22b8d18e3b5ea42506c9283a,892a4eb0937fa8d9,dup_0254,canonical,False,pass,included,none,Valid clean capture
rear_0009,datasets/viewpoint/self_clean_v1/rear/rear_0009.jpg,rear,datasets/viewpoint/self/Cow_/rear/2.jpg,rear,https://www.pexels.com/photo/a-person-walking-with-cows-on-paved-road-9497547/,www.pexels.com,5019,3346,00b69a8d2248aefa20b9f685064e64be8543645f9b2cccd13ad1be7b954d8f64,b6c6c9784871c63e,dup_0255,canonical,False,pass,included,none,Valid clean capture
rear_0010,datasets/viewpoint/self_clean_v1/rear/rear_0010.jpg,rear,datasets/viewpoint/self/Cow_/rear/20.jpg,rear,https://www.pexels.com/photo/shepherd-guiding-herd-through-azerbaijani-village-32416053/,www.pexels.com,6000,4000,8bcd79cb900960e47c3af13b276f3b2d29f29394daac124d78b0d5186e66cb26,d1c8ccf1b10c6cf3,dup_0256,canonical,False,pass,included,none,Valid clean capture
rear_0011,datasets/viewpoint/self_clean_v1/rear/rear_0011.jpg,rear,datasets/viewpoint/self/Cow_/rear/21.jpg,rear,https://www.pexels.com/photo/a-boy-caring-for-herd-of-cattles-9430114/,www.pexels.com,2156,3234,a27cf3ae5bd8cd4ed61449c1def5286e3fe2d96cc18413270f855e0251bee521,c51b3ae42e53949e,dup_0257,canonical,False,pass,included,none,Valid clean capture
rear_0012,datasets/viewpoint/self_clean_v1/rear/rear_0012.jpg,rear,datasets/viewpoint/self/Cow_/rear/22.jpg,rear,https://www.pexels.com/photo/people-walking-on-road-with-brown-cows-12426052/,www.pexels.com,6000,4000,f67d4ac7adc0f597f1457e8a45717be3a198744daf9f601d1dcfc55807ecabeb,c15accf6cb9904ce,dup_0258,canonical,False,pass,included,none,Valid clean capture
rear_0013,datasets/viewpoint/self_clean_v1/rear/rear_0013.jpg,rear,datasets/viewpoint/self/Cow_/rear/23.jpg,rear,https://www.pexels.com/photo/traditional-cattle-driving-in-rural-bangladesh-37539216/,www.pexels.com,3483,3534,6df24060d96ab64226f91689059330f563992e9392012822e47fa03a465bcf3a,9fe0c49f70678c38,dup_0259,canonical,False,pass,included,none,Valid clean capture
rear_0014,datasets/viewpoint/self_clean_v1/rear/rear_0014.jpg,rear,datasets/viewpoint/self/Cow_/rear/4.jpg,rear,https://www.pexels.com/photo/herd-of-cows-grazing-in-rural-palu-turkiye-32608475/,www.pexels.com,4329,5774,22b3440a409ee5e7782d31ee113d01dde40945f148921e1c2047c867d55e015d,d4e1de4270f5a986,dup_0261,canonical,False,pass,included,none,Valid clean capture
rear_0015,datasets/viewpoint/self_clean_v1/rear/rear_0015.jpg,rear,datasets/viewpoint/self/Cow_/rear/5.jpg,rear,https://www.pexels.com/photo/cows-in-a-field-19808773/,www.pexels.com,3024,4032,e89ac129818724f47e70c5873c38e554f256c7caca63c0321a84ad59ab987569,e997861339ed8714,dup_0262,canonical,False,pass,included,none,Valid clean capture
rear_0016,datasets/viewpoint/self_clean_v1/rear/rear_0016.jpg,rear,datasets/viewpoint/self/Cow_/rear/6.jpg,rear,https://www.pexels.com/photo/farmer-and-his-cows-12213862/,www.pexels.com,4351,3264,32a78d91a52eb20edacd9675a32739a50528e426b0117d1f84785f0cdbefa428,c6f97b83048f4c66,dup_0263,canonical,False,pass,included,none,Valid clean capture
rear_0017,datasets/viewpoint/self_clean_v1/rear/rear_0017.jpg,rear,datasets/viewpoint/self/Cow_/rear/7.jpg,rear,https://www.pexels.com/photo/farmer-herding-cattle-on-rural-path-in-bangladesh-35239071/,www.pexels.com,3264,4896,bd3c22d688d2650f2bc5eac47352f8880aa177fdda33d2bc4100f045fa364961,89aaf6d55b1e2c21,dup_0264,canonical,False,pass,included,none,Valid clean capture
rear_0018,datasets/viewpoint/self_clean_v1/rear/rear_0018.jpg,rear,datasets/viewpoint/self/Cow_/rear/8.jpg,rear,https://www.pexels.com/photo/rural-life-farmers-herding-cattle-on-country-road-34522584/,www.pexels.com,4000,6000,5f3f0992a6f2ad32fa3c5a508c70a240e495a5796bc094ada9c01399ca0190c5,c7d5d96a32b29690,dup_0265,canonical,False,pass,included,none,Valid clean capture
rear_0019,datasets/viewpoint/self_clean_v1/rear/rear_0019.jpg,rear,datasets/viewpoint/self/Cow_/rear/9.jpg,rear,https://www.pexels.com/photo/woman-herding-cattle-on-forest-pathway-34522583/,www.pexels.com,11648,8736,f983ad4ae0e1cdfa706ec9914b2f4f235c8330b8f2f049dd14bae0edb53464c6,93f28e0d7a25071f,dup_0266,canonical,False,pass,included,none,Valid clean capture
rear_0020,datasets/viewpoint/self_clean_v1/rear/rear_0020.jpg,rear,datasets/viewpoint/self/rear oblique view-updated/1.jpg,rear oblique view-updated,https://www.pexels.com/photo/cow-eating-grass-on-pasture-9960235/,www.pexels.com,4160,6240,8e6af3a5cd90c6430d58bff034c9f93252e9652991c8593f19e0102280cdaf49,b3c94cb6730de432,dup_0245,canonical,False,pass,included,none,Valid clean capture
rear_0021,datasets/viewpoint/self_clean_v1/rear/rear_0021.jpg,rear,datasets/viewpoint/self/rear oblique view-updated/10.jpg,rear oblique view-updated,https://www.kaggle.com/datasets/lawrencejembere/cow-images-for-milk-yield-prediction,www.kaggle.com,3872,2592,dbcf54eaca76e4a0e82c8a4d03d59aaee7e5417de171b53b91d964f7a16d62c6,b2e2e5d59b330526,dup_0417,canonical,False,pass,included,none,Valid clean capture
rear_0022,datasets/viewpoint/self_clean_v1/rear/rear_0022.jpg,rear,datasets/viewpoint/self/rear oblique view-updated/100.jpg,rear oblique view-updated,https://www.kaggle.com/datasets/lawrencejembere/cow-images-for-milk-yield-prediction,www.kaggle.com,3872,2592,991ca8cfe68adef9130666c1dc7ebfa65b9d2440362a76e12e8db27e74ab049d,f08dc3e33a8c9933,dup_0418,canonical,False,pass,included,none,Valid clean capture
rear_0023,datasets/viewpoint/self_clean_v1/rear/rear_0023.jpg,rear,datasets/viewpoint/self/rear oblique view-updated/101.jpg,rear oblique view-updated,https://www.kaggle.com/datasets/lawrencejembere/cow-images-for-milk-yield-prediction,www.kaggle.com,2592,3872,f47c8094f36d50e7e6c2464e683b4d5ca4bf2b6c20e8bc8e66db71b95f342883,8eeed131660e18db,dup_0419,canonical,False,pass,included,none,Valid clean capture
rear_0024,datasets/viewpoint/self_clean_v1/rear/rear_0024.jpg,rear,datasets/viewpoint/self/rear oblique view-updated/102.jpg,rear oblique view-updated,https://www.kaggle.com/datasets/lawrencejembere/cow-images-for-milk-yield-prediction,www.kaggle.com,3872,2592,3e5c3e77413b36b73711baf3c1d6679f20e98ae6de18a53531ca802f637a322b,ade0db2532926d93,dup_0420,canonical,False,pass,included,none,Valid clean capture
rear_0025,datasets/viewpoint/self_clean_v1/rear/rear_0025.jpg,rear,datasets/viewpoint/self/rear oblique view-updated/103.jpg,rear oblique view-updated,https://www.kaggle.com/datasets/lawrencejembere/cow-images-for-milk-yield-prediction,www.kaggle.com,2592,3872,2413f222d3b48ae2a2adaf78c747beb2fa3ebf5dc65457b690314771cc2c66b5,bcbcc1c3c3c5652c,dup_0421,canonical,False,pass,included,none,Valid clean capture
rear_0026,datasets/viewpoint/self_clean_v1/rear/rear_0026.jpg,rear,datasets/viewpoint/self/rear oblique view-updated/104.jpg,rear oblique view-updated,https://www.kaggle.com/datasets/lawrencejembere/cow-images-for-milk-yield-prediction,www.kaggle.com,2592,3872,0ebc3b5c6cdf261d364e2a853819ee698ce5cd1fea6711280f1058d8b7c6984c,eeaee994d0919313,dup_0422,canonical,False,pass,included,none,Valid clean capture
rear_0027,datasets/viewpoint/self_clean_v1/rear/rear_0027.jpg,rear,datasets/viewpoint/self/rear oblique view-updated/105.jpg,rear oblique view-updated,https://www.kaggle.com/datasets/lawrencejembere/cow-images-for-milk-yield-prediction,www.kaggle.com,2592,3872,cfd6b804991e2b7cdd78e907db39c30e729b15b1b55a48adf2c67f93bad3a4bf,80a0d7776ce8b18f,dup_0423,canonical,False,pass,included,none,Valid clean capture
rear_0028,datasets/viewpoint/self_clean_v1/rear/rear_0028.jpg,rear,datasets/viewpoint/self/rear oblique view-updated/106.jpg,rear oblique view-updated,https://www.kaggle.com/datasets/lawrencejembere/cow-images-for-milk-yield-prediction,www.kaggle.com,2592,3872,56f7a246a7da61224e43b6948b31bc22287e5e33ce9db193069a9fc5b802e379,c7e1989c276349dc,dup_0424,canonical,False,pass,included,none,Valid clean capture
rear_0029,datasets/viewpoint/self_clean_v1/rear/rear_0029.jpg,rear,datasets/viewpoint/self/rear oblique view-updated/107.jpg,rear oblique view-updated,https://www.kaggle.com/datasets/lawrencejembere/cow-images-for-milk-yield-prediction,www.kaggle.com,2592,3872,8b31bdcec5d37d841d893ab2463a5588eed14c6197db60be36e27a0f18f71ea8,b7a7e0c8c91d1d70,dup_0425,canonical,False,pass,included,none,Valid clean capture
rear_0030,datasets/viewpoint/self_clean_v1/rear/rear_0030.jpg,rear,datasets/viewpoint/self/rear oblique view-updated/109.jpg,rear oblique view-updated,https://www.kaggle.com/datasets/lawrencejembere/cow-images-for-milk-yield-prediction,www.kaggle.com,2592,3872,de1acf667cc5551227a17c932f0be2f880cd14e4aa1f5521e53a98535c52da0b,c3d19c7ab325455c,dup_0426,canonical,False,pass,included,none,Valid clean capture
rear_0031,datasets/viewpoint/self_clean_v1/rear/rear_0031.jpg,rear,datasets/viewpoint/self/rear oblique view-updated/110.jpg,rear oblique view-updated,https://www.kaggle.com/datasets/lawrencejembere/cow-images-for-milk-yield-prediction,www.kaggle.com,2592,3872,261bfe8f4f4da9f8f3bf2b2cacc6df4f83f624fc9f2fca44def446800dbc5c7c,bffb938484e0c21b,dup_0428,canonical,False,pass,included,none,Valid clean capture
rear_0032,datasets/viewpoint/self_clean_v1/rear/rear_0032.jpg,rear,datasets/viewpoint/self/rear oblique view-updated/111.jpg,rear oblique view-updated,https://www.kaggle.com/datasets/lawrencejembere/cow-images-for-milk-yield-prediction,www.kaggle.com,3872,2592,e325e7922a859bfbe3d53e958da3dee2b06613fa9825be44a782ed1aadf97558,fe87e0f0e23c2703,dup_0429,canonical,False,pass,included,none,Valid clean capture
rear_0033,datasets/viewpoint/self_clean_v1/rear/rear_0033.jpg,rear,datasets/viewpoint/self/rear oblique view-updated/112.jpg,rear oblique view-updated,https://www.kaggle.com/datasets/lawrencejembere/cow-images-for-milk-yield-prediction,www.kaggle.com,3872,2592,52be1d8d6c76bf8cbe795f0974389192bb27e7b0d9a42330f1ad4c968d6ed60a,a54b6492926cdb6b,dup_0430,canonical,False,pass,included,none,Valid clean capture
rear_0034,datasets/viewpoint/self_clean_v1/rear/rear_0034.jpg,rear,datasets/viewpoint/self/rear oblique view-updated/113.jpg,rear oblique view-updated,https://www.kaggle.com/datasets/lawrencejembere/cow-images-for-milk-yield-prediction,www.kaggle.com,3872,2592,73769cf01c10d1a75e18dc72fdc7a82bea2bfb57a064d8e1b311644e4fc50376,b8394e96b54a6237,dup_0431,canonical,False,pass,included,none,Valid clean capture
rear_0035,datasets/viewpoint/self_clean_v1/rear/rear_0035.jpg,rear,datasets/viewpoint/self/rear oblique view-updated/115.jpg,rear oblique view-updated,https://www.kaggle.com/datasets/lawrencejembere/cow-images-for-milk-yield-prediction,www.kaggle.com,2592,3872,0851d572b435bfdc090d13d4cc2f5456c0e839c74049d5ddf1905591e7129c9f,a5c9da52352d29da,dup_0432,canonical,False,pass,included,none,Valid clean capture
rear_0036,datasets/viewpoint/self_clean_v1/rear/rear_0036.jpg,rear,datasets/viewpoint/self/rear oblique view-updated/116.jpg,rear oblique view-updated,https://www.kaggle.com/datasets/lawrencejembere/cow-images-for-milk-yield-prediction,www.kaggle.com,3872,2592,3c6f342c4b61f3e22016b573fdac8ff040138bd643529a3667a1edee09a79df9,ade8da93c01e730d,dup_0433,canonical,False,pass,included,none,Valid clean capture
rear_0037,datasets/viewpoint/self_clean_v1/rear/rear_0037.jpg,rear,datasets/viewpoint/self/rear oblique view-updated/117.jpg,rear oblique view-updated,https://www.kaggle.com/datasets/lawrencejembere/cow-images-for-milk-yield-prediction,www.kaggle.com,2592,3872,b3ff2f7caf82cbb57dc7109708be3f913f1912d97366be424c5949c1f1a5c36b,bfbdc2d29060c569,dup_0434,canonical,False,pass,included,none,Valid clean capture
rear_0038,datasets/viewpoint/self_clean_v1/rear/rear_0038.jpg,rear,datasets/viewpoint/self/rear oblique view-updated/118.jpg,rear oblique view-updated,https://www.kaggle.com/datasets/lawrencejembere/cow-images-for-milk-yield-prediction,www.kaggle.com,3872,2592,71104b6b5682294d03e31e610651d61e151b6fcc03960c68348180d92aa91c87,a5ccdc13e63fc118,dup_0435,canonical,False,pass,included,none,Valid clean capture
rear_0039,datasets/viewpoint/self_clean_v1/rear/rear_0039.jpg,rear,datasets/viewpoint/self/rear oblique view-updated/119.jpg,rear oblique view-updated,https://www.kaggle.com/datasets/lawrencejembere/cow-images-for-milk-yield-prediction,www.kaggle.com,3872,2592,68109abdb19918b62d56ae27f9308d2718374b7ca948990b2b3b8c2dd8725f21,a57d8686969693d1,dup_0436,canonical,False,pass,included,none,Valid clean capture
rear_0040,datasets/viewpoint/self_clean_v1/rear/rear_0040.jpg,rear,datasets/viewpoint/self/rear oblique view-updated/12.jpg,rear oblique view-updated,https://www.pexels.com/photo/boy-leading-cattle-in-village-18700971/,www.pexels.com,3521,5281,3f784ce2158cf749e779c43790a7c8f1d984a471387c0dc0ed69a6a142830694,94a3d4856b3c85bb,dup_0437,canonical,False,pass,included,none,Valid clean capture
rear_0041,datasets/viewpoint/self_clean_v1/rear/rear_0041.jpg,rear,datasets/viewpoint/self/rear oblique view-updated/120.jpg,rear oblique view-updated,https://www.kaggle.com/datasets/lawrencejembere/cow-images-for-milk-yield-prediction,www.kaggle.com,3872,2592,72541b87de4ad1ca399711cb6fbb9d1b8b9be6dde98bb30434e009372b7b4ddb,ad0f64929ecccb61,dup_0438,canonical,False,pass,included,none,Valid clean capture
rear_0042,datasets/viewpoint/self_clean_v1/rear/rear_0042.jpg,rear,datasets/viewpoint/self/rear oblique view-updated/121.jpg,rear oblique view-updated,https://www.kaggle.com/datasets/lawrencejembere/cow-images-for-milk-yield-prediction,www.kaggle.com,3872,2592,1327c8ce98b988fb3bf8ec07f654c46364b40981e13b81e7b4be810ff02e1ff9,a949919ec632db66,dup_0439,canonical,False,pass,included,none,Valid clean capture
rear_0043,datasets/viewpoint/self_clean_v1/rear/rear_0043.jpg,rear,datasets/viewpoint/self/rear oblique view-updated/122.jpg,rear oblique view-updated,https://www.kaggle.com/datasets/lawrencejembere/cow-images-for-milk-yield-prediction,www.kaggle.com,2592,3872,4268d27879abc706f0313977b5f4b513db3ad11e171183df789272bbab90d1a1,9be1e61c1167649e,dup_0440,canonical,False,pass,included,none,Valid clean capture
rear_0044,datasets/viewpoint/self_clean_v1/rear/rear_0044.jpg,rear,datasets/viewpoint/self/rear oblique view-updated/123.jpg,rear oblique view-updated,https://www.kaggle.com/datasets/lawrencejembere/cow-images-for-milk-yield-prediction,www.kaggle.com,2592,3872,a2f05ce77a398bb13524379e12d754705f313a47661c9f19f7e71664189a77b5,b7b2e08e8fc9c8e0,dup_0441,canonical,False,pass,included,none,Valid clean capture
rear_0045,datasets/viewpoint/self_clean_v1/rear/rear_0045.jpg,rear,datasets/viewpoint/self/rear oblique view-updated/124.jpg,rear oblique view-updated,https://www.kaggle.com/datasets/lawrencejembere/cow-images-for-milk-yield-prediction,www.kaggle.com,2592,3872,2a3bb431c081d5927e91cf75b07d30e13cc89502388ac7aea8b1f0d33d09a917,ada5d2da8b476129,dup_0442,canonical,False,pass,included,none,Valid clean capture
rear_0046,datasets/viewpoint/self_clean_v1/rear/rear_0046.jpg,rear,datasets/viewpoint/self/rear oblique view-updated/125.jpg,rear oblique view-updated,https://www.kaggle.com/datasets/lawrencejembere/cow-images-for-milk-yield-prediction,www.kaggle.com,2592,3872,f7fbb58de170b446b46ff4ba20ca63883a3aebc411fbdf2055c7c4511c97be57,e8a897d7959688aa,dup_0443,canonical,False,pass,included,none,Valid clean capture
rear_0047,datasets/viewpoint/self_clean_v1/rear/rear_0047.jpg,rear,datasets/viewpoint/self/rear oblique view-updated/126.jpg,rear oblique view-updated,https://www.kaggle.com/datasets/lawrencejembere/cow-images-for-milk-yield-prediction,www.kaggle.com,3872,2592,ceb6cc2406def22c45aeb3320ffa901315c5d6f371e888ad764b08c2047ca5bc,ad1a34969fe4321b,dup_0444,canonical,False,pass,included,none,Valid clean capture
rear_0048,datasets/viewpoint/self_clean_v1/rear/rear_0048.jpg,rear,datasets/viewpoint/self/rear oblique view-updated/128.jpg,rear oblique view-updated,https://www.kaggle.com/datasets/lawrencejembere/cow-images-for-milk-yield-prediction,www.kaggle.com,3872,2592,8fb7e1b636b5d757f367461fdae92b1cb6f1543910de5aa2b826428bac341544,e3ce33318c67334c,dup_0446,canonical,False,pass,included,none,Valid clean capture
rear_0049,datasets/viewpoint/self_clean_v1/rear/rear_0049.jpg,rear,datasets/viewpoint/self/rear oblique view-updated/129.jpg,rear oblique view-updated,https://www.kaggle.com/datasets/lawrencejembere/cow-images-for-milk-yield-prediction,www.kaggle.com,2592,3872,793668fd2799aeeddfe21bbd55ac2109b9712a42b18a4a4e6e438202ce1574a9,e9b8979680434b7d,dup_0445,canonical,False,pass,included,none,Valid clean capture
rear_0050,datasets/viewpoint/self_clean_v1/rear/rear_0050.jpg,rear,datasets/viewpoint/self/rear oblique view-updated/13.jpg,rear oblique view-updated,https://www.pexels.com/photo/boy-with-rod-leading-cattle-in-village-18700973/,www.pexels.com,3617,5425,6f20d642f01106a13689bd3b97840be408958ed49e5bc4cdcfee088f13d15201,94e2df30613e81bb,dup_0260,canonical,False,pass,included,none,Valid clean capture
rear_0051,datasets/viewpoint/self_clean_v1/rear/rear_0051.jpg,rear,datasets/viewpoint/self/rear oblique view-updated/130.jpg,rear oblique view-updated,https://www.kaggle.com/datasets/lawrencejembere/cow-images-for-milk-yield-prediction,www.kaggle.com,3872,2592,3cf1dfd7142479e50816b311add039c0e87f14f8370a68aed2d1656fbc36a36c,92181cd973cef932,dup_0447,canonical,False,pass,included,none,Valid clean capture
rear_0052,datasets/viewpoint/self_clean_v1/rear/rear_0052.jpg,rear,datasets/viewpoint/self/rear oblique view-updated/131.jpg,rear oblique view-updated,https://www.kaggle.com/datasets/lawrencejembere/cow-images-for-milk-yield-prediction,www.kaggle.com,2592,3872,e0b6fa0a9df6d846a90973830241cac435bb8e46e42ce978aebbb208ca289f4a,b3cccc33138cec17,dup_0448,canonical,False,pass,included,none,Valid clean capture
rear_0053,datasets/viewpoint/self_clean_v1/rear/rear_0053.jpg,rear,datasets/viewpoint/self/rear oblique view-updated/132.jpg,rear oblique view-updated,https://www.kaggle.com/datasets/lawrencejembere/cow-images-for-milk-yield-prediction,www.kaggle.com,2592,3872,2f826e7381303edce453f18ea6343aba1af6b4600a1aa5f955444187ff4ff393,a6ccd9192fa4d09b,dup_0449,canonical,False,pass,included,none,Valid clean capture
rear_0054,datasets/viewpoint/self_clean_v1/rear/rear_0054.jpg,rear,datasets/viewpoint/self/rear oblique view-updated/133.jpg,rear oblique view-updated,https://www.kaggle.com/datasets/lawrencejembere/cow-images-for-milk-yield-prediction,www.kaggle.com,2592,3872,17de2ad7bc9bfe21a6b73db9594cee798f7321d124ab42b17ec63ffd41e51118,bbfac28540474e3e,dup_0450,canonical,False,pass,included,none,Valid clean capture
rear_0055,datasets/viewpoint/self_clean_v1/rear/rear_0055.jpg,rear,datasets/viewpoint/self/rear oblique view-updated/134.jpg,rear oblique view-updated,https://www.kaggle.com/datasets/lawrencejembere/cow-images-for-milk-yield-prediction,www.kaggle.com,2592,3872,e7def86719696f967a0014696c9d1593c151d49f5a64dca0585339e44ba388d6,e8ebdb82c7839294,dup_0451,canonical,False,pass,included,none,Valid clean capture
rear_0056,datasets/viewpoint/self_clean_v1/rear/rear_0056.jpg,rear,datasets/viewpoint/self/rear oblique view-updated/135.jpg,rear oblique view-updated,https://www.kaggle.com/datasets/lawrencejembere/cow-images-for-milk-yield-prediction,www.kaggle.com,3872,2592,1d58aa6c85e10c389a92598e37240887bfdc9cefcbe3d77aa3ec9744eab619af,e39ccecc99926c19,dup_0452,canonical,False,pass,included,none,Valid clean capture
rear_0057,datasets/viewpoint/self_clean_v1/rear/rear_0057.jpg,rear,datasets/viewpoint/self/rear oblique view-updated/136.jpg,rear oblique view-updated,https://www.kaggle.com/datasets/lawrencejembere/cow-images-for-milk-yield-prediction,www.kaggle.com,2592,3872,f34295135b472734e0ab52e895ef3c23b6085b30431c629346b032dcd6e96b4d,fdf98d8082c63e34,dup_0453,canonical,False,pass,included,none,Valid clean capture
rear_0058,datasets/viewpoint/self_clean_v1/rear/rear_0058.jpg,rear,datasets/viewpoint/self/rear oblique view-updated/137.jpg,rear oblique view-updated,https://www.kaggle.com/datasets/lawrencejembere/cow-images-for-milk-yield-prediction,www.kaggle.com,2592,3872,54bf920cc9feb12ca059fde5d28563f31522b2218a2f4e50ce720a76df1fb302,f1f19406ca9bcc9a,dup_0454,canonical,False,pass,included,none,Valid clean capture
rear_0059,datasets/viewpoint/self_clean_v1/rear/rear_0059.jpg,rear,datasets/viewpoint/self/rear oblique view-updated/138.jpg,rear oblique view-updated,https://www.kaggle.com/datasets/lawrencejembere/cow-images-for-milk-yield-prediction,www.kaggle.com,3872,2592,a7cdf67ce4b0f533cb755df4871a28b3733ba20da595ef7906b55cd6d2ab602c,aa4ab59e8d6596b0,dup_0455,canonical,False,pass,included,none,Valid clean capture
rear_0060,datasets/viewpoint/self_clean_v1/rear/rear_0060.jpg,rear,datasets/viewpoint/self/rear oblique view-updated/139.jpg,rear oblique view-updated,https://www.kaggle.com/datasets/lawrencejembere/cow-images-for-milk-yield-prediction,www.kaggle.com,2592,3872,c957fa875a80c913704822452c180ae622be314b08769ba1cc2491f4997d8876,bbfb80c484a64b6b,dup_0456,canonical,False,pass,included,none,Valid clean capture
rear_0061,datasets/viewpoint/self_clean_v1/rear/rear_0061.jpg,rear,datasets/viewpoint/self/rear oblique view-updated/14.jpg,rear oblique view-updated,https://www.kaggle.com/datasets/lawrencejembere/cow-images-for-milk-yield-prediction,www.kaggle.com,3872,2592,295be80db01cc99a847e4cbaf724c37a1d4a10d07c6e802760c9d070f519f02e,88da6f9b6430c766,dup_0457,canonical,False,pass,included,none,Valid clean capture
rear_0062,datasets/viewpoint/self_clean_v1/rear/rear_0062.jpg,rear,datasets/viewpoint/self/rear oblique view-updated/140.jpg,rear oblique view-updated,https://www.kaggle.com/datasets/lawrencejembere/cow-images-for-milk-yield-prediction,www.kaggle.com,2592,3872,5e68c8304bb9a016555ba33afd9abda0ccd163741eb8d4ab3db20e8bcaf11084,a5e598d0d21b3d27,dup_0458,canonical,False,pass,included,none,Valid clean capture
rear_0063,datasets/viewpoint/self_clean_v1/rear/rear_0063.jpg,rear,datasets/viewpoint/self/rear oblique view-updated/141.jpg,rear oblique view-updated,https://www.kaggle.com/datasets/lawrencejembere/cow-images-for-milk-yield-prediction,www.kaggle.com,3872,2592,a1a6f1bea8f2f186566dd83960e77942c5097db99f9a1eca5465fb8f64a236ab,f1c48d6796d8a49c,dup_0459,canonical,False,pass,included,none,Valid clean capture
rear_0064,datasets/viewpoint/self_clean_v1/rear/rear_0064.jpg,rear,datasets/viewpoint/self/rear oblique view-updated/142.jpg,rear oblique view-updated,https://www.kaggle.com/datasets/lawrencejembere/cow-images-for-milk-yield-prediction,www.kaggle.com,2592,3872,062373a82cf0880b714152c54c1f9383bae9864a6ffce83f285abf891bb37d63,bffc91c2c049711e,dup_0460,canonical,False,pass,included,none,Valid clean capture
rear_0065,datasets/viewpoint/self_clean_v1/rear/rear_0065.jpg,rear,datasets/viewpoint/self/rear oblique view-updated/143.jpg,rear oblique view-updated,https://www.kaggle.com/datasets/lawrencejembere/cow-images-for-milk-yield-prediction,www.kaggle.com,3872,2592,d7f5a2bc302027f8e41268fa760e87a02c403d7548c8c43646865f5ffb1d35f0,fce0cfcc38e132c2,dup_0461,canonical,False,pass,included,none,Valid clean capture
rear_0066,datasets/viewpoint/self_clean_v1/rear/rear_0066.jpg,rear,datasets/viewpoint/self/rear oblique view-updated/144.jpg,rear oblique view-updated,https://www.kaggle.com/datasets/lawrencejembere/cow-images-for-milk-yield-prediction,www.kaggle.com,2592,3872,1a5c8d37f0deb95ac4d39825e1985a8d4c01ad22913b1185884bf5c0d9515d4a,e7a6d8d89f0b4911,dup_0462,canonical,False,pass,included,none,Valid clean capture
rear_0067,datasets/viewpoint/self_clean_v1/rear/rear_0067.jpg,rear,datasets/viewpoint/self/rear oblique view-updated/145.jpg,rear oblique view-updated,https://www.kaggle.com/datasets/lawrencejembere/cow-images-for-milk-yield-prediction,www.kaggle.com,2592,3872,ff150f9514b0ea3b5e1818c1e8ad9c67eb1a064ac6a1933458e901fecd66a78c,eaeecc9181311d7c,dup_0463,canonical,False,pass,included,none,Valid clean capture
rear_0068,datasets/viewpoint/self_clean_v1/rear/rear_0068.jpg,rear,datasets/viewpoint/self/rear oblique view-updated/146.jpg,rear oblique view-updated,https://www.kaggle.com/datasets/lawrencejembere/cow-images-for-milk-yield-prediction,www.kaggle.com,3872,2592,312b89dacd263339ee4ed18ebfedf90701b7bdc476b4e5092f86c39e05dfddee,a51f079792999366,dup_0464,canonical,False,pass,included,none,Valid clean capture
rear_0069,datasets/viewpoint/self_clean_v1/rear/rear_0069.jpg,rear,datasets/viewpoint/self/rear oblique view-updated/147.jpg,rear oblique view-updated,https://www.kaggle.com/datasets/lawrencejembere/cow-images-for-milk-yield-prediction,www.kaggle.com,2592,3872,8b82950b6dafed711835d3a449192fefd8b7c4b0be0d01bdf0ba803ee846ef48,eded90923f2b60c4,dup_0465,canonical,False,pass,included,none,Valid clean capture
rear_0070,datasets/viewpoint/self_clean_v1/rear/rear_0070.jpg,rear,datasets/viewpoint/self/rear oblique view-updated/148.jpg,rear oblique view-updated,https://www.kaggle.com/datasets/lawrencejembere/cow-images-for-milk-yield-prediction,www.kaggle.com,2592,3872,7cda0e3c8fff990bbf7a20b85be661cea039516c86681ae59a802242c45edac4,bab8c4c34b6e34b2,dup_0466,canonical,False,pass,included,none,Valid clean capture
rear_0071,datasets/viewpoint/self_clean_v1/rear/rear_0071.jpg,rear,datasets/viewpoint/self/rear oblique view-updated/149.jpg,rear oblique view-updated,https://www.kaggle.com/datasets/lawrencejembere/cow-images-for-milk-yield-prediction,www.kaggle.com,2592,3872,8b8b97406f72360d814f685d7f23703d8dc2fc7405429e10d4b7d2928c50470f,eacac4c495bd9534,dup_0467,canonical,False,pass,included,none,Valid clean capture
rear_0072,datasets/viewpoint/self_clean_v1/rear/rear_0072.jpg,rear,datasets/viewpoint/self/rear oblique view-updated/15.jpg,rear oblique view-updated,https://www.pexels.com/photo/a-boy-with-gray-beanie-holding-a-stick-herding-the-goats-8715364/,www.pexels.com,4000,6000,28cc3848923c2ae58e8bfb47e5ab6eeb5003593ff9feb2eaddc2f621cd49c56d,dcc3033e2ea7461e,dup_0468,canonical,False,pass,included,none,Valid clean capture
rear_0073,datasets/viewpoint/self_clean_v1/rear/rear_0073.jpg,rear,datasets/viewpoint/self/rear oblique view-updated/150.jpg,rear oblique view-updated,https://www.kaggle.com/datasets/lawrencejembere/cow-images-for-milk-yield-prediction,www.kaggle.com,2592,3872,64bd3e4cd0b7ad8e0b12841aa7263515c036a7737d9f67bdd76eb98c0ccf94ed,e8d99796846d4959,dup_0469,canonical,False,pass,included,none,Valid clean capture
rear_0074,datasets/viewpoint/self_clean_v1/rear/rear_0074.jpg,rear,datasets/viewpoint/self/rear oblique view-updated/16.jpg,rear oblique view-updated,https://www.pexels.com/photo/two-cows-walking-in-a-field-with-a-fence-in-the-background-28164874/,www.pexels.com,4000,6000,6d0819b018012d92221e31ec062755e36c0309d8ac211551ef5477d129c0dbb8,ca23da25e916f949,dup_0470,canonical,False,pass,included,none,Valid clean capture
rear_0075,datasets/viewpoint/self_clean_v1/rear/rear_0075.jpg,rear,datasets/viewpoint/self/rear oblique view-updated/17.jpg,rear oblique view-updated,https://www.kaggle.com/datasets/lawrencejembere/cow-images-for-milk-yield-prediction,www.kaggle.com,3872,2592,4a61b39e2d7896bd71bd290cd54e205ed791ae7ac57e507940c0939016541844,a3f11acc9ab2cc63,dup_0471,canonical,False,pass,included,none,Valid clean capture
rear_0076,datasets/viewpoint/self_clean_v1/rear/rear_0076.jpg,rear,datasets/viewpoint/self/rear oblique view-updated/18.jpg,rear oblique view-updated,https://www.kaggle.com/datasets/lawrencejembere/cow-images-for-milk-yield-prediction,www.kaggle.com,3872,2592,e90bbb980d5f766e7b9e0f1171c6989c5d7bcb52db8b28aa8fd22d7ad45879c7,f33a614b9834b4bc,dup_0472,canonical,False,pass,included,none,Valid clean capture
rear_0077,datasets/viewpoint/self_clean_v1/rear/rear_0077.jpg,rear,datasets/viewpoint/self/rear oblique view-updated/2.jpg,rear oblique view-updated,https://www.pexels.com/photo/cattle-on-pasture-18774750/,www.pexels.com,3456,5184,d9bcef8156d9507060f9b61eee8a9caa3417db6c50b444a1ff01e876ebdffee2,e1e5960ee1335ec4,dup_0473,canonical,False,pass,included,none,Valid clean capture
rear_0078,datasets/viewpoint/self_clean_v1/rear/rear_0078.jpg,rear,datasets/viewpoint/self/rear oblique view-updated/20.jpg,rear oblique view-updated,https://www.pexels.com/photo/herd-of-charolais-cattle-in-a-field-13629857/,www.pexels.com,4000,5000,ffc5d46a400066bce82e44b3c08e7ed63118f446b49b83f3f9452f9fb922d7bf,c1cb86bab895363c,dup_0474,canonical,False,pass,included,none,Valid clean capture
rear_0079,datasets/viewpoint/self_clean_v1/rear/rear_0079.jpg,rear,datasets/viewpoint/self/rear oblique view-updated/21.jpg,rear oblique view-updated,https://www.pexels.com/photo/farmer-in-a-straw-hat-standing-on-a-field-with-two-brown-oxen-16509870/,www.pexels.com,4897,3264,a20510c2fb18321d127d18133826fe5a9fac6526f73d9f2f54b7d2c681b63198,ce84b1b3265c58ed,dup_0475,canonical,False,pass,included,none,Valid clean capture
rear_0080,datasets/viewpoint/self_clean_v1/rear/rear_0080.jpg,rear,datasets/viewpoint/self/rear oblique view-updated/22.jpg,rear oblique view-updated,https://www.pexels.com/photo/a-man-in-green-long-sleeves-farming-on-brown-field-14884881/,www.pexels.com,4352,3264,248647f0997836ae086f9e17c111372744b1c55938c971b4f7dd998fbdb22f94,c290eded3e56d380,dup_0476,canonical,False,pass,included,none,Valid clean capture
rear_0081,datasets/viewpoint/self_clean_v1/rear/rear_0081.jpg,rear,datasets/viewpoint/self/rear oblique view-updated/23.jpg,rear oblique view-updated,https://www.pexels.com/photo/farmer-and-pair-of-oxen-plowing-land-16510004/,www.pexels.com,4155,3116,42fb5bfeb3689460e1a8140c818a58f81bcc70815ead8d60c2c379e2586de72c,ec93e0361dc3b2b4,dup_0477,canonical,False,pass,included,none,Valid clean capture
rear_0082,datasets/viewpoint/self_clean_v1/rear/rear_0082.jpg,rear,datasets/viewpoint/self/rear oblique view-updated/24.jpg,rear oblique view-updated,https://www.pexels.com/photo/back-view-of-a-cattle-on-a-field-18656873/,www.pexels.com,2592,3888,d695312d999f06613d87f9d8abc1a957841a05da5fabef251a38c8b7f788b2ce,c6f0b9873b38e660,dup_0246,canonical,False,pass,included,none,Valid clean capture
rear_0083,datasets/viewpoint/self_clean_v1/rear/rear_0083.jpg,rear,datasets/viewpoint/self/rear oblique view-updated/25.jpg,rear oblique view-updated,https://www.pexels.com/photo/cattle-grazing-in-a-pastoral-meadow-scene-35739307/,www.pexels.com,5472,3648,030a501ba39d9f03a5ad0b4bab64e3a77beffb04d868943548477f3c16e95a01,c9cd64d4a799d834,dup_0478,canonical,False,pass,included,none,Valid clean capture
rear_0084,datasets/viewpoint/self_clean_v1/rear/rear_0084.jpg,rear,datasets/viewpoint/self/rear oblique view-updated/26.jpg,rear oblique view-updated,https://www.pexels.com/photo/man-walking-his-cows-on-the-road-13608871/,www.pexels.com,6016,4000,e5dd3a96c6ec3b808ac47cb71ac8118a15724954670ceb3a79ce98501f2ce5e9,c379b44a219edb64,dup_0479,canonical,False,pass,included,none,Valid clean capture
rear_0085,datasets/viewpoint/self_clean_v1/rear/rear_0085.jpg,rear,datasets/viewpoint/self/rear oblique view-updated/27.jpg,rear oblique view-updated,https://www.pexels.com/photo/back-view-of-a-cow-herd-walking-in-a-city-6004222/,www.pexels.com,6016,3880,3732ad62e6dd279432b4319b5fdc5f23f55fdbdecfdb7aa71e6485ad217f4ec3,94889076ef0147ff,dup_0480,canonical,False,pass,included,none,Valid clean capture
rear_0086,datasets/viewpoint/self_clean_v1/rear/rear_0086.jpg,rear,datasets/viewpoint/self/rear oblique view-updated/28.jpg,rear oblique view-updated,https://www.pexels.com/photo/zebu-cattle-standing-in-rural-african-village-35745627/,www.pexels.com,3360,5040,a1e9928af98be0d7cab8439afd10a8b11adbf27e196a8e005c2fbb109f764a09,d5b86867371c92c5,dup_0481,canonical,False,pass,included,none,Valid clean capture
rear_0087,datasets/viewpoint/self_clean_v1/rear/rear_0087.jpg,rear,datasets/viewpoint/self/rear oblique view-updated/29.jpg,rear oblique view-updated,https://www.pexels.com/photo/majestic-black-and-white-cow-in-rural-setting-35745628/,www.pexels.com,3360,5040,ad5bd7e6654304a3cb9af552b67aa03a22a815c09c9c90eef5ee5e1769005e48,89854a352f9b3cda,dup_0482,canonical,False,pass,included,none,Valid clean capture
rear_0088,datasets/viewpoint/self_clean_v1/rear/rear_0088.jpg,rear,datasets/viewpoint/self/rear oblique view-updated/3.jpg,rear oblique view-updated,https://www.pexels.com/photo/cow-in-mountains-18064536/,www.pexels.com,4000,6000,03c9564fe2954f1dfb69a0bc93de34abb69fc107cb2b1882b27ee1370d4932ab,a4d35a25e690d967,dup_0483,canonical,False,pass,included,none,Valid clean capture
rear_0089,datasets/viewpoint/self_clean_v1/rear/rear_0089.jpg,rear,datasets/viewpoint/self/rear oblique view-updated/30.jpg,rear oblique view-updated,https://www.kaggle.com/datasets/lawrencejembere/cow-images-for-milk-yield-prediction,www.kaggle.com,3872,2592,b1fac8d4579f551c3e9f064a3feb1e5ed74a9dde0506f6b38d64e99a1ad2db55,f90e8f19c6c5d033,dup_0484,canonical,False,pass,included,none,Valid clean capture
rear_0090,datasets/viewpoint/self_clean_v1/rear/rear_0090.jpg,rear,datasets/viewpoint/self/rear oblique view-updated/31.jpg,rear oblique view-updated,https://www.pexels.com/photo/herd-of-brown-cows-grazing-on-green-grass-field-10146815/,www.pexels.com,3894,5695,18673333b3f64f942fa56acf14b8bf3880902277054ac1bec6b2198c698da79a,82bdef1210e23d5b,dup_0485,canonical,False,pass,included,none,Valid clean capture
rear_0091,datasets/viewpoint/self_clean_v1/rear/rear_0091.jpg,rear,datasets/viewpoint/self/rear oblique view-updated/32.jpg,rear oblique view-updated,https://www.pexels.com/photo/white-cow-walking-in-forested-area-37462172/,www.pexels.com,5760,3840,b2535f18288e3171064ab423656eb592a5eb6a2e7bdf36e9ce3e7e1677dd2c6f,cdad2aa2e9599a61,dup_0486,canonical,False,pass,included,none,Valid clean capture
rear_0092,datasets/viewpoint/self_clean_v1/rear/rear_0092.jpg,rear,datasets/viewpoint/self/rear oblique view-updated/33.jpg,rear oblique view-updated,https://unsplash.com/photos/a-black-and-white-cow-grazing-in-a-field-pNAdIzP9v-w,unsplash.com,4928,3264,4eccb7831bdf6cf4f2a75c03e5a317b829bd4e4d693abd03c49b526ae2476a06,d3194c661b99d666,dup_0487,canonical,False,pass,included,none,Valid clean capture
rear_0093,datasets/viewpoint/self_clean_v1/rear/rear_0093.jpg,rear,datasets/viewpoint/self/rear oblique view-updated/34.jpg,rear oblique view-updated,https://www.kaggle.com/datasets/lawrencejembere/cow-images-for-milk-yield-prediction,www.kaggle.com,2592,3872,1c6a8815343f9fb02d7e8b0ea06386625c46f28f56572fbc86548829ab45eb0a,f88a85d4fc6b0a74,dup_0488,canonical,False,pass,included,none,Valid clean capture
rear_0094,datasets/viewpoint/self_clean_v1/rear/rear_0094.jpg,rear,datasets/viewpoint/self/rear oblique view-updated/37.jpg,rear oblique view-updated,https://www.kaggle.com/datasets/lawrencejembere/cow-images-for-milk-yield-prediction,www.kaggle.com,2592,3872,2f7f5c55e57430698b47910b2381e623b7af0880903d6938544e5180ee0e9322,bf9b94c0c86b4936,dup_0491,canonical,False,pass,included,none,Valid clean capture
rear_0095,datasets/viewpoint/self_clean_v1/rear/rear_0095.jpg,rear,datasets/viewpoint/self/rear oblique view-updated/38.jpg,rear oblique view-updated,https://www.kaggle.com/datasets/lawrencejembere/cow-images-for-milk-yield-prediction,www.kaggle.com,2592,3872,efc005a2bfaacaf60c004809999b8819e18bcb93e9747abfda997f9b1b847518,a8ec88d1f595d692,dup_0492,canonical,False,pass,included,none,Valid clean capture
rear_0096,datasets/viewpoint/self_clean_v1/rear/rear_0096.jpg,rear,datasets/viewpoint/self/rear oblique view-updated/39.jpg,rear oblique view-updated,https://www.kaggle.com/datasets/lawrencejembere/cow-images-for-milk-yield-prediction,www.kaggle.com,2592,3872,3c5f34ec5c9642c4d7529189749dfaa286ddfeefff1871caf92a1be973f9c25c,ffbb84c4c1432a3c,dup_0489,canonical,False,pass,included,none,Valid clean capture
rear_0097,datasets/viewpoint/self_clean_v1/rear/rear_0097.jpg,rear,datasets/viewpoint/self/rear oblique view-updated/4.jpg,rear oblique view-updated,https://www.pexels.com/photo/a-cattle-grazing-on-a-grass-field-9465612/,www.pexels.com,4160,6240,c221753e9462aba4286892b006e5fb1650935ed0691bbdf2e3610296223e23ef,b3cc4cb3798ce630,dup_0248,canonical,False,pass,included,none,Valid clean capture
rear_0098,datasets/viewpoint/self_clean_v1/rear/rear_0098.jpg,rear,datasets/viewpoint/self/rear oblique view-updated/40.jpg,rear oblique view-updated,https://www.kaggle.com/datasets/lawrencejembere/cow-images-for-milk-yield-prediction,www.kaggle.com,2592,3872,ebd806842ece62cd35708056ae5ae63f31d952b6930c71ca8ca6c94f1e4d0e13,abbf9cd081ee58c0,dup_0490,canonical,False,pass,included,none,Valid clean capture
rear_0099,datasets/viewpoint/self_clean_v1/rear/rear_0099.jpg,rear,datasets/viewpoint/self/rear oblique view-updated/41.jpg,rear oblique view-updated,https://www.kaggle.com/datasets/lawrencejembere/cow-images-for-milk-yield-prediction,www.kaggle.com,2592,3872,08b3eb48910f2fe9557bd9ead12a84b8d836922aaf8671d33d81414afbcc16aa,acdcd3732c0c56c3,dup_0493,canonical,False,pass,included,none,Valid clean capture
rear_0100,datasets/viewpoint/self_clean_v1/rear/rear_0100.jpg,rear,datasets/viewpoint/self/rear oblique view-updated/42.jpg,rear oblique view-updated,https://www.kaggle.com/datasets/lawrencejembere/cow-images-for-milk-yield-prediction,www.kaggle.com,2592,3872,178b9fff00327833f71fb7b752d231472625d3723bb8f5857d38e1ef07f06a45,f6e9c194cdcc406b,dup_0494,canonical,False,pass,included,none,Valid clean capture
rear_0101,datasets/viewpoint/self_clean_v1/rear/rear_0101.jpg,rear,datasets/viewpoint/self/rear oblique view-updated/43.jpg,rear oblique view-updated,https://www.kaggle.com/datasets/lawrencejembere/cow-images-for-milk-yield-prediction,www.kaggle.com,2592,3872,943b8a7362f8075c8634233da118d1a4624aa82053e2b408ddec270e2710350b,aaeaadd5a8d08783,dup_0495,canonical,False,pass,included,none,Valid clean capture
rear_0102,datasets/viewpoint/self_clean_v1/rear/rear_0102.jpg,rear,datasets/viewpoint/self/rear oblique view-updated/44.jpg,rear oblique view-updated,https://www.kaggle.com/datasets/lawrencejembere/cow-images-for-milk-yield-prediction,www.kaggle.com,2592,3872,a3c7dc97f971f90c882fb88838d0422711a537a072fe7300a71c8b7e8abf8e1d,9998b6e5a3434d1e,dup_0496,canonical,False,pass,included,none,Valid clean capture
rear_0103,datasets/viewpoint/self_clean_v1/rear/rear_0103.jpg,rear,datasets/viewpoint/self/rear oblique view-updated/45.jpg,rear oblique view-updated,https://www.kaggle.com/datasets/lawrencejembere/cow-images-for-milk-yield-prediction,www.kaggle.com,2592,3872,bdef31a8e405a6690212e5348545eb934fc5e6bec2a7362c0c666735362ad1cb,eca89097c7e028fb,dup_0497,canonical,False,pass,included,none,Valid clean capture
rear_0104,datasets/viewpoint/self_clean_v1/rear/rear_0104.jpg,rear,datasets/viewpoint/self/rear oblique view-updated/46.jpg,rear oblique view-updated,https://www.kaggle.com/datasets/lawrencejembere/cow-images-for-milk-yield-prediction,www.kaggle.com,2592,3872,0bddfa4499b504b596b54a5fa34785bf9d777b16997d4ce6380988776747b641,8df9d2c2c1293d1e,dup_0498,canonical,False,pass,included,none,Valid clean capture
rear_0105,datasets/viewpoint/self_clean_v1/rear/rear_0105.jpg,rear,datasets/viewpoint/self/rear oblique view-updated/47.jpg,rear oblique view-updated,https://www.kaggle.com/datasets/lawrencejembere/cow-images-for-milk-yield-prediction,www.kaggle.com,2592,3872,7d9de23f914386a9d5ac724a6c9e3bb45a0f5b797304a84f5591aade79825df7,b4a4cdc999282f9b,dup_0499,canonical,False,pass,included,none,Valid clean capture
rear_0106,datasets/viewpoint/self_clean_v1/rear/rear_0106.jpg,rear,datasets/viewpoint/self/rear oblique view-updated/48.jpg,rear oblique view-updated,https://www.kaggle.com/datasets/lawrencejembere/cow-images-for-milk-yield-prediction,www.kaggle.com,2592,3872,fa6fbf7e9b6a8b6b2621997379a7c3c4c79aadad81591b061db9babcc1a71ca3,fbc886953d2a42e3,dup_0500,canonical,False,pass,included,none,Valid clean capture
rear_0107,datasets/viewpoint/self_clean_v1/rear/rear_0107.jpg,rear,datasets/viewpoint/self/rear oblique view-updated/49.jpg,rear oblique view-updated,https://www.kaggle.com/datasets/lawrencejembere/cow-images-for-milk-yield-prediction,www.kaggle.com,2592,3872,73c1ee308825025dc197d45ccca0f041add4b428fe6a8516b020ac40e43c7a3d,eaea8895d7953838,dup_0501,canonical,False,pass,included,none,Valid clean capture
rear_0108,datasets/viewpoint/self_clean_v1/rear/rear_0108.jpg,rear,datasets/viewpoint/self/rear oblique view-updated/5.jpg,rear oblique view-updated,https://www.pexels.com/photo/grazing-cattle-on-scenic-countryside-road-36298883/,www.pexels.com,3500,2334,248b65321ead3d0125d9c7b00d6c929916eba3f963cc0c63e13d257642a28e20,b48be1748bf49c0b,dup_0502,canonical,False,pass,included,none,Valid clean capture
rear_0109,datasets/viewpoint/self_clean_v1/rear/rear_0109.jpg,rear,datasets/viewpoint/self/rear oblique view-updated/50.jpg,rear oblique view-updated,https://www.kaggle.com/datasets/lawrencejembere/cow-images-for-milk-yield-prediction,www.kaggle.com,2592,3872,e657d61a71692b6b46e07d6d7cb3565a094ef43d35f250a69aff19fe7b21b174,aac599fc1602757a,dup_0503,canonical,False,pass,included,none,Valid clean capture
rear_0110,datasets/viewpoint/self_clean_v1/rear/rear_0110.jpg,rear,datasets/viewpoint/self/rear oblique view-updated/51.jpg,rear oblique view-updated,https://www.kaggle.com/datasets/lawrencejembere/cow-images-for-milk-yield-prediction,www.kaggle.com,2592,3872,ff66fc96e42460aedbab69954dfe8f8f29554e4b8d74f8ff891548a29b7b38f2,b5b7c84840373fca,dup_0504,canonical,False,pass,included,none,Valid clean capture
rear_0111,datasets/viewpoint/self_clean_v1/rear/rear_0111.jpg,rear,datasets/viewpoint/self/rear oblique view-updated/52.jpg,rear oblique view-updated,https://www.kaggle.com/datasets/lawrencejembere/cow-images-for-milk-yield-prediction,www.kaggle.com,3872,2592,cb158462a344eea57fedc4b0b0a3eb22e65569930b2cc8517296ae29f20f8778,a469d89692da6c9b,dup_0505,canonical,False,pass,included,none,Valid clean capture
rear_0112,datasets/viewpoint/self_clean_v1/rear/rear_0112.jpg,rear,datasets/viewpoint/self/rear oblique view-updated/53.jpg,rear oblique view-updated,https://www.kaggle.com/datasets/lawrencejembere/cow-images-for-milk-yield-prediction,www.kaggle.com,2592,3872,d761ed42d2a5d005f1cfd5a03b24e65f43080cfaa7de7fa55576eb1ea7443e52,eded82125ef8e105,dup_0506,canonical,False,pass,included,none,Valid clean capture
rear_0113,datasets/viewpoint/self_clean_v1/rear/rear_0113.jpg,rear,datasets/viewpoint/self/rear oblique view-updated/54.jpg,rear oblique view-updated,https://www.kaggle.com/datasets/lawrencejembere/cow-images-for-milk-yield-prediction,www.kaggle.com,2592,3872,97bee3c855d47307571b6a3bc7a7077c311bce6ff10038e9a9fc8e7918feed47,eac3953863cd9895,dup_0507,canonical,False,pass,included,none,Valid clean capture
rear_0114,datasets/viewpoint/self_clean_v1/rear/rear_0114.jpg,rear,datasets/viewpoint/self/rear oblique view-updated/55.jpg,rear oblique view-updated,https://www.kaggle.com/datasets/lawrencejembere/cow-images-for-milk-yield-prediction,www.kaggle.com,2592,3872,f1d51349519e53fb25a8f2993ace0cf7bbed40ccbcd314bd7e738712e06f6032,bf9ec4d1c1640b3a,dup_0508,canonical,False,pass,included,none,Valid clean capture
rear_0115,datasets/viewpoint/self_clean_v1/rear/rear_0115.jpg,rear,datasets/viewpoint/self/rear oblique view-updated/56.jpg,rear oblique view-updated,https://www.kaggle.com/datasets/lawrencejembere/cow-images-for-milk-yield-prediction,www.kaggle.com,2592,3872,0e9c22b979acc51d2e3e69a6ea82aae533786a12497abe9457fad912f4ec1d6e,fbd6a8c981c057c3,dup_0509,canonical,False,pass,included,none,Valid clean capture
rear_0116,datasets/viewpoint/self_clean_v1/rear/rear_0116.jpg,rear,datasets/viewpoint/self/rear oblique view-updated/57.jpg,rear oblique view-updated,https://www.kaggle.com/datasets/lawrencejembere/cow-images-for-milk-yield-prediction,www.kaggle.com,3872,2592,2737bd12e6c806d1f65b3df62bedf5fccf5bf97c86e5994a30b8b0fee0042a2b,fffcc7e330181130,dup_0510,canonical,False,pass,included,none,Valid clean capture
rear_0117,datasets/viewpoint/self_clean_v1/rear/rear_0117.jpg,rear,datasets/viewpoint/self/rear oblique view-updated/58.jpg,rear oblique view-updated,https://www.kaggle.com/datasets/lawrencejembere/cow-images-for-milk-yield-prediction,www.kaggle.com,2592,3872,229ac981729aa0317f3b0b7a49b281a1fbce4081d3a37a8d6923c31dd314e60e,bfbfc0c0a1b91f40,dup_0511,canonical,False,pass,included,none,Valid clean capture
rear_0118,datasets/viewpoint/self_clean_v1/rear/rear_0118.jpg,rear,datasets/viewpoint/self/rear oblique view-updated/59.jpg,rear oblique view-updated,https://www.kaggle.com/datasets/lawrencejembere/cow-images-for-milk-yield-prediction,www.kaggle.com,2592,3872,771784cbbc5d61b65af9a82134ca32d35d0a22647b469c042fad03dab7958095,8ca4725b0db476cb,dup_0512,canonical,False,pass,included,none,Valid clean capture
rear_0119,datasets/viewpoint/self_clean_v1/rear/rear_0119.jpg,rear,datasets/viewpoint/self/rear oblique view-updated/6.jpg,rear oblique view-updated,https://www.pexels.com/photo/cows-on-grass-field-6158016/,www.pexels.com,4000,6000,beffaae99df7a2bb114055ce074d0c32364b0e75cab3106c13437c6b52d03b09,d6d4898c396be6c4,dup_0513,canonical,False,pass,included,none,Valid clean capture
rear_0120,datasets/viewpoint/self_clean_v1/rear/rear_0120.jpg,rear,datasets/viewpoint/self/rear oblique view-updated/60.jpg,rear oblique view-updated,https://www.kaggle.com/datasets/lawrencejembere/cow-images-for-milk-yield-prediction,www.kaggle.com,3872,2592,c7e9a77ed5132379300299cef75e6dff5a17ab2fda09857fc9783779adb2e4d3,a569d2b691666c93,dup_0514,canonical,False,pass,included,none,Valid clean capture
rear_0121,datasets/viewpoint/self_clean_v1/rear/rear_0121.jpg,rear,datasets/viewpoint/self/rear oblique view-updated/61.jpg,rear oblique view-updated,https://www.kaggle.com/datasets/lawrencejembere/cow-images-for-milk-yield-prediction,www.kaggle.com,2592,3872,46f23bf38b6c156e5834f7da4f680a8c236906fec369ea3f84eb1894f43fe229,e3aa9c95b1ea6a60,dup_0515,canonical,False,pass,included,none,Valid clean capture
rear_0122,datasets/viewpoint/self_clean_v1/rear/rear_0122.jpg,rear,datasets/viewpoint/self/rear oblique view-updated/62.jpg,rear oblique view-updated,https://www.kaggle.com/datasets/lawrencejembere/cow-images-for-milk-yield-prediction,www.kaggle.com,2592,3872,bd26a78f614f1b898aaec20c7df4e2b2ce3d9d720b42c3060c1c810b365337f0,abea9e97c131006f,dup_0516,canonical,False,pass,included,none,Valid clean capture
rear_0123,datasets/viewpoint/self_clean_v1/rear/rear_0123.jpg,rear,datasets/viewpoint/self/rear oblique view-updated/63.jpg,rear oblique view-updated,https://www.kaggle.com/datasets/lawrencejembere/cow-images-for-milk-yield-prediction,www.kaggle.com,2592,3872,2f5f73325c896be7923ae9119b7eee5b7131bc275c114e7ef8a490c6672f2bcd,8ccd93f3d338490d,dup_0517,canonical,False,pass,included,none,Valid clean capture
rear_0124,datasets/viewpoint/self_clean_v1/rear/rear_0124.jpg,rear,datasets/viewpoint/self/rear oblique view-updated/64.jpg,rear oblique view-updated,https://www.kaggle.com/datasets/lawrencejembere/cow-images-for-milk-yield-prediction,www.kaggle.com,2592,3872,33206e51057e18ac38bd9db032738ce8d498f36ce5c61eabdd11727cab0a769a,eaea9c9d31b4e680,dup_0518,canonical,False,pass,included,none,Valid clean capture
rear_0125,datasets/viewpoint/self_clean_v1/rear/rear_0125.jpg,rear,datasets/viewpoint/self/rear oblique view-updated/65.jpg,rear oblique view-updated,https://www.kaggle.com/datasets/lawrencejembere/cow-images-for-milk-yield-prediction,www.kaggle.com,2592,3872,31fa4f6d2f7a467b603e0d710ff78c3c3f967650c4d73575b4e04f9c7eede49c,eaef9181a090d5be,dup_0519,canonical,False,pass,included,none,Valid clean capture
rear_0126,datasets/viewpoint/self_clean_v1/rear/rear_0126.jpg,rear,datasets/viewpoint/self/rear oblique view-updated/66.jpg,rear oblique view-updated,https://www.kaggle.com/datasets/lawrencejembere/cow-images-for-milk-yield-prediction,www.kaggle.com,2592,3872,588ca62a61a95f8c1f15986556e0c8ebfa347755502d84f12939c481d4b3b2ad,bcf88081c2cf2f6d,dup_0520,canonical,False,pass,included,none,Valid clean capture
rear_0127,datasets/viewpoint/self_clean_v1/rear/rear_0127.jpg,rear,datasets/viewpoint/self/rear oblique view-updated/67.jpg,rear oblique view-updated,https://www.kaggle.com/datasets/lawrencejembere/cow-images-for-milk-yield-prediction,www.kaggle.com,2592,3872,37f062b00f90bb827383c252ff21ebc8e8e242ffd01da6f450b0c02e250ab01a,bfe8d0c26939169c,dup_0521,canonical,False,pass,included,none,Valid clean capture
rear_0128,datasets/viewpoint/self_clean_v1/rear/rear_0128.jpg,rear,datasets/viewpoint/self/rear oblique view-updated/68.jpg,rear oblique view-updated,https://www.kaggle.com/datasets/lawrencejembere/cow-images-for-milk-yield-prediction,www.kaggle.com,2592,3872,03df716528b4f1b0ab9bbdc93251c21208cb0fc4f00f7cd87f9e6457c0fee754,9edf89e094b4b690,dup_0522,canonical,False,pass,included,none,Valid clean capture
rear_0129,datasets/viewpoint/self_clean_v1/rear/rear_0129.jpg,rear,datasets/viewpoint/self/rear oblique view-updated/69.jpg,rear oblique view-updated,https://www.kaggle.com/datasets/lawrencejembere/cow-images-for-milk-yield-prediction,www.kaggle.com,2592,3872,f692f4ddf420e64fa0afb2a78796c960b68788aecf107aa5566afbe5822d0d52,8e9f9364e080abb7,dup_0523,canonical,False,pass,included,none,Valid clean capture
rear_0130,datasets/viewpoint/self_clean_v1/rear/rear_0130.jpg,rear,datasets/viewpoint/self/rear oblique view-updated/7.jpg,rear oblique view-updated,https://www.pexels.com/photo/cows-on-a-grassy-field-5720719/,www.pexels.com,2592,3872,7e747dd2b76506f82ea2831f49908776acdf0a87cec7d8ba2b5a7d78e306880f,c6c998a6c136393f,dup_0524,canonical,False,pass,included,none,Valid clean capture
rear_0131,datasets/viewpoint/self_clean_v1/rear/rear_0131.jpg,rear,datasets/viewpoint/self/rear oblique view-updated/70.jpg,rear oblique view-updated,https://www.kaggle.com/datasets/lawrencejembere/cow-images-for-milk-yield-prediction,www.kaggle.com,2592,3872,1786cb35f7c271b3ecfcdf465847c8c12d88041a203fe0104bd2616a3e5adcfb,e9ed92167a69618c,dup_0525,canonical,False,pass,included,none,Valid clean capture
rear_0132,datasets/viewpoint/self_clean_v1/rear/rear_0132.jpg,rear,datasets/viewpoint/self/rear oblique view-updated/71.jpg,rear oblique view-updated,https://www.kaggle.com/datasets/lawrencejembere/cow-images-for-milk-yield-prediction,www.kaggle.com,3872,2592,4106a70e10c3631324375b74709b7273576c554548d9db7c77f9a5c8a9875532,f0a79b51cc33b186,dup_0526,canonical,False,pass,included,none,Valid clean capture
rear_0133,datasets/viewpoint/self_clean_v1/rear/rear_0133.jpg,rear,datasets/viewpoint/self/rear oblique view-updated/72.jpg,rear oblique view-updated,https://www.kaggle.com/datasets/lawrencejembere/cow-images-for-milk-yield-prediction,www.kaggle.com,2592,3872,407fa662e19f424caef58c6223c7ed63ae30f27f7e30ef1622ae8ce2578430e5,ebaa94c59595383a,dup_0527,canonical,False,pass,included,none,Valid clean capture
rear_0134,datasets/viewpoint/self_clean_v1/rear/rear_0134.jpg,rear,datasets/viewpoint/self/rear oblique view-updated/73.jpg,rear oblique view-updated,https://www.kaggle.com/datasets/lawrencejembere/cow-images-for-milk-yield-prediction,www.kaggle.com,3872,2592,667f059ab745aa3f17f78e0405de81de6ab49222358b4e6106f2c1ff9f8b38b3,c7494d6d6d6434b4,dup_0528,canonical,False,pass,included,none,Valid clean capture
rear_0135,datasets/viewpoint/self_clean_v1/rear/rear_0135.jpg,rear,datasets/viewpoint/self/rear oblique view-updated/74.jpg,rear oblique view-updated,https://www.kaggle.com/datasets/lawrencejembere/cow-images-for-milk-yield-prediction,www.kaggle.com,2592,3872,f601945ca5dcaf0bef51b343da40884c362af7a465bd70da98345e6b295935e2,e3ee9490633b3cc4,dup_0529,canonical,False,pass,included,none,Valid clean capture
rear_0136,datasets/viewpoint/self_clean_v1/rear/rear_0136.jpg,rear,datasets/viewpoint/self/rear oblique view-updated/75.jpg,rear oblique view-updated,https://www.kaggle.com/datasets/lawrencejembere/cow-images-for-milk-yield-prediction,www.kaggle.com,3872,2592,0b8bc5b62b332050a082f40c4a4775f7be69aefc31b2a001215037e3822ab9f3,fc2fc0d0c3c326e3,dup_0530,canonical,False,pass,included,none,Valid clean capture
rear_0137,datasets/viewpoint/self_clean_v1/rear/rear_0137.jpg,rear,datasets/viewpoint/self/rear oblique view-updated/76.jpg,rear oblique view-updated,https://www.kaggle.com/datasets/lawrencejembere/cow-images-for-milk-yield-prediction,www.kaggle.com,2592,3872,d18c46af61b871022ec85b16ed151f112bea0c747ec38754819d8d8f3d6b777c,adbfb296dcc841c0,dup_0531,canonical,False,pass,included,none,Valid clean capture
rear_0138,datasets/viewpoint/self_clean_v1/rear/rear_0138.jpg,rear,datasets/viewpoint/self/rear oblique view-updated/77.jpg,rear oblique view-updated,https://www.kaggle.com/datasets/lawrencejembere/cow-images-for-milk-yield-prediction,www.kaggle.com,3872,2592,630c9aa1ec5b0fa66a1ce062a1b0926638311bcdc2ff08e96bd4c9714187b7a7,e31e9d276e809b8c,dup_0532,canonical,False,pass,included,none,Valid clean capture
rear_0139,datasets/viewpoint/self_clean_v1/rear/rear_0139.jpg,rear,datasets/viewpoint/self/rear oblique view-updated/78.jpg,rear oblique view-updated,https://www.kaggle.com/datasets/lawrencejembere/cow-images-for-milk-yield-prediction,www.kaggle.com,3872,2592,654fc73af961d3ffd1e96ca4545bb0857e56b172bb7fc6d32d11243852a12a9a,a9fa8594958d92d3,dup_0533,canonical,False,pass,included,none,Valid clean capture
rear_0140,datasets/viewpoint/self_clean_v1/rear/rear_0140.jpg,rear,datasets/viewpoint/self/rear oblique view-updated/79.jpg,rear oblique view-updated,https://www.kaggle.com/datasets/lawrencejembere/cow-images-for-milk-yield-prediction,www.kaggle.com,2592,3872,1b1b6f1812b8600a60e1591c73cc14dc8f51415fd12336efba8e740b4566060c,bbbab4edc8c24232,dup_0534,canonical,False,pass,included,none,Valid clean capture
rear_0141,datasets/viewpoint/self_clean_v1/rear/rear_0141.jpg,rear,datasets/viewpoint/self/rear oblique view-updated/8.jpg,rear oblique view-updated,https://www.pexels.com/photo/cachena-bulls-with-large-horns-walking-on-dirt-road-26442515/,www.pexels.com,6000,4000,fd50162e7eb6f40141ed748416707016ac78c41ec7cb99de8ebdba3c4af27668,91c12698f1c7e8f9,dup_0535,canonical,False,pass,included,none,Valid clean capture
rear_0142,datasets/viewpoint/self_clean_v1/rear/rear_0142.jpg,rear,datasets/viewpoint/self/rear oblique view-updated/80.jpg,rear oblique view-updated,https://www.kaggle.com/datasets/lawrencejembere/cow-images-for-milk-yield-prediction,www.kaggle.com,3872,2592,f89ff05fae4f25af17356c4924e5617d8fb399be5bc626535498bf3ae5bf62a1,fcccc1320e3b1cf1,dup_0536,canonical,False,pass,included,none,Valid clean capture
rear_0143,datasets/viewpoint/self_clean_v1/rear/rear_0143.jpg,rear,datasets/viewpoint/self/rear oblique view-updated/81.jpg,rear oblique view-updated,https://www.kaggle.com/datasets/lawrencejembere/cow-images-for-milk-yield-prediction,www.kaggle.com,2592,3872,504bc8d3e4d7094c3aa7dc7eed23bcd4812fd8eec5552572cbee4277283b5bf8,eaeb9d86c0a11e1d,dup_0537,canonical,False,pass,included,none,Valid clean capture
rear_0144,datasets/viewpoint/self_clean_v1/rear/rear_0144.jpg,rear,datasets/viewpoint/self/rear oblique view-updated/82.jpg,rear oblique view-updated,https://www.kaggle.com/datasets/lawrencejembere/cow-images-for-milk-yield-prediction,www.kaggle.com,2592,3872,ad9ceed5b5ed89054c59e5a3bc03c998d7ee30b89883653dd1721bdf81e98230,eeafd1d0ca4828ad,dup_0538,canonical,False,pass,included,none,Valid clean capture
rear_0145,datasets/viewpoint/self_clean_v1/rear/rear_0145.jpg,rear,datasets/viewpoint/self/rear oblique view-updated/83.jpg,rear oblique view-updated,https://www.kaggle.com/datasets/lawrencejembere/cow-images-for-milk-yield-prediction,www.kaggle.com,2592,3872,063e55ab273180b6503855a6c91498fa9cced92f5bcb2ec1efe81b4cb65516bd,f89cc387a1615a5e,dup_0539,canonical,False,pass,included,none,Valid clean capture
rear_0146,datasets/viewpoint/self_clean_v1/rear/rear_0146.jpg,rear,datasets/viewpoint/self/rear oblique view-updated/84.jpg,rear oblique view-updated,https://www.kaggle.com/datasets/lawrencejembere/cow-images-for-milk-yield-prediction,www.kaggle.com,2592,3872,dd7d8c090fd10e4040ba972351c837342d6142b76f01b1a593c3ce48535e6713,f8b9c584c14a3b75,dup_0540,canonical,False,pass,included,none,Valid clean capture
rear_0147,datasets/viewpoint/self_clean_v1/rear/rear_0147.jpg,rear,datasets/viewpoint/self/rear oblique view-updated/85.jpg,rear oblique view-updated,https://www.kaggle.com/datasets/lawrencejembere/cow-images-for-milk-yield-prediction,www.kaggle.com,2592,3872,28068d0aa6c4aa186dc1148fa58911beca3b1e0e0f42142ab1ca529bbd437026,b3b3c8cccccc0c7a,dup_0541,canonical,False,pass,included,none,Valid clean capture
rear_0148,datasets/viewpoint/self_clean_v1/rear/rear_0148.jpg,rear,datasets/viewpoint/self/rear oblique view-updated/86.jpg,rear oblique view-updated,https://www.kaggle.com/datasets/lawrencejembere/cow-images-for-milk-yield-prediction,www.kaggle.com,2592,3872,a594b387a5a9435b48fa7f61a9041755fcb43bc97efe7762c04d35b80e3cf209,eceaf29991929626,dup_0542,canonical,False,pass,included,none,Valid clean capture
rear_0149,datasets/viewpoint/self_clean_v1/rear/rear_0149.jpg,rear,datasets/viewpoint/self/rear oblique view-updated/87.jpg,rear oblique view-updated,https://www.kaggle.com/datasets/lawrencejembere/cow-images-for-milk-yield-prediction,www.kaggle.com,2592,3872,26b582e53ee51818033235070ee344fb9997b8e00de182e86a8531c5bffe907f,e3889c7763ea8c15,dup_0543,canonical,False,pass,included,none,Valid clean capture
rear_0150,datasets/viewpoint/self_clean_v1/rear/rear_0150.jpg,rear,datasets/viewpoint/self/rear oblique view-updated/88.jpg,rear oblique view-updated,https://www.kaggle.com/datasets/lawrencejembere/cow-images-for-milk-yield-prediction,www.kaggle.com,2592,3872,21c326ad387890a260c5963c2a75ca63cdce1246058711ef4fdb05ba8a85fca1,e9e9969696703869,dup_0544,canonical,False,pass,included,none,Valid clean capture
rear_0151,datasets/viewpoint/self_clean_v1/rear/rear_0151.jpg,rear,datasets/viewpoint/self/rear oblique view-updated/89.jpg,rear oblique view-updated,https://www.kaggle.com/datasets/lawrencejembere/cow-images-for-milk-yield-prediction,www.kaggle.com,2592,3872,f10654a8d60480c921992f0035a1172e52529e2d4886237a0d4ee1cfdfe857c6,bee4818f7c70868b,dup_0545,canonical,False,pass,included,none,Valid clean capture
rear_0152,datasets/viewpoint/self_clean_v1/rear/rear_0152.jpg,rear,datasets/viewpoint/self/rear oblique view-updated/9.jpg,rear oblique view-updated,https://www.kaggle.com/datasets/lawrencejembere/cow-images-for-milk-yield-prediction,www.kaggle.com,2592,3872,2d9bb64598bb430de4a24d6a8f83fa5023a9c81f69da58516d0583f641500642,ef82d0dcdca34346,dup_0546,canonical,False,pass,included,none,Valid clean capture
rear_0153,datasets/viewpoint/self_clean_v1/rear/rear_0153.jpg,rear,datasets/viewpoint/self/rear oblique view-updated/90.jpg,rear oblique view-updated,https://www.kaggle.com/datasets/lawrencejembere/cow-images-for-milk-yield-prediction,www.kaggle.com,2592,3872,d6402524affafeff6169dbb4ee7eecfba43fad5c01ce620e8cc3bb1a385fd8db,f8b194d2cbcd0d86,dup_0547,canonical,False,pass,included,none,Valid clean capture
rear_0154,datasets/viewpoint/self_clean_v1/rear/rear_0154.jpg,rear,datasets/viewpoint/self/rear oblique view-updated/91.jpg,rear oblique view-updated,https://www.kaggle.com/datasets/lawrencejembere/cow-images-for-milk-yield-prediction,www.kaggle.com,2592,3872,97507dd25828c8f07c0c6210568e3e65b42c80481638d2d7dc94166098820a4a,edaed090164bab6c,dup_0548,canonical,False,pass,included,none,Valid clean capture
rear_0155,datasets/viewpoint/self_clean_v1/rear/rear_0155.jpg,rear,datasets/viewpoint/self/rear oblique view-updated/92.jpg,rear oblique view-updated,https://www.kaggle.com/datasets/lawrencejembere/cow-images-for-milk-yield-prediction,www.kaggle.com,3872,2592,c5c4e7b35105ab6457e05f0ef8e18eaac131adce7f14188f6de12a42458da62d,f08cc3e3e5a68ca9,dup_0549,canonical,False,pass,included,none,Valid clean capture
rear_0156,datasets/viewpoint/self_clean_v1/rear/rear_0156.jpg,rear,datasets/viewpoint/self/rear oblique view-updated/93.jpg,rear oblique view-updated,https://www.kaggle.com/datasets/lawrencejembere/cow-images-for-milk-yield-prediction,www.kaggle.com,3872,2592,3451be6f4e95696f88a190e000f449dd644022afa5405338f8d5f0fa8bed13cd,a96b94b48d9666ca,dup_0550,canonical,False,pass,included,none,Valid clean capture
rear_0157,datasets/viewpoint/self_clean_v1/rear/rear_0157.jpg,rear,datasets/viewpoint/self/rear oblique view-updated/94.jpg,rear oblique view-updated,https://www.kaggle.com/datasets/lawrencejembere/cow-images-for-milk-yield-prediction,www.kaggle.com,2592,3872,e0855545ca2764a36f0978670a7a66acc803fe738a8fca40d3100d8c04d369f0,9ad4e52f1a58e495,dup_0551,canonical,False,pass,included,none,Valid clean capture
rear_0158,datasets/viewpoint/self_clean_v1/rear/rear_0158.jpg,rear,datasets/viewpoint/self/rear oblique view-updated/95.jpg,rear oblique view-updated,https://www.kaggle.com/datasets/lawrencejembere/cow-images-for-milk-yield-prediction,www.kaggle.com,2592,3872,01bb02a6d6b85cc7a15170017dbecff35f6031b4d6b078c444b87cc8612d6c20,b6fdc980c0d83c2f,dup_0552,canonical,False,pass,included,none,Valid clean capture
rear_0159,datasets/viewpoint/self_clean_v1/rear/rear_0159.jpg,rear,datasets/viewpoint/self/rear oblique view-updated/96.jpg,rear oblique view-updated,https://www.kaggle.com/datasets/lawrencejembere/cow-images-for-milk-yield-prediction,www.kaggle.com,2592,3872,18a3b8ab48b8aa38692d5fd0011d2d58c83dbc8dceadf5e689cabc2da77d57ea,cb8d94f4b157064e,dup_0553,canonical,False,pass,included,none,Valid clean capture
rear_0160,datasets/viewpoint/self_clean_v1/rear/rear_0160.jpg,rear,datasets/viewpoint/self/rear oblique view-updated/97.jpg,rear oblique view-updated,https://www.kaggle.com/datasets/lawrencejembere/cow-images-for-milk-yield-prediction,www.kaggle.com,2592,3872,9d819776268c5372aeac8b16a90e0849dc208277483ebafdc0b7a7d0f9d998a5,b9d8c6a4e055f92a,dup_0554,canonical,False,pass,included,none,Valid clean capture
rear_0161,datasets/viewpoint/self_clean_v1/rear/rear_0161.jpg,rear,datasets/viewpoint/self/rear oblique view-updated/98.jpg,rear oblique view-updated,https://www.kaggle.com/datasets/lawrencejembere/cow-images-for-milk-yield-prediction,www.kaggle.com,2592,3872,e98c69355cb01265b46cc8fa348a1c08580d28bec8c6bd6796488d722018e068,e8a8d693872e3c69,dup_0555,canonical,False,pass,included,none,Valid clean capture
rear_0162,datasets/viewpoint/self_clean_v1/rear/rear_0162.jpg,rear,datasets/viewpoint/self/rear oblique view-updated/99.jpg,rear oblique view-updated,https://www.kaggle.com/datasets/lawrencejembere/cow-images-for-milk-yield-prediction,www.kaggle.com,3872,2592,caebd484c40ab5401d88d34025914e74c418dccfd687bcf39141380ec931b2d9,ad0b94b6938cd971,dup_0556,canonical,False,pass,included,none,Valid clean capture
rear_0163,datasets/viewpoint/self_clean_v1/rear/rear_0163.jpg,rear,datasets/viewpoint/self/rear oblique view-updated/`108.jpg,rear oblique view-updated,https://www.kaggle.com/datasets/lawrencejembere/cow-images-for-milk-yield-prediction,www.kaggle.com,2592,3872,1f0f5896185652df671ebff5c7b6ba50e9cde515af7c80a5ad0e493d52c19de0,f5c8c2667c7d8382,dup_0557,canonical,False,pass,included,none,Valid clean capture
rear_0164,datasets/viewpoint/self_clean_v1/rear/rear_0164.jpg,rear,datasets/viewpoint/self/rear view-updated/1.jpg,rear view-updated,https://www.pexels.com/photo/a-boy-caring-for-herd-of-cattles-9430114/,www.pexels.com,3456,5184,d0313bb6019f59f4d190cf6c63917e1913f2cbbea1a7bddc10f3cf3256e92c33,c996ab39e4cb344a,dup_0558,canonical,False,pass,included,none,Valid clean capture
rear_0165,datasets/viewpoint/self_clean_v1/rear/rear_0165.jpg,rear,datasets/viewpoint/self/rear view-updated/10.jpg,rear view-updated,https://www.pexels.com/photo/people-walking-with-cattle-on-dirt-road-17947143/,www.pexels.com,4000,6000,699194ba848865303c32453765297b3d83bcbcfc657392af3c47754dad92c8bf,94e9a29e19b536b4,dup_0559,canonical,False,pass,included,none,Valid clean capture
rear_0166,datasets/viewpoint/self_clean_v1/rear/rear_0166.png,rear,datasets/viewpoint/self/rear view-updated/100.png,rear view-updated,https://data.mendeley.com/datasets/h2s22wr5py/3/files/fd382dbe-5af8-4f00-a2cb-5ff3b8605068,data.mendeley.com,3024,4032,5fd8f1139107ac264fd57ee9a4bca4c577fed66b50d4817a4152d16abc6c7e7d,99a60b65763998e5,dup_0560,canonical,False,pass,included,none,Valid clean capture
rear_0167,datasets/viewpoint/self_clean_v1/rear/rear_0167.png,rear,datasets/viewpoint/self/rear view-updated/101.png,rear view-updated,https://data.mendeley.com/datasets/h2s22wr5py/3/files/191e129c-a38d-413f-b43d-5ba3dfdf135c,data.mendeley.com,3024,4032,0ac7a8e41feb235f4c8b8d7cec3e701f947031d65f4eaec58687d15a7512bd06,9ce18f5b225c4d87,dup_0561,canonical,False,pass,included,none,Valid clean capture
rear_0168,datasets/viewpoint/self_clean_v1/rear/rear_0168.png,rear,datasets/viewpoint/self/rear view-updated/102.png,rear view-updated,https://data.mendeley.com/datasets/h2s22wr5py/3/files/7e2410fe-1e4f-42f9-bb0a-d91e5feb37e2,data.mendeley.com,3024,4032,ee63d91f65db1518fcffc294e227ecbf05084da58c2ace48e2d6005b19d82bc9,eeb0d96e66191dc0,dup_0562,canonical,False,pass,included,none,Valid clean capture
rear_0169,datasets/viewpoint/self_clean_v1/rear/rear_0169.png,rear,datasets/viewpoint/self/rear view-updated/103.png,rear view-updated,https://data.mendeley.com/datasets/h2s22wr5py/3/files/d01f3f5a-3130-44da-92c8-b842cb155535,data.mendeley.com,3024,4032,16abe55789020b600ade40c6fc960039d12935b80aefbe5517925bebe5bbe6f2,9be60c39724badd0,dup_0563,canonical,False,pass,included,none,Valid clean capture
rear_0170,datasets/viewpoint/self_clean_v1/rear/rear_0170.png,rear,datasets/viewpoint/self/rear view-updated/104.png,rear view-updated,https://data.mendeley.com/datasets/h2s22wr5py/3/files/9f1a44ac-c3c9-4fda-ad82-5836b9216e6c,data.mendeley.com,3024,4032,b238fc9d41d6381d3e5551dcb98ba267c0e4b7851bd1f9ce4411d053f63b2c71,bbe00e0f7023afcc,dup_0564,canonical,False,pass,included,none,Valid clean capture
rear_0171,datasets/viewpoint/self_clean_v1/rear/rear_0171.png,rear,datasets/viewpoint/self/rear view-updated/108.png,rear view-updated,https://data.mendeley.com/datasets/h2s22wr5py/3/files/a5c1ef3d-493a-47c0-a707-a9b6b85a28c7,data.mendeley.com,3024,4032,28b492442f83c0ac9bbdddec9e7422947d7a6c419ad5c5056301dc0f4173903e,bbc09c73234bcca6,dup_0565,canonical,False,pass,included,none,Valid clean capture
rear_0172,datasets/viewpoint/self_clean_v1/rear/rear_0172.jpg,rear,datasets/viewpoint/self/rear view-updated/11.jpg,rear view-updated,https://www.pexels.com/photo/boy-leading-cows-in-village-18700975/,www.pexels.com,5473,3649,bf9446dbf2fc4ce335d19549297f183425cbd97ad82252fd5c8a67543574b29b,c0acf3687c379cc8,dup_0566,canonical,False,pass,included,none,Valid clean capture
rear_0173,datasets/viewpoint/self_clean_v1/rear/rear_0173.jpg,rear,datasets/viewpoint/self/rear view-updated/116.jpg,rear view-updated,https://unsplash.com/photos/brown-and-white-cattle-on-pasture-during-daytime-3njc1xBREDg,unsplash.com,7360,4912,49f7756a6b034cc2cc7a43d6b8fc4644e95ccc64e3f589fd2651d7aff5f60dd1,f9cdc080b9b9e6b0,dup_0567,canonical,False,pass,included,none,Valid clean capture
rear_0174,datasets/viewpoint/self_clean_v1/rear/rear_0174.jpg,rear,datasets/viewpoint/self/rear view-updated/117.jpg,rear view-updated,https://unsplash.com/photos/cows-walk-past-a-building-on-a-sunny-day-QJTXUyQ5Y04,unsplash.com,6000,4000,77b36b4b0bca1d6f19f6172a1a13795a769ef7bf5814ee04b4060bd0f47aab41,e6e7b46c0623c2b6,dup_0568,canonical,False,pass,included,none,Valid clean capture
rear_0175,datasets/viewpoint/self_clean_v1/rear/rear_0175.jpg,rear,datasets/viewpoint/self/rear view-updated/118.jpg,rear view-updated,https://unsplash.com/photos/white-and-brown-cow-on-green-grass-field-during-daytime-sgRVKdoSrWA,unsplash.com,3276,4095,36ba39ca3d8af3e5438fd1e2ae5d3b5c8874308510c2d67b5b77202abdd6ae02,9199ce4628397e9e,dup_0569,canonical,False,pass,included,none,Valid clean capture
rear_0176,datasets/viewpoint/self_clean_v1/rear/rear_0176.jpg,rear,datasets/viewpoint/self/rear view-updated/12.jpg,rear view-updated,https://www.pexels.com/photo/herding-cattle-on-a-rural-sicilian-road-29527210/,www.pexels.com,2640,1760,81a0aa70af1b08d85f518378510fc2908f657c0e9232db17c89197a810cecccd,d1bad5472a31d3c4,dup_0570,canonical,False,pass,included,none,Valid clean capture
rear_0177,datasets/viewpoint/self_clean_v1/rear/rear_0177.jpg,rear,datasets/viewpoint/self/rear view-updated/120.jpg,rear view-updated,https://in.pinterest.com/pin/black-and-white-cow-in-lush-green-field--41376890327325060/,in.pinterest.com,736,1081,98177c87c0daac6fb045ce30189eac36d4fc09c8854f32fd0562b70f29489f93,d993b2c047b43ccb,dup_0571,canonical,False,pass,included,none,Valid clean capture; human review (2026-09-23 by Hasin Ishrak): Confirmed included by human reviewer: authentic natural cattle photograph in pasture with valid viewpoint orientation.
rear_0178,datasets/viewpoint/self_clean_v1/rear/rear_0178.jpg,rear,datasets/viewpoint/self/rear view-updated/13.jpg,rear view-updated,https://www.pexels.com/photo/a-man-walking-on-brown-soil-with-his-cows-11536891/,www.pexels.com,3265,2176,06543ba3b8867b23be6b778c2c4f62020e5199af4eb517fb8b50a209faafbb5a,a1949cddcda5463a,dup_0572,canonical,False,pass,included,none,Valid clean capture
rear_0179,datasets/viewpoint/self_clean_v1/rear/rear_0179.jpg,rear,datasets/viewpoint/self/rear view-updated/14.jpg,rear view-updated,https://www.pexels.com/photo/farmer-with-oxen-in-field-15275563/,www.pexels.com,4897,3264,b0b1efc4e086d081bcfaf1c72f63d83a7c8e2afb17899770aead339b58a40515,b8b0909f4ee1e12f,dup_0573,canonical,False,pass,included,none,Valid clean capture
rear_0180,datasets/viewpoint/self_clean_v1/rear/rear_0180.jpg,rear,datasets/viewpoint/self/rear view-updated/15.jpg,rear view-updated,https://www.pexels.com/photo/elderly-man-standing-beside-the-carabao-15276182/,www.pexels.com,3803,2535,afeedd248bc93077f7a68d59169a0b95abc12c5ec930626d5772086e37606e9c,de9e7140b6cf8541,dup_0574,canonical,False,pass,included,none,Valid clean capture
rear_0181,datasets/viewpoint/self_clean_v1/rear/rear_0181.jpg,rear,datasets/viewpoint/self/rear view-updated/16.jpg,rear view-updated,https://www.pexels.com/photo/farmer-and-pair-of-oxen-plowing-land-16509955/,www.pexels.com,3409,2556,9bbbf8f1903ff928ab182c690e4a3fc664afb4e097950ab9b157d2e9ab32df84,90becf6391b84e13,dup_0575,canonical,False,pass,included,none,Valid clean capture
rear_0182,datasets/viewpoint/self_clean_v1/rear/rear_0182.jpg,rear,datasets/viewpoint/self/rear view-updated/17.jpg,rear view-updated,https://www.pexels.com/photo/herd-of-cattle-grazing-along-the-rural-roadside-36298877/,www.pexels.com,3500,2334,58a9afffff62d314a565cd5ab1282610530c8a1eeb27412b5a7ca5f3015016a1,b0cfe338cfe21906,dup_0576,canonical,False,pass,included,none,Valid clean capture
rear_0183,datasets/viewpoint/self_clean_v1/rear/rear_0183.jpg,rear,datasets/viewpoint/self/rear view-updated/18.jpg,rear view-updated,https://www.pexels.com/photo/cattle-grazing-in-valle-del-cauca-landscape-38511263/,www.pexels.com,4111,5139,d83990120eda476187f4c54e78d73ce5b218f1524a338f59e5cbdd1044e26425,f155c653f2dcc821,dup_0577,canonical,False,pass,included,none,Valid clean capture
rear_0184,datasets/viewpoint/self_clean_v1/rear/rear_0184.jpg,rear,datasets/viewpoint/self/rear view-updated/19.jpg,rear view-updated,https://www.pexels.com/photo/cowboy-herding-cattle-on-brazilian-ranch-31173079/,www.pexels.com,5760,3840,ad359e92f66efd1eed86478c9c45555cc8b25d91de250cb3a1667c011d4bd96e,b24c4be2cf45f889,dup_0578,canonical,False,pass,included,none,Valid clean capture
rear_0185,datasets/viewpoint/self_clean_v1/rear/rear_0185.jpg,rear,datasets/viewpoint/self/rear view-updated/20.jpg,rear view-updated,https://www.pexels.com/photo/shepherd-guiding-herd-through-azerbaijani-village-32416053/,www.pexels.com,4000,6000,8a03b5fe7e5b846b1f2452496fba575e65105c7bc0704034daa1fd550f7ee577,cec08397b51a5a37,dup_0580,canonical,False,pass,included,none,Valid clean capture
rear_0186,datasets/viewpoint/self_clean_v1/rear/rear_0186.jpg,rear,datasets/viewpoint/self/rear view-updated/22.jpg,rear view-updated,https://www.pexels.com/photo/people-walking-on-road-with-brown-cows-12426052/,www.pexels.com,3821,5732,5091f1ea65a13cb721872e11528e0eca39d38f8b2a7ef2f66c8cb880c2651d4f,cdcc2e3bd1b1a125,dup_0581,canonical,False,pass,included,none,Valid clean capture
rear_0187,datasets/viewpoint/self_clean_v1/rear/rear_0187.jpg,rear,datasets/viewpoint/self/rear view-updated/23.jpg,rear view-updated,https://www.pexels.com/photo/traditional-cattle-driving-in-rural-bangladesh-37539216/,www.pexels.com,6000,4000,6f994efe44b85ed0306aae6f2740e6d8ce4492cdc67818879feb88d520eb4878,882b97fc6307d455,dup_0582,canonical,False,pass,included,none,Valid clean capture
rear_0188,datasets/viewpoint/self_clean_v1/rear/rear_0188.jpg,rear,datasets/viewpoint/self/rear view-updated/25.jpg,rear view-updated,https://www.pexels.com/photo/farmer-walking-with-cattle-in-thanchi-bangladesh-37651734/,www.pexels.com,5568,3712,ade4e084aed6e3320690efdb59db04befdc9c56558c28864cc65c0b8a4a5c436,f389dcf3864bc380,dup_0583,canonical,False,pass,included,none,Valid clean capture
rear_0189,datasets/viewpoint/self_clean_v1/rear/rear_0189.jpg,rear,datasets/viewpoint/self/rear view-updated/27.jpg,rear view-updated,https://www.pexels.com/photo/farmers-in-india-20527380/,www.pexels.com,6000,4000,83cebaab9d77877b089ea24119099c8d0365f9f75ad1a7d761f320989efec0f7,b89081c74771bd9e,dup_0584,canonical,False,pass,included,none,Valid clean capture
rear_0190,datasets/viewpoint/self_clean_v1/rear/rear_0190.jpg,rear,datasets/viewpoint/self/rear view-updated/29.jpg,rear view-updated,https://www.pexels.com/photo/man-walking-with-cows-on-rural-path-at-sunset-36409193/,www.pexels.com,4058,6087,79da349c04d3c797c38b6270c522adf5add25ff7d7568031c5851ced0da04d60,c4baf9c06f5902a7,dup_0585,canonical,False,pass,included,none,Valid clean capture
rear_0191,datasets/viewpoint/self_clean_v1/rear/rear_0191.jpg,rear,datasets/viewpoint/self/rear view-updated/3.jpg,rear view-updated,https://www.pexels.com/photo/cow-grazing-on-pasture-18045346/,www.pexels.com,2836,3545,436c97efba9c107ab7facb131029fc9c99282c2dc7bb65480fd5800395decad5,8c4fcbb1a322b3b4,dup_0579,canonical,False,pass,included,none,Valid clean capture
rear_0192,datasets/viewpoint/self_clean_v1/rear/rear_0192.jpg,rear,datasets/viewpoint/self/rear view-updated/30.jpg,rear view-updated,https://www.pexels.com/photo/farmer-walking-cattle-on-rural-path-at-sunset-36409207/,www.pexels.com,4128,6192,d63aecdb4dc1d7420ebf6758a3f2ac8e3f3b6efe376c8c9e4d41203898f8f502,cdaff0c86d70482d,dup_0427,canonical,False,pass,included,none,Valid clean capture
rear_0193,datasets/viewpoint/self_clean_v1/rear/rear_0193.jpg,rear,datasets/viewpoint/self/rear view-updated/31.jpg,rear view-updated,https://www.pexels.com/photo/mother-cow-and-calf-in-pastoral-landscape-31259860/,www.pexels.com,2913,4370,590752da81b92fb639a6dc1492072dc5f779f2652c84703553c44516ec3fa0bb,ced615ed4b132c2c,dup_0586,canonical,False,pass,included,none,Valid clean capture
rear_0194,datasets/viewpoint/self_clean_v1/rear/rear_0194.jpg,rear,datasets/viewpoint/self/rear view-updated/32.jpg,rear view-updated,https://www.pexels.com/photo/cattle-grazing-with-calf-in-minna-nigeria-37268381/,www.pexels.com,3031,3789,2a40554e042094bdc53b63e1fe2f4827ee8e89f50512e2170c16588c9524f6e4,ce9831678e1899cf,dup_0587,canonical,False,pass,included,none,Valid clean capture
rear_0195,datasets/viewpoint/self_clean_v1/rear/rear_0195.jpg,rear,datasets/viewpoint/self/rear view-updated/33.jpg,rear view-updated,https://www.pexels.com/photo/back-view-of-a-cow-grazing-on-green-grassland-7813009/,www.pexels.com,2592,3872,c0e5ccc55c92f29fa92083c0901f7fbfb5c4bfc044d5b77a0a0af36ba1830bee,d1d8e4a25a5974b6,dup_0588,canonical,False,pass,included,none,Valid clean capture
rear_0196,datasets/viewpoint/self_clean_v1/rear/rear_0196.png,rear,datasets/viewpoint/self/rear view-updated/34.png,rear view-updated,https://data.mendeley.com/datasets/h2s22wr5py/3/files/50b70a8d-3139-42f9-ae53-0fed76743f7a,data.mendeley.com,3024,4032,17311c192611adfc64e2a3ff106b3337dd46a762ace52827d4b234649f1f2787,f3995908261ed97c,dup_0589,canonical,False,pass,included,none,Valid clean capture
rear_0197,datasets/viewpoint/self_clean_v1/rear/rear_0197.png,rear,datasets/viewpoint/self/rear view-updated/36.png,rear view-updated,https://data.mendeley.com/datasets/h2s22wr5py/3/files/128f0873-aa27-42b7-b6be-a60081c4e699,data.mendeley.com,3024,4032,180a46d2e1a77737cb00383fe2d36689402e1050c31f5672a8e97b5f4ca4eaf5,e19ede7841261dc3,dup_0591,canonical,False,pass,included,none,Valid clean capture
rear_0198,datasets/viewpoint/self_clean_v1/rear/rear_0198.png,rear,datasets/viewpoint/self/rear view-updated/37.png,rear view-updated,https://data.mendeley.com/datasets/h2s22wr5py/3/files/209b0196-3ffb-4964-9428-8e681623dffc,data.mendeley.com,3024,4032,ba013107c80afdf412c6f3334b6b1302c9d205e763d8e4291be45dbd1829dd46,e4b7ca0965a2f54a,dup_0592,canonical,False,pass,included,none,Valid clean capture
rear_0199,datasets/viewpoint/self_clean_v1/rear/rear_0199.png,rear,datasets/viewpoint/self/rear view-updated/38.png,rear view-updated,https://data.mendeley.com/datasets/h2s22wr5py/3/files/12e20c40-05dc-40b6-bba8-70e98150bf82,data.mendeley.com,3024,4032,33a06e45593bc8e3819b26d666a64fe5a14ff43fc754405c4a73f33a6b4a6a27,e6b2c85938a672ae,dup_0593,canonical,False,pass,included,none,Valid clean capture
rear_0200,datasets/viewpoint/self_clean_v1/rear/rear_0200.png,rear,datasets/viewpoint/self/rear view-updated/39.png,rear view-updated,https://data.mendeley.com/datasets/h2s22wr5py/3/files/ff320c38-8779-4c44-aa71-0fd901c0997f,data.mendeley.com,3024,4032,cb7399dc9377ed21412f4a3706a636d8cec7999a49183ce97f87082666f99ea5,bee1835e225c59a3,dup_0594,canonical,False,pass,included,none,Valid clean capture
rear_0201,datasets/viewpoint/self_clean_v1/rear/rear_0201.jpg,rear,datasets/viewpoint/self/rear view-updated/4.jpg,rear view-updated,https://www.pexels.com/photo/herd-of-cows-grazing-in-rural-palu-turkiye-32608475/,www.pexels.com,6000,4000,fd87f0e77becee3e2cab46fe9b1e9e51c8afd3e7b0ebfab93bedfccbfdc61d6e,d08d725f097ad195,dup_0595,canonical,False,pass,included,none,Valid clean capture
rear_0202,datasets/viewpoint/self_clean_v1/rear/rear_0202.png,rear,datasets/viewpoint/self/rear view-updated/40.png,rear view-updated,https://data.mendeley.com/datasets/h2s22wr5py/3/files/a27a445f-ca39-4f93-b703-46f65e307160,data.mendeley.com,3024,4032,7470c4c8ef098bc2c258eb5a6ed9e5905a90e4f57cd2926f67db93df52b2a63a,bea1c93c26f32496,dup_0596,canonical,False,pass,included,none,Valid clean capture
rear_0203,datasets/viewpoint/self_clean_v1/rear/rear_0203.png,rear,datasets/viewpoint/self/rear view-updated/41.png,rear view-updated,https://data.mendeley.com/datasets/h2s22wr5py/3/files/589dbfc4-2638-45f4-b414-d8213c380af6,data.mendeley.com,3024,4032,e05ff5b7198e5477b831e478a07cba1c1b44aff8511906eebc1f697969da2ebd,ada48a1b566d3aac,dup_0597,canonical,False,pass,included,none,Valid clean capture
rear_0204,datasets/viewpoint/self_clean_v1/rear/rear_0204.png,rear,datasets/viewpoint/self/rear view-updated/42.png,rear view-updated,https://data.mendeley.com/datasets/h2s22wr5py/3/files/7e2208b5-35b3-4fb6-8d03-13edef54ba15,data.mendeley.com,3024,4032,189f34751c409133a6697c99d0bc3a8805493503a64ed4531fb72fadf4603f25,b3a79c0e4766b0b8,dup_0598,canonical,False,pass,included,none,Valid clean capture
rear_0205,datasets/viewpoint/self_clean_v1/rear/rear_0205.png,rear,datasets/viewpoint/self/rear view-updated/43.png,rear view-updated,https://data.mendeley.com/datasets/h2s22wr5py/3/files/ab0a51e8-a0f9-4033-b950-9d1a5d535682,data.mendeley.com,3024,4032,6e3df859fc8c913de3a1c7e141fa2d8662e1bcb76669c80900222b93d80abd87,9ae38d1c265b49dc,dup_0599,canonical,False,pass,included,none,Valid clean capture
rear_0206,datasets/viewpoint/self_clean_v1/rear/rear_0206.png,rear,datasets/viewpoint/self/rear view-updated/44.png,rear view-updated,https://data.mendeley.com/datasets/h2s22wr5py/3/files/0f0563af-d1a0-48ba-869c-2fb91eae1368,data.mendeley.com,3024,4032,62155d6835f4ba8f8162735877eee913782aa0c93613a94aa280b7110965bf1b,bea2c905622dbcda,dup_0600,canonical,False,pass,included,none,Valid clean capture
rear_0207,datasets/viewpoint/self_clean_v1/rear/rear_0207.png,rear,datasets/viewpoint/self/rear view-updated/45.png,rear view-updated,https://data.mendeley.com/datasets/h2s22wr5py/3/files/2303fb77-8165-4f71-bd7e-d96dc796b3b7,data.mendeley.com,3024,4032,3d1f3349561b432c76b4ae0e4142f2a13d9d4c6773f2a1271022a887d1a3388d,baa5d80b26b2b9d2,dup_0601,canonical,False,pass,included,none,Valid clean capture
rear_0208,datasets/viewpoint/self_clean_v1/rear/rear_0208.png,rear,datasets/viewpoint/self/rear view-updated/46.png,rear view-updated,https://data.mendeley.com/datasets/h2s22wr5py/3/files/8a4d27d3-7827-4401-9061-b7eb1e11e84e,data.mendeley.com,3024,4032,8125988c0ee11d6af19bf288e66f3d266f1bdc64ee24b526bed37db12365a2fc,e2b4d90e70a5b74a,dup_0602,canonical,False,pass,included,none,Valid clean capture
rear_0209,datasets/viewpoint/self_clean_v1/rear/rear_0209.png,rear,datasets/viewpoint/self/rear view-updated/47.png,rear view-updated,https://data.mendeley.com/datasets/h2s22wr5py/3/files/81e94606-06ca-45b0-9d1b-d6b6fd003d77,data.mendeley.com,3024,4032,ad7e2b7f9193f0ae8be4c5daabe03cfe4cd71a21cd0a0466098b74b9afc82068,e5b4da192148f5d6,dup_0603,canonical,False,pass,included,none,Valid clean capture
rear_0210,datasets/viewpoint/self_clean_v1/rear/rear_0210.png,rear,datasets/viewpoint/self/rear view-updated/48.png,rear view-updated,https://data.mendeley.com/datasets/h2s22wr5py/3/files/1a6d306f-d79e-4244-9336-9baacb2fd6a8,data.mendeley.com,3024,4032,783717e6c367615caa4096a7cc3f2d1f9248016755f2ac7349511a4c6de62fc8,83a69c592626f5f8,dup_0604,canonical,False,pass,included,none,Valid clean capture
rear_0211,datasets/viewpoint/self_clean_v1/rear/rear_0211.png,rear,datasets/viewpoint/self/rear view-updated/49.png,rear view-updated,https://data.mendeley.com/datasets/h2s22wr5py/3/files/fc8119ed-7c59-4302-9f61-1fbf54839ec5,data.mendeley.com,3024,4032,f736e73bc6c7848f750d147baa774dcb5572e26af33f8cdaca35090ee333df3a,9ae3a91c265b6ac6,dup_0605,canonical,False,pass,included,none,Valid clean capture
rear_0212,datasets/viewpoint/self_clean_v1/rear/rear_0212.jpg,rear,datasets/viewpoint/self/rear view-updated/5.jpg,rear view-updated,https://www.pexels.com/photo/cows-in-a-field-19808773/,www.pexels.com,5184,3456,d3e8f48d30cffb04896bb47e12dc0c71bd6cf68a42c961484b7d1c69f9476b9c,d5ecfb861b956280,dup_0606,canonical,False,pass,included,none,Valid clean capture
rear_0213,datasets/viewpoint/self_clean_v1/rear/rear_0213.png,rear,datasets/viewpoint/self/rear view-updated/50.png,rear view-updated,https://data.mendeley.com/datasets/h2s22wr5py/3/files/fc52db2b-cdf8-47d2-bf04-08b2aedeb021,data.mendeley.com,3024,4032,fde065892e8ff16dcd6e8adaf41958aefc46a548cf727d47e304efc586ca7b2c,e6d1b8845b27c8d6,dup_0607,canonical,False,pass,included,none,Valid clean capture
rear_0214,datasets/viewpoint/self_clean_v1/rear/rear_0214.png,rear,datasets/viewpoint/self/rear view-updated/51.png,rear view-updated,https://data.mendeley.com/datasets/h2s22wr5py/3/files/79b5bdf2-e7b9-4f17-b76b-c534f7b591f1,data.mendeley.com,3024,4032,9f1e9686f13e580ef580c0c51a4ba436550bff9060b90a8a1dbe375a09e54b63,86f35959260758f3,dup_0608,canonical,False,pass,included,none,Valid clean capture
rear_0215,datasets/viewpoint/self_clean_v1/rear/rear_0215.png,rear,datasets/viewpoint/self/rear view-updated/52.png,rear view-updated,https://data.mendeley.com/datasets/h2s22wr5py/3/files/66671db7-e667-4c9d-824f-e04422129122,data.mendeley.com,3024,4032,edb88d75d1f293c5b601d8e95313fd52e05bf698b6eee39c042a5dc22e5fed1e,9ba68c59771ec6a0,dup_0609,canonical,False,pass,included,none,Valid clean capture
rear_0216,datasets/viewpoint/self_clean_v1/rear/rear_0216.png,rear,datasets/viewpoint/self/rear view-updated/53.png,rear view-updated,https://data.mendeley.com/datasets/h2s22wr5py/3/files/97d88142-e2d3-4c52-a56e-529a881585a6,data.mendeley.com,3024,4032,42b203df0a90ae4a2d9b014e3bb9fc31073f45e6d42bdd922e072fca813067f9,e2e45d190ca1e6de,dup_0610,canonical,False,pass,included,none,Valid clean capture
rear_0217,datasets/viewpoint/self_clean_v1/rear/rear_0217.png,rear,datasets/viewpoint/self/rear view-updated/54.png,rear view-updated,https://data.mendeley.com/datasets/h2s22wr5py/3/files/95236792-fd46-471b-8e1f-44d925ffd63d,data.mendeley.com,3024,4032,8a957c0edcdf6bc71755d8386cd7740bc021e89d235e465d4f24e737fcb6138b,e8b6da493566a29a,dup_0611,canonical,False,pass,included,none,Valid clean capture
rear_0218,datasets/viewpoint/self_clean_v1/rear/rear_0218.png,rear,datasets/viewpoint/self/rear view-updated/55.png,rear view-updated,https://data.mendeley.com/datasets/h2s22wr5py/3/files/b8fbf9d5-5ad5-4dfd-8896-b9d94abba962,data.mendeley.com,3024,4032,16141caf034ca6ecc1760ee333aa34c170524d8d2d3de466a3571ed07c349e87,dda2a34d915a0fb4,dup_0612,canonical,False,pass,included,none,Valid clean capture
rear_0219,datasets/viewpoint/self_clean_v1/rear/rear_0219.png,rear,datasets/viewpoint/self/rear view-updated/56.png,rear view-updated,https://data.mendeley.com/datasets/h2s22wr5py/3/files/e25f3cd8-c4db-4257-b951-1bb35313effa,data.mendeley.com,3024,4032,d4e9e55bbb9434a481a151f624efa1c472d6be4a1b6d80a66f3eb69174f22921,b2fb8c0c7122ad9e,dup_0613,canonical,False,pass,included,none,Valid clean capture
rear_0220,datasets/viewpoint/self_clean_v1/rear/rear_0220.png,rear,datasets/viewpoint/self/rear view-updated/57.png,rear view-updated,https://data.mendeley.com/datasets/h2s22wr5py/3/files/f7304a19-ab66-4ff1-801e-8e048be3911a,data.mendeley.com,3024,4032,dc55521577138236ebc5aa610874dbe74aed5b54c7ebeadec4f5f0d363c6e1a9,b3a68c495d2576e2,dup_0614,canonical,False,pass,included,none,Valid clean capture
rear_0221,datasets/viewpoint/self_clean_v1/rear/rear_0221.png,rear,datasets/viewpoint/self/rear view-updated/58.png,rear view-updated,https://data.mendeley.com/datasets/h2s22wr5py/3/files/85154fe0-9140-4a36-845f-cf60b6745a8f,data.mendeley.com,3024,4032,10cf63da10f07c9eee3b78a842dd8386359843469d3ac8246835acc377c17f78,b2f789887c5174c3,dup_0615,canonical,False,pass,included,none,Valid clean capture
rear_0222,datasets/viewpoint/self_clean_v1/rear/rear_0222.png,rear,datasets/viewpoint/self/rear view-updated/59.png,rear view-updated,https://data.mendeley.com/datasets/h2s22wr5py/3/files/7c2c20cc-a8db-474c-9dd8-eccec1618d47,data.mendeley.com,3024,4032,925005e615ca9c878b2132e9314d4069e76827b5434044f1aa1e32b8c524e8a4,bab0950b3d620efa,dup_0616,canonical,False,pass,included,none,Valid clean capture
rear_0223,datasets/viewpoint/self_clean_v1/rear/rear_0223.jpg,rear,datasets/viewpoint/self/rear view-updated/6.jpg,rear view-updated,https://www.pexels.com/photo/farmer-and-his-cows-12213862/,www.pexels.com,4128,6192,f915f9b6140237b752e1bb547ac80659d4bb6b15ada5a0957123ed67c8702136,c0c8d7b6371732e2,dup_0617,canonical,False,pass,included,none,Valid clean capture
rear_0224,datasets/viewpoint/self_clean_v1/rear/rear_0224.png,rear,datasets/viewpoint/self/rear view-updated/60.png,rear view-updated,https://data.mendeley.com/datasets/h2s22wr5py/3/files/63435125-960b-4f27-a002-1390b9665ef1,data.mendeley.com,3024,4032,e5a97c2a07f2cebd60a72f5fb7aac0b8f4b3570e7b483c3096f78fedbeae232c,e7a4db5a192da074,dup_0618,canonical,False,pass,included,none,Valid clean capture
rear_0225,datasets/viewpoint/self_clean_v1/rear/rear_0225.png,rear,datasets/viewpoint/self/rear view-updated/61.png,rear view-updated,https://data.mendeley.com/datasets/h2s22wr5py/3/files/3cd59105-dd8d-4f9b-b57e-a72ca7d5d22c,data.mendeley.com,3024,4032,fdfc20cc363b4739606a55d027a02183bfb5273ebf7c4364a631ea46d6fe77bf,e4b7d30c5969a436,dup_0619,canonical,False,pass,included,none,Valid clean capture
rear_0226,datasets/viewpoint/self_clean_v1/rear/rear_0226.png,rear,datasets/viewpoint/self/rear view-updated/62.png,rear view-updated,https://data.mendeley.com/datasets/h2s22wr5py/3/files/1e880fb9-fcc3-4803-ab93-adabbae63400,data.mendeley.com,3024,4032,c81357ff830859b6375715a02f8f6c82ac1b7097ecdcaa62de84c2e3090f5ed2,bec499613ef904b4,dup_0620,canonical,False,pass,included,none,Valid clean capture
rear_0227,datasets/viewpoint/self_clean_v1/rear/rear_0227.png,rear,datasets/viewpoint/self/rear view-updated/63.png,rear view-updated,https://data.mendeley.com/datasets/h2s22wr5py/3/files/e8dbc93a-74e3-480e-9037-185271e6b4e3,data.mendeley.com,3024,4032,c536e38c93cf140fa37b0bfe6239327a0d459c32c747f52b32e2b1e0005fcb61,9be0ac0f7441ce97,dup_0621,canonical,False,pass,included,none,Valid clean capture
rear_0228,datasets/viewpoint/self_clean_v1/rear/rear_0228.png,rear,datasets/viewpoint/self/rear view-updated/64.png,rear view-updated,https://data.mendeley.com/datasets/h2s22wr5py/3/files/40979e91-aa41-42d2-b038-65c9ec9f3cc4,data.mendeley.com,3024,4032,bbb4e8460bf33745dbf04e8f615d6d85c9a82b46e1ed5150f840ccdd0c683ef2,e6b5db08443036f7,dup_0622,canonical,False,pass,included,none,Valid clean capture
rear_0229,datasets/viewpoint/self_clean_v1/rear/rear_0229.png,rear,datasets/viewpoint/self/rear view-updated/65.png,rear view-updated,https://data.mendeley.com/datasets/h2s22wr5py/3/files/952ba852-e5f7-493c-a994-ba9957456098,data.mendeley.com,3024,4032,2bc5bba994f787f19278413353afe726fcb73c71e9aec7d151eabf90deba4cb0,e3b4d80d0762b71b,dup_0623,canonical,False,pass,included,none,Valid clean capture
rear_0230,datasets/viewpoint/self_clean_v1/rear/rear_0230.png,rear,datasets/viewpoint/self/rear view-updated/66.png,rear view-updated,https://data.mendeley.com/datasets/h2s22wr5py/3/files/f67a7e84-400a-469c-8810-8c2000e916d6,data.mendeley.com,3024,4032,15af0c3f6d3e048e78824e54b65bcad5719e2bf1b1638e2e928de4700294c88c,c2b2fd0d0a72b68d,dup_0624,canonical,False,pass,included,none,Valid clean capture
rear_0231,datasets/viewpoint/self_clean_v1/rear/rear_0231.png,rear,datasets/viewpoint/self/rear view-updated/67.png,rear view-updated,https://data.mendeley.com/datasets/h2s22wr5py/3/files/934d872c-8cc5-4155-a198-28807d76c50d,data.mendeley.com,3024,4032,b4189a3c79f30d9a2453a14db4c2da64f7d2a5c12dc290173e463df2189fbc72,b9f20a09e44e9f5c,dup_0625,canonical,False,pass,included,none,Valid clean capture
rear_0232,datasets/viewpoint/self_clean_v1/rear/rear_0232.png,rear,datasets/viewpoint/self/rear view-updated/68.png,rear view-updated,https://data.mendeley.com/datasets/h2s22wr5py/3/files/543710c9-ba6d-404e-b319-7bb1a69415f3,data.mendeley.com,3024,4032,6a255b5ba303217a13d0e4f52699d1cd603272bef09f159498abf1213b0b1c8a,d294214d77ce3959,dup_0626,canonical,False,pass,included,none,Valid clean capture
rear_0233,datasets/viewpoint/self_clean_v1/rear/rear_0233.png,rear,datasets/viewpoint/self/rear view-updated/69.png,rear view-updated,https://data.mendeley.com/datasets/h2s22wr5py/3/files/5d18f8db-b0f5-4375-b525-1963bf1d0e00,data.mendeley.com,3024,4032,32619bc988f4fadd5d5fbd4c52ecc507c8b58a47e9b65ec89d70b942e0baf464,cab1c9c62359acd6,dup_0627,canonical,False,pass,included,none,Valid clean capture
rear_0234,datasets/viewpoint/self_clean_v1/rear/rear_0234.jpg,rear,datasets/viewpoint/self/rear view-updated/7.jpg,rear view-updated,https://www.pexels.com/photo/farmer-herding-cattle-on-rural-path-in-bangladesh-35239071/,www.pexels.com,5568,3712,2e6c43b43a066ad6ab43a384805a26452a9a48ccf00b663ea15ea3f824d0b7b8,f04cb9b4cc3d728a,dup_0628,canonical,False,pass,included,none,Valid clean capture
rear_0235,datasets/viewpoint/self_clean_v1/rear/rear_0235.png,rear,datasets/viewpoint/self/rear view-updated/70.png,rear view-updated,https://data.mendeley.com/datasets/h2s22wr5py/3/files/459a5a22-a733-4291-8f9d-8ff514c011e6,data.mendeley.com,3024,4032,46e5c32f16617a2b5c1dc881217e72d87b9eb12022152e7cdcf441d5cf6bd991,e8b24d0f3250dd8f,dup_0629,canonical,False,pass,included,none,Valid clean capture
rear_0236,datasets/viewpoint/self_clean_v1/rear/rear_0236.png,rear,datasets/viewpoint/self/rear view-updated/71.png,rear view-updated,https://data.mendeley.com/datasets/h2s22wr5py/3/files/cd42a6f6-18a7-4d29-b95d-0ef01b7c1f2d,data.mendeley.com,3024,4032,afb7d7b58dac63bfcf968a265e56cd629f03848b4fc7c1b9d08a0ee4f2e86b83,a78cc90d76a79869,dup_0590,canonical,False,pass,included,none,Valid clean capture
rear_0237,datasets/viewpoint/self_clean_v1/rear/rear_0237.png,rear,datasets/viewpoint/self/rear view-updated/72.png,rear view-updated,https://data.mendeley.com/datasets/h2s22wr5py/3/files/80a3cd1c-e150-4758-97cf-1f47c752fe35,data.mendeley.com,3024,4032,3460676fc58cd80d4250a1a1767850b9214787a492b65b223c5532e61a2a0fff,93e38c1d631387f8,dup_0630,canonical,False,pass,included,none,Valid clean capture
rear_0238,datasets/viewpoint/self_clean_v1/rear/rear_0238.png,rear,datasets/viewpoint/self/rear view-updated/73.png,rear view-updated,https://data.mendeley.com/datasets/h2s22wr5py/3/files/11262c27-d0fe-47a0-8c3a-0f76e4d1329b,data.mendeley.com,3024,4032,11fd8b7b66c81bd26689f22254e5efa10afc128ecd100a06a7a992947f91e6fd,e2b1db0ea75868c6,dup_0631,canonical,False,pass,included,none,Valid clean capture
rear_0239,datasets/viewpoint/self_clean_v1/rear/rear_0239.png,rear,datasets/viewpoint/self/rear view-updated/74.png,rear view-updated,https://data.mendeley.com/datasets/h2s22wr5py/3/files/1a1ecab7-6a4c-4289-93cf-37c361079643,data.mendeley.com,3024,4032,70701d988ae67869fc8acdd8348afe15097f9183b1412c8f25c37249a4c66a2f,b3e42c53619c6e39,dup_0632,canonical,False,pass,included,none,Valid clean capture
rear_0240,datasets/viewpoint/self_clean_v1/rear/rear_0240.png,rear,datasets/viewpoint/self/rear view-updated/75.png,rear view-updated,https://data.mendeley.com/datasets/h2s22wr5py/3/files/bef6d157-f204-40dd-bdad-63de60dfea24,data.mendeley.com,3024,4032,856fe70bccbb1fa5c0bab740dd85765264b08b328aca8f63e5f8207d7d99932e,e7b6d858192961e3,dup_0633,canonical,False,pass,included,none,Valid clean capture
rear_0241,datasets/viewpoint/self_clean_v1/rear/rear_0241.png,rear,datasets/viewpoint/self/rear view-updated/76.png,rear view-updated,https://data.mendeley.com/datasets/h2s22wr5py/3/files/6cd0775a-b8c4-4652-991b-02f7f65c58f0,data.mendeley.com,3024,4032,368f689780613966cf7fb1bea53ab455e349536398525c62b0deb21c86ef3555,ecf69b491468f606,dup_0634,canonical,False,pass,included,none,Valid clean capture
rear_0242,datasets/viewpoint/self_clean_v1/rear/rear_0242.png,rear,datasets/viewpoint/self/rear view-updated/77.png,rear view-updated,https://data.mendeley.com/datasets/h2s22wr5py/3/files/a631d040-2151-49d9-806f-8b1a8565f5b1,data.mendeley.com,3024,4032,425a27feac95a19a6ab23bf85430529b6ff380f9d2dec5b5e00ceb169c433687,e6b6d9491827a715,dup_0635,canonical,False,pass,included,none,Valid clean capture
rear_0243,datasets/viewpoint/self_clean_v1/rear/rear_0243.png,rear,datasets/viewpoint/self/rear view-updated/78.png,rear view-updated,https://data.mendeley.com/datasets/h2s22wr5py/3/files/490e9da1-85e9-44a1-9dbd-d51b399a7a8b,data.mendeley.com,3024,4032,919a4b94b5a54ace25d7423ff4acf3716d65fb66ca328fb61352a868d3454ecd,99e4960f7943e5b0,dup_0636,canonical,False,pass,included,none,Valid clean capture
rear_0244,datasets/viewpoint/self_clean_v1/rear/rear_0244.png,rear,datasets/viewpoint/self/rear view-updated/79.png,rear view-updated,https://data.mendeley.com/datasets/h2s22wr5py/3/files/b6fb28a0-0de7-4c79-8007-385a516d0abb,data.mendeley.com,3024,4032,49581e7e61d911b129684d8a10d17c4040292693fea7601a34ab3f109f5c4471,9ba64c75032bdcb4,dup_0637,canonical,False,pass,included,none,Valid clean capture
rear_0245,datasets/viewpoint/self_clean_v1/rear/rear_0245.jpg,rear,datasets/viewpoint/self/rear view-updated/8.jpg,rear view-updated,https://www.pexels.com/photo/rural-life-farmers-herding-cattle-on-country-road-34522584/,www.pexels.com,5393,3596,66f60d9c0680d0fbf1b478a07e99bf39b3dc2c87cf4d55123b9362b2175e6972,d818f666b66609d9,dup_0638,canonical,False,pass,included,none,Valid clean capture
rear_0246,datasets/viewpoint/self_clean_v1/rear/rear_0246.png,rear,datasets/viewpoint/self/rear view-updated/80.png,rear view-updated,https://data.mendeley.com/datasets/h2s22wr5py/3/files/afb0f272-6e2d-4521-98ad-37a6a5dd8f07,data.mendeley.com,3024,4032,e88917523cd4c1afe5346ad10053d4bb9d038f087f7cf4d07edf0d7adb9c9bf1,9aa40a65763a99f6,dup_0639,canonical,False,pass,included,none,Valid clean capture
rear_0247,datasets/viewpoint/self_clean_v1/rear/rear_0247.png,rear,datasets/viewpoint/self/rear view-updated/81.png,rear view-updated,https://data.mendeley.com/datasets/h2s22wr5py/3/files/3582ec08-605c-4510-abef-1a551e86f487,data.mendeley.com,3024,4032,44369e16fc8458df2acc1a2a7dfb72789451fb417986c4a96b6942aa39c4d920,a3e9d6586b22d58c,dup_0640,canonical,False,pass,included,none,Valid clean capture
rear_0248,datasets/viewpoint/self_clean_v1/rear/rear_0248.png,rear,datasets/viewpoint/self/rear view-updated/82.png,rear view-updated,https://data.mendeley.com/datasets/h2s22wr5py/3/files/3635209d-36d9-4c1f-9c30-8b9be17f515e,data.mendeley.com,3024,4032,728be68b6063ecdd1bf6946715b480708a69da35366479653dd1e1818998100e,dbb6480d2771d887,dup_0641,canonical,False,pass,included,none,Valid clean capture
rear_0249,datasets/viewpoint/self_clean_v1/rear/rear_0249.png,rear,datasets/viewpoint/self/rear view-updated/83.png,rear view-updated,https://data.mendeley.com/datasets/h2s22wr5py/3/files/17dd23d7-747c-412a-b4e2-09ae698fae3a,data.mendeley.com,3024,4032,926e9b91f9c0f36b8a704f601a66d7187e0e3d02daf64c4c7818ce032dec09b5,bb811c76235b8ca7,dup_0642,canonical,False,pass,included,none,Valid clean capture
rear_0250,datasets/viewpoint/self_clean_v1/rear/rear_0250.png,rear,datasets/viewpoint/self/rear view-updated/84.png,rear view-updated,https://data.mendeley.com/datasets/h2s22wr5py/3/files/2404be44-b31e-471f-ad42-c7e90d7bb3a1,data.mendeley.com,3024,4032,36217270442f18f2ff3f18977f24b41a3760aaf1580fca2b6b09b5538122d9f9,bbb807c73618c99a,dup_0643,canonical,False,pass,included,none,Valid clean capture
rear_0251,datasets/viewpoint/self_clean_v1/rear/rear_0251.png,rear,datasets/viewpoint/self/rear view-updated/85.png,rear view-updated,https://data.mendeley.com/datasets/h2s22wr5py/3/files/f57843e0-25a5-47d1-97ef-c718113c1ad9,data.mendeley.com,3024,4032,ee67ddd7f23f78093deffcca402d6f05276f9fa4fc697e6be0fd47031f4d14b8,9ca70a70332aef95,dup_0644,canonical,False,pass,included,none,Valid clean capture
rear_0252,datasets/viewpoint/self_clean_v1/rear/rear_0252.png,rear,datasets/viewpoint/self/rear view-updated/86.png,rear view-updated,https://data.mendeley.com/datasets/h2s22wr5py/3/files/8f72911c-26d5-4d96-a934-4a5845bc0ba4,data.mendeley.com,3024,4032,084808423d94d3e4429267bafc19bcbe35eb39049be78f2eed174a0fa6a859bd,aef05d7c2316899c,dup_0645,canonical,False,pass,included,none,Valid clean capture
rear_0253,datasets/viewpoint/self_clean_v1/rear/rear_0253.png,rear,datasets/viewpoint/self/rear view-updated/87.png,rear view-updated,https://data.mendeley.com/datasets/h2s22wr5py/3/files/6683cd62-7f97-40fd-a1af-e80cb1cc3b31,data.mendeley.com,3024,4032,2bdc1e22ca5fbaba0e73b2359b7b9a88ecbe5af0d00d131b7fbcaada344b9ba2,92a7ad3c77a509a4,dup_0646,canonical,False,pass,included,none,Valid clean capture
rear_0254,datasets/viewpoint/self_clean_v1/rear/rear_0254.jpg,rear,datasets/viewpoint/self/rear view-updated/88.jpg,rear view-updated,https://data.mendeley.com/datasets/h2s22wr5py/3/files/216df6a4-3b2b-4fa8-a943-8dff3cec2953,data.mendeley.com,750,1000,dfeafc616162782c815f53920c6cb8ce28ce658b68e82f18f41fc2ad4b6e2683,bbe1941a730ce791,dup_0647,canonical,False,pass,included,none,Valid clean capture
rear_0255,datasets/viewpoint/self_clean_v1/rear/rear_0255.png,rear,datasets/viewpoint/self/rear view-updated/89.png,rear view-updated,https://data.mendeley.com/datasets/h2s22wr5py/3/files/03c0a118-fb9d-4022-ba74-f028e99587e6,data.mendeley.com,3024,4032,2c911c31efc32f02bdcc6062bd805658526e70291c7a9c3888701ea23553eb2c,e7b3d9882c4861f6,dup_0648,canonical,False,pass,included,none,Valid clean capture
rear_0256,datasets/viewpoint/self_clean_v1/rear/rear_0256.jpg,rear,datasets/viewpoint/self/rear view-updated/9.jpg,rear view-updated,https://www.pexels.com/photo/woman-herding-cattle-on-forest-pathway-34522583/,www.pexels.com,3679,4599,9352c2ccfddcd4697f88f4cb0c30f0fa15fe3d462d8f0d7fad0c5bfff706ff7a,d3318dc6d32d2c96,dup_0649,canonical,False,pass,included,none,Valid clean capture
rear_0257,datasets/viewpoint/self_clean_v1/rear/rear_0257.png,rear,datasets/viewpoint/self/rear view-updated/90.png,rear view-updated,https://data.mendeley.com/datasets/h2s22wr5py/3/files/4eccf457-0bb9-43b5-9e6b-b986d1646361,data.mendeley.com,3024,4032,46ed336270769b7de3a209f9011e0ac927bdb885335d657c49b0db12b18f6bc6,a52ddf7d49060a5a,dup_0650,canonical,False,pass,included,none,Valid clean capture
rear_0258,datasets/viewpoint/self_clean_v1/rear/rear_0258.png,rear,datasets/viewpoint/self/rear view-updated/91.png,rear view-updated,https://data.mendeley.com/datasets/h2s22wr5py/3/files/c73dc6b3-69ed-488b-be03-35f790758343,data.mendeley.com,3024,4032,2cbf38abf57854fcea9d71cbd075266cd4d0f277742cda16f12b24e7f5cad405,9fa2887166afacd0,dup_0651,canonical,False,pass,included,none,Valid clean capture
rear_0259,datasets/viewpoint/self_clean_v1/rear/rear_0259.png,rear,datasets/viewpoint/self/rear view-updated/92.png,rear view-updated,https://data.mendeley.com/datasets/h2s22wr5py/3/files/349fa8f6-c2f6-44f2-a58f-06df8e02aee9,data.mendeley.com,3024,4032,d97350b378dc8f76199d5b00a15545c296647d62dcd039f3bb80c920c940b40b,ba86850b72d99ce3,dup_0652,canonical,False,pass,included,none,Valid clean capture
rear_0260,datasets/viewpoint/self_clean_v1/rear/rear_0260.png,rear,datasets/viewpoint/self/rear view-updated/93.png,rear view-updated,https://data.mendeley.com/datasets/h2s22wr5py/3/files/4087b571-9b5d-4bcf-ac00-7ef29ea26bdf,data.mendeley.com,3024,4032,4cd0a01909ee7ab8d19575f14dc25625f824bdae6ee79c736417f51d7def3178,e6d4c98c305a5ade,dup_0653,canonical,False,pass,included,none,Valid clean capture
rear_0261,datasets/viewpoint/self_clean_v1/rear/rear_0261.png,rear,datasets/viewpoint/self/rear view-updated/94.png,rear view-updated,https://data.mendeley.com/datasets/h2s22wr5py/3/files/7ea92703-6f0f-429e-bb9d-ece84ef3f2b6,data.mendeley.com,3024,4032,a0d4fa31b1ff7aef6d1a477548098e860cb2f45796ee49a407abf1da98f17e4c,9aa18e1f347a698b,dup_0654,canonical,False,pass,included,none,Valid clean capture
rear_0262,datasets/viewpoint/self_clean_v1/rear/rear_0262.png,rear,datasets/viewpoint/self/rear view-updated/95.png,rear view-updated,https://data.mendeley.com/datasets/h2s22wr5py/3/files/0f7db52b-f907-4516-97f6-13aafac91248,data.mendeley.com,3024,4032,7c2c6e088567e7bf82e868e9290601d5fd2a2f1a076dfa58078a08f0fe7df537,b8d2094cf60e9e79,dup_0655,canonical,False,pass,included,none,Valid clean capture
rear_0263,datasets/viewpoint/self_clean_v1/rear/rear_0263.png,rear,datasets/viewpoint/self/rear view-updated/96.png,rear view-updated,https://data.mendeley.com/datasets/h2s22wr5py/3/files/92a16b8d-6321-416b-aa34-2f5796d9d35a,data.mendeley.com,3024,4032,dd0bae8add01ff500d06c84befa2dc0d15afe912fbbb86c7224f96218cdfdef5,b2c19d7332548bf4,dup_0656,canonical,False,pass,included,none,Valid clean capture
rear_0264,datasets/viewpoint/self_clean_v1/rear/rear_0264.png,rear,datasets/viewpoint/self/rear view-updated/97.png,rear view-updated,https://data.mendeley.com/datasets/h2s22wr5py/3/files/06417057-cdb6-4780-a00c-d1a1f925dc4d,data.mendeley.com,3024,4032,786f3f019306d74e5211cfbc664e3b116a394f4f907baa3cada82c88890d5031,bbc18c73431ca9ab,dup_0657,canonical,False,pass,included,none,Valid clean capture
rear_0265,datasets/viewpoint/self_clean_v1/rear/rear_0265.png,rear,datasets/viewpoint/self/rear view-updated/98.png,rear view-updated,https://data.mendeley.com/datasets/h2s22wr5py/3/files/a8e623ea-d55c-41a7-99e3-a8fcc349cbae,data.mendeley.com,3024,4032,bc504dbc300e33c73277ffca4c1f636c8ba1f5f70fc2794c7560e2b85341ff80,b3f2a95c674028be,dup_0658,canonical,False,pass,included,none,Valid clean capture
rear_0266,datasets/viewpoint/self_clean_v1/rear/rear_0266.png,rear,datasets/viewpoint/self/rear view-updated/99.png,rear view-updated,https://data.mendeley.com/datasets/h2s22wr5py/3/files/ad01908d-8cd2-4271-a81a-fdf441334977,data.mendeley.com,3024,4032,518c2395833d5f7971047fb085755e1de90fe65d7c89613cc7d6a107d535caaa,9af08c7d635a7c82,dup_0659,canonical,False,pass,included,none,Valid clean capture
side_0001,datasets/viewpoint/self_clean_v1/side/side_0001.jpg,side,datasets/viewpoint/self/side/1.jpg,side,https://www.pexels.com/photo/red-brahman-cow-on-the-pasture-22661418/,www.pexels.com,4000,2250,2398ed722e64ef8dcf94ab64ccc0e8de87879885e548e2c6a223012eb9b653bb,e1a4cbdb182627e5,dup_0686,canonical,False,pass,included,none,Valid clean capture
side_0002,datasets/viewpoint/self_clean_v1/side/side_0002.jpg,side,datasets/viewpoint/self/side/10.jpg,side,https://www.pexels.com/photo/holstein-cow-grazing-in-lush-green-pasture-38948683/,www.pexels.com,5431,3621,39c4b18e018c4ebc75fb55d6fa3127c49ca14262c51b9b03dd1427a89c4b4e8b,911cc7733eae2163,dup_0687,canonical,False,pass,included,none,Valid clean capture
side_0003,datasets/viewpoint/self_clean_v1/side/side_0003.jpg,side,datasets/viewpoint/self/side/100.jpg,side,https://www.pexels.com/photo/cows-grazing-peacefully-in-a-verdant-field-32633310/,www.pexels.com,2739,1592,f8b975b1361a1a1c47e5762e60798fa1b6172a685ecffa222adbfedb14e46ed8,c9cb5b5970727161,dup_0688,canonical,False,pass,included,none,Valid clean capture
side_0004,datasets/viewpoint/self_clean_v1/side/side_0004.jpg,side,datasets/viewpoint/self/side/101.jpg,side,https://www.pexels.com/photo/a-cows-standing-on-a-green-grass-13767156/,www.pexels.com,6000,8000,346dcf146f61d88183d2b42b798ef608d7588906cc13977e2b954953574bc9ea,8c8e57336bcac703,dup_0689,canonical,False,pass,included,none,Valid clean capture
side_0005,datasets/viewpoint/self_clean_v1/side/side_0005.jpg,side,datasets/viewpoint/self/side/102.jpg,side,https://www.pexels.com/photo/cattle-grazing-in-lush-green-pasture-36378862/,www.pexels.com,5616,3744,e8da08912fdfe7c00b80b0d9b1f5296c49bf45972b22fdf5d689548e62bffae9,97a548667f99206e,dup_0690,canonical,False,pass,included,none,Valid clean capture
side_0006,datasets/viewpoint/self_clean_v1/side/side_0006.jpg,side,datasets/viewpoint/self/side/103.jpg,side,https://www.pexels.com/photo/a-group-of-white-and-gray-cows-on-green-grass-field-12276479/,www.pexels.com,4946,4640,835858f90176445a22761dca436e0f707f2741afd7269e1bd8f6feeee6385a91,d1d4665bc9b4364a,dup_0691,canonical,False,pass,included,none,Valid clean capture
side_0007,datasets/viewpoint/self_clean_v1/side/side_0007.jpg,side,datasets/viewpoint/self/side/104.jpg,side,https://www.pexels.com/photo/cow-on-sandy-road-in-forest-in-daytime-5024792/,www.pexels.com,6000,4000,be58bacc4c48b4ef2d734cd770408da26bc80f17adcad4dd225c52ff08a3192f,b65958e62698d8b6,dup_0692,canonical,False,pass,included,none,Valid clean capture
side_0008,datasets/viewpoint/self_clean_v1/side/side_0008.jpg,side,datasets/viewpoint/self/side/105.jpg,side,https://www.pexels.com/photo/black-cow-grazing-on-open-green-pasture-36759945/,www.pexels.com,7008,4672,463124e0244707c36c21c36cfac3f6305680793336be57bf110e9ba0f77f50fd,c5f2b26409dbe516,dup_0693,canonical,False,pass,included,none,Valid clean capture
side_0009,datasets/viewpoint/self_clean_v1/side/side_0009.jpg,side,datasets/viewpoint/self/side/106.jpg,side,https://www.pexels.com/photo/cattle-grazing-in-rio-de-los-sauces-field-32306162/,www.pexels.com,1636,1227,374e029900e211d1f541217c7800f1313488629bdf5c2eee5c3f343ad86d33ef,eab19d6263968c69,dup_0694,canonical,False,pass,included,none,Valid clean capture
side_0010,datasets/viewpoint/self_clean_v1/side/side_0010.jpg,side,datasets/viewpoint/self/side/107.jpg,side,https://www.pexels.com/photo/herd-of-cows-on-farmland-10357325/,www.pexels.com,1560,1839,050a0a1b3678be2afa109bd3c0c616f6c1bf14962ec572efde03634106708404,fcd6d2786b8ac0e0,dup_0695,canonical,False,pass,included,none,Valid clean capture
side_0011,datasets/viewpoint/self_clean_v1/side/side_0011.jpg,side,datasets/viewpoint/self/side/108.jpg,side,https://www.pexels.com/photo/cow-agriculture-beef-livestock-66400/,www.pexels.com,3039,2731,126c8a422da8e44c1d9c6179a080ca8a44b949f904c88fae1ecb02d6c98fad55,a7b9d0b6396b8234,dup_0696,canonical,False,pass,included,none,Valid clean capture
side_0012,datasets/viewpoint/self_clean_v1/side/side_0012.jpg,side,datasets/viewpoint/self/side/109.jpg,side,https://www.pexels.com/photo/cows-on-standing-on-grass-at-a-farmland-5160296/,www.pexels.com,6000,4000,b1d56dec081bfb0c3f4aacabf2ecf4174f77f62f29e2aa155ecf05d49bf294ff,d6d6a8a83f6b608c,dup_0697,canonical,False,pass,included,none,Valid clean capture
side_0013,datasets/viewpoint/self_clean_v1/side/side_0013.jpg,side,datasets/viewpoint/self/side/11.jpg,side,https://www.pexels.com/photo/black-and-white-cow-in-green-grass-field-5633452/,www.pexels.com,4576,2574,7895c7f0cf6322bac6f0386386a6ab6e556a21d36b00af88f06140be2b3f379c,b4399b86b69c4873,dup_0698,canonical,False,pass,included,none,Valid clean capture
side_0014,datasets/viewpoint/self_clean_v1/side/side_0014.jpg,side,datasets/viewpoint/self/side/110.jpg,side,https://www.pexels.com/photo/cattle-on-pasture-19977235/,www.pexels.com,6000,4000,6504c69b7222685fa1881ac3c59312f8e0534f1ac5aa9305653c4a4f74f8494d,ef9c90606b9e9471,dup_0699,canonical,False,pass,included,none,Valid clean capture
side_0015,datasets/viewpoint/self_clean_v1/side/side_0015.jpg,side,datasets/viewpoint/self/side/111.jpg,side,https://www.pexels.com/photo/pastoral-scene-with-grazing-holstein-cows-32924587/,www.pexels.com,4032,3024,cece7c38e489875527de601d7c66f01b8bd25b58806758b53e354a8a658661f4,d089e6bcfe670c11,dup_0700,canonical,False,pass,included,none,Valid clean capture
side_0016,datasets/viewpoint/self_clean_v1/side/side_0016.jpg,side,datasets/viewpoint/self/side/112.jpg,side,https://www.pexels.com/photo/cow-on-pasture-18827718/,www.pexels.com,8192,5464,9e60177e822fcc0b70f6db40fc2e12ad1c0dd557fe2c82574d1fd9b49c7fa264,e89c97c36866879c,dup_0701,canonical,False,pass,included,none,Valid clean capture
side_0017,datasets/viewpoint/self_clean_v1/side/side_0017.jpg,side,datasets/viewpoint/self/side/113.jpg,side,https://www.pexels.com/photo/highland-cow-grazing-in-lush-greenery-38600485/,www.pexels.com,4032,3024,70bd803994a8be268875b7d52733c04e92d8dbb0db8b591945394454bec351ba,e5c74660f4f5c780,dup_0702,canonical,False,pass,included,none,Valid clean capture
side_0018,datasets/viewpoint/self_clean_v1/side/side_0018.jpg,side,datasets/viewpoint/self/side/114.jpg,side,https://www.pexels.com/photo/highland-cow-in-pastoral-polish-countryside-37043834/,www.pexels.com,5781,3252,ba2d5a02da9a9f152e496534e922e6fd0d8f9ed9747e003994da2920eaa3786a,911a4f2599d9c3e5,dup_0703,canonical,False,pass,included,none,Valid clean capture
side_0019,datasets/viewpoint/self_clean_v1/side/side_0019.jpg,side,datasets/viewpoint/self/side/115.jpg,side,https://www.pexels.com/photo/highland-cow-grazing-in-a-summer-meadow-30669182/,www.pexels.com,8192,5464,db181d2a25f8a8c99b991bce7e0a016451371d38836af3fccb8ae418a624ca56,fa909521395973cb,dup_0704,canonical,False,pass,included,none,Valid clean capture
side_0020,datasets/viewpoint/self_clean_v1/side/side_0020.jpg,side,datasets/viewpoint/self/side/116.jpg,side,https://www.pexels.com/photo/highland-cattle-grazing-in-a-misty-field-29463637/,www.pexels.com,6000,4000,962a67d842351f84706ac827f2475bdc65eee31709383ea2da6cb3e2b27b789f,819eb6a38e8d3137,dup_0705,canonical,False,pass,included,none,Valid clean capture
side_0021,datasets/viewpoint/self_clean_v1/side/side_0021.jpg,side,datasets/viewpoint/self/side/117.jpg,side,https://www.pexels.com/photo/highland-cattle-standing-on-grassland-5003721/,www.pexels.com,6321,4216,7f436692f108e8c71f284b2a5449f55423675c437f99e13641ac9fc23c4907c6,959d3b2248d8b71d,dup_0706,canonical,False,pass,included,none,Valid clean capture
side_0022,datasets/viewpoint/self_clean_v1/side/side_0022.jpg,side,datasets/viewpoint/self/side/118.jpg,side,https://www.pexels.com/photo/scottish-highland-cow-walking-on-field-11316475/,www.pexels.com,5279,3519,f4397811f4853328f36ee56b1200a9f553f6edc8af9a08cf68e81da8771bffef,c6d491cc663ad17c,dup_0707,canonical,False,pass,included,none,Valid clean capture
side_0023,datasets/viewpoint/self_clean_v1/side/side_0023.jpg,side,datasets/viewpoint/self/side/119.jpg,side,https://www.pexels.com/photo/bull-on-meadow-11316507/,www.pexels.com,5472,3648,c0df60b98447db7c942c7c526c634876cf9d0cd3dc7b73a8ce4478ce67d87a42,8097912ee7db146b,dup_0708,canonical,False,pass,included,none,Valid clean capture
side_0024,datasets/viewpoint/self_clean_v1/side/side_0024.jpg,side,datasets/viewpoint/self/side/12.jpg,side,https://www.pexels.com/photo/brown-cow-on-green-grass-field-7421867/,www.pexels.com,4608,3072,50edaf51eb7d23b4e7527917535302f379d2e2075c559885d0e1fea98bab174e,fcb983c2c2a68772,dup_0709,canonical,False,pass,included,none,Valid clean capture
side_0025,datasets/viewpoint/self_clean_v1/side/side_0025.jpg,side,datasets/viewpoint/self/side/120.jpg,side,https://www.pexels.com/photo/silhouette-of-a-bull-in-eelderwolde-s-morning-light-30691882/,www.pexels.com,5568,3712,bd6b2f17b200d3eae83e35e56c790725c8b9ff6a0a2023848a04793c60113a63,aae99190c8e6b756,dup_0710,canonical,False,pass,included,none,Valid clean capture
side_0026,datasets/viewpoint/self_clean_v1/side/side_0026.jpg,side,datasets/viewpoint/self/side/121.jpg,side,https://www.pexels.com/photo/cow-standing-on-grass-field-382166/,www.pexels.com,4096,2160,e29c76a8ca5da0f5db24728619b408866f38141f78798fcdf3cee4c5ce3daa1e,c58419db72268ddb,dup_0711,canonical,False,pass,included,none,Valid clean capture
side_0027,datasets/viewpoint/self_clean_v1/side/side_0027.jpg,side,datasets/viewpoint/self/side/122.jpg,side,https://www.pexels.com/photo/cows-on-field-grazing-beside-tree-during-sunset-7111435/,www.pexels.com,1140,1173,29ba9f07e5baa2a030c365611ed7215f479cfbd9953f2a97391f1906bb3f1ce7,bee3859d30634764,dup_0712,canonical,False,pass,included,none,Valid clean capture
side_0028,datasets/viewpoint/self_clean_v1/side/side_0028.jpg,side,datasets/viewpoint/self/side/123.jpg,side,https://www.pexels.com/photo/brown-cows-grazing-in-mountain-pasture-38792521/,www.pexels.com,4928,3264,894c09e8bfcc1cebcf0b98851a7241f1dc7301fba30cfc08841801b8f52e9a03,c3c3dae628cce166,dup_0289,canonical,False,pass,included,none,Valid clean capture
side_0029,datasets/viewpoint/self_clean_v1/side/side_0029.jpg,side,datasets/viewpoint/self/side/124.jpg,side,https://www.pexels.com/photo/cows-grazing-on-pasture-12840878/,www.pexels.com,2978,2277,7b3c274e7cbfda28d4480a6dfc778b61677f8f78cf7e2f0166a4894711461741,c6c6c575b11a6ccc,dup_0713,canonical,False,pass,included,none,Valid clean capture
side_0030,datasets/viewpoint/self_clean_v1/side/side_0030.jpg,side,datasets/viewpoint/self/side/125.jpg,side,https://www.pexels.com/photo/a-cows-on-green-grass-field-near-the-mountain-12873017/,www.pexels.com,3085,2317,29be0d396ccf16fcf0e9125858184c3c1fb90c0883a418a7c132193af48017b7,dc9cd3e5a60221cf,dup_0714,canonical,False,pass,included,none,Valid clean capture
side_0031,datasets/viewpoint/self_clean_v1/side/side_0031.jpg,side,datasets/viewpoint/self/side/126.jpg,side,https://www.pexels.com/photo/cows-grazing-in-a-grassy-field-with-mountains-in-the-background-27562249/,www.pexels.com,5712,4284,fb3f4a6f0dc7e20dd754b4e6c65da1a8b4bcddc366b096431c1a8a64625fdeca,f6d41c2a634a1cb7,dup_0715,canonical,False,pass,included,none,Valid clean capture
side_0032,datasets/viewpoint/self_clean_v1/side/side_0032.jpg,side,datasets/viewpoint/self/side/127.jpg,side,https://www.pexels.com/photo/cows-grazing-in-the-swiss-alps-landscape-39246156/,www.pexels.com,4592,3448,ec459b95cba46df36704320ca28a1bad31ae8aef67de4f59d0652e5ba0a5ef64,ac3c92526e3bd1e4,dup_0716,canonical,False,pass,included,none,Valid clean capture
side_0033,datasets/viewpoint/self_clean_v1/side/side_0033.jpg,side,datasets/viewpoint/self/side/128.jpg,side,https://www.pexels.com/photo/cattle-grazing-in-scenic-french-alps-pasture-35053573/,www.pexels.com,5440,3626,3d8a9794a4344f089a89ff7b3fd882644dd61bacb4885eabd971d0d9bac4bf8f,8518d297a9e34eb9,dup_0717,canonical,False,pass,included,none,Valid clean capture
side_0034,datasets/viewpoint/self_clean_v1/side/side_0034.jpg,side,datasets/viewpoint/self/side/129.jpg,side,https://www.pexels.com/photo/cattle-on-pasture-in-valley-18635446/,www.pexels.com,2162,3744,94b81851af6ee8b312415a0e1c42a9101bdf8b6ac713ec3d4f071e5d551e3990,c17e3d411e384bba,dup_0718,canonical,False,pass,included,none,Valid clean capture
side_0035,datasets/viewpoint/self_clean_v1/side/side_0035.jpg,side,datasets/viewpoint/self/side/13.jpg,side,https://www.pexels.com/photo/white-cow-grazing-in-green-field-outdoors-29815446/,www.pexels.com,2173,2173,5a5a476fd8d7980312662275b88057afeddf181fee6b6ca87e2deea8a49965b7,8d10726fcb929cc7,dup_0719,canonical,False,pass,included,none,Valid clean capture
side_0036,datasets/viewpoint/self_clean_v1/side/side_0036.jpg,side,datasets/viewpoint/self/side/130.jpg,side,https://www.pexels.com/photo/brown-cow-grazing-in-swiss-alps-landscape-30153702/,www.pexels.com,8192,5464,8edd6596fd9abd5e206ce11c11baff12890238e056c716f4414eb3aebde8a792,d5c7cdc1d291991c,dup_0720,canonical,False,pass,included,none,Valid clean capture
side_0037,datasets/viewpoint/self_clean_v1/side/side_0037.jpg,side,datasets/viewpoint/self/side/131.jpg,side,https://www.pexels.com/photo/cow-on-a-mountain-pasture-14463032/,www.pexels.com,6000,4000,3d9c78df1b05849489bfbb5945d5fb898880425f71a1a4a0174cb024ab028f5e,c2d2d696216d7d34,dup_0721,canonical,False,pass,included,none,Valid clean capture
side_0038,datasets/viewpoint/self_clean_v1/side/side_0038.jpg,side,datasets/viewpoint/self/side/132.jpg,side,https://www.pexels.com/photo/cattle-on-a-pasture-14463011/,www.pexels.com,2152,1671,21a2c1018196001032a6df34bcba3a9f0edb91b6a0ec5965ff5402820bd6a084,cd52116d36c8caf6,dup_0722,canonical,False,pass,included,none,Valid clean capture
side_0039,datasets/viewpoint/self_clean_v1/side/side_0039.jpg,side,datasets/viewpoint/self/side/133.jpg,side,https://www.pexels.com/photo/brown-cow-in-picturesque-swiss-alps-setting-37108631/,www.pexels.com,2907,3876,b478b31c45c67093bb3a5a719c30ffcf9e278cdd489bdac2b6efc1c4b84c698c,f95ccee0d0ce4a68,dup_0723,canonical,False,pass,included,none,Valid clean capture
side_0040,datasets/viewpoint/self_clean_v1/side/side_0040.jpg,side,datasets/viewpoint/self/side/134.jpg,side,https://www.pexels.com/photo/cows-grazing-in-grindelwald-with-alpine-backdrop-30391776/,www.pexels.com,1696,1795,7b5b93be6def19aec0de36fb57ef859249319fefd09398909d57759cc611dc93,85937b69648e1f1c,dup_0724,canonical,False,pass,included,none,Valid clean capture
side_0041,datasets/viewpoint/self_clean_v1/side/side_0041.jpg,side,datasets/viewpoint/self/side/135.jpg,side,https://www.pexels.com/photo/cattle-on-pasture-in-mountains-18636318/,www.pexels.com,1647,1449,fd31ed0314434a4f2b5e87f51c87e55b09dd2fce0dec352a4aca7ade86e529a6,e37894a4ea8bf524,dup_0725,canonical,False,pass,included,none,Valid clean capture
side_0042,datasets/viewpoint/self_clean_v1/side/side_0042.jpg,side,datasets/viewpoint/self/side/136.jpg,side,https://www.pexels.com/photo/bavarian-cows-grazing-in-alpine-meadow-32957530/,www.pexels.com,3788,2730,3677ab5c160d88c811c092ec23ec91e05c57d40ec7c7a7a2e82127e3880ddf41,edadc2d287628a2e,dup_0726,canonical,False,pass,included,none,Valid clean capture
side_0043,datasets/viewpoint/self_clean_v1/side/side_0043.jpg,side,datasets/viewpoint/self/side/137.jpg,side,https://www.pexels.com/photo/grazing-cows-in-the-scenic-tyrolean-alps-30555360/,www.pexels.com,1984,1389,9e7630cdc0d50171d55c2117a02c06c8d684aa012fde8045c917effb172a4d73,ad8dd696d3f03242,dup_0727,canonical,False,pass,included,none,Valid clean capture
side_0044,datasets/viewpoint/self_clean_v1/side/side_0044.jpg,side,datasets/viewpoint/self/side/138.jpg,side,https://www.pexels.com/photo/a-cow-standing-on-a-pasture-27035494/,www.pexels.com,4587,3276,7105cfb2919871a20370b3375730e2143c4d5bc2d688ad166883ff6bba4d799a,d41869e5bacc8357,dup_0728,canonical,False,pass,included,none,Valid clean capture
side_0045,datasets/viewpoint/self_clean_v1/side/side_0045.jpg,side,datasets/viewpoint/self/side/139.jpg,side,https://www.pexels.com/photo/cow-group-in-a-field-in-uruguay-17956249/,www.pexels.com,5053,3113,d3774407fdb126409dc81524ce617c0625c73a6c0252ed717bcf55b5809f1cad,e4cfcbb1305a4f60,dup_0729,canonical,False,pass,included,none,Valid clean capture
side_0046,datasets/viewpoint/self_clean_v1/side/side_0046.jpg,side,datasets/viewpoint/self/side/14.jpg,side,https://www.pexels.com/photo/cow-in-green-grass-7944870/,www.pexels.com,5472,3648,ed1b371e5c8b17ffc33d16bca41f2502aa73396dfdf05621aa1dd31932944774,99ba0bc36471cb9a,dup_0730,canonical,False,pass,included,none,Valid clean capture
side_0047,datasets/viewpoint/self_clean_v1/side/side_0047.jpg,side,datasets/viewpoint/self/side/140.jpg,side,https://www.pexels.com/photo/pastoral-scene-with-cows-in-sunny-field-28587840/,www.pexels.com,3074,2354,e8bbe8f0d8985a95db64e53d35ec5e3f7f0674295037e5bb4837cf153d4c2ac6,98bb8bc358f8874a,dup_0731,canonical,False,pass,included,none,Valid clean capture
side_0048,datasets/viewpoint/self_clean_v1/side/side_0048.jpg,side,datasets/viewpoint/self/side/141.jpg,side,https://www.pexels.com/photo/cows-grazing-in-green-fenced-pasture-6584814/,www.pexels.com,3604,1973,8b500deb52b2e6993cdf5701f44c8e7e05a54fac834e9bb1c13cce0b592eed23,a1f39599879cc686,dup_0732,canonical,False,pass,included,none,Valid clean capture
side_0049,datasets/viewpoint/self_clean_v1/side/side_0049.jpg,side,datasets/viewpoint/self/side/142.jpg,side,https://www.pexels.com/photo/cows-on-pasture-17991120/,www.pexels.com,4097,2731,75a8da01786272e2f7faafda9489840a53d0949473d2421bde3a2a0497d097d1,d148e2b3361e897b,dup_0733,canonical,False,pass,included,none,Valid clean capture
side_0050,datasets/viewpoint/self_clean_v1/side/side_0050.jpg,side,datasets/viewpoint/self/side/143.jpg,side,https://www.pexels.com/photo/cows-grazing-in-a-lush-ottawa-farm-field-33332750/,www.pexels.com,2217,1562,7a2484d94429ab8772ccb29eccefb2bea56f45b51ad049b07e55cd0d6a139e2b,fb70c29bb8a62a68,dup_0734,canonical,False,pass,included,none,Valid clean capture
side_0051,datasets/viewpoint/self_clean_v1/side/side_0051.jpg,side,datasets/viewpoint/self/side/144.jpg,side,https://www.pexels.com/photo/brown-cow-grazing-on-green-grass-field-4813750/,www.pexels.com,5290,3400,fbeda8943e8efa0cf3370183baf4badfabad49b9a3b558d288f2184d587aa51d,f7e688883971f246,dup_0735,canonical,False,pass,included,none,Valid clean capture
side_0052,datasets/viewpoint/self_clean_v1/side/side_0052.jpg,side,datasets/viewpoint/self/side/145.jpg,side,https://www.pexels.com/photo/brown-cows-grazing-in-sunny-green-pasture-32449345/,www.pexels.com,8373,5499,07c1a60cede81d726199d1d7bf057e23cfc55f43b10745f7f77385fde6c76436,f54f1a66e4a8883b,dup_0736,canonical,False,pass,included,none,Valid clean capture
side_0053,datasets/viewpoint/self_clean_v1/side/side_0053.jpg,side,datasets/viewpoint/self/side/146.jpg,side,https://www.pexels.com/photo/muscular-belgian-blue-bull-grazing-in-field-32618950/,www.pexels.com,7681,5123,6948db912d4a3e87e4be45efbbf96c7fe4bb0a0c3ab2f56df59a89a3d4a6edab,c94b74b093cfcc34,dup_0737,canonical,False,pass,included,none,Valid clean capture
side_0054,datasets/viewpoint/self_clean_v1/side/side_0054.jpg,side,datasets/viewpoint/self/side/147.jpg,side,https://www.pexels.com/photo/cows-grazing-in-greenfield-lille-belgium-32303482/,www.pexels.com,2181,2068,a08120a412346a9499072c13cb4fddc9ec741bbd3c67187ec4d41e0e010e887b,cc9e1651696db989,dup_0738,canonical,False,pass,included,none,Valid clean capture
side_0055,datasets/viewpoint/self_clean_v1/side/side_0055.jpg,side,datasets/viewpoint/self/side/148.jpg,side,https://www.pexels.com/photo/white-cows-grazing-in-a-lush-green-field-in-belgium-32303475/,www.pexels.com,2624,3936,88f08ef9c83346c5f2f7d335b6d90e0c9dad69a9b217a14117741a3eb0b6aff7,c561638d98f8699e,dup_0739,canonical,False,pass,included,none,Valid clean capture
side_0056,datasets/viewpoint/self_clean_v1/side/side_0056.jpg,side,datasets/viewpoint/self/side/149.jpg,side,https://www.pexels.com/photo/la-vache-27645870/,www.pexels.com,5088,7632,c118ab74a22b222a744561bf0caff20c73745adf75ddb644723942fdc8bf3203,c2b97f42f1af0912,dup_0740,canonical,False,pass,included,none,Valid clean capture
side_0057,datasets/viewpoint/self_clean_v1/side/side_0057.jpg,side,datasets/viewpoint/self/side/15.jpg,side,https://www.pexels.com/photo/a-cattle-standing-on-a-grass-field-13585346/,www.pexels.com,4440,2941,28fdc7e6b6b6ce84bef1973acf2e6891ba40cf43aded203158e865a3c0312d84,8c4cf1b35e736198,dup_0741,canonical,False,pass,included,none,Valid clean capture
side_0058,datasets/viewpoint/self_clean_v1/side/side_0058.jpg,side,datasets/viewpoint/self/side/150.jpg,side,https://www.pexels.com/photo/cows-grazing-on-hill-pasteur-18291890/,www.pexels.com,3456,5184,4ce4ecd2c2ae7aed7a7a55b246174b545b6e7f06d280e9d4540d47e853d154f0,92b4ee4b712f84d1,dup_0742,canonical,False,pass,included,none,Valid clean capture
side_0059,datasets/viewpoint/self_clean_v1/side/side_0059.jpg,side,datasets/viewpoint/self/side/151.jpg,side,https://www.pexels.com/photo/a-cow-eating-on-the-grass-field-7527921/,www.pexels.com,4000,6000,362c519ea5501a49f530882788172f459a20dbdfb672c6f7f6c8e34001593b44,95883e625597332f,dup_0743,canonical,False,pass,included,none,Valid clean capture
side_0060,datasets/viewpoint/self_clean_v1/side/side_0060.jpg,side,datasets/viewpoint/self/side/152.jpg,side,https://www.pexels.com/photo/cow-in-meadow-filled-with-rocks-18064535/,www.pexels.com,3845,5768,a16852a70451cd786842a7f12fb8931bf6f3707b56bc6c3880fc49ff9c1a2c1f,c7981966f099656e,dup_0744,canonical,False,pass,included,none,Valid clean capture
side_0061,datasets/viewpoint/self_clean_v1/side/side_0061.jpg,side,datasets/viewpoint/self/side/153.jpg,side,https://www.pexels.com/photo/cow-in-the-pasture-18827661/,www.pexels.com,4160,6240,1e12b47ec02a782e5c3bea1aeb7f788e17a2967869501c76201f01a0a651cfc6,dcdda3225cdd8522,dup_0745,canonical,False,pass,included,none,Valid clean capture
side_0062,datasets/viewpoint/self_clean_v1/side/side_0062.jpg,side,datasets/viewpoint/self/side/154.jpg,side,https://www.pexels.com/photo/majestic-brown-cow-in-lush-countryside-setting-33880828/,www.pexels.com,4128,6192,9c3465490aba385698dfb795a304429887eaca68db6200e88ec8dbd23a8694ef,d4f52f2b38586706,dup_0746,canonical,False,pass,included,none,Valid clean capture
side_0063,datasets/viewpoint/self_clean_v1/side/side_0063.jpg,side,datasets/viewpoint/self/side/155.jpg,side,https://www.pexels.com/photo/photo-of-cow-on-grassland-8867055/,www.pexels.com,3072,4608,43f7000c80ba56b6082bf9243a81fad368eb05698cbd0085847552ebd5ccdd82,dfd285ad241e72c2,dup_0747,canonical,False,pass,included,none,Valid clean capture
side_0064,datasets/viewpoint/self_clean_v1/side/side_0064.jpg,side,datasets/viewpoint/self/side/156.jpg,side,https://www.pexels.com/photo/photo-of-grazing-cattle-14837798/,www.pexels.com,4082,6124,0a6a8d7880e81a95b33fe862587652d86b38cecce11fc17c797fd5ba9d0896b7,c3f399ac1c04c5db,dup_0748,canonical,False,pass,included,none,Valid clean capture
side_0065,datasets/viewpoint/self_clean_v1/side/side_0065.jpg,side,datasets/viewpoint/self/side/157.jpg,side,https://www.pexels.com/photo/cows-grazing-in-the-pasture-16010666/,www.pexels.com,4082,6124,423905941984ad0bffe967102c8a32bb2842bcfb06d21b2f69fa0d8ac2a86373,8081cad87b77bc9a,dup_0749,canonical,False,pass,included,none,Valid clean capture
side_0066,datasets/viewpoint/self_clean_v1/side/side_0066.jpg,side,datasets/viewpoint/self/side/158.jpg,side,https://www.pexels.com/photo/brown-cow-on-green-grass-field-10791768/,www.pexels.com,4480,6720,3aab1537fd0958a5b5af60950486afebd14aa7f0f846d0dd8cf6179067b5d78f,e078fce458faa498,dup_0750,canonical,False,pass,included,none,Valid clean capture
side_0067,datasets/viewpoint/self_clean_v1/side/side_0067.jpg,side,datasets/viewpoint/self/side/159.jpg,side,https://www.pexels.com/photo/brown-cow-on-green-grass-field-10791769/,www.pexels.com,4213,6319,d06b2a9286b7971481e7830b3d2e9f9c46c58840d2a52e93f0d7b338bd7b15e4,c3c343e3c6e2e49c,dup_0751,canonical,False,pass,included,none,Valid clean capture
side_0068,datasets/viewpoint/self_clean_v1/side/side_0068.jpg,side,datasets/viewpoint/self/side/16.jpg,side,https://www.pexels.com/photo/cattle-grazing-on-green-hillside-in-turkiye-37259371/,www.pexels.com,6000,4000,e93cd56a6300f0b10985d72bd161827beec300b0d6f3bd31b3fd72b2373e0e56,918f4f7328cd9b21,dup_0752,canonical,False,pass,included,none,Valid clean capture
side_0069,datasets/viewpoint/self_clean_v1/side/side_0069.jpg,side,datasets/viewpoint/self/side/160.jpg,side,https://www.pexels.com/photo/cows-grazing-in-a-field-with-trees-in-the-background-27916385/,www.pexels.com,6336,9504,2de94397ead1f6c00be33a8ec0ff5036b89d8c601ac739e6da56f95c140964e0,f1f05ec733250c5c,dup_0753,canonical,False,pass,included,none,Valid clean capture
side_0070,datasets/viewpoint/self_clean_v1/side/side_0070.jpg,side,datasets/viewpoint/self/side/161.jpg,side,https://www.pexels.com/photo/cattle-on-pasture-16998880/,www.pexels.com,3202,4900,c25d31cf0da76539423927f7852018f0b86ecd927824b865b4436259e5c4a640,9925e49b1b64e49b,dup_0754,canonical,False,pass,included,none,Valid clean capture
side_0071,datasets/viewpoint/self_clean_v1/side/side_0071.jpg,side,datasets/viewpoint/self/side/162.jpg,side,https://www.pexels.com/photo/cow-grazing-on-mountains-pasture-18141380/,www.pexels.com,3264,4928,6371d15255fdc28cab5e87e8b4154c67c50bf43cf03f9c0d19bc81532861ac36,871b5896c5195af6,dup_0755,canonical,False,pass,included,none,Valid clean capture
side_0072,datasets/viewpoint/self_clean_v1/side/side_0072.jpg,side,datasets/viewpoint/self/side/163.jpg,side,https://www.pexels.com/photo/brown-and-white-cow-on-green-grass-field-4909809/,www.pexels.com,2333,3500,7b743e159e384bda15339a2323ded920bb4cc0a9f7e185dfdd96acf957594610,cacbb3b5353514c8,dup_0756,canonical,False,pass,included,none,Valid clean capture
side_0073,datasets/viewpoint/self_clean_v1/side/side_0073.jpg,side,datasets/viewpoint/self/side/164.jpg,side,https://www.pexels.com/photo/brown-cow-grazing-in-sunny-field-33722032/,www.pexels.com,4000,5333,d9c546f77cac2c7bc15687868900bffdfa324f785e62545b0284e94651bcf495,8b9da01b6db0c36b,dup_0757,canonical,False,pass,included,none,Valid clean capture
side_0074,datasets/viewpoint/self_clean_v1/side/side_0074.jpg,side,datasets/viewpoint/self/side/165.jpg,side,https://www.pexels.com/photo/a-cow-grazing-in-a-field-with-a-green-grass-27596584/,www.pexels.com,4409,6173,5ad6efa0bbb6c617bb256a8a80e5f9dab5c03d1aa9f23ae0752946343b06af5b,d4eb0b1674cb3a54,dup_0758,canonical,False,pass,included,none,Valid clean capture
side_0075,datasets/viewpoint/self_clean_v1/side/side_0075.jpg,side,datasets/viewpoint/self/side/166.jpg,side,https://www.pexels.com/photo/cow-grazing-in-mountain-meadow-19124968/,www.pexels.com,4160,6240,9642f882c6adb1ffb30a5f296857cc44f30654d4b82765eff7dc2d48bb23203d,d2e549769dc07239,dup_0759,canonical,False,pass,included,none,Valid clean capture
side_0076,datasets/viewpoint/self_clean_v1/side/side_0076.jpg,side,datasets/viewpoint/self/side/167.jpg,side,https://www.pexels.com/photo/santa-gertrudis-bull-beef-cattle-28245428/,www.pexels.com,6333,4524,b8510053c36e065efa6dc9f588afc05be6df6e35404cc6aea86b485684ea0414,e901927f34dacf30,dup_0760,canonical,False,pass,included,none,Valid clean capture
side_0077,datasets/viewpoint/self_clean_v1/side/side_0077.jpg,side,datasets/viewpoint/self/side/168.jpg,side,https://www.pexels.com/photo/brown-bull-in-the-farm-16368674/,www.pexels.com,5760,3840,31685a5c013c902a876f5efa1fc00635f6d9e4b09601f15884968fdbfd808b5e,eb13935fbf8e0028,dup_0761,canonical,False,pass,included,none,Valid clean capture
side_0078,datasets/viewpoint/self_clean_v1/side/side_0078.jpg,side,datasets/viewpoint/self/side/169.jpg,side,https://www.pexels.com/photo/longhorn-on-grass-17020875/,www.pexels.com,4092,3444,9e2ee00019193e99f9133b3f7ea2eccfd6fb36b9faf2682f48c037488e835281,94526b3d9e7146d2,dup_0762,canonical,False,pass,included,none,Valid clean capture
side_0079,datasets/viewpoint/self_clean_v1/side/side_0079.jpg,side,datasets/viewpoint/self/side/17.jpg,side,https://www.pexels.com/photo/hinterwald-on-the-grass-11060826/,www.pexels.com,4928,3264,140988520584c20994a3eade9528057ef2e488caacb2b59ec100d07bd4574b9c,c00d0f3e716dace5,dup_0763,canonical,False,pass,included,none,Valid clean capture
side_0080,datasets/viewpoint/self_clean_v1/side/side_0080.jpg,side,datasets/viewpoint/self/side/170.jpg,side,https://www.pexels.com/photo/majestic-brahman-bull-standing-in-sunny-field-29374206/,www.pexels.com,10800,7200,0f8d1e4bebde27c06fd9a8ccb0bb12d8c27ebf94fb5b20b2e6ffe01894cd904d,c18c3ef24c253bcd,dup_0764,canonical,False,pass,included,none,Valid clean capture
side_0081,datasets/viewpoint/self_clean_v1/side/side_0081.jpg,side,datasets/viewpoint/self/side/171.jpg,side,https://www.pexels.com/photo/bulls-grazing-on-a-pasture-6431807/,www.pexels.com,3231,3632,67f13eb32039370ec98e721909b0fe23f3026c45659e615415bbb85b758362a3,de3d25631e1c30e5,dup_0765,canonical,False,pass,included,none,Valid clean capture
side_0082,datasets/viewpoint/self_clean_v1/side/side_0082.jpg,side,datasets/viewpoint/self/side/172.jpg,side,https://www.pexels.com/photo/young-calf-grazing-in-andhra-pradesh-field-30492883/,www.pexels.com,8191,5464,cc1494b2f43514362344d66e47440b5c57ad9d89221337be613dab65f4e3a419,c06733bc2d44f798,dup_0766,canonical,False,pass,included,none,Valid clean capture
side_0083,datasets/viewpoint/self_clean_v1/side/side_0083.jpg,side,datasets/viewpoint/self/side/173.jpg,side,https://www.pexels.com/photo/cattle-on-a-grass-field-5947764/,www.pexels.com,4134,2759,b1c9fc31b87a347bd815346af81015ac36cd2eb866bfb75475b2cf96dec665c2,f01607293cdb6c67,dup_0767,canonical,False,pass,included,none,Valid clean capture
side_0084,datasets/viewpoint/self_clean_v1/side/side_0084.jpg,side,datasets/viewpoint/self/side/174.jpg,side,https://www.pexels.com/photo/charolais-cow-grazing-in-lush-green-pasture-37156212/,www.pexels.com,7877,5254,d232f2b04ac9dec0ce43e5683cf88fe8e43f370922974a77fdb0f69bcb1bf4ad,c0492f3c36f6da49,dup_0768,canonical,False,pass,included,none,Valid clean capture
side_0085,datasets/viewpoint/self_clean_v1/side/side_0085.jpg,side,datasets/viewpoint/self/side/175.jpg,side,https://www.pexels.com/photo/white-calf-grazing-in-sunny-pasture-37584763/,www.pexels.com,6936,4626,9017acad90bdcd67af5c6d4126feee47b61da379b14229610e6a0efe670eb05c,c1472e3939969acb,dup_0769,canonical,False,pass,included,none,Valid clean capture
side_0086,datasets/viewpoint/self_clean_v1/side/side_0086.jpg,side,datasets/viewpoint/self/side/176.jpg,side,https://www.pexels.com/photo/beef-cattle-on-grassland-5840898/,www.pexels.com,3316,4305,10da454b079580c94200eb57192bcd2ce9a6a2324d30cb2db398b0f1c6f8fc87,cbd8a4a7d97923c0,dup_0770,canonical,False,pass,included,none,Valid clean capture
side_0087,datasets/viewpoint/self_clean_v1/side/side_0087.jpg,side,datasets/viewpoint/self/side/177.jpg,side,https://www.pexels.com/photo/trio-of-cows-grazing-in-irish-pasture-39385635/,www.pexels.com,2676,2226,fbad78967d4b025a3312b910d0e696daf421f3b9e9359d220b0164e4db98727e,bc3c83d29878363e,dup_0771,canonical,False,pass,included,none,Valid clean capture
side_0088,datasets/viewpoint/self_clean_v1/side/side_0088.jpg,side,datasets/viewpoint/self/side/178.jpg,side,https://www.pexels.com/photo/brown-and-white-cow-grazing-in-sunny-field-34875549/,www.pexels.com,4000,6000,b85fc80edd4e56635ebe29e163039377b75dcb2f7478f058032cf40f5d967c12,8a94e1e3370f5566,dup_0772,canonical,False,pass,included,none,Valid clean capture
side_0089,datasets/viewpoint/self_clean_v1/side/side_0089.jpg,side,datasets/viewpoint/self/side/179.jpg,side,https://www.pexels.com/photo/serene-autumn-landscape-with-grazing-cow-in-bolu-31775527/,www.pexels.com,4000,6000,f317daaa450274bc41307b500c50e7fed17330941c57d8d48108b1f189afd839,f5e5e1b0e2626a86,dup_0773,canonical,False,pass,included,none,Valid clean capture
side_0090,datasets/viewpoint/self_clean_v1/side/side_0090.jpg,side,datasets/viewpoint/self/side/18.jpg,side,https://www.pexels.com/photo/grazing-cow-in-korutany-pasture-landscape-32187315/,www.pexels.com,5780,3854,71d82aa38289724a7fbaad0dd106be95f7f04f3e9aaa9d59a3846bd8d406d610,c39c3ce1c76c3893,dup_0774,canonical,False,pass,included,none,Valid clean capture
side_0091,datasets/viewpoint/self_clean_v1/side/side_0091.jpg,side,datasets/viewpoint/self/side/180.jpg,side,https://www.pexels.com/photo/majestic-bull-in-scenic-mountain-landscape-28918787/,www.pexels.com,8256,5504,3c481167a5705fb1aa08d6d9c5e692ef4d341693530f6d89540995ce556759db,cdc2f2988d07373c,dup_0775,canonical,False,pass,included,none,Valid clean capture
side_0092,datasets/viewpoint/self_clean_v1/side/side_0092.jpg,side,datasets/viewpoint/self/side/181.jpg,side,https://www.pexels.com/photo/brown-cow-grazing-on-a-sunny-hillside-pasture-29606604/,www.pexels.com,6240,4160,b38213e5f0e957101f41d2dda8506c7f61cfcfa891eb420cd82053f40ab8b1a3,873f3886c7923c3c,dup_0776,canonical,False,pass,included,none,Valid clean capture
side_0093,datasets/viewpoint/self_clean_v1/side/side_0093.jpg,side,datasets/viewpoint/self/side/182.jpg,side,https://www.pexels.com/photo/brown-cow-grazing-in-green-pasture-in-spain-35713337/,www.pexels.com,3024,4032,5de03abe5a7f534034c09f6b4380111cc8c1e3a5269f64d2bc3e3cb497483021,8080c9f1763e8fcf,dup_0777,canonical,False,pass,included,none,Valid clean capture
side_0094,datasets/viewpoint/self_clean_v1/side/side_0094.jpg,side,datasets/viewpoint/self/side/183.jpg,side,https://www.pexels.com/photo/cows-grazing-on-a-hillside-in-kabardino-balkaria-37607504/,www.pexels.com,2118,4032,6473302858a192e2bf9106da8e78ccac3613501f016400e8eda959061898f337,edd0c06d78c487ba,dup_0778,canonical,False,pass,included,none,Valid clean capture
side_0095,datasets/viewpoint/self_clean_v1/side/side_0095.jpg,side,datasets/viewpoint/self/side/184.jpg,side,https://www.pexels.com/photo/cows-on-pasture-at-sunset-19662181/,www.pexels.com,2141,1759,4a6749f67f5ab4b96ff50f3814522d3e3a9002bdf1bd31d3494d9b04be032210,bf95c1c0926725ad,dup_0779,canonical,False,pass,included,none,Valid clean capture
side_0096,datasets/viewpoint/self_clean_v1/side/side_0096.jpg,side,datasets/viewpoint/self/side/185.jpg,side,https://www.pexels.com/photo/brown-and-white-cow-on-green-grass-field-13601514/,www.pexels.com,5743,3829,67956011101f945dc9d297d85ed8ae0ef0e2e3c3f0f78d7ad803f1e2868452be,859e1b66abd39c21,dup_0780,canonical,False,pass,included,none,Valid clean capture
side_0097,datasets/viewpoint/self_clean_v1/side/side_0097.jpg,side,datasets/viewpoint/self/side/186.jpg,side,https://www.pexels.com/photo/cow-grazing-in-the-pasture-13908317/,www.pexels.com,6000,4000,49b781fa92984010c04f7af8d5cd69b53eae0f41d63d4ccced012d0eff340314,86c6195966b71b39,dup_0781,canonical,False,pass,included,none,Valid clean capture
side_0098,datasets/viewpoint/self_clean_v1/side/side_0098.jpg,side,datasets/viewpoint/self/side/187.jpg,side,https://www.pexels.com/photo/solitary-cow-grazing-on-sunny-field-33423577/,www.pexels.com,4928,3264,23f5a018e2f6ceeb7e019016f5b9747bbaf83cbbfa3ff8dcf3830355a21e1436,d7dc0827e308dd63,dup_0782,canonical,False,pass,included,none,Valid clean capture
side_0099,datasets/viewpoint/self_clean_v1/side/side_0099.jpg,side,datasets/viewpoint/self/side/188.jpg,side,https://www.pexels.com/photo/solitary-brown-cow-in-overcast-pasture-31042139/,www.pexels.com,4608,3072,a5c5ded03a064b1286f737f282fe076f85c429dbed342cba55f1531b9f0ce8cc,f3b34c1c33f30c4c,dup_0783,canonical,False,pass,included,none,Valid clean capture
side_0100,datasets/viewpoint/self_clean_v1/side/side_0100.jpg,side,datasets/viewpoint/self/side/189.jpg,side,https://www.pexels.com/photo/brown-cow-grazing-in-pasture-on-cloudy-day-38583618/,www.pexels.com,4707,3186,de78b8446bad89a26acfd613306c63372d70baf57e40ef04e1ae409d0a94542d,ec9bd265074c7c91,dup_0784,canonical,False,pass,included,none,Valid clean capture
side_0101,datasets/viewpoint/self_clean_v1/side/side_0101.jpg,side,datasets/viewpoint/self/side/19.jpg,side,https://www.pexels.com/photo/limousin-cow-by-mountain-18635537/,www.pexels.com,5616,3744,bfb7161ff99010fabb05329a373aa268cde4fb150e19641c53fd69079373523f,b593dae1c4a6a49c,dup_0785,canonical,False,pass,included,none,Valid clean capture
side_0102,datasets/viewpoint/self_clean_v1/side/side_0102.jpg,side,datasets/viewpoint/self/side/190.jpg,side,https://www.pexels.com/photo/cow-with-long-horns-14381086/,www.pexels.com,3024,4032,dba550daf24f4ea794c272f56be5638f5e3374d9a2c0baabbf51297bb157f548,853c5ab3a5381ae7,dup_0786,canonical,False,pass,included,none,Valid clean capture
side_0103,datasets/viewpoint/self_clean_v1/side/side_0103.jpg,side,datasets/viewpoint/self/side/191.jpg,side,https://www.pexels.com/photo/brown-cow-on-green-grass-field-5969519/,www.pexels.com,3998,2504,975913799e2c92357865b18cdfc506425c5533e2ab07074ae95465f596518356,e555dccb0e38a1e2,dup_0787,canonical,False,pass,included,none,Valid clean capture
side_0104,datasets/viewpoint/self_clean_v1/side/side_0104.jpg,side,datasets/viewpoint/self/side/192.jpg,side,https://www.pexels.com/photo/white-cow-grazing-in-lush-green-meadow-39415545/,www.pexels.com,6720,4480,88f4ec003ccb8ab682187c796b02fa68ad4dbf576a67ed39a26e43cab1f5a236,8726700b4f363dcd,dup_0788,canonical,False,pass,included,none,Valid clean capture
side_0105,datasets/viewpoint/self_clean_v1/side/side_0105.jpg,side,datasets/viewpoint/self/side/193.jpg,side,https://www.pexels.com/photo/majestic-nguni-cow-in-lush-south-african-field-32721023/,www.pexels.com,6000,4000,147f76d3618a45153007b8a34da6e12ee7a601e479a4e179d2da229cf5ace778,c5efbe11056cf901,dup_0789,canonical,False,pass,included,none,Valid clean capture
side_0106,datasets/viewpoint/self_clean_v1/side/side_0106.jpg,side,datasets/viewpoint/self/side/194.jpg,side,https://www.pexels.com/photo/majestic-speckled-cow-on-a-green-pasture-37383409/,www.pexels.com,3806,3806,4010086087788fcaa2c473dcadd8cd78b1e555304ee9a97bfc80bcee092ceff0,a109dee3a1a489df,dup_0790,canonical,False,pass,included,none,Valid clean capture
side_0107,datasets/viewpoint/self_clean_v1/side/side_0107.jpg,side,datasets/viewpoint/self/side/195.jpg,side,https://www.pexels.com/photo/white-cow-on-the-grass-field-11340570/,www.pexels.com,6960,4640,e7904fe481fc55b920d9fe3c6068699080b4056134cf21cddf402172ac492eb7,80d17fa4805dbbd6,dup_0791,canonical,False,pass,included,none,Valid clean capture
side_0108,datasets/viewpoint/self_clean_v1/side/side_0108.jpg,side,datasets/viewpoint/self/side/196.jpg,side,https://www.pexels.com/photo/cattle-grazing-in-abuja-s-scenic-countryside-38296527/,www.pexels.com,2521,1828,de744b9917bb4f6b5082348505d52625fcf5466b1933bde216f4b1e9d7484810,d6f66168e9ce84c4,dup_0792,canonical,False,pass,included,none,Valid clean capture
side_0109,datasets/viewpoint/self_clean_v1/side/side_0109.jpg,side,datasets/viewpoint/self/side/197.jpg,side,https://www.pexels.com/photo/white-cow-grazing-in-lush-nigerian-countryside-38296552/,www.pexels.com,6016,4016,858fb3ce1c3e3324df536d14ac9af9d4687bb0fc9a1d8bd500c6abe711042d35,c4f8c39b0db46363,dup_0793,canonical,False,pass,included,none,Valid clean capture
side_0110,datasets/viewpoint/self_clean_v1/side/side_0110.jpg,side,datasets/viewpoint/self/side/198.jpg,side,https://www.pexels.com/photo/white-cow-on-green-grass-field-13858176/,www.pexels.com,5994,3991,97a17b15ad388fe0204ca32ac4afef8f2ab461878bbdcb54b675415439115b96,91b30e4c49e3f07d,dup_0794,canonical,False,pass,included,none,Valid clean capture
side_0111,datasets/viewpoint/self_clean_v1/side/side_0111.jpg,side,datasets/viewpoint/self/side/199.jpg,side,https://www.pexels.com/photo/white-cow-tethered-in-rural-indian-village-30147589/,www.pexels.com,8192,5464,9d97c1dcd62947529feb54a3d48ea33fa4c15f64085851ff0a7382553e52e1a8,cc7f2e78cfc06811,dup_0795,canonical,False,pass,included,none,Valid clean capture
side_0112,datasets/viewpoint/self_clean_v1/side/side_0112.jpg,side,datasets/viewpoint/self/side/2.jpg,side,https://www.pexels.com/photo/brown-cow-in-alpine-meadow-at-bavaria-32957529/,www.pexels.com,6000,4000,b00e54477e56e5b4de94b54db6b86a5a1c2b6b31d6c4806ca0d799418f6769ed,8296fded5602a66a,dup_0796,canonical,False,pass,included,none,Valid clean capture
side_0113,datasets/viewpoint/self_clean_v1/side/side_0113.jpg,side,datasets/viewpoint/self/side/20.jpg,side,https://www.pexels.com/photo/peaceful-alpine-cow-grazing-in-swiss-mountains-33778098/,www.pexels.com,7807,5207,28a853e7b46b9a7a02cc8fdd8f54ede60b7e08b0780b0c65ac1377d1e82db7b2,fec523384f4459b2,dup_0797,canonical,False,pass,included,none,Valid clean capture
side_0114,datasets/viewpoint/self_clean_v1/side/side_0114.jpg,side,datasets/viewpoint/self/side/200.jpg,side,https://www.pexels.com/photo/brown-cow-in-forest-clearing-38602519/,www.pexels.com,4000,6000,6e3401beef52d5b59192af36885c838154ddf0fa26c555fc6522768b9b5211f6,9eb5940b764e611e,dup_0798,canonical,False,pass,included,none,Valid clean capture
side_0115,datasets/viewpoint/self_clean_v1/side/side_0115.jpg,side,datasets/viewpoint/self/side/201.jpg,side,https://www.pexels.com/photo/white-cow-in-a-green-field-in-rural-philippines-36784886/,www.pexels.com,3841,5508,33947c84793bf2a254666e5cf9cdf0d8a7919201e80f29eb3b2e00b0a9456077,c8c8a88ea7b79734,dup_0799,canonical,False,pass,included,none,Valid clean capture
side_0116,datasets/viewpoint/self_clean_v1/side/side_0116.jpg,side,datasets/viewpoint/self/side/202.jpg,side,https://www.pexels.com/photo/holstein-cow-grazing-on-dry-field-at-dusk-30615083/,www.pexels.com,2826,4266,43ffcb2afe8c6244d2c0ec96369fc9d121dfe6b9444d12ec7c165a2571491655,c187f869671e1b85,dup_0800,canonical,False,pass,included,none,Valid clean capture
side_0117,datasets/viewpoint/self_clean_v1/side/side_0117.jpg,side,datasets/viewpoint/self/side/203.jpg,side,https://www.pexels.com/photo/large-hereford-bull-in-farm-pen-31649657/,www.pexels.com,5712,4284,fab55015edb0d75319be6ad8797334f06174376bcfeff9ed054cc2589832b029,d054cf2b69c1d4f4,dup_0801,canonical,False,pass,included,none,Valid clean capture
side_0118,datasets/viewpoint/self_clean_v1/side/side_0118.jpg,side,datasets/viewpoint/self/side/204.jpg,side,https://www.pexels.com/photo/cows-in-barn-13426500/,www.pexels.com,4032,3024,d6ac3ef26088e81e8d455f1307badf4223308328bcdd4289b23c71a3812e57e6,c99096ffb5019a96,dup_0802,canonical,False,pass,included,none,Valid clean capture
side_0119,datasets/viewpoint/self_clean_v1/side/side_0119.jpg,side,datasets/viewpoint/self/side/205.jpg,side,https://www.pexels.com/photo/holstein-cow-in-lush-green-field-31458841/,www.pexels.com,3024,4032,633d7a85a16515936ae2e579426f45066acb7f7824362e24d4714dfcedd09bd9,bd8c903f7190ab72,dup_0803,canonical,False,pass,included,none,Valid clean capture
side_0120,datasets/viewpoint/self_clean_v1/side/side_0120.jpg,side,datasets/viewpoint/self/side/206.jpg,side,https://www.pexels.com/photo/cattle-on-a-farm-15956590/,www.pexels.com,4747,3165,b35b8e9a87893e948354d365a9dc4d6477671d991cc6b0ce37be267ee215ecc3,e283d5644e78f81b,dup_0804,canonical,False,pass,included,none,Valid clean capture
side_0121,datasets/viewpoint/self_clean_v1/side/side_0121.jpg,side,datasets/viewpoint/self/side/207.jpg,side,https://www.pexels.com/photo/brown-cow-grazing-on-english-hillside-31794208/,www.pexels.com,6000,4000,d411746b1e40629bf06daeac764d49972e6d66fe9a72c753920d4457f780d98f,bda7c3c930b04e35,dup_0805,canonical,False,pass,included,none,Valid clean capture
side_0122,datasets/viewpoint/self_clean_v1/side/side_0122.jpg,side,datasets/viewpoint/self/side/208.jpg,side,https://www.pexels.com/photo/close-up-of-a-cow-standing-in-the-pasture-21235138/,www.pexels.com,4741,3156,2964073003741c05bad151b008b44692aa1eabef3f09048ecd37e97be1a6292b,c1e4962f2974eac9,dup_0806,canonical,False,pass,included,none,Valid clean capture
side_0123,datasets/viewpoint/self_clean_v1/side/side_0123.jpg,side,datasets/viewpoint/self/side/209.jpg,side,https://www.pexels.com/photo/charolais-bull-on-a-pasture-18082418/,www.pexels.com,4160,5536,30ddb8bcea4b49f52e3976527de74b37dfa8ca438de364f4c4693f35b4c7498f,981663e59c9af362,dup_0807,canonical,False,pass,included,none,Valid clean capture
side_0124,datasets/viewpoint/self_clean_v1/side/side_0124.jpg,side,datasets/viewpoint/self/side/21.jpg,side,https://www.pexels.com/photo/cattle-grazing-on-grass-19780402/,www.pexels.com,3642,2762,9373577522c53ba7dfb10220eb4cf69eb2cb64c89ffe01262e7a3cffd189670e,8e8697b1584a9cb7,dup_0808,canonical,False,pass,included,none,Valid clean capture
side_0125,datasets/viewpoint/self_clean_v1/side/side_0125.jpg,side,datasets/viewpoint/self/side/210.jpg,side,https://www.pexels.com/photo/cow-on-a-grass-field-11714997/,www.pexels.com,5141,3051,2543581e64834c579ef208ea3da878afbc1e766243a36290998c9ed4ca5a4327,85ba41b79ae51c63,dup_0809,canonical,False,pass,included,none,Valid clean capture
side_0126,datasets/viewpoint/self_clean_v1/side/side_0126.jpg,side,datasets/viewpoint/self/side/211.jpg,side,https://www.pexels.com/photo/cows-grazing-in-county-galway-at-sunset-39032025/,www.pexels.com,1509,1088,e24d771b147c4dcc8985d7a6a297f9ecdca523bf9f6f7eb9d127ab0b1981d634,d29aa9bd5753c122,dup_0810,canonical,False,pass,included,none,Valid clean capture
side_0127,datasets/viewpoint/self_clean_v1/side/side_0127.jpg,side,datasets/viewpoint/self/side/212.jpg,side,https://www.pexels.com/photo/cows-on-the-grass-field-11523922/,www.pexels.com,1921,1708,2ba1a46676d562dc7910f944c5900c848028df912ffedcb7b5da07576f28e808,fadadac291951525,dup_0811,canonical,False,pass,included,none,Valid clean capture
side_0128,datasets/viewpoint/self_clean_v1/side/side_0128.jpg,side,datasets/viewpoint/self/side/213.jpg,side,https://www.pexels.com/photo/cows-grazing-in-english-countryside-pasture-31794126/,www.pexels.com,5846,3897,be180b90ba877aa2e97d2bf476a74a07d9efaab28bd6ca36de5cda0ac0c45075,cf4f30307dcd8b03,dup_0812,canonical,False,pass,included,none,Valid clean capture
side_0129,datasets/viewpoint/self_clean_v1/side/side_0129.jpg,side,datasets/viewpoint/self/side/214.jpg,side,https://www.pexels.com/photo/majestic-bull-standing-in-grassy-field-29374204/,www.pexels.com,10800,7200,5cfdbc233e7001df2e5bef83d69d1ab02c9d29c174d97dcc3136f8aeb2e43ed5,de5acb86be8cc8c0,dup_0813,canonical,False,pass,included,none,Valid clean capture
side_0130,datasets/viewpoint/self_clean_v1/side/side_0130.jpg,side,datasets/viewpoint/self/side/215.jpg,side,https://www.pexels.com/photo/a-cow-in-a-field-20710216/,www.pexels.com,7554,5036,84a965f9fb4279f0e78cc07249c279fc9561ef541d300fd5bb619b73861df47b,f93c16432f3c1b85,dup_0814,canonical,False,pass,included,none,Valid clean capture
side_0131,datasets/viewpoint/self_clean_v1/side/side_0131.jpg,side,datasets/viewpoint/self/side/216.jpg,side,https://www.pexels.com/photo/a-cow-walking-in-a-field-27207627/,www.pexels.com,8512,5675,1eef0ba72aa713a1a200426ee52685953194aefe79ff9d7d38fb630eb6dea8fa,e11c1e6325795b66,dup_0815,canonical,False,pass,included,none,Valid clean capture
side_0132,datasets/viewpoint/self_clean_v1/side/side_0132.jpg,side,datasets/viewpoint/self/side/217.jpg,side,https://www.pexels.com/photo/a-cow-standing-in-a-field-with-mountains-in-the-background-28387891/,www.pexels.com,8640,5760,518f1915e58741406aa5b00a57e83f4ed0840511916405429d38cca6ee26f490,c695936eacd2254e,dup_0816,canonical,False,pass,included,none,Valid clean capture
side_0133,datasets/viewpoint/self_clean_v1/side/side_0133.jpg,side,datasets/viewpoint/self/side/218.jpg,side,https://www.pexels.com/photo/a-black-cow-standing-in-a-field-with-mountains-in-the-background-28387894/,www.pexels.com,7785,5190,9bb23fc596b8cd1b629d49f19263ce62ce3187f73f09a6b8f9518e9b43de4a45,ccd39a6c16b24d2d,dup_0817,canonical,False,pass,included,none,Valid clean capture
side_0134,datasets/viewpoint/self_clean_v1/side/side_0134.jpg,side,datasets/viewpoint/self/side/219.jpg,side,https://www.pexels.com/photo/grazing-calf-in-uruguayan-pasture-34041624/,www.pexels.com,3648,5472,fa11f46c9ed568b79448f1bcca75b9b95fd9b2a23c6a1ac6637947bd07c15156,f1c29ca48f39635a,dup_0818,canonical,False,pass,included,none,Valid clean capture
side_0135,datasets/viewpoint/self_clean_v1/side/side_0135.jpg,side,datasets/viewpoint/self/side/22.jpg,side,https://www.pexels.com/photo/brown-cow-on-green-grass-field-5667690/,www.pexels.com,4992,3328,1798a444df5bf703c9dc91eac5f591268bde384ece86f7dd04308c4e506ac8f1,b95c96e261d95a26,dup_0819,canonical,False,pass,included,none,Valid clean capture
side_0136,datasets/viewpoint/self_clean_v1/side/side_0136.jpg,side,datasets/viewpoint/self/side/220.jpg,side,https://www.pexels.com/photo/calf-on-mountain-meadow-15950248/,www.pexels.com,6000,4000,62a9d75c42396e315a3e5c2c637149da21bc3fd12717de02382b865fad90bdf2,9c03692dc9d09df6,dup_0820,canonical,False,pass,included,none,Valid clean capture
side_0137,datasets/viewpoint/self_clean_v1/side/side_0137.jpg,side,datasets/viewpoint/self/side/221.jpg,side,https://www.pexels.com/photo/grazing-cow-in-misty-fanal-forest-landscape-31085018/,www.pexels.com,3470,4609,375c89c41c1b0452d198a4529350c199fac9b384984e07eb9256ca7ff2d1d788,b3b3cc4c37236319,dup_0821,canonical,False,pass,included,none,Valid clean capture
side_0138,datasets/viewpoint/self_clean_v1/side/side_0138.jpg,side,datasets/viewpoint/self/side/222.jpg,side,https://www.pexels.com/photo/brown-cow-grazing-on-green-hillside-in-india-33543027/,www.pexels.com,4016,6016,8e27a414352e49a572acee721a99d4e4e98b8a08de19ea1ac878e2eeaed74161,b8abcf8574520b8d,dup_0822,canonical,False,pass,included,none,Valid clean capture
side_0139,datasets/viewpoint/self_clean_v1/side/side_0139.jpg,side,datasets/viewpoint/self/side/223.jpg,side,https://www.pexels.com/photo/close-up-shot-of-cows-inside-a-farm-5798535/,www.pexels.com,6000,4000,825f8438549cee1aa56cf1944cdc7a3c28010ad1354ee84e0e6da96dfbd07e1a,c3c66e6b76642436,dup_0823,canonical,False,pass,included,none,Valid clean capture
side_0140,datasets/viewpoint/self_clean_v1/side/side_0140.jpg,side,datasets/viewpoint/self/side/224.jpg,side,https://www.pexels.com/photo/a-cow-standing-in-a-stall-with-a-bucket-27197630/,www.pexels.com,3893,2840,a417d80703b426df018977666fa46afc6825e67df1c6becd402fa3c1142205db,acad816a525edcd4,dup_0824,canonical,False,pass,included,none,Valid clean capture
side_0141,datasets/viewpoint/self_clean_v1/side/side_0141.jpg,side,datasets/viewpoint/self/side/225.jpg,side,https://www.pexels.com/photo/view-of-cattle-on-a-farm-by-the-fence-8064055/,www.pexels.com,3935,2628,80beef5da7240dd8b59c7c935c7e891fb506d0915d68a774651bbb3375edb313,c2dad7f569292a0a,dup_0825,canonical,False,pass,included,none,Valid clean capture
side_0142,datasets/viewpoint/self_clean_v1/side/side_0142.jpg,side,datasets/viewpoint/self/side/226.jpg,side,https://www.pexels.com/photo/cow-grazing-in-countryside-26860732/,www.pexels.com,7000,3935,c28e2bc583202387eac41f7cc1f79e11dad3052107d1523e9c52733891ec59e6,988c8ef373595c26,dup_0826,canonical,False,pass,included,none,Valid clean capture
side_0143,datasets/viewpoint/self_clean_v1/side/side_0143.jpg,side,datasets/viewpoint/self/side/227.jpg,side,https://www.pexels.com/photo/a-cattle-eating-grass-12035282/,www.pexels.com,4480,6720,ea3243e1991da552e8b345d93bf5841f774957eeac084e2684ebaf54019eb93d,9b95e0611b1fe6e0,dup_0827,canonical,False,pass,included,none,Valid clean capture
side_0144,datasets/viewpoint/self_clean_v1/side/side_0144.jpg,side,datasets/viewpoint/self/side/228.jpg,side,https://www.pexels.com/photo/cow-and-evergreen-forest-on-hill-18120675/,www.pexels.com,4000,6000,781b0b17cd5981d8b9d6c92cfc08ac64e97fee977fc3a98bdcf9fd068610f5cc,cfd0af2c805b9475,dup_0828,canonical,False,pass,included,none,Valid clean capture
side_0145,datasets/viewpoint/self_clean_v1/side/side_0145.jpg,side,datasets/viewpoint/self/side/229.jpg,side,https://www.pexels.com/photo/peaceful-cow-grazing-in-mountain-pasture-28436096/,www.pexels.com,4284,5712,f0c46d9323d380096730cdbd72f62864b93184f36cca97a38fd2ee74f34ec4d0,f1e4ee5790f44c06,dup_0829,canonical,False,pass,included,none,Valid clean capture
side_0146,datasets/viewpoint/self_clean_v1/side/side_0146.jpg,side,datasets/viewpoint/self/side/23.jpg,side,https://www.pexels.com/photo/cow-on-a-countryside-5563246/,www.pexels.com,6000,4000,037eaf2ac7ac776ca8829b78e96fb5503edf1f9ac2207c063527de81cabcba45,a0ce6c13d8eeb2c9,dup_0830,canonical,False,pass,included,none,Valid clean capture
side_0147,datasets/viewpoint/self_clean_v1/side/side_0147.jpg,side,datasets/viewpoint/self/side/230.jpg,side,https://www.pexels.com/photo/a-cow-grazing-in-a-grassy-field-with-mountains-in-the-background-27596612/,www.pexels.com,4284,5712,a78eee8e6b989dd160aae22c53247f62442a49dc485ea9d50173012e8353b690,bcaa2a2a1d55d5d4,dup_0831,canonical,False,pass,included,none,Valid clean capture
side_0148,datasets/viewpoint/self_clean_v1/side/side_0148.jpg,side,datasets/viewpoint/self/side/231.jpg,side,https://www.pexels.com/photo/cows-grazing-in-idyllic-mountain-pasture-29202686/,www.pexels.com,715,619,856451b65fcf53a126867a6cba22b1dd2b0ecd375b8a2d79b755f49a4985f75d,8c86636b7b9194e5,dup_0832,canonical,False,pass,included,none,Valid clean capture
side_0149,datasets/viewpoint/self_clean_v1/side/side_0149.jpg,side,datasets/viewpoint/self/side/232.jpg,side,https://www.pexels.com/photo/cows-on-pasture-18827684/,www.pexels.com,3160,4160,0460bb760a5b1a44ee7d461d7a3975e35c31531548ad0e005c757f1c9122ee7c,85d0e31d38a389fe,dup_0833,canonical,False,pass,included,none,Valid clean capture
side_0150,datasets/viewpoint/self_clean_v1/side/side_0150.jpg,side,datasets/viewpoint/self/side/233.jpg,side,https://www.pexels.com/photo/majestic-bull-standing-by-rustic-brick-wall-30807527/,www.pexels.com,4080,3060,3f8d96df06368a612d7148a2b5bf8c00827e72582b1cf48040c6785f186e62e9,f491e321d9589e6c,dup_0834,canonical,False,pass,included,none,Valid clean capture
side_0151,datasets/viewpoint/self_clean_v1/side/side_0151.jpg,side,datasets/viewpoint/self/side/234.jpg,side,https://www.pexels.com/photo/portrait-of-a-bull-standing-outdoors-27028110/,www.pexels.com,3024,4032,05b75000266cf953b6ca3019f5d17966a0dc5be4ef72b1db8b2d2c870456bc32,aec1d1266aa9d574,dup_0835,canonical,False,pass,included,none,Valid clean capture
side_0152,datasets/viewpoint/self_clean_v1/side/side_0152.jpg,side,datasets/viewpoint/self/side/235.jpg,side,https://www.pexels.com/photo/close-up-of-a-big-cattle-9283816/,www.pexels.com,3226,2422,ca86386d4198c406f1a1e86854a5b744b19a12df9bb17921b22b7b8f17615977,9d98f2f0c1c58747,dup_0836,canonical,False,pass,included,none,Valid clean capture
side_0153,datasets/viewpoint/self_clean_v1/side/side_0153.jpg,side,datasets/viewpoint/self/side/236.jpg,side,https://www.pexels.com/photo/brown-cow-on-pasture-with-scenic-rock-formation-36938351/,www.pexels.com,5219,3479,1084df1f9df614da742a580563e94ddfc5bae7442308718dca3baa349f2dc267,baf0a7c79c9c4849,dup_0837,canonical,False,pass,included,none,Valid clean capture
side_0154,datasets/viewpoint/self_clean_v1/side/side_0154.jpg,side,datasets/viewpoint/self/side/237.jpg,side,https://www.pexels.com/photo/brown-cow-pasturing-in-field-near-mountain-5554113/,www.pexels.com,4000,6000,62ec96c128d5df317ac8d7ec537dd4b7cd78e64f9a0a8e61014b9e069404c98a,b190f0e199c6ed8e,dup_0838,canonical,False,pass,included,none,Valid clean capture
side_0155,datasets/viewpoint/self_clean_v1/side/side_0155.jpg,side,datasets/viewpoint/self/side/238.jpg,side,https://www.pexels.com/photo/photo-of-a-grazing-black-cow-18180022/,www.pexels.com,6000,4000,4eae0a9c8651bf205de7115fca2073ff4e7c23435e6b0eb48c01e8e04f38e052,8975968f2ba14e72,dup_0839,canonical,False,pass,included,none,Valid clean capture
side_0156,datasets/viewpoint/self_clean_v1/side/side_0156.jpg,side,datasets/viewpoint/self/side/239.jpg,side,https://www.pexels.com/photo/brown-and-white-cow-on-green-grass-field-4625868/,www.pexels.com,4419,3321,0526810d93543be9ab08d53987aa6d93bc9d82fbf88376b57f69bfc74d48a3a7,90833dcc6e713b87,dup_0840,canonical,False,pass,included,none,Valid clean capture
side_0157,datasets/viewpoint/self_clean_v1/side/side_0157.jpg,side,datasets/viewpoint/self/side/24.jpg,side,https://www.pexels.com/photo/a-brown-cow-in-a-mountain-landscape-10549906/,www.pexels.com,4256,2832,ce36f9906f0f18e926027d703df745d47bd3064f0cee492897adc7dd1b23863b,a0a31f5674ad8bd2,dup_0841,canonical,False,pass,included,none,Valid clean capture
side_0158,datasets/viewpoint/self_clean_v1/side/side_0158.jpg,side,datasets/viewpoint/self/side/240.jpg,side,https://www.pexels.com/photo/cow-grazing-in-serene-countryside-landscape-28703746/,www.pexels.com,6064,4040,0cc0d09a7cc55346108dacf22e337f4058665884349cf10b82ea7162cae21ffa,f0071d70f3c187ce,dup_0842,canonical,False,pass,included,none,Valid clean capture
side_0159,datasets/viewpoint/self_clean_v1/side/side_0159.jpg,side,datasets/viewpoint/self/side/241.jpg,side,https://www.pexels.com/photo/brown-cow-grazing-in-french-mountain-pasture-35055853/,www.pexels.com,5117,3411,a77c205ef188235ecbade016bef82ccfdddc895033029291b3cb8a309c693b4b,df52d2a5341ccf24,dup_0843,canonical,False,pass,included,none,Valid clean capture
side_0160,datasets/viewpoint/self_clean_v1/side/side_0160.jpg,side,datasets/viewpoint/self/side/242.jpg,side,https://www.pexels.com/photo/brown-cow-grazing-in-sunlit-pasture-28703748/,www.pexels.com,4441,2958,60d2b32815a74aa6c3bcecd5a68c0ec52641f496ca3965ce73cf662b32877b75,b6158b6a3c62659b,dup_0844,canonical,False,pass,included,none,Valid clean capture
side_0161,datasets/viewpoint/self_clean_v1/side/side_0161.jpg,side,datasets/viewpoint/self/side/243.jpg,side,https://www.pexels.com/photo/brown-cow-grazing-on-a-green-meadow-slope-28897567/,www.pexels.com,6000,4000,003dfc700a5103b8f9370068b189b206f6630c9a6d0c4e6c92e80118b8905a4a,8c24d3dbcb2139f2,dup_0845,canonical,False,pass,included,none,Valid clean capture
side_0162,datasets/viewpoint/self_clean_v1/side/side_0162.jpg,side,datasets/viewpoint/self/side/244.jpg,side,https://www.pexels.com/photo/cow-on-a-pasture-in-the-mountains-20696422/,www.pexels.com,5483,3719,78b2758ef7a0145e65bfe160e1a5285dc79b571f74b6f24d6acb8f3d19ba7934,eca0931f531e2cf1,dup_0846,canonical,False,pass,included,none,Valid clean capture
side_0163,datasets/viewpoint/self_clean_v1/side/side_0163.jpg,side,datasets/viewpoint/self/side/245.jpg,side,https://www.pexels.com/photo/photo-of-cow-on-mountain-1876603/,www.pexels.com,5760,3840,ff53c96b8ee2b7a40286f0b56efe7ab49ec4ce647342d5a7add8577a5fe09375,d0cc8b1b1be026df,dup_0847,canonical,False,pass,included,none,Valid clean capture
side_0164,datasets/viewpoint/self_clean_v1/side/side_0164.jpg,side,datasets/viewpoint/self/side/246.jpg,side,https://www.pexels.com/photo/cow-walking-on-grass-mountain-under-foggy-sky-5587758/,www.pexels.com,3089,2048,738dd7dd344ef6ef8d4b644b5d10ff3ecbf183451f7b1ff370ffbb04449213bc,c1edcc918c98bda3,dup_0848,canonical,False,pass,included,none,Valid clean capture
side_0165,datasets/viewpoint/self_clean_v1/side/side_0165.jpg,side,datasets/viewpoint/self/side/247.jpg,side,https://www.pexels.com/photo/cows-grazing-on-mountainous-pasture-in-france-34111854/,www.pexels.com,2445,4672,8233a617234bc38863b52714604fc27b5aec9a18a538f511caa95dfd9eac6407,8e59716496ad7156,dup_0849,canonical,False,pass,included,none,Valid clean capture
side_0166,datasets/viewpoint/self_clean_v1/side/side_0166.jpg,side,datasets/viewpoint/self/side/248.jpg,side,https://www.pexels.com/photo/cow-on-grassland-on-hill-20000188/,www.pexels.com,2880,4032,320faece683f1c0679140398eac5465373b8ce3fbd3d9a70e330bf09022d7ac7,cc73318e63314ee3,dup_0850,canonical,False,pass,included,none,Valid clean capture
side_0167,datasets/viewpoint/self_clean_v1/side/side_0167.jpg,side,datasets/viewpoint/self/side/249.jpg,side,https://www.pexels.com/photo/brown-cow-on-hillside-in-austria-16953693/,www.pexels.com,4000,6000,2cc12fbf5928e41d6d34f3d38fb0187d79c0c4afe10197f2efe64b74475930c8,d1b492a35e4c459f,dup_0851,canonical,False,pass,included,none,Valid clean capture
side_0168,datasets/viewpoint/self_clean_v1/side/side_0168.jpg,side,datasets/viewpoint/self/side/25.jpg,side,https://www.pexels.com/photo/a-cow-on-a-pasture-in-mountains-17433932/,www.pexels.com,6000,4000,e6865327ea07f480adef5d98b352e1d67783e331a7deab4ced1fd7f679796797,9b9a5c65e4a62653,dup_0852,canonical,False,pass,included,none,Valid clean capture
side_0169,datasets/viewpoint/self_clean_v1/side/side_0169.jpg,side,datasets/viewpoint/self/side/26.jpg,side,https://www.pexels.com/photo/brown-cow-on-green-grass-field-8993585/,www.pexels.com,4608,3456,52f22f9ab27cf70ee4cccbf59a9f6292899d3fd77f3a8b9d639a316ed503a402,ecf0f2e991920d0f,dup_0853,canonical,False,pass,included,none,Valid clean capture
side_0170,datasets/viewpoint/self_clean_v1/side/side_0170.jpg,side,datasets/viewpoint/self/side/27.jpg,side,https://www.pexels.com/photo/cows-on-pasture-land-13216780/,www.pexels.com,3126,2667,fecaa45864b16a06f1e332df7affd7b69e8808f4a5bfe5f4bad6677916c1c1ef,ca3c35e38a94d569,dup_0854,canonical,False,pass,included,none,Valid clean capture
side_0171,datasets/viewpoint/self_clean_v1/side/side_0171.jpg,side,datasets/viewpoint/self/side/28.jpg,side,https://www.pexels.com/photo/brown-and-white-cow-walking-on-grass-field-2526750/,www.pexels.com,6000,4000,46f355b05ec7792f4a68c5497dbfa47ef6ee51a681f03d016ffb76694444b6ed,854c4ce6f6e989a6,dup_0855,canonical,False,pass,included,none,Valid clean capture
side_0172,datasets/viewpoint/self_clean_v1/side/side_0172.jpg,side,datasets/viewpoint/self/side/29.jpg,side,https://www.pexels.com/photo/photo-of-a-grazing-cow-18968331/,www.pexels.com,6000,4000,e23b7248fdf79b2ed7855f85db48b232c9f32099945d615843eca581d2491f26,c34b3c36676c14cb,dup_0856,canonical,False,pass,included,none,Valid clean capture
side_0173,datasets/viewpoint/self_clean_v1/side/side_0173.jpg,side,datasets/viewpoint/self/side/3.jpg,side,https://www.pexels.com/photo/brown-cow-grazing-in-austrian-alps-36506272/,www.pexels.com,6000,4000,105bc79048f1522f40329928b3699152cb50e6ec9d5f5e9cb53745f0663dc4af,a912d6659b9ae469,dup_0857,canonical,False,pass,included,none,Valid clean capture
side_0174,datasets/viewpoint/self_clean_v1/side/side_0174.jpg,side,datasets/viewpoint/self/side/30.jpg,side,https://www.pexels.com/photo/a-cow-on-a-grass-field-18302421/,www.pexels.com,3008,2000,c9a8e8ef00601b3492392d90ca2bb5f8b76e52c8a3088bb0b3567ddd6088b7fd,c1a01edde71a3ca6,dup_0858,canonical,False,pass,included,none,Valid clean capture
side_0175,datasets/viewpoint/self_clean_v1/side/side_0175.jpg,side,datasets/viewpoint/self/side/31.jpg,side,https://www.pexels.com/photo/brown-simmental-cattle-on-green-grass-5645682/,www.pexels.com,4608,3456,4fea2f400a5b73025d7f23001f599e203408c821b2ce31a9887d0f878d9d0847,bcfd838674259c52,dup_0859,canonical,False,pass,included,none,Valid clean capture
side_0176,datasets/viewpoint/self_clean_v1/side/side_0176.jpg,side,datasets/viewpoint/self/side/32.jpg,side,https://www.pexels.com/photo/hereford-cow-grazing-5645626/,www.pexels.com,4605,2591,5abb9314ae1c2f0222a1ba15831cb70a8fcbf9a4fdbaaac516d48da10e935dbd,900eac71ad23ebce,dup_0860,canonical,False,pass,included,none,Valid clean capture
side_0177,datasets/viewpoint/self_clean_v1/side/side_0177.jpg,side,datasets/viewpoint/self/side/33.jpg,side,https://www.pexels.com/photo/majestic-galloway-cow-in-sunlit-meadow-31399392/,www.pexels.com,5300,3533,919272d48ea29dc36d28f4867b2ccacf5be3efd585eb461850e70632fc463e72,e9ac9791349f2964,dup_0861,canonical,False,pass,included,none,Valid clean capture
side_0178,datasets/viewpoint/self_clean_v1/side/side_0178.jpg,side,datasets/viewpoint/self/side/34.jpg,side,https://www.pexels.com/photo/brown-calf-standing-in-meadow-on-farm-33950056/,www.pexels.com,6240,4160,4b24a372a16223569fd3aba5a33f8daa7ab6f16b721a093e1ba9f8026f2f99f8,e3989cd763295326,dup_0862,canonical,False,pass,included,none,Valid clean capture
side_0179,datasets/viewpoint/self_clean_v1/side/side_0179.jpg,side,datasets/viewpoint/self/side/35.jpg,side,https://www.pexels.com/photo/close-up-of-a-calf-in-the-pasture-19896239/,www.pexels.com,4800,3200,c8b70873794f30595f477f543ef67969e48a2d46d3a3882dc78b8be444e885e3,b1bcc6c9e3166525,dup_0863,canonical,False,pass,included,none,Valid clean capture
side_0180,datasets/viewpoint/self_clean_v1/side/side_0180.jpg,side,datasets/viewpoint/self/side/36.jpg,side,https://www.pexels.com/photo/santa-gertrudis-calf-beef-cattle-28245414/,www.pexels.com,5311,4249,2ddec70f629983018c73fcbc63405ea795824cdccab5eca1cd23676b25859649,f97c5e436438990b,dup_0864,canonical,False,pass,included,none,Valid clean capture
side_0181,datasets/viewpoint/self_clean_v1/side/side_0181.jpg,side,datasets/viewpoint/self/side/37.jpg,side,https://www.pexels.com/photo/powerful-white-bull-in-farm-field-32388928/,www.pexels.com,5472,3648,39681bc19b55d532fba02e2163b6055db5c6eb082c4d74a600e49d5f84a813c1,d0533f3fc4c048f3,dup_0865,canonical,False,pass,included,none,Valid clean capture
side_0182,datasets/viewpoint/self_clean_v1/side/side_0182.jpg,side,datasets/viewpoint/self/side/38.jpg,side,https://www.pexels.com/photo/a-gangatiri-bull-19878025/,www.pexels.com,5184,3456,3634deb1a96454eca17a581e29a73c59ff754f9b14d9dee94ffd50ae64f98a12,840a6b2ebf98b38b,dup_0866,canonical,False,pass,included,none,Valid clean capture
side_0183,datasets/viewpoint/self_clean_v1/side/side_0183.jpg,side,datasets/viewpoint/self/side/39.jpg,side,https://www.pexels.com/photo/cow-is-standing-on-pasture-20111898/,www.pexels.com,6000,4000,9b5e2133403e89e0130bdaad600744a93497c96d50b66efa1bf250236bd70407,c3f3740e36166cc6,dup_0867,canonical,False,pass,included,none,Valid clean capture
side_0184,datasets/viewpoint/self_clean_v1/side/side_0184.jpg,side,datasets/viewpoint/self/side/4.jpg,side,https://www.pexels.com/photo/brown-cow-grazing-in-untertauern-austria-36506273/,www.pexels.com,6000,4000,b24e9518a1a2916ef7dc14229610fecb13efa4ff734cbbc5a2523d9b394d9dc0,a919d263999af625,dup_0868,canonical,False,pass,included,none,Valid clean capture
side_0185,datasets/viewpoint/self_clean_v1/side/side_0185.jpg,side,datasets/viewpoint/self/side/40.jpg,side,https://www.pexels.com/photo/nelore-cattle-on-a-pasture-8460407/,www.pexels.com,4240,2832,d09d559de87dd43d95bc9e3d8d0898072f933349e8b60fb383e7d57de3bd9405,96163623ebd88e27,dup_0869,canonical,False,pass,included,none,Valid clean capture
side_0186,datasets/viewpoint/self_clean_v1/side/side_0186.jpg,side,datasets/viewpoint/self/side/41.jpg,side,https://www.pexels.com/photo/brahman-cattle-grazing-in-colombian-pasture-29820960/,www.pexels.com,6000,4000,fce4620ebbd288cefcccb2d29aa153e81f77ed46e84645b9eec851a25b065a59,ffc0c13b3a0de0b1,dup_0870,canonical,False,pass,included,none,Valid clean capture
side_0187,datasets/viewpoint/self_clean_v1/side/side_0187.jpg,side,datasets/viewpoint/self/side/42.jpg,side,https://www.pexels.com/photo/speckled-cattle-in-green-pasture-37261766/,www.pexels.com,4608,3072,bd667718f4861008f740e4660c4c7e81e2678315f82b40953cd7586740ebc442,b11a46edb9d36215,dup_0871,canonical,False,pass,included,none,Valid clean capture
side_0188,datasets/viewpoint/self_clean_v1/side/side_0188.jpg,side,datasets/viewpoint/self/side/43.jpg,side,https://www.pexels.com/photo/cow-on-a-meadow-18739231/,www.pexels.com,4608,3072,c4ea69210ed040230f521724c81c7d5d42fbed73c6aa2b7ba222b340e3c0ab45,916e64619be46db1,dup_0872,canonical,False,pass,included,none,Valid clean capture
side_0189,datasets/viewpoint/self_clean_v1/side/side_0189.jpg,side,datasets/viewpoint/self/side/44.jpg,side,https://www.pexels.com/photo/cow-on-pasture-17474575/,www.pexels.com,8028,4174,947e80e00d9f2bc5866322be8d1bd35569d3aabab8ae14baecf77f5e30930d1d,ea3d94c0631b2dec,dup_0873,canonical,False,pass,included,none,Valid clean capture
side_0190,datasets/viewpoint/self_clean_v1/side/side_0190.jpg,side,datasets/viewpoint/self/side/45.jpg,side,https://www.pexels.com/photo/brown-cow-grazing-in-lush-vietnamese-forest-32783436/,www.pexels.com,6000,4000,af5f9aef4cb197786a7dcdc71a1c8eeb90f8bde07ce9da35cd939c54734289d9,b63ef1810585f571,dup_0874,canonical,False,pass,included,none,Valid clean capture
side_0191,datasets/viewpoint/self_clean_v1/side/side_0191.jpg,side,datasets/viewpoint/self/side/46.jpg,side,https://www.pexels.com/photo/brown-cow-grazing-in-sunny-open-field-32544179/,www.pexels.com,6016,4000,93e94d09d33e7fb7f76a4dbedd9856e146b7bd7bdc9ed28ed53b7318e4179d3a,8185b33e794770ba,dup_0875,canonical,False,pass,included,none,Valid clean capture
side_0192,datasets/viewpoint/self_clean_v1/side/side_0192.jpg,side,datasets/viewpoint/self/side/47.jpg,side,https://www.pexels.com/photo/cow-on-pasture-19808775/,www.pexels.com,5184,3456,cc9c64cb916c19a007bdfa5350bd4a18ee3e97c0f711909a2be1ab1e23d797d8,cdec9282bcac4973,dup_0876,canonical,False,pass,included,none,Valid clean capture
side_0193,datasets/viewpoint/self_clean_v1/side/side_0193.jpg,side,datasets/viewpoint/self/side/48.jpg,side,https://www.pexels.com/photo/indian-cow-on-a-green-misty-mountain-16967534/,www.pexels.com,6000,4000,25bfbd500c3b41c8bf0c5b43a8ca8c391667a627b786918aa2c6c9927da501ee,caee9491311e6e6a,dup_0877,canonical,False,pass,included,none,Valid clean capture
side_0194,datasets/viewpoint/self_clean_v1/side/side_0194.jpg,side,datasets/viewpoint/self/side/49.jpg,side,https://www.pexels.com/photo/a-cow-standing-on-a-pasture-18624615/,www.pexels.com,3842,2552,5564578321dea3c8d67563e7b3b6fd04c067d28fc1a355770122cfc2011857d3,e2a19d4663eab465,dup_0878,canonical,False,pass,included,none,Valid clean capture
side_0195,datasets/viewpoint/self_clean_v1/side/side_0195.jpg,side,datasets/viewpoint/self/side/5.jpg,side,https://www.pexels.com/photo/cow-grazing-in-korutany-mountains-at-daylight-32187307/,www.pexels.com,6000,4000,fc0aa297840cd54631e1c30fb2efb3682c6094b205364fc134d5f53ab3255f22,b0badfc860b6123b,dup_0879,canonical,False,pass,included,none,Valid clean capture
side_0196,datasets/viewpoint/self_clean_v1/side/side_0196.jpg,side,datasets/viewpoint/self/side/50.jpg,side,https://www.pexels.com/photo/cattle-standing-on-tall-brow-grass-5959603/,www.pexels.com,3703,2848,63a08523e1fcd45ab0e837840e62768a390ada5e3424dfbf0887e4f6b5c90809,90b89ccb67771638,dup_0880,canonical,False,pass,included,none,Valid clean capture
side_0197,datasets/viewpoint/self_clean_v1/side/side_0197.jpg,side,datasets/viewpoint/self/side/51.jpg,side,https://www.pexels.com/photo/brown-and-white-cow-on-green-grass-10360811/,www.pexels.com,3318,2212,e7e906c8398aab70f383a1bf3c13346712e6977f5370c1e7916e9d35e1eeeb6e,a3ad1a66659a9a65,dup_0881,canonical,False,pass,included,none,Valid clean capture
side_0198,datasets/viewpoint/self_clean_v1/side/side_0198.jpg,side,datasets/viewpoint/self/side/52.jpg,side,https://www.pexels.com/photo/cow-on-pasture-19780396/,www.pexels.com,4138,2623,9e2dfd0fd5654196dc46b4f8203c13354acffe81312c00e0357b57e08642a05b,8083bffd7c5c5c20,dup_0882,canonical,False,pass,included,none,Valid clean capture
side_0199,datasets/viewpoint/self_clean_v1/side/side_0199.jpg,side,datasets/viewpoint/self/side/53.jpg,side,https://www.pexels.com/photo/holstein-cow-grazing-in-sunny-pasture-39370302/,www.pexels.com,6191,4127,dde9381bde26278a6b98b50c16df9e90d0e26d183de9b0d185cda4a74f3d29bd,b19a8ccc6a729e8e,dup_0883,canonical,False,pass,included,none,Valid clean capture
side_0200,datasets/viewpoint/self_clean_v1/side/side_0200.jpg,side,datasets/viewpoint/self/side/54.jpg,side,https://www.pexels.com/photo/holstein-cow-grazing-in-a-lush-meadow-39640914/,www.pexels.com,8108,5408,41f1bd430fbef8028869eab72326f276a433e873a75336025c4e83c81f6ec4ec,d0bf8f4070bfc342,dup_0884,canonical,False,pass,included,none,Valid clean capture
side_0201,datasets/viewpoint/self_clean_v1/side/side_0201.jpg,side,datasets/viewpoint/self/side/55.jpg,side,https://www.pexels.com/photo/white-and-brown-cow-grazing-in-summer-pasture-39307638/,www.pexels.com,6530,4353,979eb5d5ff29b024b891cd06c95742a18f9492b2ca21c5f0b1fbe8b32ca4c3e0,cbcb663278dc1493,dup_0885,canonical,False,pass,included,none,Valid clean capture
side_0202,datasets/viewpoint/self_clean_v1/side/side_0202.jpg,side,datasets/viewpoint/self/side/56.jpg,side,https://www.pexels.com/photo/dappled-cow-grazing-in-a-sunny-summer-meadow-30669178/,www.pexels.com,8192,5464,d04098de6f40432ed6a654e15df39f5f4999be722d0655386c6beb8e0da041bf,953e66499c9d9163,dup_0886,canonical,False,pass,included,none,Valid clean capture
side_0203,datasets/viewpoint/self_clean_v1/side/side_0203.jpg,side,datasets/viewpoint/self/side/57.jpg,side,https://www.pexels.com/photo/cow-eating-in-a-field-27863677/,www.pexels.com,5568,3132,d393e5aff48ebfb311828bf9cfd6ce67417d7917ac83efa6961774d75abd7b1a,a623c9ece4931b2e,dup_0887,canonical,False,pass,included,none,Valid clean capture
side_0204,datasets/viewpoint/self_clean_v1/side/side_0204.jpg,side,datasets/viewpoint/self/side/58.jpg,side,https://www.pexels.com/photo/cow-on-field-in-countryside-18649969/,www.pexels.com,6240,4160,a311531d692330c332be1bd017a2348272dde775e73dbf6a75958d974215c992,8491bbec755d0783,dup_0888,canonical,False,pass,included,none,Valid clean capture
side_0205,datasets/viewpoint/self_clean_v1/side/side_0205.jpg,side,datasets/viewpoint/self/side/59.jpg,side,https://www.pexels.com/photo/cows-grazing-in-sunlit-field-against-clear-sky-33673334/,www.pexels.com,6923,4615,43f36e52c45f0fd3886c65546535ffe80e0743b4f541d8137c9c1f955c51265c,b2a44fb036cc7f30,dup_0889,canonical,False,pass,included,none,Valid clean capture
side_0206,datasets/viewpoint/self_clean_v1/side/side_0206.jpg,side,datasets/viewpoint/self/side/6.jpg,side,https://www.pexels.com/photo/hereford-cow-grazing-in-english-countryside-32796863/,www.pexels.com,6720,4480,c813842b662c3646868b5ceaab3f7ec3b030dcf2c6341ae0238f8cdc6e5391ca,c363ace3e3c4c29a,dup_0890,canonical,False,pass,included,none,Valid clean capture
side_0207,datasets/viewpoint/self_clean_v1/side/side_0207.jpg,side,datasets/viewpoint/self/side/60.jpg,side,https://www.pexels.com/photo/brown-and-white-cow-on-green-grass-field-11350566/,www.pexels.com,6000,4000,a00701a3ce14c977acd882adc65b5094243472e36355567e9a5fc4e318986f72,80ffe0a613631d73,dup_0891,canonical,False,pass,included,none,Valid clean capture
side_0208,datasets/viewpoint/self_clean_v1/side/side_0208.jpg,side,datasets/viewpoint/self/side/61.jpg,side,https://www.pexels.com/photo/cow-grazing-17108332/,www.pexels.com,3228,4842,d082bcd6123bd3e79fa164cc69e9889877659ddcf597a6c403e6372c993b11df,e6ae1a53666cd452,dup_0892,canonical,False,pass,included,none,Valid clean capture
side_0209,datasets/viewpoint/self_clean_v1/side/side_0209.jpg,side,datasets/viewpoint/self/side/62.jpg,side,https://www.pexels.com/photo/cow-on-grassland-16841336/,www.pexels.com,4160,6240,f433980e0fbde7ae60b85d48a485764e4ea45ebed6a7520ae4ffdea8fd384617,dcf7f5c080093c3e,dup_0893,canonical,False,pass,included,none,Valid clean capture
side_0210,datasets/viewpoint/self_clean_v1/side/side_0210.jpg,side,datasets/viewpoint/self/side/63.jpg,side,https://www.pexels.com/photo/brown-and-white-cow-grazing-in-lush-field-32633263/,www.pexels.com,2667,4000,6b29452587f8b17b9109755d5252862ffab03a0abfbb18e77465ed22745dc3ab,8aabd5f4761a2b09,dup_0894,canonical,False,pass,included,none,Valid clean capture
side_0211,datasets/viewpoint/self_clean_v1/side/side_0211.jpg,side,datasets/viewpoint/self/side/64.jpg,side,https://www.pexels.com/photo/cattle-on-meadow-17018892/,www.pexels.com,4000,6000,c0a7e01b3f4ae5466dbb5a6ccc256884392e2f15ba4e8b59f9016e2b11051486,8b96d0611d1e6ef1,dup_0895,canonical,False,pass,included,none,Valid clean capture
side_0212,datasets/viewpoint/self_clean_v1/side/side_0212.jpg,side,datasets/viewpoint/self/side/65.jpg,side,https://www.pexels.com/photo/cow-in-pasture-11354049/,www.pexels.com,4000,6000,044a655d8a063a33e033fd5798b9a0664b048db5a63472f73329578a52d395d1,cde8f2994d471278,dup_0896,canonical,False,pass,included,none,Valid clean capture
side_0213,datasets/viewpoint/self_clean_v1/side/side_0213.jpg,side,datasets/viewpoint/self/side/66.jpg,side,https://www.pexels.com/photo/cow-on-pasture-18774836/,www.pexels.com,3456,5184,c07132b19b20e713cd723aad85d5644aa91b60f8d03831d871fff1c9c4ceed4f,f65a09e9a5b5053c,dup_0897,canonical,False,pass,included,none,Valid clean capture
side_0214,datasets/viewpoint/self_clean_v1/side/side_0214.jpg,side,datasets/viewpoint/self/side/67.jpg,side,https://www.pexels.com/photo/cows-on-a-pasture-16817690/,www.pexels.com,1330,2560,f2dd89b0cc5837160fdfcc3d64d66f41a069516e84d3c4cd6ecc1a21bcff2aaf,8d0d93cdcb474768,dup_0898,canonical,False,pass,included,none,Valid clean capture
side_0215,datasets/viewpoint/self_clean_v1/side/side_0215.jpg,side,datasets/viewpoint/self/side/68.jpg,side,https://www.pexels.com/photo/cows-walking-in-the-pasture-by-the-road-21619317/,www.pexels.com,2219,4272,24cd67b8621587c448b0c21753651fcb167ea084aa050c84a00aa45d77f1e115,8ae5f64a0df5ca09,dup_0899,canonical,False,pass,included,none,Valid clean capture
side_0216,datasets/viewpoint/self_clean_v1/side/side_0216.jpg,side,datasets/viewpoint/self/side/69.jpg,side,https://www.pexels.com/photo/cows-pasturing-on-hayfield-on-evening-24552031/,www.pexels.com,2854,4160,af541735d40307419b459c27ef25a187caa15d3fef2c03329ad65ea42ebdbba9,c42cfba1449e3bd1,dup_0900,canonical,False,pass,included,none,Valid clean capture
side_0217,datasets/viewpoint/self_clean_v1/side/side_0217.jpg,side,datasets/viewpoint/self/side/7.jpg,side,https://www.pexels.com/photo/cow-24551231/,www.pexels.com,6960,4640,7c7d5ef6ff55f3be0258ac799ba4f106cbcf4e05cecf13ca0f6f325378dd9ea6,96d7c9f887049339,dup_0901,canonical,False,pass,included,none,Valid clean capture
side_0218,datasets/viewpoint/self_clean_v1/side/side_0218.jpg,side,datasets/viewpoint/self/side/70.jpg,side,https://www.pexels.com/photo/cows-on-a-field-24944143/,www.pexels.com,6240,4160,e23a75a4add10000aa33e4dc9ea7ddfead4c5f08869c7c34c445ff1f7a17a3ea,9b6c24c65b9866d3,dup_0902,canonical,False,pass,included,none,Valid clean capture
side_0219,datasets/viewpoint/self_clean_v1/side/side_0219.jpg,side,datasets/viewpoint/self/side/71.jpg,side,https://www.pexels.com/photo/brown-and-white-cow-grazing-in-alpine-meadow-32187308/,www.pexels.com,6000,4000,07306d84fef9d6faa797b68e152c3df5491097305e31a4f0820f73c0cde804ad,e0ff5f2420df9320,dup_0903,canonical,False,pass,included,none,Valid clean capture
side_0220,datasets/viewpoint/self_clean_v1/side/side_0220.jpg,side,datasets/viewpoint/self/side/72.jpg,side,https://www.pexels.com/photo/cows-on-green-grass-field-10656828/,www.pexels.com,4419,4000,a86772a43ae8ad275e45bcedc9f6e45c0c819b9cfd6e7919061495c0590a5438,d0d787e8a0853e37,dup_0904,canonical,False,pass,included,none,Valid clean capture
side_0221,datasets/viewpoint/self_clean_v1/side/side_0221.jpg,side,datasets/viewpoint/self/side/73.jpg,side,https://www.pexels.com/photo/cattle-around-stream-18635450/,www.pexels.com,1945,2235,a6bce08667536048c419e56cf0c5554fb236c6657120f0430e2fc83bc8183fa9,a9380ed2d6dbb624,dup_0905,canonical,False,pass,included,none,Valid clean capture
side_0222,datasets/viewpoint/self_clean_v1/side/side_0222.jpg,side,datasets/viewpoint/self/side/75.jpg,side,https://www.pexels.com/photo/cattle-on-pasture-in-mountains-18636455/,www.pexels.com,2336,3686,a3275ca2a2aa7a0a3795d6b8ac09c35eef11e5c2e93c14ef9ed85cf43b189d37,bbb0b29062db3a5a,dup_0906,canonical,False,pass,included,none,Valid clean capture
NA,NA,front,datasets/viewpoint/self/Cow_/front/Cow Front/111.jpg,front,https://www.pexels.com/photo/focus-photography-of-brown-cow-2834192/,www.pexels.com,5243,3932,defda270c50a117199790cb66cc1e0e6747739a8c9cc471510e505fbe721f47f,ded9a51eb30ca618,dup_0015,exact_duplicate,False,pass,excluded,exact_duplicate,Duplicate of canonical in group dup_0015
NA,NA,front,datasets/viewpoint/self/Cow_/front/Cow Front/117.jpg,front,https://www.pexels.com/photo/close-up-of-brown-cow-in-a-muddy-paddock-33949993/,www.pexels.com,5470,3647,d1bb8b6b4af69706663c0b5124ad46594a6d5526e744431bf250478f685e3f74,a191ee9ec7742869,dup_0021,exact_duplicate,False,pass,excluded,exact_duplicate,Duplicate of canonical in group dup_0021
NA,NA,front,datasets/viewpoint/self/Cow_/front/Cow Front/14.jpg,front,https://www.pexels.com/photo/a-cow-on-a-grassy-field-4717271/,www.pexels.com,4000,6000,d566072d423b11ebd401d679a2e6338a7b509a59c1b0785e8242639d297abb72,94356a697116dee8,dup_0046,exact_duplicate,False,pass,excluded,exact_duplicate,Duplicate of canonical in group dup_0046
NA,NA,front,datasets/viewpoint/self/Cow_/front/Cow Front/142.jpg,front,https://www.pexels.com/photo/a-cow-standing-in-a-field-with-a-fence-in-the-b,www.pexels.com,7216,4811,ed6eee97e58c092e0b719247c7428a6200f5aefb9afc1ad0815fe1a6b85e73c4,cc46b33945ad4ecc,dup_0049,exact_duplicate,False,pass,excluded,exact_duplicate,Duplicate of canonical in group dup_0049
NA,NA,front,datasets/viewpoint/self/Cow_/front/Cow Front/193.jpg,front,https://www.pexels.com/photo/cows-on-a-pasture-20710218/,www.pexels.com,8347,5565,c682ef5de961942411baa6fa9bea05d0235a27ae710d4c09e4352b83427e11df,dc1bc3a9fca5ca80,dup_0105,exact_duplicate,False,pass,excluded,exact_duplicate,Duplicate of canonical in group dup_0105
NA,NA,front,datasets/viewpoint/self/Cow_/front/Cow Front/55.jpg,front,https://www.pexels.com/photo/curious-cows-grazing-in-dutch-meadow-32561046/,www.pexels.com,4293,3481,0ea73c6e9df38224704461c71f2d63e5a28741473140981043d68541e4664fc2,9ff3ec64230a3c34,dup_0196,exact_duplicate,False,pass,excluded,exact_duplicate,Duplicate of canonical in group dup_0196
NA,NA,rear,datasets/viewpoint/self/Cow_/rear/10.jpg,rear,https://www.pexels.com/photo/people-walking-with-cattle-on-dirt-road-17947143/,www.pexels.com,4160,6240,8e6af3a5cd90c6430d58bff034c9f93252e9652991c8593f19e0102280cdaf49,b3c94cb6730de432,dup_0245,exact_duplicate,False,pass,excluded,exact_duplicate,Duplicate of canonical in group dup_0245
NA,NA,rear,datasets/viewpoint/self/Cow_/rear/11.jpg,rear,https://www.pexels.com/photo/boy-leading-cows-in-village-18700975/,www.pexels.com,2592,3888,d695312d999f06613d87f9d8abc1a957841a05da5fabef251a38c8b7f788b2ce,c6f0b9873b38e660,dup_0246,exact_duplicate,False,pass,excluded,exact_duplicate,Duplicate of canonical in group dup_0246
NA,NA,rear,datasets/viewpoint/self/Cow_/rear/13.jpg,rear,https://www.pexels.com/photo/a-man-walking-on-brown-soil-with-his-cows-11536891/,www.pexels.com,4160,6240,c221753e9462aba4286892b006e5fb1650935ed0691bbdf2e3610296223e23ef,b3cc4cb3798ce630,dup_0248,exact_duplicate,False,pass,excluded,exact_duplicate,Duplicate of canonical in group dup_0248
NA,NA,rear,datasets/viewpoint/self/Cow_/rear/3.jpg,rear,https://www.pexels.com/photo/cow-grazing-on-pasture-18045346/,www.pexels.com,3617,5425,6f20d642f01106a13689bd3b97840be408958ed49e5bc4cdcfee088f13d15201,94e2df30613e81bb,dup_0260,exact_duplicate,False,pass,excluded,exact_duplicate,Duplicate of canonical in group dup_0260
NA,NA,front,datasets/viewpoint/self/front-oblique/119.jpg,front-oblique,https://www.pexels.com/photo/brown-cows-grazing-in-mountain-pasture-38792521/,www.pexels.com,4928,3264,894c09e8bfcc1cebcf0b98851a7241f1dc7301fba30cfc08841801b8f52e9a03,c3c3dae628cce166,dup_0289,exact_duplicate,False,pass,excluded,exact_duplicate,Duplicate of canonical in group dup_0289
NA,NA,rear,datasets/viewpoint/self/rear oblique view-updated/11.jpg,rear oblique view-updated,https://www.pexels.com/photo/farmer-walking-cattle-on-rural-path-at-sunset-36409207/,www.pexels.com,4128,6192,d63aecdb4dc1d7420ebf6758a3f2ac8e3f3b6efe376c8c9e4d41203898f8f502,cdaff0c86d70482d,dup_0427,exact_duplicate,False,pass,excluded,exact_duplicate,Duplicate of canonical in group dup_0427
NA,NA,rear,datasets/viewpoint/self/rear oblique view-updated/114.jpg,rear oblique view-updated,https://www.kaggle.com/datasets/lawrencejembere/cow-images-for-milk-yield-prediction,www.kaggle.com,2592,3872,0851d572b435bfdc090d13d4cc2f5456c0e839c74049d5ddf1905591e7129c9f,a5c9da52352d29da,dup_0432,exact_duplicate,False,pass,excluded,exact_duplicate,Duplicate of canonical in group dup_0432
NA,NA,rear,datasets/viewpoint/self/rear oblique view-updated/127.jpg,rear oblique view-updated,https://www.kaggle.com/datasets/lawrencejembere/cow-images-for-milk-yield-prediction,www.kaggle.com,2592,3872,793668fd2799aeeddfe21bbd55ac2109b9712a42b18a4a4e6e438202ce1574a9,e9b8979680434b7d,dup_0445,exact_duplicate,False,pass,excluded,exact_duplicate,Duplicate of canonical in group dup_0445
NA,NA,rear,datasets/viewpoint/self/rear oblique view-updated/19.jpg,rear oblique view-updated,https://www.pexels.com/photo/cows-gather-around-feeder-in-muddy-farm-paddock-33950037/,www.pexels.com,4160,6240,8e6af3a5cd90c6430d58bff034c9f93252e9652991c8593f19e0102280cdaf49,b3c94cb6730de432,dup_0245,exact_duplicate,False,pass,excluded,exact_duplicate,Duplicate of canonical in group dup_0245
NA,NA,rear,datasets/viewpoint/self/rear oblique view-updated/35.jpg,rear oblique view-updated,https://www.kaggle.com/datasets/lawrencejembere/cow-images-for-milk-yield-prediction,www.kaggle.com,2592,3872,3c5f34ec5c9642c4d7529189749dfaa286ddfeefff1871caf92a1be973f9c25c,ffbb84c4c1432a3c,dup_0489,exact_duplicate,False,pass,excluded,exact_duplicate,Duplicate of canonical in group dup_0489
NA,NA,rear,datasets/viewpoint/self/rear oblique view-updated/36.jpg,rear oblique view-updated,https://www.kaggle.com/datasets/lawrencejembere/cow-images-for-milk-yield-prediction,www.kaggle.com,2592,3872,ebd806842ece62cd35708056ae5ae63f31d952b6930c71ca8ca6c94f1e4d0e13,abbf9cd081ee58c0,dup_0490,exact_duplicate,False,pass,excluded,exact_duplicate,Duplicate of canonical in group dup_0490
NA,NA,rear,datasets/viewpoint/self/rear view-updated/2.jpg,rear view-updated,https://www.pexels.com/photo/a-person-walking-with-cows-on-paved-road-9497547/,www.pexels.com,2836,3545,436c97efba9c107ab7facb131029fc9c99282c2dc7bb65480fd5800395decad5,8c4fcbb1a322b3b4,dup_0579,exact_duplicate,False,pass,excluded,exact_duplicate,Duplicate of canonical in group dup_0579
NA,NA,rear,datasets/viewpoint/self/rear view-updated/35.png,rear view-updated,https://data.mendeley.com/datasets/h2s22wr5py/3/files/aec02e12-54cd-4893-bab8-82c351d10119,data.mendeley.com,3024,4032,afb7d7b58dac63bfcf968a265e56cd629f03848b4fc7c1b9d08a0ee4f2e86b83,a78cc90d76a79869,dup_0590,exact_duplicate,False,pass,excluded,exact_duplicate,Duplicate of canonical in group dup_0590
NA,NA,rear,datasets/viewpoint/self/rear view/1.jpg,rear view,https://www.pexels.com/photo/a-boy-caring-for-herd-of-cattles-9430114/,www.pexels.com,3456,5184,d0313bb6019f59f4d190cf6c63917e1913f2cbbea1a7bddc10f3cf3256e92c33,c996ab39e4cb344a,dup_0558,exact_duplicate,False,pass,excluded,exact_duplicate,Duplicate of canonical in group dup_0558
NA,NA,rear,datasets/viewpoint/self/rear view/10.jpg,rear view,https://www.pexels.com/photo/people-walking-with-cattle-on-dirt-road-17947143/,www.pexels.com,4000,6000,699194ba848865303c32453765297b3d83bcbcfc657392af3c47754dad92c8bf,94e9a29e19b536b4,dup_0559,exact_duplicate,False,pass,excluded,exact_duplicate,Duplicate of canonical in group dup_0559
NA,NA,rear,datasets/viewpoint/self/rear view/100.png,rear view,https://data.mendeley.com/datasets/h2s22wr5py/3/files/fd382dbe-5af8-4f00-a2cb-5ff3b8605068,data.mendeley.com,3024,4032,5fd8f1139107ac264fd57ee9a4bca4c577fed66b50d4817a4152d16abc6c7e7d,99a60b65763998e5,dup_0560,exact_duplicate,False,pass,excluded,exact_duplicate,Duplicate of canonical in group dup_0560
NA,NA,rear,datasets/viewpoint/self/rear view/101.png,rear view,https://data.mendeley.com/datasets/h2s22wr5py/3/files/191e129c-a38d-413f-b43d-5ba3dfdf135c,data.mendeley.com,3024,4032,0ac7a8e41feb235f4c8b8d7cec3e701f947031d65f4eaec58687d15a7512bd06,9ce18f5b225c4d87,dup_0561,exact_duplicate,False,pass,excluded,exact_duplicate,Duplicate of canonical in group dup_0561
NA,NA,rear,datasets/viewpoint/self/rear view/102.png,rear view,https://data.mendeley.com/datasets/h2s22wr5py/3/files/7e2410fe-1e4f-42f9-bb0a-d91e5feb37e2,data.mendeley.com,3024,4032,ee63d91f65db1518fcffc294e227ecbf05084da58c2ace48e2d6005b19d82bc9,eeb0d96e66191dc0,dup_0562,exact_duplicate,False,pass,excluded,exact_duplicate,Duplicate of canonical in group dup_0562
NA,NA,rear,datasets/viewpoint/self/rear view/103.png,rear view,https://data.mendeley.com/datasets/h2s22wr5py/3/files/d01f3f5a-3130-44da-92c8-b842cb155535,data.mendeley.com,3024,4032,16abe55789020b600ade40c6fc960039d12935b80aefbe5517925bebe5bbe6f2,9be60c39724badd0,dup_0563,exact_duplicate,False,pass,excluded,exact_duplicate,Duplicate of canonical in group dup_0563
NA,NA,rear,datasets/viewpoint/self/rear view/104.png,rear view,https://data.mendeley.com/datasets/h2s22wr5py/3/files/9f1a44ac-c3c9-4fda-ad82-5836b9216e6c,data.mendeley.com,3024,4032,b238fc9d41d6381d3e5551dcb98ba267c0e4b7851bd1f9ce4411d053f63b2c71,bbe00e0f7023afcc,dup_0564,exact_duplicate,False,pass,excluded,exact_duplicate,Duplicate of canonical in group dup_0564
NA,NA,rear,datasets/viewpoint/self/rear view/105.png,rear view,https://data.mendeley.com/datasets/h2s22wr5py/3/files/50b70a8d-3139-42f9-ae53-0fed76743f7a,data.mendeley.com,3024,4032,17311c192611adfc64e2a3ff106b3337dd46a762ace52827d4b234649f1f2787,f3995908261ed97c,dup_0589,exact_duplicate,False,pass,excluded,exact_duplicate,Duplicate of canonical in group dup_0589
NA,NA,rear,datasets/viewpoint/self/rear view/106.png,rear view,https://data.mendeley.com/datasets/h2s22wr5py/3/files/aec02e12-54cd-4893-bab8-82c351d10119,data.mendeley.com,3024,4032,7c2c6e088567e7bf82e868e9290601d5fd2a2f1a076dfa58078a08f0fe7df537,b8d2094cf60e9e79,dup_0655,exact_duplicate,False,pass,excluded,exact_duplicate,Duplicate of canonical in group dup_0655
NA,NA,rear,datasets/viewpoint/self/rear view/107.png,rear view,https://data.mendeley.com/datasets/h2s22wr5py/3/files/128f0873-aa27-42b7-b6be-a60081c4e699,data.mendeley.com,3024,4032,180a46d2e1a77737cb00383fe2d36689402e1050c31f5672a8e97b5f4ca4eaf5,e19ede7841261dc3,dup_0591,exact_duplicate,False,pass,excluded,exact_duplicate,Duplicate of canonical in group dup_0591
NA,NA,rear,datasets/viewpoint/self/rear view/108.png,rear view,https://data.mendeley.com/datasets/h2s22wr5py/3/files/a5c1ef3d-493a-47c0-a707-a9b6b85a28c7,data.mendeley.com,3024,4032,28b492442f83c0ac9bbdddec9e7422947d7a6c419ad5c5056301dc0f4173903e,bbc09c73234bcca6,dup_0565,exact_duplicate,False,pass,excluded,exact_duplicate,Duplicate of canonical in group dup_0565
NA,NA,rear,datasets/viewpoint/self/rear view/109.png,rear view,https://data.mendeley.com/datasets/h2s22wr5py/3/files/209b0196-3ffb-4964-9428-8e681623dffc,data.mendeley.com,3024,4032,ba013107c80afdf412c6f3334b6b1302c9d205e763d8e4291be45dbd1829dd46,e4b7ca0965a2f54a,dup_0592,exact_duplicate,False,pass,excluded,exact_duplicate,Duplicate of canonical in group dup_0592
NA,NA,rear,datasets/viewpoint/self/rear view/11.jpg,rear view,https://www.pexels.com/photo/boy-leading-cows-in-village-18700975/,www.pexels.com,5473,3649,bf9446dbf2fc4ce335d19549297f183425cbd97ad82252fd5c8a67543574b29b,c0acf3687c379cc8,dup_0566,exact_duplicate,False,pass,excluded,exact_duplicate,Duplicate of canonical in group dup_0566
NA,NA,rear,datasets/viewpoint/self/rear view/110.png,rear view,https://data.mendeley.com/datasets/h2s22wr5py/3/files/12e20c40-05dc-40b6-bba8-70e98150bf82,data.mendeley.com,3024,4032,33a06e45593bc8e3819b26d666a64fe5a14ff43fc754405c4a73f33a6b4a6a27,e6b2c85938a672ae,dup_0593,exact_duplicate,False,pass,excluded,exact_duplicate,Duplicate of canonical in group dup_0593
NA,NA,rear,datasets/viewpoint/self/rear view/111.png,rear view,https://data.mendeley.com/datasets/h2s22wr5py/3/files/ff320c38-8779-4c44-aa71-0fd901c0997f,data.mendeley.com,3024,4032,cb7399dc9377ed21412f4a3706a636d8cec7999a49183ce97f87082666f99ea5,bee1835e225c59a3,dup_0594,exact_duplicate,False,pass,excluded,exact_duplicate,Duplicate of canonical in group dup_0594
NA,NA,rear,datasets/viewpoint/self/rear view/112.png,rear view,https://data.mendeley.com/datasets/h2s22wr5py/3/files/a27a445f-ca39-4f93-b703-46f65e307160,data.mendeley.com,3024,4032,7470c4c8ef098bc2c258eb5a6ed9e5905a90e4f57cd2926f67db93df52b2a63a,bea1c93c26f32496,dup_0596,exact_duplicate,False,pass,excluded,exact_duplicate,Duplicate of canonical in group dup_0596
NA,NA,rear,datasets/viewpoint/self/rear view/113.png,rear view,https://data.mendeley.com/datasets/h2s22wr5py/3/files/589dbfc4-2638-45f4-b414-d8213c380af6,data.mendeley.com,3024,4032,e05ff5b7198e5477b831e478a07cba1c1b44aff8511906eebc1f697969da2ebd,ada48a1b566d3aac,dup_0597,exact_duplicate,False,pass,excluded,exact_duplicate,Duplicate of canonical in group dup_0597
NA,NA,rear,datasets/viewpoint/self/rear view/114.png,rear view,https://data.mendeley.com/datasets/h2s22wr5py/3/files/7e2208b5-35b3-4fb6-8d03-13edef54ba15,data.mendeley.com,3024,4032,189f34751c409133a6697c99d0bc3a8805493503a64ed4531fb72fadf4603f25,b3a79c0e4766b0b8,dup_0598,exact_duplicate,False,pass,excluded,exact_duplicate,Duplicate of canonical in group dup_0598
NA,NA,rear,datasets/viewpoint/self/rear view/115.png,rear view,https://data.mendeley.com/datasets/h2s22wr5py/3/files/ab0a51e8-a0f9-4033-b950-9d1a5d535682,data.mendeley.com,3024,4032,6e3df859fc8c913de3a1c7e141fa2d8662e1bcb76669c80900222b93d80abd87,9ae38d1c265b49dc,dup_0599,exact_duplicate,False,pass,excluded,exact_duplicate,Duplicate of canonical in group dup_0599
NA,NA,rear,datasets/viewpoint/self/rear view/116.jpg,rear view,https://unsplash.com/photos/brown-and-white-cattle-on-pasture-during-daytime-3njc1xBREDg,unsplash.com,7360,4912,49f7756a6b034cc2cc7a43d6b8fc4644e95ccc64e3f589fd2651d7aff5f60dd1,f9cdc080b9b9e6b0,dup_0567,exact_duplicate,False,pass,excluded,exact_duplicate,Duplicate of canonical in group dup_0567
NA,NA,rear,datasets/viewpoint/self/rear view/117.jpg,rear view,https://unsplash.com/photos/cows-walk-past-a-building-on-a-sunny-day-QJTXUyQ5Y04,unsplash.com,6000,4000,77b36b4b0bca1d6f19f6172a1a13795a769ef7bf5814ee04b4060bd0f47aab41,e6e7b46c0623c2b6,dup_0568,exact_duplicate,False,pass,excluded,exact_duplicate,Duplicate of canonical in group dup_0568
NA,NA,rear,datasets/viewpoint/self/rear view/118.jpg,rear view,https://unsplash.com/photos/white-and-brown-cow-on-green-grass-field-during-daytime-sgRVKdoSrWA,unsplash.com,3276,4095,36ba39ca3d8af3e5438fd1e2ae5d3b5c8874308510c2d67b5b77202abdd6ae02,9199ce4628397e9e,dup_0569,exact_duplicate,False,pass,excluded,exact_duplicate,Duplicate of canonical in group dup_0569
NA,NA,rear,datasets/viewpoint/self/rear view/119.jpg,rear view,https://www.alamy.com/stock-photo/rear-view-cattle.html?pseudoid=4899A035-D350-4EE0-9451-692B87A281AA&sortBy=relevant,www.alamy.com,1300,956,312a51a4e96766038213d94ea12dc51687155087c125ecda491fca267384d84f,e4e439d89b925b83,dup_0660,canonical,True,pass,excluded,commercial_stock_source,"Commercial stock provider: www.alamy.com; human review (2026-09-23 by Hasin Ishrak): Confirmed excluded by human reviewer: commercial stock agency photograph (www.alamy.com) with watermarks, licensing restrictions, or staged studio lighting."
NA,NA,rear,datasets/viewpoint/self/rear view/12.jpg,rear view,https://www.pexels.com/photo/herding-cattle-on-a-rural-sicilian-road-29527210/,www.pexels.com,2640,1760,81a0aa70af1b08d85f518378510fc2908f657c0e9232db17c89197a810cecccd,d1bad5472a31d3c4,dup_0570,exact_duplicate,False,pass,excluded,exact_duplicate,Duplicate of canonical in group dup_0570
NA,NA,rear,datasets/viewpoint/self/rear view/120.jpg,rear view,https://in.pinterest.com/pin/black-and-white-cow-in-lush-green-field--41376890327325060/,in.pinterest.com,736,1081,98177c87c0daac6fb045ce30189eac36d4fc09c8854f32fd0562b70f29489f93,d993b2c047b43ccb,dup_0571,exact_duplicate,False,pass,excluded,exact_duplicate,Duplicate of canonical in group dup_0571; human review (2026-09-23 by Hasin Ishrak): Confirmed excluded by human reviewer: bit-for-bit duplicate of canonical image in dup_0571.
NA,NA,rear,datasets/viewpoint/self/rear view/121.jpg,rear view,https://www.alamy.com/stock-photo/rear-view-of-dairy-cattle.html,www.alamy.com,437,702,d2ecce2edaf6c0397ee139135e4882949bfb2a812fb811562446acd9c2c4e853,b4bc7ac3c1c961c3,dup_0661,canonical,True,pass,excluded,commercial_stock_source,"Commercial stock provider: www.alamy.com; human review (2026-09-23 by Hasin Ishrak): Confirmed excluded by human reviewer: commercial stock agency photograph (www.alamy.com) with watermarks, licensing restrictions, or staged studio lighting."
NA,NA,rear,datasets/viewpoint/self/rear view/122.jpg,rear view,https://www.istockphoto.com/photos/cow-rear-view,www.istockphoto.com,407,612,c8e7458845f3ef209e935cf77a6a2a61b34d3c83a51c267a8bbfa2f77f5d421d,b998b6f3491a1a72,dup_0662,exact_duplicate,True,pass,excluded,commercial_stock_source,"Commercial stock provider: www.istockphoto.com; human review (2026-09-23 by Hasin Ishrak): Confirmed excluded by human reviewer: commercial stock agency photograph (www.istockphoto.com) with watermarks, licensing restrictions, or staged studio lighting."
NA,NA,rear,datasets/viewpoint/self/rear view/123.jpg,rear view,https://www.dreamstime.com/photos-images/cow-rear.html,www.dreamstime.com,480,640,72fbe2271e6b38a2650d124ccf8c5f36abf1eb1112d626aff032c0a82e49271b,94b38dc690ece9c9,dup_0663,canonical,True,pass,excluded,commercial_stock_source,"Commercial stock provider: www.dreamstime.com; human review (2026-09-23 by Hasin Ishrak): Confirmed excluded by human reviewer: commercial stock agency photograph (www.dreamstime.com) with watermarks, licensing restrictions, or staged studio lighting."
NA,NA,rear,datasets/viewpoint/self/rear view/124.jpg,rear view,https://www.istockphoto.com/photos/cow-rear-view,www.istockphoto.com,407,612,c8e7458845f3ef209e935cf77a6a2a61b34d3c83a51c267a8bbfa2f77f5d421d,b998b6f3491a1a72,dup_0662,canonical,True,pass,excluded,commercial_stock_source,"Commercial stock provider: www.istockphoto.com; human review (2026-09-23 by Hasin Ishrak): Confirmed excluded by human reviewer: commercial stock agency photograph (www.istockphoto.com) with watermarks, licensing restrictions, or staged studio lighting."
NA,NA,rear,datasets/viewpoint/self/rear view/125.jpg,rear view,https://www.vecteezy.com/photo/18902201-view-of-the-back-of-a-cow-on-a-pasture-in-the-alps,www.vecteezy.com,1307,1960,baa1c4af81b134eda170cca3253354292850c3275d03ad92cd15fcecf8850b0f,8841b3ca97c8e797,dup_0664,canonical,True,pass,excluded,commercial_stock_source,"Commercial stock provider: www.vecteezy.com; human review (2026-09-23 by Hasin Ishrak): Confirmed excluded by human reviewer: commercial stock agency photograph (www.vecteezy.com) with watermarks, licensing restrictions, or staged studio lighting."
NA,NA,rear,datasets/viewpoint/self/rear view/126.jpg,rear view,https://www.istockphoto.com/photos/backside-of-a-white-cow-with-empty-udder,www.istockphoto.com,408,612,26eb82ae46557f521bac3ea465883f039073dcdf38a7b380aa14278d2b0d316f,ede681b1524b91ba,dup_0665,canonical,True,pass,excluded,commercial_stock_source,"Commercial stock provider: www.istockphoto.com; human review (2026-09-23 by Hasin Ishrak): Confirmed excluded by human reviewer: commercial stock agency photograph (www.istockphoto.com) with watermarks, licensing restrictions, or staged studio lighting."
NA,NA,rear,datasets/viewpoint/self/rear view/127.jpg,rear view,https://www.shutterstock.com/search/cow-indonesia,www.shutterstock.com,173,280,c5df612f5aae7e9806a50cfb5f9236c90ae6b11d5f70bd535eff36a2c7cc0c3a,9b0be464af529d1c,dup_0666,canonical,True,low_res,excluded,commercial_stock_source,"Commercial stock provider: www.shutterstock.com; human review (2026-09-23 by Hasin Ishrak): Confirmed excluded by human reviewer: commercial stock agency photograph (www.shutterstock.com) with watermarks, licensing restrictions, or staged studio lighting."
NA,NA,rear,datasets/viewpoint/self/rear view/128.jpg,rear view,https://www.alamy.com/stock-photo/rear-end-dairy-cow.html,www.alamy.com,866,1390,1e8bf0f67cbd0d50f9efb4f25e57846ffcf7fa6ff691e402e37c643b28d889bc,d8eba68415937f88,dup_0667,exact_duplicate,True,pass,excluded,commercial_stock_source,"Commercial stock provider: www.alamy.com; human review (2026-09-23 by Hasin Ishrak): Confirmed excluded by human reviewer: commercial stock agency photograph (www.alamy.com) with watermarks, licensing restrictions, or staged studio lighting."
NA,NA,rear,datasets/viewpoint/self/rear view/129.jpg,rear view,https://www.123rf.com/photo_69758650_rear-cow-in-dairy-farm.html,www.123rf.com,365,547,e967f1713fa9f5cd49668f10c126bdf68234c888841e427a987a3b45d3adf0e4,9cb52253637e4f06,dup_0668,near_duplicate,True,pass,excluded,commercial_stock_source,"Commercial stock provider: www.123rf.com; human review (2026-09-23 by Hasin Ishrak): Confirmed excluded by human reviewer: commercial stock agency photograph (www.123rf.com) with watermarks, licensing restrictions, or staged studio lighting."
NA,NA,rear,datasets/viewpoint/self/rear view/13.jpg,rear view,https://www.pexels.com/photo/a-man-walking-on-brown-soil-with-his-cows-11536891/,www.pexels.com,3265,2176,06543ba3b8867b23be6b778c2c4f62020e5199af4eb517fb8b50a209faafbb5a,a1949cddcda5463a,dup_0572,exact_duplicate,False,pass,excluded,exact_duplicate,Duplicate of canonical in group dup_0572
NA,NA,rear,datasets/viewpoint/self/rear view/130.webp,rear view,https://www.dreamstime.com/photos-images/backside-cow.html,www.dreamstime.com,1060,1690,882b23e840c66fea37e87fa27769f46f6272736c88e2989ab70048e010e903e0,ee8ce133323732cc,dup_0669,canonical,True,pass,excluded,commercial_stock_source,"Commercial stock provider: www.dreamstime.com; human review (2026-09-23 by Hasin Ishrak): Confirmed excluded by human reviewer: commercial stock agency photograph (www.dreamstime.com) with watermarks, licensing restrictions, or staged studio lighting."
NA,NA,rear,datasets/viewpoint/self/rear view/131.webp,rear view,https://www.shutterstock.com/search/cow-rear-view,www.shutterstock.com,173,280,4214a2535270d3df014ba36bd61ed833d5c8a3eebdf82b6d4e243f78540fc0b6,d2d4fc7ea142dc60,dup_0670,canonical,True,low_res,excluded,commercial_stock_source,"Commercial stock provider: www.shutterstock.com; human review (2026-09-23 by Hasin Ishrak): Confirmed excluded by human reviewer: commercial stock agency photograph (www.shutterstock.com) with watermarks, licensing restrictions, or staged studio lighting."
NA,NA,rear,datasets/viewpoint/self/rear view/132.jpg,rear view,https://depositphotos.com/photos/dirty-cow.html,depositphotos.com,400,600,ff6e842e823325067adec66747a307642d8f1e331050bf468b6778c71569eeda,f0fe4f408cd8079b,dup_0671,canonical,True,pass,excluded,commercial_stock_source,"Commercial stock provider: depositphotos.com; human review (2026-09-23 by Hasin Ishrak): Confirmed excluded by human reviewer: commercial stock agency photograph (depositphotos.com) with watermarks, licensing restrictions, or staged studio lighting."
NA,NA,rear,datasets/viewpoint/self/rear view/133.jpg,rear view,https://www.alamy.com/stock-photo/rear-view-of-highland-cow.html,www.alamy.com,437,702,7e1771eb92f0bf10ce2d27b45627b8008b8838800bb49730fd2198c8f5a944a4,cf85317b0ccb32a6,dup_0672,canonical,True,pass,excluded,commercial_stock_source,"Commercial stock provider: www.alamy.com; human review (2026-09-23 by Hasin Ishrak): Confirmed excluded by human reviewer: commercial stock agency photograph (www.alamy.com) with watermarks, licensing restrictions, or staged studio lighting."
NA,NA,rear,datasets/viewpoint/self/rear view/134.jpg,rear view,https://www.dreamstime.com/stock-photo-back-part-cow-danish-swinging-tail-image57093452,www.dreamstime.com,452,678,51a9d6d86fa4c0858a51ab15823007405afca36ec1cf37c829fbaf3f4714dd2c,f5adc290ca29357c,dup_0673,near_duplicate,True,pass,excluded,commercial_stock_source,"Commercial stock provider: www.dreamstime.com; human review (2026-09-23 by Hasin Ishrak): Confirmed excluded by human reviewer: commercial stock agency photograph (www.dreamstime.com) with watermarks, licensing restrictions, or staged studio lighting."
NA,NA,rear,datasets/viewpoint/self/rear view/135.jpg,rear view,https://www.shutterstock.com/image-photo/rear-view-two-cows-on-farm-1310339929,www.shutterstock.com,522,383,80d64b9db9a75537d166818ad24d77eec38c742f39353580f73fa76c171fd78c,e4e498dd9b92438b,dup_0674,canonical,True,pass,excluded,commercial_stock_source,"Commercial stock provider: www.shutterstock.com; human review (2026-09-23 by Hasin Ishrak): Confirmed excluded by human reviewer: commercial stock agency photograph (www.shutterstock.com) with watermarks, licensing restrictions, or staged studio lighting."
NA,NA,rear,datasets/viewpoint/self/rear view/136.jpg,rear view,https://www.dreamstime.com/photos-images/backside-cow.html,www.dreamstime.com,452,678,7b98db9fcfb142e331854246d77e5ebeb562b9f64ac942d5d3b7ec35e3e8d675,9b136c6c2157763a,dup_0675,canonical,True,pass,excluded,commercial_stock_source,"Commercial stock provider: www.dreamstime.com; human review (2026-09-23 by Hasin Ishrak): Confirmed excluded by human reviewer: commercial stock agency photograph (www.dreamstime.com) with watermarks, licensing restrictions, or staged studio lighting."
NA,NA,rear,datasets/viewpoint/self/rear view/137.jpg,rear view,https://www.istockphoto.com/photo/cow-backside-gm466614677-34144490,www.istockphoto.com,407,612,688bd5072cba97333195139763a3b935dfedfbf659219d018321d4d7a9f7d40f,e7e58c9a1a1e6561,dup_0676,canonical,True,pass,excluded,commercial_stock_source,"Commercial stock provider: www.istockphoto.com; human review (2026-09-23 by Hasin Ishrak): Confirmed excluded by human reviewer: commercial stock agency photograph (www.istockphoto.com) with watermarks, licensing restrictions, or staged studio lighting."
NA,NA,rear,datasets/viewpoint/self/rear view/138.jpg,rear view,https://www.dreamstime.com/photos-images/cow-raised-tail.html,www.dreamstime.com,452,678,2f536706af6be08eab433c5e6ba5fb9aa24a2833ede9f3755b9c8770c8826c89,802f0f3372e6ccd9,dup_0677,canonical,True,pass,excluded,commercial_stock_source,"Commercial stock provider: www.dreamstime.com; human review (2026-09-23 by Hasin Ishrak): Confirmed excluded by human reviewer: commercial stock agency photograph (www.dreamstime.com) with watermarks, licensing restrictions, or staged studio lighting."
NA,NA,rear,datasets/viewpoint/self/rear view/139.jpg,rear view,https://www.shutterstock.com/search/cow-backside?page=2,www.shutterstock.com,390,280,3873ac21e0d6a9366bf6f10e1d2901fbe6c89a1690818a19126b1ecdd4388423,b3c39c16eb39c506,dup_0678,canonical,True,pass,excluded,commercial_stock_source,"Commercial stock provider: www.shutterstock.com; human review (2026-09-23 by Hasin Ishrak): Confirmed excluded by human reviewer: commercial stock agency photograph (www.shutterstock.com) with watermarks, licensing restrictions, or staged studio lighting."
NA,NA,rear,datasets/viewpoint/self/rear view/14.jpg,rear view,https://www.pexels.com/photo/farmer-with-oxen-in-field-15275563/,www.pexels.com,4897,3264,b0b1efc4e086d081bcfaf1c72f63d83a7c8e2afb17899770aead339b58a40515,b8b0909f4ee1e12f,dup_0573,exact_duplicate,False,pass,excluded,exact_duplicate,Duplicate of canonical in group dup_0573
NA,NA,rear,datasets/viewpoint/self/rear view/140.jpg,rear view,https://www.123rf.com/photo_7477455_back-of-a-brown-and-white-cow.html,www.123rf.com,806,1300,4037aaf2aa93284c4e6b1460bf70c61aa9691160e9be52e0b07570c2c7f73e6f,caa975169c5b6361,dup_0679,canonical,True,pass,excluded,commercial_stock_source,"Commercial stock provider: www.123rf.com; human review (2026-09-23 by Hasin Ishrak): Confirmed excluded by human reviewer: commercial stock agency photograph (www.123rf.com) with watermarks, licensing restrictions, or staged studio lighting."
NA,NA,rear,datasets/viewpoint/self/rear view/141.jpg,rear view,https://www.vecteezy.com/photo/17515073-backside-of-a-cow-in-the-austrian-alps,www.vecteezy.com,452,678,dbb5a7903e8b7012752524dfcdd7de56618a91c2eeb05862fce690e7accbb027,8849b3ca87c8e797,dup_0664,near_duplicate,True,pass,excluded,commercial_stock_source,"Commercial stock provider: www.vecteezy.com; human review (2026-09-23 by Hasin Ishrak): Confirmed excluded by human reviewer: commercial stock agency photograph (www.vecteezy.com) with watermarks, licensing restrictions, or staged studio lighting."
NA,NA,rear,datasets/viewpoint/self/rear view/142.webp,rear view,https://www.dreamstime.com/stock-photo-back-part-cow-danish-swinging-tail-image57093452,www.dreamstime.com,601,900,30e10eee20404a05712a8ca5b6fcebcda4afe537fdfdea6581517dfc396f504c,f5adc290ca29357c,dup_0673,canonical,True,pass,excluded,commercial_stock_source,"Commercial stock provider: www.dreamstime.com; human review (2026-09-23 by Hasin Ishrak): Confirmed excluded by human reviewer: commercial stock agency photograph (www.dreamstime.com) with watermarks, licensing restrictions, or staged studio lighting."
NA,NA,rear,datasets/viewpoint/self/rear view/143.jpg,rear view,https://www.shutterstock.com/image-photo/close-cows-backside-tail-another-cow-2633594817,www.shutterstock.com,564,354,53779189857f668ca8969ac8fde849415330030fa9321dc57433da2510ececb5,904e6a993bb94dd4,dup_0680,canonical,True,pass,excluded,commercial_stock_source,"Commercial stock provider: www.shutterstock.com; human review (2026-09-23 by Hasin Ishrak): Confirmed excluded by human reviewer: commercial stock agency photograph (www.shutterstock.com) with watermarks, licensing restrictions, or staged studio lighting."
NA,NA,rear,datasets/viewpoint/self/rear view/144.jpg,rear view,https://www.dreamstime.com/butt-cow-udder-grazing-green-field-image277694358,www.dreamstime.com,440,697,bd044f1ce51830c3d980ceb6d5f36e6b1ad8e67337e862db12a08067ff1ca4b9,cb5230ee4e152d9e,dup_0681,canonical,True,pass,excluded,commercial_stock_source,"Commercial stock provider: www.dreamstime.com; human review (2026-09-23 by Hasin Ishrak): Confirmed excluded by human reviewer: commercial stock agency photograph (www.dreamstime.com) with watermarks, licensing restrictions, or staged studio lighting."
NA,NA,rear,datasets/viewpoint/self/rear view/145.jpg,rear view,https://www.dreamstime.com/royalty-free-stock-photography-cow-tail-back-view-who-grazing-meadow-others-cows-background-image33677617,www.dreamstime.com,451,681,57d55743fe7f11d279b642730d290676684b58c86decacb0bf352045d79428f2,e2b7dd0840b6b74a,dup_0682,canonical,True,pass,excluded,commercial_stock_source,"Commercial stock provider: www.dreamstime.com; human review (2026-09-23 by Hasin Ishrak): Confirmed excluded by human reviewer: commercial stock agency photograph (www.dreamstime.com) with watermarks, licensing restrictions, or staged studio lighting."
NA,NA,rear,datasets/viewpoint/self/rear view/146.jpg,rear view,https://www.dreamstime.com/dairy-cow-rear-end-walking-away-next-to-path-butt-cow-clouded-sky-cow-backside-walking-away-next-to-path-butt-cow-image281077190,www.dreamstime.com,678,452,b4ba0050140d3b6935475ee839e3501992614ba91237d29bc0c0734fb466a34d,b0f9f14ec78ea070,dup_0683,canonical,True,pass,excluded,commercial_stock_source,"Commercial stock provider: www.dreamstime.com; human review (2026-09-23 by Hasin Ishrak): Confirmed excluded by human reviewer: commercial stock agency photograph (www.dreamstime.com) with watermarks, licensing restrictions, or staged studio lighting."
NA,NA,rear,datasets/viewpoint/self/rear view/147.jpg,rear view,https://www.dreamstime.com/stock-images-holstein-cow-behind-image28512374,www.dreamstime.com,451,679,315d121e1358aa5f7c5c3ee187808a442ea8eb52bd00ed7cc43fea2f79f0d17b,f2e983971c7462e2,dup_0684,canonical,True,pass,excluded,commercial_stock_source,"Commercial stock provider: www.dreamstime.com; human review (2026-09-23 by Hasin Ishrak): Confirmed excluded by human reviewer: commercial stock agency photograph (www.dreamstime.com) with watermarks, licensing restrictions, or staged studio lighting."
NA,NA,rear,datasets/viewpoint/self/rear view/148.jpg,rear view,https://www.alamy.com/back-end-of-a-danish-black-and-white-cow-danish-jutland-cattle-denmark-image339030716.html,www.alamy.com,437,702,342878362b1315bd73d2b7ff90c33490855797b3d113233319b3a10f8f203609,c5b124c6cada7879,dup_0685,canonical,True,pass,excluded,commercial_stock_source,"Commercial stock provider: www.alamy.com; human review (2026-09-23 by Hasin Ishrak): Confirmed excluded by human reviewer: commercial stock agency photograph (www.alamy.com) with watermarks, licensing restrictions, or staged studio lighting."
NA,NA,rear,datasets/viewpoint/self/rear view/149.jpg,rear view,https://www.alamy.com/rear-end-of-a-bony-but-prize-winning-dairy-cow-showing-the-consequences-of-breeding-for-milk-production-image337711890.html,www.alamy.com,866,1390,1e8bf0f67cbd0d50f9efb4f25e57846ffcf7fa6ff691e402e37c643b28d889bc,d8eba68415937f88,dup_0667,canonical,True,pass,excluded,commercial_stock_source,"Commercial stock provider: www.alamy.com; human review (2026-09-23 by Hasin Ishrak): Confirmed excluded by human reviewer: commercial stock agency photograph (www.alamy.com) with watermarks, licensing restrictions, or staged studio lighting."
NA,NA,rear,datasets/viewpoint/self/rear view/15.jpg,rear view,https://www.pexels.com/photo/elderly-man-standing-beside-the-carabao-15276182/,www.pexels.com,3803,2535,afeedd248bc93077f7a68d59169a0b95abc12c5ec930626d5772086e37606e9c,de9e7140b6cf8541,dup_0574,exact_duplicate,False,pass,excluded,exact_duplicate,Duplicate of canonical in group dup_0574
NA,NA,rear,datasets/viewpoint/self/rear view/150.jpg,rear view,https://www.123rf.com/photo_69758650_rear-cow-in-dairy-farm.html,www.123rf.com,867,1300,2d0baf0763fbc88766d50db9c1aa47ae673593336201b7f3178056eeedcce39f,9cb52253637f4706,dup_0668,canonical,True,pass,excluded,commercial_stock_source,"Commercial stock provider: www.123rf.com; human review (2026-09-23 by Hasin Ishrak): Confirmed excluded by human reviewer: commercial stock agency photograph (www.123rf.com) with watermarks, licensing restrictions, or staged studio lighting."
NA,NA,rear,datasets/viewpoint/self/rear view/16.jpg,rear view,https://www.pexels.com/photo/farmer-and-pair-of-oxen-plowing-land-16509955/,www.pexels.com,3409,2556,9bbbf8f1903ff928ab182c690e4a3fc664afb4e097950ab9b157d2e9ab32df84,90becf6391b84e13,dup_0575,exact_duplicate,False,pass,excluded,exact_duplicate,Duplicate of canonical in group dup_0575
NA,NA,rear,datasets/viewpoint/self/rear view/17.jpg,rear view,https://www.pexels.com/photo/herd-of-cattle-grazing-along-the-rural-roadside-36298877/,www.pexels.com,3500,2334,58a9afffff62d314a565cd5ab1282610530c8a1eeb27412b5a7ca5f3015016a1,b0cfe338cfe21906,dup_0576,exact_duplicate,False,pass,excluded,exact_duplicate,Duplicate of canonical in group dup_0576
NA,NA,rear,datasets/viewpoint/self/rear view/18.jpg,rear view,https://www.pexels.com/photo/cattle-grazing-in-valle-del-cauca-landscape-38511263/,www.pexels.com,4111,5139,d83990120eda476187f4c54e78d73ce5b218f1524a338f59e5cbdd1044e26425,f155c653f2dcc821,dup_0577,exact_duplicate,False,pass,excluded,exact_duplicate,Duplicate of canonical in group dup_0577
NA,NA,rear,datasets/viewpoint/self/rear view/19.jpg,rear view,https://www.pexels.com/photo/cowboy-herding-cattle-on-brazilian-ranch-31173079/,www.pexels.com,5760,3840,ad359e92f66efd1eed86478c9c45555cc8b25d91de250cb3a1667c011d4bd96e,b24c4be2cf45f889,dup_0578,exact_duplicate,False,pass,excluded,exact_duplicate,Duplicate of canonical in group dup_0578
NA,NA,rear,datasets/viewpoint/self/rear view/2.jpg,rear view,https://www.pexels.com/photo/a-person-walking-with-cows-on-paved-road-9497547/,www.pexels.com,2836,3545,436c97efba9c107ab7facb131029fc9c99282c2dc7bb65480fd5800395decad5,8c4fcbb1a322b3b4,dup_0579,exact_duplicate,False,pass,excluded,exact_duplicate,Duplicate of canonical in group dup_0579
NA,NA,rear,datasets/viewpoint/self/rear view/20.jpg,rear view,https://www.pexels.com/photo/shepherd-guiding-herd-through-azerbaijani-village-32416053/,www.pexels.com,4000,6000,8a03b5fe7e5b846b1f2452496fba575e65105c7bc0704034daa1fd550f7ee577,cec08397b51a5a37,dup_0580,exact_duplicate,False,pass,excluded,exact_duplicate,Duplicate of canonical in group dup_0580
NA,NA,rear,datasets/viewpoint/self/rear view/21.jpg,rear view,https://www.pexels.com/photo/a-boy-caring-for-herd-of-cattles-9430114/,www.pexels.com,3456,5184,d0313bb6019f59f4d190cf6c63917e1913f2cbbea1a7bddc10f3cf3256e92c33,c996ab39e4cb344a,dup_0558,exact_duplicate,False,pass,excluded,exact_duplicate,Duplicate of canonical in group dup_0558
NA,NA,rear,datasets/viewpoint/self/rear view/22.jpg,rear view,https://www.pexels.com/photo/people-walking-on-road-with-brown-cows-12426052/,www.pexels.com,3821,5732,5091f1ea65a13cb721872e11528e0eca39d38f8b2a7ef2f66c8cb880c2651d4f,cdcc2e3bd1b1a125,dup_0581,exact_duplicate,False,pass,excluded,exact_duplicate,Duplicate of canonical in group dup_0581
NA,NA,rear,datasets/viewpoint/self/rear view/23.jpg,rear view,https://www.pexels.com/photo/traditional-cattle-driving-in-rural-bangladesh-37539216/,www.pexels.com,6000,4000,6f994efe44b85ed0306aae6f2740e6d8ce4492cdc67818879feb88d520eb4878,882b97fc6307d455,dup_0582,exact_duplicate,False,pass,excluded,exact_duplicate,Duplicate of canonical in group dup_0582
NA,NA,rear,datasets/viewpoint/self/rear view/24.jpg,rear view,https://www.pexels.com/photo/a-person-walking-with-cows-on-paved-road-9497547/,www.pexels.com,2836,3545,436c97efba9c107ab7facb131029fc9c99282c2dc7bb65480fd5800395decad5,8c4fcbb1a322b3b4,dup_0579,exact_duplicate,False,pass,excluded,exact_duplicate,Duplicate of canonical in group dup_0579
NA,NA,rear,datasets/viewpoint/self/rear view/25.jpg,rear view,https://www.pexels.com/photo/farmer-walking-with-cattle-in-thanchi-bangladesh-37651734/,www.pexels.com,5568,3712,ade4e084aed6e3320690efdb59db04befdc9c56558c28864cc65c0b8a4a5c436,f389dcf3864bc380,dup_0583,exact_duplicate,False,pass,excluded,exact_duplicate,Duplicate of canonical in group dup_0583
NA,NA,rear,datasets/viewpoint/self/rear view/26.jpg,rear view,https://www.pexels.com/photo/woman-herding-cattle-on-forest-pathway-34522583/,www.pexels.com,3679,4599,9352c2ccfddcd4697f88f4cb0c30f0fa15fe3d462d8f0d7fad0c5bfff706ff7a,d3318dc6d32d2c96,dup_0649,exact_duplicate,False,pass,excluded,exact_duplicate,Duplicate of canonical in group dup_0649
NA,NA,rear,datasets/viewpoint/self/rear view/27.jpg,rear view,https://www.pexels.com/photo/farmers-in-india-20527380/,www.pexels.com,6000,4000,83cebaab9d77877b089ea24119099c8d0365f9f75ad1a7d761f320989efec0f7,b89081c74771bd9e,dup_0584,exact_duplicate,False,pass,excluded,exact_duplicate,Duplicate of canonical in group dup_0584
NA,NA,rear,datasets/viewpoint/self/rear view/28.jpg,rear view,https://www.pexels.com/photo/people-walking-with-cattle-on-dirt-road-17947143/,www.pexels.com,4000,6000,699194ba848865303c32453765297b3d83bcbcfc657392af3c47754dad92c8bf,94e9a29e19b536b4,dup_0559,exact_duplicate,False,pass,excluded,exact_duplicate,Duplicate of canonical in group dup_0559
NA,NA,rear,datasets/viewpoint/self/rear view/29.jpg,rear view,https://www.pexels.com/photo/man-walking-with-cows-on-rural-path-at-sunset-36409193/,www.pexels.com,4058,6087,79da349c04d3c797c38b6270c522adf5add25ff7d7568031c5851ced0da04d60,c4baf9c06f5902a7,dup_0585,exact_duplicate,False,pass,excluded,exact_duplicate,Duplicate of canonical in group dup_0585
NA,NA,rear,datasets/viewpoint/self/rear view/3.jpg,rear view,https://www.pexels.com/photo/cow-grazing-on-pasture-18045346/,www.pexels.com,2836,3545,436c97efba9c107ab7facb131029fc9c99282c2dc7bb65480fd5800395decad5,8c4fcbb1a322b3b4,dup_0579,exact_duplicate,False,pass,excluded,exact_duplicate,Duplicate of canonical in group dup_0579
NA,NA,rear,datasets/viewpoint/self/rear view/30.jpg,rear view,https://www.pexels.com/photo/farmer-walking-cattle-on-rural-path-at-sunset-36409207/,www.pexels.com,4128,6192,d63aecdb4dc1d7420ebf6758a3f2ac8e3f3b6efe376c8c9e4d41203898f8f502,cdaff0c86d70482d,dup_0427,exact_duplicate,False,pass,excluded,exact_duplicate,Duplicate of canonical in group dup_0427
NA,NA,rear,datasets/viewpoint/self/rear view/31.jpg,rear view,https://www.pexels.com/photo/mother-cow-and-calf-in-pastoral-landscape-31259860/,www.pexels.com,2913,4370,590752da81b92fb639a6dc1492072dc5f779f2652c84703553c44516ec3fa0bb,ced615ed4b132c2c,dup_0586,exact_duplicate,False,pass,excluded,exact_duplicate,Duplicate of canonical in group dup_0586
NA,NA,rear,datasets/viewpoint/self/rear view/32.jpg,rear view,https://www.pexels.com/photo/cattle-grazing-with-calf-in-minna-nigeria-37268381/,www.pexels.com,3031,3789,2a40554e042094bdc53b63e1fe2f4827ee8e89f50512e2170c16588c9524f6e4,ce9831678e1899cf,dup_0587,exact_duplicate,False,pass,excluded,exact_duplicate,Duplicate of canonical in group dup_0587
NA,NA,rear,datasets/viewpoint/self/rear view/33.jpg,rear view,https://www.pexels.com/photo/back-view-of-a-cow-grazing-on-green-grassland-7813009/,www.pexels.com,2592,3872,c0e5ccc55c92f29fa92083c0901f7fbfb5c4bfc044d5b77a0a0af36ba1830bee,d1d8e4a25a5974b6,dup_0588,exact_duplicate,False,pass,excluded,exact_duplicate,Duplicate of canonical in group dup_0588
NA,NA,rear,datasets/viewpoint/self/rear view/34.png,rear view,https://data.mendeley.com/datasets/h2s22wr5py/3/files/50b70a8d-3139-42f9-ae53-0fed76743f7a,data.mendeley.com,3024,4032,17311c192611adfc64e2a3ff106b3337dd46a762ace52827d4b234649f1f2787,f3995908261ed97c,dup_0589,exact_duplicate,False,pass,excluded,exact_duplicate,Duplicate of canonical in group dup_0589
NA,NA,rear,datasets/viewpoint/self/rear view/35.png,rear view,https://data.mendeley.com/datasets/h2s22wr5py/3/files/aec02e12-54cd-4893-bab8-82c351d10119,data.mendeley.com,3024,4032,afb7d7b58dac63bfcf968a265e56cd629f03848b4fc7c1b9d08a0ee4f2e86b83,a78cc90d76a79869,dup_0590,exact_duplicate,False,pass,excluded,exact_duplicate,Duplicate of canonical in group dup_0590
NA,NA,rear,datasets/viewpoint/self/rear view/36.png,rear view,https://data.mendeley.com/datasets/h2s22wr5py/3/files/128f0873-aa27-42b7-b6be-a60081c4e699,data.mendeley.com,3024,4032,180a46d2e1a77737cb00383fe2d36689402e1050c31f5672a8e97b5f4ca4eaf5,e19ede7841261dc3,dup_0591,exact_duplicate,False,pass,excluded,exact_duplicate,Duplicate of canonical in group dup_0591
NA,NA,rear,datasets/viewpoint/self/rear view/37.png,rear view,https://data.mendeley.com/datasets/h2s22wr5py/3/files/209b0196-3ffb-4964-9428-8e681623dffc,data.mendeley.com,3024,4032,ba013107c80afdf412c6f3334b6b1302c9d205e763d8e4291be45dbd1829dd46,e4b7ca0965a2f54a,dup_0592,exact_duplicate,False,pass,excluded,exact_duplicate,Duplicate of canonical in group dup_0592
NA,NA,rear,datasets/viewpoint/self/rear view/38.png,rear view,https://data.mendeley.com/datasets/h2s22wr5py/3/files/12e20c40-05dc-40b6-bba8-70e98150bf82,data.mendeley.com,3024,4032,33a06e45593bc8e3819b26d666a64fe5a14ff43fc754405c4a73f33a6b4a6a27,e6b2c85938a672ae,dup_0593,exact_duplicate,False,pass,excluded,exact_duplicate,Duplicate of canonical in group dup_0593
NA,NA,rear,datasets/viewpoint/self/rear view/39.png,rear view,https://data.mendeley.com/datasets/h2s22wr5py/3/files/ff320c38-8779-4c44-aa71-0fd901c0997f,data.mendeley.com,3024,4032,cb7399dc9377ed21412f4a3706a636d8cec7999a49183ce97f87082666f99ea5,bee1835e225c59a3,dup_0594,exact_duplicate,False,pass,excluded,exact_duplicate,Duplicate of canonical in group dup_0594
NA,NA,rear,datasets/viewpoint/self/rear view/4.jpg,rear view,https://www.pexels.com/photo/herd-of-cows-grazing-in-rural-palu-turkiye-32608475/,www.pexels.com,6000,4000,fd87f0e77becee3e2cab46fe9b1e9e51c8afd3e7b0ebfab93bedfccbfdc61d6e,d08d725f097ad195,dup_0595,exact_duplicate,False,pass,excluded,exact_duplicate,Duplicate of canonical in group dup_0595
NA,NA,rear,datasets/viewpoint/self/rear view/40.png,rear view,https://data.mendeley.com/datasets/h2s22wr5py/3/files/a27a445f-ca39-4f93-b703-46f65e307160,data.mendeley.com,3024,4032,7470c4c8ef098bc2c258eb5a6ed9e5905a90e4f57cd2926f67db93df52b2a63a,bea1c93c26f32496,dup_0596,exact_duplicate,False,pass,excluded,exact_duplicate,Duplicate of canonical in group dup_0596
NA,NA,rear,datasets/viewpoint/self/rear view/41.png,rear view,https://data.mendeley.com/datasets/h2s22wr5py/3/files/589dbfc4-2638-45f4-b414-d8213c380af6,data.mendeley.com,3024,4032,e05ff5b7198e5477b831e478a07cba1c1b44aff8511906eebc1f697969da2ebd,ada48a1b566d3aac,dup_0597,exact_duplicate,False,pass,excluded,exact_duplicate,Duplicate of canonical in group dup_0597
NA,NA,rear,datasets/viewpoint/self/rear view/42.png,rear view,https://data.mendeley.com/datasets/h2s22wr5py/3/files/7e2208b5-35b3-4fb6-8d03-13edef54ba15,data.mendeley.com,3024,4032,189f34751c409133a6697c99d0bc3a8805493503a64ed4531fb72fadf4603f25,b3a79c0e4766b0b8,dup_0598,exact_duplicate,False,pass,excluded,exact_duplicate,Duplicate of canonical in group dup_0598
NA,NA,rear,datasets/viewpoint/self/rear view/43.png,rear view,https://data.mendeley.com/datasets/h2s22wr5py/3/files/ab0a51e8-a0f9-4033-b950-9d1a5d535682,data.mendeley.com,3024,4032,6e3df859fc8c913de3a1c7e141fa2d8662e1bcb76669c80900222b93d80abd87,9ae38d1c265b49dc,dup_0599,exact_duplicate,False,pass,excluded,exact_duplicate,Duplicate of canonical in group dup_0599
NA,NA,rear,datasets/viewpoint/self/rear view/44.png,rear view,https://data.mendeley.com/datasets/h2s22wr5py/3/files/0f0563af-d1a0-48ba-869c-2fb91eae1368,data.mendeley.com,3024,4032,62155d6835f4ba8f8162735877eee913782aa0c93613a94aa280b7110965bf1b,bea2c905622dbcda,dup_0600,exact_duplicate,False,pass,excluded,exact_duplicate,Duplicate of canonical in group dup_0600
NA,NA,rear,datasets/viewpoint/self/rear view/45.png,rear view,https://data.mendeley.com/datasets/h2s22wr5py/3/files/2303fb77-8165-4f71-bd7e-d96dc796b3b7,data.mendeley.com,3024,4032,3d1f3349561b432c76b4ae0e4142f2a13d9d4c6773f2a1271022a887d1a3388d,baa5d80b26b2b9d2,dup_0601,exact_duplicate,False,pass,excluded,exact_duplicate,Duplicate of canonical in group dup_0601
NA,NA,rear,datasets/viewpoint/self/rear view/46.png,rear view,https://data.mendeley.com/datasets/h2s22wr5py/3/files/8a4d27d3-7827-4401-9061-b7eb1e11e84e,data.mendeley.com,3024,4032,8125988c0ee11d6af19bf288e66f3d266f1bdc64ee24b526bed37db12365a2fc,e2b4d90e70a5b74a,dup_0602,exact_duplicate,False,pass,excluded,exact_duplicate,Duplicate of canonical in group dup_0602
NA,NA,rear,datasets/viewpoint/self/rear view/47.png,rear view,https://data.mendeley.com/datasets/h2s22wr5py/3/files/81e94606-06ca-45b0-9d1b-d6b6fd003d77,data.mendeley.com,3024,4032,ad7e2b7f9193f0ae8be4c5daabe03cfe4cd71a21cd0a0466098b74b9afc82068,e5b4da192148f5d6,dup_0603,exact_duplicate,False,pass,excluded,exact_duplicate,Duplicate of canonical in group dup_0603
NA,NA,rear,datasets/viewpoint/self/rear view/48.png,rear view,https://data.mendeley.com/datasets/h2s22wr5py/3/files/1a6d306f-d79e-4244-9336-9baacb2fd6a8,data.mendeley.com,3024,4032,783717e6c367615caa4096a7cc3f2d1f9248016755f2ac7349511a4c6de62fc8,83a69c592626f5f8,dup_0604,exact_duplicate,False,pass,excluded,exact_duplicate,Duplicate of canonical in group dup_0604
NA,NA,rear,datasets/viewpoint/self/rear view/49.png,rear view,https://data.mendeley.com/datasets/h2s22wr5py/3/files/fc8119ed-7c59-4302-9f61-1fbf54839ec5,data.mendeley.com,3024,4032,f736e73bc6c7848f750d147baa774dcb5572e26af33f8cdaca35090ee333df3a,9ae3a91c265b6ac6,dup_0605,exact_duplicate,False,pass,excluded,exact_duplicate,Duplicate of canonical in group dup_0605
NA,NA,rear,datasets/viewpoint/self/rear view/5.jpg,rear view,https://www.pexels.com/photo/cows-in-a-field-19808773/,www.pexels.com,5184,3456,d3e8f48d30cffb04896bb47e12dc0c71bd6cf68a42c961484b7d1c69f9476b9c,d5ecfb861b956280,dup_0606,exact_duplicate,False,pass,excluded,exact_duplicate,Duplicate of canonical in group dup_0606
NA,NA,rear,datasets/viewpoint/self/rear view/50.png,rear view,https://data.mendeley.com/datasets/h2s22wr5py/3/files/fc52db2b-cdf8-47d2-bf04-08b2aedeb021,data.mendeley.com,3024,4032,fde065892e8ff16dcd6e8adaf41958aefc46a548cf727d47e304efc586ca7b2c,e6d1b8845b27c8d6,dup_0607,exact_duplicate,False,pass,excluded,exact_duplicate,Duplicate of canonical in group dup_0607
NA,NA,rear,datasets/viewpoint/self/rear view/51.png,rear view,https://data.mendeley.com/datasets/h2s22wr5py/3/files/79b5bdf2-e7b9-4f17-b76b-c534f7b591f1,data.mendeley.com,3024,4032,9f1e9686f13e580ef580c0c51a4ba436550bff9060b90a8a1dbe375a09e54b63,86f35959260758f3,dup_0608,exact_duplicate,False,pass,excluded,exact_duplicate,Duplicate of canonical in group dup_0608
NA,NA,rear,datasets/viewpoint/self/rear view/52.png,rear view,https://data.mendeley.com/datasets/h2s22wr5py/3/files/66671db7-e667-4c9d-824f-e04422129122,data.mendeley.com,3024,4032,edb88d75d1f293c5b601d8e95313fd52e05bf698b6eee39c042a5dc22e5fed1e,9ba68c59771ec6a0,dup_0609,exact_duplicate,False,pass,excluded,exact_duplicate,Duplicate of canonical in group dup_0609
NA,NA,rear,datasets/viewpoint/self/rear view/53.png,rear view,https://data.mendeley.com/datasets/h2s22wr5py/3/files/97d88142-e2d3-4c52-a56e-529a881585a6,data.mendeley.com,3024,4032,42b203df0a90ae4a2d9b014e3bb9fc31073f45e6d42bdd922e072fca813067f9,e2e45d190ca1e6de,dup_0610,exact_duplicate,False,pass,excluded,exact_duplicate,Duplicate of canonical in group dup_0610
NA,NA,rear,datasets/viewpoint/self/rear view/54.png,rear view,https://data.mendeley.com/datasets/h2s22wr5py/3/files/95236792-fd46-471b-8e1f-44d925ffd63d,data.mendeley.com,3024,4032,8a957c0edcdf6bc71755d8386cd7740bc021e89d235e465d4f24e737fcb6138b,e8b6da493566a29a,dup_0611,exact_duplicate,False,pass,excluded,exact_duplicate,Duplicate of canonical in group dup_0611
NA,NA,rear,datasets/viewpoint/self/rear view/55.png,rear view,https://data.mendeley.com/datasets/h2s22wr5py/3/files/b8fbf9d5-5ad5-4dfd-8896-b9d94abba962,data.mendeley.com,3024,4032,16141caf034ca6ecc1760ee333aa34c170524d8d2d3de466a3571ed07c349e87,dda2a34d915a0fb4,dup_0612,exact_duplicate,False,pass,excluded,exact_duplicate,Duplicate of canonical in group dup_0612
NA,NA,rear,datasets/viewpoint/self/rear view/56.png,rear view,https://data.mendeley.com/datasets/h2s22wr5py/3/files/e25f3cd8-c4db-4257-b951-1bb35313effa,data.mendeley.com,3024,4032,d4e9e55bbb9434a481a151f624efa1c472d6be4a1b6d80a66f3eb69174f22921,b2fb8c0c7122ad9e,dup_0613,exact_duplicate,False,pass,excluded,exact_duplicate,Duplicate of canonical in group dup_0613
NA,NA,rear,datasets/viewpoint/self/rear view/57.png,rear view,https://data.mendeley.com/datasets/h2s22wr5py/3/files/f7304a19-ab66-4ff1-801e-8e048be3911a,data.mendeley.com,3024,4032,dc55521577138236ebc5aa610874dbe74aed5b54c7ebeadec4f5f0d363c6e1a9,b3a68c495d2576e2,dup_0614,exact_duplicate,False,pass,excluded,exact_duplicate,Duplicate of canonical in group dup_0614
NA,NA,rear,datasets/viewpoint/self/rear view/58.png,rear view,https://data.mendeley.com/datasets/h2s22wr5py/3/files/85154fe0-9140-4a36-845f-cf60b6745a8f,data.mendeley.com,3024,4032,10cf63da10f07c9eee3b78a842dd8386359843469d3ac8246835acc377c17f78,b2f789887c5174c3,dup_0615,exact_duplicate,False,pass,excluded,exact_duplicate,Duplicate of canonical in group dup_0615
NA,NA,rear,datasets/viewpoint/self/rear view/59.png,rear view,https://data.mendeley.com/datasets/h2s22wr5py/3/files/7c2c20cc-a8db-474c-9dd8-eccec1618d47,data.mendeley.com,3024,4032,925005e615ca9c878b2132e9314d4069e76827b5434044f1aa1e32b8c524e8a4,bab0950b3d620efa,dup_0616,exact_duplicate,False,pass,excluded,exact_duplicate,Duplicate of canonical in group dup_0616
NA,NA,rear,datasets/viewpoint/self/rear view/6.jpg,rear view,https://www.pexels.com/photo/farmer-and-his-cows-12213862/,www.pexels.com,4128,6192,f915f9b6140237b752e1bb547ac80659d4bb6b15ada5a0957123ed67c8702136,c0c8d7b6371732e2,dup_0617,exact_duplicate,False,pass,excluded,exact_duplicate,Duplicate of canonical in group dup_0617
NA,NA,rear,datasets/viewpoint/self/rear view/60.png,rear view,https://data.mendeley.com/datasets/h2s22wr5py/3/files/63435125-960b-4f27-a002-1390b9665ef1,data.mendeley.com,3024,4032,e5a97c2a07f2cebd60a72f5fb7aac0b8f4b3570e7b483c3096f78fedbeae232c,e7a4db5a192da074,dup_0618,exact_duplicate,False,pass,excluded,exact_duplicate,Duplicate of canonical in group dup_0618
NA,NA,rear,datasets/viewpoint/self/rear view/61.png,rear view,https://data.mendeley.com/datasets/h2s22wr5py/3/files/3cd59105-dd8d-4f9b-b57e-a72ca7d5d22c,data.mendeley.com,3024,4032,fdfc20cc363b4739606a55d027a02183bfb5273ebf7c4364a631ea46d6fe77bf,e4b7d30c5969a436,dup_0619,exact_duplicate,False,pass,excluded,exact_duplicate,Duplicate of canonical in group dup_0619
NA,NA,rear,datasets/viewpoint/self/rear view/62.png,rear view,https://data.mendeley.com/datasets/h2s22wr5py/3/files/1e880fb9-fcc3-4803-ab93-adabbae63400,data.mendeley.com,3024,4032,c81357ff830859b6375715a02f8f6c82ac1b7097ecdcaa62de84c2e3090f5ed2,bec499613ef904b4,dup_0620,exact_duplicate,False,pass,excluded,exact_duplicate,Duplicate of canonical in group dup_0620
NA,NA,rear,datasets/viewpoint/self/rear view/63.png,rear view,https://data.mendeley.com/datasets/h2s22wr5py/3/files/e8dbc93a-74e3-480e-9037-185271e6b4e3,data.mendeley.com,3024,4032,c536e38c93cf140fa37b0bfe6239327a0d459c32c747f52b32e2b1e0005fcb61,9be0ac0f7441ce97,dup_0621,exact_duplicate,False,pass,excluded,exact_duplicate,Duplicate of canonical in group dup_0621
NA,NA,rear,datasets/viewpoint/self/rear view/64.png,rear view,https://data.mendeley.com/datasets/h2s22wr5py/3/files/40979e91-aa41-42d2-b038-65c9ec9f3cc4,data.mendeley.com,3024,4032,bbb4e8460bf33745dbf04e8f615d6d85c9a82b46e1ed5150f840ccdd0c683ef2,e6b5db08443036f7,dup_0622,exact_duplicate,False,pass,excluded,exact_duplicate,Duplicate of canonical in group dup_0622
NA,NA,rear,datasets/viewpoint/self/rear view/65.png,rear view,https://data.mendeley.com/datasets/h2s22wr5py/3/files/952ba852-e5f7-493c-a994-ba9957456098,data.mendeley.com,3024,4032,2bc5bba994f787f19278413353afe726fcb73c71e9aec7d151eabf90deba4cb0,e3b4d80d0762b71b,dup_0623,exact_duplicate,False,pass,excluded,exact_duplicate,Duplicate of canonical in group dup_0623
NA,NA,rear,datasets/viewpoint/self/rear view/66.png,rear view,https://data.mendeley.com/datasets/h2s22wr5py/3/files/f67a7e84-400a-469c-8810-8c2000e916d6,data.mendeley.com,3024,4032,15af0c3f6d3e048e78824e54b65bcad5719e2bf1b1638e2e928de4700294c88c,c2b2fd0d0a72b68d,dup_0624,exact_duplicate,False,pass,excluded,exact_duplicate,Duplicate of canonical in group dup_0624
NA,NA,rear,datasets/viewpoint/self/rear view/67.png,rear view,https://data.mendeley.com/datasets/h2s22wr5py/3/files/934d872c-8cc5-4155-a198-28807d76c50d,data.mendeley.com,3024,4032,b4189a3c79f30d9a2453a14db4c2da64f7d2a5c12dc290173e463df2189fbc72,b9f20a09e44e9f5c,dup_0625,exact_duplicate,False,pass,excluded,exact_duplicate,Duplicate of canonical in group dup_0625
NA,NA,rear,datasets/viewpoint/self/rear view/68.png,rear view,https://data.mendeley.com/datasets/h2s22wr5py/3/files/543710c9-ba6d-404e-b319-7bb1a69415f3,data.mendeley.com,3024,4032,6a255b5ba303217a13d0e4f52699d1cd603272bef09f159498abf1213b0b1c8a,d294214d77ce3959,dup_0626,exact_duplicate,False,pass,excluded,exact_duplicate,Duplicate of canonical in group dup_0626
NA,NA,rear,datasets/viewpoint/self/rear view/69.png,rear view,https://data.mendeley.com/datasets/h2s22wr5py/3/files/5d18f8db-b0f5-4375-b525-1963bf1d0e00,data.mendeley.com,3024,4032,32619bc988f4fadd5d5fbd4c52ecc507c8b58a47e9b65ec89d70b942e0baf464,cab1c9c62359acd6,dup_0627,exact_duplicate,False,pass,excluded,exact_duplicate,Duplicate of canonical in group dup_0627
NA,NA,rear,datasets/viewpoint/self/rear view/7.jpg,rear view,https://www.pexels.com/photo/farmer-herding-cattle-on-rural-path-in-bangladesh-35239071/,www.pexels.com,5568,3712,2e6c43b43a066ad6ab43a384805a26452a9a48ccf00b663ea15ea3f824d0b7b8,f04cb9b4cc3d728a,dup_0628,exact_duplicate,False,pass,excluded,exact_duplicate,Duplicate of canonical in group dup_0628
NA,NA,rear,datasets/viewpoint/self/rear view/70.png,rear view,https://data.mendeley.com/datasets/h2s22wr5py/3/files/459a5a22-a733-4291-8f9d-8ff514c011e6,data.mendeley.com,3024,4032,46e5c32f16617a2b5c1dc881217e72d87b9eb12022152e7cdcf441d5cf6bd991,e8b24d0f3250dd8f,dup_0629,exact_duplicate,False,pass,excluded,exact_duplicate,Duplicate of canonical in group dup_0629
NA,NA,rear,datasets/viewpoint/self/rear view/71.png,rear view,https://data.mendeley.com/datasets/h2s22wr5py/3/files/cd42a6f6-18a7-4d29-b95d-0ef01b7c1f2d,data.mendeley.com,3024,4032,afb7d7b58dac63bfcf968a265e56cd629f03848b4fc7c1b9d08a0ee4f2e86b83,a78cc90d76a79869,dup_0590,exact_duplicate,False,pass,excluded,exact_duplicate,Duplicate of canonical in group dup_0590
NA,NA,rear,datasets/viewpoint/self/rear view/72.png,rear view,https://data.mendeley.com/datasets/h2s22wr5py/3/files/80a3cd1c-e150-4758-97cf-1f47c752fe35,data.mendeley.com,3024,4032,3460676fc58cd80d4250a1a1767850b9214787a492b65b223c5532e61a2a0fff,93e38c1d631387f8,dup_0630,exact_duplicate,False,pass,excluded,exact_duplicate,Duplicate of canonical in group dup_0630
NA,NA,rear,datasets/viewpoint/self/rear view/73.png,rear view,https://data.mendeley.com/datasets/h2s22wr5py/3/files/11262c27-d0fe-47a0-8c3a-0f76e4d1329b,data.mendeley.com,3024,4032,11fd8b7b66c81bd26689f22254e5efa10afc128ecd100a06a7a992947f91e6fd,e2b1db0ea75868c6,dup_0631,exact_duplicate,False,pass,excluded,exact_duplicate,Duplicate of canonical in group dup_0631
NA,NA,rear,datasets/viewpoint/self/rear view/74.png,rear view,https://data.mendeley.com/datasets/h2s22wr5py/3/files/1a1ecab7-6a4c-4289-93cf-37c361079643,data.mendeley.com,3024,4032,70701d988ae67869fc8acdd8348afe15097f9183b1412c8f25c37249a4c66a2f,b3e42c53619c6e39,dup_0632,exact_duplicate,False,pass,excluded,exact_duplicate,Duplicate of canonical in group dup_0632
NA,NA,rear,datasets/viewpoint/self/rear view/75.png,rear view,https://data.mendeley.com/datasets/h2s22wr5py/3/files/bef6d157-f204-40dd-bdad-63de60dfea24,data.mendeley.com,3024,4032,856fe70bccbb1fa5c0bab740dd85765264b08b328aca8f63e5f8207d7d99932e,e7b6d858192961e3,dup_0633,exact_duplicate,False,pass,excluded,exact_duplicate,Duplicate of canonical in group dup_0633
NA,NA,rear,datasets/viewpoint/self/rear view/76.png,rear view,https://data.mendeley.com/datasets/h2s22wr5py/3/files/6cd0775a-b8c4-4652-991b-02f7f65c58f0,data.mendeley.com,3024,4032,368f689780613966cf7fb1bea53ab455e349536398525c62b0deb21c86ef3555,ecf69b491468f606,dup_0634,exact_duplicate,False,pass,excluded,exact_duplicate,Duplicate of canonical in group dup_0634
NA,NA,rear,datasets/viewpoint/self/rear view/77.png,rear view,https://data.mendeley.com/datasets/h2s22wr5py/3/files/a631d040-2151-49d9-806f-8b1a8565f5b1,data.mendeley.com,3024,4032,425a27feac95a19a6ab23bf85430529b6ff380f9d2dec5b5e00ceb169c433687,e6b6d9491827a715,dup_0635,exact_duplicate,False,pass,excluded,exact_duplicate,Duplicate of canonical in group dup_0635
NA,NA,rear,datasets/viewpoint/self/rear view/78.png,rear view,https://data.mendeley.com/datasets/h2s22wr5py/3/files/490e9da1-85e9-44a1-9dbd-d51b399a7a8b,data.mendeley.com,3024,4032,919a4b94b5a54ace25d7423ff4acf3716d65fb66ca328fb61352a868d3454ecd,99e4960f7943e5b0,dup_0636,exact_duplicate,False,pass,excluded,exact_duplicate,Duplicate of canonical in group dup_0636
NA,NA,rear,datasets/viewpoint/self/rear view/79.png,rear view,https://data.mendeley.com/datasets/h2s22wr5py/3/files/b6fb28a0-0de7-4c79-8007-385a516d0abb,data.mendeley.com,3024,4032,49581e7e61d911b129684d8a10d17c4040292693fea7601a34ab3f109f5c4471,9ba64c75032bdcb4,dup_0637,exact_duplicate,False,pass,excluded,exact_duplicate,Duplicate of canonical in group dup_0637
NA,NA,rear,datasets/viewpoint/self/rear view/8.jpg,rear view,https://www.pexels.com/photo/rural-life-farmers-herding-cattle-on-country-road-34522584/,www.pexels.com,5393,3596,66f60d9c0680d0fbf1b478a07e99bf39b3dc2c87cf4d55123b9362b2175e6972,d818f666b66609d9,dup_0638,exact_duplicate,False,pass,excluded,exact_duplicate,Duplicate of canonical in group dup_0638
NA,NA,rear,datasets/viewpoint/self/rear view/80.png,rear view,https://data.mendeley.com/datasets/h2s22wr5py/3/files/afb0f272-6e2d-4521-98ad-37a6a5dd8f07,data.mendeley.com,3024,4032,e88917523cd4c1afe5346ad10053d4bb9d038f087f7cf4d07edf0d7adb9c9bf1,9aa40a65763a99f6,dup_0639,exact_duplicate,False,pass,excluded,exact_duplicate,Duplicate of canonical in group dup_0639
NA,NA,rear,datasets/viewpoint/self/rear view/81.png,rear view,https://data.mendeley.com/datasets/h2s22wr5py/3/files/3582ec08-605c-4510-abef-1a551e86f487,data.mendeley.com,3024,4032,44369e16fc8458df2acc1a2a7dfb72789451fb417986c4a96b6942aa39c4d920,a3e9d6586b22d58c,dup_0640,exact_duplicate,False,pass,excluded,exact_duplicate,Duplicate of canonical in group dup_0640
NA,NA,rear,datasets/viewpoint/self/rear view/82.png,rear view,https://data.mendeley.com/datasets/h2s22wr5py/3/files/3635209d-36d9-4c1f-9c30-8b9be17f515e,data.mendeley.com,3024,4032,728be68b6063ecdd1bf6946715b480708a69da35366479653dd1e1818998100e,dbb6480d2771d887,dup_0641,exact_duplicate,False,pass,excluded,exact_duplicate,Duplicate of canonical in group dup_0641
NA,NA,rear,datasets/viewpoint/self/rear view/83.png,rear view,https://data.mendeley.com/datasets/h2s22wr5py/3/files/17dd23d7-747c-412a-b4e2-09ae698fae3a,data.mendeley.com,3024,4032,926e9b91f9c0f36b8a704f601a66d7187e0e3d02daf64c4c7818ce032dec09b5,bb811c76235b8ca7,dup_0642,exact_duplicate,False,pass,excluded,exact_duplicate,Duplicate of canonical in group dup_0642
NA,NA,rear,datasets/viewpoint/self/rear view/84.png,rear view,https://data.mendeley.com/datasets/h2s22wr5py/3/files/2404be44-b31e-471f-ad42-c7e90d7bb3a1,data.mendeley.com,3024,4032,36217270442f18f2ff3f18977f24b41a3760aaf1580fca2b6b09b5538122d9f9,bbb807c73618c99a,dup_0643,exact_duplicate,False,pass,excluded,exact_duplicate,Duplicate of canonical in group dup_0643
NA,NA,rear,datasets/viewpoint/self/rear view/85.png,rear view,https://data.mendeley.com/datasets/h2s22wr5py/3/files/f57843e0-25a5-47d1-97ef-c718113c1ad9,data.mendeley.com,3024,4032,ee67ddd7f23f78093deffcca402d6f05276f9fa4fc697e6be0fd47031f4d14b8,9ca70a70332aef95,dup_0644,exact_duplicate,False,pass,excluded,exact_duplicate,Duplicate of canonical in group dup_0644
NA,NA,rear,datasets/viewpoint/self/rear view/86.png,rear view,https://data.mendeley.com/datasets/h2s22wr5py/3/files/8f72911c-26d5-4d96-a934-4a5845bc0ba4,data.mendeley.com,3024,4032,084808423d94d3e4429267bafc19bcbe35eb39049be78f2eed174a0fa6a859bd,aef05d7c2316899c,dup_0645,exact_duplicate,False,pass,excluded,exact_duplicate,Duplicate of canonical in group dup_0645
NA,NA,rear,datasets/viewpoint/self/rear view/87.png,rear view,https://data.mendeley.com/datasets/h2s22wr5py/3/files/6683cd62-7f97-40fd-a1af-e80cb1cc3b31,data.mendeley.com,3024,4032,2bdc1e22ca5fbaba0e73b2359b7b9a88ecbe5af0d00d131b7fbcaada344b9ba2,92a7ad3c77a509a4,dup_0646,exact_duplicate,False,pass,excluded,exact_duplicate,Duplicate of canonical in group dup_0646
NA,NA,rear,datasets/viewpoint/self/rear view/88.jpg,rear view,https://data.mendeley.com/datasets/h2s22wr5py/3/files/216df6a4-3b2b-4fa8-a943-8dff3cec2953,data.mendeley.com,750,1000,dfeafc616162782c815f53920c6cb8ce28ce658b68e82f18f41fc2ad4b6e2683,bbe1941a730ce791,dup_0647,exact_duplicate,False,pass,excluded,exact_duplicate,Duplicate of canonical in group dup_0647
NA,NA,rear,datasets/viewpoint/self/rear view/89.png,rear view,https://data.mendeley.com/datasets/h2s22wr5py/3/files/03c0a118-fb9d-4022-ba74-f028e99587e6,data.mendeley.com,3024,4032,2c911c31efc32f02bdcc6062bd805658526e70291c7a9c3888701ea23553eb2c,e7b3d9882c4861f6,dup_0648,exact_duplicate,False,pass,excluded,exact_duplicate,Duplicate of canonical in group dup_0648
NA,NA,rear,datasets/viewpoint/self/rear view/9.jpg,rear view,https://www.pexels.com/photo/woman-herding-cattle-on-forest-pathway-34522583/,www.pexels.com,3679,4599,9352c2ccfddcd4697f88f4cb0c30f0fa15fe3d462d8f0d7fad0c5bfff706ff7a,d3318dc6d32d2c96,dup_0649,exact_duplicate,False,pass,excluded,exact_duplicate,Duplicate of canonical in group dup_0649
NA,NA,rear,datasets/viewpoint/self/rear view/90.png,rear view,https://data.mendeley.com/datasets/h2s22wr5py/3/files/4eccf457-0bb9-43b5-9e6b-b986d1646361,data.mendeley.com,3024,4032,46ed336270769b7de3a209f9011e0ac927bdb885335d657c49b0db12b18f6bc6,a52ddf7d49060a5a,dup_0650,exact_duplicate,False,pass,excluded,exact_duplicate,Duplicate of canonical in group dup_0650
NA,NA,rear,datasets/viewpoint/self/rear view/91.png,rear view,https://data.mendeley.com/datasets/h2s22wr5py/3/files/c73dc6b3-69ed-488b-be03-35f790758343,data.mendeley.com,3024,4032,2cbf38abf57854fcea9d71cbd075266cd4d0f277742cda16f12b24e7f5cad405,9fa2887166afacd0,dup_0651,exact_duplicate,False,pass,excluded,exact_duplicate,Duplicate of canonical in group dup_0651
NA,NA,rear,datasets/viewpoint/self/rear view/92.png,rear view,https://data.mendeley.com/datasets/h2s22wr5py/3/files/349fa8f6-c2f6-44f2-a58f-06df8e02aee9,data.mendeley.com,3024,4032,d97350b378dc8f76199d5b00a15545c296647d62dcd039f3bb80c920c940b40b,ba86850b72d99ce3,dup_0652,exact_duplicate,False,pass,excluded,exact_duplicate,Duplicate of canonical in group dup_0652
NA,NA,rear,datasets/viewpoint/self/rear view/93.png,rear view,https://data.mendeley.com/datasets/h2s22wr5py/3/files/4087b571-9b5d-4bcf-ac00-7ef29ea26bdf,data.mendeley.com,3024,4032,4cd0a01909ee7ab8d19575f14dc25625f824bdae6ee79c736417f51d7def3178,e6d4c98c305a5ade,dup_0653,exact_duplicate,False,pass,excluded,exact_duplicate,Duplicate of canonical in group dup_0653
NA,NA,rear,datasets/viewpoint/self/rear view/94.png,rear view,https://data.mendeley.com/datasets/h2s22wr5py/3/files/7ea92703-6f0f-429e-bb9d-ece84ef3f2b6,data.mendeley.com,3024,4032,a0d4fa31b1ff7aef6d1a477548098e860cb2f45796ee49a407abf1da98f17e4c,9aa18e1f347a698b,dup_0654,exact_duplicate,False,pass,excluded,exact_duplicate,Duplicate of canonical in group dup_0654
NA,NA,rear,datasets/viewpoint/self/rear view/95.png,rear view,https://data.mendeley.com/datasets/h2s22wr5py/3/files/0f7db52b-f907-4516-97f6-13aafac91248,data.mendeley.com,3024,4032,7c2c6e088567e7bf82e868e9290601d5fd2a2f1a076dfa58078a08f0fe7df537,b8d2094cf60e9e79,dup_0655,exact_duplicate,False,pass,excluded,exact_duplicate,Duplicate of canonical in group dup_0655
NA,NA,rear,datasets/viewpoint/self/rear view/96.png,rear view,https://data.mendeley.com/datasets/h2s22wr5py/3/files/92a16b8d-6321-416b-aa34-2f5796d9d35a,data.mendeley.com,3024,4032,dd0bae8add01ff500d06c84befa2dc0d15afe912fbbb86c7224f96218cdfdef5,b2c19d7332548bf4,dup_0656,exact_duplicate,False,pass,excluded,exact_duplicate,Duplicate of canonical in group dup_0656
NA,NA,rear,datasets/viewpoint/self/rear view/97.png,rear view,https://data.mendeley.com/datasets/h2s22wr5py/3/files/06417057-cdb6-4780-a00c-d1a1f925dc4d,data.mendeley.com,3024,4032,786f3f019306d74e5211cfbc664e3b116a394f4f907baa3cada82c88890d5031,bbc18c73431ca9ab,dup_0657,exact_duplicate,False,pass,excluded,exact_duplicate,Duplicate of canonical in group dup_0657
NA,NA,rear,datasets/viewpoint/self/rear view/98.png,rear view,https://data.mendeley.com/datasets/h2s22wr5py/3/files/a8e623ea-d55c-41a7-99e3-a8fcc349cbae,data.mendeley.com,3024,4032,bc504dbc300e33c73277ffca4c1f636c8ba1f5f70fc2794c7560e2b85341ff80,b3f2a95c674028be,dup_0658,exact_duplicate,False,pass,excluded,exact_duplicate,Duplicate of canonical in group dup_0658
NA,NA,rear,datasets/viewpoint/self/rear view/99.png,rear view,https://data.mendeley.com/datasets/h2s22wr5py/3/files/ad01908d-8cd2-4271-a81a-fdf441334977,data.mendeley.com,3024,4032,518c2395833d5f7971047fb085755e1de90fe65d7c89613cc7d6a107d535caaa,9af08c7d635a7c82,dup_0659,exact_duplicate,False,pass,excluded,exact_duplicate,Duplicate of canonical in group dup_0659
NA,NA,side,datasets/viewpoint/self/side/218(1).jpg,side,https://www.pexels.com/photo/a-black-cow-standing-in-a-field-with-mountains-in-the-background-28387894/,www.pexels.com,7785,5190,9bb23fc596b8cd1b629d49f19263ce62ce3187f73f09a6b8f9518e9b43de4a45,ccd39a6c16b24d2d,dup_0817,exact_duplicate,False,pass,excluded,exact_duplicate,Duplicate of canonical in group dup_0817
