clean_id,class,source_clean_path,crop_path,duplicate_group_id,source_sha256,source_url,source_domain,detection_status,detection_count,selected_confidence,bbox_x1,bbox_y1,bbox_x2,bbox_y2,crop_x1,crop_y1,crop_x2,crop_y2,bbox_margin_rule,source_width,source_height,crop_width,crop_height,source_file_size_bytes,crop_file_size_bytes,split
front_0001,front,datasets/viewpoint/self_clean_v1/front/front_0001.jpg,datasets/viewpoint/self_clean_v1_rtdetr_crop/front/front_0001.jpg,dup_0001,94514afaa72f347254d7fa8ab70f6c124fdbb653b3c49b16e8e7eb4e164222fb,https://www.pexels.com/photo/brown-and-white-cow-458991/,www.pexels.com,success,1,0.9535,1416.43,71.52,3045.67,2753.06,1335,0,3127,2872,proportional_5pct,4546,2872,1792,2872,2263160,1983229,train
front_0002,front,datasets/viewpoint/self_clean_v1/front/front_0002.jpg,datasets/viewpoint/self_clean_v1_rtdetr_crop/front/front_0002.jpg,dup_0002,2730ba8bb4c2e7fe954071af7312aec2249da1f848d7b153c8f9b8ce3aac976b,https://www.pexels.com/photo/peaceful-cow-grazing-in-sunlit-pasture-39420138/,www.pexels.com,success,1,0.9705,896.8,458.88,2454.47,3455.19,819,309,2532,3605,proportional_5pct,3072,4080,1713,3296,3616625,2815292,train
front_0003,front,datasets/viewpoint/self_clean_v1/front/front_0003.jpg,datasets/viewpoint/self_clean_v1_rtdetr_crop/front/front_0003.jpg,dup_0003,970c6f0882ce47dde44e5ee224d1cfd3448ab8e54db195e61bca9541e4bd6795,https://www.pexels.com/photo/cow-with-ear-marks-and-small-horns-in-daytime-5462653/,www.pexels.com,success,1,0.9731,1062.69,155.89,4981.46,3612.78,867,0,5177,3648,proportional_5pct,5472,3648,4310,3648,1948468,4039081,train
front_0004,front,datasets/viewpoint/self_clean_v1/front/front_0004.jpg,datasets/viewpoint/self_clean_v1_rtdetr_crop/front/front_0004.jpg,dup_0004,1bbfed4cc6d8d22510a4dcc6f3b88f2fa930d17f56c3e78df34b93e7b36e7bf0,https://www.pexels.com/photo/normande-cattle-on-the-pasture-16669278/,www.pexels.com,success,2,0.9633,1051.66,569.1,3669.72,3986.29,921,398,3801,4016,proportional_5pct,6016,4016,2880,3618,2711155,3038319,train
front_0005,front,datasets/viewpoint/self_clean_v1/front/front_0005.jpg,datasets/viewpoint/self_clean_v1_rtdetr_crop/front/front_0005.jpg,dup_0005,c3da7697e30e9db26be86948173741178d6367a6434ff8394a781d00157f76f4,https://www.pexels.com/photo/close-up-of-pie-black-cow-in-green-pasture-33381883/,www.pexels.com,success,2,0.9721,2101.74,120.07,4728.07,3452.09,1970,0,4859,3476,proportional_5pct,5207,3476,2889,3476,1072967,1770632,train
front_0007,front,datasets/viewpoint/self_clean_v1/front/front_0007.jpg,datasets/viewpoint/self_clean_v1_rtdetr_crop/front/front_0007.jpg,dup_0007,d55c5adc218b5ae3a18c9e5b781136ba8ddb6a3048349407ae91304d8f279450,https://www.pexels.com/photo/brown-cows-on-green-grass-field-10660420/,www.pexels.com,success,4,0.9641,210.57,924.26,1242.3,2787.53,159,831,1294,2800,proportional_5pct,4200,2800,1135,1969,2314831,1072059,train
front_0008,front,datasets/viewpoint/self_clean_v1/front/front_0008.jpg,datasets/viewpoint/self_clean_v1_rtdetr_crop/front/front_0008.jpg,dup_0008,8fbd93fc46a025b671f9102b8443047d678cfcd665b4dad78abebd2c251d3d00,https://www.pexels.com/photo/cows-on-green-grass-field-10660419/,www.pexels.com,success,4,0.9685,227.61,1036.27,1441.1,2782.73,167,949,1502,2800,proportional_5pct,4200,2800,1335,1851,1984740,1084735,train
front_0011,front,datasets/viewpoint/self_clean_v1/front/front_0011.jpg,datasets/viewpoint/self_clean_v1_rtdetr_crop/front/front_0011.jpg,dup_0011,69c7128ad7cddc57fb4d74300753b5fede595e0e14c283210ec24e9e87d1db8c,https://www.pexels.com/photo/cows-grazing-in-autumn-landscape-styria-34498322/,www.pexels.com,success,3,0.9624,4374.32,723.1,6253.79,4274.63,4280,546,6348,4452,proportional_5pct,6688,4459,2068,3906,4367610,2856680,train
front_0012,front,datasets/viewpoint/self_clean_v1/front/front_0012.jpg,datasets/viewpoint/self_clean_v1_rtdetr_crop/front/front_0012.jpg,dup_0012,aec745f5651e517fbfbdde4a1755383c4f148d2dd97ba6ebbb11231b8aebb21d,https://www.pexels.com/photo/a-brown-and-white-cow-in-a-grassy-field-5690992/,www.pexels.com,success,6,0.9632,1639.94,626.8,3351.49,3565.18,1554,480,3437,3712,proportional_5pct,5616,3744,1883,3232,2088097,1471743,train
front_0014,front,datasets/viewpoint/self_clean_v1/front/front_0014.jpg,datasets/viewpoint/self_clean_v1_rtdetr_crop/front/front_0014.jpg,dup_0014,af453c7ea3f878f1918da26b33fe5733bb34507c5d3121a9c59422d2e0a8e17d,https://www.pexels.com/photo/a-cattle-with-ear-tags-13706519/,www.pexels.com,success,1,0.9732,1354.65,360.43,3780.15,2979.2,1233,229,3901,3000,proportional_5pct,4495,3000,2668,2771,813081,1283746,train
front_0016,front,datasets/viewpoint/self_clean_v1/front/front_0016.jpg,datasets/viewpoint/self_clean_v1_rtdetr_crop/front/front_0016.jpg,dup_0017,282c7572afe0bb9779aaf7f7a3d6103a6fda929667efda7a003b96be54c70aa2,https://www.pexels.com/photo/cow-on-a-mountain-pasture-14463031/,www.pexels.com,success,1,0.9641,1719.55,1117.22,3623.73,3362.89,1624,1005,3719,3475,proportional_5pct,6000,4000,2095,2470,3416147,1852824,train
front_0017,front,datasets/viewpoint/self_clean_v1/front/front_0017.jpg,datasets/viewpoint/self_clean_v1_rtdetr_crop/front/front_0017.jpg,dup_0018,c127f92b8113100c8ec1d257ccdb27eaffa34b202eb45336ab41b4088f4ea94d,https://www.pexels.com/photo/brown-cow-grazing-in-santa-fe-field-33692332/,www.pexels.com,success,1,0.9594,1587.27,1787.2,3523.47,4707.42,1490,1641,3616,4816,proportional_5pct,3616,4816,2126,3175,1652168,1892343,train
front_0018,front,datasets/viewpoint/self_clean_v1/front/front_0018.jpg,datasets/viewpoint/self_clean_v1_rtdetr_crop/front/front_0018.jpg,dup_0019,30a9e8212175f6aab759e9bfccee6eef979a7946fbcd0ba3c3f0a304be18ebf0,https://www.pexels.com/photo/majestic-brown-cow-grazing-in-open-pasture-34114664/,www.pexels.com,success,1,0.9614,1215.4,1930.11,1973.41,3163.58,1178,1868,2011,3225,proportional_5pct,3217,4826,833,1357,1176423,376347,train
front_0019,front,datasets/viewpoint/self_clean_v1/front/front_0019.jpg,datasets/viewpoint/self_clean_v1_rtdetr_crop/front/front_0019.jpg,dup_0020,fb256b959db8cce4de7d7d312f50e6efaba483b7b5304a46e432fef762ffa201,https://www.pexels.com/photo/two-black-cows-on-a-grassy-field-7164014/,www.pexels.com,success,2,0.9653,1706.73,279.25,2683.92,1906.49,1658,198,2733,1988,proportional_5pct,4063,2714,1075,1790,1467997,534329,train
front_0021,front,datasets/viewpoint/self_clean_v1/front/front_0021.jpg,datasets/viewpoint/self_clean_v1_rtdetr_crop/front/front_0021.jpg,dup_0023,c77053764fc74e5b1e50d0936c60af73ae7d6891b46189cb05b0a4d712ee97e0,https://www.pexels.com/photo/cow-in-mountains-27062071/,www.pexels.com,success,3,0.975,333.36,1623.11,3676.68,5975.16,166,1406,3844,6193,proportional_5pct,4160,6240,3678,4787,2314856,4460108,train
front_0023,front,datasets/viewpoint/self_clean_v1/front/front_0023.jpg,datasets/viewpoint/self_clean_v1_rtdetr_crop/front/front_0023.jpg,dup_0025,d7c430b5ea5f0e074a92bff6237643a86546f0d0fa52f2cc6dd7e26df05281ad,https://www.pexels.com/photo/cow-by-river-in-mountains-27062079/,www.pexels.com,success,8,0.971,793.96,2477.36,3181.38,5313.34,675,2336,3301,5455,proportional_5pct,4160,6240,2626,3119,2565875,2209170,train
front_0024,front,datasets/viewpoint/self_clean_v1/front/front_0024.jpg,datasets/viewpoint/self_clean_v1_rtdetr_crop/front/front_0024.jpg,dup_0026,86b612805e89124a7fd9a7a265df41da21fea860c2358574df27910982d49aff,https://www.pexels.com/photo/brown-cow-in-lush-green-pasture-outdoors-28587284/,www.pexels.com,success,5,0.9731,1175.56,555.26,4486.33,3687.94,1010,399,4652,3712,proportional_5pct,5568,3712,3642,3313,1967724,3105318,train
front_0025,front,datasets/viewpoint/self_clean_v1/front/front_0025.jpg,datasets/viewpoint/self_clean_v1_rtdetr_crop/front/front_0025.jpg,dup_0027,2053f808bb0fbdc7cd8ed75f0968ee6556ce064f7726658063805610002d572b,https://www.pexels.com/photo/moody-cow-in-welsh-countryside-30351378/,www.pexels.com,success,1,0.9721,344.52,1240.09,2898.26,5156.85,217,1044,3026,5353,proportional_5pct,3600,5408,2809,4309,1557116,2829533,train
front_0026,front,datasets/viewpoint/self_clean_v1/front/front_0026.jpg,datasets/viewpoint/self_clean_v1_rtdetr_crop/front/front_0026.jpg,dup_0028,bf173d3178cdb7da9d914206707ebfd17044da9f48d1bf0330295d5755d7811f,https://www.pexels.com/photo/young-cow-walking-along-a-sunny-road-36237155/,www.pexels.com,success,6,0.9714,438.95,1136.19,2185.59,3950.22,352,995,2273,4091,proportional_5pct,3072,4608,1921,3096,1104558,1280328,train
front_0027,front,datasets/viewpoint/self_clean_v1/front/front_0027.jpg,datasets/viewpoint/self_clean_v1_rtdetr_crop/front/front_0027.jpg,dup_0029,6b8a476a3ced9a6e8bebf5f1fc41306f77070910eef72899bc38727b61a909d6,https://www.pexels.com/photo/bavarian-cow-in-alpine-meadow-33237446/,www.pexels.com,success,1,0.9677,469.49,1576.34,3613.48,5626.67,312,1374,3771,5829,proportional_5pct,4000,6000,3459,4455,2646870,4179493,train
front_0028,front,datasets/viewpoint/self_clean_v1/front/front_0028.jpg,datasets/viewpoint/self_clean_v1_rtdetr_crop/front/front_0028.jpg,dup_0030,6fb4abfdbd9b0ecc1d5b49fe08826abe1b3e88cdbce9d814fd075e9057124eb1,https://www.pexels.com/photo/holstein-cattle-grazing-in-tranquil-pasture-37262993/,www.pexels.com,success,3,0.9214,812.41,2696.46,2629.03,4812.04,722,2591,2720,4918,proportional_5pct,4000,6000,1998,2327,4865968,2248775,train
front_0030,front,datasets/viewpoint/self_clean_v1/front/front_0030.jpg,datasets/viewpoint/self_clean_v1_rtdetr_crop/front/front_0030.jpg,dup_0032,32d48870703cd54edc88860b10958973e2f0a7e4cf1ac20f64e72ffed78b91b6,https://www.pexels.com/photo/cow-on-field-14248147/,www.pexels.com,success,2,0.9732,689.77,1499.65,3023.21,3997.21,573,1375,3024,4032,proportional_5pct,3024,4032,2451,2657,1577689,2599673,train
front_0032,front,datasets/viewpoint/self_clean_v1/front/front_0032.jpg,datasets/viewpoint/self_clean_v1_rtdetr_crop/front/front_0032.jpg,dup_0034,3a6febc43763eb2eaa3514cd5cff93e5a4450818b6f461cf5edf80afc57252e8,https://www.pexels.com/photo/rind-27896613/,www.pexels.com,success,5,0.9749,502.22,167.72,3974.46,3695.87,329,0,4148,3872,proportional_5pct,6240,4160,3819,3872,2909214,3655858,train
front_0033,front,datasets/viewpoint/self_clean_v1/front/front_0033.jpg,datasets/viewpoint/self_clean_v1_rtdetr_crop/front/front_0033.jpg,dup_0035,a0ec977837e6483c4b5baf012b7721e3e1e1885c609629693a453c40d921db0d,https://www.pexels.com/photo/long-horned-cow-20050810/,www.pexels.com,success,1,0.97,153.67,1020.83,3797.69,5960.96,0,774,3980,6000,proportional_5pct,4000,6000,3980,5226,2398408,5186657,train
front_0034,front,datasets/viewpoint/self_clean_v1/front/front_0034.jpg,datasets/viewpoint/self_clean_v1_rtdetr_crop/front/front_0034.jpg,dup_0036,3632d096a79bee1d81a81131b64d5345e663bf32dca8737087d73fa440895b90,https://www.pexels.com/photo/brown-cow-on-green-grass-field-11034830/,www.pexels.com,success,2,0.9614,922.9,2073.54,2211.88,3855.23,858,1984,2276,3944,proportional_5pct,3024,4032,1418,1960,3271303,1548198,train
front_0036,front,datasets/viewpoint/self_clean_v1/front/front_0036.jpg,datasets/viewpoint/self_clean_v1_rtdetr_crop/front/front_0036.jpg,dup_0038,b5cad0d71790e797ebc23a2a692224fef217c42825557941ea092cb326bbd0c2,https://www.pexels.com/photo/spotted-cattle-in-rustic-farm-setting-34760407/,www.pexels.com,success,3,0.9576,533.73,1656.55,2104.89,3877.13,455,1546,2183,3988,proportional_5pct,3024,4032,1728,2442,2250972,1750076,train
front_0037,front,datasets/viewpoint/self_clean_v1/front/front_0037.jpg,datasets/viewpoint/self_clean_v1_rtdetr_crop/front/front_0037.jpg,dup_0039,483aade0386c613b63c1b40fa0189ba1e39bd28031d8f7cb8d49bb01403f9683,https://www.pexels.com/photo/portrait-of-a-cow-in-a-lush-green-pasture-34933951/,www.pexels.com,success,1,0.9624,1287.88,940.15,2875.22,2792.07,1209,848,2955,2885,proportional_5pct,4603,3069,1746,2037,2865241,1550134,train
front_0038,front,datasets/viewpoint/self_clean_v1/front/front_0038.jpg,datasets/viewpoint/self_clean_v1_rtdetr_crop/front/front_0038.jpg,dup_0040,ab52ddad810786796e76c5187c36dabcbdeb25db958df2c46701808be29b94cb,https://www.pexels.com/photo/a-cow-by-a-river-27062084/,www.pexels.com,success,3,0.9693,707.49,2109.22,3404.12,5248.97,573,1952,3539,5406,proportional_5pct,4160,6240,2966,3454,2514127,2647551,train
front_0039,front,datasets/viewpoint/self_clean_v1/front/front_0039.jpg,datasets/viewpoint/self_clean_v1_rtdetr_crop/front/front_0039.jpg,dup_0041,c8a9134e1502cf2dfcf8674b00a5c432a135a74136c13650d39c89cbea6dfbd6,https://www.pexels.com/photo/black-and-white-cow-on-field-27098251/,www.pexels.com,success,1,0.9681,110.44,1148.86,4161.8,5981.05,0,907,4160,6223,proportional_5pct,4160,6240,4160,5316,2700580,5234720,train
front_0040,front,datasets/viewpoint/self_clean_v1/front/front_0040.jpg,datasets/viewpoint/self_clean_v1_rtdetr_crop/front/front_0040.jpg,dup_0042,a7605e5d1e8775b723d624383d0f6dc247a63a48723cd9a8ac17e54fd45a2e67,https://www.pexels.com/photo/black-baldy-on-green-grass-field-9150314/,www.pexels.com,success,1,0.9655,408.0,1232.83,2688.12,3786.54,294,1105,2802,3914,proportional_5pct,3456,5184,2508,2809,2317959,2431803,train
front_0042,front,datasets/viewpoint/self_clean_v1/front/front_0042.jpg,datasets/viewpoint/self_clean_v1_rtdetr_crop/front/front_0042.jpg,dup_0044,31cc164e6cd842d27e8cd120aa969823c4ddb95de2ac90a8685e057c934e8f2c,https://www.pexels.com/photo/photo-of-a-brown-cow-17800847/,www.pexels.com,success,1,0.9754,63.72,1187.92,3058.38,4059.62,0,1044,3060,4080,proportional_5pct,3060,4080,3060,3036,1608818,3149496,train
front_0043,front,datasets/viewpoint/self_clean_v1/front/front_0043.jpg,datasets/viewpoint/self_clean_v1_rtdetr_crop/front/front_0043.jpg,dup_0045,78181419a98249520d94ed6a250249576ba7672be8ffb5e7f7bdb1355dfe7af1,https://www.pexels.com/photo/brown-and-white-cow-on-greek-country-road-3ackground-27207629/,www.pexels.com,success,1,0.9664,1292.22,2470.35,3002.02,5039.95,1207,2342,3088,5168,proportional_5pct,3712,5568,1881,2826,2807197,1707355,train
front_0045,front,datasets/viewpoint/self_clean_v1/front/front_0045.jpg,datasets/viewpoint/self_clean_v1_rtdetr_crop/front/front_0045.jpg,dup_0048,86920fc48e70b1e1d06633ed9f5f9bdcf819777ec849da14d6df8449e51e1326,https://www.pexels.com/photo/cows-grazing-on-pasture-17253135/,www.pexels.com,success,8,0.9543,1335.86,2691.37,2465.65,4136.54,1279,2619,2522,4209,proportional_5pct,3360,4884,1243,1590,4509735,1060131,train
front_0046,front,datasets/viewpoint/self_clean_v1/front/front_0046.jpg,datasets/viewpoint/self_clean_v1_rtdetr_crop/front/front_0046.jpg,dup_0050,8fa2c6b49125041d8a24b79280dc6206d8101d34b19901ce6ab0ca305544de29,https://www.pexels.com/photo/cows-on-a-grassland-7899708/,www.pexels.com,success,5,0.961,1374.48,2461.17,3070.76,4761.99,1290,2346,3156,4877,proportional_5pct,3648,5472,1866,2531,2903757,1645292,train
front_0047,front,datasets/viewpoint/self_clean_v1/front/front_0047.jpg,datasets/viewpoint/self_clean_v1_rtdetr_crop/front/front_0047.jpg,dup_0051,617991a60c26282d64abed521d30f8e2cabd54d5a5ba0b0d9fa33bdc1135c5bc,https://www.pexels.com/photo/cow-standing-on-pasture-20412319/,www.pexels.com,success,1,0.9564,980.11,1321.07,1689.79,2144.88,945,1280,1725,2186,proportional_5pct,2612,3264,780,906,670768,170262,train
front_0048,front,datasets/viewpoint/self_clean_v1/front/front_0048.jpg,datasets/viewpoint/self_clean_v1_rtdetr_crop/front/front_0048.jpg,dup_0052,61431e6083cdd588444cd610c3b9ac902a53aaf767b147c86264d010f1d8b591,https://www.pexels.com/photo/brown-cow-standing-in-sunny-pasture-28871040/,www.pexels.com,success,1,0.966,1615.13,1224.18,4408.93,4129.94,1475,1079,4549,4160,proportional_5pct,6240,4160,3074,3081,1608202,2125611,train
front_0049,front,datasets/viewpoint/self_clean_v1/front/front_0049.jpg,datasets/viewpoint/self_clean_v1_rtdetr_crop/front/front_0049.jpg,dup_0053,5d64ac45338b67b67961509cc643c2736ec5f6b5ead61bba3a41bfd158557bad,https://www.pexels.com/photo/young-calf-grazing-in-sunlit-meadow-28587838/,www.pexels.com,success,1,0.9593,1287.86,174.18,3050.97,2819.27,1200,42,3139,2952,proportional_5pct,3612,4670,1939,2910,2391618,1544135,train
front_0050,front,datasets/viewpoint/self_clean_v1/front/front_0050.jpg,datasets/viewpoint/self_clean_v1_rtdetr_crop/front/front_0050.jpg,dup_0054,319abe1209c2e4ba83c915ef928e93dadc34bd4fef7d8a59bbcce99fc1c08675,https://www.pexels.com/photo/a-cow-grazing-on-the-pasture-27061038/,www.pexels.com,success,1,0.9716,1828.8,133.67,4699.39,3351.25,1685,0,4843,3376,proportional_5pct,6000,3376,3158,3376,1937251,2765700,train
front_0051,front,datasets/viewpoint/self_clean_v1/front/front_0051.jpg,datasets/viewpoint/self_clean_v1_rtdetr_crop/front/front_0051.jpg,dup_0055,5ee6da02bcc6cd49ab7e7df1c96443502c586af46ee07b746f52a0c08ef2f835,https://www.pexels.com/photo/photograph-of-a-brown-cow-14114535/,www.pexels.com,success,1,0.965,1671.48,976.03,3130.83,3326.03,1599,859,3204,3343,proportional_5pct,5014,3343,1605,2484,1705021,1506550,train
front_0052,front,datasets/viewpoint/self_clean_v1/front/front_0052.jpg,datasets/viewpoint/self_clean_v1_rtdetr_crop/front/front_0052.jpg,dup_0056,6024b1eb058f2baea3623139179459aba25821465f1602fb6cae5f513409ee6b,https://www.pexels.com/photo/cow-on-pasture-18748630/,www.pexels.com,success,1,0.9588,4119.87,1990.2,5115.31,3550.15,4070,1912,5165,3628,proportional_5pct,6000,4000,1095,1716,1353631,349281,train
front_0054,front,datasets/viewpoint/self_clean_v1/front/front_0054.jpg,datasets/viewpoint/self_clean_v1_rtdetr_crop/front/front_0054.jpg,dup_0058,078695f95ff98a90eeee6a41229fee1684cb1fdceb8545c3cedb8c3086004c35,https://www.pexels.com/photo/cow-grazing-in-misty-mountain-landscape-28573984/,www.pexels.com,success,1,0.9653,2270.92,935.36,3584.59,2978.46,2205,833,3650,3081,proportional_5pct,5184,3456,1445,2248,1800669,980354,train
front_0057,front,datasets/viewpoint/self_clean_v1/front/front_0057.jpg,datasets/viewpoint/self_clean_v1_rtdetr_crop/front/front_0057.jpg,dup_0061,5f0c502d7cfac5502ce8cca27bd5dd1459ffacd2bf5cd3c9860297348e2c9f40,https://www.pexels.com/photo/cows-on-leash-standing-on-grass-17464344/,www.pexels.com,success,1,0.9748,299.79,408.79,2749.31,3828.98,177,238,2872,4000,proportional_5pct,3024,4032,2695,3762,1280337,2550707,train
front_0058,front,datasets/viewpoint/self_clean_v1/front/front_0058.jpg,datasets/viewpoint/self_clean_v1_rtdetr_crop/front/front_0058.jpg,dup_0062,9689d2043c43768109ee87537369ab6d3a58979234ac7dc6924503f1668635a9,https://www.pexels.com/photo/brown-cow-on-green-grass-11365624/,www.pexels.com,success,3,0.9529,907.7,2259.28,3178.79,5543.59,794,2095,3292,5708,proportional_5pct,4000,6000,2498,3613,3567058,3733573,train
front_0059,front,datasets/viewpoint/self_clean_v1/front/front_0059.jpg,datasets/viewpoint/self_clean_v1_rtdetr_crop/front/front_0059.jpg,dup_0063,3c428c12ea663d1f8465b0bd99d70128306ec0b88cf4ef70d11d0a5fa0831bc5,https://www.pexels.com/photo/a-group-of-cows-standing-in-a-field-27568762/,www.pexels.com,success,7,0.965,115.72,1110.99,1836.28,3955.96,30,969,1922,4098,proportional_5pct,2847,4284,1892,3129,1244074,1703909,train
front_0060,front,datasets/viewpoint/self_clean_v1/front/front_0060.jpg,datasets/viewpoint/self_clean_v1_rtdetr_crop/front/front_0060.jpg,dup_0064,8435b42721221fa140ee8c1ba92bea646ee92846b7861c610763e5160743425b,https://www.pexels.com/photo/brown-and-white-cows-grazing-in-sunny-pasture-39634717/,www.pexels.com,success,2,0.9657,2720.25,1351.16,4919.94,4292.51,2610,1204,5030,4440,proportional_5pct,6720,4480,2420,3236,2976732,2413027,train
front_0061,front,datasets/viewpoint/self_clean_v1/front/front_0061.jpg,datasets/viewpoint/self_clean_v1_rtdetr_crop/front/front_0061.jpg,dup_0065,975689873f605d8c3440a7ad69495de2563c1cbfc9d6d460c1969d98dbc0786a,https://www.pexels.com/photo/tagged-cows-in-pasture-23510657/,www.pexels.com,success,5,0.9678,1617.24,559.98,5176.38,3973.43,1439,389,5354,4000,proportional_5pct,5998,4000,3915,3611,1276362,2198458,train
front_0063,front,datasets/viewpoint/self_clean_v1/front/front_0063.jpg,datasets/viewpoint/self_clean_v1_rtdetr_crop/front/front_0063.jpg,dup_0067,a9bd537778a162749d8006e3c2e89f680319cd42b046687091c1d3490a7dc1dd,https://www.pexels.com/photo/white-cattle-standing-near-green-plants-14016546/,www.pexels.com,success,1,0.9687,575.51,3269.43,2896.92,6511.76,459,3107,3013,6674,proportional_5pct,4480,6720,2554,3567,1991318,2237044,train
front_0064,front,datasets/viewpoint/self_clean_v1/front/front_0064.jpg,datasets/viewpoint/self_clean_v1_rtdetr_crop/front/front_0064.jpg,dup_0068,ebcb46d896ca4bd731a4e55fbee99ec5b988356ece8925635d8ffafb6d1c3d96,https://www.pexels.com/photo/brown-and-white-cattle-standing-on-grass-2832057/,www.pexels.com,success,1,0.9678,1053.32,1286.04,2698.43,4138.64,971,1143,2781,4281,proportional_5pct,4000,5078,1810,3138,1781724,1530546,train
front_0065,front,datasets/viewpoint/self_clean_v1/front/front_0065.jpg,datasets/viewpoint/self_clean_v1_rtdetr_crop/front/front_0065.jpg,dup_0069,60a56c5a71d99fa1b53687152b854a65eef6f0eb30fd61dfea3f97765ec9423e,https://www.pexels.com/photo/spotted-cow-in-lush-pasture-close-up-29706691/,www.pexels.com,success,1,0.9703,21.11,789.7,2584.32,3869.89,0,636,2599,3898,proportional_5pct,2599,3898,2599,3262,1300477,2505537,train
front_0066,front,datasets/viewpoint/self_clean_v1/front/front_0066.jpg,datasets/viewpoint/self_clean_v1_rtdetr_crop/front/front_0066.jpg,dup_0070,d3cf7fdd0c7905104b8cb3f8bb6c3d2d3a75f5a35467c06c9e0e1805f1968054,https://www.pexels.com/photo/brown-cow-on-a-pasture-18827668/,www.pexels.com,success,1,0.9589,1562.99,2582.46,3587.96,4797.19,1462,2472,3689,4908,proportional_5pct,4152,6229,2227,2436,3254683,2009319,train
front_0070,front,datasets/viewpoint/self_clean_v1/front/front_0070.jpg,datasets/viewpoint/self_clean_v1_rtdetr_crop/front/front_0070.jpg,dup_0074,c22dca725c30dd4a0c1eb7256d6eeb5e89afa132d85067a5c5dd41297616be56,https://www.pexels.com/photo/cows-in-field-in-countryside-11086204/,www.pexels.com,success,6,0.9535,898.74,1352.57,2149.06,2793.06,836,1281,2212,2865,proportional_5pct,2603,3904,1376,1584,1591018,834473,train
front_0074,front,datasets/viewpoint/self_clean_v1/front/front_0074.jpg,datasets/viewpoint/self_clean_v1_rtdetr_crop/front/front_0074.jpg,dup_0078,1f904ea6c41e3e43869f9a5bf079d13cbf6ab8790c0ed1094aafb9da74a22463,https://www.pexels.com/photo/cow-on-farm-17039414/,www.pexels.com,success,1,0.9605,577.57,1786.45,3052.62,4431.97,454,1654,3176,4564,proportional_5pct,3294,4941,2722,2910,2007761,3288206,train
front_0075,front,datasets/viewpoint/self_clean_v1/front/front_0075.jpg,datasets/viewpoint/self_clean_v1_rtdetr_crop/front/front_0075.jpg,dup_0079,b7c600c71c1838159c3e7d6f3fd49491a8218d4aa5f7caacbaa584585829f85d,https://www.pexels.com/photo/holstein-friesian-calf-on-green-pasture-in-bremen-34164409/,www.pexels.com,success,1,0.9718,719.64,1937.99,3161.81,5535.05,598,1758,3284,5568,proportional_5pct,3712,5568,2686,3810,2061588,2628249,train
front_0077,front,datasets/viewpoint/self_clean_v1/front/front_0077.jpg,datasets/viewpoint/self_clean_v1_rtdetr_crop/front/front_0077.jpg,dup_0081,26f2587fd196f9e671ae064745e384929965b48a83d1c7e921e6bbfa7896a031,https://www.pexels.com/photo/a-cow-with-horns-standing-in-a-field-27915160/,www.pexels.com,success,1,0.9683,434.51,1807.49,3419.73,5967.97,285,1599,3569,6000,proportional_5pct,4000,6000,3284,4401,1218443,2522363,train
front_0078,front,datasets/viewpoint/self_clean_v1/front/front_0078.jpg,datasets/viewpoint/self_clean_v1_rtdetr_crop/front/front_0078.jpg,dup_0082,951f09403a2de70322577a97768f3e77a7957729ba268647cd3c89bc3258f902,https://www.pexels.com/photo/a-cattle-with-an-ear-tag-8064058/,www.pexels.com,success,3,0.9666,299.33,967.65,2776.15,4127.35,175,810,2773,4152,proportional_5pct,2773,4152,2598,3342,2314561,3933203,train
front_0079,front,datasets/viewpoint/self_clean_v1/front/front_0079.jpg,datasets/viewpoint/self_clean_v1_rtdetr_crop/front/front_0079.jpg,dup_0083,8f4a6e2400bb07795309fe79c23d8a5aeee86d14b4fea2e286a91ca13f755ab3,https://www.pexels.com/photo/black-and-white-cow-on-brown-grass-field-8662517/,www.pexels.com,success,2,0.9708,763.48,634.18,3634.8,5609.32,620,385,3778,5858,proportional_5pct,4000,6000,3158,5473,2301325,4072719,train
front_0081,front,datasets/viewpoint/self_clean_v1/front/front_0081.jpg,datasets/viewpoint/self_clean_v1_rtdetr_crop/front/front_0081.jpg,dup_0085,b9e683afe533677fee518cdaa6b4e285a54ea4302591815f8354ec7dd805376d,https://www.pexels.com/photo/cow-eating-grass-in-pasture-12210592/,www.pexels.com,success,1,0.9637,818.86,1915.17,3371.92,5458.97,691,1738,3500,5636,proportional_5pct,4480,6720,2809,3898,2136495,2438899,train
front_0082,front,datasets/viewpoint/self_clean_v1/front/front_0082.jpg,datasets/viewpoint/self_clean_v1_rtdetr_crop/front/front_0082.jpg,dup_0086,e8009a3d3abc8cea51be48e362be235e0bce53ce6d1cb65fe3a4fc1df677b72e,https://www.pexels.com/photo/cows-walking-on-a-grass-field-9392997/,www.pexels.com,success,4,0.9444,1611.62,3281.53,2405.63,5111.95,1572,3190,2445,5203,proportional_5pct,4000,6000,873,2013,2060652,441757,train
front_0083,front,datasets/viewpoint/self_clean_v1/front/front_0083.jpg,datasets/viewpoint/self_clean_v1_rtdetr_crop/front/front_0083.jpg,dup_0087,72d598bf1dfce86eb80205f3efb1d22bb0a604b424ff7d0c37fbccb343e6e191,https://www.pexels.com/photo/cows-on-a-meadow-5549482,www.pexels.com,success,9,0.9522,1492.15,3095.99,2637.32,5474.71,1435,2977,2695,5594,proportional_5pct,4000,6000,1260,2617,2589953,1065618,train
front_0084,front,datasets/viewpoint/self_clean_v1/front/front_0084.jpg,datasets/viewpoint/self_clean_v1_rtdetr_crop/front/front_0084.jpg,dup_0088,fa3eae74b68784b3c008f7b74be9316a6f6e305b478a35dc7d46452a887cc68e,https://www.pexels.com/photo/herd-of-cows-in-field-8637747/,www.pexels.com,success,6,0.9603,1234.04,2322.43,3543.39,5741.17,1119,2151,3659,5912,proportional_5pct,4000,6000,2540,3761,3866410,4753526,train
front_0085,front,datasets/viewpoint/self_clean_v1/front/front_0085.jpg,datasets/viewpoint/self_clean_v1_rtdetr_crop/front/front_0085.jpg,dup_0089,ff5e30c41d6e4adc1e91ef5b5337cfebb96eb482353d67fdade856be793e603a,https://www.pexels.com/photo/herd-of-cow-on-brown-field-5531546/,www.pexels.com,success,10,0.9575,819.67,1366.96,2671.7,3621.75,727,1254,2764,3648,proportional_5pct,5472,3648,2037,2394,1491742,1054046,train
front_0086,front,datasets/viewpoint/self_clean_v1/front/front_0086.jpg,datasets/viewpoint/self_clean_v1_rtdetr_crop/front/front_0086.jpg,dup_0090,2c2ba534c447f98157c861dba451eea1ed53975335275580636bed1e0c0e720c,https://www.pexels.com/photo/close-up-of-a-brown-and-white-cow-in-nature-33496953/,www.pexels.com,success,2,0.9647,468.39,1465.25,3064.43,6213.24,339,1228,3194,6240,proportional_5pct,4160,6240,2855,5012,2057557,3177273,train
front_0089,front,datasets/viewpoint/self_clean_v1/front/front_0089.jpg,datasets/viewpoint/self_clean_v1_rtdetr_crop/front/front_0089.jpg,dup_0093,70023d18de77ebee86e18cb10607a320f9128540d49a55db7144ffe3f048d992,https://www.pexels.com/photo/cows-grazing-in-countryside-at-daytime-4731090/,www.pexels.com,success,31,0.945,1722.16,1302.07,3338.81,3622.3,1641,1186,3420,3648,proportional_5pct,5472,3648,1779,2462,2152209,1782312,train
front_0090,front,datasets/viewpoint/self_clean_v1/front/front_0090.jpg,datasets/viewpoint/self_clean_v1_rtdetr_crop/front/front_0090.jpg,dup_0094,bf5da3a7ab42a3722ccb36fff879f4deceb13d130ed55696bf86a66c7883d4df,https://www.pexels.com/photo/brown-cow-on-brown-grass-field-4725929/,www.pexels.com,success,2,0.9732,1404.96,915.1,3584.0,3618.52,1296,780,3693,3648,proportional_5pct,5472,3648,2397,2868,1505376,2226790,train
front_0092,front,datasets/viewpoint/self_clean_v1/front/front_0092.jpg,datasets/viewpoint/self_clean_v1_rtdetr_crop/front/front_0092.jpg,dup_0096,4f3fdbc41530a0979d5e33a9c2cc8cd0eaa4a6562b7eb7a9695664c9459977b2,https://www.pexels.com/photo/cow-in-a-pasture-28220941/,www.pexels.com,success,1,0.9684,1601.67,572.29,2709.11,2782.11,1546,462,2764,2832,proportional_5pct,4330,2832,1218,2370,1791737,1194257,train
front_0093,front,datasets/viewpoint/self_clean_v1/front/front_0093.jpg,datasets/viewpoint/self_clean_v1_rtdetr_crop/front/front_0093.jpg,dup_0097,549e823a6432e97cdf32c157d42bb28f0ce78a5e1ec5d30b4dfdb43ba63163ba,https://www.pexels.com/photo/portrait-of-a-gyr-12638924/,www.pexels.com,success,1,0.9755,164.03,2050.43,3251.78,5161.28,10,1895,3406,5184,proportional_5pct,3456,5184,3396,3289,3752802,6043455,train
front_0094,front,datasets/viewpoint/self_clean_v1/front/front_0094.jpg,datasets/viewpoint/self_clean_v1_rtdetr_crop/front/front_0094.jpg,dup_0098,9b9cfbb1f5b3ce9977120e11c44c6db4ee37676716f1579798798795cfc47117,https://www.pexels.com/photo/brown-cow-on-green-grass-field-12203399/,www.pexels.com,success,1,0.9609,1121.4,988.2,2678.98,3866.5,1044,844,2757,4010,proportional_5pct,4000,6000,1713,3166,3592162,2167915,train
front_0095,front,datasets/viewpoint/self_clean_v1/front/front_0095.jpg,datasets/viewpoint/self_clean_v1_rtdetr_crop/front/front_0095.jpg,dup_0099,50c62be8bb43e08e2212b7419773fa8183f8bcdbb4395a2d53054d081edb00be,https://www.pexels.com/photo/a-cow-on-a-field-18131295/,www.pexels.com,success,1,0.9651,595.98,377.46,2210.61,3291.78,515,232,2291,3437,proportional_5pct,2667,4000,1776,3205,913024,1076603,train
front_0096,front,datasets/viewpoint/self_clean_v1/front/front_0096.jpg,datasets/viewpoint/self_clean_v1_rtdetr_crop/front/front_0096.jpg,dup_0100,0ad4cbeeaec1e6d920b0e2ac24af4a0bf1dd70183e1fd5e084c6646d4dc3ac86,https://www.pexels.com/photo/close-up-of-a-cow-on-a-field-18040288/,www.pexels.com,success,1,0.9707,406.41,1029.65,3204.27,5294.69,267,816,3344,5407,proportional_5pct,3605,5407,3077,4591,1526382,3096846,train
front_0097,front,datasets/viewpoint/self_clean_v1/front/front_0097.jpg,datasets/viewpoint/self_clean_v1_rtdetr_crop/front/front_0097.jpg,dup_0101,ea7f8cdcdbae00109404d6f4c550507d26c7a94beb8f40553f791c90a6a55043,https://www.pexels.com/photo/portrait-of-cow-17288987/,www.pexels.com,success,1,0.97,184.35,1596.67,3627.79,5966.66,12,1378,3800,6000,proportional_5pct,4000,6000,3788,4622,3415405,6235789,train
front_0098,front,datasets/viewpoint/self_clean_v1/front/front_0098.jpg,datasets/viewpoint/self_clean_v1_rtdetr_crop/front/front_0098.jpg,dup_0102,e36bcf736dd0cc3c356e6e2acf93a3a5c0a4c35ea5aa795cc9750b2ab35c8d97,https://www.pexels.com/photo/a-white-cow-standing-in-the-middle-of-a-dirt-field-28166433/,www.pexels.com,success,17,0.9133,1142.64,1657.15,2142.8,3666.53,1093,1557,2193,3767,proportional_5pct,3395,5093,1100,2210,1985172,754324,train
front_0099,front,datasets/viewpoint/self_clean_v1/front/front_0099.jpg,datasets/viewpoint/self_clean_v1_rtdetr_crop/front/front_0099.jpg,dup_0103,917b6462065dc554bb418d0637ff3d87efedb3244df9b153472edb8e9678c91b,https://www.pexels.com/photo/pair-of-white-cows-grazing-in-brazilian-pasture-31026882/,www.pexels.com,success,2,0.9407,2237.35,812.55,3596.79,2786.37,2169,714,3665,2885,proportional_5pct,4815,3189,1496,2171,2084658,1046899,train
front_0100,front,datasets/viewpoint/self_clean_v1/front/front_0100.jpg,datasets/viewpoint/self_clean_v1_rtdetr_crop/front/front_0100.jpg,dup_0104,ff150bfce6b8de81d82d6809a5c44c951af994dfe834a8f1135e2feb3a3354f2,https://www.pexels.com/photo/close-up-of-a-cow-in-the-pasture-15741040/,www.pexels.com,success,1,0.9615,1413.73,118.45,2572.49,2564.02,1356,0,2630,2686,proportional_5pct,4310,2873,1274,2686,2053231,1462612,train
front_0101,front,datasets/viewpoint/self_clean_v1/front/front_0101.jpg,datasets/viewpoint/self_clean_v1_rtdetr_crop/front/front_0101.jpg,dup_0106,93ed016bd5a3299875cdc337b75b90e4c67f7ff83da94a0d48635e4c3c907b53,https://www.pexels.com/photo/white-calf-standing-in-green-pasture-33035592/,www.pexels.com,success,1,0.9491,3778.86,1080.67,6945.62,6463.99,3621,812,7104,6733,proportional_5pct,10663,7420,3483,5921,2057093,4028559,train
front_0102,front,datasets/viewpoint/self_clean_v1/front/front_0102.jpg,datasets/viewpoint/self_clean_v1_rtdetr_crop/front/front_0102.jpg,dup_0107,c08055cc0aa0928a1be431c8fd0250aee07333bf16f5e3ea86c572fb77dc9ccb,https://www.pexels.com/photo/cows-grazing-in-a-green-pasture-outdoors-28382916/,www.pexels.com,success,6,0.9605,3602.25,863.71,5217.31,4418.65,3521,686,5298,4480,proportional_5pct,6720,4480,1777,3794,1548062,1083417,train
front_0103,front,datasets/viewpoint/self_clean_v1/front/front_0103.jpg,datasets/viewpoint/self_clean_v1_rtdetr_crop/front/front_0103.jpg,dup_0108,fc113baa370e5af69d2701d19b8c1c7186401290295d7c7eefc225731996d7fa,https://www.pexels.com/photo/cattle-grazing-in-lush-green-pasture-37261765/,www.pexels.com,success,3,0.4043,3676.08,1183.09,4258.51,1714.19,3647,1157,4288,1741,proportional_5pct,4608,3072,641,584,2201685,110155,train
front_0105,front,datasets/viewpoint/self_clean_v1/front/front_0105.jpg,datasets/viewpoint/self_clean_v1_rtdetr_crop/front/front_0105.jpg,dup_0110,a1de53f1f0d56052c3041b9425902d87ef522002307aeafa023eecd673e048c0,https://www.pexels.com/photo/brown-and-white-cow-in-close-up-photography-5241960/,www.pexels.com,success,1,0.97,577.2,1376.68,3641.92,5923.02,424,1149,3795,5961,proportional_5pct,3974,5961,3371,4812,1987525,3497402,train
front_0107,front,datasets/viewpoint/self_clean_v1/front/front_0107.jpg,datasets/viewpoint/self_clean_v1_rtdetr_crop/front/front_0107.jpg,dup_0112,74d5280704fbe9b87de3f42d4ca0e42ef2e441e63af78fb35ed2b8ca4468af94,https://www.pexels.com/photo/close-up-of-a-brown-cow-in-lush-green-pasture-38688877/,www.pexels.com,success,1,0.9757,1538.83,994.89,5034.19,4636.02,1364,813,5209,4672,proportional_5pct,6224,4672,3845,3859,3024704,4498058,train
front_0109,front,datasets/viewpoint/self_clean_v1/front/front_0109.jpg,datasets/viewpoint/self_clean_v1_rtdetr_crop/front/front_0109.jpg,dup_0114,7779cc66d3fb8fce30c72ad9b094f5b71e4401bd814b7f79b4fca805c2753aa9,https://www.pexels.com/photo/a-brown-cow-standing-in-the-woods-28166439/,www.pexels.com,success,1,0.9694,959.65,1550.88,2814.47,4846.94,867,1386,2907,5012,proportional_5pct,3673,5510,2040,3626,3361297,2653759,train
front_0110,front,datasets/viewpoint/self_clean_v1/front/front_0110.jpg,datasets/viewpoint/self_clean_v1_rtdetr_crop/front/front_0110.jpg,dup_0115,66bb33daf6bd58f3ef0fd6609ebece9120286622889a5486c819ede694a846ec,https://www.pexels.com/photo/a-brown-cow-in-a-farm-with-green-grass-9002912/,www.pexels.com,success,4,0.9691,565.65,889.38,2560.2,3473.78,466,760,2660,3603,proportional_5pct,3024,4032,2194,2843,2594558,2896230,train
front_0111,front,datasets/viewpoint/self_clean_v1/front/front_0111.jpg,datasets/viewpoint/self_clean_v1_rtdetr_crop/front/front_0111.jpg,dup_0116,385c753c9969ac1a27c226f78e92a0552c07201688105ddc202be9eaa1549726,https://www.pexels.com/photo/portrait-of-white-cow-in-field-12403053/,www.pexels.com,success,2,0.9695,515.92,992.48,3281.14,4893.7,378,797,3419,5089,proportional_5pct,3456,5184,3041,4292,1962060,3801082,train
front_0112,front,datasets/viewpoint/self_clean_v1/front/front_0112.jpg,datasets/viewpoint/self_clean_v1_rtdetr_crop/front/front_0112.jpg,dup_0117,2b6d837b48c7da6d903cc3257668d51d100ac9a674155d0d1cf73d1b53e62c5c,https://www.pexels.com/photo/brown-cow-grazing-in-lush-green-meadow-28463885/,www.pexels.com,success,1,0.9722,624.99,1515.76,4638.38,6934.53,424,1245,4735,7103,proportional_5pct,4735,7103,4311,5858,4925878,8236474,train
front_0114,front,datasets/viewpoint/self_clean_v1/front/front_0114.jpg,datasets/viewpoint/self_clean_v1_rtdetr_crop/front/front_0114.jpg,dup_0119,35a82a4c5566d9a49acdcf22a0dab4bd0eb098ed682a15c7ffe79d9577ee5c09,https://www.pexels.com/photo/young-calf-grazing-in-sunlit-meadow-33705215/,www.pexels.com,success,1,0.9587,1470.86,1827.82,3413.35,5222.23,1374,1658,3510,5392,proportional_5pct,4000,6000,2136,3734,2614800,2291918,train
front_0115,front,datasets/viewpoint/self_clean_v1/front/front_0115.jpg,datasets/viewpoint/self_clean_v1_rtdetr_crop/front/front_0115.jpg,dup_0120,108b76f863fe5663de0ae256de8e3b89e39a1aa602bf03bb3dd013f949ac681b,https://unsplash.com/photos/white-and-black-cow-on-green-grass-field-during-daytime-00YD5QLyaGU,unsplash.com,success,1,0.9716,482.82,1047.17,2035.5,3300.62,405,934,2113,3321,proportional_5pct,2223,3321,1708,2387,1358412,1515551,train
front_0116,front,datasets/viewpoint/self_clean_v1/front/front_0116.jpg,datasets/viewpoint/self_clean_v1_rtdetr_crop/front/front_0116.jpg,dup_0121,fd616276bffd92b382ecce4204e9f610af0015427157c09a0a7040e442692ce9,https://unsplash.com/photos/a-brown-and-white-cow-standing-on-top-of-a-grass-covered-field-tDRZNFrz9yA,unsplash.com,success,3,0.9682,618.35,1068.8,3743.0,5192.64,462,863,3899,5399,proportional_5pct,4000,6000,3437,4536,5042337,5961859,train
front_0117,front,datasets/viewpoint/self_clean_v1/front/front_0117.jpg,datasets/viewpoint/self_clean_v1_rtdetr_crop/front/front_0117.jpg,dup_0122,00f592c3ef298c47759b95d13acf251b9374da84333f1661ea5c8ed127f765fd,https://unsplash.com/photos/white-and-black-cattle-on-green-grass-cdV5rs2QMxU,unsplash.com,success,2,0.9703,827.74,346.65,3708.27,4937.36,684,117,3852,5167,proportional_5pct,4000,6000,3168,5050,4336170,4632044,train
front_0118,front,datasets/viewpoint/self_clean_v1/front/front_0118.jpg,datasets/viewpoint/self_clean_v1_rtdetr_crop/front/front_0118.jpg,dup_0123,09c819cd7ac92335889d007b6b3e21a27392bce1018bb55ad1802b5d50f6f64c,https://unsplash.com/photos/brown-cow-on-green-grass-field-during-daytime-nwEq4B60Xx0,unsplash.com,success,10,0.9605,1171.49,1674.78,1774.58,2916.41,1141,1613,1805,2978,proportional_5pct,2919,4444,664,1365,1462153,297302,train
front_0119,front,datasets/viewpoint/self_clean_v1/front/front_0119.jpg,datasets/viewpoint/self_clean_v1_rtdetr_crop/front/front_0119.jpg,dup_0124,fe755307ee27ba027f20adad23f821bb37610502a86efa1fcde92552d66a6b54,https://www.pexels.com/photo/close-up-of-a-bull-standing-in-a-barn-19840478/,www.pexels.com,success,1,0.9701,512.46,773.15,2345.61,3976.81,421,613,2437,4000,proportional_5pct,3000,4000,2016,3387,1014256,1704432,train
front_0120,front,datasets/viewpoint/self_clean_v1/front/front_0120.jpg,datasets/viewpoint/self_clean_v1_rtdetr_crop/front/front_0120.jpg,dup_0125,5fefe3fbe6d071bed3e699e2f74862c31015dce71752722fcf6bdcea3bd4b1a6,https://unsplash.com/photos/white-cow-on-green-grass-field-during-daytime-Pz_oAVpfpcg,unsplash.com,success,1,0.9662,751.78,791.38,3016.59,4795.91,639,591,3130,4996,proportional_5pct,3712,5568,2491,4405,4088939,3709049,train
front_0122,front,datasets/viewpoint/self_clean_v1/front/front_0122.jpg,datasets/viewpoint/self_clean_v1_rtdetr_crop/front/front_0122.jpg,dup_0127,36490b75a772cfd9533bc8f1bb177753d389375e3b3279cf3d92aa6bd3abd07d,https://pixabay.com/photos/cow-beef-cattle-holsteiner-animal-354428/,pixabay.com,success,1,0.9752,838.65,414.41,2709.17,3094.88,745,280,2803,3113,proportional_5pct,4056,3113,2058,2833,2079475,1550605,train
front_0124,front,datasets/viewpoint/self_clean_v1/front/front_0124.jpg,datasets/viewpoint/self_clean_v1_rtdetr_crop/front/front_0124.jpg,dup_0129,167f5cd061e0573bd51a24ca7d8513181bb6670566396a16865e5f3a3863051a,https://www.pexels.com/photo/brown-cow-standing-in-a-rural-countryside-setting-39415648/,www.pexels.com,success,1,0.9672,528.05,1294.76,1857.77,3459.31,462,1187,1924,3568,proportional_5pct,2560,3840,1462,2381,1512946,1353821,train
front_0125,front,datasets/viewpoint/self_clean_v1/front/front_0125.jpg,datasets/viewpoint/self_clean_v1_rtdetr_crop/front/front_0125.jpg,dup_0130,883981b6ff447c3abec1fea584faaff3bb75ab37c7c50d88bad55920cf2b600c,https://www.pexels.com/photo/portrait-of-a-young-brown-calf-in-a-barn-36288008/,www.pexels.com,success,1,0.9732,168.74,7.86,3636.29,4828.59,0,0,3726,5070,proportional_5pct,3726,5590,3726,5070,1324176,2268023,train
front_0126,front,datasets/viewpoint/self_clean_v1/front/front_0126.jpg,datasets/viewpoint/self_clean_v1_rtdetr_crop/front/front_0126.jpg,dup_0131,88d947f24eb3ffadd41960fc6a8c59065f12c629bfacf1ad16fed0f60e8e22c5,https://www.pexels.com/photo/close-up-portrait-of-a-curious-white-cow-outdoors-37504637/,www.pexels.com,success,1,0.9734,1645.8,350.26,7969.23,5753.41,1330,80,8285,5792,proportional_5pct,8683,5792,6955,5712,3965268,7882949,train
front_0127,front,datasets/viewpoint/self_clean_v1/front/front_0127.jpg,datasets/viewpoint/self_clean_v1_rtdetr_crop/front/front_0127.jpg,dup_0132,0ece5bda5d1c5dcc0fd1cae5ac761c8401e6d533459d915e28bb813bf4f3fc20,https://www.pexels.com/photo/close-up-of-a-belted-galloway-cow-on-green-pasture-32263964/,www.pexels.com,success,1,0.9731,141.04,-0.76,3878.73,3973.61,0,0,4066,4000,proportional_5pct,6000,4000,4066,4000,1570488,2133446,train
front_0129,front,datasets/viewpoint/self_clean_v1/front/front_0129.jpg,datasets/viewpoint/self_clean_v1_rtdetr_crop/front/front_0129.jpg,dup_0134,221e278fa47279206bdfde8d92030985f233f8561be2f11580a718a6b99de2ce,https://www.pexels.com/photo/cows-on-a-grass-field-18333898/,www.pexels.com,success,5,0.9719,291.61,128.23,1211.16,1716.6,246,49,1257,1790,proportional_5pct,2689,1790,1011,1741,1012941,824022,train
front_0130,front,datasets/viewpoint/self_clean_v1/front/front_0130.jpg,datasets/viewpoint/self_clean_v1_rtdetr_crop/front/front_0130.jpg,dup_0135,bcbc2c1e4281a2696c2e33834f297f700127c08b66f8122b8446798016d370fa,https://www.pexels.com/photo/portrait-of-a-brown-cow-in-sunlit-pasture-31221752/,www.pexels.com,success,1,0.9764,2.01,1197.32,3815.01,5422.53,0,986,4000,5450,proportional_5pct,4000,5450,4000,4464,1646056,3445178,train
front_0131,front,datasets/viewpoint/self_clean_v1/front/front_0131.jpg,datasets/viewpoint/self_clean_v1_rtdetr_crop/front/front_0131.jpg,dup_0105,c682ef5de961942411baa6fa9bea05d0235a27ae710d4c09e4352b83427e11df,https://www.pexels.com/photo/cows-on-a-pasture-20710218/,www.pexels.com,success,2,0.9718,3106.4,350.26,6207.84,5463.57,2951,95,6363,5565,proportional_5pct,8347,5565,3412,5470,6459919,6869404,train
front_0133,front,datasets/viewpoint/self_clean_v1/front/front_0133.jpg,datasets/viewpoint/self_clean_v1_rtdetr_crop/front/front_0133.jpg,dup_0137,5d923679382f40358aaee20068920c10329fc98e7cd16c8b702bcf807ef61181,https://www.pexels.com/photo/majestic-bull-in-natural-pastoral-landscape-35844489/,www.pexels.com,success,1,0.9676,2069.07,579.89,4370.36,3717.73,1954,423,4485,3875,proportional_5pct,6000,4000,2531,3452,3396015,2986617,train
front_0134,front,datasets/viewpoint/self_clean_v1/front/front_0134.jpg,datasets/viewpoint/self_clean_v1_rtdetr_crop/front/front_0134.jpg,dup_0138,4955a00d02f9e0573b2140f44145846e2c3a19bb4feea9017af348f8de0ce937,https://www.pexels.com/photo/a-group-of-cows-standing-in-a-field-27397146/,www.pexels.com,success,10,0.9624,407.07,975.71,2919.48,3677.23,281,841,3045,3712,proportional_5pct,5568,3712,2764,2871,1461349,1526275,train
front_0136,front,datasets/viewpoint/self_clean_v1/front/front_0136.jpg,datasets/viewpoint/self_clean_v1_rtdetr_crop/front/front_0136.jpg,dup_0140,2d182305d095047efd3fe26f9fab3d95628a7bd4a060612a2fd82593bbd270da,https://www.pexels.com/photo/close-up-of-a-black-and-white-cow-in-a-field-29069176/,www.pexels.com,success,1,0.9721,1304.85,2.96,4485.4,3940.02,1146,0,4644,4000,proportional_5pct,6000,4000,3498,4000,3317191,4709018,train
front_0138,front,datasets/viewpoint/self_clean_v1/front/front_0138.jpg,datasets/viewpoint/self_clean_v1_rtdetr_crop/front/front_0138.jpg,dup_0049,ed6eee97e58c092e0b719247c7428a6200f5aefb9afc1ad0815fe1a6b85e73c4,https://www.pexels.com/photo/a-cow-standing-in-a-field-with-a-fence-in-the-background-27207629/,www.pexels.com,success,1,0.967,1037.34,1109.9,3906.98,4245.15,894,953,4050,4402,proportional_5pct,7216,4811,3156,3449,3901397,3548006,train
front_0139,front,datasets/viewpoint/self_clean_v1/front/front_0139.jpg,datasets/viewpoint/self_clean_v1_rtdetr_crop/front/front_0139.jpg,dup_0142,4067540298dfedc32ebfe2b859d28a4fdbb18556c80a7b011d2a1e7aad8232f8,https://www.pexels.com/photo/brown-cow-grazing-in-a-field-facing-camera-33955006/,www.pexels.com,success,1,0.9661,1165.05,1347.43,2886.01,4657.62,1079,1182,2972,4823,proportional_5pct,3425,5139,1893,3641,1999675,1805282,train
front_0140,front,datasets/viewpoint/self_clean_v1/front/front_0140.jpg,datasets/viewpoint/self_clean_v1_rtdetr_crop/front/front_0140.jpg,dup_0143,62420590a29f267e3630d2f6cc376ef212d0718cfc2b8576e481d75108f94071,https://www.pexels.com/photo/close-up-of-a-brown-cow-in-natural-setting-31318806/,www.pexels.com,success,1,0.9721,684.42,602.0,3443.51,6217.39,546,321,3581,6240,proportional_5pct,4160,6240,3035,5919,2395017,4354338,train
front_0141,front,datasets/viewpoint/self_clean_v1/front/front_0141.jpg,datasets/viewpoint/self_clean_v1_rtdetr_crop/front/front_0141.jpg,dup_0144,0fe2aad6a3773b219f92e5cf2e7f7b1fb3fb3a1ff02bcb289431d3711ce5ad19,https://www.pexels.com/photo/cow-grazing-on-meadow-18137587/,www.pexels.com,success,1,0.9668,902.26,1565.58,3253.47,5146.51,785,1387,3371,5326,proportional_5pct,4012,6018,2586,3939,1875708,2033557,train
front_0142,front,datasets/viewpoint/self_clean_v1/front/front_0142.jpg,datasets/viewpoint/self_clean_v1_rtdetr_crop/front/front_0142.jpg,dup_0145,a592713b33a394fdb843d27f001234cb29aea8a11f8e19ac21baf066dac4f6a2,https://www.pexels.com/photo/majestic-brown-and-white-bull-standing-outdoors-32838886/,www.pexels.com,success,3,0.9751,362.81,651.26,3988.8,5939.3,182,387,3994,5989,proportional_5pct,3994,5989,3812,5602,1865568,4221237,train
front_0143,front,datasets/viewpoint/self_clean_v1/front/front_0143.jpg,datasets/viewpoint/self_clean_v1_rtdetr_crop/front/front_0143.jpg,dup_0146,abf8fa026b27e997d53d4f73cca6acc63fba47c533f178d96175f55df9b2f688,https://www.pexels.com/photo/trio-of-cows-grazing-in-auvergne-rhone-alpes-34111857/,www.pexels.com,success,4,0.9554,678.55,2106.05,2864.4,4819.67,569,1970,2974,4955,proportional_5pct,4305,6458,2405,2985,2831746,1745238,train
front_0144,front,datasets/viewpoint/self_clean_v1/front/front_0144.jpg,datasets/viewpoint/self_clean_v1_rtdetr_crop/front/front_0144.jpg,dup_0147,5d79521f59e628b91282507f7eac32bec7ba919029f0d86048311723a102df37,https://www.pexels.com/photo/young-cow-in-a-field-in-uruguay-17956248/,www.pexels.com,success,6,0.9568,767.44,1262.92,2189.13,3936.54,696,1129,2260,4070,proportional_5pct,3457,4721,1564,2941,3321394,2320621,train
front_0145,front,datasets/viewpoint/self_clean_v1/front/front_0145.jpg,datasets/viewpoint/self_clean_v1_rtdetr_crop/front/front_0145.jpg,dup_0148,02f036e0cbe5ee87e6ab9f3497a7d55f68d952b6c794c9fc7d619914a950d2bf,https://www.pexels.com/photo/white-cow-on-green-grass-field-3612696/,www.pexels.com,success,1,0.969,446.79,514.3,3605.21,4961.82,289,292,3763,5184,proportional_5pct,3777,5666,3474,4892,2955767,5242801,train
front_0146,front,datasets/viewpoint/self_clean_v1/front/front_0146.jpg,datasets/viewpoint/self_clean_v1_rtdetr_crop/front/front_0146.jpg,dup_0149,c85dea52c5d89ef257d5640dc4bcf3c79b71e94a21148a4abdb2f37d0036b912,https://www.pexels.com/photo/cows-with-ear-tags-8637745/,www.pexels.com,success,10,0.9626,1145.69,2445.87,2871.0,5735.69,1059,2281,2957,5900,proportional_5pct,4000,6000,1898,3619,2754748,2888643,train
front_0148,front,datasets/viewpoint/self_clean_v1/front/front_0148.jpg,datasets/viewpoint/self_clean_v1_rtdetr_crop/front/front_0148.jpg,dup_0151,b8405e8badd550738935f5e032e061719d43fa3a130a2d8a10ff599c00f4312b,https://www.pexels.com/photo/a-cow-with-ear-tags-8637741/,www.pexels.com,success,13,0.9607,416.71,2052.74,3421.19,5951.24,266,1858,3571,6000,proportional_5pct,4000,6000,3305,4142,3173411,5724166,train
front_0151,front,datasets/viewpoint/self_clean_v1/front/front_0151.jpg,datasets/viewpoint/self_clean_v1_rtdetr_crop/front/front_0151.jpg,dup_0154,23b2fe4c611d95c08e2ddab27f1701cb9ad8b15f2b1cf76a2074a26ec89a969a,https://www.pexels.com/photo/portrait-of-a-jersey-cow-in-sunlit-pasture-34211859/,www.pexels.com,success,5,0.9697,73.66,711.85,2484.94,3560.95,0,569,2606,3583,proportional_5pct,2690,3583,2606,3014,1137514,2172261,train
front_0152,front,datasets/viewpoint/self_clean_v1/front/front_0152.jpg,datasets/viewpoint/self_clean_v1_rtdetr_crop/front/front_0152.jpg,dup_0155,a7b0486ab73ac654a209b252e026243361303d794490034173fe87d4cc9a6075,https://www.pexels.com/photo/cows-grazing-in-a-serene-outdoor-setting-34198067/,www.pexels.com,success,7,0.9451,819.33,969.14,2345.9,4136.01,743,811,2422,4203,proportional_5pct,3156,4203,1679,3392,2026133,2260699,train
front_0153,front,datasets/viewpoint/self_clean_v1/front/front_0153.jpg,datasets/viewpoint/self_clean_v1_rtdetr_crop/front/front_0153.jpg,dup_0156,97ac58844c1ec00f70a82c5049e636e3296c8a298fa4ca3e4ee22250729fa949,https://www.pexels.com/photo/cattle-grazing-on-inishmore-farm-in-ireland-33880811/,www.pexels.com,success,6,0.9379,1099.95,2293.93,4108.2,6201.4,950,2099,4259,6397,proportional_5pct,5461,8192,3309,4298,6057726,4932702,train
front_0155,front,datasets/viewpoint/self_clean_v1/front/front_0155.jpg,datasets/viewpoint/self_clean_v1_rtdetr_crop/front/front_0155.jpg,dup_0158,b64a44f0ad5e6e66ccfc3eae945ed15f5204a04df6b930b15f37cd5f54ace7d3,https://www.pexels.com/photo/zebu-calf-in-a-rural-setting-30574676/,www.pexels.com,success,1,0.9575,827.82,1967.68,3204.26,6478.16,709,1742,3323,6704,proportional_5pct,4480,6720,2614,4962,738522,1708385,train
front_0156,front,datasets/viewpoint/self_clean_v1/front/front_0156.jpg,datasets/viewpoint/self_clean_v1_rtdetr_crop/front/front_0156.jpg,dup_0159,18a13b04383febd403a1fe96ad999e482da2e97880f01417c4d223b4522dfaa6,https://www.pexels.com/photo/brown-cow-walking-through-autumn-forest-31318809/,www.pexels.com,success,2,0.9599,811.47,797.77,3577.77,5846.17,673,545,3716,6099,proportional_5pct,4160,6240,3043,5554,2436091,3828687,train
front_0160,front,datasets/viewpoint/self_clean_v1/front/front_0160.jpg,datasets/viewpoint/self_clean_v1_rtdetr_crop/front/front_0160.jpg,dup_0163,dae345199441bec1555a2d72a33d39aa3bc666b55ebe8e03a272b8ab4af8aa60,https://www.pexels.com/photo/calf-walking-on-road-in-rural-setting-36436150/,www.pexels.com,success,10,0.9575,586.43,1512.87,1707.99,4216.55,530,1378,1764,4352,proportional_5pct,3072,4608,1234,2974,1487986,1107749,train
front_0161,front,datasets/viewpoint/self_clean_v1/front/front_0161.jpg,datasets/viewpoint/self_clean_v1_rtdetr_crop/front/front_0161.jpg,dup_0164,ef14baf5aa035b526f02d37f4aecaeab2e2817337c3c981fa021edca23081abe,https://www.pexels.com/photo/close-up-of-a-brown-cow-in-mountain-landscape-29876737/,www.pexels.com,success,1,0.974,567.2,702.89,2434.25,4129.4,474,532,2528,4301,proportional_5pct,2600,4624,2054,3769,2639005,3866832,train
front_0162,front,datasets/viewpoint/self_clean_v1/front/front_0162.jpg,datasets/viewpoint/self_clean_v1_rtdetr_crop/front/front_0162.jpg,dup_0165,d0afefa4396aab6fa4209e683a00dc779835858b1c68595d46044de3edec98c3,https://www.pexels.com/photo/brown-cow-standing-outdoors-in-forest-setting-34198072/,www.pexels.com,success,1,0.968,765.45,201.92,2532.17,4301.64,677,0,2621,4337,proportional_5pct,3257,4337,1944,4337,1721861,2561460,train
front_0163,front,datasets/viewpoint/self_clean_v1/front/front_0163.jpg,datasets/viewpoint/self_clean_v1_rtdetr_crop/front/front_0163.jpg,dup_0166,f23798376688726bff08757e36bfd94d26787902f8095d47030e49b6c44fef3c,https://www.pexels.com/photo/charming-brown-cow-grazing-in-rural-countryside-39415635/,www.pexels.com,success,4,0.9658,634.96,1079.95,1965.22,3802.85,568,944,2032,3840,proportional_5pct,2560,3840,1464,2896,1036762,973880,train
front_0164,front,datasets/viewpoint/self_clean_v1/front/front_0164.jpg,datasets/viewpoint/self_clean_v1_rtdetr_crop/front/front_0164.jpg,dup_0167,00860826588c780198c6c9dcd4d5cf28827f045577baf3b1ead532d14da07701,https://www.pexels.com/photo/brown-cow-standing-in-a-forested-area-28884210/,www.pexels.com,success,1,0.9705,1030.76,1110.61,2850.3,4358.87,940,948,2941,4521,proportional_5pct,3448,4592,2001,3573,2048313,2300418,train
front_0166,front,datasets/viewpoint/self_clean_v1/front/front_0166.jpg,datasets/viewpoint/self_clean_v1_rtdetr_crop/front/front_0166.jpg,dup_0169,59e30e49f6c406613e2573a9c83b7c6a42b1ad46265cd45b68f8be441def0ba5,https://www.pexels.com/photo/young-brown-calf-in-a-green-meadow-34018345/,www.pexels.com,success,1,0.9689,1126.67,1163.72,3210.5,4980.55,1022,973,3315,5171,proportional_5pct,4000,6000,2293,4198,1870730,1968757,train
front_0167,front,datasets/viewpoint/self_clean_v1/front/front_0167.jpg,datasets/viewpoint/self_clean_v1_rtdetr_crop/front/front_0167.jpg,dup_0170,e6696eeb0ed97b5470c41fc037bce478b87aef4fa6e5c871f54e4dae30fdfdbc,https://www.pexels.com/photo/a-brown-cow-on-grass-field-8207283/,www.pexels.com,success,1,0.9719,215.39,726.3,1479.53,2850.27,152,620,1543,2956,proportional_5pct,1880,3525,1391,2336,784789,932257,train
front_0168,front,datasets/viewpoint/self_clean_v1/front/front_0168.jpg,datasets/viewpoint/self_clean_v1_rtdetr_crop/front/front_0168.jpg,dup_0171,690d2812e79a3e94fc50fc7bebe5a4a2e225771b4c275edaf6d766f2deae841d,https://www.pexels.com/photo/cow-standing-in-pasture-9835597/,www.pexels.com,success,1,0.9646,2123.68,383.29,3998.5,3219.98,2030,241,4092,3362,proportional_5pct,6240,3510,2062,3121,1297448,1249510,train
front_0169,front,datasets/viewpoint/self_clean_v1/front/front_0169.jpg,datasets/viewpoint/self_clean_v1_rtdetr_crop/front/front_0169.jpg,dup_0172,131ed1aa519bb5004a64bff4645e6d26dfa458cc4d2aee153ee38af586be0182,https://www.pexels.com/photo/a-cow-with-a-rope-tied-to-its-neck-27629976/,www.pexels.com,success,1,0.9455,564.95,2239.91,3645.99,5976.43,411,2053,3800,6000,proportional_5pct,4000,6000,3389,3947,3728701,5251585,train
front_0170,front,datasets/viewpoint/self_clean_v1/front/front_0170.jpg,datasets/viewpoint/self_clean_v1_rtdetr_crop/front/front_0170.jpg,dup_0173,3325450100b58db2c743db87c4dfa66146c33e67f819a8f1bc7041b518f8c93f,https://www.pexels.com/photo/calf-standing-in-a-field-20111918/,www.pexels.com,success,2,0.9678,709.46,2081.02,2707.83,5686.96,610,1901,2808,5867,proportional_5pct,4000,6000,2198,3966,1838736,2124529,train
front_0171,front,datasets/viewpoint/self_clean_v1/front/front_0171.jpg,datasets/viewpoint/self_clean_v1_rtdetr_crop/front/front_0171.jpg,dup_0174,8f4588df7c680c935d56d78a956131a7fca6afb31ec00ef9057bde981e238b99,https://www.pexels.com/photo/brown-cow-on-farm-20205010/,www.pexels.com,success,5,0.9637,946.69,2313.11,3132.48,5642.52,837,2147,3242,5809,proportional_5pct,4000,6000,2405,3662,1550259,1744380,train
front_0172,front,datasets/viewpoint/self_clean_v1/front/front_0172.jpg,datasets/viewpoint/self_clean_v1_rtdetr_crop/front/front_0172.jpg,dup_0175,55fdcf9d0a90f94e5f1792e4e131f4d4f3ed1c7baba2afa7fe861a3ba60c5f9d,https://www.pexels.com/photo/close-up-shot-of-brown-cows-6339152/,www.pexels.com,success,6,0.9472,1155.82,407.16,4279.12,3411.19,1000,257,4435,3456,proportional_5pct,5184,3456,3435,3199,1199756,2576807,train
front_0173,front,datasets/viewpoint/self_clean_v1/front/front_0173.jpg,datasets/viewpoint/self_clean_v1_rtdetr_crop/front/front_0173.jpg,dup_0176,8f3537e57ecd76741a49d20e195d1c2e9d69f553d0203d2b2825e19466e06831,https://www.pexels.com/photo/brown-and-white-calf-standing-on-brown-soil-27021144/,www.pexels.com,success,1,0.9745,633.33,178.15,1870.93,2480.75,571,63,1871,2494,proportional_5pct,1871,2494,1300,2431,853117,1332467,train
front_0174,front,datasets/viewpoint/self_clean_v1/front/front_0174.jpg,datasets/viewpoint/self_clean_v1_rtdetr_crop/front/front_0174.jpg,dup_0177,6b9ed796adb56e8f4ff8a19fd220b32f7a8de668f82b4e3067ad7fcbe1131432,https://www.pexels.com/photo/close-up-of-cow-16979523/,www.pexels.com,success,2,0.9707,370.33,790.28,3023.39,3653.89,238,647,3024,3797,proportional_5pct,3024,4032,2786,3150,1195388,2349436,train
front_0175,front,datasets/viewpoint/self_clean_v1/front/front_0175.jpg,datasets/viewpoint/self_clean_v1_rtdetr_crop/front/front_0175.jpg,dup_0178,c79566dcc157bc2fefbcc16f518b8ae9ab9704a79b2a00256ae0bf9cdb5cd03f,https://www.pexels.com/photo/a-white-and-red-cow-against-the-background-of-the-forest-24797163/,www.pexels.com,success,2,0.9667,540.24,644.94,3207.48,4681.46,407,443,3341,4712,proportional_5pct,3770,4712,2934,4269,1658114,3083791,train
front_0176,front,datasets/viewpoint/self_clean_v1/front/front_0176.jpg,datasets/viewpoint/self_clean_v1_rtdetr_crop/front/front_0176.jpg,dup_0179,9d8d5d6de2d4bce8cb5ec0bdf4e892536d672c8936bb3b2e1c0e8d828ece6934,https://www.pexels.com/photo/a-black-and-white-cow-on-the-grass-15017831/,www.pexels.com,success,1,0.9695,3587.86,305.71,5058.64,3198.45,3514,161,5132,3343,proportional_5pct,6240,4160,1618,3182,2679156,1402496,train
front_0177,front,datasets/viewpoint/self_clean_v1/front/front_0177.jpg,datasets/viewpoint/self_clean_v1_rtdetr_crop/front/front_0177.jpg,dup_0180,7a3d746064c467323c2c07e9fb6aafa36a4b0259ae04f653a0e852ca550f030a,https://www.pexels.com/photo/cow-cows-mountains-2650385/,www.pexels.com,success,2,0.9658,2852.92,941.81,4291.79,2803.28,2781,849,4364,2896,proportional_5pct,4750,3166,1583,2047,2152347,1327121,train
front_0178,front,datasets/viewpoint/self_clean_v1/front/front_0178.jpg,datasets/viewpoint/self_clean_v1_rtdetr_crop/front/front_0178.jpg,dup_0181,baa2d594aa90e87b7f148aa4dcf04b05115eceea4d191f618bb23833ca4ce43b,https://www.pexels.com/photo/brown-cow-on-green-grass-field-463732/,www.pexels.com,success,4,0.9622,1717.97,1134.38,3487.35,3655.21,1629,1008,3576,3781,proportional_5pct,5760,3840,1947,2773,1719294,1518827,train
front_0179,front,datasets/viewpoint/self_clean_v1/front/front_0179.jpg,datasets/viewpoint/self_clean_v1_rtdetr_crop/front/front_0179.jpg,dup_0182,9e305296f246d15dbbc0c7a8d47d2d913006271b478001a00b8c05d5f01e678f,https://www.pexels.com/photo/limousin-cattle-close-up-photo-14526583/,www.pexels.com,success,1,0.9716,990.78,2578.28,5264.55,8162.5,777,2299,5464,8192,proportional_5pct,5464,8192,4687,5893,2218627,4588511,train
front_0185,front,datasets/viewpoint/self_clean_v1/front/front_0185.jpg,datasets/viewpoint/self_clean_v1_rtdetr_crop/front/front_0185.jpg,dup_0188,28a7d04b35c6708876e222328c08a195a28b55521da15151c57a3523d4298759,https://www.pexels.com/photo/photo-of-a-brown-cow-near-wire-fence-8837025/,www.pexels.com,success,1,0.9618,842.85,1203.78,1847.82,2981.9,793,1115,1898,3071,proportional_5pct,3000,4496,1105,1956,588579,494923,train
front_0187,front,datasets/viewpoint/self_clean_v1/front/front_0187.jpg,datasets/viewpoint/self_clean_v1_rtdetr_crop/front/front_0187.jpg,dup_0189,a00768a2e698701c626624f51cbbbf9fe64b0d7fb9cde31db2b21e406991a0a6,https://www.pexels.com/photo/close-up-of-a-cow-in-priceville-alabama-field-39010286/,www.pexels.com,success,1,0.9758,572.62,793.87,5564.65,4892.24,323,589,5814,4935,proportional_5pct,6169,4935,5491,4346,7421623,13156816,train
front_0188,front,datasets/viewpoint/self_clean_v1/front/front_0188.jpg,datasets/viewpoint/self_clean_v1_rtdetr_crop/front/front_0188.jpg,dup_0021,d1bb8b6b4af69706663c0b5124ad46594a6d5526e744431bf250478f685e3f74,https://www.pexels.com/photo/close-up-of-brown-cow-in-a-muddy-paddock-33949993/,www.pexels.com,success,6,0.9631,1512.09,596.62,5057.72,3613.72,1335,446,5235,3647,proportional_5pct,5470,3647,3900,3201,1235328,2186026,train
front_0190,front,datasets/viewpoint/self_clean_v1/front/front_0190.jpg,datasets/viewpoint/self_clean_v1_rtdetr_crop/front/front_0190.jpg,dup_0191,1039216797486a01e8580e3dc04e40692a31f376ee5c47ef81501892ed90ebc2,https://www.pexels.com/photo/a-close-up-shot-of-a-limousin-cattle-10660414/,www.pexels.com,success,1,0.9661,1324.42,853.52,2981.75,2780.93,1242,757,3065,2800,proportional_5pct,4200,2800,1823,2043,1592063,1430009,train
front_0191,front,datasets/viewpoint/self_clean_v1/front/front_0191.jpg,datasets/viewpoint/self_clean_v1_rtdetr_crop/front/front_0191.jpg,dup_0192,837c727fcf8b0a647501d56d9fbfa82e993edb9ace3ddb68a126dde0bc340030,https://www.pexels.com/photo/young-cow-grazing-on-a-summer-day-38380499/,www.pexels.com,success,1,0.9637,1133.95,20.18,3524.67,3554.77,1014,0,3644,3731,proportional_5pct,6000,4000,2630,3731,6680071,5780457,train
front_0192,front,datasets/viewpoint/self_clean_v1/front/front_0192.jpg,datasets/viewpoint/self_clean_v1_rtdetr_crop/front/front_0192.jpg,dup_0015,defda270c50a117199790cb66cc1e0e6747739a8c9cc471510e505fbe721f47f,https://www.pexels.com/photo/focus-photography-of-brown-cow-2834192/,www.pexels.com,success,1,0.9724,1520.61,1161.59,3747.02,3921.6,1409,1024,3858,3932,proportional_5pct,5243,3932,2449,2908,6863741,4571265,train
front_0193,front,datasets/viewpoint/self_clean_v1/front/front_0193.jpg,datasets/viewpoint/self_clean_v1_rtdetr_crop/front/front_0193.jpg,dup_0193,6d5969fd6314d15325643b3ca68686c3bb5544b524e315a5699d98c5c57698de,https://www.pexels.com/photo/close-up-of-a-brown-cow-on-a-farm-39214253/,www.pexels.com,success,4,0.9731,236.73,71.26,3442.53,3172.09,76,0,3603,3200,proportional_5pct,4800,3200,3527,3200,1681014,2987390,train
front_0195,front,datasets/viewpoint/self_clean_v1/front/front_0195.jpg,datasets/viewpoint/self_clean_v1_rtdetr_crop/front/front_0195.jpg,dup_0195,c7fafcd5e36d975ffd87c2adbd55fe566b27930a124bee32e9ba8eccf6f2b9f4,https://www.pexels.com/photo/cows-on-a-farm-land-13340332/,www.pexels.com,success,4,0.9651,891.26,983.51,2831.37,5337.23,794,766,2928,5472,proportional_5pct,3648,5472,2134,4706,1923482,2428213,train
front_0196,front,datasets/viewpoint/self_clean_v1/front/front_0196.jpg,datasets/viewpoint/self_clean_v1_rtdetr_crop/front/front_0196.jpg,dup_0197,005c6196d3528192532fbbed683ce6375d714cdc3676aa15a112148e024a1dcd,https://www.pexels.com/photo/cows-on-a-grassy-field-5633476/,www.pexels.com,success,21,0.968,1509.13,256.85,2801.45,2297.08,1445,155,2866,2399,proportional_5pct,4896,2760,1421,2244,2650135,1308974,train
front_0197,front,datasets/viewpoint/self_clean_v1/front/front_0197.jpg,datasets/viewpoint/self_clean_v1_rtdetr_crop/front/front_0197.jpg,dup_0198,9d9cab9a3e6590f94f4ba5e33e5a9106143ba2bd2db71057d6b1ee48b78b45dc,https://www.pexels.com/photo/white-and-black-cows-on-green-grass-field-10829422/,www.pexels.com,success,3,0.9741,824.74,376.99,2862.82,2341.03,723,279,2965,2439,proportional_5pct,4463,2609,2242,2160,2304016,1796363,train
front_0198,front,datasets/viewpoint/self_clean_v1/front/front_0198.jpg,datasets/viewpoint/self_clean_v1_rtdetr_crop/front/front_0198.jpg,dup_0199,73770b6748a792e3a76ad965ef25b1c1973fe2e5ee7c79f56af93a9b6fe044de,https://www.pexels.com/photo/white-and-black-cow-during-daytime-89771/,www.pexels.com,success,1,0.9716,1616.4,176.08,3391.36,3244.39,1528,23,3480,3352,proportional_5pct,4928,3352,1952,3329,2188168,2179482,train
front_0199,front,datasets/viewpoint/self_clean_v1/front/front_0199.jpg,datasets/viewpoint/self_clean_v1_rtdetr_crop/front/front_0199.jpg,dup_0200,373108f887129345ce6cefa8e19a7a27508eeec9fb447c4be6658cace7eb583a,https://www.pexels.com/photo/cow-on-pasture-17288990/,www.pexels.com,success,1,0.9665,977.38,1972.08,2884.14,5323.54,882,1805,2979,5491,proportional_5pct,4000,6000,2097,3686,4102604,3157728,train
front_0201,front,datasets/viewpoint/self_clean_v1/front/front_0201.jpg,datasets/viewpoint/self_clean_v1_rtdetr_crop/front/front_0201.jpg,dup_0202,98e19b87f38c540589c180dd9427437851d27243d2ca6e98194ffac057e18694,https://www.pexels.com/photo/close-up-of-cows-on-a-pasture-20415849/,www.pexels.com,success,4,0.9663,797.57,1487.58,3458.55,5464.31,665,1289,3592,5663,proportional_5pct,4000,6000,2927,4374,2601008,3195061,train
front_0202,front,datasets/viewpoint/self_clean_v1/front/front_0202.jpg,datasets/viewpoint/self_clean_v1_rtdetr_crop/front/front_0202.jpg,dup_0203,b842f6a71d0390fabde48dca804efff075f0c7c7034f9cc14d80f214ce7c957f,https://www.pexels.com/photo/brown-cows-grazing-in-a-lush-green-field-32669653/,www.pexels.com,success,5,0.9534,580.9,1354.7,1734.65,3845.61,523,1230,1792,3872,proportional_5pct,2581,3872,1269,2642,1343678,1139241,train
front_0203,front,datasets/viewpoint/self_clean_v1/front/front_0203.jpg,datasets/viewpoint/self_clean_v1_rtdetr_crop/front/front_0203.jpg,dup_0204,dc306ccc0001bf20f5a80365ec5f681fcdca3a6031276f12ed2a1c4282851425,https://www.pexels.com/photo/brown-cow-grazing-in-indonesian-jungle-33154032/,www.pexels.com,success,1,0.9747,284.74,737.31,2089.53,3607.65,194,594,2180,3632,proportional_5pct,2477,3632,1986,3038,1246419,2067885,train
front_0204,front,datasets/viewpoint/self_clean_v1/front/front_0204.jpg,datasets/viewpoint/self_clean_v1_rtdetr_crop/front/front_0204.jpg,dup_0205,b73f2b5b541ee1aedab8b379d17d43cd0be5612bac57e89c6d073cbe3128cf07,https://www.pexels.com/photo/majestic-zebu-cattle-with-prominent-horns-outdoors-34225365/,www.pexels.com,success,5,0.9691,145.98,983.54,3092.42,4190.2,0,823,3170,4222,proportional_5pct,3170,4222,3170,3399,1534080,3064616,train
front_0207,front,datasets/viewpoint/self_clean_v1/front/front_0207.jpg,datasets/viewpoint/self_clean_v1_rtdetr_crop/front/front_0207.jpg,dup_0208,036c81d2fcc6ca84d679e517d09ef87ed9ba436490a38245817663bdbfd6ae26,https://www.pexels.com/photo/close-up-portrait-of-a-brown-cow-in-a-field-31593354/,www.pexels.com,success,1,0.9682,1684.65,321.14,5467.67,4627.22,1495,106,5657,4672,proportional_5pct,7008,4672,4162,4566,1359220,4306234,train
front_0208,front,datasets/viewpoint/self_clean_v1/front/front_0208.jpg,datasets/viewpoint/self_clean_v1_rtdetr_crop/front/front_0208.jpg,dup_0209,5a04b1f4f10cb54246bd462234d13a4df944ca4dbd7ee40525d9e60c79b6eb8b,https://www.pexels.com/photo/brown-cow-grazing-in-a-lush-green-pasture-28578397/,www.pexels.com,success,2,0.9652,1521.44,3307.67,4358.59,7872.39,1380,3079,4500,7952,proportional_5pct,5304,7952,3120,4873,3439682,3781995,train
front_0209,front,datasets/viewpoint/self_clean_v1/front/front_0209.jpg,datasets/viewpoint/self_clean_v1_rtdetr_crop/front/front_0209.jpg,dup_0210,02eb6304b3b0e47407cb20fe02e054dbc7656f716a88fcbd83741677ba526b88,https://www.pexels.com/photo/rind-27905675/,www.pexels.com,success,9,0.9706,907.07,976.65,3438.88,6112.09,780,720,3565,6240,proportional_5pct,4160,6240,2785,5520,1979513,2882583,train
front_0210,front,datasets/viewpoint/self_clean_v1/front/front_0210.jpg,datasets/viewpoint/self_clean_v1_rtdetr_crop/front/front_0210.jpg,dup_0211,bed3d076d8a4fdd8c62b11f39bc225e0ca356947bb07e4d5b259aa75fb71f4de,https://www.pexels.com/photo/brown-and-white-cow-grazing-in-a-forest-clearing-32838884/,www.pexels.com,success,4,0.9364,26.94,1015.18,3866.75,5923.27,0,770,4000,6000,proportional_5pct,4000,6000,4000,5230,2769603,5293576,train
front_0211,front,datasets/viewpoint/self_clean_v1/front/front_0211.jpg,datasets/viewpoint/self_clean_v1_rtdetr_crop/front/front_0211.jpg,dup_0212,915f22518bac4aa35eb96deedf0ac1dcbcd2fa9808b78e8329cefe0afbe572ca,http://pexels.com/photo/cow-standing-in-the-pasture-18827729/,pexels.com,success,1,0.9732,1163.85,177.17,4644.65,3893.6,990,0,4819,3925,proportional_5pct,5888,3925,3829,3925,1705525,2988460,train
front_0212,front,datasets/viewpoint/self_clean_v1/front/front_0212.jpg,datasets/viewpoint/self_clean_v1_rtdetr_crop/front/front_0212.jpg,dup_0213,a5ec556f97792d7c58e477d42a4b4301410ea29670fb6f9de6b0f3de69290c09,https://www.pexels.com/photo/brown-and-white-cow-grazing-in-sunlit-field-32838885/,www.pexels.com,success,1,0.9635,778.57,784.43,3072.46,5545.09,664,546,3187,5596,proportional_5pct,3730,5596,2523,5050,1736570,2621330,train
front_0214,front,datasets/viewpoint/self_clean_v1/front/front_0214.jpg,datasets/viewpoint/self_clean_v1_rtdetr_crop/front/front_0214.jpg,dup_0215,06f8d7850e5ccedabf0213400143f0ba56ee43389a560921a9699d3e1f46b34d,https://www.pexels.com/photo/kuh-rind-27098224/,www.pexels.com,success,2,0.9746,-0.04,1542.42,3630.76,6205.53,0,1309,3812,6240,proportional_5pct,4160,6240,3812,4931,1721617,3147282,train
front_0215,front,datasets/viewpoint/self_clean_v1/front/front_0215.jpg,datasets/viewpoint/self_clean_v1_rtdetr_crop/front/front_0215.jpg,dup_0216,e248702655706f68f19e65601a58f921e4c234f4629099d2fc23f7c4d022a0af,https://www.pexels.com/photo/standing-cow-on-pasture-under-tree-26893668/,www.pexels.com,success,1,0.9676,238.38,978.0,1796.81,2986.43,160,878,1875,3008,proportional_5pct,2000,3008,1715,2130,482226,723802,train
front_0216,front,datasets/viewpoint/self_clean_v1/front/front_0216.jpg,datasets/viewpoint/self_clean_v1_rtdetr_crop/front/front_0216.jpg,dup_0217,70dd69e94e88dc279525c3c91830f55477065c0ff21b5dc4e7fc3c2cba928c20,https://www.pexels.com/photo/a-cow-standing-on-a-road-in-the-woods-27864955/,www.pexels.com,success,1,0.9579,751.11,3590.44,3887.25,5978.92,594,3471,4000,6000,proportional_5pct,4000,6000,3406,2529,7745721,6009551,train
front_0217,front,datasets/viewpoint/self_clean_v1/front/front_0217.jpg,datasets/viewpoint/self_clean_v1_rtdetr_crop/front/front_0217.jpg,dup_0218,08539d4044eca5254b25522ab5f02b96d5736cde3b1e3331eaca3441873c4b82,https://www.pexels.com/photo/black-and-white-cattle-grazing-in-pasture-33080397/,www.pexels.com,success,2,0.9566,1659.81,2003.23,3600.71,5786.52,1563,1814,3698,5976,proportional_5pct,4000,6000,2135,4162,1815342,2034113,train
front_0218,front,datasets/viewpoint/self_clean_v1/front/front_0218.jpg,datasets/viewpoint/self_clean_v1_rtdetr_crop/front/front_0218.jpg,dup_0219,01da9d6ef1255fcfa34601e878fc1d49fc0f71890dbbaff1a3c499c1aa27ed7f,https://www.pexels.com/photo/white-and-brown-cow-grazing-on-pasture-18291892/,www.pexels.com,success,1,0.9551,857.47,1643.21,3230.67,4720.9,739,1489,3349,4875,proportional_5pct,3456,5184,2610,3386,1696797,2494967,train
front_0219,front,datasets/viewpoint/self_clean_v1/front/front_0219.jpg,datasets/viewpoint/self_clean_v1_rtdetr_crop/front/front_0219.jpg,dup_0220,0756a7e87b0536e620ce192602b32a24d05250f217b203ec1863fb929a7c972f,https://www.pexels.com/photo/holstein-cow-grazing-in-almelo-pasture-38084647/,www.pexels.com,success,1,0.9736,255.89,75.34,2998.39,3957.43,119,0,3136,4152,proportional_5pct,3456,5184,3017,4152,2036807,2575986,train
front_0227,front,datasets/viewpoint/self_clean_v1/front/front_0227.jpg,datasets/viewpoint/self_clean_v1_rtdetr_crop/front/front_0227.jpg,dup_0227,e9a205c4c8173863e4a7928a44d1d53bdc459c196dfd1b59a59995f7563d2ba0,https://www.pexels.com/photo/cows-standing-on-green-grass-field-10532350/,www.pexels.com,success,3,0.9664,1307.68,2409.08,3434.41,5847.83,1201,2237,3541,6000,proportional_5pct,4000,6000,2340,3763,3724218,3672908,train
front_0228,front,datasets/viewpoint/self_clean_v1/front/front_0228.jpg,datasets/viewpoint/self_clean_v1_rtdetr_crop/front/front_0228.jpg,dup_0228,821d319a05015eee5c7a060bee37e7e29865665fdc298543f99543a6eac09ae0,https://www.pexels.com/photo/brown-cow-in-bavarian-oberstdorf-pasture-32488125/,www.pexels.com,success,1,0.9715,381.45,1009.59,3098.59,5765.74,246,772,3234,6000,proportional_5pct,4000,6000,2988,5228,2382937,4193840,train
front_0229,front,datasets/viewpoint/self_clean_v1/front/front_0229.jpg,datasets/viewpoint/self_clean_v1_rtdetr_crop/front/front_0229.jpg,dup_0229,1165a630f811c325d19714f0ce508b0075a61c33cec229eaa6a391994cf08d65,https://www.pexels.com/photo/a-cow-standing-on-a-hillside-with-a-mountain-in-the-background-27579612/,www.pexels.com,success,1,0.9703,885.85,3153.08,2737.84,5938.99,793,3014,2830,6000,proportional_5pct,4000,6000,2037,2986,2564480,2547229,train
front_0231,front,datasets/viewpoint/self_clean_v1/front/front_0231.jpg,datasets/viewpoint/self_clean_v1_rtdetr_crop/front/front_0231.jpg,dup_0231,516e933a22c1a2b67c7a6c12088c227f9c51fbbed918ddd493b69de6f228adff,https://www.pexels.com/photo/cow-in-scenic-mountain-landscape-pathway-33483503/,www.pexels.com,success,1,0.9716,754.56,1942.37,3262.66,5964.79,629,1741,3388,6000,proportional_5pct,4000,6000,2759,4259,3396295,4412596,train
front_0232,front,datasets/viewpoint/self_clean_v1/front/front_0232.jpg,datasets/viewpoint/self_clean_v1_rtdetr_crop/front/front_0232.jpg,dup_0232,ff16700655f85fbf73bb525c06ad049131707ad3ea3d1b6085fdfd25ed439705,https://www.pexels.com/photo/majestic-cow-in-bavarian-alps-meadow-37968742/,www.pexels.com,success,7,0.9668,522.2,525.34,3056.31,4737.82,395,315,3183,4948,proportional_5pct,3867,5801,2788,4633,1592582,2803014,train
front_0233,front,datasets/viewpoint/self_clean_v1/front/front_0233.jpg,datasets/viewpoint/self_clean_v1_rtdetr_crop/front/front_0233.jpg,dup_0233,285721da32023389672b0518e3182632c70239738ae489d75a15b6992871f41c,https://www.pexels.com/photo/brown-cattle-on-a-grass-field-5947760/,www.pexels.com,success,1,0.9486,1162.99,272.54,2597.39,2488.6,1091,162,2669,2599,proportional_5pct,4134,2759,1578,2437,1003781,931565,train
front_0234,front,datasets/viewpoint/self_clean_v1/front/front_0234.jpg,datasets/viewpoint/self_clean_v1_rtdetr_crop/front/front_0234.jpg,dup_0234,ae6dae38be56430f3012e3ac5789c5358a7eb8cea535bafce830bc072e841b8a,https://www.pexels.com/photo/brown-cow-on-the-field-6553453/,www.pexels.com,success,1,0.9749,588.26,678.33,2381.42,3973.37,499,514,2471,4138,proportional_5pct,2848,4272,1972,3624,1251422,1958801,train
front_0235,front,datasets/viewpoint/self_clean_v1/front/front_0235.jpg,datasets/viewpoint/self_clean_v1_rtdetr_crop/front/front_0235.jpg,dup_0235,942e9a6c3f5c6a2212f3dd5d9ecf67551a1cfcdfa1ce2288cbc2e97b6718d692,https://www.pexels.com/photo/grazing-cows-in-hinterstoder-austrian-alps-34115594/,www.pexels.com,success,2,0.8368,348.2,909.47,1564.43,2546.37,287,828,1625,2628,proportional_5pct,1806,2709,1338,1800,880997,1074206,train
front_0236,front,datasets/viewpoint/self_clean_v1/front/front_0236.jpg,datasets/viewpoint/self_clean_v1_rtdetr_crop/front/front_0236.jpg,dup_0236,ba831a6eab37667266af6ab14d6b2ed1e6597b5316d0c8f6215ceb31f0a16b2b,https://www.pexels.com/photo/close-up-portrait-of-a-cow-in-mountainous-landscape-38902165/,www.pexels.com,success,2,0.9725,826.1,1690.31,3994.7,5963.57,668,1477,4000,6000,proportional_5pct,4000,6000,3332,4523,3068441,4939661,train
front_0237,front,datasets/viewpoint/self_clean_v1/front/front_0237.jpg,datasets/viewpoint/self_clean_v1_rtdetr_crop/front/front_0237.jpg,dup_0237,41bb05a4a42405343388519d593ebf854e10661de9ea66b62650829bc1f9d7e4,https://www.pexels.com/photo/majestic-cows-grazing-in-mountainous-terrain-38902181/,www.pexels.com,success,2,0.9577,395.79,1864.69,3290.83,5945.48,251,1661,3436,6000,proportional_5pct,4000,6000,3185,4339,3552878,4893458,train
front_0238,front,datasets/viewpoint/self_clean_v1/front/front_0238.jpg,datasets/viewpoint/self_clean_v1_rtdetr_crop/front/front_0238.jpg,dup_0238,ca0bede1dad6648ee1911ef5b12f2eb456850a020c4d13f1cff7001206db02ca,https://www.pexels.com/photo/majestic-white-cow-in-mountainous-landscape-38902169/,www.pexels.com,success,2,0.9624,11.62,1427.86,3974.86,5971.32,0,1201,4000,6000,proportional_5pct,4000,6000,4000,4799,3073144,5517148,train
front_0240,front,datasets/viewpoint/self_clean_v1/front/front_0240.jpg,datasets/viewpoint/self_clean_v1_rtdetr_crop/front/front_0240.jpg,dup_0240,1248f824d9c49e12af5072dd43ff8aa9272fb856ecb633ae951b1b3ccfcdbd3a,https://www.pexels.com/photo/cows-on-mud-near-green-grass-field-13340337/,www.pexels.com,success,10,0.9693,1690.84,412.13,3933.34,3615.22,1579,252,4045,3648,proportional_5pct,5472,3648,2466,3396,2092460,2329949,train
front_0243,front,datasets/viewpoint/self_clean_v1/front/front_0243.jpg,datasets/viewpoint/self_clean_v1_rtdetr_crop/front/front_0243.jpg,dup_0243,c413ff66532bea267af1942de7ba6e84b693546961913d8bcc54289bd0856de0,https://www.pexels.com/photo/close-up-portrait-of-a-cow-in-a-field-38629925/,www.pexels.com,success,1,0.9713,703.13,279.67,2205.97,1918.13,628,198,2281,1931,proportional_5pct,2897,1931,1653,1733,352201,588844,train
front_0244,front,datasets/viewpoint/self_clean_v1/front/front_0244.jpg,datasets/viewpoint/self_clean_v1_rtdetr_crop/front/front_0244.jpg,dup_0267,4b973c3fd2b9c70901e7daca63f5b7e03d889f7fffb897601225b25d6937dd6c,https://www.pexels.com/photo/cow-grazing-in-field-in-mountain-landscape-9325333/,www.pexels.com,success,1,0.9625,649.25,2375.71,2745.01,3918.62,544,2299,2850,3996,proportional_5pct,3498,4372,2306,1697,2488318,1649183,train
front_0245,front,datasets/viewpoint/self_clean_v1/front/front_0245.jpg,datasets/viewpoint/self_clean_v1_rtdetr_crop/front/front_0245.jpg,dup_0268,4b9e1869412ef43a3e309727e3d259e675ad420790fe8811d04a242f4f51fc2a,https://www.pexels.com/photo/brown-and-white-cow-grazing-in-a-pasture-38336842/,www.pexels.com,success,1,0.9698,1428.29,507.14,3952.27,3292.4,1302,368,4078,3432,proportional_5pct,6000,4000,2776,3064,3624882,2760668,train
front_0246,front,datasets/viewpoint/self_clean_v1/front/front_0246.jpg,datasets/viewpoint/self_clean_v1_rtdetr_crop/front/front_0246.jpg,dup_0269,3385fdbff0a4eec21c21cbf3b716961d312d90a468e1d81ff024ec2f80886cac,https://www.pexels.com/photo/cow-in-enclosure-19826912/,www.pexels.com,success,6,0.9681,1380.55,886.91,3666.29,2942.0,1266,784,3781,3032,proportional_5pct,5184,3032,2515,2248,2175031,2178165,train
front_0247,front,datasets/viewpoint/self_clean_v1/front/front_0247.jpg,datasets/viewpoint/self_clean_v1_rtdetr_crop/front/front_0247.jpg,dup_0270,875a66acdfa04a58d990cec4f5ea00fa831bee36af4fa6699392166bafbd59db,https://www.pexels.com/photo/cow-on-pasture-16682142/,www.pexels.com,success,1,0.9604,1608.38,775.73,3735.76,2151.34,1502,707,3842,2220,proportional_5pct,5023,4000,2340,1513,3968125,1348533,train
front_0248,front,datasets/viewpoint/self_clean_v1/front/front_0248.jpg,datasets/viewpoint/self_clean_v1_rtdetr_crop/front/front_0248.jpg,dup_0271,6e8de3c17699f7ee3512157b4ddcd04d9f13247508b80474805473c69c4603b5,https://www.pexels.com/photo/cow-eating-grass-16945050/,www.pexels.com,success,1,0.9599,2422.31,969.86,4422.17,3144.82,2322,861,4522,3254,proportional_5pct,6240,4160,2200,2393,2652742,1602305,train
front_0249,front,datasets/viewpoint/self_clean_v1/front/front_0249.jpg,datasets/viewpoint/self_clean_v1_rtdetr_crop/front/front_0249.jpg,dup_0272,5e64a4fd3dfb05226b87cdad40799cc23b8f1d4a14e325d87774467564435145,https://www.pexels.com/photo/peaceful-cows-grazing-in-czech-pasture-31254675/,www.pexels.com,success,6,0.9681,2574.28,1071.94,5052.13,3441.65,2450,953,5176,3560,proportional_5pct,6960,3904,2726,2607,3002319,2121776,train
front_0251,front,datasets/viewpoint/self_clean_v1/front/front_0251.jpg,datasets/viewpoint/self_clean_v1_rtdetr_crop/front/front_0251.jpg,dup_0274,4c5e1a59a69cbc2783bbacc25cf66dade8ba497803557fc2f903681f516c1e17,https://www.pexels.com/photo/white-cow-grazing-on-mountain-slope-34730896/,www.pexels.com,success,1,0.9624,2656.17,926.81,4239.88,1866.4,2577,880,4319,1913,proportional_5pct,5184,3456,1742,1033,2442566,400260,train
front_0252,front,datasets/viewpoint/self_clean_v1/front/front_0252.jpg,datasets/viewpoint/self_clean_v1_rtdetr_crop/front/front_0252.jpg,dup_0275,24dfc217e7ca2de3166fd1725e89a857292b6ed42070ea6bca2d455dd50cec77,https://www.pexels.com/photo/charolais-cows-grazing-in-sunny-pasture-28949552/,www.pexels.com,success,11,0.9722,877.24,3360.4,3903.69,6145.78,726,3221,4055,6285,proportional_5pct,4672,7008,3329,3064,4080205,3430476,train
front_0253,front,datasets/viewpoint/self_clean_v1/front/front_0253.jpg,datasets/viewpoint/self_clean_v1_rtdetr_crop/front/front_0253.jpg,dup_0276,e908108ea6cb32b916e93a8369ef86ec396422a5b97e7046e6160a89d2a7f620,https://www.pexels.com/photo/scenic-alpine-pasture-with-cows-and-blue-sky-34730897/,www.pexels.com,success,4,0.9732,705.22,1158.19,2853.49,3005.64,598,1066,2961,3098,proportional_5pct,4624,3468,2363,2032,3403470,2464008,train
front_0255,front,datasets/viewpoint/self_clean_v1/front/front_0255.jpg,datasets/viewpoint/self_clean_v1_rtdetr_crop/front/front_0255.jpg,dup_0278,5f5e5aad8ea7b01652d0056d8971a7132b115c029645b04af36efc0c72692504,https://www.pexels.com/photo/pregnant-cow-on-pasture-18635539/,www.pexels.com,success,2,0.9677,621.06,672.02,4439.53,3142.34,430,549,4630,3266,proportional_5pct,5616,3744,4200,2717,3138406,4481595,train
front_0256,front,datasets/viewpoint/self_clean_v1/front/front_0256.jpg,datasets/viewpoint/self_clean_v1_rtdetr_crop/front/front_0256.jpg,dup_0279,96142ee242dc9a077a6faae7678e2774e045ab5f31a9f516f6779cd4a87b4648,https://www.pexels.com/photo/brown-and-white-cow-grazing-in-autumn-field-34582680/,www.pexels.com,success,1,0.9689,2354.71,1448.14,4384.64,3786.25,2253,1331,4486,3903,proportional_5pct,6240,4160,2233,2572,2963144,1769541,train
front_0257,front,datasets/viewpoint/self_clean_v1/front/front_0257.jpg,datasets/viewpoint/self_clean_v1_rtdetr_crop/front/front_0257.jpg,dup_0280,27052fbca8bbf3a019fe69db65bcdb66a07181abc2c98328ccd376098569d9f0,https://www.pexels.com/photo/majestic-indian-cow-on-vibrant-steps-outdoors-29900567/,www.pexels.com,success,1,0.9713,985.3,2742.12,3709.2,6264.68,849,2566,3845,6441,proportional_5pct,5304,7952,2996,3875,4005400,2760019,train
front_0258,front,datasets/viewpoint/self_clean_v1/front/front_0258.jpg,datasets/viewpoint/self_clean_v1_rtdetr_crop/front/front_0258.jpg,dup_0281,9e77db0264248b58c121e5caf5db08adc74a6a359fd31587512b48a85a9e854d,https://www.pexels.com/photo/hereford-cattle-on-green-grass-field-12029896/,www.pexels.com,success,1,0.9585,2750.29,1799.44,4720.26,3647.71,2652,1707,4819,3740,proportional_5pct,8192,5464,2167,2033,9877212,2177582,train
front_0259,front,datasets/viewpoint/self_clean_v1/front/front_0259.jpg,datasets/viewpoint/self_clean_v1_rtdetr_crop/front/front_0259.jpg,dup_0282,f89ef4deee187804957df328c81b5dd4953b520510d5721f42dc22e8c852a2d1,https://www.pexels.com/photo/a-calf-walking-on-grass-8374800/,www.pexels.com,success,1,0.9606,172.31,1131.65,2842.74,3286.95,39,1024,2976,3395,proportional_5pct,3264,4080,2937,2371,877672,1105660,train
front_0260,front,datasets/viewpoint/self_clean_v1/front/front_0260.jpg,datasets/viewpoint/self_clean_v1_rtdetr_crop/front/front_0260.jpg,dup_0283,0fdd9cb12881549551af7c13e698ba3271da6356c722c8e45ceea1b3c7844cfa,https://www.pexels.com/photo/cattle-in-summer-20160396/,www.pexels.com,success,7,0.9653,680.63,1778.91,2032.04,3056.2,613,1715,2100,3120,proportional_5pct,5333,3999,1487,1405,3954827,968262,train
front_0262,front,datasets/viewpoint/self_clean_v1/front/front_0262.jpg,datasets/viewpoint/self_clean_v1_rtdetr_crop/front/front_0262.jpg,dup_0285,47ec7d9f2d5dc98fcd55151c962908acec62856f57a64317f103e4d83f372146,https://www.pexels.com/photo/a-cow-standing-in-the-tall-grass-10751509/,www.pexels.com,success,2,0.9535,893.44,2444.98,3350.47,4905.33,771,2322,3473,5028,proportional_5pct,4000,6000,2702,2706,4316894,3283556,train
front_0264,front,datasets/viewpoint/self_clean_v1/front/front_0264.jpg,datasets/viewpoint/self_clean_v1_rtdetr_crop/front/front_0264.jpg,dup_0287,d323a1770c73acd8ed1492e53c08b95ed69b90e365e1cb7d586286601005af47,https://www.pexels.com/photo/brown-cow-on-brown-grass-field-4618582/,www.pexels.com,success,2,0.9465,611.09,1578.75,1308.66,2221.33,576,1547,1344,2253,proportional_5pct,2366,3154,768,706,1376030,272692,train
front_0265,front,datasets/viewpoint/self_clean_v1/front/front_0265.jpg,datasets/viewpoint/self_clean_v1_rtdetr_crop/front/front_0265.jpg,dup_0288,2cbe67ec97fe64a6b6b9da1408cf40fd6ea33c1ad2ab4c61ea2019e49cf21538,https://www.pexels.com/photo/a-cow-standing-in-a-dirt-field-with-a-stick-in-its-mouth-27661945/,www.pexels.com,success,2,0.9664,397.31,897.35,3775.85,5305.51,228,677,3945,5526,proportional_5pct,4000,6000,3717,4849,1792812,3580282,train
front_0266,front,datasets/viewpoint/self_clean_v1/front/front_0266.jpg,datasets/viewpoint/self_clean_v1_rtdetr_crop/front/front_0266.jpg,dup_0290,4db5dd998d629275997737a72536e1494c04fb2f43e401522cb2b64f508b7e6b,https://www.pexels.com/photo/adorable-calf-grazing-in-lush-green-meadow-31586191/,www.pexels.com,success,1,0.9725,1206.85,392.01,4081.91,3859.04,1063,219,4226,4032,proportional_5pct,6240,4160,3163,3813,2751579,2944046,train
front_0267,front,datasets/viewpoint/self_clean_v1/front/front_0267.jpg,datasets/viewpoint/self_clean_v1_rtdetr_crop/front/front_0267.jpg,dup_0291,06bcaff7956cb8b49071f733e882af91e1bc4c95f6f6af30227e470ba6053f43,https://www.pexels.com/photo/white-brown-cow-234791/,www.pexels.com,success,1,0.9619,1303.39,921.68,4016.23,3037.17,1168,816,4152,3143,proportional_5pct,5472,3648,2984,2327,3713956,2378424,train
front_0268,front,datasets/viewpoint/self_clean_v1/front/front_0268.jpg,datasets/viewpoint/self_clean_v1_rtdetr_crop/front/front_0268.jpg,dup_0292,316fbaa621da1477281cb568d012e6e091c3b2d09550456fdbd3f543fe6fb381,https://www.pexels.com/photo/a-cow-on-a-field-12128120/,www.pexels.com,success,1,0.9701,894.64,319.35,4677.11,3587.37,706,156,4866,3751,proportional_5pct,6000,4000,4160,3595,4823048,6496617,train
front_0269,front,datasets/viewpoint/self_clean_v1/front/front_0269.jpg,datasets/viewpoint/self_clean_v1_rtdetr_crop/front/front_0269.jpg,dup_0293,b59215d6297af53914d07cb756b82be80b4817ec09537cb2908131797bfc5e39,https://www.pexels.com/photo/white-and-brown-cow-on-green-grass-field-under-cloudy-sky-10848123/,www.pexels.com,success,2,0.9666,1313.63,559.39,3546.36,2364.7,1202,469,3658,2455,proportional_5pct,4896,2760,2456,1986,2326726,1950389,train
front_0272,front,datasets/viewpoint/self_clean_v1/front/front_0272.jpg,datasets/viewpoint/self_clean_v1_rtdetr_crop/front/front_0272.jpg,dup_0296,3d0d416d42c7c859cd8ed8c82840376acceafe612b55cb7991aa1e603be29b43,https://www.pexels.com/photo/a-cow-on-the-grass-12294835/,www.pexels.com,success,5,0.9694,4.83,1200.75,3438.41,3569.68,0,1082,3610,3600,proportional_5pct,5372,3600,3610,2518,2165852,2309775,train
front_0273,front,datasets/viewpoint/self_clean_v1/front/front_0273.jpg,datasets/viewpoint/self_clean_v1_rtdetr_crop/front/front_0273.jpg,dup_0297,c72cbe6b7b854b672813c35a8b116e7fd8fdd13a14716c2e07b47f8477d9a4b6,https://www.pexels.com/photo/breton-black-pie-cattle-on-a-field-5014344/,www.pexels.com,success,1,0.9661,1.57,1049.43,2637.66,3899.22,0,907,2769,4042,proportional_5pct,3406,5117,2769,3135,2000705,2107310,train
front_0278,front,datasets/viewpoint/self_clean_v1/front/front_0278.jpg,datasets/viewpoint/self_clean_v1_rtdetr_crop/front/front_0278.jpg,dup_0302,e09c042e3eaa8204f51d601dd6d1cb63d9b53164f4df1dc68dfc85c68c9b7f0d,https://www.pexels.com/photo/cow-under-roof-on-farm-20205007/,www.pexels.com,success,2,0.9656,123.42,2182.15,2884.54,4954.07,0,2044,3023,5093,proportional_5pct,4000,6000,3023,3049,2971279,2100452,train
front_0281,front,datasets/viewpoint/self_clean_v1/front/front_0281.jpg,datasets/viewpoint/self_clean_v1_rtdetr_crop/front/front_0281.jpg,dup_0305,8b0ea06f9b1e5723532dd2cf7dc4d49c8cad2d1266e25d577c967b65e637516e,https://www.pexels.com/photo/cattle-grazing-in-scenic-county-galway-pasture-39031841/,www.pexels.com,success,14,0.9559,582.79,1610.48,2119.24,3787.04,506,1502,2196,3896,proportional_5pct,3120,4759,1690,2394,3676057,2301306,train
front_0283,front,datasets/viewpoint/self_clean_v1/front/front_0283.jpg,datasets/viewpoint/self_clean_v1_rtdetr_crop/front/front_0283.jpg,dup_0307,94b25e534946885af45ac5cfd78569d388a01f2644e5bfc5264d78a631d111c8,https://www.pexels.com/photo/guzerat-cattle-in-summer-19957978/,www.pexels.com,success,2,0.9659,1408.7,1022.07,3453.74,2928.58,1306,927,3556,3024,proportional_5pct,4896,3264,2250,2097,2694921,1708111,train
front_0284,front,datasets/viewpoint/self_clean_v1/front/front_0284.jpg,datasets/viewpoint/self_clean_v1_rtdetr_crop/front/front_0284.jpg,dup_0308,25ced00c19f2489a3260b2d950828e31b2a88fadc17120afe9dab4c28f04a97d,https://www.pexels.com/photo/brown-cow-grazing-in-rural-farm-field-37744862/,www.pexels.com,success,1,0.9534,2404.61,1615.55,4093.19,2916.87,2320,1550,4178,2982,proportional_5pct,6192,4128,1858,1432,4359768,1086683,train
front_0286,front,datasets/viewpoint/self_clean_v1/front/front_0286.jpg,datasets/viewpoint/self_clean_v1_rtdetr_crop/front/front_0286.jpg,dup_0310,8dba05bf3246ffb11461deb6e0a2919a350ef4a215c2476f112960c75ba069e3,https://www.pexels.com/photo/cow-in-green-pasture-field-8605978/,www.pexels.com,success,1,0.9688,620.1,755.68,3755.23,2857.53,463,651,3912,2963,proportional_5pct,4831,3221,3449,2312,2482987,3090985,train
front_0287,front,datasets/viewpoint/self_clean_v1/front/front_0287.jpg,datasets/viewpoint/self_clean_v1_rtdetr_crop/front/front_0287.jpg,dup_0311,e0b78eee852606e325bba721374d92b519c36a83144fd80714339a3f371832b2,https://www.pexels.com/photo/holstein-cow-grazing-in-mountain-landscape-35011991/,www.pexels.com,success,1,0.9632,1043.32,2079.98,2710.49,4215.65,960,1973,2794,4322,proportional_5pct,4000,6000,1834,2349,3179479,1201633,train
front_0288,front,datasets/viewpoint/self_clean_v1/front/front_0288.jpg,datasets/viewpoint/self_clean_v1_rtdetr_crop/front/front_0288.jpg,dup_0312,1f5ade881e4eed54a7052293d8965efb8acc001c0feb320e7d537901d071ac69,https://www.pexels.com/photo/serene-winter-landscape-with-grazing-cows-in-bourgogne-30108398/,www.pexels.com,success,3,0.9655,987.72,2116.47,2000.61,3001.32,937,2072,2051,3046,proportional_5pct,2400,4240,1114,974,1435742,405396,train
front_0289,front,datasets/viewpoint/self_clean_v1/front/front_0289.jpg,datasets/viewpoint/self_clean_v1_rtdetr_crop/front/front_0289.jpg,dup_0313,a73fb38c3ae663616983d98e5c1abf20eff4750743624df9e37cb356ea47e06b,https://www.pexels.com/photo/cow-standing-in-a-pasture-9271370/,www.pexels.com,success,1,0.9634,1175.06,3059.86,2797.39,4899.21,1094,2968,2879,4991,proportional_5pct,4000,6000,1785,2023,2893793,1019893,train
front_0291,front,datasets/viewpoint/self_clean_v1/front/front_0291.jpg,datasets/viewpoint/self_clean_v1_rtdetr_crop/front/front_0291.jpg,dup_0315,f42575ba21b5e2af5030f46afbc1df573e696e3ff21dddc5c1a7472fe2198e6c,https://www.pexels.com/photo/spotted-cow-standing-on-rural-dirt-road-39600100/,www.pexels.com,success,1,0.9716,239.28,840.56,2828.08,3869.03,110,689,2958,4020,proportional_5pct,3282,4923,2848,3331,2426677,2965895,train
front_0292,front,datasets/viewpoint/self_clean_v1/front/front_0292.jpg,datasets/viewpoint/self_clean_v1_rtdetr_crop/front/front_0292.jpg,dup_0316,86638ed5314f5c621f347328dd44c0b71fe2be67ae205beb7ff4280c005a2350,https://www.pexels.com/photo/cow-grazing-in-summer-rural-scenery-18540352/,www.pexels.com,success,1,0.9594,1249.56,2477.09,2541.54,3916.81,1185,2405,2606,3989,proportional_5pct,3744,5616,1421,1584,2276719,902515,train
front_0293,front,datasets/viewpoint/self_clean_v1/front/front_0293.jpg,datasets/viewpoint/self_clean_v1_rtdetr_crop/front/front_0293.jpg,dup_0317,e4a6ac29f60a579acffcafe193c117dc6eceb619e075b79dd680d0fdb54c8fb9,https://www.pexels.com/photo/grazing-cow-in-sunny-countryside-field-29222442/,www.pexels.com,success,1,0.962,341.27,2763.88,2583.48,5021.96,229,2651,2696,5135,proportional_5pct,4000,6000,2467,2484,4149914,2996673,train
front_0295,front,datasets/viewpoint/self_clean_v1/front/front_0295.jpg,datasets/viewpoint/self_clean_v1_rtdetr_crop/front/front_0295.jpg,dup_0319,c188fb08f081fb55347642f4b97cf06d3be805130cf3912cf71dacc4ed1caf6b,https://www.pexels.com/photo/brown-and-white-cow-on-brown-field-5223576/,www.pexels.com,success,2,0.964,486.8,1617.79,1495.84,2625.36,436,1567,1546,2676,proportional_5pct,2489,3718,1110,1109,1188035,445500,train
front_0296,front,datasets/viewpoint/self_clean_v1/front/front_0296.jpg,datasets/viewpoint/self_clean_v1_rtdetr_crop/front/front_0296.jpg,dup_0320,2f94fea12b8c5e9bd51a1282525977fdabb61eeb91f7576e4ef308f2dafeb43f,https://www.pexels.com/photo/brown-and-white-cow-grazing-in-lush-green-pasture-29789457/,www.pexels.com,success,4,0.9621,1264.95,3005.09,2804.82,4327.51,1188,2939,2882,4394,proportional_5pct,3710,5565,1694,1455,3787921,1050886,train
front_0297,front,datasets/viewpoint/self_clean_v1/front/front_0297.jpg,datasets/viewpoint/self_clean_v1_rtdetr_crop/front/front_0297.jpg,dup_0321,a693fd623f729289c84d3378b39cf1f81f87a81741373b4cfc2846e9782faf18,https://www.pexels.com/photo/young-cow-grazing-at-ipora-farm-in-brazil-34596812/,www.pexels.com,success,1,0.971,871.21,2832.95,3087.4,5488.85,760,2700,3198,5622,proportional_5pct,4000,6000,2438,2922,2919418,2166619,train
front_0299,front,datasets/viewpoint/self_clean_v1/front/front_0299.jpg,datasets/viewpoint/self_clean_v1_rtdetr_crop/front/front_0299.jpg,dup_0323,0be68f6cc6bc8a65ee6fb4837b50cd5818454a77f9b4aef52147ca8f3e1883c5,https://www.pexels.com/photo/cows-grazing-in-the-italian-dolomites-39618566/,www.pexels.com,success,2,0.9638,1237.9,1088.34,2869.64,2386.95,1156,1023,2951,2452,proportional_5pct,4896,3264,1795,1429,2650183,1047541,train
front_0300,front,datasets/viewpoint/self_clean_v1/front/front_0300.jpg,datasets/viewpoint/self_clean_v1_rtdetr_crop/front/front_0300.jpg,dup_0324,112723ed41c7aed257ca614f6e717aeda7a6da77b7a4d52a17444d0ac20799ed,https://www.pexels.com/photo/white-horned-cow-in-qaleh-rudkhan-pasture-30457264/,www.pexels.com,success,1,0.9655,49.79,450.08,2965.66,4075.82,0,269,3111,4257,proportional_5pct,4000,6000,3111,3988,2633632,3404505,train
front_0302,front,datasets/viewpoint/self_clean_v1/front/front_0302.jpg,datasets/viewpoint/self_clean_v1_rtdetr_crop/front/front_0302.jpg,dup_0326,67702e0f45e31910b28e5d9559fc569650de6644f4960f945e1ddbdc3fb92f26,https://www.pexels.com/photo/cows-grazing-in-an-urban-field-landscape-32254006/,www.pexels.com,success,2,0.9557,1425.0,2236.41,2229.94,3090.45,1385,2194,2270,3133,proportional_5pct,3000,4000,885,939,1594845,288595,train
front_0303,front,datasets/viewpoint/self_clean_v1/front/front_0303.jpg,datasets/viewpoint/self_clean_v1_rtdetr_crop/front/front_0303.jpg,dup_0327,041270af04deff0f9fda331f68178ed425216954c35a8d7165233331204d8c7f,https://www.pexels.com/photo/a-black-cow-standing-on-a-grassy-hill-27498062/,www.pexels.com,success,1,0.9485,800.82,3513.81,3056.74,5037.0,688,3438,3170,5113,proportional_5pct,3655,5494,2482,1675,1394074,1270316,train
front_0304,front,datasets/viewpoint/self_clean_v1/front/front_0304.jpg,datasets/viewpoint/self_clean_v1_rtdetr_crop/front/front_0304.jpg,dup_0328,00091e99fd04039babe87f406f3744a45cf4bebe943eeba65c8e7c58974a0d67,https://www.pexels.com/photo/brown-cow-grazing-in-the-austrian-alps-36506252/,www.pexels.com,success,1,0.9652,1516.35,829.51,3878.74,2969.52,1398,723,3997,3077,proportional_5pct,6000,4000,2599,2354,1587984,1745597,train
front_0305,front,datasets/viewpoint/self_clean_v1/front/front_0305.jpg,datasets/viewpoint/self_clean_v1_rtdetr_crop/front/front_0305.jpg,dup_0329,cbab38ed10cf19a52593ecd57bd11f6082cc49f1c5a43470916f905b10d80de1,https://www.pexels.com/photo/brown-cow-grazing-in-lam-d-ng-vietnam-32783406/,www.pexels.com,success,1,0.9728,859.21,2276.69,3068.03,4595.46,749,2161,3178,4711,proportional_5pct,4000,6000,2429,2550,4485524,2809443,train
front_0306,front,datasets/viewpoint/self_clean_v1/front/front_0306.jpg,datasets/viewpoint/self_clean_v1_rtdetr_crop/front/front_0306.jpg,dup_0330,e760649529b1a99e85fba9ae32cc4cc25bd11d684887100827e6394e5427b8c5,https://www.pexels.com/photo/brown-cow-grazing-in-a-sunny-field-37744869/,www.pexels.com,success,1,0.9562,1895.1,1084.38,3980.02,3015.24,1791,988,4084,3112,proportional_5pct,6192,4128,2293,2124,4660655,2006908,train
front_0307,front,datasets/viewpoint/self_clean_v1/front/front_0307.jpg,datasets/viewpoint/self_clean_v1_rtdetr_crop/front/front_0307.jpg,dup_0331,692c3a6dc8c3d3f8fee641bcb142e04e0f80692cf8863f95a11c991545fc4988,https://www.pexels.com/photo/brown-cow-standing-in-lush-green-pasture-39431606/,www.pexels.com,success,1,0.9743,1239.68,1058.02,5767.62,4646.86,1013,879,5994,4672,proportional_5pct,7008,4672,4981,3793,3196892,4331320,train
front_0309,front,datasets/viewpoint/self_clean_v1/front/front_0309.jpg,datasets/viewpoint/self_clean_v1_rtdetr_crop/front/front_0309.jpg,dup_0333,e5ed19b08036344ed5f3c555540000a07fe660475a9197aa2329e15739d4f9d5,https://www.pexels.com/photo/young-calf-in-english-pasture-under-daylight-29637769/,www.pexels.com,success,1,0.967,2062.31,860.33,4794.62,3548.47,1926,726,4931,3683,proportional_5pct,6000,4000,3005,2957,2499973,2019359,train
front_0310,front,datasets/viewpoint/self_clean_v1/front/front_0310.jpg,datasets/viewpoint/self_clean_v1_rtdetr_crop/front/front_0310.jpg,dup_0334,cbb1222e5da42cb23cc9aa7fad0f344a9eb78bf55f719b5017061e1fd03f4d70,https://www.pexels.com/photo/a-herd-in-the-countryside-14063449/,www.pexels.com,success,13,0.9683,947.39,829.39,3857.28,3352.82,802,703,4003,3456,proportional_5pct,5184,3456,3201,2753,3350694,3468825,train
front_0311,front,datasets/viewpoint/self_clean_v1/front/front_0311.jpg,datasets/viewpoint/self_clean_v1_rtdetr_crop/front/front_0311.jpg,dup_0335,39178501c490ed23e81166f3699f6715292bed3e1fee410eb463e2b3d466f125,https://www.pexels.com/photo/pastoral-scene-with-a-brown-cow-in-denmark-32813919/,www.pexels.com,success,1,0.9654,886.5,809.06,4334.34,3712.52,714,664,4507,3858,proportional_5pct,6240,4160,3793,3194,3260070,3316870,train
front_0312,front,datasets/viewpoint/self_clean_v1/front/front_0312.jpg,datasets/viewpoint/self_clean_v1_rtdetr_crop/front/front_0312.jpg,dup_0336,35d671de4793094faafa225605144ff698a13587a62b569b49d18ca87b469441,https://www.pexels.com/photo/cows-grazing-on-a-grassy-field-with-mountains-in-the-background-like-they-re-in-a-postcard-28424344/,www.pexels.com,success,6,0.964,958.33,1438.54,3455.91,4043.68,833,1308,3456,4174,proportional_5pct,3456,4608,2623,2866,2089410,2451223,train
front_0313,front,datasets/viewpoint/self_clean_v1/front/front_0313.jpg,datasets/viewpoint/self_clean_v1_rtdetr_crop/front/front_0313.jpg,dup_0337,dad32e5736e0917b22e3b1d6aea51bce0de0ec2b8ef6fa251df910e35059b7ff,https://www.pexels.com/photo/brown-cow-grazing-in-lush-green-field-32475448/,www.pexels.com,success,1,0.9752,1274.11,835.15,4530.8,3737.24,1111,690,4694,3882,proportional_5pct,6000,4000,3583,3192,4024226,4148553,train
front_0314,front,datasets/viewpoint/self_clean_v1/front/front_0314.jpg,datasets/viewpoint/self_clean_v1_rtdetr_crop/front/front_0314.jpg,dup_0338,dfabbcfc1690b78b5376ef4681d1620e3743957e5cb7f0c809a06674c259b0ae,https://www.pexels.com/photo/brown-cow-grazing-in-lush-green-pasture-38688908/,www.pexels.com,success,1,0.9583,1333.14,1269.32,4688.32,3829.77,1165,1141,4856,3958,proportional_5pct,6224,4672,3691,2817,4688512,4216583,train
front_0315,front,datasets/viewpoint/self_clean_v1/front/front_0315.jpg,datasets/viewpoint/self_clean_v1_rtdetr_crop/front/front_0315.jpg,dup_0339,19e4454b8c3d73888a480a859073fb33f4c9fe6331d2eb8d7676a514b55c5af5,https://www.pexels.com/photo/cow-by-the-forest-20786416/,www.pexels.com,success,1,0.9694,1408.97,1691.04,4021.58,4681.3,1278,1542,4023,4831,proportional_5pct,4023,5029,2745,3289,2951818,3836370,train
front_0319,front,datasets/viewpoint/self_clean_v1/front/front_0319.jpg,datasets/viewpoint/self_clean_v1_rtdetr_crop/front/front_0319.jpg,dup_0343,6ed5d39b81b4de134e2362283d4d0b10fc2341b9ddb86804b3102e8454fd436f,https://www.pexels.com/photo/a-brown-cow-standing-in-front-of-a-brick-wall-27348306/,www.pexels.com,success,1,0.972,2809.7,44.19,6483.16,3900.12,2626,0,6667,3944,proportional_5pct,7008,3944,4041,3944,2870437,3874118,train
front_0320,front,datasets/viewpoint/self_clean_v1/front/front_0320.jpg,datasets/viewpoint/self_clean_v1_rtdetr_crop/front/front_0320.jpg,dup_0344,de9c89d5b5d7390bc28c3db62f4b0300ed62d64839342bdb36549b8ceba95410,https://www.pexels.com/photo/cow-in-black-and-white-20206819/,www.pexels.com,success,1,0.9578,929.33,966.74,4035.27,3234.55,774,853,4191,3348,proportional_5pct,5184,3456,3417,2495,1345760,2080131,train
front_0321,front,datasets/viewpoint/self_clean_v1/front/front_0321.jpg,datasets/viewpoint/self_clean_v1_rtdetr_crop/front/front_0321.jpg,dup_0345,2e14eecf8e161f8137fa66b44d3f0ae9c9d0db0acaf49f329a5a78fae3025e2e,https://www.pexels.com/photo/white-cow-grazing-in-a-rustic-farm-paddock-33963135/,www.pexels.com,success,2,0.9727,1823.95,811.7,4797.29,3876.55,1675,658,4946,4020,proportional_5pct,6032,4020,3271,3362,2429087,2715503,train
front_0323,front,datasets/viewpoint/self_clean_v1/front/front_0323.jpg,datasets/viewpoint/self_clean_v1_rtdetr_crop/front/front_0323.jpg,dup_0347,291600e5aae35b434955b3ea21f73fdb0e52dfeae1437296eec1ab7cadb3c389,https://www.pexels.com/photo/young-cow-grazing-near-a-fenced-sports-field-38798394/,www.pexels.com,success,1,0.9536,1852.28,1844.87,4628.51,4714.34,1713,1701,4767,4858,proportional_5pct,6716,4922,3054,3157,3849312,3041251,train
front_0327,front,datasets/viewpoint/self_clean_v1/front/front_0327.jpg,datasets/viewpoint/self_clean_v1_rtdetr_crop/front/front_0327.jpg,dup_0351,a1f15752e0cec406418f69e20ac6cfdb634b04dcdb94c2683954d3bb17817776,https://www.pexels.com/photo/rind-27896657/,www.pexels.com,success,3,0.9783,-2.44,21.03,5085.7,4125.42,0,0,5340,4160,proportional_5pct,6240,4160,5340,4160,2181602,3553990,train
front_0329,front,datasets/viewpoint/self_clean_v1/front/front_0329.jpg,datasets/viewpoint/self_clean_v1_rtdetr_crop/front/front_0329.jpg,dup_0353,36fd3292f611305a17ee757cbbe1b77aa439d40e287798fb31ba531d5e868fb6,https://www.pexels.com/photo/brown-cow-grazing-in-eastern-turkey-landscape-31826638/,www.pexels.com,success,2,0.9654,404.61,1916.34,1964.3,3336.87,327,1845,2042,3408,proportional_5pct,2158,3834,1715,1563,1333235,1267619,train
front_0330,front,datasets/viewpoint/self_clean_v1/front/front_0330.jpg,datasets/viewpoint/self_clean_v1_rtdetr_crop/front/front_0330.jpg,dup_0354,4006c72dd9c1b6695d56e9c4c77ba9008b7c44b88c30d0bfbedb0cb7db8b6c3a,https://www.pexels.com/photo/majestic-cow-in-a-sri-lankan-pasture-at-sunrise-37121932/,www.pexels.com,success,2,0.9692,680.65,680.02,3498.45,3341.3,540,547,3639,3469,proportional_5pct,5203,3469,3099,2922,1508345,2166268,train
front_0333,front,datasets/viewpoint/self_clean_v1/front/front_0333.jpg,datasets/viewpoint/self_clean_v1_rtdetr_crop/front/front_0333.jpg,dup_0357,26d25f7650b0c0512e58be1f652b27186e6d6e95a14a78b3ab7e91a0f1f222dc,https://www.pexels.com/photo/spotted-cows-on-pasture-in-summertime-4766371/,www.pexels.com,success,3,0.9615,2426.35,1426.41,3960.58,2913.81,2350,1352,4037,2988,proportional_5pct,5472,3648,1687,1636,2617420,1190679,train
front_0335,front,datasets/viewpoint/self_clean_v1/front/front_0335.jpg,datasets/viewpoint/self_clean_v1_rtdetr_crop/front/front_0335.jpg,dup_0359,1d97aaefe1d87ddc1cf298ea44ec8a9aebb0911f6d925d078f836ce3fff6c7f6,https://www.pexels.com/photo/young-brown-cow-grazing-in-a-verdant-field-34933947/,www.pexels.com,success,1,0.9706,109.66,799.95,1832.08,2607.89,24,710,1918,2624,proportional_5pct,2087,2624,1894,1914,1389852,1910021,train
front_0337,front,datasets/viewpoint/self_clean_v1/front/front_0337.jpg,datasets/viewpoint/self_clean_v1_rtdetr_crop/front/front_0337.jpg,dup_0361,ff27cc582330f8e9caa4e82a4311167a432f310c8414215d89079351d189fcef,https://www.pexels.com/photo/brown-cow-in-sunny-rural-landscape-39415650/,www.pexels.com,success,3,0.9738,42.26,810.65,2399.34,3803.21,0,661,2517,3840,proportional_5pct,2560,3840,2517,3179,1548626,2859711,train
front_0338,front,datasets/viewpoint/self_clean_v1/front/front_0338.jpg,datasets/viewpoint/self_clean_v1_rtdetr_crop/front/front_0338.jpg,dup_0362,2505119c1bcf1100f962d5fd41806100f18e055a726e54f44cf105352ba87baf,https://www.pexels.com/photo/brown-cow-on-green-grass-on-a-foggy-day-14248146/,www.pexels.com,success,3,0.9618,1046.36,1927.9,2642.86,3768.99,967,1836,2723,3861,proportional_5pct,3024,4032,1756,2025,1036576,1115759,train
front_0339,front,datasets/viewpoint/self_clean_v1/front/front_0339.jpg,datasets/viewpoint/self_clean_v1_rtdetr_crop/front/front_0339.jpg,dup_0363,35feac79141329605bfcf26b6f90f11182121c48eebbbc9c02afce40ae1849d1,https://www.pexels.com/photo/brown-and-white-cow-in-mountainous-pasture-28750596/,www.pexels.com,success,1,0.963,376.54,3625.85,3205.45,5778.19,235,3518,3347,5886,proportional_5pct,4672,7008,3112,2368,2789361,1852189,train
front_0341,front,datasets/viewpoint/self_clean_v1/front/front_0341.jpg,datasets/viewpoint/self_clean_v1_rtdetr_crop/front/front_0341.jpg,dup_0365,655f9424e9f63a381dc4a3307058d3ddbf7f00c6cd8ea3145aadaf300e56b0ff,https://www.pexels.com/photo/brown-and-white-cow-on-unpaved-road-8729085/,www.pexels.com,success,1,0.9419,977.53,1776.47,1970.03,2770.27,928,1727,2020,2820,proportional_5pct,3024,4032,1092,1093,3875268,747267,train
front_0342,front,datasets/viewpoint/self_clean_v1/front/front_0342.jpg,datasets/viewpoint/self_clean_v1_rtdetr_crop/front/front_0342.jpg,dup_0366,92c2239a96d6f59589961af1bdf6ef2a7a71caab5f1039cbb79799353541f1ef,https://www.pexels.com/photo/brown-cow-in-rustic-farm-setting-37313324/,www.pexels.com,success,1,0.9641,897.81,1612.07,3477.53,4804.63,769,1452,3607,4964,proportional_5pct,3911,5866,2838,3512,3154467,2901977,train
front_0343,front,datasets/viewpoint/self_clean_v1/front/front_0343.jpg,datasets/viewpoint/self_clean_v1_rtdetr_crop/front/front_0343.jpg,dup_0367,45d881bc72402c107619c6fbe22e256a4ea9bef02ed6ee4ad64032351b8f5e1f,https://www.pexels.com/photo/cows-on-pasture-21764389/,www.pexels.com,success,12,0.9729,56.36,1838.69,2771.77,5266.55,0,1667,2908,5438,proportional_5pct,3680,5521,2908,3771,3095649,3618147,train
front_0346,front,datasets/viewpoint/self_clean_v1/front/front_0346.jpg,datasets/viewpoint/self_clean_v1_rtdetr_crop/front/front_0346.jpg,dup_0370,15bb42741dc96606e8bc6a4e7cb236d8128b62d20abb3f3ff9e5c5ae06438407,https://www.pexels.com/photo/cattle-in-corral-18084945/,www.pexels.com,success,8,0.2597,288.48,2184.0,2988.96,4152.03,153,2086,3124,4250,proportional_5pct,3264,4928,2971,2164,2017012,1971182,train
front_0347,front,datasets/viewpoint/self_clean_v1/front/front_0347.jpg,datasets/viewpoint/self_clean_v1_rtdetr_crop/front/front_0347.jpg,dup_0371,f5f78d9c6fe40fc4bb28a4d7850b7181ee1bf9b22fb05e53967c7e9441f07e3b,https://www.pexels.com/photo/cow-standing-by-trough-with-grass-18137589/,www.pexels.com,success,5,0.9709,215.73,1798.66,4160.21,4841.26,19,1647,4160,4993,proportional_5pct,4160,6240,4141,3346,2273104,3065050,train
front_0349,front,datasets/viewpoint/self_clean_v1/front/front_0349.jpg,datasets/viewpoint/self_clean_v1_rtdetr_crop/front/front_0349.jpg,dup_0373,00e95fe6756cb5b9f0117f293ddeeb72866e80da0802a4af25b25598f2ab336f,https://www.pexels.com/photo/brown-and-white-cow-grazing-on-alpine-meadow-36506251/,www.pexels.com,success,1,0.9659,1564.55,799.71,3460.27,2421.23,1470,719,3555,2502,proportional_5pct,6000,4000,2085,1783,1471735,931413,train
front_0351,front,datasets/viewpoint/self_clean_v1/front/front_0351.jpg,datasets/viewpoint/self_clean_v1_rtdetr_crop/front/front_0351.jpg,dup_0375,c0c14a389457e44d6d6062b00d4eda405f0e873b8a5dcb82d0ef4a72b6b9bf7c,https://www.pexels.com/photo/portrait-of-cow-in-summer-field-5667703/,www.pexels.com,success,1,0.9678,1862.88,1262.78,3788.09,3512.17,1767,1150,3884,3625,proportional_5pct,5616,3744,2117,2475,3022697,2131020,train
front_0353,front,datasets/viewpoint/self_clean_v1/front/front_0353.jpg,datasets/viewpoint/self_clean_v1_rtdetr_crop/front/front_0353.jpg,dup_0377,6e262f51f55a1befd6dfe4dccf8105077fd6eb3ebf381de5d892e075831a88b0,https://www.pexels.com/photo/cows-grazing-on-mountain-pasture-17577098/,www.pexels.com,success,6,0.9476,984.18,2124.72,2149.21,3331.75,926,2064,2207,3392,proportional_5pct,3024,4032,1281,1328,2336191,860486,train
front_0354,front,datasets/viewpoint/self_clean_v1/front/front_0354.jpg,datasets/viewpoint/self_clean_v1_rtdetr_crop/front/front_0354.jpg,dup_0378,ccf24354f31e3ce7b54902ec4f72a3535e37b63ed3a7cd6faa270cf0de07e60e,https://www.pexels.com/photo/majestic-cow-in-scenic-mountain-landscape-36378973/,www.pexels.com,success,3,0.9712,1165.96,1523.05,2915.92,3446.36,1078,1427,3003,3543,proportional_5pct,3072,4096,1925,2116,3249670,2679315,train
front_0355,front,datasets/viewpoint/self_clean_v1/front/front_0355.jpg,datasets/viewpoint/self_clean_v1_rtdetr_crop/front/front_0355.jpg,dup_0379,de705eef12d44c1ab096a1b79d22143e218fdda8f78f36a8f89aab2ef260e5e4,https://www.pexels.com/photo/olympus-digital-camera-27966285/,www.pexels.com,success,19,0.9583,896.66,2983.54,2392.08,4409.3,822,2912,2467,4481,proportional_5pct,3456,4608,1645,1569,3322732,1004797,train
front_0356,front,datasets/viewpoint/self_clean_v1/front/front_0356.jpg,datasets/viewpoint/self_clean_v1_rtdetr_crop/front/front_0356.jpg,dup_0380,672599ef6e703e3018e1c68f08ed41c88f0d2126bda9dee2ffc0e7c3455ff444,https://www.pexels.com/photo/young-brown-cow-grazing-in-scenic-pastureland-28463883/,www.pexels.com,success,1,0.9619,1444.21,4119.4,3529.44,5910.5,1340,4030,3634,6000,proportional_5pct,5152,7728,2294,1970,6750599,1812165,train
front_0357,front,datasets/viewpoint/self_clean_v1/front/front_0357.jpg,datasets/viewpoint/self_clean_v1_rtdetr_crop/front/front_0357.jpg,dup_0381,ef707c1cc36dd7a4d1f0e01316c88cbc0c9bc3e959efba1d81918b977d4fa99c,https://www.pexels.com/photo/cattle-on-green-grass-2291001/,www.pexels.com,success,2,0.9684,1064.43,678.84,3249.83,2547.45,955,585,3359,2641,proportional_5pct,5000,3000,2404,2056,1570982,1306240,train
front_0358,front,datasets/viewpoint/self_clean_v1/front/front_0358.jpg,datasets/viewpoint/self_clean_v1_rtdetr_crop/front/front_0358.jpg,dup_0382,48fd8202a2e2503c5ab78344fab2e3664e6cc6e18c92c8610adba7e66c888f55,https://www.pexels.com/photo/brown-cow-grazing-in-bavarian-alps-37968740/,www.pexels.com,success,8,0.9717,620.82,606.97,3191.95,4796.77,492,397,3321,5006,proportional_5pct,3738,5607,2829,4609,1399170,2611225,train
front_0359,front,datasets/viewpoint/self_clean_v1/front/front_0359.jpg,datasets/viewpoint/self_clean_v1_rtdetr_crop/front/front_0359.jpg,dup_0383,7cb778838f96087bf938b10aac484bcf5d1ad436ec0612c78fde8d304437eeca,https://www.pexels.com/photo/a-cow-standing-on-a-grassy-hillside-27330874/,www.pexels.com,success,1,0.9663,729.81,2901.78,3291.67,4869.9,602,2803,3420,4968,proportional_5pct,3648,5472,2818,2165,2011128,1831252,train
front_0360,front,datasets/viewpoint/self_clean_v1/front/front_0360.jpg,datasets/viewpoint/self_clean_v1_rtdetr_crop/front/front_0360.jpg,dup_0384,5a53a1c969c16f1fd87ed2a7a30109026c53a9f0a2e62a2d940bd8173bf4bb2d,https://www.pexels.com/photo/a-close-up-shot-of-a-cow-on-grass-7073344/,www.pexels.com,success,1,0.9712,1419.93,254.01,3777.38,3170.37,1302,108,3895,3316,proportional_5pct,5184,3456,2593,3208,2323730,2417527,train
front_0361,front,datasets/viewpoint/self_clean_v1/front/front_0361.jpg,datasets/viewpoint/self_clean_v1_rtdetr_crop/front/front_0361.jpg,dup_0385,fc45912b6f534b5de985d29132850cb6317bf7ca7425667039b5fb8a2804ed3a,https://www.pexels.com/photo/brown-cow-in-scenic-italian-mountain-landscape-34457584/,www.pexels.com,success,1,0.9686,1042.8,2156.73,3258.54,4894.31,932,2020,3369,5031,proportional_5pct,3657,5486,2437,3011,3563134,3475099,train
front_0365,front,datasets/viewpoint/self_clean_v1/front/front_0365.jpg,datasets/viewpoint/self_clean_v1_rtdetr_crop/front/front_0365.jpg,dup_0389,6ec3a2b941e21bcea85766e5f21270d2e7946caf0954d11e81295866c2c1f309,https://www.pexels.com/photo/santa-gertrudis-and-charolais-cross-28245421/,www.pexels.com,success,4,0.9747,1810.08,1228.81,5431.33,4829.6,1629,1049,5612,5010,proportional_5pct,7213,5152,3983,3961,7652263,7961040,train
front_0366,front,datasets/viewpoint/self_clean_v1/front/front_0366.jpg,datasets/viewpoint/self_clean_v1_rtdetr_crop/front/front_0366.jpg,dup_0390,c0f6ff5db8fa43bceae1e08420e9457a2892a167bb4a2b0a8e0aecc4ccc7b37f,https://www.pexels.com/photo/photo-of-a-brown-cow-looking-at-the-camera-8808840/,www.pexels.com,success,5,0.9713,2504.51,1208.78,5362.79,4116.35,2362,1063,5506,4160,proportional_5pct,6240,4160,3144,3097,3806545,3491669,train
front_0367,front,datasets/viewpoint/self_clean_v1/front/front_0367.jpg,datasets/viewpoint/self_clean_v1_rtdetr_crop/front/front_0367.jpg,dup_0391,445b12e91fce4c2ed402bc28cee2dc77ff871b3fbc15375f13ebc384fcac7454,https://www.pexels.com/photo/black-cow-on-green-grass-field-10357326/,www.pexels.com,success,1,0.9624,1705.62,1177.1,3304.67,2517.55,1626,1110,3385,2585,proportional_5pct,5424,3511,1759,1475,5102729,1358054,train
front_0370,front,datasets/viewpoint/self_clean_v1/front/front_0370.jpg,datasets/viewpoint/self_clean_v1_rtdetr_crop/front/front_0370.jpg,dup_0394,bbadb96e0f7fc2c29302aad54911a5e0aa18489847764657d9eba9443949deb8,https://www.pexels.com/photo/brown-and-white-cows-on-green-grass-field-10751511/,www.pexels.com,success,2,0.9525,1799.91,1077.57,4230.47,3535.55,1678,955,4352,3658,proportional_5pct,6000,4000,2674,2703,4468718,3182863,train
front_0371,front,datasets/viewpoint/self_clean_v1/front/front_0371.jpg,datasets/viewpoint/self_clean_v1_rtdetr_crop/front/front_0371.jpg,dup_0395,7e92b99ed7db26be95a86e99082d36d343ea31e8073a50fb73110a02b9d18282,https://www.pexels.com/photo/portrait-of-cow-standing-in-pasture-248337/,www.pexels.com,success,1,0.97,656.7,448.74,5410.12,3772.59,419,283,5648,3939,proportional_5pct,6000,4000,5229,3656,2428084,4839459,train
front_0373,front,datasets/viewpoint/self_clean_v1/front/front_0373.jpg,datasets/viewpoint/self_clean_v1_rtdetr_crop/front/front_0373.jpg,dup_0397,bbcc05cd275357057ea223df989d732fd0989953c6c0f6722b44a33da4aaa578,https://www.pexels.com/photo/cows-on-a-meadow-10819019/,www.pexels.com,success,11,0.9347,2296.02,1388.78,3784.25,2652.92,2222,1326,3859,2716,proportional_5pct,4439,3456,1637,1390,2857095,893766,train
front_0374,front,datasets/viewpoint/self_clean_v1/front/front_0374.jpg,datasets/viewpoint/self_clean_v1_rtdetr_crop/front/front_0374.jpg,dup_0398,ae7f813b565fb7c9344be35dc4a200979ebfe8cbd3f64776e50380eea322ea15,https://www.pexels.com/photo/hereford-cow-grazing-in-golden-sunset-field-29474126/,www.pexels.com,success,2,0.9666,796.18,399.22,2628.76,2280.95,705,305,2720,2375,proportional_5pct,4898,3265,2015,2070,1211477,1329812,train
front_0375,front,datasets/viewpoint/self_clean_v1/front/front_0375.jpg,datasets/viewpoint/self_clean_v1_rtdetr_crop/front/front_0375.jpg,dup_0399,4280e063b991c5da51839e3207ec88db407de6ad47a0c849d5872bfe3349df52,https://www.pexels.com/photo/cattles-on-a-grass-field-14205853/,www.pexels.com,success,2,0.9651,770.57,1002.43,2599.82,2867.08,679,909,2691,2960,proportional_5pct,4000,3000,2012,2051,2340711,1709037,train
front_0376,front,datasets/viewpoint/self_clean_v1/front/front_0376.jpg,datasets/viewpoint/self_clean_v1_rtdetr_crop/front/front_0376.jpg,dup_0400,0fd0ad339ea7cb0a283bc5decdec0867f79d5beeab3633e649ef16f193116ef6,https://www.pexels.com/photo/cows-on-a-grassy-field-7626240/,www.pexels.com,success,2,0.9512,1190.77,1542.79,1800.79,2018.85,1160,1519,1831,2043,proportional_5pct,3079,3849,671,524,2613297,164216,train
front_0377,front,datasets/viewpoint/self_clean_v1/front/front_0377.jpg,datasets/viewpoint/self_clean_v1_rtdetr_crop/front/front_0377.jpg,dup_0401,476353aeeca2fe594e877963451d943f84b68947ebcfc10436da1cd2f822f58d,https://www.pexels.com/photo/woman-seated-in-car-observing-cow-in-pasture-29817162/,www.pexels.com,success,1,0.955,1891.91,3318.82,2951.43,4463.0,1839,3262,3004,4520,proportional_5pct,4672,7008,1165,1258,5008895,739302,train
front_0378,front,datasets/viewpoint/self_clean_v1/front/front_0378.jpg,datasets/viewpoint/self_clean_v1_rtdetr_crop/front/front_0378.jpg,dup_0402,e87eedf63f398bd684641aa47a53fcc62272647998343ad817b2b2c9b6e463b0,https://www.pexels.com/photo/brahman-calf-standing-in-sunny-field-31489672/,www.pexels.com,success,2,0.9717,414.13,1697.72,3331.36,5005.54,268,1532,3477,5171,proportional_5pct,4000,6000,3209,3639,2038288,2671147,train
front_0380,front,datasets/viewpoint/self_clean_v1/front/front_0380.jpg,datasets/viewpoint/self_clean_v1_rtdetr_crop/front/front_0380.jpg,dup_0404,010f7fc4266c939f829b738b21b513b958737009cad7b626dc5bdbc58eb7e46c,https://www.pexels.com/photo/brown-and-white-calves-grazing-in-pasture-29057172/,www.pexels.com,success,2,0.9712,1596.61,618.14,3955.67,2764.99,1479,511,4000,2872,proportional_5pct,4000,3000,2521,2361,4128830,4078303,train
front_0381,front,datasets/viewpoint/self_clean_v1/front/front_0381.jpg,datasets/viewpoint/self_clean_v1_rtdetr_crop/front/front_0381.jpg,dup_0405,7ed8a9eeacb03e63370cfbf7d6ed5eb7e3c2fff94d24c46a0c505ac536be6deb,https://www.pexels.com/photo/swiss-cow-grazing-in-alpine-pasture-33016767/,www.pexels.com,success,1,0.9733,1012.52,403.7,4364.58,3979.98,845,225,4532,4040,proportional_5pct,6064,4040,3687,3815,4160928,5122240,train
front_0382,front,datasets/viewpoint/self_clean_v1/front/front_0382.jpg,datasets/viewpoint/self_clean_v1_rtdetr_crop/front/front_0382.jpg,dup_0406,24c976223e686aa9527b60b33d6deb8c7088034022380e10a6dbcbccc6a97aac,https://www.pexels.com/photo/brown-cow-standing-in-lush-green-pasture-32220692/,www.pexels.com,success,1,0.9616,2026.65,1571.28,3447.51,3190.93,1956,1490,3519,3272,proportional_5pct,6000,4000,1563,1782,3071084,878899,train
front_0384,front,datasets/viewpoint/self_clean_v1/front/front_0384.jpg,datasets/viewpoint/self_clean_v1_rtdetr_crop/front/front_0384.jpg,dup_0408,975ca6f66840a7c0d830d20c8979e0fcd4ad18b720d54761539763ea06a8570f,https://www.pexels.com/photo/brown-cow-grazing-on-an-alpine-hillside-in-fog-35768887/,www.pexels.com,success,3,0.9588,314.44,876.66,2358.7,2439.98,212,798,2461,2518,proportional_5pct,4032,3024,2249,1720,1276496,1167560,train
front_0386,front,datasets/viewpoint/self_clean_v1/front/front_0386.jpg,datasets/viewpoint/self_clean_v1_rtdetr_crop/front/front_0386.jpg,dup_0410,d1821adbfd700e5eceece0488dffe2f88638940c4432e4880c2b46e245c513c6,https://www.pexels.com/photo/a-white-and-brown-cow-12264384/,www.pexels.com,success,1,0.9707,979.98,659.25,3053.01,2489.6,876,568,3157,2581,proportional_5pct,3876,2584,2281,2013,826299,1186473,train
front_0387,front,datasets/viewpoint/self_clean_v1/front/front_0387.jpg,datasets/viewpoint/self_clean_v1_rtdetr_crop/front/front_0387.jpg,dup_0411,cef5dd98a4fd0a484fdbc6b5513e51cd1b22d7740c7ccb60227f7d83c94b968d,https://www.pexels.com/photo/brown-cow-grazing-in-bavarian-alps-at-sunset-32797653/,www.pexels.com,success,1,0.9703,481.35,401.96,2755.03,2130.35,368,316,2869,2217,proportional_5pct,3876,2584,2501,1901,1151197,1192647,train
front_0388,front,datasets/viewpoint/self_clean_v1/front/front_0388.jpg,datasets/viewpoint/self_clean_v1_rtdetr_crop/front/front_0388.jpg,dup_0412,d22f2451f464e7a3420c142ee46c2658a2f9052b59327fe641154a53820e3945,https://www.pexels.com/photo/brown-and-white-cow-on-green-grass-field-9479987/,www.pexels.com,success,1,0.9763,1165.14,228.07,3615.15,2101.79,1043,134,3738,2195,proportional_5pct,4000,2250,2695,2061,1577508,2269599,train
front_0390,front,datasets/viewpoint/self_clean_v1/front/front_0390.jpg,datasets/viewpoint/self_clean_v1_rtdetr_crop/front/front_0390.jpg,dup_0414,76f16aa88b946878ab6073748d55ae9f9eaf4bc78e74a5d5e116f6cc68ddca5b,https://www.pexels.com/photo/close-up-of-a-cow-in-the-pasture-13450767/,www.pexels.com,success,1,0.964,694.19,2156.87,3535.5,5242.86,552,2003,3678,5397,proportional_5pct,4000,6000,3126,3394,7375151,6334007,train
front_0391,front,datasets/viewpoint/self_clean_v1/front/front_0391.jpg,datasets/viewpoint/self_clean_v1_rtdetr_crop/front/front_0391.jpg,dup_0415,80a1574becd5b48de7448a4aa9fbf763a5a4fe8f8839f2bde77a04a24fc38913,https://www.pexels.com/photo/a-black-cow-standing-in-a-field-27207621/,www.pexels.com,success,1,0.974,1326.14,765.67,7015.39,5206.37,1042,544,7300,5428,proportional_5pct,8640,5760,6258,4884,8079265,11479266,train
rear_0001,rear,datasets/viewpoint/self_clean_v1/rear/rear_0001.jpg,datasets/viewpoint/self_clean_v1_rtdetr_crop/rear/rear_0001.jpg,dup_0244,6cd6cd811545779265fa275765eb41aff11542ba6bbd0a05c5bc71e2cf40a8ef,https://www.pexels.com/photo/a-boy-caring-for-herd-of-cattles-9430114/,www.pexels.com,success,1,0.9688,1015.77,301.04,3307.84,3114.7,901,160,3422,3255,proportional_5pct,5472,3648,2521,3095,4037098,3404662,train
rear_0002,rear,datasets/viewpoint/self_clean_v1/rear/rear_0002.jpg,datasets/viewpoint/self_clean_v1_rtdetr_crop/rear/rear_0002.jpg,dup_0247,15468234e25cf7adf8941a783fdf6fe5d8754f5e8f3df3a2657a540347bedca6,https://www.pexels.com/photo/herding-cattle-on-a-rural-sicilian-road-29527210/,www.pexels.com,success,9,0.9488,3247.93,1931.57,4138.83,3059.03,3203,1875,4140,3115,proportional_5pct,4140,3312,937,1240,1520205,406233,train
rear_0004,rear,datasets/viewpoint/self_clean_v1/rear/rear_0004.jpg,datasets/viewpoint/self_clean_v1_rtdetr_crop/rear/rear_0004.jpg,dup_0250,b1eca437bdef0c40c7485d61fe2cf8bbee4b88659383f8f79d51244997a5e9ce,https://www.pexels.com/photo/elderly-man-standing-beside-the-carabao-15276182/,www.pexels.com,success,21,0.925,1597.34,2286.51,2400.92,3463.71,1557,2228,2441,3523,proportional_5pct,3072,4608,884,1295,1464687,371215,train
rear_0005,rear,datasets/viewpoint/self_clean_v1/rear/rear_0005.jpg,datasets/viewpoint/self_clean_v1_rtdetr_crop/rear/rear_0005.jpg,dup_0251,1bf4bdc1154ea3afc8ca8b1e79981fdf008a8216b4df314a248a28fc9439161d,https://www.pexels.com/photo/farmer-and-pair-of-oxen-plowing-land-16509955/,www.pexels.com,success,8,0.9362,602.53,1369.08,2330.63,3814.16,516,1247,2417,3845,proportional_5pct,2563,3845,1901,2598,2062746,2238245,train
rear_0006,rear,datasets/viewpoint/self_clean_v1/rear/rear_0006.jpg,datasets/viewpoint/self_clean_v1_rtdetr_crop/rear/rear_0006.jpg,dup_0252,e510f89e2d97e2b858fe13de6dbf904cc272325b13e44c626a334833c9d5f33e,https://www.pexels.com/photo/herd-of-cattle-grazing-along-the-rural-roadside-36298877/,www.pexels.com,success,1,0.9464,1894.87,3785.8,2789.37,4934.38,1850,3728,2834,4992,proportional_5pct,4000,6000,984,1264,2209803,474229,train
rear_0010,rear,datasets/viewpoint/self_clean_v1/rear/rear_0010.jpg,datasets/viewpoint/self_clean_v1_rtdetr_crop/rear/rear_0010.jpg,dup_0256,8bcd79cb900960e47c3af13b276f3b2d29f29394daac124d78b0d5186e66cb26,https://www.pexels.com/photo/shepherd-guiding-herd-through-azerbaijani-village-32416053/,www.pexels.com,success,2,0.9565,1874.23,1650.08,3276.68,2944.74,1804,1585,3347,3009,proportional_5pct,6000,4000,1543,1424,3651873,623868,train
rear_0011,rear,datasets/viewpoint/self_clean_v1/rear/rear_0011.jpg,datasets/viewpoint/self_clean_v1_rtdetr_crop/rear/rear_0011.jpg,dup_0257,a27cf3ae5bd8cd4ed61449c1def5286e3fe2d96cc18413270f855e0251bee521,https://www.pexels.com/photo/a-boy-caring-for-herd-of-cattles-9430114/,www.pexels.com,success,1,0.9665,630.78,737.63,1923.37,2475.16,566,651,1988,2562,proportional_5pct,2156,3234,1422,1911,1878124,1186538,train
rear_0012,rear,datasets/viewpoint/self_clean_v1/rear/rear_0012.jpg,datasets/viewpoint/self_clean_v1_rtdetr_crop/rear/rear_0012.jpg,dup_0258,f67d4ac7adc0f597f1457e8a45717be3a198744daf9f601d1dcfc55807ecabeb,https://www.pexels.com/photo/people-walking-on-road-with-brown-cows-12426052/,www.pexels.com,success,1,0.954,2355.07,1331.56,3714.43,2916.39,2287,1252,3782,2996,proportional_5pct,6000,4000,1495,1744,5098937,977277,train
rear_0014,rear,datasets/viewpoint/self_clean_v1/rear/rear_0014.jpg,datasets/viewpoint/self_clean_v1_rtdetr_crop/rear/rear_0014.jpg,dup_0261,22b3440a409ee5e7782d31ee113d01dde40945f148921e1c2047c867d55e015d,https://www.pexels.com/photo/herd-of-cows-grazing-in-rural-palu-turkiye-32608475/,www.pexels.com,success,2,0.943,1302.87,4434.18,2056.86,5521.3,1265,4380,2095,5576,proportional_5pct,4329,5774,830,1196,5306922,524897,train
rear_0015,rear,datasets/viewpoint/self_clean_v1/rear/rear_0015.jpg,datasets/viewpoint/self_clean_v1_rtdetr_crop/rear/rear_0015.jpg,dup_0262,e89ac129818724f47e70c5873c38e554f256c7caca63c0321a84ad59ab987569,https://www.pexels.com/photo/cows-in-a-field-19808773/,www.pexels.com,success,5,0.9496,649.18,1427.69,2339.19,3886.77,565,1305,2424,4010,proportional_5pct,3024,4032,1859,2705,2236286,2408632,train
rear_0018,rear,datasets/viewpoint/self_clean_v1/rear/rear_0018.jpg,datasets/viewpoint/self_clean_v1_rtdetr_crop/rear/rear_0018.jpg,dup_0265,5f3f0992a6f2ad32fa3c5a508c70a240e495a5796bc094ada9c01399ca0190c5,https://www.pexels.com/photo/rural-life-farmers-herding-cattle-on-country-road-34522584/,www.pexels.com,success,6,0.9465,1346.55,1928.97,2498.72,3370.76,1289,1857,2556,3443,proportional_5pct,4000,6000,1267,1586,2713248,594186,train
rear_0019,rear,datasets/viewpoint/self_clean_v1/rear/rear_0019.jpg,datasets/viewpoint/self_clean_v1_rtdetr_crop/rear/rear_0019.jpg,dup_0266,f983ad4ae0e1cdfa706ec9914b2f4f235c8330b8f2f049dd14bae0edb53464c6,https://www.pexels.com/photo/woman-herding-cattle-on-forest-pathway-34522583/,www.pexels.com,success,4,0.957,3049.34,2475.11,6510.69,7436.26,2876,2227,6684,7684,proportional_5pct,11648,8736,3808,5457,21404680,7291307,train
rear_0020,rear,datasets/viewpoint/self_clean_v1/rear/rear_0020.jpg,datasets/viewpoint/self_clean_v1_rtdetr_crop/rear/rear_0020.jpg,dup_0245,8e6af3a5cd90c6430d58bff034c9f93252e9652991c8593f19e0102280cdaf49,https://www.pexels.com/photo/cow-eating-grass-on-pasture-9960235/,www.pexels.com,success,1,0.947,1212.23,3025.01,2931.76,4928.08,1126,2930,3018,5023,proportional_5pct,4160,6240,1892,2093,979284,1019870,train
rear_0021,rear,datasets/viewpoint/self_clean_v1/rear/rear_0021.jpg,datasets/viewpoint/self_clean_v1_rtdetr_crop/rear/rear_0021.jpg,dup_0417,dbcf54eaca76e4a0e82c8a4d03d59aaee7e5417de171b53b91d964f7a16d62c6,https://www.kaggle.com/datasets/lawrencejembere/cow-images-for-milk-yield-prediction,www.kaggle.com,success,2,0.963,1683.93,225.85,3164.36,2501.85,1610,112,3238,2592,proportional_5pct,3872,2592,1628,2480,2769877,1431383,train
rear_0023,rear,datasets/viewpoint/self_clean_v1/rear/rear_0023.jpg,datasets/viewpoint/self_clean_v1_rtdetr_crop/rear/rear_0023.jpg,dup_0419,f47c8094f36d50e7e6c2464e683b4d5ca4bf2b6c20e8bc8e66db71b95f342883,https://www.kaggle.com/datasets/lawrencejembere/cow-images-for-milk-yield-prediction,www.kaggle.com,success,1,0.9712,285.82,1173.34,2085.83,3205.17,196,1072,2176,3307,proportional_5pct,2592,3872,1980,2235,6559259,1532269,train
rear_0024,rear,datasets/viewpoint/self_clean_v1/rear/rear_0024.jpg,datasets/viewpoint/self_clean_v1_rtdetr_crop/rear/rear_0024.jpg,dup_0420,3e5c3e77413b36b73711baf3c1d6679f20e98ae6de18a53531ca802f637a322b,https://www.kaggle.com/datasets/lawrencejembere/cow-images-for-milk-yield-prediction,www.kaggle.com,success,1,0.9614,213.04,833.95,2592.15,3768.18,94,687,2592,3872,proportional_5pct,2592,3872,2498,3185,4581492,2546932,train
rear_0025,rear,datasets/viewpoint/self_clean_v1/rear/rear_0025.jpg,datasets/viewpoint/self_clean_v1_rtdetr_crop/rear/rear_0025.jpg,dup_0421,2413f222d3b48ae2a2adaf78c747beb2fa3ebf5dc65457b690314771cc2c66b5,https://www.kaggle.com/datasets/lawrencejembere/cow-images-for-milk-yield-prediction,www.kaggle.com,success,2,0.962,400.07,558.44,2108.1,2532.98,315,460,2194,2632,proportional_5pct,2592,3872,1879,2172,7644620,1576433,train
rear_0026,rear,datasets/viewpoint/self_clean_v1/rear/rear_0026.jpg,datasets/viewpoint/self_clean_v1_rtdetr_crop/rear/rear_0026.jpg,dup_0422,0ebc3b5c6cdf261d364e2a853819ee698ce5cd1fea6711280f1058d8b7c6984c,https://www.kaggle.com/datasets/lawrencejembere/cow-images-for-milk-yield-prediction,www.kaggle.com,success,3,0.9713,-0.09,302.69,2306.15,3577.42,0,139,2421,3741,proportional_5pct,2592,3872,2421,3602,5498106,2404917,train
rear_0028,rear,datasets/viewpoint/self_clean_v1/rear/rear_0028.jpg,datasets/viewpoint/self_clean_v1_rtdetr_crop/rear/rear_0028.jpg,dup_0424,56f7a246a7da61224e43b6948b31bc22287e5e33ce9db193069a9fc5b802e379,https://www.kaggle.com/datasets/lawrencejembere/cow-images-for-milk-yield-prediction,www.kaggle.com,success,1,0.9708,15.11,1188.83,1896.59,3656.7,0,1065,1991,3780,proportional_5pct,2592,3872,1991,2715,4358686,1452881,train
rear_0030,rear,datasets/viewpoint/self_clean_v1/rear/rear_0030.jpg,datasets/viewpoint/self_clean_v1_rtdetr_crop/rear/rear_0030.jpg,dup_0426,de1acf667cc5551227a17c932f0be2f880cd14e4aa1f5521e53a98535c52da0b,https://www.kaggle.com/datasets/lawrencejembere/cow-images-for-milk-yield-prediction,www.kaggle.com,success,1,0.9693,277.32,883.95,2247.4,3063.16,179,775,2346,3172,proportional_5pct,2592,3872,2167,2397,5020128,1446125,train
rear_0032,rear,datasets/viewpoint/self_clean_v1/rear/rear_0032.jpg,datasets/viewpoint/self_clean_v1_rtdetr_crop/rear/rear_0032.jpg,dup_0429,e325e7922a859bfbe3d53e958da3dee2b06613fa9825be44a782ed1aadf97558,https://www.kaggle.com/datasets/lawrencejembere/cow-images-for-milk-yield-prediction,www.kaggle.com,success,1,0.9733,48.52,207.64,2264.51,3172.15,0,59,2375,3320,proportional_5pct,2592,3872,2375,3261,2437707,1902994,train
rear_0033,rear,datasets/viewpoint/self_clean_v1/rear/rear_0033.jpg,datasets/viewpoint/self_clean_v1_rtdetr_crop/rear/rear_0033.jpg,dup_0430,52be1d8d6c76bf8cbe795f0974389192bb27e7b0d9a42330f1ad4c968d6ed60a,https://www.kaggle.com/datasets/lawrencejembere/cow-images-for-milk-yield-prediction,www.kaggle.com,success,1,0.974,87.32,683.54,2593.11,3496.32,0,543,2592,3637,proportional_5pct,2592,3872,2592,3094,4641338,2503513,train
rear_0034,rear,datasets/viewpoint/self_clean_v1/rear/rear_0034.jpg,datasets/viewpoint/self_clean_v1_rtdetr_crop/rear/rear_0034.jpg,dup_0431,73769cf01c10d1a75e18dc72fdc7a82bea2bfb57a064d8e1b311644e4fc50376,https://www.kaggle.com/datasets/lawrencejembere/cow-images-for-milk-yield-prediction,www.kaggle.com,success,1,0.9667,298.06,275.55,2023.78,3059.82,212,136,2110,3199,proportional_5pct,2592,3872,1898,3063,2474365,1861223,train
rear_0035,rear,datasets/viewpoint/self_clean_v1/rear/rear_0035.jpg,datasets/viewpoint/self_clean_v1_rtdetr_crop/rear/rear_0035.jpg,dup_0432,0851d572b435bfdc090d13d4cc2f5456c0e839c74049d5ddf1905591e7129c9f,https://www.kaggle.com/datasets/lawrencejembere/cow-images-for-milk-yield-prediction,www.kaggle.com,success,2,0.9639,943.42,1222.39,2068.84,2918.68,887,1138,2125,3003,proportional_5pct,2592,3872,1238,1865,6592866,794783,train
rear_0037,rear,datasets/viewpoint/self_clean_v1/rear/rear_0037.jpg,datasets/viewpoint/self_clean_v1_rtdetr_crop/rear/rear_0037.jpg,dup_0434,b3ff2f7caf82cbb57dc7109708be3f913f1912d97366be424c5949c1f1a5c36b,https://www.kaggle.com/datasets/lawrencejembere/cow-images-for-milk-yield-prediction,www.kaggle.com,success,2,0.9675,191.0,347.35,2479.89,3157.97,77,207,2592,3299,proportional_5pct,2592,3872,2515,3092,6905651,2304634,train
rear_0038,rear,datasets/viewpoint/self_clean_v1/rear/rear_0038.jpg,datasets/viewpoint/self_clean_v1_rtdetr_crop/rear/rear_0038.jpg,dup_0435,71104b6b5682294d03e31e610651d61e151b6fcc03960c68348180d92aa91c87,https://www.kaggle.com/datasets/lawrencejembere/cow-images-for-milk-yield-prediction,www.kaggle.com,success,1,0.9665,253.67,904.85,2384.45,3828.46,147,759,2491,3872,proportional_5pct,2592,3872,2344,3113,4515782,2157301,train
rear_0039,rear,datasets/viewpoint/self_clean_v1/rear/rear_0039.jpg,datasets/viewpoint/self_clean_v1_rtdetr_crop/rear/rear_0039.jpg,dup_0436,68109abdb19918b62d56ae27f9308d2718374b7ca948990b2b3b8c2dd8725f21,https://www.kaggle.com/datasets/lawrencejembere/cow-images-for-milk-yield-prediction,www.kaggle.com,success,1,0.9768,192.38,746.71,2592.54,3841.75,72,592,2592,3872,proportional_5pct,2592,3872,2520,3280,2376333,2209783,train
rear_0040,rear,datasets/viewpoint/self_clean_v1/rear/rear_0040.jpg,datasets/viewpoint/self_clean_v1_rtdetr_crop/rear/rear_0040.jpg,dup_0437,3f784ce2158cf749e779c43790a7c8f1d984a471387c0dc0ed69a6a142830694,https://www.pexels.com/photo/boy-leading-cattle-in-village-18700971/,www.pexels.com,success,8,0.2627,717.75,3104.06,1351.89,4089.01,686,3055,1384,4138,proportional_5pct,3521,5281,698,1083,2383128,255025,train
rear_0041,rear,datasets/viewpoint/self_clean_v1/rear/rear_0041.jpg,datasets/viewpoint/self_clean_v1_rtdetr_crop/rear/rear_0041.jpg,dup_0438,72541b87de4ad1ca399711cb6fbb9d1b8b9be6dde98bb30434e009372b7b4ddb,https://www.kaggle.com/datasets/lawrencejembere/cow-images-for-milk-yield-prediction,www.kaggle.com,success,1,0.9717,175.99,683.39,2591.54,3794.08,55,528,2592,3872,proportional_5pct,2592,3872,2537,3344,2368620,2526766,train
rear_0042,rear,datasets/viewpoint/self_clean_v1/rear/rear_0042.jpg,datasets/viewpoint/self_clean_v1_rtdetr_crop/rear/rear_0042.jpg,dup_0439,1327c8ce98b988fb3bf8ec07f654c46364b40981e13b81e7b4be810ff02e1ff9,https://www.kaggle.com/datasets/lawrencejembere/cow-images-for-milk-yield-prediction,www.kaggle.com,success,3,0.9623,92.93,442.56,2463.44,3840.77,0,273,2582,3872,proportional_5pct,2592,3872,2582,3599,4576120,2761238,train
rear_0043,rear,datasets/viewpoint/self_clean_v1/rear/rear_0043.jpg,datasets/viewpoint/self_clean_v1_rtdetr_crop/rear/rear_0043.jpg,dup_0440,4268d27879abc706f0313977b5f4b513db3ad11e171183df789272bbab90d1a1,https://www.kaggle.com/datasets/lawrencejembere/cow-images-for-milk-yield-prediction,www.kaggle.com,success,4,0.9417,699.68,1664.47,1268.59,2771.39,671,1609,1297,2827,proportional_5pct,2592,3872,626,1218,5144815,277902,train
rear_0044,rear,datasets/viewpoint/self_clean_v1/rear/rear_0044.jpg,datasets/viewpoint/self_clean_v1_rtdetr_crop/rear/rear_0044.jpg,dup_0441,a2f05ce77a398bb13524379e12d754705f313a47661c9f19f7e71664189a77b5,https://www.kaggle.com/datasets/lawrencejembere/cow-images-for-milk-yield-prediction,www.kaggle.com,success,2,0.9192,484.24,607.73,1500.39,2578.54,433,509,1551,2677,proportional_5pct,2592,3872,1118,2168,5726262,691630,train
rear_0045,rear,datasets/viewpoint/self_clean_v1/rear/rear_0045.jpg,datasets/viewpoint/self_clean_v1_rtdetr_crop/rear/rear_0045.jpg,dup_0442,2a3bb431c081d5927e91cf75b07d30e13cc89502388ac7aea8b1f0d33d09a917,https://www.kaggle.com/datasets/lawrencejembere/cow-images-for-milk-yield-prediction,www.kaggle.com,success,2,0.9778,1.67,644.44,1967.66,3302.54,0,512,2066,3435,proportional_5pct,2592,3872,2066,2923,6634692,2221172,train
rear_0046,rear,datasets/viewpoint/self_clean_v1/rear/rear_0046.jpg,datasets/viewpoint/self_clean_v1_rtdetr_crop/rear/rear_0046.jpg,dup_0443,f7fbb58de170b446b46ff4ba20ca63883a3aebc411fbdf2055c7c4511c97be57,https://www.kaggle.com/datasets/lawrencejembere/cow-images-for-milk-yield-prediction,www.kaggle.com,success,3,0.9615,1.62,489.78,2221.46,3015.97,0,363,2332,3142,proportional_5pct,2592,3872,2332,2779,7156601,2210602,train
rear_0048,rear,datasets/viewpoint/self_clean_v1/rear/rear_0048.jpg,datasets/viewpoint/self_clean_v1_rtdetr_crop/rear/rear_0048.jpg,dup_0446,8fb7e1b636b5d757f367461fdae92b1cb6f1543910de5aa2b826428bac341544,https://www.kaggle.com/datasets/lawrencejembere/cow-images-for-milk-yield-prediction,www.kaggle.com,success,1,0.9715,160.55,1318.94,2228.22,3606.2,57,1205,2332,3721,proportional_5pct,2592,3872,2275,2516,2374198,1837002,train
rear_0049,rear,datasets/viewpoint/self_clean_v1/rear/rear_0049.jpg,datasets/viewpoint/self_clean_v1_rtdetr_crop/rear/rear_0049.jpg,dup_0445,793668fd2799aeeddfe21bbd55ac2109b9712a42b18a4a4e6e438202ce1574a9,https://www.kaggle.com/datasets/lawrencejembere/cow-images-for-milk-yield-prediction,www.kaggle.com,success,1,0.9727,370.4,527.2,2595.88,3300.68,259,389,2592,3439,proportional_5pct,2592,3872,2333,3050,7038798,2291104,train
rear_0050,rear,datasets/viewpoint/self_clean_v1/rear/rear_0050.jpg,datasets/viewpoint/self_clean_v1_rtdetr_crop/rear/rear_0050.jpg,dup_0260,6f20d642f01106a13689bd3b97840be408958ed49e5bc4cdcfee088f13d15201,https://www.pexels.com/photo/boy-with-rod-leading-cattle-in-village-18700973/,www.pexels.com,success,7,0.819,974.57,3301.68,1406.05,4403.09,953,3247,1428,4458,proportional_5pct,3617,5425,475,1211,2310195,208865,train
rear_0051,rear,datasets/viewpoint/self_clean_v1/rear/rear_0051.jpg,datasets/viewpoint/self_clean_v1_rtdetr_crop/rear/rear_0051.jpg,dup_0447,3cf1dfd7142479e50816b311add039c0e87f14f8370a68aed2d1656fbc36a36c,https://www.kaggle.com/datasets/lawrencejembere/cow-images-for-milk-yield-prediction,www.kaggle.com,success,1,0.9713,812.3,1474.53,2590.07,3849.47,723,1356,2592,3872,proportional_5pct,2592,3872,1869,2516,2466647,1346497,train
rear_0053,rear,datasets/viewpoint/self_clean_v1/rear/rear_0053.jpg,datasets/viewpoint/self_clean_v1_rtdetr_crop/rear/rear_0053.jpg,dup_0449,2f826e7381303edce453f18ea6343aba1af6b4600a1aa5f955444187ff4ff393,https://www.kaggle.com/datasets/lawrencejembere/cow-images-for-milk-yield-prediction,www.kaggle.com,success,1,0.9737,73.7,1307.7,1871.67,3837.92,0,1181,1962,3872,proportional_5pct,2592,3872,1962,2691,5701821,1560690,train
rear_0054,rear,datasets/viewpoint/self_clean_v1/rear/rear_0054.jpg,datasets/viewpoint/self_clean_v1_rtdetr_crop/rear/rear_0054.jpg,dup_0450,17de2ad7bc9bfe21a6b73db9594cee798f7321d124ab42b17ec63ffd41e51118,https://www.kaggle.com/datasets/lawrencejembere/cow-images-for-milk-yield-prediction,www.kaggle.com,success,1,0.9755,184.67,491.11,2592.19,3836.71,64,324,2592,3872,proportional_5pct,2592,3872,2528,3548,6155417,2492793,train
rear_0055,rear,datasets/viewpoint/self_clean_v1/rear/rear_0055.jpg,datasets/viewpoint/self_clean_v1_rtdetr_crop/rear/rear_0055.jpg,dup_0451,e7def86719696f967a0014696c9d1593c151d49f5a64dca0585339e44ba388d6,https://www.kaggle.com/datasets/lawrencejembere/cow-images-for-milk-yield-prediction,www.kaggle.com,success,3,0.9523,168.7,138.01,2562.06,3210.41,49,0,2592,3364,proportional_5pct,2592,3872,2543,3364,5635136,2338119,train
rear_0057,rear,datasets/viewpoint/self_clean_v1/rear/rear_0057.jpg,datasets/viewpoint/self_clean_v1_rtdetr_crop/rear/rear_0057.jpg,dup_0453,f34295135b472734e0ab52e895ef3c23b6085b30431c629346b032dcd6e96b4d,https://www.kaggle.com/datasets/lawrencejembere/cow-images-for-milk-yield-prediction,www.kaggle.com,success,2,0.977,390.6,422.62,2593.68,3840.8,280,252,2592,3872,proportional_5pct,2592,3872,2312,3620,5160278,2305424,train
rear_0059,rear,datasets/viewpoint/self_clean_v1/rear/rear_0059.jpg,datasets/viewpoint/self_clean_v1_rtdetr_crop/rear/rear_0059.jpg,dup_0455,a7cdf67ce4b0f533cb755df4871a28b3733ba20da595ef7906b55cd6d2ab602c,https://www.kaggle.com/datasets/lawrencejembere/cow-images-for-milk-yield-prediction,www.kaggle.com,success,1,0.9743,141.88,52.62,2543.08,3823.06,22,0,2592,3872,proportional_5pct,2592,3872,2570,3872,4885009,3305131,train
rear_0060,rear,datasets/viewpoint/self_clean_v1/rear/rear_0060.jpg,datasets/viewpoint/self_clean_v1_rtdetr_crop/rear/rear_0060.jpg,dup_0456,c957fa875a80c913704822452c180ae622be314b08769ba1cc2491f4997d8876,https://www.kaggle.com/datasets/lawrencejembere/cow-images-for-milk-yield-prediction,www.kaggle.com,success,2,0.968,215.26,471.11,2317.75,3470.69,110,321,2423,3621,proportional_5pct,2592,3872,2313,3300,6799820,2541736,train
rear_0061,rear,datasets/viewpoint/self_clean_v1/rear/rear_0061.jpg,datasets/viewpoint/self_clean_v1_rtdetr_crop/rear/rear_0061.jpg,dup_0457,295be80db01cc99a847e4cbaf724c37a1d4a10d07c6e802760c9d070f519f02e,https://www.kaggle.com/datasets/lawrencejembere/cow-images-for-milk-yield-prediction,www.kaggle.com,success,9,0.9712,3.1,780.02,2591.28,3431.9,0,647,2592,3564,proportional_5pct,2592,3872,2592,2917,1236801,2202253,train
rear_0062,rear,datasets/viewpoint/self_clean_v1/rear/rear_0062.jpg,datasets/viewpoint/self_clean_v1_rtdetr_crop/rear/rear_0062.jpg,dup_0458,5e68c8304bb9a016555ba33afd9abda0ccd163741eb8d4ab3db20e8bcaf11084,https://www.kaggle.com/datasets/lawrencejembere/cow-images-for-milk-yield-prediction,www.kaggle.com,success,2,0.9685,-1.24,586.35,2038.22,3774.94,0,427,2140,3872,proportional_5pct,2592,3872,2140,3445,5367280,2086216,train
rear_0064,rear,datasets/viewpoint/self_clean_v1/rear/rear_0064.jpg,datasets/viewpoint/self_clean_v1_rtdetr_crop/rear/rear_0064.jpg,dup_0460,062373a82cf0880b714152c54c1f9383bae9864a6ffce83f285abf891bb37d63,https://www.kaggle.com/datasets/lawrencejembere/cow-images-for-milk-yield-prediction,www.kaggle.com,success,1,0.9717,174.91,551.1,2538.21,3639.2,57,397,2592,3794,proportional_5pct,2592,3872,2535,3397,5368880,2563682,train
rear_0066,rear,datasets/viewpoint/self_clean_v1/rear/rear_0066.jpg,datasets/viewpoint/self_clean_v1_rtdetr_crop/rear/rear_0066.jpg,dup_0462,1a5c8d37f0deb95ac4d39825e1985a8d4c01ad22913b1185884bf5c0d9515d4a,https://www.kaggle.com/datasets/lawrencejembere/cow-images-for-milk-yield-prediction,www.kaggle.com,success,1,0.9665,100.2,386.35,1842.25,3201.2,13,246,1929,3342,proportional_5pct,2592,3872,1916,3096,6785825,1840221,train
rear_0067,rear,datasets/viewpoint/self_clean_v1/rear/rear_0067.jpg,datasets/viewpoint/self_clean_v1_rtdetr_crop/rear/rear_0067.jpg,dup_0463,ff150f9514b0ea3b5e1818c1e8ad9c67eb1a064ac6a1933458e901fecd66a78c,https://www.kaggle.com/datasets/lawrencejembere/cow-images-for-milk-yield-prediction,www.kaggle.com,success,1,0.978,279.47,417.88,2591.8,3744.88,164,252,2592,3872,proportional_5pct,2592,3872,2428,3620,5144908,2445349,train
rear_0069,rear,datasets/viewpoint/self_clean_v1/rear/rear_0069.jpg,datasets/viewpoint/self_clean_v1_rtdetr_crop/rear/rear_0069.jpg,dup_0465,8b82950b6dafed711835d3a449192fefd8b7c4b0be0d01bdf0ba803ee846ef48,https://www.kaggle.com/datasets/lawrencejembere/cow-images-for-milk-yield-prediction,www.kaggle.com,success,2,0.9733,240.69,996.05,2143.44,3063.01,146,893,2239,3166,proportional_5pct,2592,3872,2093,2273,4908427,1314119,train
rear_0070,rear,datasets/viewpoint/self_clean_v1/rear/rear_0070.jpg,datasets/viewpoint/self_clean_v1_rtdetr_crop/rear/rear_0070.jpg,dup_0466,7cda0e3c8fff990bbf7a20b85be661cea039516c86681ae59a802242c45edac4,https://www.kaggle.com/datasets/lawrencejembere/cow-images-for-milk-yield-prediction,www.kaggle.com,success,1,0.9719,334.66,763.82,2285.78,3241.38,237,640,2383,3365,proportional_5pct,2592,3872,2146,2725,6551829,1732056,train
rear_0072,rear,datasets/viewpoint/self_clean_v1/rear/rear_0072.jpg,datasets/viewpoint/self_clean_v1_rtdetr_crop/rear/rear_0072.jpg,dup_0468,28cc3848923c2ae58e8bfb47e5ab6eeb5003593ff9feb2eaddc2f621cd49c56d,https://www.pexels.com/photo/a-boy-with-gray-beanie-holding-a-stick-herding-the-goats-8715364/,www.pexels.com,success,2,0.9327,3151.12,2236.39,3781.11,3816.31,3120,2157,3813,3895,proportional_5pct,4000,6000,693,1738,4699730,450202,train
rear_0073,rear,datasets/viewpoint/self_clean_v1/rear/rear_0073.jpg,datasets/viewpoint/self_clean_v1_rtdetr_crop/rear/rear_0073.jpg,dup_0469,64bd3e4cd0b7ad8e0b12841aa7263515c036a7737d9f67bdd76eb98c0ccf94ed,https://www.kaggle.com/datasets/lawrencejembere/cow-images-for-milk-yield-prediction,www.kaggle.com,success,1,0.9698,451.78,673.97,2591.98,3229.9,345,546,2592,3358,proportional_5pct,2592,3872,2247,2812,5640266,1930734,train
rear_0074,rear,datasets/viewpoint/self_clean_v1/rear/rear_0074.jpg,datasets/viewpoint/self_clean_v1_rtdetr_crop/rear/rear_0074.jpg,dup_0470,6d0819b018012d92221e31ec062755e36c0309d8ac211551ef5477d129c0dbb8,https://www.pexels.com/photo/two-cows-walking-in-a-field-with-a-fence-in-the-background-28164874/,www.pexels.com,success,2,0.9435,804.12,2844.53,2182.22,4098.58,735,2782,2251,4161,proportional_5pct,4000,6000,1516,1379,3606272,775809,train
rear_0075,rear,datasets/viewpoint/self_clean_v1/rear/rear_0075.jpg,datasets/viewpoint/self_clean_v1_rtdetr_crop/rear/rear_0075.jpg,dup_0471,4a61b39e2d7896bd71bd290cd54e205ed791ae7ac57e507940c0939016541844,https://www.kaggle.com/datasets/lawrencejembere/cow-images-for-milk-yield-prediction,www.kaggle.com,success,9,0.9368,193.74,435.93,2407.37,3270.9,83,294,2518,3413,proportional_5pct,2592,3872,2435,3119,1273419,2182753,train
rear_0076,rear,datasets/viewpoint/self_clean_v1/rear/rear_0076.jpg,datasets/viewpoint/self_clean_v1_rtdetr_crop/rear/rear_0076.jpg,dup_0472,e90bbb980d5f766e7b9e0f1171c6989c5d7bcb52db8b28aa8fd22d7ad45879c7,https://www.kaggle.com/datasets/lawrencejembere/cow-images-for-milk-yield-prediction,www.kaggle.com,success,12,0.7749,-4.32,1316.13,2586.12,3838.8,0,1190,2592,3872,proportional_5pct,2592,3872,2592,2682,935552,1639238,train
rear_0077,rear,datasets/viewpoint/self_clean_v1/rear/rear_0077.jpg,datasets/viewpoint/self_clean_v1_rtdetr_crop/rear/rear_0077.jpg,dup_0473,d9bcef8156d9507060f9b61eee8a9caa3417db6c50b444a1ff01e876ebdffee2,https://www.pexels.com/photo/cattle-on-pasture-18774750/,www.pexels.com,success,11,0.2635,803.26,2215.29,1821.54,3131.51,752,2169,1872,3177,proportional_5pct,3456,5184,1120,1008,3266155,527873,train
rear_0078,rear,datasets/viewpoint/self_clean_v1/rear/rear_0078.jpg,datasets/viewpoint/self_clean_v1_rtdetr_crop/rear/rear_0078.jpg,dup_0474,ffc5d46a400066bce82e44b3c08e7ed63118f446b49b83f3f9452f9fb922d7bf,https://www.pexels.com/photo/herd-of-charolais-cattle-in-a-field-13629857/,www.pexels.com,success,8,0.8625,1351.98,2232.07,2989.25,3667.58,1270,2160,3071,3739,proportional_5pct,4000,5000,1801,1579,2428900,979619,train
rear_0079,rear,datasets/viewpoint/self_clean_v1/rear/rear_0079.jpg,datasets/viewpoint/self_clean_v1_rtdetr_crop/rear/rear_0079.jpg,dup_0475,a20510c2fb18321d127d18133826fe5a9fac6526f73d9f2f54b7d2c681b63198,https://www.pexels.com/photo/farmer-in-a-straw-hat-standing-on-a-field-with-two-brown-oxen-16509870/,www.pexels.com,success,2,0.9618,3218.49,962.66,4889.66,3242.37,3135,849,4897,3264,proportional_5pct,4897,3264,1762,2415,2261245,1735842,train
rear_0080,rear,datasets/viewpoint/self_clean_v1/rear/rear_0080.jpg,datasets/viewpoint/self_clean_v1_rtdetr_crop/rear/rear_0080.jpg,dup_0476,248647f0997836ae086f9e17c111372744b1c55938c971b4f7dd998fbdb22f94,https://www.pexels.com/photo/a-man-in-green-long-sleeves-farming-on-brown-field-14884881/,www.pexels.com,success,2,0.9088,3152.67,1657.21,4060.77,2807.69,3107,1600,4106,2865,proportional_5pct,4352,3264,999,1265,1349639,276118,train
rear_0081,rear,datasets/viewpoint/self_clean_v1/rear/rear_0081.jpg,datasets/viewpoint/self_clean_v1_rtdetr_crop/rear/rear_0081.jpg,dup_0477,42fb5bfeb3689460e1a8140c818a58f81bcc70815ead8d60c2c379e2586de72c,https://www.pexels.com/photo/farmer-and-pair-of-oxen-plowing-land-16510004/,www.pexels.com,success,2,0.9247,598.73,1363.43,1286.13,2184.21,564,1322,1321,2225,proportional_5pct,4155,3116,757,903,1325225,199842,train
rear_0083,rear,datasets/viewpoint/self_clean_v1/rear/rear_0083.jpg,datasets/viewpoint/self_clean_v1_rtdetr_crop/rear/rear_0083.jpg,dup_0478,030a501ba39d9f03a5ad0b4bab64e3a77beffb04d868943548477f3c16e95a01,https://www.pexels.com/photo/cattle-grazing-in-a-pastoral-meadow-scene-35739307/,www.pexels.com,success,1,0.9578,1726.19,982.23,3489.76,3175.39,1638,873,3578,3285,proportional_5pct,5472,3648,1940,2412,3706154,2180604,train
rear_0084,rear,datasets/viewpoint/self_clean_v1/rear/rear_0084.jpg,datasets/viewpoint/self_clean_v1_rtdetr_crop/rear/rear_0084.jpg,dup_0479,e5dd3a96c6ec3b808ac47cb71ac8118a15724954670ceb3a79ce98501f2ce5e9,https://www.pexels.com/photo/man-walking-his-cows-on-the-road-13608871/,www.pexels.com,success,2,0.9535,2291.59,1697.66,3453.7,2553.52,2233,1655,3512,2596,proportional_5pct,6016,4000,1279,941,3764493,394028,train
rear_0087,rear,datasets/viewpoint/self_clean_v1/rear/rear_0087.jpg,datasets/viewpoint/self_clean_v1_rtdetr_crop/rear/rear_0087.jpg,dup_0482,ad5bd7e6654304a3cb9af552b67aa03a22a815c09c9c90eef5ee5e1769005e48,https://www.pexels.com/photo/majestic-black-and-white-cow-in-rural-setting-35745628/,www.pexels.com,success,1,0.9781,276.41,2008.25,3356.97,5025.93,122,1857,3360,5040,proportional_5pct,3360,5040,3238,3183,1039830,1965339,train
rear_0089,rear,datasets/viewpoint/self_clean_v1/rear/rear_0089.jpg,datasets/viewpoint/self_clean_v1_rtdetr_crop/rear/rear_0089.jpg,dup_0484,b1fac8d4579f551c3e9f064a3feb1e5ed74a9dde0506f6b38d64e99a1ad2db55,https://www.kaggle.com/datasets/lawrencejembere/cow-images-for-milk-yield-prediction,www.kaggle.com,success,2,0.9637,-2.44,368.05,2425.12,3263.38,0,223,2546,3408,proportional_5pct,2592,3872,2546,3185,1254206,1940446,train
rear_0090,rear,datasets/viewpoint/self_clean_v1/rear/rear_0090.jpg,datasets/viewpoint/self_clean_v1_rtdetr_crop/rear/rear_0090.jpg,dup_0485,18673333b3f64f942fa56acf14b8bf3880902277054ac1bec6b2198c698da79a,https://www.pexels.com/photo/herd-of-brown-cows-grazing-on-green-grass-field-10146815/,www.pexels.com,success,4,0.9224,2718.37,4007.1,3634.52,5180.77,2673,3948,3680,5239,proportional_5pct,3894,5695,1007,1291,2583782,402934,train
rear_0091,rear,datasets/viewpoint/self_clean_v1/rear/rear_0091.jpg,datasets/viewpoint/self_clean_v1_rtdetr_crop/rear/rear_0091.jpg,dup_0486,b2535f18288e3171064ab423656eb592a5eb6a2e7bdf36e9ce3e7e1677dd2c6f,https://www.pexels.com/photo/white-cow-walking-in-forested-area-37462172/,www.pexels.com,success,1,0.9682,1505.33,1019.18,3812.61,3578.99,1390,891,3928,3707,proportional_5pct,5760,3840,2538,2816,1415416,1651857,train
rear_0092,rear,datasets/viewpoint/self_clean_v1/rear/rear_0092.jpg,datasets/viewpoint/self_clean_v1_rtdetr_crop/rear/rear_0092.jpg,dup_0487,4eccb7831bdf6cf4f2a75c03e5a317b829bd4e4d693abd03c49b526ae2476a06,https://unsplash.com/photos/a-black-and-white-cow-grazing-in-a-field-pNAdIzP9v-w,unsplash.com,success,1,0.9577,2175.59,1011.02,3677.33,2610.73,2101,931,3752,2691,proportional_5pct,4928,3264,1651,1760,2948123,937903,train
rear_0094,rear,datasets/viewpoint/self_clean_v1/rear/rear_0094.jpg,datasets/viewpoint/self_clean_v1_rtdetr_crop/rear/rear_0094.jpg,dup_0491,2f7f5c55e57430698b47910b2381e623b7af0880903d6938544e5180ee0e9322,https://www.kaggle.com/datasets/lawrencejembere/cow-images-for-milk-yield-prediction,www.kaggle.com,success,4,0.8802,181.85,587.01,1577.39,3541.88,112,439,1647,3690,proportional_5pct,2592,3872,1535,3251,6846720,1663258,train
rear_0095,rear,datasets/viewpoint/self_clean_v1/rear/rear_0095.jpg,datasets/viewpoint/self_clean_v1_rtdetr_crop/rear/rear_0095.jpg,dup_0492,efc005a2bfaacaf60c004809999b8819e18bcb93e9747abfda997f9b1b847518,https://www.kaggle.com/datasets/lawrencejembere/cow-images-for-milk-yield-prediction,www.kaggle.com,success,1,0.9764,-1.79,220.17,2261.2,3365.95,0,63,2374,3523,proportional_5pct,2592,3872,2374,3460,6817053,2485305,train
rear_0096,rear,datasets/viewpoint/self_clean_v1/rear/rear_0096.jpg,datasets/viewpoint/self_clean_v1_rtdetr_crop/rear/rear_0096.jpg,dup_0489,3c5f34ec5c9642c4d7529189749dfaa286ddfeefff1871caf92a1be973f9c25c,https://www.kaggle.com/datasets/lawrencejembere/cow-images-for-milk-yield-prediction,www.kaggle.com,success,2,0.9644,282.12,671.08,2591.29,3312.22,167,539,2592,3444,proportional_5pct,2592,3872,2425,2905,4259567,1680470,train
rear_0097,rear,datasets/viewpoint/self_clean_v1/rear/rear_0097.jpg,datasets/viewpoint/self_clean_v1_rtdetr_crop/rear/rear_0097.jpg,dup_0248,c221753e9462aba4286892b006e5fb1650935ed0691bbdf2e3610296223e23ef,https://www.pexels.com/photo/a-cattle-grazing-on-a-grass-field-9465612/,www.pexels.com,success,2,0.9402,784.75,3070.52,2491.23,4952.05,699,2976,2577,5046,proportional_5pct,4160,6240,1878,2070,1137634,964546,train
rear_0098,rear,datasets/viewpoint/self_clean_v1/rear/rear_0098.jpg,datasets/viewpoint/self_clean_v1_rtdetr_crop/rear/rear_0098.jpg,dup_0490,ebd806842ece62cd35708056ae5ae63f31d952b6930c71ca8ca6c94f1e4d0e13,https://www.kaggle.com/datasets/lawrencejembere/cow-images-for-milk-yield-prediction,www.kaggle.com,success,2,0.9741,148.94,30.27,2262.67,3846.71,43,0,2368,3872,proportional_5pct,2592,3872,2325,3872,4534374,2284964,train
rear_0099,rear,datasets/viewpoint/self_clean_v1/rear/rear_0099.jpg,datasets/viewpoint/self_clean_v1_rtdetr_crop/rear/rear_0099.jpg,dup_0493,08b3eb48910f2fe9557bd9ead12a84b8d836922aaf8671d33d81414afbcc16aa,https://www.kaggle.com/datasets/lawrencejembere/cow-images-for-milk-yield-prediction,www.kaggle.com,success,3,0.9547,127.75,1166.59,2399.06,3690.09,14,1040,2513,3816,proportional_5pct,2592,3872,2499,2776,6396850,2554613,train
rear_0102,rear,datasets/viewpoint/self_clean_v1/rear/rear_0102.jpg,datasets/viewpoint/self_clean_v1_rtdetr_crop/rear/rear_0102.jpg,dup_0496,a3c7dc97f971f90c882fb88838d0422711a537a072fe7300a71c8b7e8abf8e1d,https://www.kaggle.com/datasets/lawrencejembere/cow-images-for-milk-yield-prediction,www.kaggle.com,success,3,0.966,42.17,534.74,2457.58,3161.21,0,403,2578,3293,proportional_5pct,2592,3872,2578,2890,7154088,2628803,train
rear_0103,rear,datasets/viewpoint/self_clean_v1/rear/rear_0103.jpg,datasets/viewpoint/self_clean_v1_rtdetr_crop/rear/rear_0103.jpg,dup_0497,bdef31a8e405a6690212e5348545eb934fc5e6bec2a7362c0c666735362ad1cb,https://www.kaggle.com/datasets/lawrencejembere/cow-images-for-milk-yield-prediction,www.kaggle.com,success,2,0.9655,541.48,633.33,2216.69,2952.12,458,517,2300,3068,proportional_5pct,2592,3872,1842,2551,7224685,1649780,train
rear_0104,rear,datasets/viewpoint/self_clean_v1/rear/rear_0104.jpg,datasets/viewpoint/self_clean_v1_rtdetr_crop/rear/rear_0104.jpg,dup_0498,0bddfa4499b504b596b54a5fa34785bf9d777b16997d4ce6380988776747b641,https://www.kaggle.com/datasets/lawrencejembere/cow-images-for-milk-yield-prediction,www.kaggle.com,success,1,0.9663,171.17,786.81,2300.02,3835.26,65,634,2406,3872,proportional_5pct,2592,3872,2341,3238,6534216,2633812,train
rear_0107,rear,datasets/viewpoint/self_clean_v1/rear/rear_0107.jpg,datasets/viewpoint/self_clean_v1_rtdetr_crop/rear/rear_0107.jpg,dup_0501,73c1ee308825025dc197d45ccca0f041add4b428fe6a8516b020ac40e43c7a3d,https://www.kaggle.com/datasets/lawrencejembere/cow-images-for-milk-yield-prediction,www.kaggle.com,success,3,0.9607,427.01,399.57,2345.93,2871.52,331,276,2442,2995,proportional_5pct,2592,3872,2111,2719,5076588,1509561,train
rear_0108,rear,datasets/viewpoint/self_clean_v1/rear/rear_0108.jpg,datasets/viewpoint/self_clean_v1_rtdetr_crop/rear/rear_0108.jpg,dup_0502,248b65321ead3d0125d9c7b00d6c929916eba3f963cc0c63e13d257642a28e20,https://www.pexels.com/photo/grazing-cattle-on-scenic-countryside-road-36298883/,www.pexels.com,success,14,0.914,1774.25,1300.06,2439.0,2101.24,1741,1260,2472,2141,proportional_5pct,3500,2334,731,881,1865238,335674,train
rear_0109,rear,datasets/viewpoint/self_clean_v1/rear/rear_0109.jpg,datasets/viewpoint/self_clean_v1_rtdetr_crop/rear/rear_0109.jpg,dup_0503,e657d61a71692b6b46e07d6d7cb3565a094ef43d35f250a69aff19fe7b21b174,https://www.kaggle.com/datasets/lawrencejembere/cow-images-for-milk-yield-prediction,www.kaggle.com,success,2,0.9775,310.83,619.48,2457.82,3847.28,203,458,2565,3872,proportional_5pct,2592,3872,2362,3414,3966094,1680751,train
rear_0111,rear,datasets/viewpoint/self_clean_v1/rear/rear_0111.jpg,datasets/viewpoint/self_clean_v1_rtdetr_crop/rear/rear_0111.jpg,dup_0505,cb158462a344eea57fedc4b0b0a3eb22e65569930b2cc8517296ae29f20f8778,https://www.kaggle.com/datasets/lawrencejembere/cow-images-for-milk-yield-prediction,www.kaggle.com,success,1,0.9731,234.37,870.48,2594.24,3784.34,116,725,2592,3872,proportional_5pct,2592,3872,2476,3147,4495508,2494961,train
rear_0113,rear,datasets/viewpoint/self_clean_v1/rear/rear_0113.jpg,datasets/viewpoint/self_clean_v1_rtdetr_crop/rear/rear_0113.jpg,dup_0507,97bee3c855d47307571b6a3bc7a7077c311bce6ff10038e9a9fc8e7918feed47,https://www.kaggle.com/datasets/lawrencejembere/cow-images-for-milk-yield-prediction,www.kaggle.com,success,2,0.9598,564.31,1314.02,2417.35,3827.85,472,1188,2510,3872,proportional_5pct,2592,3872,2038,2684,4870623,1447243,train
rear_0115,rear,datasets/viewpoint/self_clean_v1/rear/rear_0115.jpg,datasets/viewpoint/self_clean_v1_rtdetr_crop/rear/rear_0115.jpg,dup_0509,0e9c22b979acc51d2e3e69a6ea82aae533786a12497abe9457fad912f4ec1d6e,https://www.kaggle.com/datasets/lawrencejembere/cow-images-for-milk-yield-prediction,www.kaggle.com,success,2,0.9737,261.21,32.13,2592.67,3840.45,145,0,2592,3872,proportional_5pct,2592,3872,2447,3872,5990478,2548066,train
rear_0116,rear,datasets/viewpoint/self_clean_v1/rear/rear_0116.jpg,datasets/viewpoint/self_clean_v1_rtdetr_crop/rear/rear_0116.jpg,dup_0510,2737bd12e6c806d1f65b3df62bedf5fccf5bf97c86e5994a30b8b0fee0042a2b,https://www.kaggle.com/datasets/lawrencejembere/cow-images-for-milk-yield-prediction,www.kaggle.com,success,1,0.9595,861.12,922.51,1881.89,2284.18,810,854,1933,2352,proportional_5pct,2592,3872,1123,1498,2474509,632808,train
rear_0118,rear,datasets/viewpoint/self_clean_v1/rear/rear_0118.jpg,datasets/viewpoint/self_clean_v1_rtdetr_crop/rear/rear_0118.jpg,dup_0512,771784cbbc5d61b65af9a82134ca32d35d0a22647b469c042fad03dab7958095,https://www.kaggle.com/datasets/lawrencejembere/cow-images-for-milk-yield-prediction,www.kaggle.com,success,3,0.9533,654.74,1641.92,1786.67,3057.81,598,1571,1843,3129,proportional_5pct,2592,3872,1245,1558,6585434,722292,train
rear_0119,rear,datasets/viewpoint/self_clean_v1/rear/rear_0119.jpg,datasets/viewpoint/self_clean_v1_rtdetr_crop/rear/rear_0119.jpg,dup_0513,beffaae99df7a2bb114055ce074d0c32364b0e75cab3106c13437c6b52d03b09,https://www.pexels.com/photo/cows-on-grass-field-6158016/,www.pexels.com,success,6,0.9487,1059.35,3495.58,2076.66,4872.35,1008,3427,2128,4941,proportional_5pct,4000,6000,1120,1514,2660127,515079,train
rear_0121,rear,datasets/viewpoint/self_clean_v1/rear/rear_0121.jpg,datasets/viewpoint/self_clean_v1_rtdetr_crop/rear/rear_0121.jpg,dup_0515,46f23bf38b6c156e5834f7da4f680a8c236906fec369ea3f84eb1894f43fe229,https://www.kaggle.com/datasets/lawrencejembere/cow-images-for-milk-yield-prediction,www.kaggle.com,success,1,0.9066,940.73,871.28,2193.73,3080.1,878,761,2256,3191,proportional_5pct,2592,3872,1378,2430,5397144,1063652,train
rear_0122,rear,datasets/viewpoint/self_clean_v1/rear/rear_0122.jpg,datasets/viewpoint/self_clean_v1_rtdetr_crop/rear/rear_0122.jpg,dup_0516,bd26a78f614f1b898aaec20c7df4e2b2ce3d9d720b42c3060c1c810b365337f0,https://www.kaggle.com/datasets/lawrencejembere/cow-images-for-milk-yield-prediction,www.kaggle.com,success,1,0.9716,53.07,657.78,2361.07,3209.62,0,530,2476,3337,proportional_5pct,2592,3872,2476,2807,6689788,2172391,train
rear_0124,rear,datasets/viewpoint/self_clean_v1/rear/rear_0124.jpg,datasets/viewpoint/self_clean_v1_rtdetr_crop/rear/rear_0124.jpg,dup_0518,33206e51057e18ac38bd9db032738ce8d498f36ce5c61eabdd11727cab0a769a,https://www.kaggle.com/datasets/lawrencejembere/cow-images-for-milk-yield-prediction,www.kaggle.com,success,2,0.9524,827.64,477.61,2453.38,3064.32,746,348,2535,3194,proportional_5pct,2592,3872,1789,2846,5458936,1548999,train
rear_0127,rear,datasets/viewpoint/self_clean_v1/rear/rear_0127.jpg,datasets/viewpoint/self_clean_v1_rtdetr_crop/rear/rear_0127.jpg,dup_0521,37f062b00f90bb827383c252ff21ebc8e8e242ffd01da6f450b0c02e250ab01a,https://www.kaggle.com/datasets/lawrencejembere/cow-images-for-milk-yield-prediction,www.kaggle.com,success,1,0.9697,172.11,872.37,2360.68,3724.0,63,730,2470,3867,proportional_5pct,2592,3872,2407,3137,6398718,2509856,train
rear_0128,rear,datasets/viewpoint/self_clean_v1/rear/rear_0128.jpg,datasets/viewpoint/self_clean_v1_rtdetr_crop/rear/rear_0128.jpg,dup_0522,03df716528b4f1b0ab9bbdc93251c21208cb0fc4f00f7cd87f9e6457c0fee754,https://www.kaggle.com/datasets/lawrencejembere/cow-images-for-milk-yield-prediction,www.kaggle.com,success,1,0.9716,1.83,76.44,2587.58,3449.79,0,0,2592,3618,proportional_5pct,2592,3872,2592,3618,5533835,2522964,train
rear_0129,rear,datasets/viewpoint/self_clean_v1/rear/rear_0129.jpg,datasets/viewpoint/self_clean_v1_rtdetr_crop/rear/rear_0129.jpg,dup_0523,f692f4ddf420e64fa0afb2a78796c960b68788aecf107aa5566afbe5822d0d52,https://www.kaggle.com/datasets/lawrencejembere/cow-images-for-milk-yield-prediction,www.kaggle.com,success,4,0.9529,50.52,463.52,1968.29,3449.37,0,314,2064,3599,proportional_5pct,2592,3872,2064,3285,5365021,2054523,train
rear_0130,rear,datasets/viewpoint/self_clean_v1/rear/rear_0130.jpg,datasets/viewpoint/self_clean_v1_rtdetr_crop/rear/rear_0130.jpg,dup_0524,7e747dd2b76506f82ea2831f49908776acdf0a87cec7d8ba2b5a7d78e306880f,https://www.pexels.com/photo/cows-on-a-grassy-field-5720719/,www.pexels.com,success,10,0.9517,1033.09,2385.6,2089.68,3858.58,980,2312,2143,3872,proportional_5pct,2592,3872,1163,1560,1042844,376401,train
rear_0133,rear,datasets/viewpoint/self_clean_v1/rear/rear_0133.jpg,datasets/viewpoint/self_clean_v1_rtdetr_crop/rear/rear_0133.jpg,dup_0527,407fa662e19f424caef58c6223c7ed63ae30f27f7e30ef1622ae8ce2578430e5,https://www.kaggle.com/datasets/lawrencejembere/cow-images-for-milk-yield-prediction,www.kaggle.com,success,1,0.9608,163.61,530.54,2325.1,2795.1,56,417,2433,2908,proportional_5pct,2592,3872,2377,2491,7364162,2069609,train
rear_0134,rear,datasets/viewpoint/self_clean_v1/rear/rear_0134.jpg,datasets/viewpoint/self_clean_v1_rtdetr_crop/rear/rear_0134.jpg,dup_0528,667f059ab745aa3f17f78e0405de81de6ab49222358b4e6106f2c1ff9f8b38b3,https://www.kaggle.com/datasets/lawrencejembere/cow-images-for-milk-yield-prediction,www.kaggle.com,success,1,0.9659,1686.61,1874.48,2591.69,3164.19,1641,1810,2592,3229,proportional_5pct,2592,3872,951,1419,4547481,475438,train
rear_0136,rear,datasets/viewpoint/self_clean_v1/rear/rear_0136.jpg,datasets/viewpoint/self_clean_v1_rtdetr_crop/rear/rear_0136.jpg,dup_0530,0b8bc5b62b332050a082f40c4a4775f7be69aefc31b2a001215037e3822ab9f3,https://www.kaggle.com/datasets/lawrencejembere/cow-images-for-milk-yield-prediction,www.kaggle.com,success,11,0.9678,171.62,368.51,2316.0,2846.4,64,245,2423,2970,proportional_5pct,2592,3872,2359,2725,4853205,2093974,train
rear_0139,rear,datasets/viewpoint/self_clean_v1/rear/rear_0139.jpg,datasets/viewpoint/self_clean_v1_rtdetr_crop/rear/rear_0139.jpg,dup_0533,654fc73af961d3ffd1e96ca4545bb0857e56b172bb7fc6d32d11243852a12a9a,https://www.kaggle.com/datasets/lawrencejembere/cow-images-for-milk-yield-prediction,www.kaggle.com,success,2,0.9781,1.14,450.0,2590.2,3847.78,0,280,2592,3872,proportional_5pct,2592,3872,2592,3592,2478632,2079499,train
rear_0140,rear,datasets/viewpoint/self_clean_v1/rear/rear_0140.jpg,datasets/viewpoint/self_clean_v1_rtdetr_crop/rear/rear_0140.jpg,dup_0534,1b1b6f1812b8600a60e1591c73cc14dc8f51415fd12336efba8e740b4566060c,https://www.kaggle.com/datasets/lawrencejembere/cow-images-for-milk-yield-prediction,www.kaggle.com,success,2,0.9768,4.41,373.73,2162.72,3834.42,0,201,2271,3872,proportional_5pct,2592,3872,2271,3671,4970774,2197973,train
rear_0143,rear,datasets/viewpoint/self_clean_v1/rear/rear_0143.jpg,datasets/viewpoint/self_clean_v1_rtdetr_crop/rear/rear_0143.jpg,dup_0537,504bc8d3e4d7094c3aa7dc7eed23bcd4812fd8eec5552572cbee4277283b5bf8,https://www.kaggle.com/datasets/lawrencejembere/cow-images-for-milk-yield-prediction,www.kaggle.com,success,1,0.9753,1.08,326.4,2568.71,3684.05,0,159,2592,3852,proportional_5pct,2592,3872,2592,3693,5340475,2749752,train
rear_0144,rear,datasets/viewpoint/self_clean_v1/rear/rear_0144.jpg,datasets/viewpoint/self_clean_v1_rtdetr_crop/rear/rear_0144.jpg,dup_0538,ad9ceed5b5ed89054c59e5a3bc03c998d7ee30b89883653dd1721bdf81e98230,https://www.kaggle.com/datasets/lawrencejembere/cow-images-for-milk-yield-prediction,www.kaggle.com,success,2,0.971,2.71,772.47,2449.91,3005.66,0,661,2572,3117,proportional_5pct,2592,3872,2572,2456,5463790,1738398,train
rear_0145,rear,datasets/viewpoint/self_clean_v1/rear/rear_0145.jpg,datasets/viewpoint/self_clean_v1_rtdetr_crop/rear/rear_0145.jpg,dup_0539,063e55ab273180b6503855a6c91498fa9cced92f5bcb2ec1efe81b4cb65516bd,https://www.kaggle.com/datasets/lawrencejembere/cow-images-for-milk-yield-prediction,www.kaggle.com,success,1,0.9676,464.19,574.72,2593.71,2942.57,358,456,2592,3061,proportional_5pct,2592,3872,2234,2605,6001106,1681171,train
rear_0147,rear,datasets/viewpoint/self_clean_v1/rear/rear_0147.jpg,datasets/viewpoint/self_clean_v1_rtdetr_crop/rear/rear_0147.jpg,dup_0541,28068d0aa6c4aa186dc1148fa58911beca3b1e0e0f42142ab1ca529bbd437026,https://www.kaggle.com/datasets/lawrencejembere/cow-images-for-milk-yield-prediction,www.kaggle.com,success,2,0.956,71.92,599.55,1430.26,2684.75,4,495,1498,2789,proportional_5pct,2592,3872,1494,2294,5414835,933812,train
rear_0149,rear,datasets/viewpoint/self_clean_v1/rear/rear_0149.jpg,datasets/viewpoint/self_clean_v1_rtdetr_crop/rear/rear_0149.jpg,dup_0543,26b582e53ee51818033235070ee344fb9997b8e00de182e86a8531c5bffe907f,https://www.kaggle.com/datasets/lawrencejembere/cow-images-for-milk-yield-prediction,www.kaggle.com,success,1,0.9552,646.97,1497.05,2299.8,3247.6,564,1410,2382,3335,proportional_5pct,2592,3872,1818,1925,4952183,1143205,train
rear_0150,rear,datasets/viewpoint/self_clean_v1/rear/rear_0150.jpg,datasets/viewpoint/self_clean_v1_rtdetr_crop/rear/rear_0150.jpg,dup_0544,21c326ad387890a260c5963c2a75ca63cdce1246058711ef4fdb05ba8a85fca1,https://www.kaggle.com/datasets/lawrencejembere/cow-images-for-milk-yield-prediction,www.kaggle.com,success,1,0.9605,646.81,661.84,2129.09,2614.05,573,564,2203,2712,proportional_5pct,2592,3872,1630,2148,4735689,791032,train
rear_0151,rear,datasets/viewpoint/self_clean_v1/rear/rear_0151.jpg,datasets/viewpoint/self_clean_v1_rtdetr_crop/rear/rear_0151.jpg,dup_0545,f10654a8d60480c921992f0035a1172e52529e2d4886237a0d4ee1cfdfe857c6,https://www.kaggle.com/datasets/lawrencejembere/cow-images-for-milk-yield-prediction,www.kaggle.com,success,2,0.8918,469.35,1095.91,2000.59,3599.53,393,971,2077,3725,proportional_5pct,2592,3872,1684,2754,4626646,1305634,train
rear_0152,rear,datasets/viewpoint/self_clean_v1/rear/rear_0152.jpg,datasets/viewpoint/self_clean_v1_rtdetr_crop/rear/rear_0152.jpg,dup_0546,2d9bb64598bb430de4a24d6a8f83fa5023a9c81f69da58516d0583f641500642,https://www.kaggle.com/datasets/lawrencejembere/cow-images-for-milk-yield-prediction,www.kaggle.com,success,1,0.976,0.95,495.19,2325.88,3846.62,0,328,2442,3872,proportional_5pct,2592,3872,2442,3544,4146058,1767139,train
rear_0155,rear,datasets/viewpoint/self_clean_v1/rear/rear_0155.jpg,datasets/viewpoint/self_clean_v1_rtdetr_crop/rear/rear_0155.jpg,dup_0549,c5c4e7b35105ab6457e05f0ef8e18eaac131adce7f14188f6de12a42458da62d,https://www.kaggle.com/datasets/lawrencejembere/cow-images-for-milk-yield-prediction,www.kaggle.com,success,1,0.9761,1.16,673.47,2285.45,3840.92,0,515,2400,3872,proportional_5pct,2592,3872,2400,3357,4669369,2377341,train
rear_0156,rear,datasets/viewpoint/self_clean_v1/rear/rear_0156.jpg,datasets/viewpoint/self_clean_v1_rtdetr_crop/rear/rear_0156.jpg,dup_0550,3451be6f4e95696f88a190e000f449dd644022afa5405338f8d5f0fa8bed13cd,https://www.kaggle.com/datasets/lawrencejembere/cow-images-for-milk-yield-prediction,www.kaggle.com,success,1,0.9698,215.07,543.61,2134.11,3138.25,119,414,2230,3268,proportional_5pct,2592,3872,2111,2854,2387938,1801662,train
rear_0157,rear,datasets/viewpoint/self_clean_v1/rear/rear_0157.jpg,datasets/viewpoint/self_clean_v1_rtdetr_crop/rear/rear_0157.jpg,dup_0551,e0855545ca2764a36f0978670a7a66acc803fe738a8fca40d3100d8c04d369f0,https://www.kaggle.com/datasets/lawrencejembere/cow-images-for-milk-yield-prediction,www.kaggle.com,success,1,0.9602,2.78,1357.28,2350.08,3395.72,0,1255,2467,3498,proportional_5pct,2592,3872,2467,2243,5331947,1975992,train
rear_0160,rear,datasets/viewpoint/self_clean_v1/rear/rear_0160.jpg,datasets/viewpoint/self_clean_v1_rtdetr_crop/rear/rear_0160.jpg,dup_0554,9d819776268c5372aeac8b16a90e0849dc208277483ebafdc0b7a7d0f9d998a5,https://www.kaggle.com/datasets/lawrencejembere/cow-images-for-milk-yield-prediction,www.kaggle.com,success,6,0.9617,446.13,544.95,2104.35,3476.76,363,398,2187,3623,proportional_5pct,2592,3872,1824,3225,5740020,1991529,train
rear_0161,rear,datasets/viewpoint/self_clean_v1/rear/rear_0161.jpg,datasets/viewpoint/self_clean_v1_rtdetr_crop/rear/rear_0161.jpg,dup_0555,e98c69355cb01265b46cc8fa348a1c08580d28bec8c6bd6796488d722018e068,https://www.kaggle.com/datasets/lawrencejembere/cow-images-for-milk-yield-prediction,www.kaggle.com,success,1,0.9742,59.07,724.85,2428.01,3746.92,0,574,2546,3872,proportional_5pct,2592,3872,2546,3298,5388064,2652587,train
rear_0162,rear,datasets/viewpoint/self_clean_v1/rear/rear_0162.jpg,datasets/viewpoint/self_clean_v1_rtdetr_crop/rear/rear_0162.jpg,dup_0556,caebd484c40ab5401d88d34025914e74c418dccfd687bcf39141380ec931b2d9,https://www.kaggle.com/datasets/lawrencejembere/cow-images-for-milk-yield-prediction,www.kaggle.com,success,1,0.9728,94.83,671.8,2594.88,3826.13,0,514,2592,3872,proportional_5pct,2592,3872,2592,3358,2415696,2013718,train
rear_0163,rear,datasets/viewpoint/self_clean_v1/rear/rear_0163.jpg,datasets/viewpoint/self_clean_v1_rtdetr_crop/rear/rear_0163.jpg,dup_0557,1f0f5896185652df671ebff5c7b6ba50e9cde515af7c80a5ad0e493d52c19de0,https://www.kaggle.com/datasets/lawrencejembere/cow-images-for-milk-yield-prediction,www.kaggle.com,success,1,0.9517,494.96,1472.96,1978.67,3256.39,421,1384,2053,3346,proportional_5pct,2592,3872,1632,1962,6252911,1151304,train
rear_0164,rear,datasets/viewpoint/self_clean_v1/rear/rear_0164.jpg,datasets/viewpoint/self_clean_v1_rtdetr_crop/rear/rear_0164.jpg,dup_0558,d0313bb6019f59f4d190cf6c63917e1913f2cbbea1a7bddc10f3cf3256e92c33,https://www.pexels.com/photo/a-boy-caring-for-herd-of-cattles-9430114/,www.pexels.com,success,13,0.9077,773.22,3112.45,1245.41,3905.72,750,3073,1269,3945,proportional_5pct,3456,5184,519,872,2823067,153000,train
rear_0166,rear,datasets/viewpoint/self_clean_v1/rear/rear_0166.png,datasets/viewpoint/self_clean_v1_rtdetr_crop/rear/rear_0166.jpg,dup_0560,5fd8f1139107ac264fd57ee9a4bca4c577fed66b50d4817a4152d16abc6c7e7d,https://data.mendeley.com/datasets/h2s22wr5py/3/files/fd382dbe-5af8-4f00-a2cb-5ff3b8605068,data.mendeley.com,success,2,0.9562,1021.32,1459.69,2191.45,3995.71,963,1333,2250,4032,proportional_5pct,3024,4032,1287,2699,14897210,1623319,train
rear_0167,rear,datasets/viewpoint/self_clean_v1/rear/rear_0167.png,datasets/viewpoint/self_clean_v1_rtdetr_crop/rear/rear_0167.jpg,dup_0561,0ac7a8e41feb235f4c8b8d7cec3e701f947031d65f4eaec58687d15a7512bd06,https://data.mendeley.com/datasets/h2s22wr5py/3/files/191e129c-a38d-413f-b43d-5ba3dfdf135c,data.mendeley.com,success,1,0.9475,861.3,1590.12,2270.06,3743.49,791,1482,2340,3851,proportional_5pct,3024,4032,1549,2369,15337368,1781711,train
rear_0168,rear,datasets/viewpoint/self_clean_v1/rear/rear_0168.png,datasets/viewpoint/self_clean_v1_rtdetr_crop/rear/rear_0168.jpg,dup_0562,ee63d91f65db1518fcffc294e227ecbf05084da58c2ace48e2d6005b19d82bc9,https://data.mendeley.com/datasets/h2s22wr5py/3/files/7e2410fe-1e4f-42f9-bb0a-d91e5feb37e2,data.mendeley.com,success,2,0.951,509.78,1451.51,2013.65,3827.87,435,1333,2089,3947,proportional_5pct,3024,4032,1654,2614,17160442,2173810,train
rear_0169,rear,datasets/viewpoint/self_clean_v1/rear/rear_0169.png,datasets/viewpoint/self_clean_v1_rtdetr_crop/rear/rear_0169.jpg,dup_0563,16abe55789020b600ade40c6fc960039d12935b80aefbe5517925bebe5bbe6f2,https://data.mendeley.com/datasets/h2s22wr5py/3/files/d01f3f5a-3130-44da-92c8-b842cb155535,data.mendeley.com,success,1,0.9551,935.97,1316.74,2116.91,4000.96,877,1183,2176,4032,proportional_5pct,3024,4032,1299,2849,16571527,1805364,train
rear_0172,rear,datasets/viewpoint/self_clean_v1/rear/rear_0172.jpg,datasets/viewpoint/self_clean_v1_rtdetr_crop/rear/rear_0172.jpg,dup_0566,bf9446dbf2fc4ce335d19549297f183425cbd97ad82252fd5c8a67543574b29b,https://www.pexels.com/photo/boy-leading-cows-in-village-18700975/,www.pexels.com,success,6,0.9248,438.22,1987.23,949.56,3029.79,413,1935,975,3082,proportional_5pct,5473,3649,562,1147,2543723,247256,train
rear_0173,rear,datasets/viewpoint/self_clean_v1/rear/rear_0173.jpg,datasets/viewpoint/self_clean_v1_rtdetr_crop/rear/rear_0173.jpg,dup_0567,49f7756a6b034cc2cc7a43d6b8fc4644e95ccc64e3f589fd2651d7aff5f60dd1,https://unsplash.com/photos/brown-and-white-cattle-on-pasture-during-daytime-3njc1xBREDg,unsplash.com,success,3,0.9582,3180.55,1890.81,4939.71,4436.1,3093,1764,5028,4563,proportional_5pct,7360,4912,1935,2799,7618618,3033700,train
rear_0174,rear,datasets/viewpoint/self_clean_v1/rear/rear_0174.jpg,datasets/viewpoint/self_clean_v1_rtdetr_crop/rear/rear_0174.jpg,dup_0568,77b36b4b0bca1d6f19f6172a1a13795a769ef7bf5814ee04b4060bd0f47aab41,https://unsplash.com/photos/cows-walk-past-a-building-on-a-sunny-day-QJTXUyQ5Y04,unsplash.com,success,4,0.9549,437.78,1405.52,3035.63,3974.53,308,1277,3166,4000,proportional_5pct,6000,4000,2858,2723,3430823,2191116,train
rear_0175,rear,datasets/viewpoint/self_clean_v1/rear/rear_0175.jpg,datasets/viewpoint/self_clean_v1_rtdetr_crop/rear/rear_0175.jpg,dup_0569,36ba39ca3d8af3e5438fd1e2ae5d3b5c8874308510c2d67b5b77202abdd6ae02,https://unsplash.com/photos/white-and-brown-cow-on-green-grass-field-during-daytime-sgRVKdoSrWA,unsplash.com,success,1,0.9648,608.35,906.01,2515.37,3273.3,513,788,2611,3392,proportional_5pct,3276,4095,2098,2604,2037152,1545021,train
rear_0177,rear,datasets/viewpoint/self_clean_v1/rear/rear_0177.jpg,datasets/viewpoint/self_clean_v1_rtdetr_crop/rear/rear_0177.jpg,dup_0571,98177c87c0daac6fb045ce30189eac36d4fc09c8854f32fd0562b70f29489f93,https://in.pinterest.com/pin/black-and-white-cow-in-lush-green-field--41376890327325060/,in.pinterest.com,success,1,0.9633,107.56,329.99,645.47,985.91,81,297,672,1019,proportional_5pct,736,1081,591,722,151914,171801,train
rear_0178,rear,datasets/viewpoint/self_clean_v1/rear/rear_0178.jpg,datasets/viewpoint/self_clean_v1_rtdetr_crop/rear/rear_0178.jpg,dup_0572,06543ba3b8867b23be6b778c2c4f62020e5199af4eb517fb8b50a209faafbb5a,https://www.pexels.com/photo/a-man-walking-on-brown-soil-with-his-cows-11536891/,www.pexels.com,success,4,0.8981,1574.13,836.36,2056.41,1799.93,1550,788,2081,1848,proportional_5pct,3265,2176,531,1060,1370925,202631,train
rear_0180,rear,datasets/viewpoint/self_clean_v1/rear/rear_0180.jpg,datasets/viewpoint/self_clean_v1_rtdetr_crop/rear/rear_0180.jpg,dup_0574,afeedd248bc93077f7a68d59169a0b95abc12c5ec930626d5772086e37606e9c,https://www.pexels.com/photo/elderly-man-standing-beside-the-carabao-15276182/,www.pexels.com,success,2,0.9429,1660.97,1124.66,2315.9,2167.46,1628,1073,2349,2220,proportional_5pct,3803,2535,721,1147,867024,205308,train
rear_0181,rear,datasets/viewpoint/self_clean_v1/rear/rear_0181.jpg,datasets/viewpoint/self_clean_v1_rtdetr_crop/rear/rear_0181.jpg,dup_0575,9bbbf8f1903ff928ab182c690e4a3fc664afb4e097950ab9b157d2e9ab32df84,https://www.pexels.com/photo/farmer-and-pair-of-oxen-plowing-land-16509955/,www.pexels.com,success,2,0.9428,2051.78,1012.46,2610.94,1977.38,2024,964,2639,2026,proportional_5pct,3409,2556,615,1062,1019048,261271,train
rear_0182,rear,datasets/viewpoint/self_clean_v1/rear/rear_0182.jpg,datasets/viewpoint/self_clean_v1_rtdetr_crop/rear/rear_0182.jpg,dup_0576,58a9afffff62d314a565cd5ab1282610530c8a1eeb27412b5a7ca5f3015016a1,https://www.pexels.com/photo/herd-of-cattle-grazing-along-the-rural-roadside-36298877/,www.pexels.com,success,9,0.9237,870.55,1326.8,1410.12,2121.32,844,1287,1437,2161,proportional_5pct,3500,2334,593,874,1800622,282419,train
rear_0183,rear,datasets/viewpoint/self_clean_v1/rear/rear_0183.jpg,datasets/viewpoint/self_clean_v1_rtdetr_crop/rear/rear_0183.jpg,dup_0577,d83990120eda476187f4c54e78d73ce5b218f1524a338f59e5cbdd1044e26425,https://www.pexels.com/photo/cattle-grazing-in-valle-del-cauca-landscape-38511263/,www.pexels.com,success,23,0.9548,1077.15,2381.61,2260.71,3459.65,1018,2328,2320,3514,proportional_5pct,4111,5139,1302,1186,3269122,562607,train
rear_0185,rear,datasets/viewpoint/self_clean_v1/rear/rear_0185.jpg,datasets/viewpoint/self_clean_v1_rtdetr_crop/rear/rear_0185.jpg,dup_0580,8a03b5fe7e5b846b1f2452496fba575e65105c7bc0704034daa1fd550f7ee577,https://www.pexels.com/photo/shepherd-guiding-herd-through-azerbaijani-village-32416053/,www.pexels.com,success,5,0.2817,1558.73,4694.87,2521.81,5973.03,1511,4631,2570,6000,proportional_5pct,4000,6000,1059,1369,4293259,589065,train
rear_0187,rear,datasets/viewpoint/self_clean_v1/rear/rear_0187.jpg,datasets/viewpoint/self_clean_v1_rtdetr_crop/rear/rear_0187.jpg,dup_0582,6f994efe44b85ed0306aae6f2740e6d8ce4492cdc67818879feb88d520eb4878,https://www.pexels.com/photo/traditional-cattle-driving-in-rural-bangladesh-37539216/,www.pexels.com,success,8,0.9469,37.52,1690.41,1261.77,3962.52,0,1577,1323,4000,proportional_5pct,6000,4000,1323,2423,2587933,759668,train
rear_0188,rear,datasets/viewpoint/self_clean_v1/rear/rear_0188.jpg,datasets/viewpoint/self_clean_v1_rtdetr_crop/rear/rear_0188.jpg,dup_0583,ade4e084aed6e3320690efdb59db04befdc9c56558c28864cc65c0b8a4a5c436,https://www.pexels.com/photo/farmer-walking-with-cattle-in-thanchi-bangladesh-37651734/,www.pexels.com,success,2,0.9412,3004.39,1186.52,4078.09,3680.68,2951,1062,4132,3712,proportional_5pct,5568,3712,1181,2650,3095317,1134207,train
rear_0189,rear,datasets/viewpoint/self_clean_v1/rear/rear_0189.jpg,datasets/viewpoint/self_clean_v1_rtdetr_crop/rear/rear_0189.jpg,dup_0584,83cebaab9d77877b089ea24119099c8d0365f9f75ad1a7d761f320989efec0f7,https://www.pexels.com/photo/farmers-in-india-20527380/,www.pexels.com,success,2,0.9338,1910.95,2015.86,2471.29,3272.65,1883,1953,2499,3335,proportional_5pct,6000,4000,616,1382,4969118,430845,train
rear_0190,rear,datasets/viewpoint/self_clean_v1/rear/rear_0190.jpg,datasets/viewpoint/self_clean_v1_rtdetr_crop/rear/rear_0190.jpg,dup_0585,79da349c04d3c797c38b6270c522adf5add25ff7d7568031c5851ced0da04d60,https://www.pexels.com/photo/man-walking-with-cows-on-rural-path-at-sunset-36409193/,www.pexels.com,success,3,0.2779,1684.05,2881.87,2787.75,3916.95,1629,2830,2843,3969,proportional_5pct,4058,6087,1214,1139,3538464,567994,train
rear_0191,rear,datasets/viewpoint/self_clean_v1/rear/rear_0191.jpg,datasets/viewpoint/self_clean_v1_rtdetr_crop/rear/rear_0191.jpg,dup_0579,436c97efba9c107ab7facb131029fc9c99282c2dc7bb65480fd5800395decad5,https://www.pexels.com/photo/cow-grazing-on-pasture-18045346/,www.pexels.com,success,6,0.9369,780.36,1629.68,1395.16,3191.29,750,1552,1426,3269,proportional_5pct,2836,3545,676,1717,2155400,393846,train
rear_0192,rear,datasets/viewpoint/self_clean_v1/rear/rear_0192.jpg,datasets/viewpoint/self_clean_v1_rtdetr_crop/rear/rear_0192.jpg,dup_0427,d63aecdb4dc1d7420ebf6758a3f2ac8e3f3b6efe376c8c9e4d41203898f8f502,https://www.pexels.com/photo/farmer-walking-cattle-on-rural-path-at-sunset-36409207/,www.pexels.com,success,3,0.9595,397.91,2999.69,1301.94,4593.07,353,2920,1347,4673,proportional_5pct,4128,6192,994,1753,3797202,676068,train
rear_0195,rear,datasets/viewpoint/self_clean_v1/rear/rear_0195.jpg,datasets/viewpoint/self_clean_v1_rtdetr_crop/rear/rear_0195.jpg,dup_0588,c0e5ccc55c92f29fa92083c0901f7fbfb5c4bfc044d5b77a0a0af36ba1830bee,https://www.pexels.com/photo/back-view-of-a-cow-grazing-on-green-grassland-7813009/,www.pexels.com,success,4,0.9345,853.29,2542.87,1194.38,3215.0,836,2509,1211,3249,proportional_5pct,2592,3872,375,740,1043494,84416,train
rear_0196,rear,datasets/viewpoint/self_clean_v1/rear/rear_0196.png,datasets/viewpoint/self_clean_v1_rtdetr_crop/rear/rear_0196.jpg,dup_0589,17311c192611adfc64e2a3ff106b3337dd46a762ace52827d4b234649f1f2787,https://data.mendeley.com/datasets/h2s22wr5py/3/files/50b70a8d-3139-42f9-ae53-0fed76743f7a,data.mendeley.com,success,9,0.9627,842.38,1494.99,2081.95,3931.34,780,1373,2144,4032,proportional_5pct,3024,4032,1364,2659,19981381,1979965,train
rear_0197,rear,datasets/viewpoint/self_clean_v1/rear/rear_0197.png,datasets/viewpoint/self_clean_v1_rtdetr_crop/rear/rear_0197.jpg,dup_0591,180a46d2e1a77737cb00383fe2d36689402e1050c31f5672a8e97b5f4ca4eaf5,https://data.mendeley.com/datasets/h2s22wr5py/3/files/128f0873-aa27-42b7-b6be-a60081c4e699,data.mendeley.com,success,1,0.9569,956.57,1277.31,2194.21,3854.24,895,1148,2256,3983,proportional_5pct,3024,4032,1361,2835,21032012,2087593,train
rear_0198,rear,datasets/viewpoint/self_clean_v1/rear/rear_0198.png,datasets/viewpoint/self_clean_v1_rtdetr_crop/rear/rear_0198.jpg,dup_0592,ba013107c80afdf412c6f3334b6b1302c9d205e763d8e4291be45dbd1829dd46,https://data.mendeley.com/datasets/h2s22wr5py/3/files/209b0196-3ffb-4964-9428-8e681623dffc,data.mendeley.com,success,1,0.9606,825.14,1071.78,2141.99,4000.35,759,925,2208,4032,proportional_5pct,3024,4032,1449,3107,16104125,1889572,train
rear_0201,rear,datasets/viewpoint/self_clean_v1/rear/rear_0201.jpg,datasets/viewpoint/self_clean_v1_rtdetr_crop/rear/rear_0201.jpg,dup_0595,fd87f0e77becee3e2cab46fe9b1e9e51c8afd3e7b0ebfab93bedfccbfdc61d6e,https://www.pexels.com/photo/herd-of-cows-grazing-in-rural-palu-turkiye-32608475/,www.pexels.com,success,10,0.4162,3923.05,2560.57,4863.69,3508.84,3876,2513,4911,3556,proportional_5pct,6000,4000,1035,1043,4688687,453754,train
rear_0202,rear,datasets/viewpoint/self_clean_v1/rear/rear_0202.png,datasets/viewpoint/self_clean_v1_rtdetr_crop/rear/rear_0202.jpg,dup_0596,7470c4c8ef098bc2c258eb5a6ed9e5905a90e4f57cd2926f67db93df52b2a63a,https://data.mendeley.com/datasets/h2s22wr5py/3/files/a27a445f-ca39-4f93-b703-46f65e307160,data.mendeley.com,success,2,0.9538,1015.09,1325.59,2228.29,4000.88,954,1192,2289,4032,proportional_5pct,3024,4032,1335,2840,12438931,1706439,train
rear_0204,rear,datasets/viewpoint/self_clean_v1/rear/rear_0204.png,datasets/viewpoint/self_clean_v1_rtdetr_crop/rear/rear_0204.jpg,dup_0598,189f34751c409133a6697c99d0bc3a8805493503a64ed4531fb72fadf4603f25,https://data.mendeley.com/datasets/h2s22wr5py/3/files/7e2208b5-35b3-4fb6-8d03-13edef54ba15,data.mendeley.com,success,5,0.9291,1024.43,1069.11,2228.08,3991.95,964,923,2288,4032,proportional_5pct,3024,4032,1324,3109,12633447,1526891,train
rear_0207,rear,datasets/viewpoint/self_clean_v1/rear/rear_0207.png,datasets/viewpoint/self_clean_v1_rtdetr_crop/rear/rear_0207.jpg,dup_0601,3d1f3349561b432c76b4ae0e4142f2a13d9d4c6773f2a1271022a887d1a3388d,https://data.mendeley.com/datasets/h2s22wr5py/3/files/2303fb77-8165-4f71-bd7e-d96dc796b3b7,data.mendeley.com,success,2,0.9579,1162.34,1343.27,2335.94,3995.88,1104,1211,2395,4032,proportional_5pct,3024,4032,1291,2821,11790532,1269460,train
rear_0208,rear,datasets/viewpoint/self_clean_v1/rear/rear_0208.png,datasets/viewpoint/self_clean_v1_rtdetr_crop/rear/rear_0208.jpg,dup_0602,8125988c0ee11d6af19bf288e66f3d266f1bdc64ee24b526bed37db12365a2fc,https://data.mendeley.com/datasets/h2s22wr5py/3/files/8a4d27d3-7827-4401-9061-b7eb1e11e84e,data.mendeley.com,success,2,0.9624,899.03,1203.29,1939.22,3941.49,847,1066,1991,4032,proportional_5pct,3024,4032,1144,2966,15456437,1435888,train
rear_0209,rear,datasets/viewpoint/self_clean_v1/rear/rear_0209.png,datasets/viewpoint/self_clean_v1_rtdetr_crop/rear/rear_0209.jpg,dup_0603,ad7e2b7f9193f0ae8be4c5daabe03cfe4cd71a21cd0a0466098b74b9afc82068,https://data.mendeley.com/datasets/h2s22wr5py/3/files/81e94606-06ca-45b0-9d1b-d6b6fd003d77,data.mendeley.com,success,6,0.955,1029.44,834.72,2208.4,3977.57,970,678,2267,4032,proportional_5pct,3024,4032,1297,3354,17618515,2028097,train
rear_0210,rear,datasets/viewpoint/self_clean_v1/rear/rear_0210.png,datasets/viewpoint/self_clean_v1_rtdetr_crop/rear/rear_0210.jpg,dup_0604,783717e6c367615caa4096a7cc3f2d1f9248016755f2ac7349511a4c6de62fc8,https://data.mendeley.com/datasets/h2s22wr5py/3/files/1a6d306f-d79e-4244-9336-9baacb2fd6a8,data.mendeley.com,success,2,0.9371,1155.38,1171.9,2153.57,3809.96,1105,1040,2203,3942,proportional_5pct,3024,4032,1098,2902,16367688,1466846,train
rear_0212,rear,datasets/viewpoint/self_clean_v1/rear/rear_0212.jpg,datasets/viewpoint/self_clean_v1_rtdetr_crop/rear/rear_0212.jpg,dup_0606,d3e8f48d30cffb04896bb47e12dc0c71bd6cf68a42c961484b7d1c69f9476b9c,https://www.pexels.com/photo/cows-in-a-field-19808773/,www.pexels.com,success,3,0.9376,1311.66,617.57,2211.82,2371.34,1267,530,2257,2459,proportional_5pct,5184,3456,990,1929,1670294,568410,train
rear_0213,rear,datasets/viewpoint/self_clean_v1/rear/rear_0213.png,datasets/viewpoint/self_clean_v1_rtdetr_crop/rear/rear_0213.jpg,dup_0607,fde065892e8ff16dcd6e8adaf41958aefc46a548cf727d47e304efc586ca7b2c,https://data.mendeley.com/datasets/h2s22wr5py/3/files/fc52db2b-cdf8-47d2-bf04-08b2aedeb021,data.mendeley.com,success,6,0.9637,875.68,1300.64,1958.15,3800.79,822,1176,2012,3926,proportional_5pct,3024,4032,1190,2750,18854862,1635662,train
rear_0214,rear,datasets/viewpoint/self_clean_v1/rear/rear_0214.png,datasets/viewpoint/self_clean_v1_rtdetr_crop/rear/rear_0214.jpg,dup_0608,9f1e9686f13e580ef580c0c51a4ba436550bff9060b90a8a1dbe375a09e54b63,https://data.mendeley.com/datasets/h2s22wr5py/3/files/79b5bdf2-e7b9-4f17-b76b-c534f7b591f1,data.mendeley.com,success,2,0.9657,821.89,1129.76,2040.56,3999.56,761,986,2101,4032,proportional_5pct,3024,4032,1340,3046,16643728,1858755,train
rear_0215,rear,datasets/viewpoint/self_clean_v1/rear/rear_0215.png,datasets/viewpoint/self_clean_v1_rtdetr_crop/rear/rear_0215.jpg,dup_0609,edb88d75d1f293c5b601d8e95313fd52e05bf698b6eee39c042a5dc22e5fed1e,https://data.mendeley.com/datasets/h2s22wr5py/3/files/66671db7-e667-4c9d-824f-e04422129122,data.mendeley.com,success,6,0.8437,1115.75,1214.99,2312.33,4003.16,1056,1076,2372,4032,proportional_5pct,3024,4032,1316,2956,15528702,1793551,train
rear_0216,rear,datasets/viewpoint/self_clean_v1/rear/rear_0216.png,datasets/viewpoint/self_clean_v1_rtdetr_crop/rear/rear_0216.jpg,dup_0610,42b203df0a90ae4a2d9b014e3bb9fc31073f45e6d42bdd922e072fca813067f9,https://data.mendeley.com/datasets/h2s22wr5py/3/files/97d88142-e2d3-4c52-a56e-529a881585a6,data.mendeley.com,success,3,0.9616,867.8,920.14,2246.17,4005.17,799,766,2315,4032,proportional_5pct,3024,4032,1516,3266,17461606,2347065,train
rear_0218,rear,datasets/viewpoint/self_clean_v1/rear/rear_0218.png,datasets/viewpoint/self_clean_v1_rtdetr_crop/rear/rear_0218.jpg,dup_0612,16141caf034ca6ecc1760ee333aa34c170524d8d2d3de466a3571ed07c349e87,https://data.mendeley.com/datasets/h2s22wr5py/3/files/b8fbf9d5-5ad5-4dfd-8896-b9d94abba962,data.mendeley.com,success,3,0.9662,941.92,936.38,2252.33,4002.91,876,783,2318,4032,proportional_5pct,3024,4032,1442,3249,17780657,2407253,train
rear_0219,rear,datasets/viewpoint/self_clean_v1/rear/rear_0219.png,datasets/viewpoint/self_clean_v1_rtdetr_crop/rear/rear_0219.jpg,dup_0613,d4e9e55bbb9434a481a151f624efa1c472d6be4a1b6d80a66f3eb69174f22921,https://data.mendeley.com/datasets/h2s22wr5py/3/files/e25f3cd8-c4db-4257-b951-1bb35313effa,data.mendeley.com,success,1,0.9684,951.84,1208.5,2349.96,3956.81,882,1071,2420,4032,proportional_5pct,3024,4032,1538,2961,18581927,2494281,train
rear_0220,rear,datasets/viewpoint/self_clean_v1/rear/rear_0220.png,datasets/viewpoint/self_clean_v1_rtdetr_crop/rear/rear_0220.jpg,dup_0614,dc55521577138236ebc5aa610874dbe74aed5b54c7ebeadec4f5f0d363c6e1a9,https://data.mendeley.com/datasets/h2s22wr5py/3/files/f7304a19-ab66-4ff1-801e-8e048be3911a,data.mendeley.com,success,5,0.9625,909.52,797.32,2159.48,4001.07,847,637,2222,4032,proportional_5pct,3024,4032,1375,3395,17721988,2249510,train
rear_0221,rear,datasets/viewpoint/self_clean_v1/rear/rear_0221.png,datasets/viewpoint/self_clean_v1_rtdetr_crop/rear/rear_0221.jpg,dup_0615,10cf63da10f07c9eee3b78a842dd8386359843469d3ac8246835acc377c17f78,https://data.mendeley.com/datasets/h2s22wr5py/3/files/85154fe0-9140-4a36-845f-cf60b6745a8f,data.mendeley.com,success,1,0.9682,949.14,736.4,2899.53,3984.54,852,574,2997,4032,proportional_5pct,3024,4032,2145,3458,18021718,3447369,train
rear_0223,rear,datasets/viewpoint/self_clean_v1/rear/rear_0223.jpg,datasets/viewpoint/self_clean_v1_rtdetr_crop/rear/rear_0223.jpg,dup_0617,f915f9b6140237b752e1bb547ac80659d4bb6b15ada5a0957123ed67c8702136,https://www.pexels.com/photo/farmer-and-his-cows-12213862/,www.pexels.com,success,3,0.8663,1771.62,2906.07,2812.87,4873.1,1720,2808,2865,4971,proportional_5pct,4128,6192,1145,2163,2092709,522601,train
rear_0225,rear,datasets/viewpoint/self_clean_v1/rear/rear_0225.png,datasets/viewpoint/self_clean_v1_rtdetr_crop/rear/rear_0225.jpg,dup_0619,fdfc20cc363b4739606a55d027a02183bfb5273ebf7c4364a631ea46d6fe77bf,https://data.mendeley.com/datasets/h2s22wr5py/3/files/3cd59105-dd8d-4f9b-b57e-a72ca7d5d22c,data.mendeley.com,success,2,0.9639,787.11,720.56,2158.38,3999.1,719,557,2227,4032,proportional_5pct,3024,4032,1508,3475,17681889,2362387,train
rear_0226,rear,datasets/viewpoint/self_clean_v1/rear/rear_0226.png,datasets/viewpoint/self_clean_v1_rtdetr_crop/rear/rear_0226.jpg,dup_0620,c81357ff830859b6375715a02f8f6c82ac1b7097ecdcaa62de84c2e3090f5ed2,https://data.mendeley.com/datasets/h2s22wr5py/3/files/1e880fb9-fcc3-4803-ab93-adabbae63400,data.mendeley.com,success,1,0.9575,1146.37,1485.31,2089.53,3913.67,1099,1364,2137,4032,proportional_5pct,3024,4032,1038,2668,14756449,1471092,train
rear_0229,rear,datasets/viewpoint/self_clean_v1/rear/rear_0229.png,datasets/viewpoint/self_clean_v1_rtdetr_crop/rear/rear_0229.jpg,dup_0623,2bc5bba994f787f19278413353afe726fcb73c71e9aec7d151eabf90deba4cb0,https://data.mendeley.com/datasets/h2s22wr5py/3/files/952ba852-e5f7-493c-a994-ba9957456098,data.mendeley.com,success,5,0.9511,927.9,1080.0,2304.86,3995.17,859,934,2374,4032,proportional_5pct,3024,4032,1515,3098,16909504,2151776,train
rear_0230,rear,datasets/viewpoint/self_clean_v1/rear/rear_0230.png,datasets/viewpoint/self_clean_v1_rtdetr_crop/rear/rear_0230.jpg,dup_0624,15af0c3f6d3e048e78824e54b65bcad5719e2bf1b1638e2e928de4700294c88c,https://data.mendeley.com/datasets/h2s22wr5py/3/files/f67a7e84-400a-469c-8810-8c2000e916d6,data.mendeley.com,success,5,0.9464,896.24,1079.41,2009.61,3841.12,841,941,2065,3979,proportional_5pct,3024,4032,1224,3038,16729498,1704362,train
rear_0231,rear,datasets/viewpoint/self_clean_v1/rear/rear_0231.png,datasets/viewpoint/self_clean_v1_rtdetr_crop/rear/rear_0231.jpg,dup_0625,b4189a3c79f30d9a2453a14db4c2da64f7d2a5c12dc290173e463df2189fbc72,https://data.mendeley.com/datasets/h2s22wr5py/3/files/934d872c-8cc5-4155-a198-28807d76c50d,data.mendeley.com,success,2,0.7919,1070.01,1546.03,2744.43,3915.6,986,1428,2828,4032,proportional_5pct,3024,4032,1842,2604,20392088,2265102,train
rear_0232,rear,datasets/viewpoint/self_clean_v1/rear/rear_0232.png,datasets/viewpoint/self_clean_v1_rtdetr_crop/rear/rear_0232.jpg,dup_0626,6a255b5ba303217a13d0e4f52699d1cd603272bef09f159498abf1213b0b1c8a,https://data.mendeley.com/datasets/h2s22wr5py/3/files/543710c9-ba6d-404e-b319-7bb1a69415f3,data.mendeley.com,success,7,0.9369,1006.78,1132.72,2432.39,3986.98,936,990,2504,4032,proportional_5pct,3024,4032,1568,3042,19378981,2291073,train
rear_0233,rear,datasets/viewpoint/self_clean_v1/rear/rear_0233.png,datasets/viewpoint/self_clean_v1_rtdetr_crop/rear/rear_0233.jpg,dup_0627,32619bc988f4fadd5d5fbd4c52ecc507c8b58a47e9b65ec89d70b942e0baf464,https://data.mendeley.com/datasets/h2s22wr5py/3/files/5d18f8db-b0f5-4375-b525-1963bf1d0e00,data.mendeley.com,success,1,0.9592,1016.01,1673.1,1951.74,4012.14,969,1556,1999,4032,proportional_5pct,3024,4032,1030,2476,24420697,1367954,train
rear_0235,rear,datasets/viewpoint/self_clean_v1/rear/rear_0235.png,datasets/viewpoint/self_clean_v1_rtdetr_crop/rear/rear_0235.jpg,dup_0629,46e5c32f16617a2b5c1dc881217e72d87b9eb12022152e7cdcf441d5cf6bd991,https://data.mendeley.com/datasets/h2s22wr5py/3/files/459a5a22-a733-4291-8f9d-8ff514c011e6,data.mendeley.com,success,1,0.9358,903.9,1423.34,1921.0,3846.62,853,1302,1972,3968,proportional_5pct,3024,4032,1119,2666,13178676,1127668,train
rear_0236,rear,datasets/viewpoint/self_clean_v1/rear/rear_0236.png,datasets/viewpoint/self_clean_v1_rtdetr_crop/rear/rear_0236.jpg,dup_0590,afb7d7b58dac63bfcf968a265e56cd629f03848b4fc7c1b9d08a0ee4f2e86b83,https://data.mendeley.com/datasets/h2s22wr5py/3/files/cd42a6f6-18a7-4d29-b95d-0ef01b7c1f2d,data.mendeley.com,success,1,0.9604,534.49,1187.14,2050.86,3981.42,459,1047,2127,4032,proportional_5pct,3024,4032,1668,2985,19691228,2773505,train
rear_0239,rear,datasets/viewpoint/self_clean_v1/rear/rear_0239.png,datasets/viewpoint/self_clean_v1_rtdetr_crop/rear/rear_0239.jpg,dup_0632,70701d988ae67869fc8acdd8348afe15097f9183b1412c8f25c37249a4c66a2f,https://data.mendeley.com/datasets/h2s22wr5py/3/files/1a1ecab7-6a4c-4289-93cf-37c361079643,data.mendeley.com,success,1,0.9726,795.78,1753.94,2503.62,3881.17,710,1648,2589,3988,proportional_5pct,3024,4032,1879,2340,16692316,2247521,train
rear_0240,rear,datasets/viewpoint/self_clean_v1/rear/rear_0240.png,datasets/viewpoint/self_clean_v1_rtdetr_crop/rear/rear_0240.jpg,dup_0633,856fe70bccbb1fa5c0bab740dd85765264b08b328aca8f63e5f8207d7d99932e,https://data.mendeley.com/datasets/h2s22wr5py/3/files/bef6d157-f204-40dd-bdad-63de60dfea24,data.mendeley.com,success,3,0.958,912.45,602.57,2142.12,3991.69,851,433,2204,4032,proportional_5pct,3024,4032,1353,3599,17233660,1981327,train
rear_0241,rear,datasets/viewpoint/self_clean_v1/rear/rear_0241.png,datasets/viewpoint/self_clean_v1_rtdetr_crop/rear/rear_0241.jpg,dup_0634,368f689780613966cf7fb1bea53ab455e349536398525c62b0deb21c86ef3555,https://data.mendeley.com/datasets/h2s22wr5py/3/files/6cd0775a-b8c4-4652-991b-02f7f65c58f0,data.mendeley.com,success,2,0.9585,1085.43,961.43,2233.66,3696.34,1028,825,2291,3833,proportional_5pct,3024,4032,1263,3008,17443339,1713619,train
rear_0242,rear,datasets/viewpoint/self_clean_v1/rear/rear_0242.png,datasets/viewpoint/self_clean_v1_rtdetr_crop/rear/rear_0242.jpg,dup_0635,425a27feac95a19a6ab23bf85430529b6ff380f9d2dec5b5e00ceb169c433687,https://data.mendeley.com/datasets/h2s22wr5py/3/files/a631d040-2151-49d9-806f-8b1a8565f5b1,data.mendeley.com,success,1,0.9668,828.3,822.98,2058.49,3723.74,767,678,2120,3869,proportional_5pct,3024,4032,1353,3191,18954691,2158925,train
rear_0244,rear,datasets/viewpoint/self_clean_v1/rear/rear_0244.png,datasets/viewpoint/self_clean_v1_rtdetr_crop/rear/rear_0244.jpg,dup_0637,49581e7e61d911b129684d8a10d17c4040292693fea7601a34ab3f109f5c4471,https://data.mendeley.com/datasets/h2s22wr5py/3/files/b6fb28a0-0de7-4c79-8007-385a516d0abb,data.mendeley.com,success,2,0.9461,905.09,1550.29,2050.85,3991.95,848,1428,2108,4032,proportional_5pct,3024,4032,1260,2604,15660918,1697058,train
rear_0246,rear,datasets/viewpoint/self_clean_v1/rear/rear_0246.png,datasets/viewpoint/self_clean_v1_rtdetr_crop/rear/rear_0246.jpg,dup_0639,e88917523cd4c1afe5346ad10053d4bb9d038f087f7cf4d07edf0d7adb9c9bf1,https://data.mendeley.com/datasets/h2s22wr5py/3/files/afb0f272-6e2d-4521-98ad-37a6a5dd8f07,data.mendeley.com,success,3,0.9561,1071.16,1478.21,2131.89,4001.46,1018,1352,2185,4032,proportional_5pct,3024,4032,1167,2680,14987234,1438156,train
rear_0247,rear,datasets/viewpoint/self_clean_v1/rear/rear_0247.png,datasets/viewpoint/self_clean_v1_rtdetr_crop/rear/rear_0247.jpg,dup_0640,44369e16fc8458df2acc1a2a7dfb72789451fb417986c4a96b6942aa39c4d920,https://data.mendeley.com/datasets/h2s22wr5py/3/files/3582ec08-605c-4510-abef-1a551e86f487,data.mendeley.com,success,1,0.9497,209.27,1380.99,2156.26,3799.44,112,1260,2254,3920,proportional_5pct,3024,4032,2142,2660,18423245,2708194,train
rear_0248,rear,datasets/viewpoint/self_clean_v1/rear/rear_0248.png,datasets/viewpoint/self_clean_v1_rtdetr_crop/rear/rear_0248.jpg,dup_0641,728be68b6063ecdd1bf6946715b480708a69da35366479653dd1e1818998100e,https://data.mendeley.com/datasets/h2s22wr5py/3/files/3635209d-36d9-4c1f-9c30-8b9be17f515e,data.mendeley.com,success,1,0.9503,1006.05,1390.22,1999.35,3985.66,956,1260,2049,4032,proportional_5pct,3024,4032,1093,2772,13193253,1177933,train
rear_0249,rear,datasets/viewpoint/self_clean_v1/rear/rear_0249.png,datasets/viewpoint/self_clean_v1_rtdetr_crop/rear/rear_0249.jpg,dup_0642,926e9b91f9c0f36b8a704f601a66d7187e0e3d02daf64c4c7818ce032dec09b5,https://data.mendeley.com/datasets/h2s22wr5py/3/files/17dd23d7-747c-412a-b4e2-09ae698fae3a,data.mendeley.com,success,1,0.9484,925.13,1603.35,2214.23,3992.29,861,1484,2279,4032,proportional_5pct,3024,4032,1418,2548,15420297,1715957,train
rear_0250,rear,datasets/viewpoint/self_clean_v1/rear/rear_0250.png,datasets/viewpoint/self_clean_v1_rtdetr_crop/rear/rear_0250.jpg,dup_0643,36217270442f18f2ff3f18977f24b41a3760aaf1580fca2b6b09b5538122d9f9,https://data.mendeley.com/datasets/h2s22wr5py/3/files/2404be44-b31e-471f-ad42-c7e90d7bb3a1,data.mendeley.com,success,5,0.9625,2.64,1234.82,2013.53,3944.52,0,1099,2114,4032,proportional_5pct,3024,4032,2114,2933,22359899,3389744,train
rear_0251,rear,datasets/viewpoint/self_clean_v1/rear/rear_0251.png,datasets/viewpoint/self_clean_v1_rtdetr_crop/rear/rear_0251.jpg,dup_0644,ee67ddd7f23f78093deffcca402d6f05276f9fa4fc697e6be0fd47031f4d14b8,https://data.mendeley.com/datasets/h2s22wr5py/3/files/f57843e0-25a5-47d1-97ef-c718113c1ad9,data.mendeley.com,success,2,0.9671,919.86,1284.24,2137.3,3999.21,859,1148,2198,4032,proportional_5pct,3024,4032,1339,2884,14648700,1902551,train
rear_0253,rear,datasets/viewpoint/self_clean_v1/rear/rear_0253.png,datasets/viewpoint/self_clean_v1_rtdetr_crop/rear/rear_0253.jpg,dup_0646,2bdc1e22ca5fbaba0e73b2359b7b9a88ecbe5af0d00d131b7fbcaada344b9ba2,https://data.mendeley.com/datasets/h2s22wr5py/3/files/6683cd62-7f97-40fd-a1af-e80cb1cc3b31,data.mendeley.com,success,7,0.9611,920.98,1327.52,2205.72,3996.48,857,1194,2270,4032,proportional_5pct,3024,4032,1413,2838,11485471,1428357,train
rear_0255,rear,datasets/viewpoint/self_clean_v1/rear/rear_0255.png,datasets/viewpoint/self_clean_v1_rtdetr_crop/rear/rear_0255.jpg,dup_0648,2c911c31efc32f02bdcc6062bd805658526e70291c7a9c3888701ea23553eb2c,https://data.mendeley.com/datasets/h2s22wr5py/3/files/03c0a118-fb9d-4022-ba74-f028e99587e6,data.mendeley.com,success,3,0.9642,881.62,676.77,2070.86,3903.9,822,515,2130,4032,proportional_5pct,3024,4032,1308,3517,20172988,2326955,train
rear_0258,rear,datasets/viewpoint/self_clean_v1/rear/rear_0258.png,datasets/viewpoint/self_clean_v1_rtdetr_crop/rear/rear_0258.jpg,dup_0651,2cbf38abf57854fcea9d71cbd075266cd4d0f277742cda16f12b24e7f5cad405,https://data.mendeley.com/datasets/h2s22wr5py/3/files/c73dc6b3-69ed-488b-be03-35f790758343,data.mendeley.com,success,2,0.957,958.28,1360.93,2096.64,3985.23,901,1230,2154,4032,proportional_5pct,3024,4032,1253,2802,14030660,1540372,train
rear_0260,rear,datasets/viewpoint/self_clean_v1/rear/rear_0260.png,datasets/viewpoint/self_clean_v1_rtdetr_crop/rear/rear_0260.jpg,dup_0653,4cd0a01909ee7ab8d19575f14dc25625f824bdae6ee79c736417f51d7def3178,https://data.mendeley.com/datasets/h2s22wr5py/3/files/4087b571-9b5d-4bcf-ac00-7ef29ea26bdf,data.mendeley.com,success,1,0.9642,822.46,1068.11,2543.01,3975.86,736,923,2629,4032,proportional_5pct,3024,4032,1893,3109,19131403,2725853,train
rear_0261,rear,datasets/viewpoint/self_clean_v1/rear/rear_0261.png,datasets/viewpoint/self_clean_v1_rtdetr_crop/rear/rear_0261.jpg,dup_0654,a0d4fa31b1ff7aef6d1a477548098e860cb2f45796ee49a407abf1da98f17e4c,https://data.mendeley.com/datasets/h2s22wr5py/3/files/7ea92703-6f0f-429e-bb9d-ece84ef3f2b6,data.mendeley.com,success,1,0.9458,765.25,968.09,2057.64,3981.16,701,817,2122,4032,proportional_5pct,3024,4032,1421,3215,15834834,2124870,train
rear_0263,rear,datasets/viewpoint/self_clean_v1/rear/rear_0263.png,datasets/viewpoint/self_clean_v1_rtdetr_crop/rear/rear_0263.jpg,dup_0656,dd0bae8add01ff500d06c84befa2dc0d15afe912fbbb86c7224f96218cdfdef5,https://data.mendeley.com/datasets/h2s22wr5py/3/files/92a16b8d-6321-416b-aa34-2f5796d9d35a,data.mendeley.com,success,5,0.9518,876.13,1492.17,2035.75,3987.4,818,1367,2094,4032,proportional_5pct,3024,4032,1276,2665,15907351,1682283,train
rear_0264,rear,datasets/viewpoint/self_clean_v1/rear/rear_0264.png,datasets/viewpoint/self_clean_v1_rtdetr_crop/rear/rear_0264.jpg,dup_0657,786f3f019306d74e5211cfbc664e3b116a394f4f907baa3cada82c88890d5031,https://data.mendeley.com/datasets/h2s22wr5py/3/files/06417057-cdb6-4780-a00c-d1a1f925dc4d,data.mendeley.com,success,1,0.9415,1056.45,1540.39,2272.73,3988.17,996,1418,2334,4032,proportional_5pct,3024,4032,1338,2614,16704139,1998064,train
rear_0265,rear,datasets/viewpoint/self_clean_v1/rear/rear_0265.png,datasets/viewpoint/self_clean_v1_rtdetr_crop/rear/rear_0265.jpg,dup_0658,bc504dbc300e33c73277ffca4c1f636c8ba1f5f70fc2794c7560e2b85341ff80,https://data.mendeley.com/datasets/h2s22wr5py/3/files/a8e623ea-d55c-41a7-99e3-a8fcc349cbae,data.mendeley.com,success,3,0.9678,1013.28,973.82,2248.96,3999.62,951,823,2311,4032,proportional_5pct,3024,4032,1360,3209,13358170,1739161,train
rear_0266,rear,datasets/viewpoint/self_clean_v1/rear/rear_0266.png,datasets/viewpoint/self_clean_v1_rtdetr_crop/rear/rear_0266.jpg,dup_0659,518c2395833d5f7971047fb085755e1de90fe65d7c89613cc7d6a107d535caaa,https://data.mendeley.com/datasets/h2s22wr5py/3/files/ad01908d-8cd2-4271-a81a-fdf441334977,data.mendeley.com,success,3,0.9548,983.3,1232.96,2264.08,3994.88,919,1095,2328,4032,proportional_5pct,3024,4032,1409,2937,17290488,2223907,train
side_0001,side,datasets/viewpoint/self_clean_v1/side/side_0001.jpg,datasets/viewpoint/self_clean_v1_rtdetr_crop/side/side_0001.jpg,dup_0686,2398ed722e64ef8dcf94ab64ccc0e8de87879885e548e2c6a223012eb9b653bb,https://www.pexels.com/photo/red-brahman-cow-on-the-pasture-22661418/,www.pexels.com,success,1,0.9696,880.47,473.93,2825.62,1890.24,783,403,2923,1961,proportional_5pct,4000,2250,2140,1558,2011299,1555305,train
side_0004,side,datasets/viewpoint/self_clean_v1/side/side_0004.jpg,datasets/viewpoint/self_clean_v1_rtdetr_crop/side/side_0004.jpg,dup_0689,346dcf146f61d88183d2b42b798ef608d7588906cc13977e2b954953574bc9ea,https://www.pexels.com/photo/a-cows-standing-on-a-green-grass-13767156/,www.pexels.com,success,13,0.9575,953.9,2708.62,4331.57,5214.96,785,2583,4500,5340,proportional_5pct,6000,8000,3715,2757,6030059,2942065,train
side_0005,side,datasets/viewpoint/self_clean_v1/side/side_0005.jpg,datasets/viewpoint/self_clean_v1_rtdetr_crop/side/side_0005.jpg,dup_0690,e8da08912fdfe7c00b80b0d9b1f5296c49bf45972b22fdf5d689548e62bffae9,https://www.pexels.com/photo/cattle-grazing-in-lush-green-pasture-36378862/,www.pexels.com,success,2,0.9691,368.37,1125.23,2718.68,2776.89,251,1043,2836,2859,proportional_5pct,5616,3744,2585,1816,3467435,2021932,train
side_0007,side,datasets/viewpoint/self_clean_v1/side/side_0007.jpg,datasets/viewpoint/self_clean_v1_rtdetr_crop/side/side_0007.jpg,dup_0692,be58bacc4c48b4ef2d734cd770408da26bc80f17adcad4dd225c52ff08a3192f,https://www.pexels.com/photo/cow-on-sandy-road-in-forest-in-daytime-5024792/,www.pexels.com,success,1,0.96,2191.55,1697.03,3835.91,2816.2,2109,1641,3918,2872,proportional_5pct,6000,4000,1809,1231,5153263,848477,train
side_0008,side,datasets/viewpoint/self_clean_v1/side/side_0008.jpg,datasets/viewpoint/self_clean_v1_rtdetr_crop/side/side_0008.jpg,dup_0693,463124e0244707c36c21c36cfac3f6305680793336be57bf110e9ba0f77f50fd,https://www.pexels.com/photo/black-cow-grazing-on-open-green-pasture-36759945/,www.pexels.com,success,1,0.9412,3568.09,2555.93,4973.95,3635.87,3498,2502,5044,3690,proportional_5pct,7008,4672,1546,1188,4717723,673413,train
side_0013,side,datasets/viewpoint/self_clean_v1/side/side_0013.jpg,datasets/viewpoint/self_clean_v1_rtdetr_crop/side/side_0013.jpg,dup_0698,7895c7f0cf6322bac6f0386386a6ab6e556a21d36b00af88f06140be2b3f379c,https://www.pexels.com/photo/black-and-white-cow-in-green-grass-field-5633452/,www.pexels.com,success,30,0.9732,693.85,342.16,3841.7,2330.22,536,243,3999,2430,proportional_5pct,4576,2574,3463,2187,1538107,2145421,train
side_0014,side,datasets/viewpoint/self_clean_v1/side/side_0014.jpg,datasets/viewpoint/self_clean_v1_rtdetr_crop/side/side_0014.jpg,dup_0699,6504c69b7222685fa1881ac3c59312f8e0534f1ac5aa9305653c4a4f74f8494d,https://www.pexels.com/photo/cattle-on-pasture-19977235/,www.pexels.com,success,2,0.9686,1915.55,1612.8,5366.44,3528.36,1743,1517,5539,3624,proportional_5pct,6000,4000,3796,2107,2641234,2373518,train
side_0015,side,datasets/viewpoint/self_clean_v1/side/side_0015.jpg,datasets/viewpoint/self_clean_v1_rtdetr_crop/side/side_0015.jpg,dup_0700,cece7c38e489875527de601d7c66f01b8bd25b58806758b53e354a8a658661f4,https://www.pexels.com/photo/pastoral-scene-with-grazing-holstein-cows-32924587/,www.pexels.com,success,8,0.9578,1438.96,1392.58,3244.96,2424.16,1349,1341,3335,2476,proportional_5pct,4032,3024,1986,1135,1479573,744243,train
side_0017,side,datasets/viewpoint/self_clean_v1/side/side_0017.jpg,datasets/viewpoint/self_clean_v1_rtdetr_crop/side/side_0017.jpg,dup_0702,70bd803994a8be268875b7d52733c04e92d8dbb0db8b591945394454bec351ba,https://www.pexels.com/photo/highland-cow-grazing-in-lush-greenery-38600485/,www.pexels.com,success,1,0.9615,257.23,927.18,3117.26,2358.62,114,856,3260,2430,proportional_5pct,4032,3024,3146,1574,2597102,1818377,train
side_0019,side,datasets/viewpoint/self_clean_v1/side/side_0019.jpg,datasets/viewpoint/self_clean_v1_rtdetr_crop/side/side_0019.jpg,dup_0704,db181d2a25f8a8c99b991bce7e0a016451371d38836af3fccb8ae418a624ca56,https://www.pexels.com/photo/highland-cow-grazing-in-a-summer-meadow-30669182/,www.pexels.com,success,1,0.9745,809.52,555.41,8088.35,5023.98,446,332,8192,5247,proportional_5pct,8192,5464,7746,4915,12467080,22138272,train
side_0020,side,datasets/viewpoint/self_clean_v1/side/side_0020.jpg,datasets/viewpoint/self_clean_v1_rtdetr_crop/side/side_0020.jpg,dup_0705,962a67d842351f84706ac827f2475bdc65eee31709383ea2da6cb3e2b27b789f,https://www.pexels.com/photo/highland-cattle-grazing-in-a-misty-field-29463637/,www.pexels.com,success,1,0.9677,1465.88,1412.97,3984.22,3445.58,1340,1311,4110,3547,proportional_5pct,6000,4000,2770,2236,3295393,2320212,train
side_0021,side,datasets/viewpoint/self_clean_v1/side/side_0021.jpg,datasets/viewpoint/self_clean_v1_rtdetr_crop/side/side_0021.jpg,dup_0706,7f436692f108e8c71f284b2a5449f55423675c437f99e13641ac9fc23c4907c6,https://www.pexels.com/photo/highland-cattle-standing-on-grassland-5003721/,www.pexels.com,success,1,0.967,2129.68,1863.89,4431.86,3801.29,2015,1767,4547,3898,proportional_5pct,6321,4216,2532,2131,2484471,1961522,train
side_0022,side,datasets/viewpoint/self_clean_v1/side/side_0022.jpg,datasets/viewpoint/self_clean_v1_rtdetr_crop/side/side_0022.jpg,dup_0707,f4397811f4853328f36ee56b1200a9f553f6edc8af9a08cf68e81da8771bffef,https://www.pexels.com/photo/scottish-highland-cow-walking-on-field-11316475/,www.pexels.com,success,1,0.9588,2221.19,1329.73,4712.04,2696.36,2097,1261,4837,2765,proportional_5pct,5279,3519,2740,1504,2685491,1658068,train
side_0024,side,datasets/viewpoint/self_clean_v1/side/side_0024.jpg,datasets/viewpoint/self_clean_v1_rtdetr_crop/side/side_0024.jpg,dup_0709,50edaf51eb7d23b4e7527917535302f379d2e2075c559885d0e1fea98bab174e,https://www.pexels.com/photo/brown-cow-on-green-grass-field-7421867/,www.pexels.com,success,1,0.9704,718.68,393.52,3802.46,2716.0,564,277,3957,2832,proportional_5pct,4608,3072,3393,2555,1476660,2050966,train
side_0026,side,datasets/viewpoint/self_clean_v1/side/side_0026.jpg,datasets/viewpoint/self_clean_v1_rtdetr_crop/side/side_0026.jpg,dup_0711,e29c76a8ca5da0f5db24728619b408866f38141f78798fcdf3cee4c5ce3daa1e,https://www.pexels.com/photo/cow-standing-on-grass-field-382166/,www.pexels.com,success,1,0.9622,1234.11,683.19,2714.85,1660.18,1160,634,2789,1709,proportional_5pct,4096,2160,1629,1075,587423,308340,train
side_0027,side,datasets/viewpoint/self_clean_v1/side/side_0027.jpg,datasets/viewpoint/self_clean_v1_rtdetr_crop/side/side_0027.jpg,dup_0712,29ba9f07e5baa2a030c365611ed7215f479cfbd9953f2a97391f1906bb3f1ce7,https://www.pexels.com/photo/cows-on-field-grazing-beside-tree-during-sunset-7111435/,www.pexels.com,success,1,0.9709,129.9,332.93,1003.55,970.17,86,301,1047,1002,proportional_5pct,1140,1173,961,701,405497,303360,train
side_0029,side,datasets/viewpoint/self_clean_v1/side/side_0029.jpg,datasets/viewpoint/self_clean_v1_rtdetr_crop/side/side_0029.jpg,dup_0713,7b3c274e7cbfda28d4480a6dfc778b61677f8f78cf7e2f0166a4894711461741,https://www.pexels.com/photo/cows-grazing-on-pasture-12840878/,www.pexels.com,success,4,0.9716,212.62,200.44,2596.41,1945.0,93,113,2716,2032,proportional_5pct,2978,2277,2623,1919,2739674,2605346,train
side_0030,side,datasets/viewpoint/self_clean_v1/side/side_0030.jpg,datasets/viewpoint/self_clean_v1_rtdetr_crop/side/side_0030.jpg,dup_0714,29be0d396ccf16fcf0e9125858184c3c1fb90c0883a418a7c132193af48017b7,https://www.pexels.com/photo/a-cows-on-green-grass-field-near-the-mountain-12873017/,www.pexels.com,success,10,0.9675,935.53,1056.57,2420.15,2010.11,861,1009,2494,2058,proportional_5pct,3085,2317,1633,1049,1141238,618445,train
side_0033,side,datasets/viewpoint/self_clean_v1/side/side_0033.jpg,datasets/viewpoint/self_clean_v1_rtdetr_crop/side/side_0033.jpg,dup_0717,3d8a9794a4344f089a89ff7b3fd882644dd61bacb4885eabd971d0d9bac4bf8f,https://www.pexels.com/photo/cattle-grazing-in-scenic-french-alps-pasture-35053573/,www.pexels.com,success,2,0.9549,2232.37,2331.75,3381.2,3061.97,2175,2295,3439,3098,proportional_5pct,5440,3626,1264,803,6749583,612237,train
side_0034,side,datasets/viewpoint/self_clean_v1/side/side_0034.jpg,datasets/viewpoint/self_clean_v1_rtdetr_crop/side/side_0034.jpg,dup_0718,94b81851af6ee8b312415a0e1c42a9101bdf8b6ac713ec3d4f071e5d551e3990,https://www.pexels.com/photo/cattle-on-pasture-in-valley-18635446/,www.pexels.com,success,20,0.9688,309.59,1870.24,2052.37,3127.52,222,1807,2140,3190,proportional_5pct,2162,3744,1918,1383,1960768,1053616,train
side_0035,side,datasets/viewpoint/self_clean_v1/side/side_0035.jpg,datasets/viewpoint/self_clean_v1_rtdetr_crop/side/side_0035.jpg,dup_0719,5a5a476fd8d7980312662275b88057afeddf181fee6b6ca87e2deea8a49965b7,https://www.pexels.com/photo/white-cow-grazing-in-green-field-outdoors-29815446/,www.pexels.com,success,1,0.9715,60.88,403.55,2131.0,1799.23,0,334,2173,1869,proportional_5pct,2173,2173,2173,1535,658080,1121943,train
side_0036,side,datasets/viewpoint/self_clean_v1/side/side_0036.jpg,datasets/viewpoint/self_clean_v1_rtdetr_crop/side/side_0036.jpg,dup_0720,8edd6596fd9abd5e206ce11c11baff12890238e056c716f4414eb3aebde8a792,https://www.pexels.com/photo/brown-cow-grazing-in-swiss-alps-landscape-30153702/,www.pexels.com,success,5,0.9516,5347.42,3503.32,7312.75,4368.18,5249,3460,7411,4411,proportional_5pct,8192,5464,2162,951,9783236,1099087,train
side_0038,side,datasets/viewpoint/self_clean_v1/side/side_0038.jpg,datasets/viewpoint/self_clean_v1_rtdetr_crop/side/side_0038.jpg,dup_0722,21a2c1018196001032a6df34bcba3a9f0edb91b6a0ec5965ff5402820bd6a084,https://www.pexels.com/photo/cattle-on-a-pasture-14463011/,www.pexels.com,success,2,0.9733,0.67,424.49,1640.72,1497.43,0,371,1723,1551,proportional_5pct,2152,1671,1723,1180,1201804,975784,train
side_0040,side,datasets/viewpoint/self_clean_v1/side/side_0040.jpg,datasets/viewpoint/self_clean_v1_rtdetr_crop/side/side_0040.jpg,dup_0724,7b5b93be6def19aec0de36fb57ef859249319fefd09398909d57759cc611dc93,https://www.pexels.com/photo/cows-grazing-in-grindelwald-with-alpine-backdrop-30391776/,www.pexels.com,success,1,0.9666,176.88,398.42,1544.52,1269.95,109,355,1613,1314,proportional_5pct,1696,1795,1504,959,930751,654922,train
side_0041,side,datasets/viewpoint/self_clean_v1/side/side_0041.jpg,datasets/viewpoint/self_clean_v1_rtdetr_crop/side/side_0041.jpg,dup_0725,fd31ed0314434a4f2b5e87f51c87e55b09dd2fce0dec352a4aca7ade86e529a6,https://www.pexels.com/photo/cattle-on-pasture-in-mountains-18636318/,www.pexels.com,success,4,0.9701,311.03,391.94,1540.8,1210.72,250,351,1602,1252,proportional_5pct,1647,1449,1352,901,661447,450204,train
side_0042,side,datasets/viewpoint/self_clean_v1/side/side_0042.jpg,datasets/viewpoint/self_clean_v1_rtdetr_crop/side/side_0042.jpg,dup_0726,3677ab5c160d88c811c092ec23ec91e05c57d40ec7c7a7a2e82127e3880ddf41,https://www.pexels.com/photo/bavarian-cows-grazing-in-alpine-meadow-32957530/,www.pexels.com,success,4,0.9615,450.5,81.84,3674.8,2446.78,289,0,3788,2565,proportional_5pct,3788,2730,3499,2565,3695505,4139559,train
side_0043,side,datasets/viewpoint/self_clean_v1/side/side_0043.jpg,datasets/viewpoint/self_clean_v1_rtdetr_crop/side/side_0043.jpg,dup_0727,9e7630cdc0d50171d55c2117a02c06c8d684aa012fde8045c917effb172a4d73,https://www.pexels.com/photo/grazing-cows-in-the-scenic-tyrolean-alps-30555360/,www.pexels.com,success,4,0.9704,7.91,7.16,1600.89,1118.13,0,0,1681,1174,proportional_5pct,1984,1389,1681,1174,1403537,1285296,train
side_0044,side,datasets/viewpoint/self_clean_v1/side/side_0044.jpg,datasets/viewpoint/self_clean_v1_rtdetr_crop/side/side_0044.jpg,dup_0728,7105cfb2919871a20370b3375730e2143c4d5bc2d688ad166883ff6bba4d799a,https://www.pexels.com/photo/a-cow-standing-on-a-pasture-27035494/,www.pexels.com,success,1,0.9769,582.43,810.93,3924.1,3171.56,415,693,4091,3276,proportional_5pct,4587,3276,3676,2583,2581347,3336107,train
side_0045,side,datasets/viewpoint/self_clean_v1/side/side_0045.jpg,datasets/viewpoint/self_clean_v1_rtdetr_crop/side/side_0045.jpg,dup_0729,d3774407fdb126409dc81524ce617c0625c73a6c0252ed717bcf55b5809f1cad,https://www.pexels.com/photo/cow-group-in-a-field-in-uruguay-17956249/,www.pexels.com,success,20,0.9561,1636.43,1143.06,3446.47,2301.44,1546,1085,3537,2359,proportional_5pct,5053,3113,1991,1274,3916813,1657986,train
side_0046,side,datasets/viewpoint/self_clean_v1/side/side_0046.jpg,datasets/viewpoint/self_clean_v1_rtdetr_crop/side/side_0046.jpg,dup_0730,ed1b371e5c8b17ffc33d16bca41f2502aa73396dfdf05621aa1dd31932944774,https://www.pexels.com/photo/cow-in-green-grass-7944870/,www.pexels.com,success,3,0.9643,1221.9,1091.77,4266.66,3396.26,1070,977,4419,3511,proportional_5pct,5472,3648,3349,2534,3255300,3669579,train
side_0047,side,datasets/viewpoint/self_clean_v1/side/side_0047.jpg,datasets/viewpoint/self_clean_v1_rtdetr_crop/side/side_0047.jpg,dup_0731,e8bbe8f0d8985a95db64e53d35ec5e3f7f0674295037e5bb4837cf153d4c2ac6,https://www.pexels.com/photo/pastoral-scene-with-cows-in-sunny-field-28587840/,www.pexels.com,success,2,0.9521,175.45,203.98,2605.48,1856.87,54,121,2727,1940,proportional_5pct,3074,2354,2673,1819,1616822,1544056,train
side_0048,side,datasets/viewpoint/self_clean_v1/side/side_0048.jpg,datasets/viewpoint/self_clean_v1_rtdetr_crop/side/side_0048.jpg,dup_0732,8b500deb52b2e6993cdf5701f44c8e7e05a54fac834e9bb1c13cce0b592eed23,https://www.pexels.com/photo/cows-grazing-in-green-fenced-pasture-6584814/,www.pexels.com,success,2,0.9735,711.35,37.63,3292.71,1961.79,582,0,3422,1973,proportional_5pct,3604,1973,2840,1973,1657959,1960983,train
side_0049,side,datasets/viewpoint/self_clean_v1/side/side_0049.jpg,datasets/viewpoint/self_clean_v1_rtdetr_crop/side/side_0049.jpg,dup_0733,75a8da01786272e2f7faafda9489840a53d0949473d2421bde3a2a0497d097d1,https://www.pexels.com/photo/cows-on-pasture-17991120/,www.pexels.com,success,10,0.9549,184.78,549.42,2553.07,2409.72,66,456,2671,2503,proportional_5pct,4097,2731,2605,2047,2212008,2123470,train
side_0050,side,datasets/viewpoint/self_clean_v1/side/side_0050.jpg,datasets/viewpoint/self_clean_v1_rtdetr_crop/side/side_0050.jpg,dup_0734,7a2484d94429ab8772ccb29eccefb2bea56f45b51ad049b07e55cd0d6a139e2b,https://www.pexels.com/photo/cows-grazing-in-a-lush-ottawa-farm-field-33332750/,www.pexels.com,success,3,0.9713,125.88,179.01,2218.51,1365.58,21,120,2217,1425,proportional_5pct,2217,1562,2196,1305,783938,872770,train
side_0053,side,datasets/viewpoint/self_clean_v1/side/side_0053.jpg,datasets/viewpoint/self_clean_v1_rtdetr_crop/side/side_0053.jpg,dup_0737,6948db912d4a3e87e4be45efbbf96c7fe4bb0a0c3ab2f56df59a89a3d4a6edab,https://www.pexels.com/photo/muscular-belgian-blue-bull-grazing-in-field-32618950/,www.pexels.com,success,1,0.9529,1923.89,1392.71,5816.96,4112.28,1729,1257,6012,4248,proportional_5pct,7681,5123,4283,2991,3392779,3667837,train
side_0054,side,datasets/viewpoint/self_clean_v1/side/side_0054.jpg,datasets/viewpoint/self_clean_v1_rtdetr_crop/side/side_0054.jpg,dup_0738,a08120a412346a9499072c13cb4fddc9ec741bbd3c67187ec4d41e0e010e887b,https://www.pexels.com/photo/cows-grazing-in-greenfield-lille-belgium-32303482/,www.pexels.com,success,4,0.9735,108.91,285.98,1926.93,1638.1,18,218,2018,1706,proportional_5pct,2181,2068,2000,1488,1751982,1575210,train
side_0055,side,datasets/viewpoint/self_clean_v1/side/side_0055.jpg,datasets/viewpoint/self_clean_v1_rtdetr_crop/side/side_0055.jpg,dup_0739,88f08ef9c83346c5f2f7d335b6d90e0c9dad69a9b217a14117741a3eb0b6aff7,https://www.pexels.com/photo/white-cows-grazing-in-a-lush-green-field-in-belgium-32303475/,www.pexels.com,success,3,0.9613,524.26,2212.0,2399.59,3395.72,430,2153,2493,3455,proportional_5pct,2624,3936,2063,1302,2263504,1272719,train
side_0056,side,datasets/viewpoint/self_clean_v1/side/side_0056.jpg,datasets/viewpoint/self_clean_v1_rtdetr_crop/side/side_0056.jpg,dup_0740,c118ab74a22b222a744561bf0caff20c73745adf75ddb644723942fdc8bf3203,https://www.pexels.com/photo/la-vache-27645870/,www.pexels.com,success,1,0.9643,543.24,4406.25,4328.8,6695.84,354,4292,4518,6810,proportional_5pct,5088,7632,4164,2518,2177885,2130452,train
side_0057,side,datasets/viewpoint/self_clean_v1/side/side_0057.jpg,datasets/viewpoint/self_clean_v1_rtdetr_crop/side/side_0057.jpg,dup_0741,28fdc7e6b6b6ce84bef1973acf2e6891ba40cf43aded203158e865a3c0312d84,https://www.pexels.com/photo/a-cattle-standing-on-a-grass-field-13585346/,www.pexels.com,success,1,0.9588,1390.05,1233.59,3026.71,2433.59,1308,1174,3109,2494,proportional_5pct,4440,2941,1801,1320,2380629,1018022,train
side_0059,side,datasets/viewpoint/self_clean_v1/side/side_0059.jpg,datasets/viewpoint/self_clean_v1_rtdetr_crop/side/side_0059.jpg,dup_0743,362c519ea5501a49f530882788172f459a20dbdfb672c6f7f6c8e34001593b44,https://www.pexels.com/photo/a-cow-eating-on-the-grass-field-7527921/,www.pexels.com,success,1,0.945,1053.86,3449.0,2893.73,4727.64,962,3385,2986,4792,proportional_5pct,4000,6000,2024,1407,3166637,1118131,train
side_0060,side,datasets/viewpoint/self_clean_v1/side/side_0060.jpg,datasets/viewpoint/self_clean_v1_rtdetr_crop/side/side_0060.jpg,dup_0744,a16852a70451cd786842a7f12fb8931bf6f3707b56bc6c3880fc49ff9c1a2c1f,https://www.pexels.com/photo/cow-in-meadow-filled-with-rocks-18064535/,www.pexels.com,success,3,0.9615,1222.6,2945.39,3844.15,4839.48,1092,2851,3845,4934,proportional_5pct,3845,5768,2753,2083,1992743,2282608,train
side_0061,side,datasets/viewpoint/self_clean_v1/side/side_0061.jpg,datasets/viewpoint/self_clean_v1_rtdetr_crop/side/side_0061.jpg,dup_0745,1e12b47ec02a782e5c3bea1aeb7f788e17a2967869501c76201f01a0a651cfc6,https://www.pexels.com/photo/cow-in-the-pasture-18827661/,www.pexels.com,success,1,0.9522,1771.63,2871.75,3368.93,3865.31,1692,2822,3449,3915,proportional_5pct,4160,6240,1757,1093,1379877,710857,train
side_0065,side,datasets/viewpoint/self_clean_v1/side/side_0065.jpg,datasets/viewpoint/self_clean_v1_rtdetr_crop/side/side_0065.jpg,dup_0749,423905941984ad0bffe967102c8a32bb2842bcfb06d21b2f69fa0d8ac2a86373,https://www.pexels.com/photo/cows-grazing-in-the-pasture-16010666/,www.pexels.com,success,10,0.9247,839.5,3702.24,1567.43,4301.5,803,3672,1604,4331,proportional_5pct,4082,6124,801,659,5103579,223309,train
side_0067,side,datasets/viewpoint/self_clean_v1/side/side_0067.jpg,datasets/viewpoint/self_clean_v1_rtdetr_crop/side/side_0067.jpg,dup_0751,d06b2a9286b7971481e7830b3d2e9f9c46c58840d2a52e93f0d7b338bd7b15e4,https://www.pexels.com/photo/brown-cow-on-green-grass-field-10791769/,www.pexels.com,success,7,0.9657,1326.01,3963.63,3106.99,5109.39,1237,3906,3196,5167,proportional_5pct,4213,6319,1959,1261,3269057,863131,train
side_0068,side,datasets/viewpoint/self_clean_v1/side/side_0068.jpg,datasets/viewpoint/self_clean_v1_rtdetr_crop/side/side_0068.jpg,dup_0752,e93cd56a6300f0b10985d72bd161827beec300b0d6f3bd31b3fd72b2373e0e56,https://www.pexels.com/photo/cattle-grazing-on-green-hillside-in-turkiye-37259371/,www.pexels.com,success,2,0.9634,906.73,1700.23,3861.57,3446.91,759,1613,4009,3534,proportional_5pct,6000,4000,3250,1921,5531141,3141840,train
side_0069,side,datasets/viewpoint/self_clean_v1/side/side_0069.jpg,datasets/viewpoint/self_clean_v1_rtdetr_crop/side/side_0069.jpg,dup_0753,2de94397ead1f6c00be33a8ec0ff5036b89d8c601ac739e6da56f95c140964e0,https://www.pexels.com/photo/cows-grazing-in-a-field-with-trees-in-the-background-27916385/,www.pexels.com,success,7,0.9507,1806.09,4028.64,3823.96,5348.27,1705,3963,3925,5414,proportional_5pct,6336,9504,2220,1451,3723463,1014015,train
side_0071,side,datasets/viewpoint/self_clean_v1/side/side_0071.jpg,datasets/viewpoint/self_clean_v1_rtdetr_crop/side/side_0071.jpg,dup_0755,6371d15255fdc28cab5e87e8b4154c67c50bf43cf03f9c0d19bc81532861ac36,https://www.pexels.com/photo/cow-grazing-on-mountains-pasture-18141380/,www.pexels.com,success,1,0.9594,697.07,2061.0,2397.73,3256.37,612,2001,2483,3316,proportional_5pct,3264,4928,1871,1315,1386851,701570,train
side_0072,side,datasets/viewpoint/self_clean_v1/side/side_0072.jpg,datasets/viewpoint/self_clean_v1_rtdetr_crop/side/side_0072.jpg,dup_0756,7b743e159e384bda15339a2323ded920bb4cc0a9f7e185dfdd96acf957594610,https://www.pexels.com/photo/brown-and-white-cow-on-green-grass-field-4909809/,www.pexels.com,success,1,0.9495,461.7,2137.46,1393.98,2649.87,415,2112,1441,2675,proportional_5pct,2333,3500,1026,563,1012486,209497,train
side_0073,side,datasets/viewpoint/self_clean_v1/side/side_0073.jpg,datasets/viewpoint/self_clean_v1_rtdetr_crop/side/side_0073.jpg,dup_0757,d9c546f77cac2c7bc15687868900bffdfa324f785e62545b0284e94651bcf495,https://www.pexels.com/photo/brown-cow-grazing-in-sunny-field-33722032/,www.pexels.com,success,1,0.9653,965.82,3037.48,3186.96,4405.87,855,2969,3298,4474,proportional_5pct,4000,5333,2443,1505,2332654,1116004,train
side_0074,side,datasets/viewpoint/self_clean_v1/side/side_0074.jpg,datasets/viewpoint/self_clean_v1_rtdetr_crop/side/side_0074.jpg,dup_0758,5ad6efa0bbb6c617bb256a8a80e5f9dab5c03d1aa9f23ae0752946343b06af5b,https://www.pexels.com/photo/a-cow-grazing-in-a-field-with-a-green-grass-27596584/,www.pexels.com,success,1,0.964,516.26,2708.75,4122.98,4794.75,336,2604,4303,4899,proportional_5pct,4409,6173,3967,2295,2856252,2655801,train
side_0075,side,datasets/viewpoint/self_clean_v1/side/side_0075.jpg,datasets/viewpoint/self_clean_v1_rtdetr_crop/side/side_0075.jpg,dup_0759,9642f882c6adb1ffb30a5f296857cc44f30654d4b82765eff7dc2d48bb23203d,https://www.pexels.com/photo/cow-grazing-in-mountain-meadow-19124968/,www.pexels.com,success,1,0.9567,610.49,3297.42,2650.78,4634.56,508,3231,2753,4701,proportional_5pct,4160,6240,2245,1470,2132332,1048417,train
side_0078,side,datasets/viewpoint/self_clean_v1/side/side_0078.jpg,datasets/viewpoint/self_clean_v1_rtdetr_crop/side/side_0078.jpg,dup_0762,9e2ee00019193e99f9133b3f7ea2eccfd6fb36b9faf2682f48c037488e835281,https://www.pexels.com/photo/longhorn-on-grass-17020875/,www.pexels.com,success,6,0.9732,322.84,379.22,3733.03,3147.28,152,241,3904,3286,proportional_5pct,4092,3444,3752,3045,3662879,5837067,train
side_0079,side,datasets/viewpoint/self_clean_v1/side/side_0079.jpg,datasets/viewpoint/self_clean_v1_rtdetr_crop/side/side_0079.jpg,dup_0763,140988520584c20994a3eade9528057ef2e488caacb2b59ec100d07bd4574b9c,https://www.pexels.com/photo/hinterwald-on-the-grass-11060826/,www.pexels.com,success,1,0.9534,1559.41,1167.59,3305.08,2528.21,1472,1100,3392,2596,proportional_5pct,4928,3264,1920,1496,4058188,1466923,train
side_0080,side,datasets/viewpoint/self_clean_v1/side/side_0080.jpg,datasets/viewpoint/self_clean_v1_rtdetr_crop/side/side_0080.jpg,dup_0764,0f8d1e4bebde27c06fd9a8ccb0bb12d8c27ebf94fb5b20b2e6ffe01894cd904d,https://www.pexels.com/photo/majestic-brahman-bull-standing-in-sunny-field-29374206/,www.pexels.com,success,4,0.9709,1658.27,1219.79,8728.95,6618.88,1305,950,9082,6889,proportional_5pct,10800,7200,7777,5939,5714125,9118854,train
side_0081,side,datasets/viewpoint/self_clean_v1/side/side_0081.jpg,datasets/viewpoint/self_clean_v1_rtdetr_crop/side/side_0081.jpg,dup_0765,67f13eb32039370ec98e721909b0fe23f3026c45659e615415bbb85b758362a3,https://www.pexels.com/photo/bulls-grazing-on-a-pasture-6431807/,www.pexels.com,success,3,0.9599,88.61,994.37,2951.38,2806.44,0,904,3095,2897,proportional_5pct,3231,3632,3095,1993,4584832,3315743,train
side_0082,side,datasets/viewpoint/self_clean_v1/side/side_0082.jpg,datasets/viewpoint/self_clean_v1_rtdetr_crop/side/side_0082.jpg,dup_0766,cc1494b2f43514362344d66e47440b5c57ad9d89221337be613dab65f4e3a419,https://www.pexels.com/photo/young-calf-grazing-in-andhra-pradesh-field-30492883/,www.pexels.com,success,1,0.9721,969.36,999.2,5743.02,5300.13,731,784,5982,5464,proportional_5pct,8191,5464,5251,4680,5430789,7167017,train
side_0084,side,datasets/viewpoint/self_clean_v1/side/side_0084.jpg,datasets/viewpoint/self_clean_v1_rtdetr_crop/side/side_0084.jpg,dup_0768,d232f2b04ac9dec0ce43e5683cf88fe8e43f370922974a77fdb0f69bcb1bf4ad,https://www.pexels.com/photo/charolais-cow-grazing-in-lush-green-pasture-37156212/,www.pexels.com,success,1,0.9759,549.16,909.53,6619.99,4384.91,246,736,6924,4559,proportional_5pct,7877,5254,6678,3823,5138397,7183094,train
side_0085,side,datasets/viewpoint/self_clean_v1/side/side_0085.jpg,datasets/viewpoint/self_clean_v1_rtdetr_crop/side/side_0085.jpg,dup_0769,9017acad90bdcd67af5c6d4126feee47b61da379b14229610e6a0efe670eb05c,https://www.pexels.com/photo/white-calf-grazing-in-sunny-pasture-37584763/,www.pexels.com,success,1,0.976,721.01,714.41,5709.02,4157.52,472,542,5958,4330,proportional_5pct,6936,4626,5486,3788,4251420,6066058,train
side_0086,side,datasets/viewpoint/self_clean_v1/side/side_0086.jpg,datasets/viewpoint/self_clean_v1_rtdetr_crop/side/side_0086.jpg,dup_0770,10da454b079580c94200eb57192bcd2ce9a6a2324d30cb2db398b0f1c6f8fc87,https://www.pexels.com/photo/beef-cattle-on-grassland-5840898/,www.pexels.com,success,3,0.9716,0.86,1408.93,2304.45,3305.03,0,1314,2420,3400,proportional_5pct,3316,4305,2420,2086,3498448,2262864,train
side_0087,side,datasets/viewpoint/self_clean_v1/side/side_0087.jpg,datasets/viewpoint/self_clean_v1_rtdetr_crop/side/side_0087.jpg,dup_0771,fbad78967d4b025a3312b910d0e696daf421f3b9e9359d220b0164e4db98727e,https://www.pexels.com/photo/trio-of-cows-grazing-in-irish-pasture-39385635/,www.pexels.com,success,3,0.9724,155.9,201.84,2109.44,1448.63,58,139,2207,1511,proportional_5pct,2676,2226,2149,1372,1985032,1364950,train
side_0088,side,datasets/viewpoint/self_clean_v1/side/side_0088.jpg,datasets/viewpoint/self_clean_v1_rtdetr_crop/side/side_0088.jpg,dup_0772,b85fc80edd4e56635ebe29e163039377b75dcb2f7478f058032cf40f5d967c12,https://www.pexels.com/photo/brown-and-white-cow-grazing-in-sunny-field-34875549/,www.pexels.com,success,2,0.9439,2258.39,4093.12,3974.72,5357.81,2173,4030,4000,5421,proportional_5pct,4000,6000,1827,1391,3917504,1130177,train
side_0089,side,datasets/viewpoint/self_clean_v1/side/side_0089.jpg,datasets/viewpoint/self_clean_v1_rtdetr_crop/side/side_0089.jpg,dup_0773,f317daaa450274bc41307b500c50e7fed17330941c57d8d48108b1f189afd839,https://www.pexels.com/photo/serene-autumn-landscape-with-grazing-cow-in-bolu-31775527/,www.pexels.com,success,2,0.9462,774.3,3881.54,1843.54,4626.91,721,3844,1897,4664,proportional_5pct,4000,6000,1176,820,3731751,302586,train
side_0091,side,datasets/viewpoint/self_clean_v1/side/side_0091.jpg,datasets/viewpoint/self_clean_v1_rtdetr_crop/side/side_0091.jpg,dup_0775,3c481167a5705fb1aa08d6d9c5e692ef4d341693530f6d89540995ce556759db,https://www.pexels.com/photo/majestic-bull-in-scenic-mountain-landscape-28918787/,www.pexels.com,success,1,0.9586,1593.74,2031.62,5713.9,4686.38,1388,1899,5920,4819,proportional_5pct,8256,5504,4532,2920,5369834,4620125,train
side_0093,side,datasets/viewpoint/self_clean_v1/side/side_0093.jpg,datasets/viewpoint/self_clean_v1_rtdetr_crop/side/side_0093.jpg,dup_0777,5de03abe5a7f534034c09f6b4380111cc8c1e3a5269f64d2bc3e3cb497483021,https://www.pexels.com/photo/brown-cow-grazing-in-green-pasture-in-spain-35713337/,www.pexels.com,success,1,0.9565,904.55,1996.59,2116.25,2735.31,844,1960,2177,2772,proportional_5pct,3024,4032,1333,812,3011988,614886,train
side_0094,side,datasets/viewpoint/self_clean_v1/side/side_0094.jpg,datasets/viewpoint/self_clean_v1_rtdetr_crop/side/side_0094.jpg,dup_0778,6473302858a192e2bf9106da8e78ccac3613501f016400e8eda959061898f337,https://www.pexels.com/photo/cows-grazing-on-a-hillside-in-kabardino-balkaria-37607504/,www.pexels.com,success,2,0.9676,8.62,1704.93,2110.08,3369.34,0,1622,2118,3453,proportional_5pct,2118,4032,2118,1831,2374796,1541204,train
side_0095,side,datasets/viewpoint/self_clean_v1/side/side_0095.jpg,datasets/viewpoint/self_clean_v1_rtdetr_crop/side/side_0095.jpg,dup_0779,4a6749f67f5ab4b96ff50f3814522d3e3a9002bdf1bd31d3494d9b04be032210,https://www.pexels.com/photo/cows-on-pasture-at-sunset-19662181/,www.pexels.com,success,1,0.9581,127.67,280.36,1773.09,1387.09,45,225,1855,1442,proportional_5pct,2141,1759,1810,1217,589659,551423,train
side_0096,side,datasets/viewpoint/self_clean_v1/side/side_0096.jpg,datasets/viewpoint/self_clean_v1_rtdetr_crop/side/side_0096.jpg,dup_0780,67956011101f945dc9d297d85ed8ae0ef0e2e3c3f0f78d7ad803f1e2868452be,https://www.pexels.com/photo/brown-and-white-cow-on-green-grass-field-13601514/,www.pexels.com,success,1,0.9367,2105.55,1654.78,4485.02,2837.88,1987,1596,4604,2897,proportional_5pct,5743,3829,2617,1301,4162279,1542306,train
side_0097,side,datasets/viewpoint/self_clean_v1/side/side_0097.jpg,datasets/viewpoint/self_clean_v1_rtdetr_crop/side/side_0097.jpg,dup_0781,49b781fa92984010c04f7af8d5cd69b53eae0f41d63d4ccced012d0eff340314,https://www.pexels.com/photo/cow-grazing-in-the-pasture-13908317/,www.pexels.com,success,1,0.9556,2666.51,1656.11,3605.03,2217.94,2620,1628,3652,2246,proportional_5pct,6000,4000,1032,618,2565557,213638,train
side_0098,side,datasets/viewpoint/self_clean_v1/side/side_0098.jpg,datasets/viewpoint/self_clean_v1_rtdetr_crop/side/side_0098.jpg,dup_0782,23f5a018e2f6ceeb7e019016f5b9747bbaf83cbbfa3ff8dcf3830355a21e1436,https://www.pexels.com/photo/solitary-cow-grazing-on-sunny-field-33423577/,www.pexels.com,success,1,0.9642,1695.32,1571.27,3061.83,2328.15,1627,1533,3130,2366,proportional_5pct,4928,3264,1503,833,2270976,410033,train
side_0099,side,datasets/viewpoint/self_clean_v1/side/side_0099.jpg,datasets/viewpoint/self_clean_v1_rtdetr_crop/side/side_0099.jpg,dup_0783,a5c5ded03a064b1286f737f282fe076f85c429dbed342cba55f1531b9f0ce8cc,https://www.pexels.com/photo/solitary-brown-cow-in-overcast-pasture-31042139/,www.pexels.com,success,1,0.958,1722.65,1255.76,2706.74,1842.41,1673,1226,2756,1872,proportional_5pct,4608,3072,1083,646,1811923,214711,train
side_0100,side,datasets/viewpoint/self_clean_v1/side/side_0100.jpg,datasets/viewpoint/self_clean_v1_rtdetr_crop/side/side_0100.jpg,dup_0784,de78b8446bad89a26acfd613306c63372d70baf57e40ef04e1ae409d0a94542d,https://www.pexels.com/photo/brown-cow-grazing-in-pasture-on-cloudy-day-38583618/,www.pexels.com,success,8,0.9543,986.21,1047.52,4039.91,2988.47,834,950,4193,3086,proportional_5pct,4707,3186,3359,2136,1601911,2274719,train
side_0102,side,datasets/viewpoint/self_clean_v1/side/side_0102.jpg,datasets/viewpoint/self_clean_v1_rtdetr_crop/side/side_0102.jpg,dup_0786,dba550daf24f4ea794c272f56be5638f5e3374d9a2c0baabbf51297bb157f548,https://www.pexels.com/photo/cow-with-long-horns-14381086/,www.pexels.com,success,3,0.9186,4.46,1552.76,2788.93,3023.77,0,1479,2928,3097,proportional_5pct,3024,4032,2928,1618,5654889,3768815,train
side_0103,side,datasets/viewpoint/self_clean_v1/side/side_0103.jpg,datasets/viewpoint/self_clean_v1_rtdetr_crop/side/side_0103.jpg,dup_0787,975913799e2c92357865b18cdfc506425c5533e2ab07074ae95465f596518356,https://www.pexels.com/photo/brown-cow-on-green-grass-field-5969519/,www.pexels.com,success,1,0.9724,744.25,334.13,2916.5,2028.72,636,249,3025,2113,proportional_5pct,3998,2504,2389,1864,1235550,1606449,train
side_0107,side,datasets/viewpoint/self_clean_v1/side/side_0107.jpg,datasets/viewpoint/self_clean_v1_rtdetr_crop/side/side_0107.jpg,dup_0791,e7904fe481fc55b920d9fe3c6068699080b4056134cf21cddf402172ac492eb7,https://www.pexels.com/photo/white-cow-on-the-grass-field-11340570/,www.pexels.com,success,1,0.9597,2840.05,2146.89,4308.04,3240.83,2767,2092,4381,3296,proportional_5pct,6960,4640,1614,1204,2031739,576747,train
side_0108,side,datasets/viewpoint/self_clean_v1/side/side_0108.jpg,datasets/viewpoint/self_clean_v1_rtdetr_crop/side/side_0108.jpg,dup_0792,de744b9917bb4f6b5082348505d52625fcf5466b1933bde216f4b1e9d7484810,https://www.pexels.com/photo/cattle-grazing-in-abuja-s-scenic-countryside-38296527/,www.pexels.com,success,3,0.9753,69.94,33.59,2213.06,1724.21,0,0,2320,1809,proportional_5pct,2521,1828,2320,1809,914638,1141251,train
side_0110,side,datasets/viewpoint/self_clean_v1/side/side_0110.jpg,datasets/viewpoint/self_clean_v1_rtdetr_crop/side/side_0110.jpg,dup_0794,97a17b15ad388fe0204ca32ac4afef8f2ab461878bbdcb54b675415439115b96,https://www.pexels.com/photo/white-cow-on-green-grass-field-13858176/,www.pexels.com,success,5,0.9498,2204.01,2157.66,3530.21,3094.0,2138,2111,3597,3141,proportional_5pct,5994,3991,1459,1030,3585646,604167,train
side_0111,side,datasets/viewpoint/self_clean_v1/side/side_0111.jpg,datasets/viewpoint/self_clean_v1_rtdetr_crop/side/side_0111.jpg,dup_0795,9d97c1dcd62947529feb54a3d48ea33fa4c15f64085851ff0a7382553e52e1a8,https://www.pexels.com/photo/white-cow-tethered-in-rural-indian-village-30147589/,www.pexels.com,success,3,0.9693,960.95,1492.35,6525.37,5282.25,683,1303,6804,5464,proportional_5pct,8192,5464,6121,4161,8020670,10813687,train
side_0112,side,datasets/viewpoint/self_clean_v1/side/side_0112.jpg,datasets/viewpoint/self_clean_v1_rtdetr_crop/side/side_0112.jpg,dup_0796,b00e54477e56e5b4de94b54db6b86a5a1c2b6b31d6c4806ca0d799418f6769ed,https://www.pexels.com/photo/brown-cow-in-alpine-meadow-at-bavaria-32957529/,www.pexels.com,success,1,0.9721,965.38,870.68,4770.37,3621.72,775,733,4961,3759,proportional_5pct,6000,4000,4186,3026,3632026,4831478,train
side_0113,side,datasets/viewpoint/self_clean_v1/side/side_0113.jpg,datasets/viewpoint/self_clean_v1_rtdetr_crop/side/side_0113.jpg,dup_0797,28a853e7b46b9a7a02cc8fdd8f54ede60b7e08b0780b0c65ac1377d1e82db7b2,https://www.pexels.com/photo/peaceful-alpine-cow-grazing-in-swiss-mountains-33778098/,www.pexels.com,success,1,0.963,704.1,1756.99,5140.87,4206.81,482,1634,5363,4329,proportional_5pct,7807,5207,4881,2695,2856958,4128430,train
side_0114,side,datasets/viewpoint/self_clean_v1/side/side_0114.jpg,datasets/viewpoint/self_clean_v1_rtdetr_crop/side/side_0114.jpg,dup_0798,6e3401beef52d5b59192af36885c838154ddf0fa26c555fc6522768b9b5211f6,https://www.pexels.com/photo/brown-cow-in-forest-clearing-38602519/,www.pexels.com,success,1,0.9575,1023.25,4152.27,2955.93,5811.55,927,4069,3053,5895,proportional_5pct,4000,6000,2126,1826,4440236,1240733,train
side_0115,side,datasets/viewpoint/self_clean_v1/side/side_0115.jpg,datasets/viewpoint/self_clean_v1_rtdetr_crop/side/side_0115.jpg,dup_0799,33947c84793bf2a254666e5cf9cdf0d8a7919201e80f29eb3b2e00b0a9456077,https://www.pexels.com/photo/white-cow-in-a-green-field-in-rural-philippines-36784886/,www.pexels.com,success,1,0.9616,1221.32,3288.8,2827.21,4641.43,1141,3221,2908,4709,proportional_5pct,3841,5508,1767,1488,2735562,1208563,train
side_0116,side,datasets/viewpoint/self_clean_v1/side/side_0116.jpg,datasets/viewpoint/self_clean_v1_rtdetr_crop/side/side_0116.jpg,dup_0800,43ffcb2afe8c6244d2c0ec96369fc9d121dfe6b9444d12ec7c165a2571491655,https://www.pexels.com/photo/holstein-cow-grazing-on-dry-field-at-dusk-30615083/,www.pexels.com,success,1,0.9571,629.27,1889.79,2126.55,2940.34,554,1837,2201,2993,proportional_5pct,2826,4266,1647,1156,2599919,1103604,train
side_0121,side,datasets/viewpoint/self_clean_v1/side/side_0121.jpg,datasets/viewpoint/self_clean_v1_rtdetr_crop/side/side_0121.jpg,dup_0805,d411746b1e40629bf06daeac764d49972e6d66fe9a72c753920d4457f780d98f,https://www.pexels.com/photo/brown-cow-grazing-on-english-hillside-31794208/,www.pexels.com,success,1,0.9772,430.03,565.68,4906.96,3527.87,206,418,5131,3676,proportional_5pct,6000,4000,4925,3258,2695108,4226623,train
side_0122,side,datasets/viewpoint/self_clean_v1/side/side_0122.jpg,datasets/viewpoint/self_clean_v1_rtdetr_crop/side/side_0122.jpg,dup_0806,2964073003741c05bad151b008b44692aa1eabef3f09048ecd37e97be1a6292b,https://www.pexels.com/photo/close-up-of-a-cow-standing-in-the-pasture-21235138/,www.pexels.com,success,1,0.9584,2840.75,1340.11,4502.31,2517.77,2758,1281,4585,2577,proportional_5pct,4741,3156,1827,1296,2333033,1016145,train
side_0123,side,datasets/viewpoint/self_clean_v1/side/side_0123.jpg,datasets/viewpoint/self_clean_v1_rtdetr_crop/side/side_0123.jpg,dup_0807,30ddb8bcea4b49f52e3976527de74b37dfa8ca438de364f4c4693f35b4c7498f,https://www.pexels.com/photo/charolais-bull-on-a-pasture-18082418/,www.pexels.com,success,1,0.9528,1375.86,1886.69,3532.37,3087.32,1268,1827,3640,3147,proportional_5pct,4160,5536,2372,1320,4386839,1440194,train
side_0124,side,datasets/viewpoint/self_clean_v1/side/side_0124.jpg,datasets/viewpoint/self_clean_v1_rtdetr_crop/side/side_0124.jpg,dup_0808,9373577522c53ba7dfb10220eb4cf69eb2cb64c89ffe01262e7a3cffd189670e,https://www.pexels.com/photo/cattle-grazing-on-grass-19780402/,www.pexels.com,success,3,0.9644,851.88,472.54,3530.93,2322.12,718,380,3642,2415,proportional_5pct,3642,2762,2924,2035,2472269,2114136,train
side_0125,side,datasets/viewpoint/self_clean_v1/side/side_0125.jpg,datasets/viewpoint/self_clean_v1_rtdetr_crop/side/side_0125.jpg,dup_0809,2543581e64834c579ef208ea3da878afbc1e766243a36290998c9ed4ca5a4327,https://www.pexels.com/photo/cow-on-a-grass-field-11714997/,www.pexels.com,success,1,0.9386,2154.3,1084.26,2862.48,1472.83,2119,1065,2898,1492,proportional_5pct,5141,3051,779,427,1399267,95659,train
side_0126,side,datasets/viewpoint/self_clean_v1/side/side_0126.jpg,datasets/viewpoint/self_clean_v1_rtdetr_crop/side/side_0126.jpg,dup_0810,e24d771b147c4dcc8985d7a6a297f9ecdca523bf9f6f7eb9d127ab0b1981d634,https://www.pexels.com/photo/cows-grazing-in-county-galway-at-sunset-39032025/,www.pexels.com,success,1,0.9705,50.87,215.64,1266.18,878.29,0,183,1327,911,proportional_5pct,1509,1088,1327,728,606214,514183,train
side_0127,side,datasets/viewpoint/self_clean_v1/side/side_0127.jpg,datasets/viewpoint/self_clean_v1_rtdetr_crop/side/side_0127.jpg,dup_0811,2ba1a46676d562dc7910f944c5900c848028df912ffedcb7b5da07576f28e808,https://www.pexels.com/photo/cows-on-the-grass-field-11523922/,www.pexels.com,success,2,0.9647,263.4,567.48,1663.56,1444.62,193,524,1734,1488,proportional_5pct,1921,1708,1541,964,697146,510781,train
side_0129,side,datasets/viewpoint/self_clean_v1/side/side_0129.jpg,datasets/viewpoint/self_clean_v1_rtdetr_crop/side/side_0129.jpg,dup_0813,5cfdbc233e7001df2e5bef83d69d1ab02c9d29c174d97dcc3136f8aeb2e43ed5,https://www.pexels.com/photo/majestic-bull-standing-in-grassy-field-29374204/,www.pexels.com,success,1,0.9612,1148.7,1163.34,8398.76,5801.38,786,931,8761,6033,proportional_5pct,10800,7200,7975,5102,6969600,9142433,train
side_0130,side,datasets/viewpoint/self_clean_v1/side/side_0130.jpg,datasets/viewpoint/self_clean_v1_rtdetr_crop/side/side_0130.jpg,dup_0814,84a965f9fb4279f0e78cc07249c279fc9561ef541d300fd5bb619b73861df47b,https://www.pexels.com/photo/a-cow-in-a-field-20710216/,www.pexels.com,success,1,0.9629,1293.72,1373.99,6444.8,3797.41,1036,1253,6702,3919,proportional_5pct,7554,5036,5666,2666,6277139,7027705,train
side_0131,side,datasets/viewpoint/self_clean_v1/side/side_0131.jpg,datasets/viewpoint/self_clean_v1_rtdetr_crop/side/side_0131.jpg,dup_0815,1eef0ba72aa713a1a200426ee52685953194aefe79ff9d7d38fb630eb6dea8fa,https://www.pexels.com/photo/a-cow-walking-in-a-field-27207627/,www.pexels.com,success,1,0.9614,1884.99,1770.59,7053.2,4902.69,1627,1614,7312,5059,proportional_5pct,8512,5675,5685,3445,9323885,9703202,train
side_0132,side,datasets/viewpoint/self_clean_v1/side/side_0132.jpg,datasets/viewpoint/self_clean_v1_rtdetr_crop/side/side_0132.jpg,dup_0816,518f1915e58741406aa5b00a57e83f4ed0840511916405429d38cca6ee26f490,https://www.pexels.com/photo/a-cow-standing-in-a-field-with-mountains-in-the-background-28387891/,www.pexels.com,success,1,0.9714,3097.22,2203.98,7469.36,5349.12,2879,2047,7688,5506,proportional_5pct,8640,5760,4809,3459,7569251,7759238,train
side_0133,side,datasets/viewpoint/self_clean_v1/side/side_0133.jpg,datasets/viewpoint/self_clean_v1_rtdetr_crop/side/side_0133.jpg,dup_0817,9bb23fc596b8cd1b629d49f19263ce62ce3187f73f09a6b8f9518e9b43de4a45,https://www.pexels.com/photo/a-black-cow-standing-in-a-field-with-mountains-in-the-background-28387894/,www.pexels.com,success,1,0.9646,3806.44,2270.75,6475.53,4430.74,3673,2163,6609,4539,proportional_5pct,7785,5190,2936,2376,7420791,3638580,train
side_0135,side,datasets/viewpoint/self_clean_v1/side/side_0135.jpg,datasets/viewpoint/self_clean_v1_rtdetr_crop/side/side_0135.jpg,dup_0819,1798a444df5bf703c9dc91eac5f591268bde384ece86f7dd04308c4e506ac8f1,https://www.pexels.com/photo/brown-cow-on-green-grass-field-5667690/,www.pexels.com,success,1,0.9739,568.93,431.55,4159.65,3259.04,389,290,4339,3328,proportional_5pct,4992,3328,3950,3038,2595686,4265700,train
side_0136,side,datasets/viewpoint/self_clean_v1/side/side_0136.jpg,datasets/viewpoint/self_clean_v1_rtdetr_crop/side/side_0136.jpg,dup_0820,62a9d75c42396e315a3e5c2c637149da21bc3fd12717de02382b865fad90bdf2,https://www.pexels.com/photo/calf-on-mountain-meadow-15950248/,www.pexels.com,success,1,0.9734,1108.33,902.19,5152.15,3664.33,906,764,5354,3802,proportional_5pct,6000,4000,4448,3038,5564758,7530589,train
side_0137,side,datasets/viewpoint/self_clean_v1/side/side_0137.jpg,datasets/viewpoint/self_clean_v1_rtdetr_crop/side/side_0137.jpg,dup_0821,375c89c41c1b0452d198a4529350c199fac9b384984e07eb9256ca7ff2d1d788,https://www.pexels.com/photo/grazing-cow-in-misty-fanal-forest-landscape-31085018/,www.pexels.com,success,2,0.967,927.14,2837.16,2981.3,4195.48,824,2769,3084,4263,proportional_5pct,3470,4609,2260,1494,1387100,1042205,train
side_0139,side,datasets/viewpoint/self_clean_v1/side/side_0139.jpg,datasets/viewpoint/self_clean_v1_rtdetr_crop/side/side_0139.jpg,dup_0823,825f8438549cee1aa56cf1944cdc7a3c28010ad1354ee84e0e6da96dfbd07e1a,https://www.pexels.com/photo/close-up-shot-of-cows-inside-a-farm-5798535/,www.pexels.com,success,8,0.9662,1080.23,130.86,5653.86,3618.3,852,0,5883,3793,proportional_5pct,6000,4000,5031,3793,3556588,6725843,train
side_0140,side,datasets/viewpoint/self_clean_v1/side/side_0140.jpg,datasets/viewpoint/self_clean_v1_rtdetr_crop/side/side_0140.jpg,dup_0824,a417d80703b426df018977666fa46afc6825e67df1c6becd402fa3c1142205db,https://www.pexels.com/photo/a-cow-standing-in-a-stall-with-a-bucket-27197630/,www.pexels.com,success,1,0.9709,450.74,584.77,3525.42,2477.22,297,490,3679,2572,proportional_5pct,3893,2840,3382,2082,2346634,3162376,train
side_0141,side,datasets/viewpoint/self_clean_v1/side/side_0141.jpg,datasets/viewpoint/self_clean_v1_rtdetr_crop/side/side_0141.jpg,dup_0825,80beef5da7240dd8b59c7c935c7e891fb506d0915d68a774651bbb3375edb313,https://www.pexels.com/photo/view-of-cattle-on-a-farm-by-the-fence-8064055/,www.pexels.com,success,9,0.9668,821.88,661.06,3572.9,2391.14,684,575,3710,2478,proportional_5pct,3935,2628,3026,1903,2169527,2759158,train
side_0144,side,datasets/viewpoint/self_clean_v1/side/side_0144.jpg,datasets/viewpoint/self_clean_v1_rtdetr_crop/side/side_0144.jpg,dup_0828,781b0b17cd5981d8b9d6c92cfc08ac64e97fee977fc3a98bdcf9fd068610f5cc,https://www.pexels.com/photo/cow-and-evergreen-forest-on-hill-18120675/,www.pexels.com,success,1,0.9323,1699.7,4947.98,3298.51,5802.56,1620,4905,3378,5845,proportional_5pct,4000,6000,1758,940,3658926,820158,train
side_0145,side,datasets/viewpoint/self_clean_v1/side/side_0145.jpg,datasets/viewpoint/self_clean_v1_rtdetr_crop/side/side_0145.jpg,dup_0829,f0c46d9323d380096730cdbd72f62864b93184f36cca97a38fd2ee74f34ec4d0,https://www.pexels.com/photo/peaceful-cow-grazing-in-mountain-pasture-28436096/,www.pexels.com,success,1,0.9609,1421.95,3666.15,3125.49,4787.22,1337,3610,3211,4843,proportional_5pct,4284,5712,1874,1233,3662245,1014273,train
side_0146,side,datasets/viewpoint/self_clean_v1/side/side_0146.jpg,datasets/viewpoint/self_clean_v1_rtdetr_crop/side/side_0146.jpg,dup_0830,037eaf2ac7ac776ca8829b78e96fb5503edf1f9ac2207c063527de81cabcba45,https://www.pexels.com/photo/cow-on-a-countryside-5563246/,www.pexels.com,success,1,0.9675,576.14,2138.68,2990.52,3666.52,455,2062,3111,3743,proportional_5pct,6000,4000,2656,1681,1974541,1366476,train
side_0147,side,datasets/viewpoint/self_clean_v1/side/side_0147.jpg,datasets/viewpoint/self_clean_v1_rtdetr_crop/side/side_0147.jpg,dup_0831,a78eee8e6b989dd160aae22c53247f62442a49dc485ea9d50173012e8353b690,https://www.pexels.com/photo/a-cow-grazing-in-a-grassy-field-with-mountains-in-the-background-27596612/,www.pexels.com,success,2,0.9383,1005.68,2939.1,1755.79,3440.16,968,2914,1793,3465,proportional_5pct,4284,5712,825,551,5454944,232328,train
side_0150,side,datasets/viewpoint/self_clean_v1/side/side_0150.jpg,datasets/viewpoint/self_clean_v1_rtdetr_crop/side/side_0150.jpg,dup_0834,3f8d96df06368a612d7148a2b5bf8c00827e72582b1cf48040c6785f186e62e9,https://www.pexels.com/photo/majestic-bull-standing-by-rustic-brick-wall-30807527/,www.pexels.com,success,1,0.9725,537.27,280.76,3250.01,2802.52,402,155,3386,2929,proportional_5pct,4080,3060,2984,2774,2867812,4122426,train
side_0152,side,datasets/viewpoint/self_clean_v1/side/side_0152.jpg,datasets/viewpoint/self_clean_v1_rtdetr_crop/side/side_0152.jpg,dup_0836,ca86386d4198c406f1a1e86854a5b744b19a12df9bb17921b22b7b8f17615977,https://www.pexels.com/photo/close-up-of-a-big-cattle-9283816/,www.pexels.com,success,1,0.9671,36.95,168.0,3123.06,2250.12,0,64,3226,2354,proportional_5pct,3226,2422,3226,2290,1401393,2435625,train
side_0155,side,datasets/viewpoint/self_clean_v1/side/side_0155.jpg,datasets/viewpoint/self_clean_v1_rtdetr_crop/side/side_0155.jpg,dup_0839,4eae0a9c8651bf205de7115fca2073ff4e7c23435e6b0eb48c01e8e04f38e052,https://www.pexels.com/photo/photo-of-a-grazing-black-cow-18180022/,www.pexels.com,success,1,0.958,3425.94,1802.26,5153.56,2906.53,3340,1747,5240,2962,proportional_5pct,6000,4000,1900,1215,10851616,1557572,train
side_0159,side,datasets/viewpoint/self_clean_v1/side/side_0159.jpg,datasets/viewpoint/self_clean_v1_rtdetr_crop/side/side_0159.jpg,dup_0843,a77c205ef188235ecbade016bef82ccfdddc895033029291b3cb8a309c693b4b,https://www.pexels.com/photo/brown-cow-grazing-in-french-mountain-pasture-35055853/,www.pexels.com,success,1,0.9697,646.75,513.36,4284.37,2953.7,465,391,4466,3076,proportional_5pct,5117,3411,4001,2685,4496268,5456715,train
side_0163,side,datasets/viewpoint/self_clean_v1/side/side_0163.jpg,datasets/viewpoint/self_clean_v1_rtdetr_crop/side/side_0163.jpg,dup_0847,ff53c96b8ee2b7a40286f0b56efe7ab49ec4ce647342d5a7add8577a5fe09375,https://www.pexels.com/photo/photo-of-cow-on-mountain-1876603/,www.pexels.com,success,1,0.9634,1672.3,2333.12,3422.42,3721.86,1585,2264,3510,3791,proportional_5pct,5760,3840,1925,1527,2516568,970301,train
side_0164,side,datasets/viewpoint/self_clean_v1/side/side_0164.jpg,datasets/viewpoint/self_clean_v1_rtdetr_crop/side/side_0164.jpg,dup_0848,738dd7dd344ef6ef8d4b644b5d10ff3ecbf183451f7b1ff370ffbb04449213bc,https://www.pexels.com/photo/cow-walking-on-grass-mountain-under-foggy-sky-5587758/,www.pexels.com,success,1,0.9493,943.07,978.78,1922.01,1485.38,894,953,1971,1511,proportional_5pct,3089,2048,1077,558,1494450,304220,train
side_0165,side,datasets/viewpoint/self_clean_v1/side/side_0165.jpg,datasets/viewpoint/self_clean_v1_rtdetr_crop/side/side_0165.jpg,dup_0849,8233a617234bc38863b52714604fc27b5aec9a18a538f511caa95dfd9eac6407,https://www.pexels.com/photo/cows-grazing-on-mountainous-pasture-in-france-34111854/,www.pexels.com,success,5,0.3215,368.77,2043.43,1974.03,2929.3,289,1999,2054,2974,proportional_5pct,2445,4672,1765,975,1932226,431804,train
side_0166,side,datasets/viewpoint/self_clean_v1/side/side_0166.jpg,datasets/viewpoint/self_clean_v1_rtdetr_crop/side/side_0166.jpg,dup_0850,320faece683f1c0679140398eac5465373b8ce3fbd3d9a70e330bf09022d7ac7,https://www.pexels.com/photo/cow-on-grassland-on-hill-20000188/,www.pexels.com,success,1,0.9566,474.36,2379.19,1839.84,3223.48,406,2337,1908,3266,proportional_5pct,2880,4032,1502,929,1829946,606564,train
side_0167,side,datasets/viewpoint/self_clean_v1/side/side_0167.jpg,datasets/viewpoint/self_clean_v1_rtdetr_crop/side/side_0167.jpg,dup_0851,2cc12fbf5928e41d6d34f3d38fb0187d79c0c4afe10197f2efe64b74475930c8,https://www.pexels.com/photo/brown-cow-on-hillside-in-austria-16953693/,www.pexels.com,success,1,0.953,1018.82,3225.81,3459.51,4898.83,897,3142,3582,4982,proportional_5pct,4000,6000,2685,1840,2883953,2028757,train
side_0169,side,datasets/viewpoint/self_clean_v1/side/side_0169.jpg,datasets/viewpoint/self_clean_v1_rtdetr_crop/side/side_0169.jpg,dup_0853,52f22f9ab27cf70ee4cccbf59a9f6292899d3fd77f3a8b9d639a316ed503a402,https://www.pexels.com/photo/brown-cow-on-green-grass-field-8993585/,www.pexels.com,success,1,0.9619,2136.83,1676.18,3772.8,2929.82,2055,1613,3855,2992,proportional_5pct,4608,3456,1800,1379,3210833,1147662,train
side_0170,side,datasets/viewpoint/self_clean_v1/side/side_0170.jpg,datasets/viewpoint/self_clean_v1_rtdetr_crop/side/side_0170.jpg,dup_0854,fecaa45864b16a06f1e332df7affd7b69e8808f4a5bfe5f4bad6677916c1c1ef,https://www.pexels.com/photo/cows-on-pasture-land-13216780/,www.pexels.com,success,8,0.9632,877.99,973.65,3085.94,2242.65,768,910,3126,2306,proportional_5pct,3126,2667,2358,1396,4206796,2133688,train
side_0173,side,datasets/viewpoint/self_clean_v1/side/side_0173.jpg,datasets/viewpoint/self_clean_v1_rtdetr_crop/side/side_0173.jpg,dup_0857,105bc79048f1522f40329928b3699152cb50e6ec9d5f5e9cb53745f0663dc4af,https://www.pexels.com/photo/brown-cow-grazing-in-austrian-alps-36506272/,www.pexels.com,success,1,0.965,1700.98,1570.69,4832.5,3411.32,1544,1479,4989,3503,proportional_5pct,6000,4000,3445,2024,5115669,3669784,train
side_0177,side,datasets/viewpoint/self_clean_v1/side/side_0177.jpg,datasets/viewpoint/self_clean_v1_rtdetr_crop/side/side_0177.jpg,dup_0861,919272d48ea29dc36d28f4867b2ccacf5be3efd585eb461850e70632fc463e72,https://www.pexels.com/photo/majestic-galloway-cow-in-sunlit-meadow-31399392/,www.pexels.com,success,1,0.9767,442.01,567.1,4683.94,3157.8,230,438,4896,3287,proportional_5pct,5300,3533,4666,2849,3545671,5944553,train
side_0178,side,datasets/viewpoint/self_clean_v1/side/side_0178.jpg,datasets/viewpoint/self_clean_v1_rtdetr_crop/side/side_0178.jpg,dup_0862,4b24a372a16223569fd3aba5a33f8daa7ab6f16b721a093e1ba9f8026f2f99f8,https://www.pexels.com/photo/brown-calf-standing-in-meadow-on-farm-33950056/,www.pexels.com,success,1,0.9699,1333.97,822.12,5408.81,4003.87,1130,663,5613,4160,proportional_5pct,6240,4160,4483,3497,3199639,4746277,train
side_0179,side,datasets/viewpoint/self_clean_v1/side/side_0179.jpg,datasets/viewpoint/self_clean_v1_rtdetr_crop/side/side_0179.jpg,dup_0863,c8b70873794f30595f477f543ef67969e48a2d46d3a3882dc78b8be444e885e3,https://www.pexels.com/photo/close-up-of-a-calf-in-the-pasture-19896239/,www.pexels.com,success,2,0.9747,1116.59,331.47,4020.3,2993.69,971,198,4165,3127,proportional_5pct,4800,3200,3194,2929,1794309,2918581,train
side_0180,side,datasets/viewpoint/self_clean_v1/side/side_0180.jpg,datasets/viewpoint/self_clean_v1_rtdetr_crop/side/side_0180.jpg,dup_0864,2ddec70f629983018c73fcbc63405ea795824cdccab5eca1cd23676b25859649,https://www.pexels.com/photo/santa-gertrudis-calf-beef-cattle-28245414/,www.pexels.com,success,4,0.9778,762.44,877.45,4214.0,4065.22,590,718,4387,4225,proportional_5pct,5311,4249,3797,3507,3540769,4998913,train
side_0181,side,datasets/viewpoint/self_clean_v1/side/side_0181.jpg,datasets/viewpoint/self_clean_v1_rtdetr_crop/side/side_0181.jpg,dup_0865,39681bc19b55d532fba02e2163b6055db5c6eb082c4d74a600e49d5f84a813c1,https://www.pexels.com/photo/powerful-white-bull-in-farm-field-32388928/,www.pexels.com,success,1,0.9702,106.7,1014.88,4365.64,3533.14,0,889,4579,3648,proportional_5pct,5472,3648,4579,2759,1242179,2334132,train
side_0182,side,datasets/viewpoint/self_clean_v1/side/side_0182.jpg,datasets/viewpoint/self_clean_v1_rtdetr_crop/side/side_0182.jpg,dup_0866,3634deb1a96454eca17a581e29a73c59ff754f9b14d9dee94ffd50ae64f98a12,https://www.pexels.com/photo/a-gangatiri-bull-19878025/,www.pexels.com,success,1,0.9716,671.38,658.94,4602.27,3228.18,475,530,4799,3357,proportional_5pct,5184,3456,4324,2827,1793075,3001003,train
side_0183,side,datasets/viewpoint/self_clean_v1/side/side_0183.jpg,datasets/viewpoint/self_clean_v1_rtdetr_crop/side/side_0183.jpg,dup_0867,9b5e2133403e89e0130bdaad600744a93497c96d50b66efa1bf250236bd70407,https://www.pexels.com/photo/cow-is-standing-on-pasture-20111898/,www.pexels.com,success,1,0.9676,1990.89,1316.73,4701.74,3498.94,1855,1208,4837,3608,proportional_5pct,6000,4000,2982,2400,2299180,1394174,train
side_0184,side,datasets/viewpoint/self_clean_v1/side/side_0184.jpg,datasets/viewpoint/self_clean_v1_rtdetr_crop/side/side_0184.jpg,dup_0868,b24e9518a1a2916ef7dc14229610fecb13efa4ff734cbbc5a2523d9b394d9dc0,https://www.pexels.com/photo/brown-cow-grazing-in-untertauern-austria-36506273/,www.pexels.com,success,1,0.9666,1745.4,1492.61,4645.01,3330.03,1600,1401,4790,3422,proportional_5pct,6000,4000,3190,2021,5470515,3472854,train
side_0185,side,datasets/viewpoint/self_clean_v1/side/side_0185.jpg,datasets/viewpoint/self_clean_v1_rtdetr_crop/side/side_0185.jpg,dup_0869,d09d559de87dd43d95bc9e3d8d0898072f933349e8b60fb383e7d57de3bd9405,https://www.pexels.com/photo/nelore-cattle-on-a-pasture-8460407/,www.pexels.com,success,2,0.9677,1246.9,463.89,3597.15,2425.99,1129,366,3715,2524,proportional_5pct,4240,2832,2586,2158,931028,1464870,train
side_0186,side,datasets/viewpoint/self_clean_v1/side/side_0186.jpg,datasets/viewpoint/self_clean_v1_rtdetr_crop/side/side_0186.jpg,dup_0870,fce4620ebbd288cefcccb2d29aa153e81f77ed46e84645b9eec851a25b065a59,https://www.pexels.com/photo/brahman-cattle-grazing-in-colombian-pasture-29820960/,www.pexels.com,success,2,0.9598,521.69,966.78,4222.36,3694.4,337,830,4407,3831,proportional_5pct,6000,4000,4070,3001,3013325,3573612,train
side_0187,side,datasets/viewpoint/self_clean_v1/side/side_0187.jpg,datasets/viewpoint/self_clean_v1_rtdetr_crop/side/side_0187.jpg,dup_0871,bd667718f4861008f740e4660c4c7e81e2678315f82b40953cd7586740ebc442,https://www.pexels.com/photo/speckled-cattle-in-green-pasture-37261766/,www.pexels.com,success,1,0.9643,821.85,1013.82,4061.81,2798.98,660,925,4224,2888,proportional_5pct,4608,3072,3564,1963,2573979,3205228,train
side_0189,side,datasets/viewpoint/self_clean_v1/side/side_0189.jpg,datasets/viewpoint/self_clean_v1_rtdetr_crop/side/side_0189.jpg,dup_0873,947e80e00d9f2bc5866322be8d1bd35569d3aabab8ae14baecf77f5e30930d1d,https://www.pexels.com/photo/cow-on-pasture-17474575/,www.pexels.com,success,1,0.9683,3562.69,943.69,8027.05,2857.48,3339,848,8028,2953,proportional_5pct,8028,4174,4689,2105,4509483,3513003,train
side_0190,side,datasets/viewpoint/self_clean_v1/side/side_0190.jpg,datasets/viewpoint/self_clean_v1_rtdetr_crop/side/side_0190.jpg,dup_0874,af5f9aef4cb197786a7dcdc71a1c8eeb90f8bde07ce9da35cd939c54734289d9,https://www.pexels.com/photo/brown-cow-grazing-in-lush-vietnamese-forest-32783436/,www.pexels.com,success,1,0.9572,1699.58,1463.79,3676.74,2926.23,1601,1391,3776,2999,proportional_5pct,6000,4000,2175,1608,5855536,1707288,train
side_0192,side,datasets/viewpoint/self_clean_v1/side/side_0192.jpg,datasets/viewpoint/self_clean_v1_rtdetr_crop/side/side_0192.jpg,dup_0876,cc9c64cb916c19a007bdfa5350bd4a18ee3e97c0f711909a2be1ab1e23d797d8,https://www.pexels.com/photo/cow-on-pasture-19808775/,www.pexels.com,success,4,0.9684,684.21,604.7,4544.38,3180.66,491,476,4737,3309,proportional_5pct,5184,3456,4246,2833,2228386,4103747,train
side_0193,side,datasets/viewpoint/self_clean_v1/side/side_0193.jpg,datasets/viewpoint/self_clean_v1_rtdetr_crop/side/side_0193.jpg,dup_0877,25bfbd500c3b41c8bf0c5b43a8ca8c391667a627b786918aa2c6c9927da501ee,https://www.pexels.com/photo/indian-cow-on-a-green-misty-mountain-16967534/,www.pexels.com,success,6,0.9674,2702.29,703.69,5479.05,2599.43,2563,609,5618,2694,proportional_5pct,6000,4000,3055,2085,1269041,1317444,train
side_0194,side,datasets/viewpoint/self_clean_v1/side/side_0194.jpg,datasets/viewpoint/self_clean_v1_rtdetr_crop/side/side_0194.jpg,dup_0878,5564578321dea3c8d67563e7b3b6fd04c067d28fc1a355770122cfc2011857d3,https://www.pexels.com/photo/a-cow-standing-on-a-pasture-18624615/,www.pexels.com,success,1,0.9716,1170.52,741.66,3555.13,2350.62,1051,661,3674,2431,proportional_5pct,3842,2552,2623,1770,1774744,2145376,train
side_0195,side,datasets/viewpoint/self_clean_v1/side/side_0195.jpg,datasets/viewpoint/self_clean_v1_rtdetr_crop/side/side_0195.jpg,dup_0879,fc0aa297840cd54631e1c30fb2efb3682c6094b205364fc134d5f53ab3255f22,https://www.pexels.com/photo/cow-grazing-in-korutany-mountains-at-daylight-32187307/,www.pexels.com,success,1,0.9655,1128.4,1499.76,3869.62,2997.17,991,1425,4007,3072,proportional_5pct,6000,4000,3016,1647,3027453,1881871,train
side_0197,side,datasets/viewpoint/self_clean_v1/side/side_0197.jpg,datasets/viewpoint/self_clean_v1_rtdetr_crop/side/side_0197.jpg,dup_0881,e7e906c8398aab70f383a1bf3c13346712e6977f5370c1e7916e9d35e1eeeb6e,https://www.pexels.com/photo/brown-and-white-cow-on-green-grass-10360811/,www.pexels.com,success,1,0.9711,864.72,793.39,2341.7,2036.49,791,731,2416,2099,proportional_5pct,3318,2212,1625,1368,1115511,1010292,train
side_0198,side,datasets/viewpoint/self_clean_v1/side/side_0198.jpg,datasets/viewpoint/self_clean_v1_rtdetr_crop/side/side_0198.jpg,dup_0882,9e2dfd0fd5654196dc46b4f8203c13354acffe81312c00e0357b57e08642a05b,https://www.pexels.com/photo/cow-on-pasture-19780396/,www.pexels.com,success,1,0.9702,433.88,619.81,3419.25,2509.99,285,525,3569,2605,proportional_5pct,4138,2623,3284,2080,1272090,2670747,train
side_0199,side,datasets/viewpoint/self_clean_v1/side/side_0199.jpg,datasets/viewpoint/self_clean_v1_rtdetr_crop/side/side_0199.jpg,dup_0883,dde9381bde26278a6b98b50c16df9e90d0e26d183de9b0d185cda4a74f3d29bd,https://www.pexels.com/photo/holstein-cow-grazing-in-sunny-pasture-39370302/,www.pexels.com,success,7,0.9614,2307.55,1165.28,5430.6,3196.7,2151,1064,5587,3298,proportional_5pct,6191,4127,3436,2234,2613684,2077102,train
side_0200,side,datasets/viewpoint/self_clean_v1/side/side_0200.jpg,datasets/viewpoint/self_clean_v1_rtdetr_crop/side/side_0200.jpg,dup_0884,41f1bd430fbef8028869eab72326f276a433e873a75336025c4e83c81f6ec4ec,https://www.pexels.com/photo/holstein-cow-grazing-in-a-lush-meadow-39640914/,www.pexels.com,success,10,0.9677,2090.27,1829.35,6106.99,4614.98,1889,1690,6308,4754,proportional_5pct,8108,5408,4419,3064,3635023,4124497,train
side_0201,side,datasets/viewpoint/self_clean_v1/side/side_0201.jpg,datasets/viewpoint/self_clean_v1_rtdetr_crop/side/side_0201.jpg,dup_0885,979eb5d5ff29b024b891cd06c95742a18f9492b2ca21c5f0b1fbe8b32ca4c3e0,https://www.pexels.com/photo/white-and-brown-cow-grazing-in-summer-pasture-39307638/,www.pexels.com,success,1,0.971,1272.64,774.46,5606.48,3161.54,1056,655,5823,3281,proportional_5pct,6530,4353,4767,2626,3253009,3584412,train
side_0202,side,datasets/viewpoint/self_clean_v1/side/side_0202.jpg,datasets/viewpoint/self_clean_v1_rtdetr_crop/side/side_0202.jpg,dup_0886,d04098de6f40432ed6a654e15df39f5f4999be722d0655386c6beb8e0da041bf,https://www.pexels.com/photo/dappled-cow-grazing-in-a-sunny-summer-meadow-30669178/,www.pexels.com,success,2,0.9612,2403.7,1518.16,7328.65,4873.85,2157,1350,7575,5042,proportional_5pct,8192,5464,5418,3692,6370368,7992726,train
side_0203,side,datasets/viewpoint/self_clean_v1/side/side_0203.jpg,datasets/viewpoint/self_clean_v1_rtdetr_crop/side/side_0203.jpg,dup_0887,d393e5aff48ebfb311828bf9cfd6ce67417d7917ac83efa6961774d75abd7b1a,https://www.pexels.com/photo/cow-eating-in-a-field-27863677/,www.pexels.com,success,1,0.9584,1575.83,977.74,3444.29,2215.45,1482,916,3538,2277,proportional_5pct,5568,3132,2056,1361,2765052,1140355,train
side_0204,side,datasets/viewpoint/self_clean_v1/side/side_0204.jpg,datasets/viewpoint/self_clean_v1_rtdetr_crop/side/side_0204.jpg,dup_0888,a311531d692330c332be1bd017a2348272dde775e73dbf6a75958d974215c992,https://www.pexels.com/photo/cow-on-field-in-countryside-18649969/,www.pexels.com,success,1,0.9549,2413.19,2376.23,3731.67,3103.89,2347,2340,3798,3140,proportional_5pct,6240,4160,1451,800,5825593,760219,train
side_0205,side,datasets/viewpoint/self_clean_v1/side/side_0205.jpg,datasets/viewpoint/self_clean_v1_rtdetr_crop/side/side_0205.jpg,dup_0889,43f36e52c45f0fd3886c65546535ffe80e0743b4f541d8137c9c1f955c51265c,https://www.pexels.com/photo/cows-grazing-in-sunlit-field-against-clear-sky-33673334/,www.pexels.com,success,3,0.9492,1338.73,1890.88,4178.53,3693.45,1197,1801,4321,3784,proportional_5pct,6923,4615,3124,1983,5844627,2592410,train
side_0207,side,datasets/viewpoint/self_clean_v1/side/side_0207.jpg,datasets/viewpoint/self_clean_v1_rtdetr_crop/side/side_0207.jpg,dup_0891,a00701a3ce14c977acd882adc65b5094243472e36355567e9a5fc4e318986f72,https://www.pexels.com/photo/brown-and-white-cow-on-green-grass-field-11350566/,www.pexels.com,success,1,0.9506,2872.64,2270.75,4802.61,3399.51,2776,2214,4899,3456,proportional_5pct,6000,4000,2123,1242,3672834,1064253,train
side_0208,side,datasets/viewpoint/self_clean_v1/side/side_0208.jpg,datasets/viewpoint/self_clean_v1_rtdetr_crop/side/side_0208.jpg,dup_0892,d082bcd6123bd3e79fa164cc69e9889877659ddcf597a6c403e6372c993b11df,https://www.pexels.com/photo/cow-grazing-17108332/,www.pexels.com,success,1,0.9565,462.29,2796.04,1766.42,3689.52,397,2751,1832,3734,proportional_5pct,3228,4842,1435,983,2815262,739606,train
side_0209,side,datasets/viewpoint/self_clean_v1/side/side_0209.jpg,datasets/viewpoint/self_clean_v1_rtdetr_crop/side/side_0209.jpg,dup_0893,f433980e0fbde7ae60b85d48a485764e4ea45ebed6a7520ae4ffdea8fd384617,https://www.pexels.com/photo/cow-on-grassland-16841336/,www.pexels.com,success,1,0.9457,1376.5,3224.4,2874.86,4379.5,1302,3167,2950,4437,proportional_5pct,4160,6240,1648,1270,4975876,879477,train
side_0210,side,datasets/viewpoint/self_clean_v1/side/side_0210.jpg,datasets/viewpoint/self_clean_v1_rtdetr_crop/side/side_0210.jpg,dup_0894,6b29452587f8b17b9109755d5252862ffab03a0abfbb18e77465ed22745dc3ab,https://www.pexels.com/photo/brown-and-white-cow-grazing-in-lush-field-32633263/,www.pexels.com,success,1,0.9631,613.34,1634.42,2293.33,2758.25,529,1578,2377,2814,proportional_5pct,2667,4000,1848,1236,1396669,850741,train
side_0211,side,datasets/viewpoint/self_clean_v1/side/side_0211.jpg,datasets/viewpoint/self_clean_v1_rtdetr_crop/side/side_0211.jpg,dup_0895,c0a7e01b3f4ae5466dbb5a6ccc256884392e2f15ba4e8b59f9016e2b11051486,https://www.pexels.com/photo/cattle-on-meadow-17018892/,www.pexels.com,success,1,0.9638,1071.86,2873.39,3340.79,4678.43,958,2783,3454,4769,proportional_5pct,4000,6000,2496,1986,5193711,2358387,train
side_0212,side,datasets/viewpoint/self_clean_v1/side/side_0212.jpg,datasets/viewpoint/self_clean_v1_rtdetr_crop/side/side_0212.jpg,dup_0896,044a655d8a063a33e033fd5798b9a0664b048db5a63472f73329578a52d395d1,https://www.pexels.com/photo/cow-in-pasture-11354049/,www.pexels.com,success,1,0.954,778.27,2398.75,3359.48,4428.24,649,2297,3489,4530,proportional_5pct,4000,6000,2840,2233,6520175,3863473,train
side_0215,side,datasets/viewpoint/self_clean_v1/side/side_0215.jpg,datasets/viewpoint/self_clean_v1_rtdetr_crop/side/side_0215.jpg,dup_0899,24cd67b8621587c448b0c21753651fcb167ea084aa050c84a00aa45d77f1e115,https://www.pexels.com/photo/cows-walking-in-the-pasture-by-the-road-21619317/,www.pexels.com,success,8,0.962,177.43,2448.77,2064.6,3718.93,83,2385,2159,3782,proportional_5pct,2219,4272,2076,1397,1214629,1049657,train
side_0216,side,datasets/viewpoint/self_clean_v1/side/side_0216.jpg,datasets/viewpoint/self_clean_v1_rtdetr_crop/side/side_0216.jpg,dup_0900,af541735d40307419b459c27ef25a187caa15d3fef2c03329ad65ea42ebdbba9,https://www.pexels.com/photo/cows-pasturing-on-hayfield-on-evening-24552031/,www.pexels.com,success,1,0.9483,378.18,1603.01,2451.83,2556.95,274,1555,2556,2605,proportional_5pct,2854,4160,2282,1050,1365542,526383,train
side_0217,side,datasets/viewpoint/self_clean_v1/side/side_0217.jpg,datasets/viewpoint/self_clean_v1_rtdetr_crop/side/side_0217.jpg,dup_0901,7c7d5ef6ff55f3be0258ac799ba4f106cbcf4e05cecf13ca0f6f325378dd9ea6,https://www.pexels.com/photo/cow-24551231/,www.pexels.com,success,1,0.9703,1653.97,1505.09,5838.25,4345.5,1445,1363,6047,4488,proportional_5pct,6960,4640,4602,3125,3471666,3855248,train
side_0218,side,datasets/viewpoint/self_clean_v1/side/side_0218.jpg,datasets/viewpoint/self_clean_v1_rtdetr_crop/side/side_0218.jpg,dup_0902,e23a75a4add10000aa33e4dc9ea7ddfead4c5f08869c7c34c445ff1f7a17a3ea,https://www.pexels.com/photo/cows-on-a-field-24944143/,www.pexels.com,success,2,0.9486,2335.18,1752.94,4844.22,3301.62,2210,1676,4970,3379,proportional_5pct,6240,4160,2760,1703,1394981,1130185,train
side_0219,side,datasets/viewpoint/self_clean_v1/side/side_0219.jpg,datasets/viewpoint/self_clean_v1_rtdetr_crop/side/side_0219.jpg,dup_0903,07306d84fef9d6faa797b68e152c3df5491097305e31a4f0820f73c0cde804ad,https://www.pexels.com/photo/brown-and-white-cow-grazing-in-alpine-meadow-32187308/,www.pexels.com,success,3,0.9373,1504.73,1590.67,4179.05,2891.11,1371,1526,4313,2956,proportional_5pct,6000,4000,2942,1430,1831914,1645991,train
side_0221,side,datasets/viewpoint/self_clean_v1/side/side_0221.jpg,datasets/viewpoint/self_clean_v1_rtdetr_crop/side/side_0221.jpg,dup_0905,a6bce08667536048c419e56cf0c5554fb236c6657120f0430e2fc83bc8183fa9,https://www.pexels.com/photo/cattle-around-stream-18635450/,www.pexels.com,success,5,0.9689,227.38,247.77,1502.21,1103.99,164,205,1566,1147,proportional_5pct,1945,2235,1402,942,1257942,546973,train
side_0222,side,datasets/viewpoint/self_clean_v1/side/side_0222.jpg,datasets/viewpoint/self_clean_v1_rtdetr_crop/side/side_0222.jpg,dup_0906,a3275ca2a2aa7a0a3795d6b8ac09c35eef11e5c2e93c14ef9ed85cf43b189d37,https://www.pexels.com/photo/cattle-on-pasture-in-mountains-18636455/,www.pexels.com,success,2,0.9607,743.18,2561.95,2242.6,3415.89,668,2519,2318,3459,proportional_5pct,2336,3686,1650,940,1485314,568498,train
