dataset,behavior_canonical,split,sample_id,t,detector_success,pose_returned,status,infer_ms,mean_conf,median_conf,points_conf_ge_02,points_conf_ge_05,mask_containment_sanity_rate_all,mask_containment_sanity_rate_conf02,mask_inside_count,nose_x,nose_y,nose_conf,nose_in_mask,upper_jaw_x,upper_jaw_y,upper_jaw_conf,upper_jaw_in_mask,lower_jaw_x,lower_jaw_y,lower_jaw_conf,lower_jaw_in_mask,mouth_end_right_x,mouth_end_right_y,mouth_end_right_conf,mouth_end_right_in_mask,mouth_end_left_x,mouth_end_left_y,mouth_end_left_conf,mouth_end_left_in_mask,right_eye_x,right_eye_y,right_eye_conf,right_eye_in_mask,right_earbase_x,right_earbase_y,right_earbase_conf,right_earbase_in_mask,right_earend_x,right_earend_y,right_earend_conf,right_earend_in_mask,right_antler_base_x,right_antler_base_y,right_antler_base_conf,right_antler_base_in_mask,right_antler_end_x,right_antler_end_y,right_antler_end_conf,right_antler_end_in_mask,left_eye_x,left_eye_y,left_eye_conf,left_eye_in_mask,left_earbase_x,left_earbase_y,left_earbase_conf,left_earbase_in_mask,left_earend_x,left_earend_y,left_earend_conf,left_earend_in_mask,left_antler_base_x,left_antler_base_y,left_antler_base_conf,left_antler_base_in_mask,left_antler_end_x,left_antler_end_y,left_antler_end_conf,left_antler_end_in_mask,neck_base_x,neck_base_y,neck_base_conf,neck_base_in_mask,neck_end_x,neck_end_y,neck_end_conf,neck_end_in_mask,throat_base_x,throat_base_y,throat_base_conf,throat_base_in_mask,throat_end_x,throat_end_y,throat_end_conf,throat_end_in_mask,back_base_x,back_base_y,back_base_conf,back_base_in_mask,back_end_x,back_end_y,back_end_conf,back_end_in_mask,back_middle_x,back_middle_y,back_middle_conf,back_middle_in_mask,tail_base_x,tail_base_y,tail_base_conf,tail_base_in_mask,tail_end_x,tail_end_y,tail_end_conf,tail_end_in_mask,front_left_thai_x,front_left_thai_y,front_left_thai_conf,front_left_thai_in_mask,front_left_knee_x,front_left_knee_y,front_left_knee_conf,front_left_knee_in_mask,front_left_paw_x,front_left_paw_y,front_left_paw_conf,front_left_paw_in_mask,front_right_thai_x,front_right_thai_y,front_right_thai_conf,front_right_thai_in_mask,front_right_knee_x,front_right_knee_y,front_right_knee_conf,front_right_knee_in_mask,front_right_paw_x,front_right_paw_y,front_right_paw_conf,front_right_paw_in_mask,back_left_paw_x,back_left_paw_y,back_left_paw_conf,back_left_paw_in_mask,back_left_thai_x,back_left_thai_y,back_left_thai_conf,back_left_thai_in_mask,back_right_thai_x,back_right_thai_y,back_right_thai_conf,back_right_thai_in_mask,back_left_knee_x,back_left_knee_y,back_left_knee_conf,back_left_knee_in_mask,back_right_knee_x,back_right_knee_y,back_right_knee_conf,back_right_knee_in_mask,back_right_paw_x,back_right_paw_y,back_right_paw_conf,back_right_paw_in_mask,belly_bottom_x,belly_bottom_y,belly_bottom_conf,belly_bottom_in_mask,body_middle_right_x,body_middle_right_y,body_middle_right_conf,body_middle_right_in_mask,body_middle_left_x,body_middle_left_y,body_middle_left_conf,body_middle_left_in_mask
cvb,Standing,train,cvb_1347_arm01_gopro4_20200324_040135_beh3_ani1_ins1_cut_00066_tr2_seg0,0,True,True,pose_output_returned,1794.78,0.4303,0.3942,34,14,1.0,1.0,39,211.98,72.28,0.7388,1,212.37,78.04,0.6613,1,209.91,83.61,0.5214,1,204.8,78.01,0.5633,1,214.7,80.98,0.594,1,197.86,48.26,0.5999,1,174.79,40.36,0.1913,1,200.97,42.97,0.135,1,192.47,35.64,0.2269,1,211.13,28.29,0.3419,1,211.54,47.21,0.6677,1,214.12,29.89,0.2841,1,216.44,36.05,0.3489,1,209.94,30.56,0.4094,1,212.99,29.58,0.4417,1,65.47,49.04,0.3131,1,59.97,22.15,0.1687,1,180.95,95.02,0.2634,1,173.65,97.42,0.3881,1,53.75,17.59,0.2135,1,58.68,11.57,0.7922,1,87.29,9.99,0.4216,1,54.83,15.87,0.7886,1,55.85,152.79,0.1824,1,144.85,111.18,0.4649,1,101.27,140.06,0.3942,1,93.66,194.05,0.5151,1,143.87,112.69,0.782,1,154.74,141.22,0.5226,1,97.48,189.38,0.4657,1,162.07,183.73,0.5911,1,193.22,103.59,0.1848,1,191.41,101.68,0.2855,1,214.18,142.48,0.3811,1,153.71,144.8,0.3729,1,210.63,203.03,0.3855,1,119.01,115.25,0.5176,1,94.21,68.26,0.3385,1,92.01,70.69,0.3212,1
cvb,Standing,train,cvb_1347_arm01_gopro4_20200324_040135_beh3_ani1_ins1_cut_00066_tr2_seg0,1,True,True,pose_output_returned,188.61,0.3445,0.3599,25,10,0.9744,0.96,38,211.58,77.89,0.1797,1,212.93,86.9,0.1257,1,208.41,93.44,0.1175,1,201.01,84.27,0.1629,1,213.91,82.1,0.1448,1,204.07,57.16,0.4278,1,210.16,28.24,0.0796,1,213.36,25.14,0.0683,1,204.49,54.27,0.1622,1,211.25,32.15,0.1236,1,210.65,58.09,0.4956,1,214.39,33.36,0.0992,1,216.8,27.7,0.189,1,213.62,44.87,0.175,1,217.43,27.27,0.409,1,147.43,60.6,0.5579,1,83.39,24.12,0.1782,1,192.86,85.69,0.1675,1,169.45,101.49,0.2854,1,83.89,18.49,0.2477,1,66.45,8.56,0.4903,1,86.18,13.52,0.4083,1,62.6,10.33,0.5075,1,127.02,152.57,0.2706,0,151.37,110.55,0.7642,1,158.26,141.61,0.5386,1,99.48,190.83,0.4248,1,98.14,108.78,0.6102,1,94.17,146.26,0.4353,1,95.76,192.75,0.6446,1,211.75,207.82,0.3599,1,194.9,97.29,0.5539,1,195.06,98.17,0.5983,1,216.47,147.43,0.618,1,214.07,144.77,0.5234,1,213.51,205.72,0.3832,1,174.29,107.72,0.439,1,100.31,61.44,0.234,1,171.94,82.61,0.2348,1
cvb,Standing,train,cvb_1347_arm01_gopro4_20200324_040135_beh3_ani1_ins1_cut_00066_tr2_seg0,2,False,False,pose_detector_failure,135.21,0.0,0.0,0,0,0.0,0.0,0,,,0.0,0,,,0.0,0,,,0.0,0,,,0.0,0,,,0.0,0,,,0.0,0,,,0.0,0,,,0.0,0,,,0.0,0,,,0.0,0,,,0.0,0,,,0.0,0,,,0.0,0,,,0.0,0,,,0.0,0,,,0.0,0,,,0.0,0,,,0.0,0,,,0.0,0,,,0.0,0,,,0.0,0,,,0.0,0,,,0.0,0,,,0.0,0,,,0.0,0,,,0.0,0,,,0.0,0,,,0.0,0,,,0.0,0,,,0.0,0,,,0.0,0,,,0.0,0,,,0.0,0,,,0.0,0,,,0.0,0,,,0.0,0,,,0.0,0,,,0.0,0,,,0.0,0
cvb,Standing,train,cvb_1347_arm01_gopro4_20200324_040135_beh3_ani1_ins1_cut_00066_tr2_seg0,3,True,True,pose_output_returned,146.0,0.2661,0.2376,22,6,1.0,1.0,39,167.3,33.48,0.0617,1,167.5,38.97,0.1218,1,164.36,47.22,0.1465,1,161.49,35.71,0.1372,1,47.34,95.51,0.0779,1,154.01,21.3,0.069,1,153.8,28.27,0.0409,1,116.44,25.44,0.0708,1,154.86,16.06,0.1412,1,9.99,94.39,0.2376,1,171.59,15.69,0.1278,1,167.54,18.69,0.0439,1,168.64,16.06,0.1066,1,168.07,17.52,0.1748,1,169.25,15.58,0.2159,1,74.44,42.07,0.4383,1,82.17,15.75,0.3255,1,170.42,51.47,0.0381,1,164.28,105.73,0.1273,1,75.65,13.12,0.5117,1,66.55,6.22,0.5888,1,84.36,9.15,0.3547,1,64.9,9.65,0.5786,1,124.02,148.51,0.1245,1,87.02,102.71,0.5403,1,96.36,139.06,0.2473,1,92.75,191.17,0.636,1,150.33,111.47,0.5162,1,92.49,140.46,0.3531,1,98.7,189.33,0.3606,1,163.51,179.23,0.3476,1,202.1,99.77,0.3899,1,205.88,97.07,0.4333,1,154.42,135.91,0.4212,1,154.39,128.25,0.2732,1,165.52,181.57,0.3145,1,125.24,113.45,0.3013,1,189.64,66.76,0.224,1,68.64,66.24,0.1591,1
cvb,Standing,train,cvb_1347_arm01_gopro4_20200324_040135_beh3_ani1_ins1_cut_00066_tr2_seg0,4,True,True,pose_output_returned,143.84,0.2868,0.2255,24,7,0.9744,0.9583,38,210.01,86.51,0.1406,1,206.86,93.92,0.0957,1,205.71,97.04,0.173,1,206.32,94.82,0.1632,1,207.28,92.83,0.1077,1,207.43,68.39,0.2246,1,136.45,32.91,0.0391,1,195.88,63.35,0.1241,1,208.33,56.89,0.1022,1,210.42,51.38,0.0969,1,213.95,64.42,0.3186,1,120.0,26.72,0.046,1,120.38,24.33,0.0658,1,212.19,50.91,0.1034,1,118.96,24.97,0.2111,1,75.0,39.27,0.5616,1,91.19,19.18,0.2255,1,174.9,89.85,0.1779,1,167.26,106.44,0.3891,1,77.72,13.9,0.2485,1,62.71,9.68,0.7209,1,87.35,11.4,0.3158,1,59.15,14.12,0.697,1,129.48,152.42,0.2268,0,92.2,106.97,0.5018,1,100.71,142.3,0.4021,1,95.58,189.86,0.6278,1,145.66,114.82,0.7859,1,153.65,138.27,0.4175,1,141.19,167.34,0.5579,1,163.92,179.43,0.3167,1,204.26,96.24,0.2909,1,87.07,104.04,0.2069,1,156.28,142.59,0.2192,1,158.68,142.58,0.165,1,163.33,180.09,0.0992,1,116.15,114.61,0.4342,1,190.36,65.87,0.2863,1,90.33,70.8,0.2986,1
cvb,Standing,train,cvb_1347_arm01_gopro4_20200324_040135_beh3_ani1_ins1_cut_00066_tr2_seg0,5,True,True,pose_output_returned,141.39,0.3151,0.2866,23,7,0.9487,1.0,37,219.4,59.08,0.1125,1,34.85,89.81,0.04,1,37.27,95.09,0.0763,1,40.3,160.81,0.0794,0,44.43,161.83,0.0833,0,206.46,55.71,0.3552,1,209.27,29.15,0.0581,1,213.42,25.79,0.1373,1,205.6,50.82,0.1405,1,207.43,46.87,0.1092,1,213.32,54.05,0.4494,1,176.49,39.59,0.0507,1,170.71,33.42,0.083,1,210.71,42.93,0.1449,1,215.49,42.91,0.1585,1,54.88,37.49,0.492,1,65.85,20.07,0.2185,1,183.52,88.44,0.1673,1,185.23,91.11,0.2973,1,58.89,17.57,0.3272,1,44.62,15.96,0.2856,1,66.38,14.21,0.2941,1,194.81,59.14,0.2866,1,39.76,50.75,0.2032,1,104.52,107.39,0.746,1,111.09,142.25,0.4458,1,101.13,186.37,0.548,1,103.26,108.95,0.8299,1,101.26,143.29,0.7089,1,101.15,185.82,0.6154,1,161.91,181.56,0.4831,1,148.91,108.03,0.4342,1,151.78,107.55,0.3311,1,154.88,143.5,0.4753,1,158.24,145.05,0.6014,1,161.98,183.17,0.6903,1,126.01,114.77,0.4358,1,148.85,58.82,0.1353,1,129.25,54.77,0.158,1
cvb,Standing,train,cvb_1347_arm01_gopro4_20200324_040135_beh3_ani1_ins1_cut_00066_tr2_seg0,6,False,False,pose_detector_failure,123.88,0.0,0.0,0,0,0.0,0.0,0,,,0.0,0,,,0.0,0,,,0.0,0,,,0.0,0,,,0.0,0,,,0.0,0,,,0.0,0,,,0.0,0,,,0.0,0,,,0.0,0,,,0.0,0,,,0.0,0,,,0.0,0,,,0.0,0,,,0.0,0,,,0.0,0,,,0.0,0,,,0.0,0,,,0.0,0,,,0.0,0,,,0.0,0,,,0.0,0,,,0.0,0,,,0.0,0,,,0.0,0,,,0.0,0,,,0.0,0,,,0.0,0,,,0.0,0,,,0.0,0,,,0.0,0,,,0.0,0,,,0.0,0,,,0.0,0,,,0.0,0,,,0.0,0,,,0.0,0,,,0.0,0,,,0.0,0
cvb,Standing,train,cvb_1347_arm01_gopro4_20200324_040135_beh3_ani1_ins1_cut_00066_tr2_seg0,7,True,True,pose_output_returned,148.53,0.2836,0.2505,22,6,0.9231,0.9545,36,222.1,76.54,0.06,1,96.6,194.38,0.1039,1,195.43,80.26,0.0848,1,46.76,171.09,0.0821,0,45.42,169.15,0.0768,0,209.35,58.0,0.0815,1,123.18,133.04,0.0837,1,44.5,89.78,0.0804,1,91.58,55.87,0.0734,1,127.87,20.42,0.1775,1,218.3,50.58,0.1296,1,194.03,88.11,0.0452,1,166.18,3.95,0.0518,1,153.91,15.67,0.098,1,169.2,5.51,0.1734,1,81.45,39.82,0.4845,1,71.14,19.42,0.3473,1,173.86,85.01,0.1147,1,169.99,93.69,0.2904,1,67.22,15.19,0.4286,1,206.76,46.49,0.2024,1,73.28,10.52,0.3376,1,213.54,50.46,0.2755,1,128.04,147.85,0.2585,0,86.81,105.47,0.8402,1,95.25,140.47,0.5211,1,94.11,188.06,0.8206,1,146.89,112.43,0.6698,1,161.59,142.08,0.473,1,101.57,187.25,0.3832,1,165.82,178.99,0.6451,1,84.07,103.71,0.2915,1,90.28,102.88,0.2553,1,93.49,141.46,0.2574,1,158.74,144.19,0.3786,1,210.76,202.9,0.1497,1,120.35,109.33,0.7338,1,192.98,60.93,0.2505,1,91.07,67.45,0.247,1
cvb,Standing,train,cvb_1335_arm01_gopro4_20200323_035752_beh4_ani8_ins1_cut_00077_tr3_seg0,0,False,False,pose_detector_failure,120.46,0.0,0.0,0,0,0.0,0.0,0,,,0.0,0,,,0.0,0,,,0.0,0,,,0.0,0,,,0.0,0,,,0.0,0,,,0.0,0,,,0.0,0,,,0.0,0,,,0.0,0,,,0.0,0,,,0.0,0,,,0.0,0,,,0.0,0,,,0.0,0,,,0.0,0,,,0.0,0,,,0.0,0,,,0.0,0,,,0.0,0,,,0.0,0,,,0.0,0,,,0.0,0,,,0.0,0,,,0.0,0,,,0.0,0,,,0.0,0,,,0.0,0,,,0.0,0,,,0.0,0,,,0.0,0,,,0.0,0,,,0.0,0,,,0.0,0,,,0.0,0,,,0.0,0,,,0.0,0,,,0.0,0,,,0.0,0
cvb,Standing,train,cvb_1335_arm01_gopro4_20200323_035752_beh4_ani8_ins1_cut_00077_tr3_seg0,1,False,False,pose_detector_failure,131.28,0.0,0.0,0,0,0.0,0.0,0,,,0.0,0,,,0.0,0,,,0.0,0,,,0.0,0,,,0.0,0,,,0.0,0,,,0.0,0,,,0.0,0,,,0.0,0,,,0.0,0,,,0.0,0,,,0.0,0,,,0.0,0,,,0.0,0,,,0.0,0,,,0.0,0,,,0.0,0,,,0.0,0,,,0.0,0,,,0.0,0,,,0.0,0,,,0.0,0,,,0.0,0,,,0.0,0,,,0.0,0,,,0.0,0,,,0.0,0,,,0.0,0,,,0.0,0,,,0.0,0,,,0.0,0,,,0.0,0,,,0.0,0,,,0.0,0,,,0.0,0,,,0.0,0,,,0.0,0,,,0.0,0,,,0.0,0
cvb,Standing,train,cvb_1335_arm01_gopro4_20200323_035752_beh4_ani8_ins1_cut_00077_tr3_seg0,2,False,False,pose_detector_failure,130.31,0.0,0.0,0,0,0.0,0.0,0,,,0.0,0,,,0.0,0,,,0.0,0,,,0.0,0,,,0.0,0,,,0.0,0,,,0.0,0,,,0.0,0,,,0.0,0,,,0.0,0,,,0.0,0,,,0.0,0,,,0.0,0,,,0.0,0,,,0.0,0,,,0.0,0,,,0.0,0,,,0.0,0,,,0.0,0,,,0.0,0,,,0.0,0,,,0.0,0,,,0.0,0,,,0.0,0,,,0.0,0,,,0.0,0,,,0.0,0,,,0.0,0,,,0.0,0,,,0.0,0,,,0.0,0,,,0.0,0,,,0.0,0,,,0.0,0,,,0.0,0,,,0.0,0,,,0.0,0,,,0.0,0,,,0.0,0
cvb,Standing,train,cvb_1335_arm01_gopro4_20200323_035752_beh4_ani8_ins1_cut_00077_tr3_seg0,3,False,False,pose_detector_failure,131.09,0.0,0.0,0,0,0.0,0.0,0,,,0.0,0,,,0.0,0,,,0.0,0,,,0.0,0,,,0.0,0,,,0.0,0,,,0.0,0,,,0.0,0,,,0.0,0,,,0.0,0,,,0.0,0,,,0.0,0,,,0.0,0,,,0.0,0,,,0.0,0,,,0.0,0,,,0.0,0,,,0.0,0,,,0.0,0,,,0.0,0,,,0.0,0,,,0.0,0,,,0.0,0,,,0.0,0,,,0.0,0,,,0.0,0,,,0.0,0,,,0.0,0,,,0.0,0,,,0.0,0,,,0.0,0,,,0.0,0,,,0.0,0,,,0.0,0,,,0.0,0,,,0.0,0,,,0.0,0,,,0.0,0,,,0.0,0
cvb,Standing,train,cvb_1335_arm01_gopro4_20200323_035752_beh4_ani8_ins1_cut_00077_tr3_seg0,4,False,False,pose_detector_failure,132.15,0.0,0.0,0,0,0.0,0.0,0,,,0.0,0,,,0.0,0,,,0.0,0,,,0.0,0,,,0.0,0,,,0.0,0,,,0.0,0,,,0.0,0,,,0.0,0,,,0.0,0,,,0.0,0,,,0.0,0,,,0.0,0,,,0.0,0,,,0.0,0,,,0.0,0,,,0.0,0,,,0.0,0,,,0.0,0,,,0.0,0,,,0.0,0,,,0.0,0,,,0.0,0,,,0.0,0,,,0.0,0,,,0.0,0,,,0.0,0,,,0.0,0,,,0.0,0,,,0.0,0,,,0.0,0,,,0.0,0,,,0.0,0,,,0.0,0,,,0.0,0,,,0.0,0,,,0.0,0,,,0.0,0,,,0.0,0
cvb,Standing,train,cvb_1335_arm01_gopro4_20200323_035752_beh4_ani8_ins1_cut_00077_tr3_seg0,5,True,True,pose_output_returned,148.97,0.2223,0.2144,20,1,0.9744,0.95,38,83.05,65.12,0.1623,1,83.37,66.95,0.1011,1,86.25,148.88,0.1,1,75.87,65.76,0.1412,1,88.73,133.46,0.2144,1,69.86,48.67,0.3015,1,54.46,29.22,0.0762,1,129.98,42.87,0.08,1,59.43,29.4,0.1181,1,38.17,22.33,0.318,0,82.88,54.04,0.1781,1,40.7,28.06,0.0629,1,150.52,7.87,0.1251,1,86.28,50.6,0.1337,1,204.62,31.39,0.1661,1,100.23,83.69,0.249,1,158.87,8.84,0.1691,1,97.7,92.42,0.1133,1,101.29,95.42,0.1229,1,156.07,10.46,0.235,1,155.66,12.83,0.1552,1,153.82,13.85,0.3474,1,208.99,60.56,0.1719,1,128.76,59.56,0.3546,1,175.13,148.08,0.5535,1,136.27,173.12,0.4344,1,93.02,165.44,0.3294,1,176.67,146.5,0.3259,1,138.2,170.81,0.2458,1,93.53,165.35,0.2181,1,61.23,178.57,0.236,1,203.34,135.55,0.2554,1,173.98,149.06,0.3336,1,206.84,172.93,0.4631,1,175.44,170.33,0.2877,1,96.66,167.14,0.227,1,185.07,149.05,0.2797,1,140.23,107.21,0.1089,1,202.5,79.79,0.1728,1
cvb,Standing,train,cvb_1335_arm01_gopro4_20200323_035752_beh4_ani8_ins1_cut_00077_tr3_seg0,6,False,False,pose_detector_failure,126.14,0.0,0.0,0,0,0.0,0.0,0,,,0.0,0,,,0.0,0,,,0.0,0,,,0.0,0,,,0.0,0,,,0.0,0,,,0.0,0,,,0.0,0,,,0.0,0,,,0.0,0,,,0.0,0,,,0.0,0,,,0.0,0,,,0.0,0,,,0.0,0,,,0.0,0,,,0.0,0,,,0.0,0,,,0.0,0,,,0.0,0,,,0.0,0,,,0.0,0,,,0.0,0,,,0.0,0,,,0.0,0,,,0.0,0,,,0.0,0,,,0.0,0,,,0.0,0,,,0.0,0,,,0.0,0,,,0.0,0,,,0.0,0,,,0.0,0,,,0.0,0,,,0.0,0,,,0.0,0,,,0.0,0,,,0.0,0
cvb,Standing,train,cvb_1335_arm01_gopro4_20200323_035752_beh4_ani8_ins1_cut_00077_tr3_seg0,7,False,False,pose_detector_failure,131.24,0.0,0.0,0,0,0.0,0.0,0,,,0.0,0,,,0.0,0,,,0.0,0,,,0.0,0,,,0.0,0,,,0.0,0,,,0.0,0,,,0.0,0,,,0.0,0,,,0.0,0,,,0.0,0,,,0.0,0,,,0.0,0,,,0.0,0,,,0.0,0,,,0.0,0,,,0.0,0,,,0.0,0,,,0.0,0,,,0.0,0,,,0.0,0,,,0.0,0,,,0.0,0,,,0.0,0,,,0.0,0,,,0.0,0,,,0.0,0,,,0.0,0,,,0.0,0,,,0.0,0,,,0.0,0,,,0.0,0,,,0.0,0,,,0.0,0,,,0.0,0,,,0.0,0,,,0.0,0,,,0.0,0,,,0.0,0
cvb,Standing,train,cvb_1347_arm01_gopro4_20200324_040135_beh3_ani1_ins1_cut_00009_tr2_seg0,0,True,True,pose_output_returned,145.55,0.3139,0.2939,21,7,0.9487,1.0,37,207.34,72.98,0.5383,1,208.58,76.42,0.4087,1,203.86,84.47,0.4676,1,199.08,77.11,0.3752,1,211.15,77.28,0.3544,1,195.53,43.13,0.3605,1,179.34,27.92,0.1378,1,44.28,32.32,0.0826,1,193.59,34.34,0.1337,1,161.34,6.18,0.1946,1,210.63,43.49,0.5316,1,213.92,24.65,0.192,1,215.19,23.61,0.2096,1,215.06,27.51,0.3625,1,211.22,19.27,0.4399,1,138.12,65.5,0.3234,1,66.37,18.45,0.1514,1,199.46,86.74,0.1406,1,161.49,111.36,0.1721,1,65.52,14.42,0.1587,1,64.8,9.94,0.754,1,67.88,16.15,0.1082,1,63.33,12.25,0.7766,1,58.63,23.72,0.2939,1,105.45,124.27,0.7523,1,96.06,154.97,0.4704,1,105.3,200.48,0.5515,1,143.31,121.56,0.384,1,101.56,158.47,0.4591,1,81.29,191.75,0.739,1,179.16,140.3,0.1517,0,146.39,120.81,0.0544,1,64.72,115.3,0.0897,1,147.66,139.6,0.0479,1,67.01,123.58,0.05,1,56.05,166.92,0.1724,0,120.7,123.29,0.3352,1,123.58,93.29,0.1298,1,124.34,88.1,0.187,1
cvb,Standing,train,cvb_1347_arm01_gopro4_20200324_040135_beh3_ani1_ins1_cut_00009_tr2_seg0,1,False,False,pose_detector_failure,128.42,0.0,0.0,0,0,0.0,0.0,0,,,0.0,0,,,0.0,0,,,0.0,0,,,0.0,0,,,0.0,0,,,0.0,0,,,0.0,0,,,0.0,0,,,0.0,0,,,0.0,0,,,0.0,0,,,0.0,0,,,0.0,0,,,0.0,0,,,0.0,0,,,0.0,0,,,0.0,0,,,0.0,0,,,0.0,0,,,0.0,0,,,0.0,0,,,0.0,0,,,0.0,0,,,0.0,0,,,0.0,0,,,0.0,0,,,0.0,0,,,0.0,0,,,0.0,0,,,0.0,0,,,0.0,0,,,0.0,0,,,0.0,0,,,0.0,0,,,0.0,0,,,0.0,0,,,0.0,0,,,0.0,0,,,0.0,0
cvb,Standing,train,cvb_1347_arm01_gopro4_20200324_040135_beh3_ani1_ins1_cut_00009_tr2_seg0,2,False,False,pose_detector_failure,131.45,0.0,0.0,0,0,0.0,0.0,0,,,0.0,0,,,0.0,0,,,0.0,0,,,0.0,0,,,0.0,0,,,0.0,0,,,0.0,0,,,0.0,0,,,0.0,0,,,0.0,0,,,0.0,0,,,0.0,0,,,0.0,0,,,0.0,0,,,0.0,0,,,0.0,0,,,0.0,0,,,0.0,0,,,0.0,0,,,0.0,0,,,0.0,0,,,0.0,0,,,0.0,0,,,0.0,0,,,0.0,0,,,0.0,0,,,0.0,0,,,0.0,0,,,0.0,0,,,0.0,0,,,0.0,0,,,0.0,0,,,0.0,0,,,0.0,0,,,0.0,0,,,0.0,0,,,0.0,0,,,0.0,0,,,0.0,0
cvb,Standing,train,cvb_1347_arm01_gopro4_20200324_040135_beh3_ani1_ins1_cut_00009_tr2_seg0,3,False,False,pose_detector_failure,129.55,0.0,0.0,0,0,0.0,0.0,0,,,0.0,0,,,0.0,0,,,0.0,0,,,0.0,0,,,0.0,0,,,0.0,0,,,0.0,0,,,0.0,0,,,0.0,0,,,0.0,0,,,0.0,0,,,0.0,0,,,0.0,0,,,0.0,0,,,0.0,0,,,0.0,0,,,0.0,0,,,0.0,0,,,0.0,0,,,0.0,0,,,0.0,0,,,0.0,0,,,0.0,0,,,0.0,0,,,0.0,0,,,0.0,0,,,0.0,0,,,0.0,0,,,0.0,0,,,0.0,0,,,0.0,0,,,0.0,0,,,0.0,0,,,0.0,0,,,0.0,0,,,0.0,0,,,0.0,0,,,0.0,0,,,0.0,0
cvb,Standing,train,cvb_1347_arm01_gopro4_20200324_040135_beh3_ani1_ins1_cut_00009_tr2_seg0,4,False,False,pose_detector_failure,134.82,0.0,0.0,0,0,0.0,0.0,0,,,0.0,0,,,0.0,0,,,0.0,0,,,0.0,0,,,0.0,0,,,0.0,0,,,0.0,0,,,0.0,0,,,0.0,0,,,0.0,0,,,0.0,0,,,0.0,0,,,0.0,0,,,0.0,0,,,0.0,0,,,0.0,0,,,0.0,0,,,0.0,0,,,0.0,0,,,0.0,0,,,0.0,0,,,0.0,0,,,0.0,0,,,0.0,0,,,0.0,0,,,0.0,0,,,0.0,0,,,0.0,0,,,0.0,0,,,0.0,0,,,0.0,0,,,0.0,0,,,0.0,0,,,0.0,0,,,0.0,0,,,0.0,0,,,0.0,0,,,0.0,0,,,0.0,0
cvb,Standing,train,cvb_1347_arm01_gopro4_20200324_040135_beh3_ani1_ins1_cut_00009_tr2_seg0,5,False,False,pose_detector_failure,136.39,0.0,0.0,0,0,0.0,0.0,0,,,0.0,0,,,0.0,0,,,0.0,0,,,0.0,0,,,0.0,0,,,0.0,0,,,0.0,0,,,0.0,0,,,0.0,0,,,0.0,0,,,0.0,0,,,0.0,0,,,0.0,0,,,0.0,0,,,0.0,0,,,0.0,0,,,0.0,0,,,0.0,0,,,0.0,0,,,0.0,0,,,0.0,0,,,0.0,0,,,0.0,0,,,0.0,0,,,0.0,0,,,0.0,0,,,0.0,0,,,0.0,0,,,0.0,0,,,0.0,0,,,0.0,0,,,0.0,0,,,0.0,0,,,0.0,0,,,0.0,0,,,0.0,0,,,0.0,0,,,0.0,0,,,0.0,0
cvb,Standing,train,cvb_1347_arm01_gopro4_20200324_040135_beh3_ani1_ins1_cut_00009_tr2_seg0,6,False,False,pose_detector_failure,134.48,0.0,0.0,0,0,0.0,0.0,0,,,0.0,0,,,0.0,0,,,0.0,0,,,0.0,0,,,0.0,0,,,0.0,0,,,0.0,0,,,0.0,0,,,0.0,0,,,0.0,0,,,0.0,0,,,0.0,0,,,0.0,0,,,0.0,0,,,0.0,0,,,0.0,0,,,0.0,0,,,0.0,0,,,0.0,0,,,0.0,0,,,0.0,0,,,0.0,0,,,0.0,0,,,0.0,0,,,0.0,0,,,0.0,0,,,0.0,0,,,0.0,0,,,0.0,0,,,0.0,0,,,0.0,0,,,0.0,0,,,0.0,0,,,0.0,0,,,0.0,0,,,0.0,0,,,0.0,0,,,0.0,0,,,0.0,0
cvb,Standing,train,cvb_1347_arm01_gopro4_20200324_040135_beh3_ani1_ins1_cut_00009_tr2_seg0,7,False,False,pose_detector_failure,134.81,0.0,0.0,0,0,0.0,0.0,0,,,0.0,0,,,0.0,0,,,0.0,0,,,0.0,0,,,0.0,0,,,0.0,0,,,0.0,0,,,0.0,0,,,0.0,0,,,0.0,0,,,0.0,0,,,0.0,0,,,0.0,0,,,0.0,0,,,0.0,0,,,0.0,0,,,0.0,0,,,0.0,0,,,0.0,0,,,0.0,0,,,0.0,0,,,0.0,0,,,0.0,0,,,0.0,0,,,0.0,0,,,0.0,0,,,0.0,0,,,0.0,0,,,0.0,0,,,0.0,0,,,0.0,0,,,0.0,0,,,0.0,0,,,0.0,0,,,0.0,0,,,0.0,0,,,0.0,0,,,0.0,0,,,0.0,0
cvb,Standing,train,cvb_0235_arm01_gopro1_20200323_023342_beh5_ani8_ins2_cut_6_tr4_seg0,0,True,True,pose_output_returned,149.39,0.3613,0.3528,30,10,0.8205,0.8,32,56.11,114.25,0.6279,1,57.85,120.09,0.6168,1,61.8,125.06,0.6641,1,53.31,117.23,0.4128,1,67.35,113.52,0.5305,1,52.56,83.02,0.7238,1,127.68,37.28,0.6493,1,131.1,28.71,0.2204,1,125.89,34.23,0.5542,1,114.98,12.37,0.4446,1,58.34,86.31,0.5733,1,107.06,32.95,0.435,1,104.22,21.1,0.6084,1,108.84,30.57,0.3848,1,109.87,12.94,0.3408,1,150.57,96.07,0.0783,1,170.23,96.23,0.132,1,81.41,112.66,0.3528,1,161.66,102.5,0.2378,1,153.87,89.76,0.1026,1,156.71,86.88,0.1555,1,121.38,33.15,0.0492,1,214.93,180.28,0.1718,0,210.29,185.62,0.4033,0,99.66,183.22,0.4631,1,72.81,201.99,0.3783,0,67.13,210.42,0.5499,0,158.07,101.5,0.4837,1,73.84,199.39,0.351,0,69.95,208.33,0.3121,0,212.7,176.42,0.2579,0,165.55,103.97,0.3337,1,177.47,115.16,0.1346,1,204.9,174.84,0.2035,1,213.3,173.21,0.2035,1,209.47,177.67,0.3931,1,98.19,181.15,0.2373,1,128.92,142.78,0.1517,1,119.46,135.55,0.1664,1
cvb,Standing,train,cvb_0235_arm01_gopro1_20200323_023342_beh5_ani8_ins2_cut_6_tr4_seg0,1,False,False,pose_detector_failure,126.22,0.0,0.0,0,0,0.0,0.0,0,,,0.0,0,,,0.0,0,,,0.0,0,,,0.0,0,,,0.0,0,,,0.0,0,,,0.0,0,,,0.0,0,,,0.0,0,,,0.0,0,,,0.0,0,,,0.0,0,,,0.0,0,,,0.0,0,,,0.0,0,,,0.0,0,,,0.0,0,,,0.0,0,,,0.0,0,,,0.0,0,,,0.0,0,,,0.0,0,,,0.0,0,,,0.0,0,,,0.0,0,,,0.0,0,,,0.0,0,,,0.0,0,,,0.0,0,,,0.0,0,,,0.0,0,,,0.0,0,,,0.0,0,,,0.0,0,,,0.0,0,,,0.0,0,,,0.0,0,,,0.0,0,,,0.0,0
cvb,Standing,train,cvb_0235_arm01_gopro1_20200323_023342_beh5_ani8_ins2_cut_6_tr4_seg0,2,False,False,pose_detector_failure,136.6,0.0,0.0,0,0,0.0,0.0,0,,,0.0,0,,,0.0,0,,,0.0,0,,,0.0,0,,,0.0,0,,,0.0,0,,,0.0,0,,,0.0,0,,,0.0,0,,,0.0,0,,,0.0,0,,,0.0,0,,,0.0,0,,,0.0,0,,,0.0,0,,,0.0,0,,,0.0,0,,,0.0,0,,,0.0,0,,,0.0,0,,,0.0,0,,,0.0,0,,,0.0,0,,,0.0,0,,,0.0,0,,,0.0,0,,,0.0,0,,,0.0,0,,,0.0,0,,,0.0,0,,,0.0,0,,,0.0,0,,,0.0,0,,,0.0,0,,,0.0,0,,,0.0,0,,,0.0,0,,,0.0,0,,,0.0,0
cvb,Standing,train,cvb_0235_arm01_gopro1_20200323_023342_beh5_ani8_ins2_cut_6_tr4_seg0,3,False,False,pose_detector_failure,135.35,0.0,0.0,0,0,0.0,0.0,0,,,0.0,0,,,0.0,0,,,0.0,0,,,0.0,0,,,0.0,0,,,0.0,0,,,0.0,0,,,0.0,0,,,0.0,0,,,0.0,0,,,0.0,0,,,0.0,0,,,0.0,0,,,0.0,0,,,0.0,0,,,0.0,0,,,0.0,0,,,0.0,0,,,0.0,0,,,0.0,0,,,0.0,0,,,0.0,0,,,0.0,0,,,0.0,0,,,0.0,0,,,0.0,0,,,0.0,0,,,0.0,0,,,0.0,0,,,0.0,0,,,0.0,0,,,0.0,0,,,0.0,0,,,0.0,0,,,0.0,0,,,0.0,0,,,0.0,0,,,0.0,0,,,0.0,0
cvb,Standing,train,cvb_0235_arm01_gopro1_20200323_023342_beh5_ani8_ins2_cut_6_tr4_seg0,4,False,False,pose_detector_failure,134.4,0.0,0.0,0,0,0.0,0.0,0,,,0.0,0,,,0.0,0,,,0.0,0,,,0.0,0,,,0.0,0,,,0.0,0,,,0.0,0,,,0.0,0,,,0.0,0,,,0.0,0,,,0.0,0,,,0.0,0,,,0.0,0,,,0.0,0,,,0.0,0,,,0.0,0,,,0.0,0,,,0.0,0,,,0.0,0,,,0.0,0,,,0.0,0,,,0.0,0,,,0.0,0,,,0.0,0,,,0.0,0,,,0.0,0,,,0.0,0,,,0.0,0,,,0.0,0,,,0.0,0,,,0.0,0,,,0.0,0,,,0.0,0,,,0.0,0,,,0.0,0,,,0.0,0,,,0.0,0,,,0.0,0,,,0.0,0
cvb,Standing,train,cvb_0235_arm01_gopro1_20200323_023342_beh5_ani8_ins2_cut_6_tr4_seg0,5,False,False,pose_detector_failure,134.79,0.0,0.0,0,0,0.0,0.0,0,,,0.0,0,,,0.0,0,,,0.0,0,,,0.0,0,,,0.0,0,,,0.0,0,,,0.0,0,,,0.0,0,,,0.0,0,,,0.0,0,,,0.0,0,,,0.0,0,,,0.0,0,,,0.0,0,,,0.0,0,,,0.0,0,,,0.0,0,,,0.0,0,,,0.0,0,,,0.0,0,,,0.0,0,,,0.0,0,,,0.0,0,,,0.0,0,,,0.0,0,,,0.0,0,,,0.0,0,,,0.0,0,,,0.0,0,,,0.0,0,,,0.0,0,,,0.0,0,,,0.0,0,,,0.0,0,,,0.0,0,,,0.0,0,,,0.0,0,,,0.0,0,,,0.0,0
cvb,Standing,train,cvb_0235_arm01_gopro1_20200323_023342_beh5_ani8_ins2_cut_6_tr4_seg0,6,False,False,pose_detector_failure,132.65,0.0,0.0,0,0,0.0,0.0,0,,,0.0,0,,,0.0,0,,,0.0,0,,,0.0,0,,,0.0,0,,,0.0,0,,,0.0,0,,,0.0,0,,,0.0,0,,,0.0,0,,,0.0,0,,,0.0,0,,,0.0,0,,,0.0,0,,,0.0,0,,,0.0,0,,,0.0,0,,,0.0,0,,,0.0,0,,,0.0,0,,,0.0,0,,,0.0,0,,,0.0,0,,,0.0,0,,,0.0,0,,,0.0,0,,,0.0,0,,,0.0,0,,,0.0,0,,,0.0,0,,,0.0,0,,,0.0,0,,,0.0,0,,,0.0,0,,,0.0,0,,,0.0,0,,,0.0,0,,,0.0,0,,,0.0,0
cvb,Standing,train,cvb_0235_arm01_gopro1_20200323_023342_beh5_ani8_ins2_cut_6_tr4_seg0,7,True,True,pose_output_returned,149.58,0.2956,0.2774,27,5,0.1538,0.1481,6,56.21,150.41,0.1882,0,53.52,157.09,0.2625,0,54.86,159.43,0.2917,0,98.07,102.47,0.2962,0,68.3,120.41,0.2698,0,107.55,85.25,0.1887,0,115.14,96.77,0.5139,0,115.86,88.98,0.3277,0,125.27,113.87,0.319,0,83.12,69.56,0.2165,0,67.19,106.85,0.0932,0,130.2,111.55,0.5251,0,133.27,105.78,0.756,1,128.1,116.26,0.3215,0,150.01,86.66,0.3123,1,84.15,167.16,0.1963,0,58.58,63.12,0.2033,1,84.45,154.15,0.163,0,69.18,147.6,0.1383,0,58.0,62.19,0.2635,1,63.8,61.57,0.1362,0,42.75,54.93,0.2017,0,61.6,64.8,0.1201,0,150.73,205.29,0.1623,0,12.67,155.33,0.1533,0,10.46,172.46,0.336,0,21.18,197.1,0.3948,0,13.48,154.73,0.3556,0,10.12,172.13,0.4774,0,16.79,196.21,0.7053,0,18.43,200.14,0.2774,0,46.59,180.06,0.2669,0,11.19,160.36,0.3182,0,30.88,192.22,0.3656,0,10.45,172.08,0.4499,0,20.14,195.55,0.5551,0,39.38,175.57,0.2816,0,21.17,133.02,0.0597,1,31.99,180.94,0.066,1
cvb,Standing,val,cvb_0742_arm01_gopro1_20200325_025919_beh5_ani5_ins5_cut_8_tr0_seg0,0,True,True,pose_output_returned,145.36,0.4606,0.4738,33,17,0.8974,0.9091,35,7.32,93.55,0.5148,1,8.06,97.35,0.5316,1,9.9,99.16,0.5148,1,9.86,92.63,0.4686,1,13.09,96.61,0.476,1,9.27,81.49,0.4738,1,10.86,52.69,0.39,0,13.11,47.13,0.1971,0,8.26,64.3,0.3986,0,10.57,58.58,0.2335,0,19.07,87.69,0.4521,1,38.34,70.76,0.2367,1,35.59,62.38,0.0968,1,17.27,65.15,0.3277,1,19.5,64.26,0.2498,1,41.12,90.24,0.5455,1,46.07,30.39,0.156,1,102.4,129.89,0.1664,1,106.21,126.33,0.2226,1,44.6,28.95,0.1572,1,175.97,22.01,0.7534,1,114.78,8.95,0.6225,1,182.45,27.55,0.846,1,195.28,41.93,0.7005,1,123.11,115.03,0.8013,1,114.16,153.07,0.6061,1,109.47,196.68,0.5371,1,38.93,158.05,0.37,1,112.63,148.09,0.2912,1,133.2,155.34,0.5242,1,204.52,149.23,0.8597,1,190.57,84.57,0.8245,1,185.26,90.9,0.4864,1,195.16,118.14,0.8864,1,194.7,117.6,0.3417,1,205.29,148.16,0.5405,1,152.16,105.39,0.5866,1,144.69,61.8,0.1681,1,143.72,58.93,0.4065,1
cvb,Standing,val,cvb_0742_arm01_gopro1_20200325_025919_beh5_ani5_ins5_cut_8_tr0_seg0,1,True,True,pose_output_returned,142.99,0.3976,0.3836,35,8,0.8718,0.8571,34,12.26,89.16,0.4677,1,13.74,90.59,0.3697,1,12.48,91.87,0.307,1,10.28,86.19,0.4231,1,18.75,87.29,0.3511,1,9.7,66.39,0.632,0,10.21,50.95,0.5454,0,9.7,55.15,0.2283,0,12.21,52.2,0.483,1,8.07,52.57,0.2256,0,14.18,68.9,0.6307,1,17.07,57.19,0.2047,1,12.99,53.77,0.2636,0,13.98,54.98,0.4582,1,16.63,51.54,0.2387,1,36.84,87.94,0.4584,1,79.12,23.77,0.0887,1,22.38,97.02,0.2964,1,22.26,106.21,0.2979,1,78.54,23.68,0.1335,1,160.82,20.98,0.799,1,105.72,14.3,0.3231,1,162.9,24.41,0.7498,1,180.24,72.07,0.0694,1,113.96,114.64,0.4833,1,123.08,134.87,0.4302,1,140.02,152.43,0.3861,1,112.57,115.47,0.3044,1,147.5,128.73,0.4826,1,147.5,151.21,0.8252,1,149.4,150.11,0.4487,1,156.88,98.17,0.574,1,154.06,97.47,0.3836,1,149.96,125.02,0.7269,1,148.73,123.4,0.4927,1,143.06,147.9,0.311,1,135.6,107.21,0.2084,1,18.39,107.92,0.1855,1,147.16,70.33,0.2183,1
cvb,Standing,val,cvb_0742_arm01_gopro1_20200325_025919_beh5_ani5_ins5_cut_8_tr0_seg0,2,False,False,pose_detector_failure,130.61,0.0,0.0,0,0,0.0,0.0,0,,,0.0,0,,,0.0,0,,,0.0,0,,,0.0,0,,,0.0,0,,,0.0,0,,,0.0,0,,,0.0,0,,,0.0,0,,,0.0,0,,,0.0,0,,,0.0,0,,,0.0,0,,,0.0,0,,,0.0,0,,,0.0,0,,,0.0,0,,,0.0,0,,,0.0,0,,,0.0,0,,,0.0,0,,,0.0,0,,,0.0,0,,,0.0,0,,,0.0,0,,,0.0,0,,,0.0,0,,,0.0,0,,,0.0,0,,,0.0,0,,,0.0,0,,,0.0,0,,,0.0,0,,,0.0,0,,,0.0,0,,,0.0,0,,,0.0,0,,,0.0,0,,,0.0,0
cvb,Standing,val,cvb_0742_arm01_gopro1_20200325_025919_beh5_ani5_ins5_cut_8_tr0_seg0,3,False,False,pose_detector_failure,133.58,0.0,0.0,0,0,0.0,0.0,0,,,0.0,0,,,0.0,0,,,0.0,0,,,0.0,0,,,0.0,0,,,0.0,0,,,0.0,0,,,0.0,0,,,0.0,0,,,0.0,0,,,0.0,0,,,0.0,0,,,0.0,0,,,0.0,0,,,0.0,0,,,0.0,0,,,0.0,0,,,0.0,0,,,0.0,0,,,0.0,0,,,0.0,0,,,0.0,0,,,0.0,0,,,0.0,0,,,0.0,0,,,0.0,0,,,0.0,0,,,0.0,0,,,0.0,0,,,0.0,0,,,0.0,0,,,0.0,0,,,0.0,0,,,0.0,0,,,0.0,0,,,0.0,0,,,0.0,0,,,0.0,0,,,0.0,0
cvb,Standing,val,cvb_0742_arm01_gopro1_20200325_025919_beh5_ani5_ins5_cut_8_tr0_seg0,4,False,False,pose_detector_failure,139.98,0.0,0.0,0,0,0.0,0.0,0,,,0.0,0,,,0.0,0,,,0.0,0,,,0.0,0,,,0.0,0,,,0.0,0,,,0.0,0,,,0.0,0,,,0.0,0,,,0.0,0,,,0.0,0,,,0.0,0,,,0.0,0,,,0.0,0,,,0.0,0,,,0.0,0,,,0.0,0,,,0.0,0,,,0.0,0,,,0.0,0,,,0.0,0,,,0.0,0,,,0.0,0,,,0.0,0,,,0.0,0,,,0.0,0,,,0.0,0,,,0.0,0,,,0.0,0,,,0.0,0,,,0.0,0,,,0.0,0,,,0.0,0,,,0.0,0,,,0.0,0,,,0.0,0,,,0.0,0,,,0.0,0,,,0.0,0
cvb,Standing,val,cvb_0742_arm01_gopro1_20200325_025919_beh5_ani5_ins5_cut_8_tr0_seg0,5,False,False,pose_detector_failure,132.8,0.0,0.0,0,0,0.0,0.0,0,,,0.0,0,,,0.0,0,,,0.0,0,,,0.0,0,,,0.0,0,,,0.0,0,,,0.0,0,,,0.0,0,,,0.0,0,,,0.0,0,,,0.0,0,,,0.0,0,,,0.0,0,,,0.0,0,,,0.0,0,,,0.0,0,,,0.0,0,,,0.0,0,,,0.0,0,,,0.0,0,,,0.0,0,,,0.0,0,,,0.0,0,,,0.0,0,,,0.0,0,,,0.0,0,,,0.0,0,,,0.0,0,,,0.0,0,,,0.0,0,,,0.0,0,,,0.0,0,,,0.0,0,,,0.0,0,,,0.0,0,,,0.0,0,,,0.0,0,,,0.0,0,,,0.0,0
cvb,Standing,val,cvb_0742_arm01_gopro1_20200325_025919_beh5_ani5_ins5_cut_8_tr0_seg0,6,False,False,pose_detector_failure,134.02,0.0,0.0,0,0,0.0,0.0,0,,,0.0,0,,,0.0,0,,,0.0,0,,,0.0,0,,,0.0,0,,,0.0,0,,,0.0,0,,,0.0,0,,,0.0,0,,,0.0,0,,,0.0,0,,,0.0,0,,,0.0,0,,,0.0,0,,,0.0,0,,,0.0,0,,,0.0,0,,,0.0,0,,,0.0,0,,,0.0,0,,,0.0,0,,,0.0,0,,,0.0,0,,,0.0,0,,,0.0,0,,,0.0,0,,,0.0,0,,,0.0,0,,,0.0,0,,,0.0,0,,,0.0,0,,,0.0,0,,,0.0,0,,,0.0,0,,,0.0,0,,,0.0,0,,,0.0,0,,,0.0,0,,,0.0,0
cvb,Standing,val,cvb_0742_arm01_gopro1_20200325_025919_beh5_ani5_ins5_cut_8_tr0_seg0,7,False,False,pose_detector_failure,133.87,0.0,0.0,0,0,0.0,0.0,0,,,0.0,0,,,0.0,0,,,0.0,0,,,0.0,0,,,0.0,0,,,0.0,0,,,0.0,0,,,0.0,0,,,0.0,0,,,0.0,0,,,0.0,0,,,0.0,0,,,0.0,0,,,0.0,0,,,0.0,0,,,0.0,0,,,0.0,0,,,0.0,0,,,0.0,0,,,0.0,0,,,0.0,0,,,0.0,0,,,0.0,0,,,0.0,0,,,0.0,0,,,0.0,0,,,0.0,0,,,0.0,0,,,0.0,0,,,0.0,0,,,0.0,0,,,0.0,0,,,0.0,0,,,0.0,0,,,0.0,0,,,0.0,0,,,0.0,0,,,0.0,0,,,0.0,0
cvb,Standing,val,cvb_1297_arm01_gopro3_20200326_033755_beh5_ani8_ins3_cut_00023_tr0_seg0,0,True,True,pose_output_returned,151.88,0.6021,0.6242,37,27,0.9231,0.9189,36,214.01,155.85,0.3684,1,214.68,158.12,0.1931,1,212.59,161.66,0.1925,1,205.46,152.93,0.2679,1,217.51,155.49,0.5645,0,196.06,121.53,0.7001,1,189.86,108.29,0.6005,1,190.27,103.03,0.295,1,191.1,107.99,0.7334,1,194.36,109.16,0.3846,1,208.5,120.13,0.8149,1,206.83,101.69,0.4587,1,207.59,96.56,0.3115,0,204.2,104.4,0.6822,1,210.77,103.3,0.6585,0,153.69,90.18,0.9233,1,158.82,59.3,0.4384,1,167.04,133.24,0.4236,1,143.13,133.88,0.5904,1,151.61,45.13,0.5131,1,29.64,6.98,0.7264,1,93.03,19.91,0.4431,1,20.13,9.14,0.7898,1,8.54,177.76,0.7765,1,111.42,132.74,0.5918,1,106.07,162.96,0.6478,1,103.25,203.85,0.8537,1,122.27,127.26,0.847,1,127.08,169.48,0.68,1,129.66,210.94,0.9464,1,25.72,198.43,0.6298,1,27.34,107.23,0.616,1,30.47,102.82,0.7871,1,18.03,159.79,0.7255,1,23.2,162.49,0.7311,1,23.69,208.38,0.9718,1,71.35,136.21,0.6074,1,78.85,85.38,0.6242,1,83.72,80.8,0.3735,1
cvb,Standing,val,cvb_1297_arm01_gopro3_20200326_033755_beh5_ani8_ins3_cut_00023_tr0_seg0,1,True,True,pose_output_returned,147.12,0.6055,0.6638,38,25,0.9744,0.9737,38,214.72,155.87,0.3567,1,216.38,158.19,0.2873,1,210.28,159.35,0.2595,0,206.7,151.32,0.3092,1,215.44,154.52,0.4608,1,204.58,122.46,0.6588,1,199.73,109.94,0.6638,1,205.18,107.14,0.2209,1,202.14,107.36,0.688,1,205.56,110.36,0.4342,1,213.56,121.02,0.6813,1,208.12,104.11,0.5191,1,208.65,100.23,0.3411,1,208.79,107.47,0.7321,1,212.79,103.2,0.582,1,151.31,87.87,0.8261,1,161.18,62.14,0.3889,1,174.18,137.45,0.3941,1,146.21,135.28,0.3167,1,147.4,41.95,0.4331,1,23.49,10.96,0.7032,1,86.31,21.91,0.5235,1,19.61,13.73,0.7268,1,13.56,183.2,0.7451,1,130.59,135.37,0.8578,1,132.3,173.46,0.8099,1,135.92,211.03,0.609,1,114.4,132.05,0.9418,1,108.12,171.21,0.6892,1,137.11,211.77,0.7539,1,25.15,203.62,0.8096,1,25.1,114.93,0.7708,1,31.77,114.22,0.9947,1,20.97,156.88,0.9567,1,22.96,160.47,0.919,1,25.73,208.94,0.956,1,73.31,139.18,0.7413,1,75.32,88.69,0.3723,1,86.0,83.14,0.1811,1
cvb,Standing,val,cvb_1297_arm01_gopro3_20200326_033755_beh5_ani8_ins3_cut_00023_tr0_seg0,2,True,True,pose_output_returned,139.86,0.5291,0.4964,37,18,1.0,1.0,39,196.96,136.88,0.3065,1,198.77,144.24,0.2566,1,192.87,146.28,0.3226,1,204.08,143.88,0.3308,1,199.16,144.13,0.3187,1,195.16,121.37,0.3208,1,192.29,114.5,0.4386,1,185.02,97.52,0.243,1,194.96,108.69,0.4054,1,198.47,103.05,0.289,1,209.18,121.52,0.2958,1,201.47,103.96,0.3065,1,210.15,106.0,0.2897,1,201.6,104.17,0.4964,1,208.44,99.04,0.5211,1,157.25,89.97,0.8652,1,156.79,61.69,0.2555,1,168.73,135.72,0.5247,1,149.95,135.75,0.606,1,152.17,44.09,0.2958,1,22.19,15.35,0.4014,1,86.09,22.81,0.4986,1,15.88,18.93,0.5407,1,19.64,106.16,0.1204,1,121.1,136.89,0.7589,1,111.48,165.81,0.5365,1,107.47,202.93,1.0,1,129.26,135.4,0.8716,1,130.32,168.6,0.565,1,132.88,206.67,0.9755,1,24.79,198.03,0.7767,1,27.07,113.65,0.9885,1,30.8,115.17,0.864,1,22.07,155.42,0.9359,1,24.89,156.26,0.9535,1,25.36,203.71,0.9803,1,73.07,136.86,0.6724,1,81.19,83.37,0.3193,1,90.89,80.72,0.1868,1
cvb,Standing,val,cvb_1297_arm01_gopro3_20200326_033755_beh5_ani8_ins3_cut_00023_tr0_seg0,3,True,True,pose_output_returned,145.56,0.5929,0.591,38,23,1.0,1.0,39,198.66,140.47,0.3819,1,191.06,145.16,0.3064,1,188.02,146.13,0.3181,1,192.43,138.9,0.35,1,196.42,146.55,0.324,1,198.43,117.98,0.6303,1,196.01,107.62,0.5652,1,205.63,101.31,0.3469,1,195.65,102.7,0.6678,1,207.3,105.99,0.4041,1,207.02,117.24,0.4754,1,207.63,99.64,0.5181,1,207.08,94.56,0.2721,1,205.83,101.75,0.6764,1,216.66,103.86,0.6704,1,163.42,93.81,0.7708,1,155.03,47.27,0.2512,1,170.02,136.12,0.4956,1,152.49,137.81,0.591,1,151.48,41.72,0.3943,1,24.18,17.09,0.544,1,81.97,20.84,0.4713,1,18.02,21.5,0.7528,1,18.5,144.14,0.0513,1,114.62,136.47,0.8043,1,112.57,164.59,0.8284,1,107.51,202.66,1.0,1,134.39,135.65,0.9857,1,133.0,170.53,0.7313,1,136.82,206.54,0.9409,1,25.97,196.14,0.7755,1,24.53,111.49,0.883,1,33.76,113.73,0.817,1,19.85,150.3,0.9052,1,27.85,154.01,0.9774,1,26.34,200.73,1.0,1,75.99,136.26,0.7175,1,79.48,84.14,0.2941,1,85.03,89.6,0.2326,1
cvb,Standing,val,cvb_1297_arm01_gopro3_20200326_033755_beh5_ani8_ins3_cut_00023_tr0_seg0,4,True,True,pose_output_returned,144.49,0.3199,0.2688,23,7,1.0,1.0,39,101.18,138.55,0.183,1,100.78,137.11,0.1522,1,100.8,138.54,0.1824,1,101.19,138.88,0.1215,1,102.69,138.43,0.2395,1,102.31,137.85,0.3296,1,103.14,136.27,0.143,1,101.92,134.29,0.1748,1,103.76,135.42,0.2603,1,103.59,134.3,0.3285,1,101.49,138.51,0.4756,1,101.58,135.81,0.3072,1,100.2,134.16,0.3047,1,102.92,134.81,0.5373,1,102.0,133.55,0.3673,1,106.62,131.39,0.598,1,108.05,133.34,0.1684,1,104.55,157.49,0.1623,1,105.75,132.26,0.1071,1,106.87,131.93,0.123,1,120.18,130.55,0.4652,1,111.59,131.83,0.3978,1,121.87,133.84,0.691,1,119.81,145.21,0.1321,1,104.11,146.29,0.2477,1,108.67,178.64,0.2688,1,103.67,199.46,0.3233,1,138.33,152.13,0.0738,1,131.12,181.84,0.088,1,135.65,202.67,0.4385,1,103.77,200.93,0.9411,1,111.27,142.97,0.3758,1,130.58,146.61,0.5617,1,106.87,177.88,0.4832,1,134.22,182.79,0.553,1,136.48,204.7,0.8573,1,120.91,162.1,0.0581,1,131.86,138.54,0.138,1,114.91,200.51,0.1161,1
cvb,Standing,val,cvb_1297_arm01_gopro3_20200326_033755_beh5_ani8_ins3_cut_00023_tr0_seg0,5,True,True,pose_output_returned,149.05,0.6209,0.6314,38,25,0.8462,0.8421,33,217.31,154.39,0.3666,0,218.76,157.63,0.2404,0,213.52,162.25,0.2182,0,211.77,155.21,0.375,0,221.39,155.24,0.3824,0,204.98,124.14,0.6849,1,196.77,111.09,0.7327,1,199.99,100.98,0.2176,1,199.83,107.56,0.7578,1,202.76,107.77,0.4506,1,212.93,119.35,0.6636,1,206.1,102.53,0.622,1,205.87,91.51,0.4142,0,203.96,103.88,0.8734,1,211.95,101.67,0.7579,1,154.63,94.1,0.8571,1,158.31,63.67,0.2778,1,172.33,135.77,0.5632,1,151.79,133.17,0.6314,1,141.48,36.84,0.3671,1,25.98,14.43,0.4497,1,85.65,23.91,0.5544,1,19.12,18.45,0.608,1,18.95,143.46,0.1348,1,113.58,132.93,0.8821,1,109.35,165.56,0.5625,1,106.39,203.72,1.0,1,129.74,133.16,0.7737,1,132.17,170.07,0.6536,1,132.78,209.29,1.0,1,27.39,202.58,0.9252,1,26.55,110.19,0.9603,1,35.23,112.66,0.9175,1,24.56,150.76,0.9203,1,25.12,154.09,0.9244,1,26.69,205.31,0.9853,1,75.89,136.97,0.8038,1,81.61,85.11,0.4401,1,81.92,87.21,0.2666,1
cvb,Standing,val,cvb_1297_arm01_gopro3_20200326_033755_beh5_ani8_ins3_cut_00023_tr0_seg0,6,True,True,pose_output_returned,148.7,0.606,0.6034,39,26,1.0,1.0,39,212.69,143.04,0.2552,1,209.27,148.59,0.2239,1,204.65,151.51,0.2396,1,205.3,147.25,0.3454,1,212.21,145.42,0.3367,1,207.54,119.66,0.5499,1,200.78,110.52,0.5006,1,200.38,100.66,0.2506,1,200.63,105.8,0.6597,1,210.0,108.45,0.4693,1,214.69,117.52,0.5591,1,210.21,100.77,0.4063,1,211.68,99.91,0.418,1,207.15,101.86,0.6034,1,213.08,100.29,0.576,1,157.26,90.92,0.9402,1,154.4,51.86,0.3691,1,174.68,132.56,0.4986,1,152.86,133.98,0.6071,1,149.84,43.57,0.5149,1,29.54,9.79,0.6225,1,84.89,23.45,0.545,1,21.65,11.83,0.7191,1,9.63,179.94,0.74,1,132.32,135.84,0.9504,1,130.66,171.87,0.7726,1,105.54,203.94,0.7171,1,119.49,130.46,0.941,1,110.36,169.13,0.6914,1,133.67,212.25,0.7978,1,27.38,200.91,1.0,1,25.37,108.11,0.8246,1,32.71,109.95,1.0,1,16.96,155.26,0.9578,1,25.35,160.46,0.8264,1,24.93,210.07,1.0,1,75.39,135.77,0.6826,1,79.18,90.02,0.3002,1,89.18,90.72,0.2236,1
cvb,Standing,val,cvb_1297_arm01_gopro3_20200326_033755_beh5_ani8_ins3_cut_00023_tr0_seg0,7,True,True,pose_output_returned,144.97,0.3016,0.2403,22,7,1.0,1.0,39,104.59,135.16,0.1832,1,103.37,202.07,0.1419,1,104.42,202.04,0.0979,1,104.46,135.43,0.1838,1,108.02,135.32,0.1914,1,105.2,134.18,0.2675,1,104.18,134.31,0.0649,1,103.11,134.02,0.0641,1,104.67,133.95,0.2022,1,103.93,131.36,0.2885,1,104.39,134.2,0.4327,1,102.81,134.26,0.1996,1,100.69,197.71,0.1092,1,104.02,132.78,0.3621,1,102.77,131.84,0.3377,1,108.06,129.99,0.6007,1,109.09,133.09,0.2403,1,106.28,134.55,0.148,1,107.55,134.09,0.1737,1,109.96,131.92,0.229,1,119.25,133.08,0.3271,1,111.04,132.62,0.2601,1,122.82,138.44,0.338,1,122.24,157.35,0.2765,1,102.93,149.47,0.1979,1,107.14,180.33,0.2821,1,103.05,199.02,0.4582,1,136.11,159.76,0.1682,1,130.31,174.55,0.0655,1,133.59,202.6,0.6224,1,103.46,201.32,1.0,1,108.8,163.11,0.3801,1,135.73,150.86,0.5404,1,107.13,180.85,0.7359,1,133.43,180.38,0.5928,1,133.77,203.4,0.7615,1,128.32,154.24,0.0722,1,135.12,139.23,0.0831,1,107.39,141.98,0.0806,1
cvb,Lying,train,cvb_1332_arm01_gopro4_20200323_035752_beh6_ani2_ins1_cut_00048_tr3_seg0,0,False,False,pose_detector_failure,129.51,0.0,0.0,0,0,0.0,0.0,0,,,0.0,0,,,0.0,0,,,0.0,0,,,0.0,0,,,0.0,0,,,0.0,0,,,0.0,0,,,0.0,0,,,0.0,0,,,0.0,0,,,0.0,0,,,0.0,0,,,0.0,0,,,0.0,0,,,0.0,0,,,0.0,0,,,0.0,0,,,0.0,0,,,0.0,0,,,0.0,0,,,0.0,0,,,0.0,0,,,0.0,0,,,0.0,0,,,0.0,0,,,0.0,0,,,0.0,0,,,0.0,0,,,0.0,0,,,0.0,0,,,0.0,0,,,0.0,0,,,0.0,0,,,0.0,0,,,0.0,0,,,0.0,0,,,0.0,0,,,0.0,0,,,0.0,0
cvb,Lying,train,cvb_1332_arm01_gopro4_20200323_035752_beh6_ani2_ins1_cut_00048_tr3_seg0,1,False,False,pose_detector_failure,135.92,0.0,0.0,0,0,0.0,0.0,0,,,0.0,0,,,0.0,0,,,0.0,0,,,0.0,0,,,0.0,0,,,0.0,0,,,0.0,0,,,0.0,0,,,0.0,0,,,0.0,0,,,0.0,0,,,0.0,0,,,0.0,0,,,0.0,0,,,0.0,0,,,0.0,0,,,0.0,0,,,0.0,0,,,0.0,0,,,0.0,0,,,0.0,0,,,0.0,0,,,0.0,0,,,0.0,0,,,0.0,0,,,0.0,0,,,0.0,0,,,0.0,0,,,0.0,0,,,0.0,0,,,0.0,0,,,0.0,0,,,0.0,0,,,0.0,0,,,0.0,0,,,0.0,0,,,0.0,0,,,0.0,0,,,0.0,0
cvb,Lying,train,cvb_1332_arm01_gopro4_20200323_035752_beh6_ani2_ins1_cut_00048_tr3_seg0,2,True,True,pose_output_returned,152.24,0.3021,0.293,27,3,1.0,1.0,39,153.11,133.96,0.1612,1,48.92,181.6,0.0816,1,148.82,134.65,0.0911,1,126.49,106.02,0.105,1,161.2,120.25,0.1391,1,145.72,89.75,0.3956,1,141.52,70.99,0.2197,1,138.48,66.34,0.4503,1,147.76,72.12,0.1763,1,159.22,135.71,0.1204,1,161.1,89.52,0.4047,1,161.43,60.03,0.2114,1,165.23,56.59,0.1068,1,157.56,73.1,0.293,1,160.65,78.14,0.1895,1,125.03,71.36,0.4122,1,129.69,50.44,0.1513,1,136.54,143.47,0.1738,1,137.42,148.53,0.0955,1,126.08,49.6,0.2796,1,130.43,47.83,0.5963,1,96.42,51.73,0.3473,1,134.5,55.15,0.6039,1,51.65,215.12,0.2747,1,58.76,175.24,0.435,1,45.82,202.53,0.4316,1,49.75,218.54,0.6048,1,71.36,169.72,0.4526,1,80.94,202.18,0.3486,1,86.69,219.74,0.4084,1,86.34,221.43,0.348,1,65.59,173.46,0.4935,1,54.88,180.66,0.2664,1,152.38,144.92,0.2638,1,47.06,202.43,0.3622,1,50.71,218.08,0.3194,1,58.98,180.47,0.2689,1,63.96,145.01,0.3766,1,61.38,146.2,0.3226,1
cvb,Lying,train,cvb_1332_arm01_gopro4_20200323_035752_beh6_ani2_ins1_cut_00048_tr3_seg0,3,False,False,pose_detector_failure,127.66,0.0,0.0,0,0,0.0,0.0,0,,,0.0,0,,,0.0,0,,,0.0,0,,,0.0,0,,,0.0,0,,,0.0,0,,,0.0,0,,,0.0,0,,,0.0,0,,,0.0,0,,,0.0,0,,,0.0,0,,,0.0,0,,,0.0,0,,,0.0,0,,,0.0,0,,,0.0,0,,,0.0,0,,,0.0,0,,,0.0,0,,,0.0,0,,,0.0,0,,,0.0,0,,,0.0,0,,,0.0,0,,,0.0,0,,,0.0,0,,,0.0,0,,,0.0,0,,,0.0,0,,,0.0,0,,,0.0,0,,,0.0,0,,,0.0,0,,,0.0,0,,,0.0,0,,,0.0,0,,,0.0,0,,,0.0,0
cvb,Lying,train,cvb_1332_arm01_gopro4_20200323_035752_beh6_ani2_ins1_cut_00048_tr3_seg0,4,False,False,pose_detector_failure,138.99,0.0,0.0,0,0,0.0,0.0,0,,,0.0,0,,,0.0,0,,,0.0,0,,,0.0,0,,,0.0,0,,,0.0,0,,,0.0,0,,,0.0,0,,,0.0,0,,,0.0,0,,,0.0,0,,,0.0,0,,,0.0,0,,,0.0,0,,,0.0,0,,,0.0,0,,,0.0,0,,,0.0,0,,,0.0,0,,,0.0,0,,,0.0,0,,,0.0,0,,,0.0,0,,,0.0,0,,,0.0,0,,,0.0,0,,,0.0,0,,,0.0,0,,,0.0,0,,,0.0,0,,,0.0,0,,,0.0,0,,,0.0,0,,,0.0,0,,,0.0,0,,,0.0,0,,,0.0,0,,,0.0,0,,,0.0,0
cvb,Lying,train,cvb_1332_arm01_gopro4_20200323_035752_beh6_ani2_ins1_cut_00048_tr3_seg0,5,False,False,pose_detector_failure,138.41,0.0,0.0,0,0,0.0,0.0,0,,,0.0,0,,,0.0,0,,,0.0,0,,,0.0,0,,,0.0,0,,,0.0,0,,,0.0,0,,,0.0,0,,,0.0,0,,,0.0,0,,,0.0,0,,,0.0,0,,,0.0,0,,,0.0,0,,,0.0,0,,,0.0,0,,,0.0,0,,,0.0,0,,,0.0,0,,,0.0,0,,,0.0,0,,,0.0,0,,,0.0,0,,,0.0,0,,,0.0,0,,,0.0,0,,,0.0,0,,,0.0,0,,,0.0,0,,,0.0,0,,,0.0,0,,,0.0,0,,,0.0,0,,,0.0,0,,,0.0,0,,,0.0,0,,,0.0,0,,,0.0,0,,,0.0,0
cvb,Lying,train,cvb_1332_arm01_gopro4_20200323_035752_beh6_ani2_ins1_cut_00048_tr3_seg0,6,False,False,pose_detector_failure,139.89,0.0,0.0,0,0,0.0,0.0,0,,,0.0,0,,,0.0,0,,,0.0,0,,,0.0,0,,,0.0,0,,,0.0,0,,,0.0,0,,,0.0,0,,,0.0,0,,,0.0,0,,,0.0,0,,,0.0,0,,,0.0,0,,,0.0,0,,,0.0,0,,,0.0,0,,,0.0,0,,,0.0,0,,,0.0,0,,,0.0,0,,,0.0,0,,,0.0,0,,,0.0,0,,,0.0,0,,,0.0,0,,,0.0,0,,,0.0,0,,,0.0,0,,,0.0,0,,,0.0,0,,,0.0,0,,,0.0,0,,,0.0,0,,,0.0,0,,,0.0,0,,,0.0,0,,,0.0,0,,,0.0,0,,,0.0,0
cvb,Lying,train,cvb_1332_arm01_gopro4_20200323_035752_beh6_ani2_ins1_cut_00048_tr3_seg0,7,False,False,pose_detector_failure,139.57,0.0,0.0,0,0,0.0,0.0,0,,,0.0,0,,,0.0,0,,,0.0,0,,,0.0,0,,,0.0,0,,,0.0,0,,,0.0,0,,,0.0,0,,,0.0,0,,,0.0,0,,,0.0,0,,,0.0,0,,,0.0,0,,,0.0,0,,,0.0,0,,,0.0,0,,,0.0,0,,,0.0,0,,,0.0,0,,,0.0,0,,,0.0,0,,,0.0,0,,,0.0,0,,,0.0,0,,,0.0,0,,,0.0,0,,,0.0,0,,,0.0,0,,,0.0,0,,,0.0,0,,,0.0,0,,,0.0,0,,,0.0,0,,,0.0,0,,,0.0,0,,,0.0,0,,,0.0,0,,,0.0,0,,,0.0,0
cvb,Lying,train,cvb_0231_arm01_gopro1_20200323_023342_beh6_ani6_ins2_cut_15_tr3_seg0,0,True,True,pose_output_returned,155.14,0.4026,0.3648,30,12,0.7179,0.7333,28,193.18,109.96,0.8902,1,185.78,115.73,0.844,1,179.16,128.61,0.6155,1,169.94,105.18,0.5796,1,186.39,115.09,0.4501,1,179.64,94.04,0.5149,1,163.74,67.75,0.8073,1,162.82,53.53,0.6137,1,170.96,70.19,0.489,1,171.9,54.18,0.2887,1,200.06,94.18,0.5779,1,174.47,62.48,0.2515,1,175.24,51.95,0.401,1,179.58,63.46,0.3381,1,175.71,51.89,0.4041,1,146.72,90.88,0.6655,1,144.48,68.83,0.499,1,69.39,90.73,0.1895,1,133.46,147.0,0.1808,1,140.61,66.61,0.6529,1,49.04,25.57,0.235,1,44.59,24.85,0.2581,1,53.57,28.98,0.1846,1,27.82,147.88,0.1408,0,130.98,141.77,0.0996,1,137.25,164.0,0.2909,0,180.16,214.66,0.6383,1,113.4,123.7,0.2523,1,119.01,152.94,0.2485,0,175.53,209.92,0.589,0,162.96,197.98,0.3588,0,19.51,133.09,0.4267,0,28.78,113.72,0.4252,0,26.8,155.63,0.3648,0,36.32,161.34,0.3337,0,42.15,161.75,0.1236,0,67.56,174.44,0.1832,0,63.81,86.52,0.1807,1,76.58,51.0,0.1142,1
cvb,Lying,train,cvb_0231_arm01_gopro1_20200323_023342_beh6_ani6_ins2_cut_15_tr3_seg0,1,False,False,pose_detector_failure,129.27,0.0,0.0,0,0,0.0,0.0,0,,,0.0,0,,,0.0,0,,,0.0,0,,,0.0,0,,,0.0,0,,,0.0,0,,,0.0,0,,,0.0,0,,,0.0,0,,,0.0,0,,,0.0,0,,,0.0,0,,,0.0,0,,,0.0,0,,,0.0,0,,,0.0,0,,,0.0,0,,,0.0,0,,,0.0,0,,,0.0,0,,,0.0,0,,,0.0,0,,,0.0,0,,,0.0,0,,,0.0,0,,,0.0,0,,,0.0,0,,,0.0,0,,,0.0,0,,,0.0,0,,,0.0,0,,,0.0,0,,,0.0,0,,,0.0,0,,,0.0,0,,,0.0,0,,,0.0,0,,,0.0,0,,,0.0,0
cvb,Lying,train,cvb_0231_arm01_gopro1_20200323_023342_beh6_ani6_ins2_cut_15_tr3_seg0,2,False,False,pose_detector_failure,139.31,0.0,0.0,0,0,0.0,0.0,0,,,0.0,0,,,0.0,0,,,0.0,0,,,0.0,0,,,0.0,0,,,0.0,0,,,0.0,0,,,0.0,0,,,0.0,0,,,0.0,0,,,0.0,0,,,0.0,0,,,0.0,0,,,0.0,0,,,0.0,0,,,0.0,0,,,0.0,0,,,0.0,0,,,0.0,0,,,0.0,0,,,0.0,0,,,0.0,0,,,0.0,0,,,0.0,0,,,0.0,0,,,0.0,0,,,0.0,0,,,0.0,0,,,0.0,0,,,0.0,0,,,0.0,0,,,0.0,0,,,0.0,0,,,0.0,0,,,0.0,0,,,0.0,0,,,0.0,0,,,0.0,0,,,0.0,0
cvb,Lying,train,cvb_0231_arm01_gopro1_20200323_023342_beh6_ani6_ins2_cut_15_tr3_seg0,3,False,False,pose_detector_failure,139.24,0.0,0.0,0,0,0.0,0.0,0,,,0.0,0,,,0.0,0,,,0.0,0,,,0.0,0,,,0.0,0,,,0.0,0,,,0.0,0,,,0.0,0,,,0.0,0,,,0.0,0,,,0.0,0,,,0.0,0,,,0.0,0,,,0.0,0,,,0.0,0,,,0.0,0,,,0.0,0,,,0.0,0,,,0.0,0,,,0.0,0,,,0.0,0,,,0.0,0,,,0.0,0,,,0.0,0,,,0.0,0,,,0.0,0,,,0.0,0,,,0.0,0,,,0.0,0,,,0.0,0,,,0.0,0,,,0.0,0,,,0.0,0,,,0.0,0,,,0.0,0,,,0.0,0,,,0.0,0,,,0.0,0,,,0.0,0
cvb,Lying,train,cvb_0231_arm01_gopro1_20200323_023342_beh6_ani6_ins2_cut_15_tr3_seg0,4,False,False,pose_detector_failure,137.42,0.0,0.0,0,0,0.0,0.0,0,,,0.0,0,,,0.0,0,,,0.0,0,,,0.0,0,,,0.0,0,,,0.0,0,,,0.0,0,,,0.0,0,,,0.0,0,,,0.0,0,,,0.0,0,,,0.0,0,,,0.0,0,,,0.0,0,,,0.0,0,,,0.0,0,,,0.0,0,,,0.0,0,,,0.0,0,,,0.0,0,,,0.0,0,,,0.0,0,,,0.0,0,,,0.0,0,,,0.0,0,,,0.0,0,,,0.0,0,,,0.0,0,,,0.0,0,,,0.0,0,,,0.0,0,,,0.0,0,,,0.0,0,,,0.0,0,,,0.0,0,,,0.0,0,,,0.0,0,,,0.0,0,,,0.0,0
cvb,Lying,train,cvb_0231_arm01_gopro1_20200323_023342_beh6_ani6_ins2_cut_15_tr3_seg0,5,False,False,pose_detector_failure,138.64,0.0,0.0,0,0,0.0,0.0,0,,,0.0,0,,,0.0,0,,,0.0,0,,,0.0,0,,,0.0,0,,,0.0,0,,,0.0,0,,,0.0,0,,,0.0,0,,,0.0,0,,,0.0,0,,,0.0,0,,,0.0,0,,,0.0,0,,,0.0,0,,,0.0,0,,,0.0,0,,,0.0,0,,,0.0,0,,,0.0,0,,,0.0,0,,,0.0,0,,,0.0,0,,,0.0,0,,,0.0,0,,,0.0,0,,,0.0,0,,,0.0,0,,,0.0,0,,,0.0,0,,,0.0,0,,,0.0,0,,,0.0,0,,,0.0,0,,,0.0,0,,,0.0,0,,,0.0,0,,,0.0,0,,,0.0,0
cvb,Lying,train,cvb_0231_arm01_gopro1_20200323_023342_beh6_ani6_ins2_cut_15_tr3_seg0,6,True,True,pose_output_returned,156.52,0.3008,0.3003,27,4,0.8974,0.8889,35,119.72,174.2,0.4534,1,120.09,174.97,0.201,1,118.97,176.01,0.134,1,119.03,175.23,0.2285,1,120.94,176.45,0.3069,1,119.56,168.79,0.3888,1,118.48,167.47,0.2504,1,192.99,184.92,0.2452,1,119.05,165.04,0.3015,1,168.13,214.92,0.2272,1,121.9,168.36,0.56,1,123.79,166.06,0.1828,1,193.67,177.18,0.0913,1,121.8,164.5,0.3003,1,123.11,161.83,0.1668,1,169.8,169.11,0.1756,1,174.27,163.44,0.1333,1,185.63,178.35,0.0933,1,193.46,178.29,0.1505,1,171.81,163.56,0.1242,1,118.53,166.6,0.3474,1,110.11,144.02,0.0909,1,121.57,170.21,0.398,1,122.86,218.29,0.5239,1,189.87,187.22,0.3009,1,167.46,212.1,0.4668,1,142.94,220.23,0.475,0,189.04,186.28,0.2042,1,165.68,210.35,0.397,1,192.95,209.08,0.3301,1,143.35,220.2,0.4435,0,139.32,185.36,0.4003,1,139.87,183.72,0.3883,1,144.35,204.18,0.7339,1,145.12,205.09,0.6463,1,143.87,219.77,0.4519,0,157.08,206.71,0.2092,1,164.7,187.54,0.1387,1,151.78,220.62,0.0701,0
cvb,Lying,train,cvb_0231_arm01_gopro1_20200323_023342_beh6_ani6_ins2_cut_15_tr3_seg0,7,False,False,pose_detector_failure,128.24,0.0,0.0,0,0,0.0,0.0,0,,,0.0,0,,,0.0,0,,,0.0,0,,,0.0,0,,,0.0,0,,,0.0,0,,,0.0,0,,,0.0,0,,,0.0,0,,,0.0,0,,,0.0,0,,,0.0,0,,,0.0,0,,,0.0,0,,,0.0,0,,,0.0,0,,,0.0,0,,,0.0,0,,,0.0,0,,,0.0,0,,,0.0,0,,,0.0,0,,,0.0,0,,,0.0,0,,,0.0,0,,,0.0,0,,,0.0,0,,,0.0,0,,,0.0,0,,,0.0,0,,,0.0,0,,,0.0,0,,,0.0,0,,,0.0,0,,,0.0,0,,,0.0,0,,,0.0,0,,,0.0,0,,,0.0,0
cvb,Lying,train,cvb_1259_arm01_gopro3_20200326_032013_beh6_ani1_ins1_cut_00005_tr3_seg0,0,False,False,pose_detector_failure,143.45,0.0,0.0,0,0,0.0,0.0,0,,,0.0,0,,,0.0,0,,,0.0,0,,,0.0,0,,,0.0,0,,,0.0,0,,,0.0,0,,,0.0,0,,,0.0,0,,,0.0,0,,,0.0,0,,,0.0,0,,,0.0,0,,,0.0,0,,,0.0,0,,,0.0,0,,,0.0,0,,,0.0,0,,,0.0,0,,,0.0,0,,,0.0,0,,,0.0,0,,,0.0,0,,,0.0,0,,,0.0,0,,,0.0,0,,,0.0,0,,,0.0,0,,,0.0,0,,,0.0,0,,,0.0,0,,,0.0,0,,,0.0,0,,,0.0,0,,,0.0,0,,,0.0,0,,,0.0,0,,,0.0,0,,,0.0,0
cvb,Lying,train,cvb_1259_arm01_gopro3_20200326_032013_beh6_ani1_ins1_cut_00005_tr3_seg0,1,False,False,pose_detector_failure,140.06,0.0,0.0,0,0,0.0,0.0,0,,,0.0,0,,,0.0,0,,,0.0,0,,,0.0,0,,,0.0,0,,,0.0,0,,,0.0,0,,,0.0,0,,,0.0,0,,,0.0,0,,,0.0,0,,,0.0,0,,,0.0,0,,,0.0,0,,,0.0,0,,,0.0,0,,,0.0,0,,,0.0,0,,,0.0,0,,,0.0,0,,,0.0,0,,,0.0,0,,,0.0,0,,,0.0,0,,,0.0,0,,,0.0,0,,,0.0,0,,,0.0,0,,,0.0,0,,,0.0,0,,,0.0,0,,,0.0,0,,,0.0,0,,,0.0,0,,,0.0,0,,,0.0,0,,,0.0,0,,,0.0,0,,,0.0,0
cvb,Lying,train,cvb_1259_arm01_gopro3_20200326_032013_beh6_ani1_ins1_cut_00005_tr3_seg0,2,False,False,pose_detector_failure,140.12,0.0,0.0,0,0,0.0,0.0,0,,,0.0,0,,,0.0,0,,,0.0,0,,,0.0,0,,,0.0,0,,,0.0,0,,,0.0,0,,,0.0,0,,,0.0,0,,,0.0,0,,,0.0,0,,,0.0,0,,,0.0,0,,,0.0,0,,,0.0,0,,,0.0,0,,,0.0,0,,,0.0,0,,,0.0,0,,,0.0,0,,,0.0,0,,,0.0,0,,,0.0,0,,,0.0,0,,,0.0,0,,,0.0,0,,,0.0,0,,,0.0,0,,,0.0,0,,,0.0,0,,,0.0,0,,,0.0,0,,,0.0,0,,,0.0,0,,,0.0,0,,,0.0,0,,,0.0,0,,,0.0,0,,,0.0,0
cvb,Lying,train,cvb_1259_arm01_gopro3_20200326_032013_beh6_ani1_ins1_cut_00005_tr3_seg0,3,False,False,pose_detector_failure,140.91,0.0,0.0,0,0,0.0,0.0,0,,,0.0,0,,,0.0,0,,,0.0,0,,,0.0,0,,,0.0,0,,,0.0,0,,,0.0,0,,,0.0,0,,,0.0,0,,,0.0,0,,,0.0,0,,,0.0,0,,,0.0,0,,,0.0,0,,,0.0,0,,,0.0,0,,,0.0,0,,,0.0,0,,,0.0,0,,,0.0,0,,,0.0,0,,,0.0,0,,,0.0,0,,,0.0,0,,,0.0,0,,,0.0,0,,,0.0,0,,,0.0,0,,,0.0,0,,,0.0,0,,,0.0,0,,,0.0,0,,,0.0,0,,,0.0,0,,,0.0,0,,,0.0,0,,,0.0,0,,,0.0,0,,,0.0,0
cvb,Lying,train,cvb_1259_arm01_gopro3_20200326_032013_beh6_ani1_ins1_cut_00005_tr3_seg0,4,False,False,pose_detector_failure,142.72,0.0,0.0,0,0,0.0,0.0,0,,,0.0,0,,,0.0,0,,,0.0,0,,,0.0,0,,,0.0,0,,,0.0,0,,,0.0,0,,,0.0,0,,,0.0,0,,,0.0,0,,,0.0,0,,,0.0,0,,,0.0,0,,,0.0,0,,,0.0,0,,,0.0,0,,,0.0,0,,,0.0,0,,,0.0,0,,,0.0,0,,,0.0,0,,,0.0,0,,,0.0,0,,,0.0,0,,,0.0,0,,,0.0,0,,,0.0,0,,,0.0,0,,,0.0,0,,,0.0,0,,,0.0,0,,,0.0,0,,,0.0,0,,,0.0,0,,,0.0,0,,,0.0,0,,,0.0,0,,,0.0,0,,,0.0,0
cvb,Lying,train,cvb_1259_arm01_gopro3_20200326_032013_beh6_ani1_ins1_cut_00005_tr3_seg0,5,True,True,pose_output_returned,156.32,0.2888,0.2454,22,7,0.8718,0.8182,34,179.68,215.32,0.1086,1,179.45,214.2,0.084,1,171.36,216.8,0.1336,1,177.44,211.26,0.0836,1,157.03,211.63,0.0772,1,126.15,43.25,0.0471,1,191.26,115.74,0.11,1,8.48,21.39,0.0731,0,198.06,120.64,0.0973,1,180.49,124.57,0.1335,1,187.81,149.63,0.0699,1,187.5,112.61,0.2454,1,198.75,111.2,0.1273,1,181.49,119.56,0.1151,1,202.04,117.64,0.1747,1,184.58,113.17,0.2484,1,185.71,95.65,0.1748,1,176.84,148.13,0.1891,1,175.63,143.75,0.2658,1,183.77,91.83,0.2402,1,28.39,26.12,0.5412,1,90.51,14.21,0.4568,1,26.36,35.54,0.6971,1,21.9,165.0,0.2958,0,146.95,172.48,0.3696,1,75.48,179.96,0.2748,1,73.42,204.07,0.3304,0,163.39,119.02,0.6667,1,155.94,199.43,0.5112,1,163.33,218.23,0.8333,1,73.63,200.88,0.5282,0,64.61,161.35,0.4426,1,66.95,164.95,0.4222,1,70.56,183.1,0.4881,1,71.67,183.79,0.5359,1,73.82,202.26,0.3954,0,108.83,172.16,0.3225,1,92.87,122.22,0.2096,1,99.63,122.74,0.1443,1
cvb,Lying,train,cvb_1259_arm01_gopro3_20200326_032013_beh6_ani1_ins1_cut_00005_tr3_seg0,6,True,True,pose_output_returned,148.21,0.2786,0.2242,22,5,0.9487,0.9091,37,196.23,110.04,0.126,1,197.87,177.71,0.0694,1,169.11,208.7,0.1424,1,209.59,91.35,0.1023,1,58.35,164.55,0.0577,1,196.91,136.32,0.198,1,191.68,125.06,0.1949,1,183.98,117.07,0.3151,1,189.84,85.26,0.2544,1,200.54,98.73,0.1702,1,194.73,81.61,0.2224,1,205.52,103.42,0.1534,1,201.46,113.67,0.1087,1,199.96,84.48,0.2242,1,199.2,114.3,0.1996,1,189.11,91.1,0.2699,1,114.82,28.71,0.0858,1,179.4,135.04,0.1687,1,183.85,141.77,0.2534,1,114.17,27.04,0.2219,1,177.55,79.88,0.3702,1,135.04,31.03,0.2522,1,187.16,91.53,0.3915,1,182.83,134.24,0.1779,1,57.58,152.26,0.1768,1,157.99,182.47,0.4558,1,156.42,210.66,0.3303,1,150.1,152.87,0.2304,1,153.2,182.28,0.5382,1,155.24,210.59,0.6144,1,62.27,195.88,0.5872,0,157.78,104.89,0.4273,1,58.6,159.55,0.2294,1,63.75,178.71,0.4834,1,59.43,173.76,0.5682,1,64.39,195.98,0.9135,0,112.91,171.13,0.2809,1,135.62,103.15,0.1028,1,150.13,51.64,0.1971,1
cvb,Lying,train,cvb_1259_arm01_gopro3_20200326_032013_beh6_ani1_ins1_cut_00005_tr3_seg0,7,True,True,pose_output_returned,152.67,0.2993,0.2373,24,7,0.9231,0.875,36,201.56,95.41,0.2688,1,192.74,100.82,0.113,1,173.69,208.01,0.1328,1,199.89,98.62,0.1966,1,170.4,124.79,0.1424,1,186.79,73.7,0.2153,1,175.69,72.09,0.2259,1,178.06,124.05,0.2308,1,191.2,88.75,0.1353,1,185.28,112.14,0.1808,1,190.7,72.34,0.2373,1,196.98,102.2,0.1147,1,206.16,96.51,0.1456,1,183.33,128.88,0.1256,1,193.14,109.85,0.1719,1,177.83,88.18,0.4509,1,150.55,25.2,0.0803,1,156.6,163.5,0.1588,1,166.11,142.47,0.1972,1,131.79,12.91,0.2041,1,21.25,22.58,0.6534,1,82.52,8.01,0.3448,1,17.71,29.53,0.6724,1,23.81,167.83,0.2439,0,63.8,156.92,0.5983,1,65.23,174.51,0.5316,1,173.44,204.98,0.6396,1,67.89,159.05,0.459,1,152.6,180.6,0.5823,1,160.03,209.45,0.6762,1,65.04,195.18,0.3241,0,64.93,160.14,0.3234,1,64.45,161.89,0.302,1,68.76,178.23,0.2985,1,60.91,178.9,0.384,1,63.75,195.18,0.3383,0,108.25,160.61,0.2659,1,68.27,92.45,0.18,1,145.5,56.38,0.1286,1
cvb,Lying,train,cvb_1335_arm01_gopro4_20200323_035752_beh4_ani8_ins1_cut_00047_tr1_seg0,0,False,False,pose_detector_failure,130.19,0.0,0.0,0,0,0.0,0.0,0,,,0.0,0,,,0.0,0,,,0.0,0,,,0.0,0,,,0.0,0,,,0.0,0,,,0.0,0,,,0.0,0,,,0.0,0,,,0.0,0,,,0.0,0,,,0.0,0,,,0.0,0,,,0.0,0,,,0.0,0,,,0.0,0,,,0.0,0,,,0.0,0,,,0.0,0,,,0.0,0,,,0.0,0,,,0.0,0,,,0.0,0,,,0.0,0,,,0.0,0,,,0.0,0,,,0.0,0,,,0.0,0,,,0.0,0,,,0.0,0,,,0.0,0,,,0.0,0,,,0.0,0,,,0.0,0,,,0.0,0,,,0.0,0,,,0.0,0,,,0.0,0,,,0.0,0
cvb,Lying,train,cvb_1335_arm01_gopro4_20200323_035752_beh4_ani8_ins1_cut_00047_tr1_seg0,1,True,True,pose_output_returned,160.74,0.1958,0.1644,15,1,1.0,1.0,39,55.69,186.44,0.0921,1,8.23,170.12,0.0311,1,52.8,215.89,0.0535,1,27.44,169.12,0.046,1,34.99,169.35,0.1644,1,32.61,117.06,0.0576,1,41.57,119.67,0.2409,1,30.38,123.32,0.2555,1,41.81,116.08,0.1581,1,41.56,108.52,0.1002,1,47.72,137.12,0.1025,1,44.49,117.64,0.1153,1,81.51,182.66,0.069,1,40.98,114.76,0.1976,1,87.53,184.64,0.1831,1,47.62,135.05,0.3453,1,18.8,119.29,0.0687,1,60.69,156.47,0.0979,1,27.05,173.4,0.0919,1,42.65,113.63,0.0757,1,42.84,110.84,0.3151,1,55.21,104.34,0.3098,1,43.01,111.92,0.3476,1,11.08,173.45,0.1502,1,33.51,170.6,0.2383,1,13.92,183.26,0.1063,1,50.16,217.93,0.2958,1,12.27,171.48,0.4243,1,9.55,197.72,0.3486,1,14.35,218.81,0.6803,1,13.55,217.41,0.2261,1,10.71,130.29,0.3424,1,20.78,153.61,0.1575,1,8.86,178.12,0.1816,1,10.82,193.47,0.2124,1,13.33,218.56,0.2563,1,44.91,180.22,0.1988,1,29.18,148.32,0.1431,1,50.69,156.4,0.1565,1
cvb,Lying,train,cvb_1335_arm01_gopro4_20200323_035752_beh4_ani8_ins1_cut_00047_tr1_seg0,2,False,False,pose_detector_failure,135.92,0.0,0.0,0,0,0.0,0.0,0,,,0.0,0,,,0.0,0,,,0.0,0,,,0.0,0,,,0.0,0,,,0.0,0,,,0.0,0,,,0.0,0,,,0.0,0,,,0.0,0,,,0.0,0,,,0.0,0,,,0.0,0,,,0.0,0,,,0.0,0,,,0.0,0,,,0.0,0,,,0.0,0,,,0.0,0,,,0.0,0,,,0.0,0,,,0.0,0,,,0.0,0,,,0.0,0,,,0.0,0,,,0.0,0,,,0.0,0,,,0.0,0,,,0.0,0,,,0.0,0,,,0.0,0,,,0.0,0,,,0.0,0,,,0.0,0,,,0.0,0,,,0.0,0,,,0.0,0,,,0.0,0,,,0.0,0
cvb,Lying,train,cvb_1335_arm01_gopro4_20200323_035752_beh4_ani8_ins1_cut_00047_tr1_seg0,3,False,False,pose_detector_failure,141.76,0.0,0.0,0,0,0.0,0.0,0,,,0.0,0,,,0.0,0,,,0.0,0,,,0.0,0,,,0.0,0,,,0.0,0,,,0.0,0,,,0.0,0,,,0.0,0,,,0.0,0,,,0.0,0,,,0.0,0,,,0.0,0,,,0.0,0,,,0.0,0,,,0.0,0,,,0.0,0,,,0.0,0,,,0.0,0,,,0.0,0,,,0.0,0,,,0.0,0,,,0.0,0,,,0.0,0,,,0.0,0,,,0.0,0,,,0.0,0,,,0.0,0,,,0.0,0,,,0.0,0,,,0.0,0,,,0.0,0,,,0.0,0,,,0.0,0,,,0.0,0,,,0.0,0,,,0.0,0,,,0.0,0,,,0.0,0
cvb,Lying,train,cvb_1335_arm01_gopro4_20200323_035752_beh4_ani8_ins1_cut_00047_tr1_seg0,4,False,False,pose_detector_failure,145.9,0.0,0.0,0,0,0.0,0.0,0,,,0.0,0,,,0.0,0,,,0.0,0,,,0.0,0,,,0.0,0,,,0.0,0,,,0.0,0,,,0.0,0,,,0.0,0,,,0.0,0,,,0.0,0,,,0.0,0,,,0.0,0,,,0.0,0,,,0.0,0,,,0.0,0,,,0.0,0,,,0.0,0,,,0.0,0,,,0.0,0,,,0.0,0,,,0.0,0,,,0.0,0,,,0.0,0,,,0.0,0,,,0.0,0,,,0.0,0,,,0.0,0,,,0.0,0,,,0.0,0,,,0.0,0,,,0.0,0,,,0.0,0,,,0.0,0,,,0.0,0,,,0.0,0,,,0.0,0,,,0.0,0,,,0.0,0
cvb,Lying,train,cvb_1335_arm01_gopro4_20200323_035752_beh4_ani8_ins1_cut_00047_tr1_seg0,5,False,False,pose_detector_failure,140.44,0.0,0.0,0,0,0.0,0.0,0,,,0.0,0,,,0.0,0,,,0.0,0,,,0.0,0,,,0.0,0,,,0.0,0,,,0.0,0,,,0.0,0,,,0.0,0,,,0.0,0,,,0.0,0,,,0.0,0,,,0.0,0,,,0.0,0,,,0.0,0,,,0.0,0,,,0.0,0,,,0.0,0,,,0.0,0,,,0.0,0,,,0.0,0,,,0.0,0,,,0.0,0,,,0.0,0,,,0.0,0,,,0.0,0,,,0.0,0,,,0.0,0,,,0.0,0,,,0.0,0,,,0.0,0,,,0.0,0,,,0.0,0,,,0.0,0,,,0.0,0,,,0.0,0,,,0.0,0,,,0.0,0,,,0.0,0
cvb,Lying,train,cvb_1335_arm01_gopro4_20200323_035752_beh4_ani8_ins1_cut_00047_tr1_seg0,6,False,False,pose_detector_failure,142.97,0.0,0.0,0,0,0.0,0.0,0,,,0.0,0,,,0.0,0,,,0.0,0,,,0.0,0,,,0.0,0,,,0.0,0,,,0.0,0,,,0.0,0,,,0.0,0,,,0.0,0,,,0.0,0,,,0.0,0,,,0.0,0,,,0.0,0,,,0.0,0,,,0.0,0,,,0.0,0,,,0.0,0,,,0.0,0,,,0.0,0,,,0.0,0,,,0.0,0,,,0.0,0,,,0.0,0,,,0.0,0,,,0.0,0,,,0.0,0,,,0.0,0,,,0.0,0,,,0.0,0,,,0.0,0,,,0.0,0,,,0.0,0,,,0.0,0,,,0.0,0,,,0.0,0,,,0.0,0,,,0.0,0,,,0.0,0
cvb,Lying,train,cvb_1335_arm01_gopro4_20200323_035752_beh4_ani8_ins1_cut_00047_tr1_seg0,7,True,True,pose_output_returned,160.9,0.3022,0.2728,26,5,1.0,1.0,39,25.92,126.56,0.5135,1,25.47,131.8,0.2899,1,26.75,133.3,0.248,1,24.78,128.56,0.1812,1,32.32,130.39,0.4256,1,41.69,105.73,0.7148,1,41.45,105.92,0.2168,1,35.96,105.59,0.119,1,41.1,103.27,0.2807,1,49.3,96.56,0.1549,1,42.38,106.35,0.673,1,48.82,104.77,0.2749,1,46.91,102.59,0.1375,1,45.75,100.94,0.3116,1,45.07,100.77,0.1999,1,60.14,130.51,0.1407,1,76.01,149.0,0.1781,1,60.61,141.39,0.0903,1,76.44,151.18,0.1133,1,76.26,147.79,0.245,1,75.08,84.04,0.4317,1,72.57,87.92,0.2981,1,76.04,86.43,0.3488,1,89.28,213.76,0.2934,1,12.1,132.69,0.1403,1,12.04,177.16,0.4642,1,16.02,214.99,0.4614,1,11.2,155.57,0.3075,1,8.57,178.58,0.6236,1,14.56,215.87,0.586,1,14.42,214.66,0.4127,1,10.3,153.05,0.2418,1,13.3,151.91,0.2633,1,48.4,194.08,0.2728,1,92.36,210.98,0.4589,1,45.37,213.85,0.2328,1,10.04,135.76,0.1696,1,61.29,139.14,0.1635,1,60.5,155.9,0.1073,1
cvb,Lying,val,cvb_1321_arm01_gopro4_20200323_034011_beh4_ani5_ins1_cut_00045_tr2_seg0,0,True,True,pose_output_returned,150.49,0.2344,0.2067,21,2,1.0,1.0,39,128.76,106.24,0.1801,1,117.92,104.52,0.1714,1,175.12,186.43,0.2061,1,166.95,173.4,0.1189,1,148.41,160.73,0.2985,1,112.93,84.26,0.1206,1,115.78,39.82,0.2958,1,156.58,31.64,0.1046,1,114.99,41.96,0.1183,1,153.03,27.34,0.1343,1,132.33,111.09,0.2067,1,108.57,35.08,0.2437,1,118.04,26.83,0.1455,1,113.64,37.21,0.239,1,150.51,28.14,0.1329,1,79.46,89.68,0.5147,1,65.36,81.84,0.1819,1,85.88,163.94,0.1224,1,82.16,177.16,0.1553,1,56.27,83.27,0.2599,1,10.86,148.38,0.5046,1,16.72,132.74,0.3513,1,11.76,163.07,0.3106,1,138.7,113.96,0.4908,1,86.16,150.77,0.3107,1,200.37,172.97,0.277,1,201.81,189.55,0.1534,1,82.27,153.57,0.2543,1,146.03,196.44,0.4502,1,151.56,204.88,0.1492,1,36.94,205.44,0.1289,1,163.33,134.33,0.2364,1,38.79,179.43,0.2637,1,192.14,177.04,0.162,1,31.87,195.16,0.3612,1,38.21,207.05,0.1666,1,65.33,191.34,0.234,1,59.24,139.36,0.2177,1,80.99,138.87,0.1675,1
cvb,Lying,val,cvb_1321_arm01_gopro4_20200323_034011_beh4_ani5_ins1_cut_00045_tr2_seg0,1,True,True,pose_output_returned,152.76,0.2525,0.2267,23,3,1.0,1.0,39,119.76,61.23,0.289,1,118.21,62.96,0.1283,1,160.59,70.54,0.1181,1,180.21,57.65,0.1101,1,167.34,67.88,0.2211,1,83.87,54.69,0.2693,1,91.98,29.85,0.2682,1,89.65,21.3,0.1951,1,95.41,30.67,0.279,1,90.82,22.67,0.6315,1,83.29,54.81,0.2557,1,93.94,30.86,0.4779,1,93.39,20.59,0.2337,1,94.88,31.47,0.4153,1,90.6,23.82,0.5088,1,110.15,58.42,0.5968,1,114.16,34.65,0.2267,1,163.86,72.68,0.1939,1,114.39,65.96,0.1572,1,112.46,33.03,0.2614,1,99.28,50.68,0.1222,1,106.06,45.43,0.1668,1,101.83,50.03,0.1118,1,163.54,63.13,0.2169,1,168.63,98.99,0.2342,1,197.9,109.21,0.1676,1,55.17,80.62,0.4392,1,165.54,118.67,0.0818,1,198.38,106.12,0.0954,1,56.17,75.6,0.3284,1,61.64,77.92,0.1769,1,199.17,104.11,0.2222,1,79.44,61.64,0.1608,1,200.26,109.07,0.1994,1,75.94,56.11,0.0693,1,59.4,80.64,0.3629,1,153.36,113.33,0.337,1,103.83,83.24,0.2661,1,190.37,90.76,0.2517,1
cvb,Lying,val,cvb_1321_arm01_gopro4_20200323_034011_beh4_ani5_ins1_cut_00045_tr2_seg0,2,False,False,pose_detector_failure,134.11,0.0,0.0,0,0,0.0,0.0,0,,,0.0,0,,,0.0,0,,,0.0,0,,,0.0,0,,,0.0,0,,,0.0,0,,,0.0,0,,,0.0,0,,,0.0,0,,,0.0,0,,,0.0,0,,,0.0,0,,,0.0,0,,,0.0,0,,,0.0,0,,,0.0,0,,,0.0,0,,,0.0,0,,,0.0,0,,,0.0,0,,,0.0,0,,,0.0,0,,,0.0,0,,,0.0,0,,,0.0,0,,,0.0,0,,,0.0,0,,,0.0,0,,,0.0,0,,,0.0,0,,,0.0,0,,,0.0,0,,,0.0,0,,,0.0,0,,,0.0,0,,,0.0,0,,,0.0,0,,,0.0,0,,,0.0,0
cvb,Lying,val,cvb_1321_arm01_gopro4_20200323_034011_beh4_ani5_ins1_cut_00045_tr2_seg0,3,True,True,pose_output_returned,164.88,0.3965,0.3433,34,13,1.0,1.0,39,105.24,166.14,0.7928,1,104.91,168.4,0.6237,1,102.52,167.17,0.6104,1,100.2,163.56,0.5406,1,107.07,164.36,0.6353,1,103.49,144.42,0.6105,1,103.63,133.22,0.257,1,91.87,122.87,0.1593,1,104.26,134.15,0.3171,1,105.6,144.9,0.1329,1,114.45,147.65,0.7168,1,116.46,137.73,0.2948,1,117.58,135.29,0.2673,1,113.28,138.46,0.4967,1,120.14,133.08,0.2588,1,89.44,135.85,0.4194,1,87.6,106.24,0.2888,1,88.38,148.48,0.4045,1,87.66,150.42,0.2887,1,85.48,104.72,0.2542,1,24.44,106.69,0.6003,1,52.1,100.15,0.5522,1,22.79,110.41,0.6345,1,10.28,190.89,0.3658,1,69.65,150.16,0.6979,1,75.11,190.85,0.226,1,73.43,207.17,0.6237,1,71.12,152.58,0.2768,1,70.13,187.22,0.0939,1,40.0,201.54,0.2213,1,74.08,208.93,0.5246,1,71.58,157.67,0.2281,1,19.44,164.12,0.102,1,74.83,194.36,0.4927,1,73.82,194.3,0.2988,1,104.05,211.67,0.3562,1,57.88,171.91,0.3433,1,50.37,131.65,0.1967,1,45.49,129.86,0.26,1
cvb,Lying,val,cvb_1321_arm01_gopro4_20200323_034011_beh4_ani5_ins1_cut_00045_tr2_seg0,4,False,False,pose_detector_failure,131.49,0.0,0.0,0,0,0.0,0.0,0,,,0.0,0,,,0.0,0,,,0.0,0,,,0.0,0,,,0.0,0,,,0.0,0,,,0.0,0,,,0.0,0,,,0.0,0,,,0.0,0,,,0.0,0,,,0.0,0,,,0.0,0,,,0.0,0,,,0.0,0,,,0.0,0,,,0.0,0,,,0.0,0,,,0.0,0,,,0.0,0,,,0.0,0,,,0.0,0,,,0.0,0,,,0.0,0,,,0.0,0,,,0.0,0,,,0.0,0,,,0.0,0,,,0.0,0,,,0.0,0,,,0.0,0,,,0.0,0,,,0.0,0,,,0.0,0,,,0.0,0,,,0.0,0,,,0.0,0,,,0.0,0,,,0.0,0
cvb,Lying,val,cvb_1321_arm01_gopro4_20200323_034011_beh4_ani5_ins1_cut_00045_tr2_seg0,5,False,False,pose_detector_failure,145.36,0.0,0.0,0,0,0.0,0.0,0,,,0.0,0,,,0.0,0,,,0.0,0,,,0.0,0,,,0.0,0,,,0.0,0,,,0.0,0,,,0.0,0,,,0.0,0,,,0.0,0,,,0.0,0,,,0.0,0,,,0.0,0,,,0.0,0,,,0.0,0,,,0.0,0,,,0.0,0,,,0.0,0,,,0.0,0,,,0.0,0,,,0.0,0,,,0.0,0,,,0.0,0,,,0.0,0,,,0.0,0,,,0.0,0,,,0.0,0,,,0.0,0,,,0.0,0,,,0.0,0,,,0.0,0,,,0.0,0,,,0.0,0,,,0.0,0,,,0.0,0,,,0.0,0,,,0.0,0,,,0.0,0,,,0.0,0
cvb,Lying,val,cvb_1321_arm01_gopro4_20200323_034011_beh4_ani5_ins1_cut_00045_tr2_seg0,6,True,True,pose_output_returned,161.2,0.1864,0.1431,11,1,0.9744,1.0,38,11.32,183.05,0.0983,1,69.71,201.1,0.0574,1,13.9,186.74,0.1274,1,64.86,198.79,0.035,1,87.56,193.81,0.0423,1,92.26,138.6,0.055,1,26.69,110.16,0.0457,1,26.26,110.0,0.1424,1,96.66,102.89,0.0823,1,56.98,184.45,0.1299,1,11.74,155.94,0.0623,1,57.21,188.99,0.0494,1,95.12,101.62,0.0741,1,100.4,131.43,0.1139,1,99.01,99.28,0.0971,1,90.99,135.74,0.163,1,74.76,100.3,0.1552,1,91.71,152.82,0.0626,1,91.36,152.65,0.1431,1,70.87,99.62,0.1856,1,25.04,105.32,0.4134,1,46.27,99.69,0.294,1,24.45,107.67,0.4281,1,7.07,205.79,0.0606,0,68.12,150.18,0.2945,1,13.8,179.82,0.1615,1,70.29,204.09,0.711,1,57.79,152.85,0.1744,1,62.96,189.85,0.0792,1,66.38,201.67,0.3947,1,66.01,204.46,0.3313,1,69.27,154.08,0.3316,1,67.49,152.72,0.1877,1,50.68,189.89,0.3272,1,78.52,190.42,0.3717,1,66.52,203.39,0.1251,1,69.19,155.57,0.2986,1,47.14,135.45,0.182,1,49.41,124.38,0.181,1
cvb,Lying,val,cvb_1321_arm01_gopro4_20200323_034011_beh4_ani5_ins1_cut_00045_tr2_seg0,7,True,True,pose_output_returned,157.57,0.3883,0.3716,34,10,0.9744,1.0,38,107.73,166.23,0.5765,1,107.15,167.58,0.4619,1,104.97,166.63,0.3563,1,103.06,161.28,0.4758,1,110.14,162.37,0.3732,1,104.54,149.88,0.5898,1,106.86,139.19,0.2861,1,114.49,135.18,0.3399,1,104.14,142.46,0.3558,1,110.94,135.02,0.1846,1,110.67,150.96,0.7209,1,112.99,140.55,0.4097,1,114.55,135.09,0.3114,1,110.57,141.15,0.5356,1,115.88,134.96,0.3422,1,92.67,140.52,0.5389,1,92.34,132.89,0.1692,1,94.18,153.55,0.5447,1,91.59,154.51,0.4674,1,71.71,102.35,0.1709,1,26.06,106.37,0.3984,1,54.34,101.18,0.5188,1,23.71,111.05,0.3926,1,9.72,207.46,0.1307,0,71.33,155.18,0.317,1,86.78,182.52,0.3488,1,85.99,203.47,0.3716,1,75.4,153.84,0.3727,1,84.17,181.85,0.24,1,85.63,205.61,0.2896,1,49.46,206.41,0.4265,1,35.6,160.47,0.2392,1,73.04,158.74,0.1912,1,50.57,191.1,0.6604,1,78.56,190.56,0.5967,1,90.6,209.7,0.6974,1,67.27,157.02,0.2934,1,52.88,131.79,0.2424,1,54.0,126.88,0.2056,1
cvb,Lying,val,cvb_1317_arm01_gopro4_20200323_034011_beh6_ani1_ins1_cut_00003_tr1_seg0,0,False,False,pose_detector_failure,135.3,0.0,0.0,0,0,0.0,0.0,0,,,0.0,0,,,0.0,0,,,0.0,0,,,0.0,0,,,0.0,0,,,0.0,0,,,0.0,0,,,0.0,0,,,0.0,0,,,0.0,0,,,0.0,0,,,0.0,0,,,0.0,0,,,0.0,0,,,0.0,0,,,0.0,0,,,0.0,0,,,0.0,0,,,0.0,0,,,0.0,0,,,0.0,0,,,0.0,0,,,0.0,0,,,0.0,0,,,0.0,0,,,0.0,0,,,0.0,0,,,0.0,0,,,0.0,0,,,0.0,0,,,0.0,0,,,0.0,0,,,0.0,0,,,0.0,0,,,0.0,0,,,0.0,0,,,0.0,0,,,0.0,0,,,0.0,0
cvb,Lying,val,cvb_1317_arm01_gopro4_20200323_034011_beh6_ani1_ins1_cut_00003_tr1_seg0,1,False,False,pose_detector_failure,144.43,0.0,0.0,0,0,0.0,0.0,0,,,0.0,0,,,0.0,0,,,0.0,0,,,0.0,0,,,0.0,0,,,0.0,0,,,0.0,0,,,0.0,0,,,0.0,0,,,0.0,0,,,0.0,0,,,0.0,0,,,0.0,0,,,0.0,0,,,0.0,0,,,0.0,0,,,0.0,0,,,0.0,0,,,0.0,0,,,0.0,0,,,0.0,0,,,0.0,0,,,0.0,0,,,0.0,0,,,0.0,0,,,0.0,0,,,0.0,0,,,0.0,0,,,0.0,0,,,0.0,0,,,0.0,0,,,0.0,0,,,0.0,0,,,0.0,0,,,0.0,0,,,0.0,0,,,0.0,0,,,0.0,0,,,0.0,0
cvb,Lying,val,cvb_1317_arm01_gopro4_20200323_034011_beh6_ani1_ins1_cut_00003_tr1_seg0,2,False,False,pose_detector_failure,143.74,0.0,0.0,0,0,0.0,0.0,0,,,0.0,0,,,0.0,0,,,0.0,0,,,0.0,0,,,0.0,0,,,0.0,0,,,0.0,0,,,0.0,0,,,0.0,0,,,0.0,0,,,0.0,0,,,0.0,0,,,0.0,0,,,0.0,0,,,0.0,0,,,0.0,0,,,0.0,0,,,0.0,0,,,0.0,0,,,0.0,0,,,0.0,0,,,0.0,0,,,0.0,0,,,0.0,0,,,0.0,0,,,0.0,0,,,0.0,0,,,0.0,0,,,0.0,0,,,0.0,0,,,0.0,0,,,0.0,0,,,0.0,0,,,0.0,0,,,0.0,0,,,0.0,0,,,0.0,0,,,0.0,0,,,0.0,0
cvb,Lying,val,cvb_1317_arm01_gopro4_20200323_034011_beh6_ani1_ins1_cut_00003_tr1_seg0,3,False,False,pose_detector_failure,142.95,0.0,0.0,0,0,0.0,0.0,0,,,0.0,0,,,0.0,0,,,0.0,0,,,0.0,0,,,0.0,0,,,0.0,0,,,0.0,0,,,0.0,0,,,0.0,0,,,0.0,0,,,0.0,0,,,0.0,0,,,0.0,0,,,0.0,0,,,0.0,0,,,0.0,0,,,0.0,0,,,0.0,0,,,0.0,0,,,0.0,0,,,0.0,0,,,0.0,0,,,0.0,0,,,0.0,0,,,0.0,0,,,0.0,0,,,0.0,0,,,0.0,0,,,0.0,0,,,0.0,0,,,0.0,0,,,0.0,0,,,0.0,0,,,0.0,0,,,0.0,0,,,0.0,0,,,0.0,0,,,0.0,0,,,0.0,0
cvb,Lying,val,cvb_1317_arm01_gopro4_20200323_034011_beh6_ani1_ins1_cut_00003_tr1_seg0,4,False,False,pose_detector_failure,146.41,0.0,0.0,0,0,0.0,0.0,0,,,0.0,0,,,0.0,0,,,0.0,0,,,0.0,0,,,0.0,0,,,0.0,0,,,0.0,0,,,0.0,0,,,0.0,0,,,0.0,0,,,0.0,0,,,0.0,0,,,0.0,0,,,0.0,0,,,0.0,0,,,0.0,0,,,0.0,0,,,0.0,0,,,0.0,0,,,0.0,0,,,0.0,0,,,0.0,0,,,0.0,0,,,0.0,0,,,0.0,0,,,0.0,0,,,0.0,0,,,0.0,0,,,0.0,0,,,0.0,0,,,0.0,0,,,0.0,0,,,0.0,0,,,0.0,0,,,0.0,0,,,0.0,0,,,0.0,0,,,0.0,0,,,0.0,0
cvb,Lying,val,cvb_1317_arm01_gopro4_20200323_034011_beh6_ani1_ins1_cut_00003_tr1_seg0,5,False,False,pose_detector_failure,141.12,0.0,0.0,0,0,0.0,0.0,0,,,0.0,0,,,0.0,0,,,0.0,0,,,0.0,0,,,0.0,0,,,0.0,0,,,0.0,0,,,0.0,0,,,0.0,0,,,0.0,0,,,0.0,0,,,0.0,0,,,0.0,0,,,0.0,0,,,0.0,0,,,0.0,0,,,0.0,0,,,0.0,0,,,0.0,0,,,0.0,0,,,0.0,0,,,0.0,0,,,0.0,0,,,0.0,0,,,0.0,0,,,0.0,0,,,0.0,0,,,0.0,0,,,0.0,0,,,0.0,0,,,0.0,0,,,0.0,0,,,0.0,0,,,0.0,0,,,0.0,0,,,0.0,0,,,0.0,0,,,0.0,0,,,0.0,0
cvb,Lying,val,cvb_1317_arm01_gopro4_20200323_034011_beh6_ani1_ins1_cut_00003_tr1_seg0,6,False,False,pose_detector_failure,148.51,0.0,0.0,0,0,0.0,0.0,0,,,0.0,0,,,0.0,0,,,0.0,0,,,0.0,0,,,0.0,0,,,0.0,0,,,0.0,0,,,0.0,0,,,0.0,0,,,0.0,0,,,0.0,0,,,0.0,0,,,0.0,0,,,0.0,0,,,0.0,0,,,0.0,0,,,0.0,0,,,0.0,0,,,0.0,0,,,0.0,0,,,0.0,0,,,0.0,0,,,0.0,0,,,0.0,0,,,0.0,0,,,0.0,0,,,0.0,0,,,0.0,0,,,0.0,0,,,0.0,0,,,0.0,0,,,0.0,0,,,0.0,0,,,0.0,0,,,0.0,0,,,0.0,0,,,0.0,0,,,0.0,0,,,0.0,0
cvb,Lying,val,cvb_1317_arm01_gopro4_20200323_034011_beh6_ani1_ins1_cut_00003_tr1_seg0,7,False,False,pose_detector_failure,143.17,0.0,0.0,0,0,0.0,0.0,0,,,0.0,0,,,0.0,0,,,0.0,0,,,0.0,0,,,0.0,0,,,0.0,0,,,0.0,0,,,0.0,0,,,0.0,0,,,0.0,0,,,0.0,0,,,0.0,0,,,0.0,0,,,0.0,0,,,0.0,0,,,0.0,0,,,0.0,0,,,0.0,0,,,0.0,0,,,0.0,0,,,0.0,0,,,0.0,0,,,0.0,0,,,0.0,0,,,0.0,0,,,0.0,0,,,0.0,0,,,0.0,0,,,0.0,0,,,0.0,0,,,0.0,0,,,0.0,0,,,0.0,0,,,0.0,0,,,0.0,0,,,0.0,0,,,0.0,0,,,0.0,0,,,0.0,0
cvb,Feeding,train,cvb_0604_arm01_gopro1_20200324_230913_beh8_ani8_ins1_cut_2_tr1_seg0,0,True,True,pose_output_returned,162.68,0.6663,0.6917,39,30,1.0,1.0,39,200.38,205.75,0.8591,1,198.58,211.48,0.796,1,194.36,210.8,0.7289,1,189.99,201.74,0.5618,1,204.97,205.37,0.6032,1,187.29,165.35,0.6917,1,176.17,148.63,0.6161,1,165.13,141.84,0.2843,1,182.8,137.05,0.7197,1,198.12,134.65,0.4599,1,210.54,162.83,0.9292,1,209.03,133.3,0.8133,1,213.46,129.58,0.5958,1,206.51,132.82,0.7918,1,214.29,134.26,0.712,1,135.93,99.18,0.4013,1,164.01,97.45,0.4034,1,158.64,157.44,0.5074,1,141.7,150.76,0.4663,1,164.28,93.8,0.3551,1,45.47,15.26,0.909,1,86.59,22.41,0.8032,1,42.1,18.47,1.0,1,10.84,155.07,0.5246,1,130.59,145.25,0.5894,1,132.07,173.63,0.5479,1,132.12,206.73,0.513,1,117.47,144.38,0.752,1,127.85,175.55,0.9321,1,126.36,213.09,0.9911,1,82.54,198.84,1.0,1,67.04,127.44,0.7405,1,40.31,120.88,0.6439,1,73.44,166.35,0.8656,1,52.08,164.88,0.9005,1,59.28,201.58,0.9034,1,61.38,135.69,0.4591,1,49.57,88.93,0.3954,1,54.54,96.41,0.2176,1
cvb,Feeding,train,cvb_0604_arm01_gopro1_20200324_230913_beh8_ani8_ins1_cut_2_tr1_seg0,1,True,True,pose_output_returned,154.87,0.3676,0.3608,36,6,1.0,1.0,39,169.81,120.14,0.7029,1,168.35,121.09,0.5611,1,168.17,123.63,0.3691,1,165.58,121.94,0.4892,1,173.17,122.4,0.4549,1,166.82,112.29,0.4772,1,164.24,112.29,0.3608,1,159.4,108.13,0.3303,1,168.39,109.32,0.3922,1,163.98,105.4,0.2351,1,175.36,117.43,0.5109,1,184.46,114.22,0.548,1,185.8,110.99,0.4865,1,179.16,112.86,0.3632,1,188.55,114.37,0.3599,1,179.66,130.55,0.3014,1,188.37,117.67,0.1702,1,170.98,143.36,0.3932,1,173.79,145.01,0.43,1,199.21,121.53,0.2648,1,218.06,176.59,0.2772,1,209.02,154.16,0.4489,1,217.79,179.25,0.512,1,219.8,184.05,0.0639,1,188.51,137.81,0.2615,1,162.57,170.15,0.3793,1,162.95,190.24,0.2211,1,160.72,150.21,0.5099,1,158.77,169.21,0.4596,1,158.72,192.18,0.3397,1,207.14,184.9,0.2523,1,197.29,175.46,0.2634,1,212.13,181.4,0.1962,1,202.79,162.42,0.2719,1,205.57,162.59,0.3196,1,206.27,184.93,0.239,1,179.6,164.74,0.3131,1,174.49,158.5,0.351,1,199.47,149.99,0.4555,1
cvb,Feeding,train,cvb_0604_arm01_gopro1_20200324_230913_beh8_ani8_ins1_cut_2_tr1_seg0,2,True,True,pose_output_returned,156.68,0.5753,0.5952,35,28,1.0,1.0,39,180.29,203.73,0.7422,1,178.39,208.51,0.6677,1,175.67,207.84,0.6367,1,171.99,202.95,0.5316,1,184.66,200.74,0.5623,1,165.35,166.82,0.6076,1,160.0,139.46,0.2974,1,155.68,124.24,0.3783,1,165.11,147.87,0.3616,1,182.76,141.66,0.25,1,187.94,164.69,0.8326,1,188.86,145.05,0.619,1,193.06,145.31,0.5604,1,184.0,141.46,0.5374,1,198.17,143.62,0.566,1,138.95,81.71,0.8368,1,149.25,59.49,0.1588,1,134.66,132.2,0.3423,1,124.95,129.42,0.3525,1,145.81,48.99,0.1839,1,13.82,35.56,0.663,1,97.73,27.88,0.5625,1,11.86,39.88,0.7956,1,36.22,152.06,0.1022,1,105.7,130.28,0.5955,1,135.56,165.26,0.5628,1,140.05,193.19,1.0,1,105.48,134.18,0.7967,1,112.08,170.99,0.8155,1,117.94,206.74,0.8186,1,79.47,186.75,0.8861,1,35.24,116.79,0.5742,1,42.62,118.78,0.5952,1,69.92,156.25,0.8339,1,46.9,160.57,0.7737,1,49.28,191.92,0.9743,1,81.81,130.0,0.6552,1,65.05,79.45,0.1926,1,75.08,78.61,0.2128,1
cvb,Feeding,train,cvb_0604_arm01_gopro1_20200324_230913_beh8_ani8_ins1_cut_2_tr1_seg0,3,True,True,pose_output_returned,154.05,0.4879,0.4381,36,19,1.0,1.0,39,168.0,117.5,0.3566,1,164.8,122.63,0.3295,1,161.17,123.83,0.3874,1,155.12,109.54,0.3743,1,171.49,121.58,0.3584,1,158.62,81.76,0.6413,1,151.66,65.82,0.3123,1,151.2,65.07,0.3739,1,162.71,150.83,0.308,1,170.58,134.42,0.2859,1,170.54,80.88,0.5508,1,156.07,65.91,0.231,1,190.37,155.44,0.1644,1,172.48,145.87,0.399,1,187.68,154.67,0.3903,1,139.91,78.76,0.7078,1,146.6,45.8,0.1716,1,133.38,138.5,0.1822,1,126.62,140.15,0.2751,1,146.2,43.03,0.2292,1,16.63,32.82,0.6659,1,75.11,30.97,0.5348,1,12.35,38.44,0.7747,1,36.9,174.92,0.6842,1,110.6,136.06,0.5476,1,118.68,170.88,0.7015,1,122.08,208.37,0.5063,1,106.52,138.09,0.6657,1,117.41,169.25,0.7878,1,120.55,210.09,1.0,1,78.57,190.22,1.0,1,35.28,112.23,0.4381,1,32.35,120.67,0.5844,1,66.97,157.44,0.5754,1,45.38,159.56,0.5657,1,48.45,195.68,0.9277,1,82.44,134.25,0.5502,1,67.9,80.2,0.2427,1,92.41,78.96,0.2446,1
cvb,Feeding,train,cvb_0604_arm01_gopro1_20200324_230913_beh8_ani8_ins1_cut_2_tr1_seg0,4,False,False,pose_detector_failure,137.59,0.0,0.0,0,0,0.0,0.0,0,,,0.0,0,,,0.0,0,,,0.0,0,,,0.0,0,,,0.0,0,,,0.0,0,,,0.0,0,,,0.0,0,,,0.0,0,,,0.0,0,,,0.0,0,,,0.0,0,,,0.0,0,,,0.0,0,,,0.0,0,,,0.0,0,,,0.0,0,,,0.0,0,,,0.0,0,,,0.0,0,,,0.0,0,,,0.0,0,,,0.0,0,,,0.0,0,,,0.0,0,,,0.0,0,,,0.0,0,,,0.0,0,,,0.0,0,,,0.0,0,,,0.0,0,,,0.0,0,,,0.0,0,,,0.0,0,,,0.0,0,,,0.0,0,,,0.0,0,,,0.0,0,,,0.0,0
cvb,Feeding,train,cvb_0604_arm01_gopro1_20200324_230913_beh8_ani8_ins1_cut_2_tr1_seg0,5,True,True,pose_output_returned,165.93,0.5169,0.5499,34,22,1.0,1.0,39,190.46,195.09,0.779,1,191.13,198.55,0.7652,1,186.97,198.29,0.6359,1,179.33,197.91,0.5491,1,192.14,190.21,0.5846,1,169.91,175.21,0.6156,1,144.95,161.87,0.2685,1,129.05,151.82,0.4438,1,162.74,147.63,0.2933,1,181.24,154.29,0.1725,1,184.34,167.1,0.7581,1,181.42,150.09,0.4116,1,190.27,149.46,0.265,1,174.95,148.99,0.4787,1,188.88,149.49,0.3202,1,149.54,100.18,0.486,1,170.61,79.66,0.1239,1,120.3,162.37,0.1217,1,137.78,127.62,0.2114,1,173.11,76.97,0.1732,1,13.68,53.32,0.9652,1,79.9,47.64,0.7539,1,9.02,59.31,0.896,1,194.11,107.55,0.1483,1,88.97,137.09,0.6546,1,85.43,165.23,0.6542,1,95.32,189.9,0.6689,1,89.89,138.77,0.7706,1,110.34,169.79,0.5083,1,117.1,208.91,0.5936,1,95.53,189.12,0.6153,1,42.75,126.49,0.5499,1,44.5,130.35,0.7727,1,52.33,161.47,0.4909,1,53.8,165.52,0.767,1,61.81,191.49,0.5553,1,68.94,137.57,0.7552,1,67.42,94.08,0.3515,1,78.37,97.33,0.2315,1
cvb,Feeding,train,cvb_0604_arm01_gopro1_20200324_230913_beh8_ani8_ins1_cut_2_tr1_seg0,6,False,False,pose_detector_failure,137.09,0.0,0.0,0,0,0.0,0.0,0,,,0.0,0,,,0.0,0,,,0.0,0,,,0.0,0,,,0.0,0,,,0.0,0,,,0.0,0,,,0.0,0,,,0.0,0,,,0.0,0,,,0.0,0,,,0.0,0,,,0.0,0,,,0.0,0,,,0.0,0,,,0.0,0,,,0.0,0,,,0.0,0,,,0.0,0,,,0.0,0,,,0.0,0,,,0.0,0,,,0.0,0,,,0.0,0,,,0.0,0,,,0.0,0,,,0.0,0,,,0.0,0,,,0.0,0,,,0.0,0,,,0.0,0,,,0.0,0,,,0.0,0,,,0.0,0,,,0.0,0,,,0.0,0,,,0.0,0,,,0.0,0,,,0.0,0
cvb,Feeding,train,cvb_0604_arm01_gopro1_20200324_230913_beh8_ani8_ins1_cut_2_tr1_seg0,7,True,True,pose_output_returned,165.2,0.3877,0.2979,28,14,1.0,1.0,39,134.66,205.55,0.113,1,132.94,213.26,0.1089,1,131.71,212.74,0.1321,1,132.4,203.78,0.124,1,186.27,206.8,0.2091,1,125.32,178.79,0.5044,1,118.17,174.05,0.2101,1,106.45,170.3,0.2117,1,129.06,172.4,0.2979,1,182.71,162.89,0.1314,1,138.45,181.42,0.2055,1,120.48,169.58,0.1869,1,189.82,106.57,0.1688,1,128.25,171.01,0.3177,1,173.66,171.55,0.1915,1,160.24,100.58,0.401,1,167.3,98.21,0.0977,1,138.39,148.8,0.2529,1,109.49,153.45,0.2153,1,162.06,67.11,0.1333,1,16.22,53.51,0.6069,1,95.96,45.38,0.6529,1,13.99,56.91,0.5338,1,13.47,114.07,0.1909,1,102.46,144.09,0.6565,1,104.05,171.25,0.6764,1,103.96,185.98,0.2316,1,97.42,146.56,0.6767,1,101.21,166.28,0.7168,1,80.7,170.39,0.3154,1,51.8,190.3,0.4002,1,40.24,129.43,0.6856,1,33.58,132.03,0.8762,1,36.46,159.38,0.8024,1,42.32,163.31,0.8405,1,51.36,193.86,0.8,1,65.24,139.04,0.5784,1,67.39,94.76,0.4303,1,75.17,89.69,0.234,1
cvb,Feeding,train,cvb_0974_arm01_gopro1_20200327_001756_beh1_ani1_ins1_cut_00004_tr5_seg0,0,True,True,pose_output_returned,157.7,0.3642,0.1959,18,14,0.7436,0.7222,29,28.89,208.89,0.1424,1,167.58,216.74,0.0883,0,168.28,213.78,0.1927,0,23.91,111.24,0.0909,1,186.23,149.32,0.0953,0,18.74,125.46,0.0583,1,168.81,20.46,0.059,1,10.69,13.26,0.069,0,23.36,146.82,0.1107,1,13.64,140.57,0.0902,1,23.17,166.58,0.1257,1,16.49,148.78,0.1067,1,10.57,152.65,0.0606,1,184.81,175.07,0.1355,0,6.1,135.3,0.15,1,32.26,85.5,0.5996,1,48.24,36.82,0.1708,1,48.3,161.57,0.1362,1,35.64,133.78,0.2567,1,47.33,31.13,0.1751,1,188.27,11.49,0.6953,1,103.57,10.3,0.6936,1,195.86,14.74,0.6686,1,199.76,99.22,0.1175,1,70.6,136.61,0.928,1,61.61,178.24,0.4565,1,32.94,209.37,0.5849,1,79.06,139.19,0.7438,1,66.47,177.35,0.5907,1,65.84,210.41,0.8559,1,161.71,214.17,0.8425,0,159.24,125.37,0.7491,1,204.93,106.07,0.4193,0,176.27,163.33,0.8298,0,196.16,160.9,0.4858,0,165.0,212.85,0.5589,0,115.07,134.1,0.6769,1,112.44,87.36,0.1963,1,105.41,91.95,0.1959,1
cvb,Feeding,train,cvb_0974_arm01_gopro1_20200327_001756_beh1_ani1_ins1_cut_00004_tr5_seg0,1,False,False,pose_detector_failure,134.86,0.0,0.0,0,0,0.0,0.0,0,,,0.0,0,,,0.0,0,,,0.0,0,,,0.0,0,,,0.0,0,,,0.0,0,,,0.0,0,,,0.0,0,,,0.0,0,,,0.0,0,,,0.0,0,,,0.0,0,,,0.0,0,,,0.0,0,,,0.0,0,,,0.0,0,,,0.0,0,,,0.0,0,,,0.0,0,,,0.0,0,,,0.0,0,,,0.0,0,,,0.0,0,,,0.0,0,,,0.0,0,,,0.0,0,,,0.0,0,,,0.0,0,,,0.0,0,,,0.0,0,,,0.0,0,,,0.0,0,,,0.0,0,,,0.0,0,,,0.0,0,,,0.0,0,,,0.0,0,,,0.0,0,,,0.0,0
cvb,Feeding,train,cvb_0974_arm01_gopro1_20200327_001756_beh1_ani1_ins1_cut_00004_tr5_seg0,2,False,False,pose_detector_failure,149.55,0.0,0.0,0,0,0.0,0.0,0,,,0.0,0,,,0.0,0,,,0.0,0,,,0.0,0,,,0.0,0,,,0.0,0,,,0.0,0,,,0.0,0,,,0.0,0,,,0.0,0,,,0.0,0,,,0.0,0,,,0.0,0,,,0.0,0,,,0.0,0,,,0.0,0,,,0.0,0,,,0.0,0,,,0.0,0,,,0.0,0,,,0.0,0,,,0.0,0,,,0.0,0,,,0.0,0,,,0.0,0,,,0.0,0,,,0.0,0,,,0.0,0,,,0.0,0,,,0.0,0,,,0.0,0,,,0.0,0,,,0.0,0,,,0.0,0,,,0.0,0,,,0.0,0,,,0.0,0,,,0.0,0,,,0.0,0
cvb,Feeding,train,cvb_0974_arm01_gopro1_20200327_001756_beh1_ani1_ins1_cut_00004_tr5_seg0,3,True,True,pose_output_returned,166.35,0.3606,0.3579,32,10,0.6923,0.75,27,132.57,166.68,0.3579,0,134.23,170.95,0.2592,0,131.01,170.46,0.2137,0,127.81,165.72,0.2602,0,133.78,163.81,0.2564,0,32.21,122.07,0.5259,1,26.27,103.02,0.556,1,27.34,94.39,0.4414,1,25.84,102.78,0.537,1,29.71,92.89,0.5378,1,34.97,122.16,0.4279,1,34.89,103.98,0.5098,1,130.03,145.71,0.3762,0,33.54,105.9,0.6101,1,32.35,92.74,0.4553,1,124.28,150.8,0.4008,0,122.15,149.03,0.1763,0,39.05,136.87,0.0946,1,53.73,152.26,0.1199,1,123.24,147.22,0.1654,0,44.87,128.96,0.1894,1,130.25,165.46,0.1293,0,46.53,129.2,0.2053,1,97.67,174.32,0.0461,0,64.23,150.26,0.4623,1,98.91,172.28,0.3092,0,51.49,210.02,0.3213,1,67.57,152.16,0.3496,1,59.7,183.72,0.2313,1,33.91,215.66,0.5275,1,32.67,218.67,0.621,1,30.95,153.76,0.4843,1,61.28,149.61,0.6032,1,58.98,183.98,0.4368,1,60.64,183.93,0.7358,1,54.45,215.31,0.2743,1,83.23,154.39,0.3593,1,83.53,121.2,0.233,1,85.11,120.93,0.2631,1
cvb,Feeding,train,cvb_0974_arm01_gopro1_20200327_001756_beh1_ani1_ins1_cut_00004_tr5_seg0,4,False,False,pose_detector_failure,135.6,0.0,0.0,0,0,0.0,0.0,0,,,0.0,0,,,0.0,0,,,0.0,0,,,0.0,0,,,0.0,0,,,0.0,0,,,0.0,0,,,0.0,0,,,0.0,0,,,0.0,0,,,0.0,0,,,0.0,0,,,0.0,0,,,0.0,0,,,0.0,0,,,0.0,0,,,0.0,0,,,0.0,0,,,0.0,0,,,0.0,0,,,0.0,0,,,0.0,0,,,0.0,0,,,0.0,0,,,0.0,0,,,0.0,0,,,0.0,0,,,0.0,0,,,0.0,0,,,0.0,0,,,0.0,0,,,0.0,0,,,0.0,0,,,0.0,0,,,0.0,0,,,0.0,0,,,0.0,0,,,0.0,0,,,0.0,0
cvb,Feeding,train,cvb_0974_arm01_gopro1_20200327_001756_beh1_ani1_ins1_cut_00004_tr5_seg0,5,False,False,pose_detector_failure,143.08,0.0,0.0,0,0,0.0,0.0,0,,,0.0,0,,,0.0,0,,,0.0,0,,,0.0,0,,,0.0,0,,,0.0,0,,,0.0,0,,,0.0,0,,,0.0,0,,,0.0,0,,,0.0,0,,,0.0,0,,,0.0,0,,,0.0,0,,,0.0,0,,,0.0,0,,,0.0,0,,,0.0,0,,,0.0,0,,,0.0,0,,,0.0,0,,,0.0,0,,,0.0,0,,,0.0,0,,,0.0,0,,,0.0,0,,,0.0,0,,,0.0,0,,,0.0,0,,,0.0,0,,,0.0,0,,,0.0,0,,,0.0,0,,,0.0,0,,,0.0,0,,,0.0,0,,,0.0,0,,,0.0,0,,,0.0,0
cvb,Feeding,train,cvb_0974_arm01_gopro1_20200327_001756_beh1_ani1_ins1_cut_00004_tr5_seg0,6,False,False,pose_detector_failure,147.7,0.0,0.0,0,0,0.0,0.0,0,,,0.0,0,,,0.0,0,,,0.0,0,,,0.0,0,,,0.0,0,,,0.0,0,,,0.0,0,,,0.0,0,,,0.0,0,,,0.0,0,,,0.0,0,,,0.0,0,,,0.0,0,,,0.0,0,,,0.0,0,,,0.0,0,,,0.0,0,,,0.0,0,,,0.0,0,,,0.0,0,,,0.0,0,,,0.0,0,,,0.0,0,,,0.0,0,,,0.0,0,,,0.0,0,,,0.0,0,,,0.0,0,,,0.0,0,,,0.0,0,,,0.0,0,,,0.0,0,,,0.0,0,,,0.0,0,,,0.0,0,,,0.0,0,,,0.0,0,,,0.0,0,,,0.0,0
cvb,Feeding,train,cvb_0974_arm01_gopro1_20200327_001756_beh1_ani1_ins1_cut_00004_tr5_seg0,7,False,False,pose_detector_failure,150.31,0.0,0.0,0,0,0.0,0.0,0,,,0.0,0,,,0.0,0,,,0.0,0,,,0.0,0,,,0.0,0,,,0.0,0,,,0.0,0,,,0.0,0,,,0.0,0,,,0.0,0,,,0.0,0,,,0.0,0,,,0.0,0,,,0.0,0,,,0.0,0,,,0.0,0,,,0.0,0,,,0.0,0,,,0.0,0,,,0.0,0,,,0.0,0,,,0.0,0,,,0.0,0,,,0.0,0,,,0.0,0,,,0.0,0,,,0.0,0,,,0.0,0,,,0.0,0,,,0.0,0,,,0.0,0,,,0.0,0,,,0.0,0,,,0.0,0,,,0.0,0,,,0.0,0,,,0.0,0,,,0.0,0,,,0.0,0
cvb,Feeding,train,cvb_0925_arm01_gopro1_20200326_223144_beh1_ani3_ins1_cut_00028_tr8_seg0,0,False,False,pose_detector_failure,152.56,0.0,0.0,0,0,0.0,0.0,0,,,0.0,0,,,0.0,0,,,0.0,0,,,0.0,0,,,0.0,0,,,0.0,0,,,0.0,0,,,0.0,0,,,0.0,0,,,0.0,0,,,0.0,0,,,0.0,0,,,0.0,0,,,0.0,0,,,0.0,0,,,0.0,0,,,0.0,0,,,0.0,0,,,0.0,0,,,0.0,0,,,0.0,0,,,0.0,0,,,0.0,0,,,0.0,0,,,0.0,0,,,0.0,0,,,0.0,0,,,0.0,0,,,0.0,0,,,0.0,0,,,0.0,0,,,0.0,0,,,0.0,0,,,0.0,0,,,0.0,0,,,0.0,0,,,0.0,0,,,0.0,0,,,0.0,0
cvb,Feeding,train,cvb_0925_arm01_gopro1_20200326_223144_beh1_ani3_ins1_cut_00028_tr8_seg0,1,False,False,pose_detector_failure,145.87,0.0,0.0,0,0,0.0,0.0,0,,,0.0,0,,,0.0,0,,,0.0,0,,,0.0,0,,,0.0,0,,,0.0,0,,,0.0,0,,,0.0,0,,,0.0,0,,,0.0,0,,,0.0,0,,,0.0,0,,,0.0,0,,,0.0,0,,,0.0,0,,,0.0,0,,,0.0,0,,,0.0,0,,,0.0,0,,,0.0,0,,,0.0,0,,,0.0,0,,,0.0,0,,,0.0,0,,,0.0,0,,,0.0,0,,,0.0,0,,,0.0,0,,,0.0,0,,,0.0,0,,,0.0,0,,,0.0,0,,,0.0,0,,,0.0,0,,,0.0,0,,,0.0,0,,,0.0,0,,,0.0,0,,,0.0,0
cvb,Feeding,train,cvb_0925_arm01_gopro1_20200326_223144_beh1_ani3_ins1_cut_00028_tr8_seg0,2,False,False,pose_detector_failure,149.85,0.0,0.0,0,0,0.0,0.0,0,,,0.0,0,,,0.0,0,,,0.0,0,,,0.0,0,,,0.0,0,,,0.0,0,,,0.0,0,,,0.0,0,,,0.0,0,,,0.0,0,,,0.0,0,,,0.0,0,,,0.0,0,,,0.0,0,,,0.0,0,,,0.0,0,,,0.0,0,,,0.0,0,,,0.0,0,,,0.0,0,,,0.0,0,,,0.0,0,,,0.0,0,,,0.0,0,,,0.0,0,,,0.0,0,,,0.0,0,,,0.0,0,,,0.0,0,,,0.0,0,,,0.0,0,,,0.0,0,,,0.0,0,,,0.0,0,,,0.0,0,,,0.0,0,,,0.0,0,,,0.0,0,,,0.0,0
cvb,Feeding,train,cvb_0925_arm01_gopro1_20200326_223144_beh1_ani3_ins1_cut_00028_tr8_seg0,3,False,False,pose_detector_failure,149.12,0.0,0.0,0,0,0.0,0.0,0,,,0.0,0,,,0.0,0,,,0.0,0,,,0.0,0,,,0.0,0,,,0.0,0,,,0.0,0,,,0.0,0,,,0.0,0,,,0.0,0,,,0.0,0,,,0.0,0,,,0.0,0,,,0.0,0,,,0.0,0,,,0.0,0,,,0.0,0,,,0.0,0,,,0.0,0,,,0.0,0,,,0.0,0,,,0.0,0,,,0.0,0,,,0.0,0,,,0.0,0,,,0.0,0,,,0.0,0,,,0.0,0,,,0.0,0,,,0.0,0,,,0.0,0,,,0.0,0,,,0.0,0,,,0.0,0,,,0.0,0,,,0.0,0,,,0.0,0,,,0.0,0,,,0.0,0
cvb,Feeding,train,cvb_0925_arm01_gopro1_20200326_223144_beh1_ani3_ins1_cut_00028_tr8_seg0,4,False,False,pose_detector_failure,148.16,0.0,0.0,0,0,0.0,0.0,0,,,0.0,0,,,0.0,0,,,0.0,0,,,0.0,0,,,0.0,0,,,0.0,0,,,0.0,0,,,0.0,0,,,0.0,0,,,0.0,0,,,0.0,0,,,0.0,0,,,0.0,0,,,0.0,0,,,0.0,0,,,0.0,0,,,0.0,0,,,0.0,0,,,0.0,0,,,0.0,0,,,0.0,0,,,0.0,0,,,0.0,0,,,0.0,0,,,0.0,0,,,0.0,0,,,0.0,0,,,0.0,0,,,0.0,0,,,0.0,0,,,0.0,0,,,0.0,0,,,0.0,0,,,0.0,0,,,0.0,0,,,0.0,0,,,0.0,0,,,0.0,0,,,0.0,0
cvb,Feeding,train,cvb_0925_arm01_gopro1_20200326_223144_beh1_ani3_ins1_cut_00028_tr8_seg0,5,False,False,pose_detector_failure,153.5,0.0,0.0,0,0,0.0,0.0,0,,,0.0,0,,,0.0,0,,,0.0,0,,,0.0,0,,,0.0,0,,,0.0,0,,,0.0,0,,,0.0,0,,,0.0,0,,,0.0,0,,,0.0,0,,,0.0,0,,,0.0,0,,,0.0,0,,,0.0,0,,,0.0,0,,,0.0,0,,,0.0,0,,,0.0,0,,,0.0,0,,,0.0,0,,,0.0,0,,,0.0,0,,,0.0,0,,,0.0,0,,,0.0,0,,,0.0,0,,,0.0,0,,,0.0,0,,,0.0,0,,,0.0,0,,,0.0,0,,,0.0,0,,,0.0,0,,,0.0,0,,,0.0,0,,,0.0,0,,,0.0,0,,,0.0,0
cvb,Feeding,train,cvb_0925_arm01_gopro1_20200326_223144_beh1_ani3_ins1_cut_00028_tr8_seg0,6,False,False,pose_detector_failure,149.39,0.0,0.0,0,0,0.0,0.0,0,,,0.0,0,,,0.0,0,,,0.0,0,,,0.0,0,,,0.0,0,,,0.0,0,,,0.0,0,,,0.0,0,,,0.0,0,,,0.0,0,,,0.0,0,,,0.0,0,,,0.0,0,,,0.0,0,,,0.0,0,,,0.0,0,,,0.0,0,,,0.0,0,,,0.0,0,,,0.0,0,,,0.0,0,,,0.0,0,,,0.0,0,,,0.0,0,,,0.0,0,,,0.0,0,,,0.0,0,,,0.0,0,,,0.0,0,,,0.0,0,,,0.0,0,,,0.0,0,,,0.0,0,,,0.0,0,,,0.0,0,,,0.0,0,,,0.0,0,,,0.0,0,,,0.0,0
cvb,Feeding,train,cvb_0925_arm01_gopro1_20200326_223144_beh1_ani3_ins1_cut_00028_tr8_seg0,7,False,False,pose_detector_failure,147.63,0.0,0.0,0,0,0.0,0.0,0,,,0.0,0,,,0.0,0,,,0.0,0,,,0.0,0,,,0.0,0,,,0.0,0,,,0.0,0,,,0.0,0,,,0.0,0,,,0.0,0,,,0.0,0,,,0.0,0,,,0.0,0,,,0.0,0,,,0.0,0,,,0.0,0,,,0.0,0,,,0.0,0,,,0.0,0,,,0.0,0,,,0.0,0,,,0.0,0,,,0.0,0,,,0.0,0,,,0.0,0,,,0.0,0,,,0.0,0,,,0.0,0,,,0.0,0,,,0.0,0,,,0.0,0,,,0.0,0,,,0.0,0,,,0.0,0,,,0.0,0,,,0.0,0,,,0.0,0,,,0.0,0,,,0.0,0
cvb,Feeding,train,cvb_0233_arm01_gopro1_20200323_023342_beh7_ani8_ins1_cut_1_tr4_seg0,0,False,False,pose_detector_failure,151.52,0.0,0.0,0,0,0.0,0.0,0,,,0.0,0,,,0.0,0,,,0.0,0,,,0.0,0,,,0.0,0,,,0.0,0,,,0.0,0,,,0.0,0,,,0.0,0,,,0.0,0,,,0.0,0,,,0.0,0,,,0.0,0,,,0.0,0,,,0.0,0,,,0.0,0,,,0.0,0,,,0.0,0,,,0.0,0,,,0.0,0,,,0.0,0,,,0.0,0,,,0.0,0,,,0.0,0,,,0.0,0,,,0.0,0,,,0.0,0,,,0.0,0,,,0.0,0,,,0.0,0,,,0.0,0,,,0.0,0,,,0.0,0,,,0.0,0,,,0.0,0,,,0.0,0,,,0.0,0,,,0.0,0,,,0.0,0
cvb,Feeding,train,cvb_0233_arm01_gopro1_20200323_023342_beh7_ani8_ins1_cut_1_tr4_seg0,1,False,False,pose_detector_failure,148.79,0.0,0.0,0,0,0.0,0.0,0,,,0.0,0,,,0.0,0,,,0.0,0,,,0.0,0,,,0.0,0,,,0.0,0,,,0.0,0,,,0.0,0,,,0.0,0,,,0.0,0,,,0.0,0,,,0.0,0,,,0.0,0,,,0.0,0,,,0.0,0,,,0.0,0,,,0.0,0,,,0.0,0,,,0.0,0,,,0.0,0,,,0.0,0,,,0.0,0,,,0.0,0,,,0.0,0,,,0.0,0,,,0.0,0,,,0.0,0,,,0.0,0,,,0.0,0,,,0.0,0,,,0.0,0,,,0.0,0,,,0.0,0,,,0.0,0,,,0.0,0,,,0.0,0,,,0.0,0,,,0.0,0,,,0.0,0
cvb,Feeding,train,cvb_0233_arm01_gopro1_20200323_023342_beh7_ani8_ins1_cut_1_tr4_seg0,2,False,False,pose_detector_failure,148.91,0.0,0.0,0,0,0.0,0.0,0,,,0.0,0,,,0.0,0,,,0.0,0,,,0.0,0,,,0.0,0,,,0.0,0,,,0.0,0,,,0.0,0,,,0.0,0,,,0.0,0,,,0.0,0,,,0.0,0,,,0.0,0,,,0.0,0,,,0.0,0,,,0.0,0,,,0.0,0,,,0.0,0,,,0.0,0,,,0.0,0,,,0.0,0,,,0.0,0,,,0.0,0,,,0.0,0,,,0.0,0,,,0.0,0,,,0.0,0,,,0.0,0,,,0.0,0,,,0.0,0,,,0.0,0,,,0.0,0,,,0.0,0,,,0.0,0,,,0.0,0,,,0.0,0,,,0.0,0,,,0.0,0,,,0.0,0
cvb,Feeding,train,cvb_0233_arm01_gopro1_20200323_023342_beh7_ani8_ins1_cut_1_tr4_seg0,3,False,False,pose_detector_failure,153.24,0.0,0.0,0,0,0.0,0.0,0,,,0.0,0,,,0.0,0,,,0.0,0,,,0.0,0,,,0.0,0,,,0.0,0,,,0.0,0,,,0.0,0,,,0.0,0,,,0.0,0,,,0.0,0,,,0.0,0,,,0.0,0,,,0.0,0,,,0.0,0,,,0.0,0,,,0.0,0,,,0.0,0,,,0.0,0,,,0.0,0,,,0.0,0,,,0.0,0,,,0.0,0,,,0.0,0,,,0.0,0,,,0.0,0,,,0.0,0,,,0.0,0,,,0.0,0,,,0.0,0,,,0.0,0,,,0.0,0,,,0.0,0,,,0.0,0,,,0.0,0,,,0.0,0,,,0.0,0,,,0.0,0,,,0.0,0
cvb,Feeding,train,cvb_0233_arm01_gopro1_20200323_023342_beh7_ani8_ins1_cut_1_tr4_seg0,4,False,False,pose_detector_failure,152.57,0.0,0.0,0,0,0.0,0.0,0,,,0.0,0,,,0.0,0,,,0.0,0,,,0.0,0,,,0.0,0,,,0.0,0,,,0.0,0,,,0.0,0,,,0.0,0,,,0.0,0,,,0.0,0,,,0.0,0,,,0.0,0,,,0.0,0,,,0.0,0,,,0.0,0,,,0.0,0,,,0.0,0,,,0.0,0,,,0.0,0,,,0.0,0,,,0.0,0,,,0.0,0,,,0.0,0,,,0.0,0,,,0.0,0,,,0.0,0,,,0.0,0,,,0.0,0,,,0.0,0,,,0.0,0,,,0.0,0,,,0.0,0,,,0.0,0,,,0.0,0,,,0.0,0,,,0.0,0,,,0.0,0,,,0.0,0
cvb,Feeding,train,cvb_0233_arm01_gopro1_20200323_023342_beh7_ani8_ins1_cut_1_tr4_seg0,5,False,False,pose_detector_failure,146.67,0.0,0.0,0,0,0.0,0.0,0,,,0.0,0,,,0.0,0,,,0.0,0,,,0.0,0,,,0.0,0,,,0.0,0,,,0.0,0,,,0.0,0,,,0.0,0,,,0.0,0,,,0.0,0,,,0.0,0,,,0.0,0,,,0.0,0,,,0.0,0,,,0.0,0,,,0.0,0,,,0.0,0,,,0.0,0,,,0.0,0,,,0.0,0,,,0.0,0,,,0.0,0,,,0.0,0,,,0.0,0,,,0.0,0,,,0.0,0,,,0.0,0,,,0.0,0,,,0.0,0,,,0.0,0,,,0.0,0,,,0.0,0,,,0.0,0,,,0.0,0,,,0.0,0,,,0.0,0,,,0.0,0,,,0.0,0
cvb,Feeding,train,cvb_0233_arm01_gopro1_20200323_023342_beh7_ani8_ins1_cut_1_tr4_seg0,6,False,False,pose_detector_failure,152.22,0.0,0.0,0,0,0.0,0.0,0,,,0.0,0,,,0.0,0,,,0.0,0,,,0.0,0,,,0.0,0,,,0.0,0,,,0.0,0,,,0.0,0,,,0.0,0,,,0.0,0,,,0.0,0,,,0.0,0,,,0.0,0,,,0.0,0,,,0.0,0,,,0.0,0,,,0.0,0,,,0.0,0,,,0.0,0,,,0.0,0,,,0.0,0,,,0.0,0,,,0.0,0,,,0.0,0,,,0.0,0,,,0.0,0,,,0.0,0,,,0.0,0,,,0.0,0,,,0.0,0,,,0.0,0,,,0.0,0,,,0.0,0,,,0.0,0,,,0.0,0,,,0.0,0,,,0.0,0,,,0.0,0,,,0.0,0
cvb,Feeding,train,cvb_0233_arm01_gopro1_20200323_023342_beh7_ani8_ins1_cut_1_tr4_seg0,7,False,False,pose_detector_failure,155.74,0.0,0.0,0,0,0.0,0.0,0,,,0.0,0,,,0.0,0,,,0.0,0,,,0.0,0,,,0.0,0,,,0.0,0,,,0.0,0,,,0.0,0,,,0.0,0,,,0.0,0,,,0.0,0,,,0.0,0,,,0.0,0,,,0.0,0,,,0.0,0,,,0.0,0,,,0.0,0,,,0.0,0,,,0.0,0,,,0.0,0,,,0.0,0,,,0.0,0,,,0.0,0,,,0.0,0,,,0.0,0,,,0.0,0,,,0.0,0,,,0.0,0,,,0.0,0,,,0.0,0,,,0.0,0,,,0.0,0,,,0.0,0,,,0.0,0,,,0.0,0,,,0.0,0,,,0.0,0,,,0.0,0,,,0.0,0
cvb,Feeding,val,cvb_1227_arm01_gopro3_20200325_020417_beh3_ani8_ins1_cut_00007_tr0_seg0,0,True,True,pose_output_returned,173.18,0.5407,0.5515,36,24,1.0,1.0,39,62.45,212.62,0.7013,1,65.35,217.39,0.7389,1,69.62,218.07,0.5933,1,55.48,209.99,0.6053,1,80.34,213.11,0.5659,1,50.07,182.64,0.7679,1,49.23,154.0,0.5763,1,40.89,150.61,0.4174,1,54.01,157.95,0.585,1,40.07,153.84,0.5427,1,77.15,187.78,0.524,1,85.88,160.8,0.299,1,87.41,171.97,0.2398,1,77.53,159.09,0.3647,1,77.36,167.88,0.4494,1,111.7,63.99,0.5407,1,88.49,45.59,0.1523,1,114.95,134.03,0.3171,1,130.65,124.65,0.2689,1,89.98,41.47,0.1793,1,206.34,41.82,0.7591,1,142.59,17.71,0.4561,1,209.49,47.22,0.9202,1,218.88,72.01,0.1629,1,162.15,114.5,0.8694,1,149.48,165.74,0.7617,1,147.46,208.3,0.7475,1,125.28,123.56,0.719,1,116.91,161.25,0.405,1,90.91,205.61,0.2254,1,168.05,168.34,0.5515,1,180.5,118.34,0.8665,1,167.29,118.75,0.8481,1,168.87,144.67,0.7502,1,166.5,142.89,0.7462,1,162.82,170.22,0.4742,1,174.52,116.51,0.5092,1,189.11,90.99,0.3203,1,187.57,90.27,0.5646,1
cvb,Feeding,val,cvb_1227_arm01_gopro3_20200325_020417_beh3_ani8_ins1_cut_00007_tr0_seg0,1,True,True,pose_output_returned,160.66,0.6159,0.6678,38,27,0.9744,0.9737,38,41.32,208.36,0.7474,1,49.58,215.5,0.6892,1,58.89,214.71,0.6769,1,37.06,201.04,0.7239,1,60.8,206.01,0.6954,1,30.91,171.11,0.8453,1,27.14,149.27,0.7635,1,15.95,140.04,0.6696,1,29.2,145.88,0.6569,1,14.62,138.82,0.6678,1,60.83,170.59,0.6283,1,83.26,151.34,0.4253,1,92.21,149.25,0.2893,1,68.32,147.44,0.4396,1,64.76,150.39,0.304,1,99.72,74.93,0.6517,1,59.96,55.87,0.1441,1,99.22,139.46,0.2605,1,123.86,128.4,0.2607,1,74.78,38.66,0.225,1,195.2,31.35,0.8441,1,145.37,9.7,0.5749,1,199.37,37.73,0.8825,1,215.91,119.46,0.6857,1,151.09,114.23,0.8429,1,139.01,161.67,0.9979,1,139.72,196.78,0.993,1,116.08,128.94,0.726,1,123.74,157.39,0.3562,1,129.37,188.84,0.4116,0,159.51,156.74,0.5324,1,173.36,109.97,0.5431,1,158.66,110.83,1.0,1,157.59,136.03,0.7964,1,157.05,132.22,0.9813,1,157.1,156.53,0.8758,1,170.3,110.59,0.4888,1,171.03,75.16,0.2203,1,182.55,74.39,0.5038,1
cvb,Feeding,val,cvb_1227_arm01_gopro3_20200325_020417_beh3_ani8_ins1_cut_00007_tr0_seg0,2,True,True,pose_output_returned,158.69,0.544,0.5415,36,23,0.9231,0.9444,36,32.07,208.47,0.8063,1,35.34,215.29,0.6611,1,42.78,215.96,0.5828,1,29.26,200.83,0.6318,1,47.19,209.25,0.5333,1,25.07,174.54,0.8923,1,20.41,154.04,0.6525,1,8.79,145.25,0.7018,0,21.82,153.14,0.4463,1,8.99,147.0,0.585,0,56.36,175.71,0.628,1,71.32,150.63,0.3093,1,53.32,41.92,0.163,0,58.81,148.24,0.3344,1,54.98,155.77,0.3586,1,104.11,74.6,0.4512,1,84.69,35.04,0.1826,1,107.38,138.24,0.2842,1,118.2,130.98,0.2368,1,89.23,30.09,0.2346,1,206.79,44.64,0.735,1,141.78,14.89,0.5158,1,212.0,52.25,0.9272,1,211.75,91.12,0.1555,1,157.6,111.77,0.7662,1,145.31,159.23,1.0,1,143.43,197.91,1.0,1,110.89,137.61,0.4988,1,110.82,152.13,0.5163,1,131.13,166.44,0.6197,1,164.92,164.95,0.4427,1,172.33,114.33,0.769,1,165.32,116.55,0.7088,1,161.05,148.16,0.6587,1,159.0,147.27,0.5415,1,137.68,171.11,0.6054,1,155.41,119.44,0.3691,1,189.98,85.23,0.2243,1,182.76,81.61,0.4863,1
cvb,Feeding,val,cvb_1227_arm01_gopro3_20200325_020417_beh3_ani8_ins1_cut_00007_tr0_seg0,3,True,True,pose_output_returned,157.54,0.4977,0.5133,34,20,0.8205,0.8235,32,30.75,209.21,0.7231,1,32.7,212.47,0.7475,1,35.52,212.34,0.5133,1,27.78,204.76,0.5687,1,40.91,208.82,0.5348,1,26.07,173.83,0.8079,1,33.22,146.46,0.4037,0,21.92,161.25,0.3136,0,32.02,151.49,0.2915,0,22.37,157.73,0.3052,0,66.99,181.31,0.4307,1,88.81,152.77,0.1237,0,79.98,175.53,0.1644,1,75.41,143.84,0.2801,0,64.38,168.4,0.2368,1,76.92,64.75,0.5358,1,89.82,58.6,0.0911,1,92.78,127.23,0.4373,1,105.79,121.31,0.3413,1,96.45,25.7,0.1686,1,205.75,43.65,0.7299,1,121.79,15.96,0.3642,1,209.79,49.12,1.0,1,216.49,77.43,0.0875,1,146.17,113.28,0.8041,1,136.5,157.74,0.7888,1,132.97,197.57,0.8443,1,114.19,129.72,0.6335,1,119.68,156.5,0.6279,0,129.48,189.91,0.2763,1,132.47,197.48,0.802,1,163.13,112.14,0.7833,1,157.29,117.36,0.6195,1,159.56,139.64,0.6748,1,157.09,138.27,0.6393,1,155.62,162.41,0.6512,1,163.78,117.45,0.2921,1,180.19,81.46,0.3039,1,181.56,77.82,0.4685,1
cvb,Feeding,val,cvb_1227_arm01_gopro3_20200325_020417_beh3_ani8_ins1_cut_00007_tr0_seg0,4,True,True,pose_output_returned,159.4,0.3374,0.2609,25,7,0.8974,0.88,35,211.59,85.49,0.1519,1,33.61,187.31,0.109,1,47.08,191.69,0.1127,1,46.23,185.91,0.1027,1,93.17,172.03,0.1595,1,80.6,167.33,0.1177,1,20.64,58.42,0.2255,0,14.89,47.17,0.2148,0,87.87,136.26,0.4495,1,12.0,150.48,0.2622,1,32.7,170.16,0.1036,1,18.75,66.01,0.1483,0,105.8,139.99,0.1154,1,109.52,158.6,0.2325,1,113.03,157.54,0.2907,1,54.32,67.83,0.4619,1,70.4,27.57,0.1821,1,96.28,135.96,0.1961,1,107.24,120.91,0.2841,1,71.54,25.61,0.3156,1,195.99,48.92,0.6275,1,169.56,33.72,0.3807,1,201.06,55.38,0.7159,1,211.69,93.14,0.2609,1,133.21,117.62,0.8929,1,132.66,154.13,0.8037,1,167.45,169.45,0.4615,1,124.7,122.64,0.7277,1,128.75,151.98,0.4682,1,168.96,165.85,0.2267,1,168.25,166.3,0.4026,1,201.18,93.21,0.1878,1,204.66,93.06,0.1893,1,126.6,154.31,0.352,1,124.71,162.67,0.6399,1,168.56,169.87,0.8582,0,177.36,108.73,0.1294,1,158.95,82.86,0.2211,1,159.05,76.86,0.3756,1
cvb,Feeding,val,cvb_1227_arm01_gopro3_20200325_020417_beh3_ani8_ins1_cut_00007_tr0_seg0,5,True,True,pose_output_returned,158.94,0.3811,0.3571,30,9,1.0,1.0,39,90.83,204.17,0.3666,1,85.5,209.74,0.2682,1,80.71,209.14,0.3175,1,72.39,200.63,0.2585,1,110.3,197.15,0.4056,1,71.03,180.77,0.4084,1,71.99,143.17,0.3653,1,63.39,138.62,0.3797,1,105.74,129.2,0.2881,1,95.85,137.11,0.2222,1,108.84,176.44,0.4451,1,118.71,142.13,0.1907,1,127.42,138.98,0.1613,1,100.07,145.76,0.2739,1,103.98,150.05,0.4482,1,61.49,71.5,0.5311,1,41.06,48.54,0.0991,1,117.5,134.1,0.2643,1,123.13,123.33,0.3612,1,42.43,46.08,0.159,1,208.94,39.91,0.7859,1,164.25,17.91,0.3384,1,213.37,45.44,1.0,1,218.04,78.4,0.1592,1,147.8,114.55,0.7752,1,143.48,146.77,1.0,1,187.62,165.98,0.6148,1,134.58,121.96,0.6037,1,46.35,135.99,0.3014,1,28.64,170.66,0.6716,1,29.27,175.54,0.4042,1,156.33,108.07,0.2055,1,155.49,110.27,0.3571,1,54.79,151.99,0.0846,1,42.94,143.85,0.1082,1,26.89,171.43,0.5146,1,190.36,108.97,0.172,1,177.43,71.19,0.1754,1,161.31,63.16,0.3777,1
cvb,Feeding,val,cvb_1227_arm01_gopro3_20200325_020417_beh3_ani8_ins1_cut_00007_tr0_seg0,6,True,True,pose_output_returned,164.9,0.3834,0.3296,34,9,0.9231,0.9412,36,163.63,172.94,0.3189,1,162.35,177.22,0.2512,1,153.24,185.2,0.2759,1,150.08,177.27,0.208,1,155.22,171.3,0.2843,1,141.46,159.58,0.5114,1,14.35,36.84,0.4225,0,124.27,151.28,0.2837,1,118.74,145.2,0.1611,1,15.37,51.33,0.1134,1,154.08,155.14,0.465,1,9.5,44.77,0.3484,0,11.8,29.08,0.1871,0,142.01,143.69,0.2403,1,203.29,150.08,0.3296,1,26.53,52.0,0.9217,1,35.03,29.49,0.2793,1,13.21,83.05,0.2813,1,16.11,82.2,0.2133,1,38.72,26.27,0.3958,1,189.53,37.57,0.8484,1,79.11,9.35,0.3778,1,192.62,42.88,1.0,1,202.04,152.83,0.3951,1,26.08,97.11,0.7098,1,33.99,136.79,0.3445,1,18.79,168.0,0.5669,1,68.49,121.21,0.558,1,60.69,144.12,0.5257,1,18.22,165.85,0.5347,1,54.45,150.8,0.2169,1,159.72,94.53,0.2277,1,153.56,94.25,0.2952,1,57.77,139.47,0.1657,1,30.79,142.55,0.4162,1,19.87,167.05,0.3549,1,160.87,107.18,0.1822,1,146.5,69.26,0.2956,1,149.62,69.33,0.4452,1
cvb,Feeding,val,cvb_1227_arm01_gopro3_20200325_020417_beh3_ani8_ins1_cut_00007_tr0_seg0,7,True,True,pose_output_returned,161.25,0.3556,0.3028,35,5,0.9744,1.0,38,107.2,202.91,0.4226,1,105.13,205.46,0.3792,1,101.98,203.56,0.3329,1,99.1,194.87,0.2158,1,141.55,193.88,0.2768,1,93.26,170.7,0.4899,1,92.32,152.13,0.2567,1,131.81,128.69,0.1789,1,96.57,158.31,0.2284,1,8.19,26.21,0.1511,0,118.68,166.1,0.2123,1,149.57,141.02,0.3256,1,160.94,137.82,0.1692,1,140.06,139.92,0.346,1,208.53,154.0,0.3028,1,30.87,52.93,0.4097,1,107.07,11.19,0.122,1,88.19,134.18,0.2798,1,76.47,130.83,0.2215,1,110.1,9.92,0.2074,1,182.01,38.54,0.7613,1,141.87,20.06,0.4727,1,185.74,45.44,0.8564,1,205.07,153.86,0.3369,1,70.08,120.39,0.4632,1,62.29,143.89,0.3711,1,35.94,159.8,0.3406,1,62.3,118.51,0.5994,1,33.83,138.81,0.6321,1,23.36,163.83,0.8476,1,55.99,153.77,0.2057,1,174.42,85.41,0.2804,1,33.23,102.54,0.4946,1,44.29,131.24,0.2872,1,34.04,134.63,0.3609,1,24.55,159.95,0.2336,1,55.05,118.51,0.2694,1,66.46,72.1,0.2312,1,155.69,70.52,0.295,1
cvb,Feeding,val,cvb_0680_arm01_gopro1_20200325_002001_beh8_ani8_ins4_cut_3_tr4_seg0,0,True,True,pose_output_returned,159.31,0.2784,0.2181,23,5,1.0,1.0,39,46.22,139.91,0.2405,1,46.13,147.76,0.1651,1,43.43,146.39,0.2181,1,20.15,93.21,0.1935,1,50.49,139.43,0.1399,1,14.38,80.78,0.2047,1,22.35,55.81,0.1289,1,199.28,58.64,0.0858,1,18.31,61.57,0.1265,1,15.64,158.43,0.1378,1,17.78,85.0,0.2047,1,24.73,74.35,0.0649,1,41.77,149.68,0.0573,1,23.81,104.27,0.095,1,182.95,41.24,0.1649,1,32.15,64.02,0.3679,1,32.77,47.25,0.128,1,69.23,117.32,0.0936,1,158.56,106.9,0.1415,1,44.45,28.65,0.228,1,29.18,40.61,0.4603,1,86.85,18.7,0.6317,1,25.45,49.38,0.527,1,19.97,79.9,0.4415,1,126.57,116.16,0.752,1,126.95,125.96,0.4585,1,78.48,137.49,0.2177,1,123.56,121.93,0.1759,1,43.53,129.51,0.2777,1,79.69,138.55,0.4151,1,46.93,146.07,0.1842,1,32.29,94.79,0.4105,1,32.38,96.16,0.3514,1,125.42,139.43,0.2421,1,129.72,139.54,0.2965,1,47.36,147.76,0.295,1,155.09,123.48,0.5085,1,159.67,71.89,0.4869,1,153.41,74.42,0.5377,1
cvb,Feeding,val,cvb_0680_arm01_gopro1_20200325_002001_beh8_ani8_ins4_cut_3_tr4_seg0,1,False,False,pose_detector_failure,138.1,0.0,0.0,0,0,0.0,0.0,0,,,0.0,0,,,0.0,0,,,0.0,0,,,0.0,0,,,0.0,0,,,0.0,0,,,0.0,0,,,0.0,0,,,0.0,0,,,0.0,0,,,0.0,0,,,0.0,0,,,0.0,0,,,0.0,0,,,0.0,0,,,0.0,0,,,0.0,0,,,0.0,0,,,0.0,0,,,0.0,0,,,0.0,0,,,0.0,0,,,0.0,0,,,0.0,0,,,0.0,0,,,0.0,0,,,0.0,0,,,0.0,0,,,0.0,0,,,0.0,0,,,0.0,0,,,0.0,0,,,0.0,0,,,0.0,0,,,0.0,0,,,0.0,0,,,0.0,0,,,0.0,0,,,0.0,0
cvb,Feeding,val,cvb_0680_arm01_gopro1_20200325_002001_beh8_ani8_ins4_cut_3_tr4_seg0,2,True,True,pose_output_returned,169.77,0.4386,0.4588,35,13,1.0,1.0,39,200.98,215.14,0.6824,1,198.8,217.82,0.5644,1,190.7,216.52,0.4805,1,188.12,211.81,0.3976,1,205.23,212.47,0.46,1,188.68,185.7,0.5114,1,155.4,168.58,0.2683,1,143.65,173.55,0.1949,1,171.38,160.7,0.4933,1,23.5,47.01,0.5343,1,206.97,183.09,0.7555,1,209.2,154.81,0.7398,1,216.67,149.86,0.5955,1,198.99,153.23,0.6335,1,216.83,157.26,0.4618,1,160.23,134.0,0.2093,1,163.58,118.41,0.1988,1,140.05,154.23,0.2872,1,133.14,147.56,0.3341,1,128.66,13.08,0.2004,1,123.27,22.09,0.4653,1,115.89,14.97,0.8527,1,86.96,40.52,0.4741,1,19.49,47.52,0.2755,1,77.57,109.32,0.288,1,79.21,142.91,0.3299,1,98.55,164.23,0.7293,1,83.32,110.02,0.3871,1,128.05,163.95,0.4588,1,126.77,197.52,0.5688,1,97.8,163.05,0.4043,1,76.68,105.47,0.8583,1,80.66,107.08,0.5999,1,93.69,142.63,0.3531,1,92.8,140.2,0.2416,1,79.62,177.52,0.2829,1,84.84,114.67,0.2097,1,185.51,57.81,0.1488,1,166.77,72.16,0.1739,1
cvb,Feeding,val,cvb_0680_arm01_gopro1_20200325_002001_beh8_ani8_ins4_cut_3_tr4_seg0,3,False,False,pose_detector_failure,144.24,0.0,0.0,0,0,0.0,0.0,0,,,0.0,0,,,0.0,0,,,0.0,0,,,0.0,0,,,0.0,0,,,0.0,0,,,0.0,0,,,0.0,0,,,0.0,0,,,0.0,0,,,0.0,0,,,0.0,0,,,0.0,0,,,0.0,0,,,0.0,0,,,0.0,0,,,0.0,0,,,0.0,0,,,0.0,0,,,0.0,0,,,0.0,0,,,0.0,0,,,0.0,0,,,0.0,0,,,0.0,0,,,0.0,0,,,0.0,0,,,0.0,0,,,0.0,0,,,0.0,0,,,0.0,0,,,0.0,0,,,0.0,0,,,0.0,0,,,0.0,0,,,0.0,0,,,0.0,0,,,0.0,0,,,0.0,0
cvb,Feeding,val,cvb_0680_arm01_gopro1_20200325_002001_beh8_ani8_ins4_cut_3_tr4_seg0,4,False,False,pose_detector_failure,145.7,0.0,0.0,0,0,0.0,0.0,0,,,0.0,0,,,0.0,0,,,0.0,0,,,0.0,0,,,0.0,0,,,0.0,0,,,0.0,0,,,0.0,0,,,0.0,0,,,0.0,0,,,0.0,0,,,0.0,0,,,0.0,0,,,0.0,0,,,0.0,0,,,0.0,0,,,0.0,0,,,0.0,0,,,0.0,0,,,0.0,0,,,0.0,0,,,0.0,0,,,0.0,0,,,0.0,0,,,0.0,0,,,0.0,0,,,0.0,0,,,0.0,0,,,0.0,0,,,0.0,0,,,0.0,0,,,0.0,0,,,0.0,0,,,0.0,0,,,0.0,0,,,0.0,0,,,0.0,0,,,0.0,0,,,0.0,0
cvb,Feeding,val,cvb_0680_arm01_gopro1_20200325_002001_beh8_ani8_ins4_cut_3_tr4_seg0,5,False,False,pose_detector_failure,149.15,0.0,0.0,0,0,0.0,0.0,0,,,0.0,0,,,0.0,0,,,0.0,0,,,0.0,0,,,0.0,0,,,0.0,0,,,0.0,0,,,0.0,0,,,0.0,0,,,0.0,0,,,0.0,0,,,0.0,0,,,0.0,0,,,0.0,0,,,0.0,0,,,0.0,0,,,0.0,0,,,0.0,0,,,0.0,0,,,0.0,0,,,0.0,0,,,0.0,0,,,0.0,0,,,0.0,0,,,0.0,0,,,0.0,0,,,0.0,0,,,0.0,0,,,0.0,0,,,0.0,0,,,0.0,0,,,0.0,0,,,0.0,0,,,0.0,0,,,0.0,0,,,0.0,0,,,0.0,0,,,0.0,0,,,0.0,0
cvb,Feeding,val,cvb_0680_arm01_gopro1_20200325_002001_beh8_ani8_ins4_cut_3_tr4_seg0,6,True,True,pose_output_returned,173.04,0.3746,0.334,29,11,0.9744,1.0,38,153.87,212.24,0.3782,1,150.9,217.6,0.334,1,151.38,214.04,0.2996,1,139.07,211.01,0.2405,1,156.23,207.81,0.3522,1,123.02,191.48,0.2303,1,104.44,173.32,0.3601,1,80.34,136.93,0.2934,1,126.27,152.77,0.306,1,106.44,147.78,0.346,1,159.1,191.17,0.118,1,144.0,147.97,0.2867,1,206.47,160.44,0.0921,1,148.03,154.76,0.3577,1,98.1,135.73,0.149,1,55.08,74.63,0.3083,1,57.65,73.73,0.0592,1,178.45,89.52,0.1849,1,171.62,101.76,0.1823,1,41.14,38.27,0.0321,1,178.15,28.19,0.694,1,92.27,16.37,0.6102,1,184.01,34.99,0.8679,1,18.62,88.33,0.1721,1,135.71,112.18,0.6962,1,150.29,138.64,0.1333,1,79.94,188.03,0.0983,0,47.89,121.98,0.6071,1,47.32,155.69,0.7747,1,47.62,194.02,0.8326,1,52.2,190.5,0.5611,1,178.72,82.48,0.408,1,38.92,113.71,0.6013,1,49.89,150.92,0.4731,1,45.55,151.68,0.715,1,46.71,192.9,0.6044,1,171.56,104.31,0.2275,1,162.05,63.91,0.2078,1,154.86,63.79,0.4137,1
cvb,Feeding,val,cvb_0680_arm01_gopro1_20200325_002001_beh8_ani8_ins4_cut_3_tr4_seg0,7,True,True,pose_output_returned,158.35,0.5252,0.5063,35,20,1.0,1.0,39,167.41,130.72,0.6832,1,165.34,135.12,0.7124,1,160.11,137.31,0.6744,1,158.88,130.37,0.5063,1,171.13,133.68,0.5486,1,163.43,102.19,0.6838,1,163.8,87.67,0.5507,1,152.48,100.66,0.3381,1,165.94,83.58,0.3209,1,162.62,101.03,0.3133,1,179.62,105.98,0.68,1,193.5,95.47,0.297,1,197.29,99.32,0.1981,1,179.4,93.92,0.3719,1,174.41,72.17,0.484,1,115.21,82.06,0.6851,1,111.45,61.99,0.367,1,131.45,119.87,0.7627,1,113.24,127.26,0.7791,1,111.26,56.14,0.3322,1,23.48,44.2,0.753,1,48.59,26.1,0.5987,1,19.49,51.34,0.888,1,18.26,84.99,0.186,1,87.42,141.03,0.948,1,80.27,166.53,0.566,1,80.37,190.91,0.9259,1,49.54,131.87,0.6611,1,57.72,170.96,0.7264,1,64.4,210.3,0.746,1,74.81,187.27,0.3779,1,51.8,127.57,0.4685,1,38.6,123.12,0.4243,1,59.54,165.07,0.4901,1,58.22,170.39,0.4869,1,72.86,191.59,0.2365,1,56.68,137.76,0.4453,1,30.59,92.24,0.1387,1,93.24,31.03,0.1272,1
cvb,Drinking,train,cvb_1030_arm01_gopro1_20200327_005320_beh7_ani6_ins1_cut_00001_tr8_seg0,0,False,False,pose_detector_failure,145.71,0.0,0.0,0,0,0.0,0.0,0,,,0.0,0,,,0.0,0,,,0.0,0,,,0.0,0,,,0.0,0,,,0.0,0,,,0.0,0,,,0.0,0,,,0.0,0,,,0.0,0,,,0.0,0,,,0.0,0,,,0.0,0,,,0.0,0,,,0.0,0,,,0.0,0,,,0.0,0,,,0.0,0,,,0.0,0,,,0.0,0,,,0.0,0,,,0.0,0,,,0.0,0,,,0.0,0,,,0.0,0,,,0.0,0,,,0.0,0,,,0.0,0,,,0.0,0,,,0.0,0,,,0.0,0,,,0.0,0,,,0.0,0,,,0.0,0,,,0.0,0,,,0.0,0,,,0.0,0,,,0.0,0,,,0.0,0
cvb,Drinking,train,cvb_1030_arm01_gopro1_20200327_005320_beh7_ani6_ins1_cut_00001_tr8_seg0,1,False,False,pose_detector_failure,149.98,0.0,0.0,0,0,0.0,0.0,0,,,0.0,0,,,0.0,0,,,0.0,0,,,0.0,0,,,0.0,0,,,0.0,0,,,0.0,0,,,0.0,0,,,0.0,0,,,0.0,0,,,0.0,0,,,0.0,0,,,0.0,0,,,0.0,0,,,0.0,0,,,0.0,0,,,0.0,0,,,0.0,0,,,0.0,0,,,0.0,0,,,0.0,0,,,0.0,0,,,0.0,0,,,0.0,0,,,0.0,0,,,0.0,0,,,0.0,0,,,0.0,0,,,0.0,0,,,0.0,0,,,0.0,0,,,0.0,0,,,0.0,0,,,0.0,0,,,0.0,0,,,0.0,0,,,0.0,0,,,0.0,0,,,0.0,0
cvb,Drinking,train,cvb_1030_arm01_gopro1_20200327_005320_beh7_ani6_ins1_cut_00001_tr8_seg0,2,False,False,pose_detector_failure,150.76,0.0,0.0,0,0,0.0,0.0,0,,,0.0,0,,,0.0,0,,,0.0,0,,,0.0,0,,,0.0,0,,,0.0,0,,,0.0,0,,,0.0,0,,,0.0,0,,,0.0,0,,,0.0,0,,,0.0,0,,,0.0,0,,,0.0,0,,,0.0,0,,,0.0,0,,,0.0,0,,,0.0,0,,,0.0,0,,,0.0,0,,,0.0,0,,,0.0,0,,,0.0,0,,,0.0,0,,,0.0,0,,,0.0,0,,,0.0,0,,,0.0,0,,,0.0,0,,,0.0,0,,,0.0,0,,,0.0,0,,,0.0,0,,,0.0,0,,,0.0,0,,,0.0,0,,,0.0,0,,,0.0,0,,,0.0,0
cvb,Drinking,train,cvb_1030_arm01_gopro1_20200327_005320_beh7_ani6_ins1_cut_00001_tr8_seg0,3,False,False,pose_detector_failure,154.26,0.0,0.0,0,0,0.0,0.0,0,,,0.0,0,,,0.0,0,,,0.0,0,,,0.0,0,,,0.0,0,,,0.0,0,,,0.0,0,,,0.0,0,,,0.0,0,,,0.0,0,,,0.0,0,,,0.0,0,,,0.0,0,,,0.0,0,,,0.0,0,,,0.0,0,,,0.0,0,,,0.0,0,,,0.0,0,,,0.0,0,,,0.0,0,,,0.0,0,,,0.0,0,,,0.0,0,,,0.0,0,,,0.0,0,,,0.0,0,,,0.0,0,,,0.0,0,,,0.0,0,,,0.0,0,,,0.0,0,,,0.0,0,,,0.0,0,,,0.0,0,,,0.0,0,,,0.0,0,,,0.0,0,,,0.0,0
cvb,Drinking,train,cvb_1030_arm01_gopro1_20200327_005320_beh7_ani6_ins1_cut_00001_tr8_seg0,4,False,False,pose_detector_failure,156.03,0.0,0.0,0,0,0.0,0.0,0,,,0.0,0,,,0.0,0,,,0.0,0,,,0.0,0,,,0.0,0,,,0.0,0,,,0.0,0,,,0.0,0,,,0.0,0,,,0.0,0,,,0.0,0,,,0.0,0,,,0.0,0,,,0.0,0,,,0.0,0,,,0.0,0,,,0.0,0,,,0.0,0,,,0.0,0,,,0.0,0,,,0.0,0,,,0.0,0,,,0.0,0,,,0.0,0,,,0.0,0,,,0.0,0,,,0.0,0,,,0.0,0,,,0.0,0,,,0.0,0,,,0.0,0,,,0.0,0,,,0.0,0,,,0.0,0,,,0.0,0,,,0.0,0,,,0.0,0,,,0.0,0,,,0.0,0
cvb,Drinking,train,cvb_1030_arm01_gopro1_20200327_005320_beh7_ani6_ins1_cut_00001_tr8_seg0,5,False,False,pose_detector_failure,158.33,0.0,0.0,0,0,0.0,0.0,0,,,0.0,0,,,0.0,0,,,0.0,0,,,0.0,0,,,0.0,0,,,0.0,0,,,0.0,0,,,0.0,0,,,0.0,0,,,0.0,0,,,0.0,0,,,0.0,0,,,0.0,0,,,0.0,0,,,0.0,0,,,0.0,0,,,0.0,0,,,0.0,0,,,0.0,0,,,0.0,0,,,0.0,0,,,0.0,0,,,0.0,0,,,0.0,0,,,0.0,0,,,0.0,0,,,0.0,0,,,0.0,0,,,0.0,0,,,0.0,0,,,0.0,0,,,0.0,0,,,0.0,0,,,0.0,0,,,0.0,0,,,0.0,0,,,0.0,0,,,0.0,0,,,0.0,0
cvb,Drinking,train,cvb_1030_arm01_gopro1_20200327_005320_beh7_ani6_ins1_cut_00001_tr8_seg0,6,False,False,pose_detector_failure,158.46,0.0,0.0,0,0,0.0,0.0,0,,,0.0,0,,,0.0,0,,,0.0,0,,,0.0,0,,,0.0,0,,,0.0,0,,,0.0,0,,,0.0,0,,,0.0,0,,,0.0,0,,,0.0,0,,,0.0,0,,,0.0,0,,,0.0,0,,,0.0,0,,,0.0,0,,,0.0,0,,,0.0,0,,,0.0,0,,,0.0,0,,,0.0,0,,,0.0,0,,,0.0,0,,,0.0,0,,,0.0,0,,,0.0,0,,,0.0,0,,,0.0,0,,,0.0,0,,,0.0,0,,,0.0,0,,,0.0,0,,,0.0,0,,,0.0,0,,,0.0,0,,,0.0,0,,,0.0,0,,,0.0,0,,,0.0,0
cvb,Drinking,train,cvb_1030_arm01_gopro1_20200327_005320_beh7_ani6_ins1_cut_00001_tr8_seg0,7,False,False,pose_detector_failure,157.89,0.0,0.0,0,0,0.0,0.0,0,,,0.0,0,,,0.0,0,,,0.0,0,,,0.0,0,,,0.0,0,,,0.0,0,,,0.0,0,,,0.0,0,,,0.0,0,,,0.0,0,,,0.0,0,,,0.0,0,,,0.0,0,,,0.0,0,,,0.0,0,,,0.0,0,,,0.0,0,,,0.0,0,,,0.0,0,,,0.0,0,,,0.0,0,,,0.0,0,,,0.0,0,,,0.0,0,,,0.0,0,,,0.0,0,,,0.0,0,,,0.0,0,,,0.0,0,,,0.0,0,,,0.0,0,,,0.0,0,,,0.0,0,,,0.0,0,,,0.0,0,,,0.0,0,,,0.0,0,,,0.0,0,,,0.0,0
cvb,Drinking,train,cvb_0089_arm01_gopro1_20200323_002948_beh7_ani2_ins1_cut_2_tr0_seg0,0,True,True,pose_output_returned,176.53,0.6047,0.6045,39,23,0.9231,0.9231,36,187.56,186.92,0.8875,1,185.63,191.04,0.9213,0,183.22,191.25,0.7673,0,178.26,185.47,0.6171,1,186.59,188.29,0.5658,0,187.57,153.39,0.7289,1,192.85,128.19,0.46,1,57.69,41.12,0.2587,1,191.82,127.16,0.4986,1,28.3,12.46,0.2716,1,198.46,154.65,0.7858,1,202.91,121.8,0.4586,1,213.06,123.95,0.2598,1,198.12,131.66,0.5243,1,209.92,129.61,0.3869,1,147.65,107.49,0.4441,1,178.11,94.51,0.2512,1,152.66,151.82,0.5959,1,131.27,150.27,0.4313,1,178.68,90.22,0.3074,1,27.76,11.7,0.6178,1,72.56,25.95,0.3612,1,19.83,12.0,0.6118,1,9.83,124.95,0.3996,1,113.8,148.31,0.6417,1,79.27,173.79,0.4645,1,59.71,210.58,0.6233,1,85.04,138.13,0.8612,1,71.67,175.84,0.8075,1,59.58,212.16,0.7054,1,37.98,165.72,0.931,1,35.25,110.75,0.996,1,16.03,104.23,1.0,1,34.45,138.63,0.9879,1,19.19,142.67,0.9353,1,21.59,181.04,1.0,1,55.1,132.79,0.6045,1,57.25,90.5,0.3139,1,65.72,96.0,0.2981,1
cvb,Drinking,train,cvb_0089_arm01_gopro1_20200323_002948_beh7_ani2_ins1_cut_2_tr0_seg0,1,True,True,pose_output_returned,164.03,0.5785,0.5246,39,21,0.9231,0.9231,36,185.92,198.5,0.8822,1,184.72,200.76,0.7256,1,182.56,198.5,0.569,1,181.68,190.59,0.4966,1,189.14,195.0,0.4264,1,185.99,157.52,0.6697,1,191.39,125.72,0.5246,1,171.69,160.79,0.2368,1,190.43,127.54,0.3718,1,212.96,120.35,0.2748,0,199.66,158.21,0.7395,1,208.89,124.78,0.4175,1,211.2,120.1,0.2377,0,195.7,123.73,0.3973,1,215.56,118.92,0.5089,0,162.21,115.02,0.3948,1,177.81,93.72,0.2585,1,153.68,149.78,0.5567,1,134.77,150.02,0.4188,1,179.14,89.24,0.354,1,26.54,14.15,0.4434,1,82.56,30.2,0.4345,1,18.49,16.61,0.5579,1,12.76,133.69,0.2221,1,115.7,149.35,0.7128,1,112.22,177.59,0.4372,1,58.46,209.71,0.5644,1,84.29,137.12,0.8435,1,70.97,174.59,0.7862,1,58.1,211.62,0.6943,1,37.51,163.1,1.0,1,35.91,111.61,1.0,1,13.81,103.46,1.0,1,32.91,137.5,1.0,1,16.88,142.18,0.963,1,19.68,178.24,0.9675,1,54.73,133.17,0.6276,1,54.21,93.39,0.4721,1,65.47,94.53,0.3741,1
cvb,Drinking,train,cvb_0089_arm01_gopro1_20200323_002948_beh7_ani2_ins1_cut_2_tr0_seg0,2,True,True,pose_output_returned,164.55,0.5346,0.4601,35,17,0.8718,0.9429,34,210.27,194.48,0.2373,0,209.7,197.95,0.1835,0,207.3,198.24,0.186,0,205.37,193.85,0.1595,0,202.67,159.97,0.1879,1,202.96,143.69,0.4796,1,201.33,126.66,0.5038,1,63.95,8.21,0.3664,1,204.27,128.71,0.5233,1,10.26,91.26,0.2976,1,215.26,138.54,0.4587,1,208.5,119.29,0.4409,1,212.27,113.71,0.4231,0,210.0,127.81,0.513,1,218.5,122.7,0.4012,1,181.82,121.31,0.4212,1,198.61,110.15,0.2594,1,171.98,152.84,0.4654,1,152.71,147.82,0.3999,1,194.75,99.9,0.3618,1,67.74,10.74,0.2791,1,105.55,29.84,0.3933,1,61.8,16.57,0.2337,1,9.66,93.12,0.4033,1,140.69,149.73,0.701,1,134.42,179.73,0.7253,1,135.75,212.84,0.8767,1,112.39,135.77,0.8992,1,100.73,173.64,0.7846,1,90.9,211.77,0.9629,1,72.53,163.34,0.8454,1,77.5,109.02,0.8733,1,55.35,103.36,1.0,1,71.81,134.56,0.9413,1,56.78,140.26,1.0,1,58.34,179.48,0.9427,1,86.67,132.03,0.6623,1,92.98,98.66,0.5971,1,92.06,98.85,0.4601,1
cvb,Drinking,train,cvb_0089_arm01_gopro1_20200323_002948_beh7_ani2_ins1_cut_2_tr0_seg0,3,True,True,pose_output_returned,163.05,0.5356,0.4715,36,17,1.0,1.0,39,193.66,158.98,0.6358,1,193.28,166.96,0.5838,1,177.71,182.86,0.552,1,186.26,163.96,0.472,1,191.58,166.0,0.4449,1,187.13,136.95,0.7351,1,188.14,125.98,0.3703,1,187.6,121.84,0.2364,1,187.13,125.45,0.4923,1,28.9,9.22,0.2254,1,201.89,132.41,0.7329,1,193.86,120.06,0.3973,1,193.55,116.79,0.2861,1,196.13,124.33,0.451,1,200.42,118.51,0.2723,1,156.14,117.76,0.4475,1,82.37,30.96,0.3327,1,157.08,157.47,0.5039,1,129.96,148.1,0.4364,1,173.87,93.5,0.4265,1,26.98,10.51,0.1927,1,36.25,15.17,0.2643,1,16.71,26.23,0.0939,1,53.39,69.48,0.1405,1,118.77,152.5,0.6341,1,114.53,180.77,0.4236,1,58.98,211.84,0.7401,1,79.53,135.82,0.7735,1,67.49,176.14,0.8147,1,114.83,213.26,0.883,1,35.86,165.4,0.9391,1,42.65,110.52,0.965,1,13.38,104.83,1.0,1,36.91,136.52,0.8837,1,16.88,139.01,0.8353,1,19.79,178.77,0.9909,1,50.85,130.66,0.4715,1,60.11,96.0,0.3908,1,61.66,98.87,0.4161,1
cvb,Drinking,train,cvb_0089_arm01_gopro1_20200323_002948_beh7_ani2_ins1_cut_2_tr0_seg0,4,True,True,pose_output_returned,167.42,0.5597,0.519,37,20,0.9744,0.973,38,194.64,158.01,0.6246,1,194.11,163.46,0.6655,1,188.44,169.84,0.559,1,186.39,163.18,0.519,1,197.29,162.78,0.4831,1,190.04,139.42,0.763,1,189.1,129.85,0.4905,1,188.7,126.51,0.3164,1,187.68,128.16,0.6353,1,193.45,127.72,0.2982,1,203.85,133.93,0.8049,1,198.51,121.44,0.4832,1,197.66,118.54,0.4283,1,195.5,124.52,0.625,1,204.78,118.56,0.4393,0,73.2,62.94,0.573,1,172.1,104.62,0.3225,1,157.96,156.3,0.4616,1,143.69,152.15,0.3339,1,168.69,98.65,0.4118,1,13.12,22.11,0.2297,1,116.41,36.57,0.1316,1,12.04,25.36,0.263,1,52.41,65.22,0.1182,1,115.61,150.88,0.4099,1,71.53,169.15,0.3929,1,58.24,209.82,0.6359,1,77.04,137.12,0.7374,1,70.0,173.62,0.7824,1,116.31,211.83,0.9016,1,37.08,167.02,1.0,1,42.39,114.13,0.8378,1,15.33,107.72,1.0,1,36.13,139.98,0.9338,1,18.34,143.78,0.8935,1,19.09,178.97,0.9869,1,50.52,133.93,0.626,1,52.14,95.53,0.3472,1,55.85,98.4,0.3613,1
cvb,Drinking,train,cvb_0089_arm01_gopro1_20200323_002948_beh7_ani2_ins1_cut_2_tr0_seg0,5,True,True,pose_output_returned,165.14,0.5428,0.4864,36,19,0.9744,0.9722,38,190.35,164.5,0.5504,1,190.84,171.86,0.5007,1,179.92,183.1,0.5111,1,183.95,166.05,0.4704,1,192.41,167.92,0.4664,1,186.61,141.88,0.7189,1,187.49,128.21,0.4864,1,46.91,47.62,0.3131,1,185.06,129.44,0.5774,1,187.83,140.48,0.1664,1,198.56,140.69,0.6952,1,195.33,121.38,0.4546,1,195.38,115.28,0.2363,0,196.39,129.61,0.5979,1,195.83,122.93,0.4067,1,144.49,106.31,0.5562,1,173.35,106.68,0.285,1,156.54,157.46,0.4728,1,130.52,151.74,0.4234,1,174.26,102.81,0.4087,1,30.68,17.31,0.4757,1,13.35,22.21,0.1433,1,23.2,16.44,0.3047,1,33.29,64.61,0.098,1,114.8,151.49,0.4052,1,115.06,180.41,0.4419,1,59.98,210.67,0.5275,1,76.39,137.39,0.8184,1,69.47,173.93,0.6986,1,116.74,213.24,0.8911,1,38.44,165.19,0.9691,1,41.32,114.26,0.8327,1,15.21,107.11,1.0,1,35.54,138.06,0.9459,1,19.12,144.03,0.8804,1,20.59,180.63,0.929,1,51.08,133.5,0.6945,1,52.11,95.77,0.4023,1,56.28,99.49,0.4139,1
cvb,Drinking,train,cvb_0089_arm01_gopro1_20200323_002948_beh7_ani2_ins1_cut_2_tr0_seg0,6,True,True,pose_output_returned,166.24,0.5089,0.3971,38,14,1.0,1.0,39,198.27,149.95,0.3344,1,182.51,190.43,0.3323,1,184.09,190.06,0.3711,1,188.77,159.51,0.2664,1,201.7,152.94,0.3054,1,191.92,134.29,0.6023,1,190.24,122.07,0.3904,1,187.55,123.12,0.3069,1,186.57,125.52,0.5054,1,187.11,129.48,0.2339,1,203.88,129.59,0.6538,1,197.24,120.27,0.3384,1,194.41,117.15,0.3971,1,192.57,122.14,0.4573,1,200.94,119.91,0.3851,1,69.51,63.93,0.5017,1,170.99,103.78,0.342,1,159.48,155.73,0.3476,1,133.18,147.7,0.376,1,171.73,100.67,0.4234,1,24.12,15.56,0.3526,1,39.25,17.06,0.2613,1,21.21,18.25,0.2726,1,50.83,75.43,0.1539,1,117.09,152.8,0.4217,1,71.05,172.91,0.4865,1,59.91,209.11,0.9313,1,75.78,138.24,0.6572,1,69.71,175.71,0.7265,1,117.28,213.4,0.934,1,37.91,165.11,0.9015,1,45.65,114.28,0.9279,1,15.23,106.47,1.0,1,36.78,137.33,1.0,1,18.55,140.87,0.8635,1,21.42,178.12,0.8969,1,49.81,132.56,0.49,1,47.32,93.36,0.3337,1,60.57,97.85,0.3654,1
cvb,Drinking,train,cvb_0089_arm01_gopro1_20200323_002948_beh7_ani2_ins1_cut_2_tr0_seg0,7,True,True,pose_output_returned,166.56,0.5914,0.5608,39,24,0.9744,0.9744,38,194.85,163.14,0.6552,1,194.3,169.12,0.7033,1,189.44,173.11,0.4765,1,190.43,163.78,0.5608,1,196.68,169.43,0.5731,1,191.44,138.26,0.7843,1,192.69,127.67,0.511,1,189.42,123.48,0.2763,1,193.06,129.31,0.7215,1,197.44,127.69,0.27,1,206.36,139.34,0.8604,1,207.83,122.81,0.3757,0,203.11,119.74,0.304,1,206.32,126.68,0.6377,1,208.5,123.61,0.5297,1,155.71,117.31,0.4519,1,164.12,96.1,0.3079,1,160.49,157.59,0.4523,1,136.27,150.32,0.4822,1,172.19,96.25,0.346,1,28.11,15.91,0.3987,1,67.35,26.62,0.3096,1,16.8,25.94,0.4034,1,45.48,73.02,0.2301,1,118.31,152.0,0.6038,1,73.01,171.8,0.5943,1,60.92,211.97,1.0,1,80.01,139.27,0.7004,1,71.39,175.52,0.5466,1,119.78,214.79,1.0,1,38.68,163.49,0.8126,1,47.36,113.07,0.9717,1,16.23,109.29,1.0,1,37.74,136.48,0.9587,1,19.41,143.07,0.8072,1,22.01,182.29,0.9081,1,51.88,133.44,0.5112,1,59.27,98.86,0.4603,1,57.42,102.7,0.5669,1
cvb,Drinking,train,cvb_0051_arm01_gopro1_20200322_235424_beh8_ani1_ins2_cut_3_tr10_seg0,0,True,True,pose_output_returned,164.61,0.4603,0.3895,37,15,0.9487,0.9459,37,193.89,202.13,0.3878,1,192.91,203.86,0.2221,1,192.86,206.47,0.2652,1,188.04,193.36,0.2917,1,195.58,190.11,0.3895,1,188.8,153.25,0.5378,1,178.41,132.22,0.318,1,194.99,145.14,0.2032,1,178.75,134.15,0.3381,1,181.34,123.43,0.2353,1,197.14,150.91,0.9396,1,195.27,120.93,0.2783,1,194.17,109.46,0.2093,0,190.26,131.27,0.256,1,188.89,136.72,0.2641,1,160.74,110.29,0.4147,1,162.42,83.36,0.174,1,156.19,148.21,0.3822,1,142.09,149.74,0.2524,1,164.45,81.3,0.1363,1,46.27,17.32,0.4214,1,97.29,12.1,0.3338,1,136.24,14.06,0.5125,1,18.97,141.88,0.7045,0,123.8,138.11,0.3984,1,120.08,173.12,0.4019,1,120.8,208.91,0.8408,1,118.3,134.2,0.8394,1,119.65,177.66,0.639,1,121.51,211.42,0.7856,1,47.62,194.95,0.6865,1,38.11,98.78,0.8188,1,37.1,101.1,0.6894,1,36.12,143.76,0.8233,1,27.74,145.13,0.68,1,25.6,193.76,0.8053,1,74.99,125.74,0.5985,1,85.66,80.68,0.2434,1,128.0,57.16,0.2328,1
cvb,Drinking,train,cvb_0051_arm01_gopro1_20200322_235424_beh8_ani1_ins2_cut_3_tr10_seg0,1,True,True,pose_output_returned,190.52,0.4516,0.4175,31,14,1.0,1.0,39,193.56,202.01,0.6153,1,192.22,205.81,0.4488,1,190.52,205.21,0.463,1,185.22,198.98,0.3893,1,195.26,197.91,0.4389,1,183.88,164.53,0.4903,1,171.91,145.04,0.1875,1,158.38,144.58,0.1476,1,176.87,141.31,0.3155,1,178.89,135.78,0.1814,1,197.32,159.52,0.7015,1,195.21,136.42,0.187,1,192.14,136.24,0.095,1,190.27,144.85,0.2677,1,196.77,150.18,0.1406,1,146.35,88.82,0.3375,1,136.18,27.83,0.1273,1,156.66,151.75,0.3234,1,143.99,146.28,0.3346,1,132.56,20.42,0.1485,1,36.02,15.36,0.409,1,99.85,14.96,0.3584,1,38.62,17.85,0.4175,1,20.39,148.27,0.627,1,126.88,139.82,0.4859,1,119.84,181.69,0.3083,1,117.2,212.64,1.0,1,119.21,136.54,0.8248,1,120.0,182.18,0.5779,1,119.29,212.81,0.7276,1,45.56,193.73,0.5786,1,43.27,104.9,0.8432,1,36.6,100.43,0.7128,1,40.67,144.54,0.7979,1,27.51,146.14,0.7601,1,26.39,191.12,0.6714,1,76.27,125.94,0.5242,1,84.1,82.41,0.3141,1,146.22,52.95,0.3324,1
cvb,Drinking,train,cvb_0051_arm01_gopro1_20200322_235424_beh8_ani1_ins2_cut_3_tr10_seg0,2,True,True,pose_output_returned,168.5,0.3905,0.3402,29,11,0.9744,1.0,38,199.35,199.84,0.3498,1,198.23,204.48,0.2496,1,196.98,204.82,0.3402,1,195.64,193.62,0.2591,1,196.6,187.17,0.2802,1,178.8,141.84,0.2222,1,174.9,120.66,0.1106,1,190.7,142.36,0.1446,1,176.15,123.38,0.1912,1,179.38,136.76,0.1402,1,196.33,144.93,0.2413,1,193.69,123.86,0.1241,1,196.97,118.62,0.136,0,186.26,125.07,0.1948,1,87.14,26.55,0.1517,1,153.41,113.6,0.3764,1,134.54,26.57,0.1157,1,160.0,148.7,0.2288,1,145.77,147.41,0.2556,1,128.61,20.6,0.1656,1,38.07,12.31,0.4566,1,105.79,16.12,0.3718,1,35.51,17.18,0.5031,1,21.98,139.98,0.3777,1,125.28,134.8,0.4794,1,118.84,171.02,0.3808,1,117.49,209.39,0.9643,1,116.97,132.13,0.8071,1,119.73,172.91,0.4628,1,119.36,211.08,0.8222,1,45.25,194.1,0.6472,1,36.51,99.43,0.6669,1,36.78,101.02,0.69,1,36.69,140.56,0.7775,1,27.71,142.77,0.692,1,25.01,192.34,0.7252,1,74.2,126.14,0.5396,1,81.26,82.67,0.3082,1,130.71,53.16,0.2772,1
cvb,Drinking,train,cvb_0051_arm01_gopro1_20200322_235424_beh8_ani1_ins2_cut_3_tr10_seg0,3,True,True,pose_output_returned,167.21,0.3894,0.2826,29,12,1.0,1.0,39,172.54,182.8,0.3937,1,174.07,188.38,0.3203,1,171.56,186.49,0.3374,1,169.06,180.78,0.2324,1,198.21,197.1,0.2483,1,174.55,148.0,0.2891,1,168.99,143.21,0.0881,1,157.4,141.38,0.0904,1,172.59,140.53,0.204,1,175.13,140.16,0.192,1,194.39,156.21,0.1634,1,184.39,139.15,0.0968,1,89.34,28.77,0.1223,1,186.21,135.42,0.1616,1,190.23,129.62,0.1735,1,155.01,103.72,0.4338,1,158.99,90.18,0.1338,1,158.21,153.97,0.2826,1,142.53,149.98,0.2782,1,135.02,17.61,0.1816,1,36.15,18.14,0.3037,1,100.55,15.23,0.2555,1,37.84,24.99,0.2677,1,27.04,146.09,0.2012,1,124.95,138.37,0.5798,1,119.47,174.29,0.428,1,116.83,210.86,0.9232,1,119.15,133.63,0.8503,1,120.8,179.79,0.5249,1,118.84,212.33,0.6743,1,46.47,195.52,0.8141,1,42.38,104.24,0.7033,1,32.45,100.79,0.6267,1,42.22,146.53,0.7871,1,25.95,149.39,0.7556,1,24.36,193.65,0.9288,1,75.0,126.74,0.5979,1,79.04,84.8,0.2779,1,152.07,64.91,0.2645,1
cvb,Drinking,train,cvb_0051_arm01_gopro1_20200322_235424_beh8_ani1_ins2_cut_3_tr10_seg0,4,True,True,pose_output_returned,164.24,0.4777,0.4265,33,15,1.0,1.0,39,202.0,202.56,0.7393,1,199.86,208.02,0.448,1,196.47,206.5,0.3365,1,188.18,194.9,0.4265,1,202.24,197.36,0.6584,1,181.72,162.5,0.461,1,177.73,149.36,0.1196,1,173.14,84.39,0.1462,1,179.51,152.41,0.3248,1,180.11,145.37,0.1569,1,198.09,156.42,0.4925,1,194.09,148.12,0.1024,1,93.69,29.04,0.2066,1,190.13,151.19,0.2211,1,142.27,40.81,0.2222,1,143.54,77.73,0.5122,1,147.44,42.31,0.2191,1,162.04,146.4,0.3947,1,147.27,149.15,0.3672,1,143.86,31.74,0.3416,1,37.97,18.25,0.5926,1,105.14,15.76,0.1815,1,36.31,22.47,0.723,1,37.62,30.32,0.0605,1,162.53,143.16,0.3747,1,120.48,170.99,0.3998,1,116.3,211.54,0.945,1,118.88,135.58,0.7965,1,119.92,171.02,0.4609,1,118.34,213.07,0.7038,1,47.73,194.73,1.0,1,47.73,109.26,0.9131,1,31.78,99.84,0.7131,1,42.94,146.61,0.8934,1,24.65,147.84,0.9063,1,25.25,192.61,0.9768,1,75.76,127.6,0.5933,1,82.93,86.13,0.2969,1,78.6,89.51,0.2037,1
cvb,Drinking,train,cvb_0051_arm01_gopro1_20200322_235424_beh8_ani1_ins2_cut_3_tr10_seg0,5,True,True,pose_output_returned,166.23,0.5047,0.4708,35,18,0.9744,0.9714,38,201.58,206.75,0.7456,1,197.83,211.27,0.5424,1,192.37,208.28,0.4648,1,191.63,199.42,0.4354,1,202.42,195.75,0.5011,1,181.53,162.96,0.4972,1,175.98,127.51,0.2773,1,166.71,126.26,0.2761,1,184.55,146.68,0.2969,1,183.18,131.4,0.2096,1,199.04,154.76,0.8178,1,196.77,126.06,0.2099,1,91.87,28.42,0.1994,1,194.86,145.49,0.2771,1,186.85,123.9,0.1695,1,156.65,98.9,0.669,1,178.16,88.27,0.2549,1,161.71,151.7,0.4494,1,151.52,148.81,0.5446,1,178.63,86.76,0.3759,1,41.79,12.34,0.3906,1,104.43,14.3,0.2863,1,40.92,17.13,0.4693,1,152.44,144.1,0.0645,1,157.4,142.68,0.5057,1,166.14,159.93,0.5718,1,167.68,193.08,0.6971,0,118.97,134.41,0.9022,1,118.83,173.49,0.4708,1,115.9,210.49,0.6934,1,47.3,192.49,1.0,1,47.03,107.93,0.8271,1,30.48,101.21,0.6882,1,42.78,146.62,0.9092,1,24.25,148.09,0.9621,1,24.4,191.5,0.9157,1,75.36,127.59,0.5705,1,86.75,84.22,0.3658,1,85.01,87.09,0.1802,1
cvb,Drinking,train,cvb_0051_arm01_gopro1_20200322_235424_beh8_ani1_ins2_cut_3_tr10_seg0,6,True,True,pose_output_returned,166.96,0.4868,0.4132,34,17,0.9231,0.9118,36,192.68,202.03,0.7244,1,190.25,207.36,0.4747,1,189.1,206.03,0.4671,1,179.92,200.31,0.4132,1,196.46,196.87,0.5117,1,173.92,154.94,0.6082,1,170.91,130.64,0.1509,1,157.43,139.65,0.2121,1,174.06,132.34,0.2586,1,182.19,125.92,0.1755,1,197.33,153.81,0.7831,1,197.5,113.86,0.2464,0,202.91,122.53,0.221,0,196.37,130.41,0.3392,1,203.01,127.3,0.2311,0,144.72,77.71,0.4105,1,145.46,32.07,0.2179,1,159.37,143.66,0.3145,1,141.42,146.67,0.1884,1,135.55,24.28,0.2619,1,34.56,16.27,0.6119,1,101.97,17.27,0.2314,1,35.25,20.3,0.7068,1,28.26,147.89,0.0628,1,132.85,139.96,0.3836,1,120.64,170.72,0.3866,1,116.43,210.8,0.5864,1,117.1,133.6,0.908,1,118.88,172.68,0.6732,1,116.51,212.34,0.802,1,46.46,193.4,1.0,1,46.27,109.69,0.8214,1,30.77,101.27,0.6793,1,42.01,147.43,0.8915,1,24.81,149.59,0.9063,1,24.46,191.87,0.9866,1,76.47,127.89,0.5694,1,84.83,84.59,0.3872,1,83.73,87.54,0.1797,1
cvb,Drinking,train,cvb_0051_arm01_gopro1_20200322_235424_beh8_ani1_ins2_cut_3_tr10_seg0,7,True,True,pose_output_returned,163.58,0.3204,0.308,33,4,0.8462,0.8788,33,182.3,93.62,0.4028,1,157.36,145.91,0.3795,1,157.91,148.23,0.308,1,182.67,129.14,0.2457,1,183.97,101.73,0.2689,1,182.54,103.79,0.3265,1,191.98,123.33,0.8454,1,200.2,117.33,0.4571,0,187.51,117.2,0.5002,1,181.09,95.8,0.3701,1,177.57,102.26,0.216,1,199.49,126.48,0.1897,0,203.83,119.48,0.4602,0,183.03,106.99,0.2498,1,177.07,99.14,0.3664,1,186.51,136.57,0.3638,1,179.73,135.64,0.2423,1,164.68,145.23,0.2661,1,164.56,150.92,0.3816,1,175.27,138.06,0.3118,1,187.73,207.94,0.2086,1,172.58,136.18,0.0955,1,191.51,215.35,0.3887,1,124.73,214.02,0.2545,0,193.11,162.47,0.5089,1,192.85,176.68,0.3344,1,190.88,215.85,0.0886,1,161.83,149.3,0.3683,1,158.45,150.0,0.1182,1,153.08,145.98,0.0784,1,194.93,218.59,0.2939,1,194.82,213.33,0.4073,1,168.42,203.64,0.5513,1,197.48,218.1,0.2807,1,168.18,215.99,0.4327,0,166.87,217.21,0.1421,0,171.64,183.16,0.2301,1,177.86,175.11,0.2901,1,195.92,158.12,0.2722,1
cvb,Drinking,train,cvb_0190_arm01_gopro1_20200323_014036_beh7_ani6_ins1_cut_2_tr4_seg0,0,True,True,pose_output_returned,168.12,0.3605,0.2683,24,11,0.6923,0.6667,27,44.69,74.86,0.2572,1,45.01,81.44,0.181,1,47.75,85.36,0.184,1,44.42,78.04,0.2489,1,50.8,82.71,0.1785,1,188.4,146.79,0.0798,1,65.48,24.97,0.1938,1,210.72,106.41,0.1049,0,59.45,26.56,0.1726,1,21.3,12.8,0.2683,1,52.23,72.25,0.1175,0,82.88,42.28,0.1591,1,103.09,48.33,0.2943,1,64.47,28.18,0.194,1,156.99,13.02,0.1884,0,167.6,62.51,0.4663,1,111.18,24.37,0.2225,1,57.24,90.51,0.0702,1,186.94,89.5,0.1067,1,74.98,17.01,0.2757,1,189.12,21.13,0.3731,0,151.08,16.95,0.4747,0,190.78,23.95,0.4905,0,20.05,17.52,0.0588,1,129.41,134.51,0.8581,1,124.2,169.51,0.414,1,124.1,212.04,0.819,1,138.52,133.47,0.7297,1,141.72,175.63,0.6525,1,139.82,216.57,0.8062,0,80.96,179.36,0.7128,0,68.77,115.19,0.5462,1,64.99,113.54,0.3612,1,70.78,141.5,0.6044,0,13.46,148.9,0.5239,0,16.07,202.2,0.7555,0,97.01,129.42,0.5369,1,92.72,93.67,0.2035,1,185.53,58.05,0.1743,0
cvb,Drinking,train,cvb_0190_arm01_gopro1_20200323_014036_beh7_ani6_ins1_cut_2_tr4_seg0,1,True,True,pose_output_returned,166.66,0.4244,0.3445,33,13,0.8974,0.8788,35,205.27,172.55,0.3198,1,189.92,165.81,0.3445,1,189.05,166.37,0.3325,1,205.39,169.48,0.2153,1,207.11,170.27,0.2893,1,197.51,132.23,0.3886,1,194.54,113.71,0.1954,1,77.32,46.32,0.1495,1,198.76,112.13,0.2108,1,83.49,40.68,0.3677,1,216.51,128.82,0.451,1,215.54,108.07,0.1139,1,217.59,119.56,0.2098,1,215.86,110.98,0.2025,1,218.31,123.17,0.2304,1,155.42,68.77,0.6524,1,173.2,46.4,0.17,1,155.74,142.6,0.2691,1,160.96,137.4,0.4065,1,147.26,30.45,0.2317,0,31.03,18.98,0.1594,1,66.61,15.4,0.399,1,15.75,24.25,0.2604,1,5.77,13.98,0.061,1,112.28,136.41,0.8092,1,109.06,170.26,0.6562,1,106.71,209.03,0.9886,1,120.94,139.6,0.7408,1,121.04,177.32,0.5862,1,123.3,210.86,0.7581,1,62.94,181.98,0.7899,0,58.36,106.66,0.534,1,20.62,104.39,0.9077,1,57.03,141.69,0.819,1,13.39,146.46,0.8607,0,51.79,183.36,0.2334,0,78.99,130.61,0.5526,1,71.58,90.92,0.4323,1,77.33,92.77,0.2505,1
cvb,Drinking,train,cvb_0190_arm01_gopro1_20200323_014036_beh7_ani6_ins1_cut_2_tr4_seg0,2,True,True,pose_output_returned,171.77,0.4128,0.336,31,16,0.7949,0.7742,31,10.25,84.43,0.2492,1,164.19,169.03,0.2049,0,164.85,169.21,0.2595,0,14.64,84.12,0.1943,1,163.81,161.68,0.2413,1,13.26,58.4,0.2603,1,189.08,123.51,0.111,1,181.8,120.4,0.2592,1,110.71,21.79,0.0978,1,88.26,39.59,0.2406,1,11.7,60.12,0.2015,1,215.02,104.53,0.0546,1,214.43,88.45,0.0443,1,209.4,98.18,0.0902,1,215.24,86.66,0.1212,0,154.18,63.96,0.7407,1,148.11,34.73,0.2527,1,155.06,148.72,0.2113,1,144.12,148.35,0.5269,1,144.61,30.45,0.2901,1,26.07,16.27,0.6693,1,106.02,13.93,0.4053,1,18.72,20.84,0.7809,1,8.35,82.48,0.1391,1,113.67,142.03,0.5832,1,109.21,173.78,0.4013,1,105.13,211.33,0.9889,1,119.08,142.89,0.9443,1,120.31,182.15,0.6679,1,117.22,212.39,0.7079,0,48.79,190.05,0.6053,0,50.11,113.25,0.6709,1,33.69,114.49,0.5596,1,46.46,146.46,0.6867,0,18.18,149.7,0.5627,0,9.78,206.47,0.6389,0,75.5,131.41,0.756,1,78.3,88.91,0.336,1,43.63,86.55,0.3455,1
cvb,Drinking,train,cvb_0190_arm01_gopro1_20200323_014036_beh7_ani6_ins1_cut_2_tr4_seg0,3,True,True,pose_output_returned,166.8,0.4068,0.3674,31,14,0.8718,0.8387,34,177.72,170.9,0.2111,0,178.93,170.5,0.2428,1,177.15,172.0,0.2957,0,178.22,165.32,0.2218,1,175.7,166.98,0.2674,0,180.9,148.1,0.1213,1,85.4,9.1,0.0609,1,117.51,42.02,0.2858,1,72.93,15.22,0.0924,1,128.39,40.44,0.2571,1,179.52,149.88,0.0793,1,167.56,59.08,0.0426,1,142.13,29.64,0.1358,1,92.26,28.42,0.0953,1,39.39,15.25,0.096,1,162.0,61.73,0.8032,1,161.21,40.36,0.2569,1,162.79,147.74,0.2249,1,164.19,141.16,0.3821,1,157.63,30.08,0.3846,1,46.63,17.71,0.5565,1,85.81,14.69,0.7312,1,41.97,18.89,0.7368,1,10.86,138.14,0.3674,0,91.53,123.15,0.548,1,129.01,175.9,0.4664,1,129.75,212.12,0.7777,1,140.95,143.85,0.9682,1,138.63,177.55,0.5847,1,138.89,213.93,0.9379,1,81.88,195.32,0.6507,0,45.82,97.47,0.6893,1,61.43,106.13,0.6388,1,50.36,140.81,0.4383,1,34.44,140.36,0.4849,1,47.25,198.62,0.7,1,103.08,135.3,0.5746,1,85.66,85.52,0.2482,1,77.88,82.62,0.2092,1
cvb,Drinking,train,cvb_0190_arm01_gopro1_20200323_014036_beh7_ani6_ins1_cut_2_tr4_seg0,4,True,True,pose_output_returned,165.82,0.5188,0.5313,36,20,0.8974,0.8889,35,184.77,174.25,0.6311,1,185.42,175.27,0.6796,0,182.93,175.8,0.5787,0,179.97,168.97,0.4978,1,189.83,171.29,0.5538,1,186.44,136.12,0.9037,1,183.78,116.05,0.1825,1,87.91,49.59,0.3519,1,188.91,122.08,0.3356,1,193.78,122.16,0.2224,1,197.0,137.91,0.8672,1,214.2,105.19,0.2205,1,203.97,79.2,0.1635,1,209.07,109.8,0.2961,1,215.32,119.87,0.2191,1,155.69,62.72,0.693,1,168.65,38.85,0.343,1,158.23,139.19,0.3815,1,154.34,138.92,0.3247,1,160.38,31.75,0.3623,1,18.63,11.68,0.3908,1,72.56,10.58,0.597,1,12.98,16.8,0.4755,1,69.45,174.96,0.1198,1,112.06,136.45,0.7656,1,112.15,172.94,0.5724,1,107.59,211.68,0.8546,1,120.15,138.77,0.7917,1,114.62,175.3,0.7861,1,114.57,214.76,0.8482,0,54.23,191.76,0.7284,0,51.89,116.53,0.7955,1,26.0,108.36,0.6708,1,47.01,148.28,0.8344,1,13.69,147.83,0.4034,1,43.52,202.82,0.5313,1,77.81,132.74,0.7649,1,73.19,90.01,0.2864,1,75.78,87.49,0.2086,1
cvb,Drinking,train,cvb_0190_arm01_gopro1_20200323_014036_beh7_ani6_ins1_cut_2_tr4_seg0,5,True,True,pose_output_returned,168.08,0.5439,0.5647,36,24,1.0,1.0,39,191.94,169.83,0.7274,1,191.32,171.72,0.6297,1,190.47,172.07,0.5546,1,187.45,166.09,0.4733,1,195.55,167.63,0.6385,1,191.02,140.03,0.6369,1,183.5,123.17,0.1863,1,83.41,50.79,0.5257,1,189.83,124.85,0.4022,1,100.68,46.3,0.3974,1,202.21,134.32,0.805,1,192.76,118.99,0.2703,1,202.12,116.4,0.0853,1,196.63,127.29,0.3913,1,199.47,121.82,0.1501,1,153.64,64.55,0.7323,1,165.67,40.38,0.3904,1,159.42,145.31,0.3825,1,148.58,146.41,0.2944,1,164.31,34.96,0.4385,1,25.57,14.52,0.7593,1,69.21,10.45,0.5164,1,18.12,18.95,0.8852,1,15.16,161.16,0.2093,1,107.21,138.99,0.5285,1,106.26,172.38,0.6587,1,103.8,210.07,0.9768,1,117.21,135.04,0.7166,1,119.29,177.48,0.5647,1,123.16,211.48,0.9354,1,52.09,189.32,0.6325,1,49.95,113.43,0.6655,1,24.06,107.22,0.5907,1,46.67,151.31,0.6861,1,9.27,152.95,0.7184,1,9.72,203.51,0.7977,1,76.42,131.52,0.8131,1,77.21,89.32,0.2405,1,100.04,88.03,0.2044,1
cvb,Drinking,train,cvb_0190_arm01_gopro1_20200323_014036_beh7_ani6_ins1_cut_2_tr4_seg0,6,True,True,pose_output_returned,165.88,0.5621,0.5944,37,25,0.9487,0.9459,37,210.93,170.24,1.0,1,208.55,174.54,0.843,1,202.85,173.19,0.6919,0,201.27,167.96,0.5171,1,213.78,166.75,0.8361,1,202.57,130.14,0.6647,1,193.62,111.13,0.3765,1,87.2,49.16,0.38,1,198.39,114.7,0.5573,1,212.26,108.46,0.2285,1,215.8,126.17,0.7863,1,214.18,105.75,0.3566,1,220.35,116.07,0.2426,1,212.59,115.56,0.5054,1,218.52,113.8,0.396,1,155.96,66.59,0.6009,1,168.78,38.84,0.2367,1,157.3,146.35,0.3639,1,143.44,146.25,0.3701,1,161.31,30.54,0.3017,1,28.07,12.05,0.709,1,78.76,9.89,0.4489,1,18.61,16.64,0.704,1,17.63,32.4,0.0562,1,110.3,136.84,0.8487,1,109.31,170.24,0.5312,1,108.08,212.48,0.8494,1,119.91,135.24,0.8087,1,118.96,177.12,0.7371,1,120.55,214.55,0.8401,1,54.97,193.87,0.6882,0,46.63,115.6,0.6477,1,38.49,112.72,0.5944,1,48.34,150.78,0.8263,1,21.72,152.45,0.5454,1,46.43,204.95,0.69,1,78.61,133.08,0.7215,1,77.01,87.94,0.2515,1,163.74,52.32,0.1687,1
cvb,Drinking,train,cvb_0190_arm01_gopro1_20200323_014036_beh7_ani6_ins1_cut_2_tr4_seg0,7,True,True,pose_output_returned,168.84,0.5421,0.529,36,23,0.8718,0.8611,34,203.65,166.11,0.6272,0,203.35,166.53,0.5987,0,197.06,166.59,0.6552,0,198.6,159.32,0.5244,0,202.83,160.64,0.5094,1,205.45,127.07,0.5271,1,200.45,106.34,0.3628,1,183.39,102.87,0.2442,1,202.46,113.05,0.4265,1,206.54,111.93,0.2136,1,217.68,125.89,0.5823,1,209.76,102.55,0.459,1,213.2,107.96,0.153,1,205.83,108.95,0.4913,1,216.41,110.52,0.2092,1,160.47,65.48,0.5525,1,170.71,35.9,0.1364,1,175.42,138.46,0.426,1,164.99,140.75,0.4355,1,138.86,23.01,0.2551,1,54.53,10.84,0.7447,1,96.34,14.15,0.4712,1,45.96,16.01,0.8608,1,18.27,133.54,0.3228,0,120.25,136.97,0.7386,1,121.06,172.35,0.6526,1,117.64,212.55,0.9375,1,135.06,133.17,0.6603,1,131.07,174.69,0.7709,1,131.74,214.54,0.9887,1,70.06,200.09,0.9356,1,48.02,108.09,0.5845,1,50.79,109.18,0.529,1,62.91,151.34,0.8331,1,35.82,148.55,0.8454,1,35.67,201.79,0.844,1,93.35,136.32,0.6365,1,90.74,89.26,0.2386,1,168.13,47.85,0.156,1
cvb,Drinking,val,cvb_0680_arm01_gopro1_20200325_002001_beh8_ani8_ins4_cut_2_tr3_seg0,0,True,True,pose_output_returned,164.76,0.463,0.3393,28,16,0.8974,0.9286,35,54.08,202.63,0.124,1,68.43,168.74,0.1279,0,70.57,171.49,0.1564,0,59.78,197.58,0.1821,1,68.43,164.66,0.2662,0,40.28,179.46,0.2487,1,45.15,139.52,0.1277,1,36.1,137.4,0.1959,1,46.4,154.46,0.2021,1,52.2,158.11,0.1776,1,62.27,170.12,0.2321,0,53.63,158.04,0.1832,1,70.31,158.2,0.1298,1,49.6,158.95,0.2572,1,44.26,153.23,0.3393,1,62.4,97.13,0.4106,1,60.92,53.61,0.2063,1,68.33,159.88,0.3559,1,73.4,148.82,0.4438,1,64.64,44.02,0.2516,1,187.74,7.41,0.7674,1,134.19,17.64,0.7297,1,193.86,10.83,0.9028,1,202.28,112.22,0.1056,1,91.33,139.4,0.8764,1,90.75,171.04,0.6646,1,89.51,207.68,0.7519,1,81.62,145.18,0.7659,1,82.32,172.3,0.6586,1,86.97,207.17,0.7013,1,205.6,178.91,0.9926,1,194.52,90.22,0.9105,1,173.36,101.94,0.8455,1,208.15,124.67,0.8469,1,176.64,128.98,0.9343,1,162.42,174.35,0.9508,1,139.72,127.63,0.6324,1,138.95,74.26,0.1462,1,161.33,67.53,0.2551,1
cvb,Drinking,val,cvb_0680_arm01_gopro1_20200325_002001_beh8_ani8_ins4_cut_2_tr3_seg0,1,True,True,pose_output_returned,173.44,0.4976,0.4001,33,17,0.9231,0.9091,36,65.64,208.1,0.2196,1,63.78,208.59,0.1815,1,63.06,208.07,0.1677,1,59.68,203.04,0.2235,1,63.55,185.85,0.1557,1,40.56,183.9,0.2998,1,27.62,162.07,0.224,1,27.38,147.25,0.3974,0,31.71,162.1,0.2218,1,27.16,152.6,0.323,0,53.38,178.42,0.4276,1,46.04,160.94,0.2572,1,59.86,150.87,0.1595,1,45.83,165.56,0.4001,1,43.96,168.41,0.3878,1,56.98,101.41,0.5153,1,56.84,55.53,0.2496,1,67.14,160.42,0.184,1,68.38,146.56,0.4491,1,58.77,49.25,0.3056,1,186.44,7.32,0.7663,1,132.17,18.78,0.7634,1,193.23,11.65,0.8606,1,48.35,93.63,0.2261,1,88.15,140.83,0.8866,1,90.43,176.35,0.7029,1,86.93,209.47,0.7877,1,83.22,145.6,0.9103,1,82.11,175.98,0.5277,1,85.93,209.15,0.7546,1,206.75,182.86,0.9214,0,194.43,90.65,0.9573,1,173.43,101.98,0.8647,1,206.56,126.41,0.8247,1,178.65,129.3,0.9302,1,163.66,174.25,0.9449,1,140.14,128.54,0.6575,1,131.6,85.44,0.1401,1,159.7,68.88,0.2281,1
cvb,Drinking,val,cvb_0680_arm01_gopro1_20200325_002001_beh8_ani8_ins4_cut_2_tr3_seg0,2,True,True,pose_output_returned,169.05,0.5368,0.5668,31,24,0.9487,0.9355,37,53.1,205.01,0.2769,1,53.56,208.18,0.151,1,78.84,171.3,0.1368,1,53.6,203.06,0.2687,1,61.75,200.86,0.143,1,41.79,183.52,0.5813,1,29.41,161.68,0.4906,0,29.16,144.76,0.5668,1,37.44,166.67,0.5537,1,31.09,148.27,0.4387,1,55.0,178.78,0.696,1,53.2,155.87,0.3643,1,64.09,161.1,0.1708,1,48.02,164.07,0.7009,1,46.25,166.07,0.5178,1,57.57,101.42,0.6534,1,56.6,68.53,0.096,1,70.91,160.69,0.2612,1,73.58,145.91,0.5416,1,171.93,10.73,0.0846,1,188.89,9.29,0.7362,1,133.28,18.78,0.7846,1,195.21,14.43,0.7401,1,49.75,92.24,0.1838,1,88.57,141.39,0.8601,1,83.95,177.5,0.7133,1,87.94,209.17,0.9366,1,86.99,143.63,0.6606,1,93.99,171.77,0.5276,1,101.3,195.55,0.6589,1,205.89,184.68,0.7946,0,195.8,90.39,0.9405,1,171.72,103.12,0.8437,1,207.54,129.49,0.8712,1,176.39,130.71,0.8646,1,163.27,175.51,0.9484,1,138.5,129.64,0.6964,1,169.46,63.19,0.1859,1,162.62,65.87,0.2951,1
cvb,Drinking,val,cvb_0680_arm01_gopro1_20200325_002001_beh8_ani8_ins4_cut_2_tr3_seg0,3,True,True,pose_output_returned,166.5,0.5266,0.5285,34,21,0.9487,0.9412,37,52.93,209.87,0.2232,1,55.11,211.85,0.2394,1,55.48,211.32,0.2814,1,46.57,210.25,0.2014,1,55.2,204.02,0.2068,1,25.12,181.65,0.3671,1,20.0,163.49,0.4104,1,28.5,146.4,0.5285,0,24.26,167.81,0.5641,1,20.52,157.95,0.433,0,49.36,183.19,0.3694,1,46.59,161.38,0.2961,1,59.67,159.23,0.166,1,35.1,163.15,0.5212,1,33.46,153.27,0.3143,1,60.34,101.87,0.6694,1,60.61,94.69,0.1254,1,61.11,157.81,0.3552,1,74.96,150.56,0.6781,1,174.55,11.01,0.0956,1,56.85,51.12,0.743,1,134.73,17.98,0.6016,1,194.51,13.22,0.8556,1,50.83,70.37,0.0816,1,96.3,141.07,0.8513,1,88.68,176.49,0.9471,1,91.07,206.87,0.7941,1,88.59,147.01,0.6219,1,86.1,173.25,0.7064,1,104.9,192.52,0.6687,1,207.97,176.43,0.9304,1,195.15,90.54,0.9557,1,173.43,102.61,0.887,1,208.63,125.74,0.8919,1,177.66,130.61,0.8687,1,164.27,173.92,0.8942,1,140.14,129.2,0.7443,1,174.49,67.14,0.1693,1,163.08,69.26,0.2767,1
cvb,Drinking,val,cvb_0680_arm01_gopro1_20200325_002001_beh8_ani8_ins4_cut_2_tr3_seg0,4,True,True,pose_output_returned,168.58,0.5904,0.6256,36,24,0.8974,0.9167,35,17.22,204.38,0.2338,0,16.66,202.34,0.1857,0,20.6,210.68,0.1482,1,19.24,201.2,0.2778,1,21.76,199.62,0.247,1,14.15,179.36,0.7164,1,12.85,153.28,0.4435,0,17.04,148.32,0.3124,0,15.3,161.36,0.6643,1,16.27,156.79,0.4555,1,24.94,178.74,0.7325,1,37.4,159.15,0.6256,1,31.44,154.31,0.3358,1,20.05,158.77,0.8463,1,23.36,164.9,0.5694,1,72.91,100.63,0.5627,1,59.08,76.26,0.303,1,71.12,165.68,0.5321,1,76.55,158.35,0.49,1,76.54,50.49,0.3974,1,192.24,9.49,0.8896,1,140.52,21.44,0.7518,1,196.09,12.96,0.982,1,200.18,115.95,0.1599,1,102.73,147.08,0.9097,1,103.94,180.09,0.8437,1,102.94,214.82,0.9312,1,100.82,149.21,0.7111,1,101.38,177.08,0.557,1,114.67,197.98,0.6392,1,212.56,179.82,1.0,1,200.14,91.08,0.9394,1,179.8,104.49,0.8353,1,211.51,128.9,0.8731,1,186.01,127.74,0.8874,1,171.02,173.72,0.8145,1,150.01,130.96,0.6839,1,130.73,90.02,0.2093,1,145.31,84.26,0.3264,1
cvb,Drinking,val,cvb_0680_arm01_gopro1_20200325_002001_beh8_ani8_ins4_cut_2_tr3_seg0,5,True,True,pose_output_returned,165.09,0.5028,0.4349,30,17,0.9231,0.9667,36,49.34,171.19,0.0865,1,52.8,180.92,0.081,0,49.1,188.67,0.1124,1,45.0,172.53,0.1545,1,55.29,174.02,0.1583,1,23.26,174.19,0.3137,1,28.01,148.63,0.1436,0,29.67,141.25,0.1311,1,25.85,156.7,0.2814,1,38.59,168.93,0.2572,1,25.95,173.65,0.4104,1,36.17,156.4,0.3467,0,44.26,165.1,0.2676,1,29.64,157.71,0.4349,1,28.71,166.14,0.2729,1,69.17,104.58,0.5837,1,61.97,75.08,0.3674,1,67.04,163.32,0.4822,1,80.47,156.76,0.4868,1,68.39,60.27,0.3905,1,191.47,8.64,0.653,1,141.09,20.79,0.6826,1,197.54,11.81,0.847,1,65.49,98.05,0.1929,1,104.8,148.12,0.8163,1,103.28,180.43,0.8699,1,103.86,212.33,0.9445,1,101.85,149.15,0.8194,1,107.67,176.21,0.7145,1,117.2,195.77,0.7954,1,211.9,178.22,0.9249,1,200.06,90.46,1.0,1,180.52,102.49,0.8289,1,210.38,126.67,0.8888,1,186.25,129.26,0.8895,1,172.2,174.11,0.8762,1,151.36,133.2,0.6305,1,137.96,88.15,0.198,1,140.43,90.81,0.2755,1
cvb,Drinking,val,cvb_0680_arm01_gopro1_20200325_002001_beh8_ani8_ins4_cut_2_tr3_seg0,6,True,True,pose_output_returned,171.47,0.5913,0.587,38,21,0.9231,0.9211,36,12.26,205.48,0.3123,1,13.26,205.23,0.2492,1,16.63,211.81,0.2115,1,15.28,196.11,0.4076,1,17.99,196.69,0.3582,1,10.48,169.33,0.7249,1,10.99,138.38,0.3881,1,12.37,128.29,0.2219,0,9.27,153.75,0.5336,1,5.31,151.8,0.2716,0,12.09,168.54,0.9459,1,17.19,145.38,0.4952,1,14.74,130.45,0.3116,1,9.3,151.41,0.8685,1,7.39,155.55,0.3917,1,62.4,122.65,0.587,1,60.92,67.4,0.3821,1,67.47,161.84,0.4526,1,76.73,156.72,0.3938,1,68.67,58.26,0.4815,1,182.68,9.1,0.8422,1,135.22,26.98,0.6164,1,188.51,12.3,0.9306,1,199.7,59.22,0.1234,1,110.55,148.1,0.8737,1,110.95,181.47,0.7979,1,110.07,213.88,0.8153,1,94.44,150.58,0.8009,1,88.09,176.45,0.7345,1,89.27,210.49,0.9172,0,212.92,179.91,1.0,1,200.47,93.1,0.8995,1,181.11,107.82,0.8054,1,213.08,128.22,0.8332,1,187.46,133.07,0.915,1,177.88,178.85,0.9679,1,154.54,134.37,0.698,1,137.16,89.56,0.2094,1,142.97,90.83,0.2917,1
cvb,Drinking,val,cvb_0680_arm01_gopro1_20200325_002001_beh8_ani8_ins4_cut_2_tr3_seg0,7,True,True,pose_output_returned,168.35,0.6492,0.6829,38,28,0.8974,0.8947,35,29.34,165.72,0.691,1,32.17,171.28,0.551,1,36.79,175.16,0.5179,1,28.32,168.64,0.5773,1,36.05,167.96,0.6829,1,9.55,143.99,0.6856,1,11.09,122.06,0.4359,1,11.94,114.1,0.4621,1,7.74,128.76,0.5764,1,7.42,120.83,0.351,0,21.12,142.12,0.7537,1,26.44,127.87,0.4108,1,23.4,117.98,0.2902,0,13.82,126.74,0.7274,1,18.88,129.47,0.4815,1,59.14,123.11,0.5394,1,62.55,67.16,0.4721,1,54.76,156.35,0.5277,1,76.84,156.87,0.4854,1,70.65,55.35,0.5929,1,188.19,8.05,0.7633,1,135.74,25.22,0.6542,1,195.43,11.98,0.8171,1,202.25,19.03,0.0975,1,109.28,147.52,0.9406,1,113.17,183.64,0.8357,1,116.68,216.73,0.9943,1,93.63,151.7,0.8447,1,91.88,177.36,0.7493,0,95.03,205.86,0.8489,0,217.55,178.04,1.0,1,201.67,97.06,0.9204,1,181.92,108.27,0.8615,1,214.15,130.02,0.8837,1,189.81,134.92,0.9204,1,180.81,175.62,0.8916,1,153.17,134.07,0.7398,1,137.18,87.31,0.331,1,139.29,90.83,0.4135,1
cvb,Drinking,val,cvb_0040_arm01_gopro1_20200322_233642_beh7_ani8_ins1_cut_4_tr5_seg0,0,True,True,pose_output_returned,168.17,0.4331,0.4135,33,13,0.9487,0.9394,37,175.61,145.14,0.6537,1,173.67,150.18,0.9076,1,172.69,157.45,0.8041,1,168.33,145.09,0.4904,1,179.34,151.16,0.6219,1,176.01,126.76,0.4428,1,186.85,114.5,0.7118,1,181.56,106.95,0.4882,1,188.64,110.57,0.5372,1,187.12,104.36,0.5847,1,187.81,131.71,0.5403,1,199.42,121.36,0.6531,1,209.19,127.09,0.3531,1,196.31,115.73,0.3959,1,184.93,102.52,0.3498,0,191.38,150.48,0.1878,1,174.2,109.23,0.3242,1,181.6,164.64,0.4624,1,183.96,163.49,0.4135,1,171.8,107.37,0.3776,1,165.14,100.83,0.1233,1,131.7,108.93,0.2098,1,165.84,102.75,0.0957,1,199.7,220.21,0.0614,1,207.75,168.05,0.6387,1,203.91,183.91,0.3917,1,202.1,217.55,0.6385,1,176.34,167.92,0.5037,1,185.85,191.82,0.4483,1,198.5,218.0,0.7723,1,204.61,216.8,0.3621,0,170.23,168.26,0.2542,1,160.93,165.78,0.267,1,205.19,212.68,0.3085,1,160.66,178.34,0.4102,1,168.53,205.05,0.4312,1,143.65,154.8,0.1361,1,143.91,128.27,0.3475,1,218.08,158.87,0.1889,1
cvb,Drinking,val,cvb_0040_arm01_gopro1_20200322_233642_beh7_ani8_ins1_cut_4_tr5_seg0,1,True,True,pose_output_returned,171.61,0.4438,0.3875,33,14,0.8718,0.8485,34,17.45,96.74,0.4176,1,18.28,102.46,0.396,0,21.23,104.25,0.2617,0,15.51,104.53,0.2583,0,24.95,98.31,0.3505,1,11.2,77.49,0.3875,1,170.16,126.17,0.1086,1,167.57,100.98,0.2066,1,176.53,126.27,0.2898,1,11.63,63.36,0.3872,0,13.55,74.58,0.3149,1,200.4,117.73,0.1236,1,201.27,123.7,0.1715,1,193.95,113.36,0.2894,1,202.7,117.22,0.3283,1,124.38,81.67,0.7359,1,130.44,61.76,0.3556,1,143.07,145.78,0.2271,1,131.65,137.97,0.3806,1,129.48,52.77,0.3993,1,47.88,15.57,0.6108,1,84.35,24.53,0.9525,1,43.4,19.15,0.715,1,33.56,96.91,0.1503,1,130.02,139.45,0.7179,1,129.85,170.28,0.8746,1,126.83,183.97,0.668,0,80.06,133.23,0.625,1,86.17,169.72,0.4712,1,80.6,192.48,0.9247,1,68.82,184.6,0.66,1,33.57,112.3,0.7507,1,66.13,122.07,0.5338,1,31.62,146.07,0.6023,1,30.83,147.33,0.4725,1,29.09,183.21,0.6676,1,58.76,127.79,0.2973,1,70.14,87.37,0.1415,1,70.05,93.39,0.0817,1
cvb,Drinking,val,cvb_0040_arm01_gopro1_20200322_233642_beh7_ani8_ins1_cut_4_tr5_seg0,2,True,True,pose_output_returned,168.64,0.4613,0.4724,32,18,0.8462,0.875,33,19.18,98.09,0.6795,1,22.38,102.76,0.6106,0,25.47,106.15,0.5167,0,19.45,99.68,0.6541,1,25.86,96.0,0.6171,1,19.35,73.35,0.5968,1,10.85,66.13,0.3572,1,4.65,64.73,0.6436,1,14.45,60.66,0.2766,0,11.29,57.93,0.4447,0,27.62,71.06,0.5556,1,16.92,62.37,0.1432,0,12.64,63.3,0.1739,1,13.94,62.0,0.1776,0,193.59,111.94,0.3884,1,125.92,83.3,0.6279,1,136.74,66.98,0.2819,1,141.63,145.23,0.1697,1,125.76,149.98,0.4112,1,51.13,25.14,0.4106,1,50.46,54.65,0.3419,1,92.92,19.62,0.7372,1,56.39,66.37,0.4409,1,50.94,70.1,0.1156,1,123.82,143.2,0.4899,1,129.88,167.46,0.675,1,128.79,181.85,0.6172,1,88.67,129.99,0.5034,1,84.93,161.61,0.5479,1,87.92,189.15,0.8334,1,76.33,191.94,0.5684,1,39.07,113.95,0.7086,1,77.88,122.94,0.829,1,36.88,151.85,0.4724,1,74.75,157.73,0.3441,1,34.87,187.56,0.4645,1,77.6,129.23,0.2382,1,84.22,86.6,0.1635,1,163.27,88.61,0.1632,1
cvb,Drinking,val,cvb_0040_arm01_gopro1_20200322_233642_beh7_ani8_ins1_cut_4_tr5_seg0,3,True,True,pose_output_returned,168.16,0.4669,0.4798,32,17,0.8974,0.9062,35,21.47,103.2,0.6946,1,22.17,107.68,0.7186,0,24.11,109.63,0.4798,0,19.0,106.78,0.6134,0,28.71,104.28,0.497,1,19.45,79.7,0.6412,1,11.65,70.31,0.3849,1,4.44,68.06,0.5663,1,13.59,68.97,0.2914,1,10.09,66.43,0.4475,1,30.17,78.17,0.4833,1,30.58,68.52,0.1739,1,10.42,68.16,0.1883,1,18.55,65.07,0.2538,1,183.36,103.81,0.1278,0,127.86,87.76,0.291,1,143.46,82.65,0.2496,1,134.43,148.54,0.1105,1,129.68,152.41,0.5975,1,143.13,74.05,0.2191,1,58.77,5.89,0.5297,1,81.73,12.3,0.4413,1,57.46,8.45,0.6235,1,54.39,74.66,0.1355,1,131.64,150.8,0.584,1,127.5,173.56,0.8067,1,129.38,186.63,0.7749,1,89.42,133.59,0.4449,1,86.22,169.74,0.5222,1,85.29,194.3,0.7377,1,77.34,194.85,0.4477,1,39.92,114.38,0.8101,1,79.81,125.89,0.8163,1,36.75,152.67,0.7195,1,75.7,159.53,0.412,1,35.16,189.68,0.6866,1,62.62,132.9,0.2959,1,89.14,94.66,0.1992,1,156.9,94.63,0.1911,1
cvb,Drinking,val,cvb_0040_arm01_gopro1_20200322_233642_beh7_ani8_ins1_cut_4_tr5_seg0,4,True,True,pose_output_returned,169.77,0.4117,0.3599,33,12,0.9744,0.9697,38,165.07,163.08,0.2442,1,166.03,165.51,0.2971,1,162.37,163.18,0.2833,1,161.72,160.45,0.1894,1,167.95,162.14,0.3367,1,16.04,77.87,0.2097,1,169.11,122.33,0.1373,1,169.96,105.73,0.3237,1,172.4,114.5,0.3134,1,12.1,61.27,0.3667,0,190.37,125.68,0.1502,1,189.55,110.44,0.292,1,190.05,102.41,0.2991,1,184.3,111.08,0.4142,1,191.47,110.1,0.312,1,129.4,83.02,0.6051,1,136.64,62.82,0.3769,1,143.34,143.54,0.289,1,124.83,145.56,0.462,1,132.76,52.9,0.4392,1,44.55,39.43,0.2804,1,88.48,22.21,0.8537,1,50.73,54.46,0.3599,1,17.15,96.15,0.1388,1,126.7,148.54,0.4234,1,128.66,170.21,0.6447,1,132.39,179.98,0.8058,1,82.73,138.01,0.5156,1,83.94,167.52,0.613,1,85.39,192.85,0.8143,1,72.73,186.91,0.5909,1,38.65,108.64,0.7154,1,79.1,124.23,0.5135,1,38.04,147.72,0.4346,1,37.0,149.54,0.7306,1,34.09,186.0,0.7421,1,60.02,132.36,0.2629,1,86.85,82.49,0.1466,1,147.78,68.19,0.1269,1
cvb,Drinking,val,cvb_0040_arm01_gopro1_20200322_233642_beh7_ani8_ins1_cut_4_tr5_seg0,5,True,True,pose_output_returned,165.41,0.4972,0.471,35,19,0.9231,0.9143,36,17.71,97.06,0.7436,1,18.96,100.62,0.6652,0,21.94,104.19,0.5618,0,16.55,97.75,0.5988,1,24.76,96.57,0.7014,1,13.46,76.6,0.6274,1,12.43,64.93,0.3814,1,6.64,61.12,0.3549,1,12.67,63.26,0.2251,1,183.17,115.86,0.3172,1,24.94,73.91,0.3905,1,17.24,64.45,0.149,1,13.28,59.56,0.2373,0,188.59,112.35,0.2616,1,191.24,114.8,0.471,1,128.27,84.64,0.5115,1,139.87,69.42,0.3335,1,143.85,140.38,0.3113,1,131.98,143.96,0.4393,1,141.42,66.44,0.2697,1,48.92,16.71,0.6652,1,82.43,19.87,0.7551,1,44.92,18.86,0.7621,1,36.12,20.43,0.1482,1,129.2,143.04,0.6223,1,129.7,168.14,0.9473,1,129.33,180.42,0.8911,1,81.29,135.7,0.7707,1,81.73,166.65,0.5809,1,85.3,190.61,0.8602,1,73.11,188.64,0.4639,1,38.56,109.08,0.5041,1,72.68,126.46,0.2581,1,35.28,148.31,0.4087,1,35.72,150.02,0.6535,1,33.21,186.42,0.9027,1,59.32,128.77,0.3025,1,80.59,82.93,0.198,1,81.13,87.61,0.1449,1
cvb,Drinking,val,cvb_0040_arm01_gopro1_20200322_233642_beh7_ani8_ins1_cut_4_tr5_seg0,6,True,True,pose_output_returned,169.74,0.4523,0.4538,36,13,0.8974,0.9167,35,175.32,141.23,0.4886,1,174.67,144.75,0.4538,1,174.28,150.02,0.3992,1,172.36,139.0,0.4096,1,179.06,139.92,0.5723,1,181.01,121.39,0.3633,1,186.26,108.77,0.912,1,178.51,101.23,0.4819,1,184.75,107.97,0.572,1,182.52,99.91,0.3966,0,188.57,123.41,0.4083,1,191.65,111.3,0.5784,1,196.47,108.21,0.4537,1,184.0,106.65,0.4918,1,186.42,99.59,0.412,0,196.64,123.25,0.3744,1,207.0,121.89,0.5408,1,184.14,143.54,0.5592,1,182.54,151.11,0.559,1,209.67,123.74,0.6494,1,212.82,120.61,0.4815,1,206.5,121.86,0.5409,1,213.15,122.42,0.407,1,135.71,215.3,0.1357,0,198.58,168.11,0.6211,1,198.66,195.32,0.3155,1,167.75,190.5,0.2275,1,165.04,161.7,0.4486,1,193.5,197.69,0.409,1,167.0,189.83,0.4831,1,198.19,217.29,0.3477,1,196.34,208.55,0.1284,1,170.17,163.54,0.2525,1,201.9,215.72,0.5209,0,164.32,170.26,0.7736,1,167.18,191.02,0.5769,1,179.96,177.12,0.2519,1,217.9,155.88,0.1415,1,213.81,150.38,0.4984,1
cvb,Drinking,val,cvb_0040_arm01_gopro1_20200322_233642_beh7_ani8_ins1_cut_4_tr5_seg0,7,True,True,pose_output_returned,167.11,0.5074,0.5683,34,22,0.8462,0.8235,33,19.01,103.24,0.7765,1,21.4,109.68,0.7999,0,24.48,111.81,0.6741,0,17.31,103.73,0.7157,1,26.88,102.74,0.6569,1,16.39,80.37,0.6546,1,10.82,72.02,0.292,1,5.42,65.82,0.5276,0,13.2,67.0,0.2348,0,9.01,65.97,0.416,0,25.17,77.58,0.6755,1,191.26,109.75,0.1627,1,10.52,64.14,0.2716,0,188.91,113.09,0.4166,1,194.96,106.82,0.4774,1,124.12,84.77,0.6143,1,140.52,79.61,0.3263,1,143.71,132.89,0.139,1,127.52,152.05,0.3892,1,128.7,58.04,0.3029,1,54.74,16.71,0.6101,1,92.43,28.22,0.7591,1,50.71,19.36,0.6599,1,31.74,75.01,0.1071,1,131.81,156.03,0.5741,1,128.13,179.05,0.5935,1,78.52,208.19,0.5213,1,82.35,145.23,0.6184,1,80.94,181.04,0.5995,1,80.35,209.08,0.7684,1,34.58,199.24,0.5683,1,40.87,118.07,0.7825,1,80.12,131.04,0.3763,1,37.37,159.93,0.7752,1,40.46,160.52,0.4476,1,34.55,200.59,0.7657,1,60.48,147.07,0.4126,1,67.47,73.19,0.1574,1,150.61,134.62,0.1689,1
cvb,Walking,train,cvb_0082_arm01_gopro1_20200323_001206_beh7_ani4_ins1_cut_1_tr1_seg0,0,True,True,pose_output_returned,166.05,0.5214,0.4586,36,18,0.7949,0.8056,31,200.87,116.43,0.894,1,198.66,122.37,1.0,1,195.66,125.88,0.8654,1,186.21,117.74,0.7684,1,204.14,119.22,0.6234,1,192.51,80.38,0.7884,1,179.55,63.08,0.5028,1,164.57,63.46,0.2896,1,189.75,54.47,0.4507,1,184.37,42.88,0.3903,1,216.07,78.26,0.8343,1,213.47,48.19,0.4558,1,216.94,47.31,0.5358,1,214.38,50.7,0.4845,1,219.7,49.19,0.4586,1,150.94,74.25,0.9707,1,147.89,57.37,0.1881,1,169.65,118.4,0.5878,1,161.14,135.17,0.7311,1,132.51,33.95,0.1892,1,38.98,50.71,0.3088,0,83.77,17.16,0.3826,1,42.15,58.73,0.3694,0,49.49,107.24,0.0981,0,151.5,138.18,0.8069,1,143.19,168.23,0.6506,1,140.04,206.58,0.6458,1,138.69,135.77,0.3284,1,120.15,166.74,0.7043,1,140.55,205.57,0.8263,1,107.23,187.4,0.2952,1,102.52,141.81,0.4173,0,93.37,145.7,0.6102,0,111.53,169.21,0.2728,1,80.92,180.74,0.2106,0,109.97,189.46,0.2285,1,115.02,144.95,0.373,1,101.48,90.37,0.4583,0,100.44,98.03,0.3395,0
cvb,Walking,train,cvb_0082_arm01_gopro1_20200323_001206_beh7_ani4_ins1_cut_1_tr1_seg0,1,False,False,pose_detector_failure,147.67,0.0,0.0,0,0,0.0,0.0,0,,,0.0,0,,,0.0,0,,,0.0,0,,,0.0,0,,,0.0,0,,,0.0,0,,,0.0,0,,,0.0,0,,,0.0,0,,,0.0,0,,,0.0,0,,,0.0,0,,,0.0,0,,,0.0,0,,,0.0,0,,,0.0,0,,,0.0,0,,,0.0,0,,,0.0,0,,,0.0,0,,,0.0,0,,,0.0,0,,,0.0,0,,,0.0,0,,,0.0,0,,,0.0,0,,,0.0,0,,,0.0,0,,,0.0,0,,,0.0,0,,,0.0,0,,,0.0,0,,,0.0,0,,,0.0,0,,,0.0,0,,,0.0,0,,,0.0,0,,,0.0,0,,,0.0,0
cvb,Walking,train,cvb_0082_arm01_gopro1_20200323_001206_beh7_ani4_ins1_cut_1_tr1_seg0,2,False,False,pose_detector_failure,157.01,0.0,0.0,0,0,0.0,0.0,0,,,0.0,0,,,0.0,0,,,0.0,0,,,0.0,0,,,0.0,0,,,0.0,0,,,0.0,0,,,0.0,0,,,0.0,0,,,0.0,0,,,0.0,0,,,0.0,0,,,0.0,0,,,0.0,0,,,0.0,0,,,0.0,0,,,0.0,0,,,0.0,0,,,0.0,0,,,0.0,0,,,0.0,0,,,0.0,0,,,0.0,0,,,0.0,0,,,0.0,0,,,0.0,0,,,0.0,0,,,0.0,0,,,0.0,0,,,0.0,0,,,0.0,0,,,0.0,0,,,0.0,0,,,0.0,0,,,0.0,0,,,0.0,0,,,0.0,0,,,0.0,0,,,0.0,0
cvb,Walking,train,cvb_0082_arm01_gopro1_20200323_001206_beh7_ani4_ins1_cut_1_tr1_seg0,3,False,False,pose_detector_failure,151.25,0.0,0.0,0,0,0.0,0.0,0,,,0.0,0,,,0.0,0,,,0.0,0,,,0.0,0,,,0.0,0,,,0.0,0,,,0.0,0,,,0.0,0,,,0.0,0,,,0.0,0,,,0.0,0,,,0.0,0,,,0.0,0,,,0.0,0,,,0.0,0,,,0.0,0,,,0.0,0,,,0.0,0,,,0.0,0,,,0.0,0,,,0.0,0,,,0.0,0,,,0.0,0,,,0.0,0,,,0.0,0,,,0.0,0,,,0.0,0,,,0.0,0,,,0.0,0,,,0.0,0,,,0.0,0,,,0.0,0,,,0.0,0,,,0.0,0,,,0.0,0,,,0.0,0,,,0.0,0,,,0.0,0,,,0.0,0
cvb,Walking,train,cvb_0082_arm01_gopro1_20200323_001206_beh7_ani4_ins1_cut_1_tr1_seg0,4,False,False,pose_detector_failure,154.67,0.0,0.0,0,0,0.0,0.0,0,,,0.0,0,,,0.0,0,,,0.0,0,,,0.0,0,,,0.0,0,,,0.0,0,,,0.0,0,,,0.0,0,,,0.0,0,,,0.0,0,,,0.0,0,,,0.0,0,,,0.0,0,,,0.0,0,,,0.0,0,,,0.0,0,,,0.0,0,,,0.0,0,,,0.0,0,,,0.0,0,,,0.0,0,,,0.0,0,,,0.0,0,,,0.0,0,,,0.0,0,,,0.0,0,,,0.0,0,,,0.0,0,,,0.0,0,,,0.0,0,,,0.0,0,,,0.0,0,,,0.0,0,,,0.0,0,,,0.0,0,,,0.0,0,,,0.0,0,,,0.0,0,,,0.0,0
cvb,Walking,train,cvb_0082_arm01_gopro1_20200323_001206_beh7_ani4_ins1_cut_1_tr1_seg0,5,False,False,pose_detector_failure,155.36,0.0,0.0,0,0,0.0,0.0,0,,,0.0,0,,,0.0,0,,,0.0,0,,,0.0,0,,,0.0,0,,,0.0,0,,,0.0,0,,,0.0,0,,,0.0,0,,,0.0,0,,,0.0,0,,,0.0,0,,,0.0,0,,,0.0,0,,,0.0,0,,,0.0,0,,,0.0,0,,,0.0,0,,,0.0,0,,,0.0,0,,,0.0,0,,,0.0,0,,,0.0,0,,,0.0,0,,,0.0,0,,,0.0,0,,,0.0,0,,,0.0,0,,,0.0,0,,,0.0,0,,,0.0,0,,,0.0,0,,,0.0,0,,,0.0,0,,,0.0,0,,,0.0,0,,,0.0,0,,,0.0,0,,,0.0,0
cvb,Walking,train,cvb_0082_arm01_gopro1_20200323_001206_beh7_ani4_ins1_cut_1_tr1_seg0,6,True,True,pose_output_returned,177.62,0.3639,0.319,34,9,0.9231,0.9706,36,76.97,120.5,0.5825,1,77.25,127.7,0.5191,1,76.33,132.49,0.263,1,67.36,129.78,0.3017,1,87.22,126.63,0.319,1,61.1,104.86,0.3996,1,49.58,80.24,0.2677,1,30.02,71.91,0.4016,1,55.7,83.05,0.2207,1,7.99,133.63,0.1503,0,86.23,107.04,0.4374,1,91.5,85.01,0.2064,1,92.65,64.14,0.0748,1,87.91,84.89,0.2053,1,85.04,69.4,0.1755,1,93.78,91.6,0.4365,1,74.1,60.97,0.2424,1,93.7,135.52,0.5075,1,98.98,142.24,0.2909,1,75.59,59.48,0.2958,1,196.37,47.98,0.3207,1,106.6,9.33,0.3828,1,200.57,52.64,0.4352,1,-3.8,151.33,0.2117,0,140.47,128.93,0.672,1,126.86,154.27,0.6612,1,117.53,181.57,0.7468,1,44.59,142.0,0.4643,1,45.8,154.88,0.3122,1,115.89,179.56,0.3193,1,51.58,184.02,0.6231,1,43.12,135.29,0.4355,1,37.86,135.81,0.624,1,43.76,160.37,0.3179,1,43.18,159.82,0.2418,1,51.38,184.27,0.5421,1,67.56,158.17,0.2587,1,28.83,108.22,0.1392,0,145.83,67.75,0.1876,1
cvb,Walking,train,cvb_0082_arm01_gopro1_20200323_001206_beh7_ani4_ins1_cut_1_tr1_seg0,7,False,False,pose_detector_failure,146.43,0.0,0.0,0,0,0.0,0.0,0,,,0.0,0,,,0.0,0,,,0.0,0,,,0.0,0,,,0.0,0,,,0.0,0,,,0.0,0,,,0.0,0,,,0.0,0,,,0.0,0,,,0.0,0,,,0.0,0,,,0.0,0,,,0.0,0,,,0.0,0,,,0.0,0,,,0.0,0,,,0.0,0,,,0.0,0,,,0.0,0,,,0.0,0,,,0.0,0,,,0.0,0,,,0.0,0,,,0.0,0,,,0.0,0,,,0.0,0,,,0.0,0,,,0.0,0,,,0.0,0,,,0.0,0,,,0.0,0,,,0.0,0,,,0.0,0,,,0.0,0,,,0.0,0,,,0.0,0,,,0.0,0,,,0.0,0
cvb,Walking,train,cvb_0541_arm01_gopro1_20200324_223349+0000_beh7_ani1_ins1_cut_1_tr12_seg0,0,False,False,pose_detector_failure,159.19,0.0,0.0,0,0,0.0,0.0,0,,,0.0,0,,,0.0,0,,,0.0,0,,,0.0,0,,,0.0,0,,,0.0,0,,,0.0,0,,,0.0,0,,,0.0,0,,,0.0,0,,,0.0,0,,,0.0,0,,,0.0,0,,,0.0,0,,,0.0,0,,,0.0,0,,,0.0,0,,,0.0,0,,,0.0,0,,,0.0,0,,,0.0,0,,,0.0,0,,,0.0,0,,,0.0,0,,,0.0,0,,,0.0,0,,,0.0,0,,,0.0,0,,,0.0,0,,,0.0,0,,,0.0,0,,,0.0,0,,,0.0,0,,,0.0,0,,,0.0,0,,,0.0,0,,,0.0,0,,,0.0,0,,,0.0,0
cvb,Walking,train,cvb_0541_arm01_gopro1_20200324_223349+0000_beh7_ani1_ins1_cut_1_tr12_seg0,1,False,False,pose_detector_failure,159.02,0.0,0.0,0,0,0.0,0.0,0,,,0.0,0,,,0.0,0,,,0.0,0,,,0.0,0,,,0.0,0,,,0.0,0,,,0.0,0,,,0.0,0,,,0.0,0,,,0.0,0,,,0.0,0,,,0.0,0,,,0.0,0,,,0.0,0,,,0.0,0,,,0.0,0,,,0.0,0,,,0.0,0,,,0.0,0,,,0.0,0,,,0.0,0,,,0.0,0,,,0.0,0,,,0.0,0,,,0.0,0,,,0.0,0,,,0.0,0,,,0.0,0,,,0.0,0,,,0.0,0,,,0.0,0,,,0.0,0,,,0.0,0,,,0.0,0,,,0.0,0,,,0.0,0,,,0.0,0,,,0.0,0,,,0.0,0
cvb,Walking,train,cvb_0541_arm01_gopro1_20200324_223349+0000_beh7_ani1_ins1_cut_1_tr12_seg0,2,False,False,pose_detector_failure,156.96,0.0,0.0,0,0,0.0,0.0,0,,,0.0,0,,,0.0,0,,,0.0,0,,,0.0,0,,,0.0,0,,,0.0,0,,,0.0,0,,,0.0,0,,,0.0,0,,,0.0,0,,,0.0,0,,,0.0,0,,,0.0,0,,,0.0,0,,,0.0,0,,,0.0,0,,,0.0,0,,,0.0,0,,,0.0,0,,,0.0,0,,,0.0,0,,,0.0,0,,,0.0,0,,,0.0,0,,,0.0,0,,,0.0,0,,,0.0,0,,,0.0,0,,,0.0,0,,,0.0,0,,,0.0,0,,,0.0,0,,,0.0,0,,,0.0,0,,,0.0,0,,,0.0,0,,,0.0,0,,,0.0,0,,,0.0,0
cvb,Walking,train,cvb_0541_arm01_gopro1_20200324_223349+0000_beh7_ani1_ins1_cut_1_tr12_seg0,3,False,False,pose_detector_failure,155.72,0.0,0.0,0,0,0.0,0.0,0,,,0.0,0,,,0.0,0,,,0.0,0,,,0.0,0,,,0.0,0,,,0.0,0,,,0.0,0,,,0.0,0,,,0.0,0,,,0.0,0,,,0.0,0,,,0.0,0,,,0.0,0,,,0.0,0,,,0.0,0,,,0.0,0,,,0.0,0,,,0.0,0,,,0.0,0,,,0.0,0,,,0.0,0,,,0.0,0,,,0.0,0,,,0.0,0,,,0.0,0,,,0.0,0,,,0.0,0,,,0.0,0,,,0.0,0,,,0.0,0,,,0.0,0,,,0.0,0,,,0.0,0,,,0.0,0,,,0.0,0,,,0.0,0,,,0.0,0,,,0.0,0,,,0.0,0
cvb,Walking,train,cvb_0541_arm01_gopro1_20200324_223349+0000_beh7_ani1_ins1_cut_1_tr12_seg0,4,False,False,pose_detector_failure,157.6,0.0,0.0,0,0,0.0,0.0,0,,,0.0,0,,,0.0,0,,,0.0,0,,,0.0,0,,,0.0,0,,,0.0,0,,,0.0,0,,,0.0,0,,,0.0,0,,,0.0,0,,,0.0,0,,,0.0,0,,,0.0,0,,,0.0,0,,,0.0,0,,,0.0,0,,,0.0,0,,,0.0,0,,,0.0,0,,,0.0,0,,,0.0,0,,,0.0,0,,,0.0,0,,,0.0,0,,,0.0,0,,,0.0,0,,,0.0,0,,,0.0,0,,,0.0,0,,,0.0,0,,,0.0,0,,,0.0,0,,,0.0,0,,,0.0,0,,,0.0,0,,,0.0,0,,,0.0,0,,,0.0,0,,,0.0,0
cvb,Walking,train,cvb_0541_arm01_gopro1_20200324_223349+0000_beh7_ani1_ins1_cut_1_tr12_seg0,5,False,False,pose_detector_failure,154.83,0.0,0.0,0,0,0.0,0.0,0,,,0.0,0,,,0.0,0,,,0.0,0,,,0.0,0,,,0.0,0,,,0.0,0,,,0.0,0,,,0.0,0,,,0.0,0,,,0.0,0,,,0.0,0,,,0.0,0,,,0.0,0,,,0.0,0,,,0.0,0,,,0.0,0,,,0.0,0,,,0.0,0,,,0.0,0,,,0.0,0,,,0.0,0,,,0.0,0,,,0.0,0,,,0.0,0,,,0.0,0,,,0.0,0,,,0.0,0,,,0.0,0,,,0.0,0,,,0.0,0,,,0.0,0,,,0.0,0,,,0.0,0,,,0.0,0,,,0.0,0,,,0.0,0,,,0.0,0,,,0.0,0,,,0.0,0
cvb,Walking,train,cvb_0541_arm01_gopro1_20200324_223349+0000_beh7_ani1_ins1_cut_1_tr12_seg0,6,False,False,pose_detector_failure,157.31,0.0,0.0,0,0,0.0,0.0,0,,,0.0,0,,,0.0,0,,,0.0,0,,,0.0,0,,,0.0,0,,,0.0,0,,,0.0,0,,,0.0,0,,,0.0,0,,,0.0,0,,,0.0,0,,,0.0,0,,,0.0,0,,,0.0,0,,,0.0,0,,,0.0,0,,,0.0,0,,,0.0,0,,,0.0,0,,,0.0,0,,,0.0,0,,,0.0,0,,,0.0,0,,,0.0,0,,,0.0,0,,,0.0,0,,,0.0,0,,,0.0,0,,,0.0,0,,,0.0,0,,,0.0,0,,,0.0,0,,,0.0,0,,,0.0,0,,,0.0,0,,,0.0,0,,,0.0,0,,,0.0,0,,,0.0,0
cvb,Walking,train,cvb_0541_arm01_gopro1_20200324_223349+0000_beh7_ani1_ins1_cut_1_tr12_seg0,7,False,False,pose_detector_failure,155.24,0.0,0.0,0,0,0.0,0.0,0,,,0.0,0,,,0.0,0,,,0.0,0,,,0.0,0,,,0.0,0,,,0.0,0,,,0.0,0,,,0.0,0,,,0.0,0,,,0.0,0,,,0.0,0,,,0.0,0,,,0.0,0,,,0.0,0,,,0.0,0,,,0.0,0,,,0.0,0,,,0.0,0,,,0.0,0,,,0.0,0,,,0.0,0,,,0.0,0,,,0.0,0,,,0.0,0,,,0.0,0,,,0.0,0,,,0.0,0,,,0.0,0,,,0.0,0,,,0.0,0,,,0.0,0,,,0.0,0,,,0.0,0,,,0.0,0,,,0.0,0,,,0.0,0,,,0.0,0,,,0.0,0,,,0.0,0
cvb,Walking,train,cvb_1351_arm01_gopro4_20200324_040135_beh3_ani3_ins1_cut_00044_tr1_seg0,0,True,True,pose_output_returned,178.47,0.6199,0.6613,38,23,0.9744,0.9737,38,212.65,147.81,1.0,1,211.63,153.78,1.0,1,207.75,154.25,0.8488,1,202.35,150.99,0.6796,1,208.97,149.35,0.8096,1,189.77,125.17,0.6879,1,178.8,112.46,0.3944,1,180.72,112.72,0.3256,1,182.63,105.44,0.5636,1,180.5,100.16,0.3362,1,201.4,118.13,0.9811,1,189.1,102.56,0.4272,1,189.77,99.18,0.171,1,191.2,102.89,0.4574,1,189.42,93.62,0.4543,1,106.85,89.43,0.7979,1,105.02,64.59,0.3027,1,123.99,129.73,0.3749,1,110.15,128.91,0.8668,1,102.24,56.19,0.3204,1,17.53,46.14,0.9116,1,61.5,26.46,0.4225,1,12.01,56.71,0.9934,1,10.66,74.31,0.2292,1,84.28,133.64,0.5651,1,63.86,153.76,0.3566,1,96.89,202.24,0.6613,1,69.03,135.23,0.8456,1,87.23,172.99,0.5484,1,94.74,205.98,0.8756,1,52.09,175.53,0.4117,1,31.76,115.08,0.9389,1,14.79,113.03,0.9569,1,37.38,142.64,0.7204,1,24.43,142.02,0.748,1,28.62,176.34,0.9109,0,45.4,126.56,0.6682,1,47.05,89.87,0.3527,1,45.13,92.27,0.2601,1
cvb,Walking,train,cvb_1351_arm01_gopro4_20200324_040135_beh3_ani3_ins1_cut_00044_tr1_seg0,1,True,True,pose_output_returned,164.69,0.6122,0.5671,39,31,0.9231,0.9231,36,202.24,151.53,0.9242,1,201.08,156.33,0.9788,1,197.97,157.16,0.7567,1,193.38,153.43,0.534,1,202.71,150.01,0.7168,1,183.33,116.21,0.7606,1,151.68,93.16,0.2941,1,173.83,108.38,0.5348,1,159.62,84.17,0.3701,1,187.32,82.67,0.3823,1,198.3,111.13,0.7429,1,186.43,83.39,0.5644,1,188.01,78.07,0.5587,1,181.61,84.69,0.5736,1,194.18,83.29,0.5425,1,101.99,81.13,0.7465,1,96.67,52.94,0.3604,1,130.68,126.02,0.5464,1,109.81,125.26,0.6016,1,96.76,47.94,0.4878,1,8.65,35.68,0.5662,1,38.61,28.73,0.5574,1,5.54,37.11,0.5514,0,37.24,172.95,0.5845,1,93.78,136.5,0.8852,1,96.4,169.94,0.7299,1,104.61,203.68,0.9763,1,55.55,136.58,0.5671,1,64.5,169.54,0.7582,1,60.83,205.12,0.68,1,43.12,177.43,0.492,0,38.83,124.17,0.8417,1,23.32,122.06,0.8408,1,48.32,165.0,0.5154,1,29.93,147.91,0.583,1,34.35,177.57,0.8049,0,39.56,127.15,0.5039,1,26.48,87.07,0.2617,1,40.11,80.55,0.2003,1
cvb,Walking,train,cvb_1351_arm01_gopro4_20200324_040135_beh3_ani3_ins1_cut_00044_tr1_seg0,2,True,True,pose_output_returned,160.79,0.5118,0.4697,35,16,0.9744,0.9714,38,195.69,129.17,0.8492,1,193.41,137.4,0.9688,1,191.08,137.8,0.8537,1,183.7,134.03,0.6932,1,193.86,129.29,0.5776,1,173.68,99.42,0.8184,1,154.81,82.39,0.2518,1,169.35,90.54,0.4792,1,159.03,79.64,0.3456,1,161.39,67.54,0.3431,1,177.89,96.22,0.7586,1,165.0,72.85,0.3701,1,161.37,65.56,0.1668,1,164.53,66.96,0.3793,1,169.04,70.34,0.3744,1,98.42,86.56,0.6998,1,112.25,62.89,0.2378,1,129.28,123.7,0.572,1,113.86,124.08,0.3256,1,110.57,59.64,0.3022,1,11.53,40.09,0.0596,1,14.55,39.35,0.3933,1,42.27,151.31,0.0286,1,32.22,176.28,0.4697,1,100.29,133.98,0.8919,1,113.03,160.32,0.5774,1,120.89,196.44,0.788,1,51.13,137.11,0.8667,1,56.65,168.04,0.7631,1,64.42,206.84,0.8912,1,62.47,197.7,0.1195,1,30.14,127.19,0.4851,1,23.51,125.5,0.8703,1,29.47,156.57,0.4991,1,30.88,154.05,0.4547,1,34.69,177.96,0.2958,0,33.03,129.67,0.417,1,15.49,88.84,0.4361,1,14.65,92.86,0.2871,1
cvb,Walking,train,cvb_1351_arm01_gopro4_20200324_040135_beh3_ani3_ins1_cut_00044_tr1_seg0,3,True,True,pose_output_returned,164.59,0.4675,0.4627,36,17,0.9487,0.9444,37,182.31,114.68,0.3403,1,180.27,119.38,0.3588,1,169.04,121.87,0.3475,1,169.35,118.18,0.3618,1,169.69,119.78,0.3819,1,166.96,91.75,0.358,1,152.97,83.14,0.3034,1,132.94,75.53,0.2464,1,153.81,77.78,0.336,1,143.79,61.56,0.24,1,178.29,89.85,0.1727,1,179.73,60.06,0.1,1,188.62,67.55,0.2204,1,176.19,58.44,0.2308,1,189.42,60.66,0.4088,1,112.92,75.6,0.6618,1,115.72,52.91,0.5613,1,133.15,112.89,0.6744,1,123.67,118.59,0.8081,1,113.38,48.32,0.5575,1,19.25,45.0,0.7159,1,56.47,29.85,0.2315,1,15.0,54.71,0.8998,1,22.39,50.15,0.0731,1,103.79,132.1,0.4627,1,108.4,162.85,0.5141,1,122.23,198.24,0.8148,1,96.78,130.19,0.7487,1,57.5,159.55,0.498,1,56.68,202.46,0.8583,1,27.84,172.96,0.5303,0,22.95,109.48,0.7443,1,16.38,112.57,0.6709,1,19.93,140.67,0.471,1,22.15,146.03,0.6088,1,26.37,175.0,0.5386,0,68.59,132.19,0.6028,1,62.59,82.6,0.3628,1,69.63,78.01,0.2171,1
cvb,Walking,train,cvb_1351_arm01_gopro4_20200324_040135_beh3_ani3_ins1_cut_00044_tr1_seg0,4,True,True,pose_output_returned,165.87,0.6176,0.6056,38,27,0.9231,0.9211,36,203.37,105.01,1.0,1,200.85,111.65,0.9431,1,197.4,111.44,0.7938,1,191.9,105.41,0.6499,1,202.64,105.43,0.8259,1,185.75,76.41,0.8386,1,171.81,63.31,0.5802,1,173.24,70.27,0.3338,1,174.73,55.97,0.712,1,179.58,45.99,0.7946,1,197.16,72.67,1.0,1,180.84,52.39,0.6282,1,178.25,42.68,0.4184,1,182.48,47.95,0.6425,1,185.8,41.68,0.566,1,137.55,60.39,0.7525,1,133.34,46.26,0.545,1,152.42,98.31,0.4964,1,128.0,112.58,0.3532,1,132.7,44.58,0.5127,1,17.39,48.29,0.5399,1,60.25,24.39,0.3133,1,14.25,55.58,0.5464,1,20.34,83.42,0.1259,1,97.24,129.01,0.8273,1,100.91,166.7,0.7767,1,106.81,198.23,1.0,1,53.96,127.08,0.6917,1,56.55,165.41,0.9212,1,54.01,205.24,0.8933,1,51.33,197.74,0.2909,1,14.97,112.59,0.5352,0,7.35,114.81,0.9155,0,45.31,163.02,0.3635,1,35.61,162.9,0.2598,0,48.89,202.76,0.4983,1,35.93,119.79,0.6056,1,39.53,89.98,0.3317,1,89.16,75.47,0.2629,1
cvb,Walking,train,cvb_1351_arm01_gopro4_20200324_040135_beh3_ani3_ins1_cut_00044_tr1_seg0,5,True,True,pose_output_returned,163.99,0.6715,0.6572,38,30,0.9744,0.9737,38,199.18,92.07,0.957,1,198.38,99.66,1.0,1,193.75,99.5,0.9106,1,187.96,94.69,0.7357,1,198.56,90.91,0.71,1,177.68,64.62,0.7188,1,164.59,52.09,0.6096,1,154.82,57.72,0.3911,1,168.26,47.4,0.6011,1,172.41,35.05,0.7811,1,190.19,59.52,0.911,1,176.35,38.97,0.6756,1,176.51,31.4,0.4895,1,183.95,39.73,0.6082,1,180.73,41.64,0.5022,1,125.92,62.69,0.6231,1,126.52,39.48,0.3685,1,148.54,96.82,0.6253,1,127.43,117.59,0.648,1,80.0,26.0,0.4364,1,20.78,59.55,0.473,1,59.64,23.27,0.3599,1,14.63,69.69,0.5797,1,12.09,145.85,0.2533,0,103.43,129.11,0.7084,1,91.93,162.26,0.6642,1,93.92,200.74,0.8046,1,98.52,125.63,0.8185,1,122.02,159.31,0.6572,1,137.32,198.6,0.9683,1,40.48,176.06,0.9995,1,27.27,112.81,0.9758,1,19.6,113.95,1.0,1,24.06,139.14,0.651,1,28.24,141.02,0.847,1,39.53,178.47,1.0,1,55.12,123.04,0.5535,1,55.09,91.15,0.3853,1,69.69,89.65,0.1862,1
cvb,Walking,train,cvb_1351_arm01_gopro4_20200324_040135_beh3_ani3_ins1_cut_00044_tr1_seg0,6,True,True,pose_output_returned,159.3,0.6527,0.671,38,28,0.9744,0.9737,38,203.07,89.25,0.9765,1,199.84,96.15,1.0,1,195.65,95.4,0.8662,1,191.04,90.21,0.7235,1,203.06,87.85,0.7894,1,184.67,60.35,0.794,1,168.8,48.25,0.6354,1,161.16,44.82,0.3325,1,170.63,42.29,0.6624,1,177.98,29.6,0.8132,1,197.02,55.23,0.9114,1,180.53,35.78,0.671,1,180.24,28.68,0.409,1,185.7,33.86,0.6402,1,190.46,31.61,0.4902,1,144.62,55.48,0.8034,1,136.96,34.83,0.3437,1,158.87,83.61,0.6185,1,145.67,102.68,0.5463,1,130.68,33.89,0.4674,1,7.34,21.86,0.1899,1,86.16,23.58,0.558,1,5.3,25.17,0.2985,0,17.99,173.83,0.2265,1,107.33,130.9,0.6441,1,114.42,169.72,0.7107,1,124.07,201.35,0.6759,1,99.55,124.96,0.8385,1,92.52,168.24,0.6241,1,89.83,199.03,0.737,1,31.25,188.2,0.9351,1,17.79,117.67,0.8993,1,14.0,117.53,0.8912,1,21.14,152.85,0.8462,1,16.55,151.47,0.8346,1,25.54,191.02,0.7909,1,55.94,125.0,0.4858,1,63.84,84.86,0.4811,1,68.06,85.17,0.2923,1
cvb,Walking,train,cvb_1351_arm01_gopro4_20200324_040135_beh3_ani3_ins1_cut_00044_tr1_seg0,7,True,True,pose_output_returned,161.24,0.673,0.674,38,29,0.9744,0.9737,38,212.48,86.0,0.9391,1,209.66,92.25,1.0,1,205.29,92.81,0.8503,1,201.1,85.79,0.8771,1,210.39,84.3,0.8448,1,194.62,56.28,0.9111,1,182.06,43.31,0.6145,1,171.46,43.3,0.2348,1,188.27,38.95,0.6655,1,189.42,27.76,0.8087,1,204.26,53.83,0.9963,1,188.79,33.21,0.6238,1,188.38,24.87,0.3934,1,196.09,32.77,0.6622,1,198.24,30.85,0.4916,1,151.56,54.69,0.8722,1,147.45,31.4,0.5223,1,165.17,83.61,0.661,1,157.57,91.32,0.3924,1,141.49,30.19,0.597,1,17.03,34.38,0.2477,1,99.41,23.12,0.4097,1,11.45,60.87,0.2339,1,17.35,180.43,0.1193,1,125.69,127.06,0.6471,1,139.07,157.71,0.7059,1,146.74,192.91,0.9072,1,108.2,125.85,0.9474,1,111.47,166.38,0.7185,1,121.07,203.01,0.9301,1,30.16,187.66,0.9412,1,20.61,115.59,0.9156,1,15.95,115.49,1.0,1,19.4,150.54,0.674,1,11.19,150.39,0.8447,1,11.92,195.57,0.8026,0,64.9,126.75,0.4238,1,69.45,85.26,0.516,1,79.05,84.21,0.3039,1
cvb,Walking,train,cvb_1271_arm01_gopro3_20200326_032013_beh4_ani4_ins1_cut_00005_tr9_seg0,0,True,True,pose_output_returned,165.56,0.4816,0.4588,33,17,0.9487,0.9697,37,22.04,189.92,0.7958,1,28.46,196.21,0.6903,1,35.74,195.33,0.557,1,25.51,182.43,0.446,1,47.55,191.86,0.4105,1,29.7,152.23,0.5914,1,29.71,119.59,0.671,1,15.11,105.37,0.8757,0,37.33,119.57,0.4995,1,19.37,108.45,0.5728,1,65.16,160.3,0.9121,1,88.89,139.91,0.3523,1,98.08,146.39,0.1161,1,77.75,125.93,0.358,1,87.43,138.67,0.2718,1,131.63,73.72,0.9921,1,131.4,67.65,0.1611,1,106.05,145.8,0.3682,1,112.19,124.85,0.1535,1,141.02,18.39,0.1814,1,186.58,30.05,0.3295,1,144.49,13.99,0.4588,1,193.12,39.32,0.3535,1,13.05,109.92,0.1088,0,186.75,113.14,0.512,1,186.45,153.99,0.5942,1,186.13,176.8,0.9022,1,116.76,125.57,0.4228,1,117.25,152.27,0.6988,1,117.2,171.93,0.8807,1,183.15,171.18,0.543,1,185.69,109.08,0.5516,1,153.22,117.18,0.2257,1,190.19,138.27,0.496,1,122.33,146.81,0.3809,1,119.47,170.35,0.4382,1,151.77,139.23,0.5196,1,88.85,50.34,0.1359,1,190.63,77.72,0.2544,1
cvb,Walking,train,cvb_1271_arm01_gopro3_20200326_032013_beh4_ani4_ins1_cut_00005_tr9_seg0,1,True,True,pose_output_returned,161.25,0.4698,0.4686,34,17,0.9487,0.9412,37,9.03,179.68,0.9631,1,15.53,187.96,0.877,1,26.73,188.95,0.6263,1,15.92,179.11,0.5391,1,29.31,184.83,0.5932,1,23.81,140.61,0.7819,1,41.19,106.09,0.6879,1,42.41,94.81,0.8325,1,45.72,112.3,0.4686,1,46.49,93.9,0.5613,0,42.81,152.16,0.8679,1,76.02,143.99,0.498,1,94.18,121.88,0.1975,1,67.99,122.02,0.3683,0,87.16,143.61,0.2198,1,110.49,113.98,0.37,1,127.01,85.25,0.2455,1,91.62,150.58,0.3039,1,123.29,145.73,0.4797,1,122.35,82.06,0.2479,1,187.17,33.24,0.5376,1,165.01,21.1,0.5898,1,193.88,43.66,0.5354,1,195.66,66.91,0.0607,1,160.24,137.91,0.896,1,127.37,175.38,0.7611,1,111.14,205.76,0.7973,1,115.08,140.01,0.7843,1,105.86,155.17,0.253,1,126.04,178.86,0.2754,1,138.94,177.0,0.3273,1,175.65,114.57,0.2513,1,124.4,54.33,0.2599,1,158.51,153.26,0.1695,1,117.67,69.08,0.1193,1,144.06,172.83,0.1101,1,199.81,110.55,0.2435,1,114.56,73.9,0.2692,1,196.79,93.79,0.3526,1
cvb,Walking,train,cvb_1271_arm01_gopro3_20200326_032013_beh4_ani4_ins1_cut_00005_tr9_seg0,2,True,True,pose_output_returned,162.14,0.4563,0.4453,32,14,0.9744,0.9688,38,9.71,179.99,0.7679,1,13.96,185.74,0.7857,1,18.06,187.47,0.6428,1,12.05,179.67,0.5927,1,21.57,184.32,0.7365,1,19.93,146.75,0.783,1,41.38,104.27,0.4966,1,41.79,94.98,0.4198,1,39.35,109.03,0.4513,1,47.11,94.98,0.3258,1,27.6,151.95,0.8688,1,63.35,130.42,0.693,1,66.79,117.88,0.2832,1,46.41,119.64,0.519,1,64.74,136.87,0.3241,1,72.41,114.45,0.3994,1,79.18,106.32,0.1729,1,73.84,152.28,0.2057,1,86.13,148.36,0.4269,1,175.39,37.56,0.1809,1,189.12,38.21,0.4614,1,179.97,33.63,0.3764,1,198.3,45.47,0.4736,1,206.96,20.0,0.0509,1,159.97,138.68,0.8097,1,143.15,172.4,0.6337,1,133.63,192.95,0.6686,1,93.93,141.02,0.5987,1,114.36,165.53,0.4453,1,122.33,177.82,0.9469,1,125.27,176.41,0.4473,1,209.73,91.97,0.3652,1,189.24,122.37,0.0963,1,133.9,167.89,0.1381,1,188.59,125.44,0.1024,1,122.04,180.24,0.3255,1,192.26,134.8,0.2986,0,195.95,103.44,0.1229,1,192.09,103.75,0.3571,1
cvb,Walking,train,cvb_1271_arm01_gopro3_20200326_032013_beh4_ani4_ins1_cut_00005_tr9_seg0,3,True,True,pose_output_returned,162.7,0.5486,0.4737,36,18,0.9744,0.9722,38,8.47,164.76,0.8495,1,12.1,168.28,0.9113,1,16.14,169.65,0.7263,1,11.46,164.7,0.7497,1,19.13,166.27,0.8398,1,15.22,131.77,1.0,1,24.78,98.93,0.5632,1,26.35,95.13,0.5001,1,19.9,107.6,0.4413,1,26.77,97.59,0.3854,1,18.91,134.99,1.0,1,38.5,118.6,0.5778,1,43.67,120.59,0.2822,1,31.59,107.91,0.4737,1,40.32,117.69,0.3818,1,120.7,83.45,0.7993,1,119.21,53.07,0.2463,1,66.32,144.22,0.4487,1,82.61,138.39,0.2147,1,125.42,43.94,0.4657,1,195.91,43.77,0.4237,1,165.91,31.46,0.3753,1,209.6,53.65,0.6282,1,172.82,38.18,0.1771,1,152.58,138.66,0.7802,1,142.83,180.6,0.9024,1,143.03,212.18,0.9825,1,89.41,136.31,0.7926,1,83.17,160.59,0.771,1,71.18,191.25,0.9567,1,182.87,142.46,0.3752,0,189.47,120.18,0.2124,1,180.31,121.33,0.1247,1,180.84,134.93,0.3523,1,186.54,129.59,0.3662,1,177.59,145.28,0.3742,1,180.11,137.65,0.4921,1,193.26,100.67,0.18,1,204.68,97.07,0.2732,1
cvb,Walking,train,cvb_1271_arm01_gopro3_20200326_032013_beh4_ani4_ins1_cut_00005_tr9_seg0,4,True,True,pose_output_returned,160.77,0.6505,0.7232,37,25,1.0,1.0,39,11.33,149.16,0.8976,1,15.54,153.91,0.9813,1,20.89,155.37,0.7734,1,11.73,147.09,0.7849,1,22.59,148.56,0.7721,1,14.97,121.6,0.9779,1,30.42,97.26,0.4332,1,44.17,122.27,0.1935,1,21.96,98.87,0.393,1,19.9,91.35,0.2695,1,16.84,122.73,1.0,1,31.43,107.75,0.7158,1,37.67,119.33,0.357,1,24.2,100.27,0.568,1,20.57,102.75,0.3439,1,94.86,86.8,0.9755,1,93.86,52.51,0.333,1,61.76,134.68,0.2681,1,95.86,139.51,0.3193,1,101.29,46.05,0.411,1,198.66,20.26,0.9024,1,144.65,28.8,0.4457,1,204.14,26.24,0.984,1,216.09,114.31,0.7306,1,137.1,132.93,0.8307,1,141.46,177.34,0.8481,1,148.96,205.43,0.9276,1,104.55,136.45,0.8706,1,98.86,161.38,0.6346,1,91.55,193.62,0.9849,1,175.09,173.92,0.8195,1,197.79,110.99,0.8517,1,182.23,118.0,0.4125,1,185.68,141.86,1.0,1,183.19,136.81,0.6283,1,175.5,172.67,0.5976,1,161.21,133.01,0.7232,1,166.63,85.11,0.1918,1,161.93,86.82,0.2195,1
cvb,Walking,train,cvb_1271_arm01_gopro3_20200326_032013_beh4_ani4_ins1_cut_00005_tr9_seg0,5,True,True,pose_output_returned,159.49,0.6252,0.6535,36,27,0.9744,0.9722,38,7.0,151.86,0.8809,1,10.59,155.98,0.9188,1,15.97,155.82,0.7672,1,6.04,150.49,0.7583,1,18.13,150.36,0.8142,1,8.65,119.94,0.7884,1,13.09,94.79,0.7211,1,11.16,114.52,0.1941,1,15.18,99.8,0.6353,1,5.88,104.2,0.283,0,14.62,120.24,0.8114,1,24.85,106.13,0.641,1,26.79,121.83,0.3751,1,14.83,96.93,0.557,1,12.75,103.47,0.3735,1,61.79,90.75,0.6535,1,73.5,50.06,0.2477,1,53.97,133.9,0.6471,1,67.23,136.27,0.3969,1,87.2,40.85,0.3462,1,201.29,18.64,0.8652,1,168.57,26.05,0.4209,1,208.61,25.48,0.9808,1,140.26,77.73,0.1207,1,105.51,136.99,0.9799,1,101.7,164.51,0.512,1,95.91,191.35,0.9035,1,82.82,138.95,0.8358,1,77.02,165.23,0.5819,1,95.41,192.85,0.6944,1,176.83,185.63,0.8276,1,199.27,112.9,0.8762,1,186.97,121.07,0.7448,1,188.53,150.8,0.9785,1,190.33,145.57,0.769,1,181.56,181.23,0.4726,1,150.56,141.45,0.6081,1,149.53,93.46,0.1944,1,151.15,95.88,0.2064,1
cvb,Walking,train,cvb_1271_arm01_gopro3_20200326_032013_beh4_ani4_ins1_cut_00005_tr9_seg0,6,True,True,pose_output_returned,163.31,0.6022,0.6112,37,24,0.9744,1.0,38,7.03,143.13,0.9886,1,10.18,146.59,0.9641,1,15.54,147.24,0.7166,1,9.44,139.01,0.8561,1,16.88,142.6,0.9123,1,7.23,113.43,0.8716,1,13.04,90.44,0.5883,1,17.57,81.43,0.3923,1,12.11,94.35,0.4902,1,13.2,83.57,0.4173,1,14.84,113.54,0.9107,1,23.34,100.92,0.3828,1,21.83,98.2,0.2102,1,17.34,92.55,0.4708,1,14.02,101.15,0.3135,1,51.26,83.96,0.6748,1,65.24,47.36,0.2661,1,51.68,133.79,0.5171,1,58.83,131.59,0.2889,1,71.89,41.06,0.3235,1,195.23,23.4,0.6112,1,164.25,25.56,0.4741,1,203.93,31.7,0.7615,1,209.03,19.17,0.1187,0,81.78,123.67,0.8102,1,67.82,154.18,0.5096,1,52.51,187.71,0.9383,1,98.79,129.19,0.7003,1,101.49,158.6,0.6672,1,102.02,193.07,0.7918,1,181.22,186.78,0.866,1,193.95,112.86,0.9758,1,187.42,115.53,0.7006,1,189.04,150.58,1.0,1,192.75,145.83,0.6442,1,183.09,182.76,0.4527,1,146.17,147.91,0.5562,1,132.07,99.44,0.1477,1,133.96,95.4,0.2033,1
cvb,Walking,train,cvb_1271_arm01_gopro3_20200326_032013_beh4_ani4_ins1_cut_00005_tr9_seg0,7,True,True,pose_output_returned,161.88,0.5921,0.6321,37,23,0.9487,0.9459,37,34.96,145.54,0.9223,1,36.0,150.88,0.8916,1,40.04,151.54,0.7956,1,30.62,146.9,0.7882,1,40.65,145.07,0.6788,1,22.21,121.28,0.8821,1,15.21,110.39,0.4134,1,5.79,109.98,0.4035,1,16.76,103.02,0.5079,0,12.11,105.26,0.3201,0,26.96,120.58,0.8241,1,21.28,108.23,0.2924,1,19.46,106.7,0.1935,1,20.68,103.66,0.4457,1,20.14,109.89,0.3771,1,57.09,84.17,0.6013,1,140.6,21.36,0.2059,1,49.85,140.7,0.2483,1,54.03,140.25,0.3209,1,139.77,21.14,0.3393,1,192.35,18.1,0.6369,1,162.2,24.83,0.4689,1,198.45,22.5,0.7003,1,103.57,67.79,0.1594,1,67.15,131.26,0.6321,1,63.69,157.74,0.6837,1,54.75,190.64,0.9344,1,91.96,131.97,0.5524,1,98.66,154.96,0.6429,1,105.34,192.71,0.931,1,186.4,184.49,0.9356,1,189.27,106.27,0.9655,1,171.41,112.9,0.8584,1,191.51,148.41,0.8868,1,173.36,139.49,0.8355,1,160.02,176.92,0.8317,1,134.44,144.93,0.4981,1,171.82,57.21,0.2239,1,166.63,62.64,0.2641,1
cvb,Walking,val,cvb_1284_arm01_gopro3_20200326_033755_beh6_ani4_ins1_cut_00003_tr5_seg0,0,False,False,pose_detector_failure,140.75,0.0,0.0,0,0,0.0,0.0,0,,,0.0,0,,,0.0,0,,,0.0,0,,,0.0,0,,,0.0,0,,,0.0,0,,,0.0,0,,,0.0,0,,,0.0,0,,,0.0,0,,,0.0,0,,,0.0,0,,,0.0,0,,,0.0,0,,,0.0,0,,,0.0,0,,,0.0,0,,,0.0,0,,,0.0,0,,,0.0,0,,,0.0,0,,,0.0,0,,,0.0,0,,,0.0,0,,,0.0,0,,,0.0,0,,,0.0,0,,,0.0,0,,,0.0,0,,,0.0,0,,,0.0,0,,,0.0,0,,,0.0,0,,,0.0,0,,,0.0,0,,,0.0,0,,,0.0,0,,,0.0,0,,,0.0,0
cvb,Walking,val,cvb_1284_arm01_gopro3_20200326_033755_beh6_ani4_ins1_cut_00003_tr5_seg0,1,False,False,pose_detector_failure,146.25,0.0,0.0,0,0,0.0,0.0,0,,,0.0,0,,,0.0,0,,,0.0,0,,,0.0,0,,,0.0,0,,,0.0,0,,,0.0,0,,,0.0,0,,,0.0,0,,,0.0,0,,,0.0,0,,,0.0,0,,,0.0,0,,,0.0,0,,,0.0,0,,,0.0,0,,,0.0,0,,,0.0,0,,,0.0,0,,,0.0,0,,,0.0,0,,,0.0,0,,,0.0,0,,,0.0,0,,,0.0,0,,,0.0,0,,,0.0,0,,,0.0,0,,,0.0,0,,,0.0,0,,,0.0,0,,,0.0,0,,,0.0,0,,,0.0,0,,,0.0,0,,,0.0,0,,,0.0,0,,,0.0,0,,,0.0,0
cvb,Walking,val,cvb_1284_arm01_gopro3_20200326_033755_beh6_ani4_ins1_cut_00003_tr5_seg0,2,False,False,pose_detector_failure,151.34,0.0,0.0,0,0,0.0,0.0,0,,,0.0,0,,,0.0,0,,,0.0,0,,,0.0,0,,,0.0,0,,,0.0,0,,,0.0,0,,,0.0,0,,,0.0,0,,,0.0,0,,,0.0,0,,,0.0,0,,,0.0,0,,,0.0,0,,,0.0,0,,,0.0,0,,,0.0,0,,,0.0,0,,,0.0,0,,,0.0,0,,,0.0,0,,,0.0,0,,,0.0,0,,,0.0,0,,,0.0,0,,,0.0,0,,,0.0,0,,,0.0,0,,,0.0,0,,,0.0,0,,,0.0,0,,,0.0,0,,,0.0,0,,,0.0,0,,,0.0,0,,,0.0,0,,,0.0,0,,,0.0,0,,,0.0,0
cvb,Walking,val,cvb_1284_arm01_gopro3_20200326_033755_beh6_ani4_ins1_cut_00003_tr5_seg0,3,False,False,pose_detector_failure,155.08,0.0,0.0,0,0,0.0,0.0,0,,,0.0,0,,,0.0,0,,,0.0,0,,,0.0,0,,,0.0,0,,,0.0,0,,,0.0,0,,,0.0,0,,,0.0,0,,,0.0,0,,,0.0,0,,,0.0,0,,,0.0,0,,,0.0,0,,,0.0,0,,,0.0,0,,,0.0,0,,,0.0,0,,,0.0,0,,,0.0,0,,,0.0,0,,,0.0,0,,,0.0,0,,,0.0,0,,,0.0,0,,,0.0,0,,,0.0,0,,,0.0,0,,,0.0,0,,,0.0,0,,,0.0,0,,,0.0,0,,,0.0,0,,,0.0,0,,,0.0,0,,,0.0,0,,,0.0,0,,,0.0,0,,,0.0,0
cvb,Walking,val,cvb_1284_arm01_gopro3_20200326_033755_beh6_ani4_ins1_cut_00003_tr5_seg0,4,False,False,pose_detector_failure,147.94,0.0,0.0,0,0,0.0,0.0,0,,,0.0,0,,,0.0,0,,,0.0,0,,,0.0,0,,,0.0,0,,,0.0,0,,,0.0,0,,,0.0,0,,,0.0,0,,,0.0,0,,,0.0,0,,,0.0,0,,,0.0,0,,,0.0,0,,,0.0,0,,,0.0,0,,,0.0,0,,,0.0,0,,,0.0,0,,,0.0,0,,,0.0,0,,,0.0,0,,,0.0,0,,,0.0,0,,,0.0,0,,,0.0,0,,,0.0,0,,,0.0,0,,,0.0,0,,,0.0,0,,,0.0,0,,,0.0,0,,,0.0,0,,,0.0,0,,,0.0,0,,,0.0,0,,,0.0,0,,,0.0,0,,,0.0,0
cvb,Walking,val,cvb_1284_arm01_gopro3_20200326_033755_beh6_ani4_ins1_cut_00003_tr5_seg0,5,True,True,pose_output_returned,171.36,0.2733,0.2541,25,2,0.8718,0.88,34,106.04,72.49,0.2479,1,69.66,47.55,0.2541,1,64.3,51.82,0.4093,1,58.83,47.4,0.148,1,107.27,85.38,0.1901,1,69.09,40.7,0.4528,1,58.91,35.98,0.2209,1,56.78,42.86,0.4677,1,66.24,26.73,0.3573,1,62.32,11.8,0.5945,1,74.11,32.85,0.2903,1,125.41,37.61,0.2089,1,65.26,9.8,0.1959,1,122.56,32.31,0.194,1,188.65,80.22,0.3385,1,84.62,94.0,0.3813,1,137.37,43.49,0.266,1,96.36,102.82,0.1824,1,102.45,111.62,0.1239,1,135.83,42.15,0.4706,1,92.79,19.04,0.1495,1,174.83,96.89,0.3293,1,92.51,18.96,0.1925,1,189.29,80.58,0.1604,1,110.6,121.26,0.2656,1,188.85,107.79,0.1695,1,49.98,175.43,0.1235,0,57.67,97.37,0.1473,0,39.09,140.51,0.2359,1,50.91,177.18,0.2674,0,50.39,171.51,0.312,0,191.26,104.57,0.2129,1,186.05,106.47,0.0725,1,188.4,109.6,0.2844,1,42.69,148.99,0.5383,1,49.22,175.66,0.4539,0,121.07,179.64,0.1482,1,124.59,61.93,0.3378,1,171.16,105.45,0.2642,1
cvb,Walking,val,cvb_1284_arm01_gopro3_20200326_033755_beh6_ani4_ins1_cut_00003_tr5_seg0,6,False,False,pose_detector_failure,139.69,0.0,0.0,0,0,0.0,0.0,0,,,0.0,0,,,0.0,0,,,0.0,0,,,0.0,0,,,0.0,0,,,0.0,0,,,0.0,0,,,0.0,0,,,0.0,0,,,0.0,0,,,0.0,0,,,0.0,0,,,0.0,0,,,0.0,0,,,0.0,0,,,0.0,0,,,0.0,0,,,0.0,0,,,0.0,0,,,0.0,0,,,0.0,0,,,0.0,0,,,0.0,0,,,0.0,0,,,0.0,0,,,0.0,0,,,0.0,0,,,0.0,0,,,0.0,0,,,0.0,0,,,0.0,0,,,0.0,0,,,0.0,0,,,0.0,0,,,0.0,0,,,0.0,0,,,0.0,0,,,0.0,0,,,0.0,0
cvb,Walking,val,cvb_1284_arm01_gopro3_20200326_033755_beh6_ani4_ins1_cut_00003_tr5_seg0,7,False,False,pose_detector_failure,149.15,0.0,0.0,0,0,0.0,0.0,0,,,0.0,0,,,0.0,0,,,0.0,0,,,0.0,0,,,0.0,0,,,0.0,0,,,0.0,0,,,0.0,0,,,0.0,0,,,0.0,0,,,0.0,0,,,0.0,0,,,0.0,0,,,0.0,0,,,0.0,0,,,0.0,0,,,0.0,0,,,0.0,0,,,0.0,0,,,0.0,0,,,0.0,0,,,0.0,0,,,0.0,0,,,0.0,0,,,0.0,0,,,0.0,0,,,0.0,0,,,0.0,0,,,0.0,0,,,0.0,0,,,0.0,0,,,0.0,0,,,0.0,0,,,0.0,0,,,0.0,0,,,0.0,0,,,0.0,0,,,0.0,0,,,0.0,0
cvb,Walking,val,cvb_0742_arm01_gopro1_20200325_025919_beh5_ani5_ins5_cut_8_tr6_seg0,0,True,True,pose_output_returned,170.45,0.6176,0.6418,37,28,0.8462,0.8649,33,218.55,98.53,0.955,1,215.24,105.06,0.9626,1,210.83,105.04,0.8319,1,205.2,100.1,0.6901,1,216.8,97.09,0.6592,1,186.85,70.84,0.9194,1,168.66,48.0,0.5498,1,157.37,33.69,0.4228,1,175.97,43.02,0.5851,1,171.46,29.48,0.8734,0,205.21,60.64,0.9238,1,192.25,35.72,0.914,1,189.4,22.21,0.7139,0,193.79,37.84,0.8296,1,192.2,25.11,0.701,0,136.82,54.86,0.7368,1,137.04,36.16,0.3455,1,158.64,99.97,0.5032,1,125.23,133.05,0.3783,1,132.71,32.08,0.3846,1,45.09,10.1,0.5557,1,117.98,27.19,0.276,1,44.66,15.75,0.4892,1,31.58,198.56,0.0507,0,118.61,130.91,0.5705,1,109.97,171.3,0.6449,1,96.12,204.73,0.8642,1,105.83,130.48,0.6401,1,109.68,174.52,0.5879,1,111.84,210.73,0.7211,1,65.26,176.86,0.6418,1,68.11,125.95,0.4349,1,56.19,111.02,0.7444,0,59.13,146.4,0.588,1,45.83,155.66,0.7597,0,41.43,189.91,0.8007,1,80.59,148.37,0.355,1,80.51,63.28,0.2993,1,95.76,78.15,0.1819,1
cvb,Walking,val,cvb_0742_arm01_gopro1_20200325_025919_beh5_ani5_ins5_cut_8_tr6_seg0,1,True,True,pose_output_returned,155.45,0.6176,0.6418,37,28,0.8462,0.8649,33,218.55,98.53,0.955,1,215.24,105.06,0.9626,1,210.83,105.04,0.8319,1,205.2,100.1,0.6901,1,216.8,97.09,0.6592,1,186.85,70.84,0.9194,1,168.66,48.0,0.5498,1,157.37,33.69,0.4228,1,175.97,43.02,0.5851,1,171.46,29.48,0.8734,0,205.21,60.64,0.9238,1,192.25,35.72,0.914,1,189.4,22.21,0.7139,0,193.79,37.84,0.8296,1,192.2,25.11,0.701,0,136.82,54.86,0.7368,1,137.04,36.16,0.3455,1,158.64,99.97,0.5032,1,125.23,133.05,0.3783,1,132.71,32.08,0.3846,1,45.09,10.1,0.5557,1,117.98,27.19,0.276,1,44.66,15.75,0.4892,1,31.58,198.56,0.0507,0,118.61,130.91,0.5705,1,109.97,171.3,0.6449,1,96.12,204.73,0.8642,1,105.83,130.48,0.6401,1,109.68,174.52,0.5879,1,111.84,210.73,0.7211,1,65.26,176.86,0.6418,1,68.11,125.95,0.4349,1,56.19,111.02,0.7444,0,59.13,146.4,0.588,1,45.83,155.66,0.7597,0,41.43,189.91,0.8007,1,80.59,148.37,0.355,1,80.51,63.28,0.2993,1,95.76,78.15,0.1819,1
cvb,Walking,val,cvb_0742_arm01_gopro1_20200325_025919_beh5_ani5_ins5_cut_8_tr6_seg0,2,True,True,pose_output_returned,156.8,0.6176,0.6418,37,28,0.8462,0.8649,33,218.55,98.53,0.955,1,215.24,105.06,0.9626,1,210.83,105.04,0.8319,1,205.2,100.1,0.6901,1,216.8,97.09,0.6592,1,186.85,70.84,0.9194,1,168.66,48.0,0.5498,1,157.37,33.69,0.4228,1,175.97,43.02,0.5851,1,171.46,29.48,0.8734,0,205.21,60.64,0.9238,1,192.25,35.72,0.914,1,189.4,22.21,0.7139,0,193.79,37.84,0.8296,1,192.2,25.11,0.701,0,136.82,54.86,0.7368,1,137.04,36.16,0.3455,1,158.64,99.97,0.5032,1,125.23,133.05,0.3783,1,132.71,32.08,0.3846,1,45.09,10.1,0.5557,1,117.98,27.19,0.276,1,44.66,15.75,0.4892,1,31.58,198.56,0.0507,0,118.61,130.91,0.5705,1,109.97,171.3,0.6449,1,96.12,204.73,0.8642,1,105.83,130.48,0.6401,1,109.68,174.52,0.5879,1,111.84,210.73,0.7211,1,65.26,176.86,0.6418,1,68.11,125.95,0.4349,1,56.19,111.02,0.7444,0,59.13,146.4,0.588,1,45.83,155.66,0.7597,0,41.43,189.91,0.8007,1,80.59,148.37,0.355,1,80.51,63.28,0.2993,1,95.76,78.15,0.1819,1
cvb,Walking,val,cvb_0742_arm01_gopro1_20200325_025919_beh5_ani5_ins5_cut_8_tr6_seg0,3,True,True,pose_output_returned,156.44,0.6176,0.6418,37,28,0.8462,0.8649,33,218.55,98.53,0.955,1,215.24,105.06,0.9626,1,210.83,105.04,0.8319,1,205.2,100.1,0.6901,1,216.8,97.09,0.6592,1,186.85,70.84,0.9194,1,168.66,48.0,0.5498,1,157.37,33.69,0.4228,1,175.97,43.02,0.5851,1,171.46,29.48,0.8734,0,205.21,60.64,0.9238,1,192.25,35.72,0.914,1,189.4,22.21,0.7139,0,193.79,37.84,0.8296,1,192.2,25.11,0.701,0,136.82,54.86,0.7368,1,137.04,36.16,0.3455,1,158.64,99.97,0.5032,1,125.23,133.05,0.3783,1,132.71,32.08,0.3846,1,45.09,10.1,0.5557,1,117.98,27.19,0.276,1,44.66,15.75,0.4892,1,31.58,198.56,0.0507,0,118.61,130.91,0.5705,1,109.97,171.3,0.6449,1,96.12,204.73,0.8642,1,105.83,130.48,0.6401,1,109.68,174.52,0.5879,1,111.84,210.73,0.7211,1,65.26,176.86,0.6418,1,68.11,125.95,0.4349,1,56.19,111.02,0.7444,0,59.13,146.4,0.588,1,45.83,155.66,0.7597,0,41.43,189.91,0.8007,1,80.59,148.37,0.355,1,80.51,63.28,0.2993,1,95.76,78.15,0.1819,1
cvb,Walking,val,cvb_0742_arm01_gopro1_20200325_025919_beh5_ani5_ins5_cut_8_tr6_seg0,4,True,True,pose_output_returned,156.16,0.6176,0.6418,37,28,0.8462,0.8649,33,218.55,98.53,0.955,1,215.24,105.06,0.9626,1,210.83,105.04,0.8319,1,205.2,100.1,0.6901,1,216.8,97.09,0.6592,1,186.85,70.84,0.9194,1,168.66,48.0,0.5498,1,157.37,33.69,0.4228,1,175.97,43.02,0.5851,1,171.46,29.48,0.8734,0,205.21,60.64,0.9238,1,192.25,35.72,0.914,1,189.4,22.21,0.7139,0,193.79,37.84,0.8296,1,192.2,25.11,0.701,0,136.82,54.86,0.7368,1,137.04,36.16,0.3455,1,158.64,99.97,0.5032,1,125.23,133.05,0.3783,1,132.71,32.08,0.3846,1,45.09,10.1,0.5557,1,117.98,27.19,0.276,1,44.66,15.75,0.4892,1,31.58,198.56,0.0507,0,118.61,130.91,0.5705,1,109.97,171.3,0.6449,1,96.12,204.73,0.8642,1,105.83,130.48,0.6401,1,109.68,174.52,0.5879,1,111.84,210.73,0.7211,1,65.26,176.86,0.6418,1,68.11,125.95,0.4349,1,56.19,111.02,0.7444,0,59.13,146.4,0.588,1,45.83,155.66,0.7597,0,41.43,189.91,0.8007,1,80.59,148.37,0.355,1,80.51,63.28,0.2993,1,95.76,78.15,0.1819,1
cvb,Walking,val,cvb_0742_arm01_gopro1_20200325_025919_beh5_ani5_ins5_cut_8_tr6_seg0,5,True,True,pose_output_returned,155.06,0.6176,0.6418,37,28,0.8462,0.8649,33,218.55,98.53,0.955,1,215.24,105.06,0.9626,1,210.83,105.04,0.8319,1,205.2,100.1,0.6901,1,216.8,97.09,0.6592,1,186.85,70.84,0.9194,1,168.66,48.0,0.5498,1,157.37,33.69,0.4228,1,175.97,43.02,0.5851,1,171.46,29.48,0.8734,0,205.21,60.64,0.9238,1,192.25,35.72,0.914,1,189.4,22.21,0.7139,0,193.79,37.84,0.8296,1,192.2,25.11,0.701,0,136.82,54.86,0.7368,1,137.04,36.16,0.3455,1,158.64,99.97,0.5032,1,125.23,133.05,0.3783,1,132.71,32.08,0.3846,1,45.09,10.1,0.5557,1,117.98,27.19,0.276,1,44.66,15.75,0.4892,1,31.58,198.56,0.0507,0,118.61,130.91,0.5705,1,109.97,171.3,0.6449,1,96.12,204.73,0.8642,1,105.83,130.48,0.6401,1,109.68,174.52,0.5879,1,111.84,210.73,0.7211,1,65.26,176.86,0.6418,1,68.11,125.95,0.4349,1,56.19,111.02,0.7444,0,59.13,146.4,0.588,1,45.83,155.66,0.7597,0,41.43,189.91,0.8007,1,80.59,148.37,0.355,1,80.51,63.28,0.2993,1,95.76,78.15,0.1819,1
cvb,Walking,val,cvb_0742_arm01_gopro1_20200325_025919_beh5_ani5_ins5_cut_8_tr6_seg0,6,True,True,pose_output_returned,154.35,0.6176,0.6418,37,28,0.8462,0.8649,33,218.55,98.53,0.955,1,215.24,105.06,0.9626,1,210.83,105.04,0.8319,1,205.2,100.1,0.6901,1,216.8,97.09,0.6592,1,186.85,70.84,0.9194,1,168.66,48.0,0.5498,1,157.37,33.69,0.4228,1,175.97,43.02,0.5851,1,171.46,29.48,0.8734,0,205.21,60.64,0.9238,1,192.25,35.72,0.914,1,189.4,22.21,0.7139,0,193.79,37.84,0.8296,1,192.2,25.11,0.701,0,136.82,54.86,0.7368,1,137.04,36.16,0.3455,1,158.64,99.97,0.5032,1,125.23,133.05,0.3783,1,132.71,32.08,0.3846,1,45.09,10.1,0.5557,1,117.98,27.19,0.276,1,44.66,15.75,0.4892,1,31.58,198.56,0.0507,0,118.61,130.91,0.5705,1,109.97,171.3,0.6449,1,96.12,204.73,0.8642,1,105.83,130.48,0.6401,1,109.68,174.52,0.5879,1,111.84,210.73,0.7211,1,65.26,176.86,0.6418,1,68.11,125.95,0.4349,1,56.19,111.02,0.7444,0,59.13,146.4,0.588,1,45.83,155.66,0.7597,0,41.43,189.91,0.8007,1,80.59,148.37,0.355,1,80.51,63.28,0.2993,1,95.76,78.15,0.1819,1
cvb,Walking,val,cvb_0742_arm01_gopro1_20200325_025919_beh5_ani5_ins5_cut_8_tr6_seg0,7,True,True,pose_output_returned,155.8,0.6176,0.6418,37,28,0.8462,0.8649,33,218.55,98.53,0.955,1,215.24,105.06,0.9626,1,210.83,105.04,0.8319,1,205.2,100.1,0.6901,1,216.8,97.09,0.6592,1,186.85,70.84,0.9194,1,168.66,48.0,0.5498,1,157.37,33.69,0.4228,1,175.97,43.02,0.5851,1,171.46,29.48,0.8734,0,205.21,60.64,0.9238,1,192.25,35.72,0.914,1,189.4,22.21,0.7139,0,193.79,37.84,0.8296,1,192.2,25.11,0.701,0,136.82,54.86,0.7368,1,137.04,36.16,0.3455,1,158.64,99.97,0.5032,1,125.23,133.05,0.3783,1,132.71,32.08,0.3846,1,45.09,10.1,0.5557,1,117.98,27.19,0.276,1,44.66,15.75,0.4892,1,31.58,198.56,0.0507,0,118.61,130.91,0.5705,1,109.97,171.3,0.6449,1,96.12,204.73,0.8642,1,105.83,130.48,0.6401,1,109.68,174.52,0.5879,1,111.84,210.73,0.7211,1,65.26,176.86,0.6418,1,68.11,125.95,0.4349,1,56.19,111.02,0.7444,0,59.13,146.4,0.588,1,45.83,155.66,0.7597,0,41.43,189.91,0.8007,1,80.59,148.37,0.355,1,80.51,63.28,0.2993,1,95.76,78.15,0.1819,1
beef_cattle_behavior,Standing,train,beef_00000000580000000_10_clip_12,0,True,True,pose_output_returned,152.28,0.3571,0.279,29,11,0.6667,0.6897,26,178.64,110.1,0.2848,0,177.16,113.77,0.0767,0,83.73,114.29,0.0739,1,174.78,106.92,0.1006,1,178.73,108.3,0.1859,1,170.96,84.18,0.279,1,156.21,119.21,0.2027,0,178.81,112.53,0.2344,0,169.45,97.99,0.5429,1,148.2,82.96,0.1218,1,174.3,85.39,0.46,0,182.68,113.03,0.1692,0,186.61,115.12,0.2544,1,172.37,94.71,0.2758,1,182.68,118.47,0.145,1,153.97,90.53,0.7251,1,155.07,76.78,0.5268,1,158.37,106.07,0.2446,1,156.5,108.42,0.292,1,154.57,71.18,0.6029,1,23.53,26.51,0.7621,1,90.69,22.38,0.7869,1,21.31,29.68,0.7979,1,15.25,84.13,0.1618,0,167.44,107.04,0.226,1,29.91,124.68,0.3392,0,78.94,155.25,0.1735,0,104.71,118.32,0.7013,1,120.06,141.8,0.2438,1,126.16,154.39,0.3311,0,70.68,137.19,0.2466,0,65.97,91.82,0.4333,1,27.83,84.1,0.7411,1,66.18,120.79,0.5799,0,28.12,123.17,0.6126,1,33.88,146.68,0.2781,0,77.86,101.92,0.2804,1,80.85,72.49,0.2806,1,77.34,72.43,0.1529,1
beef_cattle_behavior,Standing,train,beef_00000000580000000_10_clip_12,1,True,True,pose_output_returned,157.38,0.5236,0.4887,37,18,0.7179,0.7027,28,203.27,124.52,0.6786,0,199.72,127.63,0.5683,0,197.1,128.42,0.5779,0,197.32,122.35,0.5816,0,199.93,123.62,0.4398,0,205.49,103.16,0.9022,1,196.71,85.72,0.4238,1,198.67,77.36,0.1539,1,204.02,85.5,0.4677,1,214.03,75.12,0.2936,0,208.48,101.83,0.8275,1,199.39,72.96,0.3117,1,198.62,71.58,0.3406,1,202.63,69.43,0.3994,1,212.92,82.87,0.4102,1,178.5,84.29,0.8318,1,171.52,73.35,0.5015,1,176.53,116.42,0.4449,1,173.31,116.86,0.3518,1,166.83,69.6,0.4722,1,34.25,22.83,0.7389,1,93.88,28.5,0.4887,1,27.96,25.03,0.8102,1,13.61,79.77,0.4248,1,125.89,132.44,0.4773,1,178.94,138.61,0.4879,0,177.67,162.27,0.9913,1,91.56,127.14,0.5398,1,98.11,162.83,0.1627,1,177.42,161.81,0.5032,1,62.82,153.58,0.7017,0,64.4,97.98,0.9454,1,26.78,81.58,0.4902,1,57.6,128.41,0.631,0,50.09,129.38,0.6567,0,22.55,157.57,0.5956,0,72.73,111.96,0.3074,1,80.91,76.18,0.2647,1,83.11,81.63,0.2227,1
beef_cattle_behavior,Standing,train,beef_00000000580000000_10_clip_12,2,True,True,pose_output_returned,156.66,0.4831,0.4875,39,18,0.7949,0.7949,31,188.49,103.11,0.7736,1,189.41,108.54,0.5731,0,183.89,110.72,0.5992,0,185.84,104.52,0.5627,1,196.17,106.53,0.5902,0,193.55,84.46,0.8014,1,188.24,72.41,0.4425,1,185.22,67.2,0.221,1,193.03,75.49,0.3896,1,191.99,63.71,0.2803,1,195.38,85.06,0.7483,1,194.8,71.49,0.3586,1,201.57,79.98,0.2087,1,196.92,70.14,0.4195,1,194.51,72.4,0.5518,1,175.59,75.26,0.5247,1,181.37,63.43,0.2616,1,173.38,94.7,0.2687,1,167.04,104.62,0.2938,1,179.43,60.4,0.404,1,29.22,25.48,0.673,1,99.15,32.67,0.4875,1,25.19,28.36,0.6661,1,47.52,10.84,0.3669,1,170.03,101.95,0.4639,1,138.35,160.88,0.3117,0,19.27,162.22,0.8193,0,162.52,102.06,0.497,1,106.65,161.94,0.3652,1,109.34,192.18,0.517,1,183.33,145.34,0.3839,1,58.23,95.74,0.7854,1,23.17,82.98,0.602,1,48.84,135.15,0.6171,0,45.07,132.17,0.5245,0,18.63,162.16,0.5402,0,63.04,108.8,0.309,1,125.98,93.03,0.2879,1,86.55,73.12,0.3513,1
beef_cattle_behavior,Standing,train,beef_00000000580000000_10_clip_12,3,True,True,pose_output_returned,154.1,0.4118,0.4182,37,10,0.7692,0.7568,30,30.94,34.65,0.3068,1,28.5,36.52,0.2582,1,29.21,42.49,0.2894,1,33.32,35.18,0.3178,1,30.45,44.1,0.3051,1,37.06,26.79,0.4261,1,46.39,17.49,0.4687,1,45.88,16.0,0.4264,1,40.81,20.76,0.4182,1,42.52,17.36,0.3713,1,25.87,22.95,0.4399,1,27.64,21.22,0.492,1,23.53,20.72,0.602,1,31.4,17.67,0.5111,1,31.59,20.94,0.2834,1,39.84,34.17,0.5709,1,50.3,31.7,0.4847,1,30.52,51.13,0.2083,1,35.37,50.94,0.1639,1,56.26,30.86,0.4873,1,183.54,69.05,0.6437,1,116.48,35.48,0.5253,1,186.21,81.34,0.5171,1,185.39,106.76,0.0774,1,121.51,128.58,0.3974,1,19.49,114.97,0.4479,0,26.55,150.49,0.51,0,92.23,126.38,0.4444,1,49.65,120.28,0.2595,0,47.09,150.63,0.592,0,48.55,148.8,0.5542,0,166.54,118.51,0.414,0,170.38,116.55,0.3893,1,48.98,121.12,0.5741,0,188.36,139.21,0.3422,0,189.6,153.5,0.3768,0,73.34,113.34,0.4063,1,149.25,90.37,0.3437,1,143.73,95.22,0.4143,1
beef_cattle_behavior,Standing,train,beef_00000000580000000_10_clip_12,4,True,True,pose_output_returned,155.28,0.4097,0.3667,34,10,0.7949,0.7647,31,207.35,60.96,0.4955,1,207.92,68.86,0.2889,0,205.19,69.13,0.2396,1,204.0,63.95,0.2079,1,203.4,67.16,0.2607,1,25.59,21.18,0.2205,1,38.0,17.82,0.3374,1,29.31,14.67,0.2095,1,32.28,16.39,0.4122,1,33.27,17.1,0.4221,1,20.38,20.6,0.1834,1,25.86,24.03,0.3503,1,33.03,21.02,0.1442,1,28.83,18.69,0.3667,1,27.22,16.71,0.3737,1,31.74,21.87,0.295,1,34.6,18.01,0.3347,1,174.04,91.59,0.0933,1,93.93,101.55,0.1181,1,31.34,19.59,0.2975,1,169.6,51.02,0.9269,1,125.68,38.44,0.4042,1,170.66,55.29,0.9787,1,175.79,50.14,0.162,1,110.92,127.82,0.4992,1,16.76,120.89,0.5075,0,14.11,145.36,0.3264,0,97.55,129.15,0.7431,1,98.36,163.27,0.6195,1,107.23,206.15,0.5289,0,48.65,161.56,0.6278,0,158.82,102.65,0.6925,1,164.61,98.1,0.7297,1,45.17,124.38,0.6404,0,190.32,117.21,0.4756,0,13.79,149.49,0.3939,0,137.17,115.18,0.3888,1,75.46,83.83,0.321,1,85.4,79.53,0.3592,1
beef_cattle_behavior,Standing,train,beef_00000000580000000_10_clip_12,5,True,True,pose_output_returned,155.57,0.3509,0.3251,33,6,0.5641,0.5455,22,185.88,133.6,0.4812,0,183.01,137.15,0.3251,0,184.58,136.96,0.3671,0,184.53,132.92,0.3227,0,185.27,127.39,0.3358,0,176.51,108.18,0.4249,0,150.51,112.52,0.23,1,31.77,17.8,0.2409,1,172.04,58.67,0.1523,1,186.66,133.13,0.1851,0,184.2,106.06,0.3767,0,178.21,57.67,0.1223,1,149.81,33.51,0.1217,1,180.0,61.79,0.2233,1,191.06,140.88,0.1872,0,170.26,90.04,0.2532,1,169.65,53.89,0.1635,1,164.23,106.53,0.3635,1,165.19,117.14,0.4011,0,170.16,51.96,0.2309,1,175.47,52.61,0.5482,1,85.23,26.34,0.6596,1,181.2,60.56,0.5758,1,30.57,19.29,0.2253,1,111.31,124.46,0.4145,1,17.26,116.33,0.3243,0,187.5,141.29,0.3002,0,104.97,125.1,0.6447,1,97.41,155.59,0.3617,1,20.77,150.94,0.4947,0,43.84,152.0,0.6489,0,52.36,96.23,0.2737,1,22.9,76.0,0.7022,1,43.92,121.07,0.4781,0,43.3,121.03,0.2293,0,29.64,152.72,0.4177,0,65.9,108.55,0.3761,1,52.42,63.4,0.2497,1,43.09,60.88,0.25,1
beef_cattle_behavior,Standing,train,beef_00000000580000000_10_clip_12,6,True,True,pose_output_returned,157.09,0.3881,0.3619,37,10,0.7179,0.7568,28,207.14,88.68,0.226,0,208.05,91.23,0.1411,0,203.93,92.12,0.2231,0,202.36,89.89,0.3166,1,209.19,89.79,0.1907,0,200.29,72.06,0.4573,1,188.47,69.58,0.5576,1,184.74,76.4,0.3337,1,190.64,60.05,0.4225,1,188.96,52.71,0.2353,1,207.55,64.76,0.4189,1,202.16,60.38,0.2023,1,204.48,56.44,0.2074,1,199.77,59.41,0.2722,1,204.13,54.97,0.3709,1,176.13,69.22,0.584,1,170.69,55.9,0.3704,1,182.93,95.98,0.235,1,180.41,94.79,0.3224,1,162.95,54.02,0.4063,1,21.88,27.76,0.629,1,121.0,33.03,0.3619,1,20.8,33.96,0.7584,1,13.86,36.67,0.2917,1,160.93,100.39,0.6015,1,78.86,151.8,0.3012,1,178.41,153.27,0.5275,0,161.59,106.28,0.7649,1,78.77,155.47,0.3521,1,179.5,153.91,0.6136,0,177.94,152.81,0.3537,0,164.8,105.51,0.5038,1,159.69,105.15,0.2891,1,176.04,128.35,0.4004,0,174.24,126.15,0.3373,0,176.23,152.63,0.2063,0,135.0,116.2,0.5263,1,119.2,79.3,0.3882,0,118.22,78.36,0.4366,1
beef_cattle_behavior,Standing,train,beef_00000000580000000_10_clip_12,7,True,True,pose_output_returned,155.81,0.5464,0.5361,39,23,0.641,0.641,25,190.07,106.9,0.4776,1,190.82,113.18,0.4332,0,181.99,114.05,0.4097,0,183.96,108.5,0.3796,1,193.23,108.63,0.4524,0,181.46,85.94,0.587,1,175.02,69.95,0.759,1,171.45,66.59,0.4194,1,178.37,67.81,0.5908,1,177.31,61.19,0.3751,1,198.77,84.68,0.7477,1,191.17,68.41,0.3993,1,196.81,67.42,0.4165,1,189.77,68.46,0.5723,1,193.6,64.11,0.5841,1,158.52,77.63,0.5153,1,157.84,60.56,0.32,1,165.74,102.41,0.5358,0,164.44,106.85,0.3996,0,156.03,59.27,0.4133,1,35.78,25.63,0.5841,1,103.66,35.91,0.5846,1,33.04,29.1,0.7098,1,19.93,47.1,0.2887,1,164.11,107.83,0.5283,0,173.05,122.38,0.4845,0,172.55,150.97,0.5683,0,81.23,122.92,0.9408,1,85.89,151.74,0.6128,1,86.43,170.06,0.5461,0,41.91,150.25,0.49,0,52.58,90.51,0.8169,1,39.35,89.02,0.7922,1,39.59,122.07,0.5502,0,41.26,127.05,0.6977,0,42.41,153.85,0.7543,0,60.89,111.91,0.6395,0,84.69,82.72,0.5361,1,84.73,84.35,0.3957,1
beef_cattle_behavior,Standing,train,beef_00000000580000000_27_clip_28,0,True,True,pose_output_returned,154.68,0.6646,0.7135,38,32,0.6154,0.6053,24,198.55,133.88,0.944,1,195.52,138.48,0.9488,1,190.91,140.57,0.9231,1,182.44,131.04,0.8316,1,197.48,131.19,0.7135,1,179.99,103.04,0.7911,1,163.15,87.19,0.6091,0,140.84,83.88,0.5958,1,170.34,74.94,0.5767,1,189.1,66.69,0.3001,1,195.14,97.11,1.0,0,187.93,66.65,0.6543,1,198.49,64.61,0.7358,1,189.09,70.2,0.6399,1,197.24,65.25,0.5646,1,114.62,70.96,0.8144,1,126.33,56.07,0.552,1,149.32,117.37,0.4967,0,119.4,123.32,0.2249,1,116.58,41.84,0.4616,1,23.59,10.41,0.7674,1,67.58,19.22,0.5321,1,18.41,12.65,0.7507,1,130.79,93.17,0.0589,1,119.25,119.83,0.8485,1,117.8,144.81,0.7035,1,118.65,170.18,0.8473,0,90.36,114.61,0.5167,0,93.72,147.22,0.74,0,103.49,178.18,0.849,0,39.6,134.3,0.7226,0,30.79,79.42,0.7945,1,29.2,73.71,0.8386,0,30.71,102.33,0.8283,0,30.74,103.1,0.7203,0,41.31,134.04,0.6401,0,65.04,101.23,0.3019,0,59.4,63.91,0.6745,0,59.8,61.17,0.4054,0
beef_cattle_behavior,Standing,train,beef_00000000580000000_27_clip_28,1,False,False,pose_detector_failure,136.02,0.0,0.0,0,0,0.0,0.0,0,,,0.0,0,,,0.0,0,,,0.0,0,,,0.0,0,,,0.0,0,,,0.0,0,,,0.0,0,,,0.0,0,,,0.0,0,,,0.0,0,,,0.0,0,,,0.0,0,,,0.0,0,,,0.0,0,,,0.0,0,,,0.0,0,,,0.0,0,,,0.0,0,,,0.0,0,,,0.0,0,,,0.0,0,,,0.0,0,,,0.0,0,,,0.0,0,,,0.0,0,,,0.0,0,,,0.0,0,,,0.0,0,,,0.0,0,,,0.0,0,,,0.0,0,,,0.0,0,,,0.0,0,,,0.0,0,,,0.0,0,,,0.0,0,,,0.0,0,,,0.0,0,,,0.0,0
beef_cattle_behavior,Standing,train,beef_00000000580000000_27_clip_28,2,False,False,pose_detector_failure,147.1,0.0,0.0,0,0,0.0,0.0,0,,,0.0,0,,,0.0,0,,,0.0,0,,,0.0,0,,,0.0,0,,,0.0,0,,,0.0,0,,,0.0,0,,,0.0,0,,,0.0,0,,,0.0,0,,,0.0,0,,,0.0,0,,,0.0,0,,,0.0,0,,,0.0,0,,,0.0,0,,,0.0,0,,,0.0,0,,,0.0,0,,,0.0,0,,,0.0,0,,,0.0,0,,,0.0,0,,,0.0,0,,,0.0,0,,,0.0,0,,,0.0,0,,,0.0,0,,,0.0,0,,,0.0,0,,,0.0,0,,,0.0,0,,,0.0,0,,,0.0,0,,,0.0,0,,,0.0,0,,,0.0,0,,,0.0,0
beef_cattle_behavior,Standing,train,beef_00000000580000000_27_clip_28,3,True,True,pose_output_returned,158.55,0.5228,0.4987,38,19,0.7436,0.7368,29,202.43,117.11,0.7553,1,200.2,124.45,0.6595,1,192.84,125.07,0.501,1,186.47,110.1,0.5462,0,193.56,106.11,0.5199,1,184.7,88.63,0.8537,1,174.28,70.05,0.7062,1,183.5,66.69,0.4152,0,182.51,67.62,0.6483,1,186.11,57.35,0.3257,1,188.01,84.71,0.7978,0,177.77,59.95,0.4011,1,178.97,54.53,0.4704,1,175.02,61.12,0.4739,1,182.16,54.96,0.3778,1,137.92,72.82,0.7986,1,135.81,60.79,0.5816,1,146.77,106.81,0.2159,1,132.62,109.33,0.2746,1,133.11,58.22,0.5046,1,14.68,12.76,0.3052,1,66.73,21.49,0.5179,1,10.76,52.62,0.3944,1,18.15,82.83,0.1168,1,113.53,118.48,0.5838,1,108.82,140.0,0.4252,0,111.01,167.52,0.8389,1,97.83,114.68,0.4823,1,92.27,143.17,0.4987,0,107.6,169.8,0.6293,0,36.26,136.21,0.4141,0,22.0,80.87,0.6734,1,29.12,77.66,0.6939,1,24.27,103.65,0.9212,0,28.19,102.48,0.468,0,38.12,137.3,0.4697,0,66.71,101.1,0.4171,1,65.16,65.39,0.4802,1,66.35,63.03,0.231,1
beef_cattle_behavior,Standing,train,beef_00000000580000000_27_clip_28,4,True,True,pose_output_returned,155.23,0.5797,0.575,38,23,0.7949,0.7895,31,204.66,122.6,0.929,1,202.4,128.52,0.9639,1,196.86,131.48,0.7827,1,187.91,122.3,0.7752,1,197.44,119.45,0.575,1,183.73,89.33,0.9773,1,168.1,72.7,0.6664,1,176.19,64.71,0.3343,1,177.74,65.94,0.6774,1,186.86,61.04,0.4315,1,188.19,87.32,1.0,1,173.69,58.63,0.4515,1,179.93,55.75,0.4659,1,178.59,61.94,0.5208,1,182.61,57.06,0.3631,1,132.61,72.78,0.8214,1,126.07,58.25,0.5593,1,141.67,117.58,0.375,0,121.15,121.41,0.2935,1,122.77,54.99,0.5263,1,18.33,17.93,0.6606,1,71.44,23.95,0.4809,1,12.16,24.69,0.7286,1,19.57,85.75,0.0649,1,111.44,119.81,0.6711,1,112.19,142.92,0.4242,0,111.14,171.11,0.7115,1,99.04,117.35,0.4709,1,89.45,146.8,0.6091,0,107.77,172.99,0.7534,0,36.2,133.11,0.5922,0,24.79,81.97,0.6884,1,36.09,79.52,0.6503,1,26.15,105.3,0.7888,0,30.53,99.84,0.49,0,40.54,132.72,0.4292,0,69.77,103.96,0.2581,1,73.69,73.19,0.4312,1,94.3,43.04,0.217,1
beef_cattle_behavior,Standing,train,beef_00000000580000000_27_clip_28,5,True,True,pose_output_returned,156.06,0.5945,0.5957,38,24,0.6923,0.7105,27,202.48,119.51,0.9252,1,199.7,126.12,0.8949,1,193.3,129.79,0.8174,1,186.65,119.86,0.6175,1,196.73,116.6,0.5957,1,181.22,90.96,0.8861,1,167.84,75.29,0.6558,1,175.34,65.33,0.2495,1,175.79,70.91,0.7052,1,185.88,59.71,0.4503,1,186.01,87.29,1.0,1,175.4,61.1,0.3368,1,178.71,58.91,0.464,1,172.59,65.57,0.4438,1,184.56,59.38,0.4029,1,129.89,75.74,1.0,1,126.5,59.81,0.5584,1,141.65,114.59,0.4964,1,123.64,114.8,0.3791,1,124.11,56.79,0.4688,1,13.81,17.97,0.5603,1,65.79,20.45,0.425,1,8.86,27.28,0.7575,1,41.89,145.96,0.0693,0,113.12,117.18,0.7771,1,110.77,142.14,0.6449,0,111.47,171.72,0.9158,0,91.15,115.06,0.5611,1,87.04,145.8,0.6466,0,97.57,175.38,0.8456,0,30.17,122.81,0.5665,0,25.64,78.82,0.7079,1,29.85,76.07,0.6991,0,23.51,96.27,0.6731,0,28.78,98.01,0.7112,0,35.29,132.32,0.4089,0,62.86,107.45,0.2354,0,58.61,70.17,0.3897,0,68.01,71.05,0.2429,1
beef_cattle_behavior,Standing,train,beef_00000000580000000_27_clip_28,6,True,True,pose_output_returned,153.77,0.5172,0.5231,38,22,0.641,0.6579,25,191.91,102.35,0.8058,1,189.01,109.92,0.741,0,182.79,113.97,0.6014,0,180.5,105.36,0.676,1,188.93,100.1,0.5231,1,181.97,83.75,0.6616,0,170.31,72.0,0.8012,1,181.84,72.02,0.2811,1,176.2,67.16,0.6981,1,183.99,57.84,0.3956,1,186.5,81.16,0.7173,0,169.27,54.72,0.3849,1,178.13,53.68,0.3204,1,171.08,57.59,0.5448,1,182.02,56.6,0.3859,1,132.82,71.35,0.752,1,132.59,58.36,0.5266,1,143.19,107.49,0.3304,1,133.68,112.54,0.3012,1,129.85,55.93,0.5187,1,14.37,30.44,0.4451,1,64.56,19.71,0.6417,1,11.51,38.45,0.4961,1,32.5,110.57,0.1333,0,116.53,114.04,0.6308,1,98.58,145.97,0.3829,0,104.61,165.83,0.645,0,110.49,113.64,0.5359,1,91.79,147.36,0.5674,0,95.34,164.78,0.5736,1,33.65,113.99,0.2014,0,31.08,79.04,0.7134,0,31.98,74.85,0.8225,0,25.12,102.11,0.4672,0,28.38,102.71,0.467,0,37.2,146.87,0.2471,0,73.58,100.61,0.422,1,62.58,59.94,0.5207,1,64.77,61.13,0.2904,1
beef_cattle_behavior,Standing,train,beef_00000000580000000_27_clip_28,7,True,True,pose_output_returned,153.32,0.5268,0.5581,38,23,0.7179,0.7105,28,202.38,121.28,0.4923,1,196.48,124.52,0.4192,1,193.12,126.7,0.4328,1,186.82,115.98,0.607,0,197.23,117.36,0.3788,0,187.01,91.83,0.8178,1,165.89,84.23,0.6243,1,151.84,81.35,0.3791,1,176.11,68.59,0.6417,1,188.78,58.97,0.2583,1,190.25,85.94,0.7123,0,175.17,59.96,0.5461,1,176.53,54.08,0.3144,1,173.45,60.76,0.6046,1,198.89,123.19,0.3445,1,136.6,68.74,0.5918,1,131.22,56.1,0.6206,1,148.11,112.51,0.2132,1,123.71,120.99,0.2732,1,124.97,52.13,0.5581,1,16.36,23.47,0.4217,1,72.17,19.51,0.4835,1,13.18,38.56,0.4664,1,123.62,90.73,0.0529,1,117.34,116.02,0.6233,1,117.86,148.24,0.7044,1,117.29,173.35,0.9092,0,82.58,107.07,0.7828,1,95.36,150.47,0.5876,0,101.27,177.46,0.754,1,34.98,126.24,0.5447,0,28.3,75.68,0.5655,1,30.39,70.37,0.7031,1,26.72,97.12,0.8358,0,29.71,94.92,0.6381,0,38.35,128.66,0.5704,0,66.37,101.93,0.2937,0,62.5,64.11,0.5278,0,69.92,61.49,0.2495,1
beef_cattle_behavior,Standing,train,beef_00000000082000000_5_clip_110,0,False,False,pose_detector_failure,130.86,0.0,0.0,0,0,0.0,0.0,0,,,0.0,0,,,0.0,0,,,0.0,0,,,0.0,0,,,0.0,0,,,0.0,0,,,0.0,0,,,0.0,0,,,0.0,0,,,0.0,0,,,0.0,0,,,0.0,0,,,0.0,0,,,0.0,0,,,0.0,0,,,0.0,0,,,0.0,0,,,0.0,0,,,0.0,0,,,0.0,0,,,0.0,0,,,0.0,0,,,0.0,0,,,0.0,0,,,0.0,0,,,0.0,0,,,0.0,0,,,0.0,0,,,0.0,0,,,0.0,0,,,0.0,0,,,0.0,0,,,0.0,0,,,0.0,0,,,0.0,0,,,0.0,0,,,0.0,0,,,0.0,0,,,0.0,0
beef_cattle_behavior,Standing,train,beef_00000000082000000_5_clip_110,1,True,True,pose_output_returned,161.6,0.3675,0.3635,34,7,0.0256,0.0294,1,212.39,174.97,0.5421,0,212.97,180.03,0.482,0,210.45,179.24,0.5723,0,208.88,173.58,0.4234,0,214.81,171.97,0.5235,0,209.2,160.33,0.4912,0,186.27,159.8,0.2023,0,134.95,133.05,0.2193,0,209.43,147.83,0.3011,0,208.36,148.26,0.1899,0,213.41,159.51,0.4431,0,209.32,149.77,0.2865,0,212.11,143.8,0.1453,0,213.21,149.51,0.3025,0,208.77,146.12,0.1844,0,195.07,150.29,0.3768,0,180.65,94.19,0.2766,1,195.69,150.5,0.2356,0,198.11,166.16,0.2421,0,166.93,93.47,0.373,0,98.57,151.96,0.4058,0,168.55,91.37,0.2762,0,102.48,148.0,0.635,0,123.77,124.64,0.0673,0,176.12,153.93,0.6484,0,189.6,193.75,0.4272,0,187.48,203.02,0.2566,0,176.6,155.09,0.4034,0,182.48,199.42,0.3405,0,186.3,202.51,0.3718,0,158.02,181.24,0.1468,0,173.35,145.92,0.4598,0,118.25,181.81,0.3358,0,109.11,149.62,0.601,0,112.88,195.02,0.3635,0,135.84,217.75,0.3395,0,156.12,140.88,0.6606,0,171.61,117.62,0.3182,0,171.63,117.15,0.4623,0
beef_cattle_behavior,Standing,train,beef_00000000082000000_5_clip_110,2,False,False,pose_detector_failure,130.39,0.0,0.0,0,0,0.0,0.0,0,,,0.0,0,,,0.0,0,,,0.0,0,,,0.0,0,,,0.0,0,,,0.0,0,,,0.0,0,,,0.0,0,,,0.0,0,,,0.0,0,,,0.0,0,,,0.0,0,,,0.0,0,,,0.0,0,,,0.0,0,,,0.0,0,,,0.0,0,,,0.0,0,,,0.0,0,,,0.0,0,,,0.0,0,,,0.0,0,,,0.0,0,,,0.0,0,,,0.0,0,,,0.0,0,,,0.0,0,,,0.0,0,,,0.0,0,,,0.0,0,,,0.0,0,,,0.0,0,,,0.0,0,,,0.0,0,,,0.0,0,,,0.0,0,,,0.0,0,,,0.0,0,,,0.0,0
beef_cattle_behavior,Standing,train,beef_00000000082000000_5_clip_110,3,False,False,pose_detector_failure,143.73,0.0,0.0,0,0,0.0,0.0,0,,,0.0,0,,,0.0,0,,,0.0,0,,,0.0,0,,,0.0,0,,,0.0,0,,,0.0,0,,,0.0,0,,,0.0,0,,,0.0,0,,,0.0,0,,,0.0,0,,,0.0,0,,,0.0,0,,,0.0,0,,,0.0,0,,,0.0,0,,,0.0,0,,,0.0,0,,,0.0,0,,,0.0,0,,,0.0,0,,,0.0,0,,,0.0,0,,,0.0,0,,,0.0,0,,,0.0,0,,,0.0,0,,,0.0,0,,,0.0,0,,,0.0,0,,,0.0,0,,,0.0,0,,,0.0,0,,,0.0,0,,,0.0,0,,,0.0,0,,,0.0,0,,,0.0,0
beef_cattle_behavior,Standing,train,beef_00000000082000000_5_clip_110,4,False,False,pose_detector_failure,141.63,0.0,0.0,0,0,0.0,0.0,0,,,0.0,0,,,0.0,0,,,0.0,0,,,0.0,0,,,0.0,0,,,0.0,0,,,0.0,0,,,0.0,0,,,0.0,0,,,0.0,0,,,0.0,0,,,0.0,0,,,0.0,0,,,0.0,0,,,0.0,0,,,0.0,0,,,0.0,0,,,0.0,0,,,0.0,0,,,0.0,0,,,0.0,0,,,0.0,0,,,0.0,0,,,0.0,0,,,0.0,0,,,0.0,0,,,0.0,0,,,0.0,0,,,0.0,0,,,0.0,0,,,0.0,0,,,0.0,0,,,0.0,0,,,0.0,0,,,0.0,0,,,0.0,0,,,0.0,0,,,0.0,0,,,0.0,0
beef_cattle_behavior,Standing,train,beef_00000000082000000_5_clip_110,5,False,False,pose_detector_failure,134.91,0.0,0.0,0,0,0.0,0.0,0,,,0.0,0,,,0.0,0,,,0.0,0,,,0.0,0,,,0.0,0,,,0.0,0,,,0.0,0,,,0.0,0,,,0.0,0,,,0.0,0,,,0.0,0,,,0.0,0,,,0.0,0,,,0.0,0,,,0.0,0,,,0.0,0,,,0.0,0,,,0.0,0,,,0.0,0,,,0.0,0,,,0.0,0,,,0.0,0,,,0.0,0,,,0.0,0,,,0.0,0,,,0.0,0,,,0.0,0,,,0.0,0,,,0.0,0,,,0.0,0,,,0.0,0,,,0.0,0,,,0.0,0,,,0.0,0,,,0.0,0,,,0.0,0,,,0.0,0,,,0.0,0,,,0.0,0
beef_cattle_behavior,Standing,train,beef_00000000082000000_5_clip_110,6,True,True,pose_output_returned,161.14,0.241,0.1861,17,3,0.1538,0.1765,6,213.8,102.92,0.1581,0,215.17,107.71,0.1101,0,212.11,105.17,0.1066,0,216.33,102.22,0.1698,0,217.85,96.45,0.1859,0,214.38,86.8,0.1468,0,105.81,148.27,0.1324,1,162.65,33.67,0.2339,0,100.93,146.36,0.175,1,161.54,33.61,0.3325,0,217.83,86.98,0.1722,0,88.5,151.99,0.1755,1,208.89,90.34,0.1199,0,92.65,154.56,0.23,1,163.56,31.75,0.1749,0,202.18,81.86,0.1861,0,194.65,75.32,0.1796,0,206.0,90.51,0.1586,0,202.37,90.81,0.1979,0,142.66,93.81,0.1022,0,178.33,53.55,0.2774,0,141.74,97.02,0.4376,0,98.48,145.74,0.2794,0,51.73,206.28,0.1062,0,124.4,131.02,0.3316,0,207.42,163.78,0.1628,0,211.7,119.56,0.1784,0,186.33,156.75,0.1991,0,189.83,159.01,0.129,0,184.52,202.28,0.2084,0,216.57,199.8,0.3711,0,194.51,109.19,0.2046,0,100.09,142.77,0.281,0,202.13,163.01,0.4137,0,99.24,147.95,0.5279,1,102.65,153.45,0.3649,1,152.81,139.13,0.5504,0,147.16,119.86,0.3898,0,152.99,123.51,0.5388,0
beef_cattle_behavior,Standing,train,beef_00000000082000000_5_clip_110,7,True,True,pose_output_returned,145.19,0.3007,0.3011,27,4,0.4615,0.4444,18,128.22,143.89,0.1162,0,129.8,215.65,0.036,0,171.57,202.88,0.0841,0,127.73,199.29,0.0775,0,107.72,162.56,0.1322,1,115.19,157.62,0.3081,1,104.6,161.87,0.3399,1,98.22,186.45,0.4681,1,105.85,156.34,0.2866,0,14.83,14.03,0.3275,0,119.78,149.78,0.5175,0,126.7,137.56,0.2313,0,142.79,128.76,0.2628,0,119.71,144.49,0.2767,0,140.04,132.03,0.414,0,76.44,161.62,0.5844,1,74.23,164.03,0.4755,1,65.17,188.11,0.1204,1,65.77,192.3,0.109,1,70.96,164.31,0.3113,1,33.88,150.19,0.3192,1,65.91,137.68,0.3011,0,34.9,148.76,0.3425,1,20.41,145.45,0.1966,1,50.63,163.69,0.4549,1,133.82,134.38,0.4218,0,136.42,130.81,0.4165,0,52.48,165.98,0.5815,1,71.48,211.05,0.1879,1,139.14,136.66,0.2706,0,141.05,131.82,0.2643,0,53.74,179.97,0.4797,1,47.35,180.43,0.6952,1,123.61,211.89,0.1384,0,132.42,126.35,0.1046,0,130.72,134.29,0.3108,0,186.1,130.35,0.3225,0,53.77,167.02,0.1528,1,182.47,123.68,0.2859,0
beef_cattle_behavior,Standing,train,beef_00000000580000000_10_clip_42,0,True,True,pose_output_returned,157.32,0.4361,0.4292,34,16,0.7436,0.7647,29,11.02,66.24,0.5528,1,12.54,68.4,0.5232,1,14.64,70.58,0.5491,1,11.54,63.8,0.6638,1,16.16,63.46,0.7053,1,7.07,45.23,0.6157,0,15.91,32.56,0.16,1,145.37,125.82,0.1398,0,14.31,29.02,0.331,1,11.78,30.37,0.2798,1,10.55,46.45,0.8504,1,12.98,37.52,0.4657,1,177.09,124.06,0.2019,0,9.27,34.5,0.4235,1,15.25,43.01,0.2967,1,18.66,39.43,0.6961,1,20.13,27.24,0.2125,1,18.03,69.52,0.1138,1,21.22,71.32,0.1642,1,26.91,15.69,0.2844,1,28.73,10.56,0.4796,1,83.54,18.19,0.435,1,24.91,12.62,0.3963,1,15.22,69.14,0.2078,1,24.75,87.97,0.6251,1,22.05,124.43,0.6066,0,33.29,166.58,0.5172,0,110.74,118.48,0.5187,1,57.75,126.89,0.5491,0,65.31,155.51,0.4024,0,94.49,156.83,0.4292,0,110.65,121.82,0.5757,1,109.82,119.51,0.3406,1,102.53,146.88,0.7282,1,121.27,143.2,0.2414,0,33.77,167.04,0.1922,0,73.54,109.79,0.8434,1,72.94,73.35,0.3007,1,75.89,71.05,0.3903,1
beef_cattle_behavior,Standing,train,beef_00000000580000000_10_clip_42,1,False,False,pose_detector_failure,130.29,0.0,0.0,0,0,0.0,0.0,0,,,0.0,0,,,0.0,0,,,0.0,0,,,0.0,0,,,0.0,0,,,0.0,0,,,0.0,0,,,0.0,0,,,0.0,0,,,0.0,0,,,0.0,0,,,0.0,0,,,0.0,0,,,0.0,0,,,0.0,0,,,0.0,0,,,0.0,0,,,0.0,0,,,0.0,0,,,0.0,0,,,0.0,0,,,0.0,0,,,0.0,0,,,0.0,0,,,0.0,0,,,0.0,0,,,0.0,0,,,0.0,0,,,0.0,0,,,0.0,0,,,0.0,0,,,0.0,0,,,0.0,0,,,0.0,0,,,0.0,0,,,0.0,0,,,0.0,0,,,0.0,0,,,0.0,0
beef_cattle_behavior,Standing,train,beef_00000000580000000_10_clip_42,2,True,True,pose_output_returned,160.9,0.3749,0.3511,31,9,0.5641,0.4839,22,17.2,55.29,0.4169,0,19.4,58.98,0.3511,0,22.54,62.53,0.4373,1,21.19,57.61,0.4251,0,25.5,56.14,0.4428,1,17.81,46.26,0.3857,0,33.33,31.51,0.0814,1,41.32,13.36,0.2914,1,21.89,34.87,0.1977,1,21.34,40.26,0.1378,1,17.81,46.43,0.5698,0,20.53,37.79,0.2833,1,38.19,13.71,0.2214,1,19.44,35.8,0.2532,0,16.56,43.95,0.1681,0,28.5,40.86,0.8477,1,156.24,114.21,0.2316,0,25.68,64.91,0.1323,1,26.55,68.36,0.1872,1,38.5,18.79,0.3918,1,145.3,109.95,0.3245,0,88.2,23.42,0.536,1,150.98,122.49,0.2881,1,113.29,126.81,0.0922,1,36.4,93.03,0.8185,0,37.15,117.62,0.3986,0,39.33,163.0,0.2101,0,69.27,100.24,0.5459,1,101.44,138.75,0.2082,1,101.89,155.45,0.5023,0,72.7,154.65,0.7856,0,108.45,122.55,0.5792,1,104.81,119.27,0.2853,1,63.56,126.66,0.851,0,63.34,126.9,0.4538,0,98.95,155.34,0.3982,0,83.72,109.91,0.2935,1,52.84,66.66,0.1986,1,52.33,66.54,0.3995,1
beef_cattle_behavior,Standing,train,beef_00000000580000000_10_clip_42,3,True,True,pose_output_returned,147.33,0.4379,0.4416,33,17,0.7692,0.7576,30,10.78,66.85,0.6154,1,13.19,71.1,0.5956,1,14.12,73.88,0.627,1,9.88,70.07,0.7235,0,19.43,66.97,0.8133,1,5.81,51.4,0.5804,0,18.47,33.02,0.1879,1,16.27,19.17,0.115,0,13.36,36.83,0.3598,1,6.59,44.58,0.256,1,11.81,51.75,0.8776,1,10.14,38.78,0.3031,1,166.12,122.06,0.0595,1,8.77,35.07,0.3342,1,13.3,47.49,0.2666,1,18.14,45.66,0.8194,1,24.55,29.62,0.3055,1,20.45,78.04,0.2697,1,19.77,76.8,0.2815,1,26.26,21.21,0.3858,1,24.0,20.39,0.1684,1,87.1,21.75,0.7021,1,19.69,25.2,0.2541,1,111.63,121.76,0.09,1,32.41,95.42,0.4563,0,19.92,124.02,0.5592,0,11.28,131.08,0.5837,0,104.25,121.13,0.672,1,95.58,146.42,0.5679,1,90.13,169.93,0.5873,0,81.62,164.28,0.5217,0,104.52,121.4,0.6444,1,104.99,117.17,0.4546,1,95.06,146.75,0.4249,1,94.82,143.56,0.2368,1,80.58,161.49,0.4416,0,76.92,109.95,0.6206,1,86.33,59.28,0.1095,1,87.24,63.17,0.2061,1
beef_cattle_behavior,Standing,train,beef_00000000580000000_10_clip_42,4,True,True,pose_output_returned,151.94,0.3861,0.3806,32,10,0.8205,0.8125,32,20.32,60.76,0.49,1,22.32,66.23,0.4526,1,22.91,67.29,0.5009,1,19.15,61.53,0.5824,1,28.79,59.32,0.6261,1,16.1,44.24,0.7627,1,40.29,12.23,0.2717,1,40.44,10.76,0.2975,1,33.22,14.58,0.3227,1,33.4,10.66,0.2682,1,18.76,44.21,0.8561,1,27.75,25.15,0.2376,1,36.49,12.22,0.4172,1,18.42,32.49,0.3806,1,16.69,37.95,0.216,1,29.02,35.0,0.7173,1,38.64,20.67,0.3078,1,35.31,58.97,0.1885,1,31.32,75.24,0.2538,1,38.51,17.66,0.3973,1,145.89,74.88,0.0958,1,94.71,20.64,0.6311,1,172.35,124.4,0.0951,1,124.01,100.79,0.0806,1,36.95,91.27,0.3907,0,62.89,127.88,0.4136,0,43.27,164.93,0.1364,0,67.44,102.73,0.4834,1,97.8,135.78,0.1994,1,75.4,155.9,0.3458,0,77.25,155.62,0.5079,0,101.33,117.98,0.618,1,106.89,115.96,0.2239,1,97.63,139.36,0.4656,1,62.51,128.4,0.4456,0,43.85,161.74,0.3129,0,79.23,111.37,0.5169,1,92.88,73.83,0.1904,1,90.99,73.53,0.358,1
beef_cattle_behavior,Standing,train,beef_00000000580000000_10_clip_42,5,True,True,pose_output_returned,154.45,0.4272,0.4005,37,12,0.7692,0.7568,30,14.07,68.93,0.5361,1,14.95,71.91,0.5218,1,16.38,73.31,0.4696,1,13.59,66.02,0.656,1,19.86,65.61,0.6411,1,9.46,51.55,0.8218,0,11.25,37.73,0.2438,1,12.26,27.99,0.2161,0,13.03,38.28,0.4005,1,7.31,33.12,0.2041,0,15.2,50.39,0.8887,1,12.32,38.22,0.3951,1,28.72,21.26,0.2227,1,13.13,37.4,0.475,1,9.94,38.65,0.2442,0,24.42,48.6,0.8038,1,27.89,30.75,0.3094,1,24.47,83.1,0.246,1,31.07,85.49,0.3088,1,30.12,27.2,0.3826,1,135.94,50.26,0.3612,1,87.8,27.39,0.4519,1,138.49,56.05,0.2534,1,28.47,23.22,0.0742,1,52.96,99.06,0.5048,1,50.94,126.69,0.6099,0,53.75,156.41,0.3813,0,87.72,115.03,0.5132,1,86.52,131.88,0.4602,1,81.37,149.98,0.5759,0,84.28,152.94,0.3503,0,87.83,115.43,0.3774,1,88.05,114.78,0.3185,1,87.12,135.06,0.5064,1,86.72,134.93,0.4725,1,80.17,149.44,0.479,0,72.09,110.74,0.4876,1,90.66,74.75,0.1958,1,88.1,78.13,0.3008,1
beef_cattle_behavior,Standing,train,beef_00000000580000000_10_clip_42,6,True,True,pose_output_returned,151.75,0.3591,0.3651,24,11,0.6923,0.7917,27,162.95,137.58,0.0919,0,131.94,126.13,0.0927,1,135.08,132.22,0.0655,1,166.37,104.6,0.1325,0,134.48,125.14,0.1722,1,163.5,103.82,0.1197,0,154.59,101.62,0.1725,1,127.01,107.86,0.1938,1,155.89,92.9,0.1739,1,13.68,19.14,0.1076,0,175.16,107.78,0.0828,1,156.41,99.26,0.111,1,168.28,93.08,0.1053,0,161.44,85.38,0.1068,0,164.17,133.41,0.0726,0,139.66,90.14,0.8307,1,149.89,70.89,0.3385,1,146.85,121.21,0.2599,1,123.38,122.34,0.3455,1,146.8,68.05,0.4998,1,24.43,20.88,0.6853,1,84.08,25.83,0.3751,1,20.41,25.49,0.7513,1,13.61,49.5,0.3651,1,104.95,120.62,0.4047,1,106.6,141.26,0.4023,1,98.32,168.19,0.5894,0,84.02,115.68,0.6406,1,82.91,140.45,0.6357,1,93.67,168.46,0.4534,0,51.46,154.82,0.588,0,53.01,101.58,0.569,1,30.75,95.31,0.4097,1,81.66,142.25,0.3967,1,44.99,124.95,0.6235,0,52.42,156.18,0.7311,0,66.26,111.86,0.5966,1,61.0,74.93,0.3802,1,58.59,75.85,0.334,1
beef_cattle_behavior,Standing,train,beef_00000000580000000_10_clip_42,7,True,True,pose_output_returned,150.93,0.3945,0.3803,34,10,0.6667,0.6471,26,16.2,75.34,0.408,0,16.9,79.36,0.2524,0,20.73,81.71,0.3033,0,19.46,75.78,0.3219,0,20.67,72.98,0.3943,1,15.79,55.89,0.268,1,130.08,135.65,0.163,1,36.45,16.0,0.3487,1,140.3,114.31,0.203,1,32.5,11.39,0.2181,1,13.47,57.46,0.3805,0,14.64,41.06,0.193,1,28.6,15.57,0.1654,1,12.51,51.7,0.1788,0,28.12,15.68,0.2592,1,127.56,89.02,0.7693,1,33.06,22.61,0.3437,1,23.88,73.0,0.2456,1,26.18,80.34,0.3113,1,34.43,19.07,0.4085,1,152.6,124.62,0.4228,1,90.16,19.76,0.3631,1,151.84,134.96,0.4071,1,164.1,204.74,0.159,1,34.25,95.95,0.7784,0,41.67,129.37,0.4601,0,109.11,185.83,0.5449,0,90.97,120.1,0.524,1,92.66,149.06,0.4366,1,104.59,191.55,0.539,0,109.76,193.11,0.7029,0,97.26,119.3,0.3176,1,163.47,163.14,0.7728,1,91.37,155.27,0.6002,0,146.33,191.42,0.4953,1,120.7,190.39,0.3803,0,71.09,108.41,0.5095,1,64.11,71.45,0.332,1,64.18,68.88,0.5022,1
beef_cattle_behavior,Standing,val,beef_186_2_clip_0,0,True,True,pose_output_returned,146.53,0.7597,0.8196,39,34,0.6923,0.6923,27,220.5,94.26,1.0,1,218.53,99.47,1.0,1,212.11,101.36,0.9135,0,208.02,94.82,0.6916,1,213.08,96.35,0.7941,1,204.73,68.98,0.9449,1,189.65,55.31,0.6757,1,179.58,37.87,0.3703,0,195.81,52.02,0.5925,1,182.95,35.65,0.4136,0,209.48,67.56,0.9501,1,190.7,45.48,0.514,1,177.41,34.51,0.4886,0,204.22,49.63,0.5331,1,221.06,52.04,0.4137,0,145.11,70.68,0.7655,1,150.42,45.49,0.8195,1,171.21,95.63,0.757,0,150.71,107.78,0.7212,0,143.97,44.44,0.8668,1,23.77,41.27,0.8919,1,79.65,45.17,0.8196,1,15.54,44.25,0.9912,1,16.18,40.31,0.306,1,139.31,125.2,0.8476,1,131.84,149.76,0.8764,1,133.0,180.28,0.9262,1,119.32,119.51,0.7825,0,112.99,151.54,0.8271,1,113.96,185.48,0.9011,1,39.31,146.06,0.865,0,37.58,102.72,0.9194,0,20.43,100.29,0.9331,0,36.52,120.64,0.9896,1,14.91,122.07,0.9301,1,14.51,147.99,0.8953,0,73.48,113.76,0.5149,1,72.64,87.51,0.6183,1,76.36,85.64,0.5688,1
beef_cattle_behavior,Standing,val,beef_186_2_clip_0,1,True,True,pose_output_returned,151.04,0.768,0.7713,39,38,0.7179,0.7179,28,219.52,100.57,0.997,1,215.52,106.38,0.9665,0,210.45,108.48,0.8349,0,202.87,103.2,0.7356,1,214.7,100.69,0.7629,1,195.1,74.66,0.9714,1,177.38,58.59,0.6317,1,155.29,60.6,0.5102,0,180.33,49.29,0.5538,1,177.53,32.51,0.6778,0,210.07,69.05,0.8763,0,201.2,46.42,0.7972,1,218.33,42.39,0.7788,1,202.79,47.03,0.7146,1,225.7,44.72,0.5689,0,142.76,71.03,0.7516,1,147.0,43.74,0.6669,1,166.4,98.1,0.7169,1,152.67,110.26,0.6682,0,141.33,42.63,0.7548,1,24.29,41.69,0.8636,1,79.81,43.2,0.8626,1,16.43,43.27,0.9946,1,17.1,41.05,0.242,1,140.94,122.14,0.8862,1,132.69,152.49,0.8735,1,135.56,180.27,0.9095,1,121.82,118.12,0.701,0,114.31,154.58,0.8029,1,117.49,187.46,0.9523,1,39.98,149.97,0.6252,0,38.03,106.28,0.8569,1,19.46,101.12,0.9195,1,38.4,125.19,0.9187,1,16.64,126.6,0.9044,1,14.03,150.8,0.7713,0,73.13,118.44,0.5699,0,72.47,88.57,0.6912,1,75.87,86.18,0.6705,1
beef_cattle_behavior,Standing,val,beef_186_2_clip_0,2,True,True,pose_output_returned,149.54,0.6949,0.7041,39,31,0.8462,0.8462,33,167.6,126.85,0.8173,1,167.7,134.12,0.6402,0,166.95,131.61,0.6232,1,158.49,124.05,0.6773,1,178.45,125.05,0.721,1,158.46,85.14,0.8065,1,152.01,70.72,0.7237,1,134.53,68.63,0.6275,1,152.94,56.95,0.5865,1,153.27,54.25,0.3971,1,187.72,85.8,0.9101,1,195.72,69.98,0.721,1,216.42,73.12,0.9606,1,191.42,58.58,0.596,1,213.36,66.33,0.2594,0,150.32,103.59,0.4493,1,152.0,34.55,0.4812,1,160.07,117.17,0.3335,1,147.38,130.08,0.4472,1,142.92,32.38,0.5187,1,21.96,26.05,0.7041,1,82.84,31.81,0.8206,1,15.26,27.86,0.9128,1,17.76,32.17,0.3033,1,155.7,132.3,0.8429,1,154.4,159.8,0.9818,1,153.71,192.83,0.9945,1,129.31,129.63,0.6768,0,129.93,161.46,0.9292,1,134.33,199.89,0.9237,1,44.85,159.39,0.7711,0,42.37,102.3,0.9358,1,17.98,95.39,0.862,1,38.44,128.93,0.826,1,15.53,128.48,0.8306,1,14.91,170.96,0.7033,0,78.68,114.06,0.4565,0,74.62,77.96,0.64,1,78.91,76.52,0.6883,1
beef_cattle_behavior,Standing,val,beef_186_2_clip_0,3,True,True,pose_output_returned,149.17,0.7081,0.7271,39,33,0.7436,0.7436,29,189.75,122.68,0.8198,1,189.42,129.07,0.6984,0,187.95,128.59,0.6344,0,179.0,121.12,0.6653,1,197.93,122.36,0.8138,1,173.18,81.02,0.8153,1,163.68,70.31,0.7633,1,139.03,68.28,0.6397,1,166.58,56.66,0.6509,1,159.67,53.49,0.4631,1,202.23,80.66,0.82,1,197.94,56.27,0.4695,1,202.36,50.04,0.4181,0,195.99,56.42,0.4981,1,194.33,45.35,0.3656,0,156.54,90.03,0.5713,1,156.35,33.18,0.5734,1,169.64,114.4,0.813,0,157.35,130.26,0.783,1,150.08,31.56,0.5487,1,21.36,25.11,0.6871,1,85.45,29.23,0.8057,1,16.44,27.47,0.8456,1,19.61,20.08,0.5125,1,161.28,135.21,0.836,1,156.35,159.55,0.8952,1,157.04,193.73,0.9487,1,136.17,130.4,0.717,0,133.33,159.59,0.9519,1,135.92,202.12,0.9092,1,44.99,159.48,0.7271,0,43.75,98.33,1.0,0,20.03,94.53,0.8766,0,40.1,124.9,0.8548,1,17.74,123.85,0.9378,1,15.84,156.11,0.7521,0,79.49,112.84,0.3973,1,79.52,79.21,0.5843,1,84.76,75.38,0.5539,1
beef_cattle_behavior,Standing,val,beef_186_2_clip_0,4,True,True,pose_output_returned,148.09,0.7047,0.7507,38,35,0.7436,0.7368,29,221.19,110.7,0.9756,1,217.61,117.71,1.0,0,210.23,118.66,0.8645,0,204.75,111.52,0.7595,1,213.96,109.47,0.7039,1,197.27,81.48,0.9175,1,173.91,64.87,0.6394,1,154.81,60.95,0.5571,1,180.08,59.49,0.5033,1,176.18,35.63,0.7507,0,210.22,78.22,0.8089,1,192.76,50.31,0.6588,1,177.83,37.53,0.2907,0,199.9,55.58,0.5934,1,182.56,32.08,0.2432,0,141.93,74.49,0.6768,1,144.21,45.73,0.555,1,159.37,99.59,0.5485,1,144.86,110.24,0.7003,0,138.5,43.6,0.6173,1,23.22,39.83,0.7655,1,76.56,40.37,0.8004,1,17.99,42.05,0.9419,1,10.78,53.68,0.096,1,131.22,122.2,0.8205,1,127.4,148.71,0.741,1,129.09,181.35,0.8338,1,118.84,120.95,0.7414,0,112.94,151.2,0.7827,1,114.18,187.23,0.7648,1,33.08,152.88,0.758,0,34.42,105.53,0.9493,1,19.7,102.32,0.9398,1,32.3,124.49,0.9142,1,14.03,126.36,0.9772,1,12.81,156.24,0.7794,0,72.34,117.5,0.399,0,68.04,83.64,0.5926,1,74.86,82.47,0.5195,1
beef_cattle_behavior,Standing,val,beef_186_2_clip_0,5,True,True,pose_output_returned,152.45,0.7383,0.7659,39,36,0.641,0.641,25,219.8,105.29,0.8695,1,216.62,111.94,0.9272,0,211.01,113.06,0.7659,0,206.45,108.89,0.7461,1,215.95,103.88,0.7273,1,196.03,78.46,0.8619,1,183.9,63.68,0.7105,1,174.92,72.26,0.502,1,188.45,55.62,0.6806,1,180.92,31.72,0.4848,0,210.58,73.7,0.8685,0,207.98,55.15,0.9065,0,219.46,56.35,0.6743,1,205.41,54.93,0.779,0,223.44,54.48,0.4768,0,144.61,71.83,0.7925,1,146.18,47.67,0.5004,1,162.1,99.96,0.6129,1,143.63,109.6,0.6347,0,142.24,44.73,0.6003,1,27.14,36.6,0.7534,1,80.98,39.99,0.8916,1,19.03,38.55,0.9772,1,9.95,112.39,0.201,0,133.24,120.68,0.7721,1,126.82,151.84,0.8304,1,125.78,184.01,0.8663,1,117.74,116.03,0.7943,1,111.09,153.94,0.8073,1,110.48,189.63,0.7595,1,30.02,157.38,0.6776,0,34.85,105.23,1.0,0,21.66,102.53,0.9834,0,28.33,132.5,0.9076,1,19.58,134.74,0.7881,1,21.14,162.04,0.8249,0,72.24,116.89,0.5164,0,67.41,84.17,0.6858,1,74.32,81.99,0.6341,1
beef_cattle_behavior,Standing,val,beef_186_2_clip_0,6,True,True,pose_output_returned,148.77,0.7378,0.7737,38,34,0.7436,0.7368,29,223.26,99.49,0.9913,0,220.58,106.59,1.0,0,212.96,107.82,0.8902,0,207.61,101.35,0.7465,1,216.62,100.64,0.8758,1,200.56,74.66,0.9127,1,187.44,58.23,0.7594,1,187.22,59.18,0.3657,1,193.32,54.08,0.6836,1,197.21,46.13,0.3755,1,210.77,70.72,0.9443,0,199.05,48.15,0.7824,1,198.68,44.51,0.4148,1,202.66,50.53,0.7106,1,206.05,46.69,0.3762,0,144.19,69.37,0.6218,1,149.2,46.28,0.5288,1,167.3,97.09,0.6958,1,148.1,107.98,0.6348,0,144.82,44.34,0.5848,1,22.79,42.45,0.8485,1,76.13,41.96,0.8973,1,13.65,45.59,0.9772,1,14.03,112.42,0.144,1,134.35,121.1,0.7324,1,123.55,153.83,0.7121,1,125.09,183.86,0.7948,1,122.74,117.94,0.7519,0,112.63,155.01,0.8227,1,109.77,188.53,0.8437,1,36.32,156.92,0.787,0,35.16,109.17,0.9716,1,22.73,105.49,0.9551,1,31.22,132.83,0.9345,1,22.45,134.19,0.8602,1,29.22,161.77,0.8351,0,71.64,121.93,0.6012,0,70.31,87.08,0.7737,1,75.53,87.33,0.6343,1
beef_cattle_behavior,Standing,val,beef_186_2_clip_0,7,True,True,pose_output_returned,147.78,0.7376,0.7817,39,32,0.7436,0.7436,29,221.78,99.91,0.9201,1,219.6,105.72,1.0,0,214.49,106.91,0.9336,0,208.77,101.07,0.8558,1,215.41,102.64,0.9682,1,208.56,72.63,0.9554,1,195.29,57.16,0.6774,1,205.64,65.94,0.2433,1,195.47,55.09,0.5406,1,198.26,46.78,0.3752,1,213.08,72.57,0.9033,1,200.57,47.32,0.4199,1,216.5,62.04,0.3019,1,202.33,50.29,0.464,0,217.04,54.55,0.4053,0,144.66,70.96,0.7994,1,152.53,47.37,0.6381,1,170.01,96.77,0.6788,1,147.45,109.71,0.7817,0,151.41,45.2,0.6948,1,23.81,40.76,0.8647,1,80.31,42.7,0.9267,1,14.52,43.87,0.9701,1,17.5,41.24,0.2307,1,135.84,126.8,0.7449,1,127.21,154.16,0.9289,1,129.3,184.62,1.0,1,116.66,121.6,0.7191,0,108.62,157.42,0.8451,1,109.39,189.18,0.8748,0,33.42,157.59,0.7697,0,34.67,108.8,1.0,1,22.5,106.26,0.8743,1,29.81,134.48,0.9331,1,20.04,138.51,0.8397,1,22.95,161.17,0.676,0,72.06,117.87,0.5499,0,69.44,85.75,0.7242,1,75.38,85.33,0.736,1
beef_cattle_behavior,Standing,val,beef_00000000514000000_71_clip_1,0,False,False,pose_detector_failure,132.23,0.0,0.0,0,0,0.0,0.0,0,,,0.0,0,,,0.0,0,,,0.0,0,,,0.0,0,,,0.0,0,,,0.0,0,,,0.0,0,,,0.0,0,,,0.0,0,,,0.0,0,,,0.0,0,,,0.0,0,,,0.0,0,,,0.0,0,,,0.0,0,,,0.0,0,,,0.0,0,,,0.0,0,,,0.0,0,,,0.0,0,,,0.0,0,,,0.0,0,,,0.0,0,,,0.0,0,,,0.0,0,,,0.0,0,,,0.0,0,,,0.0,0,,,0.0,0,,,0.0,0,,,0.0,0,,,0.0,0,,,0.0,0,,,0.0,0,,,0.0,0,,,0.0,0,,,0.0,0,,,0.0,0,,,0.0,0
beef_cattle_behavior,Standing,val,beef_00000000514000000_71_clip_1,1,False,False,pose_detector_failure,137.38,0.0,0.0,0,0,0.0,0.0,0,,,0.0,0,,,0.0,0,,,0.0,0,,,0.0,0,,,0.0,0,,,0.0,0,,,0.0,0,,,0.0,0,,,0.0,0,,,0.0,0,,,0.0,0,,,0.0,0,,,0.0,0,,,0.0,0,,,0.0,0,,,0.0,0,,,0.0,0,,,0.0,0,,,0.0,0,,,0.0,0,,,0.0,0,,,0.0,0,,,0.0,0,,,0.0,0,,,0.0,0,,,0.0,0,,,0.0,0,,,0.0,0,,,0.0,0,,,0.0,0,,,0.0,0,,,0.0,0,,,0.0,0,,,0.0,0,,,0.0,0,,,0.0,0,,,0.0,0,,,0.0,0,,,0.0,0
beef_cattle_behavior,Standing,val,beef_00000000514000000_71_clip_1,2,False,False,pose_detector_failure,139.86,0.0,0.0,0,0,0.0,0.0,0,,,0.0,0,,,0.0,0,,,0.0,0,,,0.0,0,,,0.0,0,,,0.0,0,,,0.0,0,,,0.0,0,,,0.0,0,,,0.0,0,,,0.0,0,,,0.0,0,,,0.0,0,,,0.0,0,,,0.0,0,,,0.0,0,,,0.0,0,,,0.0,0,,,0.0,0,,,0.0,0,,,0.0,0,,,0.0,0,,,0.0,0,,,0.0,0,,,0.0,0,,,0.0,0,,,0.0,0,,,0.0,0,,,0.0,0,,,0.0,0,,,0.0,0,,,0.0,0,,,0.0,0,,,0.0,0,,,0.0,0,,,0.0,0,,,0.0,0,,,0.0,0,,,0.0,0
beef_cattle_behavior,Standing,val,beef_00000000514000000_71_clip_1,3,False,False,pose_detector_failure,137.55,0.0,0.0,0,0,0.0,0.0,0,,,0.0,0,,,0.0,0,,,0.0,0,,,0.0,0,,,0.0,0,,,0.0,0,,,0.0,0,,,0.0,0,,,0.0,0,,,0.0,0,,,0.0,0,,,0.0,0,,,0.0,0,,,0.0,0,,,0.0,0,,,0.0,0,,,0.0,0,,,0.0,0,,,0.0,0,,,0.0,0,,,0.0,0,,,0.0,0,,,0.0,0,,,0.0,0,,,0.0,0,,,0.0,0,,,0.0,0,,,0.0,0,,,0.0,0,,,0.0,0,,,0.0,0,,,0.0,0,,,0.0,0,,,0.0,0,,,0.0,0,,,0.0,0,,,0.0,0,,,0.0,0,,,0.0,0
beef_cattle_behavior,Standing,val,beef_00000000514000000_71_clip_1,4,False,False,pose_detector_failure,137.4,0.0,0.0,0,0,0.0,0.0,0,,,0.0,0,,,0.0,0,,,0.0,0,,,0.0,0,,,0.0,0,,,0.0,0,,,0.0,0,,,0.0,0,,,0.0,0,,,0.0,0,,,0.0,0,,,0.0,0,,,0.0,0,,,0.0,0,,,0.0,0,,,0.0,0,,,0.0,0,,,0.0,0,,,0.0,0,,,0.0,0,,,0.0,0,,,0.0,0,,,0.0,0,,,0.0,0,,,0.0,0,,,0.0,0,,,0.0,0,,,0.0,0,,,0.0,0,,,0.0,0,,,0.0,0,,,0.0,0,,,0.0,0,,,0.0,0,,,0.0,0,,,0.0,0,,,0.0,0,,,0.0,0,,,0.0,0
beef_cattle_behavior,Standing,val,beef_00000000514000000_71_clip_1,5,True,True,pose_output_returned,155.85,0.4645,0.4621,36,17,0.7436,0.75,29,189.46,195.25,0.9342,1,188.27,200.76,0.8165,1,180.81,200.83,0.614,1,174.18,191.86,0.6187,1,192.07,185.13,0.5165,1,152.74,153.19,0.6876,1,141.51,132.06,0.6235,1,127.81,139.5,0.206,1,153.16,129.49,0.5776,1,167.21,130.94,0.1329,1,182.57,142.12,0.9285,1,184.2,118.67,0.7177,1,187.65,116.66,0.719,1,179.72,120.77,0.5457,1,194.5,115.02,0.4735,0,111.66,100.34,0.4978,1,110.76,75.52,0.3246,1,130.57,133.78,0.2092,1,113.19,122.85,0.2293,1,107.2,73.92,0.3389,1,50.18,13.74,0.5522,1,68.48,21.8,0.3916,1,33.67,19.26,0.5758,1,86.61,63.35,0.0804,1,130.17,111.49,0.5537,1,148.94,164.05,0.2808,0,145.4,160.4,0.2127,1,81.18,127.62,0.6841,1,93.62,156.84,0.4621,1,94.81,166.66,0.2772,0,31.27,158.11,0.338,0,36.62,85.55,0.3409,1,27.37,85.16,0.4498,0,33.65,129.61,0.5293,0,35.72,129.41,0.4619,0,33.46,158.56,0.3564,0,59.96,131.87,0.194,0,42.76,75.18,0.3686,1,125.77,63.04,0.2952,0
beef_cattle_behavior,Standing,val,beef_00000000514000000_71_clip_1,6,False,False,pose_detector_failure,130.13,0.0,0.0,0,0,0.0,0.0,0,,,0.0,0,,,0.0,0,,,0.0,0,,,0.0,0,,,0.0,0,,,0.0,0,,,0.0,0,,,0.0,0,,,0.0,0,,,0.0,0,,,0.0,0,,,0.0,0,,,0.0,0,,,0.0,0,,,0.0,0,,,0.0,0,,,0.0,0,,,0.0,0,,,0.0,0,,,0.0,0,,,0.0,0,,,0.0,0,,,0.0,0,,,0.0,0,,,0.0,0,,,0.0,0,,,0.0,0,,,0.0,0,,,0.0,0,,,0.0,0,,,0.0,0,,,0.0,0,,,0.0,0,,,0.0,0,,,0.0,0,,,0.0,0,,,0.0,0,,,0.0,0,,,0.0,0
beef_cattle_behavior,Standing,val,beef_00000000514000000_71_clip_1,7,False,False,pose_detector_failure,136.85,0.0,0.0,0,0,0.0,0.0,0,,,0.0,0,,,0.0,0,,,0.0,0,,,0.0,0,,,0.0,0,,,0.0,0,,,0.0,0,,,0.0,0,,,0.0,0,,,0.0,0,,,0.0,0,,,0.0,0,,,0.0,0,,,0.0,0,,,0.0,0,,,0.0,0,,,0.0,0,,,0.0,0,,,0.0,0,,,0.0,0,,,0.0,0,,,0.0,0,,,0.0,0,,,0.0,0,,,0.0,0,,,0.0,0,,,0.0,0,,,0.0,0,,,0.0,0,,,0.0,0,,,0.0,0,,,0.0,0,,,0.0,0,,,0.0,0,,,0.0,0,,,0.0,0,,,0.0,0,,,0.0,0,,,0.0,0
beef_cattle_behavior,Lying,train,beef_00000000111000000_1_clip_73,0,False,False,pose_detector_failure,135.33,0.0,0.0,0,0,0.0,0.0,0,,,0.0,0,,,0.0,0,,,0.0,0,,,0.0,0,,,0.0,0,,,0.0,0,,,0.0,0,,,0.0,0,,,0.0,0,,,0.0,0,,,0.0,0,,,0.0,0,,,0.0,0,,,0.0,0,,,0.0,0,,,0.0,0,,,0.0,0,,,0.0,0,,,0.0,0,,,0.0,0,,,0.0,0,,,0.0,0,,,0.0,0,,,0.0,0,,,0.0,0,,,0.0,0,,,0.0,0,,,0.0,0,,,0.0,0,,,0.0,0,,,0.0,0,,,0.0,0,,,0.0,0,,,0.0,0,,,0.0,0,,,0.0,0,,,0.0,0,,,0.0,0,,,0.0,0
beef_cattle_behavior,Lying,train,beef_00000000111000000_1_clip_73,1,False,False,pose_detector_failure,136.64,0.0,0.0,0,0,0.0,0.0,0,,,0.0,0,,,0.0,0,,,0.0,0,,,0.0,0,,,0.0,0,,,0.0,0,,,0.0,0,,,0.0,0,,,0.0,0,,,0.0,0,,,0.0,0,,,0.0,0,,,0.0,0,,,0.0,0,,,0.0,0,,,0.0,0,,,0.0,0,,,0.0,0,,,0.0,0,,,0.0,0,,,0.0,0,,,0.0,0,,,0.0,0,,,0.0,0,,,0.0,0,,,0.0,0,,,0.0,0,,,0.0,0,,,0.0,0,,,0.0,0,,,0.0,0,,,0.0,0,,,0.0,0,,,0.0,0,,,0.0,0,,,0.0,0,,,0.0,0,,,0.0,0,,,0.0,0
beef_cattle_behavior,Lying,train,beef_00000000111000000_1_clip_73,2,False,False,pose_detector_failure,138.33,0.0,0.0,0,0,0.0,0.0,0,,,0.0,0,,,0.0,0,,,0.0,0,,,0.0,0,,,0.0,0,,,0.0,0,,,0.0,0,,,0.0,0,,,0.0,0,,,0.0,0,,,0.0,0,,,0.0,0,,,0.0,0,,,0.0,0,,,0.0,0,,,0.0,0,,,0.0,0,,,0.0,0,,,0.0,0,,,0.0,0,,,0.0,0,,,0.0,0,,,0.0,0,,,0.0,0,,,0.0,0,,,0.0,0,,,0.0,0,,,0.0,0,,,0.0,0,,,0.0,0,,,0.0,0,,,0.0,0,,,0.0,0,,,0.0,0,,,0.0,0,,,0.0,0,,,0.0,0,,,0.0,0,,,0.0,0
beef_cattle_behavior,Lying,train,beef_00000000111000000_1_clip_73,3,False,False,pose_detector_failure,136.22,0.0,0.0,0,0,0.0,0.0,0,,,0.0,0,,,0.0,0,,,0.0,0,,,0.0,0,,,0.0,0,,,0.0,0,,,0.0,0,,,0.0,0,,,0.0,0,,,0.0,0,,,0.0,0,,,0.0,0,,,0.0,0,,,0.0,0,,,0.0,0,,,0.0,0,,,0.0,0,,,0.0,0,,,0.0,0,,,0.0,0,,,0.0,0,,,0.0,0,,,0.0,0,,,0.0,0,,,0.0,0,,,0.0,0,,,0.0,0,,,0.0,0,,,0.0,0,,,0.0,0,,,0.0,0,,,0.0,0,,,0.0,0,,,0.0,0,,,0.0,0,,,0.0,0,,,0.0,0,,,0.0,0,,,0.0,0
beef_cattle_behavior,Lying,train,beef_00000000111000000_1_clip_73,4,False,False,pose_detector_failure,136.92,0.0,0.0,0,0,0.0,0.0,0,,,0.0,0,,,0.0,0,,,0.0,0,,,0.0,0,,,0.0,0,,,0.0,0,,,0.0,0,,,0.0,0,,,0.0,0,,,0.0,0,,,0.0,0,,,0.0,0,,,0.0,0,,,0.0,0,,,0.0,0,,,0.0,0,,,0.0,0,,,0.0,0,,,0.0,0,,,0.0,0,,,0.0,0,,,0.0,0,,,0.0,0,,,0.0,0,,,0.0,0,,,0.0,0,,,0.0,0,,,0.0,0,,,0.0,0,,,0.0,0,,,0.0,0,,,0.0,0,,,0.0,0,,,0.0,0,,,0.0,0,,,0.0,0,,,0.0,0,,,0.0,0,,,0.0,0
beef_cattle_behavior,Lying,train,beef_00000000111000000_1_clip_73,5,False,False,pose_detector_failure,138.08,0.0,0.0,0,0,0.0,0.0,0,,,0.0,0,,,0.0,0,,,0.0,0,,,0.0,0,,,0.0,0,,,0.0,0,,,0.0,0,,,0.0,0,,,0.0,0,,,0.0,0,,,0.0,0,,,0.0,0,,,0.0,0,,,0.0,0,,,0.0,0,,,0.0,0,,,0.0,0,,,0.0,0,,,0.0,0,,,0.0,0,,,0.0,0,,,0.0,0,,,0.0,0,,,0.0,0,,,0.0,0,,,0.0,0,,,0.0,0,,,0.0,0,,,0.0,0,,,0.0,0,,,0.0,0,,,0.0,0,,,0.0,0,,,0.0,0,,,0.0,0,,,0.0,0,,,0.0,0,,,0.0,0,,,0.0,0
beef_cattle_behavior,Lying,train,beef_00000000111000000_1_clip_73,6,False,False,pose_detector_failure,136.21,0.0,0.0,0,0,0.0,0.0,0,,,0.0,0,,,0.0,0,,,0.0,0,,,0.0,0,,,0.0,0,,,0.0,0,,,0.0,0,,,0.0,0,,,0.0,0,,,0.0,0,,,0.0,0,,,0.0,0,,,0.0,0,,,0.0,0,,,0.0,0,,,0.0,0,,,0.0,0,,,0.0,0,,,0.0,0,,,0.0,0,,,0.0,0,,,0.0,0,,,0.0,0,,,0.0,0,,,0.0,0,,,0.0,0,,,0.0,0,,,0.0,0,,,0.0,0,,,0.0,0,,,0.0,0,,,0.0,0,,,0.0,0,,,0.0,0,,,0.0,0,,,0.0,0,,,0.0,0,,,0.0,0,,,0.0,0
beef_cattle_behavior,Lying,train,beef_00000000111000000_1_clip_73,7,False,False,pose_detector_failure,134.45,0.0,0.0,0,0,0.0,0.0,0,,,0.0,0,,,0.0,0,,,0.0,0,,,0.0,0,,,0.0,0,,,0.0,0,,,0.0,0,,,0.0,0,,,0.0,0,,,0.0,0,,,0.0,0,,,0.0,0,,,0.0,0,,,0.0,0,,,0.0,0,,,0.0,0,,,0.0,0,,,0.0,0,,,0.0,0,,,0.0,0,,,0.0,0,,,0.0,0,,,0.0,0,,,0.0,0,,,0.0,0,,,0.0,0,,,0.0,0,,,0.0,0,,,0.0,0,,,0.0,0,,,0.0,0,,,0.0,0,,,0.0,0,,,0.0,0,,,0.0,0,,,0.0,0,,,0.0,0,,,0.0,0,,,0.0,0
beef_cattle_behavior,Lying,train,beef_00000000580000000_3_clip_1,0,True,True,pose_output_returned,152.2,0.3123,0.2854,31,2,1.0,1.0,39,213.07,104.53,0.474,1,214.74,109.84,0.1681,1,211.31,108.96,0.1416,1,205.6,105.94,0.3549,1,210.38,104.92,0.2519,1,191.59,133.93,0.3484,1,191.82,95.86,0.4679,1,210.23,103.68,0.3198,1,200.11,100.21,0.3513,1,185.73,47.5,0.2201,1,199.95,134.17,0.3628,1,191.0,81.76,0.2612,1,212.41,120.22,0.2796,1,179.4,74.29,0.2854,1,185.38,46.91,0.2621,1,187.29,100.07,0.4187,1,95.48,75.39,0.2329,1,178.74,119.95,0.22,1,174.37,119.41,0.2126,1,100.27,69.71,0.2916,1,94.84,74.04,0.5067,1,140.49,57.31,0.3419,1,91.02,76.95,0.4849,1,185.28,131.27,0.0744,1,121.47,118.25,0.3468,1,166.59,138.89,0.3312,1,163.79,152.15,0.4007,1,168.4,119.3,0.2841,1,164.34,137.98,0.4966,1,162.39,152.85,0.9423,1,178.99,139.96,0.3743,1,182.41,106.54,0.2743,1,98.5,88.66,0.1112,1,191.19,142.08,0.2794,1,186.85,129.04,0.1626,1,162.2,150.82,0.1653,1,150.15,130.89,0.3562,1,115.44,92.2,0.1948,1,132.51,97.49,0.1259,1
beef_cattle_behavior,Lying,train,beef_00000000580000000_3_clip_1,1,False,False,pose_detector_failure,127.98,0.0,0.0,0,0,0.0,0.0,0,,,0.0,0,,,0.0,0,,,0.0,0,,,0.0,0,,,0.0,0,,,0.0,0,,,0.0,0,,,0.0,0,,,0.0,0,,,0.0,0,,,0.0,0,,,0.0,0,,,0.0,0,,,0.0,0,,,0.0,0,,,0.0,0,,,0.0,0,,,0.0,0,,,0.0,0,,,0.0,0,,,0.0,0,,,0.0,0,,,0.0,0,,,0.0,0,,,0.0,0,,,0.0,0,,,0.0,0,,,0.0,0,,,0.0,0,,,0.0,0,,,0.0,0,,,0.0,0,,,0.0,0,,,0.0,0,,,0.0,0,,,0.0,0,,,0.0,0,,,0.0,0,,,0.0,0
beef_cattle_behavior,Lying,train,beef_00000000580000000_3_clip_1,2,True,True,pose_output_returned,156.48,0.3796,0.3523,35,7,0.8205,0.8286,32,213.93,102.79,0.9928,1,212.49,113.28,0.8636,0,203.71,118.27,0.6959,0,201.11,108.38,0.5888,1,206.38,107.37,0.3905,1,192.49,82.42,0.5602,1,180.02,72.45,0.4686,1,179.49,56.39,0.3786,0,187.19,77.88,0.3216,1,188.77,51.76,0.2328,0,194.31,81.66,0.6218,1,177.69,62.38,0.3138,1,175.21,53.09,0.1923,1,179.28,64.38,0.3278,1,170.51,54.35,0.204,1,175.89,77.33,0.4232,1,166.75,55.49,0.4674,1,170.82,111.42,0.2382,1,173.3,112.0,0.2469,1,164.43,52.24,0.449,1,165.69,48.27,0.1692,1,89.1,69.67,0.4183,1,23.62,108.83,0.2574,0,21.32,105.52,0.1167,0,118.22,160.6,0.3779,1,122.31,162.45,0.57,1,121.26,164.47,0.2791,1,116.23,119.49,0.4051,1,116.14,165.85,0.3657,1,110.57,167.46,0.2205,1,178.25,142.76,0.4413,1,40.4,127.83,0.3688,1,36.49,130.96,0.3523,1,115.16,168.13,0.1388,1,37.77,168.67,0.2102,1,179.71,141.49,0.3412,0,85.97,156.76,0.2906,1,73.83,101.33,0.2635,1,137.23,90.68,0.239,1
beef_cattle_behavior,Lying,train,beef_00000000580000000_3_clip_1,3,True,True,pose_output_returned,147.71,0.3097,0.255,26,5,0.7179,0.7692,28,207.69,100.65,0.9493,1,209.29,113.52,0.7607,0,204.29,119.22,0.6438,0,197.71,112.13,0.4388,1,205.36,101.22,0.5834,1,196.72,92.81,0.1867,1,198.17,102.12,0.2116,1,10.56,104.77,0.4003,0,191.23,87.86,0.1992,1,12.1,108.2,0.2364,0,31.03,158.24,0.2021,1,172.26,63.11,0.0999,1,179.03,81.06,0.1234,1,193.63,85.16,0.1957,1,159.56,55.52,0.2618,1,126.57,66.07,0.3738,1,117.27,63.85,0.2368,1,166.6,123.44,0.1326,1,68.62,170.84,0.1445,1,116.3,64.94,0.344,1,160.26,51.96,0.2632,1,79.04,71.49,0.4107,1,17.06,115.0,0.3299,0,15.2,108.96,0.1631,0,116.05,156.67,0.5484,1,115.61,167.67,0.4333,1,134.08,160.5,0.2954,1,111.58,123.23,0.3174,1,106.49,170.82,0.2555,1,105.3,170.2,0.2524,1,185.64,165.22,0.188,0,45.55,134.54,0.1461,0,34.22,163.43,0.1933,1,192.23,133.65,0.1926,0,188.67,152.91,0.1946,0,181.42,166.96,0.255,0,80.78,132.58,0.232,1,77.04,101.12,0.326,1,116.6,99.45,0.3586,1
beef_cattle_behavior,Lying,train,beef_00000000580000000_3_clip_1,4,True,True,pose_output_returned,144.69,0.2921,0.2501,28,5,0.6923,0.75,27,212.33,102.05,0.4256,1,202.35,57.95,0.2024,0,200.11,60.23,0.243,0,205.0,106.51,0.2804,1,210.33,101.99,0.2807,1,194.19,53.48,0.2629,0,196.43,101.38,0.2394,1,177.78,62.21,0.285,0,202.42,99.4,0.2501,1,184.16,55.99,0.2585,0,202.09,94.94,0.2629,1,201.43,90.98,0.1008,1,164.38,55.69,0.1809,1,205.9,99.73,0.1889,1,208.34,122.29,0.2936,0,185.44,93.73,0.5063,1,171.95,66.43,0.2706,1,199.6,106.55,0.23,1,187.56,112.55,0.1557,1,171.83,66.73,0.3693,1,203.12,96.13,0.1712,1,127.68,67.13,0.433,1,208.54,102.0,0.2199,1,214.65,120.07,0.0777,0,127.81,114.66,0.2466,1,167.09,135.87,0.5052,1,171.03,149.1,0.6562,1,168.66,119.32,0.4685,1,165.38,133.45,0.5373,1,166.07,151.04,0.7682,1,169.18,148.34,0.2421,1,195.9,124.3,0.4806,0,196.85,124.05,0.1959,0,179.28,142.77,0.1344,0,189.48,141.15,0.1274,0,176.92,139.0,0.0878,0,152.44,131.01,0.3509,1,152.68,101.11,0.2409,1,164.74,101.36,0.1628,1
beef_cattle_behavior,Lying,train,beef_00000000580000000_3_clip_1,5,False,False,pose_detector_failure,131.0,0.0,0.0,0,0,0.0,0.0,0,,,0.0,0,,,0.0,0,,,0.0,0,,,0.0,0,,,0.0,0,,,0.0,0,,,0.0,0,,,0.0,0,,,0.0,0,,,0.0,0,,,0.0,0,,,0.0,0,,,0.0,0,,,0.0,0,,,0.0,0,,,0.0,0,,,0.0,0,,,0.0,0,,,0.0,0,,,0.0,0,,,0.0,0,,,0.0,0,,,0.0,0,,,0.0,0,,,0.0,0,,,0.0,0,,,0.0,0,,,0.0,0,,,0.0,0,,,0.0,0,,,0.0,0,,,0.0,0,,,0.0,0,,,0.0,0,,,0.0,0,,,0.0,0,,,0.0,0,,,0.0,0,,,0.0,0
beef_cattle_behavior,Lying,train,beef_00000000580000000_3_clip_1,6,False,False,pose_detector_failure,134.76,0.0,0.0,0,0,0.0,0.0,0,,,0.0,0,,,0.0,0,,,0.0,0,,,0.0,0,,,0.0,0,,,0.0,0,,,0.0,0,,,0.0,0,,,0.0,0,,,0.0,0,,,0.0,0,,,0.0,0,,,0.0,0,,,0.0,0,,,0.0,0,,,0.0,0,,,0.0,0,,,0.0,0,,,0.0,0,,,0.0,0,,,0.0,0,,,0.0,0,,,0.0,0,,,0.0,0,,,0.0,0,,,0.0,0,,,0.0,0,,,0.0,0,,,0.0,0,,,0.0,0,,,0.0,0,,,0.0,0,,,0.0,0,,,0.0,0,,,0.0,0,,,0.0,0,,,0.0,0,,,0.0,0,,,0.0,0
beef_cattle_behavior,Lying,train,beef_00000000580000000_3_clip_1,7,True,True,pose_output_returned,152.62,0.3476,0.3264,32,8,0.7436,0.75,29,211.89,107.64,0.5246,1,212.65,115.48,0.2001,0,209.51,116.98,0.1161,0,207.3,113.51,0.2989,1,211.81,109.35,0.2502,1,211.12,109.73,0.1695,1,204.11,108.02,0.3604,1,210.81,109.19,0.4848,1,202.44,107.14,0.2514,1,181.97,54.57,0.2821,0,203.35,100.56,0.2524,1,200.32,96.14,0.1407,1,207.5,96.68,0.2784,1,200.07,95.27,0.2029,1,180.35,50.34,0.2144,0,197.93,103.84,0.6233,1,166.93,64.2,0.3952,1,180.69,124.9,0.3264,0,178.89,122.29,0.5564,1,166.39,64.5,0.4346,1,95.27,75.76,0.5673,1,125.9,66.56,0.4027,1,92.45,79.27,0.5264,1,171.4,125.97,0.0694,1,176.04,124.4,0.2874,1,166.85,136.25,0.5936,1,165.89,151.22,0.525,1,169.48,125.63,0.4397,1,164.66,134.0,0.4659,1,164.55,151.38,0.8049,1,179.46,141.23,0.4392,0,190.48,125.69,0.3454,0,196.78,124.99,0.1157,0,194.77,142.06,0.4399,0,199.32,141.67,0.3052,0,177.29,138.91,0.3885,1,152.5,130.12,0.318,1,102.12,82.2,0.0745,1,136.15,107.88,0.0854,1
beef_cattle_behavior,Lying,train,beef_00000000109000000_4_clip_131,0,False,False,pose_detector_failure,125.15,0.0,0.0,0,0,0.0,0.0,0,,,0.0,0,,,0.0,0,,,0.0,0,,,0.0,0,,,0.0,0,,,0.0,0,,,0.0,0,,,0.0,0,,,0.0,0,,,0.0,0,,,0.0,0,,,0.0,0,,,0.0,0,,,0.0,0,,,0.0,0,,,0.0,0,,,0.0,0,,,0.0,0,,,0.0,0,,,0.0,0,,,0.0,0,,,0.0,0,,,0.0,0,,,0.0,0,,,0.0,0,,,0.0,0,,,0.0,0,,,0.0,0,,,0.0,0,,,0.0,0,,,0.0,0,,,0.0,0,,,0.0,0,,,0.0,0,,,0.0,0,,,0.0,0,,,0.0,0,,,0.0,0,,,0.0,0
beef_cattle_behavior,Lying,train,beef_00000000109000000_4_clip_131,1,False,False,pose_detector_failure,133.26,0.0,0.0,0,0,0.0,0.0,0,,,0.0,0,,,0.0,0,,,0.0,0,,,0.0,0,,,0.0,0,,,0.0,0,,,0.0,0,,,0.0,0,,,0.0,0,,,0.0,0,,,0.0,0,,,0.0,0,,,0.0,0,,,0.0,0,,,0.0,0,,,0.0,0,,,0.0,0,,,0.0,0,,,0.0,0,,,0.0,0,,,0.0,0,,,0.0,0,,,0.0,0,,,0.0,0,,,0.0,0,,,0.0,0,,,0.0,0,,,0.0,0,,,0.0,0,,,0.0,0,,,0.0,0,,,0.0,0,,,0.0,0,,,0.0,0,,,0.0,0,,,0.0,0,,,0.0,0,,,0.0,0,,,0.0,0
beef_cattle_behavior,Lying,train,beef_00000000109000000_4_clip_131,2,False,False,pose_detector_failure,134.43,0.0,0.0,0,0,0.0,0.0,0,,,0.0,0,,,0.0,0,,,0.0,0,,,0.0,0,,,0.0,0,,,0.0,0,,,0.0,0,,,0.0,0,,,0.0,0,,,0.0,0,,,0.0,0,,,0.0,0,,,0.0,0,,,0.0,0,,,0.0,0,,,0.0,0,,,0.0,0,,,0.0,0,,,0.0,0,,,0.0,0,,,0.0,0,,,0.0,0,,,0.0,0,,,0.0,0,,,0.0,0,,,0.0,0,,,0.0,0,,,0.0,0,,,0.0,0,,,0.0,0,,,0.0,0,,,0.0,0,,,0.0,0,,,0.0,0,,,0.0,0,,,0.0,0,,,0.0,0,,,0.0,0,,,0.0,0
beef_cattle_behavior,Lying,train,beef_00000000109000000_4_clip_131,3,False,False,pose_detector_failure,135.54,0.0,0.0,0,0,0.0,0.0,0,,,0.0,0,,,0.0,0,,,0.0,0,,,0.0,0,,,0.0,0,,,0.0,0,,,0.0,0,,,0.0,0,,,0.0,0,,,0.0,0,,,0.0,0,,,0.0,0,,,0.0,0,,,0.0,0,,,0.0,0,,,0.0,0,,,0.0,0,,,0.0,0,,,0.0,0,,,0.0,0,,,0.0,0,,,0.0,0,,,0.0,0,,,0.0,0,,,0.0,0,,,0.0,0,,,0.0,0,,,0.0,0,,,0.0,0,,,0.0,0,,,0.0,0,,,0.0,0,,,0.0,0,,,0.0,0,,,0.0,0,,,0.0,0,,,0.0,0,,,0.0,0,,,0.0,0
beef_cattle_behavior,Lying,train,beef_00000000109000000_4_clip_131,4,False,False,pose_detector_failure,135.0,0.0,0.0,0,0,0.0,0.0,0,,,0.0,0,,,0.0,0,,,0.0,0,,,0.0,0,,,0.0,0,,,0.0,0,,,0.0,0,,,0.0,0,,,0.0,0,,,0.0,0,,,0.0,0,,,0.0,0,,,0.0,0,,,0.0,0,,,0.0,0,,,0.0,0,,,0.0,0,,,0.0,0,,,0.0,0,,,0.0,0,,,0.0,0,,,0.0,0,,,0.0,0,,,0.0,0,,,0.0,0,,,0.0,0,,,0.0,0,,,0.0,0,,,0.0,0,,,0.0,0,,,0.0,0,,,0.0,0,,,0.0,0,,,0.0,0,,,0.0,0,,,0.0,0,,,0.0,0,,,0.0,0,,,0.0,0
beef_cattle_behavior,Lying,train,beef_00000000109000000_4_clip_131,5,False,False,pose_detector_failure,134.22,0.0,0.0,0,0,0.0,0.0,0,,,0.0,0,,,0.0,0,,,0.0,0,,,0.0,0,,,0.0,0,,,0.0,0,,,0.0,0,,,0.0,0,,,0.0,0,,,0.0,0,,,0.0,0,,,0.0,0,,,0.0,0,,,0.0,0,,,0.0,0,,,0.0,0,,,0.0,0,,,0.0,0,,,0.0,0,,,0.0,0,,,0.0,0,,,0.0,0,,,0.0,0,,,0.0,0,,,0.0,0,,,0.0,0,,,0.0,0,,,0.0,0,,,0.0,0,,,0.0,0,,,0.0,0,,,0.0,0,,,0.0,0,,,0.0,0,,,0.0,0,,,0.0,0,,,0.0,0,,,0.0,0,,,0.0,0
beef_cattle_behavior,Lying,train,beef_00000000109000000_4_clip_131,6,False,False,pose_detector_failure,133.9,0.0,0.0,0,0,0.0,0.0,0,,,0.0,0,,,0.0,0,,,0.0,0,,,0.0,0,,,0.0,0,,,0.0,0,,,0.0,0,,,0.0,0,,,0.0,0,,,0.0,0,,,0.0,0,,,0.0,0,,,0.0,0,,,0.0,0,,,0.0,0,,,0.0,0,,,0.0,0,,,0.0,0,,,0.0,0,,,0.0,0,,,0.0,0,,,0.0,0,,,0.0,0,,,0.0,0,,,0.0,0,,,0.0,0,,,0.0,0,,,0.0,0,,,0.0,0,,,0.0,0,,,0.0,0,,,0.0,0,,,0.0,0,,,0.0,0,,,0.0,0,,,0.0,0,,,0.0,0,,,0.0,0,,,0.0,0
beef_cattle_behavior,Lying,train,beef_00000000109000000_4_clip_131,7,False,False,pose_detector_failure,130.01,0.0,0.0,0,0,0.0,0.0,0,,,0.0,0,,,0.0,0,,,0.0,0,,,0.0,0,,,0.0,0,,,0.0,0,,,0.0,0,,,0.0,0,,,0.0,0,,,0.0,0,,,0.0,0,,,0.0,0,,,0.0,0,,,0.0,0,,,0.0,0,,,0.0,0,,,0.0,0,,,0.0,0,,,0.0,0,,,0.0,0,,,0.0,0,,,0.0,0,,,0.0,0,,,0.0,0,,,0.0,0,,,0.0,0,,,0.0,0,,,0.0,0,,,0.0,0,,,0.0,0,,,0.0,0,,,0.0,0,,,0.0,0,,,0.0,0,,,0.0,0,,,0.0,0,,,0.0,0,,,0.0,0,,,0.0,0
beef_cattle_behavior,Lying,train,beef_00000000111000000_4_clip_42,0,False,False,pose_detector_failure,129.78,0.0,0.0,0,0,0.0,0.0,0,,,0.0,0,,,0.0,0,,,0.0,0,,,0.0,0,,,0.0,0,,,0.0,0,,,0.0,0,,,0.0,0,,,0.0,0,,,0.0,0,,,0.0,0,,,0.0,0,,,0.0,0,,,0.0,0,,,0.0,0,,,0.0,0,,,0.0,0,,,0.0,0,,,0.0,0,,,0.0,0,,,0.0,0,,,0.0,0,,,0.0,0,,,0.0,0,,,0.0,0,,,0.0,0,,,0.0,0,,,0.0,0,,,0.0,0,,,0.0,0,,,0.0,0,,,0.0,0,,,0.0,0,,,0.0,0,,,0.0,0,,,0.0,0,,,0.0,0,,,0.0,0,,,0.0,0
beef_cattle_behavior,Lying,train,beef_00000000111000000_4_clip_42,1,False,False,pose_detector_failure,133.84,0.0,0.0,0,0,0.0,0.0,0,,,0.0,0,,,0.0,0,,,0.0,0,,,0.0,0,,,0.0,0,,,0.0,0,,,0.0,0,,,0.0,0,,,0.0,0,,,0.0,0,,,0.0,0,,,0.0,0,,,0.0,0,,,0.0,0,,,0.0,0,,,0.0,0,,,0.0,0,,,0.0,0,,,0.0,0,,,0.0,0,,,0.0,0,,,0.0,0,,,0.0,0,,,0.0,0,,,0.0,0,,,0.0,0,,,0.0,0,,,0.0,0,,,0.0,0,,,0.0,0,,,0.0,0,,,0.0,0,,,0.0,0,,,0.0,0,,,0.0,0,,,0.0,0,,,0.0,0,,,0.0,0,,,0.0,0
beef_cattle_behavior,Lying,train,beef_00000000111000000_4_clip_42,2,False,False,pose_detector_failure,133.57,0.0,0.0,0,0,0.0,0.0,0,,,0.0,0,,,0.0,0,,,0.0,0,,,0.0,0,,,0.0,0,,,0.0,0,,,0.0,0,,,0.0,0,,,0.0,0,,,0.0,0,,,0.0,0,,,0.0,0,,,0.0,0,,,0.0,0,,,0.0,0,,,0.0,0,,,0.0,0,,,0.0,0,,,0.0,0,,,0.0,0,,,0.0,0,,,0.0,0,,,0.0,0,,,0.0,0,,,0.0,0,,,0.0,0,,,0.0,0,,,0.0,0,,,0.0,0,,,0.0,0,,,0.0,0,,,0.0,0,,,0.0,0,,,0.0,0,,,0.0,0,,,0.0,0,,,0.0,0,,,0.0,0,,,0.0,0
beef_cattle_behavior,Lying,train,beef_00000000111000000_4_clip_42,3,False,False,pose_detector_failure,133.68,0.0,0.0,0,0,0.0,0.0,0,,,0.0,0,,,0.0,0,,,0.0,0,,,0.0,0,,,0.0,0,,,0.0,0,,,0.0,0,,,0.0,0,,,0.0,0,,,0.0,0,,,0.0,0,,,0.0,0,,,0.0,0,,,0.0,0,,,0.0,0,,,0.0,0,,,0.0,0,,,0.0,0,,,0.0,0,,,0.0,0,,,0.0,0,,,0.0,0,,,0.0,0,,,0.0,0,,,0.0,0,,,0.0,0,,,0.0,0,,,0.0,0,,,0.0,0,,,0.0,0,,,0.0,0,,,0.0,0,,,0.0,0,,,0.0,0,,,0.0,0,,,0.0,0,,,0.0,0,,,0.0,0,,,0.0,0
beef_cattle_behavior,Lying,train,beef_00000000111000000_4_clip_42,4,False,False,pose_detector_failure,134.06,0.0,0.0,0,0,0.0,0.0,0,,,0.0,0,,,0.0,0,,,0.0,0,,,0.0,0,,,0.0,0,,,0.0,0,,,0.0,0,,,0.0,0,,,0.0,0,,,0.0,0,,,0.0,0,,,0.0,0,,,0.0,0,,,0.0,0,,,0.0,0,,,0.0,0,,,0.0,0,,,0.0,0,,,0.0,0,,,0.0,0,,,0.0,0,,,0.0,0,,,0.0,0,,,0.0,0,,,0.0,0,,,0.0,0,,,0.0,0,,,0.0,0,,,0.0,0,,,0.0,0,,,0.0,0,,,0.0,0,,,0.0,0,,,0.0,0,,,0.0,0,,,0.0,0,,,0.0,0,,,0.0,0,,,0.0,0
beef_cattle_behavior,Lying,train,beef_00000000111000000_4_clip_42,5,False,False,pose_detector_failure,132.93,0.0,0.0,0,0,0.0,0.0,0,,,0.0,0,,,0.0,0,,,0.0,0,,,0.0,0,,,0.0,0,,,0.0,0,,,0.0,0,,,0.0,0,,,0.0,0,,,0.0,0,,,0.0,0,,,0.0,0,,,0.0,0,,,0.0,0,,,0.0,0,,,0.0,0,,,0.0,0,,,0.0,0,,,0.0,0,,,0.0,0,,,0.0,0,,,0.0,0,,,0.0,0,,,0.0,0,,,0.0,0,,,0.0,0,,,0.0,0,,,0.0,0,,,0.0,0,,,0.0,0,,,0.0,0,,,0.0,0,,,0.0,0,,,0.0,0,,,0.0,0,,,0.0,0,,,0.0,0,,,0.0,0,,,0.0,0
beef_cattle_behavior,Lying,train,beef_00000000111000000_4_clip_42,6,False,False,pose_detector_failure,131.44,0.0,0.0,0,0,0.0,0.0,0,,,0.0,0,,,0.0,0,,,0.0,0,,,0.0,0,,,0.0,0,,,0.0,0,,,0.0,0,,,0.0,0,,,0.0,0,,,0.0,0,,,0.0,0,,,0.0,0,,,0.0,0,,,0.0,0,,,0.0,0,,,0.0,0,,,0.0,0,,,0.0,0,,,0.0,0,,,0.0,0,,,0.0,0,,,0.0,0,,,0.0,0,,,0.0,0,,,0.0,0,,,0.0,0,,,0.0,0,,,0.0,0,,,0.0,0,,,0.0,0,,,0.0,0,,,0.0,0,,,0.0,0,,,0.0,0,,,0.0,0,,,0.0,0,,,0.0,0,,,0.0,0,,,0.0,0
beef_cattle_behavior,Lying,train,beef_00000000111000000_4_clip_42,7,True,True,pose_output_returned,149.77,0.2827,0.2358,28,2,0.2564,0.2857,10,26.25,134.42,0.1638,0,28.4,133.43,0.1398,0,27.39,135.1,0.1609,0,24.89,134.23,0.2347,0,28.51,130.3,0.2124,0,17.12,128.97,0.2329,0,9.7,122.54,0.1271,0,46.66,75.46,0.216,0,10.96,120.6,0.2591,0,122.95,151.39,0.1804,1,18.55,128.21,0.3597,0,15.27,121.3,0.1474,0,11.29,126.85,0.2054,0,14.28,119.55,0.2358,0,11.54,124.57,0.1926,0,60.16,88.65,0.3283,0,65.13,77.05,0.2046,0,36.59,124.9,0.1629,0,66.74,98.36,0.126,0,54.74,75.91,0.2526,0,43.88,72.52,0.3925,0,69.84,75.17,0.3682,0,43.68,73.89,0.4036,0,161.5,149.51,0.1636,1,120.0,135.55,0.4526,1,122.11,140.54,0.2258,1,121.56,154.73,0.2913,1,117.12,137.41,0.6096,1,133.8,146.05,0.4053,1,121.62,155.0,0.4564,1,127.9,157.18,0.1832,0,119.55,135.45,0.3416,1,38.01,126.25,0.3476,0,45.31,137.37,0.3271,0,41.95,139.27,0.4857,0,122.47,156.04,0.5677,1,62.18,135.02,0.2212,0,60.89,107.87,0.3655,0,58.41,111.79,0.2731,0
beef_cattle_behavior,Lying,val,beef_00000000514000000_3_clip_40,0,True,True,pose_output_returned,146.94,0.3678,0.2674,27,12,0.3846,0.4444,15,211.04,123.61,0.763,0,207.73,127.7,0.6678,0,200.6,129.49,0.7764,0,201.03,124.03,0.4474,0,202.25,122.0,0.4796,1,204.02,97.63,0.5725,0,186.33,82.89,0.3255,1,188.73,90.22,0.0868,1,192.92,75.49,0.2291,0,177.98,52.16,0.1346,0,208.64,97.88,0.5356,0,199.56,76.66,0.1103,0,213.72,72.77,0.1794,0,206.27,76.43,0.1744,0,215.13,65.3,0.356,0,191.16,68.09,0.2374,0,188.16,58.68,0.1992,0,167.05,122.73,0.1454,0,159.86,121.25,0.2248,0,187.92,55.44,0.2558,0,40.28,63.45,0.5289,1,122.18,51.55,0.7198,1,37.95,69.29,0.7278,1,37.2,72.36,0.085,1,153.59,118.55,0.1981,0,160.98,143.08,0.1259,0,59.44,113.65,0.1125,1,152.45,113.82,0.2412,0,154.69,142.99,0.1472,0,164.7,160.97,0.2468,0,62.37,114.5,0.7167,1,58.83,99.46,0.2674,0,57.5,87.16,0.5269,1,62.25,116.71,0.5972,1,64.02,114.33,0.4404,1,59.68,113.83,0.6076,1,96.56,111.84,0.2311,1,95.82,90.1,0.4373,0,129.07,101.2,0.4838,1
beef_cattle_behavior,Lying,val,beef_00000000514000000_3_clip_40,1,False,False,pose_detector_failure,123.83,0.0,0.0,0,0,0.0,0.0,0,,,0.0,0,,,0.0,0,,,0.0,0,,,0.0,0,,,0.0,0,,,0.0,0,,,0.0,0,,,0.0,0,,,0.0,0,,,0.0,0,,,0.0,0,,,0.0,0,,,0.0,0,,,0.0,0,,,0.0,0,,,0.0,0,,,0.0,0,,,0.0,0,,,0.0,0,,,0.0,0,,,0.0,0,,,0.0,0,,,0.0,0,,,0.0,0,,,0.0,0,,,0.0,0,,,0.0,0,,,0.0,0,,,0.0,0,,,0.0,0,,,0.0,0,,,0.0,0,,,0.0,0,,,0.0,0,,,0.0,0,,,0.0,0,,,0.0,0,,,0.0,0,,,0.0,0
beef_cattle_behavior,Lying,val,beef_00000000514000000_3_clip_40,2,False,False,pose_detector_failure,135.28,0.0,0.0,0,0,0.0,0.0,0,,,0.0,0,,,0.0,0,,,0.0,0,,,0.0,0,,,0.0,0,,,0.0,0,,,0.0,0,,,0.0,0,,,0.0,0,,,0.0,0,,,0.0,0,,,0.0,0,,,0.0,0,,,0.0,0,,,0.0,0,,,0.0,0,,,0.0,0,,,0.0,0,,,0.0,0,,,0.0,0,,,0.0,0,,,0.0,0,,,0.0,0,,,0.0,0,,,0.0,0,,,0.0,0,,,0.0,0,,,0.0,0,,,0.0,0,,,0.0,0,,,0.0,0,,,0.0,0,,,0.0,0,,,0.0,0,,,0.0,0,,,0.0,0,,,0.0,0,,,0.0,0,,,0.0,0
beef_cattle_behavior,Lying,val,beef_00000000514000000_3_clip_40,3,False,False,pose_detector_failure,132.84,0.0,0.0,0,0,0.0,0.0,0,,,0.0,0,,,0.0,0,,,0.0,0,,,0.0,0,,,0.0,0,,,0.0,0,,,0.0,0,,,0.0,0,,,0.0,0,,,0.0,0,,,0.0,0,,,0.0,0,,,0.0,0,,,0.0,0,,,0.0,0,,,0.0,0,,,0.0,0,,,0.0,0,,,0.0,0,,,0.0,0,,,0.0,0,,,0.0,0,,,0.0,0,,,0.0,0,,,0.0,0,,,0.0,0,,,0.0,0,,,0.0,0,,,0.0,0,,,0.0,0,,,0.0,0,,,0.0,0,,,0.0,0,,,0.0,0,,,0.0,0,,,0.0,0,,,0.0,0,,,0.0,0,,,0.0,0
beef_cattle_behavior,Lying,val,beef_00000000514000000_3_clip_40,4,False,False,pose_detector_failure,134.14,0.0,0.0,0,0,0.0,0.0,0,,,0.0,0,,,0.0,0,,,0.0,0,,,0.0,0,,,0.0,0,,,0.0,0,,,0.0,0,,,0.0,0,,,0.0,0,,,0.0,0,,,0.0,0,,,0.0,0,,,0.0,0,,,0.0,0,,,0.0,0,,,0.0,0,,,0.0,0,,,0.0,0,,,0.0,0,,,0.0,0,,,0.0,0,,,0.0,0,,,0.0,0,,,0.0,0,,,0.0,0,,,0.0,0,,,0.0,0,,,0.0,0,,,0.0,0,,,0.0,0,,,0.0,0,,,0.0,0,,,0.0,0,,,0.0,0,,,0.0,0,,,0.0,0,,,0.0,0,,,0.0,0,,,0.0,0
beef_cattle_behavior,Lying,val,beef_00000000514000000_3_clip_40,5,True,True,pose_output_returned,148.37,0.3793,0.3535,35,9,0.3846,0.4,15,211.94,122.51,0.4228,0,210.28,125.91,0.2783,0,200.98,129.34,0.4096,0,207.83,123.46,0.2602,1,209.95,118.11,0.3162,1,202.76,92.83,0.5909,1,206.18,75.58,0.5319,1,217.51,71.3,0.4134,0,206.62,77.75,0.3189,1,113.6,62.72,0.4144,1,205.61,94.12,0.5121,0,206.72,70.34,0.1927,0,184.93,52.29,0.2259,0,203.92,72.11,0.4091,1,216.81,67.73,0.3157,0,186.33,75.2,0.4085,1,186.85,49.16,0.3776,0,187.71,104.15,0.1724,1,185.78,124.96,0.1356,0,184.96,48.19,0.2675,0,29.3,54.19,0.6385,1,100.14,46.53,0.7369,1,22.4,61.19,0.8916,1,9.64,116.67,0.0983,0,153.67,123.58,0.3946,0,156.38,135.39,0.2169,0,172.19,174.82,0.3418,0,152.52,118.54,0.2969,0,149.75,139.82,0.5002,0,157.39,168.24,0.6302,0,80.06,130.69,0.2237,0,42.42,95.19,0.2447,0,35.42,83.15,0.4724,1,44.6,115.86,0.537,1,11.28,110.83,0.3535,0,4.28,120.66,0.2826,0,76.53,114.05,0.208,1,86.63,86.95,0.44,0,90.52,86.89,0.3129,0
beef_cattle_behavior,Lying,val,beef_00000000514000000_3_clip_40,6,False,False,pose_detector_failure,125.6,0.0,0.0,0,0,0.0,0.0,0,,,0.0,0,,,0.0,0,,,0.0,0,,,0.0,0,,,0.0,0,,,0.0,0,,,0.0,0,,,0.0,0,,,0.0,0,,,0.0,0,,,0.0,0,,,0.0,0,,,0.0,0,,,0.0,0,,,0.0,0,,,0.0,0,,,0.0,0,,,0.0,0,,,0.0,0,,,0.0,0,,,0.0,0,,,0.0,0,,,0.0,0,,,0.0,0,,,0.0,0,,,0.0,0,,,0.0,0,,,0.0,0,,,0.0,0,,,0.0,0,,,0.0,0,,,0.0,0,,,0.0,0,,,0.0,0,,,0.0,0,,,0.0,0,,,0.0,0,,,0.0,0,,,0.0,0
beef_cattle_behavior,Lying,val,beef_00000000514000000_3_clip_40,7,True,True,pose_output_returned,150.46,0.4548,0.4314,36,16,0.7179,0.7222,28,208.12,125.49,0.6239,0,207.1,130.18,0.5367,0,199.02,129.93,0.6317,1,199.04,126.37,0.3385,1,201.85,123.67,0.4034,1,202.59,93.94,0.4877,1,202.59,74.06,0.6186,1,212.33,69.44,0.5977,1,203.87,71.29,0.4221,1,188.32,52.18,0.3428,1,203.8,94.6,0.4051,1,210.39,66.68,0.3694,0,214.87,64.6,0.5736,0,204.93,74.33,0.4076,1,191.16,42.39,0.4314,0,164.52,52.42,0.4742,0,156.43,48.79,0.6055,1,187.33,116.7,0.2535,1,159.97,116.22,0.1856,1,148.22,49.32,0.6754,1,26.57,55.52,0.6734,1,95.35,45.07,0.7096,1,17.85,60.48,0.802,1,8.41,129.98,0.1343,0,149.24,117.44,0.2268,1,151.9,132.3,0.1385,1,168.34,178.01,0.2553,0,150.88,116.51,0.2524,1,147.03,132.75,0.3138,1,168.82,177.18,0.5325,0,47.52,117.79,0.3463,1,43.49,96.14,0.3076,0,41.85,85.12,0.5455,1,42.39,112.66,0.6943,1,44.61,113.49,0.7807,1,43.73,120.38,0.5603,1,84.54,123.48,0.3216,1,91.06,83.61,0.4392,0,130.31,92.15,0.3192,1
beef_cattle_behavior,Lying,val,beef_00000000514000000_3_clip_49,0,True,True,pose_output_returned,142.61,0.2746,0.2529,25,4,0.2564,0.16,10,16.07,85.36,0.285,0,18.93,87.16,0.1223,0,199.83,124.85,0.1612,1,189.56,123.73,0.1319,0,36.36,88.24,0.1397,0,37.36,65.21,0.0916,0,141.02,66.37,0.1396,1,135.91,55.05,0.2164,1,150.22,61.68,0.1096,1,139.19,57.31,0.4075,1,203.06,87.63,0.0827,1,139.04,69.27,0.0473,1,174.89,44.36,0.1372,0,52.22,60.73,0.0871,0,184.66,45.16,0.3377,0,118.47,93.18,0.2082,0,143.36,65.55,0.193,1,150.98,133.73,0.1519,0,153.12,135.06,0.2927,0,144.26,62.12,0.2051,1,27.01,72.38,0.653,0,100.92,54.03,0.6827,0,23.44,80.57,0.744,0,133.64,83.25,0.0596,0,152.51,138.45,0.4357,0,168.1,163.36,0.2672,0,189.28,148.59,0.4204,0,92.92,120.21,0.2969,0,108.37,136.11,0.3302,1,164.91,169.72,0.4212,0,192.57,146.18,0.2221,0,62.54,104.29,0.5016,0,44.1,95.02,0.3816,0,57.26,119.07,0.3457,0,59.9,116.79,0.3121,0,58.11,120.02,0.2385,0,79.16,118.2,0.2954,0,77.98,90.36,0.2988,0,80.24,84.2,0.2529,0
beef_cattle_behavior,Lying,val,beef_00000000514000000_3_clip_49,1,False,False,pose_detector_failure,129.5,0.0,0.0,0,0,0.0,0.0,0,,,0.0,0,,,0.0,0,,,0.0,0,,,0.0,0,,,0.0,0,,,0.0,0,,,0.0,0,,,0.0,0,,,0.0,0,,,0.0,0,,,0.0,0,,,0.0,0,,,0.0,0,,,0.0,0,,,0.0,0,,,0.0,0,,,0.0,0,,,0.0,0,,,0.0,0,,,0.0,0,,,0.0,0,,,0.0,0,,,0.0,0,,,0.0,0,,,0.0,0,,,0.0,0,,,0.0,0,,,0.0,0,,,0.0,0,,,0.0,0,,,0.0,0,,,0.0,0,,,0.0,0,,,0.0,0,,,0.0,0,,,0.0,0,,,0.0,0,,,0.0,0,,,0.0,0
beef_cattle_behavior,Lying,val,beef_00000000514000000_3_clip_49,2,False,False,pose_detector_failure,130.24,0.0,0.0,0,0,0.0,0.0,0,,,0.0,0,,,0.0,0,,,0.0,0,,,0.0,0,,,0.0,0,,,0.0,0,,,0.0,0,,,0.0,0,,,0.0,0,,,0.0,0,,,0.0,0,,,0.0,0,,,0.0,0,,,0.0,0,,,0.0,0,,,0.0,0,,,0.0,0,,,0.0,0,,,0.0,0,,,0.0,0,,,0.0,0,,,0.0,0,,,0.0,0,,,0.0,0,,,0.0,0,,,0.0,0,,,0.0,0,,,0.0,0,,,0.0,0,,,0.0,0,,,0.0,0,,,0.0,0,,,0.0,0,,,0.0,0,,,0.0,0,,,0.0,0,,,0.0,0,,,0.0,0,,,0.0,0
beef_cattle_behavior,Lying,val,beef_00000000514000000_3_clip_49,3,False,False,pose_detector_failure,128.79,0.0,0.0,0,0,0.0,0.0,0,,,0.0,0,,,0.0,0,,,0.0,0,,,0.0,0,,,0.0,0,,,0.0,0,,,0.0,0,,,0.0,0,,,0.0,0,,,0.0,0,,,0.0,0,,,0.0,0,,,0.0,0,,,0.0,0,,,0.0,0,,,0.0,0,,,0.0,0,,,0.0,0,,,0.0,0,,,0.0,0,,,0.0,0,,,0.0,0,,,0.0,0,,,0.0,0,,,0.0,0,,,0.0,0,,,0.0,0,,,0.0,0,,,0.0,0,,,0.0,0,,,0.0,0,,,0.0,0,,,0.0,0,,,0.0,0,,,0.0,0,,,0.0,0,,,0.0,0,,,0.0,0,,,0.0,0
beef_cattle_behavior,Lying,val,beef_00000000514000000_3_clip_49,4,True,True,pose_output_returned,149.42,0.2983,0.2672,27,4,0.3077,0.3333,12,177.81,52.46,0.1809,1,204.7,116.91,0.0825,1,173.71,69.27,0.1897,0,198.86,115.95,0.1555,0,176.13,69.14,0.1619,0,186.24,54.58,0.265,1,187.67,77.14,0.2672,1,198.8,73.88,0.288,1,182.84,53.69,0.3008,1,199.52,123.17,0.2352,0,193.83,53.25,0.3202,1,176.08,47.19,0.2901,0,172.06,40.14,0.1921,0,199.0,70.48,0.2265,0,180.74,49.73,0.4396,1,181.17,69.55,0.175,0,176.77,64.22,0.1873,0,188.13,101.78,0.0812,1,172.59,160.4,0.1981,0,175.03,65.93,0.2933,0,31.44,67.16,0.5857,0,112.09,56.09,0.7658,0,25.04,73.9,0.7374,0,9.55,142.22,0.1488,0,180.86,156.38,0.2997,1,193.82,121.29,0.3537,0,199.5,125.67,0.5271,0,116.74,108.73,0.2553,1,161.97,147.67,0.1537,0,172.43,162.26,0.2161,0,55.86,118.23,0.2564,0,59.45,103.62,0.2669,0,43.07,87.36,0.4339,0,49.95,112.82,0.4525,0,56.0,113.19,0.3556,0,56.45,115.64,0.28,0,86.55,109.63,0.2785,0,92.52,82.79,0.3635,0,139.36,93.72,0.3727,1
beef_cattle_behavior,Lying,val,beef_00000000514000000_3_clip_49,5,True,True,pose_output_returned,146.27,0.3046,0.2968,28,3,0.8205,0.8929,32,11.21,86.14,0.5173,1,12.65,89.57,0.4151,1,14.2,91.48,0.3791,1,13.45,88.94,0.388,1,20.36,91.01,0.4697,1,19.05,77.86,0.4854,1,23.53,70.57,0.3301,1,51.22,47.43,0.1253,0,25.74,68.45,0.2687,1,107.24,70.39,0.2258,1,18.91,82.81,0.4314,1,19.48,81.2,0.1799,1,41.95,53.23,0.0821,0,31.3,66.95,0.3375,1,39.66,69.42,0.2216,1,36.41,69.71,0.4111,1,40.55,62.92,0.2906,1,41.81,77.36,0.105,1,140.54,126.65,0.1671,1,40.24,61.63,0.2635,1,28.08,72.37,0.4082,1,87.85,61.81,0.4934,1,24.96,74.02,0.5328,1,108.63,115.58,0.0784,1,145.03,123.04,0.7213,1,152.81,135.63,0.1303,0,109.16,112.08,0.1581,1,132.34,114.14,0.2437,1,75.53,130.74,0.1691,0,153.1,142.84,0.388,0,111.98,112.34,0.3048,1,137.41,111.44,0.2876,1,49.43,85.62,0.2678,1,30.77,97.92,0.1052,1,107.6,113.37,0.16,1,110.69,113.93,0.2968,1,84.7,91.85,0.3529,0,77.0,84.97,0.3449,1,114.55,89.31,0.3421,0
beef_cattle_behavior,Lying,val,beef_00000000514000000_3_clip_49,6,False,False,pose_detector_failure,124.25,0.0,0.0,0,0,0.0,0.0,0,,,0.0,0,,,0.0,0,,,0.0,0,,,0.0,0,,,0.0,0,,,0.0,0,,,0.0,0,,,0.0,0,,,0.0,0,,,0.0,0,,,0.0,0,,,0.0,0,,,0.0,0,,,0.0,0,,,0.0,0,,,0.0,0,,,0.0,0,,,0.0,0,,,0.0,0,,,0.0,0,,,0.0,0,,,0.0,0,,,0.0,0,,,0.0,0,,,0.0,0,,,0.0,0,,,0.0,0,,,0.0,0,,,0.0,0,,,0.0,0,,,0.0,0,,,0.0,0,,,0.0,0,,,0.0,0,,,0.0,0,,,0.0,0,,,0.0,0,,,0.0,0,,,0.0,0
beef_cattle_behavior,Lying,val,beef_00000000514000000_3_clip_49,7,True,True,pose_output_returned,149.59,0.3542,0.3438,30,10,0.4103,0.4667,16,208.07,66.88,0.4147,0,200.72,69.36,0.1403,0,184.82,76.81,0.2585,0,193.92,76.17,0.2493,1,200.43,68.51,0.2558,0,185.93,55.18,0.6585,1,177.54,49.81,0.3475,1,168.04,44.89,0.3438,1,179.11,45.86,0.4584,1,181.74,41.22,0.3447,0,191.86,56.19,0.7477,0,175.88,47.0,0.482,1,168.75,45.81,0.5137,1,181.18,45.14,0.5186,1,174.22,39.7,0.3173,0,82.76,96.72,0.0936,0,171.37,55.84,0.0974,1,176.94,70.52,0.095,0,190.19,140.15,0.0982,0,165.08,59.18,0.1225,0,200.24,74.24,0.4778,0,119.38,64.29,0.572,1,200.96,74.57,0.5896,1,214.46,72.18,0.1331,0,169.99,148.69,0.1274,0,170.33,148.98,0.2081,0,167.5,176.28,0.2887,0,149.15,143.15,0.1154,1,190.14,140.04,0.2677,0,162.55,178.88,0.4761,0,166.79,170.38,0.2988,0,179.52,118.08,0.5446,1,188.53,115.89,0.5412,1,185.79,142.28,0.4712,1,202.64,138.59,0.5777,0,205.47,146.6,0.4663,0,116.62,90.45,0.3191,0,166.32,87.07,0.5019,0,143.33,104.55,0.2779,1
beef_cattle_behavior,Feeding,train,beef_195_4_clip_0,0,True,True,pose_output_returned,140.18,0.6036,0.6054,38,28,0.4359,0.4474,17,195.21,198.94,0.8588,0,193.25,201.0,0.8672,0,189.29,200.04,0.7864,0,188.7,195.05,0.6031,0,195.24,196.02,0.6225,0,203.79,172.73,0.8848,1,201.7,153.12,0.6738,1,204.2,146.75,0.3197,1,204.24,152.01,0.6933,1,215.58,143.76,0.3444,0,210.34,173.4,0.8311,0,213.46,143.58,0.6041,0,209.06,134.81,0.3424,0,212.06,149.62,0.5343,1,210.75,138.34,0.3036,0,168.74,97.21,0.4678,1,181.43,86.03,0.3407,1,162.22,142.82,0.5285,1,148.63,121.45,0.5153,1,180.87,80.95,0.2707,0,177.99,63.44,0.5739,1,107.9,29.44,0.7489,1,181.52,68.53,0.6054,1,23.46,63.54,0.1216,0,120.95,113.12,0.2956,0,115.85,135.46,0.6611,0,106.44,163.46,0.8078,1,131.23,110.67,0.7071,1,123.1,139.19,0.9331,0,124.42,175.88,0.9081,0,51.94,165.36,0.7737,0,135.32,107.58,0.6691,1,30.31,91.4,0.578,1,42.49,130.8,0.798,0,24.59,132.56,0.5947,0,23.69,169.33,0.8626,0,81.94,116.81,0.6544,1,89.56,75.85,0.429,0,101.32,75.56,0.4249,0
beef_cattle_behavior,Feeding,train,beef_195_4_clip_0,1,True,True,pose_output_returned,146.38,0.5712,0.5911,38,25,0.641,0.6316,25,195.53,194.07,0.8371,1,192.72,194.7,0.8258,0,190.64,193.65,0.7539,0,188.96,187.15,0.5214,1,193.79,190.05,0.6324,1,204.19,170.69,0.6951,1,198.81,156.76,0.5911,1,201.06,156.87,0.3637,1,203.88,149.24,0.7275,1,207.32,153.48,0.3718,1,209.65,172.45,0.831,0,210.89,146.36,0.5387,1,209.02,138.18,0.3156,0,211.67,149.34,0.5264,1,213.83,138.89,0.3006,0,172.81,96.26,0.5911,1,173.63,85.08,0.3121,0,169.22,150.38,0.3916,1,141.74,124.26,0.402,1,172.71,75.42,0.2417,1,178.09,63.08,0.577,1,107.3,35.54,0.663,1,180.98,71.74,0.6407,1,16.72,61.0,0.1669,1,113.28,110.74,0.4972,1,117.42,136.17,0.7469,0,105.42,165.86,0.8345,1,113.37,110.81,0.452,1,118.73,139.25,0.7652,0,119.57,175.24,0.9486,0,52.0,166.05,0.6037,0,33.65,95.98,0.4556,1,35.38,95.05,0.7694,1,41.54,132.42,0.7051,0,29.01,132.97,0.5939,0,26.46,168.21,0.5611,0,87.18,117.73,0.6147,1,95.29,77.96,0.4301,0,103.74,76.4,0.4811,1
beef_cattle_behavior,Feeding,train,beef_195_4_clip_0,2,True,True,pose_output_returned,141.83,0.5908,0.5887,38,27,0.3846,0.3947,15,200.62,194.51,0.8723,1,198.38,197.87,0.7561,0,195.18,196.96,0.6898,0,193.4,189.34,0.7048,0,200.95,190.65,0.6787,0,204.74,165.32,0.8549,0,198.96,149.14,0.5658,1,19.68,30.04,0.2831,0,203.18,147.58,0.7319,0,11.01,37.68,0.4386,1,209.52,165.68,0.8171,0,208.18,140.33,0.4655,0,210.39,139.86,0.2967,0,11.52,41.12,0.7209,1,15.97,39.09,0.5497,1,29.79,44.49,0.5324,1,37.1,30.65,0.4126,1,167.04,150.54,0.3885,0,143.06,122.18,0.3446,1,41.64,30.13,0.4816,1,176.03,62.33,0.7238,1,101.26,30.68,0.7126,1,180.74,69.93,0.8099,1,9.52,114.46,0.1053,0,117.83,112.23,0.3558,0,113.03,131.97,0.7442,0,101.42,159.73,0.6294,0,124.57,110.96,0.7091,1,118.44,140.21,0.8128,0,118.83,173.14,0.7715,0,48.4,160.69,0.5581,0,129.76,109.82,0.6154,1,30.2,89.5,0.4573,1,37.53,128.18,0.7903,0,31.86,125.03,0.5887,0,22.61,155.39,0.5824,0,80.52,113.47,0.5679,0,96.07,78.16,0.4123,0,102.7,75.23,0.5106,0
beef_cattle_behavior,Feeding,train,beef_195_4_clip_0,3,True,True,pose_output_returned,143.07,0.6275,0.6469,38,31,0.4872,0.5,19,213.07,195.36,0.8092,1,210.22,199.18,0.7718,0,205.12,199.27,0.6545,0,201.54,193.42,0.7582,0,211.37,193.3,0.8209,1,206.38,164.09,0.892,0,196.51,150.58,0.7383,1,195.03,143.4,0.4638,1,201.32,148.34,0.896,1,207.89,141.15,0.5661,0,209.62,164.45,0.9459,1,202.24,139.49,0.5942,0,198.13,135.03,0.3413,0,205.79,146.12,0.6844,1,207.12,139.52,0.468,0,167.56,105.77,0.595,1,176.07,84.99,0.2828,1,166.96,151.87,0.5003,0,145.24,128.02,0.6419,1,174.44,76.71,0.32,1,172.0,64.64,0.6606,1,94.69,32.97,0.604,0,13.73,34.51,0.5811,1,9.59,58.28,0.1496,0,31.44,97.22,0.2576,1,108.08,138.92,0.5995,0,100.28,165.63,0.6535,1,126.77,111.07,0.7513,1,120.2,147.45,0.7581,1,113.9,177.13,0.912,0,45.03,164.79,0.7016,0,128.42,106.12,0.6776,1,28.76,90.74,0.7753,1,39.85,127.03,0.6469,0,23.03,124.09,0.6342,0,19.93,161.06,0.7586,0,81.12,113.97,0.6217,0,86.41,81.83,0.4649,0,93.13,82.46,0.5205,0
beef_cattle_behavior,Feeding,train,beef_195_4_clip_0,4,True,True,pose_output_returned,145.74,0.5353,0.5296,36,23,0.4359,0.4167,17,200.29,196.4,0.7399,0,198.22,198.0,0.6701,0,195.33,200.38,0.6236,0,194.27,191.01,0.5296,1,198.28,193.83,0.6044,0,207.34,175.39,0.7707,0,198.66,155.3,0.3463,1,22.28,28.45,0.2184,0,201.14,154.78,0.5203,1,18.14,29.16,0.4244,0,210.85,176.76,0.8111,0,12.32,41.81,0.3832,1,6.67,31.48,0.3003,0,16.19,43.77,0.5563,0,16.93,34.32,0.5252,0,27.12,43.82,0.7735,1,35.37,32.14,0.4008,1,176.8,157.46,0.2566,1,27.84,82.78,0.2261,1,38.54,31.81,0.5031,1,174.5,65.05,0.7821,1,99.01,34.06,0.6906,0,177.64,73.69,0.9302,1,176.81,108.71,0.106,1,28.87,91.86,0.7414,1,113.24,139.93,0.4899,0,19.84,158.3,0.279,0,45.31,103.18,0.6956,1,45.03,129.88,0.4502,0,108.02,175.49,0.6986,0,110.99,178.11,0.4854,0,127.65,109.44,1.0,1,173.85,115.39,0.5716,1,116.34,146.29,0.7952,0,178.79,158.84,0.0724,1,21.59,160.91,0.1577,0,81.96,112.38,0.7996,0,80.63,77.43,0.3484,0,87.47,77.17,0.5973,0
beef_cattle_behavior,Feeding,train,beef_195_4_clip_0,5,True,True,pose_output_returned,141.16,0.5291,0.5125,38,21,0.5385,0.5263,21,198.91,193.75,0.8764,1,197.01,196.62,0.9147,1,193.32,196.02,0.7174,0,189.53,190.28,0.6042,1,199.4,191.74,0.6596,1,202.73,167.26,0.7811,1,194.19,149.9,0.3859,1,19.73,27.32,0.2045,0,202.42,150.94,0.6374,1,18.44,29.66,0.4493,1,209.12,168.72,0.922,0,210.8,143.02,0.411,0,209.37,134.59,0.2453,0,206.66,152.58,0.4802,1,15.67,28.24,0.32,1,22.1,49.0,0.4411,0,35.0,31.33,0.2304,1,172.85,151.11,0.3667,0,159.54,127.38,0.2848,1,38.33,30.3,0.294,1,174.82,62.15,0.7396,1,97.68,31.61,0.5284,1,179.25,69.0,0.7784,1,22.24,26.51,0.081,1,27.23,95.6,0.47,0,111.44,138.87,0.5764,1,101.5,169.22,0.5804,0,119.18,116.76,0.3882,1,113.28,140.38,0.5125,0,113.98,177.62,0.6741,0,47.19,165.69,0.7836,0,128.7,111.58,0.8427,1,168.02,114.11,0.2704,1,39.51,130.27,0.5168,0,25.91,125.57,0.4052,0,39.55,166.99,0.745,0,83.52,115.06,0.5864,0,95.32,81.37,0.4212,0,95.2,79.97,0.5104,0
beef_cattle_behavior,Feeding,train,beef_195_4_clip_0,6,True,True,pose_output_returned,145.73,0.6029,0.6028,39,29,0.4359,0.4359,17,201.49,193.67,0.8474,0,199.53,197.75,0.8529,0,195.46,196.96,0.8416,0,193.67,191.07,0.6909,1,202.73,191.98,0.6715,0,207.1,170.22,0.883,0,200.67,156.02,0.6754,1,19.4,26.62,0.3435,0,205.97,156.21,0.7599,1,17.65,29.22,0.4887,0,211.3,170.98,0.8741,0,206.87,142.71,0.5433,0,209.45,141.9,0.2263,0,204.03,145.29,0.6312,1,16.1,35.44,0.4449,0,166.82,110.14,0.4768,1,37.12,33.77,0.3255,1,165.1,152.95,0.5547,0,148.77,136.07,0.5056,1,39.45,32.89,0.4549,1,170.61,61.66,0.6619,1,105.21,37.04,0.6633,1,177.48,69.12,0.7854,1,18.03,128.41,0.2158,0,117.06,116.04,0.2743,1,112.21,140.23,0.8888,0,102.98,170.78,0.7455,1,125.34,113.48,0.5321,1,121.45,148.97,0.8186,1,118.52,181.94,0.7933,1,47.17,169.1,0.7945,0,128.36,108.8,0.6077,1,25.53,105.05,0.2901,0,35.16,131.95,0.579,0,29.88,133.32,0.5436,0,40.44,173.76,0.5752,0,78.67,118.68,0.5407,0,84.86,81.47,0.507,0,88.24,79.66,0.6028,0
beef_cattle_behavior,Feeding,train,beef_195_4_clip_0,7,True,True,pose_output_returned,143.43,0.4806,0.4248,38,16,0.6923,0.6842,27,196.69,190.53,0.7586,1,192.76,192.86,0.8722,0,190.18,191.63,0.821,1,189.13,183.44,0.467,1,198.78,188.39,0.5697,1,205.42,167.09,0.7567,1,197.46,153.28,0.3223,1,195.19,33.97,0.4737,0,203.04,154.16,0.5178,1,193.39,35.25,0.4507,0,212.31,168.58,0.8327,0,211.42,150.53,0.2169,0,191.28,32.67,0.2159,1,207.59,152.81,0.4248,1,197.31,36.31,0.3241,0,200.83,57.64,0.5808,0,200.18,53.07,0.2364,0,180.42,155.34,0.421,1,179.37,148.16,0.2506,1,157.1,49.55,0.2975,1,172.15,60.81,0.7835,1,111.33,38.27,0.3913,1,174.72,69.54,0.8189,1,148.32,98.96,0.0865,1,113.9,113.36,0.3875,1,115.17,136.5,0.6927,1,114.06,174.52,0.7807,1,125.24,116.54,0.3925,1,109.44,137.3,0.6857,0,106.31,173.25,0.6791,0,115.78,175.39,0.3168,1,132.0,110.4,0.7298,1,174.5,111.76,0.4039,1,117.18,144.41,0.5001,1,120.09,143.97,0.2178,1,119.03,175.93,0.2248,1,89.14,110.36,0.2327,0,179.3,86.24,0.2587,1,106.32,79.63,0.3492,0
beef_cattle_behavior,Feeding,train,beef_102_4_clip_0,0,True,True,pose_output_returned,144.63,0.3128,0.2696,27,5,0.0256,0.037,1,14.54,140.47,0.5664,0,14.37,142.95,0.4757,0,15.63,143.33,0.4444,0,15.0,141.66,0.3494,0,19.8,139.52,0.435,0,11.28,123.22,0.7956,0,87.69,131.01,0.1978,0,90.02,127.58,0.2297,0,9.91,110.64,0.1455,0,8.93,112.26,0.1468,0,17.19,122.83,0.5111,0,42.62,111.52,0.0719,0,46.83,103.19,0.1158,0,23.92,112.26,0.1394,0,135.22,114.36,0.1818,0,78.17,138.42,0.4219,0,84.23,122.63,0.2135,0,31.43,139.25,0.4612,0,29.49,142.99,0.2673,0,82.36,119.67,0.4529,0,86.3,123.4,0.3434,0,70.02,104.14,0.2696,0,86.4,127.04,0.3033,0,123.4,189.52,0.1971,0,113.65,144.76,0.2515,0,100.48,186.27,0.197,0,103.14,190.32,0.3007,0,30.72,163.31,0.2902,0,46.64,190.94,0.2295,0,102.94,190.2,0.3319,0,102.48,189.71,0.2036,0,117.93,134.53,0.3349,1,24.51,167.92,0.4313,0,45.73,191.82,0.8193,0,22.35,192.23,0.5238,0,16.17,191.47,0.0766,0,45.66,162.73,0.2107,0,39.85,158.99,0.1095,0,108.27,129.52,0.154,0
beef_cattle_behavior,Feeding,train,beef_102_4_clip_0,1,True,True,pose_output_returned,143.26,0.2427,0.2073,21,3,0.4615,0.4286,18,205.78,177.55,0.096,1,192.02,138.08,0.0839,1,192.54,134.63,0.0575,0,182.73,165.73,0.0486,1,148.99,148.55,0.0991,1,190.17,162.34,0.5274,1,167.54,36.96,0.0894,0,164.79,40.53,0.3366,0,170.23,36.8,0.142,0,185.51,131.31,0.2015,1,200.73,154.54,0.2073,1,163.12,36.61,0.0593,0,184.48,37.41,0.0816,0,195.17,140.93,0.1132,1,214.03,62.64,0.1304,0,165.68,53.23,0.1733,0,214.43,43.97,0.2874,0,131.46,121.79,0.0814,1,130.03,124.5,0.1924,1,213.21,43.1,0.3512,0,168.36,43.0,0.635,0,205.43,43.29,0.3762,0,166.93,45.44,0.613,0,161.46,45.29,0.2272,0,132.5,131.47,0.4392,1,121.63,149.17,0.4993,1,185.0,131.92,0.265,1,128.08,129.86,0.3693,1,119.61,149.97,0.368,1,187.28,131.24,0.3625,1,140.96,173.39,0.2364,0,181.68,80.08,0.3232,0,175.95,77.09,0.1624,0,119.2,150.07,0.1649,1,119.39,149.97,0.1436,1,188.51,130.95,0.1348,0,215.26,102.06,0.2446,0,190.26,74.78,0.2445,0,203.62,72.78,0.2975,0
beef_cattle_behavior,Feeding,train,beef_102_4_clip_0,2,True,True,pose_output_returned,143.24,0.2892,0.2439,24,2,0.1026,0.0417,4,9.92,132.18,0.1818,0,9.74,130.22,0.1727,0,10.74,131.0,0.1768,0,8.58,130.77,0.1944,0,16.99,125.95,0.242,0,3.58,114.95,0.4946,0,113.96,113.3,0.1148,1,100.53,116.46,0.1591,1,0.52,110.06,0.1299,0,84.92,193.76,0.1632,0,6.61,114.05,0.4925,0,14.81,102.74,0.0498,0,113.34,114.1,0.2439,1,7.57,76.77,0.1287,0,120.41,188.72,0.2521,0,115.35,114.42,0.173,1,80.7,105.56,0.1637,0,22.93,127.63,0.384,0,21.94,131.55,0.3172,0,75.57,97.29,0.33,0,54.39,132.26,0.2319,0,74.64,102.26,0.2882,0,49.29,141.98,0.3858,0,57.59,133.28,0.0876,0,74.83,139.04,0.2173,0,115.25,150.41,0.1654,0,62.28,199.15,0.196,0,21.63,152.03,0.3039,0,80.15,191.57,0.2638,0,62.48,198.95,0.284,0,11.02,204.34,0.4912,0,19.47,151.04,0.7192,0,69.48,143.56,0.7987,0,9.25,185.82,0.4995,0,40.32,176.18,0.3199,0,57.23,199.71,0.488,0,100.22,132.31,0.4295,0,86.35,123.46,0.3077,0,75.67,126.98,0.2374,0
beef_cattle_behavior,Feeding,train,beef_102_4_clip_0,3,True,True,pose_output_returned,144.56,0.2605,0.2129,21,2,0.2051,0.0952,8,117.97,211.57,0.1959,0,118.67,213.44,0.2199,0,111.0,217.39,0.1483,0,109.25,211.25,0.1817,0,122.24,210.11,0.2685,0,12.61,107.61,0.366,0,113.07,93.59,0.1203,1,102.2,121.02,0.3407,1,115.75,97.68,0.141,0,47.86,175.78,0.2129,0,13.7,107.43,0.4013,0,124.49,192.92,0.0882,0,42.84,84.12,0.2531,0,21.76,87.64,0.1338,0,117.56,85.74,0.1928,1,27.31,117.2,0.0985,0,108.58,165.9,0.2781,0,70.0,185.86,0.1765,0,29.56,122.95,0.2008,0,107.29,166.33,0.3779,0,68.43,114.51,0.2788,0,86.7,94.14,0.3335,0,62.6,127.38,0.3163,0,144.68,145.69,0.0874,1,113.35,90.55,0.3617,1,101.58,171.63,0.1423,0,31.97,192.16,0.1917,0,103.74,170.74,0.345,0,130.73,135.77,0.1454,0,143.59,148.65,0.1915,1,35.26,191.86,0.4153,0,32.09,143.09,0.5554,0,81.87,135.58,0.6521,0,21.57,154.45,0.4435,0,57.26,170.01,0.1851,0,64.11,193.94,0.4869,0,105.65,125.42,0.1717,1,90.78,121.66,0.2624,0,99.66,119.82,0.1976,1
beef_cattle_behavior,Feeding,train,beef_102_4_clip_0,4,True,True,pose_output_returned,140.34,0.3048,0.2991,32,3,0.0513,0.0312,2,122.29,222.05,0.4418,0,120.12,224.24,0.3652,0,110.91,222.48,0.27,0,113.06,217.57,0.3005,0,123.85,216.44,0.3464,0,13.76,108.82,0.4924,0,106.67,186.72,0.2331,0,132.93,193.75,0.2869,0,127.59,190.25,0.4691,0,131.95,192.34,0.3072,0,15.22,108.21,0.5985,0,132.91,187.25,0.3303,0,136.1,191.16,0.306,0,130.42,189.99,0.5068,0,132.8,187.23,0.2792,0,84.93,164.56,0.2727,0,89.99,97.02,0.2123,0,32.1,125.94,0.243,0,33.93,128.6,0.1799,0,89.58,94.31,0.3262,0,70.86,126.87,0.1055,0,38.51,72.0,0.2905,0,63.66,136.09,0.1114,0,74.58,202.87,0.0705,0,136.73,118.59,0.1549,1,137.91,141.31,0.1969,0,24.43,194.0,0.142,0,136.47,119.37,0.2549,1,54.38,185.09,0.3714,0,72.43,197.79,0.3023,0,27.14,197.36,0.2389,0,33.29,147.89,0.5794,0,43.05,145.77,0.3342,0,21.18,192.92,0.4244,0,50.92,176.53,0.2991,0,61.98,196.15,0.4416,0,52.65,197.4,0.3172,0,45.41,114.41,0.2215,0,46.15,116.22,0.2646,0
beef_cattle_behavior,Feeding,train,beef_102_4_clip_0,5,True,True,pose_output_returned,144.96,0.3442,0.3401,33,5,0.0513,0.0303,2,15.98,132.53,0.6242,0,18.01,135.85,0.4732,0,19.62,136.41,0.3401,0,15.6,134.58,0.3899,0,23.39,133.68,0.4445,0,9.55,114.27,0.7055,0,7.54,97.96,0.1539,0,108.08,97.05,0.1957,1,9.87,103.81,0.188,0,4.42,95.93,0.3468,0,15.86,113.03,0.6569,0,132.08,203.18,0.0833,0,135.81,202.19,0.2472,0,11.78,101.13,0.2088,0,81.78,125.65,0.2527,0,110.71,192.93,0.1335,0,115.16,179.68,0.2517,0,75.08,186.31,0.4156,0,59.66,174.02,0.259,0,113.47,176.01,0.2107,0,14.54,154.34,0.2852,0,95.0,105.42,0.4142,0,14.62,157.77,0.2036,0,16.63,201.88,0.2313,0,111.0,176.52,0.3773,0,132.06,151.01,0.2207,0,72.06,207.2,0.4599,0,40.48,148.6,0.4228,0,57.75,186.01,0.3899,0,69.67,208.18,0.5256,0,59.06,206.37,0.6,0,137.04,126.77,0.405,0,85.21,136.62,0.4928,0,53.59,181.55,0.2555,0,19.06,205.6,0.2642,0,50.64,206.52,0.4562,0,113.27,133.06,0.1663,0,101.83,125.73,0.2925,1,95.21,129.4,0.3788,0
beef_cattle_behavior,Feeding,train,beef_102_4_clip_0,6,True,True,pose_output_returned,142.6,0.278,0.2502,24,2,0.0256,0.0,1,135.67,207.23,0.4901,0,133.13,210.73,0.4941,0,128.43,211.53,0.4452,0,128.75,208.84,0.2771,0,127.48,208.38,0.2458,0,10.94,112.56,0.223,0,126.06,206.39,0.1321,0,105.36,133.7,0.192,1,129.82,200.65,0.184,0,67.98,200.37,0.1313,0,13.03,111.49,0.2502,0,18.16,158.22,0.109,0,132.93,192.53,0.143,0,133.5,195.37,0.1841,0,137.38,195.55,0.1595,0,109.75,187.1,0.3191,0,76.16,138.55,0.2631,0,73.58,186.1,0.2038,0,57.57,177.0,0.1665,0,75.88,137.0,0.195,0,21.41,148.66,0.4475,0,55.86,81.93,0.2824,0,19.69,152.63,0.4215,0,15.69,156.64,0.1561,0,107.35,175.09,0.0816,0,52.04,181.33,0.3827,0,78.42,205.11,0.2549,0,106.82,181.6,0.1919,0,54.54,180.8,0.3019,0,56.31,202.09,0.4441,0,55.97,201.31,0.5663,0,26.91,158.0,0.3593,0,40.72,152.15,0.2257,0,54.4,180.84,0.3943,0,22.28,197.64,0.3597,0,53.76,202.77,0.5697,0,116.5,133.59,0.2895,0,45.77,120.17,0.1203,0,101.31,122.53,0.183,0
beef_cattle_behavior,Feeding,train,beef_102_4_clip_0,7,True,True,pose_output_returned,148.47,0.2693,0.232,25,3,0.0256,0.04,1,137.95,204.24,0.1799,0,134.98,208.42,0.2333,0,20.85,133.68,0.1808,0,18.56,127.59,0.1123,0,22.19,128.2,0.323,0,12.15,110.64,0.5021,0,10.7,82.16,0.1285,0,105.21,109.72,0.338,0,59.76,199.44,0.1396,0,97.84,206.85,0.1495,0,16.95,110.21,0.6712,0,107.36,109.99,0.0592,0,108.48,111.58,0.1778,0,11.79,100.52,0.1402,0,134.06,89.25,0.311,1,73.7,136.4,0.232,0,102.42,100.11,0.2144,0,43.2,130.17,0.545,0,41.18,134.7,0.3586,0,95.84,100.07,0.2839,0,83.33,132.93,0.2257,0,14.26,69.15,0.2017,0,79.21,139.41,0.2687,0,60.36,197.71,0.255,0,43.01,154.51,0.173,0,102.24,201.24,0.1681,0,18.6,220.2,0.381,0,37.01,156.08,0.3751,0,54.58,193.52,0.2183,0,136.44,203.88,0.2288,0,19.88,219.56,0.4317,0,35.48,157.52,0.3282,0,93.61,152.01,0.4029,0,47.96,183.33,0.1879,0,19.11,207.57,0.1692,0,69.37,205.74,0.4175,0,69.82,207.25,0.1839,0,105.34,136.05,0.3136,0,100.1,135.5,0.2926,0
beef_cattle_behavior,Feeding,train,beef_154_6_clip_0,0,False,False,pose_detector_failure,125.45,0.0,0.0,0,0,0.0,0.0,0,,,0.0,0,,,0.0,0,,,0.0,0,,,0.0,0,,,0.0,0,,,0.0,0,,,0.0,0,,,0.0,0,,,0.0,0,,,0.0,0,,,0.0,0,,,0.0,0,,,0.0,0,,,0.0,0,,,0.0,0,,,0.0,0,,,0.0,0,,,0.0,0,,,0.0,0,,,0.0,0,,,0.0,0,,,0.0,0,,,0.0,0,,,0.0,0,,,0.0,0,,,0.0,0,,,0.0,0,,,0.0,0,,,0.0,0,,,0.0,0,,,0.0,0,,,0.0,0,,,0.0,0,,,0.0,0,,,0.0,0,,,0.0,0,,,0.0,0,,,0.0,0,,,0.0,0
beef_cattle_behavior,Feeding,train,beef_154_6_clip_0,1,False,False,pose_detector_failure,133.3,0.0,0.0,0,0,0.0,0.0,0,,,0.0,0,,,0.0,0,,,0.0,0,,,0.0,0,,,0.0,0,,,0.0,0,,,0.0,0,,,0.0,0,,,0.0,0,,,0.0,0,,,0.0,0,,,0.0,0,,,0.0,0,,,0.0,0,,,0.0,0,,,0.0,0,,,0.0,0,,,0.0,0,,,0.0,0,,,0.0,0,,,0.0,0,,,0.0,0,,,0.0,0,,,0.0,0,,,0.0,0,,,0.0,0,,,0.0,0,,,0.0,0,,,0.0,0,,,0.0,0,,,0.0,0,,,0.0,0,,,0.0,0,,,0.0,0,,,0.0,0,,,0.0,0,,,0.0,0,,,0.0,0,,,0.0,0
beef_cattle_behavior,Feeding,train,beef_154_6_clip_0,2,True,True,pose_output_returned,142.26,0.208,0.1802,16,0,0.4872,0.3125,19,206.81,174.52,0.3821,1,206.93,182.39,0.3089,1,201.21,186.52,0.3788,1,199.18,179.67,0.3236,1,200.87,175.23,0.1507,1,202.7,168.7,0.0856,1,192.69,65.34,0.1802,0,187.42,63.12,0.246,0,192.45,62.69,0.1141,0,26.81,75.18,0.2678,0,207.88,173.01,0.0748,1,192.98,179.24,0.1094,1,186.0,178.16,0.1998,1,202.16,61.37,0.0841,0,193.47,60.44,0.116,0,109.8,87.5,0.1486,1,97.56,86.22,0.1049,1,147.59,159.08,0.1032,1,147.39,163.54,0.1338,1,190.38,51.73,0.1168,0,34.57,106.04,0.2332,0,188.29,47.82,0.0885,0,32.9,111.33,0.3385,0,22.27,71.31,0.2821,0,119.67,148.77,0.1334,1,108.74,168.83,0.1808,0,75.86,192.61,0.413,0,127.66,146.02,0.1245,1,106.82,170.52,0.2008,0,87.48,188.06,0.3364,0,80.05,185.64,0.1958,0,72.63,116.65,0.3161,1,49.65,125.59,0.4823,0,110.95,131.6,0.1558,0,58.96,148.9,0.3722,0,52.8,164.61,0.318,0,87.5,128.12,0.1192,1,130.61,125.46,0.1216,1,151.61,147.26,0.0687,1
beef_cattle_behavior,Feeding,train,beef_154_6_clip_0,3,False,False,pose_detector_failure,122.99,0.0,0.0,0,0,0.0,0.0,0,,,0.0,0,,,0.0,0,,,0.0,0,,,0.0,0,,,0.0,0,,,0.0,0,,,0.0,0,,,0.0,0,,,0.0,0,,,0.0,0,,,0.0,0,,,0.0,0,,,0.0,0,,,0.0,0,,,0.0,0,,,0.0,0,,,0.0,0,,,0.0,0,,,0.0,0,,,0.0,0,,,0.0,0,,,0.0,0,,,0.0,0,,,0.0,0,,,0.0,0,,,0.0,0,,,0.0,0,,,0.0,0,,,0.0,0,,,0.0,0,,,0.0,0,,,0.0,0,,,0.0,0,,,0.0,0,,,0.0,0,,,0.0,0,,,0.0,0,,,0.0,0,,,0.0,0
beef_cattle_behavior,Feeding,train,beef_154_6_clip_0,4,False,False,pose_detector_failure,132.51,0.0,0.0,0,0,0.0,0.0,0,,,0.0,0,,,0.0,0,,,0.0,0,,,0.0,0,,,0.0,0,,,0.0,0,,,0.0,0,,,0.0,0,,,0.0,0,,,0.0,0,,,0.0,0,,,0.0,0,,,0.0,0,,,0.0,0,,,0.0,0,,,0.0,0,,,0.0,0,,,0.0,0,,,0.0,0,,,0.0,0,,,0.0,0,,,0.0,0,,,0.0,0,,,0.0,0,,,0.0,0,,,0.0,0,,,0.0,0,,,0.0,0,,,0.0,0,,,0.0,0,,,0.0,0,,,0.0,0,,,0.0,0,,,0.0,0,,,0.0,0,,,0.0,0,,,0.0,0,,,0.0,0,,,0.0,0
beef_cattle_behavior,Feeding,train,beef_154_6_clip_0,5,True,True,pose_output_returned,148.52,0.1896,0.1855,17,0,0.8718,0.8235,34,53.81,145.31,0.0893,1,205.35,198.88,0.0497,1,99.58,189.06,0.1409,1,72.73,185.57,0.069,1,50.61,171.65,0.076,1,66.66,145.81,0.1783,1,62.66,141.42,0.2696,1,50.0,138.08,0.2604,1,65.37,142.99,0.22,1,22.42,58.71,0.1855,1,69.13,144.2,0.1508,1,77.73,137.56,0.2469,1,205.16,143.51,0.2534,1,77.86,138.3,0.3694,1,96.2,111.29,0.211,1,121.05,38.96,0.1449,1,117.22,34.86,0.2973,0,157.18,146.42,0.089,1,106.85,140.13,0.14,1,113.79,29.12,0.2097,0,204.31,150.06,0.1007,1,125.25,99.4,0.0936,1,209.26,158.7,0.289,1,19.26,186.8,0.325,1,124.16,128.8,0.2687,1,140.7,157.72,0.1091,1,203.95,204.86,0.1461,1,117.09,128.03,0.2884,1,63.69,116.39,0.13,1,202.08,208.18,0.2019,1,81.55,189.59,0.186,1,116.17,125.11,0.2738,1,82.38,160.41,0.1703,0,85.34,167.82,0.1207,1,79.25,163.13,0.1914,0,79.83,179.33,0.2969,1,79.51,160.35,0.2105,0,71.28,109.02,0.1635,1,153.97,142.98,0.1783,1
beef_cattle_behavior,Feeding,train,beef_154_6_clip_0,6,True,True,pose_output_returned,143.34,0.316,0.2703,24,8,0.7179,0.7083,28,127.83,203.83,0.6622,1,128.57,209.93,0.6352,0,124.3,209.77,0.4041,0,118.54,209.24,0.176,1,130.04,198.87,0.342,1,91.53,163.2,0.2219,1,70.99,129.6,0.6996,1,55.92,183.38,0.7771,0,72.65,123.97,0.2649,1,41.71,111.62,0.6578,1,92.32,151.5,0.1191,1,75.37,130.75,0.2546,1,41.69,110.86,0.2401,0,76.27,129.07,0.3561,1,96.62,109.85,0.3206,0,103.64,196.01,0.2703,1,98.08,179.76,0.091,1,97.96,191.42,0.1741,1,90.42,207.17,0.1282,1,56.7,127.75,0.0813,1,64.73,126.44,0.3096,1,90.31,116.23,0.3435,1,66.51,127.81,0.3525,1,28.88,203.18,0.3856,1,132.41,207.86,0.0938,0,50.86,205.96,0.172,1,126.95,202.98,0.4972,1,53.46,192.43,0.5223,1,50.94,204.77,0.7351,1,49.99,209.93,0.6216,0,96.34,157.7,0.186,1,105.96,161.43,0.1054,0,94.39,188.06,0.1172,1,49.21,205.97,0.0884,0,49.16,201.48,0.2931,1,48.07,209.87,0.3691,0,103.46,182.41,0.0875,1,57.35,135.06,0.0758,0,92.74,153.66,0.0926,1
beef_cattle_behavior,Feeding,train,beef_154_6_clip_0,7,False,False,pose_detector_failure,127.91,0.0,0.0,0,0,0.0,0.0,0,,,0.0,0,,,0.0,0,,,0.0,0,,,0.0,0,,,0.0,0,,,0.0,0,,,0.0,0,,,0.0,0,,,0.0,0,,,0.0,0,,,0.0,0,,,0.0,0,,,0.0,0,,,0.0,0,,,0.0,0,,,0.0,0,,,0.0,0,,,0.0,0,,,0.0,0,,,0.0,0,,,0.0,0,,,0.0,0,,,0.0,0,,,0.0,0,,,0.0,0,,,0.0,0,,,0.0,0,,,0.0,0,,,0.0,0,,,0.0,0,,,0.0,0,,,0.0,0,,,0.0,0,,,0.0,0,,,0.0,0,,,0.0,0,,,0.0,0,,,0.0,0,,,0.0,0
beef_cattle_behavior,Feeding,train,beef_180_1_clip_0,0,True,True,pose_output_returned,146.53,0.6757,0.6852,39,33,0.5897,0.5897,23,217.11,148.29,0.9807,0,212.09,154.07,0.9845,0,206.35,154.75,0.7605,0,203.83,148.87,0.729,1,207.24,149.88,0.7277,1,203.74,125.43,0.8812,1,190.99,116.35,0.694,0,187.37,111.22,0.5119,0,195.3,113.22,0.7455,1,199.07,104.4,0.291,0,207.11,125.33,0.9041,1,198.31,107.59,0.5502,1,197.48,101.45,0.3478,0,199.45,110.52,0.6072,1,201.76,103.22,0.2527,0,154.51,95.59,0.6551,1,162.85,69.6,0.5325,1,161.01,132.53,0.5347,0,143.47,134.7,0.5088,1,157.88,62.43,0.5463,1,26.63,40.37,0.7788,1,78.04,44.88,0.828,1,16.78,42.14,0.8588,1,18.32,44.34,0.3126,1,115.71,128.58,0.6733,0,102.55,151.52,0.5564,1,116.52,180.15,0.6271,0,115.28,126.54,0.9485,0,95.02,152.28,0.8055,1,117.95,181.84,0.5467,0,36.05,148.62,0.8223,0,37.38,103.55,0.9763,1,24.61,100.54,0.8736,1,32.75,124.45,0.9296,1,19.1,124.66,0.8791,1,23.04,150.03,0.6852,0,71.42,115.21,0.4905,0,72.26,86.5,0.5408,1,74.37,83.0,0.4739,1
beef_cattle_behavior,Feeding,train,beef_180_1_clip_0,1,True,True,pose_output_returned,140.27,0.6633,0.7158,39,29,0.641,0.641,25,218.73,152.01,1.0,1,214.37,157.5,0.9793,1,209.17,158.37,0.8255,1,204.61,152.23,0.7307,1,214.3,152.3,0.7555,1,198.51,127.42,0.8152,1,187.41,120.03,0.5823,1,182.49,118.57,0.4343,1,191.33,113.86,0.6005,1,171.27,41.33,0.2753,0,211.08,124.67,1.0,0,207.18,110.56,0.4227,0,216.04,94.23,0.3538,0,205.3,113.19,0.5124,0,219.05,100.7,0.2378,0,160.79,102.6,0.7525,0,166.58,78.5,0.6094,1,162.0,132.75,0.4054,0,140.76,133.81,0.4106,1,162.83,71.12,0.661,1,24.88,43.98,0.7224,1,86.54,46.53,0.7288,1,17.61,46.01,0.8943,1,11.05,128.41,0.2983,0,111.39,128.15,0.9088,1,101.66,153.43,0.6822,0,108.24,180.89,0.5358,0,109.03,127.14,0.8273,1,94.86,154.15,0.7216,1,76.08,179.2,0.7158,1,29.61,142.49,0.4795,0,35.02,101.84,0.8774,1,31.41,102.8,1.0,1,24.43,118.51,0.7425,1,32.24,130.81,0.9757,1,36.44,153.52,0.8475,0,72.64,118.3,0.5867,0,74.2,87.57,0.5386,1,81.15,88.15,0.4222,1
beef_cattle_behavior,Feeding,train,beef_180_1_clip_0,2,True,True,pose_output_returned,141.29,0.627,0.6734,39,27,0.5897,0.5897,23,218.37,138.34,0.9579,1,218.55,143.33,0.9364,0,214.32,143.66,0.7369,0,208.02,140.26,0.7182,0,212.47,138.28,0.9155,0,204.52,127.45,0.7712,0,186.05,119.93,0.4437,1,175.89,116.15,0.3503,1,190.96,115.66,0.5558,1,169.45,39.64,0.3023,0,204.59,126.66,0.763,0,196.27,108.94,0.2481,0,197.75,109.08,0.2409,0,195.31,113.8,0.4153,1,202.72,112.59,0.2456,0,158.4,101.03,0.6734,0,159.53,76.43,0.5483,1,154.23,129.95,0.2581,1,139.39,132.09,0.4993,1,156.16,72.9,0.6098,1,19.55,49.06,0.8899,1,78.08,48.6,0.713,1,11.5,50.43,0.9152,1,17.61,46.31,0.3632,1,107.46,129.71,0.7422,1,99.18,151.49,0.6577,0,102.46,176.32,0.6053,0,105.66,128.04,0.8364,1,88.19,150.68,0.681,1,72.05,176.89,0.6463,1,13.89,138.17,0.7675,0,30.07,100.82,0.8425,1,27.47,102.98,0.8746,1,16.73,114.03,0.7412,0,28.41,128.06,0.9482,1,30.01,150.22,0.7101,0,67.49,116.69,0.5103,1,70.17,88.83,0.4459,1,77.26,90.2,0.3726,1
beef_cattle_behavior,Feeding,train,beef_180_1_clip_0,3,True,True,pose_output_returned,143.4,0.5083,0.5141,39,22,0.6667,0.6667,26,195.71,131.78,0.6022,0,195.69,134.16,0.5141,0,190.13,135.44,0.4823,0,186.37,131.78,0.4465,0,196.95,131.48,0.4288,0,187.22,117.23,0.5068,0,172.59,107.44,0.5436,0,175.15,126.19,0.2408,1,179.73,96.57,0.4191,1,192.44,113.3,0.2571,0,197.53,109.73,0.7887,1,182.9,89.19,0.6031,1,184.77,82.94,0.3647,1,183.56,90.29,0.6506,1,203.07,101.87,0.2052,0,149.11,83.13,0.5776,1,153.16,65.69,0.4848,1,155.96,124.25,0.2699,1,141.7,128.19,0.3051,1,149.47,60.14,0.5284,1,28.55,22.36,0.2973,1,73.66,24.11,0.5049,1,20.8,23.74,0.3811,1,69.0,31.87,0.2012,1,121.58,124.55,0.3729,0,130.04,149.61,0.6211,0,125.05,176.16,0.8035,1,89.12,114.37,0.5723,1,124.35,149.45,0.7669,1,126.87,181.8,0.6029,0,38.37,162.73,0.6465,0,89.5,113.1,0.5877,1,26.81,99.43,0.6773,1,88.22,149.48,0.6749,1,91.16,148.82,0.6454,1,91.37,200.06,0.7306,1,64.46,109.68,0.6689,1,57.67,77.77,0.4912,1,69.47,76.09,0.3591,1
beef_cattle_behavior,Feeding,train,beef_180_1_clip_0,4,True,True,pose_output_returned,140.09,0.6823,0.7179,39,31,0.641,0.641,25,214.65,154.68,0.9711,1,211.34,160.6,0.9678,0,204.43,161.91,0.7831,1,199.82,157.43,0.7577,1,206.91,154.24,0.7179,1,193.22,131.45,0.9197,1,171.96,121.08,0.631,1,156.92,115.76,0.5109,0,180.22,112.37,0.6655,1,186.9,102.23,0.2513,0,199.05,127.13,1.0,1,189.91,107.4,0.7479,1,187.99,98.25,0.7486,0,193.32,109.71,0.7694,1,193.27,101.23,0.3125,0,129.08,88.54,0.7165,1,133.99,68.74,0.4635,1,148.77,138.85,0.5251,1,125.29,126.39,0.2703,1,123.66,55.7,0.4878,1,22.29,35.54,0.6854,1,70.72,38.57,0.6538,1,18.71,36.63,0.9147,1,18.45,131.55,0.2061,0,110.96,123.94,0.8865,0,111.68,152.5,0.6834,0,111.77,180.14,0.7631,1,85.79,118.11,0.9338,1,80.71,154.0,0.7731,0,77.85,187.72,0.437,1,33.64,146.87,0.6761,0,36.72,100.1,0.8971,0,22.59,97.66,0.8914,0,30.91,122.89,0.8034,1,27.31,127.91,0.8932,1,32.76,150.56,0.7489,0,56.1,113.56,0.6653,0,56.2,86.87,0.5712,1,55.48,86.51,0.3101,1
beef_cattle_behavior,Feeding,train,beef_180_1_clip_0,5,True,True,pose_output_returned,140.61,0.6453,0.631,39,29,0.6154,0.6154,24,204.59,206.98,0.9293,0,201.49,211.8,0.783,0,193.15,210.36,0.654,1,190.86,202.53,0.6081,1,211.43,200.89,0.631,0,182.35,164.31,0.9603,1,172.91,140.75,0.5751,1,151.13,135.81,0.3197,1,179.97,132.54,0.7122,1,190.64,121.81,0.2374,1,209.6,158.73,0.8378,0,205.7,126.41,0.6888,0,205.54,120.7,0.3762,0,203.15,131.17,0.5877,0,201.45,114.15,0.3235,0,145.23,83.54,0.6432,1,152.71,54.61,0.6139,1,150.86,139.58,0.6246,1,138.34,129.6,0.5324,0,150.14,48.36,0.7248,1,23.69,19.17,0.8152,1,75.39,15.68,0.7414,1,20.26,20.85,0.7655,1,19.9,137.53,0.8156,0,146.72,123.04,0.4784,0,129.02,161.06,0.4665,1,122.31,201.16,0.4534,0,101.27,119.12,0.7911,1,100.53,163.01,0.8387,1,96.32,207.25,0.5984,1,48.42,160.41,0.9049,0,45.79,95.13,1.0,1,24.84,88.52,0.862,1,37.72,127.77,0.8847,1,29.17,131.26,0.4919,1,31.58,164.71,0.5309,0,67.65,110.64,0.4322,0,55.37,73.89,0.5855,1,55.62,71.35,0.3477,1
beef_cattle_behavior,Feeding,train,beef_180_1_clip_0,6,True,True,pose_output_returned,143.73,0.4746,0.3395,34,15,0.6667,0.7059,26,151.26,142.99,0.3208,1,157.96,143.63,0.2758,1,147.61,144.99,0.316,1,154.92,139.45,0.2108,1,161.91,133.61,0.3719,1,154.06,118.5,0.234,1,170.81,117.26,0.3287,0,138.96,58.61,0.1481,1,159.04,108.29,0.3368,1,171.64,130.43,0.1674,1,173.49,116.13,0.1936,0,173.2,108.12,0.2977,0,171.0,108.37,0.1328,0,170.21,108.51,0.2933,1,164.66,108.56,0.2628,1,134.59,60.69,0.7033,1,144.31,46.76,0.4105,1,145.73,128.97,0.2722,0,130.91,129.09,0.3351,0,143.34,39.82,0.3782,1,38.23,18.15,0.7449,1,86.74,16.1,0.9018,1,36.37,20.79,0.7844,1,61.31,97.13,0.0679,0,103.17,117.62,0.2126,1,141.96,144.83,0.7175,0,137.21,177.07,0.4243,0,101.77,115.0,0.9377,1,107.91,152.1,0.606,1,109.38,177.51,0.6298,0,57.56,155.12,0.8972,0,62.13,91.79,0.8461,1,32.51,84.01,0.9488,1,54.23,119.5,0.8733,1,32.09,117.89,0.8828,1,33.75,153.92,0.8501,0,78.91,110.09,0.5171,0,62.46,66.77,0.3395,1,50.72,66.13,0.3374,1
beef_cattle_behavior,Feeding,train,beef_180_1_clip_0,7,True,True,pose_output_returned,141.36,0.661,0.6686,38,28,0.7949,0.7895,31,203.32,207.86,0.9782,1,200.34,213.81,0.8682,1,195.72,213.29,0.7364,1,189.81,209.44,0.5972,1,204.84,202.09,0.6773,1,180.61,172.76,0.9075,1,160.33,152.2,0.6993,1,140.2,152.41,0.765,0,171.52,141.13,0.4908,1,179.61,143.08,0.2096,1,205.6,162.21,0.8383,1,197.54,131.07,0.6258,1,198.61,115.05,0.4889,0,199.17,136.23,0.5818,1,202.27,119.21,0.3067,0,131.95,74.92,0.6501,0,143.95,52.07,0.454,1,148.35,153.09,0.1166,1,131.3,127.58,0.2418,0,144.69,45.41,0.5485,1,28.56,14.73,0.8737,1,75.97,17.16,0.9556,1,27.32,16.4,0.8769,1,27.12,16.86,0.3008,1,109.33,124.71,0.4427,1,108.04,159.78,0.6371,1,107.11,204.06,0.4593,1,102.37,120.44,1.0,1,106.48,161.88,0.8809,1,106.94,207.98,0.6686,1,58.73,158.91,1.0,0,56.23,91.69,0.8109,1,24.1,89.19,0.9606,1,50.06,123.34,0.986,1,26.68,125.59,0.8763,1,29.73,161.32,0.842,0,70.38,116.77,0.5312,0,50.97,71.3,0.5344,1,51.5,68.9,0.3597,1
beef_cattle_behavior,Feeding,val,beef_175_2_clip_0,0,True,True,pose_output_returned,140.09,0.5411,0.5472,36,21,0.641,0.6111,25,164.11,211.64,0.9591,1,163.49,218.19,0.9036,0,158.61,217.84,0.7209,0,150.0,212.13,0.5923,0,170.61,210.01,0.7579,0,138.69,177.3,0.9453,1,133.68,157.46,0.6421,1,123.11,160.92,0.4674,1,141.74,159.06,0.7031,1,149.42,151.37,0.4459,1,163.51,172.77,0.8378,1,160.69,151.27,0.5472,1,168.36,149.71,0.5741,1,159.63,154.91,0.5227,1,165.93,154.31,0.4449,1,90.55,58.7,0.4096,1,110.98,59.42,0.1399,1,126.97,156.95,0.1506,1,105.54,102.24,0.2546,1,98.02,27.94,0.1474,1,67.47,9.55,0.7605,1,89.89,23.45,0.4072,1,65.93,10.74,0.9795,1,51.77,69.61,0.3794,0,132.65,99.33,0.5539,1,132.35,150.7,0.3133,1,128.24,179.96,0.318,0,99.74,106.01,0.689,1,116.67,146.89,0.8185,0,120.6,174.25,0.8122,0,97.88,138.35,0.3127,0,73.21,88.86,0.3473,1,62.85,81.42,0.7655,0,95.02,116.61,0.2957,1,68.99,116.33,0.5775,0,71.56,140.13,0.3251,0,86.69,105.21,0.4962,0,61.61,65.33,0.2283,0,138.68,64.7,0.5585,1
beef_cattle_behavior,Feeding,val,beef_175_2_clip_0,1,True,True,pose_output_returned,143.35,0.5616,0.5405,39,24,0.7179,0.7179,28,177.97,206.77,0.8321,1,177.42,213.42,0.8111,1,173.73,211.95,0.6624,1,164.76,207.93,0.5718,0,179.34,204.26,0.6064,1,148.68,176.16,0.8633,1,138.87,154.1,0.6403,1,136.01,140.29,0.3965,1,145.79,151.05,0.5254,1,155.88,138.75,0.3568,1,170.52,166.96,0.7435,1,162.19,140.18,0.7658,1,166.44,131.82,0.5405,0,160.68,141.48,0.7037,1,164.55,135.84,0.314,0,115.15,77.66,0.6966,1,119.24,76.05,0.3386,1,131.95,125.73,0.3258,1,117.2,98.35,0.2383,1,119.04,61.81,0.2776,1,56.59,11.56,0.933,1,90.9,24.79,0.6401,1,51.33,13.8,1.0,1,43.65,66.2,0.2333,1,130.74,99.73,0.4066,1,71.88,118.04,0.4537,0,96.3,144.64,0.4965,0,94.9,98.9,0.6857,1,112.17,143.17,0.6895,0,115.48,173.91,0.8745,0,97.54,143.11,0.5239,0,93.19,95.64,0.6303,1,42.85,60.87,0.5052,1,104.35,132.8,0.5237,1,58.75,111.27,0.3785,0,61.16,153.24,0.796,0,70.12,98.9,0.3102,0,67.11,69.53,0.3432,1,68.5,69.3,0.2688,1
beef_cattle_behavior,Feeding,val,beef_175_2_clip_0,2,True,True,pose_output_returned,140.4,0.5077,0.5069,37,20,0.5641,0.5676,22,158.86,210.42,0.8936,1,160.19,214.67,0.9105,0,158.48,212.51,0.6287,0,145.47,209.05,0.6675,0,165.6,205.03,0.6836,1,137.83,179.63,0.8722,1,131.36,154.43,0.623,1,124.04,153.12,0.43,1,140.84,157.29,0.5804,1,138.52,150.87,0.4562,1,160.39,174.73,0.8745,1,163.93,152.92,0.7003,1,177.84,148.66,0.6992,1,158.27,152.37,0.6257,1,149.03,138.88,0.2846,1,119.79,82.78,0.5469,0,129.95,82.57,0.3603,0,131.01,158.55,0.196,1,128.67,116.92,0.226,1,117.1,59.91,0.2839,1,68.22,12.27,0.66,1,100.13,23.53,0.6311,1,64.26,13.16,0.9812,1,167.61,93.53,0.4251,0,136.62,105.2,0.602,0,72.57,112.76,0.3046,0,129.5,177.38,0.0915,0,102.51,104.35,0.7513,1,98.79,123.0,0.5069,0,118.46,159.52,0.5162,0,102.4,139.69,0.3232,0,102.18,100.88,0.3879,1,65.45,82.38,0.362,0,94.3,115.97,0.2674,0,70.96,115.63,0.336,0,76.92,132.35,0.3052,0,81.93,96.47,0.273,0,79.22,72.32,0.2307,1,145.58,67.57,0.3037,1
beef_cattle_behavior,Feeding,val,beef_175_2_clip_0,3,True,True,pose_output_returned,141.45,0.5151,0.4979,36,19,0.6923,0.6667,27,193.16,207.48,0.9805,1,186.61,214.56,0.8216,0,178.03,214.95,0.5837,0,172.6,207.54,0.6367,1,191.01,202.07,0.3444,1,162.22,185.78,0.8328,1,139.8,165.79,0.4565,1,145.94,179.82,0.9164,1,157.26,163.27,0.5247,1,149.5,175.04,0.3908,1,178.17,179.11,0.6349,1,166.85,156.49,0.5163,1,175.21,157.59,0.3298,0,162.14,161.13,0.5603,1,147.73,173.47,0.3465,1,128.02,65.33,0.2879,1,133.69,50.8,0.1068,1,145.83,133.41,0.1213,1,128.0,106.7,0.157,1,129.02,43.41,0.2118,1,49.85,15.52,0.842,1,87.97,15.85,0.5079,1,44.65,16.77,1.0,1,22.67,66.86,0.4235,0,149.23,107.98,0.4506,1,110.59,131.23,0.3774,1,134.51,201.07,0.4061,1,113.11,115.82,0.5542,1,105.69,133.1,0.4506,0,133.72,200.52,0.8446,0,65.23,145.95,0.5395,0,76.88,94.4,0.3322,1,46.94,86.88,0.8895,0,70.65,124.33,0.4979,0,59.92,123.63,0.5329,0,65.87,150.86,0.705,0,91.32,108.11,0.4083,0,64.54,69.21,0.3311,1,76.81,77.9,0.2335,1
beef_cattle_behavior,Feeding,val,beef_175_2_clip_0,4,True,True,pose_output_returned,139.99,0.375,0.3126,26,11,0.5897,0.6538,23,78.44,102.71,0.3282,0,78.4,104.18,0.2993,0,78.44,103.46,0.3207,0,75.84,100.89,0.1563,0,80.89,100.65,0.3865,1,64.34,78.63,0.1416,1,45.08,33.21,0.1008,1,42.94,32.55,0.2992,1,57.94,17.43,0.1688,1,41.51,16.75,0.1439,0,73.01,79.0,0.1741,0,41.62,35.83,0.0999,0,70.98,58.2,0.197,0,149.69,108.43,0.1286,1,67.59,52.49,0.166,0,69.23,52.47,0.3938,0,60.62,49.4,0.0958,1,61.34,81.39,0.2977,1,69.44,85.92,0.2789,0,107.05,13.37,0.1389,1,138.73,41.75,0.755,1,87.78,10.38,0.571,1,139.94,47.31,0.8378,1,135.86,71.19,0.3762,1,87.7,96.31,0.8549,1,89.18,106.63,0.4948,1,76.11,138.57,0.3126,0,62.07,73.48,0.2876,1,126.71,115.63,0.3743,1,127.87,130.57,0.9864,0,124.92,134.41,0.6273,0,125.36,84.83,0.6683,1,160.99,71.56,0.6726,1,128.44,111.79,0.5123,1,155.36,114.89,0.6168,1,148.29,133.77,0.1635,0,107.64,107.07,0.6242,0,101.28,67.42,0.2165,1,98.52,63.08,0.3578,1
beef_cattle_behavior,Feeding,val,beef_175_2_clip_0,5,True,True,pose_output_returned,137.94,0.5373,0.5125,38,21,0.5641,0.5789,22,174.7,210.81,0.9916,1,173.55,216.9,0.9198,0,169.05,216.09,0.6686,0,159.32,210.46,0.7256,0,177.12,205.3,0.6059,1,147.66,184.63,0.8483,1,133.94,156.61,0.5125,1,138.19,146.07,0.4049,0,142.28,162.48,0.6436,1,145.08,153.08,0.5059,1,169.93,174.35,0.8939,1,166.78,149.43,0.979,1,170.99,132.38,0.6507,0,162.21,153.52,0.7561,1,158.33,141.75,0.2812,0,120.75,71.07,0.4426,1,122.78,60.76,0.2666,1,139.2,157.03,0.2383,1,125.16,105.35,0.2482,1,123.55,56.34,0.2536,1,60.48,12.21,0.809,1,89.73,16.34,0.558,1,54.88,14.86,0.9844,1,51.23,19.5,0.2333,1,140.28,104.98,0.5209,1,111.33,135.25,0.4827,0,128.29,184.39,0.1243,0,114.34,106.87,0.694,1,114.59,141.84,0.7387,0,122.98,162.27,0.4901,0,75.1,143.81,0.3125,0,98.73,90.32,0.2692,0,48.13,61.65,0.5756,0,99.63,124.86,0.2884,0,77.41,121.11,0.4219,0,75.73,152.07,0.5705,0,84.42,100.13,0.3551,0,72.82,66.24,0.2493,1,146.25,66.86,0.4393,1
beef_cattle_behavior,Feeding,val,beef_175_2_clip_0,6,True,True,pose_output_returned,139.19,0.4781,0.4597,30,18,0.7179,0.7667,28,169.83,210.42,0.9788,1,168.58,216.49,0.9027,0,164.26,214.01,0.7409,1,156.88,210.27,0.824,1,169.5,206.62,0.6879,1,145.8,188.7,0.9802,1,126.83,166.87,0.6997,1,128.86,175.48,0.6971,1,133.18,166.35,0.6159,1,137.79,168.02,0.5176,1,161.18,181.1,0.7027,1,158.77,159.85,0.6242,1,163.6,161.34,0.361,1,150.6,164.76,0.6137,1,142.74,161.56,0.4597,1,139.52,150.2,0.2409,1,120.82,81.23,0.1368,0,124.07,146.72,0.1243,1,118.03,147.15,0.141,1,98.86,18.72,0.1561,1,66.52,11.42,0.6639,1,93.2,19.77,0.4614,1,62.63,10.77,0.9179,1,176.56,92.27,0.3277,0,138.32,96.91,0.3584,1,121.66,157.93,0.1713,0,108.3,145.56,0.1957,0,106.97,102.42,0.327,1,115.76,140.23,0.5545,1,111.13,149.65,0.6484,0,107.75,145.09,0.1433,0,105.43,96.03,0.3652,1,47.07,44.02,0.6248,0,113.53,135.8,0.1895,1,45.43,59.6,0.4063,0,47.08,60.37,0.2945,0,70.12,87.33,0.3465,0,70.57,60.34,0.2787,1,70.98,61.79,0.1642,1
beef_cattle_behavior,Feeding,val,beef_175_2_clip_0,7,True,True,pose_output_returned,142.28,0.5131,0.4502,37,18,0.6154,0.6486,24,133.99,215.65,1.0,1,135.15,217.51,0.9514,0,136.3,213.77,0.768,1,126.26,206.5,0.6925,0,142.06,210.48,0.7536,1,126.89,178.17,0.9977,1,124.08,149.79,0.5797,1,115.81,143.81,0.4409,0,121.01,161.58,0.5467,1,125.93,146.18,0.4179,0,139.84,181.39,0.8883,1,151.23,161.71,0.4481,1,155.08,164.26,0.2033,1,136.72,164.29,0.4942,1,140.34,162.98,0.3698,1,137.18,66.29,0.7496,1,138.22,66.61,0.2794,1,132.17,82.59,0.1595,0,134.93,94.17,0.3152,1,137.66,40.63,0.2871,1,77.38,10.67,0.7351,1,111.73,18.74,0.603,1,71.18,10.2,0.922,1,56.27,193.28,0.2319,0,151.45,97.77,0.6868,1,147.91,138.96,0.2037,1,147.64,204.7,0.138,0,115.86,98.08,0.5035,1,128.82,142.9,0.5625,0,110.66,156.85,0.5215,0,108.9,146.56,0.4124,0,94.55,78.2,0.4502,1,57.84,53.05,0.6484,0,101.7,113.43,0.2265,0,57.91,73.98,0.4421,0,57.72,86.87,0.3789,1,82.81,87.71,0.3101,0,81.76,63.83,0.3146,1,161.82,68.04,0.3779,0
beef_cattle_behavior,Feeding,val,beef_186_6_clip_0,0,False,False,pose_detector_failure,125.89,0.0,0.0,0,0,0.0,0.0,0,,,0.0,0,,,0.0,0,,,0.0,0,,,0.0,0,,,0.0,0,,,0.0,0,,,0.0,0,,,0.0,0,,,0.0,0,,,0.0,0,,,0.0,0,,,0.0,0,,,0.0,0,,,0.0,0,,,0.0,0,,,0.0,0,,,0.0,0,,,0.0,0,,,0.0,0,,,0.0,0,,,0.0,0,,,0.0,0,,,0.0,0,,,0.0,0,,,0.0,0,,,0.0,0,,,0.0,0,,,0.0,0,,,0.0,0,,,0.0,0,,,0.0,0,,,0.0,0,,,0.0,0,,,0.0,0,,,0.0,0,,,0.0,0,,,0.0,0,,,0.0,0,,,0.0,0
beef_cattle_behavior,Feeding,val,beef_186_6_clip_0,1,False,False,pose_detector_failure,127.86,0.0,0.0,0,0,0.0,0.0,0,,,0.0,0,,,0.0,0,,,0.0,0,,,0.0,0,,,0.0,0,,,0.0,0,,,0.0,0,,,0.0,0,,,0.0,0,,,0.0,0,,,0.0,0,,,0.0,0,,,0.0,0,,,0.0,0,,,0.0,0,,,0.0,0,,,0.0,0,,,0.0,0,,,0.0,0,,,0.0,0,,,0.0,0,,,0.0,0,,,0.0,0,,,0.0,0,,,0.0,0,,,0.0,0,,,0.0,0,,,0.0,0,,,0.0,0,,,0.0,0,,,0.0,0,,,0.0,0,,,0.0,0,,,0.0,0,,,0.0,0,,,0.0,0,,,0.0,0,,,0.0,0,,,0.0,0
beef_cattle_behavior,Feeding,val,beef_186_6_clip_0,2,False,False,pose_detector_failure,128.27,0.0,0.0,0,0,0.0,0.0,0,,,0.0,0,,,0.0,0,,,0.0,0,,,0.0,0,,,0.0,0,,,0.0,0,,,0.0,0,,,0.0,0,,,0.0,0,,,0.0,0,,,0.0,0,,,0.0,0,,,0.0,0,,,0.0,0,,,0.0,0,,,0.0,0,,,0.0,0,,,0.0,0,,,0.0,0,,,0.0,0,,,0.0,0,,,0.0,0,,,0.0,0,,,0.0,0,,,0.0,0,,,0.0,0,,,0.0,0,,,0.0,0,,,0.0,0,,,0.0,0,,,0.0,0,,,0.0,0,,,0.0,0,,,0.0,0,,,0.0,0,,,0.0,0,,,0.0,0,,,0.0,0,,,0.0,0
beef_cattle_behavior,Feeding,val,beef_186_6_clip_0,3,False,False,pose_detector_failure,132.23,0.0,0.0,0,0,0.0,0.0,0,,,0.0,0,,,0.0,0,,,0.0,0,,,0.0,0,,,0.0,0,,,0.0,0,,,0.0,0,,,0.0,0,,,0.0,0,,,0.0,0,,,0.0,0,,,0.0,0,,,0.0,0,,,0.0,0,,,0.0,0,,,0.0,0,,,0.0,0,,,0.0,0,,,0.0,0,,,0.0,0,,,0.0,0,,,0.0,0,,,0.0,0,,,0.0,0,,,0.0,0,,,0.0,0,,,0.0,0,,,0.0,0,,,0.0,0,,,0.0,0,,,0.0,0,,,0.0,0,,,0.0,0,,,0.0,0,,,0.0,0,,,0.0,0,,,0.0,0,,,0.0,0,,,0.0,0
beef_cattle_behavior,Feeding,val,beef_186_6_clip_0,4,True,True,pose_output_returned,146.61,0.2538,0.227,21,2,0.1282,0.1429,5,110.72,193.88,0.0907,0,99.8,190.61,0.0695,0,55.47,145.47,0.1044,0,162.93,122.02,0.0601,0,84.67,113.25,0.096,0,139.16,46.48,0.0427,0,195.17,102.48,0.077,0,144.95,40.42,0.227,0,193.22,90.54,0.1399,0,17.51,28.78,0.1453,0,75.86,86.24,0.059,0,192.48,96.67,0.0737,0,47.45,147.33,0.1881,0,139.64,37.98,0.1054,0,180.56,86.49,0.3765,1,109.76,43.8,0.2861,0,188.83,87.3,0.3594,1,78.29,123.92,0.112,1,90.74,128.04,0.1787,0,188.2,85.17,0.3645,1,184.53,78.81,0.1775,0,168.06,62.42,0.4399,0,188.5,85.81,0.1581,1,48.17,111.11,0.1161,0,114.58,138.76,0.619,0,109.38,161.04,0.4913,0,102.44,187.75,0.749,0,110.94,139.55,0.3909,0,104.34,164.73,0.3715,0,102.92,188.91,0.4625,0,174.71,177.95,0.2999,0,185.89,109.59,0.3053,0,114.24,118.68,0.2059,0,187.05,146.97,0.2349,0,109.93,162.53,0.3069,0,93.65,187.34,0.3045,0,155.3,140.61,0.2817,0,141.75,90.76,0.394,0,136.58,88.06,0.4316,0
beef_cattle_behavior,Feeding,val,beef_186_6_clip_0,5,False,False,pose_detector_failure,124.17,0.0,0.0,0,0,0.0,0.0,0,,,0.0,0,,,0.0,0,,,0.0,0,,,0.0,0,,,0.0,0,,,0.0,0,,,0.0,0,,,0.0,0,,,0.0,0,,,0.0,0,,,0.0,0,,,0.0,0,,,0.0,0,,,0.0,0,,,0.0,0,,,0.0,0,,,0.0,0,,,0.0,0,,,0.0,0,,,0.0,0,,,0.0,0,,,0.0,0,,,0.0,0,,,0.0,0,,,0.0,0,,,0.0,0,,,0.0,0,,,0.0,0,,,0.0,0,,,0.0,0,,,0.0,0,,,0.0,0,,,0.0,0,,,0.0,0,,,0.0,0,,,0.0,0,,,0.0,0,,,0.0,0,,,0.0,0
beef_cattle_behavior,Feeding,val,beef_186_6_clip_0,6,False,False,pose_detector_failure,132.24,0.0,0.0,0,0,0.0,0.0,0,,,0.0,0,,,0.0,0,,,0.0,0,,,0.0,0,,,0.0,0,,,0.0,0,,,0.0,0,,,0.0,0,,,0.0,0,,,0.0,0,,,0.0,0,,,0.0,0,,,0.0,0,,,0.0,0,,,0.0,0,,,0.0,0,,,0.0,0,,,0.0,0,,,0.0,0,,,0.0,0,,,0.0,0,,,0.0,0,,,0.0,0,,,0.0,0,,,0.0,0,,,0.0,0,,,0.0,0,,,0.0,0,,,0.0,0,,,0.0,0,,,0.0,0,,,0.0,0,,,0.0,0,,,0.0,0,,,0.0,0,,,0.0,0,,,0.0,0,,,0.0,0,,,0.0,0
beef_cattle_behavior,Feeding,val,beef_186_6_clip_0,7,False,False,pose_detector_failure,128.99,0.0,0.0,0,0,0.0,0.0,0,,,0.0,0,,,0.0,0,,,0.0,0,,,0.0,0,,,0.0,0,,,0.0,0,,,0.0,0,,,0.0,0,,,0.0,0,,,0.0,0,,,0.0,0,,,0.0,0,,,0.0,0,,,0.0,0,,,0.0,0,,,0.0,0,,,0.0,0,,,0.0,0,,,0.0,0,,,0.0,0,,,0.0,0,,,0.0,0,,,0.0,0,,,0.0,0,,,0.0,0,,,0.0,0,,,0.0,0,,,0.0,0,,,0.0,0,,,0.0,0,,,0.0,0,,,0.0,0,,,0.0,0,,,0.0,0,,,0.0,0,,,0.0,0,,,0.0,0,,,0.0,0,,,0.0,0
beef_cattle_behavior,Drinking,train,beef_49_5_clip_0,0,True,True,pose_output_returned,146.05,0.3636,0.3542,30,9,0.0256,0.0,1,8.22,53.43,0.4452,0,11.26,54.08,0.4962,0,14.42,59.12,0.4216,0,9.29,53.73,0.5873,0,16.79,54.38,0.5259,0,9.97,40.28,0.6718,0,14.6,25.93,0.3086,0,14.8,23.59,0.266,0,14.85,28.36,0.6552,0,14.04,23.9,0.384,0,9.34,44.27,0.8529,0,9.99,32.65,0.4088,0,8.55,31.49,0.2746,0,11.52,29.81,0.6814,0,10.91,30.14,0.3542,0,22.71,32.66,0.2832,0,30.85,21.39,0.3994,0,158.63,86.77,0.1227,0,113.17,116.03,0.1224,0,33.02,18.78,0.4174,0,155.69,45.73,0.4529,0,104.01,28.93,0.5433,0,162.05,53.6,0.5962,0,7.94,55.87,0.0451,0,56.87,60.75,0.2268,0,55.13,73.18,0.162,0,156.5,115.97,0.2361,0,56.07,70.39,0.1019,0,63.8,145.33,0.178,1,153.25,115.47,0.2008,0,152.59,116.16,0.3041,0,140.67,80.58,0.4759,0,156.28,84.2,0.3509,0,157.85,110.54,0.145,0,160.0,107.18,0.1735,0,155.17,115.54,0.5121,0,80.48,70.1,0.1147,0,87.12,52.27,0.2445,0,104.11,56.2,0.439,0
beef_cattle_behavior,Drinking,train,beef_49_5_clip_0,1,False,False,pose_detector_failure,126.76,0.0,0.0,0,0,0.0,0.0,0,,,0.0,0,,,0.0,0,,,0.0,0,,,0.0,0,,,0.0,0,,,0.0,0,,,0.0,0,,,0.0,0,,,0.0,0,,,0.0,0,,,0.0,0,,,0.0,0,,,0.0,0,,,0.0,0,,,0.0,0,,,0.0,0,,,0.0,0,,,0.0,0,,,0.0,0,,,0.0,0,,,0.0,0,,,0.0,0,,,0.0,0,,,0.0,0,,,0.0,0,,,0.0,0,,,0.0,0,,,0.0,0,,,0.0,0,,,0.0,0,,,0.0,0,,,0.0,0,,,0.0,0,,,0.0,0,,,0.0,0,,,0.0,0,,,0.0,0,,,0.0,0,,,0.0,0
beef_cattle_behavior,Drinking,train,beef_49_5_clip_0,2,True,True,pose_output_returned,144.2,0.44,0.413,35,15,0.3077,0.3143,12,8.04,42.04,0.6019,0,11.54,46.53,0.5862,0,14.81,53.43,0.5154,0,9.97,45.21,0.5967,0,15.93,47.15,0.6333,0,10.28,32.67,0.8068,0,167.54,49.57,0.375,1,168.87,45.35,0.413,1,12.96,26.5,0.5727,0,167.46,42.47,0.4183,0,12.14,33.74,0.8309,0,14.29,28.03,0.4394,0,167.98,44.21,0.3559,1,12.06,26.14,0.6493,0,168.49,44.8,0.3765,1,35.7,29.92,0.6395,0,159.58,39.62,0.3219,0,33.32,47.36,0.3683,0,35.2,48.79,0.4232,0,155.1,39.04,0.3855,0,167.22,52.42,0.3819,1,98.1,25.63,0.628,0,168.63,51.99,0.5504,1,39.62,145.16,0.1241,1,49.39,48.95,0.6755,0,47.57,62.71,0.2786,0,34.73,94.33,0.5627,0,49.44,49.33,0.4317,0,99.9,103.06,0.3844,1,102.16,123.04,0.2827,1,36.85,95.21,0.1719,0,152.11,79.43,0.2449,0,43.79,51.59,0.107,0,141.62,135.25,0.134,0,113.94,124.01,0.2128,0,35.42,96.15,0.3767,0,82.42,70.11,0.3619,1,87.44,52.38,0.4121,1,95.9,53.86,0.5305,1
beef_cattle_behavior,Drinking,train,beef_49_5_clip_0,3,True,True,pose_output_returned,143.68,0.3841,0.3902,32,12,0.5385,0.5312,21,34.28,119.64,0.4729,0,35.25,121.22,0.4661,1,37.5,121.15,0.502,1,37.52,116.68,0.4698,1,38.35,115.81,0.4454,1,33.81,106.9,0.5224,0,29.56,96.78,0.5175,0,30.69,95.02,0.5216,0,31.54,95.8,0.5174,0,32.05,97.86,0.4789,0,37.31,104.19,0.5033,1,34.54,97.04,0.4473,0,29.51,97.16,0.5129,0,32.35,95.0,0.5341,0,31.33,94.64,0.3707,0,50.9,46.43,0.2105,1,41.3,16.63,0.0835,1,97.37,77.51,0.1049,0,66.4,65.37,0.2121,1,39.32,14.91,0.1123,0,155.1,42.15,0.8139,1,96.46,25.03,0.5245,0,160.0,45.86,0.9287,1,163.68,74.11,0.111,1,98.67,91.74,0.4548,0,99.95,101.74,0.2805,0,93.08,122.72,0.18,1,95.06,94.61,0.3662,0,115.75,115.94,0.3902,1,90.14,123.67,0.3765,1,122.53,122.95,0.172,0,152.49,79.13,0.54,1,157.51,78.09,0.329,1,163.17,78.65,0.2582,1,121.68,112.41,0.2618,1,152.26,108.85,0.0929,1,80.65,70.12,0.3104,1,89.29,53.58,0.2218,1,84.09,48.69,0.3612,0
beef_cattle_behavior,Drinking,train,beef_49_5_clip_0,4,False,False,pose_detector_failure,122.72,0.0,0.0,0,0,0.0,0.0,0,,,0.0,0,,,0.0,0,,,0.0,0,,,0.0,0,,,0.0,0,,,0.0,0,,,0.0,0,,,0.0,0,,,0.0,0,,,0.0,0,,,0.0,0,,,0.0,0,,,0.0,0,,,0.0,0,,,0.0,0,,,0.0,0,,,0.0,0,,,0.0,0,,,0.0,0,,,0.0,0,,,0.0,0,,,0.0,0,,,0.0,0,,,0.0,0,,,0.0,0,,,0.0,0,,,0.0,0,,,0.0,0,,,0.0,0,,,0.0,0,,,0.0,0,,,0.0,0,,,0.0,0,,,0.0,0,,,0.0,0,,,0.0,0,,,0.0,0,,,0.0,0,,,0.0,0
beef_cattle_behavior,Drinking,train,beef_49_5_clip_0,5,True,True,pose_output_returned,147.72,0.3728,0.3735,31,11,0.7179,0.7097,28,6.99,49.82,0.4561,1,11.04,54.27,0.5863,1,13.48,57.08,0.5783,1,9.55,53.77,0.5733,1,13.59,49.06,0.6383,0,8.24,38.28,0.6157,1,11.08,27.31,0.2372,1,19.98,23.19,0.2069,1,12.23,29.43,0.3985,1,9.05,24.07,0.1992,1,10.56,42.13,0.7016,1,8.23,32.44,0.2453,1,7.42,39.6,0.1379,1,11.68,29.86,0.4308,1,11.63,32.08,0.1705,1,20.75,31.93,0.3096,0,29.17,21.16,0.4109,0,32.09,45.76,0.079,0,58.62,73.23,0.1158,1,32.09,17.88,0.5853,0,154.87,40.75,0.6073,1,88.38,25.12,0.5771,1,162.85,48.86,0.6872,1,30.62,10.28,0.1481,0,99.96,95.78,0.2704,1,113.59,127.4,0.3493,1,60.18,130.58,0.1338,1,100.57,93.09,0.2369,1,114.54,128.0,0.5954,1,133.66,149.81,0.4158,0,157.96,126.01,0.3735,1,151.84,71.29,0.492,0,19.46,43.83,0.4995,0,165.14,80.3,0.1761,1,155.78,111.2,0.2492,1,153.12,136.17,0.2217,0,75.92,70.92,0.2234,0,76.45,44.51,0.2159,1,101.82,61.56,0.3891,1
beef_cattle_behavior,Drinking,train,beef_49_5_clip_0,6,False,False,pose_detector_failure,121.93,0.0,0.0,0,0,0.0,0.0,0,,,0.0,0,,,0.0,0,,,0.0,0,,,0.0,0,,,0.0,0,,,0.0,0,,,0.0,0,,,0.0,0,,,0.0,0,,,0.0,0,,,0.0,0,,,0.0,0,,,0.0,0,,,0.0,0,,,0.0,0,,,0.0,0,,,0.0,0,,,0.0,0,,,0.0,0,,,0.0,0,,,0.0,0,,,0.0,0,,,0.0,0,,,0.0,0,,,0.0,0,,,0.0,0,,,0.0,0,,,0.0,0,,,0.0,0,,,0.0,0,,,0.0,0,,,0.0,0,,,0.0,0,,,0.0,0,,,0.0,0,,,0.0,0,,,0.0,0,,,0.0,0,,,0.0,0
beef_cattle_behavior,Drinking,train,beef_49_5_clip_0,7,False,False,pose_detector_failure,131.2,0.0,0.0,0,0,0.0,0.0,0,,,0.0,0,,,0.0,0,,,0.0,0,,,0.0,0,,,0.0,0,,,0.0,0,,,0.0,0,,,0.0,0,,,0.0,0,,,0.0,0,,,0.0,0,,,0.0,0,,,0.0,0,,,0.0,0,,,0.0,0,,,0.0,0,,,0.0,0,,,0.0,0,,,0.0,0,,,0.0,0,,,0.0,0,,,0.0,0,,,0.0,0,,,0.0,0,,,0.0,0,,,0.0,0,,,0.0,0,,,0.0,0,,,0.0,0,,,0.0,0,,,0.0,0,,,0.0,0,,,0.0,0,,,0.0,0,,,0.0,0,,,0.0,0,,,0.0,0,,,0.0,0,,,0.0,0
beef_cattle_behavior,Drinking,train,beef_29_3_clip_0,0,False,False,pose_detector_failure,125.07,0.0,0.0,0,0,0.0,0.0,0,,,0.0,0,,,0.0,0,,,0.0,0,,,0.0,0,,,0.0,0,,,0.0,0,,,0.0,0,,,0.0,0,,,0.0,0,,,0.0,0,,,0.0,0,,,0.0,0,,,0.0,0,,,0.0,0,,,0.0,0,,,0.0,0,,,0.0,0,,,0.0,0,,,0.0,0,,,0.0,0,,,0.0,0,,,0.0,0,,,0.0,0,,,0.0,0,,,0.0,0,,,0.0,0,,,0.0,0,,,0.0,0,,,0.0,0,,,0.0,0,,,0.0,0,,,0.0,0,,,0.0,0,,,0.0,0,,,0.0,0,,,0.0,0,,,0.0,0,,,0.0,0,,,0.0,0
beef_cattle_behavior,Drinking,train,beef_29_3_clip_0,1,False,False,pose_detector_failure,132.65,0.0,0.0,0,0,0.0,0.0,0,,,0.0,0,,,0.0,0,,,0.0,0,,,0.0,0,,,0.0,0,,,0.0,0,,,0.0,0,,,0.0,0,,,0.0,0,,,0.0,0,,,0.0,0,,,0.0,0,,,0.0,0,,,0.0,0,,,0.0,0,,,0.0,0,,,0.0,0,,,0.0,0,,,0.0,0,,,0.0,0,,,0.0,0,,,0.0,0,,,0.0,0,,,0.0,0,,,0.0,0,,,0.0,0,,,0.0,0,,,0.0,0,,,0.0,0,,,0.0,0,,,0.0,0,,,0.0,0,,,0.0,0,,,0.0,0,,,0.0,0,,,0.0,0,,,0.0,0,,,0.0,0,,,0.0,0
beef_cattle_behavior,Drinking,train,beef_29_3_clip_0,2,True,True,pose_output_returned,146.15,0.4134,0.3733,37,9,0.5385,0.5405,21,7.46,143.98,0.3543,0,8.38,148.0,0.3636,0,14.35,145.64,0.3459,0,16.4,140.13,0.326,0,14.33,140.9,0.4128,0,5.73,134.78,0.3107,0,192.2,81.17,0.456,1,192.56,73.72,0.306,1,193.9,82.79,0.5229,1,205.39,103.35,0.3399,0,10.98,132.32,0.389,0,192.91,76.07,0.343,1,6.5,135.33,0.3153,0,191.85,75.02,0.3691,1,200.32,93.95,0.2685,0,174.69,66.95,0.5955,1,175.32,48.77,0.4881,1,180.2,101.87,0.2534,1,176.71,99.46,0.3458,1,173.8,46.71,0.5625,1,33.48,20.69,0.6463,1,98.71,21.15,0.6892,1,23.92,25.28,0.7034,1,24.3,20.02,0.1693,1,109.05,106.96,0.5988,1,99.82,119.55,0.5807,0,98.87,134.59,0.3223,0,105.98,103.64,0.3944,1,104.45,119.22,0.4721,0,98.34,135.34,0.4703,0,178.08,167.3,0.1503,0,159.88,116.99,0.4506,1,28.36,74.96,0.4226,0,195.16,132.48,0.3733,1,137.63,147.23,0.6703,0,135.03,152.14,0.2584,0,77.47,94.86,0.4814,1,84.33,66.02,0.3354,1,85.16,64.78,0.2648,1
beef_cattle_behavior,Drinking,train,beef_29_3_clip_0,3,True,True,pose_output_returned,140.59,0.4706,0.4711,36,18,0.3846,0.3611,15,83.64,212.38,0.8398,0,82.12,218.01,0.8052,0,85.62,214.47,0.5561,0,69.21,206.61,0.4711,0,92.7,208.35,0.4939,0,67.47,166.35,0.8111,0,60.68,139.37,0.4469,0,51.71,138.28,0.2924,0,65.57,139.09,0.5072,0,51.97,135.9,0.2705,0,99.09,165.03,0.7241,0,94.49,134.14,0.3825,0,112.9,141.41,0.2019,0,90.15,137.3,0.6131,0,90.28,124.08,0.3282,0,170.48,68.85,0.6548,1,174.45,46.51,0.3346,1,110.21,129.53,0.2022,0,119.38,116.73,0.2338,1,174.23,42.83,0.5696,1,23.72,20.9,0.586,1,102.68,17.85,0.7448,1,16.14,25.89,0.662,1,23.13,13.73,0.1903,1,112.91,106.55,0.5693,1,26.41,205.55,0.2455,0,138.18,211.93,0.0808,0,130.36,117.95,0.145,1,21.82,201.68,0.3899,0,27.43,218.44,0.4459,0,191.31,209.5,0.6518,0,166.47,119.91,0.5946,1,25.79,72.02,0.6264,1,191.07,164.61,0.6752,0,201.47,153.99,0.7756,0,194.51,205.41,0.3241,0,84.02,92.34,0.2835,1,88.62,63.66,0.3115,1,97.7,65.12,0.3124,1
beef_cattle_behavior,Drinking,train,beef_29_3_clip_0,4,True,True,pose_output_returned,141.72,0.4799,0.4167,33,16,0.359,0.4242,14,88.95,206.87,0.7595,0,89.83,213.49,0.6735,0,87.69,214.0,0.6526,0,71.89,202.46,0.5399,0,100.85,199.08,0.7053,0,71.17,162.74,0.93,0,61.84,138.65,0.3967,0,58.82,123.72,0.2451,0,69.54,138.55,0.2967,0,60.06,125.61,0.1991,0,102.34,163.57,0.7835,0,97.33,132.92,0.1907,0,107.02,148.05,0.2571,0,92.14,135.79,0.4253,0,92.29,126.16,0.2289,0,171.54,75.94,0.8437,1,176.79,52.83,0.3857,1,105.15,125.03,0.2827,0,104.46,112.53,0.4028,1,173.43,41.79,0.6311,1,24.0,25.12,0.7635,1,99.61,19.4,0.7695,1,17.67,29.93,0.763,1,207.06,199.66,0.1572,0,116.59,114.75,0.6131,1,128.77,157.69,0.1667,0,67.69,205.62,0.1344,0,165.34,115.89,0.4985,1,27.25,184.68,0.4072,0,30.13,213.7,0.6847,0,201.92,194.52,0.4916,0,166.79,117.73,0.4163,1,24.36,72.11,0.8332,1,191.12,159.81,0.6737,0,179.04,159.11,0.3699,0,183.93,209.9,0.168,0,132.52,120.84,0.4167,1,86.8,59.87,0.3457,1,103.6,65.66,0.2143,1
beef_cattle_behavior,Drinking,train,beef_29_3_clip_0,5,True,True,pose_output_returned,144.65,0.4368,0.4233,37,11,0.7692,0.7568,30,8.62,43.61,0.4233,1,7.16,41.87,0.2928,0,10.27,53.2,0.3499,1,11.37,45.15,0.3977,1,18.85,44.8,0.3809,1,15.85,28.7,0.7142,1,192.44,81.99,0.4542,1,194.32,77.33,0.2909,1,194.03,83.13,0.5306,1,28.56,15.22,0.4476,1,16.96,30.19,0.8055,1,194.15,75.77,0.3357,1,22.46,16.77,0.2369,1,23.2,16.53,0.4467,1,24.82,15.44,0.3931,1,173.47,66.03,0.6659,1,175.31,47.48,0.6023,1,179.99,101.64,0.2255,1,176.53,99.27,0.3404,1,172.89,44.35,0.6687,1,21.32,34.33,0.172,1,97.58,20.54,0.7232,1,19.6,34.34,0.2267,1,204.03,146.95,0.0869,1,111.95,104.22,0.4682,1,102.4,123.69,0.5941,0,97.47,139.68,0.5899,0,164.18,106.3,0.3709,1,101.93,124.45,0.5751,0,99.11,138.53,0.5253,0,13.07,154.92,0.471,0,163.2,108.38,0.396,1,169.04,108.64,0.2282,1,175.64,146.28,0.4627,0,16.63,123.68,0.4196,1,14.69,151.77,0.4902,0,134.29,113.37,0.492,0,89.77,62.66,0.3866,1,97.03,62.74,0.3548,1
beef_cattle_behavior,Drinking,train,beef_29_3_clip_0,6,True,True,pose_output_returned,140.7,0.4413,0.4608,33,17,0.5897,0.6364,23,6.86,44.32,0.5803,1,8.81,46.48,0.4608,1,11.52,55.22,0.5936,1,11.65,48.03,0.5569,1,13.72,48.21,0.5218,1,16.84,25.98,0.8893,1,32.54,13.61,0.3762,0,190.25,70.29,0.2399,1,25.09,16.56,0.5694,1,18.09,16.53,0.4646,0,17.71,27.05,0.8519,1,21.43,21.62,0.4189,1,19.61,13.69,0.1903,0,20.45,16.41,0.5472,0,23.01,16.21,0.4129,1,168.29,66.27,0.6823,1,174.31,49.77,0.3748,1,168.29,93.35,0.2139,0,177.97,94.28,0.2746,0,167.77,41.27,0.606,1,18.36,35.13,0.0769,1,98.03,21.68,0.7928,1,28.96,35.21,0.0758,1,201.11,150.53,0.3465,0,103.54,106.91,0.6104,1,99.04,133.42,0.5848,0,10.78,174.54,0.117,0,104.88,103.44,0.3377,1,96.8,134.64,0.3082,0,201.56,152.27,0.1035,0,133.96,201.05,0.0964,0,160.74,116.71,0.5735,1,170.02,111.8,0.4621,1,138.0,157.42,0.6434,0,196.66,153.73,0.6392,0,203.71,155.23,0.3423,0,126.15,115.08,0.5542,0,77.5,61.49,0.3736,1,84.35,61.44,0.3459,1
beef_cattle_behavior,Drinking,train,beef_29_3_clip_0,7,True,True,pose_output_returned,143.32,0.3964,0.3897,35,8,0.7436,0.7143,29,4.77,44.97,0.4104,1,7.91,47.82,0.3045,1,9.6,55.29,0.3498,1,10.55,46.55,0.4021,1,12.47,45.87,0.2977,1,15.0,29.04,0.4971,1,189.97,75.82,0.3801,1,193.7,81.13,0.2542,1,192.84,86.87,0.3901,1,26.37,15.26,0.3125,1,15.44,30.46,0.5286,1,195.17,75.41,0.2668,0,10.94,143.87,0.265,0,14.2,23.01,0.3525,0,22.04,16.58,0.295,1,165.68,65.46,0.6786,1,176.14,49.57,0.4526,1,181.11,98.43,0.1922,1,174.67,93.4,0.3331,1,170.16,42.2,0.5993,1,22.94,34.1,0.337,1,95.48,21.4,0.6208,1,17.5,37.72,0.436,1,8.44,61.21,0.099,1,108.97,105.13,0.672,1,102.22,128.17,0.6736,0,81.65,170.66,0.4597,0,167.03,98.19,0.5216,1,130.55,127.81,0.1344,1,195.9,158.27,0.2713,0,198.02,159.3,0.2751,0,49.31,84.99,0.449,0,24.3,82.71,0.6474,0,174.84,131.95,0.1763,1,18.03,117.02,0.4901,1,21.48,151.81,0.3144,0,136.65,109.68,0.4982,1,85.83,66.55,0.4331,1,92.86,64.53,0.3897,1
beef_cattle_behavior,Drinking,train,beef_82_4_clip_0,0,True,True,pose_output_returned,137.88,0.3509,0.3261,31,7,0.5641,0.5484,22,20.24,63.46,0.4321,0,22.12,64.82,0.3376,0,25.13,69.26,0.2746,0,19.94,58.11,0.3151,0,24.45,60.34,0.324,0,19.32,47.49,0.3993,0,146.93,82.72,0.1112,1,183.89,76.99,0.2273,0,25.3,30.56,0.1493,1,27.06,25.26,0.1607,1,18.86,48.29,0.5754,0,20.22,35.57,0.2443,1,186.0,76.72,0.1714,0,22.76,32.42,0.3261,1,33.37,12.94,0.1582,0,33.68,26.75,0.1607,1,43.41,15.34,0.2242,0,150.56,83.1,0.1299,1,127.81,110.87,0.2196,1,45.13,14.55,0.2997,0,33.13,22.2,0.4417,1,103.9,25.58,0.8291,1,165.49,66.02,0.4955,1,22.62,62.24,0.2323,0,117.95,108.11,0.4047,1,105.52,126.04,0.3891,1,98.86,136.79,0.6696,0,112.22,105.16,0.6332,1,104.97,126.36,0.5185,1,98.09,137.23,0.7417,0,175.38,135.99,0.3688,1,39.71,68.32,0.4899,1,44.69,70.05,0.5237,1,178.69,116.93,0.2068,1,46.6,90.26,0.1594,0,174.52,135.73,0.2576,1,78.18,95.98,0.3649,0,93.42,58.22,0.3861,1,94.57,57.25,0.3306,1
beef_cattle_behavior,Drinking,train,beef_82_4_clip_0,1,True,True,pose_output_returned,139.09,0.4485,0.4444,34,16,0.4359,0.3529,17,28.0,87.28,0.6742,0,31.33,90.7,0.7206,0,34.97,89.65,0.7817,0,29.74,87.52,0.5589,0,33.09,86.49,0.6822,0,23.36,77.33,0.695,0,25.53,48.27,0.153,1,22.49,49.06,0.1906,1,21.05,54.1,0.2009,0,22.54,45.02,0.2023,1,25.16,76.99,0.719,0,25.93,50.79,0.3264,1,22.21,54.49,0.3256,0,29.38,55.49,0.2667,1,24.98,70.49,0.242,0,37.81,45.34,0.4529,1,27.68,32.47,0.1722,1,38.6,78.43,0.2637,0,43.82,79.06,0.3187,0,28.53,26.67,0.1263,1,36.16,17.28,0.6386,1,107.61,23.16,0.6467,1,29.75,20.02,0.7411,1,34.39,55.41,0.3688,1,59.08,84.58,0.6962,1,50.08,104.68,0.5302,0,42.95,128.94,0.4988,0,112.26,113.62,0.6634,1,96.36,136.72,0.4829,0,38.59,127.52,0.8172,0,180.9,137.64,0.6565,0,167.51,92.67,0.5608,0,167.45,92.16,0.4264,0,175.41,116.9,0.4444,1,146.55,129.76,0.2084,0,178.88,136.89,0.2805,0,85.8,101.08,0.3559,0,91.2,56.91,0.223,1,97.45,58.31,0.1799,1
beef_cattle_behavior,Drinking,train,beef_82_4_clip_0,2,False,False,pose_detector_failure,125.07,0.0,0.0,0,0,0.0,0.0,0,,,0.0,0,,,0.0,0,,,0.0,0,,,0.0,0,,,0.0,0,,,0.0,0,,,0.0,0,,,0.0,0,,,0.0,0,,,0.0,0,,,0.0,0,,,0.0,0,,,0.0,0,,,0.0,0,,,0.0,0,,,0.0,0,,,0.0,0,,,0.0,0,,,0.0,0,,,0.0,0,,,0.0,0,,,0.0,0,,,0.0,0,,,0.0,0,,,0.0,0,,,0.0,0,,,0.0,0,,,0.0,0,,,0.0,0,,,0.0,0,,,0.0,0,,,0.0,0,,,0.0,0,,,0.0,0,,,0.0,0,,,0.0,0,,,0.0,0,,,0.0,0,,,0.0,0
beef_cattle_behavior,Drinking,train,beef_82_4_clip_0,3,False,False,pose_detector_failure,130.54,0.0,0.0,0,0,0.0,0.0,0,,,0.0,0,,,0.0,0,,,0.0,0,,,0.0,0,,,0.0,0,,,0.0,0,,,0.0,0,,,0.0,0,,,0.0,0,,,0.0,0,,,0.0,0,,,0.0,0,,,0.0,0,,,0.0,0,,,0.0,0,,,0.0,0,,,0.0,0,,,0.0,0,,,0.0,0,,,0.0,0,,,0.0,0,,,0.0,0,,,0.0,0,,,0.0,0,,,0.0,0,,,0.0,0,,,0.0,0,,,0.0,0,,,0.0,0,,,0.0,0,,,0.0,0,,,0.0,0,,,0.0,0,,,0.0,0,,,0.0,0,,,0.0,0,,,0.0,0,,,0.0,0,,,0.0,0
beef_cattle_behavior,Drinking,train,beef_82_4_clip_0,4,True,True,pose_output_returned,146.98,0.4184,0.3921,33,12,0.6667,0.7273,26,184.4,106.63,0.376,0,185.45,108.98,0.1917,0,180.39,109.37,0.343,1,178.58,99.05,0.4206,0,185.87,99.25,0.3328,0,184.23,84.51,0.7782,1,179.55,83.22,0.3921,1,180.37,77.42,0.3581,1,179.49,78.88,0.3648,1,183.15,74.94,0.1424,0,184.12,84.11,0.7422,1,180.88,75.14,0.1507,1,176.8,70.11,0.1493,1,182.59,75.33,0.2804,0,186.05,73.14,0.1248,0,156.67,76.5,0.8524,1,159.18,58.23,0.5389,1,154.83,98.97,0.3726,0,153.84,116.15,0.3815,1,156.11,57.07,0.7154,1,31.12,34.41,0.6806,1,101.53,30.93,0.4473,1,23.67,39.65,0.7894,1,12.52,103.83,0.1044,0,169.74,119.73,0.6685,1,144.93,151.59,0.3977,1,144.66,193.8,0.3524,1,140.2,123.7,0.5742,1,141.57,151.87,0.4191,0,145.71,192.96,0.5148,1,144.12,191.99,0.3298,1,52.06,95.08,0.5074,1,43.96,94.68,0.5027,0,101.02,139.43,0.2625,0,144.0,152.72,0.3971,1,143.7,193.02,0.4008,1,117.36,127.29,0.4535,0,76.84,77.04,0.2946,1,77.66,79.44,0.2122,1
beef_cattle_behavior,Drinking,train,beef_82_4_clip_0,5,False,False,pose_detector_failure,122.42,0.0,0.0,0,0,0.0,0.0,0,,,0.0,0,,,0.0,0,,,0.0,0,,,0.0,0,,,0.0,0,,,0.0,0,,,0.0,0,,,0.0,0,,,0.0,0,,,0.0,0,,,0.0,0,,,0.0,0,,,0.0,0,,,0.0,0,,,0.0,0,,,0.0,0,,,0.0,0,,,0.0,0,,,0.0,0,,,0.0,0,,,0.0,0,,,0.0,0,,,0.0,0,,,0.0,0,,,0.0,0,,,0.0,0,,,0.0,0,,,0.0,0,,,0.0,0,,,0.0,0,,,0.0,0,,,0.0,0,,,0.0,0,,,0.0,0,,,0.0,0,,,0.0,0,,,0.0,0,,,0.0,0,,,0.0,0
beef_cattle_behavior,Drinking,train,beef_82_4_clip_0,6,True,True,pose_output_returned,147.16,0.4817,0.408,35,16,0.6154,0.6286,24,165.88,118.03,0.3502,1,168.89,120.22,0.2144,1,162.62,120.6,0.2749,1,162.13,110.05,0.408,0,170.65,111.41,0.3444,0,166.18,88.63,0.6944,1,165.3,72.98,0.271,0,158.93,76.57,0.1732,1,162.56,79.46,0.2686,1,14.61,44.24,0.1725,1,173.45,92.72,0.4739,0,164.7,75.98,0.202,1,16.42,135.16,0.1094,0,164.5,78.43,0.2834,1,174.24,88.01,0.1418,0,145.33,77.58,0.8415,1,148.65,62.71,0.7411,1,150.89,109.02,0.4651,0,140.97,110.82,0.5603,1,144.48,57.89,0.8943,1,20.99,42.32,0.8178,1,80.42,39.14,0.6411,1,14.02,45.25,0.7945,1,7.69,76.82,0.2224,0,134.72,117.79,0.5461,0,144.04,142.87,0.7273,0,108.33,184.5,0.323,1,109.25,113.38,0.9239,1,110.69,145.3,0.8213,1,108.84,184.87,0.3581,1,162.23,177.15,0.6471,0,42.86,96.66,0.9985,0,31.86,93.61,0.7084,0,36.55,127.8,0.3246,0,32.99,130.3,0.4113,0,145.68,177.94,0.5419,1,73.82,102.94,0.4005,1,72.41,74.43,0.3906,1,73.97,74.72,0.3017,1
beef_cattle_behavior,Drinking,train,beef_82_4_clip_0,7,True,True,pose_output_returned,138.75,0.5761,0.6659,38,25,0.3846,0.3947,15,191.97,159.7,0.7912,0,188.46,163.59,0.6928,0,185.49,162.04,0.5641,0,184.65,156.19,0.5211,1,188.19,158.74,0.6586,0,182.47,139.08,0.632,1,172.08,113.04,0.4398,0,172.99,107.59,0.185,0,168.1,104.18,0.7373,1,187.38,123.32,0.2237,0,187.83,137.25,0.7078,0,180.81,105.38,0.2687,0,185.32,103.36,0.2523,0,179.77,126.17,0.3722,0,190.24,125.25,0.2322,0,148.21,88.96,0.8234,0,154.28,70.28,0.7214,1,149.76,117.01,0.567,0,141.68,113.59,0.7939,0,150.65,65.89,0.778,1,20.91,42.79,0.6865,1,82.03,41.27,0.7262,1,14.63,44.19,0.8594,1,4.96,78.95,0.3755,0,140.02,116.31,0.7072,0,145.51,146.75,0.6659,0,149.74,178.4,0.8087,0,118.97,117.53,0.7789,1,111.0,150.51,0.7683,0,108.57,185.79,0.9289,1,63.75,139.7,0.232,0,41.69,99.31,0.7304,0,27.97,100.03,0.7786,0,36.68,132.52,0.3269,1,34.95,137.44,0.7015,1,24.01,157.02,0.2075,0,76.92,109.93,0.3275,1,79.14,76.08,0.4961,1,83.77,76.4,0.4009,1
beef_cattle_behavior,Drinking,train,beef_62_6_clip_0,0,True,True,pose_output_returned,139.24,0.4279,0.428,37,14,0.3077,0.2973,12,194.67,190.11,0.5,0,193.59,193.22,0.4372,0,192.97,191.8,0.4732,0,192.86,186.98,0.3593,0,195.39,183.72,0.3717,0,198.93,157.24,0.57,0,197.36,147.39,0.428,1,203.34,146.43,0.3995,0,204.01,146.48,0.5022,0,203.95,144.32,0.3785,0,202.72,158.22,0.6651,0,206.04,149.49,0.3083,0,53.54,132.48,0.2509,0,197.79,150.23,0.4401,1,203.11,145.02,0.3377,0,165.44,95.85,0.305,1,173.84,71.3,0.2011,0,159.39,132.05,0.2245,0,67.52,116.68,0.2025,0,173.66,69.42,0.1767,1,28.74,36.88,0.5205,0,80.6,33.7,0.451,0,25.31,40.49,0.5618,0,130.8,94.59,0.0578,0,73.05,112.37,0.2949,0,121.73,137.69,0.666,1,113.42,172.76,0.8021,1,114.37,111.31,0.3267,1,126.17,141.27,0.6609,0,122.42,173.07,0.4387,0,117.29,172.21,0.6841,1,136.9,110.18,0.6288,1,120.12,111.63,0.2304,1,127.79,141.97,0.7423,0,125.7,142.78,0.5383,0,118.03,171.88,0.5116,1,89.8,117.82,0.4115,0,77.54,77.93,0.2807,0,93.91,83.4,0.3463,1
beef_cattle_behavior,Drinking,train,beef_62_6_clip_0,1,False,False,pose_detector_failure,124.97,0.0,0.0,0,0,0.0,0.0,0,,,0.0,0,,,0.0,0,,,0.0,0,,,0.0,0,,,0.0,0,,,0.0,0,,,0.0,0,,,0.0,0,,,0.0,0,,,0.0,0,,,0.0,0,,,0.0,0,,,0.0,0,,,0.0,0,,,0.0,0,,,0.0,0,,,0.0,0,,,0.0,0,,,0.0,0,,,0.0,0,,,0.0,0,,,0.0,0,,,0.0,0,,,0.0,0,,,0.0,0,,,0.0,0,,,0.0,0,,,0.0,0,,,0.0,0,,,0.0,0,,,0.0,0,,,0.0,0,,,0.0,0,,,0.0,0,,,0.0,0,,,0.0,0,,,0.0,0,,,0.0,0,,,0.0,0
beef_cattle_behavior,Drinking,train,beef_62_6_clip_0,2,True,True,pose_output_returned,143.27,0.5622,0.5445,35,23,0.3077,0.2857,12,218.97,161.44,0.9202,0,217.07,165.94,0.8508,0,212.24,165.45,0.7211,0,209.03,159.88,0.6853,0,216.64,159.38,0.7889,0,208.04,137.7,0.8451,0,199.75,127.02,0.5445,0,193.16,113.0,0.4972,0,200.84,125.58,0.705,0,208.14,109.71,0.4077,0,212.45,138.63,0.8573,1,205.92,118.66,0.4774,0,202.81,110.92,0.4303,0,206.52,121.68,0.5773,0,205.87,108.52,0.3468,0,161.23,112.6,0.3828,1,155.82,94.12,0.1498,1,161.14,141.22,0.5138,0,149.77,137.43,0.5335,1,152.6,94.6,0.1333,1,23.41,53.83,0.8626,1,82.39,49.5,0.5264,0,17.21,57.25,0.9387,1,10.86,77.69,0.0638,0,120.31,127.43,0.7057,1,124.08,152.36,0.6947,0,128.69,177.06,0.6989,0,126.82,125.14,0.8823,1,120.25,153.95,0.7325,1,129.05,180.28,0.7393,1,46.36,155.68,0.154,0,39.09,106.26,0.3751,0,60.29,108.5,0.6891,0,45.6,137.06,0.4881,0,33.33,137.7,0.4429,0,36.25,161.32,0.3939,0,92.01,127.31,0.5759,0,82.37,89.05,0.3332,0,84.61,84.88,0.2602,1
beef_cattle_behavior,Drinking,train,beef_62_6_clip_0,3,False,False,pose_detector_failure,125.05,0.0,0.0,0,0,0.0,0.0,0,,,0.0,0,,,0.0,0,,,0.0,0,,,0.0,0,,,0.0,0,,,0.0,0,,,0.0,0,,,0.0,0,,,0.0,0,,,0.0,0,,,0.0,0,,,0.0,0,,,0.0,0,,,0.0,0,,,0.0,0,,,0.0,0,,,0.0,0,,,0.0,0,,,0.0,0,,,0.0,0,,,0.0,0,,,0.0,0,,,0.0,0,,,0.0,0,,,0.0,0,,,0.0,0,,,0.0,0,,,0.0,0,,,0.0,0,,,0.0,0,,,0.0,0,,,0.0,0,,,0.0,0,,,0.0,0,,,0.0,0,,,0.0,0,,,0.0,0,,,0.0,0,,,0.0,0
beef_cattle_behavior,Drinking,train,beef_62_6_clip_0,4,True,True,pose_output_returned,144.71,0.5852,0.6644,37,23,0.1795,0.1892,7,215.84,164.5,0.938,1,213.45,170.88,0.9203,1,208.18,170.78,0.7464,1,204.14,166.36,0.703,1,215.77,160.53,0.6897,1,199.04,138.33,1.0,0,191.77,123.83,0.7181,0,191.31,115.42,0.4727,0,196.84,119.94,0.7191,0,201.9,107.69,0.3165,0,209.83,136.59,0.8351,0,209.11,117.58,0.6831,0,210.23,109.61,0.4706,0,208.46,117.93,0.6843,0,215.0,107.19,0.2948,0,167.77,100.97,0.3602,0,195.49,66.29,0.144,0,158.6,142.14,0.4417,0,144.2,137.3,0.5361,0,188.1,55.83,0.1875,0,25.86,50.83,0.8812,0,94.1,45.94,0.3589,0,17.55,55.81,1.0,0,12.02,78.88,0.2323,0,131.73,130.82,0.6149,1,122.44,155.4,0.6806,0,130.27,180.46,0.4946,0,122.25,126.35,0.7992,0,116.23,156.87,0.8395,0,124.32,179.76,0.7092,0,34.38,149.66,0.2594,0,37.55,94.53,0.6644,0,41.7,93.12,0.7319,0,42.18,125.64,0.6658,0,35.7,128.92,0.5836,0,31.85,147.45,0.4245,0,88.23,126.26,0.4575,0,87.91,86.93,0.3208,1,207.37,91.74,0.2444,0
beef_cattle_behavior,Drinking,train,beef_62_6_clip_0,5,True,True,pose_output_returned,141.44,0.3187,0.2888,31,4,0.0769,0.0968,3,210.59,169.53,0.2922,0,211.8,174.51,0.3587,0,209.5,174.68,0.3336,0,204.91,168.71,0.2711,0,208.83,166.79,0.3197,0,195.67,141.05,0.2059,0,183.59,117.73,0.2682,0,185.24,123.88,0.1452,0,25.9,47.67,0.2351,0,168.05,158.05,0.2316,0,202.48,139.21,0.2307,0,36.04,48.64,0.1566,0,68.32,142.79,0.1415,0,28.59,47.39,0.2834,0,186.98,117.59,0.1775,0,171.37,115.37,0.3575,0,31.35,52.54,0.2774,0,162.71,138.22,0.2126,0,168.93,125.6,0.144,0,24.88,47.98,0.2308,0,26.65,49.63,0.3793,0,84.96,76.25,0.1138,0,25.64,50.65,0.4668,0,34.46,60.61,0.0623,0,124.42,127.34,0.7011,0,124.16,152.92,0.8512,0,121.27,177.45,0.6347,0,128.79,126.6,0.5598,0,121.7,152.9,0.3593,1,157.94,166.82,0.3133,0,159.31,162.61,0.4632,0,131.54,127.51,0.3807,1,38.3,109.75,0.3657,0,125.12,156.57,0.189,0,124.33,154.12,0.2876,0,123.28,178.64,0.3343,0,99.0,132.05,0.4648,0,110.94,103.12,0.3394,0,130.29,103.65,0.2888,1
beef_cattle_behavior,Drinking,train,beef_62_6_clip_0,6,True,True,pose_output_returned,143.51,0.335,0.2804,25,10,0.2051,0.24,8,180.21,169.88,0.2583,0,180.13,171.9,0.2177,0,178.75,172.91,0.2514,0,171.28,170.84,0.1287,0,177.49,166.89,0.2203,0,168.91,154.83,0.0687,1,193.96,104.86,0.106,0,16.63,29.63,0.1049,0,153.4,197.67,0.1013,0,173.59,184.41,0.1568,0,170.72,154.28,0.0426,0,147.12,167.19,0.1139,1,60.94,159.34,0.1726,0,146.87,174.85,0.1071,0,192.98,102.41,0.1438,0,29.18,66.87,0.1591,0,181.96,75.3,0.2804,0,165.37,106.2,0.1484,0,160.46,113.02,0.3449,1,180.71,70.05,0.2927,1,25.49,39.65,0.743,0,86.97,26.89,0.399,0,20.23,46.09,0.8598,0,62.52,99.53,0.1448,0,88.77,112.13,0.5497,0,152.54,160.79,0.7329,1,69.95,153.98,0.367,0,142.16,116.86,0.7082,0,142.86,161.84,0.7676,1,154.01,194.05,0.5012,0,148.71,198.09,0.6223,0,26.09,84.4,0.3104,0,60.2,103.85,0.4151,0,84.2,143.31,0.5313,0,59.5,134.8,0.3231,0,153.15,193.66,0.398,0,110.26,124.01,0.6402,0,107.88,91.93,0.358,1,114.43,95.12,0.2736,1
beef_cattle_behavior,Drinking,train,beef_62_6_clip_0,7,False,False,pose_detector_failure,121.22,0.0,0.0,0,0,0.0,0.0,0,,,0.0,0,,,0.0,0,,,0.0,0,,,0.0,0,,,0.0,0,,,0.0,0,,,0.0,0,,,0.0,0,,,0.0,0,,,0.0,0,,,0.0,0,,,0.0,0,,,0.0,0,,,0.0,0,,,0.0,0,,,0.0,0,,,0.0,0,,,0.0,0,,,0.0,0,,,0.0,0,,,0.0,0,,,0.0,0,,,0.0,0,,,0.0,0,,,0.0,0,,,0.0,0,,,0.0,0,,,0.0,0,,,0.0,0,,,0.0,0,,,0.0,0,,,0.0,0,,,0.0,0,,,0.0,0,,,0.0,0,,,0.0,0,,,0.0,0,,,0.0,0,,,0.0,0
beef_cattle_behavior,Drinking,val,beef_3_4_clip_0,0,True,True,pose_output_returned,145.96,0.4338,0.4047,31,12,0.4359,0.4194,17,180.47,104.49,0.4562,0,178.81,109.47,0.4018,0,172.92,113.2,0.4047,0,172.23,108.52,0.4144,0,180.85,109.53,0.2729,0,175.93,90.66,0.759,1,168.12,80.69,0.1877,1,14.14,49.01,0.1534,1,170.47,79.5,0.3188,1,17.21,49.79,0.1575,1,181.67,86.44,0.8427,0,186.56,75.11,0.1802,0,189.01,72.03,0.1353,0,177.76,76.6,0.3514,0,189.22,80.76,0.1609,0,151.05,77.45,0.5019,1,150.23,58.79,0.4815,1,153.59,112.0,0.4934,0,148.37,114.51,0.3844,0,147.43,58.42,0.4339,1,16.38,49.54,0.8799,1,85.32,44.8,0.5792,1,8.66,53.18,0.9634,1,7.3,73.41,0.1667,1,133.91,131.27,0.6408,1,121.76,157.06,0.4169,0,112.98,182.13,0.5596,0,119.62,132.67,0.6705,1,106.78,153.98,0.5457,0,111.19,183.86,0.7152,0,63.15,161.44,0.3833,1,75.82,118.16,0.3558,0,31.21,97.78,0.8341,0,64.48,134.44,0.173,0,52.81,146.23,0.2747,0,57.31,173.85,0.3255,0,90.6,125.26,0.4352,0,77.49,83.1,0.2848,1,87.9,91.6,0.2235,1
beef_cattle_behavior,Drinking,val,beef_3_4_clip_0,1,False,False,pose_detector_failure,122.97,0.0,0.0,0,0,0.0,0.0,0,,,0.0,0,,,0.0,0,,,0.0,0,,,0.0,0,,,0.0,0,,,0.0,0,,,0.0,0,,,0.0,0,,,0.0,0,,,0.0,0,,,0.0,0,,,0.0,0,,,0.0,0,,,0.0,0,,,0.0,0,,,0.0,0,,,0.0,0,,,0.0,0,,,0.0,0,,,0.0,0,,,0.0,0,,,0.0,0,,,0.0,0,,,0.0,0,,,0.0,0,,,0.0,0,,,0.0,0,,,0.0,0,,,0.0,0,,,0.0,0,,,0.0,0,,,0.0,0,,,0.0,0,,,0.0,0,,,0.0,0,,,0.0,0,,,0.0,0,,,0.0,0,,,0.0,0
beef_cattle_behavior,Drinking,val,beef_3_4_clip_0,2,True,True,pose_output_returned,145.09,0.6401,0.6868,39,29,0.5641,0.5641,22,207.19,193.33,0.8516,0,200.21,194.83,0.8382,0,192.83,194.04,0.7416,0,193.68,186.31,0.7236,1,196.97,188.14,0.7377,1,205.75,161.34,1.0,1,199.62,146.76,0.8471,1,195.7,139.57,0.5411,0,206.6,149.51,0.831,1,207.84,137.57,0.4008,0,208.31,162.45,0.9146,0,208.72,136.44,0.5208,0,203.24,129.62,0.2704,0,202.9,142.93,0.6453,1,206.66,137.39,0.2745,0,164.72,101.29,0.7467,1,174.3,77.4,0.375,1,164.36,148.17,0.4759,1,140.94,128.4,0.494,1,174.38,72.8,0.5413,1,22.41,35.35,0.7089,1,93.61,31.39,0.6868,1,14.97,37.34,0.8146,1,9.89,43.5,0.4269,1,116.49,118.3,0.7338,1,98.28,143.43,0.6213,1,80.01,177.28,0.4783,0,124.53,121.62,0.9204,1,122.78,147.88,0.5827,0,122.02,176.92,0.7482,0,19.97,128.33,0.5165,0,33.3,84.69,0.8367,0,33.17,85.1,0.8962,0,19.65,109.25,0.7174,0,22.23,112.9,0.7718,1,25.99,128.61,0.5245,0,77.56,108.48,0.5755,1,80.79,76.48,0.3149,1,89.25,76.3,0.3187,1
beef_cattle_behavior,Drinking,val,beef_3_4_clip_0,3,True,True,pose_output_returned,139.94,0.468,0.4323,36,16,0.4615,0.5,18,191.36,136.8,0.2133,0,196.79,174.34,0.1635,0,187.41,139.55,0.1938,0,184.83,133.14,0.3076,0,186.14,133.9,0.1963,0,201.52,147.8,0.2613,1,196.85,133.76,0.4263,0,194.26,128.84,0.4978,0,197.26,133.33,0.3517,0,209.14,131.82,0.3901,0,210.27,148.86,0.2721,0,184.23,90.63,0.314,0,207.2,125.66,0.2493,0,203.22,133.07,0.3993,1,214.5,131.21,0.3894,0,166.03,88.6,0.7352,1,172.74,70.24,0.581,1,151.5,123.51,0.2955,1,147.16,117.94,0.3693,1,171.68,67.05,0.6182,1,22.22,33.58,0.5492,1,96.93,36.07,0.7209,1,16.49,39.26,0.6667,1,11.3,63.98,0.3157,1,114.57,115.61,0.6609,0,104.24,141.92,0.5964,1,122.12,174.02,0.339,0,114.25,118.48,0.7179,0,101.82,144.82,0.5905,0,121.65,176.03,0.578,0,34.97,162.61,0.4883,0,54.33,96.89,0.4717,1,49.39,98.03,0.6782,1,42.03,129.84,0.8988,1,34.41,128.63,0.7239,0,15.78,164.33,0.531,0,86.42,113.36,0.7306,1,86.88,76.21,0.4323,1,95.35,75.33,0.3351,1
beef_cattle_behavior,Drinking,val,beef_3_4_clip_0,4,False,False,pose_detector_failure,121.45,0.0,0.0,0,0,0.0,0.0,0,,,0.0,0,,,0.0,0,,,0.0,0,,,0.0,0,,,0.0,0,,,0.0,0,,,0.0,0,,,0.0,0,,,0.0,0,,,0.0,0,,,0.0,0,,,0.0,0,,,0.0,0,,,0.0,0,,,0.0,0,,,0.0,0,,,0.0,0,,,0.0,0,,,0.0,0,,,0.0,0,,,0.0,0,,,0.0,0,,,0.0,0,,,0.0,0,,,0.0,0,,,0.0,0,,,0.0,0,,,0.0,0,,,0.0,0,,,0.0,0,,,0.0,0,,,0.0,0,,,0.0,0,,,0.0,0,,,0.0,0,,,0.0,0,,,0.0,0,,,0.0,0,,,0.0,0
beef_cattle_behavior,Drinking,val,beef_3_4_clip_0,5,True,True,pose_output_returned,146.59,0.4637,0.4349,33,17,0.6667,0.6667,26,216.84,190.08,0.8613,1,213.97,196.33,0.8198,1,209.23,195.96,0.7226,1,204.97,189.91,0.6477,1,217.25,186.28,0.5873,1,206.33,162.33,0.9444,1,198.49,142.89,0.5243,1,199.92,138.37,0.2941,1,206.13,144.39,0.6617,1,214.31,137.0,0.4486,0,211.05,161.15,0.893,1,211.39,134.99,0.3261,0,214.35,138.35,0.3199,0,210.55,140.62,0.4349,1,211.95,134.13,0.3443,0,171.58,98.8,0.5955,1,177.26,76.91,0.2729,1,177.71,138.36,0.1859,0,153.49,116.76,0.1849,1,161.28,47.77,0.4508,1,158.55,46.64,0.2785,1,176.21,59.82,0.1755,1,161.19,48.7,0.1979,1,79.69,72.63,0.0948,0,182.28,122.31,0.5974,1,178.61,147.05,0.2827,0,131.37,175.16,0.2912,0,146.96,122.47,0.6576,1,133.29,146.9,0.2238,0,186.39,181.06,0.1676,1,123.09,175.35,0.6647,0,115.92,106.57,0.3409,1,112.29,104.76,0.6152,1,130.03,140.8,0.7838,0,107.18,141.64,0.606,0,87.69,171.08,0.8076,1,134.09,118.11,0.2651,0,127.27,94.09,0.2415,1,121.53,81.09,0.2707,1
beef_cattle_behavior,Drinking,val,beef_3_4_clip_0,6,False,False,pose_detector_failure,123.87,0.0,0.0,0,0,0.0,0.0,0,,,0.0,0,,,0.0,0,,,0.0,0,,,0.0,0,,,0.0,0,,,0.0,0,,,0.0,0,,,0.0,0,,,0.0,0,,,0.0,0,,,0.0,0,,,0.0,0,,,0.0,0,,,0.0,0,,,0.0,0,,,0.0,0,,,0.0,0,,,0.0,0,,,0.0,0,,,0.0,0,,,0.0,0,,,0.0,0,,,0.0,0,,,0.0,0,,,0.0,0,,,0.0,0,,,0.0,0,,,0.0,0,,,0.0,0,,,0.0,0,,,0.0,0,,,0.0,0,,,0.0,0,,,0.0,0,,,0.0,0,,,0.0,0,,,0.0,0,,,0.0,0,,,0.0,0
beef_cattle_behavior,Drinking,val,beef_3_4_clip_0,7,True,True,pose_output_returned,146.16,0.4329,0.4248,36,12,0.6667,0.6944,26,193.36,135.14,0.3645,1,189.18,136.1,0.2045,1,188.91,141.08,0.2458,0,182.59,127.38,0.2254,1,193.45,129.01,0.465,1,182.2,94.3,0.6548,1,183.33,77.69,0.4462,1,183.59,81.5,0.3798,1,179.88,82.02,0.3316,1,153.62,89.71,0.1306,1,188.0,92.1,0.7648,0,186.06,79.97,0.3326,1,187.12,76.49,0.2858,1,182.18,76.4,0.3712,1,19.75,106.71,0.1215,0,160.29,79.39,0.6345,1,165.15,52.14,0.3152,1,154.27,107.9,0.4228,1,148.28,115.07,0.4308,1,152.63,37.23,0.4743,0,26.88,16.54,0.7482,1,93.35,23.72,0.6753,1,21.19,19.76,0.7921,1,152.17,96.59,0.0896,0,122.58,110.45,0.6778,1,135.61,139.16,0.5437,0,126.64,172.9,0.6195,0,109.73,110.08,0.6079,0,94.9,141.7,0.5528,0,86.65,170.24,0.4579,0,179.6,185.88,0.2168,1,54.08,91.23,0.4459,1,32.45,79.07,0.4674,0,179.37,148.49,0.4248,1,188.77,145.02,0.3722,0,179.22,184.78,0.2872,1,81.66,105.27,0.6487,0,84.13,66.35,0.332,1,87.06,64.45,0.3217,1
beef_cattle_behavior,Drinking,val,beef_12_4_clip_0,0,True,True,pose_output_returned,139.19,0.5359,0.5822,35,23,0.5641,0.6286,22,206.9,192.04,0.8142,1,203.16,195.31,0.8661,1,198.87,194.16,0.7039,1,197.95,188.28,0.6661,1,209.0,186.03,0.7479,1,205.84,165.29,0.7403,1,199.67,150.4,0.6329,1,204.34,142.51,0.2533,0,203.29,153.52,0.7376,1,211.61,143.06,0.3661,0,210.19,165.78,0.6921,1,208.52,141.85,0.5564,0,202.97,131.83,0.2661,0,201.02,145.38,0.6241,1,218.27,145.62,0.3387,0,168.78,112.78,0.4056,1,9.29,67.72,0.0799,0,168.93,149.52,0.2958,0,159.26,121.61,0.3017,1,10.19,65.43,0.0731,0,163.56,56.96,0.6343,1,95.99,39.28,0.5836,1,169.29,64.45,0.7649,1,11.33,123.55,0.1578,0,32.77,102.08,0.3849,1,107.89,137.65,0.8684,0,102.5,174.26,0.8022,0,125.11,115.51,0.4578,1,124.4,147.19,0.7941,1,125.53,178.25,0.7711,1,43.39,171.89,0.5822,0,131.86,108.06,0.8318,1,137.78,109.09,0.3502,1,127.99,150.2,0.5806,1,24.25,127.47,0.1599,0,16.56,178.9,0.7028,0,85.03,116.48,0.4004,0,87.8,84.2,0.4002,0,98.79,84.92,0.5125,0
beef_cattle_behavior,Drinking,val,beef_12_4_clip_0,1,True,True,pose_output_returned,139.66,0.4531,0.4167,37,13,0.4103,0.4054,16,195.06,171.41,0.2728,0,195.18,172.36,0.2587,0,194.56,171.59,0.3316,0,191.95,167.44,0.2781,0,196.76,165.21,0.3368,1,193.89,154.23,0.4059,0,192.32,141.78,0.4167,0,201.4,142.22,0.2225,1,195.79,145.07,0.485,0,17.77,22.28,0.3746,1,199.17,153.67,0.4098,1,198.28,141.92,0.4202,0,199.58,138.12,0.2408,0,196.82,151.19,0.4999,1,16.42,20.09,0.2916,0,15.47,44.53,0.6587,1,31.47,26.91,0.4324,0,168.7,139.37,0.2176,0,17.97,76.58,0.2172,1,36.42,26.29,0.4919,0,172.24,50.98,0.6817,1,93.06,28.72,0.5247,0,179.54,59.49,0.8085,1,19.7,150.37,0.0962,0,29.32,93.75,0.7005,0,23.23,123.98,0.5639,1,107.86,168.91,0.5652,1,45.45,103.06,0.6286,0,132.62,143.98,0.7833,1,132.81,173.25,0.7611,1,45.08,165.2,0.4425,0,135.69,107.95,1.0,1,161.81,109.57,0.598,0,133.05,146.96,0.671,1,24.82,123.96,0.1562,1,22.46,163.35,0.3507,0,87.53,110.39,0.3733,0,99.71,69.67,0.3062,0,101.18,70.9,0.3948,0
beef_cattle_behavior,Drinking,val,beef_12_4_clip_0,2,True,True,pose_output_returned,141.77,0.4605,0.4431,36,16,0.4359,0.4444,17,15.5,92.66,0.3622,0,17.83,96.96,0.2852,0,22.81,100.9,0.2585,0,15.68,92.46,0.3806,0,18.64,91.96,0.4431,0,13.35,70.11,0.8015,0,10.77,43.7,0.2334,0,202.19,141.02,0.2511,0,12.3,52.73,0.4473,0,166.2,152.45,0.3152,0,15.05,70.58,0.7788,0,15.03,47.64,0.2734,0,10.27,42.83,0.169,0,13.76,50.27,0.447,0,17.78,24.76,0.2456,0,25.86,52.23,0.5008,1,41.18,29.94,0.4207,1,33.05,89.31,0.3013,0,39.31,87.9,0.2987,1,47.78,30.51,0.502,1,174.05,52.58,0.6877,1,98.33,30.04,0.6526,0,179.38,58.96,0.8981,1,159.58,135.7,0.0497,1,34.72,91.13,0.64,1,115.93,132.55,0.5941,1,107.71,169.02,0.6476,1,54.32,100.93,0.3965,1,130.33,144.67,0.6753,1,131.14,174.22,0.6728,1,45.81,167.0,0.261,0,135.22,105.55,0.953,1,171.31,106.12,0.4767,1,132.28,146.51,0.5488,1,181.03,143.62,0.1983,0,44.85,168.88,0.3515,0,90.55,110.44,0.6723,0,93.65,78.61,0.3165,0,97.22,74.16,0.5529,1
beef_cattle_behavior,Drinking,val,beef_12_4_clip_0,3,True,True,pose_output_returned,143.02,0.5305,0.5874,34,23,0.4359,0.3529,17,200.05,195.31,0.5022,0,195.41,194.98,0.4096,0,192.56,195.06,0.3614,0,192.75,189.45,0.4901,0,200.46,188.57,0.4054,1,195.7,158.65,0.7627,0,196.68,141.93,0.6461,1,200.07,143.28,0.2867,0,198.32,143.19,0.764,0,207.83,137.08,0.5887,0,206.59,160.91,0.9527,0,209.91,144.06,0.6025,0,211.96,141.48,0.3569,0,201.5,146.75,0.6201,0,208.15,140.1,0.6746,0,175.66,59.11,0.1871,1,177.11,56.6,0.1806,1,169.1,140.4,0.2812,1,177.33,86.31,0.0587,1,173.2,51.6,0.191,1,169.97,51.59,0.638,1,89.99,33.06,0.508,1,176.78,63.31,0.7497,1,178.41,84.8,0.0753,1,32.97,97.25,0.4655,1,114.79,136.73,0.6524,0,109.66,171.26,0.7189,0,53.75,104.13,0.2384,1,131.5,144.29,0.5313,1,135.06,172.0,0.4445,1,50.54,166.84,0.8958,0,137.51,104.38,0.9119,1,31.51,99.56,0.5874,1,38.87,128.2,0.6278,0,27.4,128.12,0.6125,0,21.19,173.47,0.9289,0,81.22,106.49,0.6821,0,91.28,79.21,0.4795,0,93.85,77.14,0.6182,0
beef_cattle_behavior,Drinking,val,beef_12_4_clip_0,4,True,True,pose_output_returned,139.68,0.5455,0.5809,33,24,0.3846,0.3636,15,201.16,194.79,0.6261,1,195.38,195.86,0.5251,0,191.09,190.95,0.4223,0,190.38,184.9,0.4931,0,199.69,189.77,0.4142,0,196.37,159.44,0.8976,1,197.37,139.78,0.4888,1,200.63,135.11,0.358,0,200.36,141.94,0.6828,1,209.07,135.54,0.4934,0,207.7,162.13,0.9944,1,212.29,142.78,0.5495,0,214.31,140.2,0.3539,0,207.36,144.42,0.6304,0,212.03,141.58,0.6377,0,174.09,89.91,0.1975,1,177.46,66.37,0.1344,1,172.09,143.3,0.2754,1,28.4,78.29,0.052,0,175.13,63.88,0.1177,1,171.16,53.82,0.7751,1,100.81,32.71,0.7138,0,177.7,64.96,0.927,1,24.43,168.64,0.0755,0,37.71,94.78,0.4327,1,115.33,134.83,0.6824,0,111.11,172.89,0.6295,0,50.43,103.14,0.1696,0,132.2,147.03,0.5768,1,136.26,174.22,0.5809,0,51.87,167.36,0.8382,0,138.25,106.03,0.826,1,36.39,95.64,0.6723,1,40.64,127.39,0.6497,0,24.95,126.88,0.5496,0,22.65,174.28,0.8004,0,85.06,109.95,0.6227,0,89.26,78.61,0.6338,0,95.06,76.94,0.7741,0
beef_cattle_behavior,Drinking,val,beef_12_4_clip_0,5,True,True,pose_output_returned,139.73,0.6444,0.6545,36,30,0.3846,0.3333,15,206.1,195.46,0.8097,1,202.73,200.07,0.7048,1,198.62,199.15,0.5131,1,195.45,192.7,0.5199,1,206.49,189.76,0.6809,1,197.61,158.91,0.9559,0,192.86,145.61,0.8027,0,193.61,140.14,0.4909,0,198.84,144.12,0.8846,0,207.0,138.74,0.5311,0,206.29,158.44,1.0,0,208.8,137.06,0.6409,0,206.69,133.45,0.3795,0,207.42,143.5,0.6432,0,211.82,138.38,0.4637,0,173.16,105.41,0.4839,1,180.43,72.44,0.1965,1,166.6,142.21,0.5725,0,152.1,129.01,0.3982,0,178.61,68.87,0.1423,1,18.86,29.48,0.6545,0,93.37,30.5,0.686,0,14.34,33.84,0.6917,0,187.51,34.11,0.0854,1,123.88,111.83,0.3277,1,113.52,135.28,0.7458,1,113.09,171.02,1.0,1,135.02,110.77,0.6879,1,133.05,144.04,0.7574,1,134.31,173.09,0.8389,0,51.31,164.84,1.0,0,52.96,100.67,0.6118,1,32.46,96.03,0.8744,0,42.0,126.19,0.8829,0,24.17,127.0,0.7428,0,22.5,172.83,1.0,0,87.09,107.79,0.608,0,90.81,73.79,0.5063,0,95.73,72.85,0.6174,0
beef_cattle_behavior,Drinking,val,beef_12_4_clip_0,6,True,True,pose_output_returned,143.4,0.5067,0.4462,38,19,0.4359,0.4474,17,194.44,174.2,0.3933,0,194.18,173.45,0.2861,0,191.49,172.41,0.2896,0,13.29,70.91,0.3981,0,16.47,67.15,0.4106,0,7.92,50.52,0.6969,1,18.43,30.1,0.2942,0,16.37,27.05,0.2247,0,15.37,31.48,0.6118,0,10.4,29.39,0.4462,0,9.73,50.89,0.8243,1,13.14,38.97,0.4205,1,11.89,55.64,0.2592,1,9.43,36.09,0.6685,0,12.13,34.26,0.3651,0,26.21,44.23,0.411,0,40.66,29.29,0.3807,1,24.12,77.88,0.2709,0,153.47,123.17,0.3396,1,46.47,28.62,0.4383,1,176.05,54.62,0.6368,1,105.86,31.23,0.5496,1,182.72,63.56,0.7761,1,182.47,79.1,0.0672,0,34.4,99.55,0.7569,1,117.24,130.04,0.6355,0,111.31,167.06,0.5959,0,47.8,104.9,0.6068,1,133.05,141.16,0.8213,1,135.8,169.07,0.7666,1,53.15,165.24,0.5268,0,138.7,103.79,0.915,1,173.01,103.94,0.3666,1,135.14,143.95,0.5408,1,26.48,129.84,0.3478,0,23.99,169.81,0.8662,0,88.97,107.9,0.5346,0,93.99,75.66,0.4365,0,99.87,73.68,0.5833,0
beef_cattle_behavior,Drinking,val,beef_12_4_clip_0,7,True,True,pose_output_returned,141.5,0.5302,0.4978,38,19,0.5385,0.5263,21,9.12,68.95,0.4049,0,9.05,71.14,0.3312,0,11.2,75.8,0.3338,0,7.95,69.18,0.5018,0,16.26,72.11,0.4978,0,7.9,53.74,0.8031,1,16.84,27.02,0.3889,0,17.4,23.28,0.4052,0,13.95,33.13,0.675,1,10.52,32.98,0.4885,1,11.55,56.6,0.9052,1,16.17,38.59,0.5125,1,209.36,145.72,0.2643,1,11.13,35.73,0.7735,1,16.46,46.51,0.4618,1,33.4,33.6,0.4882,1,42.94,26.34,0.5088,1,26.1,76.65,0.2539,0,29.15,76.19,0.2504,0,49.63,26.95,0.5886,1,173.53,51.69,0.6807,1,103.06,29.97,0.6424,1,179.76,60.44,0.8224,1,189.87,31.39,0.1076,1,32.65,92.6,0.4613,1,26.83,125.1,0.5754,0,112.46,167.3,0.4521,0,52.12,101.6,0.4799,0,127.6,140.17,0.6098,0,133.6,170.78,0.3932,1,51.53,161.13,0.8321,0,138.56,102.59,1.0,1,174.22,102.64,0.48,1,136.53,145.98,0.7168,1,24.29,125.64,0.3419,0,24.38,170.06,0.8752,0,85.73,110.4,0.5019,0,92.14,73.49,0.3265,0,96.65,72.76,0.542,1
