sample_id,dataset,category_or_subset,image_path,model_name,detection_idx,num_detections,detection_status,box_x1,box_y1,box_x2,box_y2,confidence,inference_time_ms,image_width,image_height
sample_0001,ScienceDB,BCS_3.25,D:\cattle-health-monitoring-multi-task-model\datasets\bcs\sciencedb_bcs\dataset\3.25\GS_1652_1.jpg,YOLOv8s,0,0,no_detection,,,,,,491.0,1024,576
sample_0001,ScienceDB,BCS_3.25,D:\cattle-health-monitoring-multi-task-model\datasets\bcs\sciencedb_bcs\dataset\3.25\GS_1652_1.jpg,FasterRCNN_v2,1,1,detected,308.82,5.43,980.24,576.0,0.9872,661.02,1024,576
sample_0001,ScienceDB,BCS_3.25,D:\cattle-health-monitoring-multi-task-model\datasets\bcs\sciencedb_bcs\dataset\3.25\GS_1652_1.jpg,RT-DETR-L,1,1,detected,335.28,0.22,933.36,576.21,0.9377,830.96,1024,576
sample_0002,ScienceDB,BCS_3.25,D:\cattle-health-monitoring-multi-task-model\datasets\bcs\sciencedb_bcs\dataset\3.25\GS_2331_8.jpg,YOLOv8s,1,1,detected,169.65,0.83,595.17,567.85,0.937,47.4,1024,576
sample_0002,ScienceDB,BCS_3.25,D:\cattle-health-monitoring-multi-task-model\datasets\bcs\sciencedb_bcs\dataset\3.25\GS_2331_8.jpg,FasterRCNN_v2,1,3,detected,160.02,3.96,616.45,575.0,0.9984,538.87,1024,576
sample_0002,ScienceDB,BCS_3.25,D:\cattle-health-monitoring-multi-task-model\datasets\bcs\sciencedb_bcs\dataset\3.25\GS_2331_8.jpg,FasterRCNN_v2,2,3,detected,376.87,0.0,596.53,565.26,0.2792,538.87,1024,576
sample_0002,ScienceDB,BCS_3.25,D:\cattle-health-monitoring-multi-task-model\datasets\bcs\sciencedb_bcs\dataset\3.25\GS_2331_8.jpg,FasterRCNN_v2,3,3,detected,182.36,31.99,406.7,499.82,0.2618,538.87,1024,576
sample_0002,ScienceDB,BCS_3.25,D:\cattle-health-monitoring-multi-task-model\datasets\bcs\sciencedb_bcs\dataset\3.25\GS_2331_8.jpg,RT-DETR-L,1,2,detected,170.39,0.35,599.85,576.33,0.9567,95.05,1024,576
sample_0002,ScienceDB,BCS_3.25,D:\cattle-health-monitoring-multi-task-model\datasets\bcs\sciencedb_bcs\dataset\3.25\GS_2331_8.jpg,RT-DETR-L,2,2,detected,688.08,0.38,1024.6,576.37,0.4717,95.05,1024,576
sample_0003,ScienceDB,BCS_3.25,D:\cattle-health-monitoring-multi-task-model\datasets\bcs\sciencedb_bcs\dataset\3.25\GS_2127_4.jpg,YOLOv8s,1,1,detected,251.18,3.19,969.36,570.28,0.7665,27.01,1024,576
sample_0003,ScienceDB,BCS_3.25,D:\cattle-health-monitoring-multi-task-model\datasets\bcs\sciencedb_bcs\dataset\3.25\GS_2127_4.jpg,FasterRCNN_v2,1,3,detected,184.6,6.69,844.77,573.77,0.993,498.47,1024,576
sample_0003,ScienceDB,BCS_3.25,D:\cattle-health-monitoring-multi-task-model\datasets\bcs\sciencedb_bcs\dataset\3.25\GS_2127_4.jpg,FasterRCNN_v2,2,3,detected,495.32,23.52,988.37,572.08,0.6077,498.47,1024,576
sample_0003,ScienceDB,BCS_3.25,D:\cattle-health-monitoring-multi-task-model\datasets\bcs\sciencedb_bcs\dataset\3.25\GS_2127_4.jpg,FasterRCNN_v2,3,3,detected,6.25,5.94,429.78,576.0,0.2977,498.47,1024,576
sample_0003,ScienceDB,BCS_3.25,D:\cattle-health-monitoring-multi-task-model\datasets\bcs\sciencedb_bcs\dataset\3.25\GS_2127_4.jpg,RT-DETR-L,1,4,detected,234.06,-0.05,849.79,575.94,0.7292,94.79,1024,576
sample_0003,ScienceDB,BCS_3.25,D:\cattle-health-monitoring-multi-task-model\datasets\bcs\sciencedb_bcs\dataset\3.25\GS_2127_4.jpg,RT-DETR-L,2,4,detected,237.93,0.05,1022.81,576.04,0.3813,94.79,1024,576
sample_0003,ScienceDB,BCS_3.25,D:\cattle-health-monitoring-multi-task-model\datasets\bcs\sciencedb_bcs\dataset\3.25\GS_2127_4.jpg,RT-DETR-L,3,4,detected,-0.01,0.6,1023.98,576.6,0.2982,94.79,1024,576
sample_0003,ScienceDB,BCS_3.25,D:\cattle-health-monitoring-multi-task-model\datasets\bcs\sciencedb_bcs\dataset\3.25\GS_2127_4.jpg,RT-DETR-L,4,4,detected,755.83,0.51,1024.32,576.5,0.2947,94.79,1024,576
sample_0004,ScienceDB,BCS_3.25,D:\cattle-health-monitoring-multi-task-model\datasets\bcs\sciencedb_bcs\dataset\3.25\GS_934_2.jpg,YOLOv8s,0,0,no_detection,,,,,,24.74,1024,576
sample_0004,ScienceDB,BCS_3.25,D:\cattle-health-monitoring-multi-task-model\datasets\bcs\sciencedb_bcs\dataset\3.25\GS_934_2.jpg,FasterRCNN_v2,0,0,no_detection,,,,,,487.56,1024,576
sample_0004,ScienceDB,BCS_3.25,D:\cattle-health-monitoring-multi-task-model\datasets\bcs\sciencedb_bcs\dataset\3.25\GS_934_2.jpg,RT-DETR-L,0,0,no_detection,,,,,,94.32,1024,576
sample_0005,ScienceDB,BCS_3.25,D:\cattle-health-monitoring-multi-task-model\datasets\bcs\sciencedb_bcs\dataset\3.25\GS_2779_1.jpg,YOLOv8s,1,1,detected,235.21,2.84,803.03,566.4,0.5384,25.47,1024,576
sample_0005,ScienceDB,BCS_3.25,D:\cattle-health-monitoring-multi-task-model\datasets\bcs\sciencedb_bcs\dataset\3.25\GS_2779_1.jpg,FasterRCNN_v2,1,3,detected,164.8,1.14,799.8,571.23,0.9909,490.52,1024,576
sample_0005,ScienceDB,BCS_3.25,D:\cattle-health-monitoring-multi-task-model\datasets\bcs\sciencedb_bcs\dataset\3.25\GS_2779_1.jpg,FasterRCNN_v2,2,3,detected,102.18,307.51,310.5,572.59,0.2994,490.52,1024,576
sample_0005,ScienceDB,BCS_3.25,D:\cattle-health-monitoring-multi-task-model\datasets\bcs\sciencedb_bcs\dataset\3.25\GS_2779_1.jpg,FasterRCNN_v2,3,3,detected,229.47,258.23,671.25,567.51,0.2747,490.52,1024,576
sample_0005,ScienceDB,BCS_3.25,D:\cattle-health-monitoring-multi-task-model\datasets\bcs\sciencedb_bcs\dataset\3.25\GS_2779_1.jpg,RT-DETR-L,1,6,detected,209.77,0.15,799.14,576.1,0.9631,95.13,1024,576
sample_0005,ScienceDB,BCS_3.25,D:\cattle-health-monitoring-multi-task-model\datasets\bcs\sciencedb_bcs\dataset\3.25\GS_2779_1.jpg,RT-DETR-L,2,6,detected,-0.05,0.91,302.6,576.89,0.3815,95.13,1024,576
sample_0005,ScienceDB,BCS_3.25,D:\cattle-health-monitoring-multi-task-model\datasets\bcs\sciencedb_bcs\dataset\3.25\GS_2779_1.jpg,RT-DETR-L,3,6,detected,209.91,409.54,600.58,575.73,0.3034,95.13,1024,576
sample_0005,ScienceDB,BCS_3.25,D:\cattle-health-monitoring-multi-task-model\datasets\bcs\sciencedb_bcs\dataset\3.25\GS_2779_1.jpg,RT-DETR-L,4,6,detected,0.09,0.19,618.32,576.09,0.3006,95.13,1024,576
sample_0005,ScienceDB,BCS_3.25,D:\cattle-health-monitoring-multi-task-model\datasets\bcs\sciencedb_bcs\dataset\3.25\GS_2779_1.jpg,RT-DETR-L,5,6,detected,143.9,302.33,609.97,575.97,0.2906,95.13,1024,576
sample_0005,ScienceDB,BCS_3.25,D:\cattle-health-monitoring-multi-task-model\datasets\bcs\sciencedb_bcs\dataset\3.25\GS_2779_1.jpg,RT-DETR-L,6,6,detected,708.92,0.33,1023.82,576.33,0.282,95.13,1024,576
sample_0006,ScienceDB,BCS_3.25,D:\cattle-health-monitoring-multi-task-model\datasets\bcs\sciencedb_bcs\dataset\3.25\YM_1367_2.jpg,YOLOv8s,1,4,detected,315.85,65.49,750.43,568.62,0.9061,26.53,1024,576
sample_0006,ScienceDB,BCS_3.25,D:\cattle-health-monitoring-multi-task-model\datasets\bcs\sciencedb_bcs\dataset\3.25\YM_1367_2.jpg,YOLOv8s,2,4,detected,501.47,0.0,630.43,163.28,0.8987,26.53,1024,576
sample_0006,ScienceDB,BCS_3.25,D:\cattle-health-monitoring-multi-task-model\datasets\bcs\sciencedb_bcs\dataset\3.25\YM_1367_2.jpg,YOLOv8s,3,4,detected,871.54,40.94,1023.76,353.64,0.7153,26.53,1024,576
sample_0006,ScienceDB,BCS_3.25,D:\cattle-health-monitoring-multi-task-model\datasets\bcs\sciencedb_bcs\dataset\3.25\YM_1367_2.jpg,YOLOv8s,4,4,detected,769.58,0.04,839.74,114.93,0.351,26.53,1024,576
sample_0006,ScienceDB,BCS_3.25,D:\cattle-health-monitoring-multi-task-model\datasets\bcs\sciencedb_bcs\dataset\3.25\YM_1367_2.jpg,FasterRCNN_v2,1,12,detected,285.55,75.39,768.82,570.67,0.9975,486.45,1024,576
sample_0006,ScienceDB,BCS_3.25,D:\cattle-health-monitoring-multi-task-model\datasets\bcs\sciencedb_bcs\dataset\3.25\YM_1367_2.jpg,FasterRCNN_v2,2,12,detected,870.59,47.39,1021.44,312.83,0.9927,486.45,1024,576
sample_0006,ScienceDB,BCS_3.25,D:\cattle-health-monitoring-multi-task-model\datasets\bcs\sciencedb_bcs\dataset\3.25\YM_1367_2.jpg,FasterRCNN_v2,3,12,detected,504.57,0.54,629.14,164.32,0.9855,486.45,1024,576
sample_0006,ScienceDB,BCS_3.25,D:\cattle-health-monitoring-multi-task-model\datasets\bcs\sciencedb_bcs\dataset\3.25\YM_1367_2.jpg,FasterRCNN_v2,4,12,detected,826.2,17.91,907.48,205.74,0.9571,486.45,1024,576
sample_0006,ScienceDB,BCS_3.25,D:\cattle-health-monitoring-multi-task-model\datasets\bcs\sciencedb_bcs\dataset\3.25\YM_1367_2.jpg,FasterRCNN_v2,5,12,detected,924.12,95.82,1022.0,363.7,0.9546,486.45,1024,576
sample_0006,ScienceDB,BCS_3.25,D:\cattle-health-monitoring-multi-task-model\datasets\bcs\sciencedb_bcs\dataset\3.25\YM_1367_2.jpg,FasterRCNN_v2,6,12,detected,778.58,1.5,839.66,111.19,0.8789,486.45,1024,576
sample_0006,ScienceDB,BCS_3.25,D:\cattle-health-monitoring-multi-task-model\datasets\bcs\sciencedb_bcs\dataset\3.25\YM_1367_2.jpg,FasterRCNN_v2,7,12,detected,834.21,28.52,1015.26,209.66,0.8767,486.45,1024,576
sample_0006,ScienceDB,BCS_3.25,D:\cattle-health-monitoring-multi-task-model\datasets\bcs\sciencedb_bcs\dataset\3.25\YM_1367_2.jpg,FasterRCNN_v2,8,12,detected,790.79,13.91,918.36,113.74,0.7156,486.45,1024,576
sample_0006,ScienceDB,BCS_3.25,D:\cattle-health-monitoring-multi-task-model\datasets\bcs\sciencedb_bcs\dataset\3.25\YM_1367_2.jpg,FasterRCNN_v2,9,12,detected,770.93,1.97,814.76,105.02,0.5505,486.45,1024,576
sample_0006,ScienceDB,BCS_3.25,D:\cattle-health-monitoring-multi-task-model\datasets\bcs\sciencedb_bcs\dataset\3.25\YM_1367_2.jpg,FasterRCNN_v2,10,12,detected,339.8,471.75,502.71,573.57,0.4487,486.45,1024,576
sample_0006,ScienceDB,BCS_3.25,D:\cattle-health-monitoring-multi-task-model\datasets\bcs\sciencedb_bcs\dataset\3.25\YM_1367_2.jpg,FasterRCNN_v2,11,12,detected,821.7,11.2,1020.24,109.23,0.4233,486.45,1024,576
sample_0006,ScienceDB,BCS_3.25,D:\cattle-health-monitoring-multi-task-model\datasets\bcs\sciencedb_bcs\dataset\3.25\YM_1367_2.jpg,FasterRCNN_v2,12,12,detected,830.35,16.09,904.45,86.82,0.2619,486.45,1024,576
sample_0006,ScienceDB,BCS_3.25,D:\cattle-health-monitoring-multi-task-model\datasets\bcs\sciencedb_bcs\dataset\3.25\YM_1367_2.jpg,RT-DETR-L,1,18,detected,280.2,65.67,749.65,572.33,0.9265,93.71,1024,576
sample_0006,ScienceDB,BCS_3.25,D:\cattle-health-monitoring-multi-task-model\datasets\bcs\sciencedb_bcs\dataset\3.25\YM_1367_2.jpg,RT-DETR-L,2,18,detected,501.21,-0.09,633.58,165.3,0.9054,93.71,1024,576
sample_0006,ScienceDB,BCS_3.25,D:\cattle-health-monitoring-multi-task-model\datasets\bcs\sciencedb_bcs\dataset\3.25\YM_1367_2.jpg,RT-DETR-L,3,18,detected,871.42,35.03,1022.65,289.92,0.8093,93.71,1024,576
sample_0006,ScienceDB,BCS_3.25,D:\cattle-health-monitoring-multi-task-model\datasets\bcs\sciencedb_bcs\dataset\3.25\YM_1367_2.jpg,RT-DETR-L,4,18,detected,924.53,95.88,1023.99,359.6,0.7277,93.71,1024,576
sample_0006,ScienceDB,BCS_3.25,D:\cattle-health-monitoring-multi-task-model\datasets\bcs\sciencedb_bcs\dataset\3.25\YM_1367_2.jpg,RT-DETR-L,5,18,detected,806.9,16.28,902.43,199.34,0.6284,93.71,1024,576
sample_0006,ScienceDB,BCS_3.25,D:\cattle-health-monitoring-multi-task-model\datasets\bcs\sciencedb_bcs\dataset\3.25\YM_1367_2.jpg,RT-DETR-L,6,18,detected,339.07,471.57,502.91,575.62,0.4462,93.71,1024,576
sample_0006,ScienceDB,BCS_3.25,D:\cattle-health-monitoring-multi-task-model\datasets\bcs\sciencedb_bcs\dataset\3.25\YM_1367_2.jpg,RT-DETR-L,7,18,detected,782.64,25.44,841.58,113.36,0.4008,93.71,1024,576
sample_0006,ScienceDB,BCS_3.25,D:\cattle-health-monitoring-multi-task-model\datasets\bcs\sciencedb_bcs\dataset\3.25\YM_1367_2.jpg,RT-DETR-L,8,18,detected,837.83,0.36,1014.0,88.38,0.3701,93.71,1024,576
sample_0006,ScienceDB,BCS_3.25,D:\cattle-health-monitoring-multi-task-model\datasets\bcs\sciencedb_bcs\dataset\3.25\YM_1367_2.jpg,RT-DETR-L,9,18,detected,766.57,0.13,830.64,57.98,0.3476,93.71,1024,576
sample_0006,ScienceDB,BCS_3.25,D:\cattle-health-monitoring-multi-task-model\datasets\bcs\sciencedb_bcs\dataset\3.25\YM_1367_2.jpg,RT-DETR-L,10,18,detected,648.28,1.56,741.24,178.55,0.3376,93.71,1024,576
sample_0006,ScienceDB,BCS_3.25,D:\cattle-health-monitoring-multi-task-model\datasets\bcs\sciencedb_bcs\dataset\3.25\YM_1367_2.jpg,RT-DETR-L,11,18,detected,271.48,115.71,371.63,334.32,0.3194,93.71,1024,576
sample_0006,ScienceDB,BCS_3.25,D:\cattle-health-monitoring-multi-task-model\datasets\bcs\sciencedb_bcs\dataset\3.25\YM_1367_2.jpg,RT-DETR-L,12,18,detected,767.27,0.12,835.28,110.66,0.3135,93.71,1024,576
sample_0006,ScienceDB,BCS_3.25,D:\cattle-health-monitoring-multi-task-model\datasets\bcs\sciencedb_bcs\dataset\3.25\YM_1367_2.jpg,RT-DETR-L,13,18,detected,873.69,12.0,1014.29,87.32,0.3027,93.71,1024,576
sample_0006,ScienceDB,BCS_3.25,D:\cattle-health-monitoring-multi-task-model\datasets\bcs\sciencedb_bcs\dataset\3.25\YM_1367_2.jpg,RT-DETR-L,14,18,detected,883.23,16.88,1016.22,89.57,0.2771,93.71,1024,576
sample_0006,ScienceDB,BCS_3.25,D:\cattle-health-monitoring-multi-task-model\datasets\bcs\sciencedb_bcs\dataset\3.25\YM_1367_2.jpg,RT-DETR-L,15,18,detected,272.58,115.46,335.85,229.34,0.2624,93.71,1024,576
sample_0006,ScienceDB,BCS_3.25,D:\cattle-health-monitoring-multi-task-model\datasets\bcs\sciencedb_bcs\dataset\3.25\YM_1367_2.jpg,RT-DETR-L,16,18,detected,838.08,-0.14,880.5,20.34,0.2534,93.71,1024,576
sample_0006,ScienceDB,BCS_3.25,D:\cattle-health-monitoring-multi-task-model\datasets\bcs\sciencedb_bcs\dataset\3.25\YM_1367_2.jpg,RT-DETR-L,17,18,detected,272.64,115.8,371.33,232.59,0.2531,93.71,1024,576
sample_0006,ScienceDB,BCS_3.25,D:\cattle-health-monitoring-multi-task-model\datasets\bcs\sciencedb_bcs\dataset\3.25\YM_1367_2.jpg,RT-DETR-L,18,18,detected,885.43,17.92,988.64,73.45,0.2518,93.71,1024,576
sample_0007,ScienceDB,BCS_3.25,D:\cattle-health-monitoring-multi-task-model\datasets\bcs\sciencedb_bcs\dataset\3.25\GS_3070_4.jpg,YOLOv8s,0,0,no_detection,,,,,,29.64,1024,576
sample_0007,ScienceDB,BCS_3.25,D:\cattle-health-monitoring-multi-task-model\datasets\bcs\sciencedb_bcs\dataset\3.25\GS_3070_4.jpg,FasterRCNN_v2,1,2,detected,268.01,0.0,743.03,576.0,0.9385,489.95,1024,576
sample_0007,ScienceDB,BCS_3.25,D:\cattle-health-monitoring-multi-task-model\datasets\bcs\sciencedb_bcs\dataset\3.25\GS_3070_4.jpg,FasterRCNN_v2,2,2,detected,8.33,0.0,494.12,576.0,0.4308,489.95,1024,576
sample_0007,ScienceDB,BCS_3.25,D:\cattle-health-monitoring-multi-task-model\datasets\bcs\sciencedb_bcs\dataset\3.25\GS_3070_4.jpg,RT-DETR-L,1,4,detected,29.47,-0.24,743.5,575.75,0.6105,94.35,1024,576
sample_0007,ScienceDB,BCS_3.25,D:\cattle-health-monitoring-multi-task-model\datasets\bcs\sciencedb_bcs\dataset\3.25\GS_3070_4.jpg,RT-DETR-L,2,4,detected,0.08,-0.07,1023.97,575.93,0.372,94.35,1024,576
sample_0007,ScienceDB,BCS_3.25,D:\cattle-health-monitoring-multi-task-model\datasets\bcs\sciencedb_bcs\dataset\3.25\GS_3070_4.jpg,RT-DETR-L,3,4,detected,684.93,-0.12,1023.89,575.87,0.3346,94.35,1024,576
sample_0007,ScienceDB,BCS_3.25,D:\cattle-health-monitoring-multi-task-model\datasets\bcs\sciencedb_bcs\dataset\3.25\GS_3070_4.jpg,RT-DETR-L,4,4,detected,324.89,0.31,1023.33,576.08,0.2509,94.35,1024,576
sample_0008,ScienceDB,BCS_3.25,D:\cattle-health-monitoring-multi-task-model\datasets\bcs\sciencedb_bcs\dataset\3.25\YM_864_4.jpg,YOLOv8s,1,1,detected,532.64,0.75,892.96,570.05,0.9198,24.92,1024,576
sample_0008,ScienceDB,BCS_3.25,D:\cattle-health-monitoring-multi-task-model\datasets\bcs\sciencedb_bcs\dataset\3.25\YM_864_4.jpg,FasterRCNN_v2,1,1,detected,532.6,6.08,949.3,572.12,0.9963,486.04,1024,576
sample_0008,ScienceDB,BCS_3.25,D:\cattle-health-monitoring-multi-task-model\datasets\bcs\sciencedb_bcs\dataset\3.25\YM_864_4.jpg,RT-DETR-L,1,1,detected,532.18,-0.18,902.78,575.79,0.9619,94.12,1024,576
sample_0009,ScienceDB,BCS_3.25,D:\cattle-health-monitoring-multi-task-model\datasets\bcs\sciencedb_bcs\dataset\3.25\YM_862_1.jpg,YOLOv8s,1,1,detected,496.67,2.01,925.33,570.26,0.7582,26.38,1024,576
sample_0009,ScienceDB,BCS_3.25,D:\cattle-health-monitoring-multi-task-model\datasets\bcs\sciencedb_bcs\dataset\3.25\YM_862_1.jpg,FasterRCNN_v2,1,1,detected,492.95,3.87,934.79,575.49,0.9976,489.22,1024,576
sample_0009,ScienceDB,BCS_3.25,D:\cattle-health-monitoring-multi-task-model\datasets\bcs\sciencedb_bcs\dataset\3.25\YM_862_1.jpg,RT-DETR-L,1,1,detected,496.64,-0.75,926.69,575.1,0.9678,93.83,1024,576
sample_0010,ScienceDB,BCS_3.25,D:\cattle-health-monitoring-multi-task-model\datasets\bcs\sciencedb_bcs\dataset\3.25\GS_1059_4.jpg,YOLOv8s,0,0,no_detection,,,,,,24.12,1024,576
sample_0010,ScienceDB,BCS_3.25,D:\cattle-health-monitoring-multi-task-model\datasets\bcs\sciencedb_bcs\dataset\3.25\GS_1059_4.jpg,FasterRCNN_v2,1,2,detected,160.85,0.0,826.81,575.37,0.825,483.89,1024,576
sample_0010,ScienceDB,BCS_3.25,D:\cattle-health-monitoring-multi-task-model\datasets\bcs\sciencedb_bcs\dataset\3.25\GS_1059_4.jpg,FasterRCNN_v2,2,2,detected,1.56,0.0,319.95,576.0,0.269,483.89,1024,576
sample_0010,ScienceDB,BCS_3.25,D:\cattle-health-monitoring-multi-task-model\datasets\bcs\sciencedb_bcs\dataset\3.25\GS_1059_4.jpg,RT-DETR-L,1,1,detected,12.08,0.36,827.88,576.34,0.9239,94.87,1024,576
sample_0011,ScienceDB,BCS_3.25,D:\cattle-health-monitoring-multi-task-model\datasets\bcs\sciencedb_bcs\dataset\3.25\GS_2009_1.jpg,YOLOv8s,1,1,detected,266.83,2.51,886.99,568.88,0.4671,33.76,1024,576
sample_0011,ScienceDB,BCS_3.25,D:\cattle-health-monitoring-multi-task-model\datasets\bcs\sciencedb_bcs\dataset\3.25\GS_2009_1.jpg,FasterRCNN_v2,1,2,detected,237.52,4.41,874.67,575.28,0.986,486.44,1024,576
sample_0011,ScienceDB,BCS_3.25,D:\cattle-health-monitoring-multi-task-model\datasets\bcs\sciencedb_bcs\dataset\3.25\GS_2009_1.jpg,FasterRCNN_v2,2,2,detected,11.02,4.39,457.37,576.0,0.2888,486.44,1024,576
sample_0011,ScienceDB,BCS_3.25,D:\cattle-health-monitoring-multi-task-model\datasets\bcs\sciencedb_bcs\dataset\3.25\GS_2009_1.jpg,RT-DETR-L,1,1,detected,256.15,0.03,890.17,576.03,0.964,94.84,1024,576
sample_0012,ScienceDB,BCS_3.25,D:\cattle-health-monitoring-multi-task-model\datasets\bcs\sciencedb_bcs\dataset\3.25\YM_1857_1.jpg,YOLOv8s,1,3,detected,796.95,25.55,921.09,252.35,0.8602,28.91,1024,576
sample_0012,ScienceDB,BCS_3.25,D:\cattle-health-monitoring-multi-task-model\datasets\bcs\sciencedb_bcs\dataset\3.25\YM_1857_1.jpg,YOLOv8s,2,3,detected,286.35,62.32,630.26,569.45,0.7768,28.91,1024,576
sample_0012,ScienceDB,BCS_3.25,D:\cattle-health-monitoring-multi-task-model\datasets\bcs\sciencedb_bcs\dataset\3.25\YM_1857_1.jpg,YOLOv8s,3,3,detected,515.01,0.0,632.87,94.67,0.3807,28.91,1024,576
sample_0012,ScienceDB,BCS_3.25,D:\cattle-health-monitoring-multi-task-model\datasets\bcs\sciencedb_bcs\dataset\3.25\YM_1857_1.jpg,FasterRCNN_v2,1,9,detected,272.73,70.04,639.62,576.0,0.9991,493.54,1024,576
sample_0012,ScienceDB,BCS_3.25,D:\cattle-health-monitoring-multi-task-model\datasets\bcs\sciencedb_bcs\dataset\3.25\YM_1857_1.jpg,FasterRCNN_v2,2,9,detected,791.61,27.14,929.22,272.2,0.9951,493.54,1024,576
sample_0012,ScienceDB,BCS_3.25,D:\cattle-health-monitoring-multi-task-model\datasets\bcs\sciencedb_bcs\dataset\3.25\YM_1857_1.jpg,FasterRCNN_v2,3,9,detected,512.9,0.26,655.74,132.63,0.8097,493.54,1024,576
sample_0012,ScienceDB,BCS_3.25,D:\cattle-health-monitoring-multi-task-model\datasets\bcs\sciencedb_bcs\dataset\3.25\YM_1857_1.jpg,FasterRCNN_v2,4,9,detected,485.5,384.29,783.32,571.2,0.7463,493.54,1024,576
sample_0012,ScienceDB,BCS_3.25,D:\cattle-health-monitoring-multi-task-model\datasets\bcs\sciencedb_bcs\dataset\3.25\YM_1857_1.jpg,FasterRCNN_v2,5,9,detected,653.84,64.43,714.86,178.71,0.7145,493.54,1024,576
sample_0012,ScienceDB,BCS_3.25,D:\cattle-health-monitoring-multi-task-model\datasets\bcs\sciencedb_bcs\dataset\3.25\YM_1857_1.jpg,FasterRCNN_v2,6,9,detected,897.34,23.46,954.56,122.72,0.4418,493.54,1024,576
sample_0012,ScienceDB,BCS_3.25,D:\cattle-health-monitoring-multi-task-model\datasets\bcs\sciencedb_bcs\dataset\3.25\YM_1857_1.jpg,FasterRCNN_v2,7,9,detected,515.44,1.36,741.59,435.78,0.4291,493.54,1024,576
sample_0012,ScienceDB,BCS_3.25,D:\cattle-health-monitoring-multi-task-model\datasets\bcs\sciencedb_bcs\dataset\3.25\YM_1857_1.jpg,FasterRCNN_v2,8,9,detected,900.04,22.51,945.66,79.86,0.4109,493.54,1024,576
sample_0012,ScienceDB,BCS_3.25,D:\cattle-health-monitoring-multi-task-model\datasets\bcs\sciencedb_bcs\dataset\3.25\YM_1857_1.jpg,FasterRCNN_v2,9,9,detected,519.32,3.61,702.65,218.19,0.3298,493.54,1024,576
sample_0012,ScienceDB,BCS_3.25,D:\cattle-health-monitoring-multi-task-model\datasets\bcs\sciencedb_bcs\dataset\3.25\YM_1857_1.jpg,RT-DETR-L,1,15,detected,289.47,71.3,634.35,571.96,0.9281,93.44,1024,576
sample_0012,ScienceDB,BCS_3.25,D:\cattle-health-monitoring-multi-task-model\datasets\bcs\sciencedb_bcs\dataset\3.25\YM_1857_1.jpg,RT-DETR-L,2,15,detected,793.85,23.44,923.14,256.84,0.8517,93.44,1024,576
sample_0012,ScienceDB,BCS_3.25,D:\cattle-health-monitoring-multi-task-model\datasets\bcs\sciencedb_bcs\dataset\3.25\YM_1857_1.jpg,RT-DETR-L,3,15,detected,474.77,381.94,773.69,573.11,0.7521,93.44,1024,576
sample_0012,ScienceDB,BCS_3.25,D:\cattle-health-monitoring-multi-task-model\datasets\bcs\sciencedb_bcs\dataset\3.25\YM_1857_1.jpg,RT-DETR-L,4,15,detected,901.92,20.88,973.04,149.07,0.5969,93.44,1024,576
sample_0012,ScienceDB,BCS_3.25,D:\cattle-health-monitoring-multi-task-model\datasets\bcs\sciencedb_bcs\dataset\3.25\YM_1857_1.jpg,RT-DETR-L,5,15,detected,514.19,-0.02,634.15,130.31,0.5386,93.44,1024,576
sample_0012,ScienceDB,BCS_3.25,D:\cattle-health-monitoring-multi-task-model\datasets\bcs\sciencedb_bcs\dataset\3.25\YM_1857_1.jpg,RT-DETR-L,6,15,detected,973.15,347.56,1023.68,492.45,0.4966,93.44,1024,576
sample_0012,ScienceDB,BCS_3.25,D:\cattle-health-monitoring-multi-task-model\datasets\bcs\sciencedb_bcs\dataset\3.25\YM_1857_1.jpg,RT-DETR-L,7,15,detected,263.43,14.26,317.55,142.93,0.3927,93.44,1024,576
sample_0012,ScienceDB,BCS_3.25,D:\cattle-health-monitoring-multi-task-model\datasets\bcs\sciencedb_bcs\dataset\3.25\YM_1857_1.jpg,RT-DETR-L,8,15,detected,766.15,0.05,801.03,74.03,0.377,93.44,1024,576
sample_0012,ScienceDB,BCS_3.25,D:\cattle-health-monitoring-multi-task-model\datasets\bcs\sciencedb_bcs\dataset\3.25\YM_1857_1.jpg,RT-DETR-L,9,15,detected,766.99,0.16,860.38,83.29,0.309,93.44,1024,576
sample_0012,ScienceDB,BCS_3.25,D:\cattle-health-monitoring-multi-task-model\datasets\bcs\sciencedb_bcs\dataset\3.25\YM_1857_1.jpg,RT-DETR-L,10,15,detected,353.86,25.9,422.68,175.62,0.2904,93.44,1024,576
sample_0012,ScienceDB,BCS_3.25,D:\cattle-health-monitoring-multi-task-model\datasets\bcs\sciencedb_bcs\dataset\3.25\YM_1857_1.jpg,RT-DETR-L,11,15,detected,514.62,0.35,607.65,95.48,0.2657,93.44,1024,576
sample_0012,ScienceDB,BCS_3.25,D:\cattle-health-monitoring-multi-task-model\datasets\bcs\sciencedb_bcs\dataset\3.25\YM_1857_1.jpg,RT-DETR-L,12,15,detected,835.59,-0.02,913.13,37.32,0.2644,93.44,1024,576
sample_0012,ScienceDB,BCS_3.25,D:\cattle-health-monitoring-multi-task-model\datasets\bcs\sciencedb_bcs\dataset\3.25\YM_1857_1.jpg,RT-DETR-L,13,15,detected,661.8,0.84,793.08,222.45,0.2623,93.44,1024,576
sample_0012,ScienceDB,BCS_3.25,D:\cattle-health-monitoring-multi-task-model\datasets\bcs\sciencedb_bcs\dataset\3.25\YM_1857_1.jpg,RT-DETR-L,14,15,detected,920.36,39.71,973.53,120.29,0.2606,93.44,1024,576
sample_0012,ScienceDB,BCS_3.25,D:\cattle-health-monitoring-multi-task-model\datasets\bcs\sciencedb_bcs\dataset\3.25\YM_1857_1.jpg,RT-DETR-L,15,15,detected,2.26,302.23,154.26,498.56,0.2592,93.44,1024,576
sample_0013,ScienceDB,BCS_3.25,D:\cattle-health-monitoring-multi-task-model\datasets\bcs\sciencedb_bcs\dataset\3.25\GS_2361_8.jpg,YOLOv8s,0,0,no_detection,,,,,,25.05,1024,576
sample_0013,ScienceDB,BCS_3.25,D:\cattle-health-monitoring-multi-task-model\datasets\bcs\sciencedb_bcs\dataset\3.25\GS_2361_8.jpg,FasterRCNN_v2,1,2,detected,199.37,0.0,834.28,574.25,0.9881,491.43,1024,576
sample_0013,ScienceDB,BCS_3.25,D:\cattle-health-monitoring-multi-task-model\datasets\bcs\sciencedb_bcs\dataset\3.25\GS_2361_8.jpg,FasterRCNN_v2,2,2,detected,399.24,5.93,717.57,352.9,0.2671,491.43,1024,576
sample_0013,ScienceDB,BCS_3.25,D:\cattle-health-monitoring-multi-task-model\datasets\bcs\sciencedb_bcs\dataset\3.25\GS_2361_8.jpg,RT-DETR-L,1,1,detected,236.84,-0.01,833.31,575.98,0.9631,94.81,1024,576
sample_0014,ScienceDB,BCS_3.25,D:\cattle-health-monitoring-multi-task-model\datasets\bcs\sciencedb_bcs\dataset\3.25\YM_1704_1.jpg,YOLOv8s,1,6,detected,886.42,44.46,978.05,224.28,0.6193,27.08,1024,576
sample_0014,ScienceDB,BCS_3.25,D:\cattle-health-monitoring-multi-task-model\datasets\bcs\sciencedb_bcs\dataset\3.25\YM_1704_1.jpg,YOLOv8s,2,6,detected,494.17,0.28,630.65,143.06,0.3883,27.08,1024,576
sample_0014,ScienceDB,BCS_3.25,D:\cattle-health-monitoring-multi-task-model\datasets\bcs\sciencedb_bcs\dataset\3.25\YM_1704_1.jpg,YOLOv8s,3,6,detected,768.48,16.54,872.61,141.48,0.3369,27.08,1024,576
sample_0014,ScienceDB,BCS_3.25,D:\cattle-health-monitoring-multi-task-model\datasets\bcs\sciencedb_bcs\dataset\3.25\YM_1704_1.jpg,YOLOv8s,4,6,detected,289.56,77.39,711.21,561.16,0.3075,27.08,1024,576
sample_0014,ScienceDB,BCS_3.25,D:\cattle-health-monitoring-multi-task-model\datasets\bcs\sciencedb_bcs\dataset\3.25\YM_1704_1.jpg,YOLOv8s,5,6,detected,951.36,62.74,1023.45,292.53,0.2969,27.08,1024,576
sample_0014,ScienceDB,BCS_3.25,D:\cattle-health-monitoring-multi-task-model\datasets\bcs\sciencedb_bcs\dataset\3.25\YM_1704_1.jpg,YOLOv8s,6,6,detected,965.28,69.64,1023.74,172.77,0.2823,27.08,1024,576
sample_0014,ScienceDB,BCS_3.25,D:\cattle-health-monitoring-multi-task-model\datasets\bcs\sciencedb_bcs\dataset\3.25\YM_1704_1.jpg,FasterRCNN_v2,1,11,detected,816.75,2.4,993.85,216.22,0.9876,489.11,1024,576
sample_0014,ScienceDB,BCS_3.25,D:\cattle-health-monitoring-multi-task-model\datasets\bcs\sciencedb_bcs\dataset\3.25\YM_1704_1.jpg,FasterRCNN_v2,2,11,detected,783.18,17.88,869.12,142.62,0.9733,489.11,1024,576
sample_0014,ScienceDB,BCS_3.25,D:\cattle-health-monitoring-multi-task-model\datasets\bcs\sciencedb_bcs\dataset\3.25\YM_1704_1.jpg,FasterRCNN_v2,3,11,detected,960.59,70.16,1024.0,209.11,0.9088,489.11,1024,576
sample_0014,ScienceDB,BCS_3.25,D:\cattle-health-monitoring-multi-task-model\datasets\bcs\sciencedb_bcs\dataset\3.25\YM_1704_1.jpg,FasterRCNN_v2,4,11,detected,492.72,0.77,634.34,145.37,0.82,489.11,1024,576
sample_0014,ScienceDB,BCS_3.25,D:\cattle-health-monitoring-multi-task-model\datasets\bcs\sciencedb_bcs\dataset\3.25\YM_1704_1.jpg,FasterRCNN_v2,5,11,detected,858.57,1.86,944.03,49.44,0.4674,489.11,1024,576
sample_0014,ScienceDB,BCS_3.25,D:\cattle-health-monitoring-multi-task-model\datasets\bcs\sciencedb_bcs\dataset\3.25\YM_1704_1.jpg,FasterRCNN_v2,6,11,detected,306.09,20.12,707.77,569.28,0.4303,489.11,1024,576
sample_0014,ScienceDB,BCS_3.25,D:\cattle-health-monitoring-multi-task-model\datasets\bcs\sciencedb_bcs\dataset\3.25\YM_1704_1.jpg,FasterRCNN_v2,7,11,detected,673.97,4.17,783.45,188.88,0.3977,489.11,1024,576
sample_0014,ScienceDB,BCS_3.25,D:\cattle-health-monitoring-multi-task-model\datasets\bcs\sciencedb_bcs\dataset\3.25\YM_1704_1.jpg,FasterRCNN_v2,8,11,detected,886.46,10.82,947.24,56.91,0.3935,489.11,1024,576
sample_0014,ScienceDB,BCS_3.25,D:\cattle-health-monitoring-multi-task-model\datasets\bcs\sciencedb_bcs\dataset\3.25\YM_1704_1.jpg,FasterRCNN_v2,9,11,detected,879.41,35.95,984.37,209.69,0.3672,489.11,1024,576
sample_0014,ScienceDB,BCS_3.25,D:\cattle-health-monitoring-multi-task-model\datasets\bcs\sciencedb_bcs\dataset\3.25\YM_1704_1.jpg,FasterRCNN_v2,10,11,detected,876.66,6.4,970.87,71.6,0.3141,489.11,1024,576
sample_0014,ScienceDB,BCS_3.25,D:\cattle-health-monitoring-multi-task-model\datasets\bcs\sciencedb_bcs\dataset\3.25\YM_1704_1.jpg,FasterRCNN_v2,11,11,detected,768.66,0.81,790.26,44.87,0.2657,489.11,1024,576
sample_0014,ScienceDB,BCS_3.25,D:\cattle-health-monitoring-multi-task-model\datasets\bcs\sciencedb_bcs\dataset\3.25\YM_1704_1.jpg,RT-DETR-L,1,14,detected,390.98,78.95,692.83,475.2,0.8905,93.23,1024,576
sample_0014,ScienceDB,BCS_3.25,D:\cattle-health-monitoring-multi-task-model\datasets\bcs\sciencedb_bcs\dataset\3.25\YM_1704_1.jpg,RT-DETR-L,2,14,detected,493.3,0.19,634.26,143.13,0.8578,93.23,1024,576
sample_0014,ScienceDB,BCS_3.25,D:\cattle-health-monitoring-multi-task-model\datasets\bcs\sciencedb_bcs\dataset\3.25\YM_1704_1.jpg,RT-DETR-L,3,14,detected,854.02,19.57,991.7,228.81,0.7316,93.23,1024,576
sample_0014,ScienceDB,BCS_3.25,D:\cattle-health-monitoring-multi-task-model\datasets\bcs\sciencedb_bcs\dataset\3.25\YM_1704_1.jpg,RT-DETR-L,4,14,detected,291.93,423.99,730.07,574.32,0.6833,93.23,1024,576
sample_0014,ScienceDB,BCS_3.25,D:\cattle-health-monitoring-multi-task-model\datasets\bcs\sciencedb_bcs\dataset\3.25\YM_1704_1.jpg,RT-DETR-L,5,14,detected,767.19,1.73,871.68,143.14,0.6313,93.23,1024,576
sample_0014,ScienceDB,BCS_3.25,D:\cattle-health-monitoring-multi-task-model\datasets\bcs\sciencedb_bcs\dataset\3.25\YM_1704_1.jpg,RT-DETR-L,6,14,detected,964.08,65.01,1023.77,170.02,0.4539,93.23,1024,576
sample_0014,ScienceDB,BCS_3.25,D:\cattle-health-monitoring-multi-task-model\datasets\bcs\sciencedb_bcs\dataset\3.25\YM_1704_1.jpg,RT-DETR-L,7,14,detected,852.97,0.09,944.33,50.02,0.4276,93.23,1024,576
sample_0014,ScienceDB,BCS_3.25,D:\cattle-health-monitoring-multi-task-model\datasets\bcs\sciencedb_bcs\dataset\3.25\YM_1704_1.jpg,RT-DETR-L,8,14,detected,961.82,65.81,1023.98,282.56,0.3412,93.23,1024,576
sample_0014,ScienceDB,BCS_3.25,D:\cattle-health-monitoring-multi-task-model\datasets\bcs\sciencedb_bcs\dataset\3.25\YM_1704_1.jpg,RT-DETR-L,9,14,detected,648.03,1.97,729.48,130.18,0.3334,93.23,1024,576
sample_0014,ScienceDB,BCS_3.25,D:\cattle-health-monitoring-multi-task-model\datasets\bcs\sciencedb_bcs\dataset\3.25\YM_1704_1.jpg,RT-DETR-L,10,14,detected,963.11,65.89,1024.12,263.62,0.3323,93.23,1024,576
sample_0014,ScienceDB,BCS_3.25,D:\cattle-health-monitoring-multi-task-model\datasets\bcs\sciencedb_bcs\dataset\3.25\YM_1704_1.jpg,RT-DETR-L,11,14,detected,646.9,1.11,797.65,186.61,0.3123,93.23,1024,576
sample_0014,ScienceDB,BCS_3.25,D:\cattle-health-monitoring-multi-task-model\datasets\bcs\sciencedb_bcs\dataset\3.25\YM_1704_1.jpg,RT-DETR-L,12,14,detected,646.49,1.29,802.08,189.01,0.2883,93.23,1024,576
sample_0014,ScienceDB,BCS_3.25,D:\cattle-health-monitoring-multi-task-model\datasets\bcs\sciencedb_bcs\dataset\3.25\YM_1704_1.jpg,RT-DETR-L,13,14,detected,786.92,-0.32,944.04,51.92,0.2713,93.23,1024,576
sample_0014,ScienceDB,BCS_3.25,D:\cattle-health-monitoring-multi-task-model\datasets\bcs\sciencedb_bcs\dataset\3.25\YM_1704_1.jpg,RT-DETR-L,14,14,detected,978.15,383.88,1024.49,515.7,0.2502,93.23,1024,576
sample_0015,ScienceDB,BCS_3.25,D:\cattle-health-monitoring-multi-task-model\datasets\bcs\sciencedb_bcs\dataset\3.25\GS_1751_1.jpg,YOLOv8s,0,0,no_detection,,,,,,24.49,1024,576
sample_0015,ScienceDB,BCS_3.25,D:\cattle-health-monitoring-multi-task-model\datasets\bcs\sciencedb_bcs\dataset\3.25\GS_1751_1.jpg,FasterRCNN_v2,1,2,detected,124.04,11.34,805.8,569.97,0.9707,491.08,1024,576
sample_0015,ScienceDB,BCS_3.25,D:\cattle-health-monitoring-multi-task-model\datasets\bcs\sciencedb_bcs\dataset\3.25\GS_1751_1.jpg,FasterRCNN_v2,2,2,detected,0.0,1.35,293.02,571.7,0.5002,491.08,1024,576
sample_0015,ScienceDB,BCS_3.25,D:\cattle-health-monitoring-multi-task-model\datasets\bcs\sciencedb_bcs\dataset\3.25\GS_1751_1.jpg,RT-DETR-L,1,1,detected,132.4,0.21,810.42,576.2,0.9581,94.86,1024,576
sample_0016,ScienceDB,BCS_3.25,D:\cattle-health-monitoring-multi-task-model\datasets\bcs\sciencedb_bcs\dataset\3.25\GS_942_2.jpg,YOLOv8s,0,0,no_detection,,,,,,24.4,1024,576
sample_0016,ScienceDB,BCS_3.25,D:\cattle-health-monitoring-multi-task-model\datasets\bcs\sciencedb_bcs\dataset\3.25\GS_942_2.jpg,FasterRCNN_v2,0,0,no_detection,,,,,,489.46,1024,576
sample_0016,ScienceDB,BCS_3.25,D:\cattle-health-monitoring-multi-task-model\datasets\bcs\sciencedb_bcs\dataset\3.25\GS_942_2.jpg,RT-DETR-L,1,3,detected,222.41,-0.14,921.49,575.85,0.3961,94.94,1024,576
sample_0016,ScienceDB,BCS_3.25,D:\cattle-health-monitoring-multi-task-model\datasets\bcs\sciencedb_bcs\dataset\3.25\GS_942_2.jpg,RT-DETR-L,2,3,detected,532.3,-0.01,1022.78,575.99,0.2673,94.94,1024,576
sample_0016,ScienceDB,BCS_3.25,D:\cattle-health-monitoring-multi-task-model\datasets\bcs\sciencedb_bcs\dataset\3.25\GS_942_2.jpg,RT-DETR-L,3,3,detected,220.49,-0.03,1023.08,575.97,0.2536,94.94,1024,576
sample_0017,ScienceDB,BCS_3.25,D:\cattle-health-monitoring-multi-task-model\datasets\bcs\sciencedb_bcs\dataset\3.25\GS_1166_4.jpg,YOLOv8s,0,0,no_detection,,,,,,24.75,1024,576
sample_0017,ScienceDB,BCS_3.25,D:\cattle-health-monitoring-multi-task-model\datasets\bcs\sciencedb_bcs\dataset\3.25\GS_1166_4.jpg,FasterRCNN_v2,1,3,detected,102.45,10.98,732.16,570.96,0.9896,488.06,1024,576
sample_0017,ScienceDB,BCS_3.25,D:\cattle-health-monitoring-multi-task-model\datasets\bcs\sciencedb_bcs\dataset\3.25\GS_1166_4.jpg,FasterRCNN_v2,2,3,detected,661.46,2.47,1024.0,572.75,0.8856,488.06,1024,576
sample_0017,ScienceDB,BCS_3.25,D:\cattle-health-monitoring-multi-task-model\datasets\bcs\sciencedb_bcs\dataset\3.25\GS_1166_4.jpg,FasterRCNN_v2,3,3,detected,2.62,0.0,406.22,576.0,0.5376,488.06,1024,576
sample_0017,ScienceDB,BCS_3.25,D:\cattle-health-monitoring-multi-task-model\datasets\bcs\sciencedb_bcs\dataset\3.25\GS_1166_4.jpg,RT-DETR-L,1,6,detected,188.63,0.27,735.93,576.26,0.939,94.49,1024,576
sample_0017,ScienceDB,BCS_3.25,D:\cattle-health-monitoring-multi-task-model\datasets\bcs\sciencedb_bcs\dataset\3.25\GS_1166_4.jpg,RT-DETR-L,2,6,detected,-0.3,0.46,245.58,576.45,0.3364,94.49,1024,576
sample_0017,ScienceDB,BCS_3.25,D:\cattle-health-monitoring-multi-task-model\datasets\bcs\sciencedb_bcs\dataset\3.25\GS_1166_4.jpg,RT-DETR-L,3,6,detected,657.17,0.23,1024.44,576.23,0.277,94.49,1024,576
sample_0017,ScienceDB,BCS_3.25,D:\cattle-health-monitoring-multi-task-model\datasets\bcs\sciencedb_bcs\dataset\3.25\GS_1166_4.jpg,RT-DETR-L,4,6,detected,-0.7,1.19,193.24,576.34,0.2746,94.49,1024,576
sample_0017,ScienceDB,BCS_3.25,D:\cattle-health-monitoring-multi-task-model\datasets\bcs\sciencedb_bcs\dataset\3.25\GS_1166_4.jpg,RT-DETR-L,5,6,detected,681.05,0.54,1024.05,576.34,0.2693,94.49,1024,576
sample_0017,ScienceDB,BCS_3.25,D:\cattle-health-monitoring-multi-task-model\datasets\bcs\sciencedb_bcs\dataset\3.25\GS_1166_4.jpg,RT-DETR-L,6,6,detected,-0.61,0.63,1023.32,576.62,0.2659,94.49,1024,576
sample_0018,ScienceDB,BCS_3.25,D:\cattle-health-monitoring-multi-task-model\datasets\bcs\sciencedb_bcs\dataset\3.25\YM_1785_8.jpg,YOLOv8s,1,7,detected,271.32,90.27,682.39,550.15,0.9041,25.69,1024,576
sample_0018,ScienceDB,BCS_3.25,D:\cattle-health-monitoring-multi-task-model\datasets\bcs\sciencedb_bcs\dataset\3.25\YM_1785_8.jpg,YOLOv8s,2,7,detected,464.01,0.18,589.85,146.57,0.8524,25.69,1024,576
sample_0018,ScienceDB,BCS_3.25,D:\cattle-health-monitoring-multi-task-model\datasets\bcs\sciencedb_bcs\dataset\3.25\YM_1785_8.jpg,YOLOv8s,3,7,detected,762.2,363.6,1022.7,572.52,0.7956,25.69,1024,576
sample_0018,ScienceDB,BCS_3.25,D:\cattle-health-monitoring-multi-task-model\datasets\bcs\sciencedb_bcs\dataset\3.25\YM_1785_8.jpg,YOLOv8s,4,7,detected,347.2,293.64,782.8,568.15,0.6147,25.69,1024,576
sample_0018,ScienceDB,BCS_3.25,D:\cattle-health-monitoring-multi-task-model\datasets\bcs\sciencedb_bcs\dataset\3.25\YM_1785_8.jpg,YOLOv8s,5,7,detected,868.41,37.01,944.69,228.55,0.6114,25.69,1024,576
sample_0018,ScienceDB,BCS_3.25,D:\cattle-health-monitoring-multi-task-model\datasets\bcs\sciencedb_bcs\dataset\3.25\YM_1785_8.jpg,YOLOv8s,6,7,detected,927.68,64.82,1023.31,260.96,0.588,25.69,1024,576
sample_0018,ScienceDB,BCS_3.25,D:\cattle-health-monitoring-multi-task-model\datasets\bcs\sciencedb_bcs\dataset\3.25\YM_1785_8.jpg,YOLOv8s,7,7,detected,804.76,21.13,880.8,149.3,0.3198,25.69,1024,576
sample_0018,ScienceDB,BCS_3.25,D:\cattle-health-monitoring-multi-task-model\datasets\bcs\sciencedb_bcs\dataset\3.25\YM_1785_8.jpg,FasterRCNN_v2,1,17,detected,265.62,91.94,686.12,564.15,0.9996,487.74,1024,576
sample_0018,ScienceDB,BCS_3.25,D:\cattle-health-monitoring-multi-task-model\datasets\bcs\sciencedb_bcs\dataset\3.25\YM_1785_8.jpg,FasterRCNN_v2,2,17,detected,926.82,64.6,1021.24,271.27,0.9985,487.74,1024,576
sample_0018,ScienceDB,BCS_3.25,D:\cattle-health-monitoring-multi-task-model\datasets\bcs\sciencedb_bcs\dataset\3.25\YM_1785_8.jpg,FasterRCNN_v2,3,17,detected,471.76,0.0,588.61,150.57,0.9885,487.74,1024,576
sample_0018,ScienceDB,BCS_3.25,D:\cattle-health-monitoring-multi-task-model\datasets\bcs\sciencedb_bcs\dataset\3.25\YM_1785_8.jpg,FasterRCNN_v2,4,17,detected,859.56,32.56,945.4,215.4,0.9701,487.74,1024,576
sample_0018,ScienceDB,BCS_3.25,D:\cattle-health-monitoring-multi-task-model\datasets\bcs\sciencedb_bcs\dataset\3.25\YM_1785_8.jpg,FasterRCNN_v2,5,17,detected,786.11,15.46,868.57,142.77,0.9683,487.74,1024,576
sample_0018,ScienceDB,BCS_3.25,D:\cattle-health-monitoring-multi-task-model\datasets\bcs\sciencedb_bcs\dataset\3.25\YM_1785_8.jpg,FasterRCNN_v2,6,17,detected,336.96,264.82,780.22,567.11,0.9262,487.74,1024,576
sample_0018,ScienceDB,BCS_3.25,D:\cattle-health-monitoring-multi-task-model\datasets\bcs\sciencedb_bcs\dataset\3.25\YM_1785_8.jpg,FasterRCNN_v2,7,17,detected,970.5,113.8,1024.0,337.63,0.9041,487.74,1024,576
sample_0018,ScienceDB,BCS_3.25,D:\cattle-health-monitoring-multi-task-model\datasets\bcs\sciencedb_bcs\dataset\3.25\YM_1785_8.jpg,FasterRCNN_v2,8,17,detected,929.44,34.46,1014.95,81.23,0.8951,487.74,1024,576
sample_0018,ScienceDB,BCS_3.25,D:\cattle-health-monitoring-multi-task-model\datasets\bcs\sciencedb_bcs\dataset\3.25\YM_1785_8.jpg,FasterRCNN_v2,9,17,detected,762.92,359.64,1007.64,569.27,0.8893,487.74,1024,576
sample_0018,ScienceDB,BCS_3.25,D:\cattle-health-monitoring-multi-task-model\datasets\bcs\sciencedb_bcs\dataset\3.25\YM_1785_8.jpg,FasterRCNN_v2,10,17,detected,837.67,9.17,952.05,153.05,0.697,487.74,1024,576
sample_0018,ScienceDB,BCS_3.25,D:\cattle-health-monitoring-multi-task-model\datasets\bcs\sciencedb_bcs\dataset\3.25\YM_1785_8.jpg,FasterRCNN_v2,11,17,detected,785.76,24.24,813.01,102.65,0.6969,487.74,1024,576
sample_0018,ScienceDB,BCS_3.25,D:\cattle-health-monitoring-multi-task-model\datasets\bcs\sciencedb_bcs\dataset\3.25\YM_1785_8.jpg,FasterRCNN_v2,12,17,detected,786.85,10.11,833.2,105.54,0.6747,487.74,1024,576
sample_0018,ScienceDB,BCS_3.25,D:\cattle-health-monitoring-multi-task-model\datasets\bcs\sciencedb_bcs\dataset\3.25\YM_1785_8.jpg,FasterRCNN_v2,13,17,detected,680.18,98.38,1015.92,564.75,0.4834,487.74,1024,576
sample_0018,ScienceDB,BCS_3.25,D:\cattle-health-monitoring-multi-task-model\datasets\bcs\sciencedb_bcs\dataset\3.25\YM_1785_8.jpg,FasterRCNN_v2,14,17,detected,844.68,7.62,946.88,42.01,0.4744,487.74,1024,576
sample_0018,ScienceDB,BCS_3.25,D:\cattle-health-monitoring-multi-task-model\datasets\bcs\sciencedb_bcs\dataset\3.25\YM_1785_8.jpg,FasterRCNN_v2,15,17,detected,844.25,10.52,971.26,93.58,0.4321,487.74,1024,576
sample_0018,ScienceDB,BCS_3.25,D:\cattle-health-monitoring-multi-task-model\datasets\bcs\sciencedb_bcs\dataset\3.25\YM_1785_8.jpg,FasterRCNN_v2,16,17,detected,828.03,15.94,905.52,143.64,0.4014,487.74,1024,576
sample_0018,ScienceDB,BCS_3.25,D:\cattle-health-monitoring-multi-task-model\datasets\bcs\sciencedb_bcs\dataset\3.25\YM_1785_8.jpg,FasterRCNN_v2,17,17,detected,882.62,35.66,982.92,74.0,0.3045,487.74,1024,576
sample_0018,ScienceDB,BCS_3.25,D:\cattle-health-monitoring-multi-task-model\datasets\bcs\sciencedb_bcs\dataset\3.25\YM_1785_8.jpg,RT-DETR-L,1,19,detected,270.84,87.25,688.54,549.77,0.9642,92.92,1024,576
sample_0018,ScienceDB,BCS_3.25,D:\cattle-health-monitoring-multi-task-model\datasets\bcs\sciencedb_bcs\dataset\3.25\YM_1785_8.jpg,RT-DETR-L,2,19,detected,339.46,293.1,780.5,572.54,0.9126,92.92,1024,576
sample_0018,ScienceDB,BCS_3.25,D:\cattle-health-monitoring-multi-task-model\datasets\bcs\sciencedb_bcs\dataset\3.25\YM_1785_8.jpg,RT-DETR-L,3,19,detected,466.97,0.02,592.33,155.26,0.89,92.92,1024,576
sample_0018,ScienceDB,BCS_3.25,D:\cattle-health-monitoring-multi-task-model\datasets\bcs\sciencedb_bcs\dataset\3.25\YM_1785_8.jpg,RT-DETR-L,4,19,detected,929.24,64.29,1024.13,268.44,0.8808,92.92,1024,576
sample_0018,ScienceDB,BCS_3.25,D:\cattle-health-monitoring-multi-task-model\datasets\bcs\sciencedb_bcs\dataset\3.25\YM_1785_8.jpg,RT-DETR-L,5,19,detected,766.66,365.08,1019.41,574.65,0.8606,92.92,1024,576
sample_0018,ScienceDB,BCS_3.25,D:\cattle-health-monitoring-multi-task-model\datasets\bcs\sciencedb_bcs\dataset\3.25\YM_1785_8.jpg,RT-DETR-L,6,19,detected,970.87,106.3,1023.98,342.39,0.757,92.92,1024,576
sample_0018,ScienceDB,BCS_3.25,D:\cattle-health-monitoring-multi-task-model\datasets\bcs\sciencedb_bcs\dataset\3.25\YM_1785_8.jpg,RT-DETR-L,7,19,detected,861.5,26.72,996.87,226.22,0.7352,92.92,1024,576
sample_0018,ScienceDB,BCS_3.25,D:\cattle-health-monitoring-multi-task-model\datasets\bcs\sciencedb_bcs\dataset\3.25\YM_1785_8.jpg,RT-DETR-L,8,19,detected,784.39,18.75,871.8,142.85,0.6949,92.92,1024,576
sample_0018,ScienceDB,BCS_3.25,D:\cattle-health-monitoring-multi-task-model\datasets\bcs\sciencedb_bcs\dataset\3.25\YM_1785_8.jpg,RT-DETR-L,9,19,detected,644.67,0.46,773.98,188.65,0.4212,92.92,1024,576
sample_0018,ScienceDB,BCS_3.25,D:\cattle-health-monitoring-multi-task-model\datasets\bcs\sciencedb_bcs\dataset\3.25\YM_1785_8.jpg,RT-DETR-L,10,19,detected,1.82,304.78,154.6,507.42,0.3762,92.92,1024,576
sample_0018,ScienceDB,BCS_3.25,D:\cattle-health-monitoring-multi-task-model\datasets\bcs\sciencedb_bcs\dataset\3.25\YM_1785_8.jpg,RT-DETR-L,11,19,detected,839.26,1.21,996.16,225.16,0.3316,92.92,1024,576
sample_0018,ScienceDB,BCS_3.25,D:\cattle-health-monitoring-multi-task-model\datasets\bcs\sciencedb_bcs\dataset\3.25\YM_1785_8.jpg,RT-DETR-L,12,19,detected,845.91,0.05,977.42,43.44,0.3135,92.92,1024,576
sample_0018,ScienceDB,BCS_3.25,D:\cattle-health-monitoring-multi-task-model\datasets\bcs\sciencedb_bcs\dataset\3.25\YM_1785_8.jpg,RT-DETR-L,13,19,detected,583.72,0.27,639.54,104.27,0.2848,92.92,1024,576
sample_0018,ScienceDB,BCS_3.25,D:\cattle-health-monitoring-multi-task-model\datasets\bcs\sciencedb_bcs\dataset\3.25\YM_1785_8.jpg,RT-DETR-L,14,19,detected,82.22,142.74,108.13,196.64,0.2675,92.92,1024,576
sample_0018,ScienceDB,BCS_3.25,D:\cattle-health-monitoring-multi-task-model\datasets\bcs\sciencedb_bcs\dataset\3.25\YM_1785_8.jpg,RT-DETR-L,15,19,detected,266.22,12.44,314.2,57.15,0.2646,92.92,1024,576
sample_0018,ScienceDB,BCS_3.25,D:\cattle-health-monitoring-multi-task-model\datasets\bcs\sciencedb_bcs\dataset\3.25\YM_1785_8.jpg,RT-DETR-L,16,19,detected,-0.03,408.76,71.53,559.82,0.2636,92.92,1024,576
sample_0018,ScienceDB,BCS_3.25,D:\cattle-health-monitoring-multi-task-model\datasets\bcs\sciencedb_bcs\dataset\3.25\YM_1785_8.jpg,RT-DETR-L,17,19,detected,567.6,0.48,651.8,122.14,0.2534,92.92,1024,576
sample_0018,ScienceDB,BCS_3.25,D:\cattle-health-monitoring-multi-task-model\datasets\bcs\sciencedb_bcs\dataset\3.25\YM_1785_8.jpg,RT-DETR-L,18,19,detected,587.86,0.29,658.84,124.24,0.2516,92.92,1024,576
sample_0018,ScienceDB,BCS_3.25,D:\cattle-health-monitoring-multi-task-model\datasets\bcs\sciencedb_bcs\dataset\3.25\YM_1785_8.jpg,RT-DETR-L,19,19,detected,840.32,1.43,990.61,84.45,0.2507,92.92,1024,576
sample_0019,ScienceDB,BCS_3.25,D:\cattle-health-monitoring-multi-task-model\datasets\bcs\sciencedb_bcs\dataset\3.25\GS_1169_2.jpg,YOLOv8s,0,0,no_detection,,,,,,25.17,1024,576
sample_0019,ScienceDB,BCS_3.25,D:\cattle-health-monitoring-multi-task-model\datasets\bcs\sciencedb_bcs\dataset\3.25\GS_1169_2.jpg,FasterRCNN_v2,1,1,detected,185.4,3.17,908.12,568.67,0.384,489.38,1024,576
sample_0019,ScienceDB,BCS_3.25,D:\cattle-health-monitoring-multi-task-model\datasets\bcs\sciencedb_bcs\dataset\3.25\GS_1169_2.jpg,RT-DETR-L,1,1,detected,199.7,-0.14,844.43,575.86,0.912,94.65,1024,576
sample_0020,ScienceDB,BCS_3.25,D:\cattle-health-monitoring-multi-task-model\datasets\bcs\sciencedb_bcs\dataset\3.25\YM_372_2.jpg,YOLOv8s,1,1,detected,386.99,0.96,784.65,568.71,0.9186,25.42,1024,576
sample_0020,ScienceDB,BCS_3.25,D:\cattle-health-monitoring-multi-task-model\datasets\bcs\sciencedb_bcs\dataset\3.25\YM_372_2.jpg,FasterRCNN_v2,1,2,detected,361.97,3.01,794.68,573.77,0.8825,490.86,1024,576
sample_0020,ScienceDB,BCS_3.25,D:\cattle-health-monitoring-multi-task-model\datasets\bcs\sciencedb_bcs\dataset\3.25\YM_372_2.jpg,FasterRCNN_v2,2,2,detected,461.17,0.75,664.34,71.99,0.3385,490.86,1024,576
sample_0020,ScienceDB,BCS_3.25,D:\cattle-health-monitoring-multi-task-model\datasets\bcs\sciencedb_bcs\dataset\3.25\YM_372_2.jpg,RT-DETR-L,1,2,detected,375.26,0.2,784.21,574.23,0.9608,107.08,1024,576
sample_0020,ScienceDB,BCS_3.25,D:\cattle-health-monitoring-multi-task-model\datasets\bcs\sciencedb_bcs\dataset\3.25\YM_372_2.jpg,RT-DETR-L,2,2,detected,581.14,0.16,663.26,76.43,0.331,107.08,1024,576
sample_0021,ScienceDB,BCS_3.5,D:\cattle-health-monitoring-multi-task-model\datasets\bcs\sciencedb_bcs\dataset\3.5\YM_1724_4.jpg,YOLOv8s,1,3,detected,264.14,92.88,608.71,570.34,0.8803,26.11,1024,576
sample_0021,ScienceDB,BCS_3.5,D:\cattle-health-monitoring-multi-task-model\datasets\bcs\sciencedb_bcs\dataset\3.5\YM_1724_4.jpg,YOLOv8s,2,3,detected,769.33,8.22,872.47,138.45,0.4735,26.11,1024,576
sample_0021,ScienceDB,BCS_3.5,D:\cattle-health-monitoring-multi-task-model\datasets\bcs\sciencedb_bcs\dataset\3.5\YM_1724_4.jpg,YOLOv8s,3,3,detected,514.92,1.46,613.6,149.43,0.2646,26.11,1024,576
sample_0021,ScienceDB,BCS_3.5,D:\cattle-health-monitoring-multi-task-model\datasets\bcs\sciencedb_bcs\dataset\3.5\YM_1724_4.jpg,FasterRCNN_v2,1,7,detected,222.47,94.41,616.98,571.98,0.9995,490.09,1024,576
sample_0021,ScienceDB,BCS_3.5,D:\cattle-health-monitoring-multi-task-model\datasets\bcs\sciencedb_bcs\dataset\3.5\YM_1724_4.jpg,FasterRCNN_v2,2,7,detected,943.7,67.14,1024.0,268.62,0.9951,490.09,1024,576
sample_0021,ScienceDB,BCS_3.5,D:\cattle-health-monitoring-multi-task-model\datasets\bcs\sciencedb_bcs\dataset\3.5\YM_1724_4.jpg,FasterRCNN_v2,3,7,detected,515.7,0.55,612.77,160.29,0.9892,490.09,1024,576
sample_0021,ScienceDB,BCS_3.5,D:\cattle-health-monitoring-multi-task-model\datasets\bcs\sciencedb_bcs\dataset\3.5\YM_1724_4.jpg,FasterRCNN_v2,4,7,detected,781.05,15.83,869.75,138.04,0.9857,490.09,1024,576
sample_0021,ScienceDB,BCS_3.5,D:\cattle-health-monitoring-multi-task-model\datasets\bcs\sciencedb_bcs\dataset\3.5\YM_1724_4.jpg,FasterRCNN_v2,5,7,detected,926.23,48.43,989.85,256.42,0.9212,490.09,1024,576
sample_0021,ScienceDB,BCS_3.5,D:\cattle-health-monitoring-multi-task-model\datasets\bcs\sciencedb_bcs\dataset\3.5\YM_1724_4.jpg,FasterRCNN_v2,6,7,detected,864.19,16.85,938.39,186.32,0.8987,490.09,1024,576
sample_0021,ScienceDB,BCS_3.5,D:\cattle-health-monitoring-multi-task-model\datasets\bcs\sciencedb_bcs\dataset\3.5\YM_1724_4.jpg,FasterRCNN_v2,7,7,detected,805.0,9.16,917.24,173.48,0.5987,490.09,1024,576
sample_0021,ScienceDB,BCS_3.5,D:\cattle-health-monitoring-multi-task-model\datasets\bcs\sciencedb_bcs\dataset\3.5\YM_1724_4.jpg,RT-DETR-L,1,16,detected,266.19,90.24,607.2,570.7,0.9438,93.56,1024,576
sample_0021,ScienceDB,BCS_3.5,D:\cattle-health-monitoring-multi-task-model\datasets\bcs\sciencedb_bcs\dataset\3.5\YM_1724_4.jpg,RT-DETR-L,2,16,detected,514.65,0.38,619.37,155.74,0.8583,93.56,1024,576
sample_0021,ScienceDB,BCS_3.5,D:\cattle-health-monitoring-multi-task-model\datasets\bcs\sciencedb_bcs\dataset\3.5\YM_1724_4.jpg,RT-DETR-L,3,16,detected,945.12,73.75,1023.95,290.0,0.8132,93.56,1024,576
sample_0021,ScienceDB,BCS_3.5,D:\cattle-health-monitoring-multi-task-model\datasets\bcs\sciencedb_bcs\dataset\3.5\YM_1724_4.jpg,RT-DETR-L,4,16,detected,862.95,13.47,936.85,188.3,0.7636,93.56,1024,576
sample_0021,ScienceDB,BCS_3.5,D:\cattle-health-monitoring-multi-task-model\datasets\bcs\sciencedb_bcs\dataset\3.5\YM_1724_4.jpg,RT-DETR-L,5,16,detected,773.9,2.75,874.83,140.03,0.7061,93.56,1024,576
sample_0021,ScienceDB,BCS_3.5,D:\cattle-health-monitoring-multi-task-model\datasets\bcs\sciencedb_bcs\dataset\3.5\YM_1724_4.jpg,RT-DETR-L,6,16,detected,511.08,391.16,727.12,575.61,0.5983,93.56,1024,576
sample_0021,ScienceDB,BCS_3.5,D:\cattle-health-monitoring-multi-task-model\datasets\bcs\sciencedb_bcs\dataset\3.5\YM_1724_4.jpg,RT-DETR-L,7,16,detected,924.05,42.37,967.36,221.92,0.4788,93.56,1024,576
sample_0021,ScienceDB,BCS_3.5,D:\cattle-health-monitoring-multi-task-model\datasets\bcs\sciencedb_bcs\dataset\3.5\YM_1724_4.jpg,RT-DETR-L,8,16,detected,924.71,42.79,1023.72,227.12,0.4401,93.56,1024,576
sample_0021,ScienceDB,BCS_3.5,D:\cattle-health-monitoring-multi-task-model\datasets\bcs\sciencedb_bcs\dataset\3.5\YM_1724_4.jpg,RT-DETR-L,9,16,detected,791.99,49.95,862.03,138.0,0.3542,93.56,1024,576
sample_0021,ScienceDB,BCS_3.5,D:\cattle-health-monitoring-multi-task-model\datasets\bcs\sciencedb_bcs\dataset\3.5\YM_1724_4.jpg,RT-DETR-L,10,16,detected,660.34,330.88,807.77,487.61,0.3482,93.56,1024,576
sample_0021,ScienceDB,BCS_3.5,D:\cattle-health-monitoring-multi-task-model\datasets\bcs\sciencedb_bcs\dataset\3.5\YM_1724_4.jpg,RT-DETR-L,11,16,detected,512.86,329.98,809.53,575.14,0.3366,93.56,1024,576
sample_0021,ScienceDB,BCS_3.5,D:\cattle-health-monitoring-multi-task-model\datasets\bcs\sciencedb_bcs\dataset\3.5\YM_1724_4.jpg,RT-DETR-L,12,16,detected,649.0,0.77,743.42,181.3,0.3352,93.56,1024,576
sample_0021,ScienceDB,BCS_3.5,D:\cattle-health-monitoring-multi-task-model\datasets\bcs\sciencedb_bcs\dataset\3.5\YM_1724_4.jpg,RT-DETR-L,13,16,detected,2.07,303.07,154.88,497.16,0.3248,93.56,1024,576
sample_0021,ScienceDB,BCS_3.5,D:\cattle-health-monitoring-multi-task-model\datasets\bcs\sciencedb_bcs\dataset\3.5\YM_1724_4.jpg,RT-DETR-L,14,16,detected,590.19,330.02,807.8,489.86,0.2911,93.56,1024,576
sample_0021,ScienceDB,BCS_3.5,D:\cattle-health-monitoring-multi-task-model\datasets\bcs\sciencedb_bcs\dataset\3.5\YM_1724_4.jpg,RT-DETR-L,15,16,detected,649.84,0.56,741.11,129.2,0.2823,93.56,1024,576
sample_0021,ScienceDB,BCS_3.5,D:\cattle-health-monitoring-multi-task-model\datasets\bcs\sciencedb_bcs\dataset\3.5\YM_1724_4.jpg,RT-DETR-L,16,16,detected,-0.07,409.21,71.58,558.4,0.2528,93.56,1024,576
sample_0022,ScienceDB,BCS_3.5,D:\cattle-health-monitoring-multi-task-model\datasets\bcs\sciencedb_bcs\dataset\3.5\GS_1215_4.jpg,YOLOv8s,0,0,no_detection,,,,,,25.57,1024,576
sample_0022,ScienceDB,BCS_3.5,D:\cattle-health-monitoring-multi-task-model\datasets\bcs\sciencedb_bcs\dataset\3.5\GS_1215_4.jpg,FasterRCNN_v2,1,1,detected,74.74,9.22,911.48,569.22,0.6013,490.94,1024,576
sample_0022,ScienceDB,BCS_3.5,D:\cattle-health-monitoring-multi-task-model\datasets\bcs\sciencedb_bcs\dataset\3.5\GS_1215_4.jpg,RT-DETR-L,1,1,detected,204.18,0.17,815.01,576.15,0.253,94.07,1024,576
sample_0023,ScienceDB,BCS_3.5,D:\cattle-health-monitoring-multi-task-model\datasets\bcs\sciencedb_bcs\dataset\3.5\YM_1011_1.jpg,YOLOv8s,1,2,detected,459.37,1.4,894.99,563.88,0.9084,25.34,1024,576
sample_0023,ScienceDB,BCS_3.5,D:\cattle-health-monitoring-multi-task-model\datasets\bcs\sciencedb_bcs\dataset\3.5\YM_1011_1.jpg,YOLOv8s,2,2,detected,0.45,0.53,128.03,196.67,0.6126,25.34,1024,576
sample_0023,ScienceDB,BCS_3.5,D:\cattle-health-monitoring-multi-task-model\datasets\bcs\sciencedb_bcs\dataset\3.5\YM_1011_1.jpg,FasterRCNN_v2,1,3,detected,449.41,3.01,936.27,571.34,0.9982,491.13,1024,576
sample_0023,ScienceDB,BCS_3.5,D:\cattle-health-monitoring-multi-task-model\datasets\bcs\sciencedb_bcs\dataset\3.5\YM_1011_1.jpg,FasterRCNN_v2,2,3,detected,0.59,1.49,155.37,217.98,0.8778,491.13,1024,576
sample_0023,ScienceDB,BCS_3.5,D:\cattle-health-monitoring-multi-task-model\datasets\bcs\sciencedb_bcs\dataset\3.5\YM_1011_1.jpg,FasterRCNN_v2,3,3,detected,374.93,409.64,555.74,572.92,0.5014,491.13,1024,576
sample_0023,ScienceDB,BCS_3.5,D:\cattle-health-monitoring-multi-task-model\datasets\bcs\sciencedb_bcs\dataset\3.5\YM_1011_1.jpg,RT-DETR-L,1,7,detected,459.91,0.03,918.54,573.63,0.9618,93.63,1024,576
sample_0023,ScienceDB,BCS_3.5,D:\cattle-health-monitoring-multi-task-model\datasets\bcs\sciencedb_bcs\dataset\3.5\YM_1011_1.jpg,RT-DETR-L,2,7,detected,373.36,408.83,567.91,575.21,0.8794,93.63,1024,576
sample_0023,ScienceDB,BCS_3.5,D:\cattle-health-monitoring-multi-task-model\datasets\bcs\sciencedb_bcs\dataset\3.5\YM_1011_1.jpg,RT-DETR-L,3,7,detected,-0.32,0.28,155.5,226.65,0.6558,93.63,1024,576
sample_0023,ScienceDB,BCS_3.5,D:\cattle-health-monitoring-multi-task-model\datasets\bcs\sciencedb_bcs\dataset\3.5\YM_1011_1.jpg,RT-DETR-L,4,7,detected,160.5,0.33,237.23,100.38,0.5771,93.63,1024,576
sample_0023,ScienceDB,BCS_3.5,D:\cattle-health-monitoring-multi-task-model\datasets\bcs\sciencedb_bcs\dataset\3.5\YM_1011_1.jpg,RT-DETR-L,5,7,detected,79.34,0.39,156.68,104.3,0.3751,93.63,1024,576
sample_0023,ScienceDB,BCS_3.5,D:\cattle-health-monitoring-multi-task-model\datasets\bcs\sciencedb_bcs\dataset\3.5\YM_1011_1.jpg,RT-DETR-L,6,7,detected,868.14,193.07,1024.21,570.74,0.2852,93.63,1024,576
sample_0023,ScienceDB,BCS_3.5,D:\cattle-health-monitoring-multi-task-model\datasets\bcs\sciencedb_bcs\dataset\3.5\YM_1011_1.jpg,RT-DETR-L,7,7,detected,0.22,0.58,94.65,193.17,0.2764,93.63,1024,576
sample_0024,ScienceDB,BCS_3.5,D:\cattle-health-monitoring-multi-task-model\datasets\bcs\sciencedb_bcs\dataset\3.5\GS_1857_4.jpg,YOLOv8s,0,0,no_detection,,,,,,24.02,1024,576
sample_0024,ScienceDB,BCS_3.5,D:\cattle-health-monitoring-multi-task-model\datasets\bcs\sciencedb_bcs\dataset\3.5\GS_1857_4.jpg,FasterRCNN_v2,1,1,detected,247.29,2.49,1001.8,571.86,0.4695,490.64,1024,576
sample_0024,ScienceDB,BCS_3.5,D:\cattle-health-monitoring-multi-task-model\datasets\bcs\sciencedb_bcs\dataset\3.5\GS_1857_4.jpg,RT-DETR-L,1,1,detected,263.06,-0.28,1022.9,575.72,0.3042,94.53,1024,576
sample_0025,ScienceDB,BCS_3.5,D:\cattle-health-monitoring-multi-task-model\datasets\bcs\sciencedb_bcs\dataset\3.5\GS_1781_4.jpg,YOLOv8s,1,1,detected,171.32,1.85,741.02,567.99,0.6379,25.83,1024,576
sample_0025,ScienceDB,BCS_3.5,D:\cattle-health-monitoring-multi-task-model\datasets\bcs\sciencedb_bcs\dataset\3.5\GS_1781_4.jpg,FasterRCNN_v2,1,2,detected,192.33,2.34,752.29,576.0,0.9856,494.22,1024,576
sample_0025,ScienceDB,BCS_3.5,D:\cattle-health-monitoring-multi-task-model\datasets\bcs\sciencedb_bcs\dataset\3.5\GS_1781_4.jpg,FasterRCNN_v2,2,2,detected,0.33,1.11,287.37,576.0,0.7787,494.22,1024,576
sample_0025,ScienceDB,BCS_3.5,D:\cattle-health-monitoring-multi-task-model\datasets\bcs\sciencedb_bcs\dataset\3.5\GS_1781_4.jpg,RT-DETR-L,1,3,detected,173.18,-0.01,742.53,575.99,0.9063,94.91,1024,576
sample_0025,ScienceDB,BCS_3.5,D:\cattle-health-monitoring-multi-task-model\datasets\bcs\sciencedb_bcs\dataset\3.5\GS_1781_4.jpg,RT-DETR-L,2,3,detected,-0.69,0.12,294.23,576.12,0.3386,94.91,1024,576
sample_0025,ScienceDB,BCS_3.5,D:\cattle-health-monitoring-multi-task-model\datasets\bcs\sciencedb_bcs\dataset\3.5\GS_1781_4.jpg,RT-DETR-L,3,3,detected,675.97,0.25,1024.17,576.25,0.2881,94.91,1024,576
sample_0026,ScienceDB,BCS_3.5,D:\cattle-health-monitoring-multi-task-model\datasets\bcs\sciencedb_bcs\dataset\3.5\YM_574_1.jpg,YOLOv8s,1,2,detected,463.17,1.42,945.66,568.81,0.9101,25.33,1024,576
sample_0026,ScienceDB,BCS_3.5,D:\cattle-health-monitoring-multi-task-model\datasets\bcs\sciencedb_bcs\dataset\3.5\YM_574_1.jpg,YOLOv8s,2,2,detected,881.74,194.67,967.45,415.05,0.279,25.33,1024,576
sample_0026,ScienceDB,BCS_3.5,D:\cattle-health-monitoring-multi-task-model\datasets\bcs\sciencedb_bcs\dataset\3.5\YM_574_1.jpg,FasterRCNN_v2,1,2,detected,449.54,4.73,979.6,574.62,0.9988,489.37,1024,576
sample_0026,ScienceDB,BCS_3.5,D:\cattle-health-monitoring-multi-task-model\datasets\bcs\sciencedb_bcs\dataset\3.5\YM_574_1.jpg,FasterRCNN_v2,2,2,detected,402.89,447.6,843.99,572.25,0.6834,489.37,1024,576
sample_0026,ScienceDB,BCS_3.5,D:\cattle-health-monitoring-multi-task-model\datasets\bcs\sciencedb_bcs\dataset\3.5\YM_574_1.jpg,RT-DETR-L,1,2,detected,458.22,0.21,941.67,574.07,0.9409,94.05,1024,576
sample_0026,ScienceDB,BCS_3.5,D:\cattle-health-monitoring-multi-task-model\datasets\bcs\sciencedb_bcs\dataset\3.5\YM_574_1.jpg,RT-DETR-L,2,2,detected,399.19,445.25,923.4,574.97,0.3228,94.05,1024,576
sample_0027,ScienceDB,BCS_3.5,D:\cattle-health-monitoring-multi-task-model\datasets\bcs\sciencedb_bcs\dataset\3.5\GS_635_1.jpg,YOLOv8s,0,0,no_detection,,,,,,23.36,1024,576
sample_0027,ScienceDB,BCS_3.5,D:\cattle-health-monitoring-multi-task-model\datasets\bcs\sciencedb_bcs\dataset\3.5\GS_635_1.jpg,FasterRCNN_v2,1,1,detected,280.62,0.0,990.33,569.59,0.3075,489.83,1024,576
sample_0027,ScienceDB,BCS_3.5,D:\cattle-health-monitoring-multi-task-model\datasets\bcs\sciencedb_bcs\dataset\3.5\GS_635_1.jpg,RT-DETR-L,1,2,detected,277.16,-0.08,967.47,575.91,0.9211,94.76,1024,576
sample_0027,ScienceDB,BCS_3.5,D:\cattle-health-monitoring-multi-task-model\datasets\bcs\sciencedb_bcs\dataset\3.5\GS_635_1.jpg,RT-DETR-L,2,2,detected,-0.15,0.4,345.65,576.39,0.2623,94.76,1024,576
sample_0028,ScienceDB,BCS_3.5,D:\cattle-health-monitoring-multi-task-model\datasets\bcs\sciencedb_bcs\dataset\3.5\YM_1259_1.jpg,YOLOv8s,1,2,detected,398.65,1.4,867.88,570.84,0.3796,23.89,1024,576
sample_0028,ScienceDB,BCS_3.5,D:\cattle-health-monitoring-multi-task-model\datasets\bcs\sciencedb_bcs\dataset\3.5\YM_1259_1.jpg,YOLOv8s,2,2,detected,0.27,2.19,138.1,232.66,0.3334,23.89,1024,576
sample_0028,ScienceDB,BCS_3.5,D:\cattle-health-monitoring-multi-task-model\datasets\bcs\sciencedb_bcs\dataset\3.5\YM_1259_1.jpg,FasterRCNN_v2,1,1,detected,388.57,0.0,950.88,576.0,0.8824,489.5,1024,576
sample_0028,ScienceDB,BCS_3.5,D:\cattle-health-monitoring-multi-task-model\datasets\bcs\sciencedb_bcs\dataset\3.5\YM_1259_1.jpg,RT-DETR-L,1,3,detected,404.78,-1.2,875.52,574.3,0.9524,94.29,1024,576
sample_0028,ScienceDB,BCS_3.5,D:\cattle-health-monitoring-multi-task-model\datasets\bcs\sciencedb_bcs\dataset\3.5\YM_1259_1.jpg,RT-DETR-L,2,3,detected,-0.34,0.4,156.86,233.64,0.7108,94.29,1024,576
sample_0028,ScienceDB,BCS_3.5,D:\cattle-health-monitoring-multi-task-model\datasets\bcs\sciencedb_bcs\dataset\3.5\YM_1259_1.jpg,RT-DETR-L,3,3,detected,563.86,0.22,642.66,67.66,0.3467,94.29,1024,576
sample_0029,ScienceDB,BCS_3.5,D:\cattle-health-monitoring-multi-task-model\datasets\bcs\sciencedb_bcs\dataset\3.5\YM_1422_8.jpg,YOLOv8s,1,5,detected,394.85,51.28,668.44,568.0,0.8968,24.98,1024,576
sample_0029,ScienceDB,BCS_3.5,D:\cattle-health-monitoring-multi-task-model\datasets\bcs\sciencedb_bcs\dataset\3.5\YM_1422_8.jpg,YOLOv8s,2,5,detected,765.12,20.57,960.5,274.92,0.8737,24.98,1024,576
sample_0029,ScienceDB,BCS_3.5,D:\cattle-health-monitoring-multi-task-model\datasets\bcs\sciencedb_bcs\dataset\3.5\YM_1422_8.jpg,YOLOv8s,3,5,detected,899.93,33.56,1023.57,233.22,0.6331,24.98,1024,576
sample_0029,ScienceDB,BCS_3.5,D:\cattle-health-monitoring-multi-task-model\datasets\bcs\sciencedb_bcs\dataset\3.5\YM_1422_8.jpg,YOLOv8s,4,5,detected,862.06,7.03,1023.37,232.5,0.379,24.98,1024,576
sample_0029,ScienceDB,BCS_3.5,D:\cattle-health-monitoring-multi-task-model\datasets\bcs\sciencedb_bcs\dataset\3.5\YM_1422_8.jpg,YOLOv8s,5,5,detected,871.74,14.93,918.09,82.24,0.3639,24.98,1024,576
sample_0029,ScienceDB,BCS_3.5,D:\cattle-health-monitoring-multi-task-model\datasets\bcs\sciencedb_bcs\dataset\3.5\YM_1422_8.jpg,FasterRCNN_v2,1,10,detected,385.03,40.09,662.64,576.0,0.9982,487.19,1024,576
sample_0029,ScienceDB,BCS_3.5,D:\cattle-health-monitoring-multi-task-model\datasets\bcs\sciencedb_bcs\dataset\3.5\YM_1422_8.jpg,FasterRCNN_v2,2,10,detected,867.16,19.32,1024.0,231.37,0.9956,487.19,1024,576
sample_0029,ScienceDB,BCS_3.5,D:\cattle-health-monitoring-multi-task-model\datasets\bcs\sciencedb_bcs\dataset\3.5\YM_1422_8.jpg,FasterRCNN_v2,3,10,detected,763.75,12.66,961.31,271.4,0.9898,487.19,1024,576
sample_0029,ScienceDB,BCS_3.5,D:\cattle-health-monitoring-multi-task-model\datasets\bcs\sciencedb_bcs\dataset\3.5\YM_1422_8.jpg,FasterRCNN_v2,4,10,detected,520.88,1.62,618.35,108.39,0.8398,487.19,1024,576
sample_0029,ScienceDB,BCS_3.5,D:\cattle-health-monitoring-multi-task-model\datasets\bcs\sciencedb_bcs\dataset\3.5\YM_1422_8.jpg,FasterRCNN_v2,5,10,detected,869.41,13.56,921.76,95.04,0.6578,487.19,1024,576
sample_0029,ScienceDB,BCS_3.5,D:\cattle-health-monitoring-multi-task-model\datasets\bcs\sciencedb_bcs\dataset\3.5\YM_1422_8.jpg,FasterRCNN_v2,6,10,detected,774.0,0.4,829.04,19.85,0.5298,487.19,1024,576
sample_0029,ScienceDB,BCS_3.5,D:\cattle-health-monitoring-multi-task-model\datasets\bcs\sciencedb_bcs\dataset\3.5\YM_1422_8.jpg,FasterRCNN_v2,7,10,detected,641.31,5.27,767.81,229.01,0.4155,487.19,1024,576
sample_0029,ScienceDB,BCS_3.5,D:\cattle-health-monitoring-multi-task-model\datasets\bcs\sciencedb_bcs\dataset\3.5\YM_1422_8.jpg,FasterRCNN_v2,8,10,detected,764.8,18.81,873.41,244.05,0.3653,487.19,1024,576
sample_0029,ScienceDB,BCS_3.5,D:\cattle-health-monitoring-multi-task-model\datasets\bcs\sciencedb_bcs\dataset\3.5\YM_1422_8.jpg,FasterRCNN_v2,9,10,detected,872.29,15.22,1008.46,84.6,0.309,487.19,1024,576
sample_0029,ScienceDB,BCS_3.5,D:\cattle-health-monitoring-multi-task-model\datasets\bcs\sciencedb_bcs\dataset\3.5\YM_1422_8.jpg,FasterRCNN_v2,10,10,detected,808.38,0.34,843.87,24.76,0.294,487.19,1024,576
sample_0029,ScienceDB,BCS_3.5,D:\cattle-health-monitoring-multi-task-model\datasets\bcs\sciencedb_bcs\dataset\3.5\YM_1422_8.jpg,RT-DETR-L,1,9,detected,392.15,55.1,668.25,573.61,0.9613,92.88,1024,576
sample_0029,ScienceDB,BCS_3.5,D:\cattle-health-monitoring-multi-task-model\datasets\bcs\sciencedb_bcs\dataset\3.5\YM_1422_8.jpg,RT-DETR-L,2,9,detected,763.99,18.54,962.47,272.74,0.9299,92.88,1024,576
sample_0029,ScienceDB,BCS_3.5,D:\cattle-health-monitoring-multi-task-model\datasets\bcs\sciencedb_bcs\dataset\3.5\YM_1422_8.jpg,RT-DETR-L,3,9,detected,904.37,50.24,1023.78,234.82,0.8476,92.88,1024,576
sample_0029,ScienceDB,BCS_3.5,D:\cattle-health-monitoring-multi-task-model\datasets\bcs\sciencedb_bcs\dataset\3.5\YM_1422_8.jpg,RT-DETR-L,4,9,detected,521.88,-0.1,637.82,108.52,0.7468,92.88,1024,576
sample_0029,ScienceDB,BCS_3.5,D:\cattle-health-monitoring-multi-task-model\datasets\bcs\sciencedb_bcs\dataset\3.5\YM_1422_8.jpg,RT-DETR-L,5,9,detected,868.98,14.1,916.59,83.65,0.6563,92.88,1024,576
sample_0029,ScienceDB,BCS_3.5,D:\cattle-health-monitoring-multi-task-model\datasets\bcs\sciencedb_bcs\dataset\3.5\YM_1422_8.jpg,RT-DETR-L,6,9,detected,651.17,0.61,745.73,183.81,0.5105,92.88,1024,576
sample_0029,ScienceDB,BCS_3.5,D:\cattle-health-monitoring-multi-task-model\datasets\bcs\sciencedb_bcs\dataset\3.5\YM_1422_8.jpg,RT-DETR-L,7,9,detected,898.38,34.77,1001.0,112.4,0.3665,92.88,1024,576
sample_0029,ScienceDB,BCS_3.5,D:\cattle-health-monitoring-multi-task-model\datasets\bcs\sciencedb_bcs\dataset\3.5\YM_1422_8.jpg,RT-DETR-L,8,9,detected,905.37,33.99,1000.73,77.3,0.333,92.88,1024,576
sample_0029,ScienceDB,BCS_3.5,D:\cattle-health-monitoring-multi-task-model\datasets\bcs\sciencedb_bcs\dataset\3.5\YM_1422_8.jpg,RT-DETR-L,9,9,detected,651.13,0.37,823.93,187.03,0.3279,92.88,1024,576
sample_0030,ScienceDB,BCS_3.5,D:\cattle-health-monitoring-multi-task-model\datasets\bcs\sciencedb_bcs\dataset\3.5\GS_3170_5.jpg,YOLOv8s,0,0,no_detection,,,,,,22.53,1024,576
sample_0030,ScienceDB,BCS_3.5,D:\cattle-health-monitoring-multi-task-model\datasets\bcs\sciencedb_bcs\dataset\3.5\GS_3170_5.jpg,FasterRCNN_v2,1,1,detected,31.05,0.0,761.88,576.0,0.5108,474.62,1024,576
sample_0030,ScienceDB,BCS_3.5,D:\cattle-health-monitoring-multi-task-model\datasets\bcs\sciencedb_bcs\dataset\3.5\GS_3170_5.jpg,RT-DETR-L,1,1,detected,200.56,-0.01,827.47,575.98,0.9345,94.41,1024,576
sample_0031,ScienceDB,BCS_3.5,D:\cattle-health-monitoring-multi-task-model\datasets\bcs\sciencedb_bcs\dataset\3.5\YM_2015_2.jpg,YOLOv8s,1,1,detected,470.78,58.6,751.63,570.57,0.882,24.19,1024,576
sample_0031,ScienceDB,BCS_3.5,D:\cattle-health-monitoring-multi-task-model\datasets\bcs\sciencedb_bcs\dataset\3.5\YM_2015_2.jpg,FasterRCNN_v2,1,3,detected,475.94,59.36,752.29,572.06,0.9994,491.54,1024,576
sample_0031,ScienceDB,BCS_3.5,D:\cattle-health-monitoring-multi-task-model\datasets\bcs\sciencedb_bcs\dataset\3.5\YM_2015_2.jpg,FasterRCNN_v2,2,3,detected,443.17,1.39,686.22,247.2,0.9321,491.54,1024,576
sample_0031,ScienceDB,BCS_3.5,D:\cattle-health-monitoring-multi-task-model\datasets\bcs\sciencedb_bcs\dataset\3.5\YM_2015_2.jpg,FasterRCNN_v2,3,3,detected,446.13,12.86,864.91,358.87,0.3526,491.54,1024,576
sample_0031,ScienceDB,BCS_3.5,D:\cattle-health-monitoring-multi-task-model\datasets\bcs\sciencedb_bcs\dataset\3.5\YM_2015_2.jpg,RT-DETR-L,1,8,detected,472.57,61.49,754.58,573.62,0.9584,92.83,1024,576
sample_0031,ScienceDB,BCS_3.5,D:\cattle-health-monitoring-multi-task-model\datasets\bcs\sciencedb_bcs\dataset\3.5\YM_2015_2.jpg,RT-DETR-L,2,8,detected,434.95,-0.1,652.71,238.7,0.7334,92.83,1024,576
sample_0031,ScienceDB,BCS_3.5,D:\cattle-health-monitoring-multi-task-model\datasets\bcs\sciencedb_bcs\dataset\3.5\YM_2015_2.jpg,RT-DETR-L,3,8,detected,11.17,304.47,156.22,492.93,0.5081,92.83,1024,576
sample_0031,ScienceDB,BCS_3.5,D:\cattle-health-monitoring-multi-task-model\datasets\bcs\sciencedb_bcs\dataset\3.5\YM_2015_2.jpg,RT-DETR-L,4,8,detected,438.1,0.15,651.37,144.33,0.38,92.83,1024,576
sample_0031,ScienceDB,BCS_3.5,D:\cattle-health-monitoring-multi-task-model\datasets\bcs\sciencedb_bcs\dataset\3.5\YM_2015_2.jpg,RT-DETR-L,5,8,detected,647.14,1.22,741.32,166.62,0.3742,92.83,1024,576
sample_0031,ScienceDB,BCS_3.5,D:\cattle-health-monitoring-multi-task-model\datasets\bcs\sciencedb_bcs\dataset\3.5\YM_2015_2.jpg,RT-DETR-L,6,8,detected,649.47,0.78,741.1,124.02,0.3473,92.83,1024,576
sample_0031,ScienceDB,BCS_3.5,D:\cattle-health-monitoring-multi-task-model\datasets\bcs\sciencedb_bcs\dataset\3.5\YM_2015_2.jpg,RT-DETR-L,7,8,detected,386.17,-0.15,469.87,181.32,0.3189,92.83,1024,576
sample_0031,ScienceDB,BCS_3.5,D:\cattle-health-monitoring-multi-task-model\datasets\bcs\sciencedb_bcs\dataset\3.5\YM_2015_2.jpg,RT-DETR-L,8,8,detected,649.97,1.25,718.85,124.42,0.2644,92.83,1024,576
sample_0032,ScienceDB,BCS_3.5,D:\cattle-health-monitoring-multi-task-model\datasets\bcs\sciencedb_bcs\dataset\3.5\YM_2002_1.jpg,YOLOv8s,1,2,detected,163.84,324.81,582.89,571.01,0.7939,25.11,1024,576
sample_0032,ScienceDB,BCS_3.5,D:\cattle-health-monitoring-multi-task-model\datasets\bcs\sciencedb_bcs\dataset\3.5\YM_2002_1.jpg,YOLOv8s,2,2,detected,330.17,3.38,670.79,567.35,0.7444,25.11,1024,576
sample_0032,ScienceDB,BCS_3.5,D:\cattle-health-monitoring-multi-task-model\datasets\bcs\sciencedb_bcs\dataset\3.5\YM_2002_1.jpg,FasterRCNN_v2,1,2,detected,298.87,12.8,672.52,566.76,0.991,489.84,1024,576
sample_0032,ScienceDB,BCS_3.5,D:\cattle-health-monitoring-multi-task-model\datasets\bcs\sciencedb_bcs\dataset\3.5\YM_2002_1.jpg,FasterRCNN_v2,2,2,detected,161.92,324.43,589.57,570.27,0.9726,489.84,1024,576
sample_0032,ScienceDB,BCS_3.5,D:\cattle-health-monitoring-multi-task-model\datasets\bcs\sciencedb_bcs\dataset\3.5\YM_2002_1.jpg,RT-DETR-L,1,8,detected,158.42,323.7,583.79,574.52,0.9243,92.88,1024,576
sample_0032,ScienceDB,BCS_3.5,D:\cattle-health-monitoring-multi-task-model\datasets\bcs\sciencedb_bcs\dataset\3.5\YM_2002_1.jpg,RT-DETR-L,2,8,detected,398.28,92.9,673.25,569.53,0.9211,92.88,1024,576
sample_0032,ScienceDB,BCS_3.5,D:\cattle-health-monitoring-multi-task-model\datasets\bcs\sciencedb_bcs\dataset\3.5\YM_2002_1.jpg,RT-DETR-L,3,8,detected,465.03,0.42,645.07,146.8,0.6857,92.88,1024,576
sample_0032,ScienceDB,BCS_3.5,D:\cattle-health-monitoring-multi-task-model\datasets\bcs\sciencedb_bcs\dataset\3.5\YM_2002_1.jpg,RT-DETR-L,4,8,detected,7.6,310.22,150.5,498.48,0.3916,92.88,1024,576
sample_0032,ScienceDB,BCS_3.5,D:\cattle-health-monitoring-multi-task-model\datasets\bcs\sciencedb_bcs\dataset\3.5\YM_2002_1.jpg,RT-DETR-L,5,8,detected,0.12,408.78,70.33,559.05,0.3547,92.88,1024,576
sample_0032,ScienceDB,BCS_3.5,D:\cattle-health-monitoring-multi-task-model\datasets\bcs\sciencedb_bcs\dataset\3.5\YM_2002_1.jpg,RT-DETR-L,6,8,detected,327.27,304.03,405.25,393.54,0.2822,92.88,1024,576
sample_0032,ScienceDB,BCS_3.5,D:\cattle-health-monitoring-multi-task-model\datasets\bcs\sciencedb_bcs\dataset\3.5\YM_2002_1.jpg,RT-DETR-L,7,8,detected,103.28,121.07,130.65,176.03,0.2716,92.88,1024,576
sample_0032,ScienceDB,BCS_3.5,D:\cattle-health-monitoring-multi-task-model\datasets\bcs\sciencedb_bcs\dataset\3.5\YM_2002_1.jpg,RT-DETR-L,8,8,detected,0.17,444.67,70.07,557.33,0.2556,92.88,1024,576
sample_0033,ScienceDB,BCS_3.5,D:\cattle-health-monitoring-multi-task-model\datasets\bcs\sciencedb_bcs\dataset\3.5\YM_621_1.jpg,YOLOv8s,1,2,detected,0.41,0.86,278.83,396.89,0.6736,24.74,1024,576
sample_0033,ScienceDB,BCS_3.5,D:\cattle-health-monitoring-multi-task-model\datasets\bcs\sciencedb_bcs\dataset\3.5\YM_621_1.jpg,YOLOv8s,2,2,detected,418.92,0.0,813.89,568.47,0.4931,24.74,1024,576
sample_0033,ScienceDB,BCS_3.5,D:\cattle-health-monitoring-multi-task-model\datasets\bcs\sciencedb_bcs\dataset\3.5\YM_621_1.jpg,FasterRCNN_v2,1,5,detected,0.0,2.21,276.59,368.51,0.9942,491.73,1024,576
sample_0033,ScienceDB,BCS_3.5,D:\cattle-health-monitoring-multi-task-model\datasets\bcs\sciencedb_bcs\dataset\3.5\YM_621_1.jpg,FasterRCNN_v2,2,5,detected,386.1,6.05,826.93,573.98,0.9631,491.73,1024,576
sample_0033,ScienceDB,BCS_3.5,D:\cattle-health-monitoring-multi-task-model\datasets\bcs\sciencedb_bcs\dataset\3.5\YM_621_1.jpg,FasterRCNN_v2,3,5,detected,0.13,42.47,62.78,432.69,0.4216,491.73,1024,576
sample_0033,ScienceDB,BCS_3.5,D:\cattle-health-monitoring-multi-task-model\datasets\bcs\sciencedb_bcs\dataset\3.5\YM_621_1.jpg,FasterRCNN_v2,4,5,detected,45.9,4.21,405.87,551.26,0.2894,491.73,1024,576
sample_0033,ScienceDB,BCS_3.5,D:\cattle-health-monitoring-multi-task-model\datasets\bcs\sciencedb_bcs\dataset\3.5\YM_621_1.jpg,FasterRCNN_v2,5,5,detected,2.13,26.25,142.83,442.47,0.2766,491.73,1024,576
sample_0033,ScienceDB,BCS_3.5,D:\cattle-health-monitoring-multi-task-model\datasets\bcs\sciencedb_bcs\dataset\3.5\YM_621_1.jpg,RT-DETR-L,1,3,detected,421.2,-0.14,816.39,574.89,0.9666,94.01,1024,576
sample_0033,ScienceDB,BCS_3.5,D:\cattle-health-monitoring-multi-task-model\datasets\bcs\sciencedb_bcs\dataset\3.5\YM_621_1.jpg,RT-DETR-L,2,3,detected,0.07,0.56,281.14,377.91,0.9346,94.01,1024,576
sample_0033,ScienceDB,BCS_3.5,D:\cattle-health-monitoring-multi-task-model\datasets\bcs\sciencedb_bcs\dataset\3.5\YM_621_1.jpg,RT-DETR-L,3,3,detected,0.32,47.77,59.49,212.86,0.2831,94.01,1024,576
sample_0034,ScienceDB,BCS_3.5,D:\cattle-health-monitoring-multi-task-model\datasets\bcs\sciencedb_bcs\dataset\3.5\GS_2192_8.jpg,YOLOv8s,1,1,detected,198.4,0.82,604.83,560.67,0.5971,24.12,1024,576
sample_0034,ScienceDB,BCS_3.5,D:\cattle-health-monitoring-multi-task-model\datasets\bcs\sciencedb_bcs\dataset\3.5\GS_2192_8.jpg,FasterRCNN_v2,1,2,detected,179.78,4.3,647.46,567.63,0.9985,490.84,1024,576
sample_0034,ScienceDB,BCS_3.5,D:\cattle-health-monitoring-multi-task-model\datasets\bcs\sciencedb_bcs\dataset\3.5\GS_2192_8.jpg,FasterRCNN_v2,2,2,detected,300.02,10.01,1019.76,575.92,0.9852,490.84,1024,576
sample_0034,ScienceDB,BCS_3.5,D:\cattle-health-monitoring-multi-task-model\datasets\bcs\sciencedb_bcs\dataset\3.5\GS_2192_8.jpg,RT-DETR-L,1,4,detected,186.35,-0.14,1023.47,575.85,0.589,94.41,1024,576
sample_0034,ScienceDB,BCS_3.5,D:\cattle-health-monitoring-multi-task-model\datasets\bcs\sciencedb_bcs\dataset\3.5\GS_2192_8.jpg,RT-DETR-L,2,4,detected,188.1,0.56,607.37,573.99,0.4304,94.41,1024,576
sample_0034,ScienceDB,BCS_3.5,D:\cattle-health-monitoring-multi-task-model\datasets\bcs\sciencedb_bcs\dataset\3.5\GS_2192_8.jpg,RT-DETR-L,3,4,detected,184.55,-0.68,772.46,575.19,0.4291,94.41,1024,576
sample_0034,ScienceDB,BCS_3.5,D:\cattle-health-monitoring-multi-task-model\datasets\bcs\sciencedb_bcs\dataset\3.5\GS_2192_8.jpg,RT-DETR-L,4,4,detected,0.89,0.12,777.86,576.11,0.2512,94.41,1024,576
sample_0035,ScienceDB,BCS_3.5,D:\cattle-health-monitoring-multi-task-model\datasets\bcs\sciencedb_bcs\dataset\3.5\YM_1571_2.jpg,YOLOv8s,1,4,detected,902.11,27.13,1023.75,281.17,0.872,24.81,1024,576
sample_0035,ScienceDB,BCS_3.5,D:\cattle-health-monitoring-multi-task-model\datasets\bcs\sciencedb_bcs\dataset\3.5\YM_1571_2.jpg,YOLOv8s,2,4,detected,260.5,95.18,615.72,569.83,0.8547,24.81,1024,576
sample_0035,ScienceDB,BCS_3.5,D:\cattle-health-monitoring-multi-task-model\datasets\bcs\sciencedb_bcs\dataset\3.5\YM_1571_2.jpg,YOLOv8s,3,4,detected,770.81,0.79,877.16,149.58,0.8022,24.81,1024,576
sample_0035,ScienceDB,BCS_3.5,D:\cattle-health-monitoring-multi-task-model\datasets\bcs\sciencedb_bcs\dataset\3.5\YM_1571_2.jpg,YOLOv8s,4,4,detected,489.74,0.0,630.06,185.14,0.7313,24.81,1024,576
sample_0035,ScienceDB,BCS_3.5,D:\cattle-health-monitoring-multi-task-model\datasets\bcs\sciencedb_bcs\dataset\3.5\YM_1571_2.jpg,FasterRCNN_v2,1,15,detected,233.6,108.93,617.06,569.74,0.9993,488.14,1024,576
sample_0035,ScienceDB,BCS_3.5,D:\cattle-health-monitoring-multi-task-model\datasets\bcs\sciencedb_bcs\dataset\3.5\YM_1571_2.jpg,FasterRCNN_v2,2,15,detected,488.86,0.31,631.59,188.29,0.9972,488.14,1024,576
sample_0035,ScienceDB,BCS_3.5,D:\cattle-health-monitoring-multi-task-model\datasets\bcs\sciencedb_bcs\dataset\3.5\YM_1571_2.jpg,FasterRCNN_v2,3,15,detected,902.86,41.43,1024.0,281.22,0.9972,488.14,1024,576
sample_0035,ScienceDB,BCS_3.5,D:\cattle-health-monitoring-multi-task-model\datasets\bcs\sciencedb_bcs\dataset\3.5\YM_1571_2.jpg,FasterRCNN_v2,4,15,detected,786.32,5.53,905.76,146.77,0.9705,488.14,1024,576
sample_0035,ScienceDB,BCS_3.5,D:\cattle-health-monitoring-multi-task-model\datasets\bcs\sciencedb_bcs\dataset\3.5\YM_1571_2.jpg,FasterRCNN_v2,5,15,detected,797.92,1.33,858.44,22.54,0.5483,488.14,1024,576
sample_0035,ScienceDB,BCS_3.5,D:\cattle-health-monitoring-multi-task-model\datasets\bcs\sciencedb_bcs\dataset\3.5\YM_1571_2.jpg,FasterRCNN_v2,6,15,detected,844.46,5.39,923.19,134.65,0.5117,488.14,1024,576
sample_0035,ScienceDB,BCS_3.5,D:\cattle-health-monitoring-multi-task-model\datasets\bcs\sciencedb_bcs\dataset\3.5\YM_1571_2.jpg,FasterRCNN_v2,7,15,detected,769.75,0.68,853.24,131.22,0.4959,488.14,1024,576
sample_0035,ScienceDB,BCS_3.5,D:\cattle-health-monitoring-multi-task-model\datasets\bcs\sciencedb_bcs\dataset\3.5\YM_1571_2.jpg,FasterRCNN_v2,8,15,detected,885.8,23.73,959.69,142.19,0.4327,488.14,1024,576
sample_0035,ScienceDB,BCS_3.5,D:\cattle-health-monitoring-multi-task-model\datasets\bcs\sciencedb_bcs\dataset\3.5\YM_1571_2.jpg,FasterRCNN_v2,9,15,detected,874.66,67.02,908.7,166.36,0.3974,488.14,1024,576
sample_0035,ScienceDB,BCS_3.5,D:\cattle-health-monitoring-multi-task-model\datasets\bcs\sciencedb_bcs\dataset\3.5\YM_1571_2.jpg,FasterRCNN_v2,10,15,detected,839.87,4.36,907.08,69.85,0.3754,488.14,1024,576
sample_0035,ScienceDB,BCS_3.5,D:\cattle-health-monitoring-multi-task-model\datasets\bcs\sciencedb_bcs\dataset\3.5\YM_1571_2.jpg,FasterRCNN_v2,11,15,detected,643.48,3.64,783.43,197.05,0.3723,488.14,1024,576
sample_0035,ScienceDB,BCS_3.5,D:\cattle-health-monitoring-multi-task-model\datasets\bcs\sciencedb_bcs\dataset\3.5\YM_1571_2.jpg,FasterRCNN_v2,12,15,detected,857.41,5.06,967.67,70.16,0.3331,488.14,1024,576
sample_0035,ScienceDB,BCS_3.5,D:\cattle-health-monitoring-multi-task-model\datasets\bcs\sciencedb_bcs\dataset\3.5\YM_1571_2.jpg,FasterRCNN_v2,13,15,detected,769.26,9.92,786.67,70.76,0.327,488.14,1024,576
sample_0035,ScienceDB,BCS_3.5,D:\cattle-health-monitoring-multi-task-model\datasets\bcs\sciencedb_bcs\dataset\3.5\YM_1571_2.jpg,FasterRCNN_v2,14,15,detected,876.94,43.06,918.79,145.85,0.2732,488.14,1024,576
sample_0035,ScienceDB,BCS_3.5,D:\cattle-health-monitoring-multi-task-model\datasets\bcs\sciencedb_bcs\dataset\3.5\YM_1571_2.jpg,FasterRCNN_v2,15,15,detected,807.31,2.73,915.33,86.98,0.255,488.14,1024,576
sample_0035,ScienceDB,BCS_3.5,D:\cattle-health-monitoring-multi-task-model\datasets\bcs\sciencedb_bcs\dataset\3.5\YM_1571_2.jpg,RT-DETR-L,1,8,detected,260.23,99.69,616.48,572.85,0.9586,92.62,1024,576
sample_0035,ScienceDB,BCS_3.5,D:\cattle-health-monitoring-multi-task-model\datasets\bcs\sciencedb_bcs\dataset\3.5\YM_1571_2.jpg,RT-DETR-L,2,8,detected,899.51,36.42,1024.28,281.82,0.8924,92.62,1024,576
sample_0035,ScienceDB,BCS_3.5,D:\cattle-health-monitoring-multi-task-model\datasets\bcs\sciencedb_bcs\dataset\3.5\YM_1571_2.jpg,RT-DETR-L,3,8,detected,489.28,-0.19,630.79,183.22,0.8886,92.62,1024,576
sample_0035,ScienceDB,BCS_3.5,D:\cattle-health-monitoring-multi-task-model\datasets\bcs\sciencedb_bcs\dataset\3.5\YM_1571_2.jpg,RT-DETR-L,4,8,detected,769.2,10.72,876.41,150.37,0.7946,92.62,1024,576
sample_0035,ScienceDB,BCS_3.5,D:\cattle-health-monitoring-multi-task-model\datasets\bcs\sciencedb_bcs\dataset\3.5\YM_1571_2.jpg,RT-DETR-L,5,8,detected,836.5,0.43,968.12,164.69,0.418,92.62,1024,576
sample_0035,ScienceDB,BCS_3.5,D:\cattle-health-monitoring-multi-task-model\datasets\bcs\sciencedb_bcs\dataset\3.5\YM_1571_2.jpg,RT-DETR-L,6,8,detected,845.65,0.77,968.99,72.48,0.3189,92.62,1024,576
sample_0035,ScienceDB,BCS_3.5,D:\cattle-health-monitoring-multi-task-model\datasets\bcs\sciencedb_bcs\dataset\3.5\YM_1571_2.jpg,RT-DETR-L,7,8,detected,790.66,-0.23,865.68,24.78,0.304,92.62,1024,576
sample_0035,ScienceDB,BCS_3.5,D:\cattle-health-monitoring-multi-task-model\datasets\bcs\sciencedb_bcs\dataset\3.5\YM_1571_2.jpg,RT-DETR-L,8,8,detected,865.27,2.08,969.61,72.19,0.2601,92.62,1024,576
sample_0036,ScienceDB,BCS_3.5,D:\cattle-health-monitoring-multi-task-model\datasets\bcs\sciencedb_bcs\dataset\3.5\GS_886_4.jpg,YOLOv8s,0,0,no_detection,,,,,,23.56,1024,576
sample_0036,ScienceDB,BCS_3.5,D:\cattle-health-monitoring-multi-task-model\datasets\bcs\sciencedb_bcs\dataset\3.5\GS_886_4.jpg,FasterRCNN_v2,1,1,detected,207.18,21.82,837.76,572.18,0.9754,487.76,1024,576
sample_0036,ScienceDB,BCS_3.5,D:\cattle-health-monitoring-multi-task-model\datasets\bcs\sciencedb_bcs\dataset\3.5\GS_886_4.jpg,RT-DETR-L,1,1,detected,292.32,6.1,853.92,575.18,0.9551,94.7,1024,576
sample_0037,ScienceDB,BCS_3.5,D:\cattle-health-monitoring-multi-task-model\datasets\bcs\sciencedb_bcs\dataset\3.5\YM_478_2.jpg,YOLOv8s,1,2,detected,487.17,0.05,873.46,569.39,0.9284,24.36,1024,576
sample_0037,ScienceDB,BCS_3.5,D:\cattle-health-monitoring-multi-task-model\datasets\bcs\sciencedb_bcs\dataset\3.5\YM_478_2.jpg,YOLOv8s,2,2,detected,0.48,178.39,106.43,569.6,0.3956,24.36,1024,576
sample_0037,ScienceDB,BCS_3.5,D:\cattle-health-monitoring-multi-task-model\datasets\bcs\sciencedb_bcs\dataset\3.5\YM_478_2.jpg,FasterRCNN_v2,1,3,detected,492.98,4.76,893.83,575.67,0.8836,491.3,1024,576
sample_0037,ScienceDB,BCS_3.5,D:\cattle-health-monitoring-multi-task-model\datasets\bcs\sciencedb_bcs\dataset\3.5\YM_478_2.jpg,FasterRCNN_v2,2,3,detected,0.45,162.78,190.79,575.91,0.6923,491.3,1024,576
sample_0037,ScienceDB,BCS_3.5,D:\cattle-health-monitoring-multi-task-model\datasets\bcs\sciencedb_bcs\dataset\3.5\YM_478_2.jpg,FasterRCNN_v2,3,3,detected,72.32,0.21,232.93,163.11,0.5488,491.3,1024,576
sample_0037,ScienceDB,BCS_3.5,D:\cattle-health-monitoring-multi-task-model\datasets\bcs\sciencedb_bcs\dataset\3.5\YM_478_2.jpg,RT-DETR-L,1,4,detected,485.91,0.15,889.28,573.58,0.9425,93.89,1024,576
sample_0037,ScienceDB,BCS_3.5,D:\cattle-health-monitoring-multi-task-model\datasets\bcs\sciencedb_bcs\dataset\3.5\YM_478_2.jpg,RT-DETR-L,2,4,detected,71.31,0.12,232.68,162.55,0.8896,93.89,1024,576
sample_0037,ScienceDB,BCS_3.5,D:\cattle-health-monitoring-multi-task-model\datasets\bcs\sciencedb_bcs\dataset\3.5\YM_478_2.jpg,RT-DETR-L,3,4,detected,-0.12,174.93,194.59,574.59,0.7365,93.89,1024,576
sample_0037,ScienceDB,BCS_3.5,D:\cattle-health-monitoring-multi-task-model\datasets\bcs\sciencedb_bcs\dataset\3.5\YM_478_2.jpg,RT-DETR-L,4,4,detected,231.37,0.06,338.49,97.45,0.3306,93.89,1024,576
sample_0038,ScienceDB,BCS_3.5,D:\cattle-health-monitoring-multi-task-model\datasets\bcs\sciencedb_bcs\dataset\3.5\YM_1906_1.jpg,YOLOv8s,1,2,detected,341.54,43.23,649.8,569.0,0.8379,24.41,1024,576
sample_0038,ScienceDB,BCS_3.5,D:\cattle-health-monitoring-multi-task-model\datasets\bcs\sciencedb_bcs\dataset\3.5\YM_1906_1.jpg,YOLOv8s,2,2,detected,769.58,0.13,835.44,110.28,0.5053,24.41,1024,576
sample_0038,ScienceDB,BCS_3.5,D:\cattle-health-monitoring-multi-task-model\datasets\bcs\sciencedb_bcs\dataset\3.5\YM_1906_1.jpg,FasterRCNN_v2,1,9,detected,328.68,81.38,634.37,575.41,0.9989,488.63,1024,576
sample_0038,ScienceDB,BCS_3.5,D:\cattle-health-monitoring-multi-task-model\datasets\bcs\sciencedb_bcs\dataset\3.5\YM_1906_1.jpg,FasterRCNN_v2,2,9,detected,777.37,0.67,841.69,104.42,0.9795,488.63,1024,576
sample_0038,ScienceDB,BCS_3.5,D:\cattle-health-monitoring-multi-task-model\datasets\bcs\sciencedb_bcs\dataset\3.5\YM_1906_1.jpg,FasterRCNN_v2,3,9,detected,96.33,28.46,651.88,567.17,0.8428,488.63,1024,576
sample_0038,ScienceDB,BCS_3.5,D:\cattle-health-monitoring-multi-task-model\datasets\bcs\sciencedb_bcs\dataset\3.5\YM_1906_1.jpg,FasterRCNN_v2,4,9,detected,351.35,2.44,626.33,166.34,0.8337,488.63,1024,576
sample_0038,ScienceDB,BCS_3.5,D:\cattle-health-monitoring-multi-task-model\datasets\bcs\sciencedb_bcs\dataset\3.5\YM_1906_1.jpg,FasterRCNN_v2,5,9,detected,239.29,18.69,633.16,306.83,0.5525,488.63,1024,576
sample_0038,ScienceDB,BCS_3.5,D:\cattle-health-monitoring-multi-task-model\datasets\bcs\sciencedb_bcs\dataset\3.5\YM_1906_1.jpg,FasterRCNN_v2,6,9,detected,403.35,76.75,599.1,177.52,0.4692,488.63,1024,576
sample_0038,ScienceDB,BCS_3.5,D:\cattle-health-monitoring-multi-task-model\datasets\bcs\sciencedb_bcs\dataset\3.5\YM_1906_1.jpg,FasterRCNN_v2,7,9,detected,482.53,1.21,626.75,146.05,0.4489,488.63,1024,576
sample_0038,ScienceDB,BCS_3.5,D:\cattle-health-monitoring-multi-task-model\datasets\bcs\sciencedb_bcs\dataset\3.5\YM_1906_1.jpg,FasterRCNN_v2,8,9,detected,832.6,0.47,876.27,31.52,0.4259,488.63,1024,576
sample_0038,ScienceDB,BCS_3.5,D:\cattle-health-monitoring-multi-task-model\datasets\bcs\sciencedb_bcs\dataset\3.5\YM_1906_1.jpg,FasterRCNN_v2,9,9,detected,829.78,0.86,877.23,72.11,0.4224,488.63,1024,576
sample_0038,ScienceDB,BCS_3.5,D:\cattle-health-monitoring-multi-task-model\datasets\bcs\sciencedb_bcs\dataset\3.5\YM_1906_1.jpg,RT-DETR-L,1,16,detected,332.81,75.13,651.79,573.64,0.9393,93.3,1024,576
sample_0038,ScienceDB,BCS_3.5,D:\cattle-health-monitoring-multi-task-model\datasets\bcs\sciencedb_bcs\dataset\3.5\YM_1906_1.jpg,RT-DETR-L,2,16,detected,471.2,-0.06,621.2,146.02,0.7665,93.3,1024,576
sample_0038,ScienceDB,BCS_3.5,D:\cattle-health-monitoring-multi-task-model\datasets\bcs\sciencedb_bcs\dataset\3.5\YM_1906_1.jpg,RT-DETR-L,3,16,detected,219.91,326.56,338.92,496.75,0.7165,93.3,1024,576
sample_0038,ScienceDB,BCS_3.5,D:\cattle-health-monitoring-multi-task-model\datasets\bcs\sciencedb_bcs\dataset\3.5\YM_1906_1.jpg,RT-DETR-L,4,16,detected,11.21,302.78,152.23,508.84,0.7151,93.3,1024,576
sample_0038,ScienceDB,BCS_3.5,D:\cattle-health-monitoring-multi-task-model\datasets\bcs\sciencedb_bcs\dataset\3.5\YM_1906_1.jpg,RT-DETR-L,5,16,detected,-0.22,409.12,70.87,565.7,0.4689,93.3,1024,576
sample_0038,ScienceDB,BCS_3.5,D:\cattle-health-monitoring-multi-task-model\datasets\bcs\sciencedb_bcs\dataset\3.5\YM_1906_1.jpg,RT-DETR-L,6,16,detected,768.56,32.37,838.67,109.5,0.4428,93.3,1024,576
sample_0038,ScienceDB,BCS_3.5,D:\cattle-health-monitoring-multi-task-model\datasets\bcs\sciencedb_bcs\dataset\3.5\YM_1906_1.jpg,RT-DETR-L,7,16,detected,81.56,364.71,160.05,491.53,0.3224,93.3,1024,576
sample_0038,ScienceDB,BCS_3.5,D:\cattle-health-monitoring-multi-task-model\datasets\bcs\sciencedb_bcs\dataset\3.5\YM_1906_1.jpg,RT-DETR-L,8,16,detected,99.34,376.1,160.93,489.03,0.2939,93.3,1024,576
sample_0038,ScienceDB,BCS_3.5,D:\cattle-health-monitoring-multi-task-model\datasets\bcs\sciencedb_bcs\dataset\3.5\YM_1906_1.jpg,RT-DETR-L,9,16,detected,647.72,1.59,742.02,184.98,0.2869,93.3,1024,576
sample_0038,ScienceDB,BCS_3.5,D:\cattle-health-monitoring-multi-task-model\datasets\bcs\sciencedb_bcs\dataset\3.5\YM_1906_1.jpg,RT-DETR-L,10,16,detected,393.09,0.31,512.21,123.42,0.2817,93.3,1024,576
sample_0038,ScienceDB,BCS_3.5,D:\cattle-health-monitoring-multi-task-model\datasets\bcs\sciencedb_bcs\dataset\3.5\YM_1906_1.jpg,RT-DETR-L,11,16,detected,768.17,0.14,867.74,109.45,0.2764,93.3,1024,576
sample_0038,ScienceDB,BCS_3.5,D:\cattle-health-monitoring-multi-task-model\datasets\bcs\sciencedb_bcs\dataset\3.5\YM_1906_1.jpg,RT-DETR-L,12,16,detected,325.53,24.96,422.86,215.35,0.2747,93.3,1024,576
sample_0038,ScienceDB,BCS_3.5,D:\cattle-health-monitoring-multi-task-model\datasets\bcs\sciencedb_bcs\dataset\3.5\YM_1906_1.jpg,RT-DETR-L,13,16,detected,105.58,161.33,139.05,201.88,0.2727,93.3,1024,576
sample_0038,ScienceDB,BCS_3.5,D:\cattle-health-monitoring-multi-task-model\datasets\bcs\sciencedb_bcs\dataset\3.5\YM_1906_1.jpg,RT-DETR-L,14,16,detected,0.57,262.98,40.8,342.67,0.2664,93.3,1024,576
sample_0038,ScienceDB,BCS_3.5,D:\cattle-health-monitoring-multi-task-model\datasets\bcs\sciencedb_bcs\dataset\3.5\YM_1906_1.jpg,RT-DETR-L,15,16,detected,770.09,0.1,836.51,51.61,0.2637,93.3,1024,576
sample_0038,ScienceDB,BCS_3.5,D:\cattle-health-monitoring-multi-task-model\datasets\bcs\sciencedb_bcs\dataset\3.5\YM_1906_1.jpg,RT-DETR-L,16,16,detected,652.11,0.74,742.35,128.15,0.256,93.3,1024,576
sample_0039,ScienceDB,BCS_3.5,D:\cattle-health-monitoring-multi-task-model\datasets\bcs\sciencedb_bcs\dataset\3.5\GS_3181_8.jpg,YOLOv8s,1,1,detected,277.77,0.0,806.49,568.19,0.413,23.54,1024,576
sample_0039,ScienceDB,BCS_3.5,D:\cattle-health-monitoring-multi-task-model\datasets\bcs\sciencedb_bcs\dataset\3.5\GS_3181_8.jpg,FasterRCNN_v2,1,2,detected,0.0,4.62,701.38,576.0,0.9628,493.58,1024,576
sample_0039,ScienceDB,BCS_3.5,D:\cattle-health-monitoring-multi-task-model\datasets\bcs\sciencedb_bcs\dataset\3.5\GS_3181_8.jpg,FasterRCNN_v2,2,2,detected,266.28,1.18,880.32,575.36,0.8474,493.58,1024,576
sample_0039,ScienceDB,BCS_3.5,D:\cattle-health-monitoring-multi-task-model\datasets\bcs\sciencedb_bcs\dataset\3.5\GS_3181_8.jpg,RT-DETR-L,1,8,detected,266.78,-0.24,827.47,575.75,0.7104,94.85,1024,576
sample_0039,ScienceDB,BCS_3.5,D:\cattle-health-monitoring-multi-task-model\datasets\bcs\sciencedb_bcs\dataset\3.5\GS_3181_8.jpg,RT-DETR-L,2,8,detected,732.34,0.16,1023.95,576.16,0.4685,94.85,1024,576
sample_0039,ScienceDB,BCS_3.5,D:\cattle-health-monitoring-multi-task-model\datasets\bcs\sciencedb_bcs\dataset\3.5\GS_3181_8.jpg,RT-DETR-L,3,8,detected,-0.35,0.61,310.38,576.6,0.3643,94.85,1024,576
sample_0039,ScienceDB,BCS_3.5,D:\cattle-health-monitoring-multi-task-model\datasets\bcs\sciencedb_bcs\dataset\3.5\GS_3181_8.jpg,RT-DETR-L,4,8,detected,271.16,-0.11,1024.73,575.86,0.3522,94.85,1024,576
sample_0039,ScienceDB,BCS_3.5,D:\cattle-health-monitoring-multi-task-model\datasets\bcs\sciencedb_bcs\dataset\3.5\GS_3181_8.jpg,RT-DETR-L,5,8,detected,0.54,0.32,1024.49,576.31,0.3163,94.85,1024,576
sample_0039,ScienceDB,BCS_3.5,D:\cattle-health-monitoring-multi-task-model\datasets\bcs\sciencedb_bcs\dataset\3.5\GS_3181_8.jpg,RT-DETR-L,6,8,detected,-0.33,14.74,91.59,441.95,0.2892,94.85,1024,576
sample_0039,ScienceDB,BCS_3.5,D:\cattle-health-monitoring-multi-task-model\datasets\bcs\sciencedb_bcs\dataset\3.5\GS_3181_8.jpg,RT-DETR-L,7,8,detected,-0.46,4.35,175.32,576.07,0.2835,94.85,1024,576
sample_0039,ScienceDB,BCS_3.5,D:\cattle-health-monitoring-multi-task-model\datasets\bcs\sciencedb_bcs\dataset\3.5\GS_3181_8.jpg,RT-DETR-L,8,8,detected,-1.89,-0.08,834.41,575.92,0.2561,94.85,1024,576
sample_0040,ScienceDB,BCS_3.5,D:\cattle-health-monitoring-multi-task-model\datasets\bcs\sciencedb_bcs\dataset\3.5\GS_1129_2.jpg,YOLOv8s,1,1,detected,127.52,2.2,973.35,569.25,0.382,26.82,1024,576
sample_0040,ScienceDB,BCS_3.5,D:\cattle-health-monitoring-multi-task-model\datasets\bcs\sciencedb_bcs\dataset\3.5\GS_1129_2.jpg,FasterRCNN_v2,1,2,detected,0.0,3.37,798.54,576.0,0.9973,486.61,1024,576
sample_0040,ScienceDB,BCS_3.5,D:\cattle-health-monitoring-multi-task-model\datasets\bcs\sciencedb_bcs\dataset\3.5\GS_1129_2.jpg,FasterRCNN_v2,2,2,detected,582.39,0.54,1016.73,574.19,0.2856,486.61,1024,576
sample_0040,ScienceDB,BCS_3.5,D:\cattle-health-monitoring-multi-task-model\datasets\bcs\sciencedb_bcs\dataset\3.5\GS_1129_2.jpg,RT-DETR-L,1,3,detected,0.82,-0.13,793.19,575.86,0.722,94.35,1024,576
sample_0040,ScienceDB,BCS_3.5,D:\cattle-health-monitoring-multi-task-model\datasets\bcs\sciencedb_bcs\dataset\3.5\GS_1129_2.jpg,RT-DETR-L,2,3,detected,-0.17,-0.16,1023.82,575.83,0.3667,94.35,1024,576
sample_0040,ScienceDB,BCS_3.5,D:\cattle-health-monitoring-multi-task-model\datasets\bcs\sciencedb_bcs\dataset\3.5\GS_1129_2.jpg,RT-DETR-L,3,3,detected,140.08,-0.06,1024.06,575.94,0.2756,94.35,1024,576
sample_0041,ScienceDB,BCS_3.75,D:\cattle-health-monitoring-multi-task-model\datasets\bcs\sciencedb_bcs\dataset\3.75\GS_1461_2.jpg,YOLOv8s,0,0,no_detection,,,,,,35.75,1024,576
sample_0041,ScienceDB,BCS_3.75,D:\cattle-health-monitoring-multi-task-model\datasets\bcs\sciencedb_bcs\dataset\3.75\GS_1461_2.jpg,FasterRCNN_v2,1,1,detected,244.75,3.45,713.33,572.9,0.6855,490.36,1024,576
sample_0041,ScienceDB,BCS_3.75,D:\cattle-health-monitoring-multi-task-model\datasets\bcs\sciencedb_bcs\dataset\3.75\GS_1461_2.jpg,RT-DETR-L,0,0,no_detection,,,,,,94.06,1024,576
sample_0042,ScienceDB,BCS_3.75,D:\cattle-health-monitoring-multi-task-model\datasets\bcs\sciencedb_bcs\dataset\3.75\GS_1272_2.jpg,YOLOv8s,0,0,no_detection,,,,,,24.62,1024,576
sample_0042,ScienceDB,BCS_3.75,D:\cattle-health-monitoring-multi-task-model\datasets\bcs\sciencedb_bcs\dataset\3.75\GS_1272_2.jpg,FasterRCNN_v2,1,2,detected,214.34,11.78,960.83,576.0,0.889,489.05,1024,576
sample_0042,ScienceDB,BCS_3.75,D:\cattle-health-monitoring-multi-task-model\datasets\bcs\sciencedb_bcs\dataset\3.75\GS_1272_2.jpg,FasterRCNN_v2,2,2,detected,455.73,18.64,835.34,571.29,0.3132,489.05,1024,576
sample_0042,ScienceDB,BCS_3.75,D:\cattle-health-monitoring-multi-task-model\datasets\bcs\sciencedb_bcs\dataset\3.75\GS_1272_2.jpg,RT-DETR-L,0,0,no_detection,,,,,,94.42,1024,576
sample_0043,ScienceDB,BCS_3.75,D:\cattle-health-monitoring-multi-task-model\datasets\bcs\sciencedb_bcs\dataset\3.75\R-i10959.jpg,YOLOv8s,0,0,no_detection,,,,,,23.92,1024,576
sample_0043,ScienceDB,BCS_3.75,D:\cattle-health-monitoring-multi-task-model\datasets\bcs\sciencedb_bcs\dataset\3.75\R-i10959.jpg,FasterRCNN_v2,0,0,no_detection,,,,,,489.43,1024,576
sample_0043,ScienceDB,BCS_3.75,D:\cattle-health-monitoring-multi-task-model\datasets\bcs\sciencedb_bcs\dataset\3.75\R-i10959.jpg,RT-DETR-L,1,1,detected,243.65,0.21,862.39,576.15,0.8244,94.44,1024,576
sample_0044,ScienceDB,BCS_3.75,D:\cattle-health-monitoring-multi-task-model\datasets\bcs\sciencedb_bcs\dataset\3.75\GS_1499_8.jpg,YOLOv8s,1,1,detected,214.68,1.38,713.77,568.97,0.3119,25.14,1024,576
sample_0044,ScienceDB,BCS_3.75,D:\cattle-health-monitoring-multi-task-model\datasets\bcs\sciencedb_bcs\dataset\3.75\GS_1499_8.jpg,FasterRCNN_v2,1,1,detected,70.43,6.11,734.44,574.58,0.995,489.09,1024,576
sample_0044,ScienceDB,BCS_3.75,D:\cattle-health-monitoring-multi-task-model\datasets\bcs\sciencedb_bcs\dataset\3.75\GS_1499_8.jpg,RT-DETR-L,1,1,detected,210.27,-0.18,715.41,575.81,0.9562,94.73,1024,576
sample_0045,ScienceDB,BCS_3.75,D:\cattle-health-monitoring-multi-task-model\datasets\bcs\sciencedb_bcs\dataset\3.75\GS_3294_5.jpg,YOLOv8s,0,0,no_detection,,,,,,23.9,1024,576
sample_0045,ScienceDB,BCS_3.75,D:\cattle-health-monitoring-multi-task-model\datasets\bcs\sciencedb_bcs\dataset\3.75\GS_3294_5.jpg,FasterRCNN_v2,1,1,detected,111.98,9.11,701.22,573.66,0.9269,488.89,1024,576
sample_0045,ScienceDB,BCS_3.75,D:\cattle-health-monitoring-multi-task-model\datasets\bcs\sciencedb_bcs\dataset\3.75\GS_3294_5.jpg,RT-DETR-L,1,1,detected,115.37,-0.11,700.95,575.89,0.2555,94.07,1024,576
sample_0046,ScienceDB,BCS_3.75,D:\cattle-health-monitoring-multi-task-model\datasets\bcs\sciencedb_bcs\dataset\3.75\YM_1765_2.jpg,YOLOv8s,1,4,detected,287.95,64.87,607.05,567.8,0.8566,24.8,1024,576
sample_0046,ScienceDB,BCS_3.75,D:\cattle-health-monitoring-multi-task-model\datasets\bcs\sciencedb_bcs\dataset\3.75\YM_1765_2.jpg,YOLOv8s,2,4,detected,873.06,29.15,1023.82,335.95,0.6768,24.8,1024,576
sample_0046,ScienceDB,BCS_3.75,D:\cattle-health-monitoring-multi-task-model\datasets\bcs\sciencedb_bcs\dataset\3.75\YM_1765_2.jpg,YOLOv8s,3,4,detected,497.26,0.55,601.25,117.6,0.6132,24.8,1024,576
sample_0046,ScienceDB,BCS_3.75,D:\cattle-health-monitoring-multi-task-model\datasets\bcs\sciencedb_bcs\dataset\3.75\YM_1765_2.jpg,YOLOv8s,4,4,detected,771.17,1.35,915.33,164.76,0.2771,24.8,1024,576
sample_0046,ScienceDB,BCS_3.75,D:\cattle-health-monitoring-multi-task-model\datasets\bcs\sciencedb_bcs\dataset\3.75\YM_1765_2.jpg,FasterRCNN_v2,1,13,detected,280.99,59.09,609.43,569.06,0.9995,485.49,1024,576
sample_0046,ScienceDB,BCS_3.75,D:\cattle-health-monitoring-multi-task-model\datasets\bcs\sciencedb_bcs\dataset\3.75\YM_1765_2.jpg,FasterRCNN_v2,2,13,detected,890.29,38.64,1018.25,279.65,0.9918,485.49,1024,576
sample_0046,ScienceDB,BCS_3.75,D:\cattle-health-monitoring-multi-task-model\datasets\bcs\sciencedb_bcs\dataset\3.75\YM_1765_2.jpg,FasterRCNN_v2,3,13,detected,787.3,19.94,876.1,170.6,0.9854,485.49,1024,576
sample_0046,ScienceDB,BCS_3.75,D:\cattle-health-monitoring-multi-task-model\datasets\bcs\sciencedb_bcs\dataset\3.75\YM_1765_2.jpg,FasterRCNN_v2,4,13,detected,769.58,0.88,818.99,76.46,0.8858,485.49,1024,576
sample_0046,ScienceDB,BCS_3.75,D:\cattle-health-monitoring-multi-task-model\datasets\bcs\sciencedb_bcs\dataset\3.75\YM_1765_2.jpg,FasterRCNN_v2,5,13,detected,832.61,6.07,923.94,124.61,0.8778,485.49,1024,576
sample_0046,ScienceDB,BCS_3.75,D:\cattle-health-monitoring-multi-task-model\datasets\bcs\sciencedb_bcs\dataset\3.75\YM_1765_2.jpg,FasterRCNN_v2,6,13,detected,874.68,28.61,945.59,202.93,0.8478,485.49,1024,576
sample_0046,ScienceDB,BCS_3.75,D:\cattle-health-monitoring-multi-task-model\datasets\bcs\sciencedb_bcs\dataset\3.75\YM_1765_2.jpg,FasterRCNN_v2,7,13,detected,854.95,22.62,910.16,193.33,0.6103,485.49,1024,576
sample_0046,ScienceDB,BCS_3.75,D:\cattle-health-monitoring-multi-task-model\datasets\bcs\sciencedb_bcs\dataset\3.75\YM_1765_2.jpg,FasterRCNN_v2,8,13,detected,887.0,11.17,944.68,43.96,0.5565,485.49,1024,576
sample_0046,ScienceDB,BCS_3.75,D:\cattle-health-monitoring-multi-task-model\datasets\bcs\sciencedb_bcs\dataset\3.75\YM_1765_2.jpg,FasterRCNN_v2,9,13,detected,985.56,94.74,1024.0,333.93,0.4614,485.49,1024,576
sample_0046,ScienceDB,BCS_3.75,D:\cattle-health-monitoring-multi-task-model\datasets\bcs\sciencedb_bcs\dataset\3.75\YM_1765_2.jpg,FasterRCNN_v2,10,13,detected,859.35,18.67,898.24,130.85,0.4505,485.49,1024,576
sample_0046,ScienceDB,BCS_3.75,D:\cattle-health-monitoring-multi-task-model\datasets\bcs\sciencedb_bcs\dataset\3.75\YM_1765_2.jpg,FasterRCNN_v2,11,13,detected,960.56,41.11,1020.07,88.19,0.3945,485.49,1024,576
sample_0046,ScienceDB,BCS_3.75,D:\cattle-health-monitoring-multi-task-model\datasets\bcs\sciencedb_bcs\dataset\3.75\YM_1765_2.jpg,FasterRCNN_v2,12,13,detected,489.51,2.58,599.59,122.62,0.3729,485.49,1024,576
sample_0046,ScienceDB,BCS_3.75,D:\cattle-health-monitoring-multi-task-model\datasets\bcs\sciencedb_bcs\dataset\3.75\YM_1765_2.jpg,FasterRCNN_v2,13,13,detected,870.29,16.81,950.65,125.14,0.3537,485.49,1024,576
sample_0046,ScienceDB,BCS_3.75,D:\cattle-health-monitoring-multi-task-model\datasets\bcs\sciencedb_bcs\dataset\3.75\YM_1765_2.jpg,RT-DETR-L,1,18,detected,285.34,64.14,608.62,571.79,0.9514,92.92,1024,576
sample_0046,ScienceDB,BCS_3.75,D:\cattle-health-monitoring-multi-task-model\datasets\bcs\sciencedb_bcs\dataset\3.75\YM_1765_2.jpg,RT-DETR-L,2,18,detected,912.77,49.77,1022.47,282.48,0.8468,92.92,1024,576
sample_0046,ScienceDB,BCS_3.75,D:\cattle-health-monitoring-multi-task-model\datasets\bcs\sciencedb_bcs\dataset\3.75\YM_1765_2.jpg,RT-DETR-L,3,18,detected,494.35,-0.05,600.78,122.55,0.8295,92.92,1024,576
sample_0046,ScienceDB,BCS_3.75,D:\cattle-health-monitoring-multi-task-model\datasets\bcs\sciencedb_bcs\dataset\3.75\YM_1765_2.jpg,RT-DETR-L,4,18,detected,785.7,11.96,894.8,187.85,0.7731,92.92,1024,576
sample_0046,ScienceDB,BCS_3.75,D:\cattle-health-monitoring-multi-task-model\datasets\bcs\sciencedb_bcs\dataset\3.75\YM_1765_2.jpg,RT-DETR-L,5,18,detected,876.26,30.2,958.05,213.42,0.7536,92.92,1024,576
sample_0046,ScienceDB,BCS_3.75,D:\cattle-health-monitoring-multi-task-model\datasets\bcs\sciencedb_bcs\dataset\3.75\YM_1765_2.jpg,RT-DETR-L,6,18,detected,983.46,84.13,1023.87,340.9,0.4816,92.92,1024,576
sample_0046,ScienceDB,BCS_3.75,D:\cattle-health-monitoring-multi-task-model\datasets\bcs\sciencedb_bcs\dataset\3.75\YM_1765_2.jpg,RT-DETR-L,7,18,detected,455.06,432.84,709.82,575.01,0.4459,92.92,1024,576
sample_0046,ScienceDB,BCS_3.75,D:\cattle-health-monitoring-multi-task-model\datasets\bcs\sciencedb_bcs\dataset\3.75\YM_1765_2.jpg,RT-DETR-L,8,18,detected,961.31,39.27,1022.13,98.53,0.3876,92.92,1024,576
sample_0046,ScienceDB,BCS_3.75,D:\cattle-health-monitoring-multi-task-model\datasets\bcs\sciencedb_bcs\dataset\3.75\YM_1765_2.jpg,RT-DETR-L,9,18,detected,0.09,408.79,71.14,571.72,0.3735,92.92,1024,576
sample_0046,ScienceDB,BCS_3.75,D:\cattle-health-monitoring-multi-task-model\datasets\bcs\sciencedb_bcs\dataset\3.75\YM_1765_2.jpg,RT-DETR-L,10,18,detected,5.87,304.81,154.37,496.61,0.3709,92.92,1024,576
sample_0046,ScienceDB,BCS_3.75,D:\cattle-health-monitoring-multi-task-model\datasets\bcs\sciencedb_bcs\dataset\3.75\YM_1765_2.jpg,RT-DETR-L,11,18,detected,883.69,8.22,949.39,48.94,0.3281,92.92,1024,576
sample_0046,ScienceDB,BCS_3.75,D:\cattle-health-monitoring-multi-task-model\datasets\bcs\sciencedb_bcs\dataset\3.75\YM_1765_2.jpg,RT-DETR-L,12,18,detected,269.8,13.79,318.17,118.74,0.3127,92.92,1024,576
sample_0046,ScienceDB,BCS_3.75,D:\cattle-health-monitoring-multi-task-model\datasets\bcs\sciencedb_bcs\dataset\3.75\YM_1765_2.jpg,RT-DETR-L,13,18,detected,548.32,398.78,649.87,508.4,0.2907,92.92,1024,576
sample_0046,ScienceDB,BCS_3.75,D:\cattle-health-monitoring-multi-task-model\datasets\bcs\sciencedb_bcs\dataset\3.75\YM_1765_2.jpg,RT-DETR-L,14,18,detected,768.41,-0.18,824.11,76.63,0.284,92.92,1024,576
sample_0046,ScienceDB,BCS_3.75,D:\cattle-health-monitoring-multi-task-model\datasets\bcs\sciencedb_bcs\dataset\3.75\YM_1765_2.jpg,RT-DETR-L,15,18,detected,-0.09,445.35,70.99,571.88,0.2725,92.92,1024,576
sample_0046,ScienceDB,BCS_3.75,D:\cattle-health-monitoring-multi-task-model\datasets\bcs\sciencedb_bcs\dataset\3.75\YM_1765_2.jpg,RT-DETR-L,16,18,detected,961.71,39.17,1003.65,70.32,0.2634,92.92,1024,576
sample_0046,ScienceDB,BCS_3.75,D:\cattle-health-monitoring-multi-task-model\datasets\bcs\sciencedb_bcs\dataset\3.75\YM_1765_2.jpg,RT-DETR-L,17,18,detected,831.35,1.09,909.46,60.67,0.2505,92.92,1024,576
sample_0046,ScienceDB,BCS_3.75,D:\cattle-health-monitoring-multi-task-model\datasets\bcs\sciencedb_bcs\dataset\3.75\YM_1765_2.jpg,RT-DETR-L,18,18,detected,85.12,364.23,155.05,487.44,0.2504,92.92,1024,576
sample_0047,ScienceDB,BCS_3.75,D:\cattle-health-monitoring-multi-task-model\datasets\bcs\sciencedb_bcs\dataset\3.75\GS_281_1.jpg,YOLOv8s,0,0,no_detection,,,,,,22.7,1024,576
sample_0047,ScienceDB,BCS_3.75,D:\cattle-health-monitoring-multi-task-model\datasets\bcs\sciencedb_bcs\dataset\3.75\GS_281_1.jpg,FasterRCNN_v2,0,0,no_detection,,,,,,491.96,1024,576
sample_0047,ScienceDB,BCS_3.75,D:\cattle-health-monitoring-multi-task-model\datasets\bcs\sciencedb_bcs\dataset\3.75\GS_281_1.jpg,RT-DETR-L,0,0,no_detection,,,,,,94.17,1024,576
sample_0048,ScienceDB,BCS_3.75,D:\cattle-health-monitoring-multi-task-model\datasets\bcs\sciencedb_bcs\dataset\3.75\YM_252_1.jpg,YOLOv8s,1,2,detected,317.22,1.24,786.0,569.56,0.9189,23.75,1024,576
sample_0048,ScienceDB,BCS_3.75,D:\cattle-health-monitoring-multi-task-model\datasets\bcs\sciencedb_bcs\dataset\3.75\YM_252_1.jpg,YOLOv8s,2,2,detected,98.88,7.39,272.59,398.57,0.6101,23.75,1024,576
sample_0048,ScienceDB,BCS_3.75,D:\cattle-health-monitoring-multi-task-model\datasets\bcs\sciencedb_bcs\dataset\3.75\YM_252_1.jpg,FasterRCNN_v2,1,4,detected,313.47,0.0,795.65,574.02,0.9717,488.59,1024,576
sample_0048,ScienceDB,BCS_3.75,D:\cattle-health-monitoring-multi-task-model\datasets\bcs\sciencedb_bcs\dataset\3.75\YM_252_1.jpg,FasterRCNN_v2,2,4,detected,1.92,1.48,132.38,194.31,0.7227,488.59,1024,576
sample_0048,ScienceDB,BCS_3.75,D:\cattle-health-monitoring-multi-task-model\datasets\bcs\sciencedb_bcs\dataset\3.75\YM_252_1.jpg,FasterRCNN_v2,3,4,detected,490.16,1.14,588.52,67.4,0.3167,488.59,1024,576
sample_0048,ScienceDB,BCS_3.75,D:\cattle-health-monitoring-multi-task-model\datasets\bcs\sciencedb_bcs\dataset\3.75\YM_252_1.jpg,FasterRCNN_v2,4,4,detected,478.44,0.26,645.62,83.95,0.2833,488.59,1024,576
sample_0048,ScienceDB,BCS_3.75,D:\cattle-health-monitoring-multi-task-model\datasets\bcs\sciencedb_bcs\dataset\3.75\YM_252_1.jpg,RT-DETR-L,1,5,detected,315.61,0.52,786.05,575.15,0.9623,94.51,1024,576
sample_0048,ScienceDB,BCS_3.75,D:\cattle-health-monitoring-multi-task-model\datasets\bcs\sciencedb_bcs\dataset\3.75\YM_252_1.jpg,RT-DETR-L,2,5,detected,-0.19,0.12,138.72,218.41,0.6874,94.51,1024,576
sample_0048,ScienceDB,BCS_3.75,D:\cattle-health-monitoring-multi-task-model\datasets\bcs\sciencedb_bcs\dataset\3.75\YM_252_1.jpg,RT-DETR-L,3,5,detected,654.29,358.88,973.88,575.43,0.5579,94.51,1024,576
sample_0048,ScienceDB,BCS_3.75,D:\cattle-health-monitoring-multi-task-model\datasets\bcs\sciencedb_bcs\dataset\3.75\YM_252_1.jpg,RT-DETR-L,4,5,detected,494.46,0.21,646.43,66.14,0.3147,94.51,1024,576
sample_0048,ScienceDB,BCS_3.75,D:\cattle-health-monitoring-multi-task-model\datasets\bcs\sciencedb_bcs\dataset\3.75\YM_252_1.jpg,RT-DETR-L,5,5,detected,947.69,310.93,1024.32,575.38,0.2976,94.51,1024,576
sample_0049,ScienceDB,BCS_3.75,D:\cattle-health-monitoring-multi-task-model\datasets\bcs\sciencedb_bcs\dataset\3.75\GS_1460_2.jpg,YOLOv8s,0,0,no_detection,,,,,,26.4,1024,576
sample_0049,ScienceDB,BCS_3.75,D:\cattle-health-monitoring-multi-task-model\datasets\bcs\sciencedb_bcs\dataset\3.75\GS_1460_2.jpg,FasterRCNN_v2,1,1,detected,13.13,9.81,843.83,576.0,0.9319,384.09,1024,576
sample_0049,ScienceDB,BCS_3.75,D:\cattle-health-monitoring-multi-task-model\datasets\bcs\sciencedb_bcs\dataset\3.75\GS_1460_2.jpg,RT-DETR-L,1,1,detected,-0.73,-0.16,858.8,575.83,0.7132,94.37,1024,576
sample_0050,ScienceDB,BCS_3.75,D:\cattle-health-monitoring-multi-task-model\datasets\bcs\sciencedb_bcs\dataset\3.75\YM_262_1.jpg,YOLOv8s,1,1,detected,404.55,0.27,801.69,569.11,0.3773,23.63,1024,576
sample_0050,ScienceDB,BCS_3.75,D:\cattle-health-monitoring-multi-task-model\datasets\bcs\sciencedb_bcs\dataset\3.75\YM_262_1.jpg,FasterRCNN_v2,1,1,detected,395.76,0.0,818.42,573.14,0.8117,487.93,1024,576
sample_0050,ScienceDB,BCS_3.75,D:\cattle-health-monitoring-multi-task-model\datasets\bcs\sciencedb_bcs\dataset\3.75\YM_262_1.jpg,RT-DETR-L,1,2,detected,403.02,-0.49,802.04,574.56,0.9499,93.74,1024,576
sample_0050,ScienceDB,BCS_3.75,D:\cattle-health-monitoring-multi-task-model\datasets\bcs\sciencedb_bcs\dataset\3.75\YM_262_1.jpg,RT-DETR-L,2,2,detected,-0.65,0.61,121.61,240.33,0.3056,93.74,1024,576
sample_0051,ScienceDB,BCS_3.75,D:\cattle-health-monitoring-multi-task-model\datasets\bcs\sciencedb_bcs\dataset\3.75\YM_301_2.jpg,YOLOv8s,1,2,detected,513.28,0.49,858.95,568.56,0.9412,24.37,1024,576
sample_0051,ScienceDB,BCS_3.75,D:\cattle-health-monitoring-multi-task-model\datasets\bcs\sciencedb_bcs\dataset\3.75\YM_301_2.jpg,YOLOv8s,2,2,detected,0.24,0.56,90.84,209.63,0.7262,24.37,1024,576
sample_0051,ScienceDB,BCS_3.75,D:\cattle-health-monitoring-multi-task-model\datasets\bcs\sciencedb_bcs\dataset\3.75\YM_301_2.jpg,FasterRCNN_v2,1,2,detected,512.37,2.76,860.66,571.16,0.9963,488.91,1024,576
sample_0051,ScienceDB,BCS_3.75,D:\cattle-health-monitoring-multi-task-model\datasets\bcs\sciencedb_bcs\dataset\3.75\YM_301_2.jpg,FasterRCNN_v2,2,2,detected,1.09,4.85,92.69,237.18,0.8867,488.91,1024,576
sample_0051,ScienceDB,BCS_3.75,D:\cattle-health-monitoring-multi-task-model\datasets\bcs\sciencedb_bcs\dataset\3.75\YM_301_2.jpg,RT-DETR-L,1,4,detected,513.79,-0.56,866.6,574.98,0.9593,93.8,1024,576
sample_0051,ScienceDB,BCS_3.75,D:\cattle-health-monitoring-multi-task-model\datasets\bcs\sciencedb_bcs\dataset\3.75\YM_301_2.jpg,RT-DETR-L,2,4,detected,0.14,1.43,89.98,209.59,0.8364,93.8,1024,576
sample_0051,ScienceDB,BCS_3.75,D:\cattle-health-monitoring-multi-task-model\datasets\bcs\sciencedb_bcs\dataset\3.75\YM_301_2.jpg,RT-DETR-L,3,4,detected,64.19,0.05,177.35,128.09,0.7639,93.8,1024,576
sample_0051,ScienceDB,BCS_3.75,D:\cattle-health-monitoring-multi-task-model\datasets\bcs\sciencedb_bcs\dataset\3.75\YM_301_2.jpg,RT-DETR-L,4,4,detected,979.78,168.86,1024.21,346.87,0.2754,93.8,1024,576
sample_0052,ScienceDB,BCS_3.75,D:\cattle-health-monitoring-multi-task-model\datasets\bcs\sciencedb_bcs\dataset\3.75\YM_654_2.jpg,YOLOv8s,1,3,detected,491.88,0.62,873.36,567.33,0.8618,25.91,1024,576
sample_0052,ScienceDB,BCS_3.75,D:\cattle-health-monitoring-multi-task-model\datasets\bcs\sciencedb_bcs\dataset\3.75\YM_654_2.jpg,YOLOv8s,2,3,detected,0.38,37.55,107.83,371.4,0.7265,25.91,1024,576
sample_0052,ScienceDB,BCS_3.75,D:\cattle-health-monitoring-multi-task-model\datasets\bcs\sciencedb_bcs\dataset\3.75\YM_654_2.jpg,YOLOv8s,3,3,detected,84.46,48.13,151.81,161.27,0.4769,25.91,1024,576
sample_0052,ScienceDB,BCS_3.75,D:\cattle-health-monitoring-multi-task-model\datasets\bcs\sciencedb_bcs\dataset\3.75\YM_654_2.jpg,FasterRCNN_v2,1,2,detected,488.15,0.0,902.99,571.0,0.9653,488.93,1024,576
sample_0052,ScienceDB,BCS_3.75,D:\cattle-health-monitoring-multi-task-model\datasets\bcs\sciencedb_bcs\dataset\3.75\YM_654_2.jpg,FasterRCNN_v2,2,2,detected,0.4,3.08,115.05,289.59,0.9293,488.93,1024,576
sample_0052,ScienceDB,BCS_3.75,D:\cattle-health-monitoring-multi-task-model\datasets\bcs\sciencedb_bcs\dataset\3.75\YM_654_2.jpg,RT-DETR-L,1,2,detected,491.51,-0.63,882.13,574.75,0.9595,93.78,1024,576
sample_0052,ScienceDB,BCS_3.75,D:\cattle-health-monitoring-multi-task-model\datasets\bcs\sciencedb_bcs\dataset\3.75\YM_654_2.jpg,RT-DETR-L,2,2,detected,0.29,0.49,154.03,375.13,0.8709,93.78,1024,576
sample_0053,ScienceDB,BCS_3.75,D:\cattle-health-monitoring-multi-task-model\datasets\bcs\sciencedb_bcs\dataset\3.75\R-i7301.jpg,YOLOv8s,1,1,detected,174.3,1.27,826.1,568.45,0.4438,22.73,1024,576
sample_0053,ScienceDB,BCS_3.75,D:\cattle-health-monitoring-multi-task-model\datasets\bcs\sciencedb_bcs\dataset\3.75\R-i7301.jpg,FasterRCNN_v2,1,2,detected,189.71,2.05,810.59,570.61,0.718,489.72,1024,576
sample_0053,ScienceDB,BCS_3.75,D:\cattle-health-monitoring-multi-task-model\datasets\bcs\sciencedb_bcs\dataset\3.75\R-i7301.jpg,FasterRCNN_v2,2,2,detected,725.56,355.75,1023.9,572.28,0.2705,489.72,1024,576
sample_0053,ScienceDB,BCS_3.75,D:\cattle-health-monitoring-multi-task-model\datasets\bcs\sciencedb_bcs\dataset\3.75\R-i7301.jpg,RT-DETR-L,1,2,detected,186.36,0.3,806.97,575.59,0.9647,94.72,1024,576
sample_0053,ScienceDB,BCS_3.75,D:\cattle-health-monitoring-multi-task-model\datasets\bcs\sciencedb_bcs\dataset\3.75\R-i7301.jpg,RT-DETR-L,2,2,detected,729.35,359.98,1023.76,574.65,0.665,94.72,1024,576
sample_0054,ScienceDB,BCS_3.75,D:\cattle-health-monitoring-multi-task-model\datasets\bcs\sciencedb_bcs\dataset\3.75\GS_1815_1.jpg,YOLOv8s,0,0,no_detection,,,,,,21.84,1024,576
sample_0054,ScienceDB,BCS_3.75,D:\cattle-health-monitoring-multi-task-model\datasets\bcs\sciencedb_bcs\dataset\3.75\GS_1815_1.jpg,FasterRCNN_v2,1,2,detected,177.67,3.84,1005.37,576.0,0.9822,489.61,1024,576
sample_0054,ScienceDB,BCS_3.75,D:\cattle-health-monitoring-multi-task-model\datasets\bcs\sciencedb_bcs\dataset\3.75\GS_1815_1.jpg,FasterRCNN_v2,2,2,detected,5.34,4.72,666.33,575.57,0.7951,489.61,1024,576
sample_0054,ScienceDB,BCS_3.75,D:\cattle-health-monitoring-multi-task-model\datasets\bcs\sciencedb_bcs\dataset\3.75\GS_1815_1.jpg,RT-DETR-L,1,2,detected,248.05,-0.12,1022.71,575.87,0.4016,94.39,1024,576
sample_0054,ScienceDB,BCS_3.75,D:\cattle-health-monitoring-multi-task-model\datasets\bcs\sciencedb_bcs\dataset\3.75\GS_1815_1.jpg,RT-DETR-L,2,2,detected,-0.12,-0.03,1023.87,575.96,0.3281,94.39,1024,576
sample_0055,ScienceDB,BCS_3.75,D:\cattle-health-monitoring-multi-task-model\datasets\bcs\sciencedb_bcs\dataset\3.75\GS_3286_2.jpg,YOLOv8s,0,0,no_detection,,,,,,22.1,1024,576
sample_0055,ScienceDB,BCS_3.75,D:\cattle-health-monitoring-multi-task-model\datasets\bcs\sciencedb_bcs\dataset\3.75\GS_3286_2.jpg,FasterRCNN_v2,1,1,detected,53.64,9.66,730.08,575.82,0.6185,493.12,1024,576
sample_0055,ScienceDB,BCS_3.75,D:\cattle-health-monitoring-multi-task-model\datasets\bcs\sciencedb_bcs\dataset\3.75\GS_3286_2.jpg,RT-DETR-L,1,2,detected,21.01,0.14,725.13,576.14,0.2724,93.97,1024,576
sample_0055,ScienceDB,BCS_3.75,D:\cattle-health-monitoring-multi-task-model\datasets\bcs\sciencedb_bcs\dataset\3.75\GS_3286_2.jpg,RT-DETR-L,2,2,detected,259.93,170.04,423.89,575.86,0.2677,93.97,1024,576
sample_0056,ScienceDB,BCS_3.75,D:\cattle-health-monitoring-multi-task-model\datasets\bcs\sciencedb_bcs\dataset\3.75\GS_2597_8.jpg,YOLOv8s,1,1,detected,254.99,3.34,750.95,567.02,0.31,23.87,1024,576
sample_0056,ScienceDB,BCS_3.75,D:\cattle-health-monitoring-multi-task-model\datasets\bcs\sciencedb_bcs\dataset\3.75\GS_2597_8.jpg,FasterRCNN_v2,1,2,detected,233.07,0.05,767.55,574.14,0.7318,491.07,1024,576
sample_0056,ScienceDB,BCS_3.75,D:\cattle-health-monitoring-multi-task-model\datasets\bcs\sciencedb_bcs\dataset\3.75\GS_2597_8.jpg,FasterRCNN_v2,2,2,detected,438.97,489.56,606.14,574.2,0.313,491.07,1024,576
sample_0056,ScienceDB,BCS_3.75,D:\cattle-health-monitoring-multi-task-model\datasets\bcs\sciencedb_bcs\dataset\3.75\GS_2597_8.jpg,RT-DETR-L,0,0,no_detection,,,,,,94.21,1024,576
sample_0057,ScienceDB,BCS_3.75,D:\cattle-health-monitoring-multi-task-model\datasets\bcs\sciencedb_bcs\dataset\3.75\GS_291_2.jpg,YOLOv8s,0,0,no_detection,,,,,,23.76,1024,576
sample_0057,ScienceDB,BCS_3.75,D:\cattle-health-monitoring-multi-task-model\datasets\bcs\sciencedb_bcs\dataset\3.75\GS_291_2.jpg,FasterRCNN_v2,1,3,detected,75.21,6.06,870.55,572.06,0.9898,385.26,1024,576
sample_0057,ScienceDB,BCS_3.75,D:\cattle-health-monitoring-multi-task-model\datasets\bcs\sciencedb_bcs\dataset\3.75\GS_291_2.jpg,FasterRCNN_v2,2,3,detected,171.5,56.35,560.2,558.93,0.552,385.26,1024,576
sample_0057,ScienceDB,BCS_3.75,D:\cattle-health-monitoring-multi-task-model\datasets\bcs\sciencedb_bcs\dataset\3.75\GS_291_2.jpg,FasterRCNN_v2,3,3,detected,503.44,0.0,1024.0,576.0,0.3633,385.26,1024,576
sample_0057,ScienceDB,BCS_3.75,D:\cattle-health-monitoring-multi-task-model\datasets\bcs\sciencedb_bcs\dataset\3.75\GS_291_2.jpg,RT-DETR-L,1,7,detected,147.84,-0.23,796.86,575.77,0.549,94.7,1024,576
sample_0057,ScienceDB,BCS_3.75,D:\cattle-health-monitoring-multi-task-model\datasets\bcs\sciencedb_bcs\dataset\3.75\GS_291_2.jpg,RT-DETR-L,2,7,detected,147.66,0.16,1024.1,576.15,0.5291,94.7,1024,576
sample_0057,ScienceDB,BCS_3.75,D:\cattle-health-monitoring-multi-task-model\datasets\bcs\sciencedb_bcs\dataset\3.75\GS_291_2.jpg,RT-DETR-L,3,7,detected,-0.03,0.5,238.41,576.5,0.3736,94.7,1024,576
sample_0057,ScienceDB,BCS_3.75,D:\cattle-health-monitoring-multi-task-model\datasets\bcs\sciencedb_bcs\dataset\3.75\GS_291_2.jpg,RT-DETR-L,4,7,detected,739.9,0.09,1024.61,576.08,0.3398,94.7,1024,576
sample_0057,ScienceDB,BCS_3.75,D:\cattle-health-monitoring-multi-task-model\datasets\bcs\sciencedb_bcs\dataset\3.75\GS_291_2.jpg,RT-DETR-L,5,7,detected,-0.27,0.21,786.13,576.21,0.3056,94.7,1024,576
sample_0057,ScienceDB,BCS_3.75,D:\cattle-health-monitoring-multi-task-model\datasets\bcs\sciencedb_bcs\dataset\3.75\GS_291_2.jpg,RT-DETR-L,6,7,detected,-0.45,0.56,1023.53,576.55,0.2848,94.7,1024,576
sample_0057,ScienceDB,BCS_3.75,D:\cattle-health-monitoring-multi-task-model\datasets\bcs\sciencedb_bcs\dataset\3.75\GS_291_2.jpg,RT-DETR-L,7,7,detected,-0.5,0.1,453.62,576.09,0.2619,94.7,1024,576
sample_0058,ScienceDB,BCS_3.75,D:\cattle-health-monitoring-multi-task-model\datasets\bcs\sciencedb_bcs\dataset\3.75\GS_1806_2.jpg,YOLOv8s,1,1,detected,90.66,3.63,666.87,570.55,0.6206,23.77,1024,576
sample_0058,ScienceDB,BCS_3.75,D:\cattle-health-monitoring-multi-task-model\datasets\bcs\sciencedb_bcs\dataset\3.75\GS_1806_2.jpg,FasterRCNN_v2,1,2,detected,93.69,0.0,703.35,569.2,0.9588,488.06,1024,576
sample_0058,ScienceDB,BCS_3.75,D:\cattle-health-monitoring-multi-task-model\datasets\bcs\sciencedb_bcs\dataset\3.75\GS_1806_2.jpg,FasterRCNN_v2,2,2,detected,407.14,6.12,1009.92,570.8,0.4077,488.06,1024,576
sample_0058,ScienceDB,BCS_3.75,D:\cattle-health-monitoring-multi-task-model\datasets\bcs\sciencedb_bcs\dataset\3.75\GS_1806_2.jpg,RT-DETR-L,1,6,detected,99.46,0.15,670.3,576.14,0.9351,94.74,1024,576
sample_0058,ScienceDB,BCS_3.75,D:\cattle-health-monitoring-multi-task-model\datasets\bcs\sciencedb_bcs\dataset\3.75\GS_1806_2.jpg,RT-DETR-L,2,6,detected,516.54,0.22,1024.74,576.21,0.3287,94.74,1024,576
sample_0058,ScienceDB,BCS_3.75,D:\cattle-health-monitoring-multi-task-model\datasets\bcs\sciencedb_bcs\dataset\3.75\GS_1806_2.jpg,RT-DETR-L,3,6,detected,-0.15,0.38,215.11,576.37,0.3199,94.74,1024,576
sample_0058,ScienceDB,BCS_3.75,D:\cattle-health-monitoring-multi-task-model\datasets\bcs\sciencedb_bcs\dataset\3.75\GS_1806_2.jpg,RT-DETR-L,4,6,detected,101.13,0.01,1023.42,576.0,0.3045,94.74,1024,576
sample_0058,ScienceDB,BCS_3.75,D:\cattle-health-monitoring-multi-task-model\datasets\bcs\sciencedb_bcs\dataset\3.75\GS_1806_2.jpg,RT-DETR-L,5,6,detected,-0.02,0.41,1023.84,576.4,0.3042,94.74,1024,576
sample_0058,ScienceDB,BCS_3.75,D:\cattle-health-monitoring-multi-task-model\datasets\bcs\sciencedb_bcs\dataset\3.75\GS_1806_2.jpg,RT-DETR-L,6,6,detected,595.63,0.68,1023.85,576.67,0.2542,94.74,1024,576
sample_0059,ScienceDB,BCS_3.75,D:\cattle-health-monitoring-multi-task-model\datasets\bcs\sciencedb_bcs\dataset\3.75\GS_2163_1.jpg,YOLOv8s,0,0,no_detection,,,,,,23.16,1024,576
sample_0059,ScienceDB,BCS_3.75,D:\cattle-health-monitoring-multi-task-model\datasets\bcs\sciencedb_bcs\dataset\3.75\GS_2163_1.jpg,FasterRCNN_v2,1,1,detected,159.8,4.42,702.17,575.09,0.6555,488.89,1024,576
sample_0059,ScienceDB,BCS_3.75,D:\cattle-health-monitoring-multi-task-model\datasets\bcs\sciencedb_bcs\dataset\3.75\GS_2163_1.jpg,RT-DETR-L,0,0,no_detection,,,,,,94.29,1024,576
sample_0060,ScienceDB,BCS_3.75,D:\cattle-health-monitoring-multi-task-model\datasets\bcs\sciencedb_bcs\dataset\3.75\GS_55_3.jpg,YOLOv8s,0,0,no_detection,,,,,,22.63,1024,576
sample_0060,ScienceDB,BCS_3.75,D:\cattle-health-monitoring-multi-task-model\datasets\bcs\sciencedb_bcs\dataset\3.75\GS_55_3.jpg,FasterRCNN_v2,1,1,detected,94.98,11.05,995.17,572.5,0.3597,488.92,1024,576
sample_0060,ScienceDB,BCS_3.75,D:\cattle-health-monitoring-multi-task-model\datasets\bcs\sciencedb_bcs\dataset\3.75\GS_55_3.jpg,RT-DETR-L,1,2,detected,143.69,0.51,1012.12,576.49,0.3191,94.69,1024,576
sample_0060,ScienceDB,BCS_3.75,D:\cattle-health-monitoring-multi-task-model\datasets\bcs\sciencedb_bcs\dataset\3.75\GS_55_3.jpg,RT-DETR-L,2,2,detected,-0.05,-0.1,1023.61,575.9,0.2999,94.69,1024,576
sample_0061,ScienceDB,BCS_4.0,D:\cattle-health-monitoring-multi-task-model\datasets\bcs\sciencedb_bcs\dataset\4.0\GS_328_4.jpg,YOLOv8s,1,1,detected,138.03,2.19,1019.86,566.04,0.8698,23.43,1024,576
sample_0061,ScienceDB,BCS_4.0,D:\cattle-health-monitoring-multi-task-model\datasets\bcs\sciencedb_bcs\dataset\4.0\GS_328_4.jpg,FasterRCNN_v2,1,5,detected,127.03,0.0,821.85,576.0,0.9963,489.18,1024,576
sample_0061,ScienceDB,BCS_4.0,D:\cattle-health-monitoring-multi-task-model\datasets\bcs\sciencedb_bcs\dataset\4.0\GS_328_4.jpg,FasterRCNN_v2,2,5,detected,95.7,0.55,458.22,571.08,0.7998,489.18,1024,576
sample_0061,ScienceDB,BCS_4.0,D:\cattle-health-monitoring-multi-task-model\datasets\bcs\sciencedb_bcs\dataset\4.0\GS_328_4.jpg,FasterRCNN_v2,3,5,detected,1.08,0.0,149.33,568.24,0.4743,489.18,1024,576
sample_0061,ScienceDB,BCS_4.0,D:\cattle-health-monitoring-multi-task-model\datasets\bcs\sciencedb_bcs\dataset\4.0\GS_328_4.jpg,FasterRCNN_v2,4,5,detected,530.98,373.72,1007.25,572.14,0.4018,489.18,1024,576
sample_0061,ScienceDB,BCS_4.0,D:\cattle-health-monitoring-multi-task-model\datasets\bcs\sciencedb_bcs\dataset\4.0\GS_328_4.jpg,FasterRCNN_v2,5,5,detected,293.19,183.59,1002.98,568.55,0.3505,489.18,1024,576
sample_0061,ScienceDB,BCS_4.0,D:\cattle-health-monitoring-multi-task-model\datasets\bcs\sciencedb_bcs\dataset\4.0\GS_328_4.jpg,RT-DETR-L,1,8,detected,133.62,0.18,1025.57,576.17,0.8952,94.7,1024,576
sample_0061,ScienceDB,BCS_4.0,D:\cattle-health-monitoring-multi-task-model\datasets\bcs\sciencedb_bcs\dataset\4.0\GS_328_4.jpg,RT-DETR-L,2,8,detected,0.08,1.32,181.16,577.16,0.4018,94.7,1024,576
sample_0061,ScienceDB,BCS_4.0,D:\cattle-health-monitoring-multi-task-model\datasets\bcs\sciencedb_bcs\dataset\4.0\GS_328_4.jpg,RT-DETR-L,3,8,detected,-0.04,0.14,386.1,576.13,0.3391,94.7,1024,576
sample_0061,ScienceDB,BCS_4.0,D:\cattle-health-monitoring-multi-task-model\datasets\bcs\sciencedb_bcs\dataset\4.0\GS_328_4.jpg,RT-DETR-L,4,8,detected,129.39,0.22,720.06,576.08,0.3366,94.7,1024,576
sample_0061,ScienceDB,BCS_4.0,D:\cattle-health-monitoring-multi-task-model\datasets\bcs\sciencedb_bcs\dataset\4.0\GS_328_4.jpg,RT-DETR-L,5,8,detected,528.26,366.72,1014.96,575.6,0.2846,94.7,1024,576
sample_0061,ScienceDB,BCS_4.0,D:\cattle-health-monitoring-multi-task-model\datasets\bcs\sciencedb_bcs\dataset\4.0\GS_328_4.jpg,RT-DETR-L,6,8,detected,-0.32,-0.11,714.66,575.88,0.2713,94.7,1024,576
sample_0061,ScienceDB,BCS_4.0,D:\cattle-health-monitoring-multi-task-model\datasets\bcs\sciencedb_bcs\dataset\4.0\GS_328_4.jpg,RT-DETR-L,7,8,detected,680.03,0.09,1024.46,575.92,0.2584,94.7,1024,576
sample_0061,ScienceDB,BCS_4.0,D:\cattle-health-monitoring-multi-task-model\datasets\bcs\sciencedb_bcs\dataset\4.0\GS_328_4.jpg,RT-DETR-L,8,8,detected,0.02,0.18,1023.95,576.18,0.2554,94.7,1024,576
sample_0062,ScienceDB,BCS_4.0,D:\cattle-health-monitoring-multi-task-model\datasets\bcs\sciencedb_bcs\dataset\4.0\GS_540_2.jpg,YOLOv8s,0,0,no_detection,,,,,,23.35,1024,576
sample_0062,ScienceDB,BCS_4.0,D:\cattle-health-monitoring-multi-task-model\datasets\bcs\sciencedb_bcs\dataset\4.0\GS_540_2.jpg,FasterRCNN_v2,1,1,detected,113.6,7.22,865.02,572.17,0.7431,489.59,1024,576
sample_0062,ScienceDB,BCS_4.0,D:\cattle-health-monitoring-multi-task-model\datasets\bcs\sciencedb_bcs\dataset\4.0\GS_540_2.jpg,RT-DETR-L,1,1,detected,244.05,-0.16,838.61,575.83,0.2875,94.54,1024,576
sample_0063,ScienceDB,BCS_4.0,D:\cattle-health-monitoring-multi-task-model\datasets\bcs\sciencedb_bcs\dataset\4.0\YM_289_1.jpg,YOLOv8s,1,2,detected,370.22,1.14,770.86,571.64,0.941,23.86,1024,576
sample_0063,ScienceDB,BCS_4.0,D:\cattle-health-monitoring-multi-task-model\datasets\bcs\sciencedb_bcs\dataset\4.0\YM_289_1.jpg,YOLOv8s,2,2,detected,0.4,1.66,157.44,275.32,0.5258,23.86,1024,576
sample_0063,ScienceDB,BCS_4.0,D:\cattle-health-monitoring-multi-task-model\datasets\bcs\sciencedb_bcs\dataset\4.0\YM_289_1.jpg,FasterRCNN_v2,1,5,detected,369.53,45.24,779.57,570.04,0.9957,487.39,1024,576
sample_0063,ScienceDB,BCS_4.0,D:\cattle-health-monitoring-multi-task-model\datasets\bcs\sciencedb_bcs\dataset\4.0\YM_289_1.jpg,FasterRCNN_v2,2,5,detected,0.25,8.25,93.88,256.37,0.9532,487.39,1024,576
sample_0063,ScienceDB,BCS_4.0,D:\cattle-health-monitoring-multi-task-model\datasets\bcs\sciencedb_bcs\dataset\4.0\YM_289_1.jpg,FasterRCNN_v2,3,5,detected,0.43,26.71,52.34,233.36,0.2975,487.39,1024,576
sample_0063,ScienceDB,BCS_4.0,D:\cattle-health-monitoring-multi-task-model\datasets\bcs\sciencedb_bcs\dataset\4.0\YM_289_1.jpg,FasterRCNN_v2,4,5,detected,469.23,5.34,792.44,397.28,0.2872,487.39,1024,576
sample_0063,ScienceDB,BCS_4.0,D:\cattle-health-monitoring-multi-task-model\datasets\bcs\sciencedb_bcs\dataset\4.0\YM_289_1.jpg,FasterRCNN_v2,5,5,detected,490.32,0.0,742.58,130.83,0.2557,487.39,1024,576
sample_0063,ScienceDB,BCS_4.0,D:\cattle-health-monitoring-multi-task-model\datasets\bcs\sciencedb_bcs\dataset\4.0\YM_289_1.jpg,RT-DETR-L,1,14,detected,363.42,-0.3,769.81,573.61,0.9555,93.43,1024,576
sample_0063,ScienceDB,BCS_4.0,D:\cattle-health-monitoring-multi-task-model\datasets\bcs\sciencedb_bcs\dataset\4.0\YM_289_1.jpg,RT-DETR-L,2,14,detected,0.07,0.9,98.9,274.98,0.647,93.43,1024,576
sample_0063,ScienceDB,BCS_4.0,D:\cattle-health-monitoring-multi-task-model\datasets\bcs\sciencedb_bcs\dataset\4.0\YM_289_1.jpg,RT-DETR-L,3,14,detected,239.93,0.33,342.75,110.63,0.5545,93.43,1024,576
sample_0063,ScienceDB,BCS_4.0,D:\cattle-health-monitoring-multi-task-model\datasets\bcs\sciencedb_bcs\dataset\4.0\YM_289_1.jpg,RT-DETR-L,4,14,detected,670.23,394.22,870.89,575.48,0.541,93.43,1024,576
sample_0063,ScienceDB,BCS_4.0,D:\cattle-health-monitoring-multi-task-model\datasets\bcs\sciencedb_bcs\dataset\4.0\YM_289_1.jpg,RT-DETR-L,5,14,detected,86.6,0.24,143.32,62.32,0.3374,93.43,1024,576
sample_0063,ScienceDB,BCS_4.0,D:\cattle-health-monitoring-multi-task-model\datasets\bcs\sciencedb_bcs\dataset\4.0\YM_289_1.jpg,RT-DETR-L,6,14,detected,979.2,229.12,1024.01,344.84,0.3135,93.43,1024,576
sample_0063,ScienceDB,BCS_4.0,D:\cattle-health-monitoring-multi-task-model\datasets\bcs\sciencedb_bcs\dataset\4.0\YM_289_1.jpg,RT-DETR-L,7,14,detected,793.64,192.8,1023.56,573.4,0.3127,93.43,1024,576
sample_0063,ScienceDB,BCS_4.0,D:\cattle-health-monitoring-multi-task-model\datasets\bcs\sciencedb_bcs\dataset\4.0\YM_289_1.jpg,RT-DETR-L,8,14,detected,478.66,0.22,599.52,58.14,0.2801,93.43,1024,576
sample_0063,ScienceDB,BCS_4.0,D:\cattle-health-monitoring-multi-task-model\datasets\bcs\sciencedb_bcs\dataset\4.0\YM_289_1.jpg,RT-DETR-L,9,14,detected,29.92,-0.11,143.48,60.84,0.27,93.43,1024,576
sample_0063,ScienceDB,BCS_4.0,D:\cattle-health-monitoring-multi-task-model\datasets\bcs\sciencedb_bcs\dataset\4.0\YM_289_1.jpg,RT-DETR-L,10,14,detected,671.5,191.81,1023.78,574.99,0.2593,93.43,1024,576
sample_0063,ScienceDB,BCS_4.0,D:\cattle-health-monitoring-multi-task-model\datasets\bcs\sciencedb_bcs\dataset\4.0\YM_289_1.jpg,RT-DETR-L,11,14,detected,1000.89,313.63,1023.75,414.14,0.2557,93.43,1024,576
sample_0063,ScienceDB,BCS_4.0,D:\cattle-health-monitoring-multi-task-model\datasets\bcs\sciencedb_bcs\dataset\4.0\YM_289_1.jpg,RT-DETR-L,12,14,detected,87.94,0.42,174.0,61.11,0.2536,93.43,1024,576
sample_0063,ScienceDB,BCS_4.0,D:\cattle-health-monitoring-multi-task-model\datasets\bcs\sciencedb_bcs\dataset\4.0\YM_289_1.jpg,RT-DETR-L,13,14,detected,980.69,168.83,1024.56,342.97,0.2533,93.43,1024,576
sample_0063,ScienceDB,BCS_4.0,D:\cattle-health-monitoring-multi-task-model\datasets\bcs\sciencedb_bcs\dataset\4.0\YM_289_1.jpg,RT-DETR-L,14,14,detected,-0.65,0.75,147.81,235.53,0.2505,93.43,1024,576
sample_0064,ScienceDB,BCS_4.0,D:\cattle-health-monitoring-multi-task-model\datasets\bcs\sciencedb_bcs\dataset\4.0\YM_1459_2.jpg,YOLOv8s,1,4,detected,285.2,36.0,661.53,568.77,0.8403,24.33,1024,576
sample_0064,ScienceDB,BCS_4.0,D:\cattle-health-monitoring-multi-task-model\datasets\bcs\sciencedb_bcs\dataset\4.0\YM_1459_2.jpg,YOLOv8s,2,4,detected,843.45,2.09,1023.62,289.39,0.8345,24.33,1024,576
sample_0064,ScienceDB,BCS_4.0,D:\cattle-health-monitoring-multi-task-model\datasets\bcs\sciencedb_bcs\dataset\4.0\YM_1459_2.jpg,YOLOv8s,3,4,detected,761.92,17.01,936.83,251.8,0.4811,24.33,1024,576
sample_0064,ScienceDB,BCS_4.0,D:\cattle-health-monitoring-multi-task-model\datasets\bcs\sciencedb_bcs\dataset\4.0\YM_1459_2.jpg,YOLOv8s,4,4,detected,762.7,15.66,877.05,251.24,0.4713,24.33,1024,576
sample_0064,ScienceDB,BCS_4.0,D:\cattle-health-monitoring-multi-task-model\datasets\bcs\sciencedb_bcs\dataset\4.0\YM_1459_2.jpg,FasterRCNN_v2,1,11,detected,762.82,12.72,937.07,266.77,0.9978,487.74,1024,576
sample_0064,ScienceDB,BCS_4.0,D:\cattle-health-monitoring-multi-task-model\datasets\bcs\sciencedb_bcs\dataset\4.0\YM_1459_2.jpg,FasterRCNN_v2,2,11,detected,251.36,15.49,662.76,575.11,0.9957,487.74,1024,576
sample_0064,ScienceDB,BCS_4.0,D:\cattle-health-monitoring-multi-task-model\datasets\bcs\sciencedb_bcs\dataset\4.0\YM_1459_2.jpg,FasterRCNN_v2,3,11,detected,969.04,84.95,1023.83,285.31,0.979,487.74,1024,576
sample_0064,ScienceDB,BCS_4.0,D:\cattle-health-monitoring-multi-task-model\datasets\bcs\sciencedb_bcs\dataset\4.0\YM_1459_2.jpg,FasterRCNN_v2,4,11,detected,844.85,6.44,1024.0,285.69,0.967,487.74,1024,576
sample_0064,ScienceDB,BCS_4.0,D:\cattle-health-monitoring-multi-task-model\datasets\bcs\sciencedb_bcs\dataset\4.0\YM_1459_2.jpg,FasterRCNN_v2,5,11,detected,917.78,96.17,976.03,193.14,0.9485,487.74,1024,576
sample_0064,ScienceDB,BCS_4.0,D:\cattle-health-monitoring-multi-task-model\datasets\bcs\sciencedb_bcs\dataset\4.0\YM_1459_2.jpg,FasterRCNN_v2,6,11,detected,641.47,4.3,762.4,198.13,0.9244,487.74,1024,576
sample_0064,ScienceDB,BCS_4.0,D:\cattle-health-monitoring-multi-task-model\datasets\bcs\sciencedb_bcs\dataset\4.0\YM_1459_2.jpg,FasterRCNN_v2,7,11,detected,481.06,1.23,616.69,127.62,0.8116,487.74,1024,576
sample_0064,ScienceDB,BCS_4.0,D:\cattle-health-monitoring-multi-task-model\datasets\bcs\sciencedb_bcs\dataset\4.0\YM_1459_2.jpg,FasterRCNN_v2,8,11,detected,869.59,26.77,1014.9,185.57,0.5138,487.74,1024,576
sample_0064,ScienceDB,BCS_4.0,D:\cattle-health-monitoring-multi-task-model\datasets\bcs\sciencedb_bcs\dataset\4.0\YM_1459_2.jpg,FasterRCNN_v2,9,11,detected,969.06,83.73,1023.79,172.92,0.4246,487.74,1024,576
sample_0064,ScienceDB,BCS_4.0,D:\cattle-health-monitoring-multi-task-model\datasets\bcs\sciencedb_bcs\dataset\4.0\YM_1459_2.jpg,FasterRCNN_v2,10,11,detected,887.88,68.17,984.51,194.44,0.3475,487.74,1024,576
sample_0064,ScienceDB,BCS_4.0,D:\cattle-health-monitoring-multi-task-model\datasets\bcs\sciencedb_bcs\dataset\4.0\YM_1459_2.jpg,FasterRCNN_v2,11,11,detected,925.35,92.73,1006.73,214.33,0.2503,487.74,1024,576
sample_0064,ScienceDB,BCS_4.0,D:\cattle-health-monitoring-multi-task-model\datasets\bcs\sciencedb_bcs\dataset\4.0\YM_1459_2.jpg,RT-DETR-L,1,9,detected,291.87,60.13,661.23,572.6,0.9551,92.69,1024,576
sample_0064,ScienceDB,BCS_4.0,D:\cattle-health-monitoring-multi-task-model\datasets\bcs\sciencedb_bcs\dataset\4.0\YM_1459_2.jpg,RT-DETR-L,2,9,detected,762.4,17.09,943.53,255.18,0.8836,92.69,1024,576
sample_0064,ScienceDB,BCS_4.0,D:\cattle-health-monitoring-multi-task-model\datasets\bcs\sciencedb_bcs\dataset\4.0\YM_1459_2.jpg,RT-DETR-L,3,9,detected,897.57,27.67,1023.68,293.52,0.7791,92.69,1024,576
sample_0064,ScienceDB,BCS_4.0,D:\cattle-health-monitoring-multi-task-model\datasets\bcs\sciencedb_bcs\dataset\4.0\YM_1459_2.jpg,RT-DETR-L,4,9,detected,481.52,0.44,613.77,126.22,0.7466,92.69,1024,576
sample_0064,ScienceDB,BCS_4.0,D:\cattle-health-monitoring-multi-task-model\datasets\bcs\sciencedb_bcs\dataset\4.0\YM_1459_2.jpg,RT-DETR-L,5,9,detected,650.2,0.8,747.36,185.31,0.6754,92.69,1024,576
sample_0064,ScienceDB,BCS_4.0,D:\cattle-health-monitoring-multi-task-model\datasets\bcs\sciencedb_bcs\dataset\4.0\YM_1459_2.jpg,RT-DETR-L,6,9,detected,922.64,94.26,973.85,193.34,0.3176,92.69,1024,576
sample_0064,ScienceDB,BCS_4.0,D:\cattle-health-monitoring-multi-task-model\datasets\bcs\sciencedb_bcs\dataset\4.0\YM_1459_2.jpg,RT-DETR-L,7,9,detected,843.79,4.65,923.27,86.02,0.3064,92.69,1024,576
sample_0064,ScienceDB,BCS_4.0,D:\cattle-health-monitoring-multi-task-model\datasets\bcs\sciencedb_bcs\dataset\4.0\YM_1459_2.jpg,RT-DETR-L,8,9,detected,843.46,4.58,977.98,195.25,0.2902,92.69,1024,576
sample_0064,ScienceDB,BCS_4.0,D:\cattle-health-monitoring-multi-task-model\datasets\bcs\sciencedb_bcs\dataset\4.0\YM_1459_2.jpg,RT-DETR-L,9,9,detected,265.6,9.37,330.52,81.68,0.2612,92.69,1024,576
sample_0065,ScienceDB,BCS_4.0,D:\cattle-health-monitoring-multi-task-model\datasets\bcs\sciencedb_bcs\dataset\4.0\YM_1981_1.jpg,YOLOv8s,1,1,detected,228.33,0.73,637.69,569.63,0.9048,23.88,1024,576
sample_0065,ScienceDB,BCS_4.0,D:\cattle-health-monitoring-multi-task-model\datasets\bcs\sciencedb_bcs\dataset\4.0\YM_1981_1.jpg,FasterRCNN_v2,1,2,detected,226.68,20.96,635.85,574.88,0.9997,490.15,1024,576
sample_0065,ScienceDB,BCS_4.0,D:\cattle-health-monitoring-multi-task-model\datasets\bcs\sciencedb_bcs\dataset\4.0\YM_1981_1.jpg,FasterRCNN_v2,2,2,detected,508.25,0.19,636.93,139.15,0.8542,490.15,1024,576
sample_0065,ScienceDB,BCS_4.0,D:\cattle-health-monitoring-multi-task-model\datasets\bcs\sciencedb_bcs\dataset\4.0\YM_1981_1.jpg,RT-DETR-L,1,10,detected,234.1,0.89,639.23,571.0,0.9565,92.85,1024,576
sample_0065,ScienceDB,BCS_4.0,D:\cattle-health-monitoring-multi-task-model\datasets\bcs\sciencedb_bcs\dataset\4.0\YM_1981_1.jpg,RT-DETR-L,2,10,detected,503.89,-0.26,639.63,143.11,0.5866,92.85,1024,576
sample_0065,ScienceDB,BCS_4.0,D:\cattle-health-monitoring-multi-task-model\datasets\bcs\sciencedb_bcs\dataset\4.0\YM_1981_1.jpg,RT-DETR-L,3,10,detected,0.08,409.21,71.24,558.31,0.5169,92.85,1024,576
sample_0065,ScienceDB,BCS_4.0,D:\cattle-health-monitoring-multi-task-model\datasets\bcs\sciencedb_bcs\dataset\4.0\YM_1981_1.jpg,RT-DETR-L,4,10,detected,4.65,305.7,150.44,497.97,0.4676,92.85,1024,576
sample_0065,ScienceDB,BCS_4.0,D:\cattle-health-monitoring-multi-task-model\datasets\bcs\sciencedb_bcs\dataset\4.0\YM_1981_1.jpg,RT-DETR-L,5,10,detected,355.05,25.11,422.97,172.6,0.4372,92.85,1024,576
sample_0065,ScienceDB,BCS_4.0,D:\cattle-health-monitoring-multi-task-model\datasets\bcs\sciencedb_bcs\dataset\4.0\YM_1981_1.jpg,RT-DETR-L,6,10,detected,333.35,114.03,378.06,213.68,0.3821,92.85,1024,576
sample_0065,ScienceDB,BCS_4.0,D:\cattle-health-monitoring-multi-task-model\datasets\bcs\sciencedb_bcs\dataset\4.0\YM_1981_1.jpg,RT-DETR-L,7,10,detected,274.81,112.68,375.84,219.11,0.3447,92.85,1024,576
sample_0065,ScienceDB,BCS_4.0,D:\cattle-health-monitoring-multi-task-model\datasets\bcs\sciencedb_bcs\dataset\4.0\YM_1981_1.jpg,RT-DETR-L,8,10,detected,0.23,214.23,28.1,332.04,0.3049,92.85,1024,576
sample_0065,ScienceDB,BCS_4.0,D:\cattle-health-monitoring-multi-task-model\datasets\bcs\sciencedb_bcs\dataset\4.0\YM_1981_1.jpg,RT-DETR-L,9,10,detected,274.31,141.77,353.58,217.71,0.2771,92.85,1024,576
sample_0065,ScienceDB,BCS_4.0,D:\cattle-health-monitoring-multi-task-model\datasets\bcs\sciencedb_bcs\dataset\4.0\YM_1981_1.jpg,RT-DETR-L,10,10,detected,648.73,1.59,891.35,196.34,0.269,92.85,1024,576
sample_0066,ScienceDB,BCS_4.0,D:\cattle-health-monitoring-multi-task-model\datasets\bcs\sciencedb_bcs\dataset\4.0\GS_853_2.jpg,YOLOv8s,1,1,detected,199.75,42.88,799.42,569.64,0.2565,23.39,1024,576
sample_0066,ScienceDB,BCS_4.0,D:\cattle-health-monitoring-multi-task-model\datasets\bcs\sciencedb_bcs\dataset\4.0\GS_853_2.jpg,FasterRCNN_v2,1,3,detected,161.2,42.18,808.16,576.0,0.9659,488.86,1024,576
sample_0066,ScienceDB,BCS_4.0,D:\cattle-health-monitoring-multi-task-model\datasets\bcs\sciencedb_bcs\dataset\4.0\GS_853_2.jpg,FasterRCNN_v2,2,3,detected,9.75,4.73,380.43,576.0,0.4744,488.86,1024,576
sample_0066,ScienceDB,BCS_4.0,D:\cattle-health-monitoring-multi-task-model\datasets\bcs\sciencedb_bcs\dataset\4.0\GS_853_2.jpg,FasterRCNN_v2,3,3,detected,626.53,2.07,1013.45,574.79,0.4117,488.86,1024,576
sample_0066,ScienceDB,BCS_4.0,D:\cattle-health-monitoring-multi-task-model\datasets\bcs\sciencedb_bcs\dataset\4.0\GS_853_2.jpg,RT-DETR-L,1,3,detected,173.93,41.09,805.57,575.85,0.945,94.53,1024,576
sample_0066,ScienceDB,BCS_4.0,D:\cattle-health-monitoring-multi-task-model\datasets\bcs\sciencedb_bcs\dataset\4.0\GS_853_2.jpg,RT-DETR-L,2,3,detected,0.6,3.61,263.2,578.53,0.2924,94.53,1024,576
sample_0066,ScienceDB,BCS_4.0,D:\cattle-health-monitoring-multi-task-model\datasets\bcs\sciencedb_bcs\dataset\4.0\GS_853_2.jpg,RT-DETR-L,3,3,detected,-0.26,0.52,1023.73,576.51,0.2525,94.53,1024,576
sample_0067,ScienceDB,BCS_4.0,D:\cattle-health-monitoring-multi-task-model\datasets\bcs\sciencedb_bcs\dataset\4.0\YM_1356_1.jpg,YOLOv8s,1,2,detected,357.28,16.05,732.62,569.36,0.8971,23.53,1024,576
sample_0067,ScienceDB,BCS_4.0,D:\cattle-health-monitoring-multi-task-model\datasets\bcs\sciencedb_bcs\dataset\4.0\YM_1356_1.jpg,YOLOv8s,2,2,detected,450.85,1.46,655.17,203.09,0.5396,23.53,1024,576
sample_0067,ScienceDB,BCS_4.0,D:\cattle-health-monitoring-multi-task-model\datasets\bcs\sciencedb_bcs\dataset\4.0\YM_1356_1.jpg,FasterRCNN_v2,1,6,detected,333.39,49.97,731.95,569.67,0.9958,489.82,1024,576
sample_0067,ScienceDB,BCS_4.0,D:\cattle-health-monitoring-multi-task-model\datasets\bcs\sciencedb_bcs\dataset\4.0\YM_1356_1.jpg,FasterRCNN_v2,2,6,detected,449.45,0.0,639.5,213.13,0.9665,489.82,1024,576
sample_0067,ScienceDB,BCS_4.0,D:\cattle-health-monitoring-multi-task-model\datasets\bcs\sciencedb_bcs\dataset\4.0\YM_1356_1.jpg,FasterRCNN_v2,3,6,detected,834.15,3.57,890.73,84.93,0.9231,489.82,1024,576
sample_0067,ScienceDB,BCS_4.0,D:\cattle-health-monitoring-multi-task-model\datasets\bcs\sciencedb_bcs\dataset\4.0\YM_1356_1.jpg,FasterRCNN_v2,4,6,detected,536.58,0.34,652.2,210.02,0.6469,489.82,1024,576
sample_0067,ScienceDB,BCS_4.0,D:\cattle-health-monitoring-multi-task-model\datasets\bcs\sciencedb_bcs\dataset\4.0\YM_1356_1.jpg,FasterRCNN_v2,5,6,detected,783.1,0.0,814.46,62.03,0.5959,489.82,1024,576
sample_0067,ScienceDB,BCS_4.0,D:\cattle-health-monitoring-multi-task-model\datasets\bcs\sciencedb_bcs\dataset\4.0\YM_1356_1.jpg,FasterRCNN_v2,6,6,detected,402.57,11.57,708.3,299.23,0.4072,489.82,1024,576
sample_0067,ScienceDB,BCS_4.0,D:\cattle-health-monitoring-multi-task-model\datasets\bcs\sciencedb_bcs\dataset\4.0\YM_1356_1.jpg,RT-DETR-L,1,10,detected,357.96,17.89,731.61,570.74,0.9375,92.54,1024,576
sample_0067,ScienceDB,BCS_4.0,D:\cattle-health-monitoring-multi-task-model\datasets\bcs\sciencedb_bcs\dataset\4.0\YM_1356_1.jpg,RT-DETR-L,2,10,detected,449.98,-0.61,632.9,200.65,0.8372,92.54,1024,576
sample_0067,ScienceDB,BCS_4.0,D:\cattle-health-monitoring-multi-task-model\datasets\bcs\sciencedb_bcs\dataset\4.0\YM_1356_1.jpg,RT-DETR-L,3,10,detected,534.06,0.0,643.85,204.85,0.463,92.54,1024,576
sample_0067,ScienceDB,BCS_4.0,D:\cattle-health-monitoring-multi-task-model\datasets\bcs\sciencedb_bcs\dataset\4.0\YM_1356_1.jpg,RT-DETR-L,4,10,detected,785.45,0.15,819.34,65.36,0.4554,92.54,1024,576
sample_0067,ScienceDB,BCS_4.0,D:\cattle-health-monitoring-multi-task-model\datasets\bcs\sciencedb_bcs\dataset\4.0\YM_1356_1.jpg,RT-DETR-L,5,10,detected,836.43,0.79,896.58,110.29,0.4056,92.54,1024,576
sample_0067,ScienceDB,BCS_4.0,D:\cattle-health-monitoring-multi-task-model\datasets\bcs\sciencedb_bcs\dataset\4.0\YM_1356_1.jpg,RT-DETR-L,6,10,detected,924.62,318.38,1023.83,561.75,0.3622,92.54,1024,576
sample_0067,ScienceDB,BCS_4.0,D:\cattle-health-monitoring-multi-task-model\datasets\bcs\sciencedb_bcs\dataset\4.0\YM_1356_1.jpg,RT-DETR-L,7,10,detected,846.38,1.27,897.3,80.51,0.3341,92.54,1024,576
sample_0067,ScienceDB,BCS_4.0,D:\cattle-health-monitoring-multi-task-model\datasets\bcs\sciencedb_bcs\dataset\4.0\YM_1356_1.jpg,RT-DETR-L,8,10,detected,834.42,0.74,886.97,110.34,0.2818,92.54,1024,576
sample_0067,ScienceDB,BCS_4.0,D:\cattle-health-monitoring-multi-task-model\datasets\bcs\sciencedb_bcs\dataset\4.0\YM_1356_1.jpg,RT-DETR-L,9,10,detected,397.05,-0.27,491.99,110.64,0.2768,92.54,1024,576
sample_0067,ScienceDB,BCS_4.0,D:\cattle-health-monitoring-multi-task-model\datasets\bcs\sciencedb_bcs\dataset\4.0\YM_1356_1.jpg,RT-DETR-L,10,10,detected,537.86,-0.1,642.54,53.68,0.2517,92.54,1024,576
sample_0068,ScienceDB,BCS_4.0,D:\cattle-health-monitoring-multi-task-model\datasets\bcs\sciencedb_bcs\dataset\4.0\GS_3041_4.jpg,YOLOv8s,0,0,no_detection,,,,,,22.25,1024,576
sample_0068,ScienceDB,BCS_4.0,D:\cattle-health-monitoring-multi-task-model\datasets\bcs\sciencedb_bcs\dataset\4.0\GS_3041_4.jpg,FasterRCNN_v2,1,2,detected,207.84,11.62,841.01,569.39,0.8714,491.64,1024,576
sample_0068,ScienceDB,BCS_4.0,D:\cattle-health-monitoring-multi-task-model\datasets\bcs\sciencedb_bcs\dataset\4.0\GS_3041_4.jpg,FasterRCNN_v2,2,2,detected,5.61,4.12,343.03,575.85,0.4541,491.64,1024,576
sample_0068,ScienceDB,BCS_4.0,D:\cattle-health-monitoring-multi-task-model\datasets\bcs\sciencedb_bcs\dataset\4.0\GS_3041_4.jpg,RT-DETR-L,1,1,detected,203.8,0.25,800.04,576.24,0.8754,94.63,1024,576
sample_0069,ScienceDB,BCS_4.0,D:\cattle-health-monitoring-multi-task-model\datasets\bcs\sciencedb_bcs\dataset\4.0\GS_2821_2.jpg,YOLOv8s,0,0,no_detection,,,,,,27.46,1024,576
sample_0069,ScienceDB,BCS_4.0,D:\cattle-health-monitoring-multi-task-model\datasets\bcs\sciencedb_bcs\dataset\4.0\GS_2821_2.jpg,FasterRCNN_v2,1,5,detected,375.07,11.32,1016.83,568.41,0.9664,490.83,1024,576
sample_0069,ScienceDB,BCS_4.0,D:\cattle-health-monitoring-multi-task-model\datasets\bcs\sciencedb_bcs\dataset\4.0\GS_2821_2.jpg,FasterRCNN_v2,2,5,detected,83.27,0.0,686.93,576.0,0.9559,490.83,1024,576
sample_0069,ScienceDB,BCS_4.0,D:\cattle-health-monitoring-multi-task-model\datasets\bcs\sciencedb_bcs\dataset\4.0\GS_2821_2.jpg,FasterRCNN_v2,3,5,detected,575.52,184.18,1015.75,562.12,0.8573,490.83,1024,576
sample_0069,ScienceDB,BCS_4.0,D:\cattle-health-monitoring-multi-task-model\datasets\bcs\sciencedb_bcs\dataset\4.0\GS_2821_2.jpg,FasterRCNN_v2,4,5,detected,531.79,306.49,785.29,574.4,0.5794,490.83,1024,576
sample_0069,ScienceDB,BCS_4.0,D:\cattle-health-monitoring-multi-task-model\datasets\bcs\sciencedb_bcs\dataset\4.0\GS_2821_2.jpg,FasterRCNN_v2,5,5,detected,647.94,30.16,1024.0,420.99,0.3234,490.83,1024,576
sample_0069,ScienceDB,BCS_4.0,D:\cattle-health-monitoring-multi-task-model\datasets\bcs\sciencedb_bcs\dataset\4.0\GS_2821_2.jpg,RT-DETR-L,1,6,detected,69.1,-0.03,667.41,575.96,0.5634,95.2,1024,576
sample_0069,ScienceDB,BCS_4.0,D:\cattle-health-monitoring-multi-task-model\datasets\bcs\sciencedb_bcs\dataset\4.0\GS_2821_2.jpg,RT-DETR-L,2,6,detected,572.62,112.81,1024.13,575.74,0.4799,95.2,1024,576
sample_0069,ScienceDB,BCS_4.0,D:\cattle-health-monitoring-multi-task-model\datasets\bcs\sciencedb_bcs\dataset\4.0\GS_2821_2.jpg,RT-DETR-L,3,6,detected,569.17,-0.6,1024.01,575.4,0.3178,95.2,1024,576
sample_0069,ScienceDB,BCS_4.0,D:\cattle-health-monitoring-multi-task-model\datasets\bcs\sciencedb_bcs\dataset\4.0\GS_2821_2.jpg,RT-DETR-L,4,6,detected,-0.11,0.66,275.74,576.66,0.3031,95.2,1024,576
sample_0069,ScienceDB,BCS_4.0,D:\cattle-health-monitoring-multi-task-model\datasets\bcs\sciencedb_bcs\dataset\4.0\GS_2821_2.jpg,RT-DETR-L,5,6,detected,68.91,-0.21,1023.37,575.74,0.2951,95.2,1024,576
sample_0069,ScienceDB,BCS_4.0,D:\cattle-health-monitoring-multi-task-model\datasets\bcs\sciencedb_bcs\dataset\4.0\GS_2821_2.jpg,RT-DETR-L,6,6,detected,691.83,0.43,1023.86,576.42,0.2518,95.2,1024,576
sample_0070,ScienceDB,BCS_4.0,D:\cattle-health-monitoring-multi-task-model\datasets\bcs\sciencedb_bcs\dataset\4.0\R-i7065.jpg,YOLOv8s,1,1,detected,17.91,2.1,853.01,571.61,0.6047,23.64,1024,576
sample_0070,ScienceDB,BCS_4.0,D:\cattle-health-monitoring-multi-task-model\datasets\bcs\sciencedb_bcs\dataset\4.0\R-i7065.jpg,FasterRCNN_v2,1,3,detected,63.43,7.28,823.05,573.96,0.9671,490.69,1024,576
sample_0070,ScienceDB,BCS_4.0,D:\cattle-health-monitoring-multi-task-model\datasets\bcs\sciencedb_bcs\dataset\4.0\R-i7065.jpg,FasterRCNN_v2,2,3,detected,494.92,323.34,882.98,570.56,0.5033,490.69,1024,576
sample_0070,ScienceDB,BCS_4.0,D:\cattle-health-monitoring-multi-task-model\datasets\bcs\sciencedb_bcs\dataset\4.0\R-i7065.jpg,FasterRCNN_v2,3,3,detected,414.84,2.91,1010.58,576.0,0.3215,490.69,1024,576
sample_0070,ScienceDB,BCS_4.0,D:\cattle-health-monitoring-multi-task-model\datasets\bcs\sciencedb_bcs\dataset\4.0\R-i7065.jpg,RT-DETR-L,1,3,detected,39.8,0.04,839.42,575.91,0.9494,94.53,1024,576
sample_0070,ScienceDB,BCS_4.0,D:\cattle-health-monitoring-multi-task-model\datasets\bcs\sciencedb_bcs\dataset\4.0\R-i7065.jpg,RT-DETR-L,2,3,detected,481.6,330.47,868.46,575.35,0.7197,94.53,1024,576
sample_0070,ScienceDB,BCS_4.0,D:\cattle-health-monitoring-multi-task-model\datasets\bcs\sciencedb_bcs\dataset\4.0\R-i7065.jpg,RT-DETR-L,3,3,detected,-0.61,0.87,128.82,260.43,0.3773,94.53,1024,576
sample_0071,ScienceDB,BCS_4.0,D:\cattle-health-monitoring-multi-task-model\datasets\bcs\sciencedb_bcs\dataset\4.0\GS_1212_8.jpg,YOLOv8s,0,0,no_detection,,,,,,22.85,1024,576
sample_0071,ScienceDB,BCS_4.0,D:\cattle-health-monitoring-multi-task-model\datasets\bcs\sciencedb_bcs\dataset\4.0\GS_1212_8.jpg,FasterRCNN_v2,1,2,detected,94.01,0.0,730.07,575.98,0.9498,493.5,1024,576
sample_0071,ScienceDB,BCS_4.0,D:\cattle-health-monitoring-multi-task-model\datasets\bcs\sciencedb_bcs\dataset\4.0\GS_1212_8.jpg,FasterRCNN_v2,2,2,detected,649.47,0.0,1024.0,576.0,0.3729,493.5,1024,576
sample_0071,ScienceDB,BCS_4.0,D:\cattle-health-monitoring-multi-task-model\datasets\bcs\sciencedb_bcs\dataset\4.0\GS_1212_8.jpg,RT-DETR-L,1,7,detected,126.03,4.76,717.25,574.69,0.7904,95.05,1024,576
sample_0071,ScienceDB,BCS_4.0,D:\cattle-health-monitoring-multi-task-model\datasets\bcs\sciencedb_bcs\dataset\4.0\GS_1212_8.jpg,RT-DETR-L,2,7,detected,672.51,-0.15,1024.14,575.85,0.6024,95.05,1024,576
sample_0071,ScienceDB,BCS_4.0,D:\cattle-health-monitoring-multi-task-model\datasets\bcs\sciencedb_bcs\dataset\4.0\GS_1212_8.jpg,RT-DETR-L,3,7,detected,0.13,0.3,1024.12,576.3,0.3475,95.05,1024,576
sample_0071,ScienceDB,BCS_4.0,D:\cattle-health-monitoring-multi-task-model\datasets\bcs\sciencedb_bcs\dataset\4.0\GS_1212_8.jpg,RT-DETR-L,4,7,detected,122.53,-0.08,1023.92,575.91,0.3419,95.05,1024,576
sample_0071,ScienceDB,BCS_4.0,D:\cattle-health-monitoring-multi-task-model\datasets\bcs\sciencedb_bcs\dataset\4.0\GS_1212_8.jpg,RT-DETR-L,5,7,detected,-0.2,0.06,332.78,576.05,0.3323,95.05,1024,576
sample_0071,ScienceDB,BCS_4.0,D:\cattle-health-monitoring-multi-task-model\datasets\bcs\sciencedb_bcs\dataset\4.0\GS_1212_8.jpg,RT-DETR-L,6,7,detected,-0.08,0.49,170.26,576.48,0.2685,95.05,1024,576
sample_0071,ScienceDB,BCS_4.0,D:\cattle-health-monitoring-multi-task-model\datasets\bcs\sciencedb_bcs\dataset\4.0\GS_1212_8.jpg,RT-DETR-L,7,7,detected,-0.11,0.33,383.75,576.31,0.2668,95.05,1024,576
sample_0072,ScienceDB,BCS_4.0,D:\cattle-health-monitoring-multi-task-model\datasets\bcs\sciencedb_bcs\dataset\4.0\GS_576_1.jpg,YOLOv8s,0,0,no_detection,,,,,,22.67,1024,576
sample_0072,ScienceDB,BCS_4.0,D:\cattle-health-monitoring-multi-task-model\datasets\bcs\sciencedb_bcs\dataset\4.0\GS_576_1.jpg,FasterRCNN_v2,1,2,detected,57.31,6.12,685.27,573.22,0.8776,491.38,1024,576
sample_0072,ScienceDB,BCS_4.0,D:\cattle-health-monitoring-multi-task-model\datasets\bcs\sciencedb_bcs\dataset\4.0\GS_576_1.jpg,FasterRCNN_v2,2,2,detected,582.26,0.97,1024.0,570.34,0.6803,491.38,1024,576
sample_0072,ScienceDB,BCS_4.0,D:\cattle-health-monitoring-multi-task-model\datasets\bcs\sciencedb_bcs\dataset\4.0\GS_576_1.jpg,RT-DETR-L,1,1,detected,64.31,-0.18,674.59,575.81,0.3546,94.67,1024,576
sample_0073,ScienceDB,BCS_4.0,D:\cattle-health-monitoring-multi-task-model\datasets\bcs\sciencedb_bcs\dataset\4.0\YM_1092_8.jpg,YOLOv8s,1,4,detected,0.12,2.63,92.54,172.08,0.4913,24.81,1024,576
sample_0073,ScienceDB,BCS_4.0,D:\cattle-health-monitoring-multi-task-model\datasets\bcs\sciencedb_bcs\dataset\4.0\YM_1092_8.jpg,YOLOv8s,2,4,detected,0.01,47.83,161.53,257.83,0.4422,24.81,1024,576
sample_0073,ScienceDB,BCS_4.0,D:\cattle-health-monitoring-multi-task-model\datasets\bcs\sciencedb_bcs\dataset\4.0\YM_1092_8.jpg,YOLOv8s,3,4,detected,557.97,1.47,886.8,459.98,0.3929,24.81,1024,576
sample_0073,ScienceDB,BCS_4.0,D:\cattle-health-monitoring-multi-task-model\datasets\bcs\sciencedb_bcs\dataset\4.0\YM_1092_8.jpg,YOLOv8s,4,4,detected,0.09,48.7,162.33,361.05,0.3654,24.81,1024,576
sample_0073,ScienceDB,BCS_4.0,D:\cattle-health-monitoring-multi-task-model\datasets\bcs\sciencedb_bcs\dataset\4.0\YM_1092_8.jpg,FasterRCNN_v2,1,6,detected,545.04,0.0,914.74,442.89,0.9839,490.0,1024,576
sample_0073,ScienceDB,BCS_4.0,D:\cattle-health-monitoring-multi-task-model\datasets\bcs\sciencedb_bcs\dataset\4.0\YM_1092_8.jpg,FasterRCNN_v2,2,6,detected,1.44,10.23,167.77,290.41,0.9182,490.0,1024,576
sample_0073,ScienceDB,BCS_4.0,D:\cattle-health-monitoring-multi-task-model\datasets\bcs\sciencedb_bcs\dataset\4.0\YM_1092_8.jpg,FasterRCNN_v2,3,6,detected,410.97,191.47,950.63,552.26,0.8425,490.0,1024,576
sample_0073,ScienceDB,BCS_4.0,D:\cattle-health-monitoring-multi-task-model\datasets\bcs\sciencedb_bcs\dataset\4.0\YM_1092_8.jpg,FasterRCNN_v2,4,6,detected,115.82,0.37,176.53,114.23,0.8104,490.0,1024,576
sample_0073,ScienceDB,BCS_4.0,D:\cattle-health-monitoring-multi-task-model\datasets\bcs\sciencedb_bcs\dataset\4.0\YM_1092_8.jpg,FasterRCNN_v2,5,6,detected,29.67,4.75,175.12,150.73,0.6993,490.0,1024,576
sample_0073,ScienceDB,BCS_4.0,D:\cattle-health-monitoring-multi-task-model\datasets\bcs\sciencedb_bcs\dataset\4.0\YM_1092_8.jpg,FasterRCNN_v2,6,6,detected,1.23,5.18,113.34,176.59,0.4746,490.0,1024,576
sample_0073,ScienceDB,BCS_4.0,D:\cattle-health-monitoring-multi-task-model\datasets\bcs\sciencedb_bcs\dataset\4.0\YM_1092_8.jpg,RT-DETR-L,1,5,detected,402.62,269.71,947.9,572.1,0.9479,94.22,1024,576
sample_0073,ScienceDB,BCS_4.0,D:\cattle-health-monitoring-multi-task-model\datasets\bcs\sciencedb_bcs\dataset\4.0\YM_1092_8.jpg,RT-DETR-L,2,5,detected,558.71,1.04,861.42,468.06,0.9461,94.22,1024,576
sample_0073,ScienceDB,BCS_4.0,D:\cattle-health-monitoring-multi-task-model\datasets\bcs\sciencedb_bcs\dataset\4.0\YM_1092_8.jpg,RT-DETR-L,3,5,detected,0.05,-0.12,169.33,245.56,0.7866,94.22,1024,576
sample_0073,ScienceDB,BCS_4.0,D:\cattle-health-monitoring-multi-task-model\datasets\bcs\sciencedb_bcs\dataset\4.0\YM_1092_8.jpg,RT-DETR-L,4,5,detected,120.27,0.11,181.43,114.8,0.4876,94.22,1024,576
sample_0073,ScienceDB,BCS_4.0,D:\cattle-health-monitoring-multi-task-model\datasets\bcs\sciencedb_bcs\dataset\4.0\YM_1092_8.jpg,RT-DETR-L,5,5,detected,-0.05,-0.12,181.4,115.73,0.2554,94.22,1024,576
sample_0074,ScienceDB,BCS_4.0,D:\cattle-health-monitoring-multi-task-model\datasets\bcs\sciencedb_bcs\dataset\4.0\YM_206_8.jpg,YOLOv8s,1,1,detected,249.46,0.83,1023.29,566.04,0.554,23.12,1024,576
sample_0074,ScienceDB,BCS_4.0,D:\cattle-health-monitoring-multi-task-model\datasets\bcs\sciencedb_bcs\dataset\4.0\YM_206_8.jpg,FasterRCNN_v2,1,3,detected,206.64,0.0,741.4,567.2,0.9974,488.91,1024,576
sample_0074,ScienceDB,BCS_4.0,D:\cattle-health-monitoring-multi-task-model\datasets\bcs\sciencedb_bcs\dataset\4.0\YM_206_8.jpg,FasterRCNN_v2,2,3,detected,469.95,139.72,1024.0,567.01,0.9756,488.91,1024,576
sample_0074,ScienceDB,BCS_4.0,D:\cattle-health-monitoring-multi-task-model\datasets\bcs\sciencedb_bcs\dataset\4.0\YM_206_8.jpg,FasterRCNN_v2,3,3,detected,342.86,0.08,752.27,317.88,0.2876,488.91,1024,576
sample_0074,ScienceDB,BCS_4.0,D:\cattle-health-monitoring-multi-task-model\datasets\bcs\sciencedb_bcs\dataset\4.0\YM_206_8.jpg,RT-DETR-L,1,10,detected,295.46,-1.13,752.25,573.55,0.4167,93.95,1024,576
sample_0074,ScienceDB,BCS_4.0,D:\cattle-health-monitoring-multi-task-model\datasets\bcs\sciencedb_bcs\dataset\4.0\YM_206_8.jpg,RT-DETR-L,2,10,detected,295.25,-0.25,896.95,570.51,0.3973,93.95,1024,576
sample_0074,ScienceDB,BCS_4.0,D:\cattle-health-monitoring-multi-task-model\datasets\bcs\sciencedb_bcs\dataset\4.0\YM_206_8.jpg,RT-DETR-L,3,10,detected,468.03,150.37,903.55,570.58,0.3447,93.95,1024,576
sample_0074,ScienceDB,BCS_4.0,D:\cattle-health-monitoring-multi-task-model\datasets\bcs\sciencedb_bcs\dataset\4.0\YM_206_8.jpg,RT-DETR-L,4,10,detected,294.42,-1.69,750.36,438.05,0.3101,93.95,1024,576
sample_0074,ScienceDB,BCS_4.0,D:\cattle-health-monitoring-multi-task-model\datasets\bcs\sciencedb_bcs\dataset\4.0\YM_206_8.jpg,RT-DETR-L,5,10,detected,296.55,-1.42,1021.46,574.56,0.3031,93.95,1024,576
sample_0074,ScienceDB,BCS_4.0,D:\cattle-health-monitoring-multi-task-model\datasets\bcs\sciencedb_bcs\dataset\4.0\YM_206_8.jpg,RT-DETR-L,6,10,detected,296.11,-0.19,750.28,369.53,0.3005,93.95,1024,576
sample_0074,ScienceDB,BCS_4.0,D:\cattle-health-monitoring-multi-task-model\datasets\bcs\sciencedb_bcs\dataset\4.0\YM_206_8.jpg,RT-DETR-L,7,10,detected,465.25,155.23,1022.75,572.11,0.2925,93.95,1024,576
sample_0074,ScienceDB,BCS_4.0,D:\cattle-health-monitoring-multi-task-model\datasets\bcs\sciencedb_bcs\dataset\4.0\YM_206_8.jpg,RT-DETR-L,8,10,detected,375.0,150.42,903.06,570.61,0.2712,93.95,1024,576
sample_0074,ScienceDB,BCS_4.0,D:\cattle-health-monitoring-multi-task-model\datasets\bcs\sciencedb_bcs\dataset\4.0\YM_206_8.jpg,RT-DETR-L,9,10,detected,786.17,192.16,926.71,352.32,0.2712,93.95,1024,576
sample_0074,ScienceDB,BCS_4.0,D:\cattle-health-monitoring-multi-task-model\datasets\bcs\sciencedb_bcs\dataset\4.0\YM_206_8.jpg,RT-DETR-L,10,10,detected,297.05,0.45,749.85,315.32,0.2592,93.95,1024,576
sample_0075,ScienceDB,BCS_4.0,D:\cattle-health-monitoring-multi-task-model\datasets\bcs\sciencedb_bcs\dataset\4.0\GS_3317_2.jpg,YOLOv8s,0,0,no_detection,,,,,,25.78,1024,576
sample_0075,ScienceDB,BCS_4.0,D:\cattle-health-monitoring-multi-task-model\datasets\bcs\sciencedb_bcs\dataset\4.0\GS_3317_2.jpg,FasterRCNN_v2,1,1,detected,102.91,6.41,885.41,568.39,0.8864,490.79,1024,576
sample_0075,ScienceDB,BCS_4.0,D:\cattle-health-monitoring-multi-task-model\datasets\bcs\sciencedb_bcs\dataset\4.0\GS_3317_2.jpg,RT-DETR-L,1,4,detected,151.59,-0.0,918.74,575.99,0.489,94.57,1024,576
sample_0075,ScienceDB,BCS_4.0,D:\cattle-health-monitoring-multi-task-model\datasets\bcs\sciencedb_bcs\dataset\4.0\GS_3317_2.jpg,RT-DETR-L,2,4,detected,0.76,-0.36,928.19,575.64,0.3154,94.57,1024,576
sample_0075,ScienceDB,BCS_4.0,D:\cattle-health-monitoring-multi-task-model\datasets\bcs\sciencedb_bcs\dataset\4.0\GS_3317_2.jpg,RT-DETR-L,3,4,detected,0.36,0.0,1024.35,575.99,0.3058,94.57,1024,576
sample_0075,ScienceDB,BCS_4.0,D:\cattle-health-monitoring-multi-task-model\datasets\bcs\sciencedb_bcs\dataset\4.0\GS_3317_2.jpg,RT-DETR-L,4,4,detected,144.43,-0.14,1023.14,575.85,0.2923,94.57,1024,576
sample_0076,ScienceDB,BCS_4.0,D:\cattle-health-monitoring-multi-task-model\datasets\bcs\sciencedb_bcs\dataset\4.0\YM_728_2.jpg,YOLOv8s,1,1,detected,0.27,1.04,121.56,237.63,0.5014,23.07,1024,576
sample_0076,ScienceDB,BCS_4.0,D:\cattle-health-monitoring-multi-task-model\datasets\bcs\sciencedb_bcs\dataset\4.0\YM_728_2.jpg,FasterRCNN_v2,1,1,detected,518.54,0.0,872.17,514.96,0.4494,487.43,1024,576
sample_0076,ScienceDB,BCS_4.0,D:\cattle-health-monitoring-multi-task-model\datasets\bcs\sciencedb_bcs\dataset\4.0\YM_728_2.jpg,RT-DETR-L,1,2,detected,515.46,-0.25,866.32,575.36,0.9703,93.51,1024,576
sample_0076,ScienceDB,BCS_4.0,D:\cattle-health-monitoring-multi-task-model\datasets\bcs\sciencedb_bcs\dataset\4.0\YM_728_2.jpg,RT-DETR-L,2,2,detected,-0.1,0.45,123.69,238.98,0.8247,93.51,1024,576
sample_0077,ScienceDB,BCS_4.0,D:\cattle-health-monitoring-multi-task-model\datasets\bcs\sciencedb_bcs\dataset\4.0\YM_1467_2.jpg,YOLOv8s,1,3,detected,286.83,74.16,659.28,568.26,0.8096,26.88,1024,576
sample_0077,ScienceDB,BCS_4.0,D:\cattle-health-monitoring-multi-task-model\datasets\bcs\sciencedb_bcs\dataset\4.0\YM_1467_2.jpg,YOLOv8s,2,3,detected,823.42,5.19,1023.71,284.71,0.8033,26.88,1024,576
sample_0077,ScienceDB,BCS_4.0,D:\cattle-health-monitoring-multi-task-model\datasets\bcs\sciencedb_bcs\dataset\4.0\YM_1467_2.jpg,YOLOv8s,3,3,detected,495.26,0.0,622.73,112.14,0.3878,26.88,1024,576
sample_0077,ScienceDB,BCS_4.0,D:\cattle-health-monitoring-multi-task-model\datasets\bcs\sciencedb_bcs\dataset\4.0\YM_1467_2.jpg,FasterRCNN_v2,1,10,detected,280.2,35.81,675.02,572.7,0.9991,490.69,1024,576
sample_0077,ScienceDB,BCS_4.0,D:\cattle-health-monitoring-multi-task-model\datasets\bcs\sciencedb_bcs\dataset\4.0\YM_1467_2.jpg,FasterRCNN_v2,2,10,detected,823.37,15.96,1024.0,252.67,0.9956,490.69,1024,576
sample_0077,ScienceDB,BCS_4.0,D:\cattle-health-monitoring-multi-task-model\datasets\bcs\sciencedb_bcs\dataset\4.0\YM_1467_2.jpg,FasterRCNN_v2,3,10,detected,784.28,0.0,869.19,66.39,0.9219,490.69,1024,576
sample_0077,ScienceDB,BCS_4.0,D:\cattle-health-monitoring-multi-task-model\datasets\bcs\sciencedb_bcs\dataset\4.0\YM_1467_2.jpg,FasterRCNN_v2,4,10,detected,818.23,7.92,939.52,146.53,0.4883,490.69,1024,576
sample_0077,ScienceDB,BCS_4.0,D:\cattle-health-monitoring-multi-task-model\datasets\bcs\sciencedb_bcs\dataset\4.0\YM_1467_2.jpg,FasterRCNN_v2,5,10,detected,430.32,398.65,734.61,570.11,0.4843,490.69,1024,576
sample_0077,ScienceDB,BCS_4.0,D:\cattle-health-monitoring-multi-task-model\datasets\bcs\sciencedb_bcs\dataset\4.0\YM_1467_2.jpg,FasterRCNN_v2,6,10,detected,495.54,0.0,615.9,111.35,0.4666,490.69,1024,576
sample_0077,ScienceDB,BCS_4.0,D:\cattle-health-monitoring-multi-task-model\datasets\bcs\sciencedb_bcs\dataset\4.0\YM_1467_2.jpg,FasterRCNN_v2,7,10,detected,817.13,1.22,918.0,61.19,0.3411,490.69,1024,576
sample_0077,ScienceDB,BCS_4.0,D:\cattle-health-monitoring-multi-task-model\datasets\bcs\sciencedb_bcs\dataset\4.0\YM_1467_2.jpg,FasterRCNN_v2,8,10,detected,859.86,10.63,931.38,41.71,0.334,490.69,1024,576
sample_0077,ScienceDB,BCS_4.0,D:\cattle-health-monitoring-multi-task-model\datasets\bcs\sciencedb_bcs\dataset\4.0\YM_1467_2.jpg,FasterRCNN_v2,9,10,detected,883.57,20.16,931.35,41.89,0.323,490.69,1024,576
sample_0077,ScienceDB,BCS_4.0,D:\cattle-health-monitoring-multi-task-model\datasets\bcs\sciencedb_bcs\dataset\4.0\YM_1467_2.jpg,FasterRCNN_v2,10,10,detected,770.21,0.91,820.13,44.22,0.2642,490.69,1024,576
sample_0077,ScienceDB,BCS_4.0,D:\cattle-health-monitoring-multi-task-model\datasets\bcs\sciencedb_bcs\dataset\4.0\YM_1467_2.jpg,RT-DETR-L,1,11,detected,286.54,68.75,645.15,572.87,0.949,92.99,1024,576
sample_0077,ScienceDB,BCS_4.0,D:\cattle-health-monitoring-multi-task-model\datasets\bcs\sciencedb_bcs\dataset\4.0\YM_1467_2.jpg,RT-DETR-L,2,11,detected,867.3,28.26,1023.93,294.0,0.9185,92.99,1024,576
sample_0077,ScienceDB,BCS_4.0,D:\cattle-health-monitoring-multi-task-model\datasets\bcs\sciencedb_bcs\dataset\4.0\YM_1467_2.jpg,RT-DETR-L,3,11,detected,821.03,12.44,931.82,190.8,0.7896,92.99,1024,576
sample_0077,ScienceDB,BCS_4.0,D:\cattle-health-monitoring-multi-task-model\datasets\bcs\sciencedb_bcs\dataset\4.0\YM_1467_2.jpg,RT-DETR-L,4,11,detected,492.21,-0.05,626.4,112.48,0.7512,92.99,1024,576
sample_0077,ScienceDB,BCS_4.0,D:\cattle-health-monitoring-multi-task-model\datasets\bcs\sciencedb_bcs\dataset\4.0\YM_1467_2.jpg,RT-DETR-L,5,11,detected,403.21,396.6,729.53,575.25,0.6875,92.99,1024,576
sample_0077,ScienceDB,BCS_4.0,D:\cattle-health-monitoring-multi-task-model\datasets\bcs\sciencedb_bcs\dataset\4.0\YM_1467_2.jpg,RT-DETR-L,6,11,detected,772.21,-0.04,872.38,65.12,0.4827,92.99,1024,576
sample_0077,ScienceDB,BCS_4.0,D:\cattle-health-monitoring-multi-task-model\datasets\bcs\sciencedb_bcs\dataset\4.0\YM_1467_2.jpg,RT-DETR-L,7,11,detected,771.4,0.16,828.21,44.13,0.3635,92.99,1024,576
sample_0077,ScienceDB,BCS_4.0,D:\cattle-health-monitoring-multi-task-model\datasets\bcs\sciencedb_bcs\dataset\4.0\YM_1467_2.jpg,RT-DETR-L,8,11,detected,647.87,1.87,743.82,164.99,0.2691,92.99,1024,576
sample_0077,ScienceDB,BCS_4.0,D:\cattle-health-monitoring-multi-task-model\datasets\bcs\sciencedb_bcs\dataset\4.0\YM_1467_2.jpg,RT-DETR-L,9,11,detected,818.99,0.07,870.79,64.66,0.2689,92.99,1024,576
sample_0077,ScienceDB,BCS_4.0,D:\cattle-health-monitoring-multi-task-model\datasets\bcs\sciencedb_bcs\dataset\4.0\YM_1467_2.jpg,RT-DETR-L,10,11,detected,-0.31,177.91,45.79,299.0,0.2607,92.99,1024,576
sample_0077,ScienceDB,BCS_4.0,D:\cattle-health-monitoring-multi-task-model\datasets\bcs\sciencedb_bcs\dataset\4.0\YM_1467_2.jpg,RT-DETR-L,11,11,detected,644.49,1.05,772.45,227.16,0.257,92.99,1024,576
sample_0078,ScienceDB,BCS_4.0,D:\cattle-health-monitoring-multi-task-model\datasets\bcs\sciencedb_bcs\dataset\4.0\GS_472_2.jpg,YOLOv8s,1,1,detected,296.25,2.86,979.55,566.46,0.3307,30.4,1024,576
sample_0078,ScienceDB,BCS_4.0,D:\cattle-health-monitoring-multi-task-model\datasets\bcs\sciencedb_bcs\dataset\4.0\GS_472_2.jpg,FasterRCNN_v2,1,2,detected,282.08,1.48,830.17,574.61,0.8919,478.83,1024,576
sample_0078,ScienceDB,BCS_4.0,D:\cattle-health-monitoring-multi-task-model\datasets\bcs\sciencedb_bcs\dataset\4.0\GS_472_2.jpg,FasterRCNN_v2,2,2,detected,7.65,6.26,319.2,570.33,0.2759,478.83,1024,576
sample_0078,ScienceDB,BCS_4.0,D:\cattle-health-monitoring-multi-task-model\datasets\bcs\sciencedb_bcs\dataset\4.0\GS_472_2.jpg,RT-DETR-L,1,4,detected,291.0,-0.26,958.99,575.74,0.6735,94.57,1024,576
sample_0078,ScienceDB,BCS_4.0,D:\cattle-health-monitoring-multi-task-model\datasets\bcs\sciencedb_bcs\dataset\4.0\GS_472_2.jpg,RT-DETR-L,2,4,detected,-0.23,0.16,360.38,576.16,0.3929,94.57,1024,576
sample_0078,ScienceDB,BCS_4.0,D:\cattle-health-monitoring-multi-task-model\datasets\bcs\sciencedb_bcs\dataset\4.0\GS_472_2.jpg,RT-DETR-L,3,4,detected,-0.22,-0.23,955.64,575.76,0.321,94.57,1024,576
sample_0078,ScienceDB,BCS_4.0,D:\cattle-health-monitoring-multi-task-model\datasets\bcs\sciencedb_bcs\dataset\4.0\GS_472_2.jpg,RT-DETR-L,4,4,detected,-0.29,0.54,239.18,576.52,0.2509,94.57,1024,576
sample_0079,ScienceDB,BCS_4.0,D:\cattle-health-monitoring-multi-task-model\datasets\bcs\sciencedb_bcs\dataset\4.0\YM_819_2.jpg,YOLOv8s,1,1,detected,314.48,0.0,932.22,568.67,0.7463,23.47,1024,576
sample_0079,ScienceDB,BCS_4.0,D:\cattle-health-monitoring-multi-task-model\datasets\bcs\sciencedb_bcs\dataset\4.0\YM_819_2.jpg,FasterRCNN_v2,1,2,detected,205.84,0.0,822.0,571.19,0.9859,490.61,1024,576
sample_0079,ScienceDB,BCS_4.0,D:\cattle-health-monitoring-multi-task-model\datasets\bcs\sciencedb_bcs\dataset\4.0\YM_819_2.jpg,FasterRCNN_v2,2,2,detected,483.9,150.72,936.38,572.58,0.8279,490.61,1024,576
sample_0079,ScienceDB,BCS_4.0,D:\cattle-health-monitoring-multi-task-model\datasets\bcs\sciencedb_bcs\dataset\4.0\YM_819_2.jpg,RT-DETR-L,1,9,detected,321.25,-0.16,924.01,573.45,0.6081,94.93,1024,576
sample_0079,ScienceDB,BCS_4.0,D:\cattle-health-monitoring-multi-task-model\datasets\bcs\sciencedb_bcs\dataset\4.0\YM_819_2.jpg,RT-DETR-L,2,9,detected,525.99,202.57,927.01,573.27,0.5225,94.93,1024,576
sample_0079,ScienceDB,BCS_4.0,D:\cattle-health-monitoring-multi-task-model\datasets\bcs\sciencedb_bcs\dataset\4.0\YM_819_2.jpg,RT-DETR-L,3,9,detected,315.47,0.08,833.87,573.82,0.3754,94.93,1024,576
sample_0079,ScienceDB,BCS_4.0,D:\cattle-health-monitoring-multi-task-model\datasets\bcs\sciencedb_bcs\dataset\4.0\YM_819_2.jpg,RT-DETR-L,4,9,detected,816.65,193.12,1024.33,570.22,0.3585,94.93,1024,576
sample_0079,ScienceDB,BCS_4.0,D:\cattle-health-monitoring-multi-task-model\datasets\bcs\sciencedb_bcs\dataset\4.0\YM_819_2.jpg,RT-DETR-L,5,9,detected,321.59,-0.75,765.54,573.75,0.3459,94.93,1024,576
sample_0079,ScienceDB,BCS_4.0,D:\cattle-health-monitoring-multi-task-model\datasets\bcs\sciencedb_bcs\dataset\4.0\YM_819_2.jpg,RT-DETR-L,6,9,detected,373.17,199.07,926.76,573.7,0.3065,94.93,1024,576
sample_0079,ScienceDB,BCS_4.0,D:\cattle-health-monitoring-multi-task-model\datasets\bcs\sciencedb_bcs\dataset\4.0\YM_819_2.jpg,RT-DETR-L,7,9,detected,735.11,195.43,844.26,363.63,0.2783,94.93,1024,576
sample_0079,ScienceDB,BCS_4.0,D:\cattle-health-monitoring-multi-task-model\datasets\bcs\sciencedb_bcs\dataset\4.0\YM_819_2.jpg,RT-DETR-L,8,9,detected,-1.01,-0.55,770.12,575.08,0.2564,94.93,1024,576
sample_0079,ScienceDB,BCS_4.0,D:\cattle-health-monitoring-multi-task-model\datasets\bcs\sciencedb_bcs\dataset\4.0\YM_819_2.jpg,RT-DETR-L,9,9,detected,-0.19,-0.77,495.44,574.86,0.2515,94.93,1024,576
sample_0080,ScienceDB,BCS_4.0,D:\cattle-health-monitoring-multi-task-model\datasets\bcs\sciencedb_bcs\dataset\4.0\GS_2286_8.jpg,YOLOv8s,1,1,detected,205.0,0.18,719.74,568.64,0.9021,23.85,1024,576
sample_0080,ScienceDB,BCS_4.0,D:\cattle-health-monitoring-multi-task-model\datasets\bcs\sciencedb_bcs\dataset\4.0\GS_2286_8.jpg,FasterRCNN_v2,1,4,detected,126.18,3.02,736.8,576.0,0.9994,489.83,1024,576
sample_0080,ScienceDB,BCS_4.0,D:\cattle-health-monitoring-multi-task-model\datasets\bcs\sciencedb_bcs\dataset\4.0\GS_2286_8.jpg,FasterRCNN_v2,2,4,detected,646.6,2.33,1024.0,570.63,0.8851,489.83,1024,576
sample_0080,ScienceDB,BCS_4.0,D:\cattle-health-monitoring-multi-task-model\datasets\bcs\sciencedb_bcs\dataset\4.0\GS_2286_8.jpg,FasterRCNN_v2,3,4,detected,564.19,65.12,721.86,484.61,0.4532,489.83,1024,576
sample_0080,ScienceDB,BCS_4.0,D:\cattle-health-monitoring-multi-task-model\datasets\bcs\sciencedb_bcs\dataset\4.0\GS_2286_8.jpg,FasterRCNN_v2,4,4,detected,11.4,2.83,468.09,576.0,0.3911,489.83,1024,576
sample_0080,ScienceDB,BCS_4.0,D:\cattle-health-monitoring-multi-task-model\datasets\bcs\sciencedb_bcs\dataset\4.0\GS_2286_8.jpg,RT-DETR-L,1,4,detected,188.87,-0.02,723.32,575.94,0.938,95.22,1024,576
sample_0080,ScienceDB,BCS_4.0,D:\cattle-health-monitoring-multi-task-model\datasets\bcs\sciencedb_bcs\dataset\4.0\GS_2286_8.jpg,RT-DETR-L,2,4,detected,564.52,496.47,836.92,576.12,0.2985,95.22,1024,576
sample_0080,ScienceDB,BCS_4.0,D:\cattle-health-monitoring-multi-task-model\datasets\bcs\sciencedb_bcs\dataset\4.0\GS_2286_8.jpg,RT-DETR-L,3,4,detected,663.88,0.55,1024.17,576.55,0.2801,95.22,1024,576
sample_0080,ScienceDB,BCS_4.0,D:\cattle-health-monitoring-multi-task-model\datasets\bcs\sciencedb_bcs\dataset\4.0\GS_2286_8.jpg,RT-DETR-L,4,4,detected,552.28,0.1,1022.17,576.09,0.2766,95.22,1024,576
sample_0081,ScienceDB,BCS_4.25,D:\cattle-health-monitoring-multi-task-model\datasets\bcs\sciencedb_bcs\dataset\4.25\GS_500_2.jpg,YOLOv8s,0,0,no_detection,,,,,,21.93,1024,576
sample_0081,ScienceDB,BCS_4.25,D:\cattle-health-monitoring-multi-task-model\datasets\bcs\sciencedb_bcs\dataset\4.25\GS_500_2.jpg,FasterRCNN_v2,1,1,detected,263.35,26.66,810.78,570.23,0.4818,491.86,1024,576
sample_0081,ScienceDB,BCS_4.25,D:\cattle-health-monitoring-multi-task-model\datasets\bcs\sciencedb_bcs\dataset\4.25\GS_500_2.jpg,RT-DETR-L,1,1,detected,267.69,0.01,795.12,576.0,0.7933,94.47,1024,576
sample_0082,ScienceDB,BCS_4.25,D:\cattle-health-monitoring-multi-task-model\datasets\bcs\sciencedb_bcs\dataset\4.25\YM_1144_8.jpg,YOLOv8s,1,1,detected,495.56,10.01,887.9,556.84,0.8347,23.98,1024,576
sample_0082,ScienceDB,BCS_4.25,D:\cattle-health-monitoring-multi-task-model\datasets\bcs\sciencedb_bcs\dataset\4.25\YM_1144_8.jpg,FasterRCNN_v2,1,2,detected,490.38,9.31,894.35,565.92,0.996,490.76,1024,576
sample_0082,ScienceDB,BCS_4.25,D:\cattle-health-monitoring-multi-task-model\datasets\bcs\sciencedb_bcs\dataset\4.25\YM_1144_8.jpg,FasterRCNN_v2,2,2,detected,366.34,422.0,640.89,571.57,0.8106,490.76,1024,576
sample_0082,ScienceDB,BCS_4.25,D:\cattle-health-monitoring-multi-task-model\datasets\bcs\sciencedb_bcs\dataset\4.25\YM_1144_8.jpg,RT-DETR-L,1,9,detected,486.49,0.85,887.24,570.67,0.9625,93.8,1024,576
sample_0082,ScienceDB,BCS_4.25,D:\cattle-health-monitoring-multi-task-model\datasets\bcs\sciencedb_bcs\dataset\4.25\YM_1144_8.jpg,RT-DETR-L,2,9,detected,365.01,435.46,633.42,575.23,0.7166,93.8,1024,576
sample_0082,ScienceDB,BCS_4.25,D:\cattle-health-monitoring-multi-task-model\datasets\bcs\sciencedb_bcs\dataset\4.25\YM_1144_8.jpg,RT-DETR-L,3,9,detected,905.84,0.3,978.05,163.75,0.5479,93.8,1024,576
sample_0082,ScienceDB,BCS_4.25,D:\cattle-health-monitoring-multi-task-model\datasets\bcs\sciencedb_bcs\dataset\4.25\YM_1144_8.jpg,RT-DETR-L,4,9,detected,462.02,398.3,576.65,463.8,0.4513,93.8,1024,576
sample_0082,ScienceDB,BCS_4.25,D:\cattle-health-monitoring-multi-task-model\datasets\bcs\sciencedb_bcs\dataset\4.25\YM_1144_8.jpg,RT-DETR-L,5,9,detected,333.3,0.14,396.17,51.72,0.4224,93.8,1024,576
sample_0082,ScienceDB,BCS_4.25,D:\cattle-health-monitoring-multi-task-model\datasets\bcs\sciencedb_bcs\dataset\4.25\YM_1144_8.jpg,RT-DETR-L,6,9,detected,715.58,0.31,804.54,70.93,0.3241,93.8,1024,576
sample_0082,ScienceDB,BCS_4.25,D:\cattle-health-monitoring-multi-task-model\datasets\bcs\sciencedb_bcs\dataset\4.25\YM_1144_8.jpg,RT-DETR-L,7,9,detected,463.63,398.95,635.78,547.32,0.2858,93.8,1024,576
sample_0082,ScienceDB,BCS_4.25,D:\cattle-health-monitoring-multi-task-model\datasets\bcs\sciencedb_bcs\dataset\4.25\YM_1144_8.jpg,RT-DETR-L,8,9,detected,794.34,0.1,842.82,103.65,0.2699,93.8,1024,576
sample_0082,ScienceDB,BCS_4.25,D:\cattle-health-monitoring-multi-task-model\datasets\bcs\sciencedb_bcs\dataset\4.25\YM_1144_8.jpg,RT-DETR-L,9,9,detected,476.09,0.07,521.71,57.99,0.2504,93.8,1024,576
sample_0083,ScienceDB,BCS_4.25,D:\cattle-health-monitoring-multi-task-model\datasets\bcs\sciencedb_bcs\dataset\4.25\GS_2916_4.jpg,YOLOv8s,0,0,no_detection,,,,,,22.28,1024,576
sample_0083,ScienceDB,BCS_4.25,D:\cattle-health-monitoring-multi-task-model\datasets\bcs\sciencedb_bcs\dataset\4.25\GS_2916_4.jpg,FasterRCNN_v2,0,0,no_detection,,,,,,489.35,1024,576
sample_0083,ScienceDB,BCS_4.25,D:\cattle-health-monitoring-multi-task-model\datasets\bcs\sciencedb_bcs\dataset\4.25\GS_2916_4.jpg,RT-DETR-L,0,0,no_detection,,,,,,94.21,1024,576
sample_0084,ScienceDB,BCS_4.25,D:\cattle-health-monitoring-multi-task-model\datasets\bcs\sciencedb_bcs\dataset\4.25\YM_682_4.jpg,YOLOv8s,1,3,detected,367.44,0.32,825.5,567.83,0.9099,23.37,1024,576
sample_0084,ScienceDB,BCS_4.25,D:\cattle-health-monitoring-multi-task-model\datasets\bcs\sciencedb_bcs\dataset\4.25\YM_682_4.jpg,YOLOv8s,2,3,detected,832.97,147.92,1009.1,543.84,0.6375,23.37,1024,576
sample_0084,ScienceDB,BCS_4.25,D:\cattle-health-monitoring-multi-task-model\datasets\bcs\sciencedb_bcs\dataset\4.25\YM_682_4.jpg,YOLOv8s,3,3,detected,666.23,345.43,949.67,571.28,0.5414,23.37,1024,576
sample_0084,ScienceDB,BCS_4.25,D:\cattle-health-monitoring-multi-task-model\datasets\bcs\sciencedb_bcs\dataset\4.25\YM_682_4.jpg,FasterRCNN_v2,1,4,detected,347.77,0.26,861.5,576.0,0.9867,490.53,1024,576
sample_0084,ScienceDB,BCS_4.25,D:\cattle-health-monitoring-multi-task-model\datasets\bcs\sciencedb_bcs\dataset\4.25\YM_682_4.jpg,FasterRCNN_v2,2,4,detected,0.0,3.3,151.03,243.84,0.8514,490.53,1024,576
sample_0084,ScienceDB,BCS_4.25,D:\cattle-health-monitoring-multi-task-model\datasets\bcs\sciencedb_bcs\dataset\4.25\YM_682_4.jpg,FasterRCNN_v2,3,4,detected,586.09,17.26,992.25,576.0,0.5281,490.53,1024,576
sample_0084,ScienceDB,BCS_4.25,D:\cattle-health-monitoring-multi-task-model\datasets\bcs\sciencedb_bcs\dataset\4.25\YM_682_4.jpg,FasterRCNN_v2,4,4,detected,702.2,165.46,1012.41,563.13,0.2593,490.53,1024,576
sample_0084,ScienceDB,BCS_4.25,D:\cattle-health-monitoring-multi-task-model\datasets\bcs\sciencedb_bcs\dataset\4.25\YM_682_4.jpg,RT-DETR-L,1,7,detected,368.07,-0.69,833.52,575.08,0.9665,94.03,1024,576
sample_0084,ScienceDB,BCS_4.25,D:\cattle-health-monitoring-multi-task-model\datasets\bcs\sciencedb_bcs\dataset\4.25\YM_682_4.jpg,RT-DETR-L,2,7,detected,663.02,168.07,1022.84,572.73,0.9181,94.03,1024,576
sample_0084,ScienceDB,BCS_4.25,D:\cattle-health-monitoring-multi-task-model\datasets\bcs\sciencedb_bcs\dataset\4.25\YM_682_4.jpg,RT-DETR-L,3,7,detected,0.44,0.89,171.39,550.91,0.5898,94.03,1024,576
sample_0084,ScienceDB,BCS_4.25,D:\cattle-health-monitoring-multi-task-model\datasets\bcs\sciencedb_bcs\dataset\4.25\YM_682_4.jpg,RT-DETR-L,4,7,detected,0.25,0.49,152.61,196.12,0.413,94.03,1024,576
sample_0084,ScienceDB,BCS_4.25,D:\cattle-health-monitoring-multi-task-model\datasets\bcs\sciencedb_bcs\dataset\4.25\YM_682_4.jpg,RT-DETR-L,5,7,detected,-0.15,0.25,153.66,301.93,0.3883,94.03,1024,576
sample_0084,ScienceDB,BCS_4.25,D:\cattle-health-monitoring-multi-task-model\datasets\bcs\sciencedb_bcs\dataset\4.25\YM_682_4.jpg,RT-DETR-L,6,7,detected,-0.28,286.26,170.34,548.6,0.267,94.03,1024,576
sample_0084,ScienceDB,BCS_4.25,D:\cattle-health-monitoring-multi-task-model\datasets\bcs\sciencedb_bcs\dataset\4.25\YM_682_4.jpg,RT-DETR-L,7,7,detected,928.44,70.23,1003.36,182.8,0.2577,94.03,1024,576
sample_0085,ScienceDB,BCS_4.25,D:\cattle-health-monitoring-multi-task-model\datasets\bcs\sciencedb_bcs\dataset\4.25\YM_1201_1.jpg,YOLOv8s,1,2,detected,427.89,2.19,915.11,570.85,0.7379,24.69,1024,576
sample_0085,ScienceDB,BCS_4.25,D:\cattle-health-monitoring-multi-task-model\datasets\bcs\sciencedb_bcs\dataset\4.25\YM_1201_1.jpg,YOLOv8s,2,2,detected,0.14,48.47,57.38,214.25,0.3816,24.69,1024,576
sample_0085,ScienceDB,BCS_4.25,D:\cattle-health-monitoring-multi-task-model\datasets\bcs\sciencedb_bcs\dataset\4.25\YM_1201_1.jpg,FasterRCNN_v2,1,8,detected,0.0,47.43,55.89,250.9,0.9749,488.93,1024,576
sample_0085,ScienceDB,BCS_4.25,D:\cattle-health-monitoring-multi-task-model\datasets\bcs\sciencedb_bcs\dataset\4.25\YM_1201_1.jpg,FasterRCNN_v2,2,8,detected,26.64,6.15,131.46,228.29,0.9074,488.93,1024,576
sample_0085,ScienceDB,BCS_4.25,D:\cattle-health-monitoring-multi-task-model\datasets\bcs\sciencedb_bcs\dataset\4.25\YM_1201_1.jpg,FasterRCNN_v2,3,8,detected,406.14,8.4,912.3,574.05,0.874,488.93,1024,576
sample_0085,ScienceDB,BCS_4.25,D:\cattle-health-monitoring-multi-task-model\datasets\bcs\sciencedb_bcs\dataset\4.25\YM_1201_1.jpg,FasterRCNN_v2,4,8,detected,87.33,13.05,271.29,405.82,0.709,488.93,1024,576
sample_0085,ScienceDB,BCS_4.25,D:\cattle-health-monitoring-multi-task-model\datasets\bcs\sciencedb_bcs\dataset\4.25\YM_1201_1.jpg,FasterRCNN_v2,5,8,detected,19.39,84.06,82.89,231.04,0.551,488.93,1024,576
sample_0085,ScienceDB,BCS_4.25,D:\cattle-health-monitoring-multi-task-model\datasets\bcs\sciencedb_bcs\dataset\4.25\YM_1201_1.jpg,FasterRCNN_v2,6,8,detected,23.68,3.44,243.64,242.94,0.5191,488.93,1024,576
sample_0085,ScienceDB,BCS_4.25,D:\cattle-health-monitoring-multi-task-model\datasets\bcs\sciencedb_bcs\dataset\4.25\YM_1201_1.jpg,FasterRCNN_v2,7,8,detected,39.47,0.74,257.29,126.14,0.3087,488.93,1024,576
sample_0085,ScienceDB,BCS_4.25,D:\cattle-health-monitoring-multi-task-model\datasets\bcs\sciencedb_bcs\dataset\4.25\YM_1201_1.jpg,FasterRCNN_v2,8,8,detected,0.34,5.42,93.39,173.65,0.2758,488.93,1024,576
sample_0085,ScienceDB,BCS_4.25,D:\cattle-health-monitoring-multi-task-model\datasets\bcs\sciencedb_bcs\dataset\4.25\YM_1201_1.jpg,RT-DETR-L,1,8,detected,419.63,-0.27,903.53,575.11,0.9551,94.27,1024,576
sample_0085,ScienceDB,BCS_4.25,D:\cattle-health-monitoring-multi-task-model\datasets\bcs\sciencedb_bcs\dataset\4.25\YM_1201_1.jpg,RT-DETR-L,2,8,detected,1.67,-0.46,264.6,228.47,0.5777,94.27,1024,576
sample_0085,ScienceDB,BCS_4.25,D:\cattle-health-monitoring-multi-task-model\datasets\bcs\sciencedb_bcs\dataset\4.25\YM_1201_1.jpg,RT-DETR-L,3,8,detected,0.15,0.7,86.74,228.9,0.5077,94.27,1024,576
sample_0085,ScienceDB,BCS_4.25,D:\cattle-health-monitoring-multi-task-model\datasets\bcs\sciencedb_bcs\dataset\4.25\YM_1201_1.jpg,RT-DETR-L,4,8,detected,333.31,0.31,398.12,52.24,0.3628,94.27,1024,576
sample_0085,ScienceDB,BCS_4.25,D:\cattle-health-monitoring-multi-task-model\datasets\bcs\sciencedb_bcs\dataset\4.25\YM_1201_1.jpg,RT-DETR-L,5,8,detected,178.18,0.34,267.48,97.56,0.3313,94.27,1024,576
sample_0085,ScienceDB,BCS_4.25,D:\cattle-health-monitoring-multi-task-model\datasets\bcs\sciencedb_bcs\dataset\4.25\YM_1201_1.jpg,RT-DETR-L,6,8,detected,7.18,0.39,148.38,229.29,0.3047,94.27,1024,576
sample_0085,ScienceDB,BCS_4.25,D:\cattle-health-monitoring-multi-task-model\datasets\bcs\sciencedb_bcs\dataset\4.25\YM_1201_1.jpg,RT-DETR-L,7,8,detected,787.68,193.9,1025.21,575.07,0.2734,94.27,1024,576
sample_0085,ScienceDB,BCS_4.25,D:\cattle-health-monitoring-multi-task-model\datasets\bcs\sciencedb_bcs\dataset\4.25\YM_1201_1.jpg,RT-DETR-L,8,8,detected,45.52,-0.09,264.39,135.26,0.2675,94.27,1024,576
sample_0086,ScienceDB,BCS_4.25,D:\cattle-health-monitoring-multi-task-model\datasets\bcs\sciencedb_bcs\dataset\4.25\GS_801_2.jpg,YOLOv8s,0,0,no_detection,,,,,,23.04,1024,576
sample_0086,ScienceDB,BCS_4.25,D:\cattle-health-monitoring-multi-task-model\datasets\bcs\sciencedb_bcs\dataset\4.25\GS_801_2.jpg,FasterRCNN_v2,1,1,detected,236.59,12.15,917.76,570.59,0.2969,488.73,1024,576
sample_0086,ScienceDB,BCS_4.25,D:\cattle-health-monitoring-multi-task-model\datasets\bcs\sciencedb_bcs\dataset\4.25\GS_801_2.jpg,RT-DETR-L,1,4,detected,75.64,-0.16,869.29,575.83,0.6827,94.61,1024,576
sample_0086,ScienceDB,BCS_4.25,D:\cattle-health-monitoring-multi-task-model\datasets\bcs\sciencedb_bcs\dataset\4.25\GS_801_2.jpg,RT-DETR-L,2,4,detected,593.44,-0.08,1024.08,575.92,0.3549,94.61,1024,576
sample_0086,ScienceDB,BCS_4.25,D:\cattle-health-monitoring-multi-task-model\datasets\bcs\sciencedb_bcs\dataset\4.25\GS_801_2.jpg,RT-DETR-L,3,4,detected,0.2,0.13,1024.18,576.13,0.2946,94.61,1024,576
sample_0086,ScienceDB,BCS_4.25,D:\cattle-health-monitoring-multi-task-model\datasets\bcs\sciencedb_bcs\dataset\4.25\GS_801_2.jpg,RT-DETR-L,4,4,detected,185.06,0.46,1024.47,576.2,0.2508,94.61,1024,576
sample_0087,ScienceDB,BCS_4.25,D:\cattle-health-monitoring-multi-task-model\datasets\bcs\sciencedb_bcs\dataset\4.25\GS_303_5.jpg,YOLOv8s,0,0,no_detection,,,,,,22.88,1024,576
sample_0087,ScienceDB,BCS_4.25,D:\cattle-health-monitoring-multi-task-model\datasets\bcs\sciencedb_bcs\dataset\4.25\GS_303_5.jpg,FasterRCNN_v2,1,4,detected,91.3,0.53,669.01,570.69,0.9184,490.73,1024,576
sample_0087,ScienceDB,BCS_4.25,D:\cattle-health-monitoring-multi-task-model\datasets\bcs\sciencedb_bcs\dataset\4.25\GS_303_5.jpg,FasterRCNN_v2,2,4,detected,593.33,7.16,1024.0,569.26,0.9163,490.73,1024,576
sample_0087,ScienceDB,BCS_4.25,D:\cattle-health-monitoring-multi-task-model\datasets\bcs\sciencedb_bcs\dataset\4.25\GS_303_5.jpg,FasterRCNN_v2,3,4,detected,547.25,527.18,831.5,574.41,0.8517,490.73,1024,576
sample_0087,ScienceDB,BCS_4.25,D:\cattle-health-monitoring-multi-task-model\datasets\bcs\sciencedb_bcs\dataset\4.25\GS_303_5.jpg,FasterRCNN_v2,4,4,detected,4.57,0.0,243.38,573.12,0.4481,490.73,1024,576
sample_0087,ScienceDB,BCS_4.25,D:\cattle-health-monitoring-multi-task-model\datasets\bcs\sciencedb_bcs\dataset\4.25\GS_303_5.jpg,RT-DETR-L,1,7,detected,136.62,-0.15,838.35,575.83,0.8811,94.99,1024,576
sample_0087,ScienceDB,BCS_4.25,D:\cattle-health-monitoring-multi-task-model\datasets\bcs\sciencedb_bcs\dataset\4.25\GS_303_5.jpg,RT-DETR-L,2,7,detected,0.02,0.74,177.94,576.73,0.3308,94.99,1024,576
sample_0087,ScienceDB,BCS_4.25,D:\cattle-health-monitoring-multi-task-model\datasets\bcs\sciencedb_bcs\dataset\4.25\GS_303_5.jpg,RT-DETR-L,3,7,detected,600.75,0.53,1024.25,576.52,0.3211,94.99,1024,576
sample_0087,ScienceDB,BCS_4.25,D:\cattle-health-monitoring-multi-task-model\datasets\bcs\sciencedb_bcs\dataset\4.25\GS_303_5.jpg,RT-DETR-L,4,7,detected,0.02,0.14,305.45,576.13,0.3032,94.99,1024,576
sample_0087,ScienceDB,BCS_4.25,D:\cattle-health-monitoring-multi-task-model\datasets\bcs\sciencedb_bcs\dataset\4.25\GS_303_5.jpg,RT-DETR-L,5,7,detected,-0.11,-0.12,830.85,575.88,0.2641,94.99,1024,576
sample_0087,ScienceDB,BCS_4.25,D:\cattle-health-monitoring-multi-task-model\datasets\bcs\sciencedb_bcs\dataset\4.25\GS_303_5.jpg,RT-DETR-L,6,7,detected,136.05,-0.19,1025.06,575.75,0.2641,94.99,1024,576
sample_0087,ScienceDB,BCS_4.25,D:\cattle-health-monitoring-multi-task-model\datasets\bcs\sciencedb_bcs\dataset\4.25\GS_303_5.jpg,RT-DETR-L,7,7,detected,0.42,0.24,1024.38,576.23,0.2585,94.99,1024,576
sample_0088,ScienceDB,BCS_4.25,D:\cattle-health-monitoring-multi-task-model\datasets\bcs\sciencedb_bcs\dataset\4.25\GS_144_1.jpg,YOLOv8s,1,1,detected,163.21,2.36,819.01,569.13,0.5127,22.83,1024,576
sample_0088,ScienceDB,BCS_4.25,D:\cattle-health-monitoring-multi-task-model\datasets\bcs\sciencedb_bcs\dataset\4.25\GS_144_1.jpg,FasterRCNN_v2,1,2,detected,252.55,1.15,1024.0,576.0,0.9807,488.44,1024,576
sample_0088,ScienceDB,BCS_4.25,D:\cattle-health-monitoring-multi-task-model\datasets\bcs\sciencedb_bcs\dataset\4.25\GS_144_1.jpg,FasterRCNN_v2,2,2,detected,302.19,225.67,703.16,576.0,0.4848,488.44,1024,576
sample_0088,ScienceDB,BCS_4.25,D:\cattle-health-monitoring-multi-task-model\datasets\bcs\sciencedb_bcs\dataset\4.25\GS_144_1.jpg,RT-DETR-L,1,2,detected,164.92,0.1,1024.02,576.09,0.9628,94.95,1024,576
sample_0088,ScienceDB,BCS_4.25,D:\cattle-health-monitoring-multi-task-model\datasets\bcs\sciencedb_bcs\dataset\4.25\GS_144_1.jpg,RT-DETR-L,2,2,detected,659.01,0.56,1023.84,576.56,0.2736,94.95,1024,576
sample_0089,ScienceDB,BCS_4.25,D:\cattle-health-monitoring-multi-task-model\datasets\bcs\sciencedb_bcs\dataset\4.25\GS_3033_8.jpg,YOLOv8s,1,3,detected,182.23,3.44,666.24,560.68,0.7251,23.74,1024,576
sample_0089,ScienceDB,BCS_4.25,D:\cattle-health-monitoring-multi-task-model\datasets\bcs\sciencedb_bcs\dataset\4.25\GS_3033_8.jpg,YOLOv8s,2,3,detected,556.86,248.28,911.72,568.11,0.6874,23.74,1024,576
sample_0089,ScienceDB,BCS_4.25,D:\cattle-health-monitoring-multi-task-model\datasets\bcs\sciencedb_bcs\dataset\4.25\GS_3033_8.jpg,YOLOv8s,3,3,detected,177.61,2.84,1011.69,559.9,0.3051,23.74,1024,576
sample_0089,ScienceDB,BCS_4.25,D:\cattle-health-monitoring-multi-task-model\datasets\bcs\sciencedb_bcs\dataset\4.25\GS_3033_8.jpg,FasterRCNN_v2,1,5,detected,148.75,9.48,774.81,571.21,0.9974,493.55,1024,576
sample_0089,ScienceDB,BCS_4.25,D:\cattle-health-monitoring-multi-task-model\datasets\bcs\sciencedb_bcs\dataset\4.25\GS_3033_8.jpg,FasterRCNN_v2,2,5,detected,566.69,247.28,926.57,569.11,0.941,493.55,1024,576
sample_0089,ScienceDB,BCS_4.25,D:\cattle-health-monitoring-multi-task-model\datasets\bcs\sciencedb_bcs\dataset\4.25\GS_3033_8.jpg,FasterRCNN_v2,3,5,detected,3.34,4.04,321.69,575.5,0.717,493.55,1024,576
sample_0089,ScienceDB,BCS_4.25,D:\cattle-health-monitoring-multi-task-model\datasets\bcs\sciencedb_bcs\dataset\4.25\GS_3033_8.jpg,FasterRCNN_v2,4,5,detected,610.07,0.96,1019.23,544.63,0.5684,493.55,1024,576
sample_0089,ScienceDB,BCS_4.25,D:\cattle-health-monitoring-multi-task-model\datasets\bcs\sciencedb_bcs\dataset\4.25\GS_3033_8.jpg,FasterRCNN_v2,5,5,detected,1.62,8.48,163.28,561.94,0.252,493.55,1024,576
sample_0089,ScienceDB,BCS_4.25,D:\cattle-health-monitoring-multi-task-model\datasets\bcs\sciencedb_bcs\dataset\4.25\GS_3033_8.jpg,RT-DETR-L,1,9,detected,172.38,0.26,708.02,576.25,0.6395,94.28,1024,576
sample_0089,ScienceDB,BCS_4.25,D:\cattle-health-monitoring-multi-task-model\datasets\bcs\sciencedb_bcs\dataset\4.25\GS_3033_8.jpg,RT-DETR-L,2,9,detected,685.67,0.09,1023.88,576.08,0.4819,94.28,1024,576
sample_0089,ScienceDB,BCS_4.25,D:\cattle-health-monitoring-multi-task-model\datasets\bcs\sciencedb_bcs\dataset\4.25\GS_3033_8.jpg,RT-DETR-L,3,9,detected,0.37,0.43,297.4,576.42,0.4531,94.28,1024,576
sample_0089,ScienceDB,BCS_4.25,D:\cattle-health-monitoring-multi-task-model\datasets\bcs\sciencedb_bcs\dataset\4.25\GS_3033_8.jpg,RT-DETR-L,4,9,detected,517.21,247.72,975.69,575.68,0.4095,94.28,1024,576
sample_0089,ScienceDB,BCS_4.25,D:\cattle-health-monitoring-multi-task-model\datasets\bcs\sciencedb_bcs\dataset\4.25\GS_3033_8.jpg,RT-DETR-L,5,9,detected,171.83,0.53,1021.65,576.52,0.3795,94.28,1024,576
sample_0089,ScienceDB,BCS_4.25,D:\cattle-health-monitoring-multi-task-model\datasets\bcs\sciencedb_bcs\dataset\4.25\GS_3033_8.jpg,RT-DETR-L,6,9,detected,504.18,246.56,1021.99,575.96,0.3358,94.28,1024,576
sample_0089,ScienceDB,BCS_4.25,D:\cattle-health-monitoring-multi-task-model\datasets\bcs\sciencedb_bcs\dataset\4.25\GS_3033_8.jpg,RT-DETR-L,7,9,detected,499.07,0.08,1023.3,576.0,0.3142,94.28,1024,576
sample_0089,ScienceDB,BCS_4.25,D:\cattle-health-monitoring-multi-task-model\datasets\bcs\sciencedb_bcs\dataset\4.25\GS_3033_8.jpg,RT-DETR-L,8,9,detected,-0.47,0.42,1023.52,576.42,0.2655,94.28,1024,576
sample_0089,ScienceDB,BCS_4.25,D:\cattle-health-monitoring-multi-task-model\datasets\bcs\sciencedb_bcs\dataset\4.25\GS_3033_8.jpg,RT-DETR-L,9,9,detected,-0.36,-0.01,704.86,575.98,0.2504,94.28,1024,576
sample_0090,ScienceDB,BCS_4.25,D:\cattle-health-monitoring-multi-task-model\datasets\bcs\sciencedb_bcs\dataset\4.25\L-i414.jpg,YOLOv8s,1,3,detected,84.85,0.17,922.96,569.89,0.7868,23.83,1024,576
sample_0090,ScienceDB,BCS_4.25,D:\cattle-health-monitoring-multi-task-model\datasets\bcs\sciencedb_bcs\dataset\4.25\L-i414.jpg,YOLOv8s,2,3,detected,557.85,298.24,955.92,570.31,0.4017,23.83,1024,576
sample_0090,ScienceDB,BCS_4.25,D:\cattle-health-monitoring-multi-task-model\datasets\bcs\sciencedb_bcs\dataset\4.25\L-i414.jpg,YOLOv8s,3,3,detected,0.41,75.68,160.15,276.73,0.338,23.83,1024,576
sample_0090,ScienceDB,BCS_4.25,D:\cattle-health-monitoring-multi-task-model\datasets\bcs\sciencedb_bcs\dataset\4.25\L-i414.jpg,FasterRCNN_v2,1,2,detected,90.8,9.44,888.88,554.49,0.8826,490.14,1024,576
sample_0090,ScienceDB,BCS_4.25,D:\cattle-health-monitoring-multi-task-model\datasets\bcs\sciencedb_bcs\dataset\4.25\L-i414.jpg,FasterRCNN_v2,2,2,detected,531.08,246.86,970.52,567.98,0.4664,490.14,1024,576
sample_0090,ScienceDB,BCS_4.25,D:\cattle-health-monitoring-multi-task-model\datasets\bcs\sciencedb_bcs\dataset\4.25\L-i414.jpg,RT-DETR-L,1,8,detected,106.47,-0.28,964.53,575.7,0.9705,94.96,1024,576
sample_0090,ScienceDB,BCS_4.25,D:\cattle-health-monitoring-multi-task-model\datasets\bcs\sciencedb_bcs\dataset\4.25\L-i414.jpg,RT-DETR-L,2,8,detected,-0.03,0.79,189.99,280.4,0.4644,94.96,1024,576
sample_0090,ScienceDB,BCS_4.25,D:\cattle-health-monitoring-multi-task-model\datasets\bcs\sciencedb_bcs\dataset\4.25\L-i414.jpg,RT-DETR-L,3,8,detected,-0.07,47.75,177.96,279.61,0.3062,94.96,1024,576
sample_0090,ScienceDB,BCS_4.25,D:\cattle-health-monitoring-multi-task-model\datasets\bcs\sciencedb_bcs\dataset\4.25\L-i414.jpg,RT-DETR-L,4,8,detected,768.19,0.9,1024.01,575.81,0.2857,94.96,1024,576
sample_0090,ScienceDB,BCS_4.25,D:\cattle-health-monitoring-multi-task-model\datasets\bcs\sciencedb_bcs\dataset\4.25\L-i414.jpg,RT-DETR-L,5,8,detected,17.18,0.06,189.57,68.91,0.2827,94.96,1024,576
sample_0090,ScienceDB,BCS_4.25,D:\cattle-health-monitoring-multi-task-model\datasets\bcs\sciencedb_bcs\dataset\4.25\L-i414.jpg,RT-DETR-L,6,8,detected,-0.08,0.78,107.47,281.23,0.2781,94.96,1024,576
sample_0090,ScienceDB,BCS_4.25,D:\cattle-health-monitoring-multi-task-model\datasets\bcs\sciencedb_bcs\dataset\4.25\L-i414.jpg,RT-DETR-L,7,8,detected,13.94,0.36,189.66,203.41,0.2697,94.96,1024,576
sample_0090,ScienceDB,BCS_4.25,D:\cattle-health-monitoring-multi-task-model\datasets\bcs\sciencedb_bcs\dataset\4.25\L-i414.jpg,RT-DETR-L,8,8,detected,547.52,295.35,957.92,575.36,0.2664,94.96,1024,576
sample_0091,ScienceDB,BCS_4.25,D:\cattle-health-monitoring-multi-task-model\datasets\bcs\sciencedb_bcs\dataset\4.25\GS_1603_1.jpg,YOLOv8s,0,0,no_detection,,,,,,22.23,1024,576
sample_0091,ScienceDB,BCS_4.25,D:\cattle-health-monitoring-multi-task-model\datasets\bcs\sciencedb_bcs\dataset\4.25\GS_1603_1.jpg,FasterRCNN_v2,0,0,no_detection,,,,,,481.74,1024,576
sample_0091,ScienceDB,BCS_4.25,D:\cattle-health-monitoring-multi-task-model\datasets\bcs\sciencedb_bcs\dataset\4.25\GS_1603_1.jpg,RT-DETR-L,1,1,detected,196.24,-0.13,880.34,575.87,0.9143,94.21,1024,576
sample_0092,ScienceDB,BCS_4.25,D:\cattle-health-monitoring-multi-task-model\datasets\bcs\sciencedb_bcs\dataset\4.25\GS_2473_1.jpg,YOLOv8s,1,1,detected,212.12,6.69,943.71,566.94,0.2819,23.91,1024,576
sample_0092,ScienceDB,BCS_4.25,D:\cattle-health-monitoring-multi-task-model\datasets\bcs\sciencedb_bcs\dataset\4.25\GS_2473_1.jpg,FasterRCNN_v2,1,2,detected,162.19,3.74,916.41,576.0,0.9794,490.43,1024,576
sample_0092,ScienceDB,BCS_4.25,D:\cattle-health-monitoring-multi-task-model\datasets\bcs\sciencedb_bcs\dataset\4.25\GS_2473_1.jpg,FasterRCNN_v2,2,2,detected,25.06,9.54,482.08,576.0,0.6097,490.43,1024,576
sample_0092,ScienceDB,BCS_4.25,D:\cattle-health-monitoring-multi-task-model\datasets\bcs\sciencedb_bcs\dataset\4.25\GS_2473_1.jpg,RT-DETR-L,1,2,detected,207.14,0.12,868.47,576.11,0.8306,94.8,1024,576
sample_0092,ScienceDB,BCS_4.25,D:\cattle-health-monitoring-multi-task-model\datasets\bcs\sciencedb_bcs\dataset\4.25\GS_2473_1.jpg,RT-DETR-L,2,2,detected,780.5,0.33,1023.65,576.33,0.2789,94.8,1024,576
sample_0093,ScienceDB,BCS_4.25,D:\cattle-health-monitoring-multi-task-model\datasets\bcs\sciencedb_bcs\dataset\4.25\YM_13_2.jpg,YOLOv8s,1,2,detected,378.49,0.0,682.66,534.4,0.8863,23.59,1024,576
sample_0093,ScienceDB,BCS_4.25,D:\cattle-health-monitoring-multi-task-model\datasets\bcs\sciencedb_bcs\dataset\4.25\YM_13_2.jpg,YOLOv8s,2,2,detected,630.74,290.67,926.3,570.0,0.7532,23.59,1024,576
sample_0093,ScienceDB,BCS_4.25,D:\cattle-health-monitoring-multi-task-model\datasets\bcs\sciencedb_bcs\dataset\4.25\YM_13_2.jpg,FasterRCNN_v2,1,2,detected,379.59,0.0,672.7,515.77,0.9667,489.62,1024,576
sample_0093,ScienceDB,BCS_4.25,D:\cattle-health-monitoring-multi-task-model\datasets\bcs\sciencedb_bcs\dataset\4.25\YM_13_2.jpg,FasterRCNN_v2,2,2,detected,224.14,13.1,902.78,562.86,0.4226,489.62,1024,576
sample_0093,ScienceDB,BCS_4.25,D:\cattle-health-monitoring-multi-task-model\datasets\bcs\sciencedb_bcs\dataset\4.25\YM_13_2.jpg,RT-DETR-L,1,3,detected,355.88,0.2,675.57,537.21,0.8967,94.07,1024,576
sample_0093,ScienceDB,BCS_4.25,D:\cattle-health-monitoring-multi-task-model\datasets\bcs\sciencedb_bcs\dataset\4.25\YM_13_2.jpg,RT-DETR-L,2,3,detected,623.92,290.02,924.45,575.28,0.8701,94.07,1024,576
sample_0093,ScienceDB,BCS_4.25,D:\cattle-health-monitoring-multi-task-model\datasets\bcs\sciencedb_bcs\dataset\4.25\YM_13_2.jpg,RT-DETR-L,3,3,detected,992.24,316.23,1024.06,431.34,0.3092,94.07,1024,576
sample_0094,ScienceDB,BCS_4.25,D:\cattle-health-monitoring-multi-task-model\datasets\bcs\sciencedb_bcs\dataset\4.25\YM_246_1.jpg,YOLOv8s,1,1,detected,350.95,0.08,1004.33,571.12,0.8925,29.54,1024,576
sample_0094,ScienceDB,BCS_4.25,D:\cattle-health-monitoring-multi-task-model\datasets\bcs\sciencedb_bcs\dataset\4.25\YM_246_1.jpg,FasterRCNN_v2,1,1,detected,364.57,0.0,1010.65,574.83,0.998,491.5,1024,576
sample_0094,ScienceDB,BCS_4.25,D:\cattle-health-monitoring-multi-task-model\datasets\bcs\sciencedb_bcs\dataset\4.25\YM_246_1.jpg,RT-DETR-L,1,1,detected,370.33,0.07,1001.79,575.58,0.9528,93.97,1024,576
sample_0095,ScienceDB,BCS_4.25,D:\cattle-health-monitoring-multi-task-model\datasets\bcs\sciencedb_bcs\dataset\4.25\GS_3165_1.jpg,YOLOv8s,1,1,detected,209.93,5.3,751.66,564.67,0.3987,23.61,1024,576
sample_0095,ScienceDB,BCS_4.25,D:\cattle-health-monitoring-multi-task-model\datasets\bcs\sciencedb_bcs\dataset\4.25\GS_3165_1.jpg,FasterRCNN_v2,1,2,detected,8.19,16.49,277.15,555.19,0.5425,493.47,1024,576
sample_0095,ScienceDB,BCS_4.25,D:\cattle-health-monitoring-multi-task-model\datasets\bcs\sciencedb_bcs\dataset\4.25\GS_3165_1.jpg,FasterRCNN_v2,2,2,detected,194.72,5.76,742.15,573.74,0.5266,493.47,1024,576
sample_0095,ScienceDB,BCS_4.25,D:\cattle-health-monitoring-multi-task-model\datasets\bcs\sciencedb_bcs\dataset\4.25\GS_3165_1.jpg,RT-DETR-L,1,1,detected,206.29,-0.19,753.56,575.8,0.3844,94.27,1024,576
sample_0096,ScienceDB,BCS_4.25,D:\cattle-health-monitoring-multi-task-model\datasets\bcs\sciencedb_bcs\dataset\4.25\YM_815_2.jpg,YOLOv8s,1,2,detected,415.52,0.94,955.54,566.86,0.644,23.38,1024,576
sample_0096,ScienceDB,BCS_4.25,D:\cattle-health-monitoring-multi-task-model\datasets\bcs\sciencedb_bcs\dataset\4.25\YM_815_2.jpg,YOLOv8s,2,2,detected,640.13,185.95,996.17,567.87,0.3525,23.38,1024,576
sample_0096,ScienceDB,BCS_4.25,D:\cattle-health-monitoring-multi-task-model\datasets\bcs\sciencedb_bcs\dataset\4.25\YM_815_2.jpg,FasterRCNN_v2,1,1,detected,371.01,3.06,838.32,573.34,0.973,490.56,1024,576
sample_0096,ScienceDB,BCS_4.25,D:\cattle-health-monitoring-multi-task-model\datasets\bcs\sciencedb_bcs\dataset\4.25\YM_815_2.jpg,RT-DETR-L,1,3,detected,368.29,-0.23,995.77,574.38,0.9551,94.34,1024,576
sample_0096,ScienceDB,BCS_4.25,D:\cattle-health-monitoring-multi-task-model\datasets\bcs\sciencedb_bcs\dataset\4.25\YM_815_2.jpg,RT-DETR-L,2,3,detected,653.06,216.9,996.37,573.06,0.3241,94.34,1024,576
sample_0096,ScienceDB,BCS_4.25,D:\cattle-health-monitoring-multi-task-model\datasets\bcs\sciencedb_bcs\dataset\4.25\YM_815_2.jpg,RT-DETR-L,3,3,detected,363.09,219.9,996.51,574.74,0.2667,94.34,1024,576
sample_0097,ScienceDB,BCS_4.25,D:\cattle-health-monitoring-multi-task-model\datasets\bcs\sciencedb_bcs\dataset\4.25\GS_1445_1.jpg,YOLOv8s,1,1,detected,240.1,23.36,638.22,568.12,0.5693,23.67,1024,576
sample_0097,ScienceDB,BCS_4.25,D:\cattle-health-monitoring-multi-task-model\datasets\bcs\sciencedb_bcs\dataset\4.25\GS_1445_1.jpg,FasterRCNN_v2,1,2,detected,214.8,14.41,987.91,576.0,0.9613,493.69,1024,576
sample_0097,ScienceDB,BCS_4.25,D:\cattle-health-monitoring-multi-task-model\datasets\bcs\sciencedb_bcs\dataset\4.25\GS_1445_1.jpg,FasterRCNN_v2,2,2,detected,0.0,5.79,621.76,576.0,0.9502,493.69,1024,576
sample_0097,ScienceDB,BCS_4.25,D:\cattle-health-monitoring-multi-task-model\datasets\bcs\sciencedb_bcs\dataset\4.25\GS_1445_1.jpg,RT-DETR-L,1,2,detected,211.4,0.19,1020.51,576.19,0.7562,94.38,1024,576
sample_0097,ScienceDB,BCS_4.25,D:\cattle-health-monitoring-multi-task-model\datasets\bcs\sciencedb_bcs\dataset\4.25\GS_1445_1.jpg,RT-DETR-L,2,2,detected,-1.07,0.45,1022.92,576.44,0.4615,94.38,1024,576
sample_0098,ScienceDB,BCS_4.25,D:\cattle-health-monitoring-multi-task-model\datasets\bcs\sciencedb_bcs\dataset\4.25\GS_2602_4.jpg,YOLOv8s,1,1,detected,265.76,11.57,819.91,568.8,0.7351,25.49,1024,576
sample_0098,ScienceDB,BCS_4.25,D:\cattle-health-monitoring-multi-task-model\datasets\bcs\sciencedb_bcs\dataset\4.25\GS_2602_4.jpg,FasterRCNN_v2,1,2,detected,144.2,7.33,809.77,574.36,0.9979,491.96,1024,576
sample_0098,ScienceDB,BCS_4.25,D:\cattle-health-monitoring-multi-task-model\datasets\bcs\sciencedb_bcs\dataset\4.25\GS_2602_4.jpg,FasterRCNN_v2,2,2,detected,3.76,0.0,300.66,562.62,0.3486,491.96,1024,576
sample_0098,ScienceDB,BCS_4.25,D:\cattle-health-monitoring-multi-task-model\datasets\bcs\sciencedb_bcs\dataset\4.25\GS_2602_4.jpg,RT-DETR-L,1,3,detected,219.51,0.24,818.25,576.17,0.932,95.22,1024,576
sample_0098,ScienceDB,BCS_4.25,D:\cattle-health-monitoring-multi-task-model\datasets\bcs\sciencedb_bcs\dataset\4.25\GS_2602_4.jpg,RT-DETR-L,2,3,detected,518.26,0.48,1022.82,576.48,0.3102,95.22,1024,576
sample_0098,ScienceDB,BCS_4.25,D:\cattle-health-monitoring-multi-task-model\datasets\bcs\sciencedb_bcs\dataset\4.25\GS_2602_4.jpg,RT-DETR-L,3,3,detected,0.36,0.91,339.97,576.91,0.3021,95.22,1024,576
sample_0099,ScienceDB,BCS_4.25,D:\cattle-health-monitoring-multi-task-model\datasets\bcs\sciencedb_bcs\dataset\4.25\GS_1119_2.jpg,YOLOv8s,0,0,no_detection,,,,,,25.58,1024,576
sample_0099,ScienceDB,BCS_4.25,D:\cattle-health-monitoring-multi-task-model\datasets\bcs\sciencedb_bcs\dataset\4.25\GS_1119_2.jpg,FasterRCNN_v2,1,3,detected,3.59,5.05,289.21,570.85,0.915,492.38,1024,576
sample_0099,ScienceDB,BCS_4.25,D:\cattle-health-monitoring-multi-task-model\datasets\bcs\sciencedb_bcs\dataset\4.25\GS_1119_2.jpg,FasterRCNN_v2,2,3,detected,4.13,280.15,316.25,571.81,0.706,492.38,1024,576
sample_0099,ScienceDB,BCS_4.25,D:\cattle-health-monitoring-multi-task-model\datasets\bcs\sciencedb_bcs\dataset\4.25\GS_1119_2.jpg,FasterRCNN_v2,3,3,detected,165.41,6.22,885.02,567.85,0.2948,492.38,1024,576
sample_0099,ScienceDB,BCS_4.25,D:\cattle-health-monitoring-multi-task-model\datasets\bcs\sciencedb_bcs\dataset\4.25\GS_1119_2.jpg,RT-DETR-L,1,1,detected,193.25,0.05,951.12,576.04,0.7878,93.97,1024,576
sample_0100,ScienceDB,BCS_4.25,D:\cattle-health-monitoring-multi-task-model\datasets\bcs\sciencedb_bcs\dataset\4.25\YM_723_8.jpg,YOLOv8s,1,4,detected,518.98,0.67,826.9,541.1,0.881,23.75,1024,576
sample_0100,ScienceDB,BCS_4.25,D:\cattle-health-monitoring-multi-task-model\datasets\bcs\sciencedb_bcs\dataset\4.25\YM_723_8.jpg,YOLOv8s,2,4,detected,101.27,1.23,204.81,121.8,0.5251,23.75,1024,576
sample_0100,ScienceDB,BCS_4.25,D:\cattle-health-monitoring-multi-task-model\datasets\bcs\sciencedb_bcs\dataset\4.25\YM_723_8.jpg,YOLOv8s,3,4,detected,0.12,6.06,90.9,250.21,0.4974,23.75,1024,576
sample_0100,ScienceDB,BCS_4.25,D:\cattle-health-monitoring-multi-task-model\datasets\bcs\sciencedb_bcs\dataset\4.25\YM_723_8.jpg,YOLOv8s,4,4,detected,0.45,7.59,90.54,177.46,0.3318,23.75,1024,576
sample_0100,ScienceDB,BCS_4.25,D:\cattle-health-monitoring-multi-task-model\datasets\bcs\sciencedb_bcs\dataset\4.25\YM_723_8.jpg,FasterRCNN_v2,1,8,detected,511.04,0.28,844.2,546.86,0.9599,489.8,1024,576
sample_0100,ScienceDB,BCS_4.25,D:\cattle-health-monitoring-multi-task-model\datasets\bcs\sciencedb_bcs\dataset\4.25\YM_723_8.jpg,FasterRCNN_v2,2,8,detected,3.0,4.17,110.97,166.7,0.9451,489.8,1024,576
sample_0100,ScienceDB,BCS_4.25,D:\cattle-health-monitoring-multi-task-model\datasets\bcs\sciencedb_bcs\dataset\4.25\YM_723_8.jpg,FasterRCNN_v2,3,8,detected,0.57,14.27,80.78,239.94,0.6641,489.8,1024,576
sample_0100,ScienceDB,BCS_4.25,D:\cattle-health-monitoring-multi-task-model\datasets\bcs\sciencedb_bcs\dataset\4.25\YM_723_8.jpg,FasterRCNN_v2,4,8,detected,0.26,49.22,41.26,153.93,0.613,489.8,1024,576
sample_0100,ScienceDB,BCS_4.25,D:\cattle-health-monitoring-multi-task-model\datasets\bcs\sciencedb_bcs\dataset\4.25\YM_723_8.jpg,FasterRCNN_v2,5,8,detected,34.92,70.74,90.68,175.44,0.5825,489.8,1024,576
sample_0100,ScienceDB,BCS_4.25,D:\cattle-health-monitoring-multi-task-model\datasets\bcs\sciencedb_bcs\dataset\4.25\YM_723_8.jpg,FasterRCNN_v2,6,8,detected,92.36,1.1,235.38,123.31,0.5741,489.8,1024,576
sample_0100,ScienceDB,BCS_4.25,D:\cattle-health-monitoring-multi-task-model\datasets\bcs\sciencedb_bcs\dataset\4.25\YM_723_8.jpg,FasterRCNN_v2,7,8,detected,15.12,0.23,178.63,108.7,0.5234,489.8,1024,576
sample_0100,ScienceDB,BCS_4.25,D:\cattle-health-monitoring-multi-task-model\datasets\bcs\sciencedb_bcs\dataset\4.25\YM_723_8.jpg,FasterRCNN_v2,8,8,detected,94.15,0.0,151.07,97.04,0.4834,489.8,1024,576
sample_0100,ScienceDB,BCS_4.25,D:\cattle-health-monitoring-multi-task-model\datasets\bcs\sciencedb_bcs\dataset\4.25\YM_723_8.jpg,RT-DETR-L,1,8,detected,520.82,1.03,839.25,538.69,0.9614,93.94,1024,576
sample_0100,ScienceDB,BCS_4.25,D:\cattle-health-monitoring-multi-task-model\datasets\bcs\sciencedb_bcs\dataset\4.25\YM_723_8.jpg,RT-DETR-L,2,8,detected,101.99,-0.04,257.61,119.05,0.6762,93.94,1024,576
sample_0100,ScienceDB,BCS_4.25,D:\cattle-health-monitoring-multi-task-model\datasets\bcs\sciencedb_bcs\dataset\4.25\YM_723_8.jpg,RT-DETR-L,3,8,detected,0.07,0.57,111.26,177.87,0.5036,93.94,1024,576
sample_0100,ScienceDB,BCS_4.25,D:\cattle-health-monitoring-multi-task-model\datasets\bcs\sciencedb_bcs\dataset\4.25\YM_723_8.jpg,RT-DETR-L,4,8,detected,-0.26,35.42,110.01,177.3,0.3856,93.94,1024,576
sample_0100,ScienceDB,BCS_4.25,D:\cattle-health-monitoring-multi-task-model\datasets\bcs\sciencedb_bcs\dataset\4.25\YM_723_8.jpg,RT-DETR-L,5,8,detected,-0.14,0.98,112.74,251.14,0.3608,93.94,1024,576
sample_0100,ScienceDB,BCS_4.25,D:\cattle-health-monitoring-multi-task-model\datasets\bcs\sciencedb_bcs\dataset\4.25\YM_723_8.jpg,RT-DETR-L,6,8,detected,2.83,-0.26,257.14,121.34,0.3406,93.94,1024,576
sample_0100,ScienceDB,BCS_4.25,D:\cattle-health-monitoring-multi-task-model\datasets\bcs\sciencedb_bcs\dataset\4.25\YM_723_8.jpg,RT-DETR-L,7,8,detected,0.86,-0.18,113.17,122.04,0.2805,93.94,1024,576
sample_0100,ScienceDB,BCS_4.25,D:\cattle-health-monitoring-multi-task-model\datasets\bcs\sciencedb_bcs\dataset\4.25\YM_723_8.jpg,RT-DETR-L,8,8,detected,675.76,440.56,904.77,575.36,0.2738,93.94,1024,576
sample_0101,MmCows,Behavior_Lying,datasets/behavior/mmcows/cropped_bboxes/behaviors/7/1690305476_12-17-56_2_2.jpg,YOLOv8s,0,0,no_detection,,,,,,34.28,385,234
sample_0101,MmCows,Behavior_Lying,datasets/behavior/mmcows/cropped_bboxes/behaviors/7/1690305476_12-17-56_2_2.jpg,FasterRCNN_v2,1,1,detected,149.8,0.84,385.0,232.18,0.439,503.68,385,234
sample_0101,MmCows,Behavior_Lying,datasets/behavior/mmcows/cropped_bboxes/behaviors/7/1690305476_12-17-56_2_2.jpg,RT-DETR-L,0,0,no_detection,,,,,,93.95,385,234
sample_0102,MmCows,Behavior_Lying,datasets/behavior/mmcows/cropped_bboxes/behaviors/7/1690315496_15-04-56_3_2.jpg,YOLOv8s,0,0,no_detection,,,,,,24.19,427,254
sample_0102,MmCows,Behavior_Lying,datasets/behavior/mmcows/cropped_bboxes/behaviors/7/1690315496_15-04-56_3_2.jpg,FasterRCNN_v2,1,5,detected,103.34,0.55,409.1,234.47,0.6426,506.08,427,254
sample_0102,MmCows,Behavior_Lying,datasets/behavior/mmcows/cropped_bboxes/behaviors/7/1690315496_15-04-56_3_2.jpg,FasterRCNN_v2,2,5,detected,291.54,0.0,427.0,115.92,0.5986,506.08,427,254
sample_0102,MmCows,Behavior_Lying,datasets/behavior/mmcows/cropped_bboxes/behaviors/7/1690315496_15-04-56_3_2.jpg,FasterRCNN_v2,3,5,detected,145.66,0.0,407.62,133.86,0.3827,506.08,427,254
sample_0102,MmCows,Behavior_Lying,datasets/behavior/mmcows/cropped_bboxes/behaviors/7/1690315496_15-04-56_3_2.jpg,FasterRCNN_v2,4,5,detected,69.02,0.14,322.83,90.37,0.34,506.08,427,254
sample_0102,MmCows,Behavior_Lying,datasets/behavior/mmcows/cropped_bboxes/behaviors/7/1690315496_15-04-56_3_2.jpg,FasterRCNN_v2,5,5,detected,250.58,129.94,426.49,252.38,0.3219,506.08,427,254
sample_0102,MmCows,Behavior_Lying,datasets/behavior/mmcows/cropped_bboxes/behaviors/7/1690315496_15-04-56_3_2.jpg,RT-DETR-L,0,0,no_detection,,,,,,94.07,427,254
sample_0103,MmCows,Behavior_Lying,datasets/behavior/mmcows/cropped_bboxes/behaviors/7/1690294961_09-22-41_13_1.jpg,YOLOv8s,0,0,no_detection,,,,,,34.06,534,171
sample_0103,MmCows,Behavior_Lying,datasets/behavior/mmcows/cropped_bboxes/behaviors/7/1690294961_09-22-41_13_1.jpg,FasterRCNN_v2,1,4,detected,419.66,63.43,533.97,132.87,0.8103,357.94,534,171
sample_0103,MmCows,Behavior_Lying,datasets/behavior/mmcows/cropped_bboxes/behaviors/7/1690294961_09-22-41_13_1.jpg,FasterRCNN_v2,2,4,detected,241.86,46.98,451.91,151.97,0.6485,357.94,534,171
sample_0103,MmCows,Behavior_Lying,datasets/behavior/mmcows/cropped_bboxes/behaviors/7/1690294961_09-22-41_13_1.jpg,FasterRCNN_v2,3,4,detected,345.13,45.13,498.1,135.47,0.4745,357.94,534,171
sample_0103,MmCows,Behavior_Lying,datasets/behavior/mmcows/cropped_bboxes/behaviors/7/1690294961_09-22-41_13_1.jpg,FasterRCNN_v2,4,4,detected,396.89,90.68,534.0,147.62,0.2609,357.94,534,171
sample_0103,MmCows,Behavior_Lying,datasets/behavior/mmcows/cropped_bboxes/behaviors/7/1690294961_09-22-41_13_1.jpg,RT-DETR-L,0,0,no_detection,,,,,,93.98,534,171
sample_0104,MmCows,Behavior_Lying,datasets/behavior/mmcows/cropped_bboxes/behaviors/7/1690310816_13-46-56_1_4.jpg,YOLOv8s,0,0,no_detection,,,,,,34.02,379,179
sample_0104,MmCows,Behavior_Lying,datasets/behavior/mmcows/cropped_bboxes/behaviors/7/1690310816_13-46-56_1_4.jpg,FasterRCNN_v2,0,0,no_detection,,,,,,433.37,379,179
sample_0104,MmCows,Behavior_Lying,datasets/behavior/mmcows/cropped_bboxes/behaviors/7/1690310816_13-46-56_1_4.jpg,RT-DETR-L,1,1,detected,60.34,12.43,272.82,156.6,0.3528,94.83,379,179
sample_0105,MmCows,Behavior_Lying,datasets/behavior/mmcows/cropped_bboxes/behaviors/7/1690344881_23-14-41_6_3.jpg,YOLOv8s,0,0,no_detection,,,,,,21.49,500,321
sample_0105,MmCows,Behavior_Lying,datasets/behavior/mmcows/cropped_bboxes/behaviors/7/1690344881_23-14-41_6_3.jpg,FasterRCNN_v2,1,5,detected,238.66,47.63,500.0,321.0,0.9903,462.81,500,321
sample_0105,MmCows,Behavior_Lying,datasets/behavior/mmcows/cropped_bboxes/behaviors/7/1690344881_23-14-41_6_3.jpg,FasterRCNN_v2,2,5,detected,32.32,12.34,471.79,320.62,0.9457,462.81,500,321
sample_0105,MmCows,Behavior_Lying,datasets/behavior/mmcows/cropped_bboxes/behaviors/7/1690344881_23-14-41_6_3.jpg,FasterRCNN_v2,3,5,detected,0.0,0.88,450.36,171.66,0.8603,462.81,500,321
sample_0105,MmCows,Behavior_Lying,datasets/behavior/mmcows/cropped_bboxes/behaviors/7/1690344881_23-14-41_6_3.jpg,FasterRCNN_v2,4,5,detected,0.15,0.0,257.43,146.51,0.2933,462.81,500,321
sample_0105,MmCows,Behavior_Lying,datasets/behavior/mmcows/cropped_bboxes/behaviors/7/1690344881_23-14-41_6_3.jpg,FasterRCNN_v2,5,5,detected,374.97,11.51,499.54,99.68,0.2621,462.81,500,321
sample_0105,MmCows,Behavior_Lying,datasets/behavior/mmcows/cropped_bboxes/behaviors/7/1690344881_23-14-41_6_3.jpg,RT-DETR-L,1,7,detected,0.02,-0.39,500.0,320.61,0.494,93.87,500,321
sample_0105,MmCows,Behavior_Lying,datasets/behavior/mmcows/cropped_bboxes/behaviors/7/1690344881_23-14-41_6_3.jpg,RT-DETR-L,2,7,detected,-0.07,17.42,378.17,320.23,0.4257,93.87,500,321
sample_0105,MmCows,Behavior_Lying,datasets/behavior/mmcows/cropped_bboxes/behaviors/7/1690344881_23-14-41_6_3.jpg,RT-DETR-L,3,7,detected,-0.02,30.35,499.88,320.96,0.3976,93.87,500,321
sample_0105,MmCows,Behavior_Lying,datasets/behavior/mmcows/cropped_bboxes/behaviors/7/1690344881_23-14-41_6_3.jpg,RT-DETR-L,4,7,detected,0.25,2.25,422.95,320.74,0.2942,93.87,500,321
sample_0105,MmCows,Behavior_Lying,datasets/behavior/mmcows/cropped_bboxes/behaviors/7/1690344881_23-14-41_6_3.jpg,RT-DETR-L,5,7,detected,246.65,94.15,499.97,321.03,0.291,93.87,500,321
sample_0105,MmCows,Behavior_Lying,datasets/behavior/mmcows/cropped_bboxes/behaviors/7/1690344881_23-14-41_6_3.jpg,RT-DETR-L,6,7,detected,0.38,0.06,368.91,320.97,0.2822,93.87,500,321
sample_0105,MmCows,Behavior_Lying,datasets/behavior/mmcows/cropped_bboxes/behaviors/7/1690344881_23-14-41_6_3.jpg,RT-DETR-L,7,7,detected,0.25,-0.06,317.41,158.13,0.2537,93.87,500,321
sample_0106,MmCows,Behavior_Lying,datasets/behavior/mmcows/cropped_bboxes/behaviors/7/1690330451_19-14-11_3_3.jpg,YOLOv8s,0,0,no_detection,,,,,,20.16,314,195
sample_0106,MmCows,Behavior_Lying,datasets/behavior/mmcows/cropped_bboxes/behaviors/7/1690330451_19-14-11_3_3.jpg,FasterRCNN_v2,1,2,detected,0.82,4.78,225.66,192.21,0.7146,474.55,314,195
sample_0106,MmCows,Behavior_Lying,datasets/behavior/mmcows/cropped_bboxes/behaviors/7/1690330451_19-14-11_3_3.jpg,FasterRCNN_v2,2,2,detected,0.0,78.14,184.57,192.99,0.423,474.55,314,195
sample_0106,MmCows,Behavior_Lying,datasets/behavior/mmcows/cropped_bboxes/behaviors/7/1690330451_19-14-11_3_3.jpg,RT-DETR-L,0,0,no_detection,,,,,,93.55,314,195
sample_0107,MmCows,Behavior_Lying,datasets/behavior/mmcows/cropped_bboxes/behaviors/7/1690345676_23-27-56_4_2.jpg,YOLOv8s,0,0,no_detection,,,,,,50.17,433,162
sample_0107,MmCows,Behavior_Lying,datasets/behavior/mmcows/cropped_bboxes/behaviors/7/1690345676_23-27-56_4_2.jpg,FasterRCNN_v2,1,1,detected,239.94,64.71,427.15,159.18,0.29,385.68,433,162
sample_0107,MmCows,Behavior_Lying,datasets/behavior/mmcows/cropped_bboxes/behaviors/7/1690345676_23-27-56_4_2.jpg,RT-DETR-L,1,1,detected,315.36,63.12,433.23,162.01,0.3938,94.74,433,162
sample_0108,MmCows,Behavior_Lying,datasets/behavior/mmcows/cropped_bboxes/behaviors/7/1690284566_06-29-26_9_4.jpg,YOLOv8s,0,0,no_detection,,,,,,39.29,291,192
sample_0108,MmCows,Behavior_Lying,datasets/behavior/mmcows/cropped_bboxes/behaviors/7/1690284566_06-29-26_9_4.jpg,FasterRCNN_v2,1,2,detected,29.9,117.51,283.73,189.97,0.5482,448.91,291,192
sample_0108,MmCows,Behavior_Lying,datasets/behavior/mmcows/cropped_bboxes/behaviors/7/1690284566_06-29-26_9_4.jpg,FasterRCNN_v2,2,2,detected,93.08,146.58,207.9,191.98,0.266,448.91,291,192
sample_0108,MmCows,Behavior_Lying,datasets/behavior/mmcows/cropped_bboxes/behaviors/7/1690284566_06-29-26_9_4.jpg,RT-DETR-L,0,0,no_detection,,,,,,93.99,291,192
sample_0109,MmCows,Behavior_Lying,datasets/behavior/mmcows/cropped_bboxes/behaviors/7/1690283996_06-19-56_2_4.jpg,YOLOv8s,0,0,no_detection,,,,,,18.34,519,194
sample_0109,MmCows,Behavior_Lying,datasets/behavior/mmcows/cropped_bboxes/behaviors/7/1690283996_06-19-56_2_4.jpg,FasterRCNN_v2,1,3,detected,44.13,4.72,432.83,175.37,0.5559,378.01,519,194
sample_0109,MmCows,Behavior_Lying,datasets/behavior/mmcows/cropped_bboxes/behaviors/7/1690283996_06-19-56_2_4.jpg,FasterRCNN_v2,2,3,detected,403.62,0.65,519.0,145.01,0.5523,378.01,519,194
sample_0109,MmCows,Behavior_Lying,datasets/behavior/mmcows/cropped_bboxes/behaviors/7/1690283996_06-19-56_2_4.jpg,FasterRCNN_v2,3,3,detected,240.29,0.0,506.67,166.32,0.3222,378.01,519,194
sample_0109,MmCows,Behavior_Lying,datasets/behavior/mmcows/cropped_bboxes/behaviors/7/1690283996_06-19-56_2_4.jpg,RT-DETR-L,1,5,detected,406.62,-0.11,519.18,85.98,0.3139,94.33,519,194
sample_0109,MmCows,Behavior_Lying,datasets/behavior/mmcows/cropped_bboxes/behaviors/7/1690283996_06-19-56_2_4.jpg,RT-DETR-L,2,5,detected,34.48,34.99,183.18,137.52,0.286,94.33,519,194
sample_0109,MmCows,Behavior_Lying,datasets/behavior/mmcows/cropped_bboxes/behaviors/7/1690283996_06-19-56_2_4.jpg,RT-DETR-L,3,5,detected,220.28,-0.15,365.67,59.6,0.2838,94.33,519,194
sample_0109,MmCows,Behavior_Lying,datasets/behavior/mmcows/cropped_bboxes/behaviors/7/1690283996_06-19-56_2_4.jpg,RT-DETR-L,4,5,detected,35.11,34.57,181.13,110.91,0.2736,94.33,519,194
sample_0109,MmCows,Behavior_Lying,datasets/behavior/mmcows/cropped_bboxes/behaviors/7/1690283996_06-19-56_2_4.jpg,RT-DETR-L,5,5,detected,406.92,0.11,518.93,155.17,0.2706,94.33,519,194
sample_0110,MmCows,Behavior_Lying,datasets/behavior/mmcows/cropped_bboxes/behaviors/7/1690299986_10-46-26_3_3.jpg,YOLOv8s,0,0,no_detection,,,,,,54.06,398,318
sample_0110,MmCows,Behavior_Lying,datasets/behavior/mmcows/cropped_bboxes/behaviors/7/1690299986_10-46-26_3_3.jpg,FasterRCNN_v2,1,6,detected,27.45,0.11,396.3,317.78,0.9791,408.61,398,318
sample_0110,MmCows,Behavior_Lying,datasets/behavior/mmcows/cropped_bboxes/behaviors/7/1690299986_10-46-26_3_3.jpg,FasterRCNN_v2,2,6,detected,277.58,0.0,397.95,231.25,0.7423,408.61,398,318
sample_0110,MmCows,Behavior_Lying,datasets/behavior/mmcows/cropped_bboxes/behaviors/7/1690299986_10-46-26_3_3.jpg,FasterRCNN_v2,3,6,detected,3.99,0.0,222.06,312.15,0.733,408.61,398,318
sample_0110,MmCows,Behavior_Lying,datasets/behavior/mmcows/cropped_bboxes/behaviors/7/1690299986_10-46-26_3_3.jpg,FasterRCNN_v2,4,6,detected,2.23,0.99,105.78,267.82,0.3851,408.61,398,318
sample_0110,MmCows,Behavior_Lying,datasets/behavior/mmcows/cropped_bboxes/behaviors/7/1690299986_10-46-26_3_3.jpg,FasterRCNN_v2,5,6,detected,0.0,0.27,332.42,82.48,0.3833,408.61,398,318
sample_0110,MmCows,Behavior_Lying,datasets/behavior/mmcows/cropped_bboxes/behaviors/7/1690299986_10-46-26_3_3.jpg,FasterRCNN_v2,6,6,detected,0.0,0.0,22.93,133.95,0.2788,408.61,398,318
sample_0110,MmCows,Behavior_Lying,datasets/behavior/mmcows/cropped_bboxes/behaviors/7/1690299986_10-46-26_3_3.jpg,RT-DETR-L,1,4,detected,0.01,0.42,397.98,309.41,0.9208,94.4,398,318
sample_0110,MmCows,Behavior_Lying,datasets/behavior/mmcows/cropped_bboxes/behaviors/7/1690299986_10-46-26_3_3.jpg,RT-DETR-L,2,4,detected,237.22,0.22,397.98,91.18,0.3086,94.4,398,318
sample_0110,MmCows,Behavior_Lying,datasets/behavior/mmcows/cropped_bboxes/behaviors/7/1690299986_10-46-26_3_3.jpg,RT-DETR-L,3,4,detected,0.26,0.14,314.63,200.12,0.2827,94.4,398,318
sample_0110,MmCows,Behavior_Lying,datasets/behavior/mmcows/cropped_bboxes/behaviors/7/1690299986_10-46-26_3_3.jpg,RT-DETR-L,4,4,detected,224.45,0.65,397.97,254.88,0.2797,94.4,398,318
sample_0111,MmCows,Behavior_Lying,datasets/behavior/mmcows/cropped_bboxes/behaviors/7/1690298591_10-23-11_11_2.jpg,YOLOv8s,1,2,detected,0.38,0.44,530.48,355.85,0.2913,27.12,538,372
sample_0111,MmCows,Behavior_Lying,datasets/behavior/mmcows/cropped_bboxes/behaviors/7/1690298591_10-23-11_11_2.jpg,YOLOv8s,2,2,detected,145.96,0.0,490.03,288.34,0.2701,27.12,538,372
sample_0111,MmCows,Behavior_Lying,datasets/behavior/mmcows/cropped_bboxes/behaviors/7/1690298591_10-23-11_11_2.jpg,FasterRCNN_v2,1,6,detected,18.04,22.43,538.0,357.41,0.9585,446.08,538,372
sample_0111,MmCows,Behavior_Lying,datasets/behavior/mmcows/cropped_bboxes/behaviors/7/1690298591_10-23-11_11_2.jpg,FasterRCNN_v2,2,6,detected,102.99,0.14,427.23,168.26,0.8216,446.08,538,372
sample_0111,MmCows,Behavior_Lying,datasets/behavior/mmcows/cropped_bboxes/behaviors/7/1690298591_10-23-11_11_2.jpg,FasterRCNN_v2,3,6,detected,305.11,10.12,533.86,175.1,0.5,446.08,538,372
sample_0111,MmCows,Behavior_Lying,datasets/behavior/mmcows/cropped_bboxes/behaviors/7/1690298591_10-23-11_11_2.jpg,FasterRCNN_v2,4,6,detected,11.33,0.0,303.81,216.13,0.4947,446.08,538,372
sample_0111,MmCows,Behavior_Lying,datasets/behavior/mmcows/cropped_bboxes/behaviors/7/1690298591_10-23-11_11_2.jpg,FasterRCNN_v2,5,6,detected,4.26,0.0,158.4,205.58,0.4227,446.08,538,372
sample_0111,MmCows,Behavior_Lying,datasets/behavior/mmcows/cropped_bboxes/behaviors/7/1690298591_10-23-11_11_2.jpg,FasterRCNN_v2,6,6,detected,177.68,0.0,526.17,212.15,0.366,446.08,538,372
sample_0111,MmCows,Behavior_Lying,datasets/behavior/mmcows/cropped_bboxes/behaviors/7/1690298591_10-23-11_11_2.jpg,RT-DETR-L,1,15,detected,165.88,86.7,537.93,371.59,0.7454,94.47,538,372
sample_0111,MmCows,Behavior_Lying,datasets/behavior/mmcows/cropped_bboxes/behaviors/7/1690298591_10-23-11_11_2.jpg,RT-DETR-L,2,15,detected,350.71,13.26,537.81,146.99,0.4381,94.47,538,372
sample_0111,MmCows,Behavior_Lying,datasets/behavior/mmcows/cropped_bboxes/behaviors/7/1690298591_10-23-11_11_2.jpg,RT-DETR-L,3,15,detected,4.0,0.73,138.68,205.11,0.4169,94.47,538,372
sample_0111,MmCows,Behavior_Lying,datasets/behavior/mmcows/cropped_bboxes/behaviors/7/1690298591_10-23-11_11_2.jpg,RT-DETR-L,4,15,detected,95.54,0.18,378.41,149.21,0.3791,94.47,538,372
sample_0111,MmCows,Behavior_Lying,datasets/behavior/mmcows/cropped_bboxes/behaviors/7/1690298591_10-23-11_11_2.jpg,RT-DETR-L,5,15,detected,3.54,0.44,222.27,210.16,0.3419,94.47,538,372
sample_0111,MmCows,Behavior_Lying,datasets/behavior/mmcows/cropped_bboxes/behaviors/7/1690298591_10-23-11_11_2.jpg,RT-DETR-L,6,15,detected,0.71,0.05,538.71,372.04,0.3136,94.47,538,372
sample_0111,MmCows,Behavior_Lying,datasets/behavior/mmcows/cropped_bboxes/behaviors/7/1690298591_10-23-11_11_2.jpg,RT-DETR-L,7,15,detected,206.98,0.37,537.79,153.09,0.3113,94.47,538,372
sample_0111,MmCows,Behavior_Lying,datasets/behavior/mmcows/cropped_bboxes/behaviors/7/1690298591_10-23-11_11_2.jpg,RT-DETR-L,8,15,detected,97.02,0.17,367.74,115.01,0.3101,94.47,538,372
sample_0111,MmCows,Behavior_Lying,datasets/behavior/mmcows/cropped_bboxes/behaviors/7/1690298591_10-23-11_11_2.jpg,RT-DETR-L,9,15,detected,91.87,-0.18,536.95,162.69,0.2873,94.47,538,372
sample_0111,MmCows,Behavior_Lying,datasets/behavior/mmcows/cropped_bboxes/behaviors/7/1690298591_10-23-11_11_2.jpg,RT-DETR-L,10,15,detected,291.55,9.29,537.67,171.6,0.2846,94.47,538,372
sample_0111,MmCows,Behavior_Lying,datasets/behavior/mmcows/cropped_bboxes/behaviors/7/1690298591_10-23-11_11_2.jpg,RT-DETR-L,11,15,detected,4.33,-0.03,368.66,207.57,0.2797,94.47,538,372
sample_0111,MmCows,Behavior_Lying,datasets/behavior/mmcows/cropped_bboxes/behaviors/7/1690298591_10-23-11_11_2.jpg,RT-DETR-L,12,15,detected,205.95,0.65,368.07,119.91,0.2685,94.47,538,372
sample_0111,MmCows,Behavior_Lying,datasets/behavior/mmcows/cropped_bboxes/behaviors/7/1690298591_10-23-11_11_2.jpg,RT-DETR-L,13,15,detected,201.34,0.62,377.76,145.86,0.2627,94.47,538,372
sample_0111,MmCows,Behavior_Lying,datasets/behavior/mmcows/cropped_bboxes/behaviors/7/1690298591_10-23-11_11_2.jpg,RT-DETR-L,14,15,detected,95.38,0.21,485.66,168.23,0.2612,94.47,538,372
sample_0111,MmCows,Behavior_Lying,datasets/behavior/mmcows/cropped_bboxes/behaviors/7/1690298591_10-23-11_11_2.jpg,RT-DETR-L,15,15,detected,3.54,0.02,367.64,205.17,0.2583,94.47,538,372
sample_0112,MmCows,Behavior_Lying,datasets/behavior/mmcows/cropped_bboxes/behaviors/7/1690312031_14-07-11_5_1.jpg,YOLOv8s,1,1,detected,0.05,51.19,234.85,280.86,0.7572,27.02,754,286
sample_0112,MmCows,Behavior_Lying,datasets/behavior/mmcows/cropped_bboxes/behaviors/7/1690312031_14-07-11_5_1.jpg,FasterRCNN_v2,1,5,detected,3.54,20.41,232.52,280.79,0.9762,380.48,754,286
sample_0112,MmCows,Behavior_Lying,datasets/behavior/mmcows/cropped_bboxes/behaviors/7/1690312031_14-07-11_5_1.jpg,FasterRCNN_v2,2,5,detected,1.59,20.9,165.24,158.32,0.6783,380.48,754,286
sample_0112,MmCows,Behavior_Lying,datasets/behavior/mmcows/cropped_bboxes/behaviors/7/1690312031_14-07-11_5_1.jpg,FasterRCNN_v2,3,5,detected,3.02,1.73,224.48,110.62,0.523,380.48,754,286
sample_0112,MmCows,Behavior_Lying,datasets/behavior/mmcows/cropped_bboxes/behaviors/7/1690312031_14-07-11_5_1.jpg,FasterRCNN_v2,4,5,detected,394.45,1.43,738.22,166.99,0.4692,380.48,754,286
sample_0112,MmCows,Behavior_Lying,datasets/behavior/mmcows/cropped_bboxes/behaviors/7/1690312031_14-07-11_5_1.jpg,FasterRCNN_v2,5,5,detected,54.21,0.0,344.42,96.66,0.4071,380.48,754,286
sample_0112,MmCows,Behavior_Lying,datasets/behavior/mmcows/cropped_bboxes/behaviors/7/1690312031_14-07-11_5_1.jpg,RT-DETR-L,1,6,detected,-0.22,49.26,241.27,286.09,0.6508,94.47,754,286
sample_0112,MmCows,Behavior_Lying,datasets/behavior/mmcows/cropped_bboxes/behaviors/7/1690312031_14-07-11_5_1.jpg,RT-DETR-L,2,6,detected,267.79,0.11,638.55,206.7,0.4646,94.47,754,286
sample_0112,MmCows,Behavior_Lying,datasets/behavior/mmcows/cropped_bboxes/behaviors/7/1690312031_14-07-11_5_1.jpg,RT-DETR-L,3,6,detected,0.41,0.62,239.45,285.65,0.3425,94.47,754,286
sample_0112,MmCows,Behavior_Lying,datasets/behavior/mmcows/cropped_bboxes/behaviors/7/1690312031_14-07-11_5_1.jpg,RT-DETR-L,4,6,detected,403.3,0.36,633.67,194.44,0.2986,94.47,754,286
sample_0112,MmCows,Behavior_Lying,datasets/behavior/mmcows/cropped_bboxes/behaviors/7/1690312031_14-07-11_5_1.jpg,RT-DETR-L,5,6,detected,581.1,0.36,754.07,116.56,0.2871,94.47,754,286
sample_0112,MmCows,Behavior_Lying,datasets/behavior/mmcows/cropped_bboxes/behaviors/7/1690312031_14-07-11_5_1.jpg,RT-DETR-L,6,6,detected,580.03,0.46,753.85,177.93,0.2732,94.47,754,286
sample_0113,MmCows,Behavior_Lying,datasets/behavior/mmcows/cropped_bboxes/behaviors/7/1690335761_20-42-41_2_1.jpg,YOLOv8s,0,0,no_detection,,,,,,17.99,572,184
sample_0113,MmCows,Behavior_Lying,datasets/behavior/mmcows/cropped_bboxes/behaviors/7/1690335761_20-42-41_2_1.jpg,FasterRCNN_v2,1,5,detected,24.82,2.53,521.31,182.05,0.959,358.23,572,184
sample_0113,MmCows,Behavior_Lying,datasets/behavior/mmcows/cropped_bboxes/behaviors/7/1690335761_20-42-41_2_1.jpg,FasterRCNN_v2,2,5,detected,195.06,10.1,557.37,111.48,0.8158,358.23,572,184
sample_0113,MmCows,Behavior_Lying,datasets/behavior/mmcows/cropped_bboxes/behaviors/7/1690335761_20-42-41_2_1.jpg,FasterRCNN_v2,3,5,detected,310.55,37.03,549.33,105.58,0.7037,358.23,572,184
sample_0113,MmCows,Behavior_Lying,datasets/behavior/mmcows/cropped_bboxes/behaviors/7/1690335761_20-42-41_2_1.jpg,FasterRCNN_v2,4,5,detected,279.54,58.33,570.09,181.44,0.5718,358.23,572,184
sample_0113,MmCows,Behavior_Lying,datasets/behavior/mmcows/cropped_bboxes/behaviors/7/1690335761_20-42-41_2_1.jpg,FasterRCNN_v2,5,5,detected,18.71,0.0,421.49,112.43,0.3856,358.23,572,184
sample_0113,MmCows,Behavior_Lying,datasets/behavior/mmcows/cropped_bboxes/behaviors/7/1690335761_20-42-41_2_1.jpg,RT-DETR-L,1,8,detected,5.16,0.01,573.19,184.0,0.6773,94.28,572,184
sample_0113,MmCows,Behavior_Lying,datasets/behavior/mmcows/cropped_bboxes/behaviors/7/1690335761_20-42-41_2_1.jpg,RT-DETR-L,2,8,detected,10.1,32.97,217.51,183.82,0.3556,94.28,572,184
sample_0113,MmCows,Behavior_Lying,datasets/behavior/mmcows/cropped_bboxes/behaviors/7/1690335761_20-42-41_2_1.jpg,RT-DETR-L,3,8,detected,95.85,55.46,570.76,183.99,0.3471,94.28,572,184
sample_0113,MmCows,Behavior_Lying,datasets/behavior/mmcows/cropped_bboxes/behaviors/7/1690335761_20-42-41_2_1.jpg,RT-DETR-L,4,8,detected,94.62,16.75,571.66,183.74,0.3291,94.28,572,184
sample_0113,MmCows,Behavior_Lying,datasets/behavior/mmcows/cropped_bboxes/behaviors/7/1690335761_20-42-41_2_1.jpg,RT-DETR-L,5,8,detected,3.93,22.63,572.98,183.93,0.3181,94.28,572,184
sample_0113,MmCows,Behavior_Lying,datasets/behavior/mmcows/cropped_bboxes/behaviors/7/1690335761_20-42-41_2_1.jpg,RT-DETR-L,6,8,detected,10.61,31.76,320.18,183.62,0.3133,94.28,572,184
sample_0113,MmCows,Behavior_Lying,datasets/behavior/mmcows/cropped_bboxes/behaviors/7/1690335761_20-42-41_2_1.jpg,RT-DETR-L,7,8,detected,182.18,-0.06,571.27,107.83,0.2531,94.28,572,184
sample_0113,MmCows,Behavior_Lying,datasets/behavior/mmcows/cropped_bboxes/behaviors/7/1690335761_20-42-41_2_1.jpg,RT-DETR-L,8,8,detected,398.42,16.94,452.99,76.12,0.2523,94.28,572,184
sample_0114,MmCows,Behavior_Lying,datasets/behavior/mmcows/cropped_bboxes/behaviors/7/1690337426_21-10-26_7_2.jpg,YOLOv8s,0,0,no_detection,,,,,,22.48,387,218
sample_0114,MmCows,Behavior_Lying,datasets/behavior/mmcows/cropped_bboxes/behaviors/7/1690337426_21-10-26_7_2.jpg,FasterRCNN_v2,1,2,detected,1.06,50.41,122.71,216.32,0.8908,477.13,387,218
sample_0114,MmCows,Behavior_Lying,datasets/behavior/mmcows/cropped_bboxes/behaviors/7/1690337426_21-10-26_7_2.jpg,FasterRCNN_v2,2,2,detected,3.29,24.63,239.34,215.2,0.5212,477.13,387,218
sample_0114,MmCows,Behavior_Lying,datasets/behavior/mmcows/cropped_bboxes/behaviors/7/1690337426_21-10-26_7_2.jpg,RT-DETR-L,1,5,detected,-0.42,0.01,385.86,218.0,0.485,93.74,387,218
sample_0114,MmCows,Behavior_Lying,datasets/behavior/mmcows/cropped_bboxes/behaviors/7/1690337426_21-10-26_7_2.jpg,RT-DETR-L,2,5,detected,-0.03,45.72,138.79,218.02,0.4131,93.74,387,218
sample_0114,MmCows,Behavior_Lying,datasets/behavior/mmcows/cropped_bboxes/behaviors/7/1690337426_21-10-26_7_2.jpg,RT-DETR-L,3,5,detected,0.29,0.15,277.35,218.15,0.3039,93.74,387,218
sample_0114,MmCows,Behavior_Lying,datasets/behavior/mmcows/cropped_bboxes/behaviors/7/1690337426_21-10-26_7_2.jpg,RT-DETR-L,4,5,detected,0.03,20.77,135.36,217.96,0.2614,93.74,387,218
sample_0114,MmCows,Behavior_Lying,datasets/behavior/mmcows/cropped_bboxes/behaviors/7/1690337426_21-10-26_7_2.jpg,RT-DETR-L,5,5,detected,0.08,63.78,123.51,217.88,0.2517,93.74,387,218
sample_0115,MmCows,Behavior_Lying,datasets/behavior/mmcows/cropped_bboxes/behaviors/7/1690316036_15-13-56_1_2.jpg,YOLOv8s,0,0,no_detection,,,,,,18.22,380,142
sample_0115,MmCows,Behavior_Lying,datasets/behavior/mmcows/cropped_bboxes/behaviors/7/1690316036_15-13-56_1_2.jpg,FasterRCNN_v2,0,0,no_detection,,,,,,375.78,380,142
sample_0115,MmCows,Behavior_Lying,datasets/behavior/mmcows/cropped_bboxes/behaviors/7/1690316036_15-13-56_1_2.jpg,RT-DETR-L,0,0,no_detection,,,,,,94.07,380,142
sample_0116,MmCows,Behavior_Lying,datasets/behavior/mmcows/cropped_bboxes/behaviors/7/1690307051_12-44-11_3_1.jpg,YOLOv8s,0,0,no_detection,,,,,,20.33,477,178
sample_0116,MmCows,Behavior_Lying,datasets/behavior/mmcows/cropped_bboxes/behaviors/7/1690307051_12-44-11_3_1.jpg,FasterRCNN_v2,0,0,no_detection,,,,,,380.9,477,178
sample_0116,MmCows,Behavior_Lying,datasets/behavior/mmcows/cropped_bboxes/behaviors/7/1690307051_12-44-11_3_1.jpg,RT-DETR-L,0,0,no_detection,,,,,,93.92,477,178
sample_0117,MmCows,Behavior_Standing,datasets/behavior/mmcows/cropped_bboxes/behaviors/2/1690281116_05-31-56_2_4.jpg,YOLOv8s,1,2,detected,1.22,4.18,881.23,576.94,0.8946,22.89,950,594
sample_0117,MmCows,Behavior_Standing,datasets/behavior/mmcows/cropped_bboxes/behaviors/2/1690281116_05-31-56_2_4.jpg,YOLOv8s,2,2,detected,97.38,1.0,862.52,222.78,0.3704,22.89,950,594
sample_0117,MmCows,Behavior_Standing,datasets/behavior/mmcows/cropped_bboxes/behaviors/2/1690281116_05-31-56_2_4.jpg,FasterRCNN_v2,1,8,detected,9.59,9.66,785.3,578.01,0.9994,469.75,950,594
sample_0117,MmCows,Behavior_Standing,datasets/behavior/mmcows/cropped_bboxes/behaviors/2/1690281116_05-31-56_2_4.jpg,FasterRCNN_v2,2,8,detected,314.32,35.67,928.65,568.82,0.8546,469.75,950,594
sample_0117,MmCows,Behavior_Standing,datasets/behavior/mmcows/cropped_bboxes/behaviors/2/1690281116_05-31-56_2_4.jpg,FasterRCNN_v2,3,8,detected,410.88,0.62,857.52,209.32,0.8224,469.75,950,594
sample_0117,MmCows,Behavior_Standing,datasets/behavior/mmcows/cropped_bboxes/behaviors/2/1690281116_05-31-56_2_4.jpg,FasterRCNN_v2,4,8,detected,139.77,4.97,887.49,326.3,0.7675,469.75,950,594
sample_0117,MmCows,Behavior_Standing,datasets/behavior/mmcows/cropped_bboxes/behaviors/2/1690281116_05-31-56_2_4.jpg,FasterRCNN_v2,5,8,detected,649.72,0.27,838.26,75.8,0.7049,469.75,950,594
sample_0117,MmCows,Behavior_Standing,datasets/behavior/mmcows/cropped_bboxes/behaviors/2/1690281116_05-31-56_2_4.jpg,FasterRCNN_v2,6,8,detected,629.84,0.36,873.43,129.26,0.433,469.75,950,594
sample_0117,MmCows,Behavior_Standing,datasets/behavior/mmcows/cropped_bboxes/behaviors/2/1690281116_05-31-56_2_4.jpg,FasterRCNN_v2,7,8,detected,662.9,0.0,771.92,45.56,0.3786,469.75,950,594
sample_0117,MmCows,Behavior_Standing,datasets/behavior/mmcows/cropped_bboxes/behaviors/2/1690281116_05-31-56_2_4.jpg,FasterRCNN_v2,8,8,detected,24.31,1.01,785.46,160.01,0.276,469.75,950,594
sample_0117,MmCows,Behavior_Standing,datasets/behavior/mmcows/cropped_bboxes/behaviors/2/1690281116_05-31-56_2_4.jpg,RT-DETR-L,1,5,detected,2.84,0.68,943.91,579.7,0.9591,94.79,950,594
sample_0117,MmCows,Behavior_Standing,datasets/behavior/mmcows/cropped_bboxes/behaviors/2/1690281116_05-31-56_2_4.jpg,RT-DETR-L,2,5,detected,4.94,-0.46,869.16,229.62,0.3906,94.79,950,594
sample_0117,MmCows,Behavior_Standing,datasets/behavior/mmcows/cropped_bboxes/behaviors/2/1690281116_05-31-56_2_4.jpg,RT-DETR-L,3,5,detected,2.53,0.32,870.22,243.01,0.3122,94.79,950,594
sample_0117,MmCows,Behavior_Standing,datasets/behavior/mmcows/cropped_bboxes/behaviors/2/1690281116_05-31-56_2_4.jpg,RT-DETR-L,4,5,detected,116.28,-0.11,872.02,239.37,0.2546,94.79,950,594
sample_0117,MmCows,Behavior_Standing,datasets/behavior/mmcows/cropped_bboxes/behaviors/2/1690281116_05-31-56_2_4.jpg,RT-DETR-L,5,5,detected,227.39,0.11,870.05,237.01,0.2545,94.79,950,594
sample_0118,MmCows,Behavior_Standing,datasets/behavior/mmcows/cropped_bboxes/behaviors/2/1690309196_13-19-56_8_2.jpg,YOLOv8s,0,0,no_detection,,,,,,36.37,453,372
sample_0118,MmCows,Behavior_Standing,datasets/behavior/mmcows/cropped_bboxes/behaviors/2/1690309196_13-19-56_8_2.jpg,FasterRCNN_v2,1,1,detected,83.35,14.08,443.12,345.64,0.6429,408.8,453,372
sample_0118,MmCows,Behavior_Standing,datasets/behavior/mmcows/cropped_bboxes/behaviors/2/1690309196_13-19-56_8_2.jpg,RT-DETR-L,1,2,detected,107.1,27.64,445.2,358.85,0.8014,94.59,453,372
sample_0118,MmCows,Behavior_Standing,datasets/behavior/mmcows/cropped_bboxes/behaviors/2/1690309196_13-19-56_8_2.jpg,RT-DETR-L,2,2,detected,108.66,27.48,435.95,274.38,0.3098,94.59,453,372
sample_0119,MmCows,Behavior_Standing,datasets/behavior/mmcows/cropped_bboxes/behaviors/2/1690300991_11-03-11_5_2.jpg,YOLOv8s,0,0,no_detection,,,,,,33.54,156,201
sample_0119,MmCows,Behavior_Standing,datasets/behavior/mmcows/cropped_bboxes/behaviors/2/1690300991_11-03-11_5_2.jpg,FasterRCNN_v2,0,0,no_detection,,,,,,423.6,156,201
sample_0119,MmCows,Behavior_Standing,datasets/behavior/mmcows/cropped_bboxes/behaviors/2/1690300991_11-03-11_5_2.jpg,RT-DETR-L,1,4,detected,-0.03,0.05,155.97,201.04,0.6174,94.28,156,201
sample_0119,MmCows,Behavior_Standing,datasets/behavior/mmcows/cropped_bboxes/behaviors/2/1690300991_11-03-11_5_2.jpg,RT-DETR-L,2,4,detected,0.01,0.09,156.0,179.11,0.296,94.28,156,201
sample_0119,MmCows,Behavior_Standing,datasets/behavior/mmcows/cropped_bboxes/behaviors/2/1690300991_11-03-11_5_2.jpg,RT-DETR-L,3,4,detected,0.02,0.07,155.97,104.77,0.2782,94.28,156,201
sample_0119,MmCows,Behavior_Standing,datasets/behavior/mmcows/cropped_bboxes/behaviors/2/1690300991_11-03-11_5_2.jpg,RT-DETR-L,4,4,detected,-0.02,-0.05,155.97,154.11,0.2738,94.28,156,201
sample_0120,MmCows,Behavior_Standing,datasets/behavior/mmcows/cropped_bboxes/behaviors/2/1690290731_08-12-11_6_2.jpg,YOLOv8s,1,1,detected,10.4,1.01,366.38,123.41,0.428,22.1,367,182
sample_0120,MmCows,Behavior_Standing,datasets/behavior/mmcows/cropped_bboxes/behaviors/2/1690290731_08-12-11_6_2.jpg,FasterRCNN_v2,1,2,detected,48.32,0.0,364.81,150.94,0.8824,459.79,367,182
sample_0120,MmCows,Behavior_Standing,datasets/behavior/mmcows/cropped_bboxes/behaviors/2/1690290731_08-12-11_6_2.jpg,FasterRCNN_v2,2,2,detected,80.6,83.66,334.0,168.11,0.475,459.79,367,182
sample_0120,MmCows,Behavior_Standing,datasets/behavior/mmcows/cropped_bboxes/behaviors/2/1690290731_08-12-11_6_2.jpg,RT-DETR-L,1,6,detected,27.14,0.18,366.18,143.12,0.3933,94.23,367,182
sample_0120,MmCows,Behavior_Standing,datasets/behavior/mmcows/cropped_bboxes/behaviors/2/1690290731_08-12-11_6_2.jpg,RT-DETR-L,2,6,detected,31.83,0.24,365.96,123.04,0.387,94.23,367,182
sample_0120,MmCows,Behavior_Standing,datasets/behavior/mmcows/cropped_bboxes/behaviors/2/1690290731_08-12-11_6_2.jpg,RT-DETR-L,3,6,detected,23.41,0.69,366.37,181.05,0.3436,94.23,367,182
sample_0120,MmCows,Behavior_Standing,datasets/behavior/mmcows/cropped_bboxes/behaviors/2/1690290731_08-12-11_6_2.jpg,RT-DETR-L,4,6,detected,56.37,1.88,365.66,179.45,0.3044,94.23,367,182
sample_0120,MmCows,Behavior_Standing,datasets/behavior/mmcows/cropped_bboxes/behaviors/2/1690290731_08-12-11_6_2.jpg,RT-DETR-L,5,6,detected,11.61,0.69,364.08,175.73,0.2886,94.23,367,182
sample_0120,MmCows,Behavior_Standing,datasets/behavior/mmcows/cropped_bboxes/behaviors/2/1690290731_08-12-11_6_2.jpg,RT-DETR-L,6,6,detected,0.34,0.01,367.3,182.0,0.279,94.23,367,182
sample_0121,MmCows,Behavior_Standing,datasets/behavior/mmcows/cropped_bboxes/behaviors/2/1690320956_16-35-56_5_2.jpg,YOLOv8s,0,0,no_detection,,,,,,32.35,229,63
sample_0121,MmCows,Behavior_Standing,datasets/behavior/mmcows/cropped_bboxes/behaviors/2/1690320956_16-35-56_5_2.jpg,FasterRCNN_v2,0,0,no_detection,,,,,,337.22,229,63
sample_0121,MmCows,Behavior_Standing,datasets/behavior/mmcows/cropped_bboxes/behaviors/2/1690320956_16-35-56_5_2.jpg,RT-DETR-L,1,4,detected,0.05,-0.02,229.05,62.98,0.4568,94.0,229,63
sample_0121,MmCows,Behavior_Standing,datasets/behavior/mmcows/cropped_bboxes/behaviors/2/1690320956_16-35-56_5_2.jpg,RT-DETR-L,2,4,detected,-0.06,-0.0,131.58,63.0,0.4334,94.0,229,63
sample_0121,MmCows,Behavior_Standing,datasets/behavior/mmcows/cropped_bboxes/behaviors/2/1690320956_16-35-56_5_2.jpg,RT-DETR-L,3,4,detected,116.52,-0.01,228.81,62.99,0.3115,94.0,229,63
sample_0121,MmCows,Behavior_Standing,datasets/behavior/mmcows/cropped_bboxes/behaviors/2/1690320956_16-35-56_5_2.jpg,RT-DETR-L,4,4,detected,65.78,0.0,228.74,63.0,0.2853,94.0,229,63
sample_0122,MmCows,Behavior_Standing,datasets/behavior/mmcows/cropped_bboxes/behaviors/2/1690299146_10-32-26_2_4.jpg,YOLOv8s,1,2,detected,18.91,11.37,790.14,437.7,0.8223,48.79,851,450
sample_0122,MmCows,Behavior_Standing,datasets/behavior/mmcows/cropped_bboxes/behaviors/2/1690299146_10-32-26_2_4.jpg,YOLOv8s,2,2,detected,823.57,238.32,850.74,349.52,0.4613,48.79,851,450
sample_0122,MmCows,Behavior_Standing,datasets/behavior/mmcows/cropped_bboxes/behaviors/2/1690299146_10-32-26_2_4.jpg,FasterRCNN_v2,1,6,detected,17.74,7.72,663.04,450.0,0.9989,443.77,851,450
sample_0122,MmCows,Behavior_Standing,datasets/behavior/mmcows/cropped_bboxes/behaviors/2/1690299146_10-32-26_2_4.jpg,FasterRCNN_v2,2,6,detected,515.5,79.46,851.0,329.56,0.9722,443.77,851,450
sample_0122,MmCows,Behavior_Standing,datasets/behavior/mmcows/cropped_bboxes/behaviors/2/1690299146_10-32-26_2_4.jpg,FasterRCNN_v2,3,6,detected,665.01,143.82,850.69,348.22,0.9458,443.77,851,450
sample_0122,MmCows,Behavior_Standing,datasets/behavior/mmcows/cropped_bboxes/behaviors/2/1690299146_10-32-26_2_4.jpg,FasterRCNN_v2,4,6,detected,430.84,17.6,806.95,398.42,0.8555,443.77,851,450
sample_0122,MmCows,Behavior_Standing,datasets/behavior/mmcows/cropped_bboxes/behaviors/2/1690299146_10-32-26_2_4.jpg,FasterRCNN_v2,5,6,detected,686.52,147.44,810.32,263.21,0.3272,443.77,851,450
sample_0122,MmCows,Behavior_Standing,datasets/behavior/mmcows/cropped_bboxes/behaviors/2/1690299146_10-32-26_2_4.jpg,FasterRCNN_v2,6,6,detected,598.13,144.11,802.4,321.01,0.3085,443.77,851,450
sample_0122,MmCows,Behavior_Standing,datasets/behavior/mmcows/cropped_bboxes/behaviors/2/1690299146_10-32-26_2_4.jpg,RT-DETR-L,1,4,detected,15.86,11.91,716.03,449.5,0.939,94.66,851,450
sample_0122,MmCows,Behavior_Standing,datasets/behavior/mmcows/cropped_bboxes/behaviors/2/1690299146_10-32-26_2_4.jpg,RT-DETR-L,2,4,detected,472.69,0.16,850.81,354.74,0.5157,94.66,851,450
sample_0122,MmCows,Behavior_Standing,datasets/behavior/mmcows/cropped_bboxes/behaviors/2/1690299146_10-32-26_2_4.jpg,RT-DETR-L,3,4,detected,693.56,143.3,850.56,356.41,0.3863,94.66,851,450
sample_0122,MmCows,Behavior_Standing,datasets/behavior/mmcows/cropped_bboxes/behaviors/2/1690299146_10-32-26_2_4.jpg,RT-DETR-L,4,4,detected,693.79,143.71,846.53,305.18,0.3714,94.66,851,450
sample_0123,MmCows,Behavior_Standing,datasets/behavior/mmcows/cropped_bboxes/behaviors/2/1690282286_05-51-26_2_4.jpg,YOLOv8s,1,1,detected,15.43,8.08,842.42,684.8,0.9127,27.66,877,697
sample_0123,MmCows,Behavior_Standing,datasets/behavior/mmcows/cropped_bboxes/behaviors/2/1690282286_05-51-26_2_4.jpg,FasterRCNN_v2,1,12,detected,5.71,15.7,786.29,690.53,0.9989,414.14,877,697
sample_0123,MmCows,Behavior_Standing,datasets/behavior/mmcows/cropped_bboxes/behaviors/2/1690282286_05-51-26_2_4.jpg,FasterRCNN_v2,2,12,detected,258.99,0.0,876.0,357.68,0.9828,414.14,877,697
sample_0123,MmCows,Behavior_Standing,datasets/behavior/mmcows/cropped_bboxes/behaviors/2/1690282286_05-51-26_2_4.jpg,FasterRCNN_v2,3,12,detected,143.02,1.94,536.2,117.32,0.8516,414.14,877,697
sample_0123,MmCows,Behavior_Standing,datasets/behavior/mmcows/cropped_bboxes/behaviors/2/1690282286_05-51-26_2_4.jpg,FasterRCNN_v2,4,12,detected,258.8,0.84,401.87,117.74,0.6289,414.14,877,697
sample_0123,MmCows,Behavior_Standing,datasets/behavior/mmcows/cropped_bboxes/behaviors/2/1690282286_05-51-26_2_4.jpg,FasterRCNN_v2,5,12,detected,9.17,13.62,368.23,426.41,0.6133,414.14,877,697
sample_0123,MmCows,Behavior_Standing,datasets/behavior/mmcows/cropped_bboxes/behaviors/2/1690282286_05-51-26_2_4.jpg,FasterRCNN_v2,6,12,detected,532.92,0.81,875.59,311.23,0.4923,414.14,877,697
sample_0123,MmCows,Behavior_Standing,datasets/behavior/mmcows/cropped_bboxes/behaviors/2/1690282286_05-51-26_2_4.jpg,FasterRCNN_v2,7,12,detected,252.23,2.65,600.67,159.37,0.492,414.14,877,697
sample_0123,MmCows,Behavior_Standing,datasets/behavior/mmcows/cropped_bboxes/behaviors/2/1690282286_05-51-26_2_4.jpg,FasterRCNN_v2,8,12,detected,358.65,159.36,824.87,604.32,0.416,414.14,877,697
sample_0123,MmCows,Behavior_Standing,datasets/behavior/mmcows/cropped_bboxes/behaviors/2/1690282286_05-51-26_2_4.jpg,FasterRCNN_v2,9,12,detected,19.78,5.66,581.61,289.34,0.35,414.14,877,697
sample_0123,MmCows,Behavior_Standing,datasets/behavior/mmcows/cropped_bboxes/behaviors/2/1690282286_05-51-26_2_4.jpg,FasterRCNN_v2,10,12,detected,275.25,2.6,763.04,224.61,0.3475,414.14,877,697
sample_0123,MmCows,Behavior_Standing,datasets/behavior/mmcows/cropped_bboxes/behaviors/2/1690282286_05-51-26_2_4.jpg,FasterRCNN_v2,11,12,detected,0.0,4.64,115.42,366.95,0.2786,414.14,877,697
sample_0123,MmCows,Behavior_Standing,datasets/behavior/mmcows/cropped_bboxes/behaviors/2/1690282286_05-51-26_2_4.jpg,FasterRCNN_v2,12,12,detected,690.8,271.05,873.81,494.73,0.2515,414.14,877,697
sample_0123,MmCows,Behavior_Standing,datasets/behavior/mmcows/cropped_bboxes/behaviors/2/1690282286_05-51-26_2_4.jpg,RT-DETR-L,1,7,detected,4.18,7.25,877.1,688.87,0.962,94.81,877,697
sample_0123,MmCows,Behavior_Standing,datasets/behavior/mmcows/cropped_bboxes/behaviors/2/1690282286_05-51-26_2_4.jpg,RT-DETR-L,2,7,detected,91.08,0.38,878.15,317.15,0.4852,94.81,877,697
sample_0123,MmCows,Behavior_Standing,datasets/behavior/mmcows/cropped_bboxes/behaviors/2/1690282286_05-51-26_2_4.jpg,RT-DETR-L,3,7,detected,357.42,-0.11,877.27,314.63,0.359,94.81,877,697
sample_0123,MmCows,Behavior_Standing,datasets/behavior/mmcows/cropped_bboxes/behaviors/2/1690282286_05-51-26_2_4.jpg,RT-DETR-L,4,7,detected,274.66,-0.08,878.25,317.95,0.3397,94.81,877,697
sample_0123,MmCows,Behavior_Standing,datasets/behavior/mmcows/cropped_bboxes/behaviors/2/1690282286_05-51-26_2_4.jpg,RT-DETR-L,5,7,detected,-0.11,566.82,82.03,697.48,0.294,94.81,877,697
sample_0123,MmCows,Behavior_Standing,datasets/behavior/mmcows/cropped_bboxes/behaviors/2/1690282286_05-51-26_2_4.jpg,RT-DETR-L,6,7,detected,88.09,0.72,396.87,116.04,0.2625,94.81,877,697
sample_0123,MmCows,Behavior_Standing,datasets/behavior/mmcows/cropped_bboxes/behaviors/2/1690282286_05-51-26_2_4.jpg,RT-DETR-L,7,7,detected,80.6,-0.06,875.07,491.82,0.2511,94.81,877,697
sample_0124,MmCows,Behavior_Standing,datasets/behavior/mmcows/cropped_bboxes/behaviors/2/1690335386_20-36-26_12_3.jpg,YOLOv8s,1,4,detected,1.22,6.15,453.07,364.86,0.6343,24.59,471,368
sample_0124,MmCows,Behavior_Standing,datasets/behavior/mmcows/cropped_bboxes/behaviors/2/1690335386_20-36-26_12_3.jpg,YOLOv8s,2,4,detected,277.63,31.37,470.72,298.22,0.5855,24.59,471,368
sample_0124,MmCows,Behavior_Standing,datasets/behavior/mmcows/cropped_bboxes/behaviors/2/1690335386_20-36-26_12_3.jpg,YOLOv8s,3,4,detected,272.66,30.01,470.83,205.07,0.5188,24.59,471,368
sample_0124,MmCows,Behavior_Standing,datasets/behavior/mmcows/cropped_bboxes/behaviors/2/1690335386_20-36-26_12_3.jpg,YOLOv8s,4,4,detected,343.94,139.86,470.77,292.09,0.2578,24.59,471,368
sample_0124,MmCows,Behavior_Standing,datasets/behavior/mmcows/cropped_bboxes/behaviors/2/1690335386_20-36-26_12_3.jpg,FasterRCNN_v2,1,7,detected,131.46,38.72,442.43,363.86,0.9922,398.89,471,368
sample_0124,MmCows,Behavior_Standing,datasets/behavior/mmcows/cropped_bboxes/behaviors/2/1690335386_20-36-26_12_3.jpg,FasterRCNN_v2,2,7,detected,283.46,36.28,468.66,351.37,0.9285,398.89,471,368
sample_0124,MmCows,Behavior_Standing,datasets/behavior/mmcows/cropped_bboxes/behaviors/2/1690335386_20-36-26_12_3.jpg,FasterRCNN_v2,3,7,detected,283.97,51.55,458.89,209.79,0.6356,398.89,471,368
sample_0124,MmCows,Behavior_Standing,datasets/behavior/mmcows/cropped_bboxes/behaviors/2/1690335386_20-36-26_12_3.jpg,FasterRCNN_v2,4,7,detected,19.57,51.56,339.06,363.43,0.5881,398.89,471,368
sample_0124,MmCows,Behavior_Standing,datasets/behavior/mmcows/cropped_bboxes/behaviors/2/1690335386_20-36-26_12_3.jpg,FasterRCNN_v2,5,7,detected,1.75,16.84,116.69,267.26,0.5674,398.89,471,368
sample_0124,MmCows,Behavior_Standing,datasets/behavior/mmcows/cropped_bboxes/behaviors/2/1690335386_20-36-26_12_3.jpg,FasterRCNN_v2,6,7,detected,0.0,1.77,94.25,172.97,0.5559,398.89,471,368
sample_0124,MmCows,Behavior_Standing,datasets/behavior/mmcows/cropped_bboxes/behaviors/2/1690335386_20-36-26_12_3.jpg,FasterRCNN_v2,7,7,detected,262.44,206.57,471.0,362.23,0.3964,398.89,471,368
sample_0124,MmCows,Behavior_Standing,datasets/behavior/mmcows/cropped_bboxes/behaviors/2/1690335386_20-36-26_12_3.jpg,RT-DETR-L,1,4,detected,0.26,22.94,471.15,367.38,0.9317,94.76,471,368
sample_0124,MmCows,Behavior_Standing,datasets/behavior/mmcows/cropped_bboxes/behaviors/2/1690335386_20-36-26_12_3.jpg,RT-DETR-L,2,4,detected,0.54,10.46,330.46,270.69,0.284,94.76,471,368
sample_0124,MmCows,Behavior_Standing,datasets/behavior/mmcows/cropped_bboxes/behaviors/2/1690335386_20-36-26_12_3.jpg,RT-DETR-L,3,4,detected,271.5,30.05,436.59,74.59,0.2821,94.76,471,368
sample_0124,MmCows,Behavior_Standing,datasets/behavior/mmcows/cropped_bboxes/behaviors/2/1690335386_20-36-26_12_3.jpg,RT-DETR-L,4,4,detected,174.55,10.72,329.97,71.92,0.2585,94.76,471,368
sample_0125,MmCows,Behavior_Standing,datasets/behavior/mmcows/cropped_bboxes/behaviors/2/1690314776_14-52-56_15_1.jpg,YOLOv8s,1,3,detected,504.55,17.68,914.16,575.94,0.8964,22.06,963,585
sample_0125,MmCows,Behavior_Standing,datasets/behavior/mmcows/cropped_bboxes/behaviors/2/1690314776_14-52-56_15_1.jpg,YOLOv8s,2,3,detected,0.25,0.04,496.17,569.96,0.7256,22.06,963,585
sample_0125,MmCows,Behavior_Standing,datasets/behavior/mmcows/cropped_bboxes/behaviors/2/1690314776_14-52-56_15_1.jpg,YOLOv8s,3,3,detected,719.93,0.0,962.55,552.24,0.3341,22.06,963,585
sample_0125,MmCows,Behavior_Standing,datasets/behavior/mmcows/cropped_bboxes/behaviors/2/1690314776_14-52-56_15_1.jpg,FasterRCNN_v2,1,9,detected,6.23,0.0,743.72,585.0,0.9989,503.25,963,585
sample_0125,MmCows,Behavior_Standing,datasets/behavior/mmcows/cropped_bboxes/behaviors/2/1690314776_14-52-56_15_1.jpg,FasterRCNN_v2,2,9,detected,438.88,11.01,950.44,580.05,0.9982,503.25,963,585
sample_0125,MmCows,Behavior_Standing,datasets/behavior/mmcows/cropped_bboxes/behaviors/2/1690314776_14-52-56_15_1.jpg,FasterRCNN_v2,3,9,detected,739.95,0.0,866.22,206.05,0.6012,503.25,963,585
sample_0125,MmCows,Behavior_Standing,datasets/behavior/mmcows/cropped_bboxes/behaviors/2/1690314776_14-52-56_15_1.jpg,FasterRCNN_v2,4,9,detected,693.22,29.32,960.77,570.09,0.5862,503.25,963,585
sample_0125,MmCows,Behavior_Standing,datasets/behavior/mmcows/cropped_bboxes/behaviors/2/1690314776_14-52-56_15_1.jpg,FasterRCNN_v2,5,9,detected,730.93,6.21,921.9,310.2,0.3999,503.25,963,585
sample_0125,MmCows,Behavior_Standing,datasets/behavior/mmcows/cropped_bboxes/behaviors/2/1690314776_14-52-56_15_1.jpg,FasterRCNN_v2,6,9,detected,554.37,2.1,868.56,161.95,0.3862,503.25,963,585
sample_0125,MmCows,Behavior_Standing,datasets/behavior/mmcows/cropped_bboxes/behaviors/2/1690314776_14-52-56_15_1.jpg,FasterRCNN_v2,7,9,detected,537.4,0.0,839.42,82.34,0.3819,503.25,963,585
sample_0125,MmCows,Behavior_Standing,datasets/behavior/mmcows/cropped_bboxes/behaviors/2/1690314776_14-52-56_15_1.jpg,FasterRCNN_v2,8,9,detected,571.37,1.31,747.14,63.88,0.3776,503.25,963,585
sample_0125,MmCows,Behavior_Standing,datasets/behavior/mmcows/cropped_bboxes/behaviors/2/1690314776_14-52-56_15_1.jpg,FasterRCNN_v2,9,9,detected,4.04,9.47,339.58,581.95,0.2642,503.25,963,585
sample_0125,MmCows,Behavior_Standing,datasets/behavior/mmcows/cropped_bboxes/behaviors/2/1690314776_14-52-56_15_1.jpg,RT-DETR-L,1,9,detected,3.61,0.08,917.74,585.06,0.9727,94.77,963,585
sample_0125,MmCows,Behavior_Standing,datasets/behavior/mmcows/cropped_bboxes/behaviors/2/1690314776_14-52-56_15_1.jpg,RT-DETR-L,2,9,detected,-0.48,-0.15,301.27,349.29,0.3585,94.77,963,585
sample_0125,MmCows,Behavior_Standing,datasets/behavior/mmcows/cropped_bboxes/behaviors/2/1690314776_14-52-56_15_1.jpg,RT-DETR-L,3,9,detected,742.61,0.23,865.89,202.54,0.351,94.77,963,585
sample_0125,MmCows,Behavior_Standing,datasets/behavior/mmcows/cropped_bboxes/behaviors/2/1690314776_14-52-56_15_1.jpg,RT-DETR-L,4,9,detected,844.15,253.42,962.87,584.37,0.3357,94.77,963,585
sample_0125,MmCows,Behavior_Standing,datasets/behavior/mmcows/cropped_bboxes/behaviors/2/1690314776_14-52-56_15_1.jpg,RT-DETR-L,5,9,detected,-0.29,0.32,218.13,349.02,0.3315,94.77,963,585
sample_0125,MmCows,Behavior_Standing,datasets/behavior/mmcows/cropped_bboxes/behaviors/2/1690314776_14-52-56_15_1.jpg,RT-DETR-L,6,9,detected,573.27,0.21,865.4,203.23,0.3295,94.77,963,585
sample_0125,MmCows,Behavior_Standing,datasets/behavior/mmcows/cropped_bboxes/behaviors/2/1690314776_14-52-56_15_1.jpg,RT-DETR-L,7,9,detected,0.09,-0.14,381.34,348.37,0.3184,94.77,963,585
sample_0125,MmCows,Behavior_Standing,datasets/behavior/mmcows/cropped_bboxes/behaviors/2/1690314776_14-52-56_15_1.jpg,RT-DETR-L,8,9,detected,572.74,0.07,736.72,61.33,0.3141,94.77,963,585
sample_0125,MmCows,Behavior_Standing,datasets/behavior/mmcows/cropped_bboxes/behaviors/2/1690314776_14-52-56_15_1.jpg,RT-DETR-L,9,9,detected,732.88,0.28,962.72,585.27,0.2979,94.77,963,585
sample_0126,MmCows,Behavior_Standing,datasets/behavior/mmcows/cropped_bboxes/behaviors/2/1690294136_09-08-56_16_1.jpg,YOLOv8s,1,4,detected,342.58,58.46,934.84,535.39,0.8115,25.45,943,554
sample_0126,MmCows,Behavior_Standing,datasets/behavior/mmcows/cropped_bboxes/behaviors/2/1690294136_09-08-56_16_1.jpg,YOLOv8s,2,4,detected,1.09,3.47,336.03,332.03,0.6505,25.45,943,554
sample_0126,MmCows,Behavior_Standing,datasets/behavior/mmcows/cropped_bboxes/behaviors/2/1690294136_09-08-56_16_1.jpg,YOLOv8s,3,4,detected,423.74,2.06,937.29,258.79,0.3267,25.45,943,554
sample_0126,MmCows,Behavior_Standing,datasets/behavior/mmcows/cropped_bboxes/behaviors/2/1690294136_09-08-56_16_1.jpg,YOLOv8s,4,4,detected,0.43,105.16,193.93,544.98,0.283,25.45,943,554
sample_0126,MmCows,Behavior_Standing,datasets/behavior/mmcows/cropped_bboxes/behaviors/2/1690294136_09-08-56_16_1.jpg,FasterRCNN_v2,1,14,detected,213.73,15.31,916.55,532.37,0.9971,507.44,943,554
sample_0126,MmCows,Behavior_Standing,datasets/behavior/mmcows/cropped_bboxes/behaviors/2/1690294136_09-08-56_16_1.jpg,FasterRCNN_v2,2,14,detected,0.07,3.98,159.9,554.0,0.9892,507.44,943,554
sample_0126,MmCows,Behavior_Standing,datasets/behavior/mmcows/cropped_bboxes/behaviors/2/1690294136_09-08-56_16_1.jpg,FasterRCNN_v2,3,14,detected,497.14,0.46,937.59,211.47,0.9844,507.44,943,554
sample_0126,MmCows,Behavior_Standing,datasets/behavior/mmcows/cropped_bboxes/behaviors/2/1690294136_09-08-56_16_1.jpg,FasterRCNN_v2,4,14,detected,0.0,0.0,377.39,329.17,0.9369,507.44,943,554
sample_0126,MmCows,Behavior_Standing,datasets/behavior/mmcows/cropped_bboxes/behaviors/2/1690294136_09-08-56_16_1.jpg,FasterRCNN_v2,5,14,detected,6.86,3.66,543.55,479.66,0.9151,507.44,943,554
sample_0126,MmCows,Behavior_Standing,datasets/behavior/mmcows/cropped_bboxes/behaviors/2/1690294136_09-08-56_16_1.jpg,FasterRCNN_v2,6,14,detected,672.05,28.26,933.02,497.52,0.6751,507.44,943,554
sample_0126,MmCows,Behavior_Standing,datasets/behavior/mmcows/cropped_bboxes/behaviors/2/1690294136_09-08-56_16_1.jpg,FasterRCNN_v2,7,14,detected,424.07,0.62,723.33,107.73,0.5949,507.44,943,554
sample_0126,MmCows,Behavior_Standing,datasets/behavior/mmcows/cropped_bboxes/behaviors/2/1690294136_09-08-56_16_1.jpg,FasterRCNN_v2,8,14,detected,3.04,19.47,197.47,335.83,0.4357,507.44,943,554
sample_0126,MmCows,Behavior_Standing,datasets/behavior/mmcows/cropped_bboxes/behaviors/2/1690294136_09-08-56_16_1.jpg,FasterRCNN_v2,9,14,detected,129.79,0.0,597.23,95.66,0.4328,507.44,943,554
sample_0126,MmCows,Behavior_Standing,datasets/behavior/mmcows/cropped_bboxes/behaviors/2/1690294136_09-08-56_16_1.jpg,FasterRCNN_v2,10,14,detected,393.98,0.3,542.74,69.57,0.3654,507.44,943,554
sample_0126,MmCows,Behavior_Standing,datasets/behavior/mmcows/cropped_bboxes/behaviors/2/1690294136_09-08-56_16_1.jpg,FasterRCNN_v2,11,14,detected,171.97,1.05,853.58,141.08,0.3252,507.44,943,554
sample_0126,MmCows,Behavior_Standing,datasets/behavior/mmcows/cropped_bboxes/behaviors/2/1690294136_09-08-56_16_1.jpg,FasterRCNN_v2,12,14,detected,104.0,192.5,526.8,412.32,0.3223,507.44,943,554
sample_0126,MmCows,Behavior_Standing,datasets/behavior/mmcows/cropped_bboxes/behaviors/2/1690294136_09-08-56_16_1.jpg,FasterRCNN_v2,13,14,detected,170.87,25.42,674.58,376.33,0.3031,507.44,943,554
sample_0126,MmCows,Behavior_Standing,datasets/behavior/mmcows/cropped_bboxes/behaviors/2/1690294136_09-08-56_16_1.jpg,FasterRCNN_v2,14,14,detected,26.83,0.57,512.4,62.84,0.3027,507.44,943,554
sample_0126,MmCows,Behavior_Standing,datasets/behavior/mmcows/cropped_bboxes/behaviors/2/1690294136_09-08-56_16_1.jpg,RT-DETR-L,1,3,detected,-1.26,-0.55,930.81,550.09,0.9638,94.81,943,554
sample_0126,MmCows,Behavior_Standing,datasets/behavior/mmcows/cropped_bboxes/behaviors/2/1690294136_09-08-56_16_1.jpg,RT-DETR-L,2,3,detected,427.2,0.05,939.67,229.06,0.7296,94.81,943,554
sample_0126,MmCows,Behavior_Standing,datasets/behavior/mmcows/cropped_bboxes/behaviors/2/1690294136_09-08-56_16_1.jpg,RT-DETR-L,3,3,detected,0.29,93.51,142.95,554.15,0.2753,94.81,943,554
sample_0127,MmCows,Behavior_Standing,datasets/behavior/mmcows/cropped_bboxes/behaviors/2/1690338086_21-21-26_13_4.jpg,YOLOv8s,0,0,no_detection,,,,,,34.77,480,346
sample_0127,MmCows,Behavior_Standing,datasets/behavior/mmcows/cropped_bboxes/behaviors/2/1690338086_21-21-26_13_4.jpg,FasterRCNN_v2,1,3,detected,12.77,0.9,342.86,211.67,0.6114,451.44,480,346
sample_0127,MmCows,Behavior_Standing,datasets/behavior/mmcows/cropped_bboxes/behaviors/2/1690338086_21-21-26_13_4.jpg,FasterRCNN_v2,2,3,detected,216.7,152.28,299.88,339.2,0.5498,451.44,480,346
sample_0127,MmCows,Behavior_Standing,datasets/behavior/mmcows/cropped_bboxes/behaviors/2/1690338086_21-21-26_13_4.jpg,FasterRCNN_v2,3,3,detected,247.85,122.4,474.76,300.69,0.3867,451.44,480,346
sample_0127,MmCows,Behavior_Standing,datasets/behavior/mmcows/cropped_bboxes/behaviors/2/1690338086_21-21-26_13_4.jpg,RT-DETR-L,1,24,detected,7.67,3.94,348.09,243.92,0.5133,95.04,480,346
sample_0127,MmCows,Behavior_Standing,datasets/behavior/mmcows/cropped_bboxes/behaviors/2/1690338086_21-21-26_13_4.jpg,RT-DETR-L,2,24,detected,5.5,3.41,351.59,346.15,0.4613,95.04,480,346
sample_0127,MmCows,Behavior_Standing,datasets/behavior/mmcows/cropped_bboxes/behaviors/2/1690338086_21-21-26_13_4.jpg,RT-DETR-L,3,24,detected,400.91,109.43,479.4,182.77,0.4022,95.04,480,346
sample_0127,MmCows,Behavior_Standing,datasets/behavior/mmcows/cropped_bboxes/behaviors/2/1690338086_21-21-26_13_4.jpg,RT-DETR-L,4,24,detected,372.41,217.73,452.85,294.01,0.3874,95.04,480,346
sample_0127,MmCows,Behavior_Standing,datasets/behavior/mmcows/cropped_bboxes/behaviors/2/1690338086_21-21-26_13_4.jpg,RT-DETR-L,5,24,detected,0.22,240.3,212.63,345.82,0.3594,95.04,480,346
sample_0127,MmCows,Behavior_Standing,datasets/behavior/mmcows/cropped_bboxes/behaviors/2/1690338086_21-21-26_13_4.jpg,RT-DETR-L,6,24,detected,121.32,244.61,214.21,345.82,0.3418,95.04,480,346
sample_0127,MmCows,Behavior_Standing,datasets/behavior/mmcows/cropped_bboxes/behaviors/2/1690338086_21-21-26_13_4.jpg,RT-DETR-L,7,24,detected,293.46,128.29,383.24,166.87,0.3373,95.04,480,346
sample_0127,MmCows,Behavior_Standing,datasets/behavior/mmcows/cropped_bboxes/behaviors/2/1690338086_21-21-26_13_4.jpg,RT-DETR-L,8,24,detected,0.03,239.68,140.01,312.81,0.3362,95.04,480,346
sample_0127,MmCows,Behavior_Standing,datasets/behavior/mmcows/cropped_bboxes/behaviors/2/1690338086_21-21-26_13_4.jpg,RT-DETR-L,9,24,detected,430.85,171.22,480.03,299.02,0.331,95.04,480,346
sample_0127,MmCows,Behavior_Standing,datasets/behavior/mmcows/cropped_bboxes/behaviors/2/1690338086_21-21-26_13_4.jpg,RT-DETR-L,10,24,detected,-0.06,240.4,141.78,345.82,0.3304,95.04,480,346
sample_0127,MmCows,Behavior_Standing,datasets/behavior/mmcows/cropped_bboxes/behaviors/2/1690338086_21-21-26_13_4.jpg,RT-DETR-L,11,24,detected,221.26,175.46,301.8,264.52,0.3228,95.04,480,346
sample_0127,MmCows,Behavior_Standing,datasets/behavior/mmcows/cropped_bboxes/behaviors/2/1690338086_21-21-26_13_4.jpg,RT-DETR-L,12,24,detected,7.8,4.31,343.75,127.29,0.313,95.04,480,346
sample_0127,MmCows,Behavior_Standing,datasets/behavior/mmcows/cropped_bboxes/behaviors/2/1690338086_21-21-26_13_4.jpg,RT-DETR-L,13,24,detected,31.27,113.93,210.17,242.24,0.3032,95.04,480,346
sample_0127,MmCows,Behavior_Standing,datasets/behavior/mmcows/cropped_bboxes/behaviors/2/1690338086_21-21-26_13_4.jpg,RT-DETR-L,14,24,detected,400.52,109.65,480.17,296.85,0.3028,95.04,480,346
sample_0127,MmCows,Behavior_Standing,datasets/behavior/mmcows/cropped_bboxes/behaviors/2/1690338086_21-21-26_13_4.jpg,RT-DETR-L,15,24,detected,280.38,188.59,350.04,265.81,0.3013,95.04,480,346
sample_0127,MmCows,Behavior_Standing,datasets/behavior/mmcows/cropped_bboxes/behaviors/2/1690338086_21-21-26_13_4.jpg,RT-DETR-L,16,24,detected,8.08,3.95,199.03,127.42,0.3002,95.04,480,346
sample_0127,MmCows,Behavior_Standing,datasets/behavior/mmcows/cropped_bboxes/behaviors/2/1690338086_21-21-26_13_4.jpg,RT-DETR-L,17,24,detected,60.31,144.21,209.84,241.75,0.2965,95.04,480,346
sample_0127,MmCows,Behavior_Standing,datasets/behavior/mmcows/cropped_bboxes/behaviors/2/1690338086_21-21-26_13_4.jpg,RT-DETR-L,18,24,detected,7.62,5.96,210.73,237.15,0.2858,95.04,480,346
sample_0127,MmCows,Behavior_Standing,datasets/behavior/mmcows/cropped_bboxes/behaviors/2/1690338086_21-21-26_13_4.jpg,RT-DETR-L,19,24,detected,277.28,128.0,383.78,265.2,0.2816,95.04,480,346
sample_0127,MmCows,Behavior_Standing,datasets/behavior/mmcows/cropped_bboxes/behaviors/2/1690338086_21-21-26_13_4.jpg,RT-DETR-L,20,24,detected,2.21,1.78,481.07,345.99,0.2806,95.04,480,346
sample_0127,MmCows,Behavior_Standing,datasets/behavior/mmcows/cropped_bboxes/behaviors/2/1690338086_21-21-26_13_4.jpg,RT-DETR-L,21,24,detected,371.27,218.25,453.54,345.97,0.2773,95.04,480,346
sample_0127,MmCows,Behavior_Standing,datasets/behavior/mmcows/cropped_bboxes/behaviors/2/1690338086_21-21-26_13_4.jpg,RT-DETR-L,22,24,detected,220.83,175.82,302.78,343.1,0.2755,95.04,480,346
sample_0127,MmCows,Behavior_Standing,datasets/behavior/mmcows/cropped_bboxes/behaviors/2/1690338086_21-21-26_13_4.jpg,RT-DETR-L,23,24,detected,222.07,128.95,384.74,265.42,0.2634,95.04,480,346
sample_0127,MmCows,Behavior_Standing,datasets/behavior/mmcows/cropped_bboxes/behaviors/2/1690338086_21-21-26_13_4.jpg,RT-DETR-L,24,24,detected,371.55,216.73,479.78,345.52,0.2627,95.04,480,346
sample_0128,MmCows,Behavior_Standing,datasets/behavior/mmcows/cropped_bboxes/behaviors/2/1690344101_23-01-41_13_1.jpg,YOLOv8s,1,1,detected,1.93,0.0,458.39,406.06,0.7664,25.64,539,411
sample_0128,MmCows,Behavior_Standing,datasets/behavior/mmcows/cropped_bboxes/behaviors/2/1690344101_23-01-41_13_1.jpg,FasterRCNN_v2,1,3,detected,0.0,0.0,494.07,411.0,0.9882,427.82,539,411
sample_0128,MmCows,Behavior_Standing,datasets/behavior/mmcows/cropped_bboxes/behaviors/2/1690344101_23-01-41_13_1.jpg,FasterRCNN_v2,2,3,detected,0.25,0.0,172.77,411.0,0.7476,427.82,539,411
sample_0128,MmCows,Behavior_Standing,datasets/behavior/mmcows/cropped_bboxes/behaviors/2/1690344101_23-01-41_13_1.jpg,FasterRCNN_v2,3,3,detected,202.13,0.0,537.79,302.02,0.5162,427.82,539,411
sample_0128,MmCows,Behavior_Standing,datasets/behavior/mmcows/cropped_bboxes/behaviors/2/1690344101_23-01-41_13_1.jpg,RT-DETR-L,1,9,detected,-0.23,-0.05,538.68,410.94,0.9718,94.1,539,411
sample_0128,MmCows,Behavior_Standing,datasets/behavior/mmcows/cropped_bboxes/behaviors/2/1690344101_23-01-41_13_1.jpg,RT-DETR-L,2,9,detected,111.55,269.65,537.42,410.98,0.3061,94.1,539,411
sample_0128,MmCows,Behavior_Standing,datasets/behavior/mmcows/cropped_bboxes/behaviors/2/1690344101_23-01-41_13_1.jpg,RT-DETR-L,3,9,detected,236.31,270.81,538.74,410.97,0.2919,94.1,539,411
sample_0128,MmCows,Behavior_Standing,datasets/behavior/mmcows/cropped_bboxes/behaviors/2/1690344101_23-01-41_13_1.jpg,RT-DETR-L,4,9,detected,109.99,269.98,489.18,411.21,0.2852,94.1,539,411
sample_0128,MmCows,Behavior_Standing,datasets/behavior/mmcows/cropped_bboxes/behaviors/2/1690344101_23-01-41_13_1.jpg,RT-DETR-L,5,9,detected,234.4,236.29,539.09,411.28,0.2749,94.1,539,411
sample_0128,MmCows,Behavior_Standing,datasets/behavior/mmcows/cropped_bboxes/behaviors/2/1690344101_23-01-41_13_1.jpg,RT-DETR-L,6,9,detected,0.03,0.22,122.39,75.59,0.2571,94.1,539,411
sample_0128,MmCows,Behavior_Standing,datasets/behavior/mmcows/cropped_bboxes/behaviors/2/1690344101_23-01-41_13_1.jpg,RT-DETR-L,7,9,detected,231.82,270.55,487.08,411.03,0.2571,94.1,539,411
sample_0128,MmCows,Behavior_Standing,datasets/behavior/mmcows/cropped_bboxes/behaviors/2/1690344101_23-01-41_13_1.jpg,RT-DETR-L,8,9,detected,441.57,0.36,539.16,171.04,0.2566,94.1,539,411
sample_0128,MmCows,Behavior_Standing,datasets/behavior/mmcows/cropped_bboxes/behaviors/2/1690344101_23-01-41_13_1.jpg,RT-DETR-L,9,9,detected,481.27,0.54,539.16,170.66,0.2531,94.1,539,411
sample_0129,MmCows,Behavior_Standing,datasets/behavior/mmcows/cropped_bboxes/behaviors/2/1690335686_20-41-26_4_4.jpg,YOLOv8s,1,2,detected,0.73,95.06,298.28,213.66,0.6456,25.37,427,218
sample_0129,MmCows,Behavior_Standing,datasets/behavior/mmcows/cropped_bboxes/behaviors/2/1690335686_20-41-26_4_4.jpg,YOLOv8s,2,2,detected,1.19,9.02,274.08,124.48,0.5096,25.37,427,218
sample_0129,MmCows,Behavior_Standing,datasets/behavior/mmcows/cropped_bboxes/behaviors/2/1690335686_20-41-26_4_4.jpg,FasterRCNN_v2,1,8,detected,0.64,94.53,293.89,215.39,0.9871,444.7,427,218
sample_0129,MmCows,Behavior_Standing,datasets/behavior/mmcows/cropped_bboxes/behaviors/2/1690335686_20-41-26_4_4.jpg,FasterRCNN_v2,2,8,detected,49.31,11.38,412.93,209.2,0.9662,444.7,427,218
sample_0129,MmCows,Behavior_Standing,datasets/behavior/mmcows/cropped_bboxes/behaviors/2/1690335686_20-41-26_4_4.jpg,FasterRCNN_v2,3,8,detected,3.61,21.81,135.43,114.14,0.8836,444.7,427,218
sample_0129,MmCows,Behavior_Standing,datasets/behavior/mmcows/cropped_bboxes/behaviors/2/1690335686_20-41-26_4_4.jpg,FasterRCNN_v2,4,8,detected,342.95,35.76,426.41,214.84,0.802,444.7,427,218
sample_0129,MmCows,Behavior_Standing,datasets/behavior/mmcows/cropped_bboxes/behaviors/2/1690335686_20-41-26_4_4.jpg,FasterRCNN_v2,5,8,detected,28.47,13.2,263.88,125.08,0.7033,444.7,427,218
sample_0129,MmCows,Behavior_Standing,datasets/behavior/mmcows/cropped_bboxes/behaviors/2/1690335686_20-41-26_4_4.jpg,FasterRCNN_v2,6,8,detected,132.32,16.0,298.24,183.63,0.626,444.7,427,218
sample_0129,MmCows,Behavior_Standing,datasets/behavior/mmcows/cropped_bboxes/behaviors/2/1690335686_20-41-26_4_4.jpg,FasterRCNN_v2,7,8,detected,248.38,0.0,427.0,214.23,0.5669,444.7,427,218
sample_0129,MmCows,Behavior_Standing,datasets/behavior/mmcows/cropped_bboxes/behaviors/2/1690335686_20-41-26_4_4.jpg,FasterRCNN_v2,8,8,detected,0.27,24.81,197.93,208.44,0.2887,444.7,427,218
sample_0129,MmCows,Behavior_Standing,datasets/behavior/mmcows/cropped_bboxes/behaviors/2/1690335686_20-41-26_4_4.jpg,RT-DETR-L,1,17,detected,64.7,111.87,296.84,216.18,0.456,94.19,427,218
sample_0129,MmCows,Behavior_Standing,datasets/behavior/mmcows/cropped_bboxes/behaviors/2/1690335686_20-41-26_4_4.jpg,RT-DETR-L,2,17,detected,0.03,97.35,297.49,217.24,0.4299,94.19,427,218
sample_0129,MmCows,Behavior_Standing,datasets/behavior/mmcows/cropped_bboxes/behaviors/2/1690335686_20-41-26_4_4.jpg,RT-DETR-L,3,17,detected,258.2,11.76,427.05,213.14,0.4141,94.19,427,218
sample_0129,MmCows,Behavior_Standing,datasets/behavior/mmcows/cropped_bboxes/behaviors/2/1690335686_20-41-26_4_4.jpg,RT-DETR-L,4,17,detected,0.07,10.39,296.1,216.01,0.4096,94.19,427,218
sample_0129,MmCows,Behavior_Standing,datasets/behavior/mmcows/cropped_bboxes/behaviors/2/1690335686_20-41-26_4_4.jpg,RT-DETR-L,5,17,detected,203.74,11.47,426.62,210.33,0.4008,94.19,427,218
sample_0129,MmCows,Behavior_Standing,datasets/behavior/mmcows/cropped_bboxes/behaviors/2/1690335686_20-41-26_4_4.jpg,RT-DETR-L,6,17,detected,0.4,10.96,212.11,116.08,0.3672,94.19,427,218
sample_0129,MmCows,Behavior_Standing,datasets/behavior/mmcows/cropped_bboxes/behaviors/2/1690335686_20-41-26_4_4.jpg,RT-DETR-L,7,17,detected,0.2,0.94,427.2,218.07,0.3645,94.19,427,218
sample_0129,MmCows,Behavior_Standing,datasets/behavior/mmcows/cropped_bboxes/behaviors/2/1690335686_20-41-26_4_4.jpg,RT-DETR-L,8,17,detected,-0.27,20.15,131.0,113.87,0.36,94.19,427,218
sample_0129,MmCows,Behavior_Standing,datasets/behavior/mmcows/cropped_bboxes/behaviors/2/1690335686_20-41-26_4_4.jpg,RT-DETR-L,9,17,detected,0.14,105.71,296.59,217.5,0.3411,94.19,427,218
sample_0129,MmCows,Behavior_Standing,datasets/behavior/mmcows/cropped_bboxes/behaviors/2/1690335686_20-41-26_4_4.jpg,RT-DETR-L,10,17,detected,340.42,12.4,426.99,217.08,0.3079,94.19,427,218
sample_0129,MmCows,Behavior_Standing,datasets/behavior/mmcows/cropped_bboxes/behaviors/2/1690335686_20-41-26_4_4.jpg,RT-DETR-L,11,17,detected,198.8,18.91,286.98,107.16,0.3008,94.19,427,218
sample_0129,MmCows,Behavior_Standing,datasets/behavior/mmcows/cropped_bboxes/behaviors/2/1690335686_20-41-26_4_4.jpg,RT-DETR-L,12,17,detected,0.1,8.34,275.3,117.97,0.3,94.19,427,218
sample_0129,MmCows,Behavior_Standing,datasets/behavior/mmcows/cropped_bboxes/behaviors/2/1690335686_20-41-26_4_4.jpg,RT-DETR-L,13,17,detected,141.67,6.84,426.6,214.98,0.2747,94.19,427,218
sample_0129,MmCows,Behavior_Standing,datasets/behavior/mmcows/cropped_bboxes/behaviors/2/1690335686_20-41-26_4_4.jpg,RT-DETR-L,14,17,detected,1.71,7.43,427.36,215.73,0.2739,94.19,427,218
sample_0129,MmCows,Behavior_Standing,datasets/behavior/mmcows/cropped_bboxes/behaviors/2/1690335686_20-41-26_4_4.jpg,RT-DETR-L,15,17,detected,61.3,115.37,130.79,214.08,0.2719,94.19,427,218
sample_0129,MmCows,Behavior_Standing,datasets/behavior/mmcows/cropped_bboxes/behaviors/2/1690335686_20-41-26_4_4.jpg,RT-DETR-L,16,17,detected,210.35,125.62,296.56,206.92,0.2544,94.19,427,218
sample_0129,MmCows,Behavior_Standing,datasets/behavior/mmcows/cropped_bboxes/behaviors/2/1690335686_20-41-26_4_4.jpg,RT-DETR-L,17,17,detected,31.72,22.69,130.67,113.59,0.2506,94.19,427,218
sample_0130,MmCows,Behavior_Standing,datasets/behavior/mmcows/cropped_bboxes/behaviors/2/1690337426_21-10-26_1_1.jpg,YOLOv8s,0,0,no_detection,,,,,,20.6,511,309
sample_0130,MmCows,Behavior_Standing,datasets/behavior/mmcows/cropped_bboxes/behaviors/2/1690337426_21-10-26_1_1.jpg,FasterRCNN_v2,1,1,detected,15.74,9.56,474.98,302.51,0.8751,505.58,511,309
sample_0130,MmCows,Behavior_Standing,datasets/behavior/mmcows/cropped_bboxes/behaviors/2/1690337426_21-10-26_1_1.jpg,RT-DETR-L,1,9,detected,50.56,58.81,286.28,308.1,0.5586,94.44,511,309
sample_0130,MmCows,Behavior_Standing,datasets/behavior/mmcows/cropped_bboxes/behaviors/2/1690337426_21-10-26_1_1.jpg,RT-DETR-L,2,9,detected,163.85,21.22,456.41,272.87,0.4812,94.44,511,309
sample_0130,MmCows,Behavior_Standing,datasets/behavior/mmcows/cropped_bboxes/behaviors/2/1690337426_21-10-26_1_1.jpg,RT-DETR-L,3,9,detected,50.76,101.22,285.66,308.26,0.4517,94.44,511,309
sample_0130,MmCows,Behavior_Standing,datasets/behavior/mmcows/cropped_bboxes/behaviors/2/1690337426_21-10-26_1_1.jpg,RT-DETR-L,4,9,detected,163.21,16.99,507.57,282.49,0.4511,94.44,511,309
sample_0130,MmCows,Behavior_Standing,datasets/behavior/mmcows/cropped_bboxes/behaviors/2/1690337426_21-10-26_1_1.jpg,RT-DETR-L,5,9,detected,295.78,18.43,507.11,267.9,0.3091,94.44,511,309
sample_0130,MmCows,Behavior_Standing,datasets/behavior/mmcows/cropped_bboxes/behaviors/2/1690337426_21-10-26_1_1.jpg,RT-DETR-L,6,9,detected,312.33,16.33,509.12,269.6,0.2957,94.44,511,309
sample_0130,MmCows,Behavior_Standing,datasets/behavior/mmcows/cropped_bboxes/behaviors/2/1690337426_21-10-26_1_1.jpg,RT-DETR-L,7,9,detected,163.56,22.12,327.02,90.87,0.2843,94.44,511,309
sample_0130,MmCows,Behavior_Standing,datasets/behavior/mmcows/cropped_bboxes/behaviors/2/1690337426_21-10-26_1_1.jpg,RT-DETR-L,8,9,detected,0.24,0.59,286.13,308.19,0.2552,94.44,511,309
sample_0130,MmCows,Behavior_Standing,datasets/behavior/mmcows/cropped_bboxes/behaviors/2/1690337426_21-10-26_1_1.jpg,RT-DETR-L,9,9,detected,163.78,22.31,327.9,187.91,0.2519,94.44,511,309
sample_0131,MmCows,Behavior_Standing,datasets/behavior/mmcows/cropped_bboxes/behaviors/2/1690329146_18-52-26_8_4.jpg,YOLOv8s,0,0,no_detection,,,,,,24.48,402,309
sample_0131,MmCows,Behavior_Standing,datasets/behavior/mmcows/cropped_bboxes/behaviors/2/1690329146_18-52-26_8_4.jpg,FasterRCNN_v2,1,3,detected,99.21,16.76,375.17,283.17,0.9714,437.25,402,309
sample_0131,MmCows,Behavior_Standing,datasets/behavior/mmcows/cropped_bboxes/behaviors/2/1690329146_18-52-26_8_4.jpg,FasterRCNN_v2,2,3,detected,138.59,15.73,355.68,158.56,0.3598,437.25,402,309
sample_0131,MmCows,Behavior_Standing,datasets/behavior/mmcows/cropped_bboxes/behaviors/2/1690329146_18-52-26_8_4.jpg,FasterRCNN_v2,3,3,detected,3.49,31.76,265.16,283.17,0.2521,437.25,402,309
sample_0131,MmCows,Behavior_Standing,datasets/behavior/mmcows/cropped_bboxes/behaviors/2/1690329146_18-52-26_8_4.jpg,RT-DETR-L,1,8,detected,80.22,15.7,379.5,289.15,0.5012,94.23,402,309
sample_0131,MmCows,Behavior_Standing,datasets/behavior/mmcows/cropped_bboxes/behaviors/2/1690329146_18-52-26_8_4.jpg,RT-DETR-L,2,8,detected,96.79,15.17,398.57,293.48,0.4233,94.23,402,309
sample_0131,MmCows,Behavior_Standing,datasets/behavior/mmcows/cropped_bboxes/behaviors/2/1690329146_18-52-26_8_4.jpg,RT-DETR-L,3,8,detected,0.67,78.32,113.12,173.2,0.2939,94.23,402,309
sample_0131,MmCows,Behavior_Standing,datasets/behavior/mmcows/cropped_bboxes/behaviors/2/1690329146_18-52-26_8_4.jpg,RT-DETR-L,4,8,detected,41.5,16.28,398.78,302.29,0.2758,94.23,402,309
sample_0131,MmCows,Behavior_Standing,datasets/behavior/mmcows/cropped_bboxes/behaviors/2/1690329146_18-52-26_8_4.jpg,RT-DETR-L,5,8,detected,-0.39,16.28,401.57,307.72,0.2617,94.23,402,309
sample_0131,MmCows,Behavior_Standing,datasets/behavior/mmcows/cropped_bboxes/behaviors/2/1690329146_18-52-26_8_4.jpg,RT-DETR-L,6,8,detected,0.11,210.18,72.75,309.3,0.2588,94.23,402,309
sample_0131,MmCows,Behavior_Standing,datasets/behavior/mmcows/cropped_bboxes/behaviors/2/1690329146_18-52-26_8_4.jpg,RT-DETR-L,7,8,detected,267.79,99.96,397.93,268.03,0.252,94.23,402,309
sample_0131,MmCows,Behavior_Standing,datasets/behavior/mmcows/cropped_bboxes/behaviors/2/1690329146_18-52-26_8_4.jpg,RT-DETR-L,8,8,detected,266.15,99.34,400.46,304.63,0.2504,94.23,402,309
sample_0132,MmCows,Behavior_Standing,datasets/behavior/mmcows/cropped_bboxes/behaviors/2/1690313636_14-33-56_12_3.jpg,YOLOv8s,1,1,detected,1.29,0.72,180.83,134.45,0.3342,23.85,247,138
sample_0132,MmCows,Behavior_Standing,datasets/behavior/mmcows/cropped_bboxes/behaviors/2/1690313636_14-33-56_12_3.jpg,FasterRCNN_v2,1,6,detected,75.6,4.39,239.35,109.38,0.971,487.08,247,138
sample_0132,MmCows,Behavior_Standing,datasets/behavior/mmcows/cropped_bboxes/behaviors/2/1690313636_14-33-56_12_3.jpg,FasterRCNN_v2,2,6,detected,4.22,0.44,159.86,128.67,0.9323,487.08,247,138
sample_0132,MmCows,Behavior_Standing,datasets/behavior/mmcows/cropped_bboxes/behaviors/2/1690313636_14-33-56_12_3.jpg,FasterRCNN_v2,3,6,detected,154.48,5.66,239.77,85.01,0.6774,487.08,247,138
sample_0132,MmCows,Behavior_Standing,datasets/behavior/mmcows/cropped_bboxes/behaviors/2/1690313636_14-33-56_12_3.jpg,FasterRCNN_v2,4,6,detected,79.32,5.32,159.83,101.51,0.618,487.08,247,138
sample_0132,MmCows,Behavior_Standing,datasets/behavior/mmcows/cropped_bboxes/behaviors/2/1690313636_14-33-56_12_3.jpg,FasterRCNN_v2,5,6,detected,172.01,81.93,246.26,114.38,0.4856,487.08,247,138
sample_0132,MmCows,Behavior_Standing,datasets/behavior/mmcows/cropped_bboxes/behaviors/2/1690313636_14-33-56_12_3.jpg,FasterRCNN_v2,6,6,detected,0.0,17.91,77.6,133.87,0.259,487.08,247,138
sample_0132,MmCows,Behavior_Standing,datasets/behavior/mmcows/cropped_bboxes/behaviors/2/1690313636_14-33-56_12_3.jpg,RT-DETR-L,1,6,detected,0.09,-0.01,247.05,137.78,0.7296,93.95,247,138
sample_0132,MmCows,Behavior_Standing,datasets/behavior/mmcows/cropped_bboxes/behaviors/2/1690313636_14-33-56_12_3.jpg,RT-DETR-L,2,6,detected,46.53,-0.08,246.63,137.79,0.3246,93.95,247,138
sample_0132,MmCows,Behavior_Standing,datasets/behavior/mmcows/cropped_bboxes/behaviors/2/1690313636_14-33-56_12_3.jpg,RT-DETR-L,3,6,detected,88.9,0.06,246.95,97.85,0.3237,93.95,247,138
sample_0132,MmCows,Behavior_Standing,datasets/behavior/mmcows/cropped_bboxes/behaviors/2/1690313636_14-33-56_12_3.jpg,RT-DETR-L,4,6,detected,0.24,-0.02,247.17,115.64,0.2811,93.95,247,138
sample_0132,MmCows,Behavior_Standing,datasets/behavior/mmcows/cropped_bboxes/behaviors/2/1690313636_14-33-56_12_3.jpg,RT-DETR-L,5,6,detected,86.88,0.28,246.92,115.99,0.2648,93.95,247,138
sample_0132,MmCows,Behavior_Standing,datasets/behavior/mmcows/cropped_bboxes/behaviors/2/1690313636_14-33-56_12_3.jpg,RT-DETR-L,6,6,detected,62.44,-0.12,246.95,137.82,0.262,93.95,247,138
sample_0133,MmCows,Behavior_Feeding_head_down,datasets/behavior/mmcows/cropped_bboxes/behaviors/4/1690305056_12-10-56_9_1.jpg,YOLOv8s,1,2,detected,3.53,0.1,218.16,281.13,0.5971,35.61,235,283
sample_0133,MmCows,Behavior_Feeding_head_down,datasets/behavior/mmcows/cropped_bboxes/behaviors/4/1690305056_12-10-56_9_1.jpg,YOLOv8s,2,2,detected,78.46,1.5,221.41,282.41,0.5596,35.61,235,283
sample_0133,MmCows,Behavior_Feeding_head_down,datasets/behavior/mmcows/cropped_bboxes/behaviors/4/1690305056_12-10-56_9_1.jpg,FasterRCNN_v2,1,2,detected,61.55,3.01,217.01,279.03,0.974,414.11,235,283
sample_0133,MmCows,Behavior_Feeding_head_down,datasets/behavior/mmcows/cropped_bboxes/behaviors/4/1690305056_12-10-56_9_1.jpg,FasterRCNN_v2,2,2,detected,1.86,0.0,160.41,283.0,0.8324,414.11,235,283
sample_0133,MmCows,Behavior_Feeding_head_down,datasets/behavior/mmcows/cropped_bboxes/behaviors/4/1690305056_12-10-56_9_1.jpg,RT-DETR-L,1,4,detected,76.13,2.35,215.89,282.79,0.579,94.78,235,283
sample_0133,MmCows,Behavior_Feeding_head_down,datasets/behavior/mmcows/cropped_bboxes/behaviors/4/1690305056_12-10-56_9_1.jpg,RT-DETR-L,2,4,detected,3.28,0.08,216.74,283.07,0.5368,94.78,235,283
sample_0133,MmCows,Behavior_Feeding_head_down,datasets/behavior/mmcows/cropped_bboxes/behaviors/4/1690305056_12-10-56_9_1.jpg,RT-DETR-L,3,4,detected,0.05,42.64,53.45,282.74,0.3512,94.78,235,283
sample_0133,MmCows,Behavior_Feeding_head_down,datasets/behavior/mmcows/cropped_bboxes/behaviors/4/1690305056_12-10-56_9_1.jpg,RT-DETR-L,4,4,detected,4.24,0.12,123.08,283.11,0.3254,94.78,235,283
sample_0134,MmCows,Behavior_Feeding_head_down,datasets/behavior/mmcows/cropped_bboxes/behaviors/4/1690276976_04-22-56_10_4.jpg,YOLOv8s,1,3,detected,0.55,55.94,992.94,1042.41,0.9348,27.37,1292,1061
sample_0134,MmCows,Behavior_Feeding_head_down,datasets/behavior/mmcows/cropped_bboxes/behaviors/4/1690276976_04-22-56_10_4.jpg,YOLOv8s,2,3,detected,329.43,0.0,1286.06,1026.57,0.6665,27.37,1292,1061
sample_0134,MmCows,Behavior_Feeding_head_down,datasets/behavior/mmcows/cropped_bboxes/behaviors/4/1690276976_04-22-56_10_4.jpg,YOLOv8s,3,3,detected,196.35,1.09,1054.3,401.74,0.3321,27.37,1292,1061
sample_0134,MmCows,Behavior_Feeding_head_down,datasets/behavior/mmcows/cropped_bboxes/behaviors/4/1690276976_04-22-56_10_4.jpg,FasterRCNN_v2,1,5,detected,15.15,13.47,860.65,999.0,0.9976,447.59,1292,1061
sample_0134,MmCows,Behavior_Feeding_head_down,datasets/behavior/mmcows/cropped_bboxes/behaviors/4/1690276976_04-22-56_10_4.jpg,FasterRCNN_v2,2,5,detected,206.35,13.39,1122.65,539.22,0.8018,447.59,1292,1061
sample_0134,MmCows,Behavior_Feeding_head_down,datasets/behavior/mmcows/cropped_bboxes/behaviors/4/1690276976_04-22-56_10_4.jpg,FasterRCNN_v2,3,5,detected,476.35,11.01,1258.89,1003.46,0.6294,447.59,1292,1061
sample_0134,MmCows,Behavior_Feeding_head_down,datasets/behavior/mmcows/cropped_bboxes/behaviors/4/1690276976_04-22-56_10_4.jpg,FasterRCNN_v2,4,5,detected,165.16,5.33,724.44,236.81,0.3985,447.59,1292,1061
sample_0134,MmCows,Behavior_Feeding_head_down,datasets/behavior/mmcows/cropped_bboxes/behaviors/4/1690276976_04-22-56_10_4.jpg,FasterRCNN_v2,5,5,detected,639.4,7.05,1212.57,476.07,0.3423,447.59,1292,1061
sample_0134,MmCows,Behavior_Feeding_head_down,datasets/behavior/mmcows/cropped_bboxes/behaviors/4/1690276976_04-22-56_10_4.jpg,RT-DETR-L,1,9,detected,0.09,-1.08,993.4,1058.93,0.5711,95.09,1292,1061
sample_0134,MmCows,Behavior_Feeding_head_down,datasets/behavior/mmcows/cropped_bboxes/behaviors/4/1690276976_04-22-56_10_4.jpg,RT-DETR-L,2,9,detected,390.81,-1.37,1289.03,989.58,0.4501,95.09,1292,1061
sample_0134,MmCows,Behavior_Feeding_head_down,datasets/behavior/mmcows/cropped_bboxes/behaviors/4/1690276976_04-22-56_10_4.jpg,RT-DETR-L,3,9,detected,-0.38,-1.45,1289.71,1059.36,0.4399,95.09,1292,1061
sample_0134,MmCows,Behavior_Feeding_head_down,datasets/behavior/mmcows/cropped_bboxes/behaviors/4/1690276976_04-22-56_10_4.jpg,RT-DETR-L,4,9,detected,391.18,0.4,1292.74,489.29,0.3991,95.09,1292,1061
sample_0134,MmCows,Behavior_Feeding_head_down,datasets/behavior/mmcows/cropped_bboxes/behaviors/4/1690276976_04-22-56_10_4.jpg,RT-DETR-L,5,9,detected,94.01,-0.82,1293.0,490.5,0.371,95.09,1292,1061
sample_0134,MmCows,Behavior_Feeding_head_down,datasets/behavior/mmcows/cropped_bboxes/behaviors/4/1690276976_04-22-56_10_4.jpg,RT-DETR-L,6,9,detected,93.32,2.3,1287.74,992.73,0.3013,95.09,1292,1061
sample_0134,MmCows,Behavior_Feeding_head_down,datasets/behavior/mmcows/cropped_bboxes/behaviors/4/1690276976_04-22-56_10_4.jpg,RT-DETR-L,7,9,detected,974.61,532.72,1288.99,977.94,0.2815,95.09,1292,1061
sample_0134,MmCows,Behavior_Feeding_head_down,datasets/behavior/mmcows/cropped_bboxes/behaviors/4/1690276976_04-22-56_10_4.jpg,RT-DETR-L,8,9,detected,-0.86,1.59,780.38,747.05,0.2723,95.09,1292,1061
sample_0134,MmCows,Behavior_Feeding_head_down,datasets/behavior/mmcows/cropped_bboxes/behaviors/4/1690276976_04-22-56_10_4.jpg,RT-DETR-L,9,9,detected,73.77,-0.42,1283.37,1039.82,0.2531,95.09,1292,1061
sample_0135,MmCows,Behavior_Feeding_head_down,datasets/behavior/mmcows/cropped_bboxes/behaviors/4/1690328756_18-45-56_5_2.jpg,YOLOv8s,1,1,detected,11.5,1.1,236.13,369.16,0.7523,36.15,238,371
sample_0135,MmCows,Behavior_Feeding_head_down,datasets/behavior/mmcows/cropped_bboxes/behaviors/4/1690328756_18-45-56_5_2.jpg,FasterRCNN_v2,1,3,detected,7.71,26.29,234.94,360.46,0.9962,466.08,238,371
sample_0135,MmCows,Behavior_Feeding_head_down,datasets/behavior/mmcows/cropped_bboxes/behaviors/4/1690328756_18-45-56_5_2.jpg,FasterRCNN_v2,2,3,detected,139.39,86.45,237.52,355.83,0.6761,466.08,238,371
sample_0135,MmCows,Behavior_Feeding_head_down,datasets/behavior/mmcows/cropped_bboxes/behaviors/4/1690328756_18-45-56_5_2.jpg,FasterRCNN_v2,3,3,detected,194.48,45.23,238.0,332.51,0.4904,466.08,238,371
sample_0135,MmCows,Behavior_Feeding_head_down,datasets/behavior/mmcows/cropped_bboxes/behaviors/4/1690328756_18-45-56_5_2.jpg,RT-DETR-L,1,1,detected,13.36,0.6,237.7,363.2,0.9326,94.65,238,371
sample_0136,MmCows,Behavior_Feeding_head_down,datasets/behavior/mmcows/cropped_bboxes/behaviors/4/1690322636_17-03-56_5_4.jpg,YOLOv8s,1,1,detected,14.25,12.37,526.14,465.72,0.6036,22.26,770,473
sample_0136,MmCows,Behavior_Feeding_head_down,datasets/behavior/mmcows/cropped_bboxes/behaviors/4/1690322636_17-03-56_5_4.jpg,FasterRCNN_v2,1,3,detected,1.19,1.78,540.2,473.0,0.9996,480.1,770,473
sample_0136,MmCows,Behavior_Feeding_head_down,datasets/behavior/mmcows/cropped_bboxes/behaviors/4/1690322636_17-03-56_5_4.jpg,FasterRCNN_v2,2,3,detected,269.17,16.68,600.66,473.0,0.8466,480.1,770,473
sample_0136,MmCows,Behavior_Feeding_head_down,datasets/behavior/mmcows/cropped_bboxes/behaviors/4/1690322636_17-03-56_5_4.jpg,FasterRCNN_v2,3,3,detected,74.78,234.77,549.87,468.91,0.7872,480.1,770,473
sample_0136,MmCows,Behavior_Feeding_head_down,datasets/behavior/mmcows/cropped_bboxes/behaviors/4/1690322636_17-03-56_5_4.jpg,RT-DETR-L,1,2,detected,19.74,4.11,617.31,473.25,0.8945,95.0,770,473
sample_0136,MmCows,Behavior_Feeding_head_down,datasets/behavior/mmcows/cropped_bboxes/behaviors/4/1690322636_17-03-56_5_4.jpg,RT-DETR-L,2,2,detected,640.62,196.9,766.78,463.53,0.3901,95.0,770,473
sample_0137,MmCows,Behavior_Feeding_head_down,datasets/behavior/mmcows/cropped_bboxes/behaviors/4/1690311131_13-52-11_9_1.jpg,YOLOv8s,0,0,no_detection,,,,,,31.01,210,207
sample_0137,MmCows,Behavior_Feeding_head_down,datasets/behavior/mmcows/cropped_bboxes/behaviors/4/1690311131_13-52-11_9_1.jpg,FasterRCNN_v2,1,1,detected,1.77,3.62,199.01,192.28,0.8722,388.82,210,207
sample_0137,MmCows,Behavior_Feeding_head_down,datasets/behavior/mmcows/cropped_bboxes/behaviors/4/1690311131_13-52-11_9_1.jpg,RT-DETR-L,1,2,detected,6.87,7.49,183.77,197.02,0.6931,94.63,210,207
sample_0137,MmCows,Behavior_Feeding_head_down,datasets/behavior/mmcows/cropped_bboxes/behaviors/4/1690311131_13-52-11_9_1.jpg,RT-DETR-L,2,2,detected,2.02,5.69,211.04,206.45,0.3564,94.63,210,207
sample_0138,MmCows,Behavior_Feeding_head_down,datasets/behavior/mmcows/cropped_bboxes/behaviors/4/1690302596_11-29-56_8_2.jpg,YOLOv8s,0,0,no_detection,,,,,,57.34,189,252
sample_0138,MmCows,Behavior_Feeding_head_down,datasets/behavior/mmcows/cropped_bboxes/behaviors/4/1690302596_11-29-56_8_2.jpg,FasterRCNN_v2,1,1,detected,31.85,3.05,163.11,186.97,0.4747,424.67,189,252
sample_0138,MmCows,Behavior_Feeding_head_down,datasets/behavior/mmcows/cropped_bboxes/behaviors/4/1690302596_11-29-56_8_2.jpg,RT-DETR-L,0,0,no_detection,,,,,,94.11,189,252
sample_0139,MmCows,Behavior_Feeding_head_down,datasets/behavior/mmcows/cropped_bboxes/behaviors/4/1690306136_12-28-56_9_4.jpg,YOLOv8s,1,2,detected,6.6,3.28,549.91,540.99,0.7402,24.75,777,551
sample_0139,MmCows,Behavior_Feeding_head_down,datasets/behavior/mmcows/cropped_bboxes/behaviors/4/1690306136_12-28-56_9_4.jpg,YOLOv8s,2,2,detected,579.45,260.82,772.9,538.39,0.5132,24.75,777,551
sample_0139,MmCows,Behavior_Feeding_head_down,datasets/behavior/mmcows/cropped_bboxes/behaviors/4/1690306136_12-28-56_9_4.jpg,FasterRCNN_v2,1,8,detected,71.95,15.04,688.05,547.26,0.9677,466.44,777,551
sample_0139,MmCows,Behavior_Feeding_head_down,datasets/behavior/mmcows/cropped_bboxes/behaviors/4/1690306136_12-28-56_9_4.jpg,FasterRCNN_v2,2,8,detected,344.44,134.12,546.11,537.64,0.7246,466.44,777,551
sample_0139,MmCows,Behavior_Feeding_head_down,datasets/behavior/mmcows/cropped_bboxes/behaviors/4/1690306136_12-28-56_9_4.jpg,FasterRCNN_v2,3,8,detected,129.15,2.06,630.58,115.84,0.695,466.44,777,551
sample_0139,MmCows,Behavior_Feeding_head_down,datasets/behavior/mmcows/cropped_bboxes/behaviors/4/1690306136_12-28-56_9_4.jpg,FasterRCNN_v2,4,8,detected,285.19,119.7,750.36,538.43,0.636,466.44,777,551
sample_0139,MmCows,Behavior_Feeding_head_down,datasets/behavior/mmcows/cropped_bboxes/behaviors/4/1690306136_12-28-56_9_4.jpg,FasterRCNN_v2,5,8,detected,15.68,2.9,489.11,408.75,0.6325,466.44,777,551
sample_0139,MmCows,Behavior_Feeding_head_down,datasets/behavior/mmcows/cropped_bboxes/behaviors/4/1690306136_12-28-56_9_4.jpg,FasterRCNN_v2,6,8,detected,591.85,260.45,774.28,542.82,0.5429,466.44,777,551
sample_0139,MmCows,Behavior_Feeding_head_down,datasets/behavior/mmcows/cropped_bboxes/behaviors/4/1690306136_12-28-56_9_4.jpg,FasterRCNN_v2,7,8,detected,117.39,0.0,708.09,309.07,0.5048,466.44,777,551
sample_0139,MmCows,Behavior_Feeding_head_down,datasets/behavior/mmcows/cropped_bboxes/behaviors/4/1690306136_12-28-56_9_4.jpg,FasterRCNN_v2,8,8,detected,158.88,0.0,428.09,68.09,0.4412,466.44,777,551
sample_0139,MmCows,Behavior_Feeding_head_down,datasets/behavior/mmcows/cropped_bboxes/behaviors/4/1690306136_12-28-56_9_4.jpg,RT-DETR-L,1,6,detected,21.11,1.08,540.99,548.82,0.8934,94.23,777,551
sample_0139,MmCows,Behavior_Feeding_head_down,datasets/behavior/mmcows/cropped_bboxes/behaviors/4/1690306136_12-28-56_9_4.jpg,RT-DETR-L,2,6,detected,594.32,256.69,772.56,532.72,0.6665,94.23,777,551
sample_0139,MmCows,Behavior_Feeding_head_down,datasets/behavior/mmcows/cropped_bboxes/behaviors/4/1690306136_12-28-56_9_4.jpg,RT-DETR-L,3,6,detected,632.21,0.17,717.44,122.3,0.334,94.23,777,551
sample_0139,MmCows,Behavior_Feeding_head_down,datasets/behavior/mmcows/cropped_bboxes/behaviors/4/1690306136_12-28-56_9_4.jpg,RT-DETR-L,4,6,detected,331.17,-0.06,718.05,136.85,0.3153,94.23,777,551
sample_0139,MmCows,Behavior_Feeding_head_down,datasets/behavior/mmcows/cropped_bboxes/behaviors/4/1690306136_12-28-56_9_4.jpg,RT-DETR-L,5,6,detected,327.82,-4.34,772.64,545.5,0.2947,94.23,777,551
sample_0139,MmCows,Behavior_Feeding_head_down,datasets/behavior/mmcows/cropped_bboxes/behaviors/4/1690306136_12-28-56_9_4.jpg,RT-DETR-L,6,6,detected,158.7,-0.15,717.02,130.47,0.2753,94.23,777,551
sample_0140,MmCows,Behavior_Feeding_head_down,datasets/behavior/mmcows/cropped_bboxes/behaviors/4/1690315811_15-10-11_15_4.jpg,YOLOv8s,0,0,no_detection,,,,,,33.01,501,128
sample_0140,MmCows,Behavior_Feeding_head_down,datasets/behavior/mmcows/cropped_bboxes/behaviors/4/1690315811_15-10-11_15_4.jpg,FasterRCNN_v2,0,0,no_detection,,,,,,318.88,501,128
sample_0140,MmCows,Behavior_Feeding_head_down,datasets/behavior/mmcows/cropped_bboxes/behaviors/4/1690315811_15-10-11_15_4.jpg,RT-DETR-L,1,2,detected,9.55,0.02,499.69,128.02,0.4885,94.33,501,128
sample_0140,MmCows,Behavior_Feeding_head_down,datasets/behavior/mmcows/cropped_bboxes/behaviors/4/1690315811_15-10-11_15_4.jpg,RT-DETR-L,2,2,detected,10.47,-0.07,431.95,127.93,0.288,94.33,501,128
sample_0141,MmCows,Behavior_Feeding_head_down,datasets/behavior/mmcows/cropped_bboxes/behaviors/4/1690314836_14-53-56_5_2.jpg,YOLOv8s,1,2,detected,159.45,18.43,402.45,236.96,0.6658,23.31,413,280
sample_0141,MmCows,Behavior_Feeding_head_down,datasets/behavior/mmcows/cropped_bboxes/behaviors/4/1690314836_14-53-56_5_2.jpg,YOLOv8s,2,2,detected,65.85,8.51,404.48,236.74,0.5054,23.31,413,280
sample_0141,MmCows,Behavior_Feeding_head_down,datasets/behavior/mmcows/cropped_bboxes/behaviors/4/1690314836_14-53-56_5_2.jpg,FasterRCNN_v2,1,8,detected,62.85,3.89,392.66,277.36,0.9953,461.35,413,280
sample_0141,MmCows,Behavior_Feeding_head_down,datasets/behavior/mmcows/cropped_bboxes/behaviors/4/1690314836_14-53-56_5_2.jpg,FasterRCNN_v2,2,8,detected,158.12,14.96,341.41,163.36,0.6513,461.35,413,280
sample_0141,MmCows,Behavior_Feeding_head_down,datasets/behavior/mmcows/cropped_bboxes/behaviors/4/1690314836_14-53-56_5_2.jpg,FasterRCNN_v2,3,8,detected,168.16,156.91,321.27,235.76,0.5074,461.35,413,280
sample_0141,MmCows,Behavior_Feeding_head_down,datasets/behavior/mmcows/cropped_bboxes/behaviors/4/1690314836_14-53-56_5_2.jpg,FasterRCNN_v2,4,8,detected,0.0,150.41,149.44,274.51,0.4843,461.35,413,280
sample_0141,MmCows,Behavior_Feeding_head_down,datasets/behavior/mmcows/cropped_bboxes/behaviors/4/1690314836_14-53-56_5_2.jpg,FasterRCNN_v2,5,8,detected,199.27,5.72,403.1,231.98,0.4626,461.35,413,280
sample_0141,MmCows,Behavior_Feeding_head_down,datasets/behavior/mmcows/cropped_bboxes/behaviors/4/1690314836_14-53-56_5_2.jpg,FasterRCNN_v2,6,8,detected,5.19,25.84,243.17,269.45,0.4424,461.35,413,280
sample_0141,MmCows,Behavior_Feeding_head_down,datasets/behavior/mmcows/cropped_bboxes/behaviors/4/1690314836_14-53-56_5_2.jpg,FasterRCNN_v2,7,8,detected,48.86,2.97,202.86,183.12,0.3382,461.35,413,280
sample_0141,MmCows,Behavior_Feeding_head_down,datasets/behavior/mmcows/cropped_bboxes/behaviors/4/1690314836_14-53-56_5_2.jpg,FasterRCNN_v2,8,8,detected,5.65,5.29,123.57,166.72,0.3303,461.35,413,280
sample_0141,MmCows,Behavior_Feeding_head_down,datasets/behavior/mmcows/cropped_bboxes/behaviors/4/1690314836_14-53-56_5_2.jpg,RT-DETR-L,1,5,detected,62.3,1.77,405.57,237.37,0.9294,94.37,413,280
sample_0141,MmCows,Behavior_Feeding_head_down,datasets/behavior/mmcows/cropped_bboxes/behaviors/4/1690314836_14-53-56_5_2.jpg,RT-DETR-L,2,5,detected,-0.11,2.31,42.36,64.92,0.4016,94.37,413,280
sample_0141,MmCows,Behavior_Feeding_head_down,datasets/behavior/mmcows/cropped_bboxes/behaviors/4/1690314836_14-53-56_5_2.jpg,RT-DETR-L,3,5,detected,0.18,164.31,149.71,266.71,0.2935,94.37,413,280
sample_0141,MmCows,Behavior_Feeding_head_down,datasets/behavior/mmcows/cropped_bboxes/behaviors/4/1690314836_14-53-56_5_2.jpg,RT-DETR-L,4,5,detected,-0.12,65.09,61.71,170.26,0.2721,94.37,413,280
sample_0141,MmCows,Behavior_Feeding_head_down,datasets/behavior/mmcows/cropped_bboxes/behaviors/4/1690314836_14-53-56_5_2.jpg,RT-DETR-L,5,5,detected,314.8,0.05,379.29,25.97,0.2708,94.37,413,280
sample_0142,MmCows,Behavior_Feeding_head_down,datasets/behavior/mmcows/cropped_bboxes/behaviors/4/1690329821_19-03-41_12_4.jpg,YOLOv8s,1,1,detected,2.8,15.65,592.16,424.83,0.7148,22.99,658,435
sample_0142,MmCows,Behavior_Feeding_head_down,datasets/behavior/mmcows/cropped_bboxes/behaviors/4/1690329821_19-03-41_12_4.jpg,FasterRCNN_v2,1,8,detected,23.87,4.45,593.89,434.29,0.9989,446.22,658,435
sample_0142,MmCows,Behavior_Feeding_head_down,datasets/behavior/mmcows/cropped_bboxes/behaviors/4/1690329821_19-03-41_12_4.jpg,FasterRCNN_v2,2,8,detected,221.72,22.56,520.44,427.4,0.6986,446.22,658,435
sample_0142,MmCows,Behavior_Feeding_head_down,datasets/behavior/mmcows/cropped_bboxes/behaviors/4/1690329821_19-03-41_12_4.jpg,FasterRCNN_v2,3,8,detected,383.65,136.77,655.24,435.0,0.5207,446.22,658,435
sample_0142,MmCows,Behavior_Feeding_head_down,datasets/behavior/mmcows/cropped_bboxes/behaviors/4/1690329821_19-03-41_12_4.jpg,FasterRCNN_v2,4,8,detected,108.52,0.0,287.33,29.79,0.381,446.22,658,435
sample_0142,MmCows,Behavior_Feeding_head_down,datasets/behavior/mmcows/cropped_bboxes/behaviors/4/1690329821_19-03-41_12_4.jpg,FasterRCNN_v2,5,8,detected,290.05,0.73,651.18,196.41,0.3467,446.22,658,435
sample_0142,MmCows,Behavior_Feeding_head_down,datasets/behavior/mmcows/cropped_bboxes/behaviors/4/1690329821_19-03-41_12_4.jpg,FasterRCNN_v2,6,8,detected,94.61,0.0,444.86,34.01,0.3373,446.22,658,435
sample_0142,MmCows,Behavior_Feeding_head_down,datasets/behavior/mmcows/cropped_bboxes/behaviors/4/1690329821_19-03-41_12_4.jpg,FasterRCNN_v2,7,8,detected,155.45,5.79,633.88,294.12,0.2775,446.22,658,435
sample_0142,MmCows,Behavior_Feeding_head_down,datasets/behavior/mmcows/cropped_bboxes/behaviors/4/1690329821_19-03-41_12_4.jpg,FasterRCNN_v2,8,8,detected,1.01,0.83,191.57,421.69,0.2646,446.22,658,435
sample_0142,MmCows,Behavior_Feeding_head_down,datasets/behavior/mmcows/cropped_bboxes/behaviors/4/1690329821_19-03-41_12_4.jpg,RT-DETR-L,1,4,detected,0.04,16.68,522.64,430.01,0.9189,95.34,658,435
sample_0142,MmCows,Behavior_Feeding_head_down,datasets/behavior/mmcows/cropped_bboxes/behaviors/4/1690329821_19-03-41_12_4.jpg,RT-DETR-L,2,4,detected,154.22,0.06,657.3,162.26,0.4281,95.34,658,435
sample_0142,MmCows,Behavior_Feeding_head_down,datasets/behavior/mmcows/cropped_bboxes/behaviors/4/1690329821_19-03-41_12_4.jpg,RT-DETR-L,3,4,detected,557.57,186.98,652.87,347.06,0.3136,95.34,658,435
sample_0142,MmCows,Behavior_Feeding_head_down,datasets/behavior/mmcows/cropped_bboxes/behaviors/4/1690329821_19-03-41_12_4.jpg,RT-DETR-L,4,4,detected,583.93,0.82,658.46,161.03,0.308,95.34,658,435
sample_0143,MmCows,Behavior_Feeding_head_down,datasets/behavior/mmcows/cropped_bboxes/behaviors/4/1690325291_17-48-11_15_3.jpg,YOLOv8s,1,2,detected,106.72,3.95,627.41,761.99,0.8344,27.07,634,778
sample_0143,MmCows,Behavior_Feeding_head_down,datasets/behavior/mmcows/cropped_bboxes/behaviors/4/1690325291_17-48-11_15_3.jpg,YOLOv8s,2,2,detected,543.41,0.53,633.97,432.3,0.5072,27.07,634,778
sample_0143,MmCows,Behavior_Feeding_head_down,datasets/behavior/mmcows/cropped_bboxes/behaviors/4/1690325291_17-48-11_15_3.jpg,FasterRCNN_v2,1,6,detected,5.11,0.0,631.7,649.87,0.9995,408.84,634,778
sample_0143,MmCows,Behavior_Feeding_head_down,datasets/behavior/mmcows/cropped_bboxes/behaviors/4/1690325291_17-48-11_15_3.jpg,FasterRCNN_v2,2,6,detected,552.16,1.81,633.63,468.44,0.8901,408.84,634,778
sample_0143,MmCows,Behavior_Feeding_head_down,datasets/behavior/mmcows/cropped_bboxes/behaviors/4/1690325291_17-48-11_15_3.jpg,FasterRCNN_v2,3,6,detected,3.06,35.95,239.01,755.65,0.7231,408.84,634,778
sample_0143,MmCows,Behavior_Feeding_head_down,datasets/behavior/mmcows/cropped_bboxes/behaviors/4/1690325291_17-48-11_15_3.jpg,FasterRCNN_v2,4,6,detected,7.04,318.37,356.5,770.64,0.6239,408.84,634,778
sample_0143,MmCows,Behavior_Feeding_head_down,datasets/behavior/mmcows/cropped_bboxes/behaviors/4/1690325291_17-48-11_15_3.jpg,FasterRCNN_v2,5,6,detected,114.52,218.49,444.33,663.48,0.4764,408.84,634,778
sample_0143,MmCows,Behavior_Feeding_head_down,datasets/behavior/mmcows/cropped_bboxes/behaviors/4/1690325291_17-48-11_15_3.jpg,FasterRCNN_v2,6,6,detected,37.9,9.84,580.74,364.77,0.2712,408.84,634,778
sample_0143,MmCows,Behavior_Feeding_head_down,datasets/behavior/mmcows/cropped_bboxes/behaviors/4/1690325291_17-48-11_15_3.jpg,RT-DETR-L,1,2,detected,101.92,0.98,633.89,647.53,0.9663,94.41,634,778
sample_0143,MmCows,Behavior_Feeding_head_down,datasets/behavior/mmcows/cropped_bboxes/behaviors/4/1690325291_17-48-11_15_3.jpg,RT-DETR-L,2,2,detected,2.03,0.6,522.32,237.91,0.2528,94.41,634,778
sample_0144,MmCows,Behavior_Feeding_head_down,datasets/behavior/mmcows/cropped_bboxes/behaviors/4/1690319366_16-09-26_2_4.jpg,YOLOv8s,1,2,detected,0.22,3.36,941.75,913.59,0.8376,24.62,1280,927
sample_0144,MmCows,Behavior_Feeding_head_down,datasets/behavior/mmcows/cropped_bboxes/behaviors/4/1690319366_16-09-26_2_4.jpg,YOLOv8s,2,2,detected,792.29,5.57,1273.94,816.21,0.4235,24.62,1280,927
sample_0144,MmCows,Behavior_Feeding_head_down,datasets/behavior/mmcows/cropped_bboxes/behaviors/4/1690319366_16-09-26_2_4.jpg,FasterRCNN_v2,1,3,detected,3.46,5.83,970.54,855.76,0.9993,468.86,1280,927
sample_0144,MmCows,Behavior_Feeding_head_down,datasets/behavior/mmcows/cropped_bboxes/behaviors/4/1690319366_16-09-26_2_4.jpg,FasterRCNN_v2,2,3,detected,18.04,8.87,665.0,619.08,0.5901,468.86,1280,927
sample_0144,MmCows,Behavior_Feeding_head_down,datasets/behavior/mmcows/cropped_bboxes/behaviors/4/1690319366_16-09-26_2_4.jpg,FasterRCNN_v2,3,3,detected,641.75,229.02,1258.4,919.62,0.5552,468.86,1280,927
sample_0144,MmCows,Behavior_Feeding_head_down,datasets/behavior/mmcows/cropped_bboxes/behaviors/4/1690319366_16-09-26_2_4.jpg,RT-DETR-L,1,3,detected,-0.03,2.26,934.0,856.37,0.9558,94.97,1280,927
sample_0144,MmCows,Behavior_Feeding_head_down,datasets/behavior/mmcows/cropped_bboxes/behaviors/4/1690319366_16-09-26_2_4.jpg,RT-DETR-L,2,3,detected,805.2,75.69,1249.66,893.47,0.5959,94.97,1280,927
sample_0144,MmCows,Behavior_Feeding_head_down,datasets/behavior/mmcows/cropped_bboxes/behaviors/4/1690319366_16-09-26_2_4.jpg,RT-DETR-L,3,3,detected,923.0,323.56,1249.13,891.29,0.3112,94.97,1280,927
sample_0145,MmCows,Behavior_Feeding_head_down,datasets/behavior/mmcows/cropped_bboxes/behaviors/4/1690289276_07-47-56_1_4.jpg,YOLOv8s,1,2,detected,0.69,177.2,580.12,417.37,0.3556,34.67,968,423
sample_0145,MmCows,Behavior_Feeding_head_down,datasets/behavior/mmcows/cropped_bboxes/behaviors/4/1690289276_07-47-56_1_4.jpg,YOLOv8s,2,2,detected,0.0,10.72,597.12,278.45,0.2797,34.67,968,423
sample_0145,MmCows,Behavior_Feeding_head_down,datasets/behavior/mmcows/cropped_bboxes/behaviors/4/1690289276_07-47-56_1_4.jpg,FasterRCNN_v2,1,6,detected,8.09,7.61,615.38,284.75,0.9869,430.62,968,423
sample_0145,MmCows,Behavior_Feeding_head_down,datasets/behavior/mmcows/cropped_bboxes/behaviors/4/1690289276_07-47-56_1_4.jpg,FasterRCNN_v2,2,6,detected,0.0,11.33,352.08,209.97,0.9703,430.62,968,423
sample_0145,MmCows,Behavior_Feeding_head_down,datasets/behavior/mmcows/cropped_bboxes/behaviors/4/1690289276_07-47-56_1_4.jpg,FasterRCNN_v2,3,6,detected,606.18,5.51,946.74,423.0,0.6927,430.62,968,423
sample_0145,MmCows,Behavior_Feeding_head_down,datasets/behavior/mmcows/cropped_bboxes/behaviors/4/1690289276_07-47-56_1_4.jpg,FasterRCNN_v2,4,6,detected,2.0,89.15,588.66,399.47,0.6807,430.62,968,423
sample_0145,MmCows,Behavior_Feeding_head_down,datasets/behavior/mmcows/cropped_bboxes/behaviors/4/1690289276_07-47-56_1_4.jpg,FasterRCNN_v2,5,6,detected,120.83,2.13,608.45,91.74,0.6593,430.62,968,423
sample_0145,MmCows,Behavior_Feeding_head_down,datasets/behavior/mmcows/cropped_bboxes/behaviors/4/1690289276_07-47-56_1_4.jpg,FasterRCNN_v2,6,6,detected,126.79,44.59,525.84,247.08,0.6129,430.62,968,423
sample_0145,MmCows,Behavior_Feeding_head_down,datasets/behavior/mmcows/cropped_bboxes/behaviors/4/1690289276_07-47-56_1_4.jpg,RT-DETR-L,1,10,detected,-0.32,11.15,611.42,294.02,0.6311,94.96,968,423
sample_0145,MmCows,Behavior_Feeding_head_down,datasets/behavior/mmcows/cropped_bboxes/behaviors/4/1690289276_07-47-56_1_4.jpg,RT-DETR-L,2,10,detected,-0.38,10.99,607.36,422.81,0.5167,94.96,968,423
sample_0145,MmCows,Behavior_Feeding_head_down,datasets/behavior/mmcows/cropped_bboxes/behaviors/4/1690289276_07-47-56_1_4.jpg,RT-DETR-L,3,10,detected,658.11,45.13,937.21,421.95,0.5144,94.96,968,423
sample_0145,MmCows,Behavior_Feeding_head_down,datasets/behavior/mmcows/cropped_bboxes/behaviors/4/1690289276_07-47-56_1_4.jpg,RT-DETR-L,4,10,detected,-0.55,170.61,572.05,422.68,0.4455,94.96,968,423
sample_0145,MmCows,Behavior_Feeding_head_down,datasets/behavior/mmcows/cropped_bboxes/behaviors/4/1690289276_07-47-56_1_4.jpg,RT-DETR-L,5,10,detected,685.37,43.33,917.9,227.18,0.3303,94.96,968,423
sample_0145,MmCows,Behavior_Feeding_head_down,datasets/behavior/mmcows/cropped_bboxes/behaviors/4/1690289276_07-47-56_1_4.jpg,RT-DETR-L,6,10,detected,-6.75,1.08,956.49,424.07,0.3146,94.96,968,423
sample_0145,MmCows,Behavior_Feeding_head_down,datasets/behavior/mmcows/cropped_bboxes/behaviors/4/1690289276_07-47-56_1_4.jpg,RT-DETR-L,7,10,detected,659.93,161.24,951.93,422.88,0.3076,94.96,968,423
sample_0145,MmCows,Behavior_Feeding_head_down,datasets/behavior/mmcows/cropped_bboxes/behaviors/4/1690289276_07-47-56_1_4.jpg,RT-DETR-L,8,10,detected,664.73,46.21,917.51,365.63,0.2957,94.96,968,423
sample_0145,MmCows,Behavior_Feeding_head_down,datasets/behavior/mmcows/cropped_bboxes/behaviors/4/1690289276_07-47-56_1_4.jpg,RT-DETR-L,9,10,detected,667.74,161.3,911.93,365.36,0.2865,94.96,968,423
sample_0145,MmCows,Behavior_Feeding_head_down,datasets/behavior/mmcows/cropped_bboxes/behaviors/4/1690289276_07-47-56_1_4.jpg,RT-DETR-L,10,10,detected,3.69,9.79,926.7,387.38,0.2842,94.96,968,423
sample_0146,MmCows,Behavior_Feeding_head_down,datasets/behavior/mmcows/cropped_bboxes/behaviors/4/1690296266_09-44-26_1_2.jpg,YOLOv8s,1,1,detected,21.36,17.15,211.18,301.51,0.4975,22.01,221,343
sample_0146,MmCows,Behavior_Feeding_head_down,datasets/behavior/mmcows/cropped_bboxes/behaviors/4/1690296266_09-44-26_1_2.jpg,FasterRCNN_v2,1,2,detected,18.12,12.44,217.4,273.43,0.9957,459.47,221,343
sample_0146,MmCows,Behavior_Feeding_head_down,datasets/behavior/mmcows/cropped_bboxes/behaviors/4/1690296266_09-44-26_1_2.jpg,FasterRCNN_v2,2,2,detected,109.95,120.37,220.48,336.65,0.2888,459.47,221,343
sample_0146,MmCows,Behavior_Feeding_head_down,datasets/behavior/mmcows/cropped_bboxes/behaviors/4/1690296266_09-44-26_1_2.jpg,RT-DETR-L,1,3,detected,21.01,8.73,213.23,342.55,0.9357,94.66,221,343
sample_0146,MmCows,Behavior_Feeding_head_down,datasets/behavior/mmcows/cropped_bboxes/behaviors/4/1690296266_09-44-26_1_2.jpg,RT-DETR-L,2,3,detected,-0.26,1.62,92.0,174.81,0.4158,94.66,221,343
sample_0146,MmCows,Behavior_Feeding_head_down,datasets/behavior/mmcows/cropped_bboxes/behaviors/4/1690296266_09-44-26_1_2.jpg,RT-DETR-L,3,3,detected,82.73,-0.29,220.83,81.24,0.2583,94.66,221,343
sample_0147,MmCows,Behavior_Feeding_head_down,datasets/behavior/mmcows/cropped_bboxes/behaviors/4/1690295591_09-33-11_14_2.jpg,YOLOv8s,1,1,detected,1.27,1.72,197.28,175.98,0.5485,30.99,201,203
sample_0147,MmCows,Behavior_Feeding_head_down,datasets/behavior/mmcows/cropped_bboxes/behaviors/4/1690295591_09-33-11_14_2.jpg,FasterRCNN_v2,1,2,detected,0.0,0.87,195.94,179.91,0.8936,378.61,201,203
sample_0147,MmCows,Behavior_Feeding_head_down,datasets/behavior/mmcows/cropped_bboxes/behaviors/4/1690295591_09-33-11_14_2.jpg,FasterRCNN_v2,2,2,detected,0.94,1.87,92.48,187.8,0.7611,378.61,201,203
sample_0147,MmCows,Behavior_Feeding_head_down,datasets/behavior/mmcows/cropped_bboxes/behaviors/4/1690295591_09-33-11_14_2.jpg,RT-DETR-L,1,2,detected,-0.19,0.27,200.8,188.22,0.8642,94.76,201,203
sample_0147,MmCows,Behavior_Feeding_head_down,datasets/behavior/mmcows/cropped_bboxes/behaviors/4/1690295591_09-33-11_14_2.jpg,RT-DETR-L,2,2,detected,0.03,0.27,201.03,202.74,0.2546,94.76,201,203
sample_0148,MmCows,Behavior_Feeding_head_down,datasets/behavior/mmcows/cropped_bboxes/behaviors/4/1690315316_15-01-56_16_1.jpg,YOLOv8s,0,0,no_detection,,,,,,42.56,159,325
sample_0148,MmCows,Behavior_Feeding_head_down,datasets/behavior/mmcows/cropped_bboxes/behaviors/4/1690315316_15-01-56_16_1.jpg,FasterRCNN_v2,1,1,detected,0.0,1.07,157.16,315.53,0.6045,450.09,159,325
sample_0148,MmCows,Behavior_Feeding_head_down,datasets/behavior/mmcows/cropped_bboxes/behaviors/4/1690315316_15-01-56_16_1.jpg,RT-DETR-L,1,2,detected,12.82,10.95,159.06,216.09,0.28,94.57,159,325
sample_0148,MmCows,Behavior_Feeding_head_down,datasets/behavior/mmcows/cropped_bboxes/behaviors/4/1690315316_15-01-56_16_1.jpg,RT-DETR-L,2,2,detected,-0.02,0.57,158.97,325.13,0.2508,94.57,159,325
sample_0149,MmCows,Behavior_Feeding_head_up,datasets/behavior/mmcows/cropped_bboxes/behaviors/3/1690296671_09-51-11_12_2.jpg,YOLOv8s,1,1,detected,0.6,11.92,210.64,218.0,0.4599,31.59,217,218
sample_0149,MmCows,Behavior_Feeding_head_up,datasets/behavior/mmcows/cropped_bboxes/behaviors/3/1690296671_09-51-11_12_2.jpg,FasterRCNN_v2,1,7,detected,2.66,11.24,215.82,215.81,0.9787,378.42,217,218
sample_0149,MmCows,Behavior_Feeding_head_up,datasets/behavior/mmcows/cropped_bboxes/behaviors/3/1690296671_09-51-11_12_2.jpg,FasterRCNN_v2,2,7,detected,0.51,14.89,114.55,199.9,0.9006,378.42,217,218
sample_0149,MmCows,Behavior_Feeding_head_up,datasets/behavior/mmcows/cropped_bboxes/behaviors/3/1690296671_09-51-11_12_2.jpg,FasterRCNN_v2,3,7,detected,26.17,0.12,181.82,24.44,0.5498,378.42,217,218
sample_0149,MmCows,Behavior_Feeding_head_up,datasets/behavior/mmcows/cropped_bboxes/behaviors/3/1690296671_09-51-11_12_2.jpg,FasterRCNN_v2,4,7,detected,146.26,3.54,216.67,191.04,0.4962,378.42,217,218
sample_0149,MmCows,Behavior_Feeding_head_up,datasets/behavior/mmcows/cropped_bboxes/behaviors/3/1690296671_09-51-11_12_2.jpg,FasterRCNN_v2,5,7,detected,92.91,15.08,207.6,165.16,0.349,378.42,217,218
sample_0149,MmCows,Behavior_Feeding_head_up,datasets/behavior/mmcows/cropped_bboxes/behaviors/3/1690296671_09-51-11_12_2.jpg,FasterRCNN_v2,6,7,detected,2.15,4.87,142.06,123.7,0.3015,378.42,217,218
sample_0149,MmCows,Behavior_Feeding_head_up,datasets/behavior/mmcows/cropped_bboxes/behaviors/3/1690296671_09-51-11_12_2.jpg,FasterRCNN_v2,7,7,detected,12.05,2.37,169.9,69.13,0.2748,378.42,217,218
sample_0149,MmCows,Behavior_Feeding_head_up,datasets/behavior/mmcows/cropped_bboxes/behaviors/3/1690296671_09-51-11_12_2.jpg,RT-DETR-L,1,4,detected,0.01,3.47,202.17,216.35,0.6279,94.42,217,218
sample_0149,MmCows,Behavior_Feeding_head_up,datasets/behavior/mmcows/cropped_bboxes/behaviors/3/1690296671_09-51-11_12_2.jpg,RT-DETR-L,2,4,detected,11.35,4.86,201.84,179.22,0.4363,94.42,217,218
sample_0149,MmCows,Behavior_Feeding_head_up,datasets/behavior/mmcows/cropped_bboxes/behaviors/3/1690296671_09-51-11_12_2.jpg,RT-DETR-L,3,4,detected,0.27,2.75,96.36,216.49,0.3674,94.42,217,218
sample_0149,MmCows,Behavior_Feeding_head_up,datasets/behavior/mmcows/cropped_bboxes/behaviors/3/1690296671_09-51-11_12_2.jpg,RT-DETR-L,4,4,detected,26.35,14.03,201.96,178.89,0.2834,94.42,217,218
sample_0150,MmCows,Behavior_Feeding_head_up,datasets/behavior/mmcows/cropped_bboxes/behaviors/3/1690334996_20-29-56_3_4.jpg,YOLOv8s,1,2,detected,10.68,4.35,467.33,325.14,0.7834,21.88,674,330
sample_0150,MmCows,Behavior_Feeding_head_up,datasets/behavior/mmcows/cropped_bboxes/behaviors/3/1690334996_20-29-56_3_4.jpg,YOLOv8s,2,2,detected,6.77,0.84,673.83,321.57,0.4188,21.88,674,330
sample_0150,MmCows,Behavior_Feeding_head_up,datasets/behavior/mmcows/cropped_bboxes/behaviors/3/1690334996_20-29-56_3_4.jpg,FasterRCNN_v2,1,3,detected,3.58,1.02,464.04,326.0,0.9978,338.89,674,330
sample_0150,MmCows,Behavior_Feeding_head_up,datasets/behavior/mmcows/cropped_bboxes/behaviors/3/1690334996_20-29-56_3_4.jpg,FasterRCNN_v2,2,3,detected,187.91,0.86,667.09,326.19,0.7118,338.89,674,330
sample_0150,MmCows,Behavior_Feeding_head_up,datasets/behavior/mmcows/cropped_bboxes/behaviors/3/1690334996_20-29-56_3_4.jpg,FasterRCNN_v2,3,3,detected,57.74,2.2,410.5,211.13,0.5216,338.89,674,330
sample_0150,MmCows,Behavior_Feeding_head_up,datasets/behavior/mmcows/cropped_bboxes/behaviors/3/1690334996_20-29-56_3_4.jpg,RT-DETR-L,1,1,detected,1.98,0.18,671.54,330.16,0.9654,94.5,674,330
sample_0151,MmCows,Behavior_Feeding_head_up,datasets/behavior/mmcows/cropped_bboxes/behaviors/3/1690284401_06-26-41_4_3.jpg,YOLOv8s,0,0,no_detection,,,,,,24.19,637,381
sample_0151,MmCows,Behavior_Feeding_head_up,datasets/behavior/mmcows/cropped_bboxes/behaviors/3/1690284401_06-26-41_4_3.jpg,FasterRCNN_v2,1,1,detected,307.35,1.08,637.0,336.18,0.6071,491.5,637,381
sample_0151,MmCows,Behavior_Feeding_head_up,datasets/behavior/mmcows/cropped_bboxes/behaviors/3/1690284401_06-26-41_4_3.jpg,RT-DETR-L,1,7,detected,216.85,3.07,637.54,378.91,0.9413,93.92,637,381
sample_0151,MmCows,Behavior_Feeding_head_up,datasets/behavior/mmcows/cropped_bboxes/behaviors/3/1690284401_06-26-41_4_3.jpg,RT-DETR-L,2,7,detected,4.4,130.68,203.61,284.78,0.3891,93.92,637,381
sample_0151,MmCows,Behavior_Feeding_head_up,datasets/behavior/mmcows/cropped_bboxes/behaviors/3/1690284401_06-26-41_4_3.jpg,RT-DETR-L,3,7,detected,6.45,177.95,203.89,285.05,0.3031,93.92,637,381
sample_0151,MmCows,Behavior_Feeding_head_up,datasets/behavior/mmcows/cropped_bboxes/behaviors/3/1690284401_06-26-41_4_3.jpg,RT-DETR-L,4,7,detected,172.89,0.27,483.65,96.73,0.2999,93.92,637,381
sample_0151,MmCows,Behavior_Feeding_head_up,datasets/behavior/mmcows/cropped_bboxes/behaviors/3/1690284401_06-26-41_4_3.jpg,RT-DETR-L,5,7,detected,437.44,3.06,636.07,305.91,0.2701,93.92,637,381
sample_0151,MmCows,Behavior_Feeding_head_up,datasets/behavior/mmcows/cropped_bboxes/behaviors/3/1690284401_06-26-41_4_3.jpg,RT-DETR-L,6,7,detected,2.32,64.08,204.03,284.82,0.2668,93.92,637,381
sample_0151,MmCows,Behavior_Feeding_head_up,datasets/behavior/mmcows/cropped_bboxes/behaviors/3/1690284401_06-26-41_4_3.jpg,RT-DETR-L,7,7,detected,1.2,-0.03,205.73,286.03,0.2606,93.92,637,381
sample_0152,MmCows,Behavior_Feeding_head_up,datasets/behavior/mmcows/cropped_bboxes/behaviors/3/1690329251_18-54-11_12_1.jpg,YOLOv8s,1,1,detected,55.85,187.53,198.1,318.79,0.3202,36.92,294,319
sample_0152,MmCows,Behavior_Feeding_head_up,datasets/behavior/mmcows/cropped_bboxes/behaviors/3/1690329251_18-54-11_12_1.jpg,FasterRCNN_v2,1,4,detected,33.57,2.19,294.0,306.58,0.9741,391.99,294,319
sample_0152,MmCows,Behavior_Feeding_head_up,datasets/behavior/mmcows/cropped_bboxes/behaviors/3/1690329251_18-54-11_12_1.jpg,FasterRCNN_v2,2,4,detected,0.0,0.89,81.28,319.0,0.8299,391.99,294,319
sample_0152,MmCows,Behavior_Feeding_head_up,datasets/behavior/mmcows/cropped_bboxes/behaviors/3/1690329251_18-54-11_12_1.jpg,FasterRCNN_v2,3,4,detected,209.71,8.7,293.01,315.91,0.403,391.99,294,319
sample_0152,MmCows,Behavior_Feeding_head_up,datasets/behavior/mmcows/cropped_bboxes/behaviors/3/1690329251_18-54-11_12_1.jpg,FasterRCNN_v2,4,4,detected,239.05,79.65,293.84,317.57,0.3358,391.99,294,319
sample_0152,MmCows,Behavior_Feeding_head_up,datasets/behavior/mmcows/cropped_bboxes/behaviors/3/1690329251_18-54-11_12_1.jpg,RT-DETR-L,1,4,detected,-0.1,0.05,293.9,319.05,0.9455,93.99,294,319
sample_0152,MmCows,Behavior_Feeding_head_up,datasets/behavior/mmcows/cropped_bboxes/behaviors/3/1690329251_18-54-11_12_1.jpg,RT-DETR-L,2,4,detected,146.82,26.75,293.77,319.0,0.4637,93.99,294,319
sample_0152,MmCows,Behavior_Feeding_head_up,datasets/behavior/mmcows/cropped_bboxes/behaviors/3/1690329251_18-54-11_12_1.jpg,RT-DETR-L,3,4,detected,148.95,67.38,294.05,318.9,0.3037,93.99,294,319
sample_0152,MmCows,Behavior_Feeding_head_up,datasets/behavior/mmcows/cropped_bboxes/behaviors/3/1690329251_18-54-11_12_1.jpg,RT-DETR-L,4,4,detected,62.15,25.65,293.83,319.18,0.2843,93.99,294,319
sample_0153,MmCows,Behavior_Feeding_head_up,datasets/behavior/mmcows/cropped_bboxes/behaviors/3/1690285901_06-51-41_4_1.jpg,YOLOv8s,1,1,detected,2.33,1.97,371.3,295.21,0.7366,22.69,472,308
sample_0153,MmCows,Behavior_Feeding_head_up,datasets/behavior/mmcows/cropped_bboxes/behaviors/3/1690285901_06-51-41_4_1.jpg,FasterRCNN_v2,1,2,detected,94.75,5.02,455.25,297.73,0.998,467.39,472,308
sample_0153,MmCows,Behavior_Feeding_head_up,datasets/behavior/mmcows/cropped_bboxes/behaviors/3/1690285901_06-51-41_4_1.jpg,FasterRCNN_v2,2,2,detected,29.17,9.39,304.44,294.18,0.5058,467.39,472,308
sample_0153,MmCows,Behavior_Feeding_head_up,datasets/behavior/mmcows/cropped_bboxes/behaviors/3/1690285901_06-51-41_4_1.jpg,RT-DETR-L,1,3,detected,2.84,0.53,462.53,296.3,0.9095,94.18,472,308
sample_0153,MmCows,Behavior_Feeding_head_up,datasets/behavior/mmcows/cropped_bboxes/behaviors/3/1690285901_06-51-41_4_1.jpg,RT-DETR-L,2,3,detected,339.22,49.95,464.94,132.31,0.3232,94.18,472,308
sample_0153,MmCows,Behavior_Feeding_head_up,datasets/behavior/mmcows/cropped_bboxes/behaviors/3/1690285901_06-51-41_4_1.jpg,RT-DETR-L,3,3,detected,0.14,39.87,125.06,221.13,0.265,94.18,472,308
sample_0154,MmCows,Behavior_Feeding_head_up,datasets/behavior/mmcows/cropped_bboxes/behaviors/3/1690301636_11-13-56_16_4.jpg,YOLOv8s,1,2,detected,13.52,18.67,1114.74,780.3,0.8817,24.8,1520,803
sample_0154,MmCows,Behavior_Feeding_head_up,datasets/behavior/mmcows/cropped_bboxes/behaviors/3/1690301636_11-13-56_16_4.jpg,YOLOv8s,2,2,detected,27.95,62.79,1508.13,786.81,0.5623,24.8,1520,803
sample_0154,MmCows,Behavior_Feeding_head_up,datasets/behavior/mmcows/cropped_bboxes/behaviors/3/1690301636_11-13-56_16_4.jpg,FasterRCNN_v2,1,4,detected,3.73,9.91,1130.65,749.95,0.9976,476.62,1520,803
sample_0154,MmCows,Behavior_Feeding_head_up,datasets/behavior/mmcows/cropped_bboxes/behaviors/3/1690301636_11-13-56_16_4.jpg,FasterRCNN_v2,2,4,detected,1121.57,248.96,1517.75,542.89,0.6441,476.62,1520,803
sample_0154,MmCows,Behavior_Feeding_head_up,datasets/behavior/mmcows/cropped_bboxes/behaviors/3/1690301636_11-13-56_16_4.jpg,FasterRCNN_v2,3,4,detected,849.97,222.98,1499.24,772.3,0.3592,476.62,1520,803
sample_0154,MmCows,Behavior_Feeding_head_up,datasets/behavior/mmcows/cropped_bboxes/behaviors/3/1690301636_11-13-56_16_4.jpg,FasterRCNN_v2,4,4,detected,105.22,372.44,372.12,620.4,0.2806,476.62,1520,803
sample_0154,MmCows,Behavior_Feeding_head_up,datasets/behavior/mmcows/cropped_bboxes/behaviors/3/1690301636_11-13-56_16_4.jpg,RT-DETR-L,1,2,detected,0.91,16.31,1118.76,802.2,0.9627,94.56,1520,803
sample_0154,MmCows,Behavior_Feeding_head_up,datasets/behavior/mmcows/cropped_bboxes/behaviors/3/1690301636_11-13-56_16_4.jpg,RT-DETR-L,2,2,detected,1123.95,251.48,1517.99,546.4,0.6435,94.56,1520,803
sample_0155,MmCows,Behavior_Feeding_head_up,datasets/behavior/mmcows/cropped_bboxes/behaviors/3/1690346081_23-34-41_2_1.jpg,YOLOv8s,1,2,detected,0.23,3.17,207.67,267.63,0.6508,22.95,445,305
sample_0155,MmCows,Behavior_Feeding_head_up,datasets/behavior/mmcows/cropped_bboxes/behaviors/3/1690346081_23-34-41_2_1.jpg,YOLOv8s,2,2,detected,1.88,1.8,422.27,301.58,0.5573,22.95,445,305
sample_0155,MmCows,Behavior_Feeding_head_up,datasets/behavior/mmcows/cropped_bboxes/behaviors/3/1690346081_23-34-41_2_1.jpg,FasterRCNN_v2,1,6,detected,6.86,2.44,310.73,304.47,0.9921,459.25,445,305
sample_0155,MmCows,Behavior_Feeding_head_up,datasets/behavior/mmcows/cropped_bboxes/behaviors/3/1690346081_23-34-41_2_1.jpg,FasterRCNN_v2,2,6,detected,143.77,0.0,416.63,302.45,0.9361,459.25,445,305
sample_0155,MmCows,Behavior_Feeding_head_up,datasets/behavior/mmcows/cropped_bboxes/behaviors/3/1690346081_23-34-41_2_1.jpg,FasterRCNN_v2,3,6,detected,1.49,7.42,185.76,214.76,0.6339,459.25,445,305
sample_0155,MmCows,Behavior_Feeding_head_up,datasets/behavior/mmcows/cropped_bboxes/behaviors/3/1690346081_23-34-41_2_1.jpg,FasterRCNN_v2,4,6,detected,251.99,13.96,441.72,240.83,0.567,459.25,445,305
sample_0155,MmCows,Behavior_Feeding_head_up,datasets/behavior/mmcows/cropped_bboxes/behaviors/3/1690346081_23-34-41_2_1.jpg,FasterRCNN_v2,5,6,detected,280.06,24.83,444.4,126.27,0.3336,459.25,445,305
sample_0155,MmCows,Behavior_Feeding_head_up,datasets/behavior/mmcows/cropped_bboxes/behaviors/3/1690346081_23-34-41_2_1.jpg,FasterRCNN_v2,6,6,detected,231.07,33.4,356.37,286.14,0.3321,459.25,445,305
sample_0155,MmCows,Behavior_Feeding_head_up,datasets/behavior/mmcows/cropped_bboxes/behaviors/3/1690346081_23-34-41_2_1.jpg,RT-DETR-L,1,9,detected,-0.02,1.28,373.12,304.72,0.5001,95.1,445,305
sample_0155,MmCows,Behavior_Feeding_head_up,datasets/behavior/mmcows/cropped_bboxes/behaviors/3/1690346081_23-34-41_2_1.jpg,RT-DETR-L,2,9,detected,0.36,5.52,202.04,304.75,0.4874,95.1,445,305
sample_0155,MmCows,Behavior_Feeding_head_up,datasets/behavior/mmcows/cropped_bboxes/behaviors/3/1690346081_23-34-41_2_1.jpg,RT-DETR-L,3,9,detected,154.86,24.63,370.11,304.88,0.3246,95.1,445,305
sample_0155,MmCows,Behavior_Feeding_head_up,datasets/behavior/mmcows/cropped_bboxes/behaviors/3/1690346081_23-34-41_2_1.jpg,RT-DETR-L,4,9,detected,0.24,6.55,202.49,259.8,0.3076,95.1,445,305
sample_0155,MmCows,Behavior_Feeding_head_up,datasets/behavior/mmcows/cropped_bboxes/behaviors/3/1690346081_23-34-41_2_1.jpg,RT-DETR-L,5,9,detected,0.15,0.12,445.15,305.05,0.3004,95.1,445,305
sample_0155,MmCows,Behavior_Feeding_head_up,datasets/behavior/mmcows/cropped_bboxes/behaviors/3/1690346081_23-34-41_2_1.jpg,RT-DETR-L,6,9,detected,-0.18,7.1,201.25,215.41,0.2928,95.1,445,305
sample_0155,MmCows,Behavior_Feeding_head_up,datasets/behavior/mmcows/cropped_bboxes/behaviors/3/1690346081_23-34-41_2_1.jpg,RT-DETR-L,7,9,detected,221.12,28.07,369.47,304.04,0.2784,95.1,445,305
sample_0155,MmCows,Behavior_Feeding_head_up,datasets/behavior/mmcows/cropped_bboxes/behaviors/3/1690346081_23-34-41_2_1.jpg,RT-DETR-L,8,9,detected,282.75,-0.06,409.75,60.29,0.2763,95.1,445,305
sample_0155,MmCows,Behavior_Feeding_head_up,datasets/behavior/mmcows/cropped_bboxes/behaviors/3/1690346081_23-34-41_2_1.jpg,RT-DETR-L,9,9,detected,-0.11,0.24,156.35,119.82,0.2548,95.1,445,305
sample_0156,MmCows,Behavior_Feeding_head_up,datasets/behavior/mmcows/cropped_bboxes/behaviors/3/1690293746_09-02-26_11_4.jpg,YOLOv8s,1,2,detected,14.78,10.46,716.26,329.0,0.4318,20.05,1217,449
sample_0156,MmCows,Behavior_Feeding_head_up,datasets/behavior/mmcows/cropped_bboxes/behaviors/3/1690293746_09-02-26_11_4.jpg,YOLOv8s,2,2,detected,0.97,142.58,730.5,438.92,0.3746,20.05,1217,449
sample_0156,MmCows,Behavior_Feeding_head_up,datasets/behavior/mmcows/cropped_bboxes/behaviors/3/1690293746_09-02-26_11_4.jpg,FasterRCNN_v2,1,3,detected,26.55,11.5,709.56,327.32,0.9262,395.31,1217,449
sample_0156,MmCows,Behavior_Feeding_head_up,datasets/behavior/mmcows/cropped_bboxes/behaviors/3/1690293746_09-02-26_11_4.jpg,FasterRCNN_v2,2,3,detected,0.0,120.75,731.77,443.07,0.9231,395.31,1217,449
sample_0156,MmCows,Behavior_Feeding_head_up,datasets/behavior/mmcows/cropped_bboxes/behaviors/3/1690293746_09-02-26_11_4.jpg,FasterRCNN_v2,3,3,detected,744.25,221.44,1211.28,436.08,0.4036,395.31,1217,449
sample_0156,MmCows,Behavior_Feeding_head_up,datasets/behavior/mmcows/cropped_bboxes/behaviors/3/1690293746_09-02-26_11_4.jpg,RT-DETR-L,1,5,detected,781.44,219.78,1209.54,417.15,0.5822,94.29,1217,449
sample_0156,MmCows,Behavior_Feeding_head_up,datasets/behavior/mmcows/cropped_bboxes/behaviors/3/1690293746_09-02-26_11_4.jpg,RT-DETR-L,2,5,detected,-0.43,129.23,727.1,448.71,0.5516,94.29,1217,449
sample_0156,MmCows,Behavior_Feeding_head_up,datasets/behavior/mmcows/cropped_bboxes/behaviors/3/1690293746_09-02-26_11_4.jpg,RT-DETR-L,3,5,detected,14.33,9.19,708.7,340.46,0.4875,94.29,1217,449
sample_0156,MmCows,Behavior_Feeding_head_up,datasets/behavior/mmcows/cropped_bboxes/behaviors/3/1690293746_09-02-26_11_4.jpg,RT-DETR-L,4,5,detected,693.15,219.53,1212.72,448.35,0.2852,94.29,1217,449
sample_0156,MmCows,Behavior_Feeding_head_up,datasets/behavior/mmcows/cropped_bboxes/behaviors/3/1690293746_09-02-26_11_4.jpg,RT-DETR-L,5,5,detected,929.29,227.56,1210.68,411.5,0.2837,94.29,1217,449
sample_0157,MmCows,Behavior_Feeding_head_up,datasets/behavior/mmcows/cropped_bboxes/behaviors/3/1690309811_13-30-11_13_4.jpg,YOLOv8s,0,0,no_detection,,,,,,17.86,637,211
sample_0157,MmCows,Behavior_Feeding_head_up,datasets/behavior/mmcows/cropped_bboxes/behaviors/3/1690309811_13-30-11_13_4.jpg,FasterRCNN_v2,1,1,detected,0.0,1.75,393.18,199.09,0.3864,270.24,637,211
sample_0157,MmCows,Behavior_Feeding_head_up,datasets/behavior/mmcows/cropped_bboxes/behaviors/3/1690309811_13-30-11_13_4.jpg,RT-DETR-L,1,7,detected,-0.14,0.32,632.73,211.32,0.5912,94.59,637,211
sample_0157,MmCows,Behavior_Feeding_head_up,datasets/behavior/mmcows/cropped_bboxes/behaviors/3/1690309811_13-30-11_13_4.jpg,RT-DETR-L,2,7,detected,-0.3,107.55,393.05,210.97,0.4882,94.59,637,211
sample_0157,MmCows,Behavior_Feeding_head_up,datasets/behavior/mmcows/cropped_bboxes/behaviors/3/1690309811_13-30-11_13_4.jpg,RT-DETR-L,3,7,detected,0.72,0.5,393.56,211.47,0.3458,94.59,637,211
sample_0157,MmCows,Behavior_Feeding_head_up,datasets/behavior/mmcows/cropped_bboxes/behaviors/3/1690309811_13-30-11_13_4.jpg,RT-DETR-L,4,7,detected,459.6,90.11,636.51,210.88,0.3378,94.59,637,211
sample_0157,MmCows,Behavior_Feeding_head_up,datasets/behavior/mmcows/cropped_bboxes/behaviors/3/1690309811_13-30-11_13_4.jpg,RT-DETR-L,5,7,detected,-0.68,0.23,554.09,211.11,0.2673,94.59,637,211
sample_0157,MmCows,Behavior_Feeding_head_up,datasets/behavior/mmcows/cropped_bboxes/behaviors/3/1690309811_13-30-11_13_4.jpg,RT-DETR-L,6,7,detected,192.55,0.12,629.3,211.11,0.26,94.59,637,211
sample_0157,MmCows,Behavior_Feeding_head_up,datasets/behavior/mmcows/cropped_bboxes/behaviors/3/1690309811_13-30-11_13_4.jpg,RT-DETR-L,7,7,detected,-0.55,1.36,517.55,210.85,0.2543,94.59,637,211
sample_0158,MmCows,Behavior_Feeding_head_up,datasets/behavior/mmcows/cropped_bboxes/behaviors/3/1690287086_07-11-26_7_2.jpg,YOLOv8s,1,1,detected,0.47,14.07,102.83,190.78,0.2705,31.85,222,218
sample_0158,MmCows,Behavior_Feeding_head_up,datasets/behavior/mmcows/cropped_bboxes/behaviors/3/1690287086_07-11-26_7_2.jpg,FasterRCNN_v2,1,3,detected,28.88,11.54,205.47,136.44,0.7495,377.71,222,218
sample_0158,MmCows,Behavior_Feeding_head_up,datasets/behavior/mmcows/cropped_bboxes/behaviors/3/1690287086_07-11-26_7_2.jpg,FasterRCNN_v2,2,3,detected,94.28,23.01,205.22,165.73,0.6728,377.71,222,218
sample_0158,MmCows,Behavior_Feeding_head_up,datasets/behavior/mmcows/cropped_bboxes/behaviors/3/1690287086_07-11-26_7_2.jpg,FasterRCNN_v2,3,3,detected,91.31,3.8,220.26,104.68,0.6016,377.71,222,218
sample_0158,MmCows,Behavior_Feeding_head_up,datasets/behavior/mmcows/cropped_bboxes/behaviors/3/1690287086_07-11-26_7_2.jpg,RT-DETR-L,1,3,detected,0.08,8.5,102.21,179.35,0.4589,94.32,222,218
sample_0158,MmCows,Behavior_Feeding_head_up,datasets/behavior/mmcows/cropped_bboxes/behaviors/3/1690287086_07-11-26_7_2.jpg,RT-DETR-L,2,3,detected,0.17,9.15,102.28,199.12,0.4138,94.32,222,218
sample_0158,MmCows,Behavior_Feeding_head_up,datasets/behavior/mmcows/cropped_bboxes/behaviors/3/1690287086_07-11-26_7_2.jpg,RT-DETR-L,3,3,detected,0.06,6.68,222.04,181.01,0.2945,94.32,222,218
sample_0159,MmCows,Behavior_Feeding_head_up,datasets/behavior/mmcows/cropped_bboxes/behaviors/3/1690316486_15-21-26_7_1.jpg,YOLOv8s,0,0,no_detection,,,,,,21.84,258,179
sample_0159,MmCows,Behavior_Feeding_head_up,datasets/behavior/mmcows/cropped_bboxes/behaviors/3/1690316486_15-21-26_7_1.jpg,FasterRCNN_v2,1,2,detected,0.92,8.35,256.64,179.0,0.8677,459.66,258,179
sample_0159,MmCows,Behavior_Feeding_head_up,datasets/behavior/mmcows/cropped_bboxes/behaviors/3/1690316486_15-21-26_7_1.jpg,FasterRCNN_v2,2,2,detected,0.0,0.36,65.55,34.19,0.3651,459.66,258,179
sample_0159,MmCows,Behavior_Feeding_head_up,datasets/behavior/mmcows/cropped_bboxes/behaviors/3/1690316486_15-21-26_7_1.jpg,RT-DETR-L,1,3,detected,-0.06,2.55,257.93,178.41,0.8807,94.63,258,179
sample_0159,MmCows,Behavior_Feeding_head_up,datasets/behavior/mmcows/cropped_bboxes/behaviors/3/1690316486_15-21-26_7_1.jpg,RT-DETR-L,2,3,detected,-0.03,0.01,257.96,179.01,0.3035,94.63,258,179
sample_0159,MmCows,Behavior_Feeding_head_up,datasets/behavior/mmcows/cropped_bboxes/behaviors/3/1690316486_15-21-26_7_1.jpg,RT-DETR-L,3,3,detected,88.1,0.07,258.1,90.22,0.2581,94.63,258,179
sample_0160,MmCows,Behavior_Feeding_head_up,datasets/behavior/mmcows/cropped_bboxes/behaviors/3/1690272311_03-05-11_5_4.jpg,YOLOv8s,1,2,detected,2.18,7.17,533.4,324.79,0.8429,21.29,793,338
sample_0160,MmCows,Behavior_Feeding_head_up,datasets/behavior/mmcows/cropped_bboxes/behaviors/3/1690272311_03-05-11_5_4.jpg,YOLOv8s,2,2,detected,574.86,116.34,778.23,322.11,0.5796,21.29,793,338
sample_0160,MmCows,Behavior_Feeding_head_up,datasets/behavior/mmcows/cropped_bboxes/behaviors/3/1690272311_03-05-11_5_4.jpg,FasterRCNN_v2,1,4,detected,0.0,1.82,546.2,336.13,0.9955,402.79,793,338
sample_0160,MmCows,Behavior_Feeding_head_up,datasets/behavior/mmcows/cropped_bboxes/behaviors/3/1690272311_03-05-11_5_4.jpg,FasterRCNN_v2,2,4,detected,553.62,98.76,774.7,331.59,0.9007,402.79,793,338
sample_0160,MmCows,Behavior_Feeding_head_up,datasets/behavior/mmcows/cropped_bboxes/behaviors/3/1690272311_03-05-11_5_4.jpg,FasterRCNN_v2,3,4,detected,153.8,14.99,757.2,330.77,0.6651,402.79,793,338
sample_0160,MmCows,Behavior_Feeding_head_up,datasets/behavior/mmcows/cropped_bboxes/behaviors/3/1690272311_03-05-11_5_4.jpg,FasterRCNN_v2,4,4,detected,20.46,282.19,476.83,335.19,0.5784,402.79,793,338
sample_0160,MmCows,Behavior_Feeding_head_up,datasets/behavior/mmcows/cropped_bboxes/behaviors/3/1690272311_03-05-11_5_4.jpg,RT-DETR-L,1,4,detected,0.07,5.8,526.72,337.36,0.8775,94.91,793,338
sample_0160,MmCows,Behavior_Feeding_head_up,datasets/behavior/mmcows/cropped_bboxes/behaviors/3/1690272311_03-05-11_5_4.jpg,RT-DETR-L,2,4,detected,576.43,110.31,775.88,324.06,0.5164,94.91,793,338
sample_0160,MmCows,Behavior_Feeding_head_up,datasets/behavior/mmcows/cropped_bboxes/behaviors/3/1690272311_03-05-11_5_4.jpg,RT-DETR-L,3,4,detected,412.37,227.64,594.27,338.06,0.2765,94.91,793,338
sample_0160,MmCows,Behavior_Feeding_head_up,datasets/behavior/mmcows/cropped_bboxes/behaviors/3/1690272311_03-05-11_5_4.jpg,RT-DETR-L,4,4,detected,411.12,111.31,775.58,337.53,0.2513,94.91,793,338
sample_0161,MmCows,Behavior_Feeding_head_up,datasets/behavior/mmcows/cropped_bboxes/behaviors/3/1690276211_04-10-11_13_4.jpg,YOLOv8s,1,2,detected,0.7,8.2,598.92,451.51,0.7905,23.94,806,459
sample_0161,MmCows,Behavior_Feeding_head_up,datasets/behavior/mmcows/cropped_bboxes/behaviors/3/1690276211_04-10-11_13_4.jpg,YOLOv8s,2,2,detected,399.14,0.73,622.11,170.49,0.2565,23.94,806,459
sample_0161,MmCows,Behavior_Feeding_head_up,datasets/behavior/mmcows/cropped_bboxes/behaviors/3/1690276211_04-10-11_13_4.jpg,FasterRCNN_v2,1,8,detected,7.44,84.76,596.73,449.22,0.9912,475.39,806,459
sample_0161,MmCows,Behavior_Feeding_head_up,datasets/behavior/mmcows/cropped_bboxes/behaviors/3/1690276211_04-10-11_13_4.jpg,FasterRCNN_v2,2,8,detected,233.01,1.61,791.48,458.76,0.8951,475.39,806,459
sample_0161,MmCows,Behavior_Feeding_head_up,datasets/behavior/mmcows/cropped_bboxes/behaviors/3/1690276211_04-10-11_13_4.jpg,FasterRCNN_v2,3,8,detected,669.24,240.39,803.33,453.91,0.8911,475.39,806,459
sample_0161,MmCows,Behavior_Feeding_head_up,datasets/behavior/mmcows/cropped_bboxes/behaviors/3/1690276211_04-10-11_13_4.jpg,FasterRCNN_v2,4,8,detected,207.75,0.0,630.89,187.88,0.7256,475.39,806,459
sample_0161,MmCows,Behavior_Feeding_head_up,datasets/behavior/mmcows/cropped_bboxes/behaviors/3/1690276211_04-10-11_13_4.jpg,FasterRCNN_v2,5,8,detected,89.62,0.0,657.27,343.17,0.6742,475.39,806,459
sample_0161,MmCows,Behavior_Feeding_head_up,datasets/behavior/mmcows/cropped_bboxes/behaviors/3/1690276211_04-10-11_13_4.jpg,FasterRCNN_v2,6,8,detected,211.0,0.0,362.93,44.76,0.4273,475.39,806,459
sample_0161,MmCows,Behavior_Feeding_head_up,datasets/behavior/mmcows/cropped_bboxes/behaviors/3/1690276211_04-10-11_13_4.jpg,FasterRCNN_v2,7,8,detected,487.32,223.9,806.0,454.47,0.4106,475.39,806,459
sample_0161,MmCows,Behavior_Feeding_head_up,datasets/behavior/mmcows/cropped_bboxes/behaviors/3/1690276211_04-10-11_13_4.jpg,FasterRCNN_v2,8,8,detected,33.92,0.09,410.88,82.14,0.2585,475.39,806,459
sample_0161,MmCows,Behavior_Feeding_head_up,datasets/behavior/mmcows/cropped_bboxes/behaviors/3/1690276211_04-10-11_13_4.jpg,RT-DETR-L,1,14,detected,-0.74,0.55,597.88,457.02,0.6348,94.83,806,459
sample_0161,MmCows,Behavior_Feeding_head_up,datasets/behavior/mmcows/cropped_bboxes/behaviors/3/1690276211_04-10-11_13_4.jpg,RT-DETR-L,2,14,detected,131.95,0.08,622.59,166.21,0.5527,94.83,806,459
sample_0161,MmCows,Behavior_Feeding_head_up,datasets/behavior/mmcows/cropped_bboxes/behaviors/3/1690276211_04-10-11_13_4.jpg,RT-DETR-L,3,14,detected,674.11,68.43,805.14,458.79,0.5095,94.83,806,459
sample_0161,MmCows,Behavior_Feeding_head_up,datasets/behavior/mmcows/cropped_bboxes/behaviors/3/1690276211_04-10-11_13_4.jpg,RT-DETR-L,4,14,detected,-0.65,86.55,588.49,454.41,0.4817,94.83,806,459
sample_0161,MmCows,Behavior_Feeding_head_up,datasets/behavior/mmcows/cropped_bboxes/behaviors/3/1690276211_04-10-11_13_4.jpg,RT-DETR-L,5,14,detected,-0.64,0.25,600.66,236.18,0.3878,94.83,806,459
sample_0161,MmCows,Behavior_Feeding_head_up,datasets/behavior/mmcows/cropped_bboxes/behaviors/3/1690276211_04-10-11_13_4.jpg,RT-DETR-L,6,14,detected,-0.27,94.56,367.73,444.05,0.3276,94.83,806,459
sample_0161,MmCows,Behavior_Feeding_head_up,datasets/behavior/mmcows/cropped_bboxes/behaviors/3/1690276211_04-10-11_13_4.jpg,RT-DETR-L,7,14,detected,675.5,238.19,805.31,458.93,0.322,94.83,806,459
sample_0161,MmCows,Behavior_Feeding_head_up,datasets/behavior/mmcows/cropped_bboxes/behaviors/3/1690276211_04-10-11_13_4.jpg,RT-DETR-L,8,14,detected,474.12,67.99,806.21,459.2,0.2988,94.83,806,459
sample_0161,MmCows,Behavior_Feeding_head_up,datasets/behavior/mmcows/cropped_bboxes/behaviors/3/1690276211_04-10-11_13_4.jpg,RT-DETR-L,9,14,detected,230.05,0.42,623.05,164.4,0.2915,94.83,806,459
sample_0161,MmCows,Behavior_Feeding_head_up,datasets/behavior/mmcows/cropped_bboxes/behaviors/3/1690276211_04-10-11_13_4.jpg,RT-DETR-L,10,14,detected,0.39,87.7,379.31,447.54,0.2907,94.83,806,459
sample_0161,MmCows,Behavior_Feeding_head_up,datasets/behavior/mmcows/cropped_bboxes/behaviors/3/1690276211_04-10-11_13_4.jpg,RT-DETR-L,11,14,detected,-1.08,-0.04,804.91,458.95,0.2865,94.83,806,459
sample_0161,MmCows,Behavior_Feeding_head_up,datasets/behavior/mmcows/cropped_bboxes/behaviors/3/1690276211_04-10-11_13_4.jpg,RT-DETR-L,12,14,detected,-0.71,0.55,594.75,378.16,0.2822,94.83,806,459
sample_0161,MmCows,Behavior_Feeding_head_up,datasets/behavior/mmcows/cropped_bboxes/behaviors/3/1690276211_04-10-11_13_4.jpg,RT-DETR-L,13,14,detected,590.16,-0.23,805.98,127.83,0.2722,94.83,806,459
sample_0161,MmCows,Behavior_Feeding_head_up,datasets/behavior/mmcows/cropped_bboxes/behaviors/3/1690276211_04-10-11_13_4.jpg,RT-DETR-L,14,14,detected,673.28,0.01,806.08,458.88,0.2616,94.83,806,459
sample_0162,MmCows,Behavior_Feeding_head_up,datasets/behavior/mmcows/cropped_bboxes/behaviors/3/1690284356_06-25-56_7_4.jpg,YOLOv8s,1,2,detected,3.08,38.57,1058.15,756.57,0.7785,23.63,1442,816
sample_0162,MmCows,Behavior_Feeding_head_up,datasets/behavior/mmcows/cropped_bboxes/behaviors/3/1690284356_06-25-56_7_4.jpg,YOLOv8s,2,2,detected,1067.24,142.22,1440.43,417.3,0.3965,23.63,1442,816
sample_0162,MmCows,Behavior_Feeding_head_up,datasets/behavior/mmcows/cropped_bboxes/behaviors/3/1690284356_06-25-56_7_4.jpg,FasterRCNN_v2,1,5,detected,61.62,18.59,1101.98,805.35,0.9995,496.9,1442,816
sample_0162,MmCows,Behavior_Feeding_head_up,datasets/behavior/mmcows/cropped_bboxes/behaviors/3/1690284356_06-25-56_7_4.jpg,FasterRCNN_v2,2,5,detected,1013.38,66.95,1442.0,454.67,0.647,496.9,1442,816
sample_0162,MmCows,Behavior_Feeding_head_up,datasets/behavior/mmcows/cropped_bboxes/behaviors/3/1690284356_06-25-56_7_4.jpg,FasterRCNN_v2,3,5,detected,18.2,38.31,504.62,731.64,0.5398,496.9,1442,816
sample_0162,MmCows,Behavior_Feeding_head_up,datasets/behavior/mmcows/cropped_bboxes/behaviors/3/1690284356_06-25-56_7_4.jpg,FasterRCNN_v2,4,5,detected,547.66,23.28,1421.97,793.49,0.3728,496.9,1442,816
sample_0162,MmCows,Behavior_Feeding_head_up,datasets/behavior/mmcows/cropped_bboxes/behaviors/3/1690284356_06-25-56_7_4.jpg,FasterRCNN_v2,5,5,detected,149.38,27.55,901.86,482.8,0.3714,496.9,1442,816
sample_0162,MmCows,Behavior_Feeding_head_up,datasets/behavior/mmcows/cropped_bboxes/behaviors/3/1690284356_06-25-56_7_4.jpg,RT-DETR-L,1,6,detected,2.73,14.84,1437.83,799.67,0.5998,95.34,1442,816
sample_0162,MmCows,Behavior_Feeding_head_up,datasets/behavior/mmcows/cropped_bboxes/behaviors/3/1690284356_06-25-56_7_4.jpg,RT-DETR-L,2,6,detected,1.83,20.92,1163.5,806.98,0.3696,95.34,1442,816
sample_0162,MmCows,Behavior_Feeding_head_up,datasets/behavior/mmcows/cropped_bboxes/behaviors/3/1690284356_06-25-56_7_4.jpg,RT-DETR-L,3,6,detected,840.72,-0.32,1035.2,99.74,0.3586,95.34,1442,816
sample_0162,MmCows,Behavior_Feeding_head_up,datasets/behavior/mmcows/cropped_bboxes/behaviors/3/1690284356_06-25-56_7_4.jpg,RT-DETR-L,4,6,detected,225.16,0.11,935.64,53.86,0.2864,95.34,1442,816
sample_0162,MmCows,Behavior_Feeding_head_up,datasets/behavior/mmcows/cropped_bboxes/behaviors/3/1690284356_06-25-56_7_4.jpg,RT-DETR-L,5,6,detected,1059.27,149.89,1441.46,421.05,0.2798,95.34,1442,816
sample_0162,MmCows,Behavior_Feeding_head_up,datasets/behavior/mmcows/cropped_bboxes/behaviors/3/1690284356_06-25-56_7_4.jpg,RT-DETR-L,6,6,detected,219.31,1.53,1039.33,765.26,0.256,95.34,1442,816
sample_0163,MmCows,Behavior_Feeding_head_up,datasets/behavior/mmcows/cropped_bboxes/behaviors/3/1690328666_18-44-26_12_4.jpg,YOLOv8s,1,5,detected,2.83,15.81,872.3,464.52,0.8941,22.57,1357,510
sample_0163,MmCows,Behavior_Feeding_head_up,datasets/behavior/mmcows/cropped_bboxes/behaviors/3/1690328666_18-44-26_12_4.jpg,YOLOv8s,2,5,detected,913.57,177.31,1356.14,503.98,0.7835,22.57,1357,510
sample_0163,MmCows,Behavior_Feeding_head_up,datasets/behavior/mmcows/cropped_bboxes/behaviors/3/1690328666_18-44-26_12_4.jpg,YOLOv8s,3,5,detected,1.91,259.14,789.37,505.98,0.6282,22.57,1357,510
sample_0163,MmCows,Behavior_Feeding_head_up,datasets/behavior/mmcows/cropped_bboxes/behaviors/3/1690328666_18-44-26_12_4.jpg,YOLOv8s,4,5,detected,104.42,54.52,1353.89,506.17,0.4431,22.57,1357,510
sample_0163,MmCows,Behavior_Feeding_head_up,datasets/behavior/mmcows/cropped_bboxes/behaviors/3/1690328666_18-44-26_12_4.jpg,YOLOv8s,5,5,detected,0.35,0.0,196.12,237.79,0.3971,22.57,1357,510
sample_0163,MmCows,Behavior_Feeding_head_up,datasets/behavior/mmcows/cropped_bboxes/behaviors/3/1690328666_18-44-26_12_4.jpg,FasterRCNN_v2,1,8,detected,900.3,167.93,1357.0,506.57,0.9917,408.04,1357,510
sample_0163,MmCows,Behavior_Feeding_head_up,datasets/behavior/mmcows/cropped_bboxes/behaviors/3/1690328666_18-44-26_12_4.jpg,FasterRCNN_v2,2,8,detected,288.47,78.13,1349.72,508.33,0.9873,408.04,1357,510
sample_0163,MmCows,Behavior_Feeding_head_up,datasets/behavior/mmcows/cropped_bboxes/behaviors/3/1690328666_18-44-26_12_4.jpg,FasterRCNN_v2,3,8,detected,2.13,247.66,746.53,498.13,0.9671,408.04,1357,510
sample_0163,MmCows,Behavior_Feeding_head_up,datasets/behavior/mmcows/cropped_bboxes/behaviors/3/1690328666_18-44-26_12_4.jpg,FasterRCNN_v2,4,8,detected,7.81,35.9,926.54,488.8,0.8079,408.04,1357,510
sample_0163,MmCows,Behavior_Feeding_head_up,datasets/behavior/mmcows/cropped_bboxes/behaviors/3/1690328666_18-44-26_12_4.jpg,FasterRCNN_v2,5,8,detected,367.6,76.44,868.82,495.12,0.599,408.04,1357,510
sample_0163,MmCows,Behavior_Feeding_head_up,datasets/behavior/mmcows/cropped_bboxes/behaviors/3/1690328666_18-44-26_12_4.jpg,FasterRCNN_v2,6,8,detected,1.28,20.36,634.35,327.37,0.5472,408.04,1357,510
sample_0163,MmCows,Behavior_Feeding_head_up,datasets/behavior/mmcows/cropped_bboxes/behaviors/3/1690328666_18-44-26_12_4.jpg,FasterRCNN_v2,7,8,detected,620.98,129.26,1143.34,496.68,0.4529,408.04,1357,510
sample_0163,MmCows,Behavior_Feeding_head_up,datasets/behavior/mmcows/cropped_bboxes/behaviors/3/1690328666_18-44-26_12_4.jpg,FasterRCNN_v2,8,8,detected,617.29,144.24,866.64,479.64,0.2632,408.04,1357,510
sample_0163,MmCows,Behavior_Feeding_head_up,datasets/behavior/mmcows/cropped_bboxes/behaviors/3/1690328666_18-44-26_12_4.jpg,RT-DETR-L,1,8,detected,0.06,275.32,649.61,509.93,0.6182,94.71,1357,510
sample_0163,MmCows,Behavior_Feeding_head_up,datasets/behavior/mmcows/cropped_bboxes/behaviors/3/1690328666_18-44-26_12_4.jpg,RT-DETR-L,2,8,detected,910.79,173.75,1356.79,509.53,0.5759,94.71,1357,510
sample_0163,MmCows,Behavior_Feeding_head_up,datasets/behavior/mmcows/cropped_bboxes/behaviors/3/1690328666_18-44-26_12_4.jpg,RT-DETR-L,3,8,detected,1.18,12.99,881.33,509.92,0.5343,94.71,1357,510
sample_0163,MmCows,Behavior_Feeding_head_up,datasets/behavior/mmcows/cropped_bboxes/behaviors/3/1690328666_18-44-26_12_4.jpg,RT-DETR-L,4,8,detected,0.98,9.6,1356.76,510.1,0.5163,94.71,1357,510
sample_0163,MmCows,Behavior_Feeding_head_up,datasets/behavior/mmcows/cropped_bboxes/behaviors/3/1690328666_18-44-26_12_4.jpg,RT-DETR-L,5,8,detected,183.91,0.27,883.4,105.54,0.2915,94.71,1357,510
sample_0163,MmCows,Behavior_Feeding_head_up,datasets/behavior/mmcows/cropped_bboxes/behaviors/3/1690328666_18-44-26_12_4.jpg,RT-DETR-L,6,8,detected,630.98,149.01,858.49,463.1,0.2865,94.71,1357,510
sample_0163,MmCows,Behavior_Feeding_head_up,datasets/behavior/mmcows/cropped_bboxes/behaviors/3/1690328666_18-44-26_12_4.jpg,RT-DETR-L,7,8,detected,2.41,17.7,668.05,509.92,0.2761,94.71,1357,510
sample_0163,MmCows,Behavior_Feeding_head_up,datasets/behavior/mmcows/cropped_bboxes/behaviors/3/1690328666_18-44-26_12_4.jpg,RT-DETR-L,8,8,detected,627.07,158.48,1355.08,510.3,0.2516,94.71,1357,510
sample_0164,MmCows,Behavior_Feeding_head_up,datasets/behavior/mmcows/cropped_bboxes/behaviors/3/1690273361_03-22-41_13_1.jpg,YOLOv8s,1,1,detected,3.96,14.37,447.86,413.09,0.7775,40.48,471,436
sample_0164,MmCows,Behavior_Feeding_head_up,datasets/behavior/mmcows/cropped_bboxes/behaviors/3/1690273361_03-22-41_13_1.jpg,FasterRCNN_v2,1,2,detected,22.22,4.1,444.52,436.0,0.9911,386.03,471,436
sample_0164,MmCows,Behavior_Feeding_head_up,datasets/behavior/mmcows/cropped_bboxes/behaviors/3/1690273361_03-22-41_13_1.jpg,FasterRCNN_v2,2,2,detected,2.6,23.91,136.55,390.42,0.6184,386.03,471,436
sample_0164,MmCows,Behavior_Feeding_head_up,datasets/behavior/mmcows/cropped_bboxes/behaviors/3/1690273361_03-22-41_13_1.jpg,RT-DETR-L,1,2,detected,0.65,16.38,418.86,431.75,0.9184,94.57,471,436
sample_0164,MmCows,Behavior_Feeding_head_up,datasets/behavior/mmcows/cropped_bboxes/behaviors/3/1690273361_03-22-41_13_1.jpg,RT-DETR-L,2,2,detected,0.19,0.71,196.43,424.77,0.2901,94.57,471,436
sample_0165,MmCows,Behavior_Walking,datasets/behavior/mmcows/cropped_bboxes/behaviors/1/1690321076_16-37-56_16_4.jpg,YOLOv8s,1,2,detected,144.53,6.83,496.68,319.31,0.8759,22.88,498,345
sample_0165,MmCows,Behavior_Walking,datasets/behavior/mmcows/cropped_bboxes/behaviors/1/1690321076_16-37-56_16_4.jpg,YOLOv8s,2,2,detected,416.51,223.87,497.74,340.43,0.606,22.88,498,345
sample_0165,MmCows,Behavior_Walking,datasets/behavior/mmcows/cropped_bboxes/behaviors/1/1690321076_16-37-56_16_4.jpg,FasterRCNN_v2,1,5,detected,130.22,11.61,461.05,304.13,0.9917,460.16,498,345
sample_0165,MmCows,Behavior_Walking,datasets/behavior/mmcows/cropped_bboxes/behaviors/1/1690321076_16-37-56_16_4.jpg,FasterRCNN_v2,2,5,detected,416.22,222.76,498.0,344.08,0.794,460.16,498,345
sample_0165,MmCows,Behavior_Walking,datasets/behavior/mmcows/cropped_bboxes/behaviors/1/1690321076_16-37-56_16_4.jpg,FasterRCNN_v2,3,5,detected,298.03,40.36,495.83,341.39,0.5236,460.16,498,345
sample_0165,MmCows,Behavior_Walking,datasets/behavior/mmcows/cropped_bboxes/behaviors/1/1690321076_16-37-56_16_4.jpg,FasterRCNN_v2,4,5,detected,2.13,1.33,297.92,297.55,0.3338,460.16,498,345
sample_0165,MmCows,Behavior_Walking,datasets/behavior/mmcows/cropped_bboxes/behaviors/1/1690321076_16-37-56_16_4.jpg,FasterRCNN_v2,5,5,detected,0.73,33.2,166.81,293.19,0.2668,460.16,498,345
sample_0165,MmCows,Behavior_Walking,datasets/behavior/mmcows/cropped_bboxes/behaviors/1/1690321076_16-37-56_16_4.jpg,RT-DETR-L,1,4,detected,146.68,8.31,496.97,343.74,0.9457,94.9,498,345
sample_0165,MmCows,Behavior_Walking,datasets/behavior/mmcows/cropped_bboxes/behaviors/1/1690321076_16-37-56_16_4.jpg,RT-DETR-L,2,4,detected,31.84,85.13,106.74,151.07,0.2869,94.9,498,345
sample_0165,MmCows,Behavior_Walking,datasets/behavior/mmcows/cropped_bboxes/behaviors/1/1690321076_16-37-56_16_4.jpg,RT-DETR-L,3,4,detected,410.91,220.67,498.05,344.98,0.2823,94.9,498,345
sample_0165,MmCows,Behavior_Walking,datasets/behavior/mmcows/cropped_bboxes/behaviors/1/1690321076_16-37-56_16_4.jpg,RT-DETR-L,4,4,detected,0.06,1.26,157.51,221.64,0.2775,94.9,498,345
sample_0166,MmCows,Behavior_Walking,datasets/behavior/mmcows/cropped_bboxes/behaviors/1/1690287011_07-10-11_9_1.jpg,YOLOv8s,1,3,detected,16.66,10.71,348.34,476.89,0.7034,37.06,553,492
sample_0166,MmCows,Behavior_Walking,datasets/behavior/mmcows/cropped_bboxes/behaviors/1/1690287011_07-10-11_9_1.jpg,YOLOv8s,2,3,detected,371.24,11.32,546.36,283.0,0.3448,37.06,553,492
sample_0166,MmCows,Behavior_Walking,datasets/behavior/mmcows/cropped_bboxes/behaviors/1/1690287011_07-10-11_9_1.jpg,YOLOv8s,3,3,detected,407.11,10.31,544.38,175.43,0.2543,37.06,553,492
sample_0166,MmCows,Behavior_Walking,datasets/behavior/mmcows/cropped_bboxes/behaviors/1/1690287011_07-10-11_9_1.jpg,FasterRCNN_v2,1,7,detected,13.29,5.65,484.24,487.76,0.9979,413.18,553,492
sample_0166,MmCows,Behavior_Walking,datasets/behavior/mmcows/cropped_bboxes/behaviors/1/1690287011_07-10-11_9_1.jpg,FasterRCNN_v2,2,7,detected,364.49,9.79,548.34,287.4,0.6056,413.18,553,492
sample_0166,MmCows,Behavior_Walking,datasets/behavior/mmcows/cropped_bboxes/behaviors/1/1690287011_07-10-11_9_1.jpg,FasterRCNN_v2,3,7,detected,14.02,6.18,336.13,311.82,0.5803,413.18,553,492
sample_0166,MmCows,Behavior_Walking,datasets/behavior/mmcows/cropped_bboxes/behaviors/1/1690287011_07-10-11_9_1.jpg,FasterRCNN_v2,4,7,detected,529.54,46.15,552.84,140.61,0.5711,413.18,553,492
sample_0166,MmCows,Behavior_Walking,datasets/behavior/mmcows/cropped_bboxes/behaviors/1/1690287011_07-10-11_9_1.jpg,FasterRCNN_v2,5,7,detected,408.86,9.7,546.43,174.6,0.4825,413.18,553,492
sample_0166,MmCows,Behavior_Walking,datasets/behavior/mmcows/cropped_bboxes/behaviors/1/1690287011_07-10-11_9_1.jpg,FasterRCNN_v2,6,7,detected,196.13,5.79,547.3,323.62,0.3835,413.18,553,492
sample_0166,MmCows,Behavior_Walking,datasets/behavior/mmcows/cropped_bboxes/behaviors/1/1690287011_07-10-11_9_1.jpg,FasterRCNN_v2,7,7,detected,0.29,224.56,66.77,492.0,0.3174,413.18,553,492
sample_0166,MmCows,Behavior_Walking,datasets/behavior/mmcows/cropped_bboxes/behaviors/1/1690287011_07-10-11_9_1.jpg,RT-DETR-L,1,2,detected,-0.05,6.22,547.52,491.59,0.9666,94.07,553,492
sample_0166,MmCows,Behavior_Walking,datasets/behavior/mmcows/cropped_bboxes/behaviors/1/1690287011_07-10-11_9_1.jpg,RT-DETR-L,2,2,detected,405.52,0.5,553.31,129.09,0.2674,94.07,553,492
sample_0167,MmCows,Behavior_Walking,datasets/behavior/mmcows/cropped_bboxes/behaviors/1/1690317071_15-31-11_7_2.jpg,YOLOv8s,1,1,detected,16.36,8.66,383.28,262.27,0.7739,23.55,385,269
sample_0167,MmCows,Behavior_Walking,datasets/behavior/mmcows/cropped_bboxes/behaviors/1/1690317071_15-31-11_7_2.jpg,FasterRCNN_v2,1,5,detected,0.0,88.85,176.35,266.68,0.9731,345.12,385,269
sample_0167,MmCows,Behavior_Walking,datasets/behavior/mmcows/cropped_bboxes/behaviors/1/1690317071_15-31-11_7_2.jpg,FasterRCNN_v2,2,5,detected,18.82,8.81,381.6,266.52,0.935,345.12,385,269
sample_0167,MmCows,Behavior_Walking,datasets/behavior/mmcows/cropped_bboxes/behaviors/1/1690317071_15-31-11_7_2.jpg,FasterRCNN_v2,3,5,detected,68.49,113.52,321.13,267.7,0.757,345.12,385,269
sample_0167,MmCows,Behavior_Walking,datasets/behavior/mmcows/cropped_bboxes/behaviors/1/1690317071_15-31-11_7_2.jpg,FasterRCNN_v2,4,5,detected,5.21,0.46,215.0,147.96,0.5068,345.12,385,269
sample_0167,MmCows,Behavior_Walking,datasets/behavior/mmcows/cropped_bboxes/behaviors/1/1690317071_15-31-11_7_2.jpg,FasterRCNN_v2,5,5,detected,0.0,87.93,59.04,269.0,0.3191,345.12,385,269
sample_0167,MmCows,Behavior_Walking,datasets/behavior/mmcows/cropped_bboxes/behaviors/1/1690317071_15-31-11_7_2.jpg,RT-DETR-L,1,6,detected,0.57,7.2,384.97,268.54,0.8745,94.64,385,269
sample_0167,MmCows,Behavior_Walking,datasets/behavior/mmcows/cropped_bboxes/behaviors/1/1690317071_15-31-11_7_2.jpg,RT-DETR-L,2,6,detected,0.11,92.64,178.42,269.0,0.5014,94.64,385,269
sample_0167,MmCows,Behavior_Walking,datasets/behavior/mmcows/cropped_bboxes/behaviors/1/1690317071_15-31-11_7_2.jpg,RT-DETR-L,3,6,detected,-0.14,0.79,117.63,136.09,0.3212,94.64,385,269
sample_0167,MmCows,Behavior_Walking,datasets/behavior/mmcows/cropped_bboxes/behaviors/1/1690317071_15-31-11_7_2.jpg,RT-DETR-L,4,6,detected,0.24,0.36,178.83,268.95,0.3004,94.64,385,269
sample_0167,MmCows,Behavior_Walking,datasets/behavior/mmcows/cropped_bboxes/behaviors/1/1690317071_15-31-11_7_2.jpg,RT-DETR-L,5,6,detected,142.05,3.08,384.87,267.69,0.2751,94.64,385,269
sample_0167,MmCows,Behavior_Walking,datasets/behavior/mmcows/cropped_bboxes/behaviors/1/1690317071_15-31-11_7_2.jpg,RT-DETR-L,6,6,detected,54.09,10.35,383.98,268.53,0.2567,94.64,385,269
sample_0168,MmCows,Behavior_Walking,datasets/behavior/mmcows/cropped_bboxes/behaviors/1/1690320071_16-21-11_9_2.jpg,YOLOv8s,0,0,no_detection,,,,,,28.96,421,388
sample_0168,MmCows,Behavior_Walking,datasets/behavior/mmcows/cropped_bboxes/behaviors/1/1690320071_16-21-11_9_2.jpg,FasterRCNN_v2,1,11,detected,2.78,6.25,411.09,384.2,0.9917,400.44,421,388
sample_0168,MmCows,Behavior_Walking,datasets/behavior/mmcows/cropped_bboxes/behaviors/1/1690320071_16-21-11_9_2.jpg,FasterRCNN_v2,2,11,detected,98.64,145.56,421.0,388.0,0.9782,400.44,421,388
sample_0168,MmCows,Behavior_Walking,datasets/behavior/mmcows/cropped_bboxes/behaviors/1/1690320071_16-21-11_9_2.jpg,FasterRCNN_v2,3,11,detected,101.79,13.82,405.52,199.03,0.9185,400.44,421,388
sample_0168,MmCows,Behavior_Walking,datasets/behavior/mmcows/cropped_bboxes/behaviors/1/1690320071_16-21-11_9_2.jpg,FasterRCNN_v2,4,11,detected,2.26,13.41,107.76,351.18,0.8816,400.44,421,388
sample_0168,MmCows,Behavior_Walking,datasets/behavior/mmcows/cropped_bboxes/behaviors/1/1690320071_16-21-11_9_2.jpg,FasterRCNN_v2,5,11,detected,3.82,4.13,217.36,363.87,0.8094,400.44,421,388
sample_0168,MmCows,Behavior_Walking,datasets/behavior/mmcows/cropped_bboxes/behaviors/1/1690320071_16-21-11_9_2.jpg,FasterRCNN_v2,6,11,detected,0.0,7.36,93.46,204.15,0.76,400.44,421,388
sample_0168,MmCows,Behavior_Walking,datasets/behavior/mmcows/cropped_bboxes/behaviors/1/1690320071_16-21-11_9_2.jpg,FasterRCNN_v2,7,11,detected,245.43,18.56,387.99,197.47,0.6493,400.44,421,388
sample_0168,MmCows,Behavior_Walking,datasets/behavior/mmcows/cropped_bboxes/behaviors/1/1690320071_16-21-11_9_2.jpg,FasterRCNN_v2,8,11,detected,48.56,2.79,285.11,200.09,0.5638,400.44,421,388
sample_0168,MmCows,Behavior_Walking,datasets/behavior/mmcows/cropped_bboxes/behaviors/1/1690320071_16-21-11_9_2.jpg,FasterRCNN_v2,9,11,detected,2.32,178.59,149.66,378.88,0.4954,400.44,421,388
sample_0168,MmCows,Behavior_Walking,datasets/behavior/mmcows/cropped_bboxes/behaviors/1/1690320071_16-21-11_9_2.jpg,FasterRCNN_v2,10,11,detected,127.57,155.55,274.49,381.36,0.369,400.44,421,388
sample_0168,MmCows,Behavior_Walking,datasets/behavior/mmcows/cropped_bboxes/behaviors/1/1690320071_16-21-11_9_2.jpg,FasterRCNN_v2,11,11,detected,256.96,213.02,419.79,386.38,0.3409,400.44,421,388
sample_0168,MmCows,Behavior_Walking,datasets/behavior/mmcows/cropped_bboxes/behaviors/1/1690320071_16-21-11_9_2.jpg,RT-DETR-L,1,4,detected,1.85,1.77,415.94,377.58,0.8989,94.33,421,388
sample_0168,MmCows,Behavior_Walking,datasets/behavior/mmcows/cropped_bboxes/behaviors/1/1690320071_16-21-11_9_2.jpg,RT-DETR-L,2,4,detected,128.11,145.42,421.49,388.02,0.6219,94.33,421,388
sample_0168,MmCows,Behavior_Walking,datasets/behavior/mmcows/cropped_bboxes/behaviors/1/1690320071_16-21-11_9_2.jpg,RT-DETR-L,3,4,detected,329.32,0.38,420.83,61.56,0.2684,94.33,421,388
sample_0168,MmCows,Behavior_Walking,datasets/behavior/mmcows/cropped_bboxes/behaviors/1/1690320071_16-21-11_9_2.jpg,RT-DETR-L,4,4,detected,69.97,219.2,147.07,372.89,0.2581,94.33,421,388
sample_0169,MmCows,Behavior_Walking,datasets/behavior/mmcows/cropped_bboxes/behaviors/1/1690337096_21-04-56_4_3.jpg,YOLOv8s,1,1,detected,0.79,7.92,394.05,404.34,0.5507,32.4,399,417
sample_0169,MmCows,Behavior_Walking,datasets/behavior/mmcows/cropped_bboxes/behaviors/1/1690337096_21-04-56_4_3.jpg,FasterRCNN_v2,1,3,detected,28.54,6.11,396.36,410.17,0.9972,379.14,399,417
sample_0169,MmCows,Behavior_Walking,datasets/behavior/mmcows/cropped_bboxes/behaviors/1/1690337096_21-04-56_4_3.jpg,FasterRCNN_v2,2,3,detected,210.05,41.36,398.64,359.38,0.714,379.14,399,417
sample_0169,MmCows,Behavior_Walking,datasets/behavior/mmcows/cropped_bboxes/behaviors/1/1690337096_21-04-56_4_3.jpg,FasterRCNN_v2,3,3,detected,25.34,4.01,314.06,176.79,0.5343,379.14,399,417
sample_0169,MmCows,Behavior_Walking,datasets/behavior/mmcows/cropped_bboxes/behaviors/1/1690337096_21-04-56_4_3.jpg,RT-DETR-L,1,1,detected,16.75,4.06,398.36,407.91,0.95,94.05,399,417
sample_0170,MmCows,Behavior_Walking,datasets/behavior/mmcows/cropped_bboxes/behaviors/1/1690277051_04-24-11_6_2.jpg,YOLOv8s,0,0,no_detection,,,,,,29.55,283,247
sample_0170,MmCows,Behavior_Walking,datasets/behavior/mmcows/cropped_bboxes/behaviors/1/1690277051_04-24-11_6_2.jpg,FasterRCNN_v2,1,3,detected,17.55,0.78,278.1,243.31,0.9657,393.99,283,247
sample_0170,MmCows,Behavior_Walking,datasets/behavior/mmcows/cropped_bboxes/behaviors/1/1690277051_04-24-11_6_2.jpg,FasterRCNN_v2,2,3,detected,38.72,117.45,222.68,239.52,0.3495,393.99,283,247
sample_0170,MmCows,Behavior_Walking,datasets/behavior/mmcows/cropped_bboxes/behaviors/1/1690277051_04-24-11_6_2.jpg,FasterRCNN_v2,3,3,detected,128.29,35.12,282.07,242.35,0.3081,393.99,283,247
sample_0170,MmCows,Behavior_Walking,datasets/behavior/mmcows/cropped_bboxes/behaviors/1/1690277051_04-24-11_6_2.jpg,RT-DETR-L,1,1,detected,8.91,3.96,282.83,243.38,0.8306,94.14,283,247
sample_0171,MmCows,Behavior_Walking,datasets/behavior/mmcows/cropped_bboxes/behaviors/1/1690289531_07-52-11_5_2.jpg,YOLOv8s,1,1,detected,70.51,19.74,223.99,117.81,0.415,36.45,229,199
sample_0171,MmCows,Behavior_Walking,datasets/behavior/mmcows/cropped_bboxes/behaviors/1/1690289531_07-52-11_5_2.jpg,FasterRCNN_v2,1,3,detected,71.97,22.81,224.9,116.79,0.7352,393.26,229,199
sample_0171,MmCows,Behavior_Walking,datasets/behavior/mmcows/cropped_bboxes/behaviors/1/1690289531_07-52-11_5_2.jpg,FasterRCNN_v2,2,3,detected,99.15,0.62,228.09,44.67,0.2857,393.26,229,199
sample_0171,MmCows,Behavior_Walking,datasets/behavior/mmcows/cropped_bboxes/behaviors/1/1690289531_07-52-11_5_2.jpg,FasterRCNN_v2,3,3,detected,4.42,4.1,146.45,120.97,0.2628,393.26,229,199
sample_0171,MmCows,Behavior_Walking,datasets/behavior/mmcows/cropped_bboxes/behaviors/1/1690289531_07-52-11_5_2.jpg,RT-DETR-L,1,7,detected,82.83,18.36,227.55,115.11,0.3627,94.11,229,199
sample_0171,MmCows,Behavior_Walking,datasets/behavior/mmcows/cropped_bboxes/behaviors/1/1690289531_07-52-11_5_2.jpg,RT-DETR-L,2,7,detected,120.47,18.78,227.87,113.94,0.3231,94.11,229,199
sample_0171,MmCows,Behavior_Walking,datasets/behavior/mmcows/cropped_bboxes/behaviors/1/1690289531_07-52-11_5_2.jpg,RT-DETR-L,3,7,detected,-0.0,-0.28,228.99,124.45,0.3224,94.11,229,199
sample_0171,MmCows,Behavior_Walking,datasets/behavior/mmcows/cropped_bboxes/behaviors/1/1690289531_07-52-11_5_2.jpg,RT-DETR-L,4,7,detected,81.52,26.06,168.05,115.27,0.2963,94.11,229,199
sample_0171,MmCows,Behavior_Walking,datasets/behavior/mmcows/cropped_bboxes/behaviors/1/1690289531_07-52-11_5_2.jpg,RT-DETR-L,5,7,detected,0.41,0.15,166.26,124.81,0.2701,94.11,229,199
sample_0171,MmCows,Behavior_Walking,datasets/behavior/mmcows/cropped_bboxes/behaviors/1/1690289531_07-52-11_5_2.jpg,RT-DETR-L,6,7,detected,81.51,-0.43,229.2,115.09,0.2552,94.11,229,199
sample_0171,MmCows,Behavior_Walking,datasets/behavior/mmcows/cropped_bboxes/behaviors/1/1690289531_07-52-11_5_2.jpg,RT-DETR-L,7,7,detected,119.46,0.03,228.94,113.47,0.2537,94.11,229,199
sample_0172,MmCows,Behavior_Walking,datasets/behavior/mmcows/cropped_bboxes/behaviors/1/1690306376_12-32-56_6_3.jpg,YOLOv8s,1,1,detected,3.15,1.59,341.88,242.72,0.4364,25.91,346,255
sample_0172,MmCows,Behavior_Walking,datasets/behavior/mmcows/cropped_bboxes/behaviors/1/1690306376_12-32-56_6_3.jpg,FasterRCNN_v2,1,4,detected,0.0,4.37,318.37,255.0,0.9964,455.2,346,255
sample_0172,MmCows,Behavior_Walking,datasets/behavior/mmcows/cropped_bboxes/behaviors/1/1690306376_12-32-56_6_3.jpg,FasterRCNN_v2,2,4,detected,132.67,0.0,342.73,227.5,0.7467,455.2,346,255
sample_0172,MmCows,Behavior_Walking,datasets/behavior/mmcows/cropped_bboxes/behaviors/1/1690306376_12-32-56_6_3.jpg,FasterRCNN_v2,3,4,detected,238.82,3.29,345.81,187.16,0.697,455.2,346,255
sample_0172,MmCows,Behavior_Walking,datasets/behavior/mmcows/cropped_bboxes/behaviors/1/1690306376_12-32-56_6_3.jpg,FasterRCNN_v2,4,4,detected,161.95,120.8,329.35,226.42,0.5762,455.2,346,255
sample_0172,MmCows,Behavior_Walking,datasets/behavior/mmcows/cropped_bboxes/behaviors/1/1690306376_12-32-56_6_3.jpg,RT-DETR-L,1,1,detected,0.01,0.45,345.97,251.81,0.8937,93.94,346,255
sample_0173,MmCows,Behavior_Walking,datasets/behavior/mmcows/cropped_bboxes/behaviors/1/1690273496_03-24-56_13_2.jpg,YOLOv8s,0,0,no_detection,,,,,,20.92,320,195
sample_0173,MmCows,Behavior_Walking,datasets/behavior/mmcows/cropped_bboxes/behaviors/1/1690273496_03-24-56_13_2.jpg,FasterRCNN_v2,0,0,no_detection,,,,,,486.62,320,195
sample_0173,MmCows,Behavior_Walking,datasets/behavior/mmcows/cropped_bboxes/behaviors/1/1690273496_03-24-56_13_2.jpg,RT-DETR-L,1,6,detected,-0.11,6.5,158.19,100.34,0.3925,93.63,320,195
sample_0173,MmCows,Behavior_Walking,datasets/behavior/mmcows/cropped_bboxes/behaviors/1/1690273496_03-24-56_13_2.jpg,RT-DETR-L,2,6,detected,0.42,4.09,289.99,105.43,0.3033,93.63,320,195
sample_0173,MmCows,Behavior_Walking,datasets/behavior/mmcows/cropped_bboxes/behaviors/1/1690273496_03-24-56_13_2.jpg,RT-DETR-L,3,6,detected,0.09,3.94,319.77,112.59,0.2772,93.63,320,195
sample_0173,MmCows,Behavior_Walking,datasets/behavior/mmcows/cropped_bboxes/behaviors/1/1690273496_03-24-56_13_2.jpg,RT-DETR-L,4,6,detected,97.35,6.42,289.86,109.11,0.2768,93.63,320,195
sample_0173,MmCows,Behavior_Walking,datasets/behavior/mmcows/cropped_bboxes/behaviors/1/1690273496_03-24-56_13_2.jpg,RT-DETR-L,5,6,detected,-0.02,10.67,125.63,99.19,0.2656,93.63,320,195
sample_0173,MmCows,Behavior_Walking,datasets/behavior/mmcows/cropped_bboxes/behaviors/1/1690273496_03-24-56_13_2.jpg,RT-DETR-L,6,6,detected,99.81,5.55,319.43,115.2,0.2565,93.63,320,195
sample_0174,MmCows,Behavior_Walking,datasets/behavior/mmcows/cropped_bboxes/behaviors/1/1690300016_10-46-56_10_1.jpg,YOLOv8s,1,3,detected,8.99,5.34,780.05,551.08,0.8688,24.11,791,567
sample_0174,MmCows,Behavior_Walking,datasets/behavior/mmcows/cropped_bboxes/behaviors/1/1690300016_10-46-56_10_1.jpg,YOLOv8s,2,3,detected,569.7,2.81,790.52,351.34,0.4504,24.11,791,567
sample_0174,MmCows,Behavior_Walking,datasets/behavior/mmcows/cropped_bboxes/behaviors/1/1690300016_10-46-56_10_1.jpg,YOLOv8s,3,3,detected,515.12,97.14,787.46,352.46,0.3762,24.11,791,567
sample_0174,MmCows,Behavior_Walking,datasets/behavior/mmcows/cropped_bboxes/behaviors/1/1690300016_10-46-56_10_1.jpg,FasterRCNN_v2,1,8,detected,7.35,3.15,708.93,563.28,0.9986,434.86,791,567
sample_0174,MmCows,Behavior_Walking,datasets/behavior/mmcows/cropped_bboxes/behaviors/1/1690300016_10-46-56_10_1.jpg,FasterRCNN_v2,2,8,detected,391.15,48.56,773.22,564.21,0.9428,434.86,791,567
sample_0174,MmCows,Behavior_Walking,datasets/behavior/mmcows/cropped_bboxes/behaviors/1/1690300016_10-46-56_10_1.jpg,FasterRCNN_v2,3,8,detected,473.0,14.35,786.42,395.0,0.8678,434.86,791,567
sample_0174,MmCows,Behavior_Walking,datasets/behavior/mmcows/cropped_bboxes/behaviors/1/1690300016_10-46-56_10_1.jpg,FasterRCNN_v2,4,8,detected,481.53,0.74,784.76,127.95,0.8019,434.86,791,567
sample_0174,MmCows,Behavior_Walking,datasets/behavior/mmcows/cropped_bboxes/behaviors/1/1690300016_10-46-56_10_1.jpg,FasterRCNN_v2,5,8,detected,274.64,0.31,511.15,39.26,0.7628,434.86,791,567
sample_0174,MmCows,Behavior_Walking,datasets/behavior/mmcows/cropped_bboxes/behaviors/1/1690300016_10-46-56_10_1.jpg,FasterRCNN_v2,6,8,detected,213.47,0.1,520.65,65.78,0.4046,434.86,791,567
sample_0174,MmCows,Behavior_Walking,datasets/behavior/mmcows/cropped_bboxes/behaviors/1/1690300016_10-46-56_10_1.jpg,FasterRCNN_v2,7,8,detected,0.0,11.19,90.2,483.76,0.3127,434.86,791,567
sample_0174,MmCows,Behavior_Walking,datasets/behavior/mmcows/cropped_bboxes/behaviors/1/1690300016_10-46-56_10_1.jpg,FasterRCNN_v2,8,8,detected,267.64,0.83,758.95,285.58,0.3088,434.86,791,567
sample_0174,MmCows,Behavior_Walking,datasets/behavior/mmcows/cropped_bboxes/behaviors/1/1690300016_10-46-56_10_1.jpg,RT-DETR-L,1,7,detected,1.9,0.61,788.04,566.31,0.973,94.76,791,567
sample_0174,MmCows,Behavior_Walking,datasets/behavior/mmcows/cropped_bboxes/behaviors/1/1690300016_10-46-56_10_1.jpg,RT-DETR-L,2,7,detected,570.63,0.1,791.28,131.59,0.4298,94.76,791,567
sample_0174,MmCows,Behavior_Walking,datasets/behavior/mmcows/cropped_bboxes/behaviors/1/1690300016_10-46-56_10_1.jpg,RT-DETR-L,3,7,detected,487.41,-0.22,791.43,131.82,0.395,94.76,791,567
sample_0174,MmCows,Behavior_Walking,datasets/behavior/mmcows/cropped_bboxes/behaviors/1/1690300016_10-46-56_10_1.jpg,RT-DETR-L,4,7,detected,485.74,0.23,699.43,70.97,0.3297,94.76,791,567
sample_0174,MmCows,Behavior_Walking,datasets/behavior/mmcows/cropped_bboxes/behaviors/1/1690300016_10-46-56_10_1.jpg,RT-DETR-L,5,7,detected,485.15,0.25,791.36,414.82,0.2766,94.76,791,567
sample_0174,MmCows,Behavior_Walking,datasets/behavior/mmcows/cropped_bboxes/behaviors/1/1690300016_10-46-56_10_1.jpg,RT-DETR-L,6,7,detected,287.05,-0.16,791.35,130.54,0.273,94.76,791,567
sample_0174,MmCows,Behavior_Walking,datasets/behavior/mmcows/cropped_bboxes/behaviors/1/1690300016_10-46-56_10_1.jpg,RT-DETR-L,7,7,detected,485.77,-0.04,791.63,358.61,0.2683,94.76,791,567
sample_0175,MmCows,Behavior_Walking,datasets/behavior/mmcows/cropped_bboxes/behaviors/1/1690320506_16-28-26_16_4.jpg,YOLOv8s,0,0,no_detection,,,,,,24.55,531,244
sample_0175,MmCows,Behavior_Walking,datasets/behavior/mmcows/cropped_bboxes/behaviors/1/1690320506_16-28-26_16_4.jpg,FasterRCNN_v2,1,1,detected,319.66,45.35,528.44,240.54,0.8879,435.64,531,244
sample_0175,MmCows,Behavior_Walking,datasets/behavior/mmcows/cropped_bboxes/behaviors/1/1690320506_16-28-26_16_4.jpg,RT-DETR-L,1,4,detected,0.23,0.07,531.22,244.07,0.5595,94.57,531,244
sample_0175,MmCows,Behavior_Walking,datasets/behavior/mmcows/cropped_bboxes/behaviors/1/1690320506_16-28-26_16_4.jpg,RT-DETR-L,2,4,detected,310.92,7.2,531.44,243.82,0.3917,94.57,531,244
sample_0175,MmCows,Behavior_Walking,datasets/behavior/mmcows/cropped_bboxes/behaviors/1/1690320506_16-28-26_16_4.jpg,RT-DETR-L,3,4,detected,315.43,57.05,531.68,243.94,0.3615,94.57,531,244
sample_0175,MmCows,Behavior_Walking,datasets/behavior/mmcows/cropped_bboxes/behaviors/1/1690320506_16-28-26_16_4.jpg,RT-DETR-L,4,4,detected,66.62,0.08,531.18,244.02,0.2518,94.57,531,244
sample_0176,MmCows,Behavior_Walking,datasets/behavior/mmcows/cropped_bboxes/behaviors/1/1690319861_16-17-41_12_2.jpg,YOLOv8s,1,1,detected,0.78,1.21,238.12,387.33,0.8274,33.8,240,401
sample_0176,MmCows,Behavior_Walking,datasets/behavior/mmcows/cropped_bboxes/behaviors/1/1690319861_16-17-41_12_2.jpg,FasterRCNN_v2,1,1,detected,0.0,54.17,237.36,386.73,0.6427,477.01,240,401
sample_0176,MmCows,Behavior_Walking,datasets/behavior/mmcows/cropped_bboxes/behaviors/1/1690319861_16-17-41_12_2.jpg,RT-DETR-L,1,1,detected,-0.05,0.56,239.94,382.08,0.9342,93.83,240,401
sample_0177,MmCows,Behavior_Walking,datasets/behavior/mmcows/cropped_bboxes/behaviors/1/1690274411_03-40-11_9_4.jpg,YOLOv8s,1,2,detected,28.34,0.01,680.98,820.91,0.9019,35.47,980,851
sample_0177,MmCows,Behavior_Walking,datasets/behavior/mmcows/cropped_bboxes/behaviors/1/1690274411_03-40-11_9_4.jpg,YOLOv8s,2,2,detected,410.45,1.82,667.68,336.24,0.2512,35.47,980,851
sample_0177,MmCows,Behavior_Walking,datasets/behavior/mmcows/cropped_bboxes/behaviors/1/1690274411_03-40-11_9_4.jpg,FasterRCNN_v2,1,4,detected,34.51,7.63,728.1,844.11,0.9989,416.93,980,851
sample_0177,MmCows,Behavior_Walking,datasets/behavior/mmcows/cropped_bboxes/behaviors/1/1690274411_03-40-11_9_4.jpg,FasterRCNN_v2,2,4,detected,716.7,269.6,980.0,644.21,0.667,416.93,980,851
sample_0177,MmCows,Behavior_Walking,datasets/behavior/mmcows/cropped_bboxes/behaviors/1/1690274411_03-40-11_9_4.jpg,FasterRCNN_v2,3,4,detected,243.85,215.01,681.25,840.47,0.4558,416.93,980,851
sample_0177,MmCows,Behavior_Walking,datasets/behavior/mmcows/cropped_bboxes/behaviors/1/1690274411_03-40-11_9_4.jpg,FasterRCNN_v2,4,4,detected,418.95,0.0,684.84,325.32,0.3411,416.93,980,851
sample_0177,MmCows,Behavior_Walking,datasets/behavior/mmcows/cropped_bboxes/behaviors/1/1690274411_03-40-11_9_4.jpg,RT-DETR-L,1,4,detected,26.46,-0.49,687.37,843.49,0.9327,95.56,980,851
sample_0177,MmCows,Behavior_Walking,datasets/behavior/mmcows/cropped_bboxes/behaviors/1/1690274411_03-40-11_9_4.jpg,RT-DETR-L,2,4,detected,322.69,0.59,671.26,342.41,0.4537,95.56,980,851
sample_0177,MmCows,Behavior_Walking,datasets/behavior/mmcows/cropped_bboxes/behaviors/1/1690274411_03-40-11_9_4.jpg,RT-DETR-L,3,4,detected,719.86,308.81,980.64,647.93,0.4259,95.56,980,851
sample_0177,MmCows,Behavior_Walking,datasets/behavior/mmcows/cropped_bboxes/behaviors/1/1690274411_03-40-11_9_4.jpg,RT-DETR-L,4,4,detected,241.71,0.07,675.32,346.47,0.311,95.56,980,851
sample_0178,MmCows,Behavior_Walking,datasets/behavior/mmcows/cropped_bboxes/behaviors/1/1690331066_19-24-26_16_4.jpg,YOLOv8s,1,2,detected,0.2,17.07,34.03,263.3,0.6767,27.55,305,273
sample_0178,MmCows,Behavior_Walking,datasets/behavior/mmcows/cropped_bboxes/behaviors/1/1690331066_19-24-26_16_4.jpg,YOLOv8s,2,2,detected,4.01,7.36,299.76,266.32,0.4342,27.55,305,273
sample_0178,MmCows,Behavior_Walking,datasets/behavior/mmcows/cropped_bboxes/behaviors/1/1690331066_19-24-26_16_4.jpg,FasterRCNN_v2,1,3,detected,3.68,1.15,304.23,273.0,0.9766,368.01,305,273
sample_0178,MmCows,Behavior_Walking,datasets/behavior/mmcows/cropped_bboxes/behaviors/1/1690331066_19-24-26_16_4.jpg,FasterRCNN_v2,2,3,detected,0.09,0.98,34.42,273.0,0.92,368.01,305,273
sample_0178,MmCows,Behavior_Walking,datasets/behavior/mmcows/cropped_bboxes/behaviors/1/1690331066_19-24-26_16_4.jpg,FasterRCNN_v2,3,3,detected,132.96,83.11,303.45,270.62,0.9146,368.01,305,273
sample_0178,MmCows,Behavior_Walking,datasets/behavior/mmcows/cropped_bboxes/behaviors/1/1690331066_19-24-26_16_4.jpg,RT-DETR-L,1,5,detected,132.81,82.89,305.13,272.74,0.5533,94.48,305,273
sample_0178,MmCows,Behavior_Walking,datasets/behavior/mmcows/cropped_bboxes/behaviors/1/1690331066_19-24-26_16_4.jpg,RT-DETR-L,2,5,detected,13.54,7.22,304.2,272.71,0.4779,94.48,305,273
sample_0178,MmCows,Behavior_Walking,datasets/behavior/mmcows/cropped_bboxes/behaviors/1/1690331066_19-24-26_16_4.jpg,RT-DETR-L,3,5,detected,15.37,8.92,303.74,159.6,0.444,94.48,305,273
sample_0178,MmCows,Behavior_Walking,datasets/behavior/mmcows/cropped_bboxes/behaviors/1/1690331066_19-24-26_16_4.jpg,RT-DETR-L,4,5,detected,0.22,78.45,305.21,273.1,0.2804,94.48,305,273
sample_0178,MmCows,Behavior_Walking,datasets/behavior/mmcows/cropped_bboxes/behaviors/1/1690331066_19-24-26_16_4.jpg,RT-DETR-L,5,5,detected,131.68,0.1,305.33,273.1,0.2647,94.48,305,273
sample_0179,MmCows,Behavior_Drinking,datasets/behavior/mmcows/cropped_bboxes/behaviors/6/1690272791_03-13-11_1_1.jpg,YOLOv8s,1,2,detected,3.64,2.73,884.63,580.98,0.7391,22.41,1019,693
sample_0179,MmCows,Behavior_Drinking,datasets/behavior/mmcows/cropped_bboxes/behaviors/6/1690272791_03-13-11_1_1.jpg,YOLOv8s,2,2,detected,509.84,0.65,900.14,175.1,0.6141,22.41,1019,693
sample_0179,MmCows,Behavior_Drinking,datasets/behavior/mmcows/cropped_bboxes/behaviors/6/1690272791_03-13-11_1_1.jpg,FasterRCNN_v2,1,4,detected,29.97,9.91,867.92,591.32,0.9915,465.77,1019,693
sample_0179,MmCows,Behavior_Drinking,datasets/behavior/mmcows/cropped_bboxes/behaviors/6/1690272791_03-13-11_1_1.jpg,FasterRCNN_v2,2,4,detected,449.69,0.59,890.37,169.19,0.9117,465.77,1019,693
sample_0179,MmCows,Behavior_Drinking,datasets/behavior/mmcows/cropped_bboxes/behaviors/6/1690272791_03-13-11_1_1.jpg,FasterRCNN_v2,3,4,detected,6.46,4.17,496.49,508.98,0.5884,465.77,1019,693
sample_0179,MmCows,Behavior_Drinking,datasets/behavior/mmcows/cropped_bboxes/behaviors/6/1690272791_03-13-11_1_1.jpg,FasterRCNN_v2,4,4,detected,108.35,1.07,831.39,230.19,0.3034,465.77,1019,693
sample_0179,MmCows,Behavior_Drinking,datasets/behavior/mmcows/cropped_bboxes/behaviors/6/1690272791_03-13-11_1_1.jpg,RT-DETR-L,1,5,detected,59.36,67.08,967.01,618.01,0.8846,94.18,1019,693
sample_0179,MmCows,Behavior_Drinking,datasets/behavior/mmcows/cropped_bboxes/behaviors/6/1690272791_03-13-11_1_1.jpg,RT-DETR-L,2,5,detected,506.26,0.27,910.53,178.09,0.7757,94.18,1019,693
sample_0179,MmCows,Behavior_Drinking,datasets/behavior/mmcows/cropped_bboxes/behaviors/6/1690272791_03-13-11_1_1.jpg,RT-DETR-L,3,5,detected,380.8,607.09,650.14,693.23,0.327,94.18,1019,693
sample_0179,MmCows,Behavior_Drinking,datasets/behavior/mmcows/cropped_bboxes/behaviors/6/1690272791_03-13-11_1_1.jpg,RT-DETR-L,4,5,detected,96.66,1.87,360.95,182.48,0.2967,94.18,1019,693
sample_0179,MmCows,Behavior_Drinking,datasets/behavior/mmcows/cropped_bboxes/behaviors/6/1690272791_03-13-11_1_1.jpg,RT-DETR-L,5,5,detected,290.64,-0.04,525.26,94.77,0.2877,94.18,1019,693
sample_0180,MmCows,Behavior_Drinking,datasets/behavior/mmcows/cropped_bboxes/behaviors/6/1690289861_07-57-41_15_4.jpg,YOLOv8s,1,1,detected,33.14,9.23,835.14,660.46,0.8813,26.17,854,679
sample_0180,MmCows,Behavior_Drinking,datasets/behavior/mmcows/cropped_bboxes/behaviors/6/1690289861_07-57-41_15_4.jpg,FasterRCNN_v2,1,3,detected,22.3,12.16,837.5,655.04,0.9989,428.83,854,679
sample_0180,MmCows,Behavior_Drinking,datasets/behavior/mmcows/cropped_bboxes/behaviors/6/1690289861_07-57-41_15_4.jpg,FasterRCNN_v2,2,3,detected,61.19,86.41,513.93,670.51,0.7244,428.83,854,679
sample_0180,MmCows,Behavior_Drinking,datasets/behavior/mmcows/cropped_bboxes/behaviors/6/1690289861_07-57-41_15_4.jpg,FasterRCNN_v2,3,3,detected,544.57,9.11,829.87,516.04,0.6509,428.83,854,679
sample_0180,MmCows,Behavior_Drinking,datasets/behavior/mmcows/cropped_bboxes/behaviors/6/1690289861_07-57-41_15_4.jpg,RT-DETR-L,1,1,detected,27.84,18.08,831.58,676.69,0.9593,95.0,854,679
sample_0181,MmCows,Behavior_Drinking,datasets/behavior/mmcows/cropped_bboxes/behaviors/6/1690305881_12-24-41_6_1.jpg,YOLOv8s,1,2,detected,0.85,5.93,417.89,772.58,0.5769,37.6,432,808
sample_0181,MmCows,Behavior_Drinking,datasets/behavior/mmcows/cropped_bboxes/behaviors/6/1690305881_12-24-41_6_1.jpg,YOLOv8s,2,2,detected,0.0,365.68,422.54,771.75,0.5251,37.6,432,808
sample_0181,MmCows,Behavior_Drinking,datasets/behavior/mmcows/cropped_bboxes/behaviors/6/1690305881_12-24-41_6_1.jpg,FasterRCNN_v2,1,4,detected,0.0,312.61,421.16,769.08,0.957,457.38,432,808
sample_0181,MmCows,Behavior_Drinking,datasets/behavior/mmcows/cropped_bboxes/behaviors/6/1690305881_12-24-41_6_1.jpg,FasterRCNN_v2,2,4,detected,4.44,7.49,347.79,470.85,0.908,457.38,432,808
sample_0181,MmCows,Behavior_Drinking,datasets/behavior/mmcows/cropped_bboxes/behaviors/6/1690305881_12-24-41_6_1.jpg,FasterRCNN_v2,3,4,detected,4.13,436.32,277.69,776.02,0.6147,457.38,432,808
sample_0181,MmCows,Behavior_Drinking,datasets/behavior/mmcows/cropped_bboxes/behaviors/6/1690305881_12-24-41_6_1.jpg,FasterRCNN_v2,4,4,detected,202.47,373.89,428.01,661.78,0.4664,457.38,432,808
sample_0181,MmCows,Behavior_Drinking,datasets/behavior/mmcows/cropped_bboxes/behaviors/6/1690305881_12-24-41_6_1.jpg,RT-DETR-L,1,6,detected,-0.48,365.24,417.2,773.99,0.4473,94.98,432,808
sample_0181,MmCows,Behavior_Drinking,datasets/behavior/mmcows/cropped_bboxes/behaviors/6/1690305881_12-24-41_6_1.jpg,RT-DETR-L,2,6,detected,0.12,432.25,253.74,774.8,0.4348,94.98,432,808
sample_0181,MmCows,Behavior_Drinking,datasets/behavior/mmcows/cropped_bboxes/behaviors/6/1690305881_12-24-41_6_1.jpg,RT-DETR-L,3,6,detected,13.25,0.67,335.01,414.51,0.3818,94.98,432,808
sample_0181,MmCows,Behavior_Drinking,datasets/behavior/mmcows/cropped_bboxes/behaviors/6/1690305881_12-24-41_6_1.jpg,RT-DETR-L,4,6,detected,217.7,369.97,413.42,662.82,0.3551,94.98,432,808
sample_0181,MmCows,Behavior_Drinking,datasets/behavior/mmcows/cropped_bboxes/behaviors/6/1690305881_12-24-41_6_1.jpg,RT-DETR-L,5,6,detected,2.39,4.15,412.47,775.95,0.3457,94.98,432,808
sample_0181,MmCows,Behavior_Drinking,datasets/behavior/mmcows/cropped_bboxes/behaviors/6/1690305881_12-24-41_6_1.jpg,RT-DETR-L,6,6,detected,1.34,3.27,335.6,772.74,0.343,94.98,432,808
sample_0182,MmCows,Behavior_Drinking,datasets/behavior/mmcows/cropped_bboxes/behaviors/6/1690301786_11-16-26_10_3.jpg,YOLOv8s,0,0,no_detection,,,,,,23.39,113,205
sample_0182,MmCows,Behavior_Drinking,datasets/behavior/mmcows/cropped_bboxes/behaviors/6/1690301786_11-16-26_10_3.jpg,FasterRCNN_v2,1,2,detected,0.15,0.0,112.51,202.79,0.9788,455.19,113,205
sample_0182,MmCows,Behavior_Drinking,datasets/behavior/mmcows/cropped_bboxes/behaviors/6/1690301786_11-16-26_10_3.jpg,FasterRCNN_v2,2,2,detected,26.57,3.2,111.53,125.07,0.6353,455.19,113,205
sample_0182,MmCows,Behavior_Drinking,datasets/behavior/mmcows/cropped_bboxes/behaviors/6/1690301786_11-16-26_10_3.jpg,RT-DETR-L,0,0,no_detection,,,,,,94.77,113,205
sample_0183,MmCows,Behavior_Drinking,datasets/behavior/mmcows/cropped_bboxes/behaviors/6/1690274876_03-47-56_15_1.jpg,YOLOv8s,1,1,detected,21.46,5.35,248.94,131.16,0.2762,23.28,357,205
sample_0183,MmCows,Behavior_Drinking,datasets/behavior/mmcows/cropped_bboxes/behaviors/6/1690274876_03-47-56_15_1.jpg,FasterRCNN_v2,1,3,detected,50.85,7.32,349.99,156.81,0.9803,468.35,357,205
sample_0183,MmCows,Behavior_Drinking,datasets/behavior/mmcows/cropped_bboxes/behaviors/6/1690274876_03-47-56_15_1.jpg,FasterRCNN_v2,2,3,detected,16.52,7.03,211.72,146.2,0.7501,468.35,357,205
sample_0183,MmCows,Behavior_Drinking,datasets/behavior/mmcows/cropped_bboxes/behaviors/6/1690274876_03-47-56_15_1.jpg,FasterRCNN_v2,3,3,detected,212.71,21.53,354.58,118.95,0.4387,468.35,357,205
sample_0183,MmCows,Behavior_Drinking,datasets/behavior/mmcows/cropped_bboxes/behaviors/6/1690274876_03-47-56_15_1.jpg,RT-DETR-L,1,4,detected,20.46,5.56,356.54,204.53,0.6159,94.21,357,205
sample_0183,MmCows,Behavior_Drinking,datasets/behavior/mmcows/cropped_bboxes/behaviors/6/1690274876_03-47-56_15_1.jpg,RT-DETR-L,2,4,detected,22.25,5.62,356.59,158.67,0.494,94.21,357,205
sample_0183,MmCows,Behavior_Drinking,datasets/behavior/mmcows/cropped_bboxes/behaviors/6/1690274876_03-47-56_15_1.jpg,RT-DETR-L,3,4,detected,124.78,0.04,280.43,27.77,0.3411,94.21,357,205
sample_0183,MmCows,Behavior_Drinking,datasets/behavior/mmcows/cropped_bboxes/behaviors/6/1690274876_03-47-56_15_1.jpg,RT-DETR-L,4,4,detected,23.35,5.62,354.31,132.62,0.3255,94.21,357,205
sample_0184,MmCows,Behavior_Drinking,datasets/behavior/mmcows/cropped_bboxes/behaviors/6/1690335191_20-33-11_8_2.jpg,YOLOv8s,1,3,detected,0.56,0.1,205.7,255.82,0.7801,29.28,680,644
sample_0184,MmCows,Behavior_Drinking,datasets/behavior/mmcows/cropped_bboxes/behaviors/6/1690335191_20-33-11_8_2.jpg,YOLOv8s,2,3,detected,200.42,6.86,668.25,612.49,0.6557,29.28,680,644
sample_0184,MmCows,Behavior_Drinking,datasets/behavior/mmcows/cropped_bboxes/behaviors/6/1690335191_20-33-11_8_2.jpg,YOLOv8s,3,3,detected,379.34,9.04,661.44,458.64,0.4381,29.28,680,644
sample_0184,MmCows,Behavior_Drinking,datasets/behavior/mmcows/cropped_bboxes/behaviors/6/1690335191_20-33-11_8_2.jpg,FasterRCNN_v2,1,8,detected,4.04,11.64,629.0,641.93,0.9959,389.01,680,644
sample_0184,MmCows,Behavior_Drinking,datasets/behavior/mmcows/cropped_bboxes/behaviors/6/1690335191_20-33-11_8_2.jpg,FasterRCNN_v2,2,8,detected,0.21,0.0,210.66,252.67,0.9917,389.01,680,644
sample_0184,MmCows,Behavior_Drinking,datasets/behavior/mmcows/cropped_bboxes/behaviors/6/1690335191_20-33-11_8_2.jpg,FasterRCNN_v2,3,8,detected,1.31,113.64,361.91,611.84,0.7901,389.01,680,644
sample_0184,MmCows,Behavior_Drinking,datasets/behavior/mmcows/cropped_bboxes/behaviors/6/1690335191_20-33-11_8_2.jpg,FasterRCNN_v2,4,8,detected,0.0,0.0,107.02,233.74,0.7655,389.01,680,644
sample_0184,MmCows,Behavior_Drinking,datasets/behavior/mmcows/cropped_bboxes/behaviors/6/1690335191_20-33-11_8_2.jpg,FasterRCNN_v2,5,8,detected,411.16,3.71,666.67,483.17,0.6888,389.01,680,644
sample_0184,MmCows,Behavior_Drinking,datasets/behavior/mmcows/cropped_bboxes/behaviors/6/1690335191_20-33-11_8_2.jpg,FasterRCNN_v2,6,8,detected,200.66,2.27,438.1,135.71,0.353,389.01,680,644
sample_0184,MmCows,Behavior_Drinking,datasets/behavior/mmcows/cropped_bboxes/behaviors/6/1690335191_20-33-11_8_2.jpg,FasterRCNN_v2,7,8,detected,5.72,58.57,313.19,430.37,0.2868,389.01,680,644
sample_0184,MmCows,Behavior_Drinking,datasets/behavior/mmcows/cropped_bboxes/behaviors/6/1690335191_20-33-11_8_2.jpg,FasterRCNN_v2,8,8,detected,145.81,54.25,447.11,624.96,0.2562,389.01,680,644
sample_0184,MmCows,Behavior_Drinking,datasets/behavior/mmcows/cropped_bboxes/behaviors/6/1690335191_20-33-11_8_2.jpg,RT-DETR-L,1,8,detected,1.18,8.65,672.76,637.89,0.9499,94.36,680,644
sample_0184,MmCows,Behavior_Drinking,datasets/behavior/mmcows/cropped_bboxes/behaviors/6/1690335191_20-33-11_8_2.jpg,RT-DETR-L,2,8,detected,-0.17,-0.01,206.81,256.11,0.6476,94.36,680,644
sample_0184,MmCows,Behavior_Drinking,datasets/behavior/mmcows/cropped_bboxes/behaviors/6/1690335191_20-33-11_8_2.jpg,RT-DETR-L,3,8,detected,-0.34,133.26,353.92,505.08,0.396,94.36,680,644
sample_0184,MmCows,Behavior_Drinking,datasets/behavior/mmcows/cropped_bboxes/behaviors/6/1690335191_20-33-11_8_2.jpg,RT-DETR-L,4,8,detected,500.72,1.8,680.03,135.88,0.3457,94.36,680,644
sample_0184,MmCows,Behavior_Drinking,datasets/behavior/mmcows/cropped_bboxes/behaviors/6/1690335191_20-33-11_8_2.jpg,RT-DETR-L,5,8,detected,0.77,132.32,368.94,625.33,0.298,94.36,680,644
sample_0184,MmCows,Behavior_Drinking,datasets/behavior/mmcows/cropped_bboxes/behaviors/6/1690335191_20-33-11_8_2.jpg,RT-DETR-L,6,8,detected,414.13,0.55,680.04,138.14,0.2529,94.36,680,644
sample_0184,MmCows,Behavior_Drinking,datasets/behavior/mmcows/cropped_bboxes/behaviors/6/1690335191_20-33-11_8_2.jpg,RT-DETR-L,7,8,detected,-0.09,0.06,209.36,501.76,0.2514,94.36,680,644
sample_0184,MmCows,Behavior_Drinking,datasets/behavior/mmcows/cropped_bboxes/behaviors/6/1690335191_20-33-11_8_2.jpg,RT-DETR-L,8,8,detected,615.97,21.43,680.03,135.11,0.2509,94.36,680,644
sample_0185,MmCows,Behavior_Drinking,datasets/behavior/mmcows/cropped_bboxes/behaviors/6/1690303901_11-51-41_3_1.jpg,YOLOv8s,1,3,detected,116.06,88.31,418.46,654.31,0.5962,24.73,540,691
sample_0185,MmCows,Behavior_Drinking,datasets/behavior/mmcows/cropped_bboxes/behaviors/6/1690303901_11-51-41_3_1.jpg,YOLOv8s,2,3,detected,4.6,13.92,280.52,517.63,0.3903,24.73,540,691
sample_0185,MmCows,Behavior_Drinking,datasets/behavior/mmcows/cropped_bboxes/behaviors/6/1690303901_11-51-41_3_1.jpg,YOLOv8s,3,3,detected,311.29,380.42,538.65,689.79,0.2783,24.73,540,691
sample_0185,MmCows,Behavior_Drinking,datasets/behavior/mmcows/cropped_bboxes/behaviors/6/1690303901_11-51-41_3_1.jpg,FasterRCNN_v2,1,2,detected,1.07,3.57,438.84,685.05,0.9751,411.06,540,691
sample_0185,MmCows,Behavior_Drinking,datasets/behavior/mmcows/cropped_bboxes/behaviors/6/1690303901_11-51-41_3_1.jpg,FasterRCNN_v2,2,2,detected,3.01,0.0,213.14,582.87,0.328,411.06,540,691
sample_0185,MmCows,Behavior_Drinking,datasets/behavior/mmcows/cropped_bboxes/behaviors/6/1690303901_11-51-41_3_1.jpg,RT-DETR-L,1,3,detected,4.57,16.9,415.95,672.13,0.9454,95.15,540,691
sample_0185,MmCows,Behavior_Drinking,datasets/behavior/mmcows/cropped_bboxes/behaviors/6/1690303901_11-51-41_3_1.jpg,RT-DETR-L,2,3,detected,310.8,379.07,540.08,690.98,0.6068,95.15,540,691
sample_0185,MmCows,Behavior_Drinking,datasets/behavior/mmcows/cropped_bboxes/behaviors/6/1690303901_11-51-41_3_1.jpg,RT-DETR-L,3,3,detected,187.95,378.37,539.77,691.31,0.2702,95.15,540,691
sample_0186,MmCows,Behavior_Drinking,datasets/behavior/mmcows/cropped_bboxes/behaviors/6/1690326401_18-06-41_3_3.jpg,YOLOv8s,1,1,detected,3.69,23.54,1128.95,596.3,0.8735,23.76,1150,609
sample_0186,MmCows,Behavior_Drinking,datasets/behavior/mmcows/cropped_bboxes/behaviors/6/1690326401_18-06-41_3_3.jpg,FasterRCNN_v2,1,3,detected,36.37,14.22,1123.63,599.14,0.9992,487.33,1150,609
sample_0186,MmCows,Behavior_Drinking,datasets/behavior/mmcows/cropped_bboxes/behaviors/6/1690326401_18-06-41_3_3.jpg,FasterRCNN_v2,2,3,detected,622.15,40.67,1136.93,454.56,0.7983,487.33,1150,609
sample_0186,MmCows,Behavior_Drinking,datasets/behavior/mmcows/cropped_bboxes/behaviors/6/1690326401_18-06-41_3_3.jpg,FasterRCNN_v2,3,3,detected,0.0,16.63,616.17,397.05,0.2984,487.33,1150,609
sample_0186,MmCows,Behavior_Drinking,datasets/behavior/mmcows/cropped_bboxes/behaviors/6/1690326401_18-06-41_3_3.jpg,RT-DETR-L,1,1,detected,1.15,23.24,1139.17,608.13,0.9725,94.46,1150,609
sample_0187,MmCows,Behavior_Drinking,datasets/behavior/mmcows/cropped_bboxes/behaviors/6/1690309946_13-32-26_12_2.jpg,YOLOv8s,0,0,no_detection,,,,,,26.87,226,282
sample_0187,MmCows,Behavior_Drinking,datasets/behavior/mmcows/cropped_bboxes/behaviors/6/1690309946_13-32-26_12_2.jpg,FasterRCNN_v2,1,3,detected,4.74,8.63,217.26,277.9,0.4793,414.78,226,282
sample_0187,MmCows,Behavior_Drinking,datasets/behavior/mmcows/cropped_bboxes/behaviors/6/1690309946_13-32-26_12_2.jpg,FasterRCNN_v2,2,3,detected,0.82,87.22,80.11,278.8,0.3152,414.78,226,282
sample_0187,MmCows,Behavior_Drinking,datasets/behavior/mmcows/cropped_bboxes/behaviors/6/1690309946_13-32-26_12_2.jpg,FasterRCNN_v2,3,3,detected,0.0,36.96,96.54,219.58,0.3152,414.78,226,282
sample_0187,MmCows,Behavior_Drinking,datasets/behavior/mmcows/cropped_bboxes/behaviors/6/1690309946_13-32-26_12_2.jpg,RT-DETR-L,1,3,detected,0.11,-0.03,225.93,281.9,0.3591,94.62,226,282
sample_0187,MmCows,Behavior_Drinking,datasets/behavior/mmcows/cropped_bboxes/behaviors/6/1690309946_13-32-26_12_2.jpg,RT-DETR-L,2,3,detected,28.5,0.25,224.32,281.43,0.2714,94.62,226,282
sample_0187,MmCows,Behavior_Drinking,datasets/behavior/mmcows/cropped_bboxes/behaviors/6/1690309946_13-32-26_12_2.jpg,RT-DETR-L,3,3,detected,-0.03,0.18,225.77,207.23,0.2682,94.62,226,282
sample_0188,MmCows,Behavior_Drinking,datasets/behavior/mmcows/cropped_bboxes/behaviors/6/1690280081_05-14-41_8_2.jpg,YOLOv8s,1,2,detected,23.93,10.45,871.13,685.3,0.8273,26.65,873,700
sample_0188,MmCows,Behavior_Drinking,datasets/behavior/mmcows/cropped_bboxes/behaviors/6/1690280081_05-14-41_8_2.jpg,YOLOv8s,2,2,detected,2.8,1.38,582.94,343.55,0.4118,26.65,873,700
sample_0188,MmCows,Behavior_Drinking,datasets/behavior/mmcows/cropped_bboxes/behaviors/6/1690280081_05-14-41_8_2.jpg,FasterRCNN_v2,1,5,detected,0.0,6.4,818.9,700.0,0.9994,424.45,873,700
sample_0188,MmCows,Behavior_Drinking,datasets/behavior/mmcows/cropped_bboxes/behaviors/6/1690280081_05-14-41_8_2.jpg,FasterRCNN_v2,2,5,detected,3.72,0.0,591.72,478.36,0.9106,424.45,873,700
sample_0188,MmCows,Behavior_Drinking,datasets/behavior/mmcows/cropped_bboxes/behaviors/6/1690280081_05-14-41_8_2.jpg,FasterRCNN_v2,3,5,detected,320.6,21.34,871.3,572.46,0.745,424.45,873,700
sample_0188,MmCows,Behavior_Drinking,datasets/behavior/mmcows/cropped_bboxes/behaviors/6/1690280081_05-14-41_8_2.jpg,FasterRCNN_v2,4,5,detected,576.17,9.86,858.69,539.34,0.2879,424.45,873,700
sample_0188,MmCows,Behavior_Drinking,datasets/behavior/mmcows/cropped_bboxes/behaviors/6/1690280081_05-14-41_8_2.jpg,FasterRCNN_v2,5,5,detected,0.06,180.29,47.11,412.05,0.2837,424.45,873,700
sample_0188,MmCows,Behavior_Drinking,datasets/behavior/mmcows/cropped_bboxes/behaviors/6/1690280081_05-14-41_8_2.jpg,RT-DETR-L,1,7,detected,3.33,4.28,870.62,698.42,0.9507,94.29,873,700
sample_0188,MmCows,Behavior_Drinking,datasets/behavior/mmcows/cropped_bboxes/behaviors/6/1690280081_05-14-41_8_2.jpg,RT-DETR-L,2,7,detected,-0.68,0.31,592.78,430.53,0.4009,94.29,873,700
sample_0188,MmCows,Behavior_Drinking,datasets/behavior/mmcows/cropped_bboxes/behaviors/6/1690280081_05-14-41_8_2.jpg,RT-DETR-L,3,7,detected,670.21,0.49,872.62,136.82,0.3209,94.29,873,700
sample_0188,MmCows,Behavior_Drinking,datasets/behavior/mmcows/cropped_bboxes/behaviors/6/1690280081_05-14-41_8_2.jpg,RT-DETR-L,4,7,detected,-0.01,1.28,592.83,512.34,0.3117,94.29,873,700
sample_0188,MmCows,Behavior_Drinking,datasets/behavior/mmcows/cropped_bboxes/behaviors/6/1690280081_05-14-41_8_2.jpg,RT-DETR-L,5,7,detected,0.56,1.21,590.71,522.62,0.2865,94.29,873,700
sample_0188,MmCows,Behavior_Drinking,datasets/behavior/mmcows/cropped_bboxes/behaviors/6/1690280081_05-14-41_8_2.jpg,RT-DETR-L,6,7,detected,668.87,1.17,872.1,274.98,0.2841,94.29,873,700
sample_0188,MmCows,Behavior_Drinking,datasets/behavior/mmcows/cropped_bboxes/behaviors/6/1690280081_05-14-41_8_2.jpg,RT-DETR-L,7,7,detected,539.55,2.17,871.28,548.32,0.2667,94.29,873,700
sample_0189,MmCows,Behavior_Drinking,datasets/behavior/mmcows/cropped_bboxes/behaviors/6/1690327586_18-26-26_15_2.jpg,YOLOv8s,1,1,detected,0.1,29.42,165.79,174.36,0.3054,38.69,168,175
sample_0189,MmCows,Behavior_Drinking,datasets/behavior/mmcows/cropped_bboxes/behaviors/6/1690327586_18-26-26_15_2.jpg,FasterRCNN_v2,1,1,detected,0.0,0.0,168.0,173.74,0.414,381.96,168,175
sample_0189,MmCows,Behavior_Drinking,datasets/behavior/mmcows/cropped_bboxes/behaviors/6/1690327586_18-26-26_15_2.jpg,RT-DETR-L,0,0,no_detection,,,,,,93.64,168,175
sample_0190,MmCows,Behavior_Licking,datasets/behavior/mmcows/cropped_bboxes/behaviors/5/1690342541_22-35-41_11_4.jpg,YOLOv8s,0,0,no_detection,,,,,,17.71,290,102
sample_0190,MmCows,Behavior_Licking,datasets/behavior/mmcows/cropped_bboxes/behaviors/5/1690342541_22-35-41_11_4.jpg,FasterRCNN_v2,0,0,no_detection,,,,,,383.94,290,102
sample_0190,MmCows,Behavior_Licking,datasets/behavior/mmcows/cropped_bboxes/behaviors/5/1690342541_22-35-41_11_4.jpg,RT-DETR-L,1,1,detected,10.31,21.98,287.74,101.77,0.3066,93.88,290,102
sample_0191,MmCows,Behavior_Licking,datasets/behavior/mmcows/cropped_bboxes/behaviors/5/1690282391_05-53-11_7_3.jpg,YOLOv8s,1,1,detected,41.83,14.11,1025.9,1372.0,0.8862,23.94,1030,1372
sample_0191,MmCows,Behavior_Licking,datasets/behavior/mmcows/cropped_bboxes/behaviors/5/1690282391_05-53-11_7_3.jpg,FasterRCNN_v2,1,2,detected,121.71,22.38,1025.16,1097.46,0.9895,462.42,1030,1372
sample_0191,MmCows,Behavior_Licking,datasets/behavior/mmcows/cropped_bboxes/behaviors/5/1690282391_05-53-11_7_3.jpg,FasterRCNN_v2,2,2,detected,827.78,22.41,1025.92,955.21,0.3611,462.42,1030,1372
sample_0191,MmCows,Behavior_Licking,datasets/behavior/mmcows/cropped_bboxes/behaviors/5/1690282391_05-53-11_7_3.jpg,RT-DETR-L,1,1,detected,68.54,19.53,1027.25,1370.32,0.9275,94.72,1030,1372
sample_0192,MmCows,Behavior_Licking,datasets/behavior/mmcows/cropped_bboxes/behaviors/5/1690281881_05-44-41_7_2.jpg,YOLOv8s,1,2,detected,269.81,57.4,555.54,407.57,0.3432,27.53,557,450
sample_0192,MmCows,Behavior_Licking,datasets/behavior/mmcows/cropped_bboxes/behaviors/5/1690281881_05-44-41_7_2.jpg,YOLOv8s,2,2,detected,35.89,31.23,555.06,440.47,0.3336,27.53,557,450
sample_0192,MmCows,Behavior_Licking,datasets/behavior/mmcows/cropped_bboxes/behaviors/5/1690281881_05-44-41_7_2.jpg,FasterRCNN_v2,1,2,detected,21.85,0.0,549.38,429.45,0.9676,408.96,557,450
sample_0192,MmCows,Behavior_Licking,datasets/behavior/mmcows/cropped_bboxes/behaviors/5/1690281881_05-44-41_7_2.jpg,FasterRCNN_v2,2,2,detected,248.21,55.5,546.29,405.23,0.3378,408.96,557,450
sample_0192,MmCows,Behavior_Licking,datasets/behavior/mmcows/cropped_bboxes/behaviors/5/1690281881_05-44-41_7_2.jpg,RT-DETR-L,1,5,detected,31.89,26.47,553.56,425.7,0.8486,95.16,557,450
sample_0192,MmCows,Behavior_Licking,datasets/behavior/mmcows/cropped_bboxes/behaviors/5/1690281881_05-44-41_7_2.jpg,RT-DETR-L,2,5,detected,407.59,0.15,557.18,141.13,0.3465,95.16,557,450
sample_0192,MmCows,Behavior_Licking,datasets/behavior/mmcows/cropped_bboxes/behaviors/5/1690281881_05-44-41_7_2.jpg,RT-DETR-L,3,5,detected,410.8,0.09,556.81,88.38,0.3013,95.16,557,450
sample_0192,MmCows,Behavior_Licking,datasets/behavior/mmcows/cropped_bboxes/behaviors/5/1690281881_05-44-41_7_2.jpg,RT-DETR-L,4,5,detected,-0.29,0.54,114.47,223.57,0.2868,95.16,557,450
sample_0192,MmCows,Behavior_Licking,datasets/behavior/mmcows/cropped_bboxes/behaviors/5/1690281881_05-44-41_7_2.jpg,RT-DETR-L,5,5,detected,274.25,51.76,554.49,408.62,0.2778,95.16,557,450
sample_0193,MmCows,Behavior_Licking,datasets/behavior/mmcows/cropped_bboxes/behaviors/5/1690340261_21-57-41_15_3.jpg,YOLOv8s,1,1,detected,74.04,10.44,388.74,290.8,0.7633,26.58,391,299
sample_0193,MmCows,Behavior_Licking,datasets/behavior/mmcows/cropped_bboxes/behaviors/5/1690340261_21-57-41_15_3.jpg,FasterRCNN_v2,1,1,detected,93.78,6.95,380.99,287.16,0.6323,436.58,391,299
sample_0193,MmCows,Behavior_Licking,datasets/behavior/mmcows/cropped_bboxes/behaviors/5/1690340261_21-57-41_15_3.jpg,RT-DETR-L,1,1,detected,72.49,8.86,391.33,290.32,0.923,94.33,391,299
sample_0194,MmCows,Behavior_Licking,datasets/behavior/mmcows/cropped_bboxes/behaviors/5/1690282031_05-47-11_7_2.jpg,YOLOv8s,1,1,detected,17.98,12.78,538.4,397.51,0.7452,32.5,548,453
sample_0194,MmCows,Behavior_Licking,datasets/behavior/mmcows/cropped_bboxes/behaviors/5/1690282031_05-47-11_7_2.jpg,FasterRCNN_v2,1,2,detected,49.36,2.71,530.3,413.94,0.9949,408.69,548,453
sample_0194,MmCows,Behavior_Licking,datasets/behavior/mmcows/cropped_bboxes/behaviors/5/1690282031_05-47-11_7_2.jpg,FasterRCNN_v2,2,2,detected,260.58,76.32,532.41,390.23,0.9156,408.69,548,453
sample_0194,MmCows,Behavior_Licking,datasets/behavior/mmcows/cropped_bboxes/behaviors/5/1690282031_05-47-11_7_2.jpg,RT-DETR-L,1,5,detected,37.67,25.25,530.83,409.06,0.7832,94.42,548,453
sample_0194,MmCows,Behavior_Licking,datasets/behavior/mmcows/cropped_bboxes/behaviors/5/1690282031_05-47-11_7_2.jpg,RT-DETR-L,2,5,detected,0.8,4.07,292.27,452.2,0.2616,94.42,548,453
sample_0194,MmCows,Behavior_Licking,datasets/behavior/mmcows/cropped_bboxes/behaviors/5/1690282031_05-47-11_7_2.jpg,RT-DETR-L,3,5,detected,0.28,24.48,281.28,450.19,0.2594,94.42,548,453
sample_0194,MmCows,Behavior_Licking,datasets/behavior/mmcows/cropped_bboxes/behaviors/5/1690282031_05-47-11_7_2.jpg,RT-DETR-L,4,5,detected,267.67,56.42,531.04,401.34,0.2556,94.42,548,453
sample_0194,MmCows,Behavior_Licking,datasets/behavior/mmcows/cropped_bboxes/behaviors/5/1690282031_05-47-11_7_2.jpg,RT-DETR-L,5,5,detected,156.41,43.22,533.11,404.57,0.2539,94.42,548,453
sample_0195,MmCows,Behavior_Licking,datasets/behavior/mmcows/cropped_bboxes/behaviors/5/1690282631_05-57-11_7_2.jpg,YOLOv8s,0,0,no_detection,,,,,,26.13,501,424
sample_0195,MmCows,Behavior_Licking,datasets/behavior/mmcows/cropped_bboxes/behaviors/5/1690282631_05-57-11_7_2.jpg,FasterRCNN_v2,1,1,detected,65.83,1.17,499.22,382.23,0.3503,393.83,501,424
sample_0195,MmCows,Behavior_Licking,datasets/behavior/mmcows/cropped_bboxes/behaviors/5/1690282631_05-57-11_7_2.jpg,RT-DETR-L,1,3,detected,0.46,0.52,501.4,424.07,0.4159,94.3,501,424
sample_0195,MmCows,Behavior_Licking,datasets/behavior/mmcows/cropped_bboxes/behaviors/5/1690282631_05-57-11_7_2.jpg,RT-DETR-L,2,3,detected,89.14,4.49,500.88,360.9,0.3279,94.3,501,424
sample_0195,MmCows,Behavior_Licking,datasets/behavior/mmcows/cropped_bboxes/behaviors/5/1690282631_05-57-11_7_2.jpg,RT-DETR-L,3,3,detected,85.56,2.55,500.09,421.08,0.2829,94.3,501,424
sample_0196,MmCows,Behavior_Licking,datasets/behavior/mmcows/cropped_bboxes/behaviors/5/1690328831_18-47-11_7_4.jpg,YOLOv8s,0,0,no_detection,,,,,,26.21,300,83
sample_0196,MmCows,Behavior_Licking,datasets/behavior/mmcows/cropped_bboxes/behaviors/5/1690328831_18-47-11_7_4.jpg,FasterRCNN_v2,1,1,detected,4.62,21.76,246.9,81.97,0.3537,350.04,300,83
sample_0196,MmCows,Behavior_Licking,datasets/behavior/mmcows/cropped_bboxes/behaviors/5/1690328831_18-47-11_7_4.jpg,RT-DETR-L,1,5,detected,0.07,21.17,252.54,82.97,0.4964,94.4,300,83
sample_0196,MmCows,Behavior_Licking,datasets/behavior/mmcows/cropped_bboxes/behaviors/5/1690328831_18-47-11_7_4.jpg,RT-DETR-L,2,5,detected,-0.23,21.12,299.77,83.05,0.3882,94.4,300,83
sample_0196,MmCows,Behavior_Licking,datasets/behavior/mmcows/cropped_bboxes/behaviors/5/1690328831_18-47-11_7_4.jpg,RT-DETR-L,3,5,detected,32.76,22.17,241.31,82.9,0.3544,94.4,300,83
sample_0196,MmCows,Behavior_Licking,datasets/behavior/mmcows/cropped_bboxes/behaviors/5/1690328831_18-47-11_7_4.jpg,RT-DETR-L,4,5,detected,0.01,21.46,96.45,82.91,0.2932,94.4,300,83
sample_0196,MmCows,Behavior_Licking,datasets/behavior/mmcows/cropped_bboxes/behaviors/5/1690328831_18-47-11_7_4.jpg,RT-DETR-L,5,5,detected,0.18,21.76,62.24,82.97,0.2544,94.4,300,83
sample_0197,MmCows,Behavior_Licking,datasets/behavior/mmcows/cropped_bboxes/behaviors/5/1690282016_05-46-56_7_2.jpg,YOLOv8s,1,1,detected,14.78,31.62,532.03,445.0,0.3978,28.85,534,455
sample_0197,MmCows,Behavior_Licking,datasets/behavior/mmcows/cropped_bboxes/behaviors/5/1690282016_05-46-56_7_2.jpg,FasterRCNN_v2,1,2,detected,61.11,5.37,527.99,410.13,0.9819,394.87,534,455
sample_0197,MmCows,Behavior_Licking,datasets/behavior/mmcows/cropped_bboxes/behaviors/5/1690282016_05-46-56_7_2.jpg,FasterRCNN_v2,2,2,detected,244.29,55.79,525.97,388.92,0.6185,394.87,534,455
sample_0197,MmCows,Behavior_Licking,datasets/behavior/mmcows/cropped_bboxes/behaviors/5/1690282016_05-46-56_7_2.jpg,RT-DETR-L,1,8,detected,43.58,23.99,526.24,437.21,0.6486,94.45,534,455
sample_0197,MmCows,Behavior_Licking,datasets/behavior/mmcows/cropped_bboxes/behaviors/5/1690282016_05-46-56_7_2.jpg,RT-DETR-L,2,8,detected,47.97,24.63,527.79,402.85,0.3847,94.45,534,455
sample_0197,MmCows,Behavior_Licking,datasets/behavior/mmcows/cropped_bboxes/behaviors/5/1690282016_05-46-56_7_2.jpg,RT-DETR-L,3,8,detected,0.21,19.5,289.6,454.64,0.3085,94.45,534,455
sample_0197,MmCows,Behavior_Licking,datasets/behavior/mmcows/cropped_bboxes/behaviors/5/1690282016_05-46-56_7_2.jpg,RT-DETR-L,4,8,detected,144.04,0.18,527.37,401.83,0.3007,94.45,534,455
sample_0197,MmCows,Behavior_Licking,datasets/behavior/mmcows/cropped_bboxes/behaviors/5/1690282016_05-46-56_7_2.jpg,RT-DETR-L,5,8,detected,153.25,24.58,528.83,401.61,0.2893,94.45,534,455
sample_0197,MmCows,Behavior_Licking,datasets/behavior/mmcows/cropped_bboxes/behaviors/5/1690282016_05-46-56_7_2.jpg,RT-DETR-L,6,8,detected,39.34,27.8,323.13,452.96,0.2828,94.45,534,455
sample_0197,MmCows,Behavior_Licking,datasets/behavior/mmcows/cropped_bboxes/behaviors/5/1690282016_05-46-56_7_2.jpg,RT-DETR-L,7,8,detected,296.1,55.36,527.51,400.36,0.2706,94.45,534,455
sample_0197,MmCows,Behavior_Licking,datasets/behavior/mmcows/cropped_bboxes/behaviors/5/1690282016_05-46-56_7_2.jpg,RT-DETR-L,8,8,detected,0.47,2.58,286.92,454.02,0.2653,94.45,534,455
sample_0198,MmCows,Behavior_Licking,datasets/behavior/mmcows/cropped_bboxes/behaviors/5/1690282796_05-59-56_7_1.jpg,YOLOv8s,0,0,no_detection,,,,,,23.68,275,204
sample_0198,MmCows,Behavior_Licking,datasets/behavior/mmcows/cropped_bboxes/behaviors/5/1690282796_05-59-56_7_1.jpg,FasterRCNN_v2,1,2,detected,64.77,10.83,230.55,197.2,0.9581,437.12,275,204
sample_0198,MmCows,Behavior_Licking,datasets/behavior/mmcows/cropped_bboxes/behaviors/5/1690282796_05-59-56_7_1.jpg,FasterRCNN_v2,2,2,detected,56.58,74.34,188.6,189.41,0.6909,437.12,275,204
sample_0198,MmCows,Behavior_Licking,datasets/behavior/mmcows/cropped_bboxes/behaviors/5/1690282796_05-59-56_7_1.jpg,RT-DETR-L,1,3,detected,14.77,10.39,227.95,197.02,0.6802,94.57,275,204
sample_0198,MmCows,Behavior_Licking,datasets/behavior/mmcows/cropped_bboxes/behaviors/5/1690282796_05-59-56_7_1.jpg,RT-DETR-L,2,3,detected,73.4,15.03,213.38,196.45,0.2665,94.57,275,204
sample_0198,MmCows,Behavior_Licking,datasets/behavior/mmcows/cropped_bboxes/behaviors/5/1690282796_05-59-56_7_1.jpg,RT-DETR-L,3,3,detected,15.45,12.06,124.46,162.98,0.2655,94.57,275,204
sample_0199,MmCows,Behavior_Licking,datasets/behavior/mmcows/cropped_bboxes/behaviors/5/1690282406_05-53-26_7_3.jpg,YOLOv8s,1,1,detected,60.5,9.45,1021.61,1353.06,0.8812,23.82,1024,1374
sample_0199,MmCows,Behavior_Licking,datasets/behavior/mmcows/cropped_bboxes/behaviors/5/1690282406_05-53-26_7_3.jpg,FasterRCNN_v2,1,2,detected,115.37,50.43,1012.29,1090.86,0.9608,461.86,1024,1374
sample_0199,MmCows,Behavior_Licking,datasets/behavior/mmcows/cropped_bboxes/behaviors/5/1690282406_05-53-26_7_3.jpg,FasterRCNN_v2,2,2,detected,778.69,17.37,1016.15,720.73,0.7353,461.86,1024,1374
sample_0199,MmCows,Behavior_Licking,datasets/behavior/mmcows/cropped_bboxes/behaviors/5/1690282406_05-53-26_7_3.jpg,RT-DETR-L,1,1,detected,85.17,10.59,1022.7,1370.84,0.9355,94.48,1024,1374
sample_0200,MmCows,Behavior_Licking,datasets/behavior/mmcows/cropped_bboxes/behaviors/5/1690314896_14-54-56_15_1.jpg,YOLOv8s,1,5,detected,50.25,210.03,560.8,523.17,0.7922,28.18,984,528
sample_0200,MmCows,Behavior_Licking,datasets/behavior/mmcows/cropped_bboxes/behaviors/5/1690314896_14-54-56_15_1.jpg,YOLOv8s,2,5,detected,331.92,2.66,728.29,174.76,0.6569,28.18,984,528
sample_0200,MmCows,Behavior_Licking,datasets/behavior/mmcows/cropped_bboxes/behaviors/5/1690314896_14-54-56_15_1.jpg,YOLOv8s,3,5,detected,100.38,55.81,849.47,521.55,0.5054,28.18,984,528
sample_0200,MmCows,Behavior_Licking,datasets/behavior/mmcows/cropped_bboxes/behaviors/5/1690314896_14-54-56_15_1.jpg,YOLOv8s,4,5,detected,92.05,26.04,595.88,222.8,0.3683,28.18,984,528
sample_0200,MmCows,Behavior_Licking,datasets/behavior/mmcows/cropped_bboxes/behaviors/5/1690314896_14-54-56_15_1.jpg,YOLOv8s,5,5,detected,256.29,68.8,596.1,225.23,0.2736,28.18,984,528
sample_0200,MmCows,Behavior_Licking,datasets/behavior/mmcows/cropped_bboxes/behaviors/5/1690314896_14-54-56_15_1.jpg,FasterRCNN_v2,1,6,detected,37.27,165.42,853.81,516.94,0.9882,482.99,984,528
sample_0200,MmCows,Behavior_Licking,datasets/behavior/mmcows/cropped_bboxes/behaviors/5/1690314896_14-54-56_15_1.jpg,FasterRCNN_v2,2,6,detected,47.81,201.95,467.35,518.43,0.6911,482.99,984,528
sample_0200,MmCows,Behavior_Licking,datasets/behavior/mmcows/cropped_bboxes/behaviors/5/1690314896_14-54-56_15_1.jpg,FasterRCNN_v2,3,6,detected,254.13,59.36,835.1,458.8,0.6351,482.99,984,528
sample_0200,MmCows,Behavior_Licking,datasets/behavior/mmcows/cropped_bboxes/behaviors/5/1690314896_14-54-56_15_1.jpg,FasterRCNN_v2,4,6,detected,312.42,1.09,725.46,176.26,0.5187,482.99,984,528
sample_0200,MmCows,Behavior_Licking,datasets/behavior/mmcows/cropped_bboxes/behaviors/5/1690314896_14-54-56_15_1.jpg,FasterRCNN_v2,5,6,detected,29.82,20.18,416.06,215.25,0.3822,482.99,984,528
sample_0200,MmCows,Behavior_Licking,datasets/behavior/mmcows/cropped_bboxes/behaviors/5/1690314896_14-54-56_15_1.jpg,FasterRCNN_v2,6,6,detected,10.35,12.49,348.52,510.92,0.2702,482.99,984,528
sample_0200,MmCows,Behavior_Licking,datasets/behavior/mmcows/cropped_bboxes/behaviors/5/1690314896_14-54-56_15_1.jpg,RT-DETR-L,1,6,detected,0.06,103.59,909.67,527.59,0.8474,95.5,984,528
sample_0200,MmCows,Behavior_Licking,datasets/behavior/mmcows/cropped_bboxes/behaviors/5/1690314896_14-54-56_15_1.jpg,RT-DETR-L,2,6,detected,328.42,0.36,733.35,176.48,0.4931,95.5,984,528
sample_0200,MmCows,Behavior_Licking,datasets/behavior/mmcows/cropped_bboxes/behaviors/5/1690314896_14-54-56_15_1.jpg,RT-DETR-L,3,6,detected,94.88,-0.09,735.84,218.13,0.4105,95.5,984,528
sample_0200,MmCows,Behavior_Licking,datasets/behavior/mmcows/cropped_bboxes/behaviors/5/1690314896_14-54-56_15_1.jpg,RT-DETR-L,4,6,detected,264.03,105.68,910.46,526.73,0.3784,95.5,984,528
sample_0200,MmCows,Behavior_Licking,datasets/behavior/mmcows/cropped_bboxes/behaviors/5/1690314896_14-54-56_15_1.jpg,RT-DETR-L,5,6,detected,120.19,-0.17,732.42,178.49,0.3229,95.5,984,528
sample_0200,MmCows,Behavior_Licking,datasets/behavior/mmcows/cropped_bboxes/behaviors/5/1690314896_14-54-56_15_1.jpg,RT-DETR-L,6,6,detected,0.15,210.2,555.0,528.19,0.3022,95.5,984,528
sample_0201,SideViewCows2026,ReID_parlor,datasets/id/external/sideviewcows2026/parlor/images/503/503_0130.jpg,YOLOv8s,1,1,detected,15.63,13.5,715.89,471.4,0.9007,22.41,720,493
sample_0201,SideViewCows2026,ReID_parlor,datasets/id/external/sideviewcows2026/parlor/images/503/503_0130.jpg,FasterRCNN_v2,1,5,detected,8.26,10.36,662.8,493.0,0.9992,474.11,720,493
sample_0201,SideViewCows2026,ReID_parlor,datasets/id/external/sideviewcows2026/parlor/images/503/503_0130.jpg,FasterRCNN_v2,2,5,detected,476.04,49.78,677.63,361.26,0.8508,474.11,720,493
sample_0201,SideViewCows2026,ReID_parlor,datasets/id/external/sideviewcows2026/parlor/images/503/503_0130.jpg,FasterRCNN_v2,3,5,detected,317.68,40.25,681.98,460.19,0.6734,474.11,720,493
sample_0201,SideViewCows2026,ReID_parlor,datasets/id/external/sideviewcows2026/parlor/images/503/503_0130.jpg,FasterRCNN_v2,4,5,detected,4.57,0.0,278.25,485.5,0.5424,474.11,720,493
sample_0201,SideViewCows2026,ReID_parlor,datasets/id/external/sideviewcows2026/parlor/images/503/503_0130.jpg,FasterRCNN_v2,5,5,detected,599.04,128.44,720.0,382.61,0.3477,474.11,720,493
sample_0201,SideViewCows2026,ReID_parlor,datasets/id/external/sideviewcows2026/parlor/images/503/503_0130.jpg,RT-DETR-L,1,3,detected,0.3,11.97,689.68,491.61,0.9544,94.25,720,493
sample_0201,SideViewCows2026,ReID_parlor,datasets/id/external/sideviewcows2026/parlor/images/503/503_0130.jpg,RT-DETR-L,2,3,detected,-0.08,23.71,92.77,411.6,0.3512,94.25,720,493
sample_0201,SideViewCows2026,ReID_parlor,datasets/id/external/sideviewcows2026/parlor/images/503/503_0130.jpg,RT-DETR-L,3,3,detected,614.55,211.96,719.76,385.38,0.2844,94.25,720,493
sample_0202,SideViewCows2026,ReID_parlor,datasets/id/external/sideviewcows2026/parlor/images/962/962_0113.jpg,YOLOv8s,1,1,detected,0.05,11.56,823.0,486.13,0.9497,22.22,823,495
sample_0202,SideViewCows2026,ReID_parlor,datasets/id/external/sideviewcows2026/parlor/images/962/962_0113.jpg,FasterRCNN_v2,1,3,detected,2.44,11.59,721.74,495.0,0.9979,507.82,823,495
sample_0202,SideViewCows2026,ReID_parlor,datasets/id/external/sideviewcows2026/parlor/images/962/962_0113.jpg,FasterRCNN_v2,2,3,detected,397.82,29.14,811.54,483.16,0.4442,507.82,823,495
sample_0202,SideViewCows2026,ReID_parlor,datasets/id/external/sideviewcows2026/parlor/images/962/962_0113.jpg,FasterRCNN_v2,3,3,detected,566.67,69.35,815.0,340.6,0.3293,507.82,823,495
sample_0202,SideViewCows2026,ReID_parlor,datasets/id/external/sideviewcows2026/parlor/images/962/962_0113.jpg,RT-DETR-L,1,6,detected,-1.0,8.53,819.32,494.51,0.9768,94.57,823,495
sample_0202,SideViewCows2026,ReID_parlor,datasets/id/external/sideviewcows2026/parlor/images/962/962_0113.jpg,RT-DETR-L,2,6,detected,568.57,296.04,823.5,494.88,0.4073,94.57,823,495
sample_0202,SideViewCows2026,ReID_parlor,datasets/id/external/sideviewcows2026/parlor/images/962/962_0113.jpg,RT-DETR-L,3,6,detected,52.53,0.18,134.65,51.66,0.3604,94.57,823,495
sample_0202,SideViewCows2026,ReID_parlor,datasets/id/external/sideviewcows2026/parlor/images/962/962_0113.jpg,RT-DETR-L,4,6,detected,533.17,-0.56,749.94,109.9,0.2944,94.57,823,495
sample_0202,SideViewCows2026,ReID_parlor,datasets/id/external/sideviewcows2026/parlor/images/962/962_0113.jpg,RT-DETR-L,5,6,detected,532.69,0.01,822.21,274.13,0.2762,94.57,823,495
sample_0202,SideViewCows2026,ReID_parlor,datasets/id/external/sideviewcows2026/parlor/images/962/962_0113.jpg,RT-DETR-L,6,6,detected,533.68,-0.44,823.11,137.9,0.2672,94.57,823,495
sample_0203,SideViewCows2026,ReID_parlor,datasets/id/external/sideviewcows2026/parlor/images/733/733_0514.jpg,YOLOv8s,1,2,detected,2.69,26.92,576.41,538.59,0.9192,29.05,657,550
sample_0203,SideViewCows2026,ReID_parlor,datasets/id/external/sideviewcows2026/parlor/images/733/733_0514.jpg,YOLOv8s,2,2,detected,258.25,13.59,622.39,443.72,0.3251,29.05,657,550
sample_0203,SideViewCows2026,ReID_parlor,datasets/id/external/sideviewcows2026/parlor/images/733/733_0514.jpg,FasterRCNN_v2,1,5,detected,5.86,14.81,599.25,550.0,0.9993,425.44,657,550
sample_0203,SideViewCows2026,ReID_parlor,datasets/id/external/sideviewcows2026/parlor/images/733/733_0514.jpg,FasterRCNN_v2,2,5,detected,510.73,54.27,641.92,409.91,0.4034,425.44,657,550
sample_0203,SideViewCows2026,ReID_parlor,datasets/id/external/sideviewcows2026/parlor/images/733/733_0514.jpg,FasterRCNN_v2,3,5,detected,202.27,13.63,647.18,435.97,0.3582,425.44,657,550
sample_0203,SideViewCows2026,ReID_parlor,datasets/id/external/sideviewcows2026/parlor/images/733/733_0514.jpg,FasterRCNN_v2,4,5,detected,560.99,43.27,656.14,284.58,0.2856,425.44,657,550
sample_0203,SideViewCows2026,ReID_parlor,datasets/id/external/sideviewcows2026/parlor/images/733/733_0514.jpg,FasterRCNN_v2,5,5,detected,2.29,29.79,42.87,117.32,0.2629,425.44,657,550
sample_0203,SideViewCows2026,ReID_parlor,datasets/id/external/sideviewcows2026/parlor/images/733/733_0514.jpg,RT-DETR-L,1,6,detected,-0.51,17.54,624.72,548.12,0.9672,94.15,657,550
sample_0203,SideViewCows2026,ReID_parlor,datasets/id/external/sideviewcows2026/parlor/images/733/733_0514.jpg,RT-DETR-L,2,6,detected,513.6,41.42,657.3,422.27,0.3947,94.15,657,550
sample_0203,SideViewCows2026,ReID_parlor,datasets/id/external/sideviewcows2026/parlor/images/733/733_0514.jpg,RT-DETR-L,3,6,detected,0.04,-0.21,260.87,121.06,0.3436,94.15,657,550
sample_0203,SideViewCows2026,ReID_parlor,datasets/id/external/sideviewcows2026/parlor/images/733/733_0514.jpg,RT-DETR-L,4,6,detected,568.5,42.74,657.16,252.16,0.3291,94.15,657,550
sample_0203,SideViewCows2026,ReID_parlor,datasets/id/external/sideviewcows2026/parlor/images/733/733_0514.jpg,RT-DETR-L,5,6,detected,45.12,0.17,260.85,84.73,0.2941,94.15,657,550
sample_0203,SideViewCows2026,ReID_parlor,datasets/id/external/sideviewcows2026/parlor/images/733/733_0514.jpg,RT-DETR-L,6,6,detected,568.12,43.13,657.27,328.04,0.2673,94.15,657,550
sample_0204,SideViewCows2026,ReID_parlor,datasets/id/external/sideviewcows2026/parlor/images/871/871_0057.jpg,YOLOv8s,1,2,detected,7.01,13.16,581.01,499.74,0.7719,22.58,784,507
sample_0204,SideViewCows2026,ReID_parlor,datasets/id/external/sideviewcows2026/parlor/images/871/871_0057.jpg,YOLOv8s,2,2,detected,0.31,0.0,51.73,172.01,0.3551,22.58,784,507
sample_0204,SideViewCows2026,ReID_parlor,datasets/id/external/sideviewcows2026/parlor/images/871/871_0057.jpg,FasterRCNN_v2,1,2,detected,27.95,13.15,777.29,504.31,0.9978,486.72,784,507
sample_0204,SideViewCows2026,ReID_parlor,datasets/id/external/sideviewcows2026/parlor/images/871/871_0057.jpg,FasterRCNN_v2,2,2,detected,446.56,63.88,776.35,483.05,0.4751,486.72,784,507
sample_0204,SideViewCows2026,ReID_parlor,datasets/id/external/sideviewcows2026/parlor/images/871/871_0057.jpg,RT-DETR-L,1,6,detected,36.16,34.51,741.1,505.23,0.9211,94.26,784,507
sample_0204,SideViewCows2026,ReID_parlor,datasets/id/external/sideviewcows2026/parlor/images/871/871_0057.jpg,RT-DETR-L,2,6,detected,-0.01,0.39,49.9,171.07,0.3883,94.26,784,507
sample_0204,SideViewCows2026,ReID_parlor,datasets/id/external/sideviewcows2026/parlor/images/871/871_0057.jpg,RT-DETR-L,3,6,detected,0.03,348.43,133.39,506.91,0.3857,94.26,784,507
sample_0204,SideViewCows2026,ReID_parlor,datasets/id/external/sideviewcows2026/parlor/images/871/871_0057.jpg,RT-DETR-L,4,6,detected,708.24,125.67,784.0,329.86,0.2871,94.26,784,507
sample_0204,SideViewCows2026,ReID_parlor,datasets/id/external/sideviewcows2026/parlor/images/871/871_0057.jpg,RT-DETR-L,5,6,detected,485.0,57.13,784.51,474.1,0.2837,94.26,784,507
sample_0204,SideViewCows2026,ReID_parlor,datasets/id/external/sideviewcows2026/parlor/images/871/871_0057.jpg,RT-DETR-L,6,6,detected,731.57,230.8,784.19,328.99,0.2548,94.26,784,507
sample_0205,SideViewCows2026,ReID_parlor,datasets/id/external/sideviewcows2026/parlor/images/442/442_0333.jpg,YOLOv8s,1,2,detected,18.66,12.59,763.94,575.35,0.9061,25.72,787,592
sample_0205,SideViewCows2026,ReID_parlor,datasets/id/external/sideviewcows2026/parlor/images/442/442_0333.jpg,YOLOv8s,2,2,detected,0.43,266.11,240.21,548.43,0.2621,25.72,787,592
sample_0205,SideViewCows2026,ReID_parlor,datasets/id/external/sideviewcows2026/parlor/images/442/442_0333.jpg,FasterRCNN_v2,1,4,detected,29.17,11.89,740.35,576.8,0.9985,455.55,787,592
sample_0205,SideViewCows2026,ReID_parlor,datasets/id/external/sideviewcows2026/parlor/images/442/442_0333.jpg,FasterRCNN_v2,2,4,detected,0.0,285.26,255.3,558.69,0.9666,455.55,787,592
sample_0205,SideViewCows2026,ReID_parlor,datasets/id/external/sideviewcows2026/parlor/images/442/442_0333.jpg,FasterRCNN_v2,3,4,detected,10.58,1.13,185.43,127.05,0.9327,455.55,787,592
sample_0205,SideViewCows2026,ReID_parlor,datasets/id/external/sideviewcows2026/parlor/images/442/442_0333.jpg,FasterRCNN_v2,4,4,detected,19.0,88.4,436.34,564.21,0.6821,455.55,787,592
sample_0205,SideViewCows2026,ReID_parlor,datasets/id/external/sideviewcows2026/parlor/images/442/442_0333.jpg,RT-DETR-L,1,5,detected,37.61,13.88,788.07,567.4,0.9721,94.15,787,592
sample_0205,SideViewCows2026,ReID_parlor,datasets/id/external/sideviewcows2026/parlor/images/442/442_0333.jpg,RT-DETR-L,2,5,detected,0.23,262.12,242.56,554.81,0.5093,94.15,787,592
sample_0205,SideViewCows2026,ReID_parlor,datasets/id/external/sideviewcows2026/parlor/images/442/442_0333.jpg,RT-DETR-L,3,5,detected,0.28,0.08,274.58,128.26,0.4174,94.15,787,592
sample_0205,SideViewCows2026,ReID_parlor,datasets/id/external/sideviewcows2026/parlor/images/442/442_0333.jpg,RT-DETR-L,4,5,detected,0.76,0.04,125.45,127.68,0.2766,94.15,787,592
sample_0205,SideViewCows2026,ReID_parlor,datasets/id/external/sideviewcows2026/parlor/images/442/442_0333.jpg,RT-DETR-L,5,5,detected,98.9,0.17,274.25,64.07,0.2644,94.15,787,592
sample_0206,SideViewCows2026,ReID_parlor,datasets/id/external/sideviewcows2026/parlor/images/275/275_0115.jpg,YOLOv8s,0,0,no_detection,,,,,,23.59,619,447
sample_0206,SideViewCows2026,ReID_parlor,datasets/id/external/sideviewcows2026/parlor/images/275/275_0115.jpg,FasterRCNN_v2,1,3,detected,48.26,7.02,578.67,445.71,0.9517,466.31,619,447
sample_0206,SideViewCows2026,ReID_parlor,datasets/id/external/sideviewcows2026/parlor/images/275/275_0115.jpg,FasterRCNN_v2,2,3,detected,13.94,91.61,316.82,440.21,0.2949,466.31,619,447
sample_0206,SideViewCows2026,ReID_parlor,datasets/id/external/sideviewcows2026/parlor/images/275/275_0115.jpg,FasterRCNN_v2,3,3,detected,355.87,13.36,570.9,423.91,0.2695,466.31,619,447
sample_0206,SideViewCows2026,ReID_parlor,datasets/id/external/sideviewcows2026/parlor/images/275/275_0115.jpg,RT-DETR-L,1,5,detected,24.41,10.79,546.1,444.07,0.9224,94.41,619,447
sample_0206,SideViewCows2026,ReID_parlor,datasets/id/external/sideviewcows2026/parlor/images/275/275_0115.jpg,RT-DETR-L,2,5,detected,424.03,31.16,619.31,410.78,0.3408,94.41,619,447
sample_0206,SideViewCows2026,ReID_parlor,datasets/id/external/sideviewcows2026/parlor/images/275/275_0115.jpg,RT-DETR-L,3,5,detected,416.4,23.78,563.31,410.16,0.3002,94.41,619,447
sample_0206,SideViewCows2026,ReID_parlor,datasets/id/external/sideviewcows2026/parlor/images/275/275_0115.jpg,RT-DETR-L,4,5,detected,509.63,142.44,536.13,216.28,0.2784,94.41,619,447
sample_0206,SideViewCows2026,ReID_parlor,datasets/id/external/sideviewcows2026/parlor/images/275/275_0115.jpg,RT-DETR-L,5,5,detected,487.2,34.8,619.37,407.06,0.2513,94.41,619,447
sample_0207,SideViewCows2026,ReID_parlor,datasets/id/external/sideviewcows2026/parlor/images/733/733_0190.jpg,YOLOv8s,1,3,detected,61.7,5.9,967.9,519.72,0.8814,23.98,978,531
sample_0207,SideViewCows2026,ReID_parlor,datasets/id/external/sideviewcows2026/parlor/images/733/733_0190.jpg,YOLOv8s,2,3,detected,0.12,0.0,70.33,122.22,0.4099,23.98,978,531
sample_0207,SideViewCows2026,ReID_parlor,datasets/id/external/sideviewcows2026/parlor/images/733/733_0190.jpg,YOLOv8s,3,3,detected,848.15,57.68,977.64,502.0,0.264,23.98,978,531
sample_0207,SideViewCows2026,ReID_parlor,datasets/id/external/sideviewcows2026/parlor/images/733/733_0190.jpg,FasterRCNN_v2,1,2,detected,112.77,13.48,921.99,522.73,0.7869,481.65,978,531
sample_0207,SideViewCows2026,ReID_parlor,datasets/id/external/sideviewcows2026/parlor/images/733/733_0190.jpg,FasterRCNN_v2,2,2,detected,0.45,0.45,67.88,123.11,0.2613,481.65,978,531
sample_0207,SideViewCows2026,ReID_parlor,datasets/id/external/sideviewcows2026/parlor/images/733/733_0190.jpg,RT-DETR-L,1,16,detected,108.94,13.37,977.98,529.33,0.9731,94.0,978,531
sample_0207,SideViewCows2026,ReID_parlor,datasets/id/external/sideviewcows2026/parlor/images/733/733_0190.jpg,RT-DETR-L,2,16,detected,111.24,-0.32,415.2,112.44,0.4265,94.0,978,531
sample_0207,SideViewCows2026,ReID_parlor,datasets/id/external/sideviewcows2026/parlor/images/733/733_0190.jpg,RT-DETR-L,3,16,detected,410.5,-0.04,629.32,37.8,0.4128,94.0,978,531
sample_0207,SideViewCows2026,ReID_parlor,datasets/id/external/sideviewcows2026/parlor/images/733/733_0190.jpg,RT-DETR-L,4,16,detected,825.05,17.7,977.75,474.71,0.3612,94.0,978,531
sample_0207,SideViewCows2026,ReID_parlor,datasets/id/external/sideviewcows2026/parlor/images/733/733_0190.jpg,RT-DETR-L,5,16,detected,-0.1,0.37,55.41,125.86,0.3526,94.0,978,531
sample_0207,SideViewCows2026,ReID_parlor,datasets/id/external/sideviewcows2026/parlor/images/733/733_0190.jpg,RT-DETR-L,6,16,detected,114.34,0.07,415.21,74.69,0.3438,94.0,978,531
sample_0207,SideViewCows2026,ReID_parlor,datasets/id/external/sideviewcows2026/parlor/images/733/733_0190.jpg,RT-DETR-L,7,16,detected,103.92,0.07,245.59,114.24,0.3325,94.0,978,531
sample_0207,SideViewCows2026,ReID_parlor,datasets/id/external/sideviewcows2026/parlor/images/733/733_0190.jpg,RT-DETR-L,8,16,detected,-0.11,0.39,58.33,156.64,0.3055,94.0,978,531
sample_0207,SideViewCows2026,ReID_parlor,datasets/id/external/sideviewcows2026/parlor/images/733/733_0190.jpg,RT-DETR-L,9,16,detected,119.78,-0.07,244.76,74.67,0.2887,94.0,978,531
sample_0207,SideViewCows2026,ReID_parlor,datasets/id/external/sideviewcows2026/parlor/images/733/733_0190.jpg,RT-DETR-L,10,16,detected,-0.02,0.27,240.77,153.8,0.2728,94.0,978,531
sample_0207,SideViewCows2026,ReID_parlor,datasets/id/external/sideviewcows2026/parlor/images/733/733_0190.jpg,RT-DETR-L,11,16,detected,813.89,9.94,977.62,526.94,0.271,94.0,978,531
sample_0207,SideViewCows2026,ReID_parlor,datasets/id/external/sideviewcows2026/parlor/images/733/733_0190.jpg,RT-DETR-L,12,16,detected,833.56,16.35,978.4,266.05,0.265,94.0,978,531
sample_0207,SideViewCows2026,ReID_parlor,datasets/id/external/sideviewcows2026/parlor/images/733/733_0190.jpg,RT-DETR-L,13,16,detected,220.47,0.05,414.39,56.97,0.2563,94.0,978,531
sample_0207,SideViewCows2026,ReID_parlor,datasets/id/external/sideviewcows2026/parlor/images/733/733_0190.jpg,RT-DETR-L,14,16,detected,814.89,76.37,978.25,474.15,0.2542,94.0,978,531
sample_0207,SideViewCows2026,ReID_parlor,datasets/id/external/sideviewcows2026/parlor/images/733/733_0190.jpg,RT-DETR-L,15,16,detected,188.14,0.07,415.73,76.3,0.2526,94.0,978,531
sample_0207,SideViewCows2026,ReID_parlor,datasets/id/external/sideviewcows2026/parlor/images/733/733_0190.jpg,RT-DETR-L,16,16,detected,-0.39,0.22,134.06,148.44,0.2502,94.0,978,531
sample_0208,SideViewCows2026,ReID_parlor,datasets/id/external/sideviewcows2026/parlor/images/680/680_0155.jpg,YOLOv8s,1,1,detected,19.89,20.81,1068.15,547.57,0.8765,22.91,1114,556
sample_0208,SideViewCows2026,ReID_parlor,datasets/id/external/sideviewcows2026/parlor/images/680/680_0155.jpg,FasterRCNN_v2,1,5,detected,12.83,21.77,853.98,539.85,0.9996,463.73,1114,556
sample_0208,SideViewCows2026,ReID_parlor,datasets/id/external/sideviewcows2026/parlor/images/680/680_0155.jpg,FasterRCNN_v2,2,5,detected,796.6,26.24,1114.0,372.16,0.989,463.73,1114,556
sample_0208,SideViewCows2026,ReID_parlor,datasets/id/external/sideviewcows2026/parlor/images/680/680_0155.jpg,FasterRCNN_v2,3,5,detected,460.55,23.78,980.95,514.59,0.7385,463.73,1114,556
sample_0208,SideViewCows2026,ReID_parlor,datasets/id/external/sideviewcows2026/parlor/images/680/680_0155.jpg,FasterRCNN_v2,4,5,detected,5.78,2.13,369.24,164.32,0.3499,463.73,1114,556
sample_0208,SideViewCows2026,ReID_parlor,datasets/id/external/sideviewcows2026/parlor/images/680/680_0155.jpg,FasterRCNN_v2,5,5,detected,666.37,38.13,956.86,468.36,0.3495,463.73,1114,556
sample_0208,SideViewCows2026,ReID_parlor,datasets/id/external/sideviewcows2026/parlor/images/680/680_0155.jpg,RT-DETR-L,1,5,detected,22.55,22.22,884.63,552.79,0.9507,94.49,1114,556
sample_0208,SideViewCows2026,ReID_parlor,datasets/id/external/sideviewcows2026/parlor/images/680/680_0155.jpg,RT-DETR-L,2,5,detected,800.18,28.67,1114.05,550.97,0.5558,94.49,1114,556
sample_0208,SideViewCows2026,ReID_parlor,datasets/id/external/sideviewcows2026/parlor/images/680/680_0155.jpg,RT-DETR-L,3,5,detected,857.66,28.73,1113.21,549.52,0.4415,94.49,1114,556
sample_0208,SideViewCows2026,ReID_parlor,datasets/id/external/sideviewcows2026/parlor/images/680/680_0155.jpg,RT-DETR-L,4,5,detected,364.47,0.14,586.31,44.04,0.3073,94.49,1114,556
sample_0208,SideViewCows2026,ReID_parlor,datasets/id/external/sideviewcows2026/parlor/images/680/680_0155.jpg,RT-DETR-L,5,5,detected,36.9,-0.22,368.23,86.34,0.2536,94.49,1114,556
sample_0209,SideViewCows2026,ReID_parlor,datasets/id/external/sideviewcows2026/parlor/images/887/887_0366.jpg,YOLOv8s,1,1,detected,3.04,16.96,753.99,524.32,0.9094,24.2,759,533
sample_0209,SideViewCows2026,ReID_parlor,datasets/id/external/sideviewcows2026/parlor/images/887/887_0366.jpg,FasterRCNN_v2,1,2,detected,35.56,11.15,751.29,528.53,0.9914,468.0,759,533
sample_0209,SideViewCows2026,ReID_parlor,datasets/id/external/sideviewcows2026/parlor/images/887/887_0366.jpg,FasterRCNN_v2,2,2,detected,4.36,1.17,315.62,52.01,0.2901,468.0,759,533
sample_0209,SideViewCows2026,ReID_parlor,datasets/id/external/sideviewcows2026/parlor/images/887/887_0366.jpg,RT-DETR-L,1,7,detected,0.55,16.08,756.57,532.64,0.9766,94.49,759,533
sample_0209,SideViewCows2026,ReID_parlor,datasets/id/external/sideviewcows2026/parlor/images/887/887_0366.jpg,RT-DETR-L,2,7,detected,3.29,0.15,291.65,52.32,0.3805,94.49,759,533
sample_0209,SideViewCows2026,ReID_parlor,datasets/id/external/sideviewcows2026/parlor/images/887/887_0366.jpg,RT-DETR-L,3,7,detected,0.13,8.35,371.16,350.24,0.3643,94.49,759,533
sample_0209,SideViewCows2026,ReID_parlor,datasets/id/external/sideviewcows2026/parlor/images/887/887_0366.jpg,RT-DETR-L,4,7,detected,1.55,9.78,366.1,268.04,0.3341,94.49,759,533
sample_0209,SideViewCows2026,ReID_parlor,datasets/id/external/sideviewcows2026/parlor/images/887/887_0366.jpg,RT-DETR-L,5,7,detected,681.96,56.11,759.46,155.22,0.3214,94.49,759,533
sample_0209,SideViewCows2026,ReID_parlor,datasets/id/external/sideviewcows2026/parlor/images/887/887_0366.jpg,RT-DETR-L,6,7,detected,0.56,1.13,512.25,275.19,0.2823,94.49,759,533
sample_0209,SideViewCows2026,ReID_parlor,datasets/id/external/sideviewcows2026/parlor/images/887/887_0366.jpg,RT-DETR-L,7,7,detected,1.19,19.13,368.87,526.19,0.2788,94.49,759,533
sample_0210,SideViewCows2026,ReID_parlor,datasets/id/external/sideviewcows2026/parlor/images/887/887_0547.jpg,YOLOv8s,1,2,detected,2.55,12.27,899.6,468.72,0.8805,23.08,906,473
sample_0210,SideViewCows2026,ReID_parlor,datasets/id/external/sideviewcows2026/parlor/images/887/887_0547.jpg,YOLOv8s,2,2,detected,856.97,121.58,905.73,342.01,0.2558,23.08,906,473
sample_0210,SideViewCows2026,ReID_parlor,datasets/id/external/sideviewcows2026/parlor/images/887/887_0547.jpg,FasterRCNN_v2,1,1,detected,85.97,6.38,901.79,466.05,0.9542,471.14,906,473
sample_0210,SideViewCows2026,ReID_parlor,datasets/id/external/sideviewcows2026/parlor/images/887/887_0547.jpg,RT-DETR-L,1,5,detected,19.55,12.08,906.48,471.83,0.9692,125.71,906,473
sample_0210,SideViewCows2026,ReID_parlor,datasets/id/external/sideviewcows2026/parlor/images/887/887_0547.jpg,RT-DETR-L,2,5,detected,1.18,217.95,388.17,471.71,0.376,125.71,906,473
sample_0210,SideViewCows2026,ReID_parlor,datasets/id/external/sideviewcows2026/parlor/images/887/887_0547.jpg,RT-DETR-L,3,5,detected,0.34,-0.44,604.01,214.66,0.3064,125.71,906,473
sample_0210,SideViewCows2026,ReID_parlor,datasets/id/external/sideviewcows2026/parlor/images/887/887_0547.jpg,RT-DETR-L,4,5,detected,1.28,-1.6,608.28,471.39,0.2647,125.71,906,473
sample_0210,SideViewCows2026,ReID_parlor,datasets/id/external/sideviewcows2026/parlor/images/887/887_0547.jpg,RT-DETR-L,5,5,detected,855.1,123.94,906.2,344.87,0.2513,125.71,906,473
sample_0211,SideViewCows2026,ReID_parlor,datasets/id/external/sideviewcows2026/parlor/images/375/375_0152.jpg,YOLOv8s,1,1,detected,13.34,9.65,658.78,504.33,0.6444,26.07,699,510
sample_0211,SideViewCows2026,ReID_parlor,datasets/id/external/sideviewcows2026/parlor/images/375/375_0152.jpg,FasterRCNN_v2,1,3,detected,6.22,14.64,464.85,510.0,0.9991,463.34,699,510
sample_0211,SideViewCows2026,ReID_parlor,datasets/id/external/sideviewcows2026/parlor/images/375/375_0152.jpg,FasterRCNN_v2,2,3,detected,238.34,41.59,689.83,456.99,0.7389,463.34,699,510
sample_0211,SideViewCows2026,ReID_parlor,datasets/id/external/sideviewcows2026/parlor/images/375/375_0152.jpg,FasterRCNN_v2,3,3,detected,1.29,241.27,130.94,503.3,0.7255,463.34,699,510
sample_0211,SideViewCows2026,ReID_parlor,datasets/id/external/sideviewcows2026/parlor/images/375/375_0152.jpg,RT-DETR-L,1,5,detected,17.4,14.76,659.68,508.51,0.9292,94.99,699,510
sample_0211,SideViewCows2026,ReID_parlor,datasets/id/external/sideviewcows2026/parlor/images/375/375_0152.jpg,RT-DETR-L,2,5,detected,-0.05,243.07,131.33,509.56,0.4641,94.99,699,510
sample_0211,SideViewCows2026,ReID_parlor,datasets/id/external/sideviewcows2026/parlor/images/375/375_0152.jpg,RT-DETR-L,3,5,detected,0.02,29.73,131.07,509.0,0.3179,94.99,699,510
sample_0211,SideViewCows2026,ReID_parlor,datasets/id/external/sideviewcows2026/parlor/images/375/375_0152.jpg,RT-DETR-L,4,5,detected,581.18,216.44,699.31,387.37,0.3141,94.99,699,510
sample_0211,SideViewCows2026,ReID_parlor,datasets/id/external/sideviewcows2026/parlor/images/375/375_0152.jpg,RT-DETR-L,5,5,detected,636.96,218.45,698.99,386.88,0.2658,94.99,699,510
sample_0212,SideViewCows2026,ReID_parlor,datasets/id/external/sideviewcows2026/parlor/images/444/444_0037.jpg,YOLOv8s,1,1,detected,1.34,22.02,911.57,520.93,0.9423,24.2,917,526
sample_0212,SideViewCows2026,ReID_parlor,datasets/id/external/sideviewcows2026/parlor/images/444/444_0037.jpg,FasterRCNN_v2,1,2,detected,113.81,17.75,899.44,526.0,0.9942,494.67,917,526
sample_0212,SideViewCows2026,ReID_parlor,datasets/id/external/sideviewcows2026/parlor/images/444/444_0037.jpg,FasterRCNN_v2,2,2,detected,0.0,34.76,539.87,509.8,0.6181,494.67,917,526
sample_0212,SideViewCows2026,ReID_parlor,datasets/id/external/sideviewcows2026/parlor/images/444/444_0037.jpg,RT-DETR-L,1,7,detected,-0.91,20.57,908.56,525.66,0.9766,93.33,917,526
sample_0212,SideViewCows2026,ReID_parlor,datasets/id/external/sideviewcows2026/parlor/images/444/444_0037.jpg,RT-DETR-L,2,7,detected,0.02,0.22,129.91,145.7,0.5917,93.33,917,526
sample_0212,SideViewCows2026,ReID_parlor,datasets/id/external/sideviewcows2026/parlor/images/444/444_0037.jpg,RT-DETR-L,3,7,detected,259.17,-0.05,547.18,62.11,0.3511,93.33,917,526
sample_0212,SideViewCows2026,ReID_parlor,datasets/id/external/sideviewcows2026/parlor/images/444/444_0037.jpg,RT-DETR-L,4,7,detected,121.53,-0.06,545.59,79.64,0.271,93.33,917,526
sample_0212,SideViewCows2026,ReID_parlor,datasets/id/external/sideviewcows2026/parlor/images/444/444_0037.jpg,RT-DETR-L,5,7,detected,-0.26,0.41,61.31,124.32,0.2684,93.33,917,526
sample_0212,SideViewCows2026,ReID_parlor,datasets/id/external/sideviewcows2026/parlor/images/444/444_0037.jpg,RT-DETR-L,6,7,detected,889.34,182.85,916.56,247.96,0.2635,93.33,917,526
sample_0212,SideViewCows2026,ReID_parlor,datasets/id/external/sideviewcows2026/parlor/images/444/444_0037.jpg,RT-DETR-L,7,7,detected,120.19,-0.14,222.3,79.8,0.2567,93.33,917,526
sample_0213,SideViewCows2026,ReID_parlor,datasets/id/external/sideviewcows2026/parlor/images/955/955_0413.jpg,YOLOv8s,1,1,detected,5.46,14.3,885.58,496.74,0.5085,23.26,916,508
sample_0213,SideViewCows2026,ReID_parlor,datasets/id/external/sideviewcows2026/parlor/images/955/955_0413.jpg,FasterRCNN_v2,1,1,detected,229.37,6.76,886.48,503.77,0.5706,488.78,916,508
sample_0213,SideViewCows2026,ReID_parlor,datasets/id/external/sideviewcows2026/parlor/images/955/955_0413.jpg,RT-DETR-L,1,2,detected,17.11,12.67,876.25,506.7,0.9729,93.58,916,508
sample_0213,SideViewCows2026,ReID_parlor,datasets/id/external/sideviewcows2026/parlor/images/955/955_0413.jpg,RT-DETR-L,2,2,detected,279.66,-0.09,432.0,61.41,0.2568,93.58,916,508
sample_0214,SideViewCows2026,ReID_parlor,datasets/id/external/sideviewcows2026/parlor/images/828/828_0168.jpg,YOLOv8s,1,1,detected,2.92,9.67,733.1,458.18,0.8994,21.02,735,460
sample_0214,SideViewCows2026,ReID_parlor,datasets/id/external/sideviewcows2026/parlor/images/828/828_0168.jpg,FasterRCNN_v2,1,2,detected,0.0,4.4,718.02,453.11,0.9853,488.87,735,460
sample_0214,SideViewCows2026,ReID_parlor,datasets/id/external/sideviewcows2026/parlor/images/828/828_0168.jpg,FasterRCNN_v2,2,2,detected,0.0,268.64,101.1,460.0,0.3143,488.87,735,460
sample_0214,SideViewCows2026,ReID_parlor,datasets/id/external/sideviewcows2026/parlor/images/828/828_0168.jpg,RT-DETR-L,1,7,detected,14.54,8.13,701.59,459.28,0.9642,94.07,735,460
sample_0214,SideViewCows2026,ReID_parlor,datasets/id/external/sideviewcows2026/parlor/images/828/828_0168.jpg,RT-DETR-L,2,7,detected,0.12,305.7,102.99,460.08,0.4349,94.07,735,460
sample_0214,SideViewCows2026,ReID_parlor,datasets/id/external/sideviewcows2026/parlor/images/828/828_0168.jpg,RT-DETR-L,3,7,detected,-0.12,118.19,68.46,362.04,0.3293,94.07,735,460
sample_0214,SideViewCows2026,ReID_parlor,datasets/id/external/sideviewcows2026/parlor/images/828/828_0168.jpg,RT-DETR-L,4,7,detected,418.2,30.82,701.34,430.83,0.2657,94.07,735,460
sample_0214,SideViewCows2026,ReID_parlor,datasets/id/external/sideviewcows2026/parlor/images/828/828_0168.jpg,RT-DETR-L,5,7,detected,-0.04,116.62,104.47,459.94,0.2587,94.07,735,460
sample_0214,SideViewCows2026,ReID_parlor,datasets/id/external/sideviewcows2026/parlor/images/828/828_0168.jpg,RT-DETR-L,6,7,detected,428.69,29.02,701.99,332.66,0.2582,94.07,735,460
sample_0214,SideViewCows2026,ReID_parlor,datasets/id/external/sideviewcows2026/parlor/images/828/828_0168.jpg,RT-DETR-L,7,7,detected,0.1,0.2,54.59,92.51,0.2553,94.07,735,460
sample_0215,SideViewCows2026,ReID_parlor,datasets/id/external/sideviewcows2026/parlor/images/275/275_0060.jpg,YOLOv8s,1,3,detected,2.36,3.6,788.81,412.31,0.9048,22.53,792,416
sample_0215,SideViewCows2026,ReID_parlor,datasets/id/external/sideviewcows2026/parlor/images/275/275_0060.jpg,YOLOv8s,2,3,detected,544.75,1.14,791.53,202.16,0.6457,22.53,792,416
sample_0215,SideViewCows2026,ReID_parlor,datasets/id/external/sideviewcows2026/parlor/images/275/275_0060.jpg,YOLOv8s,3,3,detected,0.0,183.63,105.58,364.63,0.3228,22.53,792,416
sample_0215,SideViewCows2026,ReID_parlor,datasets/id/external/sideviewcows2026/parlor/images/275/275_0060.jpg,FasterRCNN_v2,1,5,detected,2.19,0.0,784.34,413.45,0.9991,468.51,792,416
sample_0215,SideViewCows2026,ReID_parlor,datasets/id/external/sideviewcows2026/parlor/images/275/275_0060.jpg,FasterRCNN_v2,2,5,detected,552.49,0.0,792.0,208.79,0.8211,468.51,792,416
sample_0215,SideViewCows2026,ReID_parlor,datasets/id/external/sideviewcows2026/parlor/images/275/275_0060.jpg,FasterRCNN_v2,3,5,detected,472.35,9.62,787.98,321.22,0.6628,468.51,792,416
sample_0215,SideViewCows2026,ReID_parlor,datasets/id/external/sideviewcows2026/parlor/images/275/275_0060.jpg,FasterRCNN_v2,4,5,detected,0.0,183.29,105.68,367.15,0.6258,468.51,792,416
sample_0215,SideViewCows2026,ReID_parlor,datasets/id/external/sideviewcows2026/parlor/images/275/275_0060.jpg,FasterRCNN_v2,5,5,detected,2.56,11.51,151.51,370.91,0.3486,468.51,792,416
sample_0215,SideViewCows2026,ReID_parlor,datasets/id/external/sideviewcows2026/parlor/images/275/275_0060.jpg,RT-DETR-L,1,7,detected,-0.31,0.21,790.56,415.67,0.976,94.58,792,416
sample_0215,SideViewCows2026,ReID_parlor,datasets/id/external/sideviewcows2026/parlor/images/275/275_0060.jpg,RT-DETR-L,2,7,detected,561.95,0.42,791.91,207.14,0.4175,94.58,792,416
sample_0215,SideViewCows2026,ReID_parlor,datasets/id/external/sideviewcows2026/parlor/images/275/275_0060.jpg,RT-DETR-L,3,7,detected,327.38,0.06,792.32,207.08,0.3141,94.58,792,416
sample_0215,SideViewCows2026,ReID_parlor,datasets/id/external/sideviewcows2026/parlor/images/275/275_0060.jpg,RT-DETR-L,4,7,detected,497.72,0.33,792.67,302.81,0.3125,94.58,792,416
sample_0215,SideViewCows2026,ReID_parlor,datasets/id/external/sideviewcows2026/parlor/images/275/275_0060.jpg,RT-DETR-L,5,7,detected,563.09,0.38,791.45,308.17,0.2759,94.58,792,416
sample_0215,SideViewCows2026,ReID_parlor,datasets/id/external/sideviewcows2026/parlor/images/275/275_0060.jpg,RT-DETR-L,6,7,detected,216.48,-0.37,791.57,207.66,0.2721,94.58,792,416
sample_0215,SideViewCows2026,ReID_parlor,datasets/id/external/sideviewcows2026/parlor/images/275/275_0060.jpg,RT-DETR-L,7,7,detected,324.56,0.11,614.55,99.53,0.2683,94.58,792,416
sample_0216,SideViewCows2026,ReID_parlor,datasets/id/external/sideviewcows2026/parlor/images/488/488_1058.jpg,YOLOv8s,1,2,detected,1.49,11.69,678.71,443.06,0.9482,22.27,682,447
sample_0216,SideViewCows2026,ReID_parlor,datasets/id/external/sideviewcows2026/parlor/images/488/488_1058.jpg,YOLOv8s,2,2,detected,638.47,133.92,681.63,258.14,0.5754,22.27,682,447
sample_0216,SideViewCows2026,ReID_parlor,datasets/id/external/sideviewcows2026/parlor/images/488/488_1058.jpg,FasterRCNN_v2,1,2,detected,56.26,4.57,675.07,447.0,0.9994,483.7,682,447
sample_0216,SideViewCows2026,ReID_parlor,datasets/id/external/sideviewcows2026/parlor/images/488/488_1058.jpg,FasterRCNN_v2,2,2,detected,0.32,22.64,295.09,439.62,0.5078,483.7,682,447
sample_0216,SideViewCows2026,ReID_parlor,datasets/id/external/sideviewcows2026/parlor/images/488/488_1058.jpg,RT-DETR-L,1,4,detected,-0.72,11.33,681.09,446.51,0.9765,93.6,682,447
sample_0216,SideViewCows2026,ReID_parlor,datasets/id/external/sideviewcows2026/parlor/images/488/488_1058.jpg,RT-DETR-L,2,4,detected,535.69,0.16,682.42,251.68,0.3947,93.6,682,447
sample_0216,SideViewCows2026,ReID_parlor,datasets/id/external/sideviewcows2026/parlor/images/488/488_1058.jpg,RT-DETR-L,3,4,detected,-0.11,0.88,112.05,127.57,0.3777,93.6,682,447
sample_0216,SideViewCows2026,ReID_parlor,datasets/id/external/sideviewcows2026/parlor/images/488/488_1058.jpg,RT-DETR-L,4,4,detected,536.79,0.63,681.75,380.73,0.2712,93.6,682,447
sample_0217,SideViewCows2026,ReID_parlor,datasets/id/external/sideviewcows2026/parlor/images/934/934_0298.jpg,YOLOv8s,1,1,detected,1.74,13.57,807.47,468.42,0.8239,22.8,812,477
sample_0217,SideViewCows2026,ReID_parlor,datasets/id/external/sideviewcows2026/parlor/images/934/934_0298.jpg,FasterRCNN_v2,1,3,detected,5.72,24.25,626.51,470.99,0.9983,506.59,812,477
sample_0217,SideViewCows2026,ReID_parlor,datasets/id/external/sideviewcows2026/parlor/images/934/934_0298.jpg,FasterRCNN_v2,2,3,detected,255.0,11.96,787.68,473.9,0.9688,506.59,812,477
sample_0217,SideViewCows2026,ReID_parlor,datasets/id/external/sideviewcows2026/parlor/images/934/934_0298.jpg,FasterRCNN_v2,3,3,detected,0.79,1.39,151.68,120.75,0.4203,506.59,812,477
sample_0217,SideViewCows2026,ReID_parlor,datasets/id/external/sideviewcows2026/parlor/images/934/934_0298.jpg,RT-DETR-L,1,9,detected,0.0,21.99,793.64,476.44,0.9653,94.25,812,477
sample_0217,SideViewCows2026,ReID_parlor,datasets/id/external/sideviewcows2026/parlor/images/934/934_0298.jpg,RT-DETR-L,2,9,detected,734.29,0.87,811.77,334.94,0.4567,94.25,812,477
sample_0217,SideViewCows2026,ReID_parlor,datasets/id/external/sideviewcows2026/parlor/images/934/934_0298.jpg,RT-DETR-L,3,9,detected,-0.23,0.22,140.02,123.78,0.4344,94.25,812,477
sample_0217,SideViewCows2026,ReID_parlor,datasets/id/external/sideviewcows2026/parlor/images/934/934_0298.jpg,RT-DETR-L,4,9,detected,148.6,15.13,339.39,48.77,0.4085,94.25,812,477
sample_0217,SideViewCows2026,ReID_parlor,datasets/id/external/sideviewcows2026/parlor/images/934/934_0298.jpg,RT-DETR-L,5,9,detected,0.23,-0.36,138.84,78.12,0.3628,94.25,812,477
sample_0217,SideViewCows2026,ReID_parlor,datasets/id/external/sideviewcows2026/parlor/images/934/934_0298.jpg,RT-DETR-L,6,9,detected,414.08,21.85,793.65,476.42,0.3587,94.25,812,477
sample_0217,SideViewCows2026,ReID_parlor,datasets/id/external/sideviewcows2026/parlor/images/934/934_0298.jpg,RT-DETR-L,7,9,detected,0.54,312.44,409.44,476.72,0.3154,94.25,812,477
sample_0217,SideViewCows2026,ReID_parlor,datasets/id/external/sideviewcows2026/parlor/images/934/934_0298.jpg,RT-DETR-L,8,9,detected,0.7,35.86,473.29,476.71,0.284,94.25,812,477
sample_0217,SideViewCows2026,ReID_parlor,datasets/id/external/sideviewcows2026/parlor/images/934/934_0298.jpg,RT-DETR-L,9,9,detected,1.52,-0.01,137.52,45.45,0.2632,94.25,812,477
sample_0218,SideViewCows2026,ReID_parlor,datasets/id/external/sideviewcows2026/parlor/images/920/920_0061.jpg,YOLOv8s,1,1,detected,20.4,17.74,806.21,488.31,0.622,21.05,817,496
sample_0218,SideViewCows2026,ReID_parlor,datasets/id/external/sideviewcows2026/parlor/images/920/920_0061.jpg,FasterRCNN_v2,1,1,detected,58.63,9.52,786.87,489.21,0.4476,506.33,817,496
sample_0218,SideViewCows2026,ReID_parlor,datasets/id/external/sideviewcows2026/parlor/images/920/920_0061.jpg,RT-DETR-L,1,1,detected,-0.59,20.59,794.01,496.25,0.9425,94.32,817,496
sample_0219,SideViewCows2026,ReID_parlor,datasets/id/external/sideviewcows2026/parlor/images/192/192_0441.jpg,YOLOv8s,1,2,detected,36.92,18.49,944.88,545.55,0.6029,24.26,952,563
sample_0219,SideViewCows2026,ReID_parlor,datasets/id/external/sideviewcows2026/parlor/images/192/192_0441.jpg,YOLOv8s,2,2,detected,35.98,22.99,690.85,535.64,0.4265,24.26,952,563
sample_0219,SideViewCows2026,ReID_parlor,datasets/id/external/sideviewcows2026/parlor/images/192/192_0441.jpg,FasterRCNN_v2,1,2,detected,27.05,0.43,174.97,120.34,0.8648,510.65,952,563
sample_0219,SideViewCows2026,ReID_parlor,datasets/id/external/sideviewcows2026/parlor/images/192/192_0441.jpg,FasterRCNN_v2,2,2,detected,4.14,0.0,93.71,121.48,0.5522,510.65,952,563
sample_0219,SideViewCows2026,ReID_parlor,datasets/id/external/sideviewcows2026/parlor/images/192/192_0441.jpg,RT-DETR-L,1,9,detected,27.71,20.8,694.33,559.04,0.9385,93.52,952,563
sample_0219,SideViewCows2026,ReID_parlor,datasets/id/external/sideviewcows2026/parlor/images/192/192_0441.jpg,RT-DETR-L,2,9,detected,19.59,0.35,207.83,121.46,0.4965,93.52,952,563
sample_0219,SideViewCows2026,ReID_parlor,datasets/id/external/sideviewcows2026/parlor/images/192/192_0441.jpg,RT-DETR-L,3,9,detected,199.11,0.12,424.78,75.32,0.4117,93.52,952,563
sample_0219,SideViewCows2026,ReID_parlor,datasets/id/external/sideviewcows2026/parlor/images/192/192_0441.jpg,RT-DETR-L,4,9,detected,0.14,0.21,175.22,121.04,0.3405,93.52,952,563
sample_0219,SideViewCows2026,ReID_parlor,datasets/id/external/sideviewcows2026/parlor/images/192/192_0441.jpg,RT-DETR-L,5,9,detected,133.08,0.1,209.68,87.37,0.2897,93.52,952,563
sample_0219,SideViewCows2026,ReID_parlor,datasets/id/external/sideviewcows2026/parlor/images/192/192_0441.jpg,RT-DETR-L,6,9,detected,805.32,98.69,862.2,234.98,0.2885,93.52,952,563
sample_0219,SideViewCows2026,ReID_parlor,datasets/id/external/sideviewcows2026/parlor/images/192/192_0441.jpg,RT-DETR-L,7,9,detected,-0.12,0.21,70.12,118.9,0.2868,93.52,952,563
sample_0219,SideViewCows2026,ReID_parlor,datasets/id/external/sideviewcows2026/parlor/images/192/192_0441.jpg,RT-DETR-L,8,9,detected,652.03,62.78,865.53,446.37,0.2836,93.52,952,563
sample_0219,SideViewCows2026,ReID_parlor,datasets/id/external/sideviewcows2026/parlor/images/192/192_0441.jpg,RT-DETR-L,9,9,detected,731.26,97.59,866.42,449.88,0.2623,93.52,952,563
sample_0220,SideViewCows2026,ReID_parlor,datasets/id/external/sideviewcows2026/parlor/images/633/633_0562.jpg,YOLOv8s,1,3,detected,54.49,22.49,868.99,533.27,0.8654,21.43,889,550
sample_0220,SideViewCows2026,ReID_parlor,datasets/id/external/sideviewcows2026/parlor/images/633/633_0562.jpg,YOLOv8s,2,3,detected,718.44,158.19,805.95,296.86,0.3753,21.43,889,550
sample_0220,SideViewCows2026,ReID_parlor,datasets/id/external/sideviewcows2026/parlor/images/633/633_0562.jpg,YOLOv8s,3,3,detected,0.3,2.12,79.05,384.72,0.3014,21.43,889,550
sample_0220,SideViewCows2026,ReID_parlor,datasets/id/external/sideviewcows2026/parlor/images/633/633_0562.jpg,FasterRCNN_v2,1,3,detected,204.01,18.72,827.94,550.0,0.9037,502.07,889,550
sample_0220,SideViewCows2026,ReID_parlor,datasets/id/external/sideviewcows2026/parlor/images/633/633_0562.jpg,FasterRCNN_v2,2,3,detected,14.48,35.73,610.31,536.1,0.8436,502.07,889,550
sample_0220,SideViewCows2026,ReID_parlor,datasets/id/external/sideviewcows2026/parlor/images/633/633_0562.jpg,FasterRCNN_v2,3,3,detected,1.18,61.29,315.54,538.49,0.5336,502.07,889,550
sample_0220,SideViewCows2026,ReID_parlor,datasets/id/external/sideviewcows2026/parlor/images/633/633_0562.jpg,RT-DETR-L,1,5,detected,65.72,23.39,822.89,547.29,0.9453,94.82,889,550
sample_0220,SideViewCows2026,ReID_parlor,datasets/id/external/sideviewcows2026/parlor/images/633/633_0562.jpg,RT-DETR-L,2,5,detected,786.49,43.51,888.35,392.45,0.3675,94.82,889,550
sample_0220,SideViewCows2026,ReID_parlor,datasets/id/external/sideviewcows2026/parlor/images/633/633_0562.jpg,RT-DETR-L,3,5,detected,-0.05,0.42,201.32,384.69,0.3212,94.82,889,550
sample_0220,SideViewCows2026,ReID_parlor,datasets/id/external/sideviewcows2026/parlor/images/633/633_0562.jpg,RT-DETR-L,4,5,detected,124.48,0.12,200.03,70.0,0.3142,94.82,889,550
sample_0220,SideViewCows2026,ReID_parlor,datasets/id/external/sideviewcows2026/parlor/images/633/633_0562.jpg,RT-DETR-L,5,5,detected,805.93,145.03,889.06,383.55,0.2901,94.82,889,550
sample_0221,SideViewCows2026,ReID_parlor,datasets/id/external/sideviewcows2026/parlor/images/406/406_0034.jpg,YOLOv8s,1,5,detected,6.71,44.89,999.57,626.98,0.8836,20.58,1008,649
sample_0221,SideViewCows2026,ReID_parlor,datasets/id/external/sideviewcows2026/parlor/images/406/406_0034.jpg,YOLOv8s,2,5,detected,0.06,267.36,146.96,494.62,0.7735,20.58,1008,649
sample_0221,SideViewCows2026,ReID_parlor,datasets/id/external/sideviewcows2026/parlor/images/406/406_0034.jpg,YOLOv8s,3,5,detected,708.68,120.3,1004.27,435.31,0.4244,20.58,1008,649
sample_0221,SideViewCows2026,ReID_parlor,datasets/id/external/sideviewcows2026/parlor/images/406/406_0034.jpg,YOLOv8s,4,5,detected,0.49,0.36,293.51,202.11,0.3051,20.58,1008,649
sample_0221,SideViewCows2026,ReID_parlor,datasets/id/external/sideviewcows2026/parlor/images/406/406_0034.jpg,YOLOv8s,5,5,detected,0.75,0.0,492.7,205.24,0.2823,20.58,1008,649
sample_0221,SideViewCows2026,ReID_parlor,datasets/id/external/sideviewcows2026/parlor/images/406/406_0034.jpg,FasterRCNN_v2,1,12,detected,0.52,275.66,149.06,499.24,0.9972,489.1,1008,649
sample_0221,SideViewCows2026,ReID_parlor,datasets/id/external/sideviewcows2026/parlor/images/406/406_0034.jpg,FasterRCNN_v2,2,12,detected,42.96,41.56,972.47,633.49,0.9948,489.1,1008,649
sample_0221,SideViewCows2026,ReID_parlor,datasets/id/external/sideviewcows2026/parlor/images/406/406_0034.jpg,FasterRCNN_v2,3,12,detected,1.3,6.28,293.06,263.67,0.9365,489.1,1008,649
sample_0221,SideViewCows2026,ReID_parlor,datasets/id/external/sideviewcows2026/parlor/images/406/406_0034.jpg,FasterRCNN_v2,4,12,detected,809.49,136.72,999.31,428.82,0.8848,489.1,1008,649
sample_0221,SideViewCows2026,ReID_parlor,datasets/id/external/sideviewcows2026/parlor/images/406/406_0034.jpg,FasterRCNN_v2,5,12,detected,731.67,121.11,958.55,462.42,0.7348,489.1,1008,649
sample_0221,SideViewCows2026,ReID_parlor,datasets/id/external/sideviewcows2026/parlor/images/406/406_0034.jpg,FasterRCNN_v2,6,12,detected,151.04,7.14,286.88,76.75,0.7345,489.1,1008,649
sample_0221,SideViewCows2026,ReID_parlor,datasets/id/external/sideviewcows2026/parlor/images/406/406_0034.jpg,FasterRCNN_v2,7,12,detected,1.2,26.82,173.25,233.88,0.7305,489.1,1008,649
sample_0221,SideViewCows2026,ReID_parlor,datasets/id/external/sideviewcows2026/parlor/images/406/406_0034.jpg,FasterRCNN_v2,8,12,detected,344.98,67.24,953.67,492.77,0.6166,489.1,1008,649
sample_0221,SideViewCows2026,ReID_parlor,datasets/id/external/sideviewcows2026/parlor/images/406/406_0034.jpg,FasterRCNN_v2,9,12,detected,954.34,241.08,1008.0,431.76,0.4835,489.1,1008,649
sample_0221,SideViewCows2026,ReID_parlor,datasets/id/external/sideviewcows2026/parlor/images/406/406_0034.jpg,FasterRCNN_v2,10,12,detected,653.81,87.79,966.3,600.06,0.4172,489.1,1008,649
sample_0221,SideViewCows2026,ReID_parlor,datasets/id/external/sideviewcows2026/parlor/images/406/406_0034.jpg,FasterRCNN_v2,11,12,detected,32.26,8.89,270.06,77.15,0.2924,489.1,1008,649
sample_0221,SideViewCows2026,ReID_parlor,datasets/id/external/sideviewcows2026/parlor/images/406/406_0034.jpg,FasterRCNN_v2,12,12,detected,857.68,134.94,1006.95,209.51,0.2766,489.1,1008,649
sample_0221,SideViewCows2026,ReID_parlor,datasets/id/external/sideviewcows2026/parlor/images/406/406_0034.jpg,RT-DETR-L,1,17,detected,71.03,48.43,880.46,613.56,0.9329,93.87,1008,649
sample_0221,SideViewCows2026,ReID_parlor,datasets/id/external/sideviewcows2026/parlor/images/406/406_0034.jpg,RT-DETR-L,2,17,detected,-0.14,30.01,205.01,197.12,0.7867,93.87,1008,649
sample_0221,SideViewCows2026,ReID_parlor,datasets/id/external/sideviewcows2026/parlor/images/406/406_0034.jpg,RT-DETR-L,3,17,detected,0.52,272.6,146.28,497.89,0.7643,93.87,1008,649
sample_0221,SideViewCows2026,ReID_parlor,datasets/id/external/sideviewcows2026/parlor/images/406/406_0034.jpg,RT-DETR-L,4,17,detected,71.78,4.37,290.1,73.43,0.6313,93.87,1008,649
sample_0221,SideViewCows2026,ReID_parlor,datasets/id/external/sideviewcows2026/parlor/images/406/406_0034.jpg,RT-DETR-L,5,17,detected,711.69,109.95,1008.33,507.03,0.4062,93.87,1008,649
sample_0221,SideViewCows2026,ReID_parlor,datasets/id/external/sideviewcows2026/parlor/images/406/406_0034.jpg,RT-DETR-L,6,17,detected,191.84,8.3,291.58,72.73,0.3851,93.87,1008,649
sample_0221,SideViewCows2026,ReID_parlor,datasets/id/external/sideviewcows2026/parlor/images/406/406_0034.jpg,RT-DETR-L,7,17,detected,776.23,138.04,1007.74,512.15,0.3812,93.87,1008,649
sample_0221,SideViewCows2026,ReID_parlor,datasets/id/external/sideviewcows2026/parlor/images/406/406_0034.jpg,RT-DETR-L,8,17,detected,770.92,137.32,1008.29,578.86,0.3604,93.87,1008,649
sample_0221,SideViewCows2026,ReID_parlor,datasets/id/external/sideviewcows2026/parlor/images/406/406_0034.jpg,RT-DETR-L,9,17,detected,180.49,0.53,306.39,24.69,0.3459,93.87,1008,649
sample_0221,SideViewCows2026,ReID_parlor,datasets/id/external/sideviewcows2026/parlor/images/406/406_0034.jpg,RT-DETR-L,10,17,detected,778.93,139.19,1007.89,434.53,0.3332,93.87,1008,649
sample_0221,SideViewCows2026,ReID_parlor,datasets/id/external/sideviewcows2026/parlor/images/406/406_0034.jpg,RT-DETR-L,11,17,detected,838.99,138.68,1007.18,432.32,0.3275,93.87,1008,649
sample_0221,SideViewCows2026,ReID_parlor,datasets/id/external/sideviewcows2026/parlor/images/406/406_0034.jpg,RT-DETR-L,12,17,detected,746.31,112.79,1006.85,428.28,0.2828,93.87,1008,649
sample_0221,SideViewCows2026,ReID_parlor,datasets/id/external/sideviewcows2026/parlor/images/406/406_0034.jpg,RT-DETR-L,13,17,detected,0.64,0.56,181.15,56.54,0.2823,93.87,1008,649
sample_0221,SideViewCows2026,ReID_parlor,datasets/id/external/sideviewcows2026/parlor/images/406/406_0034.jpg,RT-DETR-L,14,17,detected,711.18,106.53,1009.52,581.27,0.2629,93.87,1008,649
sample_0221,SideViewCows2026,ReID_parlor,datasets/id/external/sideviewcows2026/parlor/images/406/406_0034.jpg,RT-DETR-L,15,17,detected,72.35,0.41,181.43,28.79,0.2617,93.87,1008,649
sample_0221,SideViewCows2026,ReID_parlor,datasets/id/external/sideviewcows2026/parlor/images/406/406_0034.jpg,RT-DETR-L,16,17,detected,701.39,112.91,947.01,503.85,0.2607,93.87,1008,649
sample_0221,SideViewCows2026,ReID_parlor,datasets/id/external/sideviewcows2026/parlor/images/406/406_0034.jpg,RT-DETR-L,17,17,detected,950.83,231.25,1008.09,432.18,0.2515,93.87,1008,649
sample_0222,SideViewCows2026,ReID_parlor,datasets/id/external/sideviewcows2026/parlor/images/544/544_0057.jpg,YOLOv8s,1,4,detected,8.49,10.78,860.04,536.12,0.913,20.51,869,544
sample_0222,SideViewCows2026,ReID_parlor,datasets/id/external/sideviewcows2026/parlor/images/544/544_0057.jpg,YOLOv8s,2,4,detected,8.22,0.99,119.91,223.25,0.3855,20.51,869,544
sample_0222,SideViewCows2026,ReID_parlor,datasets/id/external/sideviewcows2026/parlor/images/544/544_0057.jpg,YOLOv8s,3,4,detected,0.23,330.24,196.55,540.25,0.3027,20.51,869,544
sample_0222,SideViewCows2026,ReID_parlor,datasets/id/external/sideviewcows2026/parlor/images/544/544_0057.jpg,YOLOv8s,4,4,detected,828.64,0.85,868.62,445.61,0.2912,20.51,869,544
sample_0222,SideViewCows2026,ReID_parlor,datasets/id/external/sideviewcows2026/parlor/images/544/544_0057.jpg,FasterRCNN_v2,1,7,detected,22.79,5.29,756.51,544.0,0.9991,491.95,869,544
sample_0222,SideViewCows2026,ReID_parlor,datasets/id/external/sideviewcows2026/parlor/images/544/544_0057.jpg,FasterRCNN_v2,2,7,detected,129.19,1.05,214.89,104.93,0.9514,491.95,869,544
sample_0222,SideViewCows2026,ReID_parlor,datasets/id/external/sideviewcows2026/parlor/images/544/544_0057.jpg,FasterRCNN_v2,3,7,detected,206.26,1.34,373.16,65.12,0.7663,491.95,869,544
sample_0222,SideViewCows2026,ReID_parlor,datasets/id/external/sideviewcows2026/parlor/images/544/544_0057.jpg,FasterRCNN_v2,4,7,detected,2.24,310.33,204.04,539.09,0.5474,491.95,869,544
sample_0222,SideViewCows2026,ReID_parlor,datasets/id/external/sideviewcows2026/parlor/images/544/544_0057.jpg,FasterRCNN_v2,5,7,detected,9.81,2.52,126.71,204.72,0.5406,491.95,869,544
sample_0222,SideViewCows2026,ReID_parlor,datasets/id/external/sideviewcows2026/parlor/images/544/544_0057.jpg,FasterRCNN_v2,6,7,detected,96.83,1.71,281.84,104.26,0.3203,491.95,869,544
sample_0222,SideViewCows2026,ReID_parlor,datasets/id/external/sideviewcows2026/parlor/images/544/544_0057.jpg,FasterRCNN_v2,7,7,detected,832.58,137.34,869.0,447.13,0.3083,491.95,869,544
sample_0222,SideViewCows2026,ReID_parlor,datasets/id/external/sideviewcows2026/parlor/images/544/544_0057.jpg,RT-DETR-L,1,18,detected,40.71,12.23,839.43,543.02,0.9707,94.43,869,544
sample_0222,SideViewCows2026,ReID_parlor,datasets/id/external/sideviewcows2026/parlor/images/544/544_0057.jpg,RT-DETR-L,2,18,detected,10.52,0.63,122.06,219.97,0.5945,94.43,869,544
sample_0222,SideViewCows2026,ReID_parlor,datasets/id/external/sideviewcows2026/parlor/images/544/544_0057.jpg,RT-DETR-L,3,18,detected,0.34,274.13,198.06,543.56,0.5091,94.43,869,544
sample_0222,SideViewCows2026,ReID_parlor,datasets/id/external/sideviewcows2026/parlor/images/544/544_0057.jpg,RT-DETR-L,4,18,detected,0.42,0.52,37.19,212.33,0.4023,94.43,869,544
sample_0222,SideViewCows2026,ReID_parlor,datasets/id/external/sideviewcows2026/parlor/images/544/544_0057.jpg,RT-DETR-L,5,18,detected,201.26,0.31,433.77,58.41,0.3696,94.43,869,544
sample_0222,SideViewCows2026,ReID_parlor,datasets/id/external/sideviewcows2026/parlor/images/544/544_0057.jpg,RT-DETR-L,6,18,detected,826.59,0.98,868.95,445.81,0.3653,94.43,869,544
sample_0222,SideViewCows2026,ReID_parlor,datasets/id/external/sideviewcows2026/parlor/images/544/544_0057.jpg,RT-DETR-L,7,18,detected,132.17,0.15,220.46,99.92,0.365,94.43,869,544
sample_0222,SideViewCows2026,ReID_parlor,datasets/id/external/sideviewcows2026/parlor/images/544/544_0057.jpg,RT-DETR-L,8,18,detected,198.41,0.37,437.71,80.86,0.3633,94.43,869,544
sample_0222,SideViewCows2026,ReID_parlor,datasets/id/external/sideviewcows2026/parlor/images/544/544_0057.jpg,RT-DETR-L,9,18,detected,818.98,170.81,868.89,446.05,0.3308,94.43,869,544
sample_0222,SideViewCows2026,ReID_parlor,datasets/id/external/sideviewcows2026/parlor/images/544/544_0057.jpg,RT-DETR-L,10,18,detected,90.77,0.16,219.89,111.62,0.3136,94.43,869,544
sample_0222,SideViewCows2026,ReID_parlor,datasets/id/external/sideviewcows2026/parlor/images/544/544_0057.jpg,RT-DETR-L,11,18,detected,497.28,0.7,868.68,445.75,0.3065,94.43,869,544
sample_0222,SideViewCows2026,ReID_parlor,datasets/id/external/sideviewcows2026/parlor/images/544/544_0057.jpg,RT-DETR-L,12,18,detected,825.85,171.53,868.72,445.91,0.288,94.43,869,544
sample_0222,SideViewCows2026,ReID_parlor,datasets/id/external/sideviewcows2026/parlor/images/544/544_0057.jpg,RT-DETR-L,13,18,detected,-0.01,320.97,197.08,543.36,0.2842,94.43,869,544
sample_0222,SideViewCows2026,ReID_parlor,datasets/id/external/sideviewcows2026/parlor/images/544/544_0057.jpg,RT-DETR-L,14,18,detected,60.37,0.33,142.2,111.3,0.2696,94.43,869,544
sample_0222,SideViewCows2026,ReID_parlor,datasets/id/external/sideviewcows2026/parlor/images/544/544_0057.jpg,RT-DETR-L,15,18,detected,718.75,49.29,858.15,138.09,0.2671,94.43,869,544
sample_0222,SideViewCows2026,ReID_parlor,datasets/id/external/sideviewcows2026/parlor/images/544/544_0057.jpg,RT-DETR-L,16,18,detected,200.84,-0.02,380.13,57.99,0.2545,94.43,869,544
sample_0222,SideViewCows2026,ReID_parlor,datasets/id/external/sideviewcows2026/parlor/images/544/544_0057.jpg,RT-DETR-L,17,18,detected,0.23,275.56,138.5,543.66,0.2528,94.43,869,544
sample_0222,SideViewCows2026,ReID_parlor,datasets/id/external/sideviewcows2026/parlor/images/544/544_0057.jpg,RT-DETR-L,18,18,detected,125.1,0.02,436.99,101.6,0.2511,94.43,869,544
sample_0223,SideViewCows2026,ReID_parlor,datasets/id/external/sideviewcows2026/parlor/images/168/168_0202.jpg,YOLOv8s,1,2,detected,7.56,11.45,525.95,511.98,0.8118,32.45,717,549
sample_0223,SideViewCows2026,ReID_parlor,datasets/id/external/sideviewcows2026/parlor/images/168/168_0202.jpg,YOLOv8s,2,2,detected,0.3,186.38,132.81,510.0,0.4146,32.45,717,549
sample_0223,SideViewCows2026,ReID_parlor,datasets/id/external/sideviewcows2026/parlor/images/168/168_0202.jpg,FasterRCNN_v2,1,2,detected,6.0,18.56,485.19,518.75,0.9889,453.01,717,549
sample_0223,SideViewCows2026,ReID_parlor,datasets/id/external/sideviewcows2026/parlor/images/168/168_0202.jpg,FasterRCNN_v2,2,2,detected,0.0,137.5,206.37,510.34,0.8823,453.01,717,549
sample_0223,SideViewCows2026,ReID_parlor,datasets/id/external/sideviewcows2026/parlor/images/168/168_0202.jpg,RT-DETR-L,1,7,detected,13.49,13.35,673.32,510.67,0.9292,94.9,717,549
sample_0223,SideViewCows2026,ReID_parlor,datasets/id/external/sideviewcows2026/parlor/images/168/168_0202.jpg,RT-DETR-L,2,7,detected,-0.53,1.23,191.81,217.58,0.2942,94.9,717,549
sample_0223,SideViewCows2026,ReID_parlor,datasets/id/external/sideviewcows2026/parlor/images/168/168_0202.jpg,RT-DETR-L,3,7,detected,0.15,181.09,81.29,385.18,0.2683,94.9,717,549
sample_0223,SideViewCows2026,ReID_parlor,datasets/id/external/sideviewcows2026/parlor/images/168/168_0202.jpg,RT-DETR-L,4,7,detected,0.01,180.92,81.43,407.52,0.2673,94.9,717,549
sample_0223,SideViewCows2026,ReID_parlor,datasets/id/external/sideviewcows2026/parlor/images/168/168_0202.jpg,RT-DETR-L,5,7,detected,0.02,181.09,132.52,508.55,0.2647,94.9,717,549
sample_0223,SideViewCows2026,ReID_parlor,datasets/id/external/sideviewcows2026/parlor/images/168/168_0202.jpg,RT-DETR-L,6,7,detected,661.96,170.61,717.04,383.42,0.2611,94.9,717,549
sample_0223,SideViewCows2026,ReID_parlor,datasets/id/external/sideviewcows2026/parlor/images/168/168_0202.jpg,RT-DETR-L,7,7,detected,662.68,171.42,717.15,328.99,0.2529,94.9,717,549
sample_0224,SideViewCows2026,ReID_parlor,datasets/id/external/sideviewcows2026/parlor/images/545/545_0243.jpg,YOLOv8s,1,1,detected,1.13,6.65,741.67,521.09,0.9458,22.92,744,525
sample_0224,SideViewCows2026,ReID_parlor,datasets/id/external/sideviewcows2026/parlor/images/545/545_0243.jpg,FasterRCNN_v2,1,1,detected,199.59,4.11,744.0,511.71,0.9747,466.8,744,525
sample_0224,SideViewCows2026,ReID_parlor,datasets/id/external/sideviewcows2026/parlor/images/545/545_0243.jpg,RT-DETR-L,1,2,detected,-0.06,5.45,743.53,524.49,0.9786,94.78,744,525
sample_0224,SideViewCows2026,ReID_parlor,datasets/id/external/sideviewcows2026/parlor/images/545/545_0243.jpg,RT-DETR-L,2,2,detected,0.29,405.97,116.25,524.85,0.298,94.78,744,525
sample_0225,SideViewCows2026,ReID_parlor,datasets/id/external/sideviewcows2026/parlor/images/436/436_0040.jpg,YOLOv8s,1,2,detected,1.84,19.93,803.29,550.18,0.905,23.91,830,560
sample_0225,SideViewCows2026,ReID_parlor,datasets/id/external/sideviewcows2026/parlor/images/436/436_0040.jpg,YOLOv8s,2,2,detected,0.23,0.0,125.81,77.24,0.2647,23.91,830,560
sample_0225,SideViewCows2026,ReID_parlor,datasets/id/external/sideviewcows2026/parlor/images/436/436_0040.jpg,FasterRCNN_v2,1,1,detected,2.85,11.21,700.38,560.0,0.9969,477.45,830,560
sample_0225,SideViewCows2026,ReID_parlor,datasets/id/external/sideviewcows2026/parlor/images/436/436_0040.jpg,RT-DETR-L,1,8,detected,0.72,20.02,754.16,558.25,0.9728,94.08,830,560
sample_0225,SideViewCows2026,ReID_parlor,datasets/id/external/sideviewcows2026/parlor/images/436/436_0040.jpg,RT-DETR-L,2,8,detected,-0.15,-0.0,65.39,77.56,0.5585,94.08,830,560
sample_0225,SideViewCows2026,ReID_parlor,datasets/id/external/sideviewcows2026/parlor/images/436/436_0040.jpg,RT-DETR-L,3,8,detected,109.04,0.08,319.5,48.69,0.5286,94.08,830,560
sample_0225,SideViewCows2026,ReID_parlor,datasets/id/external/sideviewcows2026/parlor/images/436/436_0040.jpg,RT-DETR-L,4,8,detected,47.04,0.18,118.68,55.92,0.4569,94.08,830,560
sample_0225,SideViewCows2026,ReID_parlor,datasets/id/external/sideviewcows2026/parlor/images/436/436_0040.jpg,RT-DETR-L,5,8,detected,559.8,330.34,748.25,384.01,0.4004,94.08,830,560
sample_0225,SideViewCows2026,ReID_parlor,datasets/id/external/sideviewcows2026/parlor/images/436/436_0040.jpg,RT-DETR-L,6,8,detected,730.27,79.61,829.39,554.96,0.386,94.08,830,560
sample_0225,SideViewCows2026,ReID_parlor,datasets/id/external/sideviewcows2026/parlor/images/436/436_0040.jpg,RT-DETR-L,7,8,detected,-0.34,0.03,118.62,78.25,0.2934,94.08,830,560
sample_0225,SideViewCows2026,ReID_parlor,datasets/id/external/sideviewcows2026/parlor/images/436/436_0040.jpg,RT-DETR-L,8,8,detected,312.99,21.01,828.72,549.49,0.2657,94.08,830,560
sample_0226,SideViewCows2026,ReID_parlor,datasets/id/external/sideviewcows2026/parlor/images/828/828_0214.jpg,YOLOv8s,0,0,no_detection,,,,,,25.58,699,570
sample_0226,SideViewCows2026,ReID_parlor,datasets/id/external/sideviewcows2026/parlor/images/828/828_0214.jpg,FasterRCNN_v2,1,1,detected,7.48,14.88,522.52,563.34,0.9979,440.38,699,570
sample_0226,SideViewCows2026,ReID_parlor,datasets/id/external/sideviewcows2026/parlor/images/828/828_0214.jpg,RT-DETR-L,1,3,detected,24.77,39.58,498.6,553.16,0.9226,94.08,699,570
sample_0226,SideViewCows2026,ReID_parlor,datasets/id/external/sideviewcows2026/parlor/images/828/828_0214.jpg,RT-DETR-L,2,3,detected,456.71,53.43,630.07,338.4,0.3632,94.08,699,570
sample_0226,SideViewCows2026,ReID_parlor,datasets/id/external/sideviewcows2026/parlor/images/828/828_0214.jpg,RT-DETR-L,3,3,detected,24.23,45.41,632.7,551.43,0.288,94.08,699,570
sample_0227,SideViewCows2026,ReID_parlor,datasets/id/external/sideviewcows2026/parlor/images/403/403_0244.jpg,YOLOv8s,1,3,detected,6.54,9.35,722.97,543.66,0.6616,23.74,733,548
sample_0227,SideViewCows2026,ReID_parlor,datasets/id/external/sideviewcows2026/parlor/images/403/403_0244.jpg,YOLOv8s,2,3,detected,64.16,0.0,194.14,134.28,0.4581,23.74,733,548
sample_0227,SideViewCows2026,ReID_parlor,datasets/id/external/sideviewcows2026/parlor/images/403/403_0244.jpg,YOLOv8s,3,3,detected,0.85,0.0,193.63,134.97,0.3997,23.74,733,548
sample_0227,SideViewCows2026,ReID_parlor,datasets/id/external/sideviewcows2026/parlor/images/403/403_0244.jpg,FasterRCNN_v2,1,1,detected,0.0,9.54,723.38,548.0,0.6,456.85,733,548
sample_0227,SideViewCows2026,ReID_parlor,datasets/id/external/sideviewcows2026/parlor/images/403/403_0244.jpg,RT-DETR-L,1,8,detected,4.93,13.06,732.69,547.63,0.9749,94.09,733,548
sample_0227,SideViewCows2026,ReID_parlor,datasets/id/external/sideviewcows2026/parlor/images/403/403_0244.jpg,RT-DETR-L,2,8,detected,234.89,0.01,453.14,68.79,0.6262,94.09,733,548
sample_0227,SideViewCows2026,ReID_parlor,datasets/id/external/sideviewcows2026/parlor/images/403/403_0244.jpg,RT-DETR-L,3,8,detected,-0.03,-0.15,239.78,131.09,0.4565,94.09,733,548
sample_0227,SideViewCows2026,ReID_parlor,datasets/id/external/sideviewcows2026/parlor/images/403/403_0244.jpg,RT-DETR-L,4,8,detected,96.27,0.15,239.85,98.41,0.3353,94.09,733,548
sample_0227,SideViewCows2026,ReID_parlor,datasets/id/external/sideviewcows2026/parlor/images/403/403_0244.jpg,RT-DETR-L,5,8,detected,-0.28,-0.24,238.51,93.66,0.3274,94.09,733,548
sample_0227,SideViewCows2026,ReID_parlor,datasets/id/external/sideviewcows2026/parlor/images/403/403_0244.jpg,RT-DETR-L,6,8,detected,-0.07,-0.03,125.96,126.45,0.3188,94.09,733,548
sample_0227,SideViewCows2026,ReID_parlor,datasets/id/external/sideviewcows2026/parlor/images/403/403_0244.jpg,RT-DETR-L,7,8,detected,0.42,0.27,130.71,142.63,0.2907,94.09,733,548
sample_0227,SideViewCows2026,ReID_parlor,datasets/id/external/sideviewcows2026/parlor/images/403/403_0244.jpg,RT-DETR-L,8,8,detected,0.04,28.93,125.25,103.08,0.252,94.09,733,548
sample_0228,SideViewCows2026,ReID_parlor,datasets/id/external/sideviewcows2026/parlor/images/367/367_0191.jpg,YOLOv8s,1,1,detected,24.91,8.3,1044.7,527.61,0.9247,22.41,1057,530
sample_0228,SideViewCows2026,ReID_parlor,datasets/id/external/sideviewcows2026/parlor/images/367/367_0191.jpg,FasterRCNN_v2,1,6,detected,22.71,5.5,1052.05,527.04,0.9942,465.48,1057,530
sample_0228,SideViewCows2026,ReID_parlor,datasets/id/external/sideviewcows2026/parlor/images/367/367_0191.jpg,FasterRCNN_v2,2,6,detected,0.36,3.17,40.27,209.21,0.9792,465.48,1057,530
sample_0228,SideViewCows2026,ReID_parlor,datasets/id/external/sideviewcows2026/parlor/images/367/367_0191.jpg,FasterRCNN_v2,3,6,detected,44.62,0.0,126.67,128.56,0.8364,465.48,1057,530
sample_0228,SideViewCows2026,ReID_parlor,datasets/id/external/sideviewcows2026/parlor/images/367/367_0191.jpg,FasterRCNN_v2,4,6,detected,25.85,0.0,181.05,136.7,0.4938,465.48,1057,530
sample_0228,SideViewCows2026,ReID_parlor,datasets/id/external/sideviewcows2026/parlor/images/367/367_0191.jpg,FasterRCNN_v2,5,6,detected,4.89,0.0,127.8,188.17,0.4491,465.48,1057,530
sample_0228,SideViewCows2026,ReID_parlor,datasets/id/external/sideviewcows2026/parlor/images/367/367_0191.jpg,FasterRCNN_v2,6,6,detected,71.76,33.14,567.66,523.5,0.4373,465.48,1057,530
sample_0228,SideViewCows2026,ReID_parlor,datasets/id/external/sideviewcows2026/parlor/images/367/367_0191.jpg,RT-DETR-L,1,13,detected,14.79,3.52,1039.41,528.85,0.9579,93.39,1057,530
sample_0228,SideViewCows2026,ReID_parlor,datasets/id/external/sideviewcows2026/parlor/images/367/367_0191.jpg,RT-DETR-L,2,13,detected,-0.07,0.52,126.27,210.16,0.5448,93.39,1057,530
sample_0228,SideViewCows2026,ReID_parlor,datasets/id/external/sideviewcows2026/parlor/images/367/367_0191.jpg,RT-DETR-L,3,13,detected,982.77,130.54,1026.65,223.88,0.4399,93.39,1057,530
sample_0228,SideViewCows2026,ReID_parlor,datasets/id/external/sideviewcows2026/parlor/images/367/367_0191.jpg,RT-DETR-L,4,13,detected,456.73,-0.05,676.6,46.26,0.4079,93.39,1057,530
sample_0228,SideViewCows2026,ReID_parlor,datasets/id/external/sideviewcows2026/parlor/images/367/367_0191.jpg,RT-DETR-L,5,13,detected,-0.36,-0.35,130.45,529.59,0.3879,93.39,1057,530
sample_0228,SideViewCows2026,ReID_parlor,datasets/id/external/sideviewcows2026/parlor/images/367/367_0191.jpg,RT-DETR-L,6,13,detected,-0.23,334.92,120.61,529.15,0.3423,93.39,1057,530
sample_0228,SideViewCows2026,ReID_parlor,datasets/id/external/sideviewcows2026/parlor/images/367/367_0191.jpg,RT-DETR-L,7,13,detected,-0.51,0.7,127.46,353.9,0.3049,93.39,1057,530
sample_0228,SideViewCows2026,ReID_parlor,datasets/id/external/sideviewcows2026/parlor/images/367/367_0191.jpg,RT-DETR-L,8,13,detected,252.44,13.29,313.99,85.53,0.2976,93.39,1057,530
sample_0228,SideViewCows2026,ReID_parlor,datasets/id/external/sideviewcows2026/parlor/images/367/367_0191.jpg,RT-DETR-L,9,13,detected,834.24,127.85,1046.51,321.21,0.285,93.39,1057,530
sample_0228,SideViewCows2026,ReID_parlor,datasets/id/external/sideviewcows2026/parlor/images/367/367_0191.jpg,RT-DETR-L,10,13,detected,188.47,-0.02,244.69,69.36,0.2748,93.39,1057,530
sample_0228,SideViewCows2026,ReID_parlor,datasets/id/external/sideviewcows2026/parlor/images/367/367_0191.jpg,RT-DETR-L,11,13,detected,248.93,0.56,462.67,86.6,0.2577,93.39,1057,530
sample_0228,SideViewCows2026,ReID_parlor,datasets/id/external/sideviewcows2026/parlor/images/367/367_0191.jpg,RT-DETR-L,12,13,detected,181.3,0.19,463.27,90.2,0.2562,93.39,1057,530
sample_0228,SideViewCows2026,ReID_parlor,datasets/id/external/sideviewcows2026/parlor/images/367/367_0191.jpg,RT-DETR-L,13,13,detected,83.85,0.29,196.79,105.8,0.2543,93.39,1057,530
sample_0229,SideViewCows2026,ReID_parlor,datasets/id/external/sideviewcows2026/parlor/images/320/320_0774.jpg,YOLOv8s,0,0,no_detection,,,,,,20.0,607,386
sample_0229,SideViewCows2026,ReID_parlor,datasets/id/external/sideviewcows2026/parlor/images/320/320_0774.jpg,FasterRCNN_v2,0,0,no_detection,,,,,,487.39,607,386
sample_0229,SideViewCows2026,ReID_parlor,datasets/id/external/sideviewcows2026/parlor/images/320/320_0774.jpg,RT-DETR-L,1,3,detected,1.14,7.97,605.92,386.17,0.9605,94.65,607,386
sample_0229,SideViewCows2026,ReID_parlor,datasets/id/external/sideviewcows2026/parlor/images/320/320_0774.jpg,RT-DETR-L,2,3,detected,-0.08,227.62,246.39,385.99,0.5988,94.65,607,386
sample_0229,SideViewCows2026,ReID_parlor,datasets/id/external/sideviewcows2026/parlor/images/320/320_0774.jpg,RT-DETR-L,3,3,detected,-0.03,81.13,246.65,385.74,0.2609,94.65,607,386
sample_0230,SideViewCows2026,ReID_parlor,datasets/id/external/sideviewcows2026/parlor/images/323/323_0050.jpg,YOLOv8s,1,3,detected,13.34,3.9,686.26,492.04,0.7306,23.05,693,513
sample_0230,SideViewCows2026,ReID_parlor,datasets/id/external/sideviewcows2026/parlor/images/323/323_0050.jpg,YOLOv8s,2,3,detected,12.23,1.49,470.0,484.04,0.6299,23.05,693,513
sample_0230,SideViewCows2026,ReID_parlor,datasets/id/external/sideviewcows2026/parlor/images/323/323_0050.jpg,YOLOv8s,3,3,detected,389.01,10.34,692.2,378.19,0.5283,23.05,693,513
sample_0230,SideViewCows2026,ReID_parlor,datasets/id/external/sideviewcows2026/parlor/images/323/323_0050.jpg,FasterRCNN_v2,1,2,detected,7.8,6.42,647.7,513.0,0.9863,456.62,693,513
sample_0230,SideViewCows2026,ReID_parlor,datasets/id/external/sideviewcows2026/parlor/images/323/323_0050.jpg,FasterRCNN_v2,2,2,detected,318.3,29.52,669.07,464.76,0.4394,456.62,693,513
sample_0230,SideViewCows2026,ReID_parlor,datasets/id/external/sideviewcows2026/parlor/images/323/323_0050.jpg,RT-DETR-L,1,1,detected,24.93,1.4,691.54,504.69,0.9299,94.0,693,513
sample_0231,SideViewCows2026,ReID_parlor,datasets/id/external/sideviewcows2026/parlor/images/737/737_0132.jpg,YOLOv8s,1,1,detected,24.42,16.77,902.03,521.15,0.9556,24.15,913,537
sample_0231,SideViewCows2026,ReID_parlor,datasets/id/external/sideviewcows2026/parlor/images/737/737_0132.jpg,FasterRCNN_v2,1,4,detected,13.37,24.14,757.73,536.94,0.9971,508.62,913,537
sample_0231,SideViewCows2026,ReID_parlor,datasets/id/external/sideviewcows2026/parlor/images/737/737_0132.jpg,FasterRCNN_v2,2,4,detected,44.7,0.73,206.3,145.66,0.8071,508.62,913,537
sample_0231,SideViewCows2026,ReID_parlor,datasets/id/external/sideviewcows2026/parlor/images/737/737_0132.jpg,FasterRCNN_v2,3,4,detected,365.39,17.23,904.2,528.72,0.7202,508.62,913,537
sample_0231,SideViewCows2026,ReID_parlor,datasets/id/external/sideviewcows2026/parlor/images/737/737_0132.jpg,FasterRCNN_v2,4,4,detected,135.72,0.0,214.95,140.77,0.464,508.62,913,537
sample_0231,SideViewCows2026,ReID_parlor,datasets/id/external/sideviewcows2026/parlor/images/737/737_0132.jpg,RT-DETR-L,1,8,detected,12.22,16.33,905.69,536.3,0.9732,93.91,913,537
sample_0231,SideViewCows2026,ReID_parlor,datasets/id/external/sideviewcows2026/parlor/images/737/737_0132.jpg,RT-DETR-L,2,8,detected,411.04,0.18,513.49,52.43,0.4779,93.91,913,537
sample_0231,SideViewCows2026,ReID_parlor,datasets/id/external/sideviewcows2026/parlor/images/737/737_0132.jpg,RT-DETR-L,3,8,detected,45.29,0.13,168.69,171.38,0.4772,93.91,913,537
sample_0231,SideViewCows2026,ReID_parlor,datasets/id/external/sideviewcows2026/parlor/images/737/737_0132.jpg,RT-DETR-L,4,8,detected,45.55,0.08,167.38,127.77,0.3987,93.91,913,537
sample_0231,SideViewCows2026,ReID_parlor,datasets/id/external/sideviewcows2026/parlor/images/737/737_0132.jpg,RT-DETR-L,5,8,detected,511.52,-0.16,726.35,28.69,0.3233,93.91,913,537
sample_0231,SideViewCows2026,ReID_parlor,datasets/id/external/sideviewcows2026/parlor/images/737/737_0132.jpg,RT-DETR-L,6,8,detected,196.66,-0.01,301.83,75.11,0.3133,93.91,913,537
sample_0231,SideViewCows2026,ReID_parlor,datasets/id/external/sideviewcows2026/parlor/images/737/737_0132.jpg,RT-DETR-L,7,8,detected,170.39,0.07,305.59,124.71,0.303,93.91,913,537
sample_0231,SideViewCows2026,ReID_parlor,datasets/id/external/sideviewcows2026/parlor/images/737/737_0132.jpg,RT-DETR-L,8,8,detected,44.54,-0.28,307.95,172.15,0.2541,93.91,913,537
sample_0232,SideViewCows2026,ReID_parlor,datasets/id/external/sideviewcows2026/parlor/images/355/355_0372.jpg,YOLOv8s,1,3,detected,17.28,13.0,440.7,431.36,0.8183,30.06,636,530
sample_0232,SideViewCows2026,ReID_parlor,datasets/id/external/sideviewcows2026/parlor/images/355/355_0372.jpg,YOLOv8s,2,3,detected,20.06,7.73,533.78,498.66,0.7555,30.06,636,530
sample_0232,SideViewCows2026,ReID_parlor,datasets/id/external/sideviewcows2026/parlor/images/355/355_0372.jpg,YOLOv8s,3,3,detected,383.72,3.11,635.08,364.47,0.4958,30.06,636,530
sample_0232,SideViewCows2026,ReID_parlor,datasets/id/external/sideviewcows2026/parlor/images/355/355_0372.jpg,FasterRCNN_v2,1,5,detected,14.77,12.81,588.44,528.93,0.9973,427.23,636,530
sample_0232,SideViewCows2026,ReID_parlor,datasets/id/external/sideviewcows2026/parlor/images/355/355_0372.jpg,FasterRCNN_v2,2,5,detected,449.31,4.11,635.63,233.04,0.9795,427.23,636,530
sample_0232,SideViewCows2026,ReID_parlor,datasets/id/external/sideviewcows2026/parlor/images/355/355_0372.jpg,FasterRCNN_v2,3,5,detected,391.24,37.92,633.83,350.47,0.9183,427.23,636,530
sample_0232,SideViewCows2026,ReID_parlor,datasets/id/external/sideviewcows2026/parlor/images/355/355_0372.jpg,FasterRCNN_v2,4,5,detected,456.82,2.29,636.0,111.5,0.7457,427.23,636,530
sample_0232,SideViewCows2026,ReID_parlor,datasets/id/external/sideviewcows2026/parlor/images/355/355_0372.jpg,FasterRCNN_v2,5,5,detected,563.32,131.92,636.0,335.42,0.5492,427.23,636,530
sample_0232,SideViewCows2026,ReID_parlor,datasets/id/external/sideviewcows2026/parlor/images/355/355_0372.jpg,RT-DETR-L,1,3,detected,12.78,2.73,635.02,525.29,0.9558,94.55,636,530
sample_0232,SideViewCows2026,ReID_parlor,datasets/id/external/sideviewcows2026/parlor/images/355/355_0372.jpg,RT-DETR-L,2,3,detected,94.79,0.43,636.66,332.89,0.3681,94.55,636,530
sample_0232,SideViewCows2026,ReID_parlor,datasets/id/external/sideviewcows2026/parlor/images/355/355_0372.jpg,RT-DETR-L,3,3,detected,-0.24,1.03,99.12,345.52,0.2659,94.55,636,530
sample_0233,SideViewCows2026,ReID_parlor,datasets/id/external/sideviewcows2026/parlor/images/207/207_0024.jpg,YOLOv8s,1,1,detected,2.36,19.59,1087.25,462.56,0.8693,20.28,1093,472
sample_0233,SideViewCows2026,ReID_parlor,datasets/id/external/sideviewcows2026/parlor/images/207/207_0024.jpg,FasterRCNN_v2,1,1,detected,48.62,19.36,1077.66,472.0,0.9727,431.41,1093,472
sample_0233,SideViewCows2026,ReID_parlor,datasets/id/external/sideviewcows2026/parlor/images/207/207_0024.jpg,RT-DETR-L,1,4,detected,0.21,18.91,1064.45,471.86,0.9669,94.02,1093,472
sample_0233,SideViewCows2026,ReID_parlor,datasets/id/external/sideviewcows2026/parlor/images/207/207_0024.jpg,RT-DETR-L,2,4,detected,-0.02,0.09,508.66,150.38,0.8352,94.02,1093,472
sample_0233,SideViewCows2026,ReID_parlor,datasets/id/external/sideviewcows2026/parlor/images/207/207_0024.jpg,RT-DETR-L,3,4,detected,530.29,-0.11,750.62,62.72,0.364,94.02,1093,472
sample_0233,SideViewCows2026,ReID_parlor,datasets/id/external/sideviewcows2026/parlor/images/207/207_0024.jpg,RT-DETR-L,4,4,detected,786.44,0.07,990.68,96.02,0.2889,94.02,1093,472
sample_0234,SideViewCows2026,ReID_parlor,datasets/id/external/sideviewcows2026/parlor/images/700/700_0490.jpg,YOLOv8s,1,1,detected,4.82,7.98,644.17,520.88,0.3221,25.56,653,533
sample_0234,SideViewCows2026,ReID_parlor,datasets/id/external/sideviewcows2026/parlor/images/700/700_0490.jpg,FasterRCNN_v2,1,1,detected,0.0,6.2,566.44,533.0,0.9989,438.02,653,533
sample_0234,SideViewCows2026,ReID_parlor,datasets/id/external/sideviewcows2026/parlor/images/700/700_0490.jpg,RT-DETR-L,1,3,detected,0.33,14.4,651.59,532.5,0.9774,94.29,653,533
sample_0234,SideViewCows2026,ReID_parlor,datasets/id/external/sideviewcows2026/parlor/images/700/700_0490.jpg,RT-DETR-L,2,3,detected,562.47,68.11,653.41,228.15,0.291,94.29,653,533
sample_0234,SideViewCows2026,ReID_parlor,datasets/id/external/sideviewcows2026/parlor/images/700/700_0490.jpg,RT-DETR-L,3,3,detected,470.81,66.23,654.26,320.82,0.2581,94.29,653,533
sample_0235,SideViewCows2026,ReID_parlor,datasets/id/external/sideviewcows2026/parlor/images/909/909_0364.jpg,YOLOv8s,1,3,detected,0.0,21.29,854.28,551.92,0.817,22.56,989,557
sample_0235,SideViewCows2026,ReID_parlor,datasets/id/external/sideviewcows2026/parlor/images/909/909_0364.jpg,YOLOv8s,2,3,detected,807.43,87.86,988.65,436.62,0.7165,22.56,989,557
sample_0235,SideViewCows2026,ReID_parlor,datasets/id/external/sideviewcows2026/parlor/images/909/909_0364.jpg,YOLOv8s,3,3,detected,674.64,181.69,877.51,428.82,0.4799,22.56,989,557
sample_0235,SideViewCows2026,ReID_parlor,datasets/id/external/sideviewcows2026/parlor/images/909/909_0364.jpg,FasterRCNN_v2,1,6,detected,0.0,19.19,761.33,539.9,0.9616,492.53,989,557
sample_0235,SideViewCows2026,ReID_parlor,datasets/id/external/sideviewcows2026/parlor/images/909/909_0364.jpg,FasterRCNN_v2,2,6,detected,685.17,106.39,870.75,435.74,0.9394,492.53,989,557
sample_0235,SideViewCows2026,ReID_parlor,datasets/id/external/sideviewcows2026/parlor/images/909/909_0364.jpg,FasterRCNN_v2,3,6,detected,801.92,100.75,964.04,388.86,0.8212,492.53,989,557
sample_0235,SideViewCows2026,ReID_parlor,datasets/id/external/sideviewcows2026/parlor/images/909/909_0364.jpg,FasterRCNN_v2,4,6,detected,435.25,53.09,845.55,458.71,0.7979,492.53,989,557
sample_0235,SideViewCows2026,ReID_parlor,datasets/id/external/sideviewcows2026/parlor/images/909/909_0364.jpg,FasterRCNN_v2,5,6,detected,753.57,173.36,871.79,424.0,0.6659,492.53,989,557
sample_0235,SideViewCows2026,ReID_parlor,datasets/id/external/sideviewcows2026/parlor/images/909/909_0364.jpg,FasterRCNN_v2,6,6,detected,807.79,100.83,933.0,284.98,0.5502,492.53,989,557
sample_0235,SideViewCows2026,ReID_parlor,datasets/id/external/sideviewcows2026/parlor/images/909/909_0364.jpg,RT-DETR-L,1,9,detected,31.46,24.64,762.93,549.76,0.9365,94.64,989,557
sample_0235,SideViewCows2026,ReID_parlor,datasets/id/external/sideviewcows2026/parlor/images/909/909_0364.jpg,RT-DETR-L,2,9,detected,809.16,90.38,988.94,340.45,0.6452,94.64,989,557
sample_0235,SideViewCows2026,ReID_parlor,datasets/id/external/sideviewcows2026/parlor/images/909/909_0364.jpg,RT-DETR-L,3,9,detected,-0.21,229.01,152.73,486.43,0.6378,94.64,989,557
sample_0235,SideViewCows2026,ReID_parlor,datasets/id/external/sideviewcows2026/parlor/images/909/909_0364.jpg,RT-DETR-L,4,9,detected,757.84,183.45,880.67,473.93,0.4944,94.64,989,557
sample_0235,SideViewCows2026,ReID_parlor,datasets/id/external/sideviewcows2026/parlor/images/909/909_0364.jpg,RT-DETR-L,5,9,detected,672.73,27.23,790.72,398.85,0.3983,94.64,989,557
sample_0235,SideViewCows2026,ReID_parlor,datasets/id/external/sideviewcows2026/parlor/images/909/909_0364.jpg,RT-DETR-L,6,9,detected,780.25,99.46,829.67,185.47,0.3828,94.64,989,557
sample_0235,SideViewCows2026,ReID_parlor,datasets/id/external/sideviewcows2026/parlor/images/909/909_0364.jpg,RT-DETR-L,7,9,detected,676.77,27.07,882.69,470.39,0.3521,94.64,989,557
sample_0235,SideViewCows2026,ReID_parlor,datasets/id/external/sideviewcows2026/parlor/images/909/909_0364.jpg,RT-DETR-L,8,9,detected,808.55,98.56,931.26,295.37,0.306,94.64,989,557
sample_0235,SideViewCows2026,ReID_parlor,datasets/id/external/sideviewcows2026/parlor/images/909/909_0364.jpg,RT-DETR-L,9,9,detected,670.19,152.16,881.36,470.5,0.2939,94.64,989,557
sample_0236,SideViewCows2026,ReID_parlor,datasets/id/external/sideviewcows2026/parlor/images/374/374_0005.jpg,YOLOv8s,1,2,detected,17.53,4.78,858.76,537.17,0.9298,29.14,861,557
sample_0236,SideViewCows2026,ReID_parlor,datasets/id/external/sideviewcows2026/parlor/images/374/374_0005.jpg,YOLOv8s,2,2,detected,0.22,0.0,260.11,232.81,0.3497,29.14,861,557
sample_0236,SideViewCows2026,ReID_parlor,datasets/id/external/sideviewcows2026/parlor/images/374/374_0005.jpg,FasterRCNN_v2,1,2,detected,0.0,4.05,861.0,552.61,0.9977,488.19,861,557
sample_0236,SideViewCows2026,ReID_parlor,datasets/id/external/sideviewcows2026/parlor/images/374/374_0005.jpg,FasterRCNN_v2,2,2,detected,16.02,0.87,427.27,426.28,0.4046,488.19,861,557
sample_0236,SideViewCows2026,ReID_parlor,datasets/id/external/sideviewcows2026/parlor/images/374/374_0005.jpg,RT-DETR-L,1,4,detected,10.51,4.47,860.93,555.25,0.9736,94.35,861,557
sample_0236,SideViewCows2026,ReID_parlor,datasets/id/external/sideviewcows2026/parlor/images/374/374_0005.jpg,RT-DETR-L,2,4,detected,0.09,354.34,111.7,557.08,0.4484,94.35,861,557
sample_0236,SideViewCows2026,ReID_parlor,datasets/id/external/sideviewcows2026/parlor/images/374/374_0005.jpg,RT-DETR-L,3,4,detected,-0.14,184.96,110.71,556.86,0.2974,94.35,861,557
sample_0236,SideViewCows2026,ReID_parlor,datasets/id/external/sideviewcows2026/parlor/images/374/374_0005.jpg,RT-DETR-L,4,4,detected,-0.05,1.95,239.58,216.43,0.282,94.35,861,557
sample_0237,SideViewCows2026,ReID_parlor,datasets/id/external/sideviewcows2026/parlor/images/958/958_0178.jpg,YOLOv8s,1,1,detected,61.63,15.51,1750.59,1073.52,0.7768,20.81,1756,1088
sample_0237,SideViewCows2026,ReID_parlor,datasets/id/external/sideviewcows2026/parlor/images/958/958_0178.jpg,FasterRCNN_v2,1,1,detected,472.65,0.0,978.21,195.08,0.6536,514.63,1756,1088
sample_0237,SideViewCows2026,ReID_parlor,datasets/id/external/sideviewcows2026/parlor/images/958/958_0178.jpg,RT-DETR-L,1,8,detected,0.07,0.51,1754.48,1087.91,0.9732,94.99,1756,1088
sample_0237,SideViewCows2026,ReID_parlor,datasets/id/external/sideviewcows2026/parlor/images/958/958_0178.jpg,RT-DETR-L,2,8,detected,0.1,-0.04,420.92,279.11,0.5281,94.99,1756,1088
sample_0237,SideViewCows2026,ReID_parlor,datasets/id/external/sideviewcows2026/parlor/images/958/958_0178.jpg,RT-DETR-L,3,8,detected,518.02,0.14,1008.99,190.88,0.4524,94.99,1756,1088
sample_0237,SideViewCows2026,ReID_parlor,datasets/id/external/sideviewcows2026/parlor/images/958/958_0178.jpg,RT-DETR-L,4,8,detected,517.68,0.03,748.9,190.3,0.3245,94.99,1756,1088
sample_0237,SideViewCows2026,ReID_parlor,datasets/id/external/sideviewcows2026/parlor/images/958/958_0178.jpg,RT-DETR-L,5,8,detected,693.2,-0.17,1013.85,182.69,0.3162,94.99,1756,1088
sample_0237,SideViewCows2026,ReID_parlor,datasets/id/external/sideviewcows2026/parlor/images/958/958_0178.jpg,RT-DETR-L,6,8,detected,1399.04,1.89,1756.63,566.23,0.2719,94.99,1756,1088
sample_0237,SideViewCows2026,ReID_parlor,datasets/id/external/sideviewcows2026/parlor/images/958/958_0178.jpg,RT-DETR-L,7,8,detected,1619.63,52.62,1756.69,565.78,0.265,94.99,1756,1088
sample_0237,SideViewCows2026,ReID_parlor,datasets/id/external/sideviewcows2026/parlor/images/958/958_0178.jpg,RT-DETR-L,8,8,detected,377.97,-0.11,1011.8,190.99,0.2547,94.99,1756,1088
sample_0238,SideViewCows2026,ReID_parlor,datasets/id/external/sideviewcows2026/parlor/images/975/975_0183.jpg,YOLOv8s,1,3,detected,217.19,7.19,538.65,496.94,0.6903,30.65,539,511
sample_0238,SideViewCows2026,ReID_parlor,datasets/id/external/sideviewcows2026/parlor/images/975/975_0183.jpg,YOLOv8s,2,3,detected,8.44,12.95,528.28,482.86,0.2934,30.65,539,511
sample_0238,SideViewCows2026,ReID_parlor,datasets/id/external/sideviewcows2026/parlor/images/975/975_0183.jpg,YOLOv8s,3,3,detected,3.88,13.56,259.56,480.51,0.2867,30.65,539,511
sample_0238,SideViewCows2026,ReID_parlor,datasets/id/external/sideviewcows2026/parlor/images/975/975_0183.jpg,FasterRCNN_v2,1,5,detected,8.05,19.19,534.5,495.57,0.9986,413.2,539,511
sample_0238,SideViewCows2026,ReID_parlor,datasets/id/external/sideviewcows2026/parlor/images/975/975_0183.jpg,FasterRCNN_v2,2,5,detected,11.47,25.42,277.92,421.49,0.7849,413.2,539,511
sample_0238,SideViewCows2026,ReID_parlor,datasets/id/external/sideviewcows2026/parlor/images/975/975_0183.jpg,FasterRCNN_v2,3,5,detected,218.84,45.69,484.4,316.55,0.5069,413.2,539,511
sample_0238,SideViewCows2026,ReID_parlor,datasets/id/external/sideviewcows2026/parlor/images/975/975_0183.jpg,FasterRCNN_v2,4,5,detected,507.11,312.75,538.6,401.11,0.3508,413.2,539,511
sample_0238,SideViewCows2026,ReID_parlor,datasets/id/external/sideviewcows2026/parlor/images/975/975_0183.jpg,FasterRCNN_v2,5,5,detected,0.21,274.37,23.29,448.63,0.2968,413.2,539,511
sample_0238,SideViewCows2026,ReID_parlor,datasets/id/external/sideviewcows2026/parlor/images/975/975_0183.jpg,RT-DETR-L,1,2,detected,1.56,22.79,540.01,473.6,0.9414,95.2,539,511
sample_0238,SideViewCows2026,ReID_parlor,datasets/id/external/sideviewcows2026/parlor/images/975/975_0183.jpg,RT-DETR-L,2,2,detected,239.1,151.22,538.74,413.76,0.3722,95.2,539,511
sample_0239,SideViewCows2026,ReID_parlor,datasets/id/external/sideviewcows2026/parlor/images/345/345_0354.jpg,YOLOv8s,1,1,detected,1.95,5.35,948.85,460.7,0.8537,23.19,954,467
sample_0239,SideViewCows2026,ReID_parlor,datasets/id/external/sideviewcows2026/parlor/images/345/345_0354.jpg,FasterRCNN_v2,1,2,detected,157.14,7.85,940.53,462.51,0.9988,459.73,954,467
sample_0239,SideViewCows2026,ReID_parlor,datasets/id/external/sideviewcows2026/parlor/images/345/345_0354.jpg,FasterRCNN_v2,2,2,detected,0.0,14.11,813.71,295.98,0.3438,459.73,954,467
sample_0239,SideViewCows2026,ReID_parlor,datasets/id/external/sideviewcows2026/parlor/images/345/345_0354.jpg,RT-DETR-L,1,3,detected,-1.45,1.18,951.15,466.95,0.9758,93.78,954,467
sample_0239,SideViewCows2026,ReID_parlor,datasets/id/external/sideviewcows2026/parlor/images/345/345_0354.jpg,RT-DETR-L,2,3,detected,0.15,0.01,935.72,231.93,0.6507,93.78,954,467
sample_0239,SideViewCows2026,ReID_parlor,datasets/id/external/sideviewcows2026/parlor/images/345/345_0354.jpg,RT-DETR-L,3,3,detected,-0.71,-0.06,826.83,226.99,0.3987,93.78,954,467
sample_0240,SideViewCows2026,ReID_parlor,datasets/id/external/sideviewcows2026/parlor/images/823/823_0012.jpg,YOLOv8s,1,5,detected,210.76,4.78,1066.02,566.69,0.8481,23.94,1092,576
sample_0240,SideViewCows2026,ReID_parlor,datasets/id/external/sideviewcows2026/parlor/images/823/823_0012.jpg,YOLOv8s,2,5,detected,0.12,83.28,74.47,303.52,0.7004,23.94,1092,576
sample_0240,SideViewCows2026,ReID_parlor,datasets/id/external/sideviewcows2026/parlor/images/823/823_0012.jpg,YOLOv8s,3,5,detected,101.14,1.97,420.87,242.23,0.5222,23.94,1092,576
sample_0240,SideViewCows2026,ReID_parlor,datasets/id/external/sideviewcows2026/parlor/images/823/823_0012.jpg,YOLOv8s,4,5,detected,0.1,0.46,94.27,121.4,0.3112,23.94,1092,576
sample_0240,SideViewCows2026,ReID_parlor,datasets/id/external/sideviewcows2026/parlor/images/823/823_0012.jpg,YOLOv8s,5,5,detected,0.53,320.69,437.48,570.43,0.3031,23.94,1092,576
sample_0240,SideViewCows2026,ReID_parlor,datasets/id/external/sideviewcows2026/parlor/images/823/823_0012.jpg,FasterRCNN_v2,1,12,detected,96.37,2.7,919.52,573.95,0.9971,473.96,1092,576
sample_0240,SideViewCows2026,ReID_parlor,datasets/id/external/sideviewcows2026/parlor/images/823/823_0012.jpg,FasterRCNN_v2,2,12,detected,0.24,82.41,76.12,304.46,0.9904,473.96,1092,576
sample_0240,SideViewCows2026,ReID_parlor,datasets/id/external/sideviewcows2026/parlor/images/823/823_0012.jpg,FasterRCNN_v2,3,12,detected,0.41,2.36,203.98,235.85,0.9233,473.96,1092,576
sample_0240,SideViewCows2026,ReID_parlor,datasets/id/external/sideviewcows2026/parlor/images/823/823_0012.jpg,FasterRCNN_v2,4,12,detected,86.89,7.82,233.24,235.71,0.9228,473.96,1092,576
sample_0240,SideViewCows2026,ReID_parlor,datasets/id/external/sideviewcows2026/parlor/images/823/823_0012.jpg,FasterRCNN_v2,5,12,detected,1.63,4.82,133.35,180.72,0.8476,473.96,1092,576
sample_0240,SideViewCows2026,ReID_parlor,datasets/id/external/sideviewcows2026/parlor/images/823/823_0012.jpg,FasterRCNN_v2,6,12,detected,0.69,2.11,96.77,114.65,0.6408,473.96,1092,576
sample_0240,SideViewCows2026,ReID_parlor,datasets/id/external/sideviewcows2026/parlor/images/823/823_0012.jpg,FasterRCNN_v2,7,12,detected,0.0,73.38,80.74,197.95,0.5564,473.96,1092,576
sample_0240,SideViewCows2026,ReID_parlor,datasets/id/external/sideviewcows2026/parlor/images/823/823_0012.jpg,FasterRCNN_v2,8,12,detected,7.34,305.75,415.28,566.67,0.5309,473.96,1092,576
sample_0240,SideViewCows2026,ReID_parlor,datasets/id/external/sideviewcows2026/parlor/images/823/823_0012.jpg,FasterRCNN_v2,9,12,detected,443.12,13.02,1017.42,539.61,0.4843,473.96,1092,576
sample_0240,SideViewCows2026,ReID_parlor,datasets/id/external/sideviewcows2026/parlor/images/823/823_0012.jpg,FasterRCNN_v2,10,12,detected,111.0,0.22,377.63,55.94,0.3132,473.96,1092,576
sample_0240,SideViewCows2026,ReID_parlor,datasets/id/external/sideviewcows2026/parlor/images/823/823_0012.jpg,FasterRCNN_v2,11,12,detected,895.16,177.48,996.84,351.49,0.2877,473.96,1092,576
sample_0240,SideViewCows2026,ReID_parlor,datasets/id/external/sideviewcows2026/parlor/images/823/823_0012.jpg,FasterRCNN_v2,12,12,detected,674.43,29.45,1050.16,483.63,0.2737,473.96,1092,576
sample_0240,SideViewCows2026,ReID_parlor,datasets/id/external/sideviewcows2026/parlor/images/823/823_0012.jpg,RT-DETR-L,1,23,detected,213.89,7.17,931.35,568.9,0.9602,93.77,1092,576
sample_0240,SideViewCows2026,ReID_parlor,datasets/id/external/sideviewcows2026/parlor/images/823/823_0012.jpg,RT-DETR-L,2,23,detected,0.29,318.0,397.98,574.28,0.7063,93.77,1092,576
sample_0240,SideViewCows2026,ReID_parlor,datasets/id/external/sideviewcows2026/parlor/images/823/823_0012.jpg,RT-DETR-L,3,23,detected,-0.1,153.63,65.1,303.6,0.5192,93.77,1092,576
sample_0240,SideViewCows2026,ReID_parlor,datasets/id/external/sideviewcows2026/parlor/images/823/823_0012.jpg,RT-DETR-L,4,23,detected,0.01,80.05,78.36,199.4,0.4279,93.77,1092,576
sample_0240,SideViewCows2026,ReID_parlor,datasets/id/external/sideviewcows2026/parlor/images/823/823_0012.jpg,RT-DETR-L,5,23,detected,99.7,0.62,415.75,244.32,0.4243,93.77,1092,576
sample_0240,SideViewCows2026,ReID_parlor,datasets/id/external/sideviewcows2026/parlor/images/823/823_0012.jpg,RT-DETR-L,6,23,detected,114.13,-0.04,415.2,63.79,0.396,93.77,1092,576
sample_0240,SideViewCows2026,ReID_parlor,datasets/id/external/sideviewcows2026/parlor/images/823/823_0012.jpg,RT-DETR-L,7,23,detected,159.84,245.42,288.32,335.55,0.3768,93.77,1092,576
sample_0240,SideViewCows2026,ReID_parlor,datasets/id/external/sideviewcows2026/parlor/images/823/823_0012.jpg,RT-DETR-L,8,23,detected,87.87,9.04,224.99,244.79,0.3759,93.77,1092,576
sample_0240,SideViewCows2026,ReID_parlor,datasets/id/external/sideviewcows2026/parlor/images/823/823_0012.jpg,RT-DETR-L,9,23,detected,-0.11,82.29,64.65,164.23,0.3308,93.77,1092,576
sample_0240,SideViewCows2026,ReID_parlor,datasets/id/external/sideviewcows2026/parlor/images/823/823_0012.jpg,RT-DETR-L,10,23,detected,-0.21,0.66,63.69,109.17,0.3193,93.77,1092,576
sample_0240,SideViewCows2026,ReID_parlor,datasets/id/external/sideviewcows2026/parlor/images/823/823_0012.jpg,RT-DETR-L,11,23,detected,0.33,-0.08,52.92,34.96,0.2981,93.77,1092,576
sample_0240,SideViewCows2026,ReID_parlor,datasets/id/external/sideviewcows2026/parlor/images/823/823_0012.jpg,RT-DETR-L,12,23,detected,105.16,0.36,417.8,117.73,0.2912,93.77,1092,576
sample_0240,SideViewCows2026,ReID_parlor,datasets/id/external/sideviewcows2026/parlor/images/823/823_0012.jpg,RT-DETR-L,13,23,detected,-0.17,1.25,185.25,246.19,0.2893,93.77,1092,576
sample_0240,SideViewCows2026,ReID_parlor,datasets/id/external/sideviewcows2026/parlor/images/823/823_0012.jpg,RT-DETR-L,14,23,detected,801.27,10.9,1008.25,414.53,0.2878,93.77,1092,576
sample_0240,SideViewCows2026,ReID_parlor,datasets/id/external/sideviewcows2026/parlor/images/823/823_0012.jpg,RT-DETR-L,15,23,detected,926.17,221.29,1017.49,440.22,0.2843,93.77,1092,576
sample_0240,SideViewCows2026,ReID_parlor,datasets/id/external/sideviewcows2026/parlor/images/823/823_0012.jpg,RT-DETR-L,16,23,detected,940.19,221.84,1019.68,336.49,0.2804,93.77,1092,576
sample_0240,SideViewCows2026,ReID_parlor,datasets/id/external/sideviewcows2026/parlor/images/823/823_0012.jpg,RT-DETR-L,17,23,detected,843.94,180.44,1016.94,412.74,0.2794,93.77,1092,576
sample_0240,SideViewCows2026,ReID_parlor,datasets/id/external/sideviewcows2026/parlor/images/823/823_0012.jpg,RT-DETR-L,18,23,detected,-0.22,1.38,129.16,106.9,0.2726,93.77,1092,576
sample_0240,SideViewCows2026,ReID_parlor,datasets/id/external/sideviewcows2026/parlor/images/823/823_0012.jpg,RT-DETR-L,19,23,detected,-0.24,6.68,77.98,198.67,0.2695,93.77,1092,576
sample_0240,SideViewCows2026,ReID_parlor,datasets/id/external/sideviewcows2026/parlor/images/823/823_0012.jpg,RT-DETR-L,20,23,detected,802.73,11.03,955.03,195.79,0.2577,93.77,1092,576
sample_0240,SideViewCows2026,ReID_parlor,datasets/id/external/sideviewcows2026/parlor/images/823/823_0012.jpg,RT-DETR-L,21,23,detected,923.13,220.04,1019.75,340.49,0.2549,93.77,1092,576
sample_0240,SideViewCows2026,ReID_parlor,datasets/id/external/sideviewcows2026/parlor/images/823/823_0012.jpg,RT-DETR-L,22,23,detected,-0.09,0.82,71.34,159.52,0.2545,93.77,1092,576
sample_0240,SideViewCows2026,ReID_parlor,datasets/id/external/sideviewcows2026/parlor/images/823/823_0012.jpg,RT-DETR-L,23,23,detected,902.24,179.99,1018.54,343.73,0.2539,93.77,1092,576
sample_0241,SideViewCows2026,ReID_barn,datasets/id/external/sideviewcows2026/barn/images/687/687_0022.jpg,YOLOv8s,1,1,detected,5.59,0.0,1918.93,1069.08,0.9456,27.86,1920,1080
sample_0241,SideViewCows2026,ReID_barn,datasets/id/external/sideviewcows2026/barn/images/687/687_0022.jpg,FasterRCNN_v2,1,1,detected,202.37,13.5,1920.0,1073.45,0.9966,509.99,1920,1080
sample_0241,SideViewCows2026,ReID_barn,datasets/id/external/sideviewcows2026/barn/images/687/687_0022.jpg,RT-DETR-L,1,1,detected,0.33,-1.49,1920.31,1077.84,0.9799,94.83,1920,1080
sample_0242,SideViewCows2026,ReID_barn,datasets/id/external/sideviewcows2026/barn/images/491/491_0086.jpg,YOLOv8s,1,2,detected,2.99,74.11,1754.46,1071.2,0.8609,29.19,1920,1080
sample_0242,SideViewCows2026,ReID_barn,datasets/id/external/sideviewcows2026/barn/images/491/491_0086.jpg,YOLOv8s,2,2,detected,1531.97,33.6,1625.32,176.75,0.349,29.19,1920,1080
sample_0242,SideViewCows2026,ReID_barn,datasets/id/external/sideviewcows2026/barn/images/491/491_0086.jpg,FasterRCNN_v2,1,18,detected,0.0,63.58,1721.75,1071.85,0.9993,504.97,1920,1080
sample_0242,SideViewCows2026,ReID_barn,datasets/id/external/sideviewcows2026/barn/images/491/491_0086.jpg,FasterRCNN_v2,2,18,detected,1625.99,60.44,1831.19,216.24,0.7674,504.97,1920,1080
sample_0242,SideViewCows2026,ReID_barn,datasets/id/external/sideviewcows2026/barn/images/491/491_0086.jpg,FasterRCNN_v2,3,18,detected,1655.84,54.85,1819.05,115.27,0.7209,504.97,1920,1080
sample_0242,SideViewCows2026,ReID_barn,datasets/id/external/sideviewcows2026/barn/images/491/491_0086.jpg,FasterRCNN_v2,4,18,detected,767.75,65.78,848.82,100.78,0.7087,504.97,1920,1080
sample_0242,SideViewCows2026,ReID_barn,datasets/id/external/sideviewcows2026/barn/images/491/491_0086.jpg,FasterRCNN_v2,5,18,detected,1618.72,56.48,1740.76,108.14,0.67,504.97,1920,1080
sample_0242,SideViewCows2026,ReID_barn,datasets/id/external/sideviewcows2026/barn/images/491/491_0086.jpg,FasterRCNN_v2,6,18,detected,1832.76,110.86,1919.68,179.69,0.6507,504.97,1920,1080
sample_0242,SideViewCows2026,ReID_barn,datasets/id/external/sideviewcows2026/barn/images/491/491_0086.jpg,FasterRCNN_v2,7,18,detected,652.33,64.59,840.76,102.75,0.5205,504.97,1920,1080
sample_0242,SideViewCows2026,ReID_barn,datasets/id/external/sideviewcows2026/barn/images/491/491_0086.jpg,FasterRCNN_v2,8,18,detected,1781.53,76.14,1917.91,153.64,0.5065,504.97,1920,1080
sample_0242,SideViewCows2026,ReID_barn,datasets/id/external/sideviewcows2026/barn/images/491/491_0086.jpg,FasterRCNN_v2,9,18,detected,1650.62,72.79,1754.05,114.41,0.4749,504.97,1920,1080
sample_0242,SideViewCows2026,ReID_barn,datasets/id/external/sideviewcows2026/barn/images/491/491_0086.jpg,FasterRCNN_v2,10,18,detected,1729.63,58.74,1810.33,96.95,0.3782,504.97,1920,1080
sample_0242,SideViewCows2026,ReID_barn,datasets/id/external/sideviewcows2026/barn/images/491/491_0086.jpg,FasterRCNN_v2,11,18,detected,1655.07,57.7,1740.97,93.61,0.3781,504.97,1920,1080
sample_0242,SideViewCows2026,ReID_barn,datasets/id/external/sideviewcows2026/barn/images/491/491_0086.jpg,FasterRCNN_v2,12,18,detected,1735.68,57.0,1809.29,79.42,0.3713,504.97,1920,1080
sample_0242,SideViewCows2026,ReID_barn,datasets/id/external/sideviewcows2026/barn/images/491/491_0086.jpg,FasterRCNN_v2,13,18,detected,1245.85,70.21,1287.94,107.04,0.3686,504.97,1920,1080
sample_0242,SideViewCows2026,ReID_barn,datasets/id/external/sideviewcows2026/barn/images/491/491_0086.jpg,FasterRCNN_v2,14,18,detected,433.39,71.58,778.88,105.59,0.345,504.97,1920,1080
sample_0242,SideViewCows2026,ReID_barn,datasets/id/external/sideviewcows2026/barn/images/491/491_0086.jpg,FasterRCNN_v2,15,18,detected,642.44,73.18,751.23,102.33,0.3009,504.97,1920,1080
sample_0242,SideViewCows2026,ReID_barn,datasets/id/external/sideviewcows2026/barn/images/491/491_0086.jpg,FasterRCNN_v2,16,18,detected,1786.53,54.59,1820.12,72.41,0.2904,504.97,1920,1080
sample_0242,SideViewCows2026,ReID_barn,datasets/id/external/sideviewcows2026/barn/images/491/491_0086.jpg,FasterRCNN_v2,17,18,detected,1654.11,58.55,1906.71,139.61,0.2857,504.97,1920,1080
sample_0242,SideViewCows2026,ReID_barn,datasets/id/external/sideviewcows2026/barn/images/491/491_0086.jpg,FasterRCNN_v2,18,18,detected,1653.38,72.26,1813.45,146.97,0.2838,504.97,1920,1080
sample_0242,SideViewCows2026,ReID_barn,datasets/id/external/sideviewcows2026/barn/images/491/491_0086.jpg,RT-DETR-L,1,11,detected,0.36,77.31,1696.01,1073.62,0.9755,93.53,1920,1080
sample_0242,SideViewCows2026,ReID_barn,datasets/id/external/sideviewcows2026/barn/images/491/491_0086.jpg,RT-DETR-L,2,11,detected,1529.82,29.91,1625.82,177.69,0.5337,93.53,1920,1080
sample_0242,SideViewCows2026,ReID_barn,datasets/id/external/sideviewcows2026/barn/images/491/491_0086.jpg,RT-DETR-L,3,11,detected,439.71,71.15,739.64,105.38,0.4492,93.53,1920,1080
sample_0242,SideViewCows2026,ReID_barn,datasets/id/external/sideviewcows2026/barn/images/491/491_0086.jpg,RT-DETR-L,4,11,detected,512.45,72.18,670.31,105.97,0.3379,93.53,1920,1080
sample_0242,SideViewCows2026,ReID_barn,datasets/id/external/sideviewcows2026/barn/images/491/491_0086.jpg,RT-DETR-L,5,11,detected,438.67,72.88,671.46,105.28,0.3326,93.53,1920,1080
sample_0242,SideViewCows2026,ReID_barn,datasets/id/external/sideviewcows2026/barn/images/491/491_0086.jpg,RT-DETR-L,6,11,detected,1191.67,66.88,1290.63,107.2,0.2774,93.53,1920,1080
sample_0242,SideViewCows2026,ReID_barn,datasets/id/external/sideviewcows2026/barn/images/491/491_0086.jpg,RT-DETR-L,7,11,detected,174.25,499.54,279.59,654.25,0.2693,93.53,1920,1080
sample_0242,SideViewCows2026,ReID_barn,datasets/id/external/sideviewcows2026/barn/images/491/491_0086.jpg,RT-DETR-L,8,11,detected,-0.98,121.46,270.64,769.27,0.2546,93.53,1920,1080
sample_0242,SideViewCows2026,ReID_barn,datasets/id/external/sideviewcows2026/barn/images/491/491_0086.jpg,RT-DETR-L,9,11,detected,1653.1,55.38,1819.74,116.89,0.2529,93.53,1920,1080
sample_0242,SideViewCows2026,ReID_barn,datasets/id/external/sideviewcows2026/barn/images/491/491_0086.jpg,RT-DETR-L,10,11,detected,1651.44,75.82,1762.82,116.07,0.2512,93.53,1920,1080
sample_0242,SideViewCows2026,ReID_barn,datasets/id/external/sideviewcows2026/barn/images/491/491_0086.jpg,RT-DETR-L,11,11,detected,203.39,74.88,337.76,117.96,0.2503,93.53,1920,1080
sample_0243,SideViewCows2026,ReID_barn,datasets/id/external/sideviewcows2026/barn/images/128/128_0217.jpg,YOLOv8s,1,7,detected,4.22,211.02,1881.87,1074.09,0.8678,25.66,1920,1080
sample_0243,SideViewCows2026,ReID_barn,datasets/id/external/sideviewcows2026/barn/images/128/128_0217.jpg,YOLOv8s,2,7,detected,1687.09,731.02,1919.2,1018.82,0.7367,25.66,1920,1080
sample_0243,SideViewCows2026,ReID_barn,datasets/id/external/sideviewcows2026/barn/images/128/128_0217.jpg,YOLOv8s,3,7,detected,379.41,149.81,881.79,264.61,0.5002,25.66,1920,1080
sample_0243,SideViewCows2026,ReID_barn,datasets/id/external/sideviewcows2026/barn/images/128/128_0217.jpg,YOLOv8s,4,7,detected,237.33,133.45,466.7,241.91,0.3678,25.66,1920,1080
sample_0243,SideViewCows2026,ReID_barn,datasets/id/external/sideviewcows2026/barn/images/128/128_0217.jpg,YOLOv8s,5,7,detected,1496.2,277.87,1917.93,537.04,0.3272,25.66,1920,1080
sample_0243,SideViewCows2026,ReID_barn,datasets/id/external/sideviewcows2026/barn/images/128/128_0217.jpg,YOLOv8s,6,7,detected,1762.9,274.94,1888.35,381.03,0.2814,25.66,1920,1080
sample_0243,SideViewCows2026,ReID_barn,datasets/id/external/sideviewcows2026/barn/images/128/128_0217.jpg,YOLOv8s,7,7,detected,4.13,133.03,464.35,296.2,0.2775,25.66,1920,1080
sample_0243,SideViewCows2026,ReID_barn,datasets/id/external/sideviewcows2026/barn/images/128/128_0217.jpg,FasterRCNN_v2,1,18,detected,5.44,192.33,1620.66,1078.42,0.9996,505.81,1920,1080
sample_0243,SideViewCows2026,ReID_barn,datasets/id/external/sideviewcows2026/barn/images/128/128_0217.jpg,FasterRCNN_v2,2,18,detected,1687.5,741.95,1917.71,1023.83,0.9933,505.81,1920,1080
sample_0243,SideViewCows2026,ReID_barn,datasets/id/external/sideviewcows2026/barn/images/128/128_0217.jpg,FasterRCNN_v2,3,18,detected,2.26,139.83,288.03,345.36,0.9911,505.81,1920,1080
sample_0243,SideViewCows2026,ReID_barn,datasets/id/external/sideviewcows2026/barn/images/128/128_0217.jpg,FasterRCNN_v2,4,18,detected,427.97,150.63,854.52,268.46,0.9758,505.81,1920,1080
sample_0243,SideViewCows2026,ReID_barn,datasets/id/external/sideviewcows2026/barn/images/128/128_0217.jpg,FasterRCNN_v2,5,18,detected,236.4,132.21,456.05,241.98,0.9669,505.81,1920,1080
sample_0243,SideViewCows2026,ReID_barn,datasets/id/external/sideviewcows2026/barn/images/128/128_0217.jpg,FasterRCNN_v2,6,18,detected,1627.75,258.02,1891.64,392.99,0.9111,505.81,1920,1080
sample_0243,SideViewCows2026,ReID_barn,datasets/id/external/sideviewcows2026/barn/images/128/128_0217.jpg,FasterRCNN_v2,7,18,detected,1498.22,256.59,1919.07,499.31,0.8796,505.81,1920,1080
sample_0243,SideViewCows2026,ReID_barn,datasets/id/external/sideviewcows2026/barn/images/128/128_0217.jpg,FasterRCNN_v2,8,18,detected,1352.53,245.97,1899.29,794.49,0.851,505.81,1920,1080
sample_0243,SideViewCows2026,ReID_barn,datasets/id/external/sideviewcows2026/barn/images/128/128_0217.jpg,FasterRCNN_v2,9,18,detected,1499.04,262.69,1649.95,380.95,0.8425,505.81,1920,1080
sample_0243,SideViewCows2026,ReID_barn,datasets/id/external/sideviewcows2026/barn/images/128/128_0217.jpg,FasterRCNN_v2,10,18,detected,1515.32,310.32,1642.79,379.8,0.7246,505.81,1920,1080
sample_0243,SideViewCows2026,ReID_barn,datasets/id/external/sideviewcows2026/barn/images/128/128_0217.jpg,FasterRCNN_v2,11,18,detected,350.89,156.19,495.84,230.26,0.6426,505.81,1920,1080
sample_0243,SideViewCows2026,ReID_barn,datasets/id/external/sideviewcows2026/barn/images/128/128_0217.jpg,FasterRCNN_v2,12,18,detected,1199.68,221.77,1389.37,244.77,0.5832,505.81,1920,1080
sample_0243,SideViewCows2026,ReID_barn,datasets/id/external/sideviewcows2026/barn/images/128/128_0217.jpg,FasterRCNN_v2,13,18,detected,1505.9,272.14,1771.91,393.97,0.4469,505.81,1920,1080
sample_0243,SideViewCows2026,ReID_barn,datasets/id/external/sideviewcows2026/barn/images/128/128_0217.jpg,FasterRCNN_v2,14,18,detected,1112.79,217.4,1257.53,243.3,0.3676,505.81,1920,1080
sample_0243,SideViewCows2026,ReID_barn,datasets/id/external/sideviewcows2026/barn/images/128/128_0217.jpg,FasterRCNN_v2,15,18,detected,1604.4,273.31,1710.06,384.73,0.3655,505.81,1920,1080
sample_0243,SideViewCows2026,ReID_barn,datasets/id/external/sideviewcows2026/barn/images/128/128_0217.jpg,FasterRCNN_v2,16,18,detected,6.72,100.32,335.39,1028.69,0.3613,505.81,1920,1080
sample_0243,SideViewCows2026,ReID_barn,datasets/id/external/sideviewcows2026/barn/images/128/128_0217.jpg,FasterRCNN_v2,17,18,detected,1624.9,260.31,1757.95,389.6,0.3472,505.81,1920,1080
sample_0243,SideViewCows2026,ReID_barn,datasets/id/external/sideviewcows2026/barn/images/128/128_0217.jpg,FasterRCNN_v2,18,18,detected,1104.33,213.82,1406.2,247.82,0.284,505.81,1920,1080
sample_0243,SideViewCows2026,ReID_barn,datasets/id/external/sideviewcows2026/barn/images/128/128_0217.jpg,RT-DETR-L,1,22,detected,4.68,219.02,1919.5,1074.75,0.9739,93.06,1920,1080
sample_0243,SideViewCows2026,ReID_barn,datasets/id/external/sideviewcows2026/barn/images/128/128_0217.jpg,RT-DETR-L,2,22,detected,1683.93,728.69,1919.68,1019.18,0.8254,93.06,1920,1080
sample_0243,SideViewCows2026,ReID_barn,datasets/id/external/sideviewcows2026/barn/images/128/128_0217.jpg,RT-DETR-L,3,22,detected,436.86,149.63,906.89,264.43,0.7689,93.06,1920,1080
sample_0243,SideViewCows2026,ReID_barn,datasets/id/external/sideviewcows2026/barn/images/128/128_0217.jpg,RT-DETR-L,4,22,detected,1.39,141.11,281.26,294.24,0.7567,93.06,1920,1080
sample_0243,SideViewCows2026,ReID_barn,datasets/id/external/sideviewcows2026/barn/images/128/128_0217.jpg,RT-DETR-L,5,22,detected,237.1,133.36,451.48,240.95,0.748,93.06,1920,1080
sample_0243,SideViewCows2026,ReID_barn,datasets/id/external/sideviewcows2026/barn/images/128/128_0217.jpg,RT-DETR-L,6,22,detected,1675.41,284.43,1887.55,391.64,0.5375,93.06,1920,1080
sample_0243,SideViewCows2026,ReID_barn,datasets/id/external/sideviewcows2026/barn/images/128/128_0217.jpg,RT-DETR-L,7,22,detected,349.98,157.08,497.38,228.56,0.4847,93.06,1920,1080
sample_0243,SideViewCows2026,ReID_barn,datasets/id/external/sideviewcows2026/barn/images/128/128_0217.jpg,RT-DETR-L,8,22,detected,1498.99,256.51,1637.01,298.52,0.3939,93.06,1920,1080
sample_0243,SideViewCows2026,ReID_barn,datasets/id/external/sideviewcows2026/barn/images/128/128_0217.jpg,RT-DETR-L,9,22,detected,1616.72,264.33,1781.61,383.31,0.3628,93.06,1920,1080
sample_0243,SideViewCows2026,ReID_barn,datasets/id/external/sideviewcows2026/barn/images/128/128_0217.jpg,RT-DETR-L,10,22,detected,1276.42,221.91,1386.73,244.6,0.3537,93.06,1920,1080
sample_0243,SideViewCows2026,ReID_barn,datasets/id/external/sideviewcows2026/barn/images/128/128_0217.jpg,RT-DETR-L,11,22,detected,784.84,185.89,1037.75,261.24,0.3479,93.06,1920,1080
sample_0243,SideViewCows2026,ReID_barn,datasets/id/external/sideviewcows2026/barn/images/128/128_0217.jpg,RT-DETR-L,12,22,detected,1652.36,999.43,1919.73,1079.55,0.3317,93.06,1920,1080
sample_0243,SideViewCows2026,ReID_barn,datasets/id/external/sideviewcows2026/barn/images/128/128_0217.jpg,RT-DETR-L,13,22,detected,1748.21,283.71,1888.9,385.3,0.3234,93.06,1920,1080
sample_0243,SideViewCows2026,ReID_barn,datasets/id/external/sideviewcows2026/barn/images/128/128_0217.jpg,RT-DETR-L,14,22,detected,0.25,370.32,108.99,891.07,0.2988,93.06,1920,1080
sample_0243,SideViewCows2026,ReID_barn,datasets/id/external/sideviewcows2026/barn/images/128/128_0217.jpg,RT-DETR-L,15,22,detected,1500.42,279.6,1710.89,383.43,0.2952,93.06,1920,1080
sample_0243,SideViewCows2026,ReID_barn,datasets/id/external/sideviewcows2026/barn/images/128/128_0217.jpg,RT-DETR-L,16,22,detected,1504.22,271.97,1887.13,388.1,0.2913,93.06,1920,1080
sample_0243,SideViewCows2026,ReID_barn,datasets/id/external/sideviewcows2026/barn/images/128/128_0217.jpg,RT-DETR-L,17,22,detected,1277.35,222.0,1452.28,270.65,0.2896,93.06,1920,1080
sample_0243,SideViewCows2026,ReID_barn,datasets/id/external/sideviewcows2026/barn/images/128/128_0217.jpg,RT-DETR-L,18,22,detected,1497.98,257.16,1645.96,376.15,0.2742,93.06,1920,1080
sample_0243,SideViewCows2026,ReID_barn,datasets/id/external/sideviewcows2026/barn/images/128/128_0217.jpg,RT-DETR-L,19,22,detected,780.71,201.62,1039.01,264.28,0.2738,93.06,1920,1080
sample_0243,SideViewCows2026,ReID_barn,datasets/id/external/sideviewcows2026/barn/images/128/128_0217.jpg,RT-DETR-L,20,22,detected,1629.25,256.99,1779.69,298.11,0.2677,93.06,1920,1080
sample_0243,SideViewCows2026,ReID_barn,datasets/id/external/sideviewcows2026/barn/images/128/128_0217.jpg,RT-DETR-L,21,22,detected,787.62,182.88,936.75,239.52,0.2573,93.06,1920,1080
sample_0243,SideViewCows2026,ReID_barn,datasets/id/external/sideviewcows2026/barn/images/128/128_0217.jpg,RT-DETR-L,22,22,detected,1619.82,262.25,1717.62,382.54,0.2538,93.06,1920,1080
sample_0244,SideViewCows2026,ReID_barn,datasets/id/external/sideviewcows2026/barn/images/594/594_0847.jpg,YOLOv8s,1,1,detected,25.94,76.52,1873.2,1068.14,0.9264,23.21,1920,1080
sample_0244,SideViewCows2026,ReID_barn,datasets/id/external/sideviewcows2026/barn/images/594/594_0847.jpg,FasterRCNN_v2,1,2,detected,23.66,65.14,1831.75,1080.0,0.9997,502.94,1920,1080
sample_0244,SideViewCows2026,ReID_barn,datasets/id/external/sideviewcows2026/barn/images/594/594_0847.jpg,FasterRCNN_v2,2,2,detected,1678.05,136.21,1914.94,226.51,0.2917,502.94,1920,1080
sample_0244,SideViewCows2026,ReID_barn,datasets/id/external/sideviewcows2026/barn/images/594/594_0847.jpg,RT-DETR-L,1,1,detected,41.54,77.38,1796.97,1078.81,0.9763,94.45,1920,1080
sample_0245,SideViewCows2026,ReID_barn,datasets/id/external/sideviewcows2026/barn/images/320/320_0011.jpg,YOLOv8s,1,2,detected,1.93,37.07,1690.23,1068.65,0.9192,23.81,1920,1080
sample_0245,SideViewCows2026,ReID_barn,datasets/id/external/sideviewcows2026/barn/images/320/320_0011.jpg,YOLOv8s,2,2,detected,1591.7,472.58,1919.5,1069.0,0.8377,23.81,1920,1080
sample_0245,SideViewCows2026,ReID_barn,datasets/id/external/sideviewcows2026/barn/images/320/320_0011.jpg,FasterRCNN_v2,1,4,detected,128.98,26.46,1665.17,1080.0,0.9998,504.17,1920,1080
sample_0245,SideViewCows2026,ReID_barn,datasets/id/external/sideviewcows2026/barn/images/320/320_0011.jpg,FasterRCNN_v2,2,4,detected,1594.87,449.86,1918.45,1078.04,0.997,504.17,1920,1080
sample_0245,SideViewCows2026,ReID_barn,datasets/id/external/sideviewcows2026/barn/images/320/320_0011.jpg,FasterRCNN_v2,3,4,detected,1335.29,158.03,1916.52,1033.17,0.7616,504.17,1920,1080
sample_0245,SideViewCows2026,ReID_barn,datasets/id/external/sideviewcows2026/barn/images/320/320_0011.jpg,FasterRCNN_v2,4,4,detected,870.07,41.97,1679.91,1058.91,0.5623,504.17,1920,1080
sample_0245,SideViewCows2026,ReID_barn,datasets/id/external/sideviewcows2026/barn/images/320/320_0011.jpg,RT-DETR-L,1,2,detected,1.44,32.81,1677.95,1076.33,0.9791,95.16,1920,1080
sample_0245,SideViewCows2026,ReID_barn,datasets/id/external/sideviewcows2026/barn/images/320/320_0011.jpg,RT-DETR-L,2,2,detected,1589.88,467.66,1920.3,1075.44,0.8554,95.16,1920,1080
sample_0246,SideViewCows2026,ReID_barn,datasets/id/external/sideviewcows2026/barn/images/475/475_0091.jpg,YOLOv8s,1,3,detected,6.57,53.04,1913.5,1071.45,0.8601,23.05,1920,1080
sample_0246,SideViewCows2026,ReID_barn,datasets/id/external/sideviewcows2026/barn/images/475/475_0091.jpg,YOLOv8s,2,3,detected,1583.8,656.4,1919.22,1072.03,0.7302,23.05,1920,1080
sample_0246,SideViewCows2026,ReID_barn,datasets/id/external/sideviewcows2026/barn/images/475/475_0091.jpg,YOLOv8s,3,3,detected,88.88,3.35,1153.54,143.73,0.4275,23.05,1920,1080
sample_0246,SideViewCows2026,ReID_barn,datasets/id/external/sideviewcows2026/barn/images/475/475_0091.jpg,FasterRCNN_v2,1,4,detected,210.22,66.96,1904.54,1080.0,0.9989,506.58,1920,1080
sample_0246,SideViewCows2026,ReID_barn,datasets/id/external/sideviewcows2026/barn/images/475/475_0091.jpg,FasterRCNN_v2,2,4,detected,1466.41,668.4,1912.77,1071.52,0.7065,506.58,1920,1080
sample_0246,SideViewCows2026,ReID_barn,datasets/id/external/sideviewcows2026/barn/images/475/475_0091.jpg,FasterRCNN_v2,3,4,detected,0.0,61.17,1031.75,1078.88,0.6647,506.58,1920,1080
sample_0246,SideViewCows2026,ReID_barn,datasets/id/external/sideviewcows2026/barn/images/475/475_0091.jpg,FasterRCNN_v2,4,4,detected,1.95,0.45,144.24,96.75,0.4475,506.58,1920,1080
sample_0246,SideViewCows2026,ReID_barn,datasets/id/external/sideviewcows2026/barn/images/475/475_0091.jpg,RT-DETR-L,1,8,detected,1.53,75.92,1912.46,1075.14,0.9773,94.6,1920,1080
sample_0246,SideViewCows2026,ReID_barn,datasets/id/external/sideviewcows2026/barn/images/475/475_0091.jpg,RT-DETR-L,2,8,detected,1645.34,652.19,1919.73,1076.08,0.6347,94.6,1920,1080
sample_0246,SideViewCows2026,ReID_barn,datasets/id/external/sideviewcows2026/barn/images/475/475_0091.jpg,RT-DETR-L,3,8,detected,456.41,-0.11,923.55,72.11,0.6238,94.6,1920,1080
sample_0246,SideViewCows2026,ReID_barn,datasets/id/external/sideviewcows2026/barn/images/475/475_0091.jpg,RT-DETR-L,4,8,detected,93.13,0.5,1161.36,136.14,0.5807,94.6,1920,1080
sample_0246,SideViewCows2026,ReID_barn,datasets/id/external/sideviewcows2026/barn/images/475/475_0091.jpg,RT-DETR-L,5,8,detected,1.93,0.21,137.42,95.24,0.4754,94.6,1920,1080
sample_0246,SideViewCows2026,ReID_barn,datasets/id/external/sideviewcows2026/barn/images/475/475_0091.jpg,RT-DETR-L,6,8,detected,1184.57,117.71,1344.16,161.33,0.3242,94.6,1920,1080
sample_0246,SideViewCows2026,ReID_barn,datasets/id/external/sideviewcows2026/barn/images/475/475_0091.jpg,RT-DETR-L,7,8,detected,1461.46,644.91,1919.34,1074.84,0.2919,94.6,1920,1080
sample_0246,SideViewCows2026,ReID_barn,datasets/id/external/sideviewcows2026/barn/images/475/475_0091.jpg,RT-DETR-L,8,8,detected,-0.05,691.0,73.69,1074.56,0.2648,94.6,1920,1080
sample_0247,SideViewCows2026,ReID_barn,datasets/id/external/sideviewcows2026/barn/images/684/684_0327.jpg,YOLOv8s,1,3,detected,4.68,47.54,1888.07,1071.53,0.9152,24.11,1920,1080
sample_0247,SideViewCows2026,ReID_barn,datasets/id/external/sideviewcows2026/barn/images/684/684_0327.jpg,YOLOv8s,2,3,detected,1272.55,2.67,1871.13,295.38,0.8654,24.11,1920,1080
sample_0247,SideViewCows2026,ReID_barn,datasets/id/external/sideviewcows2026/barn/images/684/684_0327.jpg,YOLOv8s,3,3,detected,835.62,0.65,1228.18,129.52,0.286,24.11,1920,1080
sample_0247,SideViewCows2026,ReID_barn,datasets/id/external/sideviewcows2026/barn/images/684/684_0327.jpg,FasterRCNN_v2,1,9,detected,0.0,51.78,1500.24,1079.44,0.9992,501.88,1920,1080
sample_0247,SideViewCows2026,ReID_barn,datasets/id/external/sideviewcows2026/barn/images/684/684_0327.jpg,FasterRCNN_v2,2,9,detected,1266.62,2.47,1881.77,329.31,0.9957,501.88,1920,1080
sample_0247,SideViewCows2026,ReID_barn,datasets/id/external/sideviewcows2026/barn/images/684/684_0327.jpg,FasterRCNN_v2,3,9,detected,649.61,50.05,1785.28,1072.03,0.9501,501.88,1920,1080
sample_0247,SideViewCows2026,ReID_barn,datasets/id/external/sideviewcows2026/barn/images/684/684_0327.jpg,FasterRCNN_v2,4,9,detected,1100.91,25.4,1228.04,133.56,0.9049,501.88,1920,1080
sample_0247,SideViewCows2026,ReID_barn,datasets/id/external/sideviewcows2026/barn/images/684/684_0327.jpg,FasterRCNN_v2,5,9,detected,1132.7,18.64,1869.88,635.95,0.6995,501.88,1920,1080
sample_0247,SideViewCows2026,ReID_barn,datasets/id/external/sideviewcows2026/barn/images/684/684_0327.jpg,FasterRCNN_v2,6,9,detected,1273.92,5.39,1356.45,180.06,0.6135,501.88,1920,1080
sample_0247,SideViewCows2026,ReID_barn,datasets/id/external/sideviewcows2026/barn/images/684/684_0327.jpg,FasterRCNN_v2,7,9,detected,1695.79,25.1,1854.47,115.49,0.4196,501.88,1920,1080
sample_0247,SideViewCows2026,ReID_barn,datasets/id/external/sideviewcows2026/barn/images/684/684_0327.jpg,FasterRCNN_v2,8,9,detected,1773.38,27.42,1850.72,114.23,0.3539,501.88,1920,1080
sample_0247,SideViewCows2026,ReID_barn,datasets/id/external/sideviewcows2026/barn/images/684/684_0327.jpg,FasterRCNN_v2,9,9,detected,1279.35,0.0,1695.43,229.7,0.2664,501.88,1920,1080
sample_0247,SideViewCows2026,ReID_barn,datasets/id/external/sideviewcows2026/barn/images/684/684_0327.jpg,RT-DETR-L,1,9,detected,-1.7,54.29,1910.08,1076.89,0.9743,94.12,1920,1080
sample_0247,SideViewCows2026,ReID_barn,datasets/id/external/sideviewcows2026/barn/images/684/684_0327.jpg,RT-DETR-L,2,9,detected,1280.14,0.23,1876.63,299.32,0.9064,94.12,1920,1080
sample_0247,SideViewCows2026,ReID_barn,datasets/id/external/sideviewcows2026/barn/images/684/684_0327.jpg,RT-DETR-L,3,9,detected,818.14,-0.19,1228.08,132.32,0.5283,94.12,1920,1080
sample_0247,SideViewCows2026,ReID_barn,datasets/id/external/sideviewcows2026/barn/images/684/684_0327.jpg,RT-DETR-L,4,9,detected,-0.51,-0.28,286.31,146.03,0.3459,94.12,1920,1080
sample_0247,SideViewCows2026,ReID_barn,datasets/id/external/sideviewcows2026/barn/images/684/684_0327.jpg,RT-DETR-L,5,9,detected,712.23,-0.52,1228.42,132.6,0.3246,94.12,1920,1080
sample_0247,SideViewCows2026,ReID_barn,datasets/id/external/sideviewcows2026/barn/images/684/684_0327.jpg,RT-DETR-L,6,9,detected,-0.81,-0.42,282.1,105.89,0.3109,94.12,1920,1080
sample_0247,SideViewCows2026,ReID_barn,datasets/id/external/sideviewcows2026/barn/images/684/684_0327.jpg,RT-DETR-L,7,9,detected,-1.2,2.93,286.58,671.67,0.2703,94.12,1920,1080
sample_0247,SideViewCows2026,ReID_barn,datasets/id/external/sideviewcows2026/barn/images/684/684_0327.jpg,RT-DETR-L,8,9,detected,0.99,1.06,849.56,145.98,0.2615,94.12,1920,1080
sample_0247,SideViewCows2026,ReID_barn,datasets/id/external/sideviewcows2026/barn/images/684/684_0327.jpg,RT-DETR-L,9,9,detected,490.35,0.04,852.06,69.19,0.255,94.12,1920,1080
sample_0248,SideViewCows2026,ReID_barn,datasets/id/external/sideviewcows2026/barn/images/345/345_0146.jpg,YOLOv8s,1,4,detected,0.0,95.93,1537.04,1076.62,0.8645,24.1,1920,1080
sample_0248,SideViewCows2026,ReID_barn,datasets/id/external/sideviewcows2026/barn/images/345/345_0146.jpg,YOLOv8s,2,4,detected,602.13,113.83,1246.57,185.54,0.603,24.1,1920,1080
sample_0248,SideViewCows2026,ReID_barn,datasets/id/external/sideviewcows2026/barn/images/345/345_0146.jpg,YOLOv8s,3,4,detected,1364.06,146.56,1919.19,667.68,0.5267,24.1,1920,1080
sample_0248,SideViewCows2026,ReID_barn,datasets/id/external/sideviewcows2026/barn/images/345/345_0146.jpg,YOLOv8s,4,4,detected,1362.0,136.31,1919.26,391.34,0.2725,24.1,1920,1080
sample_0248,SideViewCows2026,ReID_barn,datasets/id/external/sideviewcows2026/barn/images/345/345_0146.jpg,FasterRCNN_v2,1,19,detected,0.0,107.3,1564.45,1077.9,0.9995,505.91,1920,1080
sample_0248,SideViewCows2026,ReID_barn,datasets/id/external/sideviewcows2026/barn/images/345/345_0146.jpg,FasterRCNN_v2,2,19,detected,598.01,112.05,1251.02,186.78,0.9825,505.91,1920,1080
sample_0248,SideViewCows2026,ReID_barn,datasets/id/external/sideviewcows2026/barn/images/345/345_0146.jpg,FasterRCNN_v2,3,19,detected,1530.83,236.29,1913.83,511.53,0.9806,505.91,1920,1080
sample_0248,SideViewCows2026,ReID_barn,datasets/id/external/sideviewcows2026/barn/images/345/345_0146.jpg,FasterRCNN_v2,4,19,detected,1456.02,144.07,1649.01,260.68,0.9584,505.91,1920,1080
sample_0248,SideViewCows2026,ReID_barn,datasets/id/external/sideviewcows2026/barn/images/345/345_0146.jpg,FasterRCNN_v2,5,19,detected,1640.39,127.24,1920.0,327.77,0.923,505.91,1920,1080
sample_0248,SideViewCows2026,ReID_barn,datasets/id/external/sideviewcows2026/barn/images/345/345_0146.jpg,FasterRCNN_v2,6,19,detected,1531.37,144.7,1636.71,219.34,0.7678,505.91,1920,1080
sample_0248,SideViewCows2026,ReID_barn,datasets/id/external/sideviewcows2026/barn/images/345/345_0146.jpg,FasterRCNN_v2,7,19,detected,1560.79,151.67,1671.97,263.31,0.7634,505.91,1920,1080
sample_0248,SideViewCows2026,ReID_barn,datasets/id/external/sideviewcows2026/barn/images/345/345_0146.jpg,FasterRCNN_v2,8,19,detected,1615.33,116.97,1734.2,268.07,0.7572,505.91,1920,1080
sample_0248,SideViewCows2026,ReID_barn,datasets/id/external/sideviewcows2026/barn/images/345/345_0146.jpg,FasterRCNN_v2,9,19,detected,653.04,151.68,1897.76,1055.22,0.755,505.91,1920,1080
sample_0248,SideViewCows2026,ReID_barn,datasets/id/external/sideviewcows2026/barn/images/345/345_0146.jpg,FasterRCNN_v2,10,19,detected,1479.97,150.63,1580.4,236.31,0.7484,505.91,1920,1080
sample_0248,SideViewCows2026,ReID_barn,datasets/id/external/sideviewcows2026/barn/images/345/345_0146.jpg,FasterRCNN_v2,11,19,detected,1749.71,139.59,1917.4,237.79,0.6156,505.91,1920,1080
sample_0248,SideViewCows2026,ReID_barn,datasets/id/external/sideviewcows2026/barn/images/345/345_0146.jpg,FasterRCNN_v2,12,19,detected,1632.42,186.68,1920.0,437.84,0.6087,505.91,1920,1080
sample_0248,SideViewCows2026,ReID_barn,datasets/id/external/sideviewcows2026/barn/images/345/345_0146.jpg,FasterRCNN_v2,13,19,detected,635.77,117.76,997.13,173.27,0.5248,505.91,1920,1080
sample_0248,SideViewCows2026,ReID_barn,datasets/id/external/sideviewcows2026/barn/images/345/345_0146.jpg,FasterRCNN_v2,14,19,detected,1272.99,152.39,1349.25,177.24,0.4333,505.91,1920,1080
sample_0248,SideViewCows2026,ReID_barn,datasets/id/external/sideviewcows2026/barn/images/345/345_0146.jpg,FasterRCNN_v2,15,19,detected,1567.84,146.57,1633.55,205.8,0.3601,505.91,1920,1080
sample_0248,SideViewCows2026,ReID_barn,datasets/id/external/sideviewcows2026/barn/images/345/345_0146.jpg,FasterRCNN_v2,16,19,detected,1601.94,123.9,1717.48,199.66,0.3385,505.91,1920,1080
sample_0248,SideViewCows2026,ReID_barn,datasets/id/external/sideviewcows2026/barn/images/345/345_0146.jpg,FasterRCNN_v2,17,19,detected,638.55,111.84,1648.12,534.93,0.2998,505.91,1920,1080
sample_0248,SideViewCows2026,ReID_barn,datasets/id/external/sideviewcows2026/barn/images/345/345_0146.jpg,FasterRCNN_v2,18,19,detected,1224.68,153.35,1920.0,520.83,0.2876,505.91,1920,1080
sample_0248,SideViewCows2026,ReID_barn,datasets/id/external/sideviewcows2026/barn/images/345/345_0146.jpg,FasterRCNN_v2,19,19,detected,1494.02,126.85,1722.58,233.41,0.2626,505.91,1920,1080
sample_0248,SideViewCows2026,ReID_barn,datasets/id/external/sideviewcows2026/barn/images/345/345_0146.jpg,RT-DETR-L,1,22,detected,4.41,104.43,1884.83,1074.22,0.9569,93.37,1920,1080
sample_0248,SideViewCows2026,ReID_barn,datasets/id/external/sideviewcows2026/barn/images/345/345_0146.jpg,RT-DETR-L,2,22,detected,548.19,112.78,1246.08,184.13,0.6849,93.37,1920,1080
sample_0248,SideViewCows2026,ReID_barn,datasets/id/external/sideviewcows2026/barn/images/345/345_0146.jpg,RT-DETR-L,3,22,detected,1475.06,144.26,1675.87,262.68,0.5687,93.37,1920,1080
sample_0248,SideViewCows2026,ReID_barn,datasets/id/external/sideviewcows2026/barn/images/345/345_0146.jpg,RT-DETR-L,4,22,detected,1363.79,138.05,1546.85,214.09,0.4858,93.37,1920,1080
sample_0248,SideViewCows2026,ReID_barn,datasets/id/external/sideviewcows2026/barn/images/345/345_0146.jpg,RT-DETR-L,5,22,detected,1726.09,134.91,1919.68,341.4,0.47,93.37,1920,1080
sample_0248,SideViewCows2026,ReID_barn,datasets/id/external/sideviewcows2026/barn/images/345/345_0146.jpg,RT-DETR-L,6,22,detected,1670.22,133.16,1919.9,341.89,0.4424,93.37,1920,1080
sample_0248,SideViewCows2026,ReID_barn,datasets/id/external/sideviewcows2026/barn/images/345/345_0146.jpg,RT-DETR-L,7,22,detected,-0.41,126.11,117.98,199.6,0.3781,93.37,1920,1080
sample_0248,SideViewCows2026,ReID_barn,datasets/id/external/sideviewcows2026/barn/images/345/345_0146.jpg,RT-DETR-L,8,22,detected,1733.72,135.43,1919.67,253.94,0.3509,93.37,1920,1080
sample_0248,SideViewCows2026,ReID_barn,datasets/id/external/sideviewcows2026/barn/images/345/345_0146.jpg,RT-DETR-L,9,22,detected,1363.66,138.13,1544.34,182.31,0.3382,93.37,1920,1080
sample_0248,SideViewCows2026,ReID_barn,datasets/id/external/sideviewcows2026/barn/images/345/345_0146.jpg,RT-DETR-L,10,22,detected,1480.75,197.77,1919.77,523.6,0.3334,93.37,1920,1080
sample_0248,SideViewCows2026,ReID_barn,datasets/id/external/sideviewcows2026/barn/images/345/345_0146.jpg,RT-DETR-L,11,22,detected,-0.28,126.06,117.41,176.71,0.2989,93.37,1920,1080
sample_0248,SideViewCows2026,ReID_barn,datasets/id/external/sideviewcows2026/barn/images/345/345_0146.jpg,RT-DETR-L,12,22,detected,1482.63,136.64,1917.89,341.27,0.2968,93.37,1920,1080
sample_0248,SideViewCows2026,ReID_barn,datasets/id/external/sideviewcows2026/barn/images/345/345_0146.jpg,RT-DETR-L,13,22,detected,1733.56,131.59,1908.52,169.61,0.2954,93.37,1920,1080
sample_0248,SideViewCows2026,ReID_barn,datasets/id/external/sideviewcows2026/barn/images/345/345_0146.jpg,RT-DETR-L,14,22,detected,1454.94,197.37,1919.59,690.08,0.2853,93.37,1920,1080
sample_0248,SideViewCows2026,ReID_barn,datasets/id/external/sideviewcows2026/barn/images/345/345_0146.jpg,RT-DETR-L,15,22,detected,1509.78,360.93,1921.74,523.85,0.2827,93.37,1920,1080
sample_0248,SideViewCows2026,ReID_barn,datasets/id/external/sideviewcows2026/barn/images/345/345_0146.jpg,RT-DETR-L,16,22,detected,1647.62,126.78,1738.93,176.27,0.2808,93.37,1920,1080
sample_0248,SideViewCows2026,ReID_barn,datasets/id/external/sideviewcows2026/barn/images/345/345_0146.jpg,RT-DETR-L,17,22,detected,1457.6,356.74,1923.43,690.89,0.2802,93.37,1920,1080
sample_0248,SideViewCows2026,ReID_barn,datasets/id/external/sideviewcows2026/barn/images/345/345_0146.jpg,RT-DETR-L,18,22,detected,1670.75,153.06,1754.64,199.25,0.2753,93.37,1920,1080
sample_0248,SideViewCows2026,ReID_barn,datasets/id/external/sideviewcows2026/barn/images/345/345_0146.jpg,RT-DETR-L,19,22,detected,1573.91,129.57,1756.32,263.85,0.2717,93.37,1920,1080
sample_0248,SideViewCows2026,ReID_barn,datasets/id/external/sideviewcows2026/barn/images/345/345_0146.jpg,RT-DETR-L,20,22,detected,1638.58,126.26,1753.15,195.29,0.2611,93.37,1920,1080
sample_0248,SideViewCows2026,ReID_barn,datasets/id/external/sideviewcows2026/barn/images/345/345_0146.jpg,RT-DETR-L,21,22,detected,1696.78,134.47,1918.85,493.41,0.2611,93.37,1920,1080
sample_0248,SideViewCows2026,ReID_barn,datasets/id/external/sideviewcows2026/barn/images/345/345_0146.jpg,RT-DETR-L,22,22,detected,1576.39,148.61,1676.65,263.68,0.2514,93.37,1920,1080
sample_0249,SideViewCows2026,ReID_barn,datasets/id/external/sideviewcows2026/barn/images/826/826_0280.jpg,YOLOv8s,1,1,detected,5.94,79.75,1920.0,1073.68,0.8767,24.59,1920,1080
sample_0249,SideViewCows2026,ReID_barn,datasets/id/external/sideviewcows2026/barn/images/826/826_0280.jpg,FasterRCNN_v2,1,3,detected,293.85,74.32,1920.0,1080.0,0.9979,508.98,1920,1080
sample_0249,SideViewCows2026,ReID_barn,datasets/id/external/sideviewcows2026/barn/images/826/826_0280.jpg,FasterRCNN_v2,2,3,detected,1677.64,99.95,1920.0,376.14,0.9773,508.98,1920,1080
sample_0249,SideViewCows2026,ReID_barn,datasets/id/external/sideviewcows2026/barn/images/826/826_0280.jpg,FasterRCNN_v2,3,3,detected,0.0,77.68,1293.62,1032.67,0.6922,508.98,1920,1080
sample_0249,SideViewCows2026,ReID_barn,datasets/id/external/sideviewcows2026/barn/images/826/826_0280.jpg,RT-DETR-L,1,4,detected,0.75,65.86,1920.32,1078.46,0.9774,94.81,1920,1080
sample_0249,SideViewCows2026,ReID_barn,datasets/id/external/sideviewcows2026/barn/images/826/826_0280.jpg,RT-DETR-L,2,4,detected,1674.67,96.06,1921.47,373.08,0.463,94.81,1920,1080
sample_0249,SideViewCows2026,ReID_barn,datasets/id/external/sideviewcows2026/barn/images/826/826_0280.jpg,RT-DETR-L,3,4,detected,1675.78,95.93,1920.45,456.15,0.361,94.81,1920,1080
sample_0249,SideViewCows2026,ReID_barn,datasets/id/external/sideviewcows2026/barn/images/826/826_0280.jpg,RT-DETR-L,4,4,detected,1672.53,191.22,1922.27,371.39,0.2608,94.81,1920,1080
sample_0250,SideViewCows2026,ReID_barn,datasets/id/external/sideviewcows2026/barn/images/510/510_0342.jpg,YOLOv8s,1,1,detected,5.55,7.78,1919.82,1065.58,0.9037,22.93,1920,1080
sample_0250,SideViewCows2026,ReID_barn,datasets/id/external/sideviewcows2026/barn/images/510/510_0342.jpg,FasterRCNN_v2,1,3,detected,6.76,17.39,1579.52,1080.0,0.9994,505.97,1920,1080
sample_0250,SideViewCows2026,ReID_barn,datasets/id/external/sideviewcows2026/barn/images/510/510_0342.jpg,FasterRCNN_v2,2,3,detected,701.77,36.93,1903.74,1080.0,0.3426,505.97,1920,1080
sample_0250,SideViewCows2026,ReID_barn,datasets/id/external/sideviewcows2026/barn/images/510/510_0342.jpg,FasterRCNN_v2,3,3,detected,1814.03,85.86,1920.0,202.5,0.2731,505.97,1920,1080
sample_0250,SideViewCows2026,ReID_barn,datasets/id/external/sideviewcows2026/barn/images/510/510_0342.jpg,RT-DETR-L,1,2,detected,2.38,17.67,1917.11,1079.94,0.9804,95.31,1920,1080
sample_0250,SideViewCows2026,ReID_barn,datasets/id/external/sideviewcows2026/barn/images/510/510_0342.jpg,RT-DETR-L,2,2,detected,1807.52,88.05,1919.29,201.11,0.2526,95.31,1920,1080
sample_0251,SideViewCows2026,ReID_barn,datasets/id/external/sideviewcows2026/barn/images/207/207_0156.jpg,YOLOv8s,1,1,detected,172.88,156.32,1752.91,1071.51,0.9203,23.52,1920,1080
sample_0251,SideViewCows2026,ReID_barn,datasets/id/external/sideviewcows2026/barn/images/207/207_0156.jpg,FasterRCNN_v2,1,1,detected,179.75,155.43,1693.43,1080.0,0.9998,501.32,1920,1080
sample_0251,SideViewCows2026,ReID_barn,datasets/id/external/sideviewcows2026/barn/images/207/207_0156.jpg,RT-DETR-L,1,1,detected,180.48,156.23,1761.74,1076.16,0.9726,94.91,1920,1080
sample_0252,SideViewCows2026,ReID_barn,datasets/id/external/sideviewcows2026/barn/images/128/128_0078.jpg,YOLOv8s,1,7,detected,4.66,194.08,1611.26,1069.58,0.8541,23.47,1920,1080
sample_0252,SideViewCows2026,ReID_barn,datasets/id/external/sideviewcows2026/barn/images/128/128_0078.jpg,YOLOv8s,2,7,detected,1411.46,239.94,1918.48,528.84,0.5159,23.47,1920,1080
sample_0252,SideViewCows2026,ReID_barn,datasets/id/external/sideviewcows2026/barn/images/128/128_0078.jpg,YOLOv8s,3,7,detected,1403.47,514.52,1918.84,1040.91,0.4664,23.47,1920,1080
sample_0252,SideViewCows2026,ReID_barn,datasets/id/external/sideviewcows2026/barn/images/128/128_0078.jpg,YOLOv8s,4,7,detected,271.88,120.49,780.95,247.21,0.4149,23.47,1920,1080
sample_0252,SideViewCows2026,ReID_barn,datasets/id/external/sideviewcows2026/barn/images/128/128_0078.jpg,YOLOv8s,5,7,detected,0.12,129.16,97.65,230.65,0.3922,23.47,1920,1080
sample_0252,SideViewCows2026,ReID_barn,datasets/id/external/sideviewcows2026/barn/images/128/128_0078.jpg,YOLOv8s,6,7,detected,87.41,116.72,784.32,244.65,0.348,23.47,1920,1080
sample_0252,SideViewCows2026,ReID_barn,datasets/id/external/sideviewcows2026/barn/images/128/128_0078.jpg,YOLOv8s,7,7,detected,1011.26,494.51,1917.62,1064.87,0.3116,23.47,1920,1080
sample_0252,SideViewCows2026,ReID_barn,datasets/id/external/sideviewcows2026/barn/images/128/128_0078.jpg,FasterRCNN_v2,1,14,detected,6.19,158.99,1549.07,1080.0,0.9994,504.2,1920,1080
sample_0252,SideViewCows2026,ReID_barn,datasets/id/external/sideviewcows2026/barn/images/128/128_0078.jpg,FasterRCNN_v2,2,14,detected,1417.3,309.5,1769.78,629.93,0.9695,504.2,1920,1080
sample_0252,SideViewCows2026,ReID_barn,datasets/id/external/sideviewcows2026/barn/images/128/128_0078.jpg,FasterRCNN_v2,3,14,detected,1394.43,672.78,1914.43,1024.89,0.9687,504.2,1920,1080
sample_0252,SideViewCows2026,ReID_barn,datasets/id/external/sideviewcows2026/barn/images/128/128_0078.jpg,FasterRCNN_v2,4,14,detected,131.31,120.02,752.18,250.93,0.9522,504.2,1920,1080
sample_0252,SideViewCows2026,ReID_barn,datasets/id/external/sideviewcows2026/barn/images/128/128_0078.jpg,FasterRCNN_v2,5,14,detected,1424.64,228.37,1908.5,573.56,0.8973,504.2,1920,1080
sample_0252,SideViewCows2026,ReID_barn,datasets/id/external/sideviewcows2026/barn/images/128/128_0078.jpg,FasterRCNN_v2,6,14,detected,48.2,104.46,356.06,227.56,0.8362,504.2,1920,1080
sample_0252,SideViewCows2026,ReID_barn,datasets/id/external/sideviewcows2026/barn/images/128/128_0078.jpg,FasterRCNN_v2,7,14,detected,29.73,90.55,542.03,255.32,0.6931,504.2,1920,1080
sample_0252,SideViewCows2026,ReID_barn,datasets/id/external/sideviewcows2026/barn/images/128/128_0078.jpg,FasterRCNN_v2,8,14,detected,1548.09,219.79,1721.54,350.49,0.6854,504.2,1920,1080
sample_0252,SideViewCows2026,ReID_barn,datasets/id/external/sideviewcows2026/barn/images/128/128_0078.jpg,FasterRCNN_v2,9,14,detected,969.34,284.56,1859.5,1042.86,0.5478,504.2,1920,1080
sample_0252,SideViewCows2026,ReID_barn,datasets/id/external/sideviewcows2026/barn/images/128/128_0078.jpg,FasterRCNN_v2,10,14,detected,1615.38,220.81,1783.78,335.37,0.5077,504.2,1920,1080
sample_0252,SideViewCows2026,ReID_barn,datasets/id/external/sideviewcows2026/barn/images/128/128_0078.jpg,FasterRCNN_v2,11,14,detected,2.84,26.62,371.13,233.44,0.4133,504.2,1920,1080
sample_0252,SideViewCows2026,ReID_barn,datasets/id/external/sideviewcows2026/barn/images/128/128_0078.jpg,FasterRCNN_v2,12,14,detected,1430.34,236.02,1695.45,353.78,0.3682,504.2,1920,1080
sample_0252,SideViewCows2026,ReID_barn,datasets/id/external/sideviewcows2026/barn/images/128/128_0078.jpg,FasterRCNN_v2,13,14,detected,1501.88,272.24,1645.1,348.23,0.278,504.2,1920,1080
sample_0252,SideViewCows2026,ReID_barn,datasets/id/external/sideviewcows2026/barn/images/128/128_0078.jpg,FasterRCNN_v2,14,14,detected,166.96,123.37,789.59,382.24,0.2614,504.2,1920,1080
sample_0252,SideViewCows2026,ReID_barn,datasets/id/external/sideviewcows2026/barn/images/128/128_0078.jpg,RT-DETR-L,1,25,detected,1.14,195.09,1769.26,1077.44,0.9658,93.58,1920,1080
sample_0252,SideViewCows2026,ReID_barn,datasets/id/external/sideviewcows2026/barn/images/128/128_0078.jpg,RT-DETR-L,2,25,detected,1398.32,678.13,1918.9,1024.4,0.8862,93.58,1920,1080
sample_0252,SideViewCows2026,ReID_barn,datasets/id/external/sideviewcows2026/barn/images/128/128_0078.jpg,RT-DETR-L,3,25,detected,62.71,106.16,277.68,227.16,0.7058,93.58,1920,1080
sample_0252,SideViewCows2026,ReID_barn,datasets/id/external/sideviewcows2026/barn/images/128/128_0078.jpg,RT-DETR-L,4,25,detected,1544.75,886.44,1919.16,1079.75,0.6064,93.58,1920,1080
sample_0252,SideViewCows2026,ReID_barn,datasets/id/external/sideviewcows2026/barn/images/128/128_0078.jpg,RT-DETR-L,5,25,detected,279.37,122.67,696.21,243.37,0.5482,93.58,1920,1080
sample_0252,SideViewCows2026,ReID_barn,datasets/id/external/sideviewcows2026/barn/images/128/128_0078.jpg,RT-DETR-L,6,25,detected,1419.75,235.59,1709.7,347.84,0.5442,93.58,1920,1080
sample_0252,SideViewCows2026,ReID_barn,datasets/id/external/sideviewcows2026/barn/images/128/128_0078.jpg,RT-DETR-L,7,25,detected,0.41,111.14,96.53,232.24,0.5193,93.58,1920,1080
sample_0252,SideViewCows2026,ReID_barn,datasets/id/external/sideviewcows2026/barn/images/128/128_0078.jpg,RT-DETR-L,8,25,detected,-0.48,711.28,99.93,1079.0,0.4403,93.58,1920,1080
sample_0252,SideViewCows2026,ReID_barn,datasets/id/external/sideviewcows2026/barn/images/128/128_0078.jpg,RT-DETR-L,9,25,detected,158.46,122.24,697.65,243.91,0.4094,93.58,1920,1080
sample_0252,SideViewCows2026,ReID_barn,datasets/id/external/sideviewcows2026/barn/images/128/128_0078.jpg,RT-DETR-L,10,25,detected,1734.16,245.09,1864.88,348.3,0.4047,93.58,1920,1080
sample_0252,SideViewCows2026,ReID_barn,datasets/id/external/sideviewcows2026/barn/images/128/128_0078.jpg,RT-DETR-L,11,25,detected,1755.23,260.61,1918.88,417.7,0.4009,93.58,1920,1080
sample_0252,SideViewCows2026,ReID_barn,datasets/id/external/sideviewcows2026/barn/images/128/128_0078.jpg,RT-DETR-L,12,25,detected,155.66,136.99,338.19,227.43,0.3892,93.58,1920,1080
sample_0252,SideViewCows2026,ReID_barn,datasets/id/external/sideviewcows2026/barn/images/128/128_0078.jpg,RT-DETR-L,13,25,detected,1464.0,206.52,1571.59,244.84,0.3854,93.58,1920,1080
sample_0252,SideViewCows2026,ReID_barn,datasets/id/external/sideviewcows2026/barn/images/128/128_0078.jpg,RT-DETR-L,14,25,detected,1378.42,208.86,1483.31,252.47,0.3547,93.58,1920,1080
sample_0252,SideViewCows2026,ReID_barn,datasets/id/external/sideviewcows2026/barn/images/128/128_0078.jpg,RT-DETR-L,15,25,detected,655.68,168.73,997.81,246.75,0.3471,93.58,1920,1080
sample_0252,SideViewCows2026,ReID_barn,datasets/id/external/sideviewcows2026/barn/images/128/128_0078.jpg,RT-DETR-L,16,25,detected,1750.21,268.39,1874.06,384.97,0.3276,93.58,1920,1080
sample_0252,SideViewCows2026,ReID_barn,datasets/id/external/sideviewcows2026/barn/images/128/128_0078.jpg,RT-DETR-L,17,25,detected,1526.53,233.23,1710.51,348.1,0.3205,93.58,1920,1080
sample_0252,SideViewCows2026,ReID_barn,datasets/id/external/sideviewcows2026/barn/images/128/128_0078.jpg,RT-DETR-L,18,25,detected,659.63,149.61,752.17,207.7,0.3048,93.58,1920,1080
sample_0252,SideViewCows2026,ReID_barn,datasets/id/external/sideviewcows2026/barn/images/128/128_0078.jpg,RT-DETR-L,19,25,detected,1144.53,183.59,1248.23,208.89,0.2927,93.58,1920,1080
sample_0252,SideViewCows2026,ReID_barn,datasets/id/external/sideviewcows2026/barn/images/128/128_0078.jpg,RT-DETR-L,20,25,detected,654.27,163.24,820.25,245.19,0.2921,93.58,1920,1080
sample_0252,SideViewCows2026,ReID_barn,datasets/id/external/sideviewcows2026/barn/images/128/128_0078.jpg,RT-DETR-L,21,25,detected,713.21,163.0,819.33,216.15,0.2693,93.58,1920,1080
sample_0252,SideViewCows2026,ReID_barn,datasets/id/external/sideviewcows2026/barn/images/128/128_0078.jpg,RT-DETR-L,22,25,detected,790.02,169.67,1000.44,239.98,0.2668,93.58,1920,1080
sample_0252,SideViewCows2026,ReID_barn,datasets/id/external/sideviewcows2026/barn/images/128/128_0078.jpg,RT-DETR-L,23,25,detected,657.62,153.78,818.44,239.71,0.2649,93.58,1920,1080
sample_0252,SideViewCows2026,ReID_barn,datasets/id/external/sideviewcows2026/barn/images/128/128_0078.jpg,RT-DETR-L,24,25,detected,1740.19,244.63,1863.49,325.49,0.261,93.58,1920,1080
sample_0252,SideViewCows2026,ReID_barn,datasets/id/external/sideviewcows2026/barn/images/128/128_0078.jpg,RT-DETR-L,25,25,detected,1565.76,214.31,1709.09,282.45,0.2569,93.58,1920,1080
sample_0253,SideViewCows2026,ReID_barn,datasets/id/external/sideviewcows2026/barn/images/594/594_0445.jpg,YOLOv8s,1,2,detected,5.9,12.44,1743.39,1069.38,0.9183,23.76,1920,1080
sample_0253,SideViewCows2026,ReID_barn,datasets/id/external/sideviewcows2026/barn/images/594/594_0445.jpg,YOLOv8s,2,2,detected,1108.78,0.45,1190.75,56.38,0.4325,23.76,1920,1080
sample_0253,SideViewCows2026,ReID_barn,datasets/id/external/sideviewcows2026/barn/images/594/594_0445.jpg,FasterRCNN_v2,1,8,detected,0.0,11.7,1429.57,1061.68,0.9997,506.37,1920,1080
sample_0253,SideViewCows2026,ReID_barn,datasets/id/external/sideviewcows2026/barn/images/594/594_0445.jpg,FasterRCNN_v2,2,8,detected,1162.79,299.45,1815.78,887.43,0.9245,506.37,1920,1080
sample_0253,SideViewCows2026,ReID_barn,datasets/id/external/sideviewcows2026/barn/images/594/594_0445.jpg,FasterRCNN_v2,3,8,detected,991.06,0.38,1104.94,39.93,0.7748,506.37,1920,1080
sample_0253,SideViewCows2026,ReID_barn,datasets/id/external/sideviewcows2026/barn/images/594/594_0445.jpg,FasterRCNN_v2,4,8,detected,530.5,29.91,1827.29,1049.51,0.7578,506.37,1920,1080
sample_0253,SideViewCows2026,ReID_barn,datasets/id/external/sideviewcows2026/barn/images/594/594_0445.jpg,FasterRCNN_v2,5,8,detected,1091.71,0.44,1188.94,55.33,0.7206,506.37,1920,1080
sample_0253,SideViewCows2026,ReID_barn,datasets/id/external/sideviewcows2026/barn/images/594/594_0445.jpg,FasterRCNN_v2,6,8,detected,889.14,0.67,1113.06,43.52,0.6949,506.37,1920,1080
sample_0253,SideViewCows2026,ReID_barn,datasets/id/external/sideviewcows2026/barn/images/594/594_0445.jpg,FasterRCNN_v2,7,8,detected,1134.73,1.06,1288.02,95.89,0.6347,506.37,1920,1080
sample_0253,SideViewCows2026,ReID_barn,datasets/id/external/sideviewcows2026/barn/images/594/594_0445.jpg,FasterRCNN_v2,8,8,detected,750.26,0.63,1222.31,46.82,0.4555,506.37,1920,1080
sample_0253,SideViewCows2026,ReID_barn,datasets/id/external/sideviewcows2026/barn/images/594/594_0445.jpg,RT-DETR-L,1,13,detected,-0.67,1.42,1826.99,1080.53,0.9787,94.13,1920,1080
sample_0253,SideViewCows2026,ReID_barn,datasets/id/external/sideviewcows2026/barn/images/594/594_0445.jpg,RT-DETR-L,2,13,detected,710.32,-0.23,833.03,33.25,0.4811,94.13,1920,1080
sample_0253,SideViewCows2026,ReID_barn,datasets/id/external/sideviewcows2026/barn/images/594/594_0445.jpg,RT-DETR-L,3,13,detected,829.7,-0.11,957.22,37.96,0.4556,94.13,1920,1080
sample_0253,SideViewCows2026,ReID_barn,datasets/id/external/sideviewcows2026/barn/images/594/594_0445.jpg,RT-DETR-L,4,13,detected,1171.42,-0.16,1294.06,94.65,0.3634,94.13,1920,1080
sample_0253,SideViewCows2026,ReID_barn,datasets/id/external/sideviewcows2026/barn/images/594/594_0445.jpg,RT-DETR-L,5,13,detected,988.2,-0.07,1108.68,40.35,0.3605,94.13,1920,1080
sample_0253,SideViewCows2026,ReID_barn,datasets/id/external/sideviewcows2026/barn/images/594/594_0445.jpg,RT-DETR-L,6,13,detected,1100.7,-0.0,1187.94,55.56,0.339,94.13,1920,1080
sample_0253,SideViewCows2026,ReID_barn,datasets/id/external/sideviewcows2026/barn/images/594/594_0445.jpg,RT-DETR-L,7,13,detected,1539.04,0.79,1763.98,144.54,0.3361,94.13,1920,1080
sample_0253,SideViewCows2026,ReID_barn,datasets/id/external/sideviewcows2026/barn/images/594/594_0445.jpg,RT-DETR-L,8,13,detected,1097.67,-0.07,1292.64,95.12,0.3204,94.13,1920,1080
sample_0253,SideViewCows2026,ReID_barn,datasets/id/external/sideviewcows2026/barn/images/594/594_0445.jpg,RT-DETR-L,9,13,detected,1412.37,-0.05,1550.38,149.62,0.2809,94.13,1920,1080
sample_0253,SideViewCows2026,ReID_barn,datasets/id/external/sideviewcows2026/barn/images/594/594_0445.jpg,RT-DETR-L,10,13,detected,983.64,-0.37,1291.56,95.3,0.2674,94.13,1920,1080
sample_0253,SideViewCows2026,ReID_barn,datasets/id/external/sideviewcows2026/barn/images/594/594_0445.jpg,RT-DETR-L,11,13,detected,667.55,-1.0,833.75,33.26,0.2665,94.13,1920,1080
sample_0253,SideViewCows2026,ReID_barn,datasets/id/external/sideviewcows2026/barn/images/594/594_0445.jpg,RT-DETR-L,12,13,detected,986.9,-0.06,1188.88,56.23,0.2656,94.13,1920,1080
sample_0253,SideViewCows2026,ReID_barn,datasets/id/external/sideviewcows2026/barn/images/594/594_0445.jpg,RT-DETR-L,13,13,detected,989.84,-0.08,1075.22,38.06,0.2523,94.13,1920,1080
sample_0254,SideViewCows2026,ReID_barn,datasets/id/external/sideviewcows2026/barn/images/559/559_0015.jpg,YOLOv8s,1,4,detected,157.01,75.13,1904.69,1063.39,0.9226,23.69,1920,1080
sample_0254,SideViewCows2026,ReID_barn,datasets/id/external/sideviewcows2026/barn/images/559/559_0015.jpg,YOLOv8s,2,4,detected,1383.92,22.07,1918.95,346.49,0.7372,23.69,1920,1080
sample_0254,SideViewCows2026,ReID_barn,datasets/id/external/sideviewcows2026/barn/images/559/559_0015.jpg,YOLOv8s,3,4,detected,1658.74,23.66,1919.01,348.58,0.4787,23.69,1920,1080
sample_0254,SideViewCows2026,ReID_barn,datasets/id/external/sideviewcows2026/barn/images/559/559_0015.jpg,YOLOv8s,4,4,detected,841.38,40.55,1096.79,108.39,0.3757,23.69,1920,1080
sample_0254,SideViewCows2026,ReID_barn,datasets/id/external/sideviewcows2026/barn/images/559/559_0015.jpg,FasterRCNN_v2,1,10,detected,155.58,64.77,1857.01,1072.58,0.9997,505.29,1920,1080
sample_0254,SideViewCows2026,ReID_barn,datasets/id/external/sideviewcows2026/barn/images/559/559_0015.jpg,FasterRCNN_v2,2,10,detected,1377.44,16.56,1920.0,373.51,0.9966,505.29,1920,1080
sample_0254,SideViewCows2026,ReID_barn,datasets/id/external/sideviewcows2026/barn/images/559/559_0015.jpg,FasterRCNN_v2,3,10,detected,837.91,41.32,1084.3,112.01,0.9511,505.29,1920,1080
sample_0254,SideViewCows2026,ReID_barn,datasets/id/external/sideviewcows2026/barn/images/559/559_0015.jpg,FasterRCNN_v2,4,10,detected,996.0,62.95,1876.07,1022.35,0.5706,505.29,1920,1080
sample_0254,SideViewCows2026,ReID_barn,datasets/id/external/sideviewcows2026/barn/images/559/559_0015.jpg,FasterRCNN_v2,5,10,detected,1637.45,22.47,1919.92,342.36,0.4945,505.29,1920,1080
sample_0254,SideViewCows2026,ReID_barn,datasets/id/external/sideviewcows2026/barn/images/559/559_0015.jpg,FasterRCNN_v2,6,10,detected,1373.67,28.57,1502.57,143.32,0.3907,505.29,1920,1080
sample_0254,SideViewCows2026,ReID_barn,datasets/id/external/sideviewcows2026/barn/images/559/559_0015.jpg,FasterRCNN_v2,7,10,detected,1732.75,15.63,1811.77,34.41,0.364,505.29,1920,1080
sample_0254,SideViewCows2026,ReID_barn,datasets/id/external/sideviewcows2026/barn/images/559/559_0015.jpg,FasterRCNN_v2,8,10,detected,1820.44,129.5,1920.0,353.86,0.3574,505.29,1920,1080
sample_0254,SideViewCows2026,ReID_barn,datasets/id/external/sideviewcows2026/barn/images/559/559_0015.jpg,FasterRCNN_v2,9,10,detected,1715.49,16.61,1784.57,36.32,0.2633,505.29,1920,1080
sample_0254,SideViewCows2026,ReID_barn,datasets/id/external/sideviewcows2026/barn/images/559/559_0015.jpg,FasterRCNN_v2,10,10,detected,1821.82,32.01,1920.0,76.94,0.2597,505.29,1920,1080
sample_0254,SideViewCows2026,ReID_barn,datasets/id/external/sideviewcows2026/barn/images/559/559_0015.jpg,RT-DETR-L,1,11,detected,137.77,84.91,1865.84,1075.46,0.9744,93.67,1920,1080
sample_0254,SideViewCows2026,ReID_barn,datasets/id/external/sideviewcows2026/barn/images/559/559_0015.jpg,RT-DETR-L,2,11,detected,1379.0,21.86,1918.91,349.57,0.8582,93.67,1920,1080
sample_0254,SideViewCows2026,ReID_barn,datasets/id/external/sideviewcows2026/barn/images/559/559_0015.jpg,RT-DETR-L,3,11,detected,841.25,40.92,1095.1,109.26,0.7517,93.67,1920,1080
sample_0254,SideViewCows2026,ReID_barn,datasets/id/external/sideviewcows2026/barn/images/559/559_0015.jpg,RT-DETR-L,4,11,detected,1675.2,21.03,1919.62,353.61,0.4142,93.67,1920,1080
sample_0254,SideViewCows2026,ReID_barn,datasets/id/external/sideviewcows2026/barn/images/559/559_0015.jpg,RT-DETR-L,5,11,detected,332.61,0.2,658.97,111.94,0.3745,93.67,1920,1080
sample_0254,SideViewCows2026,ReID_barn,datasets/id/external/sideviewcows2026/barn/images/559/559_0015.jpg,RT-DETR-L,6,11,detected,332.47,0.11,548.78,112.82,0.3362,93.67,1920,1080
sample_0254,SideViewCows2026,ReID_barn,datasets/id/external/sideviewcows2026/barn/images/559/559_0015.jpg,RT-DETR-L,7,11,detected,1662.78,19.85,1919.22,341.78,0.2963,93.67,1920,1080
sample_0254,SideViewCows2026,ReID_barn,datasets/id/external/sideviewcows2026/barn/images/559/559_0015.jpg,RT-DETR-L,8,11,detected,1378.2,24.4,1680.69,200.67,0.2882,93.67,1920,1080
sample_0254,SideViewCows2026,ReID_barn,datasets/id/external/sideviewcows2026/barn/images/559/559_0015.jpg,RT-DETR-L,9,11,detected,1705.09,17.85,1919.39,163.44,0.2831,93.67,1920,1080
sample_0254,SideViewCows2026,ReID_barn,datasets/id/external/sideviewcows2026/barn/images/559/559_0015.jpg,RT-DETR-L,10,11,detected,1846.8,144.3,1919.8,354.29,0.2743,93.67,1920,1080
sample_0254,SideViewCows2026,ReID_barn,datasets/id/external/sideviewcows2026/barn/images/559/559_0015.jpg,RT-DETR-L,11,11,detected,1708.34,16.17,1918.94,84.26,0.253,93.67,1920,1080
sample_0255,SideViewCows2026,ReID_barn,datasets/id/external/sideviewcows2026/barn/images/171/171_0426.jpg,YOLOv8s,1,2,detected,7.08,27.52,1389.89,1066.2,0.8946,23.16,1920,1080
sample_0255,SideViewCows2026,ReID_barn,datasets/id/external/sideviewcows2026/barn/images/171/171_0426.jpg,YOLOv8s,2,2,detected,909.49,335.18,1628.44,940.58,0.8129,23.16,1920,1080
sample_0255,SideViewCows2026,ReID_barn,datasets/id/external/sideviewcows2026/barn/images/171/171_0426.jpg,FasterRCNN_v2,1,19,detected,0.0,15.33,1393.48,1079.01,0.9998,506.63,1920,1080
sample_0255,SideViewCows2026,ReID_barn,datasets/id/external/sideviewcows2026/barn/images/171/171_0426.jpg,FasterRCNN_v2,2,19,detected,776.15,53.7,1615.34,939.61,0.9829,506.63,1920,1080
sample_0255,SideViewCows2026,ReID_barn,datasets/id/external/sideviewcows2026/barn/images/171/171_0426.jpg,FasterRCNN_v2,3,19,detected,1746.03,53.5,1905.33,213.9,0.9486,506.63,1920,1080
sample_0255,SideViewCows2026,ReID_barn,datasets/id/external/sideviewcows2026/barn/images/171/171_0426.jpg,FasterRCNN_v2,4,19,detected,1824.1,46.51,1919.08,205.71,0.8132,506.63,1920,1080
sample_0255,SideViewCows2026,ReID_barn,datasets/id/external/sideviewcows2026/barn/images/171/171_0426.jpg,FasterRCNN_v2,5,19,detected,1732.73,63.72,1835.01,206.63,0.7208,506.63,1920,1080
sample_0255,SideViewCows2026,ReID_barn,datasets/id/external/sideviewcows2026/barn/images/171/171_0426.jpg,FasterRCNN_v2,6,19,detected,1853.26,85.07,1920.0,174.38,0.7133,506.63,1920,1080
sample_0255,SideViewCows2026,ReID_barn,datasets/id/external/sideviewcows2026/barn/images/171/171_0426.jpg,FasterRCNN_v2,7,19,detected,1869.3,81.63,1919.81,234.45,0.7113,506.63,1920,1080
sample_0255,SideViewCows2026,ReID_barn,datasets/id/external/sideviewcows2026/barn/images/171/171_0426.jpg,FasterRCNN_v2,8,19,detected,1313.25,42.45,1822.0,266.08,0.6282,506.63,1920,1080
sample_0255,SideViewCows2026,ReID_barn,datasets/id/external/sideviewcows2026/barn/images/171/171_0426.jpg,FasterRCNN_v2,9,19,detected,1819.13,40.45,1894.34,70.21,0.6137,506.63,1920,1080
sample_0255,SideViewCows2026,ReID_barn,datasets/id/external/sideviewcows2026/barn/images/171/171_0426.jpg,FasterRCNN_v2,10,19,detected,1808.77,42.44,1920.0,134.63,0.6057,506.63,1920,1080
sample_0255,SideViewCows2026,ReID_barn,datasets/id/external/sideviewcows2026/barn/images/171/171_0426.jpg,FasterRCNN_v2,11,19,detected,1753.37,41.83,1898.82,101.92,0.5392,506.63,1920,1080
sample_0255,SideViewCows2026,ReID_barn,datasets/id/external/sideviewcows2026/barn/images/171/171_0426.jpg,FasterRCNN_v2,12,19,detected,0.31,3.06,91.86,102.55,0.479,506.63,1920,1080
sample_0255,SideViewCows2026,ReID_barn,datasets/id/external/sideviewcows2026/barn/images/171/171_0426.jpg,FasterRCNN_v2,13,19,detected,1789.21,84.37,1884.12,212.86,0.4657,506.63,1920,1080
sample_0255,SideViewCows2026,ReID_barn,datasets/id/external/sideviewcows2026/barn/images/171/171_0426.jpg,FasterRCNN_v2,14,19,detected,1744.33,57.44,1841.54,106.12,0.4146,506.63,1920,1080
sample_0255,SideViewCows2026,ReID_barn,datasets/id/external/sideviewcows2026/barn/images/171/171_0426.jpg,FasterRCNN_v2,15,19,detected,1499.49,34.46,1754.26,260.74,0.3492,506.63,1920,1080
sample_0255,SideViewCows2026,ReID_barn,datasets/id/external/sideviewcows2026/barn/images/171/171_0426.jpg,FasterRCNN_v2,16,19,detected,1707.75,38.74,1800.63,103.75,0.3228,506.63,1920,1080
sample_0255,SideViewCows2026,ReID_barn,datasets/id/external/sideviewcows2026/barn/images/171/171_0426.jpg,FasterRCNN_v2,17,19,detected,1762.22,64.59,1860.75,184.36,0.2966,506.63,1920,1080
sample_0255,SideViewCows2026,ReID_barn,datasets/id/external/sideviewcows2026/barn/images/171/171_0426.jpg,FasterRCNN_v2,18,19,detected,1693.1,50.35,1756.35,115.41,0.2863,506.63,1920,1080
sample_0255,SideViewCows2026,ReID_barn,datasets/id/external/sideviewcows2026/barn/images/171/171_0426.jpg,FasterRCNN_v2,19,19,detected,1698.23,45.07,1787.2,184.74,0.2656,506.63,1920,1080
sample_0255,SideViewCows2026,ReID_barn,datasets/id/external/sideviewcows2026/barn/images/171/171_0426.jpg,RT-DETR-L,1,3,detected,-0.07,25.91,1634.92,1073.1,0.9767,93.37,1920,1080
sample_0255,SideViewCows2026,ReID_barn,datasets/id/external/sideviewcows2026/barn/images/171/171_0426.jpg,RT-DETR-L,2,3,detected,1743.27,40.45,1920.68,225.75,0.3108,93.37,1920,1080
sample_0255,SideViewCows2026,ReID_barn,datasets/id/external/sideviewcows2026/barn/images/171/171_0426.jpg,RT-DETR-L,3,3,detected,1437.1,44.21,1546.89,142.56,0.2689,93.37,1920,1080
sample_0256,SideViewCows2026,ReID_barn,datasets/id/external/sideviewcows2026/barn/images/733/733_0257.jpg,YOLOv8s,1,4,detected,3.39,46.71,1836.4,1080.0,0.9065,23.28,1920,1080
sample_0256,SideViewCows2026,ReID_barn,datasets/id/external/sideviewcows2026/barn/images/733/733_0257.jpg,YOLOv8s,2,4,detected,325.58,0.6,866.99,95.96,0.572,23.28,1920,1080
sample_0256,SideViewCows2026,ReID_barn,datasets/id/external/sideviewcows2026/barn/images/733/733_0257.jpg,YOLOv8s,3,4,detected,0.53,0.51,183.05,109.05,0.4679,23.28,1920,1080
sample_0256,SideViewCows2026,ReID_barn,datasets/id/external/sideviewcows2026/barn/images/733/733_0257.jpg,YOLOv8s,4,4,detected,1279.67,1.31,1429.32,78.44,0.2916,23.28,1920,1080
sample_0256,SideViewCows2026,ReID_barn,datasets/id/external/sideviewcows2026/barn/images/733/733_0257.jpg,FasterRCNN_v2,1,9,detected,382.76,17.45,1917.78,1078.38,0.9976,505.06,1920,1080
sample_0256,SideViewCows2026,ReID_barn,datasets/id/external/sideviewcows2026/barn/images/733/733_0257.jpg,FasterRCNN_v2,2,9,detected,0.0,15.47,1252.1,1072.51,0.9283,505.06,1920,1080
sample_0256,SideViewCows2026,ReID_barn,datasets/id/external/sideviewcows2026/barn/images/733/733_0257.jpg,FasterRCNN_v2,3,9,detected,1426.71,484.53,1624.7,734.99,0.8353,505.06,1920,1080
sample_0256,SideViewCows2026,ReID_barn,datasets/id/external/sideviewcows2026/barn/images/733/733_0257.jpg,FasterRCNN_v2,4,9,detected,1452.22,52.21,1914.74,625.99,0.8129,505.06,1920,1080
sample_0256,SideViewCows2026,ReID_barn,datasets/id/external/sideviewcows2026/barn/images/733/733_0257.jpg,FasterRCNN_v2,5,9,detected,1758.56,358.62,1919.62,444.41,0.7821,505.06,1920,1080
sample_0256,SideViewCows2026,ReID_barn,datasets/id/external/sideviewcows2026/barn/images/733/733_0257.jpg,FasterRCNN_v2,6,9,detected,1281.61,3.3,1627.34,119.36,0.7234,505.06,1920,1080
sample_0256,SideViewCows2026,ReID_barn,datasets/id/external/sideviewcows2026/barn/images/733/733_0257.jpg,FasterRCNN_v2,7,9,detected,1431.21,623.49,1605.25,720.98,0.6928,505.06,1920,1080
sample_0256,SideViewCows2026,ReID_barn,datasets/id/external/sideviewcows2026/barn/images/733/733_0257.jpg,FasterRCNN_v2,8,9,detected,1277.43,2.55,1451.05,80.48,0.4024,505.06,1920,1080
sample_0256,SideViewCows2026,ReID_barn,datasets/id/external/sideviewcows2026/barn/images/733/733_0257.jpg,FasterRCNN_v2,9,9,detected,1587.59,238.41,1894.75,605.43,0.284,505.06,1920,1080
sample_0256,SideViewCows2026,ReID_barn,datasets/id/external/sideviewcows2026/barn/images/733/733_0257.jpg,RT-DETR-L,1,10,detected,1.15,46.39,1916.71,1077.45,0.9764,94.48,1920,1080
sample_0256,SideViewCows2026,ReID_barn,datasets/id/external/sideviewcows2026/barn/images/733/733_0257.jpg,RT-DETR-L,2,10,detected,218.86,-0.25,870.8,93.68,0.7686,94.48,1920,1080
sample_0256,SideViewCows2026,ReID_barn,datasets/id/external/sideviewcows2026/barn/images/733/733_0257.jpg,RT-DETR-L,3,10,detected,-0.16,0.41,185.39,111.96,0.491,94.48,1920,1080
sample_0256,SideViewCows2026,ReID_barn,datasets/id/external/sideviewcows2026/barn/images/733/733_0257.jpg,RT-DETR-L,4,10,detected,-1.22,0.73,193.7,160.32,0.3654,94.48,1920,1080
sample_0256,SideViewCows2026,ReID_barn,datasets/id/external/sideviewcows2026/barn/images/733/733_0257.jpg,RT-DETR-L,5,10,detected,1763.17,355.06,1919.16,442.42,0.3015,94.48,1920,1080
sample_0256,SideViewCows2026,ReID_barn,datasets/id/external/sideviewcows2026/barn/images/733/733_0257.jpg,RT-DETR-L,6,10,detected,1369.82,0.19,1630.43,100.59,0.2847,94.48,1920,1080
sample_0256,SideViewCows2026,ReID_barn,datasets/id/external/sideviewcows2026/barn/images/733/733_0257.jpg,RT-DETR-L,7,10,detected,1776.29,84.42,1920.29,389.15,0.2813,94.48,1920,1080
sample_0256,SideViewCows2026,ReID_barn,datasets/id/external/sideviewcows2026/barn/images/733/733_0257.jpg,RT-DETR-L,8,10,detected,1626.31,0.27,1919.51,91.04,0.278,94.48,1920,1080
sample_0256,SideViewCows2026,ReID_barn,datasets/id/external/sideviewcows2026/barn/images/733/733_0257.jpg,RT-DETR-L,9,10,detected,213.45,0.77,373.12,72.95,0.259,94.48,1920,1080
sample_0256,SideViewCows2026,ReID_barn,datasets/id/external/sideviewcows2026/barn/images/733/733_0257.jpg,RT-DETR-L,10,10,detected,1142.64,-0.11,1427.37,75.87,0.2557,94.48,1920,1080
sample_0257,SideViewCows2026,ReID_barn,datasets/id/external/sideviewcows2026/barn/images/680/680_0227.jpg,YOLOv8s,1,6,detected,218.54,38.5,1615.75,1067.91,0.8425,23.31,1920,1080
sample_0257,SideViewCows2026,ReID_barn,datasets/id/external/sideviewcows2026/barn/images/680/680_0227.jpg,YOLOv8s,2,6,detected,1097.39,325.21,1918.51,1066.94,0.7144,23.31,1920,1080
sample_0257,SideViewCows2026,ReID_barn,datasets/id/external/sideviewcows2026/barn/images/680/680_0227.jpg,YOLOv8s,3,6,detected,1166.88,0.71,1431.21,213.79,0.39,23.31,1920,1080
sample_0257,SideViewCows2026,ReID_barn,datasets/id/external/sideviewcows2026/barn/images/680/680_0227.jpg,YOLOv8s,4,6,detected,0.24,193.1,242.66,492.9,0.3639,23.31,1920,1080
sample_0257,SideViewCows2026,ReID_barn,datasets/id/external/sideviewcows2026/barn/images/680/680_0227.jpg,YOLOv8s,5,6,detected,1.17,198.42,242.06,376.79,0.347,23.31,1920,1080
sample_0257,SideViewCows2026,ReID_barn,datasets/id/external/sideviewcows2026/barn/images/680/680_0227.jpg,YOLOv8s,6,6,detected,721.01,2.98,1296.47,175.58,0.3464,23.31,1920,1080
sample_0257,SideViewCows2026,ReID_barn,datasets/id/external/sideviewcows2026/barn/images/680/680_0227.jpg,FasterRCNN_v2,1,21,detected,246.0,25.93,1582.86,1080.0,0.9995,503.35,1920,1080
sample_0257,SideViewCows2026,ReID_barn,datasets/id/external/sideviewcows2026/barn/images/680/680_0227.jpg,FasterRCNN_v2,2,21,detected,1101.28,336.23,1918.14,1064.36,0.9973,503.35,1920,1080
sample_0257,SideViewCows2026,ReID_barn,datasets/id/external/sideviewcows2026/barn/images/680/680_0227.jpg,FasterRCNN_v2,3,21,detected,0.0,188.85,244.54,374.97,0.9921,503.35,1920,1080
sample_0257,SideViewCows2026,ReID_barn,datasets/id/external/sideviewcows2026/barn/images/680/680_0227.jpg,FasterRCNN_v2,4,21,detected,1158.38,0.42,1461.36,221.12,0.9821,503.35,1920,1080
sample_0257,SideViewCows2026,ReID_barn,datasets/id/external/sideviewcows2026/barn/images/680/680_0227.jpg,FasterRCNN_v2,5,21,detected,762.43,2.47,1686.28,438.25,0.9254,503.35,1920,1080
sample_0257,SideViewCows2026,ReID_barn,datasets/id/external/sideviewcows2026/barn/images/680/680_0227.jpg,FasterRCNN_v2,6,21,detected,730.43,3.02,1348.77,222.06,0.9041,503.35,1920,1080
sample_0257,SideViewCows2026,ReID_barn,datasets/id/external/sideviewcows2026/barn/images/680/680_0227.jpg,FasterRCNN_v2,7,21,detected,1638.24,9.55,1842.33,535.82,0.8619,503.35,1920,1080
sample_0257,SideViewCows2026,ReID_barn,datasets/id/external/sideviewcows2026/barn/images/680/680_0227.jpg,FasterRCNN_v2,8,21,detected,1319.3,184.66,1664.27,467.13,0.8145,503.35,1920,1080
sample_0257,SideViewCows2026,ReID_barn,datasets/id/external/sideviewcows2026/barn/images/680/680_0227.jpg,FasterRCNN_v2,9,21,detected,1642.0,14.09,1917.79,827.94,0.8132,503.35,1920,1080
sample_0257,SideViewCows2026,ReID_barn,datasets/id/external/sideviewcows2026/barn/images/680/680_0227.jpg,FasterRCNN_v2,10,21,detected,1617.65,23.86,1707.01,329.19,0.7783,503.35,1920,1080
sample_0257,SideViewCows2026,ReID_barn,datasets/id/external/sideviewcows2026/barn/images/680/680_0227.jpg,FasterRCNN_v2,11,21,detected,1471.93,38.45,1642.0,170.98,0.7106,503.35,1920,1080
sample_0257,SideViewCows2026,ReID_barn,datasets/id/external/sideviewcows2026/barn/images/680/680_0227.jpg,FasterRCNN_v2,12,21,detected,1330.98,158.88,1646.04,336.35,0.6149,503.35,1920,1080
sample_0257,SideViewCows2026,ReID_barn,datasets/id/external/sideviewcows2026/barn/images/680/680_0227.jpg,FasterRCNN_v2,13,21,detected,787.74,78.77,1496.4,1056.31,0.5924,503.35,1920,1080
sample_0257,SideViewCows2026,ReID_barn,datasets/id/external/sideviewcows2026/barn/images/680/680_0227.jpg,FasterRCNN_v2,14,21,detected,0.49,306.02,87.23,482.71,0.5041,503.35,1920,1080
sample_0257,SideViewCows2026,ReID_barn,datasets/id/external/sideviewcows2026/barn/images/680/680_0227.jpg,FasterRCNN_v2,15,21,detected,1558.83,39.56,1643.04,168.21,0.4915,503.35,1920,1080
sample_0257,SideViewCows2026,ReID_barn,datasets/id/external/sideviewcows2026/barn/images/680/680_0227.jpg,FasterRCNN_v2,16,21,detected,1440.5,25.11,1696.85,335.47,0.373,503.35,1920,1080
sample_0257,SideViewCows2026,ReID_barn,datasets/id/external/sideviewcows2026/barn/images/680/680_0227.jpg,FasterRCNN_v2,17,21,detected,207.26,31.07,839.32,997.5,0.3024,503.35,1920,1080
sample_0257,SideViewCows2026,ReID_barn,datasets/id/external/sideviewcows2026/barn/images/680/680_0227.jpg,FasterRCNN_v2,18,21,detected,1464.89,183.34,1637.58,334.75,0.2954,503.35,1920,1080
sample_0257,SideViewCows2026,ReID_barn,datasets/id/external/sideviewcows2026/barn/images/680/680_0227.jpg,FasterRCNN_v2,19,21,detected,1201.78,42.12,1665.56,460.3,0.2827,503.35,1920,1080
sample_0257,SideViewCows2026,ReID_barn,datasets/id/external/sideviewcows2026/barn/images/680/680_0227.jpg,FasterRCNN_v2,20,21,detected,1102.31,122.62,1738.1,904.57,0.2573,503.35,1920,1080
sample_0257,SideViewCows2026,ReID_barn,datasets/id/external/sideviewcows2026/barn/images/680/680_0227.jpg,FasterRCNN_v2,21,21,detected,1405.25,34.98,1511.29,102.65,0.2512,503.35,1920,1080
sample_0257,SideViewCows2026,ReID_barn,datasets/id/external/sideviewcows2026/barn/images/680/680_0227.jpg,RT-DETR-L,1,20,detected,220.95,40.75,1663.81,1074.51,0.9431,94.73,1920,1080
sample_0257,SideViewCows2026,ReID_barn,datasets/id/external/sideviewcows2026/barn/images/680/680_0227.jpg,RT-DETR-L,2,20,detected,1157.68,0.37,1452.06,215.26,0.7724,94.73,1920,1080
sample_0257,SideViewCows2026,ReID_barn,datasets/id/external/sideviewcows2026/barn/images/680/680_0227.jpg,RT-DETR-L,3,20,detected,720.85,0.47,1289.62,177.54,0.7538,94.73,1920,1080
sample_0257,SideViewCows2026,ReID_barn,datasets/id/external/sideviewcows2026/barn/images/680/680_0227.jpg,RT-DETR-L,4,20,detected,1108.36,261.12,1917.75,1074.17,0.6665,94.73,1920,1080
sample_0257,SideViewCows2026,ReID_barn,datasets/id/external/sideviewcows2026/barn/images/680/680_0227.jpg,RT-DETR-L,5,20,detected,-0.45,195.83,241.31,407.12,0.6107,94.73,1920,1080
sample_0257,SideViewCows2026,ReID_barn,datasets/id/external/sideviewcows2026/barn/images/680/680_0227.jpg,RT-DETR-L,6,20,detected,1352.99,264.26,1660.72,479.33,0.6088,94.73,1920,1080
sample_0257,SideViewCows2026,ReID_barn,datasets/id/external/sideviewcows2026/barn/images/680/680_0227.jpg,RT-DETR-L,7,20,detected,1328.27,169.09,1510.33,284.0,0.5122,94.73,1920,1080
sample_0257,SideViewCows2026,ReID_barn,datasets/id/external/sideviewcows2026/barn/images/680/680_0227.jpg,RT-DETR-L,8,20,detected,1628.88,1.88,1856.08,532.06,0.4958,94.73,1920,1080
sample_0257,SideViewCows2026,ReID_barn,datasets/id/external/sideviewcows2026/barn/images/680/680_0227.jpg,RT-DETR-L,9,20,detected,-0.11,196.62,241.8,498.92,0.3989,94.73,1920,1080
sample_0257,SideViewCows2026,ReID_barn,datasets/id/external/sideviewcows2026/barn/images/680/680_0227.jpg,RT-DETR-L,10,20,detected,1633.78,3.11,1920.26,702.07,0.3387,94.73,1920,1080
sample_0257,SideViewCows2026,ReID_barn,datasets/id/external/sideviewcows2026/barn/images/680/680_0227.jpg,RT-DETR-L,11,20,detected,-0.15,309.04,63.6,478.33,0.3029,94.73,1920,1080
sample_0257,SideViewCows2026,ReID_barn,datasets/id/external/sideviewcows2026/barn/images/680/680_0227.jpg,RT-DETR-L,12,20,detected,1327.22,171.71,1656.92,479.96,0.3021,94.73,1920,1080
sample_0257,SideViewCows2026,ReID_barn,datasets/id/external/sideviewcows2026/barn/images/680/680_0227.jpg,RT-DETR-L,13,20,detected,1475.18,41.23,1647.25,171.41,0.2963,94.73,1920,1080
sample_0257,SideViewCows2026,ReID_barn,datasets/id/external/sideviewcows2026/barn/images/680/680_0227.jpg,RT-DETR-L,14,20,detected,-0.41,4.52,233.01,201.37,0.2962,94.73,1920,1080
sample_0257,SideViewCows2026,ReID_barn,datasets/id/external/sideviewcows2026/barn/images/680/680_0227.jpg,RT-DETR-L,15,20,detected,1629.47,2.39,1834.95,529.99,0.296,94.73,1920,1080
sample_0257,SideViewCows2026,ReID_barn,datasets/id/external/sideviewcows2026/barn/images/680/680_0227.jpg,RT-DETR-L,16,20,detected,1621.69,9.88,1737.56,270.12,0.2848,94.73,1920,1080
sample_0257,SideViewCows2026,ReID_barn,datasets/id/external/sideviewcows2026/barn/images/680/680_0227.jpg,RT-DETR-L,17,20,detected,348.76,0.32,552.64,70.75,0.2831,94.73,1920,1080
sample_0257,SideViewCows2026,ReID_barn,datasets/id/external/sideviewcows2026/barn/images/680/680_0227.jpg,RT-DETR-L,18,20,detected,1464.39,42.94,1654.36,335.3,0.2723,94.73,1920,1080
sample_0257,SideViewCows2026,ReID_barn,datasets/id/external/sideviewcows2026/barn/images/680/680_0227.jpg,RT-DETR-L,19,20,detected,-0.46,105.43,240.77,402.85,0.272,94.73,1920,1080
sample_0257,SideViewCows2026,ReID_barn,datasets/id/external/sideviewcows2026/barn/images/680/680_0227.jpg,RT-DETR-L,20,20,detected,0.07,309.19,64.38,418.94,0.2684,94.73,1920,1080
sample_0258,SideViewCows2026,ReID_barn,datasets/id/external/sideviewcows2026/barn/images/275/275_0064.jpg,YOLOv8s,1,2,detected,154.75,140.05,1545.81,1034.01,0.9075,23.45,1920,1080
sample_0258,SideViewCows2026,ReID_barn,datasets/id/external/sideviewcows2026/barn/images/275/275_0064.jpg,YOLOv8s,2,2,detected,0.35,534.15,174.24,653.28,0.5166,23.45,1920,1080
sample_0258,SideViewCows2026,ReID_barn,datasets/id/external/sideviewcows2026/barn/images/275/275_0064.jpg,FasterRCNN_v2,1,2,detected,112.77,134.53,1640.74,1048.34,0.9997,510.2,1920,1080
sample_0258,SideViewCows2026,ReID_barn,datasets/id/external/sideviewcows2026/barn/images/275/275_0064.jpg,FasterRCNN_v2,2,2,detected,2.59,510.48,180.22,651.44,0.3366,510.2,1920,1080
sample_0258,SideViewCows2026,ReID_barn,datasets/id/external/sideviewcows2026/barn/images/275/275_0064.jpg,RT-DETR-L,1,2,detected,158.35,146.97,1629.43,1062.75,0.9676,94.25,1920,1080
sample_0258,SideViewCows2026,ReID_barn,datasets/id/external/sideviewcows2026/barn/images/275/275_0064.jpg,RT-DETR-L,2,2,detected,0.12,532.87,171.86,652.93,0.833,94.25,1920,1080
sample_0259,SideViewCows2026,ReID_barn,datasets/id/external/sideviewcows2026/barn/images/733/733_0128.jpg,YOLOv8s,1,3,detected,13.94,61.51,1881.45,1080.0,0.8841,23.45,1920,1080
sample_0259,SideViewCows2026,ReID_barn,datasets/id/external/sideviewcows2026/barn/images/733/733_0128.jpg,YOLOv8s,2,3,detected,0.26,3.23,264.34,251.51,0.5657,23.45,1920,1080
sample_0259,SideViewCows2026,ReID_barn,datasets/id/external/sideviewcows2026/barn/images/733/733_0128.jpg,YOLOv8s,3,3,detected,464.1,3.03,1029.73,125.29,0.5505,23.45,1920,1080
sample_0259,SideViewCows2026,ReID_barn,datasets/id/external/sideviewcows2026/barn/images/733/733_0128.jpg,FasterRCNN_v2,1,9,detected,1.79,41.74,1518.03,1080.0,0.999,502.65,1920,1080
sample_0259,SideViewCows2026,ReID_barn,datasets/id/external/sideviewcows2026/barn/images/733/733_0128.jpg,FasterRCNN_v2,2,9,detected,398.5,3.35,1022.15,127.22,0.9277,502.65,1920,1080
sample_0259,SideViewCows2026,ReID_barn,datasets/id/external/sideviewcows2026/barn/images/733/733_0128.jpg,FasterRCNN_v2,3,9,detected,230.05,4.77,345.73,107.26,0.9135,502.65,1920,1080
sample_0259,SideViewCows2026,ReID_barn,datasets/id/external/sideviewcows2026/barn/images/733/733_0128.jpg,FasterRCNN_v2,4,9,detected,736.48,58.48,1920.0,1080.0,0.9133,502.65,1920,1080
sample_0259,SideViewCows2026,ReID_barn,datasets/id/external/sideviewcows2026/barn/images/733/733_0128.jpg,FasterRCNN_v2,5,9,detected,12.77,8.23,274.4,180.06,0.8595,502.65,1920,1080
sample_0259,SideViewCows2026,ReID_barn,datasets/id/external/sideviewcows2026/barn/images/733/733_0128.jpg,FasterRCNN_v2,6,9,detected,1437.56,3.22,1783.55,168.16,0.446,502.65,1920,1080
sample_0259,SideViewCows2026,ReID_barn,datasets/id/external/sideviewcows2026/barn/images/733/733_0128.jpg,FasterRCNN_v2,7,9,detected,1559.28,11.62,1669.23,102.17,0.4145,502.65,1920,1080
sample_0259,SideViewCows2026,ReID_barn,datasets/id/external/sideviewcows2026/barn/images/733/733_0128.jpg,FasterRCNN_v2,8,9,detected,85.54,3.03,296.82,111.44,0.3928,502.65,1920,1080
sample_0259,SideViewCows2026,ReID_barn,datasets/id/external/sideviewcows2026/barn/images/733/733_0128.jpg,FasterRCNN_v2,9,9,detected,1074.17,1.43,1720.36,162.63,0.2908,502.65,1920,1080
sample_0259,SideViewCows2026,ReID_barn,datasets/id/external/sideviewcows2026/barn/images/733/733_0128.jpg,RT-DETR-L,1,14,detected,0.3,78.25,1918.09,1077.65,0.9771,94.05,1920,1080
sample_0259,SideViewCows2026,ReID_barn,datasets/id/external/sideviewcows2026/barn/images/733/733_0128.jpg,RT-DETR-L,2,14,detected,443.29,2.19,1023.19,125.44,0.8204,94.05,1920,1080
sample_0259,SideViewCows2026,ReID_barn,datasets/id/external/sideviewcows2026/barn/images/733/733_0128.jpg,RT-DETR-L,3,14,detected,0.66,1.21,268.07,241.4,0.5851,94.05,1920,1080
sample_0259,SideViewCows2026,ReID_barn,datasets/id/external/sideviewcows2026/barn/images/733/733_0128.jpg,RT-DETR-L,4,14,detected,1432.19,0.49,1674.85,100.6,0.4161,94.05,1920,1080
sample_0259,SideViewCows2026,ReID_barn,datasets/id/external/sideviewcows2026/barn/images/733/733_0128.jpg,RT-DETR-L,5,14,detected,795.92,0.14,1023.9,81.13,0.4028,94.05,1920,1080
sample_0259,SideViewCows2026,ReID_barn,datasets/id/external/sideviewcows2026/barn/images/733/733_0128.jpg,RT-DETR-L,6,14,detected,225.53,1.62,382.03,107.16,0.4001,94.05,1920,1080
sample_0259,SideViewCows2026,ReID_barn,datasets/id/external/sideviewcows2026/barn/images/733/733_0128.jpg,RT-DETR-L,7,14,detected,1056.16,0.36,1388.58,69.59,0.3477,94.05,1920,1080
sample_0259,SideViewCows2026,ReID_barn,datasets/id/external/sideviewcows2026/barn/images/733/733_0128.jpg,RT-DETR-L,8,14,detected,1064.49,0.24,1209.02,51.88,0.3189,94.05,1920,1080
sample_0259,SideViewCows2026,ReID_barn,datasets/id/external/sideviewcows2026/barn/images/733/733_0128.jpg,RT-DETR-L,9,14,detected,1008.46,0.29,1392.66,105.2,0.2866,94.05,1920,1080
sample_0259,SideViewCows2026,ReID_barn,datasets/id/external/sideviewcows2026/barn/images/733/733_0128.jpg,RT-DETR-L,10,14,detected,1429.9,0.74,1916.85,170.21,0.2864,94.05,1920,1080
sample_0259,SideViewCows2026,ReID_barn,datasets/id/external/sideviewcows2026/barn/images/733/733_0128.jpg,RT-DETR-L,11,14,detected,1708.71,1.69,1919.41,111.96,0.2863,94.05,1920,1080
sample_0259,SideViewCows2026,ReID_barn,datasets/id/external/sideviewcows2026/barn/images/733/733_0128.jpg,RT-DETR-L,12,14,detected,1432.59,-0.37,1916.55,103.44,0.2861,94.05,1920,1080
sample_0259,SideViewCows2026,ReID_barn,datasets/id/external/sideviewcows2026/barn/images/733/733_0128.jpg,RT-DETR-L,13,14,detected,3.67,1.47,265.92,182.77,0.2706,94.05,1920,1080
sample_0259,SideViewCows2026,ReID_barn,datasets/id/external/sideviewcows2026/barn/images/733/733_0128.jpg,RT-DETR-L,14,14,detected,0.35,2.65,388.12,251.73,0.2536,94.05,1920,1080
sample_0260,SideViewCows2026,ReID_barn,datasets/id/external/sideviewcows2026/barn/images/955/955_0234.jpg,YOLOv8s,1,1,detected,46.56,96.95,1588.16,1034.91,0.8734,22.23,1920,1080
sample_0260,SideViewCows2026,ReID_barn,datasets/id/external/sideviewcows2026/barn/images/955/955_0234.jpg,FasterRCNN_v2,1,2,detected,36.12,91.39,1491.11,1049.6,0.9997,504.42,1920,1080
sample_0260,SideViewCows2026,ReID_barn,datasets/id/external/sideviewcows2026/barn/images/955/955_0234.jpg,FasterRCNN_v2,2,2,detected,1217.23,257.65,1689.92,658.97,0.9027,504.42,1920,1080
sample_0260,SideViewCows2026,ReID_barn,datasets/id/external/sideviewcows2026/barn/images/955/955_0234.jpg,RT-DETR-L,1,1,detected,40.38,96.57,1693.11,1042.02,0.965,94.1,1920,1080
sample_0261,SideViewCows2026,ReID_barn,datasets/id/external/sideviewcows2026/barn/images/503/503_0154.jpg,YOLOv8s,1,3,detected,100.25,67.22,1820.7,1070.39,0.8965,23.57,1920,1080
sample_0261,SideViewCows2026,ReID_barn,datasets/id/external/sideviewcows2026/barn/images/503/503_0154.jpg,YOLOv8s,2,3,detected,0.64,95.89,147.29,623.59,0.8836,23.57,1920,1080
sample_0261,SideViewCows2026,ReID_barn,datasets/id/external/sideviewcows2026/barn/images/503/503_0154.jpg,YOLOv8s,3,3,detected,1590.79,203.08,1919.15,895.46,0.6918,23.57,1920,1080
sample_0261,SideViewCows2026,ReID_barn,datasets/id/external/sideviewcows2026/barn/images/503/503_0154.jpg,FasterRCNN_v2,1,12,detected,118.48,59.81,1587.06,1080.0,0.9992,507.34,1920,1080
sample_0261,SideViewCows2026,ReID_barn,datasets/id/external/sideviewcows2026/barn/images/503/503_0154.jpg,FasterRCNN_v2,2,12,detected,0.15,102.11,152.66,627.27,0.9991,507.34,1920,1080
sample_0261,SideViewCows2026,ReID_barn,datasets/id/external/sideviewcows2026/barn/images/503/503_0154.jpg,FasterRCNN_v2,3,12,detected,751.81,83.09,1912.72,1079.4,0.9477,507.34,1920,1080
sample_0261,SideViewCows2026,ReID_barn,datasets/id/external/sideviewcows2026/barn/images/503/503_0154.jpg,FasterRCNN_v2,4,12,detected,1574.07,95.15,1710.05,254.93,0.9357,507.34,1920,1080
sample_0261,SideViewCows2026,ReID_barn,datasets/id/external/sideviewcows2026/barn/images/503/503_0154.jpg,FasterRCNN_v2,5,12,detected,1561.78,127.5,1624.77,233.7,0.8115,507.34,1920,1080
sample_0261,SideViewCows2026,ReID_barn,datasets/id/external/sideviewcows2026/barn/images/503/503_0154.jpg,FasterRCNN_v2,6,12,detected,61.13,72.08,214.83,148.29,0.718,507.34,1920,1080
sample_0261,SideViewCows2026,ReID_barn,datasets/id/external/sideviewcows2026/barn/images/503/503_0154.jpg,FasterRCNN_v2,7,12,detected,1681.52,106.16,1766.87,275.39,0.7042,507.34,1920,1080
sample_0261,SideViewCows2026,ReID_barn,datasets/id/external/sideviewcows2026/barn/images/503/503_0154.jpg,FasterRCNN_v2,8,12,detected,1620.31,418.45,1920.0,871.23,0.6924,507.34,1920,1080
sample_0261,SideViewCows2026,ReID_barn,datasets/id/external/sideviewcows2026/barn/images/503/503_0154.jpg,FasterRCNN_v2,9,12,detected,1830.7,515.73,1920.0,870.22,0.6609,507.34,1920,1080
sample_0261,SideViewCows2026,ReID_barn,datasets/id/external/sideviewcows2026/barn/images/503/503_0154.jpg,FasterRCNN_v2,10,12,detected,1741.05,485.92,1914.45,864.59,0.3906,507.34,1920,1080
sample_0261,SideViewCows2026,ReID_barn,datasets/id/external/sideviewcows2026/barn/images/503/503_0154.jpg,FasterRCNN_v2,11,12,detected,108.54,281.47,151.35,522.36,0.273,507.34,1920,1080
sample_0261,SideViewCows2026,ReID_barn,datasets/id/external/sideviewcows2026/barn/images/503/503_0154.jpg,FasterRCNN_v2,12,12,detected,1555.88,96.4,1658.05,233.25,0.2533,507.34,1920,1080
sample_0261,SideViewCows2026,ReID_barn,datasets/id/external/sideviewcows2026/barn/images/503/503_0154.jpg,RT-DETR-L,1,21,detected,111.7,68.87,1736.97,1076.87,0.9537,94.78,1920,1080
sample_0261,SideViewCows2026,ReID_barn,datasets/id/external/sideviewcows2026/barn/images/503/503_0154.jpg,RT-DETR-L,2,21,detected,0.35,83.2,146.98,624.47,0.7946,94.78,1920,1080
sample_0261,SideViewCows2026,ReID_barn,datasets/id/external/sideviewcows2026/barn/images/503/503_0154.jpg,RT-DETR-L,3,21,detected,1620.76,330.93,1919.29,878.23,0.7207,94.78,1920,1080
sample_0261,SideViewCows2026,ReID_barn,datasets/id/external/sideviewcows2026/barn/images/503/503_0154.jpg,RT-DETR-L,4,21,detected,1556.68,88.89,1704.27,275.88,0.5167,94.78,1920,1080
sample_0261,SideViewCows2026,ReID_barn,datasets/id/external/sideviewcows2026/barn/images/503/503_0154.jpg,RT-DETR-L,5,21,detected,1547.05,86.93,1623.98,164.74,0.3945,94.78,1920,1080
sample_0261,SideViewCows2026,ReID_barn,datasets/id/external/sideviewcows2026/barn/images/503/503_0154.jpg,RT-DETR-L,6,21,detected,1773.46,89.45,1918.19,208.8,0.3791,94.78,1920,1080
sample_0261,SideViewCows2026,ReID_barn,datasets/id/external/sideviewcows2026/barn/images/503/503_0154.jpg,RT-DETR-L,7,21,detected,1489.54,86.11,1627.2,164.89,0.3691,94.78,1920,1080
sample_0261,SideViewCows2026,ReID_barn,datasets/id/external/sideviewcows2026/barn/images/503/503_0154.jpg,RT-DETR-L,8,21,detected,1495.01,97.6,1550.27,161.59,0.3236,94.78,1920,1080
sample_0261,SideViewCows2026,ReID_barn,datasets/id/external/sideviewcows2026/barn/images/503/503_0154.jpg,RT-DETR-L,9,21,detected,1680.98,88.64,1917.04,281.46,0.3098,94.78,1920,1080
sample_0261,SideViewCows2026,ReID_barn,datasets/id/external/sideviewcows2026/barn/images/503/503_0154.jpg,RT-DETR-L,10,21,detected,1686.96,90.08,1840.55,193.84,0.3037,94.78,1920,1080
sample_0261,SideViewCows2026,ReID_barn,datasets/id/external/sideviewcows2026/barn/images/503/503_0154.jpg,RT-DETR-L,11,21,detected,1614.7,88.79,1703.4,235.23,0.3029,94.78,1920,1080
sample_0261,SideViewCows2026,ReID_barn,datasets/id/external/sideviewcows2026/barn/images/503/503_0154.jpg,RT-DETR-L,12,21,detected,1620.12,88.89,1703.79,209.57,0.2948,94.78,1920,1080
sample_0261,SideViewCows2026,ReID_barn,datasets/id/external/sideviewcows2026/barn/images/503/503_0154.jpg,RT-DETR-L,13,21,detected,1686.33,106.17,1767.65,193.27,0.2927,94.78,1920,1080
sample_0261,SideViewCows2026,ReID_barn,datasets/id/external/sideviewcows2026/barn/images/503/503_0154.jpg,RT-DETR-L,14,21,detected,1491.83,91.56,1560.07,163.85,0.2859,94.78,1920,1080
sample_0261,SideViewCows2026,ReID_barn,datasets/id/external/sideviewcows2026/barn/images/503/503_0154.jpg,RT-DETR-L,15,21,detected,1557.16,92.0,1700.87,235.13,0.2741,94.78,1920,1080
sample_0261,SideViewCows2026,ReID_barn,datasets/id/external/sideviewcows2026/barn/images/503/503_0154.jpg,RT-DETR-L,16,21,detected,55.7,67.74,210.32,143.87,0.268,94.78,1920,1080
sample_0261,SideViewCows2026,ReID_barn,datasets/id/external/sideviewcows2026/barn/images/503/503_0154.jpg,RT-DETR-L,17,21,detected,1680.77,105.38,1765.86,278.85,0.2671,94.78,1920,1080
sample_0261,SideViewCows2026,ReID_barn,datasets/id/external/sideviewcows2026/barn/images/503/503_0154.jpg,RT-DETR-L,18,21,detected,1773.95,89.74,1896.65,202.9,0.2671,94.78,1920,1080
sample_0261,SideViewCows2026,ReID_barn,datasets/id/external/sideviewcows2026/barn/images/503/503_0154.jpg,RT-DETR-L,19,21,detected,1771.26,109.03,1871.4,202.95,0.2598,94.78,1920,1080
sample_0261,SideViewCows2026,ReID_barn,datasets/id/external/sideviewcows2026/barn/images/503/503_0154.jpg,RT-DETR-L,20,21,detected,54.33,68.03,210.92,185.52,0.2507,94.78,1920,1080
sample_0261,SideViewCows2026,ReID_barn,datasets/id/external/sideviewcows2026/barn/images/503/503_0154.jpg,RT-DETR-L,21,21,detected,-0.67,73.03,58.49,106.74,0.25,94.78,1920,1080
sample_0262,SideViewCows2026,ReID_barn,datasets/id/external/sideviewcows2026/barn/images/529/529_0809.jpg,YOLOv8s,1,2,detected,21.33,42.99,1872.2,1065.95,0.8968,23.14,1920,1080
sample_0262,SideViewCows2026,ReID_barn,datasets/id/external/sideviewcows2026/barn/images/529/529_0809.jpg,YOLOv8s,2,2,detected,251.53,4.03,905.81,93.01,0.3513,23.14,1920,1080
sample_0262,SideViewCows2026,ReID_barn,datasets/id/external/sideviewcows2026/barn/images/529/529_0809.jpg,FasterRCNN_v2,1,3,detected,9.16,23.63,1852.76,1045.07,0.9994,508.78,1920,1080
sample_0262,SideViewCows2026,ReID_barn,datasets/id/external/sideviewcows2026/barn/images/529/529_0809.jpg,FasterRCNN_v2,2,3,detected,967.08,30.82,1886.17,831.68,0.5082,508.78,1920,1080
sample_0262,SideViewCows2026,ReID_barn,datasets/id/external/sideviewcows2026/barn/images/529/529_0809.jpg,FasterRCNN_v2,3,3,detected,903.95,51.54,966.43,93.06,0.268,508.78,1920,1080
sample_0262,SideViewCows2026,ReID_barn,datasets/id/external/sideviewcows2026/barn/images/529/529_0809.jpg,RT-DETR-L,1,8,detected,24.45,17.98,1886.45,1067.71,0.9691,93.88,1920,1080
sample_0262,SideViewCows2026,ReID_barn,datasets/id/external/sideviewcows2026/barn/images/529/529_0809.jpg,RT-DETR-L,2,8,detected,251.11,0.27,821.67,91.77,0.7272,93.88,1920,1080
sample_0262,SideViewCows2026,ReID_barn,datasets/id/external/sideviewcows2026/barn/images/529/529_0809.jpg,RT-DETR-L,3,8,detected,1488.92,-0.17,1816.85,77.39,0.3937,93.88,1920,1080
sample_0262,SideViewCows2026,ReID_barn,datasets/id/external/sideviewcows2026/barn/images/529/529_0809.jpg,RT-DETR-L,4,8,detected,772.44,22.57,968.52,95.29,0.3906,93.88,1920,1080
sample_0262,SideViewCows2026,ReID_barn,datasets/id/external/sideviewcows2026/barn/images/529/529_0809.jpg,RT-DETR-L,5,8,detected,808.98,23.0,915.6,91.14,0.3142,93.88,1920,1080
sample_0262,SideViewCows2026,ReID_barn,datasets/id/external/sideviewcows2026/barn/images/529/529_0809.jpg,RT-DETR-L,6,8,detected,1696.07,0.13,1817.26,74.14,0.3069,93.88,1920,1080
sample_0262,SideViewCows2026,ReID_barn,datasets/id/external/sideviewcows2026/barn/images/529/529_0809.jpg,RT-DETR-L,7,8,detected,904.07,51.79,967.63,95.91,0.3021,93.88,1920,1080
sample_0262,SideViewCows2026,ReID_barn,datasets/id/external/sideviewcows2026/barn/images/529/529_0809.jpg,RT-DETR-L,8,8,detected,1487.27,0.03,1678.63,76.63,0.2822,93.88,1920,1080
sample_0263,SideViewCows2026,ReID_barn,datasets/id/external/sideviewcows2026/barn/images/826/826_0121.jpg,YOLOv8s,1,2,detected,0.66,50.96,1723.79,1068.57,0.932,23.41,1920,1080
sample_0263,SideViewCows2026,ReID_barn,datasets/id/external/sideviewcows2026/barn/images/826/826_0121.jpg,YOLOv8s,2,2,detected,1633.31,120.27,1919.58,576.12,0.8404,23.41,1920,1080
sample_0263,SideViewCows2026,ReID_barn,datasets/id/external/sideviewcows2026/barn/images/826/826_0121.jpg,FasterRCNN_v2,1,6,detected,0.0,42.82,1684.42,1079.25,0.9995,507.25,1920,1080
sample_0263,SideViewCows2026,ReID_barn,datasets/id/external/sideviewcows2026/barn/images/826/826_0121.jpg,FasterRCNN_v2,2,6,detected,1666.93,126.01,1920.0,599.21,0.9985,507.25,1920,1080
sample_0263,SideViewCows2026,ReID_barn,datasets/id/external/sideviewcows2026/barn/images/826/826_0121.jpg,FasterRCNN_v2,3,6,detected,1626.23,205.04,1730.25,417.49,0.94,507.25,1920,1080
sample_0263,SideViewCows2026,ReID_barn,datasets/id/external/sideviewcows2026/barn/images/826/826_0121.jpg,FasterRCNN_v2,4,6,detected,1177.33,630.77,1592.15,834.38,0.6404,507.25,1920,1080
sample_0263,SideViewCows2026,ReID_barn,datasets/id/external/sideviewcows2026/barn/images/826/826_0121.jpg,FasterRCNN_v2,5,6,detected,1175.53,678.09,1332.64,835.31,0.3758,507.25,1920,1080
sample_0263,SideViewCows2026,ReID_barn,datasets/id/external/sideviewcows2026/barn/images/826/826_0121.jpg,FasterRCNN_v2,6,6,detected,1452.41,124.11,1746.17,428.01,0.2773,507.25,1920,1080
sample_0263,SideViewCows2026,ReID_barn,datasets/id/external/sideviewcows2026/barn/images/826/826_0121.jpg,RT-DETR-L,1,5,detected,-0.76,40.96,1771.42,1077.53,0.9764,95.16,1920,1080
sample_0263,SideViewCows2026,ReID_barn,datasets/id/external/sideviewcows2026/barn/images/826/826_0121.jpg,RT-DETR-L,2,5,detected,1633.6,124.07,1919.69,579.97,0.8475,95.16,1920,1080
sample_0263,SideViewCows2026,ReID_barn,datasets/id/external/sideviewcows2026/barn/images/826/826_0121.jpg,RT-DETR-L,3,5,detected,1655.04,114.77,1919.68,195.84,0.2852,95.16,1920,1080
sample_0263,SideViewCows2026,ReID_barn,datasets/id/external/sideviewcows2026/barn/images/826/826_0121.jpg,RT-DETR-L,4,5,detected,1627.6,115.47,1920.25,408.19,0.2789,95.16,1920,1080
sample_0263,SideViewCows2026,ReID_barn,datasets/id/external/sideviewcows2026/barn/images/826/826_0121.jpg,RT-DETR-L,5,5,detected,1635.2,117.07,1920.26,402.81,0.2783,95.16,1920,1080
sample_0264,SideViewCows2026,ReID_barn,datasets/id/external/sideviewcows2026/barn/images/124/124_0275.jpg,YOLOv8s,1,2,detected,5.51,32.13,1920.0,1073.03,0.9174,23.05,1920,1080
sample_0264,SideViewCows2026,ReID_barn,datasets/id/external/sideviewcows2026/barn/images/124/124_0275.jpg,YOLOv8s,2,2,detected,0.63,125.7,135.0,859.91,0.7707,23.05,1920,1080
sample_0264,SideViewCows2026,ReID_barn,datasets/id/external/sideviewcows2026/barn/images/124/124_0275.jpg,FasterRCNN_v2,1,5,detected,31.2,32.24,1618.2,1078.72,0.9997,506.35,1920,1080
sample_0264,SideViewCows2026,ReID_barn,datasets/id/external/sideviewcows2026/barn/images/124/124_0275.jpg,FasterRCNN_v2,2,5,detected,0.84,122.26,148.25,844.99,0.9956,506.35,1920,1080
sample_0264,SideViewCows2026,ReID_barn,datasets/id/external/sideviewcows2026/barn/images/124/124_0275.jpg,FasterRCNN_v2,3,5,detected,695.3,45.87,1917.73,1059.76,0.8184,506.35,1920,1080
sample_0264,SideViewCows2026,ReID_barn,datasets/id/external/sideviewcows2026/barn/images/124/124_0275.jpg,FasterRCNN_v2,4,5,detected,0.67,78.23,141.59,148.14,0.7312,506.35,1920,1080
sample_0264,SideViewCows2026,ReID_barn,datasets/id/external/sideviewcows2026/barn/images/124/124_0275.jpg,FasterRCNN_v2,5,5,detected,1654.68,82.71,1912.81,294.96,0.3574,506.35,1920,1080
sample_0264,SideViewCows2026,ReID_barn,datasets/id/external/sideviewcows2026/barn/images/124/124_0275.jpg,RT-DETR-L,1,3,detected,20.93,40.23,1919.96,1077.49,0.976,92.87,1920,1080
sample_0264,SideViewCows2026,ReID_barn,datasets/id/external/sideviewcows2026/barn/images/124/124_0275.jpg,RT-DETR-L,2,3,detected,0.75,120.05,134.04,854.91,0.5429,92.87,1920,1080
sample_0264,SideViewCows2026,ReID_barn,datasets/id/external/sideviewcows2026/barn/images/124/124_0275.jpg,RT-DETR-L,3,3,detected,1721.64,74.77,1920.01,317.27,0.3325,92.87,1920,1080
sample_0265,SideViewCows2026,ReID_barn,datasets/id/external/sideviewcows2026/barn/images/192/192_0021.jpg,YOLOv8s,1,5,detected,2.25,138.34,1920.0,1069.7,0.9028,22.38,1920,1080
sample_0265,SideViewCows2026,ReID_barn,datasets/id/external/sideviewcows2026/barn/images/192/192_0021.jpg,YOLOv8s,2,5,detected,0.81,216.94,136.41,1071.85,0.8333,22.38,1920,1080
sample_0265,SideViewCows2026,ReID_barn,datasets/id/external/sideviewcows2026/barn/images/192/192_0021.jpg,YOLOv8s,3,5,detected,0.81,61.45,305.04,242.0,0.5949,22.38,1920,1080
sample_0265,SideViewCows2026,ReID_barn,datasets/id/external/sideviewcows2026/barn/images/192/192_0021.jpg,YOLOv8s,4,5,detected,516.44,3.39,1374.98,306.56,0.4925,22.38,1920,1080
sample_0265,SideViewCows2026,ReID_barn,datasets/id/external/sideviewcows2026/barn/images/192/192_0021.jpg,YOLOv8s,5,5,detected,164.21,3.11,1373.94,313.18,0.3127,22.38,1920,1080
sample_0265,SideViewCows2026,ReID_barn,datasets/id/external/sideviewcows2026/barn/images/192/192_0021.jpg,FasterRCNN_v2,1,25,detected,232.63,91.11,1905.07,1062.1,0.9996,502.81,1920,1080
sample_0265,SideViewCows2026,ReID_barn,datasets/id/external/sideviewcows2026/barn/images/192/192_0021.jpg,FasterRCNN_v2,2,25,detected,0.0,63.7,278.95,248.3,0.9953,502.81,1920,1080
sample_0265,SideViewCows2026,ReID_barn,datasets/id/external/sideviewcows2026/barn/images/192/192_0021.jpg,FasterRCNN_v2,3,25,detected,597.18,4.79,1377.54,313.08,0.9888,502.81,1920,1080
sample_0265,SideViewCows2026,ReID_barn,datasets/id/external/sideviewcows2026/barn/images/192/192_0021.jpg,FasterRCNN_v2,4,25,detected,1200.69,37.33,1386.59,317.63,0.9753,502.81,1920,1080
sample_0265,SideViewCows2026,ReID_barn,datasets/id/external/sideviewcows2026/barn/images/192/192_0021.jpg,FasterRCNN_v2,5,25,detected,1.3,155.55,132.88,1077.37,0.8945,502.81,1920,1080
sample_0265,SideViewCows2026,ReID_barn,datasets/id/external/sideviewcows2026/barn/images/192/192_0021.jpg,FasterRCNN_v2,6,25,detected,761.87,11.98,900.01,60.51,0.8745,502.81,1920,1080
sample_0265,SideViewCows2026,ReID_barn,datasets/id/external/sideviewcows2026/barn/images/192/192_0021.jpg,FasterRCNN_v2,7,25,detected,950.1,10.79,1081.04,53.51,0.8292,502.81,1920,1080
sample_0265,SideViewCows2026,ReID_barn,datasets/id/external/sideviewcows2026/barn/images/192/192_0021.jpg,FasterRCNN_v2,8,25,detected,268.31,71.44,470.43,131.66,0.8135,502.81,1920,1080
sample_0265,SideViewCows2026,ReID_barn,datasets/id/external/sideviewcows2026/barn/images/192/192_0021.jpg,FasterRCNN_v2,9,25,detected,253.07,72.24,369.52,133.62,0.7916,502.81,1920,1080
sample_0265,SideViewCows2026,ReID_barn,datasets/id/external/sideviewcows2026/barn/images/192/192_0021.jpg,FasterRCNN_v2,10,25,detected,1768.19,3.37,1918.71,97.33,0.6819,502.81,1920,1080
sample_0265,SideViewCows2026,ReID_barn,datasets/id/external/sideviewcows2026/barn/images/192/192_0021.jpg,FasterRCNN_v2,11,25,detected,1072.37,0.72,1181.37,50.95,0.6319,502.81,1920,1080
sample_0265,SideViewCows2026,ReID_barn,datasets/id/external/sideviewcows2026/barn/images/192/192_0021.jpg,FasterRCNN_v2,12,25,detected,566.75,31.61,816.56,109.63,0.6119,502.81,1920,1080
sample_0265,SideViewCows2026,ReID_barn,datasets/id/external/sideviewcows2026/barn/images/192/192_0021.jpg,FasterRCNN_v2,13,25,detected,653.75,27.49,865.14,69.5,0.5698,502.81,1920,1080
sample_0265,SideViewCows2026,ReID_barn,datasets/id/external/sideviewcows2026/barn/images/192/192_0021.jpg,FasterRCNN_v2,14,25,detected,198.25,51.77,386.02,131.38,0.4912,502.81,1920,1080
sample_0265,SideViewCows2026,ReID_barn,datasets/id/external/sideviewcows2026/barn/images/192/192_0021.jpg,FasterRCNN_v2,15,25,detected,0.0,54.23,24.77,74.77,0.4768,502.81,1920,1080
sample_0265,SideViewCows2026,ReID_barn,datasets/id/external/sideviewcows2026/barn/images/192/192_0021.jpg,FasterRCNN_v2,16,25,detected,184.34,47.92,344.32,95.22,0.4562,502.81,1920,1080
sample_0265,SideViewCows2026,ReID_barn,datasets/id/external/sideviewcows2026/barn/images/192/192_0021.jpg,FasterRCNN_v2,17,25,detected,2.75,49.64,75.63,75.56,0.4502,502.81,1920,1080
sample_0265,SideViewCows2026,ReID_barn,datasets/id/external/sideviewcows2026/barn/images/192/192_0021.jpg,FasterRCNN_v2,18,25,detected,52.12,79.27,970.07,1072.58,0.4496,502.81,1920,1080
sample_0265,SideViewCows2026,ReID_barn,datasets/id/external/sideviewcows2026/barn/images/192/192_0021.jpg,FasterRCNN_v2,19,25,detected,233.33,40.39,337.03,66.49,0.3851,502.81,1920,1080
sample_0265,SideViewCows2026,ReID_barn,datasets/id/external/sideviewcows2026/barn/images/192/192_0021.jpg,FasterRCNN_v2,20,25,detected,799.28,27.25,876.61,64.36,0.3847,502.81,1920,1080
sample_0265,SideViewCows2026,ReID_barn,datasets/id/external/sideviewcows2026/barn/images/192/192_0021.jpg,FasterRCNN_v2,21,25,detected,0.0,99.43,421.91,1076.11,0.3806,502.81,1920,1080
sample_0265,SideViewCows2026,ReID_barn,datasets/id/external/sideviewcows2026/barn/images/192/192_0021.jpg,FasterRCNN_v2,22,25,detected,965.47,0.0,1441.62,318.0,0.352,502.81,1920,1080
sample_0265,SideViewCows2026,ReID_barn,datasets/id/external/sideviewcows2026/barn/images/192/192_0021.jpg,FasterRCNN_v2,23,25,detected,762.82,21.87,808.06,42.11,0.2868,502.81,1920,1080
sample_0265,SideViewCows2026,ReID_barn,datasets/id/external/sideviewcows2026/barn/images/192/192_0021.jpg,FasterRCNN_v2,24,25,detected,857.17,16.42,1067.42,58.57,0.2615,502.81,1920,1080
sample_0265,SideViewCows2026,ReID_barn,datasets/id/external/sideviewcows2026/barn/images/192/192_0021.jpg,FasterRCNN_v2,25,25,detected,943.95,33.69,1008.41,54.53,0.255,502.81,1920,1080
sample_0265,SideViewCows2026,ReID_barn,datasets/id/external/sideviewcows2026/barn/images/192/192_0021.jpg,RT-DETR-L,1,23,detected,66.94,146.33,1913.38,1075.57,0.9731,93.1,1920,1080
sample_0265,SideViewCows2026,ReID_barn,datasets/id/external/sideviewcows2026/barn/images/192/192_0021.jpg,RT-DETR-L,2,23,detected,217.35,1.71,1348.62,198.84,0.8435,93.1,1920,1080
sample_0265,SideViewCows2026,ReID_barn,datasets/id/external/sideviewcows2026/barn/images/192/192_0021.jpg,RT-DETR-L,3,23,detected,-0.33,62.31,289.19,244.5,0.8386,93.1,1920,1080
sample_0265,SideViewCows2026,ReID_barn,datasets/id/external/sideviewcows2026/barn/images/192/192_0021.jpg,RT-DETR-L,4,23,detected,335.2,47.08,583.05,125.26,0.7229,93.1,1920,1080
sample_0265,SideViewCows2026,ReID_barn,datasets/id/external/sideviewcows2026/barn/images/192/192_0021.jpg,RT-DETR-L,5,23,detected,1.32,212.0,150.36,1074.32,0.694,93.1,1920,1080
sample_0265,SideViewCows2026,ReID_barn,datasets/id/external/sideviewcows2026/barn/images/192/192_0021.jpg,RT-DETR-L,6,23,detected,556.85,33.69,801.38,110.75,0.5722,93.1,1920,1080
sample_0265,SideViewCows2026,ReID_barn,datasets/id/external/sideviewcows2026/barn/images/192/192_0021.jpg,RT-DETR-L,7,23,detected,629.63,58.86,792.01,100.36,0.4438,93.1,1920,1080
sample_0265,SideViewCows2026,ReID_barn,datasets/id/external/sideviewcows2026/barn/images/192/192_0021.jpg,RT-DETR-L,8,23,detected,467.37,17.14,600.16,53.88,0.432,93.1,1920,1080
sample_0265,SideViewCows2026,ReID_barn,datasets/id/external/sideviewcows2026/barn/images/192/192_0021.jpg,RT-DETR-L,9,23,detected,213.4,56.36,372.3,134.43,0.4279,93.1,1920,1080
sample_0265,SideViewCows2026,ReID_barn,datasets/id/external/sideviewcows2026/barn/images/192/192_0021.jpg,RT-DETR-L,10,23,detected,1194.88,65.49,1383.23,310.62,0.4162,93.1,1920,1080
sample_0265,SideViewCows2026,ReID_barn,datasets/id/external/sideviewcows2026/barn/images/192/192_0021.jpg,RT-DETR-L,11,23,detected,792.83,20.24,901.79,66.04,0.4131,93.1,1920,1080
sample_0265,SideViewCows2026,ReID_barn,datasets/id/external/sideviewcows2026/barn/images/192/192_0021.jpg,RT-DETR-L,12,23,detected,1731.85,0.28,1920.07,61.6,0.4045,93.1,1920,1080
sample_0265,SideViewCows2026,ReID_barn,datasets/id/external/sideviewcows2026/barn/images/192/192_0021.jpg,RT-DETR-L,13,23,detected,1729.79,0.21,1920.48,97.96,0.373,93.1,1920,1080
sample_0265,SideViewCows2026,ReID_barn,datasets/id/external/sideviewcows2026/barn/images/192/192_0021.jpg,RT-DETR-L,14,23,detected,558.91,34.71,700.13,110.8,0.3442,93.1,1920,1080
sample_0265,SideViewCows2026,ReID_barn,datasets/id/external/sideviewcows2026/barn/images/192/192_0021.jpg,RT-DETR-L,15,23,detected,632.97,20.88,901.2,100.66,0.3371,93.1,1920,1080
sample_0265,SideViewCows2026,ReID_barn,datasets/id/external/sideviewcows2026/barn/images/192/192_0021.jpg,RT-DETR-L,16,23,detected,1418.36,0.63,1587.91,104.52,0.3163,93.1,1920,1080
sample_0265,SideViewCows2026,ReID_barn,datasets/id/external/sideviewcows2026/barn/images/192/192_0021.jpg,RT-DETR-L,17,23,detected,420.23,45.56,582.27,119.23,0.3108,93.1,1920,1080
sample_0265,SideViewCows2026,ReID_barn,datasets/id/external/sideviewcows2026/barn/images/192/192_0021.jpg,RT-DETR-L,18,23,detected,1190.55,175.29,1366.22,307.04,0.3099,93.1,1920,1080
sample_0265,SideViewCows2026,ReID_barn,datasets/id/external/sideviewcows2026/barn/images/192/192_0021.jpg,RT-DETR-L,19,23,detected,662.38,34.98,804.02,69.01,0.2911,93.1,1920,1080
sample_0265,SideViewCows2026,ReID_barn,datasets/id/external/sideviewcows2026/barn/images/192/192_0021.jpg,RT-DETR-L,20,23,detected,941.41,2.15,1089.37,53.54,0.2864,93.1,1920,1080
sample_0265,SideViewCows2026,ReID_barn,datasets/id/external/sideviewcows2026/barn/images/192/192_0021.jpg,RT-DETR-L,21,23,detected,1471.75,0.75,1586.76,105.37,0.2776,93.1,1920,1080
sample_0265,SideViewCows2026,ReID_barn,datasets/id/external/sideviewcows2026/barn/images/192/192_0021.jpg,RT-DETR-L,22,23,detected,467.31,17.05,649.62,54.31,0.2747,93.1,1920,1080
sample_0265,SideViewCows2026,ReID_barn,datasets/id/external/sideviewcows2026/barn/images/192/192_0021.jpg,RT-DETR-L,23,23,detected,1731.38,0.53,1843.15,60.75,0.2722,93.1,1920,1080
sample_0266,SideViewCows2026,ReID_barn,datasets/id/external/sideviewcows2026/barn/images/217/217_0081.jpg,YOLOv8s,1,2,detected,140.33,84.46,1911.91,1062.24,0.9157,22.93,1920,1080
sample_0266,SideViewCows2026,ReID_barn,datasets/id/external/sideviewcows2026/barn/images/217/217_0081.jpg,YOLOv8s,2,2,detected,0.3,313.7,183.67,689.03,0.3923,22.93,1920,1080
sample_0266,SideViewCows2026,ReID_barn,datasets/id/external/sideviewcows2026/barn/images/217/217_0081.jpg,FasterRCNN_v2,1,2,detected,95.11,94.93,1870.32,1075.64,0.9994,507.59,1920,1080
sample_0266,SideViewCows2026,ReID_barn,datasets/id/external/sideviewcows2026/barn/images/217/217_0081.jpg,FasterRCNN_v2,2,2,detected,1.82,235.7,191.35,709.99,0.9948,507.59,1920,1080
sample_0266,SideViewCows2026,ReID_barn,datasets/id/external/sideviewcows2026/barn/images/217/217_0081.jpg,RT-DETR-L,1,11,detected,100.84,90.35,1892.7,1074.46,0.9753,94.61,1920,1080
sample_0266,SideViewCows2026,ReID_barn,datasets/id/external/sideviewcows2026/barn/images/217/217_0081.jpg,RT-DETR-L,2,11,detected,504.49,85.88,1495.48,251.91,0.4989,94.61,1920,1080
sample_0266,SideViewCows2026,ReID_barn,datasets/id/external/sideviewcows2026/barn/images/217/217_0081.jpg,RT-DETR-L,3,11,detected,-0.52,211.12,183.91,679.11,0.4709,94.61,1920,1080
sample_0266,SideViewCows2026,ReID_barn,datasets/id/external/sideviewcows2026/barn/images/217/217_0081.jpg,RT-DETR-L,4,11,detected,504.31,85.47,1185.13,129.22,0.4308,94.61,1920,1080
sample_0266,SideViewCows2026,ReID_barn,datasets/id/external/sideviewcows2026/barn/images/217/217_0081.jpg,RT-DETR-L,5,11,detected,-0.27,441.42,184.81,676.79,0.4171,94.61,1920,1080
sample_0266,SideViewCows2026,ReID_barn,datasets/id/external/sideviewcows2026/barn/images/217/217_0081.jpg,RT-DETR-L,6,11,detected,1488.1,559.24,1648.29,800.59,0.4165,94.61,1920,1080
sample_0266,SideViewCows2026,ReID_barn,datasets/id/external/sideviewcows2026/barn/images/217/217_0081.jpg,RT-DETR-L,7,11,detected,-0.25,441.8,183.39,601.07,0.3765,94.61,1920,1080
sample_0266,SideViewCows2026,ReID_barn,datasets/id/external/sideviewcows2026/barn/images/217/217_0081.jpg,RT-DETR-L,8,11,detected,-1.08,209.35,185.65,602.27,0.2954,94.61,1920,1080
sample_0266,SideViewCows2026,ReID_barn,datasets/id/external/sideviewcows2026/barn/images/217/217_0081.jpg,RT-DETR-L,9,11,detected,-0.39,209.92,160.52,454.91,0.2923,94.61,1920,1080
sample_0266,SideViewCows2026,ReID_barn,datasets/id/external/sideviewcows2026/barn/images/217/217_0081.jpg,RT-DETR-L,10,11,detected,504.0,91.21,936.46,131.18,0.2771,94.61,1920,1080
sample_0266,SideViewCows2026,ReID_barn,datasets/id/external/sideviewcows2026/barn/images/217/217_0081.jpg,RT-DETR-L,11,11,detected,1164.05,87.74,1490.23,249.99,0.2729,94.61,1920,1080
sample_0267,SideViewCows2026,ReID_barn,datasets/id/external/sideviewcows2026/barn/images/733/733_0054.jpg,YOLOv8s,1,4,detected,0.59,85.12,1902.59,1074.5,0.892,23.37,1920,1080
sample_0267,SideViewCows2026,ReID_barn,datasets/id/external/sideviewcows2026/barn/images/733/733_0054.jpg,YOLOv8s,2,4,detected,0.21,4.35,212.23,183.49,0.6271,23.37,1920,1080
sample_0267,SideViewCows2026,ReID_barn,datasets/id/external/sideviewcows2026/barn/images/733/733_0054.jpg,YOLOv8s,3,4,detected,198.62,19.07,388.08,106.5,0.4372,23.37,1920,1080
sample_0267,SideViewCows2026,ReID_barn,datasets/id/external/sideviewcows2026/barn/images/733/733_0054.jpg,YOLOv8s,4,4,detected,397.33,17.99,844.16,136.17,0.3366,23.37,1920,1080
sample_0267,SideViewCows2026,ReID_barn,datasets/id/external/sideviewcows2026/barn/images/733/733_0054.jpg,FasterRCNN_v2,1,16,detected,7.18,76.35,1731.72,1080.0,0.998,503.17,1920,1080
sample_0267,SideViewCows2026,ReID_barn,datasets/id/external/sideviewcows2026/barn/images/733/733_0054.jpg,FasterRCNN_v2,2,16,detected,864.64,14.38,1074.58,135.93,0.9979,503.17,1920,1080
sample_0267,SideViewCows2026,ReID_barn,datasets/id/external/sideviewcows2026/barn/images/733/733_0054.jpg,FasterRCNN_v2,3,16,detected,391.97,25.35,859.71,144.08,0.9955,503.17,1920,1080
sample_0267,SideViewCows2026,ReID_barn,datasets/id/external/sideviewcows2026/barn/images/733/733_0054.jpg,FasterRCNN_v2,4,16,detected,2.58,14.36,211.49,197.0,0.9841,503.17,1920,1080
sample_0267,SideViewCows2026,ReID_barn,datasets/id/external/sideviewcows2026/barn/images/733/733_0054.jpg,FasterRCNN_v2,5,16,detected,201.15,19.64,392.93,105.66,0.9747,503.17,1920,1080
sample_0267,SideViewCows2026,ReID_barn,datasets/id/external/sideviewcows2026/barn/images/733/733_0054.jpg,FasterRCNN_v2,6,16,detected,693.0,15.33,885.99,140.8,0.9414,503.17,1920,1080
sample_0267,SideViewCows2026,ReID_barn,datasets/id/external/sideviewcows2026/barn/images/733/733_0054.jpg,FasterRCNN_v2,7,16,detected,1582.06,24.52,1917.12,168.11,0.6761,503.17,1920,1080
sample_0267,SideViewCows2026,ReID_barn,datasets/id/external/sideviewcows2026/barn/images/733/733_0054.jpg,FasterRCNN_v2,8,16,detected,1827.31,620.07,1920.0,741.03,0.6719,503.17,1920,1080
sample_0267,SideViewCows2026,ReID_barn,datasets/id/external/sideviewcows2026/barn/images/733/733_0054.jpg,FasterRCNN_v2,9,16,detected,398.99,34.79,683.87,124.88,0.6494,503.17,1920,1080
sample_0267,SideViewCows2026,ReID_barn,datasets/id/external/sideviewcows2026/barn/images/733/733_0054.jpg,FasterRCNN_v2,10,16,detected,1768.56,31.83,1920.0,163.15,0.6392,503.17,1920,1080
sample_0267,SideViewCows2026,ReID_barn,datasets/id/external/sideviewcows2026/barn/images/733/733_0054.jpg,FasterRCNN_v2,11,16,detected,408.58,13.05,672.63,58.27,0.6391,503.17,1920,1080
sample_0267,SideViewCows2026,ReID_barn,datasets/id/external/sideviewcows2026/barn/images/733/733_0054.jpg,FasterRCNN_v2,12,16,detected,876.31,106.34,1914.35,1078.06,0.621,503.17,1920,1080
sample_0267,SideViewCows2026,ReID_barn,datasets/id/external/sideviewcows2026/barn/images/733/733_0054.jpg,FasterRCNN_v2,13,16,detected,369.06,25.26,410.02,94.68,0.5515,503.17,1920,1080
sample_0267,SideViewCows2026,ReID_barn,datasets/id/external/sideviewcows2026/barn/images/733/733_0054.jpg,FasterRCNN_v2,14,16,detected,1847.25,55.74,1920.0,162.44,0.3476,503.17,1920,1080
sample_0267,SideViewCows2026,ReID_barn,datasets/id/external/sideviewcows2026/barn/images/733/733_0054.jpg,FasterRCNN_v2,15,16,detected,384.82,15.28,686.97,88.56,0.3473,503.17,1920,1080
sample_0267,SideViewCows2026,ReID_barn,datasets/id/external/sideviewcows2026/barn/images/733/733_0054.jpg,FasterRCNN_v2,16,16,detected,922.04,17.49,1190.72,136.55,0.3049,503.17,1920,1080
sample_0267,SideViewCows2026,ReID_barn,datasets/id/external/sideviewcows2026/barn/images/733/733_0054.jpg,RT-DETR-L,1,20,detected,-1.07,94.49,1918.64,1076.98,0.9769,92.29,1920,1080
sample_0267,SideViewCows2026,ReID_barn,datasets/id/external/sideviewcows2026/barn/images/733/733_0054.jpg,RT-DETR-L,2,20,detected,397.47,33.79,831.04,138.94,0.8764,92.29,1920,1080
sample_0267,SideViewCows2026,ReID_barn,datasets/id/external/sideviewcows2026/barn/images/733/733_0054.jpg,RT-DETR-L,3,20,detected,864.59,14.33,1075.79,135.94,0.8591,92.29,1920,1080
sample_0267,SideViewCows2026,ReID_barn,datasets/id/external/sideviewcows2026/barn/images/733/733_0054.jpg,RT-DETR-L,4,20,detected,195.33,19.42,375.53,104.92,0.7689,92.29,1920,1080
sample_0267,SideViewCows2026,ReID_barn,datasets/id/external/sideviewcows2026/barn/images/733/733_0054.jpg,RT-DETR-L,5,20,detected,0.28,10.73,214.01,180.68,0.7267,92.29,1920,1080
sample_0267,SideViewCows2026,ReID_barn,datasets/id/external/sideviewcows2026/barn/images/733/733_0054.jpg,RT-DETR-L,6,20,detected,680.91,16.54,892.69,137.72,0.6094,92.29,1920,1080
sample_0267,SideViewCows2026,ReID_barn,datasets/id/external/sideviewcows2026/barn/images/733/733_0054.jpg,RT-DETR-L,7,20,detected,425.96,16.95,670.96,57.19,0.415,92.29,1920,1080
sample_0267,SideViewCows2026,ReID_barn,datasets/id/external/sideviewcows2026/barn/images/733/733_0054.jpg,RT-DETR-L,8,20,detected,1632.01,26.71,1919.46,162.84,0.3891,92.29,1920,1080
sample_0267,SideViewCows2026,ReID_barn,datasets/id/external/sideviewcows2026/barn/images/733/733_0054.jpg,RT-DETR-L,9,20,detected,1489.1,28.23,1652.79,130.43,0.3427,92.29,1920,1080
sample_0267,SideViewCows2026,ReID_barn,datasets/id/external/sideviewcows2026/barn/images/733/733_0054.jpg,RT-DETR-L,10,20,detected,1798.48,33.17,1919.31,162.62,0.3397,92.29,1920,1080
sample_0267,SideViewCows2026,ReID_barn,datasets/id/external/sideviewcows2026/barn/images/733/733_0054.jpg,RT-DETR-L,11,20,detected,1085.62,23.73,1288.41,83.98,0.3393,92.29,1920,1080
sample_0267,SideViewCows2026,ReID_barn,datasets/id/external/sideviewcows2026/barn/images/733/733_0054.jpg,RT-DETR-L,12,20,detected,1503.93,26.07,1749.0,130.53,0.3371,92.29,1920,1080
sample_0267,SideViewCows2026,ReID_barn,datasets/id/external/sideviewcows2026/barn/images/733/733_0054.jpg,RT-DETR-L,13,20,detected,1028.65,24.28,1379.44,99.55,0.3141,92.29,1920,1080
sample_0267,SideViewCows2026,ReID_barn,datasets/id/external/sideviewcows2026/barn/images/733/733_0054.jpg,RT-DETR-L,14,20,detected,1472.64,26.75,1917.38,163.99,0.3088,92.29,1920,1080
sample_0267,SideViewCows2026,ReID_barn,datasets/id/external/sideviewcows2026/barn/images/733/733_0054.jpg,RT-DETR-L,15,20,detected,1630.21,25.26,1751.33,108.83,0.3028,92.29,1920,1080
sample_0267,SideViewCows2026,ReID_barn,datasets/id/external/sideviewcows2026/barn/images/733/733_0054.jpg,RT-DETR-L,16,20,detected,1013.81,81.64,1387.59,128.86,0.2964,92.29,1920,1080
sample_0267,SideViewCows2026,ReID_barn,datasets/id/external/sideviewcows2026/barn/images/733/733_0054.jpg,RT-DETR-L,17,20,detected,1414.9,29.3,1646.41,130.19,0.2779,92.29,1920,1080
sample_0267,SideViewCows2026,ReID_barn,datasets/id/external/sideviewcows2026/barn/images/733/733_0054.jpg,RT-DETR-L,18,20,detected,385.19,16.92,668.95,95.27,0.2713,92.29,1920,1080
sample_0267,SideViewCows2026,ReID_barn,datasets/id/external/sideviewcows2026/barn/images/733/733_0054.jpg,RT-DETR-L,19,20,detected,1241.24,27.99,1384.31,100.99,0.2579,92.29,1920,1080
sample_0267,SideViewCows2026,ReID_barn,datasets/id/external/sideviewcows2026/barn/images/733/733_0054.jpg,RT-DETR-L,20,20,detected,1014.35,22.89,1113.67,84.16,0.2569,92.29,1920,1080
sample_0268,SideViewCows2026,ReID_barn,datasets/id/external/sideviewcows2026/barn/images/594/594_0232.jpg,YOLOv8s,1,4,detected,13.9,106.34,1890.72,1065.36,0.9053,23.04,1920,1080
sample_0268,SideViewCows2026,ReID_barn,datasets/id/external/sideviewcows2026/barn/images/594/594_0232.jpg,YOLOv8s,2,4,detected,1111.17,37.64,1547.68,291.72,0.755,23.04,1920,1080
sample_0268,SideViewCows2026,ReID_barn,datasets/id/external/sideviewcows2026/barn/images/594/594_0232.jpg,YOLOv8s,3,4,detected,1527.71,41.54,1668.12,269.96,0.7508,23.04,1920,1080
sample_0268,SideViewCows2026,ReID_barn,datasets/id/external/sideviewcows2026/barn/images/594/594_0232.jpg,YOLOv8s,4,4,detected,1644.46,40.89,1801.0,246.93,0.7006,23.04,1920,1080
sample_0268,SideViewCows2026,ReID_barn,datasets/id/external/sideviewcows2026/barn/images/594/594_0232.jpg,FasterRCNN_v2,1,5,detected,5.53,90.3,1574.45,1080.0,0.9992,506.47,1920,1080
sample_0268,SideViewCows2026,ReID_barn,datasets/id/external/sideviewcows2026/barn/images/594/594_0232.jpg,FasterRCNN_v2,2,5,detected,1103.71,39.11,1552.42,296.62,0.9978,506.47,1920,1080
sample_0268,SideViewCows2026,ReID_barn,datasets/id/external/sideviewcows2026/barn/images/594/594_0232.jpg,FasterRCNN_v2,3,5,detected,1626.82,40.92,1803.4,242.87,0.9931,506.47,1920,1080
sample_0268,SideViewCows2026,ReID_barn,datasets/id/external/sideviewcows2026/barn/images/594/594_0232.jpg,FasterRCNN_v2,4,5,detected,1525.48,44.54,1661.9,278.77,0.9909,506.47,1920,1080
sample_0268,SideViewCows2026,ReID_barn,datasets/id/external/sideviewcows2026/barn/images/594/594_0232.jpg,FasterRCNN_v2,5,5,detected,729.91,102.84,1871.01,1073.84,0.6371,506.47,1920,1080
sample_0268,SideViewCows2026,ReID_barn,datasets/id/external/sideviewcows2026/barn/images/594/594_0232.jpg,RT-DETR-L,1,12,detected,-2.17,108.57,1876.72,1078.71,0.9786,93.39,1920,1080
sample_0268,SideViewCows2026,ReID_barn,datasets/id/external/sideviewcows2026/barn/images/594/594_0232.jpg,RT-DETR-L,2,12,detected,1074.17,37.93,1543.06,285.45,0.8643,93.39,1920,1080
sample_0268,SideViewCows2026,ReID_barn,datasets/id/external/sideviewcows2026/barn/images/594/594_0232.jpg,RT-DETR-L,3,12,detected,1633.91,41.02,1801.01,245.12,0.7873,93.39,1920,1080
sample_0268,SideViewCows2026,ReID_barn,datasets/id/external/sideviewcows2026/barn/images/594/594_0232.jpg,RT-DETR-L,4,12,detected,1510.18,42.3,1662.95,271.98,0.7796,93.39,1920,1080
sample_0268,SideViewCows2026,ReID_barn,datasets/id/external/sideviewcows2026/barn/images/594/594_0232.jpg,RT-DETR-L,5,12,detected,544.01,68.91,667.02,124.05,0.4022,93.39,1920,1080
sample_0268,SideViewCows2026,ReID_barn,datasets/id/external/sideviewcows2026/barn/images/594/594_0232.jpg,RT-DETR-L,6,12,detected,0.66,110.51,116.8,192.44,0.3718,93.39,1920,1080
sample_0268,SideViewCows2026,ReID_barn,datasets/id/external/sideviewcows2026/barn/images/594/594_0232.jpg,RT-DETR-L,7,12,detected,1878.5,20.9,1920.8,114.58,0.3338,93.39,1920,1080
sample_0268,SideViewCows2026,ReID_barn,datasets/id/external/sideviewcows2026/barn/images/594/594_0232.jpg,RT-DETR-L,8,12,detected,984.34,94.21,1058.08,132.56,0.3193,93.39,1920,1080
sample_0268,SideViewCows2026,ReID_barn,datasets/id/external/sideviewcows2026/barn/images/594/594_0232.jpg,RT-DETR-L,9,12,detected,-0.69,111.67,50.13,186.84,0.306,93.39,1920,1080
sample_0268,SideViewCows2026,ReID_barn,datasets/id/external/sideviewcows2026/barn/images/594/594_0232.jpg,RT-DETR-L,10,12,detected,623.59,78.6,676.7,119.81,0.2746,93.39,1920,1080
sample_0268,SideViewCows2026,ReID_barn,datasets/id/external/sideviewcows2026/barn/images/594/594_0232.jpg,RT-DETR-L,11,12,detected,663.61,74.03,727.91,119.42,0.2639,93.39,1920,1080
sample_0268,SideViewCows2026,ReID_barn,datasets/id/external/sideviewcows2026/barn/images/594/594_0232.jpg,RT-DETR-L,12,12,detected,912.21,104.74,976.2,128.18,0.2568,93.39,1920,1080
sample_0269,SideViewCows2026,ReID_barn,datasets/id/external/sideviewcows2026/barn/images/633/633_0299.jpg,YOLOv8s,1,4,detected,1.84,22.25,1456.66,1064.95,0.9206,24.1,1920,1080
sample_0269,SideViewCows2026,ReID_barn,datasets/id/external/sideviewcows2026/barn/images/633/633_0299.jpg,YOLOv8s,2,4,detected,1607.84,280.98,1918.61,1067.79,0.8711,24.1,1920,1080
sample_0269,SideViewCows2026,ReID_barn,datasets/id/external/sideviewcows2026/barn/images/633/633_0299.jpg,YOLOv8s,3,4,detected,542.37,0.52,780.1,73.92,0.5806,24.1,1920,1080
sample_0269,SideViewCows2026,ReID_barn,datasets/id/external/sideviewcows2026/barn/images/633/633_0299.jpg,YOLOv8s,4,4,detected,0.58,3.57,358.15,766.66,0.3322,24.1,1920,1080
sample_0269,SideViewCows2026,ReID_barn,datasets/id/external/sideviewcows2026/barn/images/633/633_0299.jpg,FasterRCNN_v2,1,8,detected,25.32,22.46,1456.8,1051.39,0.9995,505.05,1920,1080
sample_0269,SideViewCows2026,ReID_barn,datasets/id/external/sideviewcows2026/barn/images/633/633_0299.jpg,FasterRCNN_v2,2,8,detected,32.02,1.78,357.42,177.54,0.8881,505.05,1920,1080
sample_0269,SideViewCows2026,ReID_barn,datasets/id/external/sideviewcows2026/barn/images/633/633_0299.jpg,FasterRCNN_v2,3,8,detected,1605.27,199.33,1920.0,1060.69,0.7658,505.05,1920,1080
sample_0269,SideViewCows2026,ReID_barn,datasets/id/external/sideviewcows2026/barn/images/633/633_0299.jpg,FasterRCNN_v2,4,8,detected,0.0,15.04,349.87,726.25,0.6778,505.05,1920,1080
sample_0269,SideViewCows2026,ReID_barn,datasets/id/external/sideviewcows2026/barn/images/633/633_0299.jpg,FasterRCNN_v2,5,8,detected,17.41,6.22,473.8,1026.94,0.3467,505.05,1920,1080
sample_0269,SideViewCows2026,ReID_barn,datasets/id/external/sideviewcows2026/barn/images/633/633_0299.jpg,FasterRCNN_v2,6,8,detected,2.05,19.39,354.81,349.54,0.3135,505.05,1920,1080
sample_0269,SideViewCows2026,ReID_barn,datasets/id/external/sideviewcows2026/barn/images/633/633_0299.jpg,FasterRCNN_v2,7,8,detected,0.93,2.91,78.19,194.37,0.3005,505.05,1920,1080
sample_0269,SideViewCows2026,ReID_barn,datasets/id/external/sideviewcows2026/barn/images/633/633_0299.jpg,FasterRCNN_v2,8,8,detected,1.41,437.24,144.99,760.66,0.2979,505.05,1920,1080
sample_0269,SideViewCows2026,ReID_barn,datasets/id/external/sideviewcows2026/barn/images/633/633_0299.jpg,RT-DETR-L,1,11,detected,1.73,22.67,1485.33,1073.38,0.974,94.43,1920,1080
sample_0269,SideViewCows2026,ReID_barn,datasets/id/external/sideviewcows2026/barn/images/633/633_0299.jpg,RT-DETR-L,2,11,detected,1608.41,277.57,1919.54,1072.69,0.9374,94.43,1920,1080
sample_0269,SideViewCows2026,ReID_barn,datasets/id/external/sideviewcows2026/barn/images/633/633_0299.jpg,RT-DETR-L,3,11,detected,-2.34,1.61,780.41,766.39,0.7281,94.43,1920,1080
sample_0269,SideViewCows2026,ReID_barn,datasets/id/external/sideviewcows2026/barn/images/633/633_0299.jpg,RT-DETR-L,4,11,detected,-0.9,1.67,355.72,766.61,0.4144,94.43,1920,1080
sample_0269,SideViewCows2026,ReID_barn,datasets/id/external/sideviewcows2026/barn/images/633/633_0299.jpg,RT-DETR-L,5,11,detected,540.77,0.08,779.38,72.68,0.3859,94.43,1920,1080
sample_0269,SideViewCows2026,ReID_barn,datasets/id/external/sideviewcows2026/barn/images/633/633_0299.jpg,RT-DETR-L,6,11,detected,30.4,0.85,357.93,183.76,0.3525,94.43,1920,1080
sample_0269,SideViewCows2026,ReID_barn,datasets/id/external/sideviewcows2026/barn/images/633/633_0299.jpg,RT-DETR-L,7,11,detected,354.85,-0.03,779.92,72.08,0.3478,94.43,1920,1080
sample_0269,SideViewCows2026,ReID_barn,datasets/id/external/sideviewcows2026/barn/images/633/633_0299.jpg,RT-DETR-L,8,11,detected,0.98,1.94,357.98,241.79,0.3263,94.43,1920,1080
sample_0269,SideViewCows2026,ReID_barn,datasets/id/external/sideviewcows2026/barn/images/633/633_0299.jpg,RT-DETR-L,9,11,detected,354.4,0.49,598.91,65.05,0.2953,94.43,1920,1080
sample_0269,SideViewCows2026,ReID_barn,datasets/id/external/sideviewcows2026/barn/images/633/633_0299.jpg,RT-DETR-L,10,11,detected,2.05,0.95,780.07,238.83,0.2594,94.43,1920,1080
sample_0269,SideViewCows2026,ReID_barn,datasets/id/external/sideviewcows2026/barn/images/633/633_0299.jpg,RT-DETR-L,11,11,detected,-1.92,392.29,139.77,765.91,0.2583,94.43,1920,1080
sample_0270,SideViewCows2026,ReID_barn,datasets/id/external/sideviewcows2026/barn/images/413/413_0058.jpg,YOLOv8s,1,4,detected,4.72,108.1,1916.0,1072.48,0.8772,22.72,1920,1080
sample_0270,SideViewCows2026,ReID_barn,datasets/id/external/sideviewcows2026/barn/images/413/413_0058.jpg,YOLOv8s,2,4,detected,1019.01,89.73,1595.71,243.24,0.4884,22.72,1920,1080
sample_0270,SideViewCows2026,ReID_barn,datasets/id/external/sideviewcows2026/barn/images/413/413_0058.jpg,YOLOv8s,3,4,detected,1186.42,91.16,1589.8,256.11,0.4659,22.72,1920,1080
sample_0270,SideViewCows2026,ReID_barn,datasets/id/external/sideviewcows2026/barn/images/413/413_0058.jpg,YOLOv8s,4,4,detected,392.17,72.56,1038.36,173.39,0.3226,22.72,1920,1080
sample_0270,SideViewCows2026,ReID_barn,datasets/id/external/sideviewcows2026/barn/images/413/413_0058.jpg,FasterRCNN_v2,1,14,detected,27.54,85.89,1714.14,1080.0,0.9993,505.53,1920,1080
sample_0270,SideViewCows2026,ReID_barn,datasets/id/external/sideviewcows2026/barn/images/413/413_0058.jpg,FasterRCNN_v2,2,14,detected,578.35,108.71,767.39,169.79,0.9601,505.53,1920,1080
sample_0270,SideViewCows2026,ReID_barn,datasets/id/external/sideviewcows2026/barn/images/413/413_0058.jpg,FasterRCNN_v2,3,14,detected,244.47,52.59,394.52,146.92,0.9355,505.53,1920,1080
sample_0270,SideViewCows2026,ReID_barn,datasets/id/external/sideviewcows2026/barn/images/413/413_0058.jpg,FasterRCNN_v2,4,14,detected,3.03,174.95,254.3,1059.49,0.8988,505.53,1920,1080
sample_0270,SideViewCows2026,ReID_barn,datasets/id/external/sideviewcows2026/barn/images/413/413_0058.jpg,FasterRCNN_v2,5,14,detected,389.97,82.32,574.01,162.99,0.8831,505.53,1920,1080
sample_0270,SideViewCows2026,ReID_barn,datasets/id/external/sideviewcows2026/barn/images/413/413_0058.jpg,FasterRCNN_v2,6,14,detected,422.24,83.85,777.98,169.81,0.8829,505.53,1920,1080
sample_0270,SideViewCows2026,ReID_barn,datasets/id/external/sideviewcows2026/barn/images/413/413_0058.jpg,FasterRCNN_v2,7,14,detected,872.05,95.45,1920.0,1076.75,0.7194,505.53,1920,1080
sample_0270,SideViewCows2026,ReID_barn,datasets/id/external/sideviewcows2026/barn/images/413/413_0058.jpg,FasterRCNN_v2,8,14,detected,240.63,76.03,325.4,148.1,0.6378,505.53,1920,1080
sample_0270,SideViewCows2026,ReID_barn,datasets/id/external/sideviewcows2026/barn/images/413/413_0058.jpg,FasterRCNN_v2,9,14,detected,572.3,93.22,942.71,169.19,0.6372,505.53,1920,1080
sample_0270,SideViewCows2026,ReID_barn,datasets/id/external/sideviewcows2026/barn/images/413/413_0058.jpg,FasterRCNN_v2,10,14,detected,299.08,63.1,926.56,168.9,0.4303,505.53,1920,1080
sample_0270,SideViewCows2026,ReID_barn,datasets/id/external/sideviewcows2026/barn/images/413/413_0058.jpg,FasterRCNN_v2,11,14,detected,306.3,47.56,488.38,146.12,0.4013,505.53,1920,1080
sample_0270,SideViewCows2026,ReID_barn,datasets/id/external/sideviewcows2026/barn/images/413/413_0058.jpg,FasterRCNN_v2,12,14,detected,12.2,116.36,676.21,1064.21,0.3298,505.53,1920,1080
sample_0270,SideViewCows2026,ReID_barn,datasets/id/external/sideviewcows2026/barn/images/413/413_0058.jpg,FasterRCNN_v2,13,14,detected,331.73,75.38,661.06,167.96,0.3079,505.53,1920,1080
sample_0270,SideViewCows2026,ReID_barn,datasets/id/external/sideviewcows2026/barn/images/413/413_0058.jpg,FasterRCNN_v2,14,14,detected,1045.7,95.74,1592.21,274.93,0.2504,505.53,1920,1080
sample_0270,SideViewCows2026,ReID_barn,datasets/id/external/sideviewcows2026/barn/images/413/413_0058.jpg,RT-DETR-L,1,15,detected,49.12,98.53,1917.88,1076.37,0.9709,94.03,1920,1080
sample_0270,SideViewCows2026,ReID_barn,datasets/id/external/sideviewcows2026/barn/images/413/413_0058.jpg,RT-DETR-L,2,15,detected,234.3,50.17,402.52,148.36,0.8109,94.03,1920,1080
sample_0270,SideViewCows2026,ReID_barn,datasets/id/external/sideviewcows2026/barn/images/413/413_0058.jpg,RT-DETR-L,3,15,detected,0.65,163.17,190.35,1075.76,0.6264,94.03,1920,1080
sample_0270,SideViewCows2026,ReID_barn,datasets/id/external/sideviewcows2026/barn/images/413/413_0058.jpg,RT-DETR-L,4,15,detected,388.64,78.08,593.25,160.23,0.5009,94.03,1920,1080
sample_0270,SideViewCows2026,ReID_barn,datasets/id/external/sideviewcows2026/barn/images/413/413_0058.jpg,RT-DETR-L,5,15,detected,535.81,86.7,1201.64,169.74,0.4183,94.03,1920,1080
sample_0270,SideViewCows2026,ReID_barn,datasets/id/external/sideviewcows2026/barn/images/413/413_0058.jpg,RT-DETR-L,6,15,detected,525.34,87.25,957.87,168.61,0.3894,94.03,1920,1080
sample_0270,SideViewCows2026,ReID_barn,datasets/id/external/sideviewcows2026/barn/images/413/413_0058.jpg,RT-DETR-L,7,15,detected,479.04,96.2,587.83,166.34,0.3362,94.03,1920,1080
sample_0270,SideViewCows2026,ReID_barn,datasets/id/external/sideviewcows2026/barn/images/413/413_0058.jpg,RT-DETR-L,8,15,detected,1471.0,98.63,1578.81,163.64,0.3339,94.03,1920,1080
sample_0270,SideViewCows2026,ReID_barn,datasets/id/external/sideviewcows2026/barn/images/413/413_0058.jpg,RT-DETR-L,9,15,detected,1175.23,93.95,1603.28,275.28,0.3127,94.03,1920,1080
sample_0270,SideViewCows2026,ReID_barn,datasets/id/external/sideviewcows2026/barn/images/413/413_0058.jpg,RT-DETR-L,10,15,detected,655.98,89.93,1207.56,165.28,0.2905,94.03,1920,1080
sample_0270,SideViewCows2026,ReID_barn,datasets/id/external/sideviewcows2026/barn/images/413/413_0058.jpg,RT-DETR-L,11,15,detected,474.54,83.31,1623.34,278.91,0.2837,94.03,1920,1080
sample_0270,SideViewCows2026,ReID_barn,datasets/id/external/sideviewcows2026/barn/images/413/413_0058.jpg,RT-DETR-L,12,15,detected,1470.72,97.89,1538.38,140.08,0.2802,94.03,1920,1080
sample_0270,SideViewCows2026,ReID_barn,datasets/id/external/sideviewcows2026/barn/images/413/413_0058.jpg,RT-DETR-L,13,15,detected,389.53,91.72,469.98,149.13,0.2647,94.03,1920,1080
sample_0270,SideViewCows2026,ReID_barn,datasets/id/external/sideviewcows2026/barn/images/413/413_0058.jpg,RT-DETR-L,14,15,detected,1012.04,92.55,1614.57,280.16,0.2576,94.03,1920,1080
sample_0270,SideViewCows2026,ReID_barn,datasets/id/external/sideviewcows2026/barn/images/413/413_0058.jpg,RT-DETR-L,15,15,detected,527.21,88.86,763.32,168.65,0.2564,94.03,1920,1080
sample_0271,SideViewCows2026,ReID_barn,datasets/id/external/sideviewcows2026/barn/images/853/853_0069.jpg,YOLOv8s,1,1,detected,5.0,153.44,1917.86,1071.62,0.9022,22.91,1920,1080
sample_0271,SideViewCows2026,ReID_barn,datasets/id/external/sideviewcows2026/barn/images/853/853_0069.jpg,FasterRCNN_v2,1,2,detected,0.0,145.3,1588.4,1076.64,0.9981,507.53,1920,1080
sample_0271,SideViewCows2026,ReID_barn,datasets/id/external/sideviewcows2026/barn/images/853/853_0069.jpg,FasterRCNN_v2,2,2,detected,696.29,128.95,1919.25,1067.72,0.9462,507.53,1920,1080
sample_0271,SideViewCows2026,ReID_barn,datasets/id/external/sideviewcows2026/barn/images/853/853_0069.jpg,RT-DETR-L,1,1,detected,-0.33,156.43,1919.55,1077.75,0.9774,94.75,1920,1080
sample_0272,SideViewCows2026,ReID_barn,datasets/id/external/sideviewcows2026/barn/images/684/684_0243.jpg,YOLOv8s,1,4,detected,2.22,46.7,1578.39,1069.24,0.871,23.55,1920,1080
sample_0272,SideViewCows2026,ReID_barn,datasets/id/external/sideviewcows2026/barn/images/684/684_0243.jpg,YOLOv8s,2,4,detected,0.09,2.35,276.69,205.58,0.4375,23.55,1920,1080
sample_0272,SideViewCows2026,ReID_barn,datasets/id/external/sideviewcows2026/barn/images/684/684_0243.jpg,YOLOv8s,3,4,detected,866.02,1.08,1153.26,96.23,0.3246,23.55,1920,1080
sample_0272,SideViewCows2026,ReID_barn,datasets/id/external/sideviewcows2026/barn/images/684/684_0243.jpg,YOLOv8s,4,4,detected,1324.65,1.5,1440.42,79.54,0.2633,23.55,1920,1080
sample_0272,SideViewCows2026,ReID_barn,datasets/id/external/sideviewcows2026/barn/images/684/684_0243.jpg,FasterRCNN_v2,1,11,detected,0.0,36.85,1395.37,1073.6,0.9996,507.6,1920,1080
sample_0272,SideViewCows2026,ReID_barn,datasets/id/external/sideviewcows2026/barn/images/684/684_0243.jpg,FasterRCNN_v2,2,11,detected,1067.56,1.95,1334.72,108.59,0.9597,507.6,1920,1080
sample_0272,SideViewCows2026,ReID_barn,datasets/id/external/sideviewcows2026/barn/images/684/684_0243.jpg,FasterRCNN_v2,3,11,detected,741.09,141.24,1731.08,1052.16,0.9447,507.6,1920,1080
sample_0272,SideViewCows2026,ReID_barn,datasets/id/external/sideviewcows2026/barn/images/684/684_0243.jpg,FasterRCNN_v2,4,11,detected,0.05,0.58,203.97,190.52,0.8414,507.6,1920,1080
sample_0272,SideViewCows2026,ReID_barn,datasets/id/external/sideviewcows2026/barn/images/684/684_0243.jpg,FasterRCNN_v2,5,11,detected,105.67,0.0,277.47,121.51,0.711,507.6,1920,1080
sample_0272,SideViewCows2026,ReID_barn,datasets/id/external/sideviewcows2026/barn/images/684/684_0243.jpg,FasterRCNN_v2,6,11,detected,1.13,10.61,233.69,561.48,0.6282,507.6,1920,1080
sample_0272,SideViewCows2026,ReID_barn,datasets/id/external/sideviewcows2026/barn/images/684/684_0243.jpg,FasterRCNN_v2,7,11,detected,1167.14,51.25,1745.7,579.68,0.6074,507.6,1920,1080
sample_0272,SideViewCows2026,ReID_barn,datasets/id/external/sideviewcows2026/barn/images/684/684_0243.jpg,FasterRCNN_v2,8,11,detected,1273.53,0.0,1469.3,81.24,0.5386,507.6,1920,1080
sample_0272,SideViewCows2026,ReID_barn,datasets/id/external/sideviewcows2026/barn/images/684/684_0243.jpg,FasterRCNN_v2,9,11,detected,1.99,285.09,734.75,1052.2,0.4286,507.6,1920,1080
sample_0272,SideViewCows2026,ReID_barn,datasets/id/external/sideviewcows2026/barn/images/684/684_0243.jpg,FasterRCNN_v2,10,11,detected,0.0,153.73,251.04,915.14,0.3957,507.6,1920,1080
sample_0272,SideViewCows2026,ReID_barn,datasets/id/external/sideviewcows2026/barn/images/684/684_0243.jpg,FasterRCNN_v2,11,11,detected,1120.52,70.4,1900.63,841.44,0.2635,507.6,1920,1080
sample_0272,SideViewCows2026,ReID_barn,datasets/id/external/sideviewcows2026/barn/images/684/684_0243.jpg,RT-DETR-L,1,8,detected,2.55,41.81,1916.16,1076.14,0.9747,93.85,1920,1080
sample_0272,SideViewCows2026,ReID_barn,datasets/id/external/sideviewcows2026/barn/images/684/684_0243.jpg,RT-DETR-L,2,8,detected,-0.14,0.16,255.22,190.19,0.548,93.85,1920,1080
sample_0272,SideViewCows2026,ReID_barn,datasets/id/external/sideviewcows2026/barn/images/684/684_0243.jpg,RT-DETR-L,3,8,detected,1046.07,0.36,1337.74,151.22,0.4446,93.85,1920,1080
sample_0272,SideViewCows2026,ReID_barn,datasets/id/external/sideviewcows2026/barn/images/684/684_0243.jpg,RT-DETR-L,4,8,detected,845.79,-0.01,1203.04,108.3,0.3801,93.85,1920,1080
sample_0272,SideViewCows2026,ReID_barn,datasets/id/external/sideviewcows2026/barn/images/684/684_0243.jpg,RT-DETR-L,5,8,detected,847.06,-0.18,1338.1,151.77,0.3581,93.85,1920,1080
sample_0272,SideViewCows2026,ReID_barn,datasets/id/external/sideviewcows2026/barn/images/684/684_0243.jpg,RT-DETR-L,6,8,detected,-0.1,-0.52,249.82,140.84,0.3078,93.85,1920,1080
sample_0272,SideViewCows2026,ReID_barn,datasets/id/external/sideviewcows2026/barn/images/684/684_0243.jpg,RT-DETR-L,7,8,detected,664.2,0.39,1205.26,108.95,0.2945,93.85,1920,1080
sample_0272,SideViewCows2026,ReID_barn,datasets/id/external/sideviewcows2026/barn/images/684/684_0243.jpg,RT-DETR-L,8,8,detected,63.29,-0.32,252.7,128.1,0.2913,93.85,1920,1080
sample_0273,SideViewCows2026,ReID_barn,datasets/id/external/sideviewcows2026/barn/images/444/444_0245.jpg,YOLOv8s,1,2,detected,32.88,23.8,1811.6,1080.0,0.903,22.94,1920,1080
sample_0273,SideViewCows2026,ReID_barn,datasets/id/external/sideviewcows2026/barn/images/444/444_0245.jpg,YOLOv8s,2,2,detected,2.92,1.78,289.82,115.01,0.3877,22.94,1920,1080
sample_0273,SideViewCows2026,ReID_barn,datasets/id/external/sideviewcows2026/barn/images/444/444_0245.jpg,FasterRCNN_v2,1,8,detected,21.86,26.87,1745.01,1073.95,0.9994,505.4,1920,1080
sample_0273,SideViewCows2026,ReID_barn,datasets/id/external/sideviewcows2026/barn/images/444/444_0245.jpg,FasterRCNN_v2,2,8,detected,1451.97,61.85,1665.59,210.33,0.9883,505.4,1920,1080
sample_0273,SideViewCows2026,ReID_barn,datasets/id/external/sideviewcows2026/barn/images/444/444_0245.jpg,FasterRCNN_v2,3,8,detected,0.04,0.24,279.57,177.99,0.9017,505.4,1920,1080
sample_0273,SideViewCows2026,ReID_barn,datasets/id/external/sideviewcows2026/barn/images/444/444_0245.jpg,FasterRCNN_v2,4,8,detected,1473.16,48.64,1560.33,67.7,0.6387,505.4,1920,1080
sample_0273,SideViewCows2026,ReID_barn,datasets/id/external/sideviewcows2026/barn/images/444/444_0245.jpg,FasterRCNN_v2,5,8,detected,38.91,2.08,342.08,117.47,0.5235,505.4,1920,1080
sample_0273,SideViewCows2026,ReID_barn,datasets/id/external/sideviewcows2026/barn/images/444/444_0245.jpg,FasterRCNN_v2,6,8,detected,123.22,1.4,298.75,96.57,0.4901,505.4,1920,1080
sample_0273,SideViewCows2026,ReID_barn,datasets/id/external/sideviewcows2026/barn/images/444/444_0245.jpg,FasterRCNN_v2,7,8,detected,862.42,56.09,1717.59,1076.23,0.4093,505.4,1920,1080
sample_0273,SideViewCows2026,ReID_barn,datasets/id/external/sideviewcows2026/barn/images/444/444_0245.jpg,FasterRCNN_v2,8,8,detected,267.92,2.42,403.56,60.88,0.2521,505.4,1920,1080
sample_0273,SideViewCows2026,ReID_barn,datasets/id/external/sideviewcows2026/barn/images/444/444_0245.jpg,RT-DETR-L,1,19,detected,16.43,23.13,1698.72,1076.29,0.9658,93.29,1920,1080
sample_0273,SideViewCows2026,ReID_barn,datasets/id/external/sideviewcows2026/barn/images/444/444_0245.jpg,RT-DETR-L,2,19,detected,1449.17,59.26,1662.05,217.81,0.7669,93.29,1920,1080
sample_0273,SideViewCows2026,ReID_barn,datasets/id/external/sideviewcows2026/barn/images/444/444_0245.jpg,RT-DETR-L,3,19,detected,2.18,0.24,299.52,111.79,0.538,93.29,1920,1080
sample_0273,SideViewCows2026,ReID_barn,datasets/id/external/sideviewcows2026/barn/images/444/444_0245.jpg,RT-DETR-L,4,19,detected,351.18,0.38,408.05,39.22,0.458,93.29,1920,1080
sample_0273,SideViewCows2026,ReID_barn,datasets/id/external/sideviewcows2026/barn/images/444/444_0245.jpg,RT-DETR-L,5,19,detected,1645.2,102.41,1725.31,255.16,0.4288,93.29,1920,1080
sample_0273,SideViewCows2026,ReID_barn,datasets/id/external/sideviewcows2026/barn/images/444/444_0245.jpg,RT-DETR-L,6,19,detected,1706.86,113.08,1837.9,280.11,0.3424,93.29,1920,1080
sample_0273,SideViewCows2026,ReID_barn,datasets/id/external/sideviewcows2026/barn/images/444/444_0245.jpg,RT-DETR-L,7,19,detected,1880.91,170.38,1919.52,328.79,0.3413,93.29,1920,1080
sample_0273,SideViewCows2026,ReID_barn,datasets/id/external/sideviewcows2026/barn/images/444/444_0245.jpg,RT-DETR-L,8,19,detected,1649.47,102.82,1723.23,212.58,0.3386,93.29,1920,1080
sample_0273,SideViewCows2026,ReID_barn,datasets/id/external/sideviewcows2026/barn/images/444/444_0245.jpg,RT-DETR-L,9,19,detected,1068.59,18.05,1153.9,59.01,0.3223,93.29,1920,1080
sample_0273,SideViewCows2026,ReID_barn,datasets/id/external/sideviewcows2026/barn/images/444/444_0245.jpg,RT-DETR-L,10,19,detected,1842.76,411.57,1917.85,568.92,0.2988,93.29,1920,1080
sample_0273,SideViewCows2026,ReID_barn,datasets/id/external/sideviewcows2026/barn/images/444/444_0245.jpg,RT-DETR-L,11,19,detected,2.41,2.29,303.77,775.53,0.2948,93.29,1920,1080
sample_0273,SideViewCows2026,ReID_barn,datasets/id/external/sideviewcows2026/barn/images/444/444_0245.jpg,RT-DETR-L,12,19,detected,266.85,3.91,332.06,58.27,0.2843,93.29,1920,1080
sample_0273,SideViewCows2026,ReID_barn,datasets/id/external/sideviewcows2026/barn/images/444/444_0245.jpg,RT-DETR-L,13,19,detected,266.78,2.86,350.88,57.5,0.2817,93.29,1920,1080
sample_0273,SideViewCows2026,ReID_barn,datasets/id/external/sideviewcows2026/barn/images/444/444_0245.jpg,RT-DETR-L,14,19,detected,1712.68,65.75,1802.99,131.61,0.2778,93.29,1920,1080
sample_0273,SideViewCows2026,ReID_barn,datasets/id/external/sideviewcows2026/barn/images/444/444_0245.jpg,RT-DETR-L,15,19,detected,303.88,3.01,351.99,48.34,0.2728,93.29,1920,1080
sample_0273,SideViewCows2026,ReID_barn,datasets/id/external/sideviewcows2026/barn/images/444/444_0245.jpg,RT-DETR-L,16,19,detected,1698.14,130.42,1755.79,268.58,0.2686,93.29,1920,1080
sample_0273,SideViewCows2026,ReID_barn,datasets/id/external/sideviewcows2026/barn/images/444/444_0245.jpg,RT-DETR-L,17,19,detected,2.64,12.8,104.57,776.72,0.2658,93.29,1920,1080
sample_0273,SideViewCows2026,ReID_barn,datasets/id/external/sideviewcows2026/barn/images/444/444_0245.jpg,RT-DETR-L,18,19,detected,845.65,0.08,961.94,49.28,0.2529,93.29,1920,1080
sample_0273,SideViewCows2026,ReID_barn,datasets/id/external/sideviewcows2026/barn/images/444/444_0245.jpg,RT-DETR-L,19,19,detected,633.11,-0.21,789.92,40.78,0.252,93.29,1920,1080
sample_0274,SideViewCows2026,ReID_barn,datasets/id/external/sideviewcows2026/barn/images/998/998_0038.jpg,YOLOv8s,1,3,detected,4.62,56.98,1573.96,1072.49,0.8753,23.07,1920,1080
sample_0274,SideViewCows2026,ReID_barn,datasets/id/external/sideviewcows2026/barn/images/998/998_0038.jpg,YOLOv8s,2,3,detected,0.69,49.24,190.21,885.54,0.8442,23.07,1920,1080
sample_0274,SideViewCows2026,ReID_barn,datasets/id/external/sideviewcows2026/barn/images/998/998_0038.jpg,YOLOv8s,3,3,detected,1591.93,95.69,1903.28,488.75,0.2596,23.07,1920,1080
sample_0274,SideViewCows2026,ReID_barn,datasets/id/external/sideviewcows2026/barn/images/998/998_0038.jpg,FasterRCNN_v2,1,13,detected,48.52,48.01,1528.29,1075.77,0.9992,509.3,1920,1080
sample_0274,SideViewCows2026,ReID_barn,datasets/id/external/sideviewcows2026/barn/images/998/998_0038.jpg,FasterRCNN_v2,2,13,detected,1.2,65.13,199.58,891.73,0.9914,509.3,1920,1080
sample_0274,SideViewCows2026,ReID_barn,datasets/id/external/sideviewcows2026/barn/images/998/998_0038.jpg,FasterRCNN_v2,3,13,detected,1513.9,82.08,1762.45,456.82,0.8748,509.3,1920,1080
sample_0274,SideViewCows2026,ReID_barn,datasets/id/external/sideviewcows2026/barn/images/998/998_0038.jpg,FasterRCNN_v2,4,13,detected,1745.25,103.42,1852.67,203.94,0.8334,509.3,1920,1080
sample_0274,SideViewCows2026,ReID_barn,datasets/id/external/sideviewcows2026/barn/images/998/998_0038.jpg,FasterRCNN_v2,5,13,detected,127.27,68.88,266.53,122.94,0.5782,509.3,1920,1080
sample_0274,SideViewCows2026,ReID_barn,datasets/id/external/sideviewcows2026/barn/images/998/998_0038.jpg,FasterRCNN_v2,6,13,detected,1399.71,96.58,1875.05,599.3,0.5711,509.3,1920,1080
sample_0274,SideViewCows2026,ReID_barn,datasets/id/external/sideviewcows2026/barn/images/998/998_0038.jpg,FasterRCNN_v2,7,13,detected,70.24,351.58,190.05,702.7,0.5333,509.3,1920,1080
sample_0274,SideViewCows2026,ReID_barn,datasets/id/external/sideviewcows2026/barn/images/998/998_0038.jpg,FasterRCNN_v2,8,13,detected,9.62,54.82,186.62,120.2,0.513,509.3,1920,1080
sample_0274,SideViewCows2026,ReID_barn,datasets/id/external/sideviewcows2026/barn/images/998/998_0038.jpg,FasterRCNN_v2,9,13,detected,1589.62,99.29,1892.86,478.61,0.4891,509.3,1920,1080
sample_0274,SideViewCows2026,ReID_barn,datasets/id/external/sideviewcows2026/barn/images/998/998_0038.jpg,FasterRCNN_v2,10,13,detected,1730.12,107.55,1859.66,352.61,0.3989,509.3,1920,1080
sample_0274,SideViewCows2026,ReID_barn,datasets/id/external/sideviewcows2026/barn/images/998/998_0038.jpg,FasterRCNN_v2,11,13,detected,1411.69,502.7,1542.99,673.9,0.327,509.3,1920,1080
sample_0274,SideViewCows2026,ReID_barn,datasets/id/external/sideviewcows2026/barn/images/998/998_0038.jpg,FasterRCNN_v2,12,13,detected,1637.12,87.61,1752.74,224.52,0.2783,509.3,1920,1080
sample_0274,SideViewCows2026,ReID_barn,datasets/id/external/sideviewcows2026/barn/images/998/998_0038.jpg,FasterRCNN_v2,13,13,detected,4.68,36.09,446.96,937.54,0.2521,509.3,1920,1080
sample_0274,SideViewCows2026,ReID_barn,datasets/id/external/sideviewcows2026/barn/images/998/998_0038.jpg,RT-DETR-L,1,17,detected,75.84,59.33,1618.79,1074.63,0.9687,94.19,1920,1080
sample_0274,SideViewCows2026,ReID_barn,datasets/id/external/sideviewcows2026/barn/images/998/998_0038.jpg,RT-DETR-L,2,17,detected,0.32,55.23,193.23,890.13,0.8132,94.19,1920,1080
sample_0274,SideViewCows2026,ReID_barn,datasets/id/external/sideviewcows2026/barn/images/998/998_0038.jpg,RT-DETR-L,3,17,detected,463.91,54.26,926.81,100.32,0.5386,94.19,1920,1080
sample_0274,SideViewCows2026,ReID_barn,datasets/id/external/sideviewcows2026/barn/images/998/998_0038.jpg,RT-DETR-L,4,17,detected,1562.08,95.77,1918.6,812.66,0.4698,94.19,1920,1080
sample_0274,SideViewCows2026,ReID_barn,datasets/id/external/sideviewcows2026/barn/images/998/998_0038.jpg,RT-DETR-L,5,17,detected,1868.16,96.22,1919.79,201.49,0.3848,94.19,1920,1080
sample_0274,SideViewCows2026,ReID_barn,datasets/id/external/sideviewcows2026/barn/images/998/998_0038.jpg,RT-DETR-L,6,17,detected,1409.15,90.25,1855.71,677.19,0.3731,94.19,1920,1080
sample_0274,SideViewCows2026,ReID_barn,datasets/id/external/sideviewcows2026/barn/images/998/998_0038.jpg,RT-DETR-L,7,17,detected,-1.02,55.3,194.78,684.19,0.3711,94.19,1920,1080
sample_0274,SideViewCows2026,ReID_barn,datasets/id/external/sideviewcows2026/barn/images/998/998_0038.jpg,RT-DETR-L,8,17,detected,1582.36,93.79,1919.16,694.38,0.3646,94.19,1920,1080
sample_0274,SideViewCows2026,ReID_barn,datasets/id/external/sideviewcows2026/barn/images/998/998_0038.jpg,RT-DETR-L,9,17,detected,1583.75,92.44,1853.86,449.54,0.3613,94.19,1920,1080
sample_0274,SideViewCows2026,ReID_barn,datasets/id/external/sideviewcows2026/barn/images/998/998_0038.jpg,RT-DETR-L,10,17,detected,1408.65,156.44,1620.66,677.26,0.3568,94.19,1920,1080
sample_0274,SideViewCows2026,ReID_barn,datasets/id/external/sideviewcows2026/barn/images/998/998_0038.jpg,RT-DETR-L,11,17,detected,7.24,52.87,203.03,117.77,0.3349,94.19,1920,1080
sample_0274,SideViewCows2026,ReID_barn,datasets/id/external/sideviewcows2026/barn/images/998/998_0038.jpg,RT-DETR-L,12,17,detected,254.09,46.84,486.63,83.3,0.2853,94.19,1920,1080
sample_0274,SideViewCows2026,ReID_barn,datasets/id/external/sideviewcows2026/barn/images/998/998_0038.jpg,RT-DETR-L,13,17,detected,1825.62,79.19,1919.97,197.9,0.2813,94.19,1920,1080
sample_0274,SideViewCows2026,ReID_barn,datasets/id/external/sideviewcows2026/barn/images/998/998_0038.jpg,RT-DETR-L,14,17,detected,12.23,52.38,201.57,683.81,0.2774,94.19,1920,1080
sample_0274,SideViewCows2026,ReID_barn,datasets/id/external/sideviewcows2026/barn/images/998/998_0038.jpg,RT-DETR-L,15,17,detected,1411.6,93.6,1853.55,677.19,0.2721,94.19,1920,1080
sample_0274,SideViewCows2026,ReID_barn,datasets/id/external/sideviewcows2026/barn/images/998/998_0038.jpg,RT-DETR-L,16,17,detected,1394.46,90.47,1908.91,682.43,0.2648,94.19,1920,1080
sample_0274,SideViewCows2026,ReID_barn,datasets/id/external/sideviewcows2026/barn/images/998/998_0038.jpg,RT-DETR-L,17,17,detected,253.66,46.41,592.03,97.88,0.2624,94.19,1920,1080
sample_0275,SideViewCows2026,ReID_barn,datasets/id/external/sideviewcows2026/barn/images/436/436_0219.jpg,YOLOv8s,1,3,detected,13.22,49.89,1911.54,1080.0,0.9001,23.11,1920,1080
sample_0275,SideViewCows2026,ReID_barn,datasets/id/external/sideviewcows2026/barn/images/436/436_0219.jpg,YOLOv8s,2,3,detected,1474.18,708.24,1919.07,1069.44,0.8785,23.11,1920,1080
sample_0275,SideViewCows2026,ReID_barn,datasets/id/external/sideviewcows2026/barn/images/436/436_0219.jpg,YOLOv8s,3,3,detected,0.03,246.46,31.76,303.37,0.316,23.11,1920,1080
sample_0275,SideViewCows2026,ReID_barn,datasets/id/external/sideviewcows2026/barn/images/436/436_0219.jpg,FasterRCNN_v2,1,6,detected,21.72,54.12,1530.78,1080.0,0.9996,505.51,1920,1080
sample_0275,SideViewCows2026,ReID_barn,datasets/id/external/sideviewcows2026/barn/images/436/436_0219.jpg,FasterRCNN_v2,2,6,detected,1475.81,705.43,1920.0,1074.3,0.9964,505.51,1920,1080
sample_0275,SideViewCows2026,ReID_barn,datasets/id/external/sideviewcows2026/barn/images/436/436_0219.jpg,FasterRCNN_v2,3,6,detected,645.85,38.26,1905.82,1072.75,0.9759,505.51,1920,1080
sample_0275,SideViewCows2026,ReID_barn,datasets/id/external/sideviewcows2026/barn/images/436/436_0219.jpg,FasterRCNN_v2,4,6,detected,0.03,237.88,34.63,305.12,0.7277,505.51,1920,1080
sample_0275,SideViewCows2026,ReID_barn,datasets/id/external/sideviewcows2026/barn/images/436/436_0219.jpg,FasterRCNN_v2,5,6,detected,0.27,121.32,101.04,302.15,0.6955,505.51,1920,1080
sample_0275,SideViewCows2026,ReID_barn,datasets/id/external/sideviewcows2026/barn/images/436/436_0219.jpg,FasterRCNN_v2,6,6,detected,852.9,480.66,1886.35,1058.0,0.2541,505.51,1920,1080
sample_0275,SideViewCows2026,ReID_barn,datasets/id/external/sideviewcows2026/barn/images/436/436_0219.jpg,RT-DETR-L,1,3,detected,23.92,54.01,1919.65,1074.48,0.9786,94.96,1920,1080
sample_0275,SideViewCows2026,ReID_barn,datasets/id/external/sideviewcows2026/barn/images/436/436_0219.jpg,RT-DETR-L,2,3,detected,1470.53,706.86,1919.96,1076.67,0.9338,94.96,1920,1080
sample_0275,SideViewCows2026,ReID_barn,datasets/id/external/sideviewcows2026/barn/images/436/436_0219.jpg,RT-DETR-L,3,3,detected,-0.29,241.92,33.33,304.08,0.2512,94.96,1920,1080
sample_0276,SideViewCows2026,ReID_barn,datasets/id/external/sideviewcows2026/barn/images/503/503_0088.jpg,YOLOv8s,1,4,detected,4.22,20.3,1852.2,1072.49,0.9239,22.84,1920,1080
sample_0276,SideViewCows2026,ReID_barn,datasets/id/external/sideviewcows2026/barn/images/503/503_0088.jpg,YOLOv8s,2,4,detected,1551.97,182.44,1919.57,886.15,0.3902,22.84,1920,1080
sample_0276,SideViewCows2026,ReID_barn,datasets/id/external/sideviewcows2026/barn/images/503/503_0088.jpg,YOLOv8s,3,4,detected,1581.91,465.9,1919.22,885.84,0.3263,22.84,1920,1080
sample_0276,SideViewCows2026,ReID_barn,datasets/id/external/sideviewcows2026/barn/images/503/503_0088.jpg,YOLOv8s,4,4,detected,1702.24,61.12,1910.11,239.42,0.2826,22.84,1920,1080
sample_0276,SideViewCows2026,ReID_barn,datasets/id/external/sideviewcows2026/barn/images/503/503_0088.jpg,FasterRCNN_v2,1,20,detected,8.21,22.66,1628.11,1067.88,0.9995,506.65,1920,1080
sample_0276,SideViewCows2026,ReID_barn,datasets/id/external/sideviewcows2026/barn/images/503/503_0088.jpg,FasterRCNN_v2,2,20,detected,1560.05,99.7,1669.0,213.53,0.9828,506.65,1920,1080
sample_0276,SideViewCows2026,ReID_barn,datasets/id/external/sideviewcows2026/barn/images/503/503_0088.jpg,FasterRCNN_v2,3,20,detected,1618.3,480.82,1917.21,872.13,0.9521,506.65,1920,1080
sample_0276,SideViewCows2026,ReID_barn,datasets/id/external/sideviewcows2026/barn/images/503/503_0088.jpg,FasterRCNN_v2,4,20,detected,1707.87,90.51,1791.15,172.56,0.9335,506.65,1920,1080
sample_0276,SideViewCows2026,ReID_barn,datasets/id/external/sideviewcows2026/barn/images/503/503_0088.jpg,FasterRCNN_v2,5,20,detected,1522.69,62.72,1612.78,169.88,0.9297,506.65,1920,1080
sample_0276,SideViewCows2026,ReID_barn,datasets/id/external/sideviewcows2026/barn/images/503/503_0088.jpg,FasterRCNN_v2,6,20,detected,748.19,54.47,1883.02,1075.54,0.9216,506.65,1920,1080
sample_0276,SideViewCows2026,ReID_barn,datasets/id/external/sideviewcows2026/barn/images/503/503_0088.jpg,FasterRCNN_v2,7,20,detected,1657.46,66.88,1742.99,176.46,0.905,506.65,1920,1080
sample_0276,SideViewCows2026,ReID_barn,datasets/id/external/sideviewcows2026/barn/images/503/503_0088.jpg,FasterRCNN_v2,8,20,detected,1774.71,68.02,1886.78,225.05,0.8555,506.65,1920,1080
sample_0276,SideViewCows2026,ReID_barn,datasets/id/external/sideviewcows2026/barn/images/503/503_0088.jpg,FasterRCNN_v2,9,20,detected,1660.9,78.05,1708.45,175.58,0.7753,506.65,1920,1080
sample_0276,SideViewCows2026,ReID_barn,datasets/id/external/sideviewcows2026/barn/images/503/503_0088.jpg,FasterRCNN_v2,10,20,detected,1687.81,93.01,1795.18,256.21,0.7394,506.65,1920,1080
sample_0276,SideViewCows2026,ReID_barn,datasets/id/external/sideviewcows2026/barn/images/503/503_0088.jpg,FasterRCNN_v2,11,20,detected,1657.33,78.96,1753.68,243.99,0.6756,506.65,1920,1080
sample_0276,SideViewCows2026,ReID_barn,datasets/id/external/sideviewcows2026/barn/images/503/503_0088.jpg,FasterRCNN_v2,12,20,detected,1590.75,440.25,1905.67,652.29,0.6378,506.65,1920,1080
sample_0276,SideViewCows2026,ReID_barn,datasets/id/external/sideviewcows2026/barn/images/503/503_0088.jpg,FasterRCNN_v2,13,20,detected,1505.0,58.49,1580.19,136.29,0.5997,506.65,1920,1080
sample_0276,SideViewCows2026,ReID_barn,datasets/id/external/sideviewcows2026/barn/images/503/503_0088.jpg,FasterRCNN_v2,14,20,detected,1685.41,66.11,1806.14,188.09,0.5857,506.65,1920,1080
sample_0276,SideViewCows2026,ReID_barn,datasets/id/external/sideviewcows2026/barn/images/503/503_0088.jpg,FasterRCNN_v2,15,20,detected,1565.09,65.28,1712.62,201.5,0.5659,506.65,1920,1080
sample_0276,SideViewCows2026,ReID_barn,datasets/id/external/sideviewcows2026/barn/images/503/503_0088.jpg,FasterRCNN_v2,16,20,detected,1606.11,71.97,1667.66,126.02,0.5087,506.65,1920,1080
sample_0276,SideViewCows2026,ReID_barn,datasets/id/external/sideviewcows2026/barn/images/503/503_0088.jpg,FasterRCNN_v2,17,20,detected,1.79,25.16,123.34,556.17,0.3949,506.65,1920,1080
sample_0276,SideViewCows2026,ReID_barn,datasets/id/external/sideviewcows2026/barn/images/503/503_0088.jpg,FasterRCNN_v2,18,20,detected,1648.13,73.05,1713.83,215.94,0.3222,506.65,1920,1080
sample_0276,SideViewCows2026,ReID_barn,datasets/id/external/sideviewcows2026/barn/images/503/503_0088.jpg,FasterRCNN_v2,19,20,detected,1636.17,615.87,1737.59,838.57,0.3164,506.65,1920,1080
sample_0276,SideViewCows2026,ReID_barn,datasets/id/external/sideviewcows2026/barn/images/503/503_0088.jpg,FasterRCNN_v2,20,20,detected,1488.37,62.11,1548.13,135.36,0.2992,506.65,1920,1080
sample_0276,SideViewCows2026,ReID_barn,datasets/id/external/sideviewcows2026/barn/images/503/503_0088.jpg,RT-DETR-L,1,26,detected,0.32,14.07,1765.84,1077.79,0.9576,93.73,1920,1080
sample_0276,SideViewCows2026,ReID_barn,datasets/id/external/sideviewcows2026/barn/images/503/503_0088.jpg,RT-DETR-L,2,26,detected,1843.31,83.59,1919.43,267.87,0.5841,93.73,1920,1080
sample_0276,SideViewCows2026,ReID_barn,datasets/id/external/sideviewcows2026/barn/images/503/503_0088.jpg,RT-DETR-L,3,26,detected,1576.73,299.86,1919.52,881.44,0.5537,93.73,1920,1080
sample_0276,SideViewCows2026,ReID_barn,datasets/id/external/sideviewcows2026/barn/images/503/503_0088.jpg,RT-DETR-L,4,26,detected,1781.31,66.86,1881.42,227.53,0.5182,93.73,1920,1080
sample_0276,SideViewCows2026,ReID_barn,datasets/id/external/sideviewcows2026/barn/images/503/503_0088.jpg,RT-DETR-L,5,26,detected,1524.6,61.12,1616.51,162.29,0.5143,93.73,1920,1080
sample_0276,SideViewCows2026,ReID_barn,datasets/id/external/sideviewcows2026/barn/images/503/503_0088.jpg,RT-DETR-L,6,26,detected,1558.31,59.74,1794.5,212.4,0.4735,93.73,1920,1080
sample_0276,SideViewCows2026,ReID_barn,datasets/id/external/sideviewcows2026/barn/images/503/503_0088.jpg,RT-DETR-L,7,26,detected,0.7,20.31,137.31,852.95,0.4596,93.73,1920,1080
sample_0276,SideViewCows2026,ReID_barn,datasets/id/external/sideviewcows2026/barn/images/503/503_0088.jpg,RT-DETR-L,8,26,detected,1558.03,70.99,1716.94,213.07,0.4434,93.73,1920,1080
sample_0276,SideViewCows2026,ReID_barn,datasets/id/external/sideviewcows2026/barn/images/503/503_0088.jpg,RT-DETR-L,9,26,detected,1638.19,467.17,1919.86,875.84,0.4256,93.73,1920,1080
sample_0276,SideViewCows2026,ReID_barn,datasets/id/external/sideviewcows2026/barn/images/503/503_0088.jpg,RT-DETR-L,10,26,detected,1686.38,70.26,1875.78,227.82,0.418,93.73,1920,1080
sample_0276,SideViewCows2026,ReID_barn,datasets/id/external/sideviewcows2026/barn/images/503/503_0088.jpg,RT-DETR-L,11,26,detected,1320.25,46.72,1510.55,112.98,0.4038,93.73,1920,1080
sample_0276,SideViewCows2026,ReID_barn,datasets/id/external/sideviewcows2026/barn/images/503/503_0088.jpg,RT-DETR-L,12,26,detected,1504.92,57.92,1576.84,136.36,0.3941,93.73,1920,1080
sample_0276,SideViewCows2026,ReID_barn,datasets/id/external/sideviewcows2026/barn/images/503/503_0088.jpg,RT-DETR-L,13,26,detected,1713.39,72.26,1788.27,152.61,0.3479,93.73,1920,1080
sample_0276,SideViewCows2026,ReID_barn,datasets/id/external/sideviewcows2026/barn/images/503/503_0088.jpg,RT-DETR-L,14,26,detected,1557.73,81.57,1689.93,211.84,0.3434,93.73,1920,1080
sample_0276,SideViewCows2026,ReID_barn,datasets/id/external/sideviewcows2026/barn/images/503/503_0088.jpg,RT-DETR-L,15,26,detected,1686.68,108.21,1839.84,226.91,0.3303,93.73,1920,1080
sample_0276,SideViewCows2026,ReID_barn,datasets/id/external/sideviewcows2026/barn/images/503/503_0088.jpg,RT-DETR-L,16,26,detected,1707.54,59.41,1794.56,151.93,0.3299,93.73,1920,1080
sample_0276,SideViewCows2026,ReID_barn,datasets/id/external/sideviewcows2026/barn/images/503/503_0088.jpg,RT-DETR-L,17,26,detected,1782.02,62.26,1906.28,228.64,0.3229,93.73,1920,1080
sample_0276,SideViewCows2026,ReID_barn,datasets/id/external/sideviewcows2026/barn/images/503/503_0088.jpg,RT-DETR-L,18,26,detected,1609.27,70.05,1669.3,125.88,0.3201,93.73,1920,1080
sample_0276,SideViewCows2026,ReID_barn,datasets/id/external/sideviewcows2026/barn/images/503/503_0088.jpg,RT-DETR-L,19,26,detected,1587.52,549.14,1917.6,876.92,0.3029,93.73,1920,1080
sample_0276,SideViewCows2026,ReID_barn,datasets/id/external/sideviewcows2026/barn/images/503/503_0088.jpg,RT-DETR-L,20,26,detected,1559.14,102.51,1668.98,210.56,0.3027,93.73,1920,1080
sample_0276,SideViewCows2026,ReID_barn,datasets/id/external/sideviewcows2026/barn/images/503/503_0088.jpg,RT-DETR-L,21,26,detected,1076.92,712.05,1214.64,925.62,0.2964,93.73,1920,1080
sample_0276,SideViewCows2026,ReID_barn,datasets/id/external/sideviewcows2026/barn/images/503/503_0088.jpg,RT-DETR-L,22,26,detected,1661.94,74.9,1712.7,172.87,0.2945,93.73,1920,1080
sample_0276,SideViewCows2026,ReID_barn,datasets/id/external/sideviewcows2026/barn/images/503/503_0088.jpg,RT-DETR-L,23,26,detected,1666.1,63.82,1773.86,161.06,0.2884,93.73,1920,1080
sample_0276,SideViewCows2026,ReID_barn,datasets/id/external/sideviewcows2026/barn/images/503/503_0088.jpg,RT-DETR-L,24,26,detected,1612.45,60.54,1707.22,124.5,0.2874,93.73,1920,1080
sample_0276,SideViewCows2026,ReID_barn,datasets/id/external/sideviewcows2026/barn/images/503/503_0088.jpg,RT-DETR-L,25,26,detected,1531.72,60.11,1705.67,166.14,0.2811,93.73,1920,1080
sample_0276,SideViewCows2026,ReID_barn,datasets/id/external/sideviewcows2026/barn/images/503/503_0088.jpg,RT-DETR-L,26,26,detected,1699.98,109.16,1796.06,193.53,0.2517,93.73,1920,1080
sample_0277,SideViewCows2026,ReID_barn,datasets/id/external/sideviewcows2026/barn/images/594/594_0137.jpg,YOLOv8s,1,3,detected,1.28,309.38,639.25,1071.37,0.9477,23.0,1920,1080
sample_0277,SideViewCows2026,ReID_barn,datasets/id/external/sideviewcows2026/barn/images/594/594_0137.jpg,YOLOv8s,2,3,detected,508.08,221.88,1096.37,819.41,0.9213,23.0,1920,1080
sample_0277,SideViewCows2026,ReID_barn,datasets/id/external/sideviewcows2026/barn/images/594/594_0137.jpg,YOLOv8s,3,3,detected,928.36,163.03,1868.18,784.88,0.8746,23.0,1920,1080
sample_0277,SideViewCows2026,ReID_barn,datasets/id/external/sideviewcows2026/barn/images/594/594_0137.jpg,FasterRCNN_v2,1,9,detected,487.77,223.25,1120.32,819.98,0.9997,507.83,1920,1080
sample_0277,SideViewCows2026,ReID_barn,datasets/id/external/sideviewcows2026/barn/images/594/594_0137.jpg,FasterRCNN_v2,2,9,detected,7.56,305.88,487.47,1077.36,0.9991,507.83,1920,1080
sample_0277,SideViewCows2026,ReID_barn,datasets/id/external/sideviewcows2026/barn/images/594/594_0137.jpg,FasterRCNN_v2,3,9,detected,734.41,169.85,1894.16,778.93,0.9955,507.83,1920,1080
sample_0277,SideViewCows2026,ReID_barn,datasets/id/external/sideviewcows2026/barn/images/594/594_0137.jpg,FasterRCNN_v2,4,9,detected,25.82,195.87,646.21,758.83,0.8025,507.83,1920,1080
sample_0277,SideViewCows2026,ReID_barn,datasets/id/external/sideviewcows2026/barn/images/594/594_0137.jpg,FasterRCNN_v2,5,9,detected,266.85,359.09,643.63,733.96,0.8015,507.83,1920,1080
sample_0277,SideViewCows2026,ReID_barn,datasets/id/external/sideviewcows2026/barn/images/594/594_0137.jpg,FasterRCNN_v2,6,9,detected,685.7,188.87,1326.6,786.65,0.4753,507.83,1920,1080
sample_0277,SideViewCows2026,ReID_barn,datasets/id/external/sideviewcows2026/barn/images/594/594_0137.jpg,FasterRCNN_v2,7,9,detected,627.59,426.25,751.6,640.88,0.3968,507.83,1920,1080
sample_0277,SideViewCows2026,ReID_barn,datasets/id/external/sideviewcows2026/barn/images/594/594_0137.jpg,FasterRCNN_v2,8,9,detected,792.89,225.03,970.86,334.07,0.3574,507.83,1920,1080
sample_0277,SideViewCows2026,ReID_barn,datasets/id/external/sideviewcows2026/barn/images/594/594_0137.jpg,FasterRCNN_v2,9,9,detected,907.02,212.67,1043.68,280.16,0.2825,507.83,1920,1080
sample_0277,SideViewCows2026,ReID_barn,datasets/id/external/sideviewcows2026/barn/images/594/594_0137.jpg,RT-DETR-L,1,11,detected,0.92,303.24,640.73,1073.91,0.9584,94.53,1920,1080
sample_0277,SideViewCows2026,ReID_barn,datasets/id/external/sideviewcows2026/barn/images/594/594_0137.jpg,RT-DETR-L,2,11,detected,504.44,222.44,1093.22,818.9,0.9467,94.53,1920,1080
sample_0277,SideViewCows2026,ReID_barn,datasets/id/external/sideviewcows2026/barn/images/594/594_0137.jpg,RT-DETR-L,3,11,detected,929.26,163.03,1919.94,788.3,0.9447,94.53,1920,1080
sample_0277,SideViewCows2026,ReID_barn,datasets/id/external/sideviewcows2026/barn/images/594/594_0137.jpg,RT-DETR-L,4,11,detected,2.87,268.95,443.39,438.76,0.4456,94.53,1920,1080
sample_0277,SideViewCows2026,ReID_barn,datasets/id/external/sideviewcows2026/barn/images/594/594_0137.jpg,RT-DETR-L,5,11,detected,0.92,267.15,331.49,324.47,0.3686,94.53,1920,1080
sample_0277,SideViewCows2026,ReID_barn,datasets/id/external/sideviewcows2026/barn/images/594/594_0137.jpg,RT-DETR-L,6,11,detected,224.78,267.62,444.49,439.34,0.3604,94.53,1920,1080
sample_0277,SideViewCows2026,ReID_barn,datasets/id/external/sideviewcows2026/barn/images/594/594_0137.jpg,RT-DETR-L,7,11,detected,372.94,466.79,637.81,735.52,0.3331,94.53,1920,1080
sample_0277,SideViewCows2026,ReID_barn,datasets/id/external/sideviewcows2026/barn/images/594/594_0137.jpg,RT-DETR-L,8,11,detected,243.24,313.95,442.6,440.77,0.3191,94.53,1920,1080
sample_0277,SideViewCows2026,ReID_barn,datasets/id/external/sideviewcows2026/barn/images/594/594_0137.jpg,RT-DETR-L,9,11,detected,0.44,279.66,155.48,321.1,0.2716,94.53,1920,1080
sample_0277,SideViewCows2026,ReID_barn,datasets/id/external/sideviewcows2026/barn/images/594/594_0137.jpg,RT-DETR-L,10,11,detected,231.23,258.38,535.63,417.51,0.2643,94.53,1920,1080
sample_0277,SideViewCows2026,ReID_barn,datasets/id/external/sideviewcows2026/barn/images/594/594_0137.jpg,RT-DETR-L,11,11,detected,3.41,304.17,640.72,737.62,0.2509,94.53,1920,1080
sample_0278,SideViewCows2026,ReID_barn,datasets/id/external/sideviewcows2026/barn/images/436/436_0193.jpg,YOLOv8s,1,2,detected,4.41,51.66,1905.51,1080.0,0.8994,22.62,1920,1080
sample_0278,SideViewCows2026,ReID_barn,datasets/id/external/sideviewcows2026/barn/images/436/436_0193.jpg,YOLOv8s,2,2,detected,1522.75,699.84,1919.03,1068.29,0.8577,22.62,1920,1080
sample_0278,SideViewCows2026,ReID_barn,datasets/id/external/sideviewcows2026/barn/images/436/436_0193.jpg,FasterRCNN_v2,1,3,detected,0.0,59.85,1837.74,1072.62,0.9997,507.7,1920,1080
sample_0278,SideViewCows2026,ReID_barn,datasets/id/external/sideviewcows2026/barn/images/436/436_0193.jpg,FasterRCNN_v2,2,3,detected,1522.28,694.25,1920.0,1077.38,0.9931,507.7,1920,1080
sample_0278,SideViewCows2026,ReID_barn,datasets/id/external/sideviewcows2026/barn/images/436/436_0193.jpg,FasterRCNN_v2,3,3,detected,907.22,64.05,1914.52,1019.56,0.886,507.7,1920,1080
sample_0278,SideViewCows2026,ReID_barn,datasets/id/external/sideviewcows2026/barn/images/436/436_0193.jpg,RT-DETR-L,1,2,detected,5.03,59.85,1917.85,1074.38,0.9808,95.0,1920,1080
sample_0278,SideViewCows2026,ReID_barn,datasets/id/external/sideviewcows2026/barn/images/436/436_0193.jpg,RT-DETR-L,2,2,detected,1519.61,695.7,1920.07,1075.83,0.9252,95.0,1920,1080
sample_0279,SideViewCows2026,ReID_barn,datasets/id/external/sideviewcows2026/barn/images/124/124_0197.jpg,YOLOv8s,1,4,detected,1.88,74.92,1920.0,1072.15,0.9026,22.96,1920,1080
sample_0279,SideViewCows2026,ReID_barn,datasets/id/external/sideviewcows2026/barn/images/124/124_0197.jpg,YOLOv8s,2,4,detected,0.59,99.87,165.27,897.24,0.8072,22.96,1920,1080
sample_0279,SideViewCows2026,ReID_barn,datasets/id/external/sideviewcows2026/barn/images/124/124_0197.jpg,YOLOv8s,3,4,detected,0.47,153.08,115.1,898.62,0.705,22.96,1920,1080
sample_0279,SideViewCows2026,ReID_barn,datasets/id/external/sideviewcows2026/barn/images/124/124_0197.jpg,YOLOv8s,4,4,detected,748.2,70.61,897.54,118.86,0.2922,22.96,1920,1080
sample_0279,SideViewCows2026,ReID_barn,datasets/id/external/sideviewcows2026/barn/images/124/124_0197.jpg,FasterRCNN_v2,1,21,detected,55.42,62.55,1584.62,1080.0,0.9996,501.62,1920,1080
sample_0279,SideViewCows2026,ReID_barn,datasets/id/external/sideviewcows2026/barn/images/124/124_0197.jpg,FasterRCNN_v2,2,21,detected,1.24,133.07,123.31,876.95,0.9869,501.62,1920,1080
sample_0279,SideViewCows2026,ReID_barn,datasets/id/external/sideviewcows2026/barn/images/124/124_0197.jpg,FasterRCNN_v2,3,21,detected,0.2,95.97,170.67,207.8,0.9732,501.62,1920,1080
sample_0279,SideViewCows2026,ReID_barn,datasets/id/external/sideviewcows2026/barn/images/124/124_0197.jpg,FasterRCNN_v2,4,21,detected,727.93,67.2,1919.21,1080.0,0.9441,501.62,1920,1080
sample_0279,SideViewCows2026,ReID_barn,datasets/id/external/sideviewcows2026/barn/images/124/124_0197.jpg,FasterRCNN_v2,5,21,detected,124.23,123.07,248.52,170.92,0.8556,501.62,1920,1080
sample_0279,SideViewCows2026,ReID_barn,datasets/id/external/sideviewcows2026/barn/images/124/124_0197.jpg,FasterRCNN_v2,6,21,detected,167.36,83.24,300.43,126.04,0.8436,501.62,1920,1080
sample_0279,SideViewCows2026,ReID_barn,datasets/id/external/sideviewcows2026/barn/images/124/124_0197.jpg,FasterRCNN_v2,7,21,detected,752.66,74.87,922.61,115.24,0.7347,501.62,1920,1080
sample_0279,SideViewCows2026,ReID_barn,datasets/id/external/sideviewcows2026/barn/images/124/124_0197.jpg,FasterRCNN_v2,8,21,detected,68.83,347.71,141.31,527.94,0.6841,501.62,1920,1080
sample_0279,SideViewCows2026,ReID_barn,datasets/id/external/sideviewcows2026/barn/images/124/124_0197.jpg,FasterRCNN_v2,9,21,detected,911.5,88.51,977.18,111.17,0.657,501.62,1920,1080
sample_0279,SideViewCows2026,ReID_barn,datasets/id/external/sideviewcows2026/barn/images/124/124_0197.jpg,FasterRCNN_v2,10,21,detected,953.23,83.82,1013.64,103.52,0.5366,501.62,1920,1080
sample_0279,SideViewCows2026,ReID_barn,datasets/id/external/sideviewcows2026/barn/images/124/124_0197.jpg,FasterRCNN_v2,11,21,detected,915.88,77.27,1140.0,111.99,0.411,501.62,1920,1080
sample_0279,SideViewCows2026,ReID_barn,datasets/id/external/sideviewcows2026/barn/images/124/124_0197.jpg,FasterRCNN_v2,12,21,detected,1092.05,71.52,1217.08,93.79,0.3638,501.62,1920,1080
sample_0279,SideViewCows2026,ReID_barn,datasets/id/external/sideviewcows2026/barn/images/124/124_0197.jpg,FasterRCNN_v2,13,21,detected,150.38,83.98,225.13,125.7,0.3511,501.62,1920,1080
sample_0279,SideViewCows2026,ReID_barn,datasets/id/external/sideviewcows2026/barn/images/124/124_0197.jpg,FasterRCNN_v2,14,21,detected,839.22,90.23,922.74,115.0,0.3484,501.62,1920,1080
sample_0279,SideViewCows2026,ReID_barn,datasets/id/external/sideviewcows2026/barn/images/124/124_0197.jpg,FasterRCNN_v2,15,21,detected,1027.58,76.76,1115.22,101.67,0.3376,501.62,1920,1080
sample_0279,SideViewCows2026,ReID_barn,datasets/id/external/sideviewcows2026/barn/images/124/124_0197.jpg,FasterRCNN_v2,16,21,detected,309.65,73.13,504.14,111.08,0.3308,501.62,1920,1080
sample_0279,SideViewCows2026,ReID_barn,datasets/id/external/sideviewcows2026/barn/images/124/124_0197.jpg,FasterRCNN_v2,17,21,detected,898.7,83.9,1065.93,114.44,0.3014,501.62,1920,1080
sample_0279,SideViewCows2026,ReID_barn,datasets/id/external/sideviewcows2026/barn/images/124/124_0197.jpg,FasterRCNN_v2,18,21,detected,980.87,74.32,1170.62,104.83,0.299,501.62,1920,1080
sample_0279,SideViewCows2026,ReID_barn,datasets/id/external/sideviewcows2026/barn/images/124/124_0197.jpg,FasterRCNN_v2,19,21,detected,1172.89,72.25,1309.34,93.78,0.2959,501.62,1920,1080
sample_0279,SideViewCows2026,ReID_barn,datasets/id/external/sideviewcows2026/barn/images/124/124_0197.jpg,FasterRCNN_v2,20,21,detected,862.98,89.26,974.09,115.21,0.2757,501.62,1920,1080
sample_0279,SideViewCows2026,ReID_barn,datasets/id/external/sideviewcows2026/barn/images/124/124_0197.jpg,FasterRCNN_v2,21,21,detected,3.47,77.46,246.69,881.49,0.2503,501.62,1920,1080
sample_0279,SideViewCows2026,ReID_barn,datasets/id/external/sideviewcows2026/barn/images/124/124_0197.jpg,RT-DETR-L,1,28,detected,41.19,81.29,1918.18,1077.94,0.9777,92.65,1920,1080
sample_0279,SideViewCows2026,ReID_barn,datasets/id/external/sideviewcows2026/barn/images/124/124_0197.jpg,RT-DETR-L,2,28,detected,744.48,73.27,931.5,118.65,0.6938,92.65,1920,1080
sample_0279,SideViewCows2026,ReID_barn,datasets/id/external/sideviewcows2026/barn/images/124/124_0197.jpg,RT-DETR-L,3,28,detected,1740.67,52.06,1919.72,292.7,0.5909,92.65,1920,1080
sample_0279,SideViewCows2026,ReID_barn,datasets/id/external/sideviewcows2026/barn/images/124/124_0197.jpg,RT-DETR-L,4,28,detected,191.2,84.95,305.28,123.73,0.5693,92.65,1920,1080
sample_0279,SideViewCows2026,ReID_barn,datasets/id/external/sideviewcows2026/barn/images/124/124_0197.jpg,RT-DETR-L,5,28,detected,0.5,148.52,116.92,897.12,0.5101,92.65,1920,1080
sample_0279,SideViewCows2026,ReID_barn,datasets/id/external/sideviewcows2026/barn/images/124/124_0197.jpg,RT-DETR-L,6,28,detected,0.29,95.33,170.53,206.96,0.5033,92.65,1920,1080
sample_0279,SideViewCows2026,ReID_barn,datasets/id/external/sideviewcows2026/barn/images/124/124_0197.jpg,RT-DETR-L,7,28,detected,908.21,84.8,1013.01,111.97,0.4941,92.65,1920,1080
sample_0279,SideViewCows2026,ReID_barn,datasets/id/external/sideviewcows2026/barn/images/124/124_0197.jpg,RT-DETR-L,8,28,detected,350.8,75.22,500.87,111.49,0.4669,92.65,1920,1080
sample_0279,SideViewCows2026,ReID_barn,datasets/id/external/sideviewcows2026/barn/images/124/124_0197.jpg,RT-DETR-L,9,28,detected,1500.1,61.68,1685.34,145.33,0.4188,92.65,1920,1080
sample_0279,SideViewCows2026,ReID_barn,datasets/id/external/sideviewcows2026/barn/images/124/124_0197.jpg,RT-DETR-L,10,28,detected,606.81,79.63,750.43,123.95,0.4138,92.65,1920,1080
sample_0279,SideViewCows2026,ReID_barn,datasets/id/external/sideviewcows2026/barn/images/124/124_0197.jpg,RT-DETR-L,11,28,detected,1621.57,55.24,1799.2,197.31,0.4105,92.65,1920,1080
sample_0279,SideViewCows2026,ReID_barn,datasets/id/external/sideviewcows2026/barn/images/124/124_0197.jpg,RT-DETR-L,12,28,detected,1499.96,61.75,1746.81,272.5,0.3611,92.65,1920,1080
sample_0279,SideViewCows2026,ReID_barn,datasets/id/external/sideviewcows2026/barn/images/124/124_0197.jpg,RT-DETR-L,13,28,detected,-0.31,94.56,168.72,893.25,0.346,92.65,1920,1080
sample_0279,SideViewCows2026,ReID_barn,datasets/id/external/sideviewcows2026/barn/images/124/124_0197.jpg,RT-DETR-L,14,28,detected,607.1,88.55,688.83,123.8,0.3387,92.65,1920,1080
sample_0279,SideViewCows2026,ReID_barn,datasets/id/external/sideviewcows2026/barn/images/124/124_0197.jpg,RT-DETR-L,15,28,detected,905.77,89.17,981.3,112.52,0.3316,92.65,1920,1080
sample_0279,SideViewCows2026,ReID_barn,datasets/id/external/sideviewcows2026/barn/images/124/124_0197.jpg,RT-DETR-L,16,28,detected,329.64,80.31,481.27,112.27,0.2879,92.65,1920,1080
sample_0279,SideViewCows2026,ReID_barn,datasets/id/external/sideviewcows2026/barn/images/124/124_0197.jpg,RT-DETR-L,17,28,detected,619.29,94.63,688.45,123.84,0.2867,92.65,1920,1080
sample_0279,SideViewCows2026,ReID_barn,datasets/id/external/sideviewcows2026/barn/images/124/124_0197.jpg,RT-DETR-L,18,28,detected,832.13,88.3,916.38,114.93,0.2859,92.65,1920,1080
sample_0279,SideViewCows2026,ReID_barn,datasets/id/external/sideviewcows2026/barn/images/124/124_0197.jpg,RT-DETR-L,19,28,detected,1375.55,58.13,1482.68,92.22,0.2817,92.65,1920,1080
sample_0279,SideViewCows2026,ReID_barn,datasets/id/external/sideviewcows2026/barn/images/124/124_0197.jpg,RT-DETR-L,20,28,detected,502.64,78.65,580.63,116.84,0.2814,92.65,1920,1080
sample_0279,SideViewCows2026,ReID_barn,datasets/id/external/sideviewcows2026/barn/images/124/124_0197.jpg,RT-DETR-L,21,28,detected,1013.64,89.37,1081.73,103.3,0.2799,92.65,1920,1080
sample_0279,SideViewCows2026,ReID_barn,datasets/id/external/sideviewcows2026/barn/images/124/124_0197.jpg,RT-DETR-L,22,28,detected,1620.47,141.61,1741.69,273.12,0.2768,92.65,1920,1080
sample_0279,SideViewCows2026,ReID_barn,datasets/id/external/sideviewcows2026/barn/images/124/124_0197.jpg,RT-DETR-L,23,28,detected,1499.26,55.97,1809.51,269.65,0.2767,92.65,1920,1080
sample_0279,SideViewCows2026,ReID_barn,datasets/id/external/sideviewcows2026/barn/images/124/124_0197.jpg,RT-DETR-L,24,28,detected,1673.93,84.63,1777.28,195.2,0.2741,92.65,1920,1080
sample_0279,SideViewCows2026,ReID_barn,datasets/id/external/sideviewcows2026/barn/images/124/124_0197.jpg,RT-DETR-L,25,28,detected,1042.57,73.73,1129.79,97.45,0.2735,92.65,1920,1080
sample_0279,SideViewCows2026,ReID_barn,datasets/id/external/sideviewcows2026/barn/images/124/124_0197.jpg,RT-DETR-L,26,28,detected,748.03,91.6,825.33,118.36,0.2703,92.65,1920,1080
sample_0279,SideViewCows2026,ReID_barn,datasets/id/external/sideviewcows2026/barn/images/124/124_0197.jpg,RT-DETR-L,27,28,detected,530.15,96.39,578.05,117.52,0.2635,92.65,1920,1080
sample_0279,SideViewCows2026,ReID_barn,datasets/id/external/sideviewcows2026/barn/images/124/124_0197.jpg,RT-DETR-L,28,28,detected,1182.32,65.49,1357.6,93.46,0.251,92.65,1920,1080
sample_0280,SideViewCows2026,ReID_barn,datasets/id/external/sideviewcows2026/barn/images/433/433_0272.jpg,YOLOv8s,1,5,detected,0.0,0.72,1915.49,1080.0,0.9367,23.18,1920,1080
sample_0280,SideViewCows2026,ReID_barn,datasets/id/external/sideviewcows2026/barn/images/433/433_0272.jpg,YOLOv8s,2,5,detected,1534.27,61.1,1918.92,393.29,0.8442,23.18,1920,1080
sample_0280,SideViewCows2026,ReID_barn,datasets/id/external/sideviewcows2026/barn/images/433/433_0272.jpg,YOLOv8s,3,5,detected,1582.51,391.09,1919.43,1065.98,0.715,23.18,1920,1080
sample_0280,SideViewCows2026,ReID_barn,datasets/id/external/sideviewcows2026/barn/images/433/433_0272.jpg,YOLOv8s,4,5,detected,1861.03,4.07,1919.54,135.61,0.5661,23.18,1920,1080
sample_0280,SideViewCows2026,ReID_barn,datasets/id/external/sideviewcows2026/barn/images/433/433_0272.jpg,YOLOv8s,5,5,detected,1550.25,55.34,1918.92,1068.58,0.392,23.18,1920,1080
sample_0280,SideViewCows2026,ReID_barn,datasets/id/external/sideviewcows2026/barn/images/433/433_0272.jpg,FasterRCNN_v2,1,4,detected,0.0,0.0,1920.0,1080.0,0.9988,504.01,1920,1080
sample_0280,SideViewCows2026,ReID_barn,datasets/id/external/sideviewcows2026/barn/images/433/433_0272.jpg,FasterRCNN_v2,2,4,detected,1555.31,370.45,1917.2,1079.66,0.9434,504.01,1920,1080
sample_0280,SideViewCows2026,ReID_barn,datasets/id/external/sideviewcows2026/barn/images/433/433_0272.jpg,FasterRCNN_v2,3,4,detected,1536.1,55.83,1920.0,401.86,0.6969,504.01,1920,1080
sample_0280,SideViewCows2026,ReID_barn,datasets/id/external/sideviewcows2026/barn/images/433/433_0272.jpg,FasterRCNN_v2,4,4,detected,1309.23,0.33,1459.37,47.03,0.4563,504.01,1920,1080
sample_0280,SideViewCows2026,ReID_barn,datasets/id/external/sideviewcows2026/barn/images/433/433_0272.jpg,RT-DETR-L,1,6,detected,-0.76,0.5,1919.13,1080.49,0.9802,95.29,1920,1080
sample_0280,SideViewCows2026,ReID_barn,datasets/id/external/sideviewcows2026/barn/images/433/433_0272.jpg,RT-DETR-L,2,6,detected,1534.29,58.43,1919.67,398.59,0.6449,95.29,1920,1080
sample_0280,SideViewCows2026,ReID_barn,datasets/id/external/sideviewcows2026/barn/images/433/433_0272.jpg,RT-DETR-L,3,6,detected,1862.55,1.72,1919.71,137.11,0.3287,95.29,1920,1080
sample_0280,SideViewCows2026,ReID_barn,datasets/id/external/sideviewcows2026/barn/images/433/433_0272.jpg,RT-DETR-L,4,6,detected,1304.3,0.41,1450.97,45.68,0.3212,95.29,1920,1080
sample_0280,SideViewCows2026,ReID_barn,datasets/id/external/sideviewcows2026/barn/images/433/433_0272.jpg,RT-DETR-L,5,6,detected,1534.57,58.74,1920.49,1077.19,0.3118,95.29,1920,1080
sample_0280,SideViewCows2026,ReID_barn,datasets/id/external/sideviewcows2026/barn/images/433/433_0272.jpg,RT-DETR-L,6,6,detected,1479.17,3.07,1920.5,398.19,0.2597,95.29,1920,1080
sample_0281,SideViewCows2026,ReID_snapshots,datasets/id/external/sideviewcows2026/snapshots/images/955/955_0007.jpg,YOLOv8s,1,4,detected,871.7,507.25,1169.61,920.14,0.9048,32.03,1170,1170
sample_0281,SideViewCows2026,ReID_snapshots,datasets/id/external/sideviewcows2026/snapshots/images/955/955_0007.jpg,YOLOv8s,2,4,detected,58.77,328.07,1170.0,1047.85,0.8945,32.03,1170,1170
sample_0281,SideViewCows2026,ReID_snapshots,datasets/id/external/sideviewcows2026/snapshots/images/955/955_0007.jpg,YOLOv8s,3,4,detected,884.07,306.76,1169.62,517.13,0.6923,32.03,1170,1170
sample_0281,SideViewCows2026,ReID_snapshots,datasets/id/external/sideviewcows2026/snapshots/images/955/955_0007.jpg,YOLOv8s,4,4,detected,574.92,306.12,854.7,347.11,0.377,32.03,1170,1170
sample_0281,SideViewCows2026,ReID_snapshots,datasets/id/external/sideviewcows2026/snapshots/images/955/955_0007.jpg,FasterRCNN_v2,1,6,detected,51.98,328.64,1151.37,1048.5,0.9996,413.62,1170,1170
sample_0281,SideViewCows2026,ReID_snapshots,datasets/id/external/sideviewcows2026/snapshots/images/955/955_0007.jpg,FasterRCNN_v2,2,6,detected,864.35,303.21,1170.0,514.01,0.9989,413.62,1170,1170
sample_0281,SideViewCows2026,ReID_snapshots,datasets/id/external/sideviewcows2026/snapshots/images/955/955_0007.jpg,FasterRCNN_v2,3,6,detected,885.63,495.47,1170.0,926.38,0.974,413.62,1170,1170
sample_0281,SideViewCows2026,ReID_snapshots,datasets/id/external/sideviewcows2026/snapshots/images/955/955_0007.jpg,FasterRCNN_v2,4,6,detected,560.55,306.18,862.48,346.66,0.66,413.62,1170,1170
sample_0281,SideViewCows2026,ReID_snapshots,datasets/id/external/sideviewcows2026/snapshots/images/955/955_0007.jpg,FasterRCNN_v2,5,6,detected,533.83,305.35,915.76,378.72,0.5781,413.62,1170,1170
sample_0281,SideViewCows2026,ReID_snapshots,datasets/id/external/sideviewcows2026/snapshots/images/955/955_0007.jpg,FasterRCNN_v2,6,6,detected,846.9,305.71,919.88,378.15,0.2865,413.62,1170,1170
sample_0281,SideViewCows2026,ReID_snapshots,datasets/id/external/sideviewcows2026/snapshots/images/955/955_0007.jpg,RT-DETR-L,1,6,detected,53.6,329.41,1170.16,1045.75,0.9666,94.22,1170,1170
sample_0281,SideViewCows2026,ReID_snapshots,datasets/id/external/sideviewcows2026/snapshots/images/955/955_0007.jpg,RT-DETR-L,2,6,detected,896.17,305.24,1169.76,513.47,0.921,94.22,1170,1170
sample_0281,SideViewCows2026,ReID_snapshots,datasets/id/external/sideviewcows2026/snapshots/images/955/955_0007.jpg,RT-DETR-L,3,6,detected,578.55,304.75,853.95,350.69,0.7154,94.22,1170,1170
sample_0281,SideViewCows2026,ReID_snapshots,datasets/id/external/sideviewcows2026/snapshots/images/955/955_0007.jpg,RT-DETR-L,4,6,detected,847.75,305.34,912.13,370.99,0.32,94.22,1170,1170
sample_0281,SideViewCows2026,ReID_snapshots,datasets/id/external/sideviewcows2026/snapshots/images/955/955_0007.jpg,RT-DETR-L,5,6,detected,412.82,305.92,532.0,341.16,0.3096,94.22,1170,1170
sample_0281,SideViewCows2026,ReID_snapshots,datasets/id/external/sideviewcows2026/snapshots/images/955/955_0007.jpg,RT-DETR-L,6,6,detected,851.86,305.32,909.26,344.79,0.2939,94.22,1170,1170
sample_0282,SideViewCows2026,ReID_snapshots,datasets/id/external/sideviewcows2026/snapshots/images/465/465_0017.jpg,YOLOv8s,1,1,detected,2.0,283.05,1081.15,1167.55,0.8142,29.57,1170,1170
sample_0282,SideViewCows2026,ReID_snapshots,datasets/id/external/sideviewcows2026/snapshots/images/465/465_0017.jpg,FasterRCNN_v2,1,1,detected,5.13,159.18,1166.55,1158.54,0.9976,410.91,1170,1170
sample_0282,SideViewCows2026,ReID_snapshots,datasets/id/external/sideviewcows2026/snapshots/images/465/465_0017.jpg,RT-DETR-L,1,1,detected,-0.39,124.4,1168.6,1164.37,0.9753,94.8,1170,1170
sample_0283,SideViewCows2026,ReID_snapshots,datasets/id/external/sideviewcows2026/snapshots/images/192/192_0010.jpg,YOLOv8s,1,1,detected,2.14,351.1,1170.0,1033.77,0.8961,30.73,1170,1170
sample_0283,SideViewCows2026,ReID_snapshots,datasets/id/external/sideviewcows2026/snapshots/images/192/192_0010.jpg,FasterRCNN_v2,1,3,detected,0.0,379.84,1170.0,1071.62,0.9999,415.43,1170,1170
sample_0283,SideViewCows2026,ReID_snapshots,datasets/id/external/sideviewcows2026/snapshots/images/192/192_0010.jpg,FasterRCNN_v2,2,3,detected,781.11,314.94,1165.31,769.4,0.9311,415.43,1170,1170
sample_0283,SideViewCows2026,ReID_snapshots,datasets/id/external/sideviewcows2026/snapshots/images/192/192_0010.jpg,FasterRCNN_v2,3,3,detected,575.93,349.23,1150.65,990.4,0.7149,415.43,1170,1170
sample_0283,SideViewCows2026,ReID_snapshots,datasets/id/external/sideviewcows2026/snapshots/images/192/192_0010.jpg,RT-DETR-L,1,1,detected,0.69,350.97,1170.14,1087.43,0.9732,93.76,1170,1170
sample_0284,SideViewCows2026,ReID_snapshots,datasets/id/external/sideviewcows2026/snapshots/images/192/192_0012.jpg,YOLOv8s,1,1,detected,2.27,399.54,1170.0,1091.82,0.8965,30.13,1170,1170
sample_0284,SideViewCows2026,ReID_snapshots,datasets/id/external/sideviewcows2026/snapshots/images/192/192_0012.jpg,FasterRCNN_v2,1,1,detected,2.62,394.99,1168.67,1121.32,0.9997,409.94,1170,1170
sample_0284,SideViewCows2026,ReID_snapshots,datasets/id/external/sideviewcows2026/snapshots/images/192/192_0012.jpg,RT-DETR-L,1,2,detected,0.8,400.0,1168.78,1123.72,0.9696,93.82,1170,1170
sample_0284,SideViewCows2026,ReID_snapshots,datasets/id/external/sideviewcows2026/snapshots/images/192/192_0012.jpg,RT-DETR-L,2,2,detected,109.26,442.38,202.01,470.03,0.2717,93.82,1170,1170
sample_0285,SideViewCows2026,ReID_snapshots,datasets/id/external/sideviewcows2026/snapshots/images/345/345_0004.jpg,YOLOv8s,1,3,detected,30.25,351.73,1027.81,1016.01,0.7917,29.99,1170,1170
sample_0285,SideViewCows2026,ReID_snapshots,datasets/id/external/sideviewcows2026/snapshots/images/345/345_0004.jpg,YOLOv8s,2,3,detected,640.29,373.36,855.33,411.67,0.669,29.99,1170,1170
sample_0285,SideViewCows2026,ReID_snapshots,datasets/id/external/sideviewcows2026/snapshots/images/345/345_0004.jpg,YOLOv8s,3,3,detected,4.05,386.0,151.74,432.97,0.3172,29.99,1170,1170
sample_0285,SideViewCows2026,ReID_snapshots,datasets/id/external/sideviewcows2026/snapshots/images/345/345_0004.jpg,FasterRCNN_v2,1,3,detected,21.13,357.37,1018.99,1064.47,0.9994,412.28,1170,1170
sample_0285,SideViewCows2026,ReID_snapshots,datasets/id/external/sideviewcows2026/snapshots/images/345/345_0004.jpg,FasterRCNN_v2,2,3,detected,643.87,372.57,874.56,412.37,0.9603,412.28,1170,1170
sample_0285,SideViewCows2026,ReID_snapshots,datasets/id/external/sideviewcows2026/snapshots/images/345/345_0004.jpg,FasterRCNN_v2,3,3,detected,7.05,384.38,117.57,433.87,0.7697,412.28,1170,1170
sample_0285,SideViewCows2026,ReID_snapshots,datasets/id/external/sideviewcows2026/snapshots/images/345/345_0004.jpg,RT-DETR-L,1,5,detected,34.43,355.8,1009.19,1079.69,0.9577,92.72,1170,1170
sample_0285,SideViewCows2026,ReID_snapshots,datasets/id/external/sideviewcows2026/snapshots/images/345/345_0004.jpg,RT-DETR-L,2,5,detected,640.05,372.53,853.69,411.95,0.7332,92.72,1170,1170
sample_0285,SideViewCows2026,ReID_snapshots,datasets/id/external/sideviewcows2026/snapshots/images/345/345_0004.jpg,RT-DETR-L,3,5,detected,1.49,386.8,167.95,433.85,0.5593,92.72,1170,1170
sample_0285,SideViewCows2026,ReID_snapshots,datasets/id/external/sideviewcows2026/snapshots/images/345/345_0004.jpg,RT-DETR-L,4,5,detected,269.83,388.16,471.73,423.26,0.2997,92.72,1170,1170
sample_0285,SideViewCows2026,ReID_snapshots,datasets/id/external/sideviewcows2026/snapshots/images/345/345_0004.jpg,RT-DETR-L,5,5,detected,1.74,385.16,80.4,429.86,0.2933,92.72,1170,1170
sample_0286,SideViewCows2026,ReID_snapshots,datasets/id/external/sideviewcows2026/snapshots/images/737/737_0007.jpg,YOLOv8s,1,5,detected,49.23,404.42,1168.13,1169.43,0.9234,31.53,1170,1170
sample_0286,SideViewCows2026,ReID_snapshots,datasets/id/external/sideviewcows2026/snapshots/images/737/737_0007.jpg,YOLOv8s,2,5,detected,967.64,779.77,1169.58,1168.55,0.8195,31.53,1170,1170
sample_0286,SideViewCows2026,ReID_snapshots,datasets/id/external/sideviewcows2026/snapshots/images/737/737_0007.jpg,YOLOv8s,3,5,detected,216.26,405.94,264.14,474.06,0.4912,31.53,1170,1170
sample_0286,SideViewCows2026,ReID_snapshots,datasets/id/external/sideviewcows2026/snapshots/images/737/737_0007.jpg,YOLOv8s,4,5,detected,0.15,458.65,79.49,544.93,0.3325,31.53,1170,1170
sample_0286,SideViewCows2026,ReID_snapshots,datasets/id/external/sideviewcows2026/snapshots/images/737/737_0007.jpg,YOLOv8s,5,5,detected,997.88,458.5,1145.16,576.41,0.2911,31.53,1170,1170
sample_0286,SideViewCows2026,ReID_snapshots,datasets/id/external/sideviewcows2026/snapshots/images/737/737_0007.jpg,FasterRCNN_v2,1,18,detected,40.25,406.08,1170.0,1167.76,0.9994,408.37,1170,1170
sample_0286,SideViewCows2026,ReID_snapshots,datasets/id/external/sideviewcows2026/snapshots/images/737/737_0007.jpg,FasterRCNN_v2,2,18,detected,220.73,402.28,263.39,476.16,0.9278,408.37,1170,1170
sample_0286,SideViewCows2026,ReID_snapshots,datasets/id/external/sideviewcows2026/snapshots/images/737/737_0007.jpg,FasterRCNN_v2,3,18,detected,946.18,780.6,1167.82,1163.19,0.9237,408.37,1170,1170
sample_0286,SideViewCows2026,ReID_snapshots,datasets/id/external/sideviewcows2026/snapshots/images/737/737_0007.jpg,FasterRCNN_v2,4,18,detected,0.73,471.06,78.09,529.1,0.8131,408.37,1170,1170
sample_0286,SideViewCows2026,ReID_snapshots,datasets/id/external/sideviewcows2026/snapshots/images/737/737_0007.jpg,FasterRCNN_v2,5,18,detected,255.64,404.59,289.71,453.15,0.8046,408.37,1170,1170
sample_0286,SideViewCows2026,ReID_snapshots,datasets/id/external/sideviewcows2026/snapshots/images/737/737_0007.jpg,FasterRCNN_v2,6,18,detected,171.34,391.4,265.96,476.05,0.7862,408.37,1170,1170
sample_0286,SideViewCows2026,ReID_snapshots,datasets/id/external/sideviewcows2026/snapshots/images/737/737_0007.jpg,FasterRCNN_v2,7,18,detected,1021.19,466.82,1136.58,577.61,0.6905,408.37,1170,1170
sample_0286,SideViewCows2026,ReID_snapshots,datasets/id/external/sideviewcows2026/snapshots/images/737/737_0007.jpg,FasterRCNN_v2,8,18,detected,1015.82,464.7,1144.19,520.46,0.6856,408.37,1170,1170
sample_0286,SideViewCows2026,ReID_snapshots,datasets/id/external/sideviewcows2026/snapshots/images/737/737_0007.jpg,FasterRCNN_v2,9,18,detected,1029.43,468.35,1108.11,512.83,0.671,408.37,1170,1170
sample_0286,SideViewCows2026,ReID_snapshots,datasets/id/external/sideviewcows2026/snapshots/images/737/737_0007.jpg,FasterRCNN_v2,10,18,detected,149.71,397.0,231.07,474.75,0.5583,408.37,1170,1170
sample_0286,SideViewCows2026,ReID_snapshots,datasets/id/external/sideviewcows2026/snapshots/images/737/737_0007.jpg,FasterRCNN_v2,11,18,detected,273.48,404.45,388.23,457.84,0.3806,408.37,1170,1170
sample_0286,SideViewCows2026,ReID_snapshots,datasets/id/external/sideviewcows2026/snapshots/images/737/737_0007.jpg,FasterRCNN_v2,12,18,detected,1076.43,468.18,1143.93,520.24,0.3781,408.37,1170,1170
sample_0286,SideViewCows2026,ReID_snapshots,datasets/id/external/sideviewcows2026/snapshots/images/737/737_0007.jpg,FasterRCNN_v2,13,18,detected,175.92,394.83,220.75,459.7,0.3321,408.37,1170,1170
sample_0286,SideViewCows2026,ReID_snapshots,datasets/id/external/sideviewcows2026/snapshots/images/737/737_0007.jpg,FasterRCNN_v2,14,18,detected,1065.56,469.44,1144.57,556.43,0.3293,408.37,1170,1170
sample_0286,SideViewCows2026,ReID_snapshots,datasets/id/external/sideviewcows2026/snapshots/images/737/737_0007.jpg,FasterRCNN_v2,15,18,detected,1005.4,442.32,1057.55,465.89,0.3178,408.37,1170,1170
sample_0286,SideViewCows2026,ReID_snapshots,datasets/id/external/sideviewcows2026/snapshots/images/737/737_0007.jpg,FasterRCNN_v2,16,18,detected,997.6,456.69,1116.59,544.31,0.3058,408.37,1170,1170
sample_0286,SideViewCows2026,ReID_snapshots,datasets/id/external/sideviewcows2026/snapshots/images/737/737_0007.jpg,FasterRCNN_v2,17,18,detected,1007.35,459.24,1092.65,508.12,0.2827,408.37,1170,1170
sample_0286,SideViewCows2026,ReID_snapshots,datasets/id/external/sideviewcows2026/snapshots/images/737/737_0007.jpg,FasterRCNN_v2,18,18,detected,167.04,390.78,235.82,434.06,0.269,408.37,1170,1170
sample_0286,SideViewCows2026,ReID_snapshots,datasets/id/external/sideviewcows2026/snapshots/images/737/737_0007.jpg,RT-DETR-L,1,14,detected,53.35,406.09,1169.67,1164.39,0.975,93.06,1170,1170
sample_0286,SideViewCows2026,ReID_snapshots,datasets/id/external/sideviewcows2026/snapshots/images/737/737_0007.jpg,RT-DETR-L,2,14,detected,-0.22,470.48,79.12,530.71,0.5033,93.06,1170,1170
sample_0286,SideViewCows2026,ReID_snapshots,datasets/id/external/sideviewcows2026/snapshots/images/737/737_0007.jpg,RT-DETR-L,3,14,detected,1006.57,464.77,1144.68,577.67,0.4991,93.06,1170,1170
sample_0286,SideViewCows2026,ReID_snapshots,datasets/id/external/sideviewcows2026/snapshots/images/737/737_0007.jpg,RT-DETR-L,4,14,detected,204.92,396.9,264.72,473.37,0.4875,93.06,1170,1170
sample_0286,SideViewCows2026,ReID_snapshots,datasets/id/external/sideviewcows2026/snapshots/images/737/737_0007.jpg,RT-DETR-L,5,14,detected,1003.41,440.85,1136.13,471.48,0.4386,93.06,1170,1170
sample_0286,SideViewCows2026,ReID_snapshots,datasets/id/external/sideviewcows2026/snapshots/images/737/737_0007.jpg,RT-DETR-L,6,14,detected,258.55,404.99,288.06,456.37,0.4277,93.06,1170,1170
sample_0286,SideViewCows2026,ReID_snapshots,datasets/id/external/sideviewcows2026/snapshots/images/737/737_0007.jpg,RT-DETR-L,7,14,detected,-0.12,502.07,20.57,547.69,0.3998,93.06,1170,1170
sample_0286,SideViewCows2026,ReID_snapshots,datasets/id/external/sideviewcows2026/snapshots/images/737/737_0007.jpg,RT-DETR-L,8,14,detected,152.16,398.02,229.58,476.51,0.3839,93.06,1170,1170
sample_0286,SideViewCows2026,ReID_snapshots,datasets/id/external/sideviewcows2026/snapshots/images/737/737_0007.jpg,RT-DETR-L,9,14,detected,1026.56,466.02,1143.09,522.34,0.3414,93.06,1170,1170
sample_0286,SideViewCows2026,ReID_snapshots,datasets/id/external/sideviewcows2026/snapshots/images/737/737_0007.jpg,RT-DETR-L,10,14,detected,-0.4,470.97,78.79,514.66,0.3321,93.06,1170,1170
sample_0286,SideViewCows2026,ReID_snapshots,datasets/id/external/sideviewcows2026/snapshots/images/737/737_0007.jpg,RT-DETR-L,11,14,detected,429.4,409.6,510.29,445.79,0.3148,93.06,1170,1170
sample_0286,SideViewCows2026,ReID_snapshots,datasets/id/external/sideviewcows2026/snapshots/images/737/737_0007.jpg,RT-DETR-L,12,14,detected,259.32,403.92,373.96,457.07,0.277,93.06,1170,1170
sample_0286,SideViewCows2026,ReID_snapshots,datasets/id/external/sideviewcows2026/snapshots/images/737/737_0007.jpg,RT-DETR-L,13,14,detected,1030.58,467.3,1095.67,508.83,0.2598,93.06,1170,1170
sample_0286,SideViewCows2026,ReID_snapshots,datasets/id/external/sideviewcows2026/snapshots/images/737/737_0007.jpg,RT-DETR-L,14,14,detected,165.86,389.91,202.08,430.85,0.251,93.06,1170,1170
sample_0287,SideViewCows2026,ReID_snapshots,datasets/id/external/sideviewcows2026/snapshots/images/128/128_0011.jpg,YOLOv8s,1,2,detected,1.72,310.53,1170.0,1168.8,0.9222,30.96,1170,1170
sample_0287,SideViewCows2026,ReID_snapshots,datasets/id/external/sideviewcows2026/snapshots/images/128/128_0011.jpg,YOLOv8s,2,2,detected,984.97,328.02,1169.11,446.27,0.3677,30.96,1170,1170
sample_0287,SideViewCows2026,ReID_snapshots,datasets/id/external/sideviewcows2026/snapshots/images/128/128_0011.jpg,FasterRCNN_v2,1,3,detected,12.19,306.76,1165.58,1161.92,0.9975,412.08,1170,1170
sample_0287,SideViewCows2026,ReID_snapshots,datasets/id/external/sideviewcows2026/snapshots/images/128/128_0011.jpg,FasterRCNN_v2,2,3,detected,979.95,330.01,1165.71,440.17,0.9455,412.08,1170,1170
sample_0287,SideViewCows2026,ReID_snapshots,datasets/id/external/sideviewcows2026/snapshots/images/128/128_0011.jpg,FasterRCNN_v2,3,3,detected,977.79,336.68,1168.27,669.57,0.7851,412.08,1170,1170
sample_0287,SideViewCows2026,ReID_snapshots,datasets/id/external/sideviewcows2026/snapshots/images/128/128_0011.jpg,RT-DETR-L,1,6,detected,0.38,310.55,1170.16,1165.05,0.9742,94.24,1170,1170
sample_0287,SideViewCows2026,ReID_snapshots,datasets/id/external/sideviewcows2026/snapshots/images/128/128_0011.jpg,RT-DETR-L,2,6,detected,981.81,328.82,1166.47,443.07,0.6519,94.24,1170,1170
sample_0287,SideViewCows2026,ReID_snapshots,datasets/id/external/sideviewcows2026/snapshots/images/128/128_0011.jpg,RT-DETR-L,3,6,detected,-0.55,304.97,162.46,344.7,0.3349,94.24,1170,1170
sample_0287,SideViewCows2026,ReID_snapshots,datasets/id/external/sideviewcows2026/snapshots/images/128/128_0011.jpg,RT-DETR-L,4,6,detected,640.05,307.27,1167.27,446.22,0.3239,94.24,1170,1170
sample_0287,SideViewCows2026,ReID_snapshots,datasets/id/external/sideviewcows2026/snapshots/images/128/128_0011.jpg,RT-DETR-L,5,6,detected,-0.22,303.8,244.4,344.56,0.3132,94.24,1170,1170
sample_0287,SideViewCows2026,ReID_snapshots,datasets/id/external/sideviewcows2026/snapshots/images/128/128_0011.jpg,RT-DETR-L,6,6,detected,109.38,303.82,243.39,334.22,0.267,94.24,1170,1170
sample_0288,SideViewCows2026,ReID_snapshots,datasets/id/external/sideviewcows2026/snapshots/images/290/290_0011.jpg,YOLOv8s,1,1,detected,1.55,295.6,1167.87,1167.8,0.9305,29.76,1170,1170
sample_0288,SideViewCows2026,ReID_snapshots,datasets/id/external/sideviewcows2026/snapshots/images/290/290_0011.jpg,FasterRCNN_v2,1,1,detected,2.39,276.92,1170.0,1154.55,0.9992,410.14,1170,1170
sample_0288,SideViewCows2026,ReID_snapshots,datasets/id/external/sideviewcows2026/snapshots/images/290/290_0011.jpg,RT-DETR-L,1,5,detected,1.42,297.7,1168.87,1162.33,0.9769,94.84,1170,1170
sample_0288,SideViewCows2026,ReID_snapshots,datasets/id/external/sideviewcows2026/snapshots/images/290/290_0011.jpg,RT-DETR-L,2,5,detected,73.16,204.22,242.23,311.25,0.379,94.84,1170,1170
sample_0288,SideViewCows2026,ReID_snapshots,datasets/id/external/sideviewcows2026/snapshots/images/290/290_0011.jpg,RT-DETR-L,3,5,detected,74.0,239.12,179.66,307.99,0.3011,94.84,1170,1170
sample_0288,SideViewCows2026,ReID_snapshots,datasets/id/external/sideviewcows2026/snapshots/images/290/290_0011.jpg,RT-DETR-L,4,5,detected,72.56,202.78,371.65,323.16,0.27,94.84,1170,1170
sample_0288,SideViewCows2026,ReID_snapshots,datasets/id/external/sideviewcows2026/snapshots/images/290/290_0011.jpg,RT-DETR-L,5,5,detected,73.16,238.86,370.82,324.65,0.2694,94.84,1170,1170
sample_0289,SideViewCows2026,ReID_snapshots,datasets/id/external/sideviewcows2026/snapshots/images/680/680_0003.jpg,YOLOv8s,1,1,detected,2.01,296.8,1164.0,1000.94,0.8673,30.52,1170,1170
sample_0289,SideViewCows2026,ReID_snapshots,datasets/id/external/sideviewcows2026/snapshots/images/680/680_0003.jpg,FasterRCNN_v2,1,11,detected,0.0,294.55,1166.31,998.84,0.9997,411.23,1170,1170
sample_0289,SideViewCows2026,ReID_snapshots,datasets/id/external/sideviewcows2026/snapshots/images/680/680_0003.jpg,FasterRCNN_v2,2,11,detected,888.39,281.8,1165.24,646.54,0.9198,411.23,1170,1170
sample_0289,SideViewCows2026,ReID_snapshots,datasets/id/external/sideviewcows2026/snapshots/images/680/680_0003.jpg,FasterRCNN_v2,3,11,detected,893.67,269.37,1167.2,380.72,0.9159,411.23,1170,1170
sample_0289,SideViewCows2026,ReID_snapshots,datasets/id/external/sideviewcows2026/snapshots/images/680/680_0003.jpg,FasterRCNN_v2,4,11,detected,1.13,320.67,99.11,378.5,0.8272,411.23,1170,1170
sample_0289,SideViewCows2026,ReID_snapshots,datasets/id/external/sideviewcows2026/snapshots/images/680/680_0003.jpg,FasterRCNN_v2,5,11,detected,691.21,559.07,887.38,869.51,0.8127,411.23,1170,1170
sample_0289,SideViewCows2026,ReID_snapshots,datasets/id/external/sideviewcows2026/snapshots/images/680/680_0003.jpg,FasterRCNN_v2,6,11,detected,907.36,267.86,1166.66,327.8,0.6359,411.23,1170,1170
sample_0289,SideViewCows2026,ReID_snapshots,datasets/id/external/sideviewcows2026/snapshots/images/680/680_0003.jpg,FasterRCNN_v2,7,11,detected,0.0,313.31,210.41,383.32,0.6212,411.23,1170,1170
sample_0289,SideViewCows2026,ReID_snapshots,datasets/id/external/sideviewcows2026/snapshots/images/680/680_0003.jpg,FasterRCNN_v2,8,11,detected,0.96,302.25,273.48,594.92,0.4308,411.23,1170,1170
sample_0289,SideViewCows2026,ReID_snapshots,datasets/id/external/sideviewcows2026/snapshots/images/680/680_0003.jpg,FasterRCNN_v2,9,11,detected,705.63,278.95,1165.16,846.06,0.4021,411.23,1170,1170
sample_0289,SideViewCows2026,ReID_snapshots,datasets/id/external/sideviewcows2026/snapshots/images/680/680_0003.jpg,FasterRCNN_v2,10,11,detected,0.0,321.15,224.21,467.87,0.3025,411.23,1170,1170
sample_0289,SideViewCows2026,ReID_snapshots,datasets/id/external/sideviewcows2026/snapshots/images/680/680_0003.jpg,FasterRCNN_v2,11,11,detected,1.66,318.81,82.39,578.45,0.2563,411.23,1170,1170
sample_0289,SideViewCows2026,ReID_snapshots,datasets/id/external/sideviewcows2026/snapshots/images/680/680_0003.jpg,RT-DETR-L,1,5,detected,1.22,302.84,1169.88,999.1,0.9706,93.78,1170,1170
sample_0289,SideViewCows2026,ReID_snapshots,datasets/id/external/sideviewcows2026/snapshots/images/680/680_0003.jpg,RT-DETR-L,2,5,detected,934.15,267.59,1168.85,319.43,0.5727,93.78,1170,1170
sample_0289,SideViewCows2026,ReID_snapshots,datasets/id/external/sideviewcows2026/snapshots/images/680/680_0003.jpg,RT-DETR-L,3,5,detected,-0.16,320.19,87.62,594.4,0.3555,93.78,1170,1170
sample_0289,SideViewCows2026,ReID_snapshots,datasets/id/external/sideviewcows2026/snapshots/images/680/680_0003.jpg,RT-DETR-L,4,5,detected,-0.25,320.42,91.58,390.14,0.3073,93.78,1170,1170
sample_0289,SideViewCows2026,ReID_snapshots,datasets/id/external/sideviewcows2026/snapshots/images/680/680_0003.jpg,RT-DETR-L,5,5,detected,891.87,266.63,1168.97,386.28,0.2977,93.78,1170,1170
sample_0290,SideViewCows2026,ReID_snapshots,datasets/id/external/sideviewcows2026/snapshots/images/207/207_0006.jpg,YOLOv8s,1,4,detected,0.0,237.52,1161.75,1085.51,0.8992,30.38,1170,1170
sample_0290,SideViewCows2026,ReID_snapshots,datasets/id/external/sideviewcows2026/snapshots/images/207/207_0006.jpg,YOLOv8s,2,4,detected,1099.15,310.09,1169.47,1035.01,0.3597,30.38,1170,1170
sample_0290,SideViewCows2026,ReID_snapshots,datasets/id/external/sideviewcows2026/snapshots/images/207/207_0006.jpg,YOLOv8s,3,4,detected,1075.17,289.05,1169.55,402.62,0.3059,30.38,1170,1170
sample_0290,SideViewCows2026,ReID_snapshots,datasets/id/external/sideviewcows2026/snapshots/images/207/207_0006.jpg,YOLOv8s,4,4,detected,1120.14,297.32,1169.42,1029.41,0.2579,30.38,1170,1170
sample_0290,SideViewCows2026,ReID_snapshots,datasets/id/external/sideviewcows2026/snapshots/images/207/207_0006.jpg,FasterRCNN_v2,1,21,detected,0.0,230.75,1112.79,1169.62,0.999,409.8,1170,1170
sample_0290,SideViewCows2026,ReID_snapshots,datasets/id/external/sideviewcows2026/snapshots/images/207/207_0006.jpg,FasterRCNN_v2,2,21,detected,936.47,442.0,1169.33,806.26,0.9615,409.8,1170,1170
sample_0290,SideViewCows2026,ReID_snapshots,datasets/id/external/sideviewcows2026/snapshots/images/207/207_0006.jpg,FasterRCNN_v2,3,21,detected,1125.87,327.43,1169.51,811.64,0.8533,409.8,1170,1170
sample_0290,SideViewCows2026,ReID_snapshots,datasets/id/external/sideviewcows2026/snapshots/images/207/207_0006.jpg,FasterRCNN_v2,4,21,detected,1085.92,291.75,1167.52,400.98,0.8017,409.8,1170,1170
sample_0290,SideViewCows2026,ReID_snapshots,datasets/id/external/sideviewcows2026/snapshots/images/207/207_0006.jpg,FasterRCNN_v2,5,21,detected,1024.59,288.31,1082.04,344.16,0.6989,409.8,1170,1170
sample_0290,SideViewCows2026,ReID_snapshots,datasets/id/external/sideviewcows2026/snapshots/images/207/207_0006.jpg,FasterRCNN_v2,6,21,detected,1062.23,281.05,1145.9,299.52,0.6778,409.8,1170,1170
sample_0290,SideViewCows2026,ReID_snapshots,datasets/id/external/sideviewcows2026/snapshots/images/207/207_0006.jpg,FasterRCNN_v2,7,21,detected,933.68,289.93,1074.57,404.47,0.6634,409.8,1170,1170
sample_0290,SideViewCows2026,ReID_snapshots,datasets/id/external/sideviewcows2026/snapshots/images/207/207_0006.jpg,FasterRCNN_v2,8,21,detected,1066.32,270.73,1166.22,303.01,0.5262,409.8,1170,1170
sample_0290,SideViewCows2026,ReID_snapshots,datasets/id/external/sideviewcows2026/snapshots/images/207/207_0006.jpg,FasterRCNN_v2,9,21,detected,1075.12,295.99,1138.23,339.64,0.5209,409.8,1170,1170
sample_0290,SideViewCows2026,ReID_snapshots,datasets/id/external/sideviewcows2026/snapshots/images/207/207_0006.jpg,FasterRCNN_v2,10,21,detected,1056.72,294.86,1129.44,396.52,0.4785,409.8,1170,1170
sample_0290,SideViewCows2026,ReID_snapshots,datasets/id/external/sideviewcows2026/snapshots/images/207/207_0006.jpg,FasterRCNN_v2,11,21,detected,985.18,290.25,1070.25,346.56,0.4572,409.8,1170,1170
sample_0290,SideViewCows2026,ReID_snapshots,datasets/id/external/sideviewcows2026/snapshots/images/207/207_0006.jpg,FasterRCNN_v2,12,21,detected,1003.54,292.82,1075.64,400.62,0.4496,409.8,1170,1170
sample_0290,SideViewCows2026,ReID_snapshots,datasets/id/external/sideviewcows2026/snapshots/images/207/207_0006.jpg,FasterRCNN_v2,13,21,detected,1136.78,328.46,1169.68,507.12,0.4496,409.8,1170,1170
sample_0290,SideViewCows2026,ReID_snapshots,datasets/id/external/sideviewcows2026/snapshots/images/207/207_0006.jpg,FasterRCNN_v2,14,21,detected,1068.2,278.52,1162.41,342.31,0.4342,409.8,1170,1170
sample_0290,SideViewCows2026,ReID_snapshots,datasets/id/external/sideviewcows2026/snapshots/images/207/207_0006.jpg,FasterRCNN_v2,15,21,detected,1112.85,267.47,1168.41,300.03,0.3712,409.8,1170,1170
sample_0290,SideViewCows2026,ReID_snapshots,datasets/id/external/sideviewcows2026/snapshots/images/207/207_0006.jpg,FasterRCNN_v2,16,21,detected,908.59,285.63,979.01,394.86,0.3394,409.8,1170,1170
sample_0290,SideViewCows2026,ReID_snapshots,datasets/id/external/sideviewcows2026/snapshots/images/207/207_0006.jpg,FasterRCNN_v2,17,21,detected,1097.88,289.22,1168.66,500.75,0.3347,409.8,1170,1170
sample_0290,SideViewCows2026,ReID_snapshots,datasets/id/external/sideviewcows2026/snapshots/images/207/207_0006.jpg,FasterRCNN_v2,18,21,detected,471.85,225.3,1132.93,943.94,0.3246,409.8,1170,1170
sample_0290,SideViewCows2026,ReID_snapshots,datasets/id/external/sideviewcows2026/snapshots/images/207/207_0006.jpg,FasterRCNN_v2,19,21,detected,925.23,297.46,1014.8,401.24,0.3176,409.8,1170,1170
sample_0290,SideViewCows2026,ReID_snapshots,datasets/id/external/sideviewcows2026/snapshots/images/207/207_0006.jpg,FasterRCNN_v2,20,21,detected,1011.32,306.88,1051.81,402.32,0.3097,409.8,1170,1170
sample_0290,SideViewCows2026,ReID_snapshots,datasets/id/external/sideviewcows2026/snapshots/images/207/207_0006.jpg,FasterRCNN_v2,21,21,detected,945.26,285.44,1005.36,346.64,0.3084,409.8,1170,1170
sample_0290,SideViewCows2026,ReID_snapshots,datasets/id/external/sideviewcows2026/snapshots/images/207/207_0006.jpg,RT-DETR-L,1,7,detected,0.14,237.58,1166.65,1164.81,0.9734,93.45,1170,1170
sample_0290,SideViewCows2026,ReID_snapshots,datasets/id/external/sideviewcows2026/snapshots/images/207/207_0006.jpg,RT-DETR-L,2,7,detected,1078.8,294.22,1169.34,401.92,0.4019,93.45,1170,1170
sample_0290,SideViewCows2026,ReID_snapshots,datasets/id/external/sideviewcows2026/snapshots/images/207/207_0006.jpg,RT-DETR-L,3,7,detected,1085.82,296.37,1169.57,787.32,0.3538,93.45,1170,1170
sample_0290,SideViewCows2026,ReID_snapshots,datasets/id/external/sideviewcows2026/snapshots/images/207/207_0006.jpg,RT-DETR-L,4,7,detected,229.94,275.26,352.58,299.72,0.2987,93.45,1170,1170
sample_0290,SideViewCows2026,ReID_snapshots,datasets/id/external/sideviewcows2026/snapshots/images/207/207_0006.jpg,RT-DETR-L,5,7,detected,1129.47,494.83,1169.52,787.91,0.2967,93.45,1170,1170
sample_0290,SideViewCows2026,ReID_snapshots,datasets/id/external/sideviewcows2026/snapshots/images/207/207_0006.jpg,RT-DETR-L,6,7,detected,973.46,295.84,1067.35,347.46,0.2933,93.45,1170,1170
sample_0290,SideViewCows2026,ReID_snapshots,datasets/id/external/sideviewcows2026/snapshots/images/207/207_0006.jpg,RT-DETR-L,7,7,detected,1127.89,306.73,1170.03,788.21,0.2659,93.45,1170,1170
sample_0291,SideViewCows2026,ReID_snapshots,datasets/id/external/sideviewcows2026/snapshots/images/192/192_0004.jpg,YOLOv8s,1,6,detected,0.8,446.12,1170.0,1166.97,0.8728,29.73,1170,1170
sample_0291,SideViewCows2026,ReID_snapshots,datasets/id/external/sideviewcows2026/snapshots/images/192/192_0004.jpg,YOLOv8s,2,6,detected,922.25,677.39,1169.41,1140.08,0.7717,29.73,1170,1170
sample_0291,SideViewCows2026,ReID_snapshots,datasets/id/external/sideviewcows2026/snapshots/images/192/192_0004.jpg,YOLOv8s,3,6,detected,33.01,369.93,827.56,481.18,0.5454,29.73,1170,1170
sample_0291,SideViewCows2026,ReID_snapshots,datasets/id/external/sideviewcows2026/snapshots/images/192/192_0004.jpg,YOLOv8s,4,6,detected,0.16,407.19,38.5,480.46,0.4869,29.73,1170,1170
sample_0291,SideViewCows2026,ReID_snapshots,datasets/id/external/sideviewcows2026/snapshots/images/192/192_0004.jpg,YOLOv8s,5,6,detected,1066.41,1078.8,1169.51,1169.3,0.4116,29.73,1170,1170
sample_0291,SideViewCows2026,ReID_snapshots,datasets/id/external/sideviewcows2026/snapshots/images/192/192_0004.jpg,YOLOv8s,6,6,detected,1066.23,923.23,1169.6,1169.52,0.2863,29.73,1170,1170
sample_0291,SideViewCows2026,ReID_snapshots,datasets/id/external/sideviewcows2026/snapshots/images/192/192_0004.jpg,FasterRCNN_v2,1,8,detected,0.0,461.26,1164.35,1162.56,0.9992,410.06,1170,1170
sample_0291,SideViewCows2026,ReID_snapshots,datasets/id/external/sideviewcows2026/snapshots/images/192/192_0004.jpg,FasterRCNN_v2,2,8,detected,920.01,645.34,1170.0,1136.05,0.9917,410.06,1170,1170
sample_0291,SideViewCows2026,ReID_snapshots,datasets/id/external/sideviewcows2026/snapshots/images/192/192_0004.jpg,FasterRCNN_v2,3,8,detected,0.0,369.9,839.59,481.05,0.8407,410.06,1170,1170
sample_0291,SideViewCows2026,ReID_snapshots,datasets/id/external/sideviewcows2026/snapshots/images/192/192_0004.jpg,FasterRCNN_v2,4,8,detected,0.0,366.53,193.53,478.42,0.8372,410.06,1170,1170
sample_0291,SideViewCows2026,ReID_snapshots,datasets/id/external/sideviewcows2026/snapshots/images/192/192_0004.jpg,FasterRCNN_v2,5,8,detected,0.9,392.81,77.42,479.33,0.4766,410.06,1170,1170
sample_0291,SideViewCows2026,ReID_snapshots,datasets/id/external/sideviewcows2026/snapshots/images/192/192_0004.jpg,FasterRCNN_v2,6,8,detected,714.63,399.97,1170.0,1109.45,0.4405,410.06,1170,1170
sample_0291,SideViewCows2026,ReID_snapshots,datasets/id/external/sideviewcows2026/snapshots/images/192/192_0004.jpg,FasterRCNN_v2,7,8,detected,1128.42,911.63,1170.0,1090.86,0.4038,410.06,1170,1170
sample_0291,SideViewCows2026,ReID_snapshots,datasets/id/external/sideviewcows2026/snapshots/images/192/192_0004.jpg,FasterRCNN_v2,8,8,detected,0.26,408.71,43.8,478.79,0.3094,410.06,1170,1170
sample_0291,SideViewCows2026,ReID_snapshots,datasets/id/external/sideviewcows2026/snapshots/images/192/192_0004.jpg,RT-DETR-L,1,8,detected,0.26,460.54,1168.94,1166.3,0.972,93.62,1170,1170
sample_0291,SideViewCows2026,ReID_snapshots,datasets/id/external/sideviewcows2026/snapshots/images/192/192_0004.jpg,RT-DETR-L,2,8,detected,49.84,364.98,830.17,478.98,0.6494,93.62,1170,1170
sample_0291,SideViewCows2026,ReID_snapshots,datasets/id/external/sideviewcows2026/snapshots/images/192/192_0004.jpg,RT-DETR-L,3,8,detected,744.59,314.95,1170.15,606.21,0.474,93.62,1170,1170
sample_0291,SideViewCows2026,ReID_snapshots,datasets/id/external/sideviewcows2026/snapshots/images/192/192_0004.jpg,RT-DETR-L,4,8,detected,1067.24,1077.23,1169.42,1170.31,0.4509,93.62,1170,1170
sample_0291,SideViewCows2026,ReID_snapshots,datasets/id/external/sideviewcows2026/snapshots/images/192/192_0004.jpg,RT-DETR-L,5,8,detected,743.61,317.04,1170.41,1118.17,0.4036,93.62,1170,1170
sample_0291,SideViewCows2026,ReID_snapshots,datasets/id/external/sideviewcows2026/snapshots/images/192/192_0004.jpg,RT-DETR-L,6,8,detected,-0.47,366.95,181.14,480.71,0.3943,93.62,1170,1170
sample_0291,SideViewCows2026,ReID_snapshots,datasets/id/external/sideviewcows2026/snapshots/images/192/192_0004.jpg,RT-DETR-L,7,8,detected,-0.64,348.03,183.58,482.32,0.3638,93.62,1170,1170
sample_0291,SideViewCows2026,ReID_snapshots,datasets/id/external/sideviewcows2026/snapshots/images/192/192_0004.jpg,RT-DETR-L,8,8,detected,0.05,406.09,48.68,482.74,0.3183,93.62,1170,1170
sample_0292,SideViewCows2026,ReID_snapshots,datasets/id/external/sideviewcows2026/snapshots/images/871/871_0006.jpg,YOLOv8s,1,3,detected,73.05,443.79,1170.0,1124.77,0.8971,31.16,1170,1170
sample_0292,SideViewCows2026,ReID_snapshots,datasets/id/external/sideviewcows2026/snapshots/images/871/871_0006.jpg,YOLOv8s,2,3,detected,865.24,472.78,1169.49,648.32,0.3364,31.16,1170,1170
sample_0292,SideViewCows2026,ReID_snapshots,datasets/id/external/sideviewcows2026/snapshots/images/871/871_0006.jpg,YOLOv8s,3,3,detected,897.46,439.38,1002.97,485.15,0.2714,31.16,1170,1170
sample_0292,SideViewCows2026,ReID_snapshots,datasets/id/external/sideviewcows2026/snapshots/images/871/871_0006.jpg,FasterRCNN_v2,1,10,detected,52.97,439.58,1170.0,1098.97,0.9995,413.9,1170,1170
sample_0292,SideViewCows2026,ReID_snapshots,datasets/id/external/sideviewcows2026/snapshots/images/871/871_0006.jpg,FasterRCNN_v2,2,10,detected,870.61,478.78,1163.48,940.07,0.9468,413.9,1170,1170
sample_0292,SideViewCows2026,ReID_snapshots,datasets/id/external/sideviewcows2026/snapshots/images/871/871_0006.jpg,FasterRCNN_v2,3,10,detected,897.91,432.23,1170.0,484.56,0.8573,413.9,1170,1170
sample_0292,SideViewCows2026,ReID_snapshots,datasets/id/external/sideviewcows2026/snapshots/images/871/871_0006.jpg,FasterRCNN_v2,4,10,detected,851.78,440.1,1003.47,486.71,0.8557,413.9,1170,1170
sample_0292,SideViewCows2026,ReID_snapshots,datasets/id/external/sideviewcows2026/snapshots/images/871/871_0006.jpg,FasterRCNN_v2,5,10,detected,875.39,472.56,1170.0,646.95,0.8519,413.9,1170,1170
sample_0292,SideViewCows2026,ReID_snapshots,datasets/id/external/sideviewcows2026/snapshots/images/871/871_0006.jpg,FasterRCNN_v2,6,10,detected,665.12,459.23,1170.0,1001.9,0.5026,413.9,1170,1170
sample_0292,SideViewCows2026,ReID_snapshots,datasets/id/external/sideviewcows2026/snapshots/images/871/871_0006.jpg,FasterRCNN_v2,7,10,detected,755.6,433.95,1114.62,486.78,0.3915,413.9,1170,1170
sample_0292,SideViewCows2026,ReID_snapshots,datasets/id/external/sideviewcows2026/snapshots/images/871/871_0006.jpg,FasterRCNN_v2,8,10,detected,5.5,453.76,101.31,635.6,0.3678,413.9,1170,1170
sample_0292,SideViewCows2026,ReID_snapshots,datasets/id/external/sideviewcows2026/snapshots/images/871/871_0006.jpg,FasterRCNN_v2,9,10,detected,751.78,443.39,981.68,485.68,0.3046,413.9,1170,1170
sample_0292,SideViewCows2026,ReID_snapshots,datasets/id/external/sideviewcows2026/snapshots/images/871/871_0006.jpg,FasterRCNN_v2,10,10,detected,993.13,625.19,1168.93,952.04,0.2548,413.9,1170,1170
sample_0292,SideViewCows2026,ReID_snapshots,datasets/id/external/sideviewcows2026/snapshots/images/871/871_0006.jpg,RT-DETR-L,1,8,detected,66.81,447.83,1170.45,1126.62,0.955,92.83,1170,1170
sample_0292,SideViewCows2026,ReID_snapshots,datasets/id/external/sideviewcows2026/snapshots/images/871/871_0006.jpg,RT-DETR-L,2,8,detected,873.37,475.66,1170.44,959.59,0.5191,92.83,1170,1170
sample_0292,SideViewCows2026,ReID_snapshots,datasets/id/external/sideviewcows2026/snapshots/images/871/871_0006.jpg,RT-DETR-L,3,8,detected,875.06,474.74,1169.78,651.65,0.4835,92.83,1170,1170
sample_0292,SideViewCows2026,ReID_snapshots,datasets/id/external/sideviewcows2026/snapshots/images/871/871_0006.jpg,RT-DETR-L,4,8,detected,-0.27,456.72,111.01,640.71,0.4689,92.83,1170,1170
sample_0292,SideViewCows2026,ReID_snapshots,datasets/id/external/sideviewcows2026/snapshots/images/871/871_0006.jpg,RT-DETR-L,5,8,detected,897.65,439.7,1000.59,482.6,0.4677,92.83,1170,1170
sample_0292,SideViewCows2026,ReID_snapshots,datasets/id/external/sideviewcows2026/snapshots/images/871/871_0006.jpg,RT-DETR-L,6,8,detected,651.56,473.79,1172.52,1016.04,0.4059,92.83,1170,1170
sample_0292,SideViewCows2026,ReID_snapshots,datasets/id/external/sideviewcows2026/snapshots/images/871/871_0006.jpg,RT-DETR-L,7,8,detected,-0.37,456.76,128.54,728.49,0.2843,92.83,1170,1170
sample_0292,SideViewCows2026,ReID_snapshots,datasets/id/external/sideviewcows2026/snapshots/images/871/871_0006.jpg,RT-DETR-L,8,8,detected,798.85,472.07,1172.01,949.86,0.2577,92.83,1170,1170
sample_0293,SideViewCows2026,ReID_snapshots,datasets/id/external/sideviewcows2026/snapshots/images/621/621_0007.jpg,YOLOv8s,1,1,detected,96.49,549.67,1140.55,1150.08,0.9278,29.51,1170,1170
sample_0293,SideViewCows2026,ReID_snapshots,datasets/id/external/sideviewcows2026/snapshots/images/621/621_0007.jpg,FasterRCNN_v2,1,1,detected,95.99,544.77,1088.99,1135.0,0.9996,412.61,1170,1170
sample_0293,SideViewCows2026,ReID_snapshots,datasets/id/external/sideviewcows2026/snapshots/images/621/621_0007.jpg,RT-DETR-L,1,1,detected,95.46,549.78,1103.44,1131.72,0.9697,93.48,1170,1170
sample_0294,SideViewCows2026,ReID_snapshots,datasets/id/external/sideviewcows2026/snapshots/images/374/374_0025.jpg,YOLOv8s,1,4,detected,0.97,372.81,1169.8,1085.62,0.891,30.07,1170,1170
sample_0294,SideViewCows2026,ReID_snapshots,datasets/id/external/sideviewcows2026/snapshots/images/374/374_0025.jpg,YOLOv8s,2,4,detected,1031.38,257.65,1169.34,361.01,0.4439,30.07,1170,1170
sample_0294,SideViewCows2026,ReID_snapshots,datasets/id/external/sideviewcows2026/snapshots/images/374/374_0025.jpg,YOLOv8s,3,4,detected,649.79,335.23,755.75,384.69,0.4289,30.07,1170,1170
sample_0294,SideViewCows2026,ReID_snapshots,datasets/id/external/sideviewcows2026/snapshots/images/374/374_0025.jpg,YOLOv8s,4,4,detected,249.36,355.05,623.29,407.55,0.2858,30.07,1170,1170
sample_0294,SideViewCows2026,ReID_snapshots,datasets/id/external/sideviewcows2026/snapshots/images/374/374_0025.jpg,FasterRCNN_v2,1,23,detected,14.14,363.2,1163.16,1080.66,0.9986,411.06,1170,1170
sample_0294,SideViewCows2026,ReID_snapshots,datasets/id/external/sideviewcows2026/snapshots/images/374/374_0025.jpg,FasterRCNN_v2,2,23,detected,642.78,329.13,755.31,387.34,0.9785,411.06,1170,1170
sample_0294,SideViewCows2026,ReID_snapshots,datasets/id/external/sideviewcows2026/snapshots/images/374/374_0025.jpg,FasterRCNN_v2,3,23,detected,1023.7,257.88,1169.33,393.29,0.9782,411.06,1170,1170
sample_0294,SideViewCows2026,ReID_snapshots,datasets/id/external/sideviewcows2026/snapshots/images/374/374_0025.jpg,FasterRCNN_v2,4,23,detected,805.6,286.42,977.35,393.94,0.9346,411.06,1170,1170
sample_0294,SideViewCows2026,ReID_snapshots,datasets/id/external/sideviewcows2026/snapshots/images/374/374_0025.jpg,FasterRCNN_v2,5,23,detected,322.9,356.73,631.24,405.19,0.93,411.06,1170,1170
sample_0294,SideViewCows2026,ReID_snapshots,datasets/id/external/sideviewcows2026/snapshots/images/374/374_0025.jpg,FasterRCNN_v2,6,23,detected,861.13,287.23,1040.14,396.09,0.859,411.06,1170,1170
sample_0294,SideViewCows2026,ReID_snapshots,datasets/id/external/sideviewcows2026/snapshots/images/374/374_0025.jpg,FasterRCNN_v2,7,23,detected,88.82,373.07,294.23,410.79,0.8112,411.06,1170,1170
sample_0294,SideViewCows2026,ReID_snapshots,datasets/id/external/sideviewcows2026/snapshots/images/374/374_0025.jpg,FasterRCNN_v2,8,23,detected,249.71,360.58,455.58,408.99,0.7612,411.06,1170,1170
sample_0294,SideViewCows2026,ReID_snapshots,datasets/id/external/sideviewcows2026/snapshots/images/374/374_0025.jpg,FasterRCNN_v2,9,23,detected,200.06,356.84,283.37,382.62,0.7267,411.06,1170,1170
sample_0294,SideViewCows2026,ReID_snapshots,datasets/id/external/sideviewcows2026/snapshots/images/374/374_0025.jpg,FasterRCNN_v2,10,23,detected,889.85,287.75,982.43,391.66,0.7147,411.06,1170,1170
sample_0294,SideViewCows2026,ReID_snapshots,datasets/id/external/sideviewcows2026/snapshots/images/374/374_0025.jpg,FasterRCNN_v2,11,23,detected,92.49,376.89,204.18,410.96,0.5845,411.06,1170,1170
sample_0294,SideViewCows2026,ReID_snapshots,datasets/id/external/sideviewcows2026/snapshots/images/374/374_0025.jpg,FasterRCNN_v2,12,23,detected,870.57,264.58,1139.58,392.14,0.584,411.06,1170,1170
sample_0294,SideViewCows2026,ReID_snapshots,datasets/id/external/sideviewcows2026/snapshots/images/374/374_0025.jpg,FasterRCNN_v2,13,23,detected,406.65,343.9,651.67,391.0,0.563,411.06,1170,1170
sample_0294,SideViewCows2026,ReID_snapshots,datasets/id/external/sideviewcows2026/snapshots/images/374/374_0025.jpg,FasterRCNN_v2,14,23,detected,605.98,340.65,650.78,388.37,0.5628,411.06,1170,1170
sample_0294,SideViewCows2026,ReID_snapshots,datasets/id/external/sideviewcows2026/snapshots/images/374/374_0025.jpg,FasterRCNN_v2,15,23,detected,325.74,340.34,618.81,368.21,0.4768,411.06,1170,1170
sample_0294,SideViewCows2026,ReID_snapshots,datasets/id/external/sideviewcows2026/snapshots/images/374/374_0025.jpg,FasterRCNN_v2,16,23,detected,806.94,327.21,932.68,393.78,0.4592,411.06,1170,1170
sample_0294,SideViewCows2026,ReID_snapshots,datasets/id/external/sideviewcows2026/snapshots/images/374/374_0025.jpg,FasterRCNN_v2,17,23,detected,137.95,379.54,243.44,408.1,0.4408,411.06,1170,1170
sample_0294,SideViewCows2026,ReID_snapshots,datasets/id/external/sideviewcows2026/snapshots/images/374/374_0025.jpg,FasterRCNN_v2,18,23,detected,245.11,355.08,291.34,378.41,0.3575,411.06,1170,1170
sample_0294,SideViewCows2026,ReID_snapshots,datasets/id/external/sideviewcows2026/snapshots/images/374/374_0025.jpg,FasterRCNN_v2,19,23,detected,75.08,360.14,476.78,414.04,0.3354,411.06,1170,1170
sample_0294,SideViewCows2026,ReID_snapshots,datasets/id/external/sideviewcows2026/snapshots/images/374/374_0025.jpg,FasterRCNN_v2,20,23,detected,891.67,287.21,973.64,313.76,0.3326,411.06,1170,1170
sample_0294,SideViewCows2026,ReID_snapshots,datasets/id/external/sideviewcows2026/snapshots/images/374/374_0025.jpg,FasterRCNN_v2,21,23,detected,195.93,357.73,293.67,410.17,0.3291,411.06,1170,1170
sample_0294,SideViewCows2026,ReID_snapshots,datasets/id/external/sideviewcows2026/snapshots/images/374/374_0025.jpg,FasterRCNN_v2,22,23,detected,649.72,330.13,717.48,364.59,0.3231,411.06,1170,1170
sample_0294,SideViewCows2026,ReID_snapshots,datasets/id/external/sideviewcows2026/snapshots/images/374/374_0025.jpg,FasterRCNN_v2,23,23,detected,408.6,356.69,621.34,379.01,0.3097,411.06,1170,1170
sample_0294,SideViewCows2026,ReID_snapshots,datasets/id/external/sideviewcows2026/snapshots/images/374/374_0025.jpg,RT-DETR-L,1,15,detected,2.53,372.4,1169.66,1074.48,0.9585,93.16,1170,1170
sample_0294,SideViewCows2026,ReID_snapshots,datasets/id/external/sideviewcows2026/snapshots/images/374/374_0025.jpg,RT-DETR-L,2,15,detected,891.43,258.19,1169.73,397.35,0.6587,93.16,1170,1170
sample_0294,SideViewCows2026,ReID_snapshots,datasets/id/external/sideviewcows2026/snapshots/images/374/374_0025.jpg,RT-DETR-L,3,15,detected,643.57,331.02,756.04,385.91,0.6418,93.16,1170,1170
sample_0294,SideViewCows2026,ReID_snapshots,datasets/id/external/sideviewcows2026/snapshots/images/374/374_0025.jpg,RT-DETR-L,4,15,detected,94.32,356.34,626.0,412.22,0.5705,93.16,1170,1170
sample_0294,SideViewCows2026,ReID_snapshots,datasets/id/external/sideviewcows2026/snapshots/images/374/374_0025.jpg,RT-DETR-L,5,15,detected,248.39,358.06,625.39,408.93,0.4819,93.16,1170,1170
sample_0294,SideViewCows2026,ReID_snapshots,datasets/id/external/sideviewcows2026/snapshots/images/374/374_0025.jpg,RT-DETR-L,6,15,detected,1025.67,258.12,1169.84,393.96,0.3964,93.16,1170,1170
sample_0294,SideViewCows2026,ReID_snapshots,datasets/id/external/sideviewcows2026/snapshots/images/374/374_0025.jpg,RT-DETR-L,7,15,detected,95.34,373.44,285.14,410.83,0.388,93.16,1170,1170
sample_0294,SideViewCows2026,ReID_snapshots,datasets/id/external/sideviewcows2026/snapshots/images/374/374_0025.jpg,RT-DETR-L,8,15,detected,95.06,355.66,290.2,410.42,0.3755,93.16,1170,1170
sample_0294,SideViewCows2026,ReID_snapshots,datasets/id/external/sideviewcows2026/snapshots/images/374/374_0025.jpg,RT-DETR-L,9,15,detected,201.44,352.78,288.77,382.48,0.3612,93.16,1170,1170
sample_0294,SideViewCows2026,ReID_snapshots,datasets/id/external/sideviewcows2026/snapshots/images/374/374_0025.jpg,RT-DETR-L,10,15,detected,1031.8,258.24,1169.61,355.89,0.3025,93.16,1170,1170
sample_0294,SideViewCows2026,ReID_snapshots,datasets/id/external/sideviewcows2026/snapshots/images/374/374_0025.jpg,RT-DETR-L,11,15,detected,804.49,287.74,1024.95,394.1,0.2798,93.16,1170,1170
sample_0294,SideViewCows2026,ReID_snapshots,datasets/id/external/sideviewcows2026/snapshots/images/374/374_0025.jpg,RT-DETR-L,12,15,detected,250.74,362.96,444.56,408.82,0.2698,93.16,1170,1170
sample_0294,SideViewCows2026,ReID_snapshots,datasets/id/external/sideviewcows2026/snapshots/images/374/374_0025.jpg,RT-DETR-L,13,15,detected,201.03,351.23,346.89,382.41,0.2643,93.16,1170,1170
sample_0294,SideViewCows2026,ReID_snapshots,datasets/id/external/sideviewcows2026/snapshots/images/374/374_0025.jpg,RT-DETR-L,14,15,detected,804.29,304.12,973.82,394.62,0.2543,93.16,1170,1170
sample_0294,SideViewCows2026,ReID_snapshots,datasets/id/external/sideviewcows2026/snapshots/images/374/374_0025.jpg,RT-DETR-L,15,15,detected,891.87,286.66,975.42,393.83,0.2543,93.16,1170,1170
sample_0295,SideViewCows2026,ReID_snapshots,datasets/id/external/sideviewcows2026/snapshots/images/176/176_0010.jpg,YOLOv8s,1,3,detected,2.18,395.61,1165.39,1161.6,0.8836,29.85,1170,1170
sample_0295,SideViewCows2026,ReID_snapshots,datasets/id/external/sideviewcows2026/snapshots/images/176/176_0010.jpg,YOLOv8s,2,3,detected,0.21,711.38,206.28,1031.28,0.539,29.85,1170,1170
sample_0295,SideViewCows2026,ReID_snapshots,datasets/id/external/sideviewcows2026/snapshots/images/176/176_0010.jpg,YOLOv8s,3,3,detected,0.15,609.79,79.28,723.67,0.313,29.85,1170,1170
sample_0295,SideViewCows2026,ReID_snapshots,datasets/id/external/sideviewcows2026/snapshots/images/176/176_0010.jpg,FasterRCNN_v2,1,7,detected,13.9,407.29,1164.3,1141.02,0.9994,413.29,1170,1170
sample_0295,SideViewCows2026,ReID_snapshots,datasets/id/external/sideviewcows2026/snapshots/images/176/176_0010.jpg,FasterRCNN_v2,2,7,detected,0.0,712.51,395.13,1031.94,0.9167,413.29,1170,1170
sample_0295,SideViewCows2026,ReID_snapshots,datasets/id/external/sideviewcows2026/snapshots/images/176/176_0010.jpg,FasterRCNN_v2,3,7,detected,1103.82,539.28,1169.29,646.84,0.7427,413.29,1170,1170
sample_0295,SideViewCows2026,ReID_snapshots,datasets/id/external/sideviewcows2026/snapshots/images/176/176_0010.jpg,FasterRCNN_v2,4,7,detected,0.73,610.47,82.09,723.45,0.6842,413.29,1170,1170
sample_0295,SideViewCows2026,ReID_snapshots,datasets/id/external/sideviewcows2026/snapshots/images/176/176_0010.jpg,FasterRCNN_v2,5,7,detected,1.31,506.72,85.87,720.78,0.5528,413.29,1170,1170
sample_0295,SideViewCows2026,ReID_snapshots,datasets/id/external/sideviewcows2026/snapshots/images/176/176_0010.jpg,FasterRCNN_v2,6,7,detected,0.71,483.24,89.98,588.73,0.4703,413.29,1170,1170
sample_0295,SideViewCows2026,ReID_snapshots,datasets/id/external/sideviewcows2026/snapshots/images/176/176_0010.jpg,FasterRCNN_v2,7,7,detected,3.84,401.37,630.13,1098.97,0.3044,413.29,1170,1170
sample_0295,SideViewCows2026,ReID_snapshots,datasets/id/external/sideviewcows2026/snapshots/images/176/176_0010.jpg,RT-DETR-L,1,8,detected,3.59,395.38,1170.67,1161.95,0.9708,94.78,1170,1170
sample_0295,SideViewCows2026,ReID_snapshots,datasets/id/external/sideviewcows2026/snapshots/images/176/176_0010.jpg,RT-DETR-L,2,8,detected,0.03,710.16,204.59,1033.07,0.7023,94.78,1170,1170
sample_0295,SideViewCows2026,ReID_snapshots,datasets/id/external/sideviewcows2026/snapshots/images/176/176_0010.jpg,RT-DETR-L,3,8,detected,0.06,612.28,78.93,729.22,0.5873,94.78,1170,1170
sample_0295,SideViewCows2026,ReID_snapshots,datasets/id/external/sideviewcows2026/snapshots/images/176/176_0010.jpg,RT-DETR-L,4,8,detected,925.33,417.24,1039.8,555.5,0.4482,94.78,1170,1170
sample_0295,SideViewCows2026,ReID_snapshots,datasets/id/external/sideviewcows2026/snapshots/images/176/176_0010.jpg,RT-DETR-L,5,8,detected,0.09,521.34,48.16,642.6,0.3579,94.78,1170,1170
sample_0295,SideViewCows2026,ReID_snapshots,datasets/id/external/sideviewcows2026/snapshots/images/176/176_0010.jpg,RT-DETR-L,6,8,detected,-0.6,483.51,87.69,643.01,0.3469,94.78,1170,1170
sample_0295,SideViewCows2026,ReID_snapshots,datasets/id/external/sideviewcows2026/snapshots/images/176/176_0010.jpg,RT-DETR-L,7,8,detected,-0.6,483.29,88.34,727.29,0.3163,94.78,1170,1170
sample_0295,SideViewCows2026,ReID_snapshots,datasets/id/external/sideviewcows2026/snapshots/images/176/176_0010.jpg,RT-DETR-L,8,8,detected,1103.62,538.99,1170.04,652.02,0.2661,94.78,1170,1170
sample_0296,SideViewCows2026,ReID_snapshots,datasets/id/external/sideviewcows2026/snapshots/images/660/660_0002.jpg,YOLOv8s,1,1,detected,6.47,431.78,1169.35,1119.54,0.9262,30.34,1170,1170
sample_0296,SideViewCows2026,ReID_snapshots,datasets/id/external/sideviewcows2026/snapshots/images/660/660_0002.jpg,FasterRCNN_v2,1,1,detected,11.9,427.19,1162.67,1166.33,0.9994,415.48,1170,1170
sample_0296,SideViewCows2026,ReID_snapshots,datasets/id/external/sideviewcows2026/snapshots/images/660/660_0002.jpg,RT-DETR-L,1,2,detected,11.91,439.72,1170.41,1164.43,0.971,94.25,1170,1170
sample_0296,SideViewCows2026,ReID_snapshots,datasets/id/external/sideviewcows2026/snapshots/images/660/660_0002.jpg,RT-DETR-L,2,2,detected,-1.24,448.45,218.85,614.52,0.2727,94.25,1170,1170
sample_0297,SideViewCows2026,ReID_snapshots,datasets/id/external/sideviewcows2026/snapshots/images/168/168_0003.jpg,YOLOv8s,1,1,detected,0.0,179.56,1159.4,1137.02,0.8969,29.23,1170,1170
sample_0297,SideViewCows2026,ReID_snapshots,datasets/id/external/sideviewcows2026/snapshots/images/168/168_0003.jpg,FasterRCNN_v2,1,2,detected,5.67,183.84,1170.0,1170.0,0.9986,412.05,1170,1170
sample_0297,SideViewCows2026,ReID_snapshots,datasets/id/external/sideviewcows2026/snapshots/images/168/168_0003.jpg,FasterRCNN_v2,2,2,detected,0.59,769.71,60.86,1088.05,0.2948,412.05,1170,1170
sample_0297,SideViewCows2026,ReID_snapshots,datasets/id/external/sideviewcows2026/snapshots/images/168/168_0003.jpg,RT-DETR-L,1,1,detected,0.11,172.63,1168.75,1163.76,0.9769,94.58,1170,1170
sample_0298,SideViewCows2026,ReID_snapshots,datasets/id/external/sideviewcows2026/snapshots/images/465/465_0008.jpg,YOLOv8s,1,1,detected,2.87,315.84,1170.0,1170.0,0.9412,29.84,1170,1170
sample_0298,SideViewCows2026,ReID_snapshots,datasets/id/external/sideviewcows2026/snapshots/images/465/465_0008.jpg,FasterRCNN_v2,1,1,detected,2.48,283.84,1170.0,1158.79,0.9914,412.05,1170,1170
sample_0298,SideViewCows2026,ReID_snapshots,datasets/id/external/sideviewcows2026/snapshots/images/465/465_0008.jpg,RT-DETR-L,1,4,detected,0.42,304.03,1168.95,1165.26,0.9775,94.28,1170,1170
sample_0298,SideViewCows2026,ReID_snapshots,datasets/id/external/sideviewcows2026/snapshots/images/465/465_0008.jpg,RT-DETR-L,2,4,detected,1103.43,325.99,1169.77,437.31,0.3423,94.28,1170,1170
sample_0298,SideViewCows2026,ReID_snapshots,datasets/id/external/sideviewcows2026/snapshots/images/465/465_0008.jpg,RT-DETR-L,3,4,detected,1055.38,326.44,1171.22,889.88,0.3165,94.28,1170,1170
sample_0298,SideViewCows2026,ReID_snapshots,datasets/id/external/sideviewcows2026/snapshots/images/465/465_0008.jpg,RT-DETR-L,4,4,detected,1029.71,325.51,1169.75,439.04,0.2603,94.28,1170,1170
sample_0299,SideViewCows2026,ReID_snapshots,datasets/id/external/sideviewcows2026/snapshots/images/241/241_0007.jpg,YOLOv8s,1,1,detected,34.07,0.06,1164.19,1129.19,0.9613,29.94,1170,1170
sample_0299,SideViewCows2026,ReID_snapshots,datasets/id/external/sideviewcows2026/snapshots/images/241/241_0007.jpg,FasterRCNN_v2,1,2,detected,61.66,3.38,1155.75,1149.36,0.9889,412.78,1170,1170
sample_0299,SideViewCows2026,ReID_snapshots,datasets/id/external/sideviewcows2026/snapshots/images/241/241_0007.jpg,FasterRCNN_v2,2,2,detected,20.09,12.42,150.27,257.73,0.8261,412.78,1170,1170
sample_0299,SideViewCows2026,ReID_snapshots,datasets/id/external/sideviewcows2026/snapshots/images/241/241_0007.jpg,RT-DETR-L,1,1,detected,62.48,1.98,1170.53,1146.0,0.9717,94.52,1170,1170
sample_0300,SideViewCows2026,ReID_snapshots,datasets/id/external/sideviewcows2026/snapshots/images/975/975_0015.jpg,YOLOv8s,1,1,detected,1.78,330.72,1169.64,1167.34,0.9167,29.67,1170,1170
sample_0300,SideViewCows2026,ReID_snapshots,datasets/id/external/sideviewcows2026/snapshots/images/975/975_0015.jpg,FasterRCNN_v2,1,2,detected,6.27,324.77,1166.83,1163.07,0.9986,411.84,1170,1170
sample_0300,SideViewCows2026,ReID_snapshots,datasets/id/external/sideviewcows2026/snapshots/images/975/975_0015.jpg,FasterRCNN_v2,2,2,detected,196.42,888.54,693.52,1079.57,0.7399,411.84,1170,1170
sample_0300,SideViewCows2026,ReID_snapshots,datasets/id/external/sideviewcows2026/snapshots/images/975/975_0015.jpg,RT-DETR-L,1,1,detected,0.33,334.17,1168.66,1165.62,0.9771,94.09,1170,1170
