sample_id,dataset,model_name,keypoint_idx,keypoint_name,x_crop,y_crop,x_orig,y_orig,raw_confidence,is_above_vis_threshold,inside_gt_mask
sample_0001,ScienceDB,resnet_50,0,nose,200.15,515.12,535.15,515.12,0.2262,True,
sample_0001,ScienceDB,resnet_50,1,upper_jaw,205.28,538.52,540.28,538.52,0.3435,True,
sample_0001,ScienceDB,resnet_50,2,lower_jaw,209.19,539.0,544.19,539.0,0.2656,True,
sample_0001,ScienceDB,resnet_50,3,mouth_end_right,215.82,535.96,550.82,535.96,0.1402,False,
sample_0001,ScienceDB,resnet_50,4,mouth_end_left,214.14,536.83,549.14,536.83,0.2528,True,
sample_0001,ScienceDB,resnet_50,5,right_eye,252.49,471.95,587.49,471.95,0.4805,True,
sample_0001,ScienceDB,resnet_50,6,right_earbase,213.14,406.67,548.14,406.67,0.28,True,
sample_0001,ScienceDB,resnet_50,7,right_earend,202.0,415.41,537.0,415.41,0.4051,True,
sample_0001,ScienceDB,resnet_50,8,right_antler_base,215.87,490.18,550.87,490.18,0.1321,False,
sample_0001,ScienceDB,resnet_50,9,right_antler_end,273.02,260.44,608.02,260.44,0.1906,False,
sample_0001,ScienceDB,resnet_50,10,left_eye,264.55,477.63,599.55,477.63,0.3555,True,
sample_0001,ScienceDB,resnet_50,11,left_earbase,347.7,461.27,682.7,461.27,0.1041,False,
sample_0001,ScienceDB,resnet_50,12,left_earend,509.11,477.73,844.11,477.73,0.1791,False,
sample_0001,ScienceDB,resnet_50,13,left_antler_base,288.18,432.73,623.18,432.73,0.1007,False,
sample_0001,ScienceDB,resnet_50,14,left_antler_end,384.6,460.37,719.6,460.37,0.1962,False,
sample_0001,ScienceDB,resnet_50,15,neck_base,288.06,385.22,623.06,385.22,0.4765,True,
sample_0001,ScienceDB,resnet_50,16,neck_end,279.05,357.73,614.05,357.73,0.2273,True,
sample_0001,ScienceDB,resnet_50,17,throat_base,289.86,422.44,624.86,422.44,0.1285,False,
sample_0001,ScienceDB,resnet_50,18,throat_end,341.96,423.88,676.96,423.88,0.0872,False,
sample_0001,ScienceDB,resnet_50,19,back_base,279.87,350.26,614.87,350.26,0.2378,True,
sample_0001,ScienceDB,resnet_50,20,back_end,252.85,268.53,587.85,268.53,0.2649,True,
sample_0001,ScienceDB,resnet_50,21,back_middle,273.65,256.43,608.65,256.43,0.2299,True,
sample_0001,ScienceDB,resnet_50,22,tail_base,255.62,272.76,590.62,272.76,0.2012,True,
sample_0001,ScienceDB,resnet_50,23,tail_end,508.64,477.28,843.64,477.28,0.1606,False,
sample_0001,ScienceDB,resnet_50,24,front_left_thai,363.21,398.79,698.21,398.79,0.3558,True,
sample_0001,ScienceDB,resnet_50,25,front_left_knee,381.57,469.19,716.57,469.19,0.2776,True,
sample_0001,ScienceDB,resnet_50,26,front_left_paw,428.44,542.18,763.44,542.18,0.2684,True,
sample_0001,ScienceDB,resnet_50,27,front_right_thai,445.4,434.67,780.4,434.67,0.2688,True,
sample_0001,ScienceDB,resnet_50,28,front_right_knee,356.16,471.76,691.16,471.76,0.2189,True,
sample_0001,ScienceDB,resnet_50,29,front_right_paw,368.94,465.59,703.94,465.59,0.3502,True,
sample_0001,ScienceDB,resnet_50,30,back_left_paw,419.45,539.73,754.45,539.73,0.1531,False,
sample_0001,ScienceDB,resnet_50,31,back_left_thai,449.4,432.98,784.4,432.98,0.1005,False,
sample_0001,ScienceDB,resnet_50,32,back_right_thai,235.5,356.26,570.5,356.26,0.3805,True,
sample_0001,ScienceDB,resnet_50,33,back_left_knee,275.74,277.13,610.74,277.13,0.0861,False,
sample_0001,ScienceDB,resnet_50,34,back_right_knee,436.97,430.37,771.97,430.37,0.1274,False,
sample_0001,ScienceDB,resnet_50,35,back_right_paw,416.77,539.46,751.77,539.46,0.2124,True,
sample_0001,ScienceDB,resnet_50,36,belly_bottom,407.8,426.15,742.8,426.15,0.1888,False,
sample_0001,ScienceDB,resnet_50,37,body_middle_right,241.44,353.39,576.44,353.39,0.163,False,
sample_0001,ScienceDB,resnet_50,38,body_middle_left,493.61,403.4,828.61,403.4,0.1492,False,
sample_0002,ScienceDB,resnet_50,0,nose,246.45,147.8,416.45,147.8,0.1615,False,
sample_0002,ScienceDB,resnet_50,1,upper_jaw,151.9,482.03,321.9,482.03,0.1056,False,
sample_0002,ScienceDB,resnet_50,2,lower_jaw,152.37,461.53,322.37,461.53,0.1411,False,
sample_0002,ScienceDB,resnet_50,3,mouth_end_right,143.07,471.26,313.07,471.26,0.0897,False,
sample_0002,ScienceDB,resnet_50,4,mouth_end_left,182.22,363.02,352.22,363.02,0.1574,False,
sample_0002,ScienceDB,resnet_50,5,right_eye,247.08,231.79,417.08,231.79,0.3752,True,
sample_0002,ScienceDB,resnet_50,6,right_earbase,36.99,228.41,206.99,228.41,0.4881,True,
sample_0002,ScienceDB,resnet_50,7,right_earend,60.74,212.57,230.74,212.57,0.2119,True,
sample_0002,ScienceDB,resnet_50,8,right_antler_base,51.18,189.89,221.18,189.89,0.2582,True,
sample_0002,ScienceDB,resnet_50,9,right_antler_end,176.58,339.14,346.58,339.14,0.0934,False,
sample_0002,ScienceDB,resnet_50,10,left_eye,83.17,206.56,253.17,206.56,0.2491,True,
sample_0002,ScienceDB,resnet_50,11,left_earbase,179.74,219.8,349.74,219.8,0.2468,True,
sample_0002,ScienceDB,resnet_50,12,left_earend,184.21,351.36,354.21,351.36,0.2542,True,
sample_0002,ScienceDB,resnet_50,13,left_antler_base,320.31,158.43,490.31,158.43,0.1796,False,
sample_0002,ScienceDB,resnet_50,14,left_antler_end,193.59,208.81,363.59,208.81,0.1731,False,
sample_0002,ScienceDB,resnet_50,15,neck_base,171.74,365.89,341.74,365.89,0.2931,True,
sample_0002,ScienceDB,resnet_50,16,neck_end,187.78,216.02,357.78,216.02,0.1789,False,
sample_0002,ScienceDB,resnet_50,17,throat_base,167.76,370.81,337.76,370.81,0.3888,True,
sample_0002,ScienceDB,resnet_50,18,throat_end,177.43,376.15,347.43,376.15,0.2203,True,
sample_0002,ScienceDB,resnet_50,19,back_base,186.73,211.04,356.73,211.04,0.3266,True,
sample_0002,ScienceDB,resnet_50,20,back_end,133.31,397.84,303.31,397.84,0.1083,False,
sample_0002,ScienceDB,resnet_50,21,back_middle,285.48,326.61,455.48,326.61,0.0969,False,
sample_0002,ScienceDB,resnet_50,22,tail_base,207.01,199.59,377.01,199.59,0.0636,False,
sample_0002,ScienceDB,resnet_50,23,tail_end,131.82,437.0,301.82,437.0,0.0942,False,
sample_0002,ScienceDB,resnet_50,24,front_left_thai,349.31,442.58,519.31,442.58,0.3466,True,
sample_0002,ScienceDB,resnet_50,25,front_left_knee,359.66,549.76,529.66,549.76,0.3256,True,
sample_0002,ScienceDB,resnet_50,26,front_left_paw,201.69,492.04,371.69,492.04,0.1186,False,
sample_0002,ScienceDB,resnet_50,27,front_right_thai,131.88,389.16,301.88,389.16,0.3388,True,
sample_0002,ScienceDB,resnet_50,28,front_right_knee,143.56,402.26,313.56,402.26,0.3897,True,
sample_0002,ScienceDB,resnet_50,29,front_right_paw,188.69,491.97,358.69,491.97,0.6042,True,
sample_0002,ScienceDB,resnet_50,30,back_left_paw,149.43,448.6,319.43,448.6,0.1502,False,
sample_0002,ScienceDB,resnet_50,31,back_left_thai,385.59,361.96,555.59,361.96,0.2598,True,
sample_0002,ScienceDB,resnet_50,32,back_right_thai,127.28,378.74,297.28,378.74,0.4134,True,
sample_0002,ScienceDB,resnet_50,33,back_left_knee,386.16,260.41,556.16,260.41,0.2443,True,
sample_0002,ScienceDB,resnet_50,34,back_right_knee,141.67,405.59,311.67,405.59,0.5262,True,
sample_0002,ScienceDB,resnet_50,35,back_right_paw,136.92,437.6,306.92,437.6,0.4421,True,
sample_0002,ScienceDB,resnet_50,36,belly_bottom,281.73,449.93,451.73,449.93,0.5141,True,
sample_0002,ScienceDB,resnet_50,37,body_middle_right,31.53,244.24,201.53,244.24,0.247,True,
sample_0002,ScienceDB,resnet_50,38,body_middle_left,372.5,273.26,542.5,273.26,0.3455,True,
sample_0003,ScienceDB,resnet_50,0,nose,521.74,308.02,521.74,309.02,0.1675,False,
sample_0003,ScienceDB,resnet_50,1,upper_jaw,538.54,347.36,538.54,348.36,0.1095,False,
sample_0003,ScienceDB,resnet_50,2,lower_jaw,538.08,361.82,538.08,362.82,0.1884,False,
sample_0003,ScienceDB,resnet_50,3,mouth_end_right,521.3,368.64,521.3,369.64,0.1135,False,
sample_0003,ScienceDB,resnet_50,4,mouth_end_left,567.92,320.35,567.92,321.35,0.5317,True,
sample_0003,ScienceDB,resnet_50,5,right_eye,419.0,210.3,419.0,211.3,0.7206,True,
sample_0003,ScienceDB,resnet_50,6,right_earbase,412.67,331.86,412.67,332.86,0.2693,True,
sample_0003,ScienceDB,resnet_50,7,right_earend,379.97,307.43,379.97,308.43,0.1813,False,
sample_0003,ScienceDB,resnet_50,8,right_antler_base,449.04,100.95,449.04,101.95,0.2985,True,
sample_0003,ScienceDB,resnet_50,9,right_antler_end,291.77,195.95,291.77,196.95,0.1209,False,
sample_0003,ScienceDB,resnet_50,10,left_eye,662.37,205.83,662.37,206.83,0.7234,True,
sample_0003,ScienceDB,resnet_50,11,left_earbase,570.65,101.13,570.65,102.13,0.1232,False,
sample_0003,ScienceDB,resnet_50,12,left_earend,583.43,64.5,583.43,65.5,0.1636,False,
sample_0003,ScienceDB,resnet_50,13,left_antler_base,536.59,128.11,536.59,129.11,0.1471,False,
sample_0003,ScienceDB,resnet_50,14,left_antler_end,591.57,87.94,591.57,88.94,0.1958,False,
sample_0003,ScienceDB,resnet_50,15,neck_base,487.34,68.79,487.34,69.79,0.5461,True,
sample_0003,ScienceDB,resnet_50,16,neck_end,494.42,40.74,494.42,41.74,0.3228,True,
sample_0003,ScienceDB,resnet_50,17,throat_base,632.16,318.74,632.16,319.74,0.241,True,
sample_0003,ScienceDB,resnet_50,18,throat_end,549.8,378.1,549.8,379.1,0.1492,False,
sample_0003,ScienceDB,resnet_50,19,back_base,485.68,41.81,485.68,42.81,0.2117,True,
sample_0003,ScienceDB,resnet_50,20,back_end,497.48,23.07,497.48,24.07,0.2137,True,
sample_0003,ScienceDB,resnet_50,21,back_middle,490.76,23.25,490.76,24.25,0.2084,True,
sample_0003,ScienceDB,resnet_50,22,tail_base,498.69,27.72,498.69,28.72,0.2094,True,
sample_0003,ScienceDB,resnet_50,23,tail_end,379.21,499.38,379.21,500.38,0.0954,False,
sample_0003,ScienceDB,resnet_50,24,front_left_thai,752.71,246.5,752.71,247.5,0.3183,True,
sample_0003,ScienceDB,resnet_50,25,front_left_knee,600.46,412.33,600.46,413.33,0.2599,True,
sample_0003,ScienceDB,resnet_50,26,front_left_paw,717.77,485.7,717.77,486.7,0.1446,False,
sample_0003,ScienceDB,resnet_50,27,front_right_thai,572.54,421.21,572.54,422.21,0.258,True,
sample_0003,ScienceDB,resnet_50,28,front_right_knee,580.9,409.59,580.9,410.59,0.6668,True,
sample_0003,ScienceDB,resnet_50,29,front_right_paw,571.83,431.09,571.83,432.09,0.4058,True,
sample_0003,ScienceDB,resnet_50,30,back_left_paw,554.92,404.88,554.92,405.88,0.0939,False,
sample_0003,ScienceDB,resnet_50,31,back_left_thai,753.14,240.61,753.14,241.61,0.1628,False,
sample_0003,ScienceDB,resnet_50,32,back_right_thai,441.44,510.39,441.44,511.39,0.0653,False,
sample_0003,ScienceDB,resnet_50,33,back_left_knee,792.32,235.53,792.32,236.53,0.0389,False,
sample_0003,ScienceDB,resnet_50,34,back_right_knee,360.48,378.74,360.48,379.74,0.1342,False,
sample_0003,ScienceDB,resnet_50,35,back_right_paw,553.1,415.91,553.1,416.91,0.1807,False,
sample_0003,ScienceDB,resnet_50,36,belly_bottom,639.26,525.92,639.26,526.92,0.0721,False,
sample_0003,ScienceDB,resnet_50,37,body_middle_right,302.45,213.14,302.45,214.14,0.2394,True,
sample_0003,ScienceDB,resnet_50,38,body_middle_left,615.21,77.96,615.21,78.96,0.1978,False,
sample_0006,ScienceDB,resnet_50,0,nose,436.62,335.45,716.62,401.45,0.1199,False,
sample_0006,ScienceDB,resnet_50,1,upper_jaw,232.71,504.68,512.71,570.68,0.1041,False,
sample_0006,ScienceDB,resnet_50,2,lower_jaw,244.67,497.71,524.67,563.71,0.1182,False,
sample_0006,ScienceDB,resnet_50,3,mouth_end_right,418.65,361.44,698.65,427.44,0.1377,False,
sample_0006,ScienceDB,resnet_50,4,mouth_end_left,246.53,479.47,526.53,545.47,0.1605,False,
sample_0006,ScienceDB,resnet_50,5,right_eye,416.73,343.28,696.73,409.28,0.3481,True,
sample_0006,ScienceDB,resnet_50,6,right_earbase,370.58,322.03,650.58,388.03,0.5292,True,
sample_0006,ScienceDB,resnet_50,7,right_earend,383.08,308.52,663.08,374.52,0.4273,True,
sample_0006,ScienceDB,resnet_50,8,right_antler_base,405.09,269.93,685.09,335.93,0.4833,True,
sample_0006,ScienceDB,resnet_50,9,right_antler_end,245.65,86.93,525.65,152.93,0.1487,False,
sample_0006,ScienceDB,resnet_50,10,left_eye,444.38,305.75,724.38,371.75,0.1846,False,
sample_0006,ScienceDB,resnet_50,11,left_earbase,407.15,232.77,687.15,298.77,0.3505,True,
sample_0006,ScienceDB,resnet_50,12,left_earend,408.31,229.41,688.31,295.41,0.273,True,
sample_0006,ScienceDB,resnet_50,13,left_antler_base,410.6,253.71,690.6,319.71,0.4414,True,
sample_0006,ScienceDB,resnet_50,14,left_antler_end,399.2,342.36,679.2,408.36,0.221,True,
sample_0006,ScienceDB,resnet_50,15,neck_base,370.88,237.27,650.88,303.27,0.2893,True,
sample_0006,ScienceDB,resnet_50,16,neck_end,82.16,187.82,362.16,253.82,0.2352,True,
sample_0006,ScienceDB,resnet_50,17,throat_base,445.28,263.71,725.28,329.71,0.1383,False,
sample_0006,ScienceDB,resnet_50,18,throat_end,331.1,403.49,611.1,469.49,0.3107,True,
sample_0006,ScienceDB,resnet_50,19,back_base,80.9,194.39,360.9,260.39,0.3006,True,
sample_0006,ScienceDB,resnet_50,20,back_end,207.34,77.06,487.34,143.06,0.6224,True,
sample_0006,ScienceDB,resnet_50,21,back_middle,227.65,123.84,507.65,189.84,0.3829,True,
sample_0006,ScienceDB,resnet_50,22,tail_base,196.28,68.73,476.28,134.73,0.7381,True,
sample_0006,ScienceDB,resnet_50,23,tail_end,376.03,468.5,656.03,534.5,0.2534,True,
sample_0006,ScienceDB,resnet_50,24,front_left_thai,378.78,207.34,658.78,273.34,0.4722,True,
sample_0006,ScienceDB,resnet_50,25,front_left_knee,324.22,475.35,604.22,541.35,0.2035,True,
sample_0006,ScienceDB,resnet_50,26,front_left_paw,354.35,486.3,634.35,552.3,0.3169,True,
sample_0006,ScienceDB,resnet_50,27,front_right_thai,339.53,378.83,619.53,444.83,0.3164,True,
sample_0006,ScienceDB,resnet_50,28,front_right_knee,333.09,451.02,613.09,517.02,0.4995,True,
sample_0006,ScienceDB,resnet_50,29,front_right_paw,340.66,486.73,620.66,552.73,0.5068,True,
sample_0006,ScienceDB,resnet_50,30,back_left_paw,362.74,474.25,642.74,540.25,0.4315,True,
sample_0006,ScienceDB,resnet_50,31,back_left_thai,316.66,377.25,596.66,443.25,0.2833,True,
sample_0006,ScienceDB,resnet_50,32,back_right_thai,179.78,384.86,459.78,450.86,0.1951,False,
sample_0006,ScienceDB,resnet_50,33,back_left_knee,331.6,451.45,611.6,517.45,0.4273,True,
sample_0006,ScienceDB,resnet_50,34,back_right_knee,238.53,480.6,518.53,546.6,0.1988,False,
sample_0006,ScienceDB,resnet_50,35,back_right_paw,323.62,496.81,603.62,562.81,0.2811,True,
sample_0006,ScienceDB,resnet_50,36,belly_bottom,347.46,384.6,627.46,450.6,0.3882,True,
sample_0006,ScienceDB,resnet_50,37,body_middle_right,275.23,315.06,555.23,381.06,0.1851,False,
sample_0006,ScienceDB,resnet_50,38,body_middle_left,345.63,148.48,625.63,214.48,0.2516,True,
sample_0007,ScienceDB,resnet_50,0,nose,417.35,192.53,417.35,192.53,0.242,True,
sample_0007,ScienceDB,resnet_50,1,upper_jaw,410.93,179.11,410.93,179.11,0.2127,True,
sample_0007,ScienceDB,resnet_50,2,lower_jaw,438.9,220.12,438.9,220.12,0.2095,True,
sample_0007,ScienceDB,resnet_50,3,mouth_end_right,426.98,205.51,426.98,205.51,0.1738,False,
sample_0007,ScienceDB,resnet_50,4,mouth_end_left,426.66,193.89,426.66,193.89,0.1552,False,
sample_0007,ScienceDB,resnet_50,5,right_eye,422.96,212.06,422.96,212.06,0.2665,True,
sample_0007,ScienceDB,resnet_50,6,right_earbase,442.17,221.23,442.17,221.23,0.2604,True,
sample_0007,ScienceDB,resnet_50,7,right_earend,430.47,228.29,430.47,228.29,0.1487,False,
sample_0007,ScienceDB,resnet_50,8,right_antler_base,433.18,193.09,433.18,193.09,0.4471,True,
sample_0007,ScienceDB,resnet_50,9,right_antler_end,442.1,174.44,442.1,174.44,0.2015,True,
sample_0007,ScienceDB,resnet_50,10,left_eye,431.32,218.5,431.32,218.5,0.1951,False,
sample_0007,ScienceDB,resnet_50,11,left_earbase,457.41,224.89,457.41,224.89,0.282,True,
sample_0007,ScienceDB,resnet_50,12,left_earend,461.19,221.64,461.19,221.64,0.3359,True,
sample_0007,ScienceDB,resnet_50,13,left_antler_base,433.06,215.9,433.06,215.9,0.3018,True,
sample_0007,ScienceDB,resnet_50,14,left_antler_end,452.18,219.36,452.18,219.36,0.4399,True,
sample_0007,ScienceDB,resnet_50,15,neck_base,474.55,181.11,474.55,181.11,0.5739,True,
sample_0007,ScienceDB,resnet_50,16,neck_end,524.65,172.16,524.65,172.16,0.2405,True,
sample_0007,ScienceDB,resnet_50,17,throat_base,503.13,241.46,503.13,241.46,0.2288,True,
sample_0007,ScienceDB,resnet_50,18,throat_end,470.66,329.24,470.66,329.24,0.2374,True,
sample_0007,ScienceDB,resnet_50,19,back_base,535.37,174.73,535.37,174.73,0.4543,True,
sample_0007,ScienceDB,resnet_50,20,back_end,427.34,129.76,427.34,129.76,0.196,False,
sample_0007,ScienceDB,resnet_50,21,back_middle,593.92,228.06,593.92,228.06,0.4283,True,
sample_0007,ScienceDB,resnet_50,22,tail_base,414.8,135.66,414.8,135.66,0.256,True,
sample_0007,ScienceDB,resnet_50,23,tail_end,589.96,282.42,589.96,282.42,0.1779,False,
sample_0007,ScienceDB,resnet_50,24,front_left_thai,535.04,207.51,535.04,207.51,0.4538,True,
sample_0007,ScienceDB,resnet_50,25,front_left_knee,433.28,418.49,433.28,418.49,0.2469,True,
sample_0007,ScienceDB,resnet_50,26,front_left_paw,469.43,489.68,469.43,489.68,0.4441,True,
sample_0007,ScienceDB,resnet_50,27,front_right_thai,465.04,351.39,465.04,351.39,0.5301,True,
sample_0007,ScienceDB,resnet_50,28,front_right_knee,407.76,423.43,407.76,423.43,0.4367,True,
sample_0007,ScienceDB,resnet_50,29,front_right_paw,382.88,544.64,382.88,544.64,0.4213,True,
sample_0007,ScienceDB,resnet_50,30,back_left_paw,468.9,479.14,468.9,479.14,0.344,True,
sample_0007,ScienceDB,resnet_50,31,back_left_thai,469.45,366.49,469.45,366.49,0.2424,True,
sample_0007,ScienceDB,resnet_50,32,back_right_thai,465.32,340.37,465.32,340.37,0.2035,True,
sample_0007,ScienceDB,resnet_50,33,back_left_knee,497.12,550.54,497.12,550.54,0.3382,True,
sample_0007,ScienceDB,resnet_50,34,back_right_knee,414.21,403.53,414.21,403.53,0.3076,True,
sample_0007,ScienceDB,resnet_50,35,back_right_paw,372.74,555.02,372.74,555.02,0.3781,True,
sample_0007,ScienceDB,resnet_50,36,belly_bottom,519.66,480.42,519.66,480.42,0.1753,False,
sample_0007,ScienceDB,resnet_50,37,body_middle_right,575.48,319.76,575.48,319.76,0.2862,True,
sample_0007,ScienceDB,resnet_50,38,body_middle_left,578.69,274.47,578.69,274.47,0.4369,True,
sample_0008,ScienceDB,resnet_50,0,nose,29.47,70.61,561.47,70.61,0.2297,True,
sample_0008,ScienceDB,resnet_50,1,upper_jaw,34.11,76.4,566.11,76.4,0.2266,True,
sample_0008,ScienceDB,resnet_50,2,lower_jaw,39.59,80.18,571.59,80.18,0.1931,False,
sample_0008,ScienceDB,resnet_50,3,mouth_end_right,39.86,74.05,571.86,74.05,0.2202,True,
sample_0008,ScienceDB,resnet_50,4,mouth_end_left,35.91,88.06,567.91,88.06,0.2789,True,
sample_0008,ScienceDB,resnet_50,5,right_eye,50.82,70.91,582.82,70.91,0.6,True,
sample_0008,ScienceDB,resnet_50,6,right_earbase,90.81,57.62,622.81,57.62,0.4792,True,
sample_0008,ScienceDB,resnet_50,7,right_earend,65.1,140.86,597.1,140.86,0.3778,True,
sample_0008,ScienceDB,resnet_50,8,right_antler_base,67.85,49.36,599.85,49.36,0.3588,True,
sample_0008,ScienceDB,resnet_50,9,right_antler_end,142.84,226.93,674.84,226.93,0.1707,False,
sample_0008,ScienceDB,resnet_50,10,left_eye,44.89,76.03,576.89,76.03,0.6838,True,
sample_0008,ScienceDB,resnet_50,11,left_earbase,60.74,56.02,592.74,56.02,0.3941,True,
sample_0008,ScienceDB,resnet_50,12,left_earend,39.37,57.79,571.37,57.79,0.5009,True,
sample_0008,ScienceDB,resnet_50,13,left_antler_base,60.29,53.74,592.29,53.74,0.3892,True,
sample_0008,ScienceDB,resnet_50,14,left_antler_end,61.48,50.4,593.48,50.4,0.2616,True,
sample_0008,ScienceDB,resnet_50,15,neck_base,118.01,81.02,650.01,81.02,0.5077,True,
sample_0008,ScienceDB,resnet_50,16,neck_end,125.38,76.7,657.38,76.7,0.3133,True,
sample_0008,ScienceDB,resnet_50,17,throat_base,148.87,212.33,680.87,212.33,0.0975,False,
sample_0008,ScienceDB,resnet_50,18,throat_end,108.66,103.66,640.66,103.66,0.0858,False,
sample_0008,ScienceDB,resnet_50,19,back_base,126.0,73.34,658.0,73.34,0.3145,True,
sample_0008,ScienceDB,resnet_50,20,back_end,330.98,87.27,862.98,87.27,0.6043,True,
sample_0008,ScienceDB,resnet_50,21,back_middle,97.47,65.68,629.47,65.68,0.2134,True,
sample_0008,ScienceDB,resnet_50,22,tail_base,334.63,95.22,866.63,95.22,0.6836,True,
sample_0008,ScienceDB,resnet_50,23,tail_end,144.91,162.17,676.91,162.17,0.2556,True,
sample_0008,ScienceDB,resnet_50,24,front_left_thai,259.85,200.26,791.85,200.26,0.2131,True,
sample_0008,ScienceDB,resnet_50,25,front_left_knee,60.77,271.67,592.77,271.67,0.1041,False,
sample_0008,ScienceDB,resnet_50,26,front_left_paw,37.66,64.44,569.66,64.44,0.097,False,
sample_0008,ScienceDB,resnet_50,27,front_right_thai,91.01,199.84,623.01,199.84,0.6869,True,
sample_0008,ScienceDB,resnet_50,28,front_right_knee,118.47,193.98,650.47,193.98,0.2337,True,
sample_0008,ScienceDB,resnet_50,29,front_right_paw,168.37,351.0,700.37,351.0,0.2278,True,
sample_0008,ScienceDB,resnet_50,30,back_left_paw,297.07,361.1,829.07,361.1,0.3681,True,
sample_0008,ScienceDB,resnet_50,31,back_left_thai,328.73,163.24,860.73,163.24,0.3768,True,
sample_0008,ScienceDB,resnet_50,32,back_right_thai,270.76,189.0,802.76,189.0,0.2648,True,
sample_0008,ScienceDB,resnet_50,33,back_left_knee,335.6,302.76,867.6,302.76,0.3397,True,
sample_0008,ScienceDB,resnet_50,34,back_right_knee,272.92,293.58,804.92,293.58,0.3372,True,
sample_0008,ScienceDB,resnet_50,35,back_right_paw,286.45,357.17,818.45,357.17,0.2759,True,
sample_0008,ScienceDB,resnet_50,36,belly_bottom,286.58,240.4,818.58,240.4,0.2101,True,
sample_0008,ScienceDB,resnet_50,37,body_middle_right,288.65,148.8,820.65,148.8,0.1577,False,
sample_0008,ScienceDB,resnet_50,38,body_middle_left,274.07,151.32,806.07,151.32,0.2706,True,
sample_0009,ScienceDB,resnet_50,0,nose,260.1,284.84,757.1,284.84,0.1245,False,
sample_0009,ScienceDB,resnet_50,1,upper_jaw,339.53,515.58,836.53,515.58,0.0844,False,
sample_0009,ScienceDB,resnet_50,2,lower_jaw,338.75,502.23,835.75,502.23,0.1531,False,
sample_0009,ScienceDB,resnet_50,3,mouth_end_right,211.26,159.37,708.26,159.37,0.0817,False,
sample_0009,ScienceDB,resnet_50,4,mouth_end_left,336.45,475.99,833.45,475.99,0.129,False,
sample_0009,ScienceDB,resnet_50,5,right_eye,201.79,248.8,698.79,248.8,0.5243,True,
sample_0009,ScienceDB,resnet_50,6,right_earbase,180.5,219.05,677.5,219.05,0.6539,True,
sample_0009,ScienceDB,resnet_50,7,right_earend,149.06,206.96,646.06,206.96,0.7241,True,
sample_0009,ScienceDB,resnet_50,8,right_antler_base,203.81,178.3,700.81,178.3,0.4898,True,
sample_0009,ScienceDB,resnet_50,9,right_antler_end,221.99,133.92,718.99,133.92,0.2765,True,
sample_0009,ScienceDB,resnet_50,10,left_eye,247.97,255.74,744.97,255.74,0.1841,False,
sample_0009,ScienceDB,resnet_50,11,left_earbase,206.34,153.52,703.34,153.52,0.4456,True,
sample_0009,ScienceDB,resnet_50,12,left_earend,159.17,208.62,656.17,208.62,0.3842,True,
sample_0009,ScienceDB,resnet_50,13,left_antler_base,202.93,163.5,699.93,163.5,0.4551,True,
sample_0009,ScienceDB,resnet_50,14,left_antler_end,199.56,140.83,696.56,140.83,0.27,True,
sample_0009,ScienceDB,resnet_50,15,neck_base,179.29,183.23,676.29,183.23,0.4246,True,
sample_0009,ScienceDB,resnet_50,16,neck_end,161.1,155.92,658.1,155.92,0.191,False,
sample_0009,ScienceDB,resnet_50,17,throat_base,141.81,285.12,638.81,285.12,0.0899,False,
sample_0009,ScienceDB,resnet_50,18,throat_end,123.38,277.29,620.38,277.29,0.1266,False,
sample_0009,ScienceDB,resnet_50,19,back_base,93.6,140.62,590.6,140.62,0.2525,True,
sample_0009,ScienceDB,resnet_50,20,back_end,22.16,128.76,519.16,128.76,0.2156,True,
sample_0009,ScienceDB,resnet_50,21,back_middle,74.74,350.16,571.74,350.16,0.1159,False,
sample_0009,ScienceDB,resnet_50,22,tail_base,20.06,140.11,517.06,140.11,0.3518,True,
sample_0009,ScienceDB,resnet_50,23,tail_end,268.7,543.52,765.7,543.52,0.6657,True,
sample_0009,ScienceDB,resnet_50,24,front_left_thai,194.41,259.17,691.41,259.17,0.1883,False,
sample_0009,ScienceDB,resnet_50,25,front_left_knee,105.67,429.42,602.67,429.42,0.2831,True,
sample_0009,ScienceDB,resnet_50,26,front_left_paw,124.29,454.73,621.29,454.73,0.204,True,
sample_0009,ScienceDB,resnet_50,27,front_right_thai,93.73,371.17,590.73,371.17,0.5254,True,
sample_0009,ScienceDB,resnet_50,28,front_right_knee,106.18,441.12,603.18,441.12,0.356,True,
sample_0009,ScienceDB,resnet_50,29,front_right_paw,338.73,456.67,835.73,456.67,0.2062,True,
sample_0009,ScienceDB,resnet_50,30,back_left_paw,265.52,538.93,762.52,538.93,0.2794,True,
sample_0009,ScienceDB,resnet_50,31,back_left_thai,240.09,386.48,737.09,386.48,0.1802,False,
sample_0009,ScienceDB,resnet_50,32,back_right_thai,305.59,325.65,802.59,325.65,0.3697,True,
sample_0009,ScienceDB,resnet_50,33,back_left_knee,52.38,312.91,549.38,312.91,0.0808,False,
sample_0009,ScienceDB,resnet_50,34,back_right_knee,315.01,437.36,812.01,437.36,0.468,True,
sample_0009,ScienceDB,resnet_50,35,back_right_paw,274.55,527.01,771.55,527.01,0.2964,True,
sample_0009,ScienceDB,resnet_50,36,belly_bottom,242.56,422.98,739.56,422.98,0.19,False,
sample_0009,ScienceDB,resnet_50,37,body_middle_right,54.31,274.15,551.31,274.15,0.2423,True,
sample_0009,ScienceDB,resnet_50,38,body_middle_left,358.84,298.78,855.84,298.78,0.2437,True,
sample_0010,ScienceDB,resnet_50,0,nose,648.77,247.56,660.77,247.56,0.1857,False,
sample_0010,ScienceDB,resnet_50,1,upper_jaw,486.52,483.58,498.52,483.58,0.1149,False,
sample_0010,ScienceDB,resnet_50,2,lower_jaw,478.95,482.43,490.95,482.43,0.2045,True,
sample_0010,ScienceDB,resnet_50,3,mouth_end_right,492.51,488.32,504.51,488.32,0.1433,False,
sample_0010,ScienceDB,resnet_50,4,mouth_end_left,479.03,472.42,491.03,472.42,0.2495,True,
sample_0010,ScienceDB,resnet_50,5,right_eye,637.85,254.49,649.85,254.49,0.3791,True,
sample_0010,ScienceDB,resnet_50,6,right_earbase,567.28,252.22,579.28,252.22,0.428,True,
sample_0010,ScienceDB,resnet_50,7,right_earend,564.12,127.07,576.12,127.07,0.1527,False,
sample_0010,ScienceDB,resnet_50,8,right_antler_base,637.87,265.4,649.87,265.4,0.171,False,
sample_0010,ScienceDB,resnet_50,9,right_antler_end,545.52,124.17,557.52,124.17,0.1902,False,
sample_0010,ScienceDB,resnet_50,10,left_eye,647.19,248.31,659.19,248.31,0.5968,True,
sample_0010,ScienceDB,resnet_50,11,left_earbase,530.25,128.64,542.25,128.64,0.2453,True,
sample_0010,ScienceDB,resnet_50,12,left_earend,539.05,99.77,551.05,99.77,0.2509,True,
sample_0010,ScienceDB,resnet_50,13,left_antler_base,623.14,240.52,635.14,240.52,0.1712,False,
sample_0010,ScienceDB,resnet_50,14,left_antler_end,537.29,111.27,549.29,111.27,0.311,True,
sample_0010,ScienceDB,resnet_50,15,neck_base,497.64,169.56,509.64,169.56,0.3004,True,
sample_0010,ScienceDB,resnet_50,16,neck_end,503.63,159.86,515.63,159.86,0.2748,True,
sample_0010,ScienceDB,resnet_50,17,throat_base,507.63,317.02,519.63,317.02,0.3145,True,
sample_0010,ScienceDB,resnet_50,18,throat_end,504.07,318.76,516.07,318.76,0.3585,True,
sample_0010,ScienceDB,resnet_50,19,back_base,512.05,145.2,524.05,145.2,0.3561,True,
sample_0010,ScienceDB,resnet_50,20,back_end,305.39,336.52,317.39,336.52,0.3752,True,
sample_0010,ScienceDB,resnet_50,21,back_middle,344.6,260.58,356.6,260.58,0.2909,True,
sample_0010,ScienceDB,resnet_50,22,tail_base,333.24,371.7,345.24,371.7,0.3121,True,
sample_0010,ScienceDB,resnet_50,23,tail_end,527.47,89.78,539.47,89.78,0.1286,False,
sample_0010,ScienceDB,resnet_50,24,front_left_thai,570.1,406.79,582.1,406.79,0.2399,True,
sample_0010,ScienceDB,resnet_50,25,front_left_knee,585.87,432.83,597.87,432.83,0.3248,True,
sample_0010,ScienceDB,resnet_50,26,front_left_paw,662.21,259.25,674.21,259.25,0.388,True,
sample_0010,ScienceDB,resnet_50,27,front_right_thai,484.52,302.97,496.52,302.97,0.2911,True,
sample_0010,ScienceDB,resnet_50,28,front_right_knee,485.76,389.95,497.76,389.95,0.3852,True,
sample_0010,ScienceDB,resnet_50,29,front_right_paw,546.96,542.01,558.96,542.01,0.4234,True,
sample_0010,ScienceDB,resnet_50,30,back_left_paw,568.73,535.7,580.73,535.7,0.3402,True,
sample_0010,ScienceDB,resnet_50,31,back_left_thai,652.24,413.03,664.24,413.03,0.1394,False,
sample_0010,ScienceDB,resnet_50,32,back_right_thai,349.28,353.57,361.28,353.57,0.3069,True,
sample_0010,ScienceDB,resnet_50,33,back_left_knee,573.78,462.44,585.78,462.44,0.2573,True,
sample_0010,ScienceDB,resnet_50,34,back_right_knee,464.01,407.03,476.01,407.03,0.1557,False,
sample_0010,ScienceDB,resnet_50,35,back_right_paw,529.57,550.39,541.57,550.39,0.1922,False,
sample_0010,ScienceDB,resnet_50,36,belly_bottom,505.24,463.54,517.24,463.54,0.1698,False,
sample_0010,ScienceDB,resnet_50,37,body_middle_right,423.65,285.52,435.65,285.52,0.2499,True,
sample_0010,ScienceDB,resnet_50,38,body_middle_left,740.83,262.59,752.83,262.59,0.1937,False,
sample_0011,ScienceDB,resnet_50,0,nose,514.3,388.05,770.3,388.05,0.4081,True,
sample_0011,ScienceDB,resnet_50,1,upper_jaw,515.53,389.39,771.53,389.39,0.3054,True,
sample_0011,ScienceDB,resnet_50,2,lower_jaw,513.88,396.4,769.88,396.4,0.2915,True,
sample_0011,ScienceDB,resnet_50,3,mouth_end_right,540.39,321.91,796.39,321.91,0.1362,False,
sample_0011,ScienceDB,resnet_50,4,mouth_end_left,329.45,328.11,585.45,328.11,0.3111,True,
sample_0011,ScienceDB,resnet_50,5,right_eye,579.12,261.85,835.12,261.85,0.775,True,
sample_0011,ScienceDB,resnet_50,6,right_earbase,600.97,283.47,856.97,283.47,0.17,False,
sample_0011,ScienceDB,resnet_50,7,right_earend,386.95,118.85,642.95,118.85,0.3711,True,
sample_0011,ScienceDB,resnet_50,8,right_antler_base,570.48,260.87,826.48,260.87,0.2404,True,
sample_0011,ScienceDB,resnet_50,9,right_antler_end,592.61,243.26,848.61,243.26,0.1195,False,
sample_0011,ScienceDB,resnet_50,10,left_eye,578.09,260.56,834.09,260.56,0.6534,True,
sample_0011,ScienceDB,resnet_50,11,left_earbase,464.99,314.53,720.99,314.53,0.1767,False,
sample_0011,ScienceDB,resnet_50,12,left_earend,426.93,512.14,682.93,512.14,0.1743,False,
sample_0011,ScienceDB,resnet_50,13,left_antler_base,618.2,318.71,874.2,318.71,0.1773,False,
sample_0011,ScienceDB,resnet_50,14,left_antler_end,514.75,13.48,770.75,13.48,0.2014,True,
sample_0011,ScienceDB,resnet_50,15,neck_base,332.41,265.26,588.41,265.26,0.3172,True,
sample_0011,ScienceDB,resnet_50,16,neck_end,433.83,143.0,689.83,143.0,0.1039,False,
sample_0011,ScienceDB,resnet_50,17,throat_base,388.26,330.07,644.26,330.07,0.3027,True,
sample_0011,ScienceDB,resnet_50,18,throat_end,385.2,364.82,641.2,364.82,0.2791,True,
sample_0011,ScienceDB,resnet_50,19,back_base,132.31,271.01,388.31,271.01,0.2016,True,
sample_0011,ScienceDB,resnet_50,20,back_end,100.31,297.46,356.31,297.46,0.8105,True,
sample_0011,ScienceDB,resnet_50,21,back_middle,228.27,12.57,484.27,12.57,0.3168,True,
sample_0011,ScienceDB,resnet_50,22,tail_base,95.9,314.79,351.9,314.79,0.6851,True,
sample_0011,ScienceDB,resnet_50,23,tail_end,336.31,208.62,592.31,208.62,0.1039,False,
sample_0011,ScienceDB,resnet_50,24,front_left_thai,376.35,353.55,632.35,353.55,0.2428,True,
sample_0011,ScienceDB,resnet_50,25,front_left_knee,401.59,496.33,657.59,496.33,0.31,True,
sample_0011,ScienceDB,resnet_50,26,front_left_paw,461.03,478.63,717.03,478.63,0.3558,True,
sample_0011,ScienceDB,resnet_50,27,front_right_thai,195.24,307.47,451.24,307.47,0.2246,True,
sample_0011,ScienceDB,resnet_50,28,front_right_knee,280.62,387.87,536.62,387.87,0.3983,True,
sample_0011,ScienceDB,resnet_50,29,front_right_paw,440.68,550.0,696.68,550.0,0.2909,True,
sample_0011,ScienceDB,resnet_50,30,back_left_paw,320.97,559.37,576.97,559.37,0.2628,True,
sample_0011,ScienceDB,resnet_50,31,back_left_thai,471.17,96.57,727.17,96.57,0.1998,False,
sample_0011,ScienceDB,resnet_50,32,back_right_thai,117.68,388.29,373.68,388.29,0.3371,True,
sample_0011,ScienceDB,resnet_50,33,back_left_knee,415.25,528.45,671.25,528.45,0.1577,False,
sample_0011,ScienceDB,resnet_50,34,back_right_knee,145.37,551.8,401.37,551.8,0.404,True,
sample_0011,ScienceDB,resnet_50,35,back_right_paw,424.49,547.81,680.49,547.81,0.266,True,
sample_0011,ScienceDB,resnet_50,36,belly_bottom,284.12,453.05,540.12,453.05,0.1933,False,
sample_0011,ScienceDB,resnet_50,37,body_middle_right,167.04,372.33,423.04,372.33,0.2384,True,
sample_0011,ScienceDB,resnet_50,38,body_middle_left,271.4,119.03,527.4,119.03,0.1653,False,
sample_0012,ScienceDB,resnet_50,0,nose,99.96,439.76,388.96,510.76,0.1279,False,
sample_0012,ScienceDB,resnet_50,1,upper_jaw,103.3,446.19,392.3,517.19,0.1902,False,
sample_0012,ScienceDB,resnet_50,2,lower_jaw,100.61,438.26,389.61,509.26,0.2118,True,
sample_0012,ScienceDB,resnet_50,3,mouth_end_right,97.29,439.34,386.29,510.34,0.1206,False,
sample_0012,ScienceDB,resnet_50,4,mouth_end_left,155.88,360.55,444.88,431.55,0.2493,True,
sample_0012,ScienceDB,resnet_50,5,right_eye,100.7,297.28,389.7,368.28,0.2414,True,
sample_0012,ScienceDB,resnet_50,6,right_earbase,93.77,123.68,382.77,194.68,0.2933,True,
sample_0012,ScienceDB,resnet_50,7,right_earend,80.34,108.72,369.34,179.72,0.2647,True,
sample_0012,ScienceDB,resnet_50,8,right_antler_base,73.57,124.37,362.57,195.37,0.3125,True,
sample_0012,ScienceDB,resnet_50,9,right_antler_end,75.22,107.09,364.22,178.09,0.1783,False,
sample_0012,ScienceDB,resnet_50,10,left_eye,52.25,154.21,341.25,225.21,0.3548,True,
sample_0012,ScienceDB,resnet_50,11,left_earbase,71.37,134.74,360.37,205.74,0.2188,True,
sample_0012,ScienceDB,resnet_50,12,left_earend,86.28,187.79,375.28,258.79,0.2484,True,
sample_0012,ScienceDB,resnet_50,13,left_antler_base,65.31,129.0,354.31,200.0,0.3639,True,
sample_0012,ScienceDB,resnet_50,14,left_antler_end,326.06,152.37,615.06,223.37,0.1929,False,
sample_0012,ScienceDB,resnet_50,15,neck_base,109.79,168.55,398.79,239.55,0.5243,True,
sample_0012,ScienceDB,resnet_50,16,neck_end,125.81,155.38,414.81,226.38,0.3529,True,
sample_0012,ScienceDB,resnet_50,17,throat_base,111.01,265.15,400.01,336.15,0.1239,False,
sample_0012,ScienceDB,resnet_50,18,throat_end,113.54,291.43,402.54,362.43,0.0727,False,
sample_0012,ScienceDB,resnet_50,19,back_base,126.86,158.43,415.86,229.43,0.4012,True,
sample_0012,ScienceDB,resnet_50,20,back_end,290.9,91.52,579.9,162.52,0.2652,True,
sample_0012,ScienceDB,resnet_50,21,back_middle,132.23,156.18,421.23,227.18,0.299,True,
sample_0012,ScienceDB,resnet_50,22,tail_base,297.33,94.11,586.33,165.11,0.4435,True,
sample_0012,ScienceDB,resnet_50,23,tail_end,164.27,489.76,453.27,560.76,0.1754,False,
sample_0012,ScienceDB,resnet_50,24,front_left_thai,243.79,307.15,532.79,378.15,0.2539,True,
sample_0012,ScienceDB,resnet_50,25,front_left_knee,289.17,322.73,578.17,393.73,0.1646,False,
sample_0012,ScienceDB,resnet_50,26,front_left_paw,28.27,499.74,317.27,570.74,0.1282,False,
sample_0012,ScienceDB,resnet_50,27,front_right_thai,250.53,298.13,539.53,369.13,0.0839,False,
sample_0012,ScienceDB,resnet_50,28,front_right_knee,270.06,320.2,559.06,391.2,0.2074,True,
sample_0012,ScienceDB,resnet_50,29,front_right_paw,30.82,498.39,319.82,569.39,0.1816,False,
sample_0012,ScienceDB,resnet_50,30,back_left_paw,27.79,492.27,316.79,563.27,0.2739,True,
sample_0012,ScienceDB,resnet_50,31,back_left_thai,32.61,357.08,321.61,428.08,0.2729,True,
sample_0012,ScienceDB,resnet_50,32,back_right_thai,21.62,344.11,310.62,415.11,0.2238,True,
sample_0012,ScienceDB,resnet_50,33,back_left_knee,113.28,472.32,402.28,543.32,0.4484,True,
sample_0012,ScienceDB,resnet_50,34,back_right_knee,301.51,314.2,590.51,385.2,0.2786,True,
sample_0012,ScienceDB,resnet_50,35,back_right_paw,30.55,493.13,319.55,564.13,0.3584,True,
sample_0012,ScienceDB,resnet_50,36,belly_bottom,117.87,397.15,406.87,468.15,0.1248,False,
sample_0012,ScienceDB,resnet_50,37,body_middle_right,61.11,281.63,350.11,352.63,0.2781,True,
sample_0012,ScienceDB,resnet_50,38,body_middle_left,289.38,131.65,578.38,202.65,0.3766,True,
sample_0013,ScienceDB,resnet_50,0,nose,319.49,2.3,556.49,2.3,0.4132,True,
sample_0013,ScienceDB,resnet_50,1,upper_jaw,316.61,21.92,553.61,21.92,0.2704,True,
sample_0013,ScienceDB,resnet_50,2,lower_jaw,373.23,185.7,610.23,185.7,0.2066,True,
sample_0013,ScienceDB,resnet_50,3,mouth_end_right,331.3,206.9,568.3,206.9,0.2079,True,
sample_0013,ScienceDB,resnet_50,4,mouth_end_left,385.29,200.25,622.29,200.25,0.2619,True,
sample_0013,ScienceDB,resnet_50,5,right_eye,307.07,23.14,544.07,23.14,0.4171,True,
sample_0013,ScienceDB,resnet_50,6,right_earbase,261.81,31.55,498.81,31.55,0.1391,False,
sample_0013,ScienceDB,resnet_50,7,right_earend,27.94,40.0,264.94,40.0,0.069,False,
sample_0013,ScienceDB,resnet_50,8,right_antler_base,281.41,12.39,518.41,12.39,0.1573,False,
sample_0013,ScienceDB,resnet_50,9,right_antler_end,260.63,15.38,497.63,15.38,0.1143,False,
sample_0013,ScienceDB,resnet_50,10,left_eye,306.87,15.47,543.87,15.47,0.5423,True,
sample_0013,ScienceDB,resnet_50,11,left_earbase,359.43,119.01,596.43,119.01,0.0912,False,
sample_0013,ScienceDB,resnet_50,12,left_earend,252.83,4.5,489.83,4.5,0.0999,False,
sample_0013,ScienceDB,resnet_50,13,left_antler_base,311.31,21.25,548.31,21.25,0.1794,False,
sample_0013,ScienceDB,resnet_50,14,left_antler_end,382.42,133.26,619.42,133.26,0.2728,True,
sample_0013,ScienceDB,resnet_50,15,neck_base,281.69,250.54,518.69,250.54,0.2487,True,
sample_0013,ScienceDB,resnet_50,16,neck_end,460.44,346.29,697.44,346.29,0.1018,False,
sample_0013,ScienceDB,resnet_50,17,throat_base,317.51,321.74,554.51,321.74,0.2539,True,
sample_0013,ScienceDB,resnet_50,18,throat_end,327.64,326.62,564.64,326.62,0.2413,True,
sample_0013,ScienceDB,resnet_50,19,back_base,145.25,50.14,382.25,50.14,0.1524,False,
sample_0013,ScienceDB,resnet_50,20,back_end,102.7,352.2,339.7,352.2,0.2168,True,
sample_0013,ScienceDB,resnet_50,21,back_middle,92.26,173.65,329.26,173.65,0.3849,True,
sample_0013,ScienceDB,resnet_50,22,tail_base,107.77,364.1,344.77,364.1,0.1979,False,
sample_0013,ScienceDB,resnet_50,23,tail_end,388.21,562.27,625.21,562.27,0.4485,True,
sample_0013,ScienceDB,resnet_50,24,front_left_thai,356.74,159.89,593.74,159.89,0.2408,True,
sample_0013,ScienceDB,resnet_50,25,front_left_knee,384.36,165.23,621.36,165.23,0.2264,True,
sample_0013,ScienceDB,resnet_50,26,front_left_paw,373.81,162.81,610.81,162.81,0.339,True,
sample_0013,ScienceDB,resnet_50,27,front_right_thai,148.54,203.73,385.54,203.73,0.3503,True,
sample_0013,ScienceDB,resnet_50,28,front_right_knee,174.27,456.87,411.27,456.87,0.0534,False,
sample_0013,ScienceDB,resnet_50,29,front_right_paw,377.58,158.96,614.58,158.96,0.255,True,
sample_0013,ScienceDB,resnet_50,30,back_left_paw,202.22,572.45,439.22,572.45,0.3837,True,
sample_0013,ScienceDB,resnet_50,31,back_left_thai,432.64,459.16,669.64,459.16,0.4083,True,
sample_0013,ScienceDB,resnet_50,32,back_right_thai,146.74,415.48,383.74,415.48,0.3472,True,
sample_0013,ScienceDB,resnet_50,33,back_left_knee,428.52,543.79,665.52,543.79,0.3915,True,
sample_0013,ScienceDB,resnet_50,34,back_right_knee,184.94,558.38,421.94,558.38,0.4539,True,
sample_0013,ScienceDB,resnet_50,35,back_right_paw,197.04,567.13,434.04,567.13,0.4714,True,
sample_0013,ScienceDB,resnet_50,36,belly_bottom,233.72,356.64,470.72,356.64,0.1476,False,
sample_0013,ScienceDB,resnet_50,37,body_middle_right,141.07,285.91,378.07,285.91,0.2475,True,
sample_0013,ScienceDB,resnet_50,38,body_middle_left,231.87,342.36,468.87,342.36,0.125,False,
sample_0014,ScienceDB,resnet_50,0,nose,63.04,114.06,454.04,193.06,0.0957,False,
sample_0014,ScienceDB,resnet_50,1,upper_jaw,219.14,362.19,610.14,441.19,0.1379,False,
sample_0014,ScienceDB,resnet_50,2,lower_jaw,218.97,360.52,609.97,439.52,0.1472,False,
sample_0014,ScienceDB,resnet_50,3,mouth_end_right,210.07,364.35,601.07,443.35,0.082,False,
sample_0014,ScienceDB,resnet_50,4,mouth_end_left,158.83,321.83,549.83,400.83,0.1878,False,
sample_0014,ScienceDB,resnet_50,5,right_eye,188.04,159.33,579.04,238.33,0.1079,False,
sample_0014,ScienceDB,resnet_50,6,right_earbase,232.53,76.38,623.53,155.38,0.2246,True,
sample_0014,ScienceDB,resnet_50,7,right_earend,234.92,67.88,625.92,146.88,0.0586,False,
sample_0014,ScienceDB,resnet_50,8,right_antler_base,234.88,77.88,625.88,156.88,0.135,False,
sample_0014,ScienceDB,resnet_50,9,right_antler_end,226.02,347.26,617.02,426.26,0.1269,False,
sample_0014,ScienceDB,resnet_50,10,left_eye,65.42,123.8,456.42,202.8,0.0659,False,
sample_0014,ScienceDB,resnet_50,11,left_earbase,217.86,153.1,608.86,232.1,0.1831,False,
sample_0014,ScienceDB,resnet_50,12,left_earend,188.97,59.96,579.97,138.96,0.1247,False,
sample_0014,ScienceDB,resnet_50,13,left_antler_base,195.16,149.86,586.16,228.86,0.2218,True,
sample_0014,ScienceDB,resnet_50,14,left_antler_end,224.96,371.2,615.96,450.2,0.2364,True,
sample_0014,ScienceDB,resnet_50,15,neck_base,170.13,73.67,561.13,152.67,0.4528,True,
sample_0014,ScienceDB,resnet_50,16,neck_end,170.63,70.44,561.63,149.44,0.2634,True,
sample_0014,ScienceDB,resnet_50,17,throat_base,225.73,141.8,616.73,220.8,0.0679,False,
sample_0014,ScienceDB,resnet_50,18,throat_end,167.26,95.95,558.26,174.95,0.2405,True,
sample_0014,ScienceDB,resnet_50,19,back_base,168.92,71.89,559.92,150.89,0.3115,True,
sample_0014,ScienceDB,resnet_50,20,back_end,149.63,193.52,540.63,272.52,0.3187,True,
sample_0014,ScienceDB,resnet_50,21,back_middle,242.1,233.93,633.1,312.93,0.1778,False,
sample_0014,ScienceDB,resnet_50,22,tail_base,169.09,246.13,560.09,325.13,0.3404,True,
sample_0014,ScienceDB,resnet_50,23,tail_end,156.87,265.62,547.87,344.62,0.138,False,
sample_0014,ScienceDB,resnet_50,24,front_left_thai,80.22,114.82,471.22,193.82,0.4108,True,
sample_0014,ScienceDB,resnet_50,25,front_left_knee,59.0,125.96,450.0,204.96,0.2907,True,
sample_0014,ScienceDB,resnet_50,26,front_left_paw,44.68,313.17,435.68,392.17,0.2749,True,
sample_0014,ScienceDB,resnet_50,27,front_right_thai,262.64,160.46,653.64,239.46,0.4069,True,
sample_0014,ScienceDB,resnet_50,28,front_right_knee,243.56,280.41,634.56,359.41,0.1168,False,
sample_0014,ScienceDB,resnet_50,29,front_right_paw,220.92,347.67,611.92,426.67,0.2892,True,
sample_0014,ScienceDB,resnet_50,30,back_left_paw,41.98,320.37,432.98,399.37,0.5137,True,
sample_0014,ScienceDB,resnet_50,31,back_left_thai,125.33,207.36,516.33,286.36,0.3297,True,
sample_0014,ScienceDB,resnet_50,32,back_right_thai,212.03,260.03,603.03,339.03,0.5228,True,
sample_0014,ScienceDB,resnet_50,33,back_left_knee,90.52,326.42,481.52,405.42,0.1378,False,
sample_0014,ScienceDB,resnet_50,34,back_right_knee,206.71,339.92,597.71,418.92,0.4588,True,
sample_0014,ScienceDB,resnet_50,35,back_right_paw,211.8,373.05,602.8,452.05,0.4283,True,
sample_0014,ScienceDB,resnet_50,36,belly_bottom,262.63,249.77,653.63,328.77,0.0919,False,
sample_0014,ScienceDB,resnet_50,37,body_middle_right,256.59,205.9,647.59,284.9,0.5297,True,
sample_0014,ScienceDB,resnet_50,38,body_middle_left,242.76,214.13,633.76,293.13,0.574,True,
sample_0015,ScienceDB,resnet_50,0,nose,512.7,281.86,644.7,281.86,0.1987,False,
sample_0015,ScienceDB,resnet_50,1,upper_jaw,494.91,464.68,626.91,464.68,0.0809,False,
sample_0015,ScienceDB,resnet_50,2,lower_jaw,464.64,541.27,596.64,541.27,0.0992,False,
sample_0015,ScienceDB,resnet_50,3,mouth_end_right,477.05,464.96,609.05,464.96,0.171,False,
sample_0015,ScienceDB,resnet_50,4,mouth_end_left,525.48,359.29,657.48,359.29,0.1855,False,
sample_0015,ScienceDB,resnet_50,5,right_eye,499.32,353.4,631.32,353.4,0.649,True,
sample_0015,ScienceDB,resnet_50,6,right_earbase,490.9,299.49,622.9,299.49,0.1708,False,
sample_0015,ScienceDB,resnet_50,7,right_earend,305.98,88.86,437.98,88.86,0.1918,False,
sample_0015,ScienceDB,resnet_50,8,right_antler_base,495.48,309.43,627.48,309.43,0.1858,False,
sample_0015,ScienceDB,resnet_50,9,right_antler_end,583.61,295.95,715.61,295.95,0.2317,True,
sample_0015,ScienceDB,resnet_50,10,left_eye,513.0,354.95,645.0,354.95,0.7753,True,
sample_0015,ScienceDB,resnet_50,11,left_earbase,514.59,296.04,646.59,296.04,0.1157,False,
sample_0015,ScienceDB,resnet_50,12,left_earend,532.33,285.89,664.33,285.89,0.2726,True,
sample_0015,ScienceDB,resnet_50,13,left_antler_base,508.88,301.81,640.88,301.81,0.1939,False,
sample_0015,ScienceDB,resnet_50,14,left_antler_end,515.87,280.05,647.87,280.05,0.1572,False,
sample_0015,ScienceDB,resnet_50,15,neck_base,403.72,254.99,535.72,254.99,0.3804,True,
sample_0015,ScienceDB,resnet_50,16,neck_end,407.37,241.64,539.37,241.64,0.1446,False,
sample_0015,ScienceDB,resnet_50,17,throat_base,398.22,306.7,530.22,306.7,0.1192,False,
sample_0015,ScienceDB,resnet_50,18,throat_end,397.64,309.2,529.64,309.2,0.1489,False,
sample_0015,ScienceDB,resnet_50,19,back_base,266.28,71.83,398.28,71.83,0.1433,False,
sample_0015,ScienceDB,resnet_50,20,back_end,101.4,358.3,233.4,358.3,0.1163,False,
sample_0015,ScienceDB,resnet_50,21,back_middle,332.83,92.09,464.83,92.09,0.4167,True,
sample_0015,ScienceDB,resnet_50,22,tail_base,384.44,232.86,516.44,232.86,0.1479,False,
sample_0015,ScienceDB,resnet_50,23,tail_end,182.76,545.6,314.76,545.6,0.3376,True,
sample_0015,ScienceDB,resnet_50,24,front_left_thai,212.87,97.03,344.87,97.03,0.3023,True,
sample_0015,ScienceDB,resnet_50,25,front_left_knee,287.06,280.08,419.06,280.08,0.1033,False,
sample_0015,ScienceDB,resnet_50,26,front_left_paw,490.93,510.84,622.93,510.84,0.7084,True,
sample_0015,ScienceDB,resnet_50,27,front_right_thai,292.63,270.78,424.63,270.78,0.2289,True,
sample_0015,ScienceDB,resnet_50,28,front_right_knee,266.99,287.71,398.99,287.71,0.3608,True,
sample_0015,ScienceDB,resnet_50,29,front_right_paw,479.36,536.4,611.36,536.4,0.3304,True,
sample_0015,ScienceDB,resnet_50,30,back_left_paw,561.05,284.57,693.05,284.57,0.3193,True,
sample_0015,ScienceDB,resnet_50,31,back_left_thai,351.97,270.17,483.97,270.17,0.2891,True,
sample_0015,ScienceDB,resnet_50,32,back_right_thai,442.18,266.43,574.18,266.43,0.3655,True,
sample_0015,ScienceDB,resnet_50,33,back_left_knee,551.96,267.49,683.96,267.49,0.5428,True,
sample_0015,ScienceDB,resnet_50,34,back_right_knee,428.06,437.4,560.06,437.4,0.2205,True,
sample_0015,ScienceDB,resnet_50,35,back_right_paw,484.55,517.41,616.55,517.41,0.2506,True,
sample_0015,ScienceDB,resnet_50,36,belly_bottom,288.82,223.13,420.82,223.13,0.1346,False,
sample_0015,ScienceDB,resnet_50,37,body_middle_right,226.08,120.56,358.08,120.56,0.1812,False,
sample_0015,ScienceDB,resnet_50,38,body_middle_left,445.31,350.5,577.31,350.5,0.1444,False,
sample_0016,ScienceDB,resnet_50,0,nose,424.53,371.16,644.53,371.16,0.6357,True,
sample_0016,ScienceDB,resnet_50,1,upper_jaw,414.18,391.84,634.18,391.84,0.6288,True,
sample_0016,ScienceDB,resnet_50,2,lower_jaw,398.92,408.22,618.92,408.22,0.5155,True,
sample_0016,ScienceDB,resnet_50,3,mouth_end_right,380.41,364.84,600.41,364.84,0.4082,True,
sample_0016,ScienceDB,resnet_50,4,mouth_end_left,427.12,386.71,647.12,386.71,0.3063,True,
sample_0016,ScienceDB,resnet_50,5,right_eye,365.51,266.48,585.51,266.48,0.3089,True,
sample_0016,ScienceDB,resnet_50,6,right_earbase,298.53,213.89,518.53,213.89,0.3528,True,
sample_0016,ScienceDB,resnet_50,7,right_earend,317.75,110.16,537.75,110.16,0.6594,True,
sample_0016,ScienceDB,resnet_50,8,right_antler_base,358.82,223.65,578.82,223.65,0.1503,False,
sample_0016,ScienceDB,resnet_50,9,right_antler_end,356.72,91.54,576.72,91.54,0.2989,True,
sample_0016,ScienceDB,resnet_50,10,left_eye,478.43,254.52,698.43,254.52,0.3533,True,
sample_0016,ScienceDB,resnet_50,11,left_earbase,491.28,251.31,711.28,251.31,0.132,False,
sample_0016,ScienceDB,resnet_50,12,left_earend,555.99,230.85,775.99,230.85,0.2691,True,
sample_0016,ScienceDB,resnet_50,13,left_antler_base,398.14,224.87,618.14,224.87,0.2312,True,
sample_0016,ScienceDB,resnet_50,14,left_antler_end,376.55,73.09,596.55,73.09,0.4479,True,
sample_0016,ScienceDB,resnet_50,15,neck_base,358.91,152.62,578.91,152.62,0.1899,False,
sample_0016,ScienceDB,resnet_50,16,neck_end,360.13,80.09,580.13,80.09,0.2348,True,
sample_0016,ScienceDB,resnet_50,17,throat_base,232.83,465.17,452.83,465.17,0.1053,False,
sample_0016,ScienceDB,resnet_50,18,throat_end,221.33,472.19,441.33,472.19,0.1461,False,
sample_0016,ScienceDB,resnet_50,19,back_base,360.84,68.89,580.84,68.89,0.1409,False,
sample_0016,ScienceDB,resnet_50,20,back_end,115.24,52.49,335.24,52.49,0.6655,True,
sample_0016,ScienceDB,resnet_50,21,back_middle,232.95,60.05,452.95,60.05,0.3897,True,
sample_0016,ScienceDB,resnet_50,22,tail_base,109.99,59.83,329.99,59.83,0.7465,True,
sample_0016,ScienceDB,resnet_50,23,tail_end,35.3,531.21,255.3,531.21,0.2137,True,
sample_0016,ScienceDB,resnet_50,24,front_left_thai,500.27,307.37,720.27,307.37,0.123,False,
sample_0016,ScienceDB,resnet_50,25,front_left_knee,435.15,459.17,655.15,459.17,0.0918,False,
sample_0016,ScienceDB,resnet_50,26,front_left_paw,460.66,533.48,680.66,533.48,0.197,False,
sample_0016,ScienceDB,resnet_50,27,front_right_thai,114.78,215.87,334.78,215.87,0.3101,True,
sample_0016,ScienceDB,resnet_50,28,front_right_knee,185.34,473.68,405.34,473.68,0.197,False,
sample_0016,ScienceDB,resnet_50,29,front_right_paw,361.83,68.4,581.83,68.4,0.1328,False,
sample_0016,ScienceDB,resnet_50,30,back_left_paw,457.88,535.9,677.88,535.9,0.3701,True,
sample_0016,ScienceDB,resnet_50,31,back_left_thai,149.45,103.05,369.45,103.05,0.2046,True,
sample_0016,ScienceDB,resnet_50,32,back_right_thai,64.94,166.2,284.94,166.2,0.5141,True,
sample_0016,ScienceDB,resnet_50,33,back_left_knee,67.89,384.8,287.89,384.8,0.191,False,
sample_0016,ScienceDB,resnet_50,34,back_right_knee,45.21,388.4,265.21,388.4,0.1723,False,
sample_0016,ScienceDB,resnet_50,35,back_right_paw,449.04,544.09,669.04,544.09,0.2161,True,
sample_0016,ScienceDB,resnet_50,36,belly_bottom,97.21,551.32,317.21,551.32,0.1556,False,
sample_0016,ScienceDB,resnet_50,37,body_middle_right,143.31,252.93,363.31,252.93,0.1214,False,
sample_0016,ScienceDB,resnet_50,38,body_middle_left,167.44,179.83,387.44,179.83,0.1878,False,
sample_0017,ScienceDB,resnet_50,0,nose,495.44,384.6,495.44,385.6,0.1508,False,
sample_0017,ScienceDB,resnet_50,1,upper_jaw,468.64,528.81,468.64,529.81,0.078,False,
sample_0017,ScienceDB,resnet_50,2,lower_jaw,453.73,517.88,453.73,518.88,0.1196,False,
sample_0017,ScienceDB,resnet_50,3,mouth_end_right,611.52,217.36,611.52,218.36,0.0533,False,
sample_0017,ScienceDB,resnet_50,4,mouth_end_left,351.19,257.68,351.19,258.68,0.3272,True,
sample_0017,ScienceDB,resnet_50,5,right_eye,533.39,297.04,533.39,298.04,0.5343,True,
sample_0017,ScienceDB,resnet_50,6,right_earbase,302.45,78.83,302.45,79.83,0.1765,False,
sample_0017,ScienceDB,resnet_50,7,right_earend,271.23,83.65,271.23,84.65,0.1755,False,
sample_0017,ScienceDB,resnet_50,8,right_antler_base,264.95,286.05,264.95,287.05,0.2372,True,
sample_0017,ScienceDB,resnet_50,9,right_antler_end,270.49,65.53,270.49,66.53,0.135,False,
sample_0017,ScienceDB,resnet_50,10,left_eye,528.36,299.99,528.36,300.99,0.3479,True,
sample_0017,ScienceDB,resnet_50,11,left_earbase,642.08,249.15,642.08,250.15,0.1846,False,
sample_0017,ScienceDB,resnet_50,12,left_earend,414.28,41.2,414.28,42.2,0.2006,True,
sample_0017,ScienceDB,resnet_50,13,left_antler_base,632.03,257.59,632.03,258.59,0.1632,False,
sample_0017,ScienceDB,resnet_50,14,left_antler_end,434.74,195.43,434.74,196.43,0.1812,False,
sample_0017,ScienceDB,resnet_50,15,neck_base,447.11,172.66,447.11,173.66,0.4019,True,
sample_0017,ScienceDB,resnet_50,16,neck_end,428.04,28.82,428.04,29.82,0.3114,True,
sample_0017,ScienceDB,resnet_50,17,throat_base,433.67,237.44,433.67,238.44,0.3153,True,
sample_0017,ScienceDB,resnet_50,18,throat_end,455.9,244.47,455.9,245.47,0.2338,True,
sample_0017,ScienceDB,resnet_50,19,back_base,426.53,32.74,426.53,33.74,0.5045,True,
sample_0017,ScienceDB,resnet_50,20,back_end,213.38,308.82,213.38,309.82,0.3117,True,
sample_0017,ScienceDB,resnet_50,21,back_middle,395.7,38.46,395.7,39.46,0.2606,True,
sample_0017,ScienceDB,resnet_50,22,tail_base,213.69,327.55,213.69,328.55,0.1941,False,
sample_0017,ScienceDB,resnet_50,23,tail_end,258.96,526.3,258.96,527.3,0.1194,False,
sample_0017,ScienceDB,resnet_50,24,front_left_thai,656.31,208.02,656.31,209.02,0.2089,True,
sample_0017,ScienceDB,resnet_50,25,front_left_knee,695.08,398.27,695.08,399.27,0.0547,False,
sample_0017,ScienceDB,resnet_50,26,front_left_paw,465.36,516.42,465.36,517.42,0.2912,True,
sample_0017,ScienceDB,resnet_50,27,front_right_thai,474.65,345.34,474.65,346.34,0.1711,False,
sample_0017,ScienceDB,resnet_50,28,front_right_knee,441.4,397.53,441.4,398.53,0.4248,True,
sample_0017,ScienceDB,resnet_50,29,front_right_paw,460.21,519.22,460.21,520.22,0.7885,True,
sample_0017,ScienceDB,resnet_50,30,back_left_paw,277.48,333.92,277.48,334.92,0.1457,False,
sample_0017,ScienceDB,resnet_50,31,back_left_thai,640.94,57.27,640.94,58.27,0.2915,True,
sample_0017,ScienceDB,resnet_50,32,back_right_thai,244.09,317.51,244.09,318.51,0.181,False,
sample_0017,ScienceDB,resnet_50,33,back_left_knee,691.41,385.88,691.41,386.88,0.1308,False,
sample_0017,ScienceDB,resnet_50,34,back_right_knee,232.13,455.71,232.13,456.71,0.2188,True,
sample_0017,ScienceDB,resnet_50,35,back_right_paw,365.93,530.71,365.93,531.71,0.1093,False,
sample_0017,ScienceDB,resnet_50,36,belly_bottom,394.39,328.11,394.39,329.11,0.3646,True,
sample_0017,ScienceDB,resnet_50,37,body_middle_right,368.19,163.38,368.19,164.38,0.2178,True,
sample_0017,ScienceDB,resnet_50,38,body_middle_left,621.44,84.87,621.44,85.87,0.4126,True,
sample_0018,ScienceDB,resnet_50,0,nose,98.32,399.02,369.32,486.02,0.1337,False,
sample_0018,ScienceDB,resnet_50,1,upper_jaw,161.22,405.55,432.22,492.55,0.1361,False,
sample_0018,ScienceDB,resnet_50,2,lower_jaw,101.41,419.07,372.41,506.07,0.1831,False,
sample_0018,ScienceDB,resnet_50,3,mouth_end_right,101.81,415.65,372.81,502.65,0.1165,False,
sample_0018,ScienceDB,resnet_50,4,mouth_end_left,161.81,386.41,432.81,473.41,0.2808,True,
sample_0018,ScienceDB,resnet_50,5,right_eye,74.88,296.42,345.88,383.42,0.5245,True,
sample_0018,ScienceDB,resnet_50,6,right_earbase,153.17,194.06,424.17,281.06,0.2603,True,
sample_0018,ScienceDB,resnet_50,7,right_earend,143.84,201.17,414.84,288.17,0.2298,True,
sample_0018,ScienceDB,resnet_50,8,right_antler_base,92.84,255.38,363.84,342.38,0.2156,True,
sample_0018,ScienceDB,resnet_50,9,right_antler_end,30.13,253.63,301.13,340.63,0.1052,False,
sample_0018,ScienceDB,resnet_50,10,left_eye,79.45,303.26,350.45,390.26,0.2772,True,
sample_0018,ScienceDB,resnet_50,11,left_earbase,162.56,199.67,433.56,286.67,0.2279,True,
sample_0018,ScienceDB,resnet_50,12,left_earend,166.26,191.75,437.26,278.75,0.4104,True,
sample_0018,ScienceDB,resnet_50,13,left_antler_base,233.21,137.89,504.21,224.89,0.1393,False,
sample_0018,ScienceDB,resnet_50,14,left_antler_end,390.97,191.77,661.97,278.77,0.1331,False,
sample_0018,ScienceDB,resnet_50,15,neck_base,200.94,267.09,471.94,354.09,0.4088,True,
sample_0018,ScienceDB,resnet_50,16,neck_end,320.54,56.06,591.54,143.06,0.142,False,
sample_0018,ScienceDB,resnet_50,17,throat_base,216.68,270.84,487.68,357.84,0.3672,True,
sample_0018,ScienceDB,resnet_50,18,throat_end,218.14,281.19,489.14,368.19,0.1454,False,
sample_0018,ScienceDB,resnet_50,19,back_base,320.49,58.2,591.49,145.2,0.22,True,
sample_0018,ScienceDB,resnet_50,20,back_end,332.9,53.51,603.9,140.51,0.1886,False,
sample_0018,ScienceDB,resnet_50,21,back_middle,209.82,102.94,480.82,189.94,0.3124,True,
sample_0018,ScienceDB,resnet_50,22,tail_base,340.84,50.57,611.84,137.57,0.1741,False,
sample_0018,ScienceDB,resnet_50,23,tail_end,101.57,399.13,372.57,486.13,0.1207,False,
sample_0018,ScienceDB,resnet_50,24,front_left_thai,378.06,198.87,649.06,285.87,0.3985,True,
sample_0018,ScienceDB,resnet_50,25,front_left_knee,344.65,239.03,615.65,326.03,0.2292,True,
sample_0018,ScienceDB,resnet_50,26,front_left_paw,113.79,413.58,384.79,500.58,0.0705,False,
sample_0018,ScienceDB,resnet_50,27,front_right_thai,59.42,248.35,330.42,335.35,0.1432,False,
sample_0018,ScienceDB,resnet_50,28,front_right_knee,44.4,249.34,315.4,336.34,0.3151,True,
sample_0018,ScienceDB,resnet_50,29,front_right_paw,24.74,268.6,295.74,355.6,0.2564,True,
sample_0018,ScienceDB,resnet_50,30,back_left_paw,95.55,449.88,366.55,536.88,0.7723,True,
sample_0018,ScienceDB,resnet_50,31,back_left_thai,66.29,384.06,337.29,471.06,0.3785,True,
sample_0018,ScienceDB,resnet_50,32,back_right_thai,190.34,378.62,461.34,465.62,0.2115,True,
sample_0018,ScienceDB,resnet_50,33,back_left_knee,74.46,420.12,345.46,507.12,0.5796,True,
sample_0018,ScienceDB,resnet_50,34,back_right_knee,92.47,419.32,363.47,506.32,0.4284,True,
sample_0018,ScienceDB,resnet_50,35,back_right_paw,90.64,449.13,361.64,536.13,0.2165,True,
sample_0018,ScienceDB,resnet_50,36,belly_bottom,126.72,401.8,397.72,488.8,0.2517,True,
sample_0018,ScienceDB,resnet_50,37,body_middle_right,222.73,242.42,493.73,329.42,0.1616,False,
sample_0018,ScienceDB,resnet_50,38,body_middle_left,393.86,155.99,664.86,242.99,0.4989,True,
sample_0019,ScienceDB,resnet_50,0,nose,334.96,201.4,534.96,201.4,0.6326,True,
sample_0019,ScienceDB,resnet_50,1,upper_jaw,326.82,198.31,526.82,198.31,0.3749,True,
sample_0019,ScienceDB,resnet_50,2,lower_jaw,335.37,235.19,535.37,235.19,0.3421,True,
sample_0019,ScienceDB,resnet_50,3,mouth_end_right,313.73,219.34,513.73,219.34,0.2351,True,
sample_0019,ScienceDB,resnet_50,4,mouth_end_left,351.89,221.88,551.89,221.88,0.394,True,
sample_0019,ScienceDB,resnet_50,5,right_eye,317.16,183.33,517.16,183.33,0.3604,True,
sample_0019,ScienceDB,resnet_50,6,right_earbase,259.72,296.33,459.72,296.33,0.1453,False,
sample_0019,ScienceDB,resnet_50,7,right_earend,261.93,326.23,461.93,326.23,0.1719,False,
sample_0019,ScienceDB,resnet_50,8,right_antler_base,268.06,327.42,468.06,327.42,0.1289,False,
sample_0019,ScienceDB,resnet_50,9,right_antler_end,332.89,216.37,532.89,216.37,0.2794,True,
sample_0019,ScienceDB,resnet_50,10,left_eye,346.93,182.64,546.93,182.64,0.3712,True,
sample_0019,ScienceDB,resnet_50,11,left_earbase,355.77,194.36,555.77,194.36,0.1817,False,
sample_0019,ScienceDB,resnet_50,12,left_earend,342.77,183.72,542.77,183.72,0.1882,False,
sample_0019,ScienceDB,resnet_50,13,left_antler_base,345.86,173.15,545.86,173.15,0.245,True,
sample_0019,ScienceDB,resnet_50,14,left_antler_end,562.15,86.15,762.15,86.15,0.293,True,
sample_0019,ScienceDB,resnet_50,15,neck_base,347.04,350.12,547.04,350.12,0.4735,True,
sample_0019,ScienceDB,resnet_50,16,neck_end,188.49,100.35,388.49,100.35,0.0923,False,
sample_0019,ScienceDB,resnet_50,17,throat_base,291.66,365.24,491.66,365.24,0.3508,True,
sample_0019,ScienceDB,resnet_50,18,throat_end,290.8,393.69,490.8,393.69,0.2809,True,
sample_0019,ScienceDB,resnet_50,19,back_base,171.12,100.9,371.12,100.9,0.196,False,
sample_0019,ScienceDB,resnet_50,20,back_end,558.1,65.7,758.1,65.7,0.1791,False,
sample_0019,ScienceDB,resnet_50,21,back_middle,359.76,43.85,559.76,43.85,0.1949,False,
sample_0019,ScienceDB,resnet_50,22,tail_base,67.65,500.07,267.65,500.07,0.203,True,
sample_0019,ScienceDB,resnet_50,23,tail_end,60.94,503.41,260.94,503.41,0.211,True,
sample_0019,ScienceDB,resnet_50,24,front_left_thai,482.02,335.3,682.02,335.3,0.6126,True,
sample_0019,ScienceDB,resnet_50,25,front_left_knee,547.96,489.63,747.96,489.63,0.2664,True,
sample_0019,ScienceDB,resnet_50,26,front_left_paw,341.35,523.69,541.35,523.69,0.0364,False,
sample_0019,ScienceDB,resnet_50,27,front_right_thai,206.04,370.52,406.04,370.52,0.584,True,
sample_0019,ScienceDB,resnet_50,28,front_right_knee,189.76,384.69,389.76,384.69,0.3928,True,
sample_0019,ScienceDB,resnet_50,29,front_right_paw,314.84,535.14,514.84,535.14,0.1248,False,
sample_0019,ScienceDB,resnet_50,30,back_left_paw,509.93,283.2,709.93,283.2,0.0718,False,
sample_0019,ScienceDB,resnet_50,31,back_left_thai,595.76,396.27,795.76,396.27,0.0962,False,
sample_0019,ScienceDB,resnet_50,32,back_right_thai,90.86,125.89,290.86,125.89,0.1782,False,
sample_0019,ScienceDB,resnet_50,33,back_left_knee,90.82,510.56,290.82,510.56,0.1097,False,
sample_0019,ScienceDB,resnet_50,34,back_right_knee,85.12,520.71,285.12,520.71,0.1543,False,
sample_0019,ScienceDB,resnet_50,35,back_right_paw,50.39,94.14,250.39,94.14,0.0785,False,
sample_0019,ScienceDB,resnet_50,36,belly_bottom,404.88,512.63,604.88,512.63,0.1715,False,
sample_0019,ScienceDB,resnet_50,37,body_middle_right,61.94,151.24,261.94,151.24,0.145,False,
sample_0019,ScienceDB,resnet_50,38,body_middle_left,596.06,433.13,796.06,433.13,0.164,False,
sample_0020,ScienceDB,resnet_50,0,nose,328.15,436.27,703.15,436.27,0.3602,True,
sample_0020,ScienceDB,resnet_50,1,upper_jaw,336.8,443.54,711.8,443.54,0.2204,True,
sample_0020,ScienceDB,resnet_50,2,lower_jaw,353.0,419.15,728.0,419.15,0.2255,True,
sample_0020,ScienceDB,resnet_50,3,mouth_end_right,329.65,397.01,704.65,397.01,0.1893,False,
sample_0020,ScienceDB,resnet_50,4,mouth_end_left,368.3,372.79,743.3,372.79,0.2815,True,
sample_0020,ScienceDB,resnet_50,5,right_eye,325.75,386.04,700.75,386.04,0.0884,False,
sample_0020,ScienceDB,resnet_50,6,right_earbase,158.83,438.05,533.83,438.05,0.1007,False,
sample_0020,ScienceDB,resnet_50,7,right_earend,45.4,154.13,420.4,154.13,0.1389,False,
sample_0020,ScienceDB,resnet_50,8,right_antler_base,222.4,561.71,597.4,561.71,0.1655,False,
sample_0020,ScienceDB,resnet_50,9,right_antler_end,286.26,522.38,661.26,522.38,0.2085,True,
sample_0020,ScienceDB,resnet_50,10,left_eye,313.98,418.35,688.98,418.35,0.0757,False,
sample_0020,ScienceDB,resnet_50,11,left_earbase,234.26,477.7,609.26,477.7,0.1153,False,
sample_0020,ScienceDB,resnet_50,12,left_earend,168.96,451.45,543.96,451.45,0.2044,True,
sample_0020,ScienceDB,resnet_50,13,left_antler_base,345.55,141.91,720.55,141.91,0.1583,False,
sample_0020,ScienceDB,resnet_50,14,left_antler_end,187.29,417.64,562.29,417.64,0.2124,True,
sample_0020,ScienceDB,resnet_50,15,neck_base,169.08,368.96,544.08,368.96,0.449,True,
sample_0020,ScienceDB,resnet_50,16,neck_end,208.83,59.03,583.83,59.03,0.2869,True,
sample_0020,ScienceDB,resnet_50,17,throat_base,133.77,416.53,508.77,416.53,0.295,True,
sample_0020,ScienceDB,resnet_50,18,throat_end,133.23,416.23,508.23,416.23,0.2979,True,
sample_0020,ScienceDB,resnet_50,19,back_base,198.82,55.46,573.82,55.46,0.4452,True,
sample_0020,ScienceDB,resnet_50,20,back_end,254.81,137.66,629.81,137.66,0.1996,False,
sample_0020,ScienceDB,resnet_50,21,back_middle,183.91,86.92,558.91,86.92,0.4645,True,
sample_0020,ScienceDB,resnet_50,22,tail_base,258.46,174.44,633.46,174.44,0.3173,True,
sample_0020,ScienceDB,resnet_50,23,tail_end,46.9,141.45,421.9,141.45,0.2156,True,
sample_0020,ScienceDB,resnet_50,24,front_left_thai,132.0,351.42,507.0,351.42,0.2284,True,
sample_0020,ScienceDB,resnet_50,25,front_left_knee,283.79,474.05,658.79,474.05,0.4068,True,
sample_0020,ScienceDB,resnet_50,26,front_left_paw,209.93,527.31,584.93,527.31,0.7026,True,
sample_0020,ScienceDB,resnet_50,27,front_right_thai,100.93,427.49,475.93,427.49,0.2953,True,
sample_0020,ScienceDB,resnet_50,28,front_right_knee,131.65,516.17,506.65,516.17,0.5527,True,
sample_0020,ScienceDB,resnet_50,29,front_right_paw,158.24,558.73,533.24,558.73,0.3191,True,
sample_0020,ScienceDB,resnet_50,30,back_left_paw,224.35,526.04,599.35,526.04,0.1798,False,
sample_0020,ScienceDB,resnet_50,31,back_left_thai,329.13,185.28,704.13,185.28,0.3867,True,
sample_0020,ScienceDB,resnet_50,32,back_right_thai,330.45,190.14,705.45,190.14,0.2628,True,
sample_0020,ScienceDB,resnet_50,33,back_left_knee,277.33,468.12,652.33,468.12,0.3778,True,
sample_0020,ScienceDB,resnet_50,34,back_right_knee,328.45,406.28,703.45,406.28,0.4834,True,
sample_0020,ScienceDB,resnet_50,35,back_right_paw,321.33,425.97,696.33,425.97,0.1932,False,
sample_0020,ScienceDB,resnet_50,36,belly_bottom,195.44,445.92,570.44,445.92,0.3344,True,
sample_0020,ScienceDB,resnet_50,37,body_middle_right,96.3,264.84,471.3,264.84,0.2256,True,
sample_0020,ScienceDB,resnet_50,38,body_middle_left,55.9,256.69,430.9,256.69,0.2383,True,
sample_0021,ScienceDB,resnet_50,0,nose,248.77,14.27,514.77,104.27,0.7884,True,
sample_0021,ScienceDB,resnet_50,1,upper_jaw,114.44,401.15,380.44,491.15,0.3517,True,
sample_0021,ScienceDB,resnet_50,2,lower_jaw,92.72,416.15,358.72,506.15,0.3724,True,
sample_0021,ScienceDB,resnet_50,3,mouth_end_right,90.41,386.13,356.41,476.13,0.1655,False,
sample_0021,ScienceDB,resnet_50,4,mouth_end_left,133.42,390.22,399.42,480.22,0.3106,True,
sample_0021,ScienceDB,resnet_50,5,right_eye,112.22,331.3,378.22,421.3,0.4736,True,
sample_0021,ScienceDB,resnet_50,6,right_earbase,277.36,65.21,543.36,155.21,0.4897,True,
sample_0021,ScienceDB,resnet_50,7,right_earend,302.73,74.01,568.73,164.01,0.6878,True,
sample_0021,ScienceDB,resnet_50,8,right_antler_base,271.97,61.97,537.97,151.97,0.4281,True,
sample_0021,ScienceDB,resnet_50,9,right_antler_end,286.05,59.9,552.05,149.9,0.3035,True,
sample_0021,ScienceDB,resnet_50,10,left_eye,224.65,48.95,490.65,138.95,0.2955,True,
sample_0021,ScienceDB,resnet_50,11,left_earbase,209.0,262.98,475.0,352.98,0.2099,True,
sample_0021,ScienceDB,resnet_50,12,left_earend,216.52,131.5,482.52,221.5,0.206,True,
sample_0021,ScienceDB,resnet_50,13,left_antler_base,247.87,61.14,513.87,151.14,0.3011,True,
sample_0021,ScienceDB,resnet_50,14,left_antler_end,300.55,352.72,566.55,442.72,0.3496,True,
sample_0021,ScienceDB,resnet_50,15,neck_base,165.93,218.11,431.93,308.11,0.5561,True,
sample_0021,ScienceDB,resnet_50,16,neck_end,164.1,201.58,430.1,291.58,0.2035,True,
sample_0021,ScienceDB,resnet_50,17,throat_base,165.92,228.69,431.92,318.69,0.0965,False,
sample_0021,ScienceDB,resnet_50,18,throat_end,296.31,91.13,562.31,181.13,0.1039,False,
sample_0021,ScienceDB,resnet_50,19,back_base,282.58,365.87,548.58,455.87,0.1488,False,
sample_0021,ScienceDB,resnet_50,20,back_end,269.78,396.68,535.78,486.68,0.1588,False,
sample_0021,ScienceDB,resnet_50,21,back_middle,322.2,284.29,588.2,374.29,0.3674,True,
sample_0021,ScienceDB,resnet_50,22,tail_base,259.01,408.75,525.01,498.75,0.2864,True,
sample_0021,ScienceDB,resnet_50,23,tail_end,149.54,415.57,415.54,505.57,0.177,False,
sample_0021,ScienceDB,resnet_50,24,front_left_thai,287.13,182.93,553.13,272.93,0.6989,True,
sample_0021,ScienceDB,resnet_50,25,front_left_knee,294.7,181.53,560.7,271.53,0.1365,False,
sample_0021,ScienceDB,resnet_50,26,front_left_paw,65.59,147.73,331.59,237.73,0.2307,True,
sample_0021,ScienceDB,resnet_50,27,front_right_thai,95.16,235.06,361.16,325.06,0.6095,True,
sample_0021,ScienceDB,resnet_50,28,front_right_knee,30.2,284.74,296.2,374.74,0.3725,True,
sample_0021,ScienceDB,resnet_50,29,front_right_paw,60.46,148.92,326.46,238.92,0.4605,True,
sample_0021,ScienceDB,resnet_50,30,back_left_paw,242.51,416.0,508.51,506.0,0.4203,True,
sample_0021,ScienceDB,resnet_50,31,back_left_thai,287.73,365.53,553.73,455.53,0.4983,True,
sample_0021,ScienceDB,resnet_50,32,back_right_thai,175.75,399.27,441.75,489.27,0.181,False,
sample_0021,ScienceDB,resnet_50,33,back_left_knee,238.68,408.57,504.68,498.57,0.3639,True,
sample_0021,ScienceDB,resnet_50,34,back_right_knee,27.53,387.21,293.53,477.21,0.2682,True,
sample_0021,ScienceDB,resnet_50,35,back_right_paw,238.37,427.66,504.37,517.66,0.1493,False,
sample_0021,ScienceDB,resnet_50,36,belly_bottom,312.81,364.15,578.81,454.15,0.2333,True,
sample_0021,ScienceDB,resnet_50,37,body_middle_right,202.54,305.13,468.54,395.13,0.2491,True,
sample_0021,ScienceDB,resnet_50,38,body_middle_left,305.83,275.35,571.83,365.35,0.4984,True,
sample_0023,ScienceDB,resnet_50,0,nose,225.01,224.49,685.01,224.49,0.1475,False,
sample_0023,ScienceDB,resnet_50,1,upper_jaw,220.98,283.83,680.98,283.83,0.1082,False,
sample_0023,ScienceDB,resnet_50,2,lower_jaw,233.74,528.8,693.74,528.8,0.1136,False,
sample_0023,ScienceDB,resnet_50,3,mouth_end_right,203.64,126.83,663.64,126.83,0.0466,False,
sample_0023,ScienceDB,resnet_50,4,mouth_end_left,295.16,430.95,755.16,430.95,0.1027,False,
sample_0023,ScienceDB,resnet_50,5,right_eye,152.51,209.05,612.51,209.05,0.3995,True,
sample_0023,ScienceDB,resnet_50,6,right_earbase,150.69,144.36,610.69,144.36,0.323,True,
sample_0023,ScienceDB,resnet_50,7,right_earend,123.22,172.32,583.22,172.32,0.4798,True,
sample_0023,ScienceDB,resnet_50,8,right_antler_base,200.65,114.66,660.65,114.66,0.496,True,
sample_0023,ScienceDB,resnet_50,9,right_antler_end,201.5,78.75,661.5,78.75,0.0815,False,
sample_0023,ScienceDB,resnet_50,10,left_eye,239.29,294.92,699.29,294.92,0.2993,True,
sample_0023,ScienceDB,resnet_50,11,left_earbase,291.39,170.95,751.39,170.95,0.2862,True,
sample_0023,ScienceDB,resnet_50,12,left_earend,387.34,98.0,847.34,98.0,0.1602,False,
sample_0023,ScienceDB,resnet_50,13,left_antler_base,239.77,120.12,699.77,120.12,0.4807,True,
sample_0023,ScienceDB,resnet_50,14,left_antler_end,243.96,259.92,703.96,259.92,0.1698,False,
sample_0023,ScienceDB,resnet_50,15,neck_base,199.09,88.7,659.09,88.7,0.6142,True,
sample_0023,ScienceDB,resnet_50,16,neck_end,205.81,69.08,665.81,69.08,0.4749,True,
sample_0023,ScienceDB,resnet_50,17,throat_base,205.38,337.64,665.38,337.64,0.1589,False,
sample_0023,ScienceDB,resnet_50,18,throat_end,325.04,261.48,785.04,261.48,0.0718,False,
sample_0023,ScienceDB,resnet_50,19,back_base,203.27,57.32,663.27,57.32,0.375,True,
sample_0023,ScienceDB,resnet_50,20,back_end,295.65,443.06,755.65,443.06,0.1663,False,
sample_0023,ScienceDB,resnet_50,21,back_middle,195.98,40.25,655.98,40.25,0.2779,True,
sample_0023,ScienceDB,resnet_50,22,tail_base,296.54,459.46,756.54,459.46,0.3458,True,
sample_0023,ScienceDB,resnet_50,23,tail_end,258.54,574.69,718.54,574.69,0.3631,True,
sample_0023,ScienceDB,resnet_50,24,front_left_thai,316.87,211.9,776.87,211.9,0.3067,True,
sample_0023,ScienceDB,resnet_50,25,front_left_knee,391.92,362.53,851.92,362.53,0.1678,False,
sample_0023,ScienceDB,resnet_50,26,front_left_paw,270.86,252.09,730.86,252.09,0.1636,False,
sample_0023,ScienceDB,resnet_50,27,front_right_thai,89.46,330.15,549.46,330.15,0.2836,True,
sample_0023,ScienceDB,resnet_50,28,front_right_knee,73.23,363.4,533.23,363.4,0.1283,False,
sample_0023,ScienceDB,resnet_50,29,front_right_paw,101.25,465.96,561.25,465.96,0.459,True,
sample_0023,ScienceDB,resnet_50,30,back_left_paw,290.3,559.25,750.3,559.25,0.4873,True,
sample_0023,ScienceDB,resnet_50,31,back_left_thai,399.49,300.55,859.49,300.55,0.2419,True,
sample_0023,ScienceDB,resnet_50,32,back_right_thai,303.83,493.4,763.83,493.4,0.1605,False,
sample_0023,ScienceDB,resnet_50,33,back_left_knee,304.82,525.16,764.82,525.16,0.3687,True,
sample_0023,ScienceDB,resnet_50,34,back_right_knee,307.75,526.43,767.75,526.43,0.3812,True,
sample_0023,ScienceDB,resnet_50,35,back_right_paw,272.39,565.56,732.39,565.56,0.3251,True,
sample_0023,ScienceDB,resnet_50,36,belly_bottom,337.61,435.65,797.61,435.65,0.3391,True,
sample_0023,ScienceDB,resnet_50,37,body_middle_right,37.47,313.67,497.47,313.67,0.279,True,
sample_0023,ScienceDB,resnet_50,38,body_middle_left,388.85,233.75,848.85,233.75,0.2508,True,
sample_0024,ScienceDB,resnet_50,0,nose,502.9,157.59,765.9,157.59,0.4595,True,
sample_0024,ScienceDB,resnet_50,1,upper_jaw,515.34,176.94,778.34,176.94,0.1368,False,
sample_0024,ScienceDB,resnet_50,2,lower_jaw,332.8,241.7,595.8,241.7,0.2181,True,
sample_0024,ScienceDB,resnet_50,3,mouth_end_right,475.36,210.67,738.36,210.67,0.1663,False,
sample_0024,ScienceDB,resnet_50,4,mouth_end_left,496.1,197.18,759.1,197.18,0.1843,False,
sample_0024,ScienceDB,resnet_50,5,right_eye,467.19,201.87,730.19,201.87,0.4249,True,
sample_0024,ScienceDB,resnet_50,6,right_earbase,322.96,203.27,585.96,203.27,0.3512,True,
sample_0024,ScienceDB,resnet_50,7,right_earend,197.56,79.83,460.56,79.83,0.0793,False,
sample_0024,ScienceDB,resnet_50,8,right_antler_base,370.65,134.56,633.65,134.56,0.3025,True,
sample_0024,ScienceDB,resnet_50,9,right_antler_end,392.98,483.73,655.98,483.73,0.1173,False,
sample_0024,ScienceDB,resnet_50,10,left_eye,419.03,153.04,682.03,153.04,0.4689,True,
sample_0024,ScienceDB,resnet_50,11,left_earbase,394.69,120.03,657.69,120.03,0.3053,True,
sample_0024,ScienceDB,resnet_50,12,left_earend,425.52,53.61,688.52,53.61,0.2091,True,
sample_0024,ScienceDB,resnet_50,13,left_antler_base,402.73,109.8,665.73,109.8,0.4296,True,
sample_0024,ScienceDB,resnet_50,14,left_antler_end,421.02,64.86,684.02,64.86,0.2747,True,
sample_0024,ScienceDB,resnet_50,15,neck_base,330.6,136.44,593.6,136.44,0.1891,False,
sample_0024,ScienceDB,resnet_50,16,neck_end,283.32,116.15,546.32,116.15,0.1774,False,
sample_0024,ScienceDB,resnet_50,17,throat_base,329.93,269.85,592.93,269.85,0.122,False,
sample_0024,ScienceDB,resnet_50,18,throat_end,337.83,282.11,600.83,282.11,0.2471,True,
sample_0024,ScienceDB,resnet_50,19,back_base,320.77,41.81,583.77,41.81,0.1447,False,
sample_0024,ScienceDB,resnet_50,20,back_end,349.31,39.81,612.31,39.81,0.3737,True,
sample_0024,ScienceDB,resnet_50,21,back_middle,236.8,69.27,499.8,69.27,0.3156,True,
sample_0024,ScienceDB,resnet_50,22,tail_base,348.99,41.14,611.99,41.14,0.2991,True,
sample_0024,ScienceDB,resnet_50,23,tail_end,94.43,566.42,357.43,566.42,0.0826,False,
sample_0024,ScienceDB,resnet_50,24,front_left_thai,527.13,179.93,790.13,179.93,0.1927,False,
sample_0024,ScienceDB,resnet_50,25,front_left_knee,401.6,382.87,664.6,382.87,0.4011,True,
sample_0024,ScienceDB,resnet_50,26,front_left_paw,384.17,473.59,647.17,473.59,0.5429,True,
sample_0024,ScienceDB,resnet_50,27,front_right_thai,263.41,357.68,526.41,357.68,0.2811,True,
sample_0024,ScienceDB,resnet_50,28,front_right_knee,286.45,378.2,549.45,378.2,0.4509,True,
sample_0024,ScienceDB,resnet_50,29,front_right_paw,362.34,493.91,625.34,493.91,0.5399,True,
sample_0024,ScienceDB,resnet_50,30,back_left_paw,367.46,478.34,630.46,478.34,0.2184,True,
sample_0024,ScienceDB,resnet_50,31,back_left_thai,544.95,180.74,807.95,180.74,0.3062,True,
sample_0024,ScienceDB,resnet_50,32,back_right_thai,213.32,276.14,476.32,276.14,0.1083,False,
sample_0024,ScienceDB,resnet_50,33,back_left_knee,290.19,396.44,553.19,396.44,0.2747,True,
sample_0024,ScienceDB,resnet_50,34,back_right_knee,400.9,390.5,663.9,390.5,0.2287,True,
sample_0024,ScienceDB,resnet_50,35,back_right_paw,369.76,506.6,632.76,506.6,0.2251,True,
sample_0024,ScienceDB,resnet_50,36,belly_bottom,364.55,386.94,627.55,386.94,0.184,False,
sample_0024,ScienceDB,resnet_50,37,body_middle_right,219.33,223.37,482.33,223.37,0.1262,False,
sample_0024,ScienceDB,resnet_50,38,body_middle_left,223.68,248.69,486.68,248.69,0.2175,True,
sample_0025,ScienceDB,resnet_50,0,nose,355.95,520.98,528.95,520.98,0.2338,True,
sample_0025,ScienceDB,resnet_50,1,upper_jaw,367.62,528.73,540.62,528.73,0.1167,False,
sample_0025,ScienceDB,resnet_50,2,lower_jaw,372.88,508.25,545.88,508.25,0.1544,False,
sample_0025,ScienceDB,resnet_50,3,mouth_end_right,298.27,488.22,471.27,488.22,0.1307,False,
sample_0025,ScienceDB,resnet_50,4,mouth_end_left,374.58,230.23,547.58,230.23,0.0984,False,
sample_0025,ScienceDB,resnet_50,5,right_eye,343.26,199.03,516.26,199.03,0.125,False,
sample_0025,ScienceDB,resnet_50,6,right_earbase,310.14,54.87,483.14,54.87,0.0416,False,
sample_0025,ScienceDB,resnet_50,7,right_earend,339.51,143.53,512.51,143.53,0.1916,False,
sample_0025,ScienceDB,resnet_50,8,right_antler_base,454.54,41.49,627.54,41.49,0.0652,False,
sample_0025,ScienceDB,resnet_50,9,right_antler_end,293.91,27.25,466.91,27.25,0.1863,False,
sample_0025,ScienceDB,resnet_50,10,left_eye,348.28,204.2,521.28,204.2,0.048,False,
sample_0025,ScienceDB,resnet_50,11,left_earbase,297.85,393.08,470.85,393.08,0.063,False,
sample_0025,ScienceDB,resnet_50,12,left_earend,372.18,491.76,545.18,491.76,0.2487,True,
sample_0025,ScienceDB,resnet_50,13,left_antler_base,382.53,173.58,555.53,173.58,0.0938,False,
sample_0025,ScienceDB,resnet_50,14,left_antler_end,490.73,235.08,663.73,235.08,0.2678,True,
sample_0025,ScienceDB,resnet_50,15,neck_base,363.88,195.04,536.88,195.04,0.1744,False,
sample_0025,ScienceDB,resnet_50,16,neck_end,327.0,231.28,500.0,231.28,0.2239,True,
sample_0025,ScienceDB,resnet_50,17,throat_base,387.04,484.13,560.04,484.13,0.1098,False,
sample_0025,ScienceDB,resnet_50,18,throat_end,382.33,241.7,555.33,241.7,0.0678,False,
sample_0025,ScienceDB,resnet_50,19,back_base,321.09,203.37,494.09,203.37,0.1771,False,
sample_0025,ScienceDB,resnet_50,20,back_end,361.85,175.5,534.85,175.5,0.3782,True,
sample_0025,ScienceDB,resnet_50,21,back_middle,475.67,194.5,648.67,194.5,0.3885,True,
sample_0025,ScienceDB,resnet_50,22,tail_base,351.8,188.5,524.8,188.5,0.458,True,
sample_0025,ScienceDB,resnet_50,23,tail_end,429.44,452.87,602.44,452.87,0.3026,True,
sample_0025,ScienceDB,resnet_50,24,front_left_thai,420.48,264.79,593.48,264.79,0.3151,True,
sample_0025,ScienceDB,resnet_50,25,front_left_knee,292.43,371.8,465.43,371.8,0.2511,True,
sample_0025,ScienceDB,resnet_50,26,front_left_paw,332.06,478.7,505.06,478.7,0.253,True,
sample_0025,ScienceDB,resnet_50,27,front_right_thai,412.55,274.5,585.55,274.5,0.1379,False,
sample_0025,ScienceDB,resnet_50,28,front_right_knee,295.52,371.58,468.52,371.58,0.1256,False,
sample_0025,ScienceDB,resnet_50,29,front_right_paw,294.83,458.85,467.83,458.85,0.2874,True,
sample_0025,ScienceDB,resnet_50,30,back_left_paw,336.72,492.96,509.72,492.96,0.5612,True,
sample_0025,ScienceDB,resnet_50,31,back_left_thai,415.14,271.43,588.14,271.43,0.6931,True,
sample_0025,ScienceDB,resnet_50,32,back_right_thai,411.48,266.06,584.48,266.06,0.4827,True,
sample_0025,ScienceDB,resnet_50,33,back_left_knee,395.57,398.53,568.57,398.53,0.3802,True,
sample_0025,ScienceDB,resnet_50,34,back_right_knee,439.55,433.03,612.55,433.03,0.6287,True,
sample_0025,ScienceDB,resnet_50,35,back_right_paw,387.66,485.33,560.66,485.33,0.6179,True,
sample_0025,ScienceDB,resnet_50,36,belly_bottom,375.72,245.2,548.72,245.2,0.2175,True,
sample_0025,ScienceDB,resnet_50,37,body_middle_right,481.19,266.99,654.19,266.99,0.1568,False,
sample_0025,ScienceDB,resnet_50,38,body_middle_left,542.67,336.74,715.67,336.74,0.2618,True,
sample_0026,ScienceDB,resnet_50,0,nose,216.4,519.72,674.4,519.72,0.1953,False,
sample_0026,ScienceDB,resnet_50,1,upper_jaw,218.74,526.77,676.74,526.77,0.2253,True,
sample_0026,ScienceDB,resnet_50,2,lower_jaw,219.05,534.66,677.05,534.66,0.2926,True,
sample_0026,ScienceDB,resnet_50,3,mouth_end_right,220.73,509.49,678.73,509.49,0.1171,False,
sample_0026,ScienceDB,resnet_50,4,mouth_end_left,360.04,305.23,818.04,305.23,0.12,False,
sample_0026,ScienceDB,resnet_50,5,right_eye,213.19,479.27,671.19,479.27,0.123,False,
sample_0026,ScienceDB,resnet_50,6,right_earbase,160.3,422.0,618.3,422.0,0.2095,True,
sample_0026,ScienceDB,resnet_50,7,right_earend,339.28,297.21,797.28,297.21,0.2175,True,
sample_0026,ScienceDB,resnet_50,8,right_antler_base,340.28,294.31,798.28,294.31,0.1071,False,
sample_0026,ScienceDB,resnet_50,9,right_antler_end,324.33,281.58,782.33,281.58,0.2189,True,
sample_0026,ScienceDB,resnet_50,10,left_eye,325.3,331.79,783.3,331.79,0.1454,False,
sample_0026,ScienceDB,resnet_50,11,left_earbase,283.86,289.01,741.86,289.01,0.0518,False,
sample_0026,ScienceDB,resnet_50,12,left_earend,411.86,421.3,869.86,421.3,0.3272,True,
sample_0026,ScienceDB,resnet_50,13,left_antler_base,322.65,303.41,780.65,303.41,0.1072,False,
sample_0026,ScienceDB,resnet_50,14,left_antler_end,322.47,275.0,780.47,275.0,0.2414,True,
sample_0026,ScienceDB,resnet_50,15,neck_base,232.54,428.56,690.54,428.56,0.171,False,
sample_0026,ScienceDB,resnet_50,16,neck_end,263.8,359.06,721.8,359.06,0.1945,False,
sample_0026,ScienceDB,resnet_50,17,throat_base,263.01,356.11,721.01,356.11,0.0686,False,
sample_0026,ScienceDB,resnet_50,18,throat_end,225.63,463.65,683.63,463.65,0.1487,False,
sample_0026,ScienceDB,resnet_50,19,back_base,176.83,390.9,634.83,390.9,0.2629,True,
sample_0026,ScienceDB,resnet_50,20,back_end,146.27,403.97,604.27,403.97,0.1248,False,
sample_0026,ScienceDB,resnet_50,21,back_middle,146.81,411.65,604.81,411.65,0.1907,False,
sample_0026,ScienceDB,resnet_50,22,tail_base,152.69,407.27,610.69,407.27,0.174,False,
sample_0026,ScienceDB,resnet_50,23,tail_end,151.99,535.58,609.99,535.58,0.25,True,
sample_0026,ScienceDB,resnet_50,24,front_left_thai,252.12,429.35,710.12,429.35,0.3497,True,
sample_0026,ScienceDB,resnet_50,25,front_left_knee,332.54,465.22,790.54,465.22,0.1211,False,
sample_0026,ScienceDB,resnet_50,26,front_left_paw,404.19,424.81,862.19,424.81,0.2984,True,
sample_0026,ScienceDB,resnet_50,27,front_right_thai,167.25,420.26,625.25,420.26,0.4619,True,
sample_0026,ScienceDB,resnet_50,28,front_right_knee,161.93,425.76,619.93,425.76,0.1391,False,
sample_0026,ScienceDB,resnet_50,29,front_right_paw,404.91,424.59,862.91,424.59,0.3885,True,
sample_0026,ScienceDB,resnet_50,30,back_left_paw,370.18,555.38,828.18,555.38,0.5579,True,
sample_0026,ScienceDB,resnet_50,31,back_left_thai,334.69,480.03,792.69,480.03,0.3565,True,
sample_0026,ScienceDB,resnet_50,32,back_right_thai,329.11,481.42,787.11,481.42,0.2572,True,
sample_0026,ScienceDB,resnet_50,33,back_left_knee,340.75,514.75,798.75,514.75,0.4018,True,
sample_0026,ScienceDB,resnet_50,34,back_right_knee,296.45,545.63,754.45,545.63,0.4332,True,
sample_0026,ScienceDB,resnet_50,35,back_right_paw,304.54,559.24,762.54,559.24,0.2899,True,
sample_0026,ScienceDB,resnet_50,36,belly_bottom,319.39,460.65,777.39,460.65,0.267,True,
sample_0026,ScienceDB,resnet_50,37,body_middle_right,148.77,417.68,606.77,417.68,0.1843,False,
sample_0026,ScienceDB,resnet_50,38,body_middle_left,304.95,443.96,762.95,443.96,0.2758,True,
sample_0027,ScienceDB,resnet_50,0,nose,479.38,557.16,756.38,557.16,0.5009,True,
sample_0027,ScienceDB,resnet_50,1,upper_jaw,472.33,554.27,749.33,554.27,0.5026,True,
sample_0027,ScienceDB,resnet_50,2,lower_jaw,450.81,562.63,727.81,562.63,0.4854,True,
sample_0027,ScienceDB,resnet_50,3,mouth_end_right,458.21,539.06,735.21,539.06,0.1923,False,
sample_0027,ScienceDB,resnet_50,4,mouth_end_left,479.21,550.49,756.21,550.49,0.332,True,
sample_0027,ScienceDB,resnet_50,5,right_eye,547.74,525.74,824.74,525.74,0.6819,True,
sample_0027,ScienceDB,resnet_50,6,right_earbase,357.0,151.72,634.0,151.72,0.245,True,
sample_0027,ScienceDB,resnet_50,7,right_earend,337.3,132.64,614.3,132.64,0.2277,True,
sample_0027,ScienceDB,resnet_50,8,right_antler_base,546.85,494.11,823.85,494.11,0.1853,False,
sample_0027,ScienceDB,resnet_50,9,right_antler_end,349.27,130.13,626.27,130.13,0.1422,False,
sample_0027,ScienceDB,resnet_50,10,left_eye,552.06,532.95,829.06,532.95,0.6089,True,
sample_0027,ScienceDB,resnet_50,11,left_earbase,417.75,290.72,694.75,290.72,0.1552,False,
sample_0027,ScienceDB,resnet_50,12,left_earend,506.99,47.18,783.99,47.18,0.206,True,
sample_0027,ScienceDB,resnet_50,13,left_antler_base,570.56,480.49,847.56,480.49,0.178,False,
sample_0027,ScienceDB,resnet_50,14,left_antler_end,367.77,133.84,644.77,133.84,0.2549,True,
sample_0027,ScienceDB,resnet_50,15,neck_base,250.52,294.9,527.52,294.9,0.3024,True,
sample_0027,ScienceDB,resnet_50,16,neck_end,411.46,157.59,688.46,157.59,0.3188,True,
sample_0027,ScienceDB,resnet_50,17,throat_base,354.15,382.47,631.15,382.47,0.1822,False,
sample_0027,ScienceDB,resnet_50,18,throat_end,395.85,482.58,672.85,482.58,0.1314,False,
sample_0027,ScienceDB,resnet_50,19,back_base,397.06,145.64,674.06,145.64,0.2991,True,
sample_0027,ScienceDB,resnet_50,20,back_end,84.88,47.7,361.88,47.7,0.3438,True,
sample_0027,ScienceDB,resnet_50,21,back_middle,226.59,34.76,503.59,34.76,0.47,True,
sample_0027,ScienceDB,resnet_50,22,tail_base,80.08,53.33,357.08,53.33,0.3877,True,
sample_0027,ScienceDB,resnet_50,23,tail_end,634.18,438.23,911.18,438.23,0.1783,False,
sample_0027,ScienceDB,resnet_50,24,front_left_thai,551.31,302.13,828.31,302.13,0.3677,True,
sample_0027,ScienceDB,resnet_50,25,front_left_knee,639.96,443.0,916.96,443.0,0.0619,False,
sample_0027,ScienceDB,resnet_50,26,front_left_paw,512.84,537.25,789.84,537.25,0.4699,True,
sample_0027,ScienceDB,resnet_50,27,front_right_thai,111.65,432.7,388.65,432.7,0.432,True,
sample_0027,ScienceDB,resnet_50,28,front_right_knee,111.17,545.14,388.17,545.14,0.3069,True,
sample_0027,ScienceDB,resnet_50,29,front_right_paw,408.81,552.63,685.81,552.63,0.711,True,
sample_0027,ScienceDB,resnet_50,30,back_left_paw,499.94,566.31,776.94,566.31,0.3262,True,
sample_0027,ScienceDB,resnet_50,31,back_left_thai,593.15,341.47,870.15,341.47,0.3381,True,
sample_0027,ScienceDB,resnet_50,32,back_right_thai,547.52,279.09,824.52,279.09,0.2869,True,
sample_0027,ScienceDB,resnet_50,33,back_left_knee,616.73,452.89,893.73,452.89,0.2832,True,
sample_0027,ScienceDB,resnet_50,34,back_right_knee,630.37,435.92,907.37,435.92,0.1666,False,
sample_0027,ScienceDB,resnet_50,35,back_right_paw,92.96,563.49,369.96,563.49,0.1279,False,
sample_0027,ScienceDB,resnet_50,36,belly_bottom,472.58,478.8,749.58,478.8,0.2435,True,
sample_0027,ScienceDB,resnet_50,37,body_middle_right,51.76,199.04,328.76,199.04,0.2147,True,
sample_0027,ScienceDB,resnet_50,38,body_middle_left,518.27,108.23,795.27,108.23,0.2804,True,
sample_0028,ScienceDB,resnet_50,0,nose,36.64,428.4,441.64,428.4,0.1628,False,
sample_0028,ScienceDB,resnet_50,1,upper_jaw,74.88,476.67,479.88,476.67,0.2794,True,
sample_0028,ScienceDB,resnet_50,2,lower_jaw,93.47,473.18,498.47,473.18,0.3273,True,
sample_0028,ScienceDB,resnet_50,3,mouth_end_right,60.74,407.71,465.74,407.71,0.2245,True,
sample_0028,ScienceDB,resnet_50,4,mouth_end_left,42.71,411.77,447.71,411.77,0.2035,True,
sample_0028,ScienceDB,resnet_50,5,right_eye,123.85,129.38,528.85,129.38,0.1372,False,
sample_0028,ScienceDB,resnet_50,6,right_earbase,393.81,123.6,798.81,123.6,0.402,True,
sample_0028,ScienceDB,resnet_50,7,right_earend,404.76,121.91,809.76,121.91,0.4701,True,
sample_0028,ScienceDB,resnet_50,8,right_antler_base,401.69,130.42,806.69,130.42,0.2065,True,
sample_0028,ScienceDB,resnet_50,9,right_antler_end,174.83,501.35,579.83,501.35,0.136,False,
sample_0028,ScienceDB,resnet_50,10,left_eye,206.57,532.13,611.57,532.13,0.2467,True,
sample_0028,ScienceDB,resnet_50,11,left_earbase,258.5,127.17,663.5,127.17,0.1097,False,
sample_0028,ScienceDB,resnet_50,12,left_earend,260.66,558.71,665.66,558.71,0.1151,False,
sample_0028,ScienceDB,resnet_50,13,left_antler_base,392.77,125.03,797.77,125.03,0.1277,False,
sample_0028,ScienceDB,resnet_50,14,left_antler_end,283.16,521.15,688.16,521.15,0.2278,True,
sample_0028,ScienceDB,resnet_50,15,neck_base,250.81,248.29,655.81,248.29,0.2315,True,
sample_0028,ScienceDB,resnet_50,16,neck_end,269.37,124.38,674.37,124.38,0.1412,False,
sample_0028,ScienceDB,resnet_50,17,throat_base,165.86,368.92,570.86,368.92,0.064,False,
sample_0028,ScienceDB,resnet_50,18,throat_end,230.25,186.19,635.25,186.19,0.0671,False,
sample_0028,ScienceDB,resnet_50,19,back_base,369.65,441.71,774.65,441.71,0.1755,False,
sample_0028,ScienceDB,resnet_50,20,back_end,299.42,524.26,704.42,524.26,0.2397,True,
sample_0028,ScienceDB,resnet_50,21,back_middle,371.22,426.8,776.22,426.8,0.2384,True,
sample_0028,ScienceDB,resnet_50,22,tail_base,284.97,528.9,689.97,528.9,0.3013,True,
sample_0028,ScienceDB,resnet_50,23,tail_end,411.53,131.4,816.53,131.4,0.1362,False,
sample_0028,ScienceDB,resnet_50,24,front_left_thai,287.76,516.47,692.76,516.47,0.3262,True,
sample_0028,ScienceDB,resnet_50,25,front_left_knee,284.98,535.94,689.98,535.94,0.2995,True,
sample_0028,ScienceDB,resnet_50,26,front_left_paw,146.61,537.87,551.61,537.87,0.4047,True,
sample_0028,ScienceDB,resnet_50,27,front_right_thai,78.87,287.02,483.87,287.02,0.358,True,
sample_0028,ScienceDB,resnet_50,28,front_right_knee,134.46,449.9,539.46,449.9,0.2676,True,
sample_0028,ScienceDB,resnet_50,29,front_right_paw,30.36,381.26,435.36,381.26,0.4891,True,
sample_0028,ScienceDB,resnet_50,30,back_left_paw,166.93,544.82,571.93,544.82,0.2342,True,
sample_0028,ScienceDB,resnet_50,31,back_left_thai,417.43,217.6,822.43,217.6,0.7303,True,
sample_0028,ScienceDB,resnet_50,32,back_right_thai,93.99,268.68,498.99,268.68,0.4236,True,
sample_0028,ScienceDB,resnet_50,33,back_left_knee,183.96,557.93,588.96,557.93,0.2654,True,
sample_0028,ScienceDB,resnet_50,34,back_right_knee,37.15,335.3,442.15,335.3,0.3956,True,
sample_0028,ScienceDB,resnet_50,35,back_right_paw,140.45,551.02,545.45,551.02,0.4318,True,
sample_0028,ScienceDB,resnet_50,36,belly_bottom,205.63,414.52,610.63,414.52,0.1809,False,
sample_0028,ScienceDB,resnet_50,37,body_middle_right,270.72,361.74,675.72,361.74,0.392,True,
sample_0028,ScienceDB,resnet_50,38,body_middle_left,326.88,472.32,731.88,472.32,0.3977,True,
sample_0029,ScienceDB,resnet_50,0,nose,29.3,259.84,421.3,314.84,0.1282,False,
sample_0029,ScienceDB,resnet_50,1,upper_jaw,120.28,101.5,512.28,156.5,0.0675,False,
sample_0029,ScienceDB,resnet_50,2,lower_jaw,170.77,308.31,562.77,363.31,0.0982,False,
sample_0029,ScienceDB,resnet_50,3,mouth_end_right,203.34,114.17,595.34,169.17,0.0616,False,
sample_0029,ScienceDB,resnet_50,4,mouth_end_left,154.47,260.62,546.47,315.62,0.1061,False,
sample_0029,ScienceDB,resnet_50,5,right_eye,185.05,63.07,577.05,118.07,0.1141,False,
sample_0029,ScienceDB,resnet_50,6,right_earbase,214.75,67.42,606.75,122.42,0.4049,True,
sample_0029,ScienceDB,resnet_50,7,right_earend,168.15,9.72,560.15,64.72,0.384,True,
sample_0029,ScienceDB,resnet_50,8,right_antler_base,146.94,35.94,538.94,90.94,0.1746,False,
sample_0029,ScienceDB,resnet_50,9,right_antler_end,171.17,23.3,563.17,78.3,0.2169,True,
sample_0029,ScienceDB,resnet_50,10,left_eye,181.69,61.98,573.69,116.98,0.128,False,
sample_0029,ScienceDB,resnet_50,11,left_earbase,135.14,28.93,527.14,83.93,0.304,True,
sample_0029,ScienceDB,resnet_50,12,left_earend,138.72,16.37,530.72,71.37,0.6355,True,
sample_0029,ScienceDB,resnet_50,13,left_antler_base,146.52,32.63,538.52,87.63,0.251,True,
sample_0029,ScienceDB,resnet_50,14,left_antler_end,249.51,184.32,641.51,239.32,0.1725,False,
sample_0029,ScienceDB,resnet_50,15,neck_base,157.18,46.83,549.18,101.83,0.4133,True,
sample_0029,ScienceDB,resnet_50,16,neck_end,151.64,30.86,543.64,85.86,0.4895,True,
sample_0029,ScienceDB,resnet_50,17,throat_base,129.56,85.07,521.56,140.07,0.0946,False,
sample_0029,ScienceDB,resnet_50,18,throat_end,129.93,100.14,521.93,155.14,0.1799,False,
sample_0029,ScienceDB,resnet_50,19,back_base,145.84,28.62,537.84,83.62,0.2728,True,
sample_0029,ScienceDB,resnet_50,20,back_end,206.44,317.69,598.44,372.69,0.0987,False,
sample_0029,ScienceDB,resnet_50,21,back_middle,252.12,250.73,644.12,305.73,0.269,True,
sample_0029,ScienceDB,resnet_50,22,tail_base,216.26,261.81,608.26,316.81,0.1378,False,
sample_0029,ScienceDB,resnet_50,23,tail_end,220.84,341.0,612.84,396.0,0.2733,True,
sample_0029,ScienceDB,resnet_50,24,front_left_thai,37.68,116.75,429.68,171.75,0.2689,True,
sample_0029,ScienceDB,resnet_50,25,front_left_knee,25.91,126.53,417.91,181.53,0.2494,True,
sample_0029,ScienceDB,resnet_50,26,front_left_paw,257.73,180.63,649.73,235.63,0.1542,False,
sample_0029,ScienceDB,resnet_50,27,front_right_thai,227.34,107.98,619.34,162.98,0.6269,True,
sample_0029,ScienceDB,resnet_50,28,front_right_knee,230.54,108.34,622.54,163.34,0.3665,True,
sample_0029,ScienceDB,resnet_50,29,front_right_paw,224.51,337.23,616.51,392.23,0.1556,False,
sample_0029,ScienceDB,resnet_50,30,back_left_paw,83.79,308.07,475.79,363.07,0.2685,True,
sample_0029,ScienceDB,resnet_50,31,back_left_thai,67.91,259.77,459.91,314.77,0.2586,True,
sample_0029,ScienceDB,resnet_50,32,back_right_thai,212.38,273.46,604.38,328.46,0.2547,True,
sample_0029,ScienceDB,resnet_50,33,back_left_knee,61.07,275.63,453.07,330.63,0.3357,True,
sample_0029,ScienceDB,resnet_50,34,back_right_knee,146.56,273.46,538.56,328.46,0.3854,True,
sample_0029,ScienceDB,resnet_50,35,back_right_paw,133.6,301.69,525.6,356.69,0.2545,True,
sample_0029,ScienceDB,resnet_50,36,belly_bottom,237.82,195.74,629.82,250.74,0.1598,False,
sample_0029,ScienceDB,resnet_50,37,body_middle_right,226.57,172.26,618.57,227.26,0.2872,True,
sample_0029,ScienceDB,resnet_50,38,body_middle_left,164.53,144.83,556.53,199.83,0.256,True,
sample_0030,ScienceDB,resnet_50,0,nose,415.99,325.91,616.99,325.91,0.2088,True,
sample_0030,ScienceDB,resnet_50,1,upper_jaw,412.22,280.6,613.22,280.6,0.1122,False,
sample_0030,ScienceDB,resnet_50,2,lower_jaw,396.16,345.63,597.16,345.63,0.1285,False,
sample_0030,ScienceDB,resnet_50,3,mouth_end_right,408.65,298.36,609.65,298.36,0.1827,False,
sample_0030,ScienceDB,resnet_50,4,mouth_end_left,404.58,285.06,605.58,285.06,0.296,True,
sample_0030,ScienceDB,resnet_50,5,right_eye,482.2,235.26,683.2,235.26,0.2951,True,
sample_0030,ScienceDB,resnet_50,6,right_earbase,415.41,189.1,616.41,189.1,0.1923,False,
sample_0030,ScienceDB,resnet_50,7,right_earend,357.74,310.59,558.74,310.59,0.1407,False,
sample_0030,ScienceDB,resnet_50,8,right_antler_base,420.62,175.59,621.62,175.59,0.2308,True,
sample_0030,ScienceDB,resnet_50,9,right_antler_end,332.37,59.55,533.37,59.55,0.1095,False,
sample_0030,ScienceDB,resnet_50,10,left_eye,480.34,241.08,681.34,241.08,0.3575,True,
sample_0030,ScienceDB,resnet_50,11,left_earbase,363.47,233.08,564.47,233.08,0.1493,False,
sample_0030,ScienceDB,resnet_50,12,left_earend,371.92,89.97,572.92,89.97,0.0951,False,
sample_0030,ScienceDB,resnet_50,13,left_antler_base,463.92,262.43,664.92,262.43,0.1708,False,
sample_0030,ScienceDB,resnet_50,14,left_antler_end,391.05,251.57,592.05,251.57,0.2393,True,
sample_0030,ScienceDB,resnet_50,15,neck_base,343.56,261.65,544.56,261.65,0.2641,True,
sample_0030,ScienceDB,resnet_50,16,neck_end,358.79,75.8,559.79,75.8,0.1199,False,
sample_0030,ScienceDB,resnet_50,17,throat_base,358.28,315.04,559.28,315.04,0.312,True,
sample_0030,ScienceDB,resnet_50,18,throat_end,354.93,318.85,555.93,318.85,0.3022,True,
sample_0030,ScienceDB,resnet_50,19,back_base,348.48,68.2,549.48,68.2,0.1667,False,
sample_0030,ScienceDB,resnet_50,20,back_end,92.51,41.76,293.51,41.76,0.3959,True,
sample_0030,ScienceDB,resnet_50,21,back_middle,275.25,38.55,476.25,38.55,0.4875,True,
sample_0030,ScienceDB,resnet_50,22,tail_base,84.08,42.94,285.08,42.94,0.4599,True,
sample_0030,ScienceDB,resnet_50,23,tail_end,450.23,544.93,651.23,544.93,0.1202,False,
sample_0030,ScienceDB,resnet_50,24,front_left_thai,116.09,361.84,317.09,361.84,0.1378,False,
sample_0030,ScienceDB,resnet_50,25,front_left_knee,464.81,422.78,665.81,422.78,0.0973,False,
sample_0030,ScienceDB,resnet_50,26,front_left_paw,479.02,295.9,680.02,295.9,0.1471,False,
sample_0030,ScienceDB,resnet_50,27,front_right_thai,119.05,371.03,320.05,371.03,0.1868,False,
sample_0030,ScienceDB,resnet_50,28,front_right_knee,460.79,287.39,661.79,287.39,0.1589,False,
sample_0030,ScienceDB,resnet_50,29,front_right_paw,360.55,276.93,561.55,276.93,0.1405,False,
sample_0030,ScienceDB,resnet_50,30,back_left_paw,457.51,517.41,658.51,517.41,0.3854,True,
sample_0030,ScienceDB,resnet_50,31,back_left_thai,422.86,348.35,623.86,348.35,0.2496,True,
sample_0030,ScienceDB,resnet_50,32,back_right_thai,82.18,138.61,283.18,138.61,0.378,True,
sample_0030,ScienceDB,resnet_50,33,back_left_knee,460.05,403.24,661.05,403.24,0.1574,False,
sample_0030,ScienceDB,resnet_50,34,back_right_knee,445.25,457.63,646.25,457.63,0.2013,True,
sample_0030,ScienceDB,resnet_50,35,back_right_paw,468.4,524.3,669.4,524.3,0.323,True,
sample_0030,ScienceDB,resnet_50,36,belly_bottom,387.7,423.57,588.7,423.57,0.2038,True,
sample_0030,ScienceDB,resnet_50,37,body_middle_right,128.96,231.46,329.96,231.46,0.1744,False,
sample_0030,ScienceDB,resnet_50,38,body_middle_left,414.42,155.87,615.42,155.87,0.136,False,
sample_0031,ScienceDB,resnet_50,0,nose,154.58,45.69,627.58,106.69,0.0454,False,
sample_0031,ScienceDB,resnet_50,1,upper_jaw,203.93,375.99,676.93,436.99,0.1117,False,
sample_0031,ScienceDB,resnet_50,2,lower_jaw,152.26,56.68,625.26,117.68,0.121,False,
sample_0031,ScienceDB,resnet_50,3,mouth_end_right,156.62,51.4,629.62,112.4,0.073,False,
sample_0031,ScienceDB,resnet_50,4,mouth_end_left,104.85,277.05,577.85,338.05,0.0922,False,
sample_0031,ScienceDB,resnet_50,5,right_eye,134.31,41.58,607.31,102.58,0.2143,True,
sample_0031,ScienceDB,resnet_50,6,right_earbase,114.61,29.33,587.61,90.33,0.9307,True,
sample_0031,ScienceDB,resnet_50,7,right_earend,115.44,9.48,588.44,70.48,0.3322,True,
sample_0031,ScienceDB,resnet_50,8,right_antler_base,114.79,31.0,587.79,92.0,0.3585,True,
sample_0031,ScienceDB,resnet_50,9,right_antler_end,116.81,18.05,589.81,79.05,0.2278,True,
sample_0031,ScienceDB,resnet_50,10,left_eye,87.47,39.12,560.47,100.12,0.147,False,
sample_0031,ScienceDB,resnet_50,11,left_earbase,84.24,27.19,557.24,88.19,0.3535,True,
sample_0031,ScienceDB,resnet_50,12,left_earend,89.44,6.64,562.44,67.64,0.4378,True,
sample_0031,ScienceDB,resnet_50,13,left_antler_base,87.84,17.95,560.84,78.95,0.3833,True,
sample_0031,ScienceDB,resnet_50,14,left_antler_end,217.23,143.33,690.23,204.33,0.3529,True,
sample_0031,ScienceDB,resnet_50,15,neck_base,83.78,56.83,556.78,117.83,0.7077,True,
sample_0031,ScienceDB,resnet_50,16,neck_end,83.26,61.5,556.26,122.5,0.4247,True,
sample_0031,ScienceDB,resnet_50,17,throat_base,124.71,62.04,597.71,123.04,0.0702,False,
sample_0031,ScienceDB,resnet_50,18,throat_end,134.71,59.63,607.71,120.63,0.1066,False,
sample_0031,ScienceDB,resnet_50,19,back_base,87.95,66.69,560.95,127.69,0.2562,True,
sample_0031,ScienceDB,resnet_50,20,back_end,84.44,56.26,557.44,117.26,0.1428,False,
sample_0031,ScienceDB,resnet_50,21,back_middle,99.06,84.22,572.06,145.22,0.1607,False,
sample_0031,ScienceDB,resnet_50,22,tail_base,134.75,332.5,607.75,393.5,0.2432,True,
sample_0031,ScienceDB,resnet_50,23,tail_end,159.24,271.86,632.24,332.86,0.5724,True,
sample_0031,ScienceDB,resnet_50,24,front_left_thai,28.23,119.52,501.23,180.52,0.2243,True,
sample_0031,ScienceDB,resnet_50,25,front_left_knee,223.7,151.59,696.7,212.59,0.1395,False,
sample_0031,ScienceDB,resnet_50,26,front_left_paw,263.36,316.53,736.36,377.53,0.2021,True,
sample_0031,ScienceDB,resnet_50,27,front_right_thai,145.9,69.94,618.9,130.94,0.347,True,
sample_0031,ScienceDB,resnet_50,28,front_right_knee,264.38,294.7,737.38,355.7,0.174,False,
sample_0031,ScienceDB,resnet_50,29,front_right_paw,267.49,326.32,740.49,387.32,0.6668,True,
sample_0031,ScienceDB,resnet_50,30,back_left_paw,267.97,326.6,740.97,387.6,0.3167,True,
sample_0031,ScienceDB,resnet_50,31,back_left_thai,98.21,352.28,571.21,413.28,0.138,False,
sample_0031,ScienceDB,resnet_50,32,back_right_thai,182.82,308.23,655.82,369.23,0.2669,True,
sample_0031,ScienceDB,resnet_50,33,back_left_knee,185.59,236.83,658.59,297.83,0.4229,True,
sample_0031,ScienceDB,resnet_50,34,back_right_knee,203.48,329.58,676.48,390.58,0.5849,True,
sample_0031,ScienceDB,resnet_50,35,back_right_paw,184.04,374.04,657.04,435.04,0.6691,True,
sample_0031,ScienceDB,resnet_50,36,belly_bottom,183.21,144.34,656.21,205.34,0.1253,False,
sample_0031,ScienceDB,resnet_50,37,body_middle_right,163.21,120.04,636.21,181.04,0.2269,True,
sample_0031,ScienceDB,resnet_50,38,body_middle_left,151.21,129.99,624.21,190.99,0.2609,True,
sample_0032,ScienceDB,resnet_50,0,nose,183.01,315.01,581.01,408.01,0.5164,True,
sample_0032,ScienceDB,resnet_50,1,upper_jaw,177.33,325.97,575.33,418.97,0.3697,True,
sample_0032,ScienceDB,resnet_50,2,lower_jaw,179.33,335.27,577.33,428.27,0.1982,False,
sample_0032,ScienceDB,resnet_50,3,mouth_end_right,163.17,318.78,561.17,411.78,0.2819,True,
sample_0032,ScienceDB,resnet_50,4,mouth_end_left,182.6,309.85,580.6,402.85,0.1824,False,
sample_0032,ScienceDB,resnet_50,5,right_eye,160.16,273.83,558.16,366.83,0.8691,True,
sample_0032,ScienceDB,resnet_50,6,right_earbase,148.06,250.97,546.06,343.97,0.6387,True,
sample_0032,ScienceDB,resnet_50,7,right_earend,131.43,250.27,529.43,343.27,0.2646,True,
sample_0032,ScienceDB,resnet_50,8,right_antler_base,157.73,253.06,555.73,346.06,0.411,True,
sample_0032,ScienceDB,resnet_50,9,right_antler_end,156.18,242.61,554.18,335.61,0.2594,True,
sample_0032,ScienceDB,resnet_50,10,left_eye,175.21,274.09,573.21,367.09,0.6196,True,
sample_0032,ScienceDB,resnet_50,11,left_earbase,170.71,248.32,568.71,341.32,0.5418,True,
sample_0032,ScienceDB,resnet_50,12,left_earend,171.62,240.59,569.62,333.59,0.4151,True,
sample_0032,ScienceDB,resnet_50,13,left_antler_base,172.63,249.66,570.63,342.66,0.5199,True,
sample_0032,ScienceDB,resnet_50,14,left_antler_end,168.01,244.17,566.01,337.17,0.33,True,
sample_0032,ScienceDB,resnet_50,15,neck_base,11.16,291.77,409.16,384.77,0.1611,False,
sample_0032,ScienceDB,resnet_50,16,neck_end,11.83,274.35,409.83,367.35,0.2825,True,
sample_0032,ScienceDB,resnet_50,17,throat_base,107.17,314.43,505.17,407.43,0.0913,False,
sample_0032,ScienceDB,resnet_50,18,throat_end,102.2,315.01,500.2,408.01,0.1106,False,
sample_0032,ScienceDB,resnet_50,19,back_base,17.54,258.56,415.54,351.56,0.3675,True,
sample_0032,ScienceDB,resnet_50,20,back_end,10.45,265.63,408.45,358.63,0.3073,True,
sample_0032,ScienceDB,resnet_50,21,back_middle,12.47,264.67,410.47,357.67,0.1423,False,
sample_0032,ScienceDB,resnet_50,22,tail_base,16.98,266.94,414.98,359.94,0.3348,True,
sample_0032,ScienceDB,resnet_50,23,tail_end,167.23,473.67,565.23,566.67,0.1757,False,
sample_0032,ScienceDB,resnet_50,24,front_left_thai,91.51,373.33,489.51,466.33,0.3298,True,
sample_0032,ScienceDB,resnet_50,25,front_left_knee,187.38,346.96,585.38,439.96,0.2586,True,
sample_0032,ScienceDB,resnet_50,26,front_left_paw,164.43,417.27,562.43,510.27,0.4813,True,
sample_0032,ScienceDB,resnet_50,27,front_right_thai,28.01,335.69,426.01,428.69,0.3632,True,
sample_0032,ScienceDB,resnet_50,28,front_right_knee,155.16,410.36,553.16,503.36,0.0844,False,
sample_0032,ScienceDB,resnet_50,29,front_right_paw,165.33,422.45,563.33,515.45,0.2036,True,
sample_0032,ScienceDB,resnet_50,30,back_left_paw,11.89,469.44,409.89,562.44,0.5832,True,
sample_0032,ScienceDB,resnet_50,31,back_left_thai,153.17,392.06,551.17,485.06,0.189,False,
sample_0032,ScienceDB,resnet_50,32,back_right_thai,12.24,400.39,410.24,493.39,0.3271,True,
sample_0032,ScienceDB,resnet_50,33,back_left_knee,159.57,414.56,557.57,507.56,0.4057,True,
sample_0032,ScienceDB,resnet_50,34,back_right_knee,17.87,423.12,415.87,516.12,0.574,True,
sample_0032,ScienceDB,resnet_50,35,back_right_paw,13.39,471.72,411.39,564.72,0.6155,True,
sample_0032,ScienceDB,resnet_50,36,belly_bottom,140.19,387.73,538.19,480.73,0.359,True,
sample_0032,ScienceDB,resnet_50,37,body_middle_right,37.91,369.14,435.91,462.14,0.2496,True,
sample_0032,ScienceDB,resnet_50,38,body_middle_left,38.16,321.51,436.16,414.51,0.2167,True,
sample_0033,ScienceDB,resnet_50,0,nose,216.75,531.25,637.75,531.25,0.2547,True,
sample_0033,ScienceDB,resnet_50,1,upper_jaw,230.44,558.13,651.44,558.13,0.1513,False,
sample_0033,ScienceDB,resnet_50,2,lower_jaw,227.38,539.2,648.38,539.2,0.2999,True,
sample_0033,ScienceDB,resnet_50,3,mouth_end_right,198.16,538.13,619.16,538.13,0.1601,False,
sample_0033,ScienceDB,resnet_50,4,mouth_end_left,177.21,488.41,598.21,488.41,0.1898,False,
sample_0033,ScienceDB,resnet_50,5,right_eye,338.02,150.46,759.02,150.46,0.1387,False,
sample_0033,ScienceDB,resnet_50,6,right_earbase,199.97,128.43,620.97,128.43,0.2498,True,
sample_0033,ScienceDB,resnet_50,7,right_earend,217.04,117.14,638.04,117.14,0.3954,True,
sample_0033,ScienceDB,resnet_50,8,right_antler_base,219.57,116.21,640.57,116.21,0.1549,False,
sample_0033,ScienceDB,resnet_50,9,right_antler_end,203.58,126.18,624.58,126.18,0.1263,False,
sample_0033,ScienceDB,resnet_50,10,left_eye,342.14,147.49,763.14,147.49,0.157,False,
sample_0033,ScienceDB,resnet_50,11,left_earbase,191.8,124.27,612.8,124.27,0.1147,False,
sample_0033,ScienceDB,resnet_50,12,left_earend,200.26,120.33,621.26,120.33,0.2142,True,
sample_0033,ScienceDB,resnet_50,13,left_antler_base,319.36,108.45,740.36,108.45,0.2103,True,
sample_0033,ScienceDB,resnet_50,14,left_antler_end,192.85,123.71,613.85,123.71,0.1793,False,
sample_0033,ScienceDB,resnet_50,15,neck_base,89.61,110.3,510.61,110.3,0.3163,True,
sample_0033,ScienceDB,resnet_50,16,neck_end,178.47,119.37,599.47,119.37,0.2764,True,
sample_0033,ScienceDB,resnet_50,17,throat_base,55.51,226.18,476.51,226.18,0.0682,False,
sample_0033,ScienceDB,resnet_50,18,throat_end,60.04,223.1,481.04,223.1,0.1322,False,
sample_0033,ScienceDB,resnet_50,19,back_base,181.29,105.05,602.29,105.05,0.3045,True,
sample_0033,ScienceDB,resnet_50,20,back_end,50.19,104.14,471.19,104.14,0.1532,False,
sample_0033,ScienceDB,resnet_50,21,back_middle,185.91,117.51,606.91,117.51,0.4815,True,
sample_0033,ScienceDB,resnet_50,22,tail_base,197.4,116.44,618.4,116.44,0.2801,True,
sample_0033,ScienceDB,resnet_50,23,tail_end,191.55,118.65,612.55,118.65,0.2224,True,
sample_0033,ScienceDB,resnet_50,24,front_left_thai,39.01,151.28,460.01,151.28,0.3723,True,
sample_0033,ScienceDB,resnet_50,25,front_left_knee,35.58,359.84,456.58,359.84,0.2798,True,
sample_0033,ScienceDB,resnet_50,26,front_left_paw,227.21,526.1,648.21,526.1,0.5332,True,
sample_0033,ScienceDB,resnet_50,27,front_right_thai,41.74,148.03,462.74,148.03,0.1858,False,
sample_0033,ScienceDB,resnet_50,28,front_right_knee,198.66,351.97,619.66,351.97,0.1909,False,
sample_0033,ScienceDB,resnet_50,29,front_right_paw,193.38,545.17,614.38,545.17,0.4556,True,
sample_0033,ScienceDB,resnet_50,30,back_left_paw,146.36,547.23,567.36,547.23,0.1473,False,
sample_0033,ScienceDB,resnet_50,31,back_left_thai,47.3,375.32,468.3,375.32,0.2684,True,
sample_0033,ScienceDB,resnet_50,32,back_right_thai,50.87,361.43,471.87,361.43,0.1449,False,
sample_0033,ScienceDB,resnet_50,33,back_left_knee,27.38,378.87,448.38,378.87,0.4124,True,
sample_0033,ScienceDB,resnet_50,34,back_right_knee,119.76,536.79,540.76,536.79,0.4046,True,
sample_0033,ScienceDB,resnet_50,35,back_right_paw,137.41,535.01,558.41,535.01,0.5246,True,
sample_0033,ScienceDB,resnet_50,36,belly_bottom,212.39,415.45,633.39,415.45,0.2937,True,
sample_0033,ScienceDB,resnet_50,37,body_middle_right,288.1,180.29,709.1,180.29,0.2133,True,
sample_0033,ScienceDB,resnet_50,38,body_middle_left,332.17,201.9,753.17,201.9,0.2679,True,
sample_0034,ScienceDB,resnet_50,0,nose,180.98,45.47,366.98,45.47,0.3321,True,
sample_0034,ScienceDB,resnet_50,1,upper_jaw,185.19,54.31,371.19,54.31,0.3892,True,
sample_0034,ScienceDB,resnet_50,2,lower_jaw,183.08,67.62,369.08,67.62,0.3325,True,
sample_0034,ScienceDB,resnet_50,3,mouth_end_right,182.7,52.23,368.7,52.23,0.2244,True,
sample_0034,ScienceDB,resnet_50,4,mouth_end_left,185.68,56.45,371.68,56.45,0.3275,True,
sample_0034,ScienceDB,resnet_50,5,right_eye,227.73,56.38,413.73,56.38,0.4225,True,
sample_0034,ScienceDB,resnet_50,6,right_earbase,265.93,78.13,451.93,78.13,0.1947,False,
sample_0034,ScienceDB,resnet_50,7,right_earend,130.06,58.19,316.06,58.19,0.1483,False,
sample_0034,ScienceDB,resnet_50,8,right_antler_base,260.1,89.58,446.1,89.58,0.2929,True,
sample_0034,ScienceDB,resnet_50,9,right_antler_end,226.0,53.47,412.0,53.47,0.2652,True,
sample_0034,ScienceDB,resnet_50,10,left_eye,230.23,61.15,416.23,61.15,0.4338,True,
sample_0034,ScienceDB,resnet_50,11,left_earbase,249.92,68.16,435.92,68.16,0.2836,True,
sample_0034,ScienceDB,resnet_50,12,left_earend,242.18,79.97,428.18,79.97,0.1371,False,
sample_0034,ScienceDB,resnet_50,13,left_antler_base,264.71,76.69,450.71,76.69,0.39,True,
sample_0034,ScienceDB,resnet_50,14,left_antler_end,177.25,46.29,363.25,46.29,0.3099,True,
sample_0034,ScienceDB,resnet_50,15,neck_base,235.17,208.58,421.17,208.58,0.2789,True,
sample_0034,ScienceDB,resnet_50,16,neck_end,341.71,48.87,527.71,48.87,0.1361,False,
sample_0034,ScienceDB,resnet_50,17,throat_base,220.52,224.33,406.52,224.33,0.3165,True,
sample_0034,ScienceDB,resnet_50,18,throat_end,222.29,211.28,408.29,211.28,0.3517,True,
sample_0034,ScienceDB,resnet_50,19,back_base,343.89,52.58,529.89,52.58,0.1416,False,
sample_0034,ScienceDB,resnet_50,20,back_end,233.43,359.38,419.43,359.38,0.1604,False,
sample_0034,ScienceDB,resnet_50,21,back_middle,348.24,59.39,534.24,59.39,0.1838,False,
sample_0034,ScienceDB,resnet_50,22,tail_base,234.36,372.02,420.36,372.02,0.3411,True,
sample_0034,ScienceDB,resnet_50,23,tail_end,533.5,151.68,719.5,151.68,0.5732,True,
sample_0034,ScienceDB,resnet_50,24,front_left_thai,293.93,325.46,479.93,325.46,0.397,True,
sample_0034,ScienceDB,resnet_50,25,front_left_knee,256.48,87.25,442.48,87.25,0.2639,True,
sample_0034,ScienceDB,resnet_50,26,front_left_paw,157.09,85.91,343.09,85.91,0.4963,True,
sample_0034,ScienceDB,resnet_50,27,front_right_thai,181.2,170.06,367.2,170.06,0.169,False,
sample_0034,ScienceDB,resnet_50,28,front_right_knee,180.26,99.8,366.26,99.8,0.1723,False,
sample_0034,ScienceDB,resnet_50,29,front_right_paw,166.73,72.36,352.73,72.36,0.6137,True,
sample_0034,ScienceDB,resnet_50,30,back_left_paw,175.65,433.16,361.65,433.16,0.1425,False,
sample_0034,ScienceDB,resnet_50,31,back_left_thai,283.51,336.78,469.51,336.78,0.6462,True,
sample_0034,ScienceDB,resnet_50,32,back_right_thai,143.94,349.76,329.94,349.76,0.5135,True,
sample_0034,ScienceDB,resnet_50,33,back_left_knee,163.24,398.25,349.24,398.25,0.3454,True,
sample_0034,ScienceDB,resnet_50,34,back_right_knee,113.51,379.2,299.51,379.2,0.5976,True,
sample_0034,ScienceDB,resnet_50,35,back_right_paw,99.44,442.67,285.44,442.67,0.7999,True,
sample_0034,ScienceDB,resnet_50,36,belly_bottom,235.04,286.46,421.04,286.46,0.2982,True,
sample_0034,ScienceDB,resnet_50,37,body_middle_right,143.74,294.0,329.74,294.0,0.1677,False,
sample_0034,ScienceDB,resnet_50,38,body_middle_left,286.92,270.9,472.92,270.9,0.1231,False,
sample_0035,ScienceDB,resnet_50,0,nose,52.03,135.76,312.03,235.76,0.9853,True,
sample_0035,ScienceDB,resnet_50,1,upper_jaw,56.14,147.39,316.14,247.39,0.513,True,
sample_0035,ScienceDB,resnet_50,2,lower_jaw,60.89,152.85,320.89,252.85,0.3736,True,
sample_0035,ScienceDB,resnet_50,3,mouth_end_right,54.3,153.01,314.3,253.01,0.3357,True,
sample_0035,ScienceDB,resnet_50,4,mouth_end_left,72.13,154.45,332.13,254.45,0.3081,True,
sample_0035,ScienceDB,resnet_50,5,right_eye,87.96,136.04,347.96,236.04,0.1943,False,
sample_0035,ScienceDB,resnet_50,6,right_earbase,260.34,22.65,520.34,122.65,0.2772,True,
sample_0035,ScienceDB,resnet_50,7,right_earend,255.81,13.49,515.81,113.49,0.3526,True,
sample_0035,ScienceDB,resnet_50,8,right_antler_base,73.43,156.17,333.43,256.17,0.2099,True,
sample_0035,ScienceDB,resnet_50,9,right_antler_end,25.18,298.2,285.18,398.2,0.3035,True,
sample_0035,ScienceDB,resnet_50,10,left_eye,66.26,166.8,326.26,266.8,0.1438,False,
sample_0035,ScienceDB,resnet_50,11,left_earbase,245.74,19.8,505.74,119.8,0.1813,False,
sample_0035,ScienceDB,resnet_50,12,left_earend,244.37,10.11,504.37,110.11,0.2233,True,
sample_0035,ScienceDB,resnet_50,13,left_antler_base,242.24,23.82,502.24,123.82,0.1496,False,
sample_0035,ScienceDB,resnet_50,14,left_antler_end,245.77,129.65,505.77,229.65,0.1466,False,
sample_0035,ScienceDB,resnet_50,15,neck_base,264.02,41.82,524.02,141.82,0.3418,True,
sample_0035,ScienceDB,resnet_50,16,neck_end,264.83,43.64,524.83,143.64,0.1215,False,
sample_0035,ScienceDB,resnet_50,17,throat_base,176.92,161.51,436.92,261.51,0.2921,True,
sample_0035,ScienceDB,resnet_50,18,throat_end,184.26,163.79,444.26,263.79,0.2047,True,
sample_0035,ScienceDB,resnet_50,19,back_base,211.01,64.28,471.01,164.28,0.1347,False,
sample_0035,ScienceDB,resnet_50,20,back_end,189.89,328.75,449.89,428.75,0.1182,False,
sample_0035,ScienceDB,resnet_50,21,back_middle,119.22,105.9,379.22,205.9,0.208,True,
sample_0035,ScienceDB,resnet_50,22,tail_base,102.52,227.17,362.52,327.17,0.1423,False,
sample_0035,ScienceDB,resnet_50,23,tail_end,112.51,251.61,372.51,351.61,0.4517,True,
sample_0035,ScienceDB,resnet_50,24,front_left_thai,142.7,97.59,402.7,197.59,0.3291,True,
sample_0035,ScienceDB,resnet_50,25,front_left_knee,124.68,113.66,384.68,213.66,0.1363,False,
sample_0035,ScienceDB,resnet_50,26,front_left_paw,73.76,59.33,333.76,159.33,0.1671,False,
sample_0035,ScienceDB,resnet_50,27,front_right_thai,153.75,171.3,413.75,271.3,0.2289,True,
sample_0035,ScienceDB,resnet_50,28,front_right_knee,297.49,188.52,557.49,288.52,0.3027,True,
sample_0035,ScienceDB,resnet_50,29,front_right_paw,82.31,117.32,342.31,217.32,0.0831,False,
sample_0035,ScienceDB,resnet_50,30,back_left_paw,78.8,353.32,338.8,453.32,0.0816,False,
sample_0035,ScienceDB,resnet_50,31,back_left_thai,62.62,276.09,322.62,376.09,0.2226,True,
sample_0035,ScienceDB,resnet_50,32,back_right_thai,194.32,339.87,454.32,439.87,0.2813,True,
sample_0035,ScienceDB,resnet_50,33,back_left_knee,78.14,341.76,338.14,441.76,0.3916,True,
sample_0035,ScienceDB,resnet_50,34,back_right_knee,301.21,183.22,561.21,283.22,0.3155,True,
sample_0035,ScienceDB,resnet_50,35,back_right_paw,83.18,139.62,343.18,239.62,0.0412,False,
sample_0035,ScienceDB,resnet_50,36,belly_bottom,194.53,347.45,454.53,447.45,0.1765,False,
sample_0035,ScienceDB,resnet_50,37,body_middle_right,184.48,114.17,444.48,214.17,0.2451,True,
sample_0035,ScienceDB,resnet_50,38,body_middle_left,306.56,150.06,566.56,250.06,0.4114,True,
sample_0036,ScienceDB,resnet_50,0,nose,353.04,551.69,645.04,557.69,0.615,True,
sample_0036,ScienceDB,resnet_50,1,upper_jaw,358.5,566.32,650.5,572.32,0.5102,True,
sample_0036,ScienceDB,resnet_50,2,lower_jaw,342.91,557.33,634.91,563.33,0.5404,True,
sample_0036,ScienceDB,resnet_50,3,mouth_end_right,341.68,530.41,633.68,536.41,0.301,True,
sample_0036,ScienceDB,resnet_50,4,mouth_end_left,383.09,539.02,675.09,545.02,0.3277,True,
sample_0036,ScienceDB,resnet_50,5,right_eye,371.31,471.12,663.31,477.12,0.6585,True,
sample_0036,ScienceDB,resnet_50,6,right_earbase,387.24,358.72,679.24,364.72,0.45,True,
sample_0036,ScienceDB,resnet_50,7,right_earend,94.72,70.16,386.72,76.16,0.1364,False,
sample_0036,ScienceDB,resnet_50,8,right_antler_base,416.73,352.46,708.73,358.46,0.2382,True,
sample_0036,ScienceDB,resnet_50,9,right_antler_end,413.35,280.9,705.35,286.9,0.1415,False,
sample_0036,ScienceDB,resnet_50,10,left_eye,413.37,474.62,705.37,480.62,0.3707,True,
sample_0036,ScienceDB,resnet_50,11,left_earbase,392.99,358.63,684.99,364.63,0.3684,True,
sample_0036,ScienceDB,resnet_50,12,left_earend,505.97,407.44,797.97,413.44,0.1596,False,
sample_0036,ScienceDB,resnet_50,13,left_antler_base,385.87,411.31,677.87,417.31,0.2113,True,
sample_0036,ScienceDB,resnet_50,14,left_antler_end,408.03,201.36,700.03,207.36,0.1552,False,
sample_0036,ScienceDB,resnet_50,15,neck_base,313.45,363.32,605.45,369.32,0.1635,False,
sample_0036,ScienceDB,resnet_50,16,neck_end,414.13,232.6,706.13,238.6,0.1743,False,
sample_0036,ScienceDB,resnet_50,17,throat_base,278.52,376.15,570.52,382.15,0.2314,True,
sample_0036,ScienceDB,resnet_50,18,throat_end,267.0,368.68,559.0,374.68,0.2104,True,
sample_0036,ScienceDB,resnet_50,19,back_base,406.18,224.42,698.18,230.42,0.2272,True,
sample_0036,ScienceDB,resnet_50,20,back_end,113.48,65.97,405.48,71.97,0.726,True,
sample_0036,ScienceDB,resnet_50,21,back_middle,181.37,70.41,473.37,76.41,0.3098,True,
sample_0036,ScienceDB,resnet_50,22,tail_base,105.74,69.26,397.74,75.26,0.7743,True,
sample_0036,ScienceDB,resnet_50,23,tail_end,141.01,541.94,433.01,547.94,0.1817,False,
sample_0036,ScienceDB,resnet_50,24,front_left_thai,347.93,373.87,639.93,379.87,0.2172,True,
sample_0036,ScienceDB,resnet_50,25,front_left_knee,370.88,457.76,662.88,463.76,0.1889,False,
sample_0036,ScienceDB,resnet_50,26,front_left_paw,346.9,557.38,638.9,563.38,0.7349,True,
sample_0036,ScienceDB,resnet_50,27,front_right_thai,110.44,334.53,402.44,340.53,0.2237,True,
sample_0036,ScienceDB,resnet_50,28,front_right_knee,118.77,530.29,410.77,536.29,0.0713,False,
sample_0036,ScienceDB,resnet_50,29,front_right_paw,324.46,555.65,616.46,561.65,0.4136,True,
sample_0036,ScienceDB,resnet_50,30,back_left_paw,357.36,541.46,649.36,547.46,0.4156,True,
sample_0036,ScienceDB,resnet_50,31,back_left_thai,279.51,73.36,571.51,79.36,0.1704,False,
sample_0036,ScienceDB,resnet_50,32,back_right_thai,65.33,192.41,357.33,198.41,0.2449,True,
sample_0036,ScienceDB,resnet_50,33,back_left_knee,359.64,479.08,651.64,485.08,0.1286,False,
sample_0036,ScienceDB,resnet_50,34,back_right_knee,110.48,541.07,402.48,547.07,0.2177,True,
sample_0036,ScienceDB,resnet_50,35,back_right_paw,345.9,548.98,637.9,554.98,0.2182,True,
sample_0036,ScienceDB,resnet_50,36,belly_bottom,196.79,461.88,488.79,467.88,0.2452,True,
sample_0036,ScienceDB,resnet_50,37,body_middle_right,88.65,378.78,380.65,384.78,0.2476,True,
sample_0036,ScienceDB,resnet_50,38,body_middle_left,398.91,216.95,690.91,222.95,0.3525,True,
sample_0037,ScienceDB,resnet_50,0,nose,324.98,145.38,810.98,145.38,0.2182,True,
sample_0037,ScienceDB,resnet_50,1,upper_jaw,273.9,229.56,759.9,229.56,0.0569,False,
sample_0037,ScienceDB,resnet_50,2,lower_jaw,224.87,515.98,710.87,515.98,0.1653,False,
sample_0037,ScienceDB,resnet_50,3,mouth_end_right,336.86,158.17,822.86,158.17,0.0697,False,
sample_0037,ScienceDB,resnet_50,4,mouth_end_left,302.24,480.46,788.24,480.46,0.1091,False,
sample_0037,ScienceDB,resnet_50,5,right_eye,333.56,171.53,819.56,171.53,0.324,True,
sample_0037,ScienceDB,resnet_50,6,right_earbase,325.07,168.81,811.07,168.81,0.4356,True,
sample_0037,ScienceDB,resnet_50,7,right_earend,316.69,229.12,802.69,229.12,0.4663,True,
sample_0037,ScienceDB,resnet_50,8,right_antler_base,323.34,145.34,809.34,145.34,0.2992,True,
sample_0037,ScienceDB,resnet_50,9,right_antler_end,328.88,145.23,814.88,145.23,0.1778,False,
sample_0037,ScienceDB,resnet_50,10,left_eye,331.14,177.84,817.14,177.84,0.214,True,
sample_0037,ScienceDB,resnet_50,11,left_earbase,229.85,144.54,715.85,144.54,0.3171,True,
sample_0037,ScienceDB,resnet_50,12,left_earend,310.23,244.45,796.23,244.45,0.5018,True,
sample_0037,ScienceDB,resnet_50,13,left_antler_base,251.74,144.84,737.74,144.84,0.3538,True,
sample_0037,ScienceDB,resnet_50,14,left_antler_end,318.6,219.89,804.6,219.89,0.1965,False,
sample_0037,ScienceDB,resnet_50,15,neck_base,253.79,177.38,739.79,177.38,0.6566,True,
sample_0037,ScienceDB,resnet_50,16,neck_end,241.33,173.52,727.33,173.52,0.2286,True,
sample_0037,ScienceDB,resnet_50,17,throat_base,308.39,225.11,794.39,225.11,0.1228,False,
sample_0037,ScienceDB,resnet_50,18,throat_end,290.93,247.04,776.93,247.04,0.1095,False,
sample_0037,ScienceDB,resnet_50,19,back_base,212.78,139.18,698.78,139.18,0.2398,True,
sample_0037,ScienceDB,resnet_50,20,back_end,37.83,137.63,523.83,137.63,0.0984,False,
sample_0037,ScienceDB,resnet_50,21,back_middle,54.79,139.2,540.79,139.2,0.2267,True,
sample_0037,ScienceDB,resnet_50,22,tail_base,140.39,531.48,626.39,531.48,0.0744,False,
sample_0037,ScienceDB,resnet_50,23,tail_end,219.04,268.93,705.04,268.93,0.3043,True,
sample_0037,ScienceDB,resnet_50,24,front_left_thai,228.46,256.43,714.46,256.43,0.3086,True,
sample_0037,ScienceDB,resnet_50,25,front_left_knee,51.26,404.52,537.26,404.52,0.2079,True,
sample_0037,ScienceDB,resnet_50,26,front_left_paw,77.53,517.82,563.53,517.82,0.4535,True,
sample_0037,ScienceDB,resnet_50,27,front_right_thai,238.0,257.44,724.0,257.44,0.4503,True,
sample_0037,ScienceDB,resnet_50,28,front_right_knee,249.51,265.52,735.51,265.52,0.3176,True,
sample_0037,ScienceDB,resnet_50,29,front_right_paw,368.22,534.12,854.22,534.12,0.2825,True,
sample_0037,ScienceDB,resnet_50,30,back_left_paw,141.15,552.75,627.15,552.75,0.3545,True,
sample_0037,ScienceDB,resnet_50,31,back_left_thai,231.02,495.02,717.02,495.02,0.4617,True,
sample_0037,ScienceDB,resnet_50,32,back_right_thai,230.84,495.64,716.84,495.64,0.2514,True,
sample_0037,ScienceDB,resnet_50,33,back_left_knee,215.29,487.33,701.29,487.33,0.2954,True,
sample_0037,ScienceDB,resnet_50,34,back_right_knee,234.35,485.0,720.35,485.0,0.3574,True,
sample_0037,ScienceDB,resnet_50,35,back_right_paw,234.61,561.66,720.61,561.66,0.4279,True,
sample_0037,ScienceDB,resnet_50,36,belly_bottom,222.43,480.64,708.43,480.64,0.1734,False,
sample_0037,ScienceDB,resnet_50,37,body_middle_right,68.33,306.48,554.33,306.48,0.3147,True,
sample_0037,ScienceDB,resnet_50,38,body_middle_left,353.93,339.7,839.93,339.7,0.2143,True,
sample_0038,ScienceDB,resnet_50,0,nose,140.39,415.51,473.39,490.51,0.2226,True,
sample_0038,ScienceDB,resnet_50,1,upper_jaw,140.22,425.61,473.22,500.61,0.3003,True,
sample_0038,ScienceDB,resnet_50,2,lower_jaw,140.08,427.69,473.08,502.69,0.2268,True,
sample_0038,ScienceDB,resnet_50,3,mouth_end_right,117.78,429.97,450.78,504.97,0.2031,True,
sample_0038,ScienceDB,resnet_50,4,mouth_end_left,150.98,421.89,483.98,496.89,0.3847,True,
sample_0038,ScienceDB,resnet_50,5,right_eye,91.24,392.17,424.24,467.17,0.3146,True,
sample_0038,ScienceDB,resnet_50,6,right_earbase,207.76,241.83,540.76,316.83,0.4416,True,
sample_0038,ScienceDB,resnet_50,7,right_earend,180.71,217.52,513.71,292.52,0.1597,False,
sample_0038,ScienceDB,resnet_50,8,right_antler_base,236.38,258.2,569.38,333.2,0.2235,True,
sample_0038,ScienceDB,resnet_50,9,right_antler_end,130.12,332.24,463.12,407.24,0.1375,False,
sample_0038,ScienceDB,resnet_50,10,left_eye,155.0,355.16,488.0,430.16,0.3898,True,
sample_0038,ScienceDB,resnet_50,11,left_earbase,136.02,341.04,469.02,416.04,0.1962,False,
sample_0038,ScienceDB,resnet_50,12,left_earend,219.57,246.1,552.57,321.1,0.1276,False,
sample_0038,ScienceDB,resnet_50,13,left_antler_base,127.49,334.71,460.49,409.71,0.2858,True,
sample_0038,ScienceDB,resnet_50,14,left_antler_end,285.85,298.24,618.85,373.24,0.2407,True,
sample_0038,ScienceDB,resnet_50,15,neck_base,181.72,224.95,514.72,299.95,0.2744,True,
sample_0038,ScienceDB,resnet_50,16,neck_end,91.4,334.94,424.4,409.94,0.3052,True,
sample_0038,ScienceDB,resnet_50,17,throat_base,139.21,419.88,472.21,494.88,0.1296,False,
sample_0038,ScienceDB,resnet_50,18,throat_end,182.44,343.36,515.44,418.36,0.1893,False,
sample_0038,ScienceDB,resnet_50,19,back_base,89.25,334.4,422.25,409.4,0.238,True,
sample_0038,ScienceDB,resnet_50,20,back_end,167.01,209.82,500.01,284.82,0.152,False,
sample_0038,ScienceDB,resnet_50,21,back_middle,164.49,221.72,497.49,296.72,0.1996,False,
sample_0038,ScienceDB,resnet_50,22,tail_base,125.73,440.44,458.73,515.44,0.1767,False,
sample_0038,ScienceDB,resnet_50,23,tail_end,282.55,374.87,615.55,449.87,0.087,False,
sample_0038,ScienceDB,resnet_50,24,front_left_thai,198.6,340.7,531.6,415.7,0.5853,True,
sample_0038,ScienceDB,resnet_50,25,front_left_knee,250.3,421.14,583.3,496.14,0.2196,True,
sample_0038,ScienceDB,resnet_50,26,front_left_paw,252.01,490.79,585.01,565.79,0.3013,True,
sample_0038,ScienceDB,resnet_50,27,front_right_thai,86.03,417.22,419.03,492.22,0.543,True,
sample_0038,ScienceDB,resnet_50,28,front_right_knee,106.58,434.62,439.58,509.62,0.1263,False,
sample_0038,ScienceDB,resnet_50,29,front_right_paw,100.78,461.47,433.78,536.47,0.1031,False,
sample_0038,ScienceDB,resnet_50,30,back_left_paw,253.48,489.11,586.48,564.11,0.3706,True,
sample_0038,ScienceDB,resnet_50,31,back_left_thai,249.47,426.89,582.47,501.89,0.3487,True,
sample_0038,ScienceDB,resnet_50,32,back_right_thai,91.09,442.81,424.09,517.81,0.2601,True,
sample_0038,ScienceDB,resnet_50,33,back_left_knee,247.65,488.38,580.65,563.38,0.6729,True,
sample_0038,ScienceDB,resnet_50,34,back_right_knee,210.97,485.3,543.97,560.3,0.2558,True,
sample_0038,ScienceDB,resnet_50,35,back_right_paw,100.24,490.6,433.24,565.6,0.5289,True,
sample_0038,ScienceDB,resnet_50,36,belly_bottom,196.57,424.43,529.57,499.43,0.2847,True,
sample_0038,ScienceDB,resnet_50,37,body_middle_right,179.72,281.6,512.72,356.6,0.2033,True,
sample_0038,ScienceDB,resnet_50,38,body_middle_left,280.77,330.51,613.77,405.51,0.2023,True,
sample_0039,ScienceDB,resnet_50,0,nose,566.03,248.02,567.03,248.02,0.175,False,
sample_0039,ScienceDB,resnet_50,1,upper_jaw,607.95,512.14,608.95,512.14,0.1167,False,
sample_0039,ScienceDB,resnet_50,2,lower_jaw,603.51,514.78,604.51,514.78,0.1926,False,
sample_0039,ScienceDB,resnet_50,3,mouth_end_right,579.33,501.25,580.33,501.25,0.1254,False,
sample_0039,ScienceDB,resnet_50,4,mouth_end_left,600.07,359.95,601.07,359.95,0.2788,True,
sample_0039,ScienceDB,resnet_50,5,right_eye,596.93,497.79,597.93,497.79,0.3965,True,
sample_0039,ScienceDB,resnet_50,6,right_earbase,607.77,94.04,608.77,94.04,0.1007,False,
sample_0039,ScienceDB,resnet_50,7,right_earend,595.27,39.25,596.27,39.25,0.2309,True,
sample_0039,ScienceDB,resnet_50,8,right_antler_base,605.03,480.95,606.03,480.95,0.2478,True,
sample_0039,ScienceDB,resnet_50,9,right_antler_end,683.39,515.1,684.39,515.1,0.2362,True,
sample_0039,ScienceDB,resnet_50,10,left_eye,645.92,474.37,646.92,474.37,0.3834,True,
sample_0039,ScienceDB,resnet_50,11,left_earbase,610.74,104.44,611.74,104.44,0.1307,False,
sample_0039,ScienceDB,resnet_50,12,left_earend,658.26,469.39,659.26,469.39,0.1953,False,
sample_0039,ScienceDB,resnet_50,13,left_antler_base,637.28,457.51,638.28,457.51,0.1786,False,
sample_0039,ScienceDB,resnet_50,14,left_antler_end,523.68,251.18,524.68,251.18,0.2437,True,
sample_0039,ScienceDB,resnet_50,15,neck_base,613.2,385.85,614.2,385.85,0.1987,False,
sample_0039,ScienceDB,resnet_50,16,neck_end,705.05,198.31,706.05,198.31,0.0584,False,
sample_0039,ScienceDB,resnet_50,17,throat_base,589.57,443.24,590.57,443.24,0.1225,False,
sample_0039,ScienceDB,resnet_50,18,throat_end,449.67,468.56,450.67,468.56,0.0943,False,
sample_0039,ScienceDB,resnet_50,19,back_base,593.49,27.13,594.49,27.13,0.0658,False,
sample_0039,ScienceDB,resnet_50,20,back_end,614.09,9.63,615.09,9.63,0.3208,True,
sample_0039,ScienceDB,resnet_50,21,back_middle,576.3,29.88,577.3,29.88,0.3529,True,
sample_0039,ScienceDB,resnet_50,22,tail_base,628.34,16.45,629.34,16.45,0.3077,True,
sample_0039,ScienceDB,resnet_50,23,tail_end,531.99,236.76,532.99,236.76,0.2016,True,
sample_0039,ScienceDB,resnet_50,24,front_left_thai,741.15,213.07,742.15,213.07,0.3222,True,
sample_0039,ScienceDB,resnet_50,25,front_left_knee,664.16,479.4,665.16,479.4,0.4461,True,
sample_0039,ScienceDB,resnet_50,26,front_left_paw,653.91,539.99,654.91,539.99,0.4678,True,
sample_0039,ScienceDB,resnet_50,27,front_right_thai,364.9,184.31,365.9,184.31,0.4153,True,
sample_0039,ScienceDB,resnet_50,28,front_right_knee,386.95,355.35,387.95,355.35,0.3059,True,
sample_0039,ScienceDB,resnet_50,29,front_right_paw,558.69,523.96,559.69,523.96,0.4685,True,
sample_0039,ScienceDB,resnet_50,30,back_left_paw,656.66,556.87,657.66,556.87,0.3044,True,
sample_0039,ScienceDB,resnet_50,31,back_left_thai,387.11,501.1,388.11,501.1,0.2588,True,
sample_0039,ScienceDB,resnet_50,32,back_right_thai,387.59,491.24,388.59,491.24,0.2947,True,
sample_0039,ScienceDB,resnet_50,33,back_left_knee,383.8,526.86,384.8,526.86,0.5967,True,
sample_0039,ScienceDB,resnet_50,34,back_right_knee,376.1,538.03,377.1,538.03,0.4624,True,
sample_0039,ScienceDB,resnet_50,35,back_right_paw,382.98,571.3,383.98,571.3,0.1434,False,
sample_0039,ScienceDB,resnet_50,36,belly_bottom,574.04,541.63,575.04,541.63,0.2721,True,
sample_0039,ScienceDB,resnet_50,37,body_middle_right,342.17,394.91,343.17,394.91,0.2423,True,
sample_0039,ScienceDB,resnet_50,38,body_middle_left,752.04,142.62,753.04,142.62,0.2381,True,
sample_0040,ScienceDB,resnet_50,0,nose,536.09,159.04,536.09,159.04,0.3518,True,
sample_0040,ScienceDB,resnet_50,1,upper_jaw,523.12,168.08,523.12,168.08,0.2029,True,
sample_0040,ScienceDB,resnet_50,2,lower_jaw,504.82,182.53,504.82,182.53,0.1134,False,
sample_0040,ScienceDB,resnet_50,3,mouth_end_right,527.77,421.6,527.77,421.6,0.1109,False,
sample_0040,ScienceDB,resnet_50,4,mouth_end_left,539.9,181.45,539.9,181.45,0.3146,True,
sample_0040,ScienceDB,resnet_50,5,right_eye,492.8,137.81,492.8,137.81,0.1463,False,
sample_0040,ScienceDB,resnet_50,6,right_earbase,504.27,198.61,504.27,198.61,0.1467,False,
sample_0040,ScienceDB,resnet_50,7,right_earend,466.38,40.0,466.38,40.0,0.1047,False,
sample_0040,ScienceDB,resnet_50,8,right_antler_base,458.71,37.23,458.71,37.23,0.3121,True,
sample_0040,ScienceDB,resnet_50,9,right_antler_end,596.86,252.04,596.86,252.04,0.1866,False,
sample_0040,ScienceDB,resnet_50,10,left_eye,540.72,120.72,540.72,120.72,0.2446,True,
sample_0040,ScienceDB,resnet_50,11,left_earbase,574.34,173.86,574.34,173.86,0.1326,False,
sample_0040,ScienceDB,resnet_50,12,left_earend,592.05,166.87,592.05,166.87,0.3315,True,
sample_0040,ScienceDB,resnet_50,13,left_antler_base,482.18,51.13,482.18,51.13,0.2267,True,
sample_0040,ScienceDB,resnet_50,14,left_antler_end,739.96,262.28,739.96,262.28,0.3522,True,
sample_0040,ScienceDB,resnet_50,15,neck_base,598.15,66.38,598.15,66.38,0.1382,False,
sample_0040,ScienceDB,resnet_50,16,neck_end,649.85,60.77,649.85,60.77,0.0877,False,
sample_0040,ScienceDB,resnet_50,17,throat_base,596.18,209.83,596.18,209.83,0.1045,False,
sample_0040,ScienceDB,resnet_50,18,throat_end,603.04,201.94,603.04,201.94,0.0936,False,
sample_0040,ScienceDB,resnet_50,19,back_base,705.86,133.02,705.86,133.02,0.1396,False,
sample_0040,ScienceDB,resnet_50,20,back_end,458.5,33.71,458.5,33.71,0.1328,False,
sample_0040,ScienceDB,resnet_50,21,back_middle,786.21,274.07,786.21,274.07,0.3714,True,
sample_0040,ScienceDB,resnet_50,22,tail_base,461.7,36.17,461.7,36.17,0.089,False,
sample_0040,ScienceDB,resnet_50,23,tail_end,565.56,158.19,565.56,158.19,0.2376,True,
sample_0040,ScienceDB,resnet_50,24,front_left_thai,619.37,62.02,619.37,62.02,0.2542,True,
sample_0040,ScienceDB,resnet_50,25,front_left_knee,655.77,317.98,655.77,317.98,0.3119,True,
sample_0040,ScienceDB,resnet_50,26,front_left_paw,630.6,389.27,630.6,389.27,0.5097,True,
sample_0040,ScienceDB,resnet_50,27,front_right_thai,618.34,273.98,618.34,273.98,0.1309,False,
sample_0040,ScienceDB,resnet_50,28,front_right_knee,663.02,319.76,663.02,319.76,0.2786,True,
sample_0040,ScienceDB,resnet_50,29,front_right_paw,449.69,467.02,449.69,467.02,0.3868,True,
sample_0040,ScienceDB,resnet_50,30,back_left_paw,618.04,405.87,618.04,405.87,0.1999,False,
sample_0040,ScienceDB,resnet_50,31,back_left_thai,630.43,276.51,630.43,276.51,0.1165,False,
sample_0040,ScienceDB,resnet_50,32,back_right_thai,561.62,250.63,561.62,250.63,0.1479,False,
sample_0040,ScienceDB,resnet_50,33,back_left_knee,670.13,336.91,670.13,336.91,0.122,False,
sample_0040,ScienceDB,resnet_50,34,back_right_knee,653.1,357.36,653.1,357.36,0.1595,False,
sample_0040,ScienceDB,resnet_50,35,back_right_paw,626.69,405.78,626.69,405.78,0.485,True,
sample_0040,ScienceDB,resnet_50,36,belly_bottom,578.55,331.33,578.55,331.33,0.1848,False,
sample_0040,ScienceDB,resnet_50,37,body_middle_right,594.4,310.95,594.4,310.95,0.1952,False,
sample_0040,ScienceDB,resnet_50,38,body_middle_left,747.5,273.46,747.5,273.46,0.3667,True,
sample_0043,ScienceDB,resnet_50,0,nose,249.25,526.77,493.25,526.77,0.2156,True,
sample_0043,ScienceDB,resnet_50,1,upper_jaw,244.71,533.23,488.71,533.23,0.2241,True,
sample_0043,ScienceDB,resnet_50,2,lower_jaw,248.19,535.33,492.19,535.33,0.3084,True,
sample_0043,ScienceDB,resnet_50,3,mouth_end_right,274.9,488.98,518.9,488.98,0.0983,False,
sample_0043,ScienceDB,resnet_50,4,mouth_end_left,256.61,509.23,500.61,509.23,0.3105,True,
sample_0043,ScienceDB,resnet_50,5,right_eye,105.19,465.89,349.19,465.89,0.0911,False,
sample_0043,ScienceDB,resnet_50,6,right_earbase,96.9,443.1,340.9,443.1,0.344,True,
sample_0043,ScienceDB,resnet_50,7,right_earend,394.61,429.11,638.61,429.11,0.1228,False,
sample_0043,ScienceDB,resnet_50,8,right_antler_base,125.06,401.2,369.06,401.2,0.2007,True,
sample_0043,ScienceDB,resnet_50,9,right_antler_end,120.95,446.89,364.95,446.89,0.1946,False,
sample_0043,ScienceDB,resnet_50,10,left_eye,111.68,472.35,355.68,472.35,0.121,False,
sample_0043,ScienceDB,resnet_50,11,left_earbase,113.42,420.99,357.42,420.99,0.135,False,
sample_0043,ScienceDB,resnet_50,12,left_earend,144.27,422.62,388.27,422.62,0.1963,False,
sample_0043,ScienceDB,resnet_50,13,left_antler_base,180.04,369.93,424.04,369.93,0.0912,False,
sample_0043,ScienceDB,resnet_50,14,left_antler_end,583.44,167.92,827.44,167.92,0.1612,False,
sample_0043,ScienceDB,resnet_50,15,neck_base,115.3,314.51,359.3,314.51,0.5047,True,
sample_0043,ScienceDB,resnet_50,16,neck_end,111.87,302.25,355.87,302.25,0.3056,True,
sample_0043,ScienceDB,resnet_50,17,throat_base,183.67,424.51,427.67,424.51,0.1282,False,
sample_0043,ScienceDB,resnet_50,18,throat_end,187.31,389.14,431.31,389.14,0.1166,False,
sample_0043,ScienceDB,resnet_50,19,back_base,408.23,54.57,652.23,54.57,0.2981,True,
sample_0043,ScienceDB,resnet_50,20,back_end,543.3,104.77,787.3,104.77,0.577,True,
sample_0043,ScienceDB,resnet_50,21,back_middle,209.33,23.48,453.33,23.48,0.4104,True,
sample_0043,ScienceDB,resnet_50,22,tail_base,133.86,11.11,377.86,11.11,0.5279,True,
sample_0043,ScienceDB,resnet_50,23,tail_end,189.5,550.91,433.5,550.91,0.1193,False,
sample_0043,ScienceDB,resnet_50,24,front_left_thai,538.95,339.36,782.95,339.36,0.2051,True,
sample_0043,ScienceDB,resnet_50,25,front_left_knee,106.3,456.9,350.3,456.9,0.4805,True,
sample_0043,ScienceDB,resnet_50,26,front_left_paw,132.01,550.8,376.01,550.8,0.3066,True,
sample_0043,ScienceDB,resnet_50,27,front_right_thai,52.82,384.11,296.82,384.11,0.1508,False,
sample_0043,ScienceDB,resnet_50,28,front_right_knee,95.86,455.68,339.86,455.68,0.4995,True,
sample_0043,ScienceDB,resnet_50,29,front_right_paw,134.12,553.98,378.12,553.98,0.576,True,
sample_0043,ScienceDB,resnet_50,30,back_left_paw,131.71,548.34,375.71,548.34,0.8952,True,
sample_0043,ScienceDB,resnet_50,31,back_left_thai,229.49,507.9,473.49,507.9,0.3615,True,
sample_0043,ScienceDB,resnet_50,32,back_right_thai,229.07,354.03,473.07,354.03,0.283,True,
sample_0043,ScienceDB,resnet_50,33,back_left_knee,110.29,486.58,354.29,486.58,0.4564,True,
sample_0043,ScienceDB,resnet_50,34,back_right_knee,118.43,472.29,362.43,472.29,0.543,True,
sample_0043,ScienceDB,resnet_50,35,back_right_paw,123.76,550.7,367.76,550.7,0.4733,True,
sample_0043,ScienceDB,resnet_50,36,belly_bottom,244.35,486.55,488.35,486.55,0.1928,False,
sample_0043,ScienceDB,resnet_50,37,body_middle_right,111.96,152.18,355.96,152.18,0.2999,True,
sample_0043,ScienceDB,resnet_50,38,body_middle_left,351.3,179.17,595.3,179.17,0.3412,True,
sample_0044,ScienceDB,resnet_50,0,nose,331.49,170.85,541.49,170.85,0.1213,False,
sample_0044,ScienceDB,resnet_50,1,upper_jaw,225.0,128.46,435.0,128.46,0.1036,False,
sample_0044,ScienceDB,resnet_50,2,lower_jaw,225.87,176.91,435.87,176.91,0.1566,False,
sample_0044,ScienceDB,resnet_50,3,mouth_end_right,208.12,141.59,418.12,141.59,0.0768,False,
sample_0044,ScienceDB,resnet_50,4,mouth_end_left,231.74,170.49,441.74,170.49,0.1732,False,
sample_0044,ScienceDB,resnet_50,5,right_eye,156.34,143.89,366.34,143.89,0.2471,True,
sample_0044,ScienceDB,resnet_50,6,right_earbase,219.46,161.1,429.46,161.1,0.2555,True,
sample_0044,ScienceDB,resnet_50,7,right_earend,321.12,156.82,531.12,156.82,0.1025,False,
sample_0044,ScienceDB,resnet_50,8,right_antler_base,270.71,130.26,480.71,130.26,0.1501,False,
sample_0044,ScienceDB,resnet_50,9,right_antler_end,326.98,169.77,536.98,169.77,0.2132,True,
sample_0044,ScienceDB,resnet_50,10,left_eye,152.74,147.99,362.74,147.99,0.3447,True,
sample_0044,ScienceDB,resnet_50,11,left_earbase,142.06,141.13,352.06,141.13,0.3523,True,
sample_0044,ScienceDB,resnet_50,12,left_earend,143.35,128.87,353.35,128.87,0.3098,True,
sample_0044,ScienceDB,resnet_50,13,left_antler_base,149.26,125.91,359.26,125.91,0.2429,True,
sample_0044,ScienceDB,resnet_50,14,left_antler_end,148.24,125.87,358.24,125.87,0.3036,True,
sample_0044,ScienceDB,resnet_50,15,neck_base,156.34,156.55,366.34,156.55,0.5148,True,
sample_0044,ScienceDB,resnet_50,16,neck_end,151.97,164.2,361.97,164.2,0.1954,False,
sample_0044,ScienceDB,resnet_50,17,throat_base,209.85,201.23,419.85,201.23,0.1575,False,
sample_0044,ScienceDB,resnet_50,18,throat_end,194.06,188.26,404.06,188.26,0.1662,False,
sample_0044,ScienceDB,resnet_50,19,back_base,153.15,169.86,363.15,169.86,0.1725,False,
sample_0044,ScienceDB,resnet_50,20,back_end,59.4,325.93,269.4,325.93,0.4015,True,
sample_0044,ScienceDB,resnet_50,21,back_middle,81.57,234.87,291.57,234.87,0.4086,True,
sample_0044,ScienceDB,resnet_50,22,tail_base,58.72,341.56,268.72,341.56,0.4526,True,
sample_0044,ScienceDB,resnet_50,23,tail_end,57.17,430.06,267.17,430.06,0.2359,True,
sample_0044,ScienceDB,resnet_50,24,front_left_thai,131.71,161.27,341.71,161.27,0.5058,True,
sample_0044,ScienceDB,resnet_50,25,front_left_knee,228.12,300.92,438.12,300.92,0.2364,True,
sample_0044,ScienceDB,resnet_50,26,front_left_paw,205.87,429.25,415.87,429.25,0.2618,True,
sample_0044,ScienceDB,resnet_50,27,front_right_thai,207.79,199.74,417.79,199.74,0.4641,True,
sample_0044,ScienceDB,resnet_50,28,front_right_knee,206.87,249.04,416.87,249.04,0.0844,False,
sample_0044,ScienceDB,resnet_50,29,front_right_paw,269.51,117.11,479.51,117.11,0.1947,False,
sample_0044,ScienceDB,resnet_50,30,back_left_paw,203.9,430.89,413.9,430.89,0.4572,True,
sample_0044,ScienceDB,resnet_50,31,back_left_thai,67.39,327.83,277.39,327.83,0.1732,False,
sample_0044,ScienceDB,resnet_50,32,back_right_thai,101.53,327.8,311.53,327.8,0.2296,True,
sample_0044,ScienceDB,resnet_50,33,back_left_knee,225.61,333.18,435.61,333.18,0.3609,True,
sample_0044,ScienceDB,resnet_50,34,back_right_knee,272.95,324.2,482.95,324.2,0.3416,True,
sample_0044,ScienceDB,resnet_50,35,back_right_paw,198.38,435.41,408.38,435.41,0.3352,True,
sample_0044,ScienceDB,resnet_50,36,belly_bottom,167.7,271.9,377.7,271.9,0.3891,True,
sample_0044,ScienceDB,resnet_50,37,body_middle_right,156.23,246.01,366.23,246.01,0.4384,True,
sample_0044,ScienceDB,resnet_50,38,body_middle_left,160.84,241.77,370.84,241.77,0.2708,True,
sample_0045,ScienceDB,resnet_50,0,nose,265.61,554.42,380.61,554.42,0.6914,True,
sample_0045,ScienceDB,resnet_50,1,upper_jaw,268.66,562.52,383.66,562.52,0.627,True,
sample_0045,ScienceDB,resnet_50,2,lower_jaw,265.35,555.16,380.35,555.16,0.4949,True,
sample_0045,ScienceDB,resnet_50,3,mouth_end_right,253.0,540.61,368.0,540.61,0.3559,True,
sample_0045,ScienceDB,resnet_50,4,mouth_end_left,288.1,443.14,403.1,443.14,0.2298,True,
sample_0045,ScienceDB,resnet_50,5,right_eye,234.39,474.87,349.39,474.87,0.2226,True,
sample_0045,ScienceDB,resnet_50,6,right_earbase,249.43,193.71,364.43,193.71,0.1345,False,
sample_0045,ScienceDB,resnet_50,7,right_earend,240.32,59.46,355.32,59.46,0.1985,False,
sample_0045,ScienceDB,resnet_50,8,right_antler_base,259.61,185.49,374.61,185.49,0.2625,True,
sample_0045,ScienceDB,resnet_50,9,right_antler_end,60.99,359.47,175.99,359.47,0.4014,True,
sample_0045,ScienceDB,resnet_50,10,left_eye,295.13,418.12,410.13,418.12,0.1459,False,
sample_0045,ScienceDB,resnet_50,11,left_earbase,272.61,143.91,387.61,143.91,0.2415,True,
sample_0045,ScienceDB,resnet_50,12,left_earend,490.44,296.75,605.44,296.75,0.174,False,
sample_0045,ScienceDB,resnet_50,13,left_antler_base,253.93,178.3,368.93,178.3,0.2226,True,
sample_0045,ScienceDB,resnet_50,14,left_antler_end,257.62,173.57,372.62,173.57,0.234,True,
sample_0045,ScienceDB,resnet_50,15,neck_base,343.93,303.98,458.93,303.98,0.2296,True,
sample_0045,ScienceDB,resnet_50,16,neck_end,511.43,55.66,626.43,55.66,0.1584,False,
sample_0045,ScienceDB,resnet_50,17,throat_base,483.43,486.39,598.43,486.39,0.1635,False,
sample_0045,ScienceDB,resnet_50,18,throat_end,535.2,440.38,650.2,440.38,0.1624,False,
sample_0045,ScienceDB,resnet_50,19,back_base,517.31,52.69,632.31,52.69,0.2059,True,
sample_0045,ScienceDB,resnet_50,20,back_end,263.17,122.11,378.17,122.11,0.1358,False,
sample_0045,ScienceDB,resnet_50,21,back_middle,48.08,354.73,163.08,354.73,0.0658,False,
sample_0045,ScienceDB,resnet_50,22,tail_base,271.05,136.78,386.05,136.78,0.1504,False,
sample_0045,ScienceDB,resnet_50,23,tail_end,49.24,364.46,164.24,364.46,0.1981,False,
sample_0045,ScienceDB,resnet_50,24,front_left_thai,508.03,443.46,623.03,443.46,0.4227,True,
sample_0045,ScienceDB,resnet_50,25,front_left_knee,535.45,485.29,650.45,485.29,0.3602,True,
sample_0045,ScienceDB,resnet_50,26,front_left_paw,290.16,403.84,405.16,403.84,0.2827,True,
sample_0045,ScienceDB,resnet_50,27,front_right_thai,488.75,437.74,603.75,437.74,0.0957,False,
sample_0045,ScienceDB,resnet_50,28,front_right_knee,234.81,415.65,349.81,415.65,0.2708,True,
sample_0045,ScienceDB,resnet_50,29,front_right_paw,225.01,439.41,340.01,439.41,0.4074,True,
sample_0045,ScienceDB,resnet_50,30,back_left_paw,259.08,533.99,374.08,533.99,0.1204,False,
sample_0045,ScienceDB,resnet_50,31,back_left_thai,272.78,215.96,387.78,215.96,0.3783,True,
sample_0045,ScienceDB,resnet_50,32,back_right_thai,266.81,364.2,381.81,364.2,0.1719,False,
sample_0045,ScienceDB,resnet_50,33,back_left_knee,252.35,447.53,367.35,447.53,0.1321,False,
sample_0045,ScienceDB,resnet_50,34,back_right_knee,248.25,429.01,363.25,429.01,0.2647,True,
sample_0045,ScienceDB,resnet_50,35,back_right_paw,251.05,543.68,366.05,543.68,0.1712,False,
sample_0045,ScienceDB,resnet_50,36,belly_bottom,302.24,355.51,417.24,355.51,0.2594,True,
sample_0045,ScienceDB,resnet_50,37,body_middle_right,312.55,135.84,427.55,135.84,0.1389,False,
sample_0045,ScienceDB,resnet_50,38,body_middle_left,517.84,103.83,632.84,103.83,0.4919,True,
sample_0046,ScienceDB,resnet_50,0,nose,189.77,326.98,474.77,390.98,0.4507,True,
sample_0046,ScienceDB,resnet_50,1,upper_jaw,214.3,340.95,499.3,404.95,0.2973,True,
sample_0046,ScienceDB,resnet_50,2,lower_jaw,236.67,344.56,521.67,408.56,0.1941,False,
sample_0046,ScienceDB,resnet_50,3,mouth_end_right,110.39,332.37,395.39,396.37,0.1623,False,
sample_0046,ScienceDB,resnet_50,4,mouth_end_left,193.65,377.5,478.65,441.5,0.2091,True,
sample_0046,ScienceDB,resnet_50,5,right_eye,102.16,228.91,387.16,292.91,0.6959,True,
sample_0046,ScienceDB,resnet_50,6,right_earbase,70.08,151.23,355.08,215.23,0.4623,True,
sample_0046,ScienceDB,resnet_50,7,right_earend,49.34,113.86,334.34,177.86,0.769,True,
sample_0046,ScienceDB,resnet_50,8,right_antler_base,116.4,148.35,401.4,212.35,0.155,False,
sample_0046,ScienceDB,resnet_50,9,right_antler_end,49.64,105.16,334.64,169.16,0.3071,True,
sample_0046,ScienceDB,resnet_50,10,left_eye,234.62,235.26,519.62,299.26,0.3175,True,
sample_0046,ScienceDB,resnet_50,11,left_earbase,171.85,109.09,456.85,173.09,0.0792,False,
sample_0046,ScienceDB,resnet_50,12,left_earend,63.89,115.86,348.89,179.86,0.1464,False,
sample_0046,ScienceDB,resnet_50,13,left_antler_base,192.57,164.24,477.57,228.24,0.1677,False,
sample_0046,ScienceDB,resnet_50,14,left_antler_end,201.0,149.43,486.0,213.43,0.1219,False,
sample_0046,ScienceDB,resnet_50,15,neck_base,189.94,86.07,474.94,150.07,0.3014,True,
sample_0046,ScienceDB,resnet_50,16,neck_end,190.06,78.52,475.06,142.52,0.4353,True,
sample_0046,ScienceDB,resnet_50,17,throat_base,118.29,385.91,403.29,449.91,0.1071,False,
sample_0046,ScienceDB,resnet_50,18,throat_end,120.95,390.1,405.95,454.1,0.1118,False,
sample_0046,ScienceDB,resnet_50,19,back_base,186.25,88.63,471.25,152.63,0.6289,True,
sample_0046,ScienceDB,resnet_50,20,back_end,230.66,57.06,515.66,121.06,0.171,False,
sample_0046,ScienceDB,resnet_50,21,back_middle,180.41,83.44,465.41,147.44,0.6563,True,
sample_0046,ScienceDB,resnet_50,22,tail_base,254.66,56.0,539.66,120.0,0.2045,True,
sample_0046,ScienceDB,resnet_50,23,tail_end,38.31,128.3,323.31,192.3,0.1424,False,
sample_0046,ScienceDB,resnet_50,24,front_left_thai,276.73,227.85,561.73,291.85,0.7077,True,
sample_0046,ScienceDB,resnet_50,25,front_left_knee,278.49,326.64,563.49,390.64,0.558,True,
sample_0046,ScienceDB,resnet_50,26,front_left_paw,165.08,498.72,450.08,562.72,0.7422,True,
sample_0046,ScienceDB,resnet_50,27,front_right_thai,42.16,331.61,327.16,395.61,0.5812,True,
sample_0046,ScienceDB,resnet_50,28,front_right_knee,42.32,436.32,327.32,500.32,0.1841,False,
sample_0046,ScienceDB,resnet_50,29,front_right_paw,29.16,502.44,314.16,566.44,0.445,True,
sample_0046,ScienceDB,resnet_50,30,back_left_paw,159.32,500.16,444.32,564.16,0.4912,True,
sample_0046,ScienceDB,resnet_50,31,back_left_thai,305.5,180.82,590.5,244.82,0.623,True,
sample_0046,ScienceDB,resnet_50,32,back_right_thai,37.06,330.99,322.06,394.99,0.3826,True,
sample_0046,ScienceDB,resnet_50,33,back_left_knee,114.06,465.69,399.06,529.69,0.558,True,
sample_0046,ScienceDB,resnet_50,34,back_right_knee,37.44,421.42,322.44,485.42,0.5458,True,
sample_0046,ScienceDB,resnet_50,35,back_right_paw,26.63,499.69,311.63,563.69,0.896,True,
sample_0046,ScienceDB,resnet_50,36,belly_bottom,124.08,401.96,409.08,465.96,0.4081,True,
sample_0046,ScienceDB,resnet_50,37,body_middle_right,296.02,138.52,581.02,202.52,0.1551,False,
sample_0046,ScienceDB,resnet_50,38,body_middle_left,295.12,132.53,580.12,196.53,0.5731,True,
sample_0048,ScienceDB,resnet_50,0,nose,131.12,561.31,447.12,562.31,0.6587,True,
sample_0048,ScienceDB,resnet_50,1,upper_jaw,141.23,572.14,457.23,573.14,0.5599,True,
sample_0048,ScienceDB,resnet_50,2,lower_jaw,167.83,568.83,483.83,569.83,0.6545,True,
sample_0048,ScienceDB,resnet_50,3,mouth_end_right,149.24,543.84,465.24,544.84,0.2858,True,
sample_0048,ScienceDB,resnet_50,4,mouth_end_left,169.44,539.72,485.44,540.72,0.4266,True,
sample_0048,ScienceDB,resnet_50,5,right_eye,188.62,477.1,504.62,478.1,0.1718,False,
sample_0048,ScienceDB,resnet_50,6,right_earbase,379.85,30.81,695.85,31.81,0.5717,True,
sample_0048,ScienceDB,resnet_50,7,right_earend,381.99,20.72,697.99,21.72,0.3916,True,
sample_0048,ScienceDB,resnet_50,8,right_antler_base,358.49,26.28,674.49,27.28,0.3594,True,
sample_0048,ScienceDB,resnet_50,9,right_antler_end,373.23,43.66,689.23,44.66,0.2195,True,
sample_0048,ScienceDB,resnet_50,10,left_eye,207.16,464.36,523.16,465.36,0.2182,True,
sample_0048,ScienceDB,resnet_50,11,left_earbase,323.64,44.52,639.64,45.52,0.4999,True,
sample_0048,ScienceDB,resnet_50,12,left_earend,323.88,31.62,639.88,32.62,0.5094,True,
sample_0048,ScienceDB,resnet_50,13,left_antler_base,346.91,45.66,662.91,46.66,0.342,True,
sample_0048,ScienceDB,resnet_50,14,left_antler_end,339.3,26.18,655.3,27.18,0.2325,True,
sample_0048,ScienceDB,resnet_50,15,neck_base,352.81,82.66,668.81,83.66,0.3966,True,
sample_0048,ScienceDB,resnet_50,16,neck_end,343.5,73.27,659.5,74.27,0.2993,True,
sample_0048,ScienceDB,resnet_50,17,throat_base,420.22,147.42,736.22,148.42,0.0762,False,
sample_0048,ScienceDB,resnet_50,18,throat_end,425.87,145.09,741.87,146.09,0.1857,False,
sample_0048,ScienceDB,resnet_50,19,back_base,304.12,107.1,620.12,108.1,0.1999,False,
sample_0048,ScienceDB,resnet_50,20,back_end,245.24,162.83,561.24,163.83,0.1205,False,
sample_0048,ScienceDB,resnet_50,21,back_middle,277.75,139.76,593.75,140.76,0.3283,True,
sample_0048,ScienceDB,resnet_50,22,tail_base,185.55,280.27,501.55,281.27,0.1385,False,
sample_0048,ScienceDB,resnet_50,23,tail_end,49.16,563.58,365.16,564.58,0.2153,True,
sample_0048,ScienceDB,resnet_50,24,front_left_thai,130.44,234.58,446.44,235.58,0.506,True,
sample_0048,ScienceDB,resnet_50,25,front_left_knee,51.19,419.88,367.19,420.88,0.4047,True,
sample_0048,ScienceDB,resnet_50,26,front_left_paw,171.36,562.59,487.36,563.59,0.4932,True,
sample_0048,ScienceDB,resnet_50,27,front_right_thai,421.76,216.66,737.76,217.66,0.5097,True,
sample_0048,ScienceDB,resnet_50,28,front_right_knee,205.4,395.24,521.4,396.24,0.099,False,
sample_0048,ScienceDB,resnet_50,29,front_right_paw,131.61,552.93,447.61,553.93,0.4682,True,
sample_0048,ScienceDB,resnet_50,30,back_left_paw,147.24,555.91,463.24,556.91,0.6047,True,
sample_0048,ScienceDB,resnet_50,31,back_left_thai,110.04,294.12,426.04,295.12,0.3596,True,
sample_0048,ScienceDB,resnet_50,32,back_right_thai,133.43,278.02,449.43,279.02,0.1262,False,
sample_0048,ScienceDB,resnet_50,33,back_left_knee,189.1,560.01,505.1,561.01,0.3111,True,
sample_0048,ScienceDB,resnet_50,34,back_right_knee,222.74,567.14,538.74,568.14,0.2061,True,
sample_0048,ScienceDB,resnet_50,35,back_right_paw,179.84,564.63,495.84,565.63,0.3017,True,
sample_0048,ScienceDB,resnet_50,36,belly_bottom,375.93,531.94,691.93,532.94,0.2187,True,
sample_0048,ScienceDB,resnet_50,37,body_middle_right,379.22,267.83,695.22,268.83,0.1957,False,
sample_0048,ScienceDB,resnet_50,38,body_middle_left,403.36,405.02,719.36,406.02,0.2087,True,
sample_0049,ScienceDB,resnet_50,0,nose,619.65,93.94,619.65,93.94,0.1514,False,
sample_0049,ScienceDB,resnet_50,1,upper_jaw,612.26,73.32,612.26,73.32,0.0678,False,
sample_0049,ScienceDB,resnet_50,2,lower_jaw,631.99,518.87,631.99,518.87,0.0819,False,
sample_0049,ScienceDB,resnet_50,3,mouth_end_right,622.28,107.49,622.28,107.49,0.1121,False,
sample_0049,ScienceDB,resnet_50,4,mouth_end_left,534.6,332.26,534.6,332.26,0.2753,True,
sample_0049,ScienceDB,resnet_50,5,right_eye,613.1,97.25,613.1,97.25,0.679,True,
sample_0049,ScienceDB,resnet_50,6,right_earbase,605.67,93.69,605.67,93.69,0.6332,True,
sample_0049,ScienceDB,resnet_50,7,right_earend,603.56,75.93,603.56,75.93,0.6126,True,
sample_0049,ScienceDB,resnet_50,8,right_antler_base,603.53,79.71,603.53,79.71,0.3891,True,
sample_0049,ScienceDB,resnet_50,9,right_antler_end,330.46,163.83,330.46,163.83,0.2606,True,
sample_0049,ScienceDB,resnet_50,10,left_eye,614.36,98.37,614.36,98.37,0.4073,True,
sample_0049,ScienceDB,resnet_50,11,left_earbase,567.31,95.43,567.31,95.43,0.2736,True,
sample_0049,ScienceDB,resnet_50,12,left_earend,556.91,62.31,556.91,62.31,0.2616,True,
sample_0049,ScienceDB,resnet_50,13,left_antler_base,569.62,79.41,569.62,79.41,0.337,True,
sample_0049,ScienceDB,resnet_50,14,left_antler_end,608.88,85.67,608.88,85.67,0.3776,True,
sample_0049,ScienceDB,resnet_50,15,neck_base,541.5,90.88,541.5,90.88,0.3752,True,
sample_0049,ScienceDB,resnet_50,16,neck_end,503.61,85.19,503.61,85.19,0.258,True,
sample_0049,ScienceDB,resnet_50,17,throat_base,567.99,133.13,567.99,133.13,0.0638,False,
sample_0049,ScienceDB,resnet_50,18,throat_end,541.3,109.04,541.3,109.04,0.0698,False,
sample_0049,ScienceDB,resnet_50,19,back_base,493.67,87.0,493.67,87.0,0.2523,True,
sample_0049,ScienceDB,resnet_50,20,back_end,800.14,228.84,800.14,228.84,0.3208,True,
sample_0049,ScienceDB,resnet_50,21,back_middle,797.1,183.38,797.1,183.38,0.2314,True,
sample_0049,ScienceDB,resnet_50,22,tail_base,809.54,265.18,809.54,265.18,0.2652,True,
sample_0049,ScienceDB,resnet_50,23,tail_end,565.8,563.1,565.8,563.1,0.2528,True,
sample_0049,ScienceDB,resnet_50,24,front_left_thai,564.38,171.29,564.38,171.29,0.1766,False,
sample_0049,ScienceDB,resnet_50,25,front_left_knee,520.28,320.57,520.28,320.57,0.0842,False,
sample_0049,ScienceDB,resnet_50,26,front_left_paw,485.47,356.76,485.47,356.76,0.2066,True,
sample_0049,ScienceDB,resnet_50,27,front_right_thai,512.26,186.03,512.26,186.03,0.3353,True,
sample_0049,ScienceDB,resnet_50,28,front_right_knee,507.46,277.77,507.46,277.77,0.4126,True,
sample_0049,ScienceDB,resnet_50,29,front_right_paw,499.0,351.3,499.0,351.3,0.6333,True,
sample_0049,ScienceDB,resnet_50,30,back_left_paw,502.86,364.12,502.86,364.12,0.3029,True,
sample_0049,ScienceDB,resnet_50,31,back_left_thai,763.57,354.69,763.57,354.69,0.4259,True,
sample_0049,ScienceDB,resnet_50,32,back_right_thai,629.11,288.82,629.11,288.82,0.2195,True,
sample_0049,ScienceDB,resnet_50,33,back_left_knee,529.88,318.53,529.88,318.53,0.1752,False,
sample_0049,ScienceDB,resnet_50,34,back_right_knee,633.15,360.65,633.15,360.65,0.2771,True,
sample_0049,ScienceDB,resnet_50,35,back_right_paw,485.22,357.4,485.22,357.4,0.2639,True,
sample_0049,ScienceDB,resnet_50,36,belly_bottom,692.98,323.62,692.98,323.62,0.2381,True,
sample_0049,ScienceDB,resnet_50,37,body_middle_right,474.54,190.64,474.54,190.64,0.1652,False,
sample_0049,ScienceDB,resnet_50,38,body_middle_left,612.78,178.51,612.78,178.51,0.1898,False,
sample_0050,ScienceDB,resnet_50,0,nose,190.49,82.65,593.49,82.65,0.8499,True,
sample_0050,ScienceDB,resnet_50,1,upper_jaw,20.3,270.75,423.3,270.75,0.2832,True,
sample_0050,ScienceDB,resnet_50,2,lower_jaw,31.14,275.61,434.14,275.61,0.2475,True,
sample_0050,ScienceDB,resnet_50,3,mouth_end_right,15.77,260.91,418.77,260.91,0.3741,True,
sample_0050,ScienceDB,resnet_50,4,mouth_end_left,37.63,263.42,440.63,263.42,0.2327,True,
sample_0050,ScienceDB,resnet_50,5,right_eye,32.28,208.83,435.28,208.83,0.9392,True,
sample_0050,ScienceDB,resnet_50,6,right_earbase,189.44,143.1,592.44,143.1,0.498,True,
sample_0050,ScienceDB,resnet_50,7,right_earend,61.3,127.53,464.3,127.53,0.2826,True,
sample_0050,ScienceDB,resnet_50,8,right_antler_base,44.03,163.47,447.03,163.47,0.4495,True,
sample_0050,ScienceDB,resnet_50,9,right_antler_end,37.84,147.49,440.84,147.49,0.1684,False,
sample_0050,ScienceDB,resnet_50,10,left_eye,46.53,216.04,449.53,216.04,0.6904,True,
sample_0050,ScienceDB,resnet_50,11,left_earbase,192.03,139.2,595.03,139.2,0.3313,True,
sample_0050,ScienceDB,resnet_50,12,left_earend,70.26,140.52,473.26,140.52,0.1831,False,
sample_0050,ScienceDB,resnet_50,13,left_antler_base,164.85,133.26,567.85,133.26,0.498,True,
sample_0050,ScienceDB,resnet_50,14,left_antler_end,207.01,84.42,610.01,84.42,0.1961,False,
sample_0050,ScienceDB,resnet_50,15,neck_base,95.8,229.67,498.8,229.67,0.4145,True,
sample_0050,ScienceDB,resnet_50,16,neck_end,259.35,164.02,662.35,164.02,0.2125,True,
sample_0050,ScienceDB,resnet_50,17,throat_base,88.12,270.83,491.12,270.83,0.2188,True,
sample_0050,ScienceDB,resnet_50,18,throat_end,92.48,282.36,495.48,282.36,0.2672,True,
sample_0050,ScienceDB,resnet_50,19,back_base,260.9,164.71,663.9,164.71,0.3323,True,
sample_0050,ScienceDB,resnet_50,20,back_end,371.77,388.07,774.77,388.07,0.2907,True,
sample_0050,ScienceDB,resnet_50,21,back_middle,250.52,154.43,653.52,154.43,0.2612,True,
sample_0050,ScienceDB,resnet_50,22,tail_base,383.37,414.68,786.37,414.68,0.3786,True,
sample_0050,ScienceDB,resnet_50,23,tail_end,19.17,496.94,422.17,496.94,0.1087,False,
sample_0050,ScienceDB,resnet_50,24,front_left_thai,366.01,426.6,769.01,426.6,0.5443,True,
sample_0050,ScienceDB,resnet_50,25,front_left_knee,146.13,417.11,549.13,417.11,0.3102,True,
sample_0050,ScienceDB,resnet_50,26,front_left_paw,204.13,563.36,607.13,563.36,0.2999,True,
sample_0050,ScienceDB,resnet_50,27,front_right_thai,54.34,304.19,457.34,304.19,0.4671,True,
sample_0050,ScienceDB,resnet_50,28,front_right_knee,141.28,416.56,544.28,416.56,0.935,True,
sample_0050,ScienceDB,resnet_50,29,front_right_paw,135.11,519.51,538.11,519.51,0.7847,True,
sample_0050,ScienceDB,resnet_50,30,back_left_paw,206.33,553.4,609.33,553.4,0.6191,True,
sample_0050,ScienceDB,resnet_50,31,back_left_thai,344.15,424.77,747.15,424.77,0.4735,True,
sample_0050,ScienceDB,resnet_50,32,back_right_thai,353.78,438.9,756.78,438.9,0.3731,True,
sample_0050,ScienceDB,resnet_50,33,back_left_knee,282.42,497.09,685.42,497.09,0.3423,True,
sample_0050,ScienceDB,resnet_50,34,back_right_knee,336.82,504.91,739.82,504.91,0.3413,True,
sample_0050,ScienceDB,resnet_50,35,back_right_paw,28.32,500.29,431.32,500.29,0.4073,True,
sample_0050,ScienceDB,resnet_50,36,belly_bottom,212.89,434.82,615.89,434.82,0.2296,True,
sample_0050,ScienceDB,resnet_50,37,body_middle_right,338.36,282.46,741.36,282.46,0.1137,False,
sample_0050,ScienceDB,resnet_50,38,body_middle_left,356.83,365.32,759.83,365.32,0.2282,True,
sample_0051,ScienceDB,resnet_50,0,nose,331.06,525.99,845.06,525.99,0.1592,False,
sample_0051,ScienceDB,resnet_50,1,upper_jaw,217.4,420.26,731.4,420.26,0.0811,False,
sample_0051,ScienceDB,resnet_50,2,lower_jaw,198.06,367.05,712.06,367.05,0.1232,False,
sample_0051,ScienceDB,resnet_50,3,mouth_end_right,195.02,411.02,709.02,411.02,0.0622,False,
sample_0051,ScienceDB,resnet_50,4,mouth_end_left,195.03,374.07,709.03,374.07,0.1945,False,
sample_0051,ScienceDB,resnet_50,5,right_eye,81.06,408.11,595.06,408.11,0.0879,False,
sample_0051,ScienceDB,resnet_50,6,right_earbase,105.94,307.16,619.94,307.16,0.0317,False,
sample_0051,ScienceDB,resnet_50,7,right_earend,-9.46,188.2,504.54,188.2,0.0754,False,
sample_0051,ScienceDB,resnet_50,8,right_antler_base,109.45,534.72,623.45,534.72,0.1208,False,
sample_0051,ScienceDB,resnet_50,9,right_antler_end,227.24,192.3,741.24,192.3,0.1178,False,
sample_0051,ScienceDB,resnet_50,10,left_eye,194.67,338.66,708.67,338.66,0.2459,True,
sample_0051,ScienceDB,resnet_50,11,left_earbase,279.24,216.71,793.24,216.71,0.0392,False,
sample_0051,ScienceDB,resnet_50,12,left_earend,147.81,184.17,661.81,184.17,0.0547,False,
sample_0051,ScienceDB,resnet_50,13,left_antler_base,119.73,328.86,633.73,328.86,0.1663,False,
sample_0051,ScienceDB,resnet_50,14,left_antler_end,334.35,516.27,848.35,516.27,0.1461,False,
sample_0051,ScienceDB,resnet_50,15,neck_base,66.01,182.28,580.01,182.28,0.6493,True,
sample_0051,ScienceDB,resnet_50,16,neck_end,68.85,173.42,582.85,173.42,0.2854,True,
sample_0051,ScienceDB,resnet_50,17,throat_base,92.4,343.22,606.4,343.22,0.1842,False,
sample_0051,ScienceDB,resnet_50,18,throat_end,65.7,197.03,579.7,197.03,0.3152,True,
sample_0051,ScienceDB,resnet_50,19,back_base,72.9,169.84,586.9,169.84,0.251,True,
sample_0051,ScienceDB,resnet_50,20,back_end,190.7,195.24,704.7,195.24,0.578,True,
sample_0051,ScienceDB,resnet_50,21,back_middle,133.42,174.96,647.42,174.96,0.347,True,
sample_0051,ScienceDB,resnet_50,22,tail_base,191.99,212.62,705.99,212.62,0.6238,True,
sample_0051,ScienceDB,resnet_50,23,tail_end,184.66,321.96,698.66,321.96,0.2283,True,
sample_0051,ScienceDB,resnet_50,24,front_left_thai,52.65,329.62,566.65,329.62,0.1768,False,
sample_0051,ScienceDB,resnet_50,25,front_left_knee,85.3,440.86,599.3,440.86,0.2418,True,
sample_0051,ScienceDB,resnet_50,26,front_left_paw,93.23,447.85,607.23,447.85,0.1193,False,
sample_0051,ScienceDB,resnet_50,27,front_right_thai,48.85,323.03,562.85,323.03,0.7178,True,
sample_0051,ScienceDB,resnet_50,28,front_right_knee,73.58,426.63,587.58,426.63,0.1041,False,
sample_0051,ScienceDB,resnet_50,29,front_right_paw,323.13,525.24,837.13,525.24,0.0872,False,
sample_0051,ScienceDB,resnet_50,30,back_left_paw,99.4,549.11,613.4,549.11,0.9507,True,
sample_0051,ScienceDB,resnet_50,31,back_left_thai,166.41,412.69,680.41,412.69,0.1596,False,
sample_0051,ScienceDB,resnet_50,32,back_right_thai,246.63,257.47,760.63,257.47,0.2617,True,
sample_0051,ScienceDB,resnet_50,33,back_left_knee,80.57,440.95,594.57,440.95,0.3089,True,
sample_0051,ScienceDB,resnet_50,34,back_right_knee,223.95,474.49,737.95,474.49,0.872,True,
sample_0051,ScienceDB,resnet_50,35,back_right_paw,182.78,558.22,696.78,558.22,0.8617,True,
sample_0051,ScienceDB,resnet_50,36,belly_bottom,273.87,348.46,787.87,348.46,0.1358,False,
sample_0051,ScienceDB,resnet_50,37,body_middle_right,312.53,241.23,826.53,241.23,0.2548,True,
sample_0051,ScienceDB,resnet_50,38,body_middle_left,307.08,241.81,821.08,241.81,0.3183,True,
sample_0052,ScienceDB,resnet_50,0,nose,42.9,246.57,534.9,246.57,0.3295,True,
sample_0052,ScienceDB,resnet_50,1,upper_jaw,49.1,263.87,541.1,263.87,0.1165,False,
sample_0052,ScienceDB,resnet_50,2,lower_jaw,72.56,247.33,564.56,247.33,0.1014,False,
sample_0052,ScienceDB,resnet_50,3,mouth_end_right,40.5,241.78,532.5,241.78,0.2102,True,
sample_0052,ScienceDB,resnet_50,4,mouth_end_left,62.9,242.84,554.9,242.84,0.253,True,
sample_0052,ScienceDB,resnet_50,5,right_eye,18.96,128.18,510.96,128.18,0.9614,True,
sample_0052,ScienceDB,resnet_50,6,right_earbase,41.87,61.81,533.87,61.81,0.5078,True,
sample_0052,ScienceDB,resnet_50,7,right_earend,17.11,72.27,509.11,72.27,0.2862,True,
sample_0052,ScienceDB,resnet_50,8,right_antler_base,69.54,39.28,561.54,39.28,0.2388,True,
sample_0052,ScienceDB,resnet_50,9,right_antler_end,24.61,64.5,516.61,64.5,0.1347,False,
sample_0052,ScienceDB,resnet_50,10,left_eye,62.04,118.72,554.04,118.72,0.5331,True,
sample_0052,ScienceDB,resnet_50,11,left_earbase,126.44,84.69,618.44,84.69,0.1242,False,
sample_0052,ScienceDB,resnet_50,12,left_earend,326.25,249.43,818.25,249.43,0.2768,True,
sample_0052,ScienceDB,resnet_50,13,left_antler_base,137.86,67.2,629.86,67.2,0.2061,True,
sample_0052,ScienceDB,resnet_50,14,left_antler_end,143.27,101.86,635.27,101.86,0.1243,False,
sample_0052,ScienceDB,resnet_50,15,neck_base,119.51,38.26,611.51,38.26,0.535,True,
sample_0052,ScienceDB,resnet_50,16,neck_end,165.64,25.05,657.64,25.05,0.2349,True,
sample_0052,ScienceDB,resnet_50,17,throat_base,82.02,247.69,574.02,247.69,0.373,True,
sample_0052,ScienceDB,resnet_50,18,throat_end,91.09,250.68,583.09,250.68,0.1741,False,
sample_0052,ScienceDB,resnet_50,19,back_base,192.79,19.06,684.79,19.06,0.4319,True,
sample_0052,ScienceDB,resnet_50,20,back_end,242.38,50.86,734.38,50.86,0.4086,True,
sample_0052,ScienceDB,resnet_50,21,back_middle,172.04,41.39,664.04,41.39,0.4603,True,
sample_0052,ScienceDB,resnet_50,22,tail_base,251.4,58.01,743.4,58.01,0.417,True,
sample_0052,ScienceDB,resnet_50,23,tail_end,325.68,248.72,817.68,248.72,0.6616,True,
sample_0052,ScienceDB,resnet_50,24,front_left_thai,121.36,291.32,613.36,291.32,0.3661,True,
sample_0052,ScienceDB,resnet_50,25,front_left_knee,259.38,210.38,751.38,210.38,0.1624,False,
sample_0052,ScienceDB,resnet_50,26,front_left_paw,192.12,415.85,684.12,415.85,0.1445,False,
sample_0052,ScienceDB,resnet_50,27,front_right_thai,69.59,324.01,561.59,324.01,0.7867,True,
sample_0052,ScienceDB,resnet_50,28,front_right_knee,73.5,378.58,565.5,378.58,0.5325,True,
sample_0052,ScienceDB,resnet_50,29,front_right_paw,98.13,464.12,590.13,464.12,0.8447,True,
sample_0052,ScienceDB,resnet_50,30,back_left_paw,334.58,243.58,826.58,243.58,0.28,True,
sample_0052,ScienceDB,resnet_50,31,back_left_thai,299.54,100.56,791.54,100.56,0.5816,True,
sample_0052,ScienceDB,resnet_50,32,back_right_thai,260.2,202.29,752.2,202.29,0.2365,True,
sample_0052,ScienceDB,resnet_50,33,back_left_knee,332.56,233.75,824.56,233.75,0.367,True,
sample_0052,ScienceDB,resnet_50,34,back_right_knee,260.36,215.29,752.36,215.29,0.2817,True,
sample_0052,ScienceDB,resnet_50,35,back_right_paw,330.23,244.06,822.23,244.06,0.2941,True,
sample_0052,ScienceDB,resnet_50,36,belly_bottom,212.37,381.18,704.37,381.18,0.2308,True,
sample_0052,ScienceDB,resnet_50,37,body_middle_right,60.81,208.08,552.81,208.08,0.1445,False,
sample_0052,ScienceDB,resnet_50,38,body_middle_left,250.7,149.06,742.7,149.06,0.2477,True,
sample_0053,ScienceDB,resnet_50,0,nose,128.42,487.8,314.42,487.8,0.3524,True,
sample_0053,ScienceDB,resnet_50,1,upper_jaw,141.52,484.47,327.52,484.47,0.2412,True,
sample_0053,ScienceDB,resnet_50,2,lower_jaw,152.32,481.37,338.32,481.37,0.2053,True,
sample_0053,ScienceDB,resnet_50,3,mouth_end_right,124.81,473.6,310.81,473.6,0.1866,False,
sample_0053,ScienceDB,resnet_50,4,mouth_end_left,145.97,461.96,331.97,461.96,0.3016,True,
sample_0053,ScienceDB,resnet_50,5,right_eye,114.28,446.87,300.28,446.87,0.28,True,
sample_0053,ScienceDB,resnet_50,6,right_earbase,271.72,73.07,457.72,73.07,0.1015,False,
sample_0053,ScienceDB,resnet_50,7,right_earend,26.64,186.44,212.64,186.44,0.1511,False,
sample_0053,ScienceDB,resnet_50,8,right_antler_base,123.59,384.2,309.59,384.2,0.1861,False,
sample_0053,ScienceDB,resnet_50,9,right_antler_end,308.02,481.15,494.02,481.15,0.1416,False,
sample_0053,ScienceDB,resnet_50,10,left_eye,157.14,434.71,343.14,434.71,0.3125,True,
sample_0053,ScienceDB,resnet_50,11,left_earbase,298.62,98.36,484.62,98.36,0.2269,True,
sample_0053,ScienceDB,resnet_50,12,left_earend,131.7,89.77,317.7,89.77,0.0863,False,
sample_0053,ScienceDB,resnet_50,13,left_antler_base,325.71,185.54,511.71,185.54,0.1366,False,
sample_0053,ScienceDB,resnet_50,14,left_antler_end,544.67,304.61,730.67,304.61,0.1609,False,
sample_0053,ScienceDB,resnet_50,15,neck_base,259.81,66.03,445.81,66.03,0.5621,True,
sample_0053,ScienceDB,resnet_50,16,neck_end,277.06,42.17,463.06,42.17,0.4949,True,
sample_0053,ScienceDB,resnet_50,17,throat_base,286.04,224.84,472.04,224.84,0.1112,False,
sample_0053,ScienceDB,resnet_50,18,throat_end,235.45,148.43,421.45,148.43,0.1143,False,
sample_0053,ScienceDB,resnet_50,19,back_base,271.28,33.61,457.28,33.61,0.6345,True,
sample_0053,ScienceDB,resnet_50,20,back_end,236.35,16.06,422.35,16.06,0.1467,False,
sample_0053,ScienceDB,resnet_50,21,back_middle,354.5,16.07,540.5,16.07,0.2832,True,
sample_0053,ScienceDB,resnet_50,22,tail_base,104.8,40.45,290.8,40.45,0.137,False,
sample_0053,ScienceDB,resnet_50,23,tail_end,535.92,313.25,721.92,313.25,0.5464,True,
sample_0053,ScienceDB,resnet_50,24,front_left_thai,457.25,144.27,643.25,144.27,0.7777,True,
sample_0053,ScienceDB,resnet_50,25,front_left_knee,193.43,346.82,379.43,346.82,0.1494,False,
sample_0053,ScienceDB,resnet_50,26,front_left_paw,291.88,530.0,477.88,530.0,0.4061,True,
sample_0053,ScienceDB,resnet_50,27,front_right_thai,217.9,125.08,403.9,125.08,0.5783,True,
sample_0053,ScienceDB,resnet_50,28,front_right_knee,172.7,341.53,358.7,341.53,0.1922,False,
sample_0053,ScienceDB,resnet_50,29,front_right_paw,132.44,462.81,318.44,462.81,0.2101,True,
sample_0053,ScienceDB,resnet_50,30,back_left_paw,289.76,532.41,475.76,532.41,0.8116,True,
sample_0053,ScienceDB,resnet_50,31,back_left_thai,326.66,312.08,512.66,312.08,0.385,True,
sample_0053,ScienceDB,resnet_50,32,back_right_thai,371.73,365.83,557.73,365.83,0.5232,True,
sample_0053,ScienceDB,resnet_50,33,back_left_knee,325.74,431.8,511.74,431.8,0.5473,True,
sample_0053,ScienceDB,resnet_50,34,back_right_knee,333.1,443.87,519.1,443.87,0.5693,True,
sample_0053,ScienceDB,resnet_50,35,back_right_paw,305.84,526.6,491.84,526.6,0.4889,True,
sample_0053,ScienceDB,resnet_50,36,belly_bottom,262.86,401.41,448.86,401.41,0.2673,True,
sample_0053,ScienceDB,resnet_50,37,body_middle_right,21.11,117.69,207.11,117.69,0.1669,False,
sample_0053,ScienceDB,resnet_50,38,body_middle_left,520.15,56.48,706.15,56.48,0.2637,True,
sample_0057,ScienceDB,resnet_50,0,nose,478.38,178.8,478.38,179.8,0.5747,True,
sample_0057,ScienceDB,resnet_50,1,upper_jaw,475.51,189.37,475.51,190.37,0.2476,True,
sample_0057,ScienceDB,resnet_50,2,lower_jaw,495.19,192.42,495.19,193.42,0.1483,False,
sample_0057,ScienceDB,resnet_50,3,mouth_end_right,476.88,201.35,476.88,202.35,0.2022,True,
sample_0057,ScienceDB,resnet_50,4,mouth_end_left,493.64,193.27,493.64,194.27,0.2761,True,
sample_0057,ScienceDB,resnet_50,5,right_eye,457.39,193.7,457.39,194.7,0.4337,True,
sample_0057,ScienceDB,resnet_50,6,right_earbase,518.9,273.95,518.9,274.95,0.2988,True,
sample_0057,ScienceDB,resnet_50,7,right_earend,475.46,171.45,475.46,172.45,0.4075,True,
sample_0057,ScienceDB,resnet_50,8,right_antler_base,434.75,197.23,434.75,198.23,0.2666,True,
sample_0057,ScienceDB,resnet_50,9,right_antler_end,523.13,259.9,523.13,260.9,0.2878,True,
sample_0057,ScienceDB,resnet_50,10,left_eye,476.14,176.45,476.14,177.45,0.649,True,
sample_0057,ScienceDB,resnet_50,11,left_earbase,387.04,214.34,387.04,215.34,0.2478,True,
sample_0057,ScienceDB,resnet_50,12,left_earend,476.34,157.37,476.34,158.37,0.3847,True,
sample_0057,ScienceDB,resnet_50,13,left_antler_base,466.47,191.52,466.47,192.52,0.2712,True,
sample_0057,ScienceDB,resnet_50,14,left_antler_end,490.03,174.02,490.03,175.02,0.3734,True,
sample_0057,ScienceDB,resnet_50,15,neck_base,540.56,278.32,540.56,279.32,0.3556,True,
sample_0057,ScienceDB,resnet_50,16,neck_end,606.28,239.13,606.28,240.13,0.0459,False,
sample_0057,ScienceDB,resnet_50,17,throat_base,544.58,338.82,544.58,339.82,0.1414,False,
sample_0057,ScienceDB,resnet_50,18,throat_end,548.86,336.58,548.86,337.58,0.2363,True,
sample_0057,ScienceDB,resnet_50,19,back_base,549.13,200.7,549.13,201.7,0.0838,False,
sample_0057,ScienceDB,resnet_50,20,back_end,448.93,155.18,448.93,156.18,0.1666,False,
sample_0057,ScienceDB,resnet_50,21,back_middle,598.29,228.34,598.29,229.34,0.1054,False,
sample_0057,ScienceDB,resnet_50,22,tail_base,681.42,364.19,681.42,365.19,0.1653,False,
sample_0057,ScienceDB,resnet_50,23,tail_end,484.13,151.0,484.13,152.0,0.2238,True,
sample_0057,ScienceDB,resnet_50,24,front_left_thai,542.92,210.56,542.92,211.56,0.5218,True,
sample_0057,ScienceDB,resnet_50,25,front_left_knee,545.13,207.62,545.13,208.62,0.1449,False,
sample_0057,ScienceDB,resnet_50,26,front_left_paw,521.79,266.43,521.79,267.43,0.2712,True,
sample_0057,ScienceDB,resnet_50,27,front_right_thai,543.08,213.6,543.08,214.6,0.537,True,
sample_0057,ScienceDB,resnet_50,28,front_right_knee,532.63,302.73,532.63,303.73,0.3209,True,
sample_0057,ScienceDB,resnet_50,29,front_right_paw,530.64,270.15,530.64,271.15,0.5064,True,
sample_0057,ScienceDB,resnet_50,30,back_left_paw,712.92,486.76,712.92,487.76,0.8907,True,
sample_0057,ScienceDB,resnet_50,31,back_left_thai,645.31,367.93,645.31,368.93,0.2985,True,
sample_0057,ScienceDB,resnet_50,32,back_right_thai,674.77,318.04,674.77,319.04,0.1546,False,
sample_0057,ScienceDB,resnet_50,33,back_left_knee,699.64,383.31,699.64,384.31,0.556,True,
sample_0057,ScienceDB,resnet_50,34,back_right_knee,703.59,389.76,703.59,390.76,0.4147,True,
sample_0057,ScienceDB,resnet_50,35,back_right_paw,709.51,488.23,709.51,489.23,0.563,True,
sample_0057,ScienceDB,resnet_50,36,belly_bottom,563.69,442.46,563.69,443.46,0.0947,False,
sample_0057,ScienceDB,resnet_50,37,body_middle_right,470.28,281.22,470.28,282.22,0.0472,False,
sample_0057,ScienceDB,resnet_50,38,body_middle_left,634.14,258.1,634.14,259.1,0.2666,True,
sample_0058,ScienceDB,resnet_50,0,nose,373.98,470.67,373.98,470.67,0.2456,True,
sample_0058,ScienceDB,resnet_50,1,upper_jaw,378.27,512.55,378.27,512.55,0.144,False,
sample_0058,ScienceDB,resnet_50,2,lower_jaw,375.38,514.74,375.38,514.74,0.1501,False,
sample_0058,ScienceDB,resnet_50,3,mouth_end_right,383.28,512.1,383.28,512.1,0.1301,False,
sample_0058,ScienceDB,resnet_50,4,mouth_end_left,381.41,496.83,381.41,496.83,0.1229,False,
sample_0058,ScienceDB,resnet_50,5,right_eye,353.04,514.45,353.04,514.45,0.122,False,
sample_0058,ScienceDB,resnet_50,6,right_earbase,363.31,439.94,363.31,439.94,0.1378,False,
sample_0058,ScienceDB,resnet_50,7,right_earend,379.26,430.42,379.26,430.42,0.1405,False,
sample_0058,ScienceDB,resnet_50,8,right_antler_base,286.38,288.24,286.38,288.24,0.1302,False,
sample_0058,ScienceDB,resnet_50,9,right_antler_end,384.09,437.03,384.09,437.03,0.417,True,
sample_0058,ScienceDB,resnet_50,10,left_eye,370.71,217.26,370.71,217.26,0.1002,False,
sample_0058,ScienceDB,resnet_50,11,left_earbase,361.0,460.85,361.0,460.85,0.1729,False,
sample_0058,ScienceDB,resnet_50,12,left_earend,266.74,305.57,266.74,305.57,0.0606,False,
sample_0058,ScienceDB,resnet_50,13,left_antler_base,364.06,453.57,364.06,453.57,0.2519,True,
sample_0058,ScienceDB,resnet_50,14,left_antler_end,329.78,66.1,329.78,66.1,0.2307,True,
sample_0058,ScienceDB,resnet_50,15,neck_base,237.41,34.32,237.41,34.32,0.2041,True,
sample_0058,ScienceDB,resnet_50,16,neck_end,240.62,29.42,240.62,29.42,0.1458,False,
sample_0058,ScienceDB,resnet_50,17,throat_base,135.67,246.88,135.67,246.88,0.0435,False,
sample_0058,ScienceDB,resnet_50,18,throat_end,277.83,337.47,277.83,337.47,0.0686,False,
sample_0058,ScienceDB,resnet_50,19,back_base,239.75,32.03,239.75,32.03,0.2215,True,
sample_0058,ScienceDB,resnet_50,20,back_end,171.03,36.72,171.03,36.72,0.4849,True,
sample_0058,ScienceDB,resnet_50,21,back_middle,280.19,47.42,280.19,47.42,0.5536,True,
sample_0058,ScienceDB,resnet_50,22,tail_base,165.17,38.61,165.17,38.61,0.502,True,
sample_0058,ScienceDB,resnet_50,23,tail_end,161.82,18.11,161.82,18.11,0.2245,True,
sample_0058,ScienceDB,resnet_50,24,front_left_thai,358.15,303.94,358.15,303.94,0.2476,True,
sample_0058,ScienceDB,resnet_50,25,front_left_knee,399.03,451.0,399.03,451.0,0.3498,True,
sample_0058,ScienceDB,resnet_50,26,front_left_paw,394.81,559.1,394.81,559.1,0.82,True,
sample_0058,ScienceDB,resnet_50,27,front_right_thai,246.09,281.1,246.09,281.1,0.2276,True,
sample_0058,ScienceDB,resnet_50,28,front_right_knee,352.16,453.39,352.16,453.39,0.2539,True,
sample_0058,ScienceDB,resnet_50,29,front_right_paw,354.7,560.56,354.7,560.56,0.7694,True,
sample_0058,ScienceDB,resnet_50,30,back_left_paw,355.22,553.91,355.22,553.91,0.3982,True,
sample_0058,ScienceDB,resnet_50,31,back_left_thai,241.9,285.52,241.9,285.52,0.4289,True,
sample_0058,ScienceDB,resnet_50,32,back_right_thai,131.77,79.54,131.77,79.54,0.2801,True,
sample_0058,ScienceDB,resnet_50,33,back_left_knee,343.3,456.82,343.3,456.82,0.6374,True,
sample_0058,ScienceDB,resnet_50,34,back_right_knee,360.19,463.53,360.19,463.53,0.7034,True,
sample_0058,ScienceDB,resnet_50,35,back_right_paw,348.42,558.13,348.42,558.13,0.3033,True,
sample_0058,ScienceDB,resnet_50,36,belly_bottom,144.09,217.67,144.09,217.67,0.1755,False,
sample_0058,ScienceDB,resnet_50,37,body_middle_right,152.78,162.21,152.78,162.21,0.2753,True,
sample_0058,ScienceDB,resnet_50,38,body_middle_left,270.36,86.91,270.36,86.91,0.2185,True,
sample_0060,ScienceDB,resnet_50,0,nose,652.46,124.78,652.46,124.78,0.5192,True,
sample_0060,ScienceDB,resnet_50,1,upper_jaw,649.56,139.42,649.56,139.42,0.2103,True,
sample_0060,ScienceDB,resnet_50,2,lower_jaw,633.76,144.39,633.76,144.39,0.1342,False,
sample_0060,ScienceDB,resnet_50,3,mouth_end_right,623.92,149.26,623.92,149.26,0.0679,False,
sample_0060,ScienceDB,resnet_50,4,mouth_end_left,648.89,136.6,648.89,136.6,0.1531,False,
sample_0060,ScienceDB,resnet_50,5,right_eye,652.34,138.33,652.34,138.33,0.3158,True,
sample_0060,ScienceDB,resnet_50,6,right_earbase,515.44,216.21,515.44,216.21,0.266,True,
sample_0060,ScienceDB,resnet_50,7,right_earend,734.64,133.88,734.64,133.88,0.2416,True,
sample_0060,ScienceDB,resnet_50,8,right_antler_base,697.83,129.52,697.83,129.52,0.2119,True,
sample_0060,ScienceDB,resnet_50,9,right_antler_end,285.13,112.22,285.13,112.22,0.5882,True,
sample_0060,ScienceDB,resnet_50,10,left_eye,638.99,130.6,638.99,130.6,0.4465,True,
sample_0060,ScienceDB,resnet_50,11,left_earbase,644.66,153.39,644.66,153.39,0.1107,False,
sample_0060,ScienceDB,resnet_50,12,left_earend,291.46,120.7,291.46,120.7,0.246,True,
sample_0060,ScienceDB,resnet_50,13,left_antler_base,652.94,153.07,652.94,153.07,0.2069,True,
sample_0060,ScienceDB,resnet_50,14,left_antler_end,342.53,41.3,342.53,41.3,0.3863,True,
sample_0060,ScienceDB,resnet_50,15,neck_base,610.82,272.19,610.82,272.19,0.3767,True,
sample_0060,ScienceDB,resnet_50,16,neck_end,590.44,278.07,590.44,278.07,0.16,False,
sample_0060,ScienceDB,resnet_50,17,throat_base,592.33,292.03,592.33,292.03,0.1012,False,
sample_0060,ScienceDB,resnet_50,18,throat_end,586.11,292.44,586.11,292.44,0.1518,False,
sample_0060,ScienceDB,resnet_50,19,back_base,573.93,269.01,573.93,269.01,0.2308,True,
sample_0060,ScienceDB,resnet_50,20,back_end,404.82,501.08,404.82,501.08,0.3628,True,
sample_0060,ScienceDB,resnet_50,21,back_middle,355.34,408.45,355.34,408.45,0.2636,True,
sample_0060,ScienceDB,resnet_50,22,tail_base,406.32,515.62,406.32,515.62,0.4429,True,
sample_0060,ScienceDB,resnet_50,23,tail_end,374.34,550.63,374.34,550.63,0.1846,False,
sample_0060,ScienceDB,resnet_50,24,front_left_thai,626.66,325.17,626.66,325.17,0.2604,True,
sample_0060,ScienceDB,resnet_50,25,front_left_knee,635.42,403.09,635.42,403.09,0.1755,False,
sample_0060,ScienceDB,resnet_50,26,front_left_paw,649.66,135.92,649.66,135.92,0.5944,True,
sample_0060,ScienceDB,resnet_50,27,front_right_thai,645.51,319.78,645.51,319.78,0.3458,True,
sample_0060,ScienceDB,resnet_50,28,front_right_knee,495.69,283.31,495.69,283.31,0.1316,False,
sample_0060,ScienceDB,resnet_50,29,front_right_paw,295.79,112.87,295.79,112.87,0.6148,True,
sample_0060,ScienceDB,resnet_50,30,back_left_paw,363.81,55.19,363.81,55.19,0.1275,False,
sample_0060,ScienceDB,resnet_50,31,back_left_thai,431.52,356.36,431.52,356.36,0.3072,True,
sample_0060,ScienceDB,resnet_50,32,back_right_thai,406.15,338.59,406.15,338.59,0.2675,True,
sample_0060,ScienceDB,resnet_50,33,back_left_knee,385.38,328.97,385.38,328.97,0.2099,True,
sample_0060,ScienceDB,resnet_50,34,back_right_knee,398.42,321.25,398.42,321.25,0.305,True,
sample_0060,ScienceDB,resnet_50,35,back_right_paw,289.24,118.68,289.24,118.68,0.1986,False,
sample_0060,ScienceDB,resnet_50,36,belly_bottom,485.59,302.47,485.59,302.47,0.2047,True,
sample_0060,ScienceDB,resnet_50,37,body_middle_right,661.55,408.9,661.55,408.9,0.2108,True,
sample_0060,ScienceDB,resnet_50,38,body_middle_left,702.89,171.02,702.89,171.02,0.211,True,
sample_0061,ScienceDB,resnet_50,0,nose,612.54,471.85,612.54,471.85,0.2357,True,
sample_0061,ScienceDB,resnet_50,1,upper_jaw,612.78,474.11,612.78,474.11,0.1839,False,
sample_0061,ScienceDB,resnet_50,2,lower_jaw,611.12,473.05,611.12,473.05,0.2331,True,
sample_0061,ScienceDB,resnet_50,3,mouth_end_right,608.96,471.27,608.96,471.27,0.2032,True,
sample_0061,ScienceDB,resnet_50,4,mouth_end_left,612.07,467.38,612.07,467.38,0.0932,False,
sample_0061,ScienceDB,resnet_50,5,right_eye,605.11,462.72,605.11,462.72,0.0681,False,
sample_0061,ScienceDB,resnet_50,6,right_earbase,673.21,417.75,673.21,417.75,0.0667,False,
sample_0061,ScienceDB,resnet_50,7,right_earend,554.33,397.66,554.33,397.66,0.1638,False,
sample_0061,ScienceDB,resnet_50,8,right_antler_base,670.64,414.74,670.64,414.74,0.1509,False,
sample_0061,ScienceDB,resnet_50,9,right_antler_end,563.24,372.46,563.24,372.46,0.1344,False,
sample_0061,ScienceDB,resnet_50,10,left_eye,579.21,438.47,579.21,438.47,0.0558,False,
sample_0061,ScienceDB,resnet_50,11,left_earbase,636.03,431.11,636.03,431.11,0.0539,False,
sample_0061,ScienceDB,resnet_50,12,left_earend,554.48,377.15,554.48,377.15,0.1384,False,
sample_0061,ScienceDB,resnet_50,13,left_antler_base,676.73,406.71,676.73,406.71,0.084,False,
sample_0061,ScienceDB,resnet_50,14,left_antler_end,680.34,415.18,680.34,415.18,0.1435,False,
sample_0061,ScienceDB,resnet_50,15,neck_base,672.64,409.33,672.64,409.33,0.181,False,
sample_0061,ScienceDB,resnet_50,16,neck_end,672.85,407.17,672.85,407.17,0.0885,False,
sample_0061,ScienceDB,resnet_50,17,throat_base,633.01,437.48,633.01,437.48,0.0664,False,
sample_0061,ScienceDB,resnet_50,18,throat_end,619.92,426.07,619.92,426.07,0.2418,True,
sample_0061,ScienceDB,resnet_50,19,back_base,672.11,404.71,672.11,404.71,0.0928,False,
sample_0061,ScienceDB,resnet_50,20,back_end,668.58,404.9,668.58,404.9,0.6863,True,
sample_0061,ScienceDB,resnet_50,21,back_middle,620.85,379.55,620.85,379.55,0.6059,True,
sample_0061,ScienceDB,resnet_50,22,tail_base,676.58,414.29,676.58,414.29,0.6796,True,
sample_0061,ScienceDB,resnet_50,23,tail_end,674.34,423.11,674.34,423.11,0.2107,True,
sample_0061,ScienceDB,resnet_50,24,front_left_thai,625.07,432.31,625.07,432.31,0.4554,True,
sample_0061,ScienceDB,resnet_50,25,front_left_knee,617.15,450.62,617.15,450.62,0.6982,True,
sample_0061,ScienceDB,resnet_50,26,front_left_paw,615.44,474.6,615.44,474.6,0.9062,True,
sample_0061,ScienceDB,resnet_50,27,front_right_thai,601.42,432.78,601.42,432.78,0.1496,False,
sample_0061,ScienceDB,resnet_50,28,front_right_knee,618.77,447.29,618.77,447.29,0.2353,True,
sample_0061,ScienceDB,resnet_50,29,front_right_paw,612.85,473.72,612.85,473.72,0.4139,True,
sample_0061,ScienceDB,resnet_50,30,back_left_paw,653.73,468.38,653.73,468.38,0.2004,True,
sample_0061,ScienceDB,resnet_50,31,back_left_thai,655.91,436.44,655.91,436.44,0.708,True,
sample_0061,ScienceDB,resnet_50,32,back_right_thai,574.33,414.38,574.33,414.38,0.4097,True,
sample_0061,ScienceDB,resnet_50,33,back_left_knee,657.89,452.23,657.89,452.23,0.3778,True,
sample_0061,ScienceDB,resnet_50,34,back_right_knee,580.42,421.85,580.42,421.85,0.2763,True,
sample_0061,ScienceDB,resnet_50,35,back_right_paw,584.66,431.95,584.66,431.95,0.3585,True,
sample_0061,ScienceDB,resnet_50,36,belly_bottom,604.05,420.53,604.05,420.53,0.2911,True,
sample_0061,ScienceDB,resnet_50,37,body_middle_right,609.77,398.72,609.77,398.72,0.2078,True,
sample_0061,ScienceDB,resnet_50,38,body_middle_left,634.38,412.42,634.38,412.42,0.2747,True,
sample_0063,ScienceDB,resnet_50,0,nose,159.18,369.73,522.18,369.73,0.0885,False,
sample_0063,ScienceDB,resnet_50,1,upper_jaw,178.75,370.26,541.75,370.26,0.2385,True,
sample_0063,ScienceDB,resnet_50,2,lower_jaw,178.75,371.97,541.75,371.97,0.3282,True,
sample_0063,ScienceDB,resnet_50,3,mouth_end_right,177.63,357.46,540.63,357.46,0.2128,True,
sample_0063,ScienceDB,resnet_50,4,mouth_end_left,184.9,379.63,547.9,379.63,0.2407,True,
sample_0063,ScienceDB,resnet_50,5,right_eye,55.8,150.62,418.8,150.62,0.3268,True,
sample_0063,ScienceDB,resnet_50,6,right_earbase,228.87,54.85,591.87,54.85,0.2358,True,
sample_0063,ScienceDB,resnet_50,7,right_earend,80.59,89.05,443.59,89.05,0.3704,True,
sample_0063,ScienceDB,resnet_50,8,right_antler_base,227.24,58.27,590.24,58.27,0.2135,True,
sample_0063,ScienceDB,resnet_50,9,right_antler_end,228.52,50.73,591.52,50.73,0.1553,False,
sample_0063,ScienceDB,resnet_50,10,left_eye,60.49,153.3,423.49,153.3,0.2359,True,
sample_0063,ScienceDB,resnet_50,11,left_earbase,94.2,94.04,457.2,94.04,0.1738,False,
sample_0063,ScienceDB,resnet_50,12,left_earend,89.68,88.49,452.68,88.49,0.2362,True,
sample_0063,ScienceDB,resnet_50,13,left_antler_base,85.72,95.64,448.72,95.64,0.2491,True,
sample_0063,ScienceDB,resnet_50,14,left_antler_end,186.06,154.43,549.06,154.43,0.1482,False,
sample_0063,ScienceDB,resnet_50,15,neck_base,211.61,69.94,574.61,69.94,0.3407,True,
sample_0063,ScienceDB,resnet_50,16,neck_end,224.43,74.01,587.43,74.01,0.5584,True,
sample_0063,ScienceDB,resnet_50,17,throat_base,358.69,293.08,721.69,293.08,0.1452,False,
sample_0063,ScienceDB,resnet_50,18,throat_end,359.29,296.78,722.29,296.78,0.2006,True,
sample_0063,ScienceDB,resnet_50,19,back_base,222.26,74.12,585.26,74.12,0.7285,True,
sample_0063,ScienceDB,resnet_50,20,back_end,293.45,118.78,656.45,118.78,0.0818,False,
sample_0063,ScienceDB,resnet_50,21,back_middle,264.56,79.9,627.56,79.9,0.4811,True,
sample_0063,ScienceDB,resnet_50,22,tail_base,273.15,135.41,636.15,135.41,0.064,False,
sample_0063,ScienceDB,resnet_50,23,tail_end,343.34,234.63,706.34,234.63,0.1268,False,
sample_0063,ScienceDB,resnet_50,24,front_left_thai,362.71,295.73,725.71,295.73,0.3359,True,
sample_0063,ScienceDB,resnet_50,25,front_left_knee,282.39,374.4,645.39,374.4,0.4023,True,
sample_0063,ScienceDB,resnet_50,26,front_left_paw,209.44,385.41,572.44,385.41,0.7774,True,
sample_0063,ScienceDB,resnet_50,27,front_right_thai,259.82,326.94,622.82,326.94,0.5422,True,
sample_0063,ScienceDB,resnet_50,28,front_right_knee,286.58,378.43,649.58,378.43,0.6925,True,
sample_0063,ScienceDB,resnet_50,29,front_right_paw,210.58,392.17,573.58,392.17,0.5578,True,
sample_0063,ScienceDB,resnet_50,30,back_left_paw,39.85,355.54,402.85,355.54,0.2849,True,
sample_0063,ScienceDB,resnet_50,31,back_left_thai,68.73,210.28,431.73,210.28,0.3095,True,
sample_0063,ScienceDB,resnet_50,32,back_right_thai,346.44,154.82,709.44,154.82,0.3317,True,
sample_0063,ScienceDB,resnet_50,33,back_left_knee,73.74,309.61,436.74,309.61,0.2988,True,
sample_0063,ScienceDB,resnet_50,34,back_right_knee,89.4,296.9,452.4,296.9,0.3121,True,
sample_0063,ScienceDB,resnet_50,35,back_right_paw,62.76,379.95,425.76,379.95,0.2078,True,
sample_0063,ScienceDB,resnet_50,36,belly_bottom,129.26,319.46,492.26,319.46,0.1848,False,
sample_0063,ScienceDB,resnet_50,37,body_middle_right,69.17,173.03,432.17,173.03,0.2519,True,
sample_0063,ScienceDB,resnet_50,38,body_middle_left,172.4,166.22,535.4,166.22,0.2882,True,
sample_0064,ScienceDB,resnet_50,0,nose,307.8,134.2,599.8,194.2,0.2155,True,
sample_0064,ScienceDB,resnet_50,1,upper_jaw,307.67,143.16,599.67,203.16,0.0902,False,
sample_0064,ScienceDB,resnet_50,2,lower_jaw,199.32,140.03,491.32,200.03,0.0933,False,
sample_0064,ScienceDB,resnet_50,3,mouth_end_right,301.96,162.59,593.96,222.59,0.2124,True,
sample_0064,ScienceDB,resnet_50,4,mouth_end_left,246.41,430.19,538.41,490.19,0.1485,False,
sample_0064,ScienceDB,resnet_50,5,right_eye,282.03,136.03,574.03,196.03,0.8237,True,
sample_0064,ScienceDB,resnet_50,6,right_earbase,247.34,144.88,539.34,204.88,0.2766,True,
sample_0064,ScienceDB,resnet_50,7,right_earend,195.71,138.29,487.71,198.29,0.365,True,
sample_0064,ScienceDB,resnet_50,8,right_antler_base,262.68,127.76,554.68,187.76,0.339,True,
sample_0064,ScienceDB,resnet_50,9,right_antler_end,244.52,122.04,536.52,182.04,0.2127,True,
sample_0064,ScienceDB,resnet_50,10,left_eye,280.53,134.27,572.53,194.27,0.7086,True,
sample_0064,ScienceDB,resnet_50,11,left_earbase,193.63,148.66,485.63,208.66,0.2697,True,
sample_0064,ScienceDB,resnet_50,12,left_earend,186.49,136.67,478.49,196.67,0.2776,True,
sample_0064,ScienceDB,resnet_50,13,left_antler_base,216.63,146.07,508.63,206.07,0.1935,False,
sample_0064,ScienceDB,resnet_50,14,left_antler_end,201.99,145.49,493.99,205.49,0.2906,True,
sample_0064,ScienceDB,resnet_50,15,neck_base,242.25,190.54,534.25,250.54,0.3633,True,
sample_0064,ScienceDB,resnet_50,16,neck_end,205.44,162.22,497.44,222.22,0.2474,True,
sample_0064,ScienceDB,resnet_50,17,throat_base,254.6,227.18,546.6,287.18,0.1202,False,
sample_0064,ScienceDB,resnet_50,18,throat_end,255.88,223.15,547.88,283.15,0.201,True,
sample_0064,ScienceDB,resnet_50,19,back_base,189.03,160.73,481.03,220.73,0.3373,True,
sample_0064,ScienceDB,resnet_50,20,back_end,337.51,333.34,629.51,393.34,0.3107,True,
sample_0064,ScienceDB,resnet_50,21,back_middle,305.4,257.82,597.4,317.82,0.2505,True,
sample_0064,ScienceDB,resnet_50,22,tail_base,337.91,344.97,629.91,404.97,0.4004,True,
sample_0064,ScienceDB,resnet_50,23,tail_end,306.41,307.67,598.41,367.67,0.4219,True,
sample_0064,ScienceDB,resnet_50,24,front_left_thai,41.77,195.1,333.77,255.1,0.1226,False,
sample_0064,ScienceDB,resnet_50,25,front_left_knee,243.27,443.91,535.27,503.91,0.1365,False,
sample_0064,ScienceDB,resnet_50,26,front_left_paw,203.78,488.3,495.78,548.3,0.3513,True,
sample_0064,ScienceDB,resnet_50,27,front_right_thai,209.99,254.72,501.99,314.72,0.281,True,
sample_0064,ScienceDB,resnet_50,28,front_right_knee,150.04,447.52,442.04,507.52,0.108,False,
sample_0064,ScienceDB,resnet_50,29,front_right_paw,19.97,431.78,311.97,491.78,0.3584,True,
sample_0064,ScienceDB,resnet_50,30,back_left_paw,218.89,491.3,510.89,551.3,0.6464,True,
sample_0064,ScienceDB,resnet_50,31,back_left_thai,327.71,354.47,619.71,414.47,0.2752,True,
sample_0064,ScienceDB,resnet_50,32,back_right_thai,339.62,366.95,631.62,426.95,0.388,True,
sample_0064,ScienceDB,resnet_50,33,back_left_knee,305.97,437.97,597.97,497.97,0.2921,True,
sample_0064,ScienceDB,resnet_50,34,back_right_knee,324.0,445.65,616.0,505.65,0.5311,True,
sample_0064,ScienceDB,resnet_50,35,back_right_paw,193.77,496.55,485.77,556.55,0.2087,True,
sample_0064,ScienceDB,resnet_50,36,belly_bottom,266.85,410.05,558.85,470.05,0.3088,True,
sample_0064,ScienceDB,resnet_50,37,body_middle_right,208.8,273.07,500.8,333.07,0.2278,True,
sample_0064,ScienceDB,resnet_50,38,body_middle_left,264.42,396.46,556.42,456.46,0.3152,True,
sample_0065,ScienceDB,resnet_50,0,nose,362.96,123.58,596.96,124.58,0.1607,False,
sample_0065,ScienceDB,resnet_50,1,upper_jaw,362.98,117.95,596.98,118.95,0.1129,False,
sample_0065,ScienceDB,resnet_50,2,lower_jaw,359.6,126.09,593.6,127.09,0.2179,True,
sample_0065,ScienceDB,resnet_50,3,mouth_end_right,367.28,117.96,601.28,118.96,0.2127,True,
sample_0065,ScienceDB,resnet_50,4,mouth_end_left,369.82,121.16,603.82,122.16,0.1586,False,
sample_0065,ScienceDB,resnet_50,5,right_eye,354.3,100.62,588.3,101.62,0.3373,True,
sample_0065,ScienceDB,resnet_50,6,right_earbase,341.47,80.83,575.47,81.83,0.8734,True,
sample_0065,ScienceDB,resnet_50,7,right_earend,337.11,52.58,571.11,53.58,0.3477,True,
sample_0065,ScienceDB,resnet_50,8,right_antler_base,348.22,88.36,582.22,89.36,0.4489,True,
sample_0065,ScienceDB,resnet_50,9,right_antler_end,345.39,60.45,579.39,61.45,0.2034,True,
sample_0065,ScienceDB,resnet_50,10,left_eye,351.4,99.78,585.4,100.78,0.2718,True,
sample_0065,ScienceDB,resnet_50,11,left_earbase,300.09,77.28,534.09,78.28,0.4622,True,
sample_0065,ScienceDB,resnet_50,12,left_earend,297.58,69.93,531.58,70.93,0.4723,True,
sample_0065,ScienceDB,resnet_50,13,left_antler_base,319.22,69.45,553.22,70.45,0.3263,True,
sample_0065,ScienceDB,resnet_50,14,left_antler_end,233.65,219.39,467.65,220.39,0.1227,False,
sample_0065,ScienceDB,resnet_50,15,neck_base,317.01,117.61,551.01,118.61,0.9192,True,
sample_0065,ScienceDB,resnet_50,16,neck_end,296.15,117.37,530.15,118.37,0.5671,True,
sample_0065,ScienceDB,resnet_50,17,throat_base,357.5,151.19,591.5,152.19,0.2018,True,
sample_0065,ScienceDB,resnet_50,18,throat_end,367.09,170.08,601.09,171.08,0.4577,True,
sample_0065,ScienceDB,resnet_50,19,back_base,282.46,137.04,516.46,138.04,0.2951,True,
sample_0065,ScienceDB,resnet_50,20,back_end,141.97,331.24,375.97,332.24,0.3065,True,
sample_0065,ScienceDB,resnet_50,21,back_middle,187.74,232.43,421.74,233.43,0.2702,True,
sample_0065,ScienceDB,resnet_50,22,tail_base,136.01,348.5,370.01,349.5,0.3117,True,
sample_0065,ScienceDB,resnet_50,23,tail_end,152.74,473.81,386.74,474.81,0.313,True,
sample_0065,ScienceDB,resnet_50,24,front_left_thai,318.89,345.53,552.89,346.53,0.326,True,
sample_0065,ScienceDB,resnet_50,25,front_left_knee,351.79,398.05,585.79,399.05,0.6169,True,
sample_0065,ScienceDB,resnet_50,26,front_left_paw,303.07,466.43,537.07,467.43,0.4542,True,
sample_0065,ScienceDB,resnet_50,27,front_right_thai,369.84,297.26,603.84,298.26,0.4631,True,
sample_0065,ScienceDB,resnet_50,28,front_right_knee,355.74,398.4,589.74,399.4,0.6811,True,
sample_0065,ScienceDB,resnet_50,29,front_right_paw,366.11,450.03,600.11,451.03,0.2505,True,
sample_0065,ScienceDB,resnet_50,30,back_left_paw,38.24,495.9,272.24,496.9,0.0791,False,
sample_0065,ScienceDB,resnet_50,31,back_left_thai,30.97,401.03,264.97,402.03,0.637,True,
sample_0065,ScienceDB,resnet_50,32,back_right_thai,253.12,429.44,487.12,430.44,0.3637,True,
sample_0065,ScienceDB,resnet_50,33,back_left_knee,40.58,483.83,274.58,484.83,0.7616,True,
sample_0065,ScienceDB,resnet_50,34,back_right_knee,265.96,473.65,499.96,474.65,0.6192,True,
sample_0065,ScienceDB,resnet_50,35,back_right_paw,290.03,483.93,524.03,484.93,0.6693,True,
sample_0065,ScienceDB,resnet_50,36,belly_bottom,285.48,402.05,519.48,403.05,0.2331,True,
sample_0065,ScienceDB,resnet_50,37,body_middle_right,302.74,291.3,536.74,292.3,0.2582,True,
sample_0065,ScienceDB,resnet_50,38,body_middle_left,332.65,270.25,566.65,271.25,0.236,True,
sample_0066,ScienceDB,resnet_50,0,nose,654.96,493.4,654.96,494.4,0.2597,True,
sample_0066,ScienceDB,resnet_50,1,upper_jaw,629.39,411.2,629.39,412.2,0.0781,False,
sample_0066,ScienceDB,resnet_50,2,lower_jaw,637.16,506.22,637.16,507.22,0.0687,False,
sample_0066,ScienceDB,resnet_50,3,mouth_end_right,627.98,421.73,627.98,422.73,0.1416,False,
sample_0066,ScienceDB,resnet_50,4,mouth_end_left,672.8,395.22,672.8,396.22,0.1338,False,
sample_0066,ScienceDB,resnet_50,5,right_eye,640.22,338.05,640.22,339.05,0.5961,True,
sample_0066,ScienceDB,resnet_50,6,right_earbase,556.89,303.72,556.89,304.72,0.3702,True,
sample_0066,ScienceDB,resnet_50,7,right_earend,542.59,345.74,542.59,346.74,0.2099,True,
sample_0066,ScienceDB,resnet_50,8,right_antler_base,585.67,269.05,585.67,270.05,0.2665,True,
sample_0066,ScienceDB,resnet_50,9,right_antler_end,586.32,315.19,586.32,316.19,0.1535,False,
sample_0066,ScienceDB,resnet_50,10,left_eye,648.38,326.08,648.38,327.08,1.0,True,
sample_0066,ScienceDB,resnet_50,11,left_earbase,650.4,242.52,650.4,243.52,0.3249,True,
sample_0066,ScienceDB,resnet_50,12,left_earend,755.84,308.4,755.84,309.4,0.3452,True,
sample_0066,ScienceDB,resnet_50,13,left_antler_base,638.15,252.9,638.15,253.9,0.296,True,
sample_0066,ScienceDB,resnet_50,14,left_antler_end,501.36,61.99,501.36,62.99,0.2199,True,
sample_0066,ScienceDB,resnet_50,15,neck_base,586.14,234.88,586.14,235.88,0.2869,True,
sample_0066,ScienceDB,resnet_50,16,neck_end,528.34,127.67,528.34,128.67,0.2238,True,
sample_0066,ScienceDB,resnet_50,17,throat_base,544.05,345.92,544.05,346.92,0.1224,False,
sample_0066,ScienceDB,resnet_50,18,throat_end,542.79,353.25,542.79,354.25,0.1521,False,
sample_0066,ScienceDB,resnet_50,19,back_base,499.59,102.44,499.59,103.44,0.2724,True,
sample_0066,ScienceDB,resnet_50,20,back_end,265.81,127.85,265.81,128.85,0.5658,True,
sample_0066,ScienceDB,resnet_50,21,back_middle,374.23,100.46,374.23,101.46,0.6181,True,
sample_0066,ScienceDB,resnet_50,22,tail_base,264.39,131.38,264.39,132.38,0.6276,True,
sample_0066,ScienceDB,resnet_50,23,tail_end,284.33,558.11,284.33,559.11,0.2606,True,
sample_0066,ScienceDB,resnet_50,24,front_left_thai,587.14,318.65,587.14,319.65,0.5957,True,
sample_0066,ScienceDB,resnet_50,25,front_left_knee,642.48,427.77,642.48,428.77,0.218,True,
sample_0066,ScienceDB,resnet_50,26,front_left_paw,624.09,496.58,624.09,497.58,0.3639,True,
sample_0066,ScienceDB,resnet_50,27,front_right_thai,557.19,323.56,557.19,324.56,0.3014,True,
sample_0066,ScienceDB,resnet_50,28,front_right_knee,611.76,412.13,611.76,413.13,0.0827,False,
sample_0066,ScienceDB,resnet_50,29,front_right_paw,618.19,508.25,618.19,509.25,0.5996,True,
sample_0066,ScienceDB,resnet_50,30,back_left_paw,331.45,554.08,331.45,555.08,0.6488,True,
sample_0066,ScienceDB,resnet_50,31,back_left_thai,278.14,348.96,278.14,349.96,0.4027,True,
sample_0066,ScienceDB,resnet_50,32,back_right_thai,268.43,356.51,268.43,357.51,0.3291,True,
sample_0066,ScienceDB,resnet_50,33,back_left_knee,332.77,511.72,332.77,512.72,0.3625,True,
sample_0066,ScienceDB,resnet_50,34,back_right_knee,293.34,489.71,293.34,490.71,0.4856,True,
sample_0066,ScienceDB,resnet_50,35,back_right_paw,325.44,553.05,325.44,554.05,0.372,True,
sample_0066,ScienceDB,resnet_50,36,belly_bottom,494.61,340.81,494.61,341.81,0.272,True,
sample_0066,ScienceDB,resnet_50,37,body_middle_right,498.41,172.12,498.41,173.12,0.1713,False,
sample_0066,ScienceDB,resnet_50,38,body_middle_left,328.26,227.33,328.26,228.33,0.2649,True,
sample_0067,ScienceDB,resnet_50,0,nose,39.55,218.73,397.55,236.73,0.0974,False,
sample_0067,ScienceDB,resnet_50,1,upper_jaw,338.19,513.19,696.19,531.19,0.044,False,
sample_0067,ScienceDB,resnet_50,2,lower_jaw,252.55,433.65,610.55,451.65,0.0486,False,
sample_0067,ScienceDB,resnet_50,3,mouth_end_right,141.02,320.0,499.02,338.0,0.0398,False,
sample_0067,ScienceDB,resnet_50,4,mouth_end_left,42.95,404.13,400.95,422.13,0.072,False,
sample_0067,ScienceDB,resnet_50,5,right_eye,290.99,342.05,648.99,360.05,0.125,False,
sample_0067,ScienceDB,resnet_50,6,right_earbase,69.6,216.83,427.6,234.83,0.0495,False,
sample_0067,ScienceDB,resnet_50,7,right_earend,25.28,352.17,383.28,370.17,0.1416,False,
sample_0067,ScienceDB,resnet_50,8,right_antler_base,170.47,225.46,528.47,243.46,0.0879,False,
sample_0067,ScienceDB,resnet_50,9,right_antler_end,13.59,196.26,371.59,214.26,0.1149,False,
sample_0067,ScienceDB,resnet_50,10,left_eye,300.32,335.49,658.32,353.49,0.1629,False,
sample_0067,ScienceDB,resnet_50,11,left_earbase,45.36,218.36,403.36,236.36,0.0578,False,
sample_0067,ScienceDB,resnet_50,12,left_earend,320.43,248.81,678.43,266.81,0.0594,False,
sample_0067,ScienceDB,resnet_50,13,left_antler_base,284.06,417.11,642.06,435.11,0.0883,False,
sample_0067,ScienceDB,resnet_50,14,left_antler_end,173.65,255.15,531.65,273.15,0.1119,False,
sample_0067,ScienceDB,resnet_50,15,neck_base,67.09,234.47,425.09,252.47,0.362,True,
sample_0067,ScienceDB,resnet_50,16,neck_end,81.09,230.21,439.09,248.21,0.3409,True,
sample_0067,ScienceDB,resnet_50,17,throat_base,45.65,392.57,403.65,410.57,0.0531,False,
sample_0067,ScienceDB,resnet_50,18,throat_end,49.17,423.1,407.17,441.1,0.0669,False,
sample_0067,ScienceDB,resnet_50,19,back_base,77.78,227.77,435.78,245.77,0.5583,True,
sample_0067,ScienceDB,resnet_50,20,back_end,59.67,218.92,417.67,236.92,0.3924,True,
sample_0067,ScienceDB,resnet_50,21,back_middle,147.36,242.1,505.36,260.1,0.6057,True,
sample_0067,ScienceDB,resnet_50,22,tail_base,52.82,220.83,410.82,238.83,0.4843,True,
sample_0067,ScienceDB,resnet_50,23,tail_end,35.22,354.72,393.22,372.72,0.1643,False,
sample_0067,ScienceDB,resnet_50,24,front_left_thai,52.82,440.22,410.82,458.22,0.588,True,
sample_0067,ScienceDB,resnet_50,25,front_left_knee,65.57,514.77,423.57,532.77,0.341,True,
sample_0067,ScienceDB,resnet_50,26,front_left_paw,87.72,547.78,445.72,565.78,0.5838,True,
sample_0067,ScienceDB,resnet_50,27,front_right_thai,66.0,438.63,424.0,456.63,0.3118,True,
sample_0067,ScienceDB,resnet_50,28,front_right_knee,87.89,467.05,445.89,485.05,0.1268,False,
sample_0067,ScienceDB,resnet_50,29,front_right_paw,243.58,538.15,601.58,556.15,0.1591,False,
sample_0067,ScienceDB,resnet_50,30,back_left_paw,204.81,545.84,562.81,563.84,0.7282,True,
sample_0067,ScienceDB,resnet_50,31,back_left_thai,248.66,367.06,606.66,385.06,0.4782,True,
sample_0067,ScienceDB,resnet_50,32,back_right_thai,328.6,351.33,686.6,369.33,0.7891,True,
sample_0067,ScienceDB,resnet_50,33,back_left_knee,245.98,443.77,603.98,461.77,0.8544,True,
sample_0067,ScienceDB,resnet_50,34,back_right_knee,357.78,473.38,715.78,491.38,0.5876,True,
sample_0067,ScienceDB,resnet_50,35,back_right_paw,243.47,540.94,601.47,558.94,0.6108,True,
sample_0067,ScienceDB,resnet_50,36,belly_bottom,186.97,424.28,544.97,442.28,0.4014,True,
sample_0067,ScienceDB,resnet_50,37,body_middle_right,118.32,325.75,476.32,343.75,0.2978,True,
sample_0067,ScienceDB,resnet_50,38,body_middle_left,62.2,333.94,420.2,351.94,0.4552,True,
sample_0068,ScienceDB,resnet_50,0,nose,236.82,266.43,440.82,266.43,0.3058,True,
sample_0068,ScienceDB,resnet_50,1,upper_jaw,248.37,272.54,452.37,272.54,0.3997,True,
sample_0068,ScienceDB,resnet_50,2,lower_jaw,252.72,272.46,456.72,272.46,0.2404,True,
sample_0068,ScienceDB,resnet_50,3,mouth_end_right,236.74,261.32,440.74,261.32,0.2012,True,
sample_0068,ScienceDB,resnet_50,4,mouth_end_left,250.11,246.06,454.11,246.06,0.2089,True,
sample_0068,ScienceDB,resnet_50,5,right_eye,255.71,178.61,459.71,178.61,0.6856,True,
sample_0068,ScienceDB,resnet_50,6,right_earbase,278.06,115.24,482.06,115.24,0.518,True,
sample_0068,ScienceDB,resnet_50,7,right_earend,278.13,37.28,482.13,37.28,0.4422,True,
sample_0068,ScienceDB,resnet_50,8,right_antler_base,288.7,105.95,492.7,105.95,0.2234,True,
sample_0068,ScienceDB,resnet_50,9,right_antler_end,95.49,497.15,299.49,497.15,0.1721,False,
sample_0068,ScienceDB,resnet_50,10,left_eye,271.44,179.46,475.44,179.46,0.6578,True,
sample_0068,ScienceDB,resnet_50,11,left_earbase,295.66,109.5,499.66,109.5,0.4481,True,
sample_0068,ScienceDB,resnet_50,12,left_earend,297.32,74.35,501.32,74.35,0.33,True,
sample_0068,ScienceDB,resnet_50,13,left_antler_base,298.42,101.2,502.42,101.2,0.3578,True,
sample_0068,ScienceDB,resnet_50,14,left_antler_end,280.8,46.6,484.8,46.6,0.2731,True,
sample_0068,ScienceDB,resnet_50,15,neck_base,311.36,220.16,515.36,220.16,0.4228,True,
sample_0068,ScienceDB,resnet_50,16,neck_end,208.52,133.64,412.52,133.64,0.4531,True,
sample_0068,ScienceDB,resnet_50,17,throat_base,283.99,274.06,487.99,274.06,0.5627,True,
sample_0068,ScienceDB,resnet_50,18,throat_end,277.15,296.34,481.15,296.34,0.534,True,
sample_0068,ScienceDB,resnet_50,19,back_base,203.57,136.97,407.57,136.97,0.3942,True,
sample_0068,ScienceDB,resnet_50,20,back_end,51.94,409.71,255.94,409.71,0.2222,True,
sample_0068,ScienceDB,resnet_50,21,back_middle,240.32,42.53,444.32,42.53,0.3106,True,
sample_0068,ScienceDB,resnet_50,22,tail_base,232.68,30.09,436.68,30.09,0.2124,True,
sample_0068,ScienceDB,resnet_50,23,tail_end,461.51,441.22,665.51,441.22,0.439,True,
sample_0068,ScienceDB,resnet_50,24,front_left_thai,326.21,265.89,530.21,265.89,0.6829,True,
sample_0068,ScienceDB,resnet_50,25,front_left_knee,331.0,331.56,535.0,331.56,0.2787,True,
sample_0068,ScienceDB,resnet_50,26,front_left_paw,347.76,425.57,551.76,425.57,0.6062,True,
sample_0068,ScienceDB,resnet_50,27,front_right_thai,209.76,264.04,413.76,264.04,0.5882,True,
sample_0068,ScienceDB,resnet_50,28,front_right_knee,207.45,344.89,411.45,344.89,0.5807,True,
sample_0068,ScienceDB,resnet_50,29,front_right_paw,259.79,497.94,463.79,497.94,0.7272,True,
sample_0068,ScienceDB,resnet_50,30,back_left_paw,352.47,531.17,556.47,531.17,0.3142,True,
sample_0068,ScienceDB,resnet_50,31,back_left_thai,56.9,436.52,260.9,436.52,0.126,False,
sample_0068,ScienceDB,resnet_50,32,back_right_thai,135.97,328.31,339.97,328.31,0.2773,True,
sample_0068,ScienceDB,resnet_50,33,back_left_knee,205.26,357.84,409.26,357.84,0.1909,False,
sample_0068,ScienceDB,resnet_50,34,back_right_knee,419.16,509.09,623.16,509.09,0.1153,False,
sample_0068,ScienceDB,resnet_50,35,back_right_paw,351.71,536.23,555.71,536.23,0.2617,True,
sample_0068,ScienceDB,resnet_50,36,belly_bottom,217.14,341.83,421.14,341.83,0.2516,True,
sample_0068,ScienceDB,resnet_50,37,body_middle_right,141.17,136.01,345.17,136.01,0.2789,True,
sample_0068,ScienceDB,resnet_50,38,body_middle_left,156.44,336.27,360.44,336.27,0.1684,False,
sample_0070,ScienceDB,resnet_50,0,nose,219.56,497.31,259.56,497.31,0.1357,False,
sample_0070,ScienceDB,resnet_50,1,upper_jaw,224.47,525.77,264.47,525.77,0.1212,False,
sample_0070,ScienceDB,resnet_50,2,lower_jaw,217.44,505.32,257.44,505.32,0.1393,False,
sample_0070,ScienceDB,resnet_50,3,mouth_end_right,216.74,428.07,256.74,428.07,0.188,False,
sample_0070,ScienceDB,resnet_50,4,mouth_end_left,451.42,500.74,491.42,500.74,0.1292,False,
sample_0070,ScienceDB,resnet_50,5,right_eye,406.26,315.25,446.26,315.25,0.2498,True,
sample_0070,ScienceDB,resnet_50,6,right_earbase,205.29,348.5,245.29,348.5,0.401,True,
sample_0070,ScienceDB,resnet_50,7,right_earend,191.44,377.22,231.44,377.22,0.3318,True,
sample_0070,ScienceDB,resnet_50,8,right_antler_base,241.31,385.95,281.31,385.95,0.1862,False,
sample_0070,ScienceDB,resnet_50,9,right_antler_end,455.13,519.1,495.13,519.1,0.1344,False,
sample_0070,ScienceDB,resnet_50,10,left_eye,417.65,311.1,457.65,311.1,0.9149,True,
sample_0070,ScienceDB,resnet_50,11,left_earbase,390.08,305.92,430.08,305.92,0.1247,False,
sample_0070,ScienceDB,resnet_50,12,left_earend,415.31,278.02,455.31,278.02,0.0672,False,
sample_0070,ScienceDB,resnet_50,13,left_antler_base,393.61,280.88,433.61,280.88,0.1882,False,
sample_0070,ScienceDB,resnet_50,14,left_antler_end,205.68,34.57,245.68,34.57,0.1327,False,
sample_0070,ScienceDB,resnet_50,15,neck_base,260.9,128.31,300.9,128.31,0.3154,True,
sample_0070,ScienceDB,resnet_50,16,neck_end,195.74,11.57,235.74,11.57,0.1806,False,
sample_0070,ScienceDB,resnet_50,17,throat_base,543.13,313.34,583.13,313.34,0.2544,True,
sample_0070,ScienceDB,resnet_50,18,throat_end,560.19,297.08,600.19,297.08,0.3072,True,
sample_0070,ScienceDB,resnet_50,19,back_base,180.85,12.91,220.85,12.91,0.0889,False,
sample_0070,ScienceDB,resnet_50,20,back_end,99.1,64.61,139.1,64.61,0.1162,False,
sample_0070,ScienceDB,resnet_50,21,back_middle,599.32,-8.82,639.32,-8.82,0.2665,True,
sample_0070,ScienceDB,resnet_50,22,tail_base,70.59,93.48,110.59,93.48,0.1258,False,
sample_0070,ScienceDB,resnet_50,23,tail_end,165.67,353.86,205.67,353.86,0.1111,False,
sample_0070,ScienceDB,resnet_50,24,front_left_thai,587.02,156.24,627.02,156.24,0.3328,True,
sample_0070,ScienceDB,resnet_50,25,front_left_knee,439.72,508.71,479.72,508.71,0.253,True,
sample_0070,ScienceDB,resnet_50,26,front_left_paw,422.47,562.43,462.47,562.43,0.487,True,
sample_0070,ScienceDB,resnet_50,27,front_right_thai,120.84,282.23,160.84,282.23,0.2616,True,
sample_0070,ScienceDB,resnet_50,28,front_right_knee,177.1,396.46,217.1,396.46,0.4253,True,
sample_0070,ScienceDB,resnet_50,29,front_right_paw,262.53,549.02,302.53,549.02,0.5581,True,
sample_0070,ScienceDB,resnet_50,30,back_left_paw,422.17,570.05,462.17,570.05,0.4508,True,
sample_0070,ScienceDB,resnet_50,31,back_left_thai,648.7,205.75,688.7,205.75,0.284,True,
sample_0070,ScienceDB,resnet_50,32,back_right_thai,66.23,154.45,106.23,154.45,0.4008,True,
sample_0070,ScienceDB,resnet_50,33,back_left_knee,643.35,232.82,683.35,232.82,0.3239,True,
sample_0070,ScienceDB,resnet_50,34,back_right_knee,29.52,172.73,69.52,172.73,0.7319,True,
sample_0070,ScienceDB,resnet_50,35,back_right_paw,414.13,578.78,454.13,578.78,0.4647,True,
sample_0070,ScienceDB,resnet_50,36,belly_bottom,625.17,260.76,665.17,260.76,0.3607,True,
sample_0070,ScienceDB,resnet_50,37,body_middle_right,185.1,356.67,225.1,356.67,0.1054,False,
sample_0070,ScienceDB,resnet_50,38,body_middle_left,635.04,42.6,675.04,42.6,0.4835,True,
sample_0071,ScienceDB,resnet_50,0,nose,646.96,507.73,646.96,507.73,0.5575,True,
sample_0071,ScienceDB,resnet_50,1,upper_jaw,651.54,529.86,651.54,529.86,0.5224,True,
sample_0071,ScienceDB,resnet_50,2,lower_jaw,645.78,531.67,645.78,531.67,0.3801,True,
sample_0071,ScienceDB,resnet_50,3,mouth_end_right,626.83,513.62,626.83,513.62,0.1854,False,
sample_0071,ScienceDB,resnet_50,4,mouth_end_left,640.97,511.74,640.97,511.74,0.3371,True,
sample_0071,ScienceDB,resnet_50,5,right_eye,290.09,91.84,290.09,91.84,0.0716,False,
sample_0071,ScienceDB,resnet_50,6,right_earbase,409.36,51.84,409.36,51.84,0.1665,False,
sample_0071,ScienceDB,resnet_50,7,right_earend,411.12,44.45,411.12,44.45,0.2411,True,
sample_0071,ScienceDB,resnet_50,8,right_antler_base,396.11,41.6,396.11,41.6,0.2051,True,
sample_0071,ScienceDB,resnet_50,9,right_antler_end,154.96,59.16,154.96,59.16,0.2678,True,
sample_0071,ScienceDB,resnet_50,10,left_eye,673.24,459.63,673.24,459.63,0.161,False,
sample_0071,ScienceDB,resnet_50,11,left_earbase,358.65,96.02,358.65,96.02,0.1285,False,
sample_0071,ScienceDB,resnet_50,12,left_earend,396.2,51.4,396.2,51.4,0.2016,True,
sample_0071,ScienceDB,resnet_50,13,left_antler_base,407.67,87.59,407.67,87.59,0.1609,False,
sample_0071,ScienceDB,resnet_50,14,left_antler_end,754.89,199.91,754.89,199.91,0.3334,True,
sample_0071,ScienceDB,resnet_50,15,neck_base,506.77,325.63,506.77,325.63,0.2318,True,
sample_0071,ScienceDB,resnet_50,16,neck_end,586.99,29.44,586.99,29.44,0.2575,True,
sample_0071,ScienceDB,resnet_50,17,throat_base,425.66,308.26,425.66,308.26,0.173,False,
sample_0071,ScienceDB,resnet_50,18,throat_end,554.75,505.22,554.75,505.22,0.1758,False,
sample_0071,ScienceDB,resnet_50,19,back_base,580.05,37.41,580.05,37.41,0.4298,True,
sample_0071,ScienceDB,resnet_50,20,back_end,350.57,175.81,350.57,175.81,0.0668,False,
sample_0071,ScienceDB,resnet_50,21,back_middle,351.74,104.18,351.74,104.18,0.2461,True,
sample_0071,ScienceDB,resnet_50,22,tail_base,427.65,283.49,427.65,283.49,0.0374,False,
sample_0071,ScienceDB,resnet_50,23,tail_end,143.7,65.57,143.7,65.57,0.1743,False,
sample_0071,ScienceDB,resnet_50,24,front_left_thai,630.78,484.7,630.78,484.7,0.2556,True,
sample_0071,ScienceDB,resnet_50,25,front_left_knee,644.89,516.97,644.89,516.97,0.1733,False,
sample_0071,ScienceDB,resnet_50,26,front_left_paw,688.26,440.41,688.26,440.41,0.1938,False,
sample_0071,ScienceDB,resnet_50,27,front_right_thai,690.23,139.65,690.23,139.65,0.2861,True,
sample_0071,ScienceDB,resnet_50,28,front_right_knee,711.36,212.09,711.36,212.09,0.1255,False,
sample_0071,ScienceDB,resnet_50,29,front_right_paw,440.05,521.93,440.05,521.93,0.221,True,
sample_0071,ScienceDB,resnet_50,30,back_left_paw,700.68,419.33,700.68,419.33,0.4653,True,
sample_0071,ScienceDB,resnet_50,31,back_left_thai,252.57,255.68,252.57,255.68,0.2005,True,
sample_0071,ScienceDB,resnet_50,32,back_right_thai,262.72,273.96,262.72,273.96,0.1702,False,
sample_0071,ScienceDB,resnet_50,33,back_left_knee,622.9,539.39,622.9,539.39,0.2291,True,
sample_0071,ScienceDB,resnet_50,34,back_right_knee,625.74,550.73,625.74,550.73,0.1705,False,
sample_0071,ScienceDB,resnet_50,35,back_right_paw,670.19,461.98,670.19,461.98,0.1224,False,
sample_0071,ScienceDB,resnet_50,36,belly_bottom,688.66,210.44,688.66,210.44,0.1721,False,
sample_0071,ScienceDB,resnet_50,37,body_middle_right,655.88,171.15,655.88,171.15,0.2542,True,
sample_0071,ScienceDB,resnet_50,38,body_middle_left,692.56,163.81,692.56,163.81,0.4709,True,
sample_0072,ScienceDB,resnet_50,0,nose,232.28,528.42,296.28,528.42,0.2182,True,
sample_0072,ScienceDB,resnet_50,1,upper_jaw,259.93,548.57,323.93,548.57,0.1263,False,
sample_0072,ScienceDB,resnet_50,2,lower_jaw,277.12,525.82,341.12,525.82,0.175,False,
sample_0072,ScienceDB,resnet_50,3,mouth_end_right,197.86,389.35,261.86,389.35,0.1043,False,
sample_0072,ScienceDB,resnet_50,4,mouth_end_left,285.39,430.05,349.39,430.05,0.213,True,
sample_0072,ScienceDB,resnet_50,5,right_eye,204.89,286.21,268.89,286.21,0.1882,False,
sample_0072,ScienceDB,resnet_50,6,right_earbase,219.6,219.78,283.6,219.78,0.1379,False,
sample_0072,ScienceDB,resnet_50,7,right_earend,352.95,142.66,416.95,142.66,0.2303,True,
sample_0072,ScienceDB,resnet_50,8,right_antler_base,272.14,398.27,336.14,398.27,0.1855,False,
sample_0072,ScienceDB,resnet_50,9,right_antler_end,39.17,43.8,103.17,43.8,0.1067,False,
sample_0072,ScienceDB,resnet_50,10,left_eye,254.64,524.48,318.64,524.48,0.1675,False,
sample_0072,ScienceDB,resnet_50,11,left_earbase,356.83,175.35,420.83,175.35,0.3547,True,
sample_0072,ScienceDB,resnet_50,12,left_earend,356.83,144.15,420.83,144.15,0.2948,True,
sample_0072,ScienceDB,resnet_50,13,left_antler_base,354.34,171.37,418.34,171.37,0.2222,True,
sample_0072,ScienceDB,resnet_50,14,left_antler_end,348.92,138.41,412.92,138.41,0.1773,False,
sample_0072,ScienceDB,resnet_50,15,neck_base,203.05,310.28,267.05,310.28,0.243,True,
sample_0072,ScienceDB,resnet_50,16,neck_end,349.72,149.78,413.72,149.78,0.254,True,
sample_0072,ScienceDB,resnet_50,17,throat_base,242.12,385.63,306.12,385.63,0.1519,False,
sample_0072,ScienceDB,resnet_50,18,throat_end,188.53,369.92,252.53,369.92,0.2053,True,
sample_0072,ScienceDB,resnet_50,19,back_base,358.01,110.9,422.01,110.9,0.1731,False,
sample_0072,ScienceDB,resnet_50,20,back_end,114.44,36.67,178.44,36.67,0.6423,True,
sample_0072,ScienceDB,resnet_50,21,back_middle,241.5,92.06,305.5,92.06,0.2372,True,
sample_0072,ScienceDB,resnet_50,22,tail_base,112.23,42.64,176.23,42.64,0.683,True,
sample_0072,ScienceDB,resnet_50,23,tail_end,224.86,194.55,288.86,194.55,0.1123,False,
sample_0072,ScienceDB,resnet_50,24,front_left_thai,521.0,417.03,585.0,417.03,0.3478,True,
sample_0072,ScienceDB,resnet_50,25,front_left_knee,266.34,536.11,330.34,536.11,0.0949,False,
sample_0072,ScienceDB,resnet_50,26,front_left_paw,269.4,534.67,333.4,534.67,0.2827,True,
sample_0072,ScienceDB,resnet_50,27,front_right_thai,100.48,322.33,164.48,322.33,0.647,True,
sample_0072,ScienceDB,resnet_50,28,front_right_knee,80.14,358.06,144.14,358.06,0.5258,True,
sample_0072,ScienceDB,resnet_50,29,front_right_paw,114.22,466.02,178.22,466.02,0.4869,True,
sample_0072,ScienceDB,resnet_50,30,back_left_paw,297.71,536.15,361.71,536.15,0.2528,True,
sample_0072,ScienceDB,resnet_50,31,back_left_thai,559.0,181.61,623.0,181.61,0.288,True,
sample_0072,ScienceDB,resnet_50,32,back_right_thai,91.33,92.64,155.33,92.64,0.2691,True,
sample_0072,ScienceDB,resnet_50,33,back_left_knee,309.89,553.11,373.89,553.11,0.1631,False,
sample_0072,ScienceDB,resnet_50,34,back_right_knee,251.08,549.66,315.08,549.66,0.2181,True,
sample_0072,ScienceDB,resnet_50,35,back_right_paw,77.85,461.22,141.85,461.22,0.3345,True,
sample_0072,ScienceDB,resnet_50,36,belly_bottom,234.22,474.73,298.22,474.73,0.0864,False,
sample_0072,ScienceDB,resnet_50,37,body_middle_right,78.57,179.14,142.57,179.14,0.1048,False,
sample_0072,ScienceDB,resnet_50,38,body_middle_left,558.43,229.66,622.43,229.66,0.3153,True,
sample_0074,ScienceDB,resnet_50,0,nose,370.02,168.02,667.02,168.02,0.2411,True,
sample_0074,ScienceDB,resnet_50,1,upper_jaw,370.79,151.69,667.79,151.69,0.097,False,
sample_0074,ScienceDB,resnet_50,2,lower_jaw,400.45,157.6,697.45,157.6,0.0816,False,
sample_0074,ScienceDB,resnet_50,3,mouth_end_right,406.55,158.77,703.55,158.77,0.1761,False,
sample_0074,ScienceDB,resnet_50,4,mouth_end_left,381.82,166.4,678.82,166.4,0.134,False,
sample_0074,ScienceDB,resnet_50,5,right_eye,399.87,149.82,696.87,149.82,0.4599,True,
sample_0074,ScienceDB,resnet_50,6,right_earbase,407.22,152.85,704.22,152.85,0.6508,True,
sample_0074,ScienceDB,resnet_50,7,right_earend,434.7,200.11,731.7,200.11,0.3681,True,
sample_0074,ScienceDB,resnet_50,8,right_antler_base,381.17,141.09,678.17,141.09,0.4836,True,
sample_0074,ScienceDB,resnet_50,9,right_antler_end,415.54,142.56,712.54,142.56,0.2437,True,
sample_0074,ScienceDB,resnet_50,10,left_eye,357.96,161.41,654.96,161.41,0.5334,True,
sample_0074,ScienceDB,resnet_50,11,left_earbase,362.02,155.74,659.02,155.74,0.5329,True,
sample_0074,ScienceDB,resnet_50,12,left_earend,367.19,117.39,664.19,117.39,0.1235,False,
sample_0074,ScienceDB,resnet_50,13,left_antler_base,365.62,144.52,662.62,144.52,0.6074,True,
sample_0074,ScienceDB,resnet_50,14,left_antler_end,384.61,124.09,681.61,124.09,0.0995,False,
sample_0074,ScienceDB,resnet_50,15,neck_base,367.53,170.73,664.53,170.73,0.3926,True,
sample_0074,ScienceDB,resnet_50,16,neck_end,387.29,188.44,684.29,188.44,0.1549,False,
sample_0074,ScienceDB,resnet_50,17,throat_base,338.77,183.88,635.77,183.88,0.1239,False,
sample_0074,ScienceDB,resnet_50,18,throat_end,424.57,224.72,721.57,224.72,0.0946,False,
sample_0074,ScienceDB,resnet_50,19,back_base,378.63,216.81,675.63,216.81,0.1161,False,
sample_0074,ScienceDB,resnet_50,20,back_end,297.12,392.06,594.12,392.06,0.2485,True,
sample_0074,ScienceDB,resnet_50,21,back_middle,349.96,263.12,646.96,263.12,0.3382,True,
sample_0074,ScienceDB,resnet_50,22,tail_base,294.79,405.53,591.79,405.53,0.3823,True,
sample_0074,ScienceDB,resnet_50,23,tail_end,513.83,537.51,810.83,537.51,0.1439,False,
sample_0074,ScienceDB,resnet_50,24,front_left_thai,275.91,269.75,572.91,269.75,0.0962,False,
sample_0074,ScienceDB,resnet_50,25,front_left_knee,490.94,278.84,787.94,278.84,0.0847,False,
sample_0074,ScienceDB,resnet_50,26,front_left_paw,277.51,201.5,574.51,201.5,0.1106,False,
sample_0074,ScienceDB,resnet_50,27,front_right_thai,472.55,286.24,769.55,286.24,0.3154,True,
sample_0074,ScienceDB,resnet_50,28,front_right_knee,495.21,282.66,792.21,282.66,0.3736,True,
sample_0074,ScienceDB,resnet_50,29,front_right_paw,595.65,416.19,892.65,416.19,0.1634,False,
sample_0074,ScienceDB,resnet_50,30,back_left_paw,322.39,558.35,619.39,558.35,0.0309,False,
sample_0074,ScienceDB,resnet_50,31,back_left_thai,245.91,403.22,542.91,403.22,0.3486,True,
sample_0074,ScienceDB,resnet_50,32,back_right_thai,364.25,416.84,661.25,416.84,0.2465,True,
sample_0074,ScienceDB,resnet_50,33,back_left_knee,227.03,538.13,524.03,538.13,0.0822,False,
sample_0074,ScienceDB,resnet_50,34,back_right_knee,411.71,267.9,708.71,267.9,0.082,False,
sample_0074,ScienceDB,resnet_50,35,back_right_paw,302.5,255.85,599.5,255.85,0.0342,False,
sample_0074,ScienceDB,resnet_50,36,belly_bottom,491.83,310.2,788.83,310.2,0.1511,False,
sample_0074,ScienceDB,resnet_50,37,body_middle_right,460.84,321.18,757.84,321.18,0.3066,True,
sample_0074,ScienceDB,resnet_50,38,body_middle_left,398.91,307.6,695.91,307.6,0.1457,False,
sample_0075,ScienceDB,resnet_50,0,nose,404.22,51.93,404.22,51.93,0.1398,False,
sample_0075,ScienceDB,resnet_50,1,upper_jaw,399.88,56.0,399.88,56.0,0.1251,False,
sample_0075,ScienceDB,resnet_50,2,lower_jaw,407.17,63.61,407.17,63.61,0.1557,False,
sample_0075,ScienceDB,resnet_50,3,mouth_end_right,407.15,53.32,407.15,53.32,0.092,False,
sample_0075,ScienceDB,resnet_50,4,mouth_end_left,408.73,64.22,408.73,64.22,0.1031,False,
sample_0075,ScienceDB,resnet_50,5,right_eye,431.75,56.21,431.75,56.21,0.2959,True,
sample_0075,ScienceDB,resnet_50,6,right_earbase,463.48,29.68,463.48,29.68,0.5075,True,
sample_0075,ScienceDB,resnet_50,7,right_earend,456.35,26.93,456.35,26.93,0.4358,True,
sample_0075,ScienceDB,resnet_50,8,right_antler_base,445.7,30.43,445.7,30.43,0.3716,True,
sample_0075,ScienceDB,resnet_50,9,right_antler_end,452.62,30.35,452.62,30.35,0.1836,False,
sample_0075,ScienceDB,resnet_50,10,left_eye,414.36,63.15,414.36,63.15,0.3482,True,
sample_0075,ScienceDB,resnet_50,11,left_earbase,425.55,39.55,425.55,39.55,0.5117,True,
sample_0075,ScienceDB,resnet_50,12,left_earend,401.82,44.02,401.82,44.02,0.6771,True,
sample_0075,ScienceDB,resnet_50,13,left_antler_base,431.85,37.5,431.85,37.5,0.4954,True,
sample_0075,ScienceDB,resnet_50,14,left_antler_end,698.26,101.03,698.26,101.03,0.2484,True,
sample_0075,ScienceDB,resnet_50,15,neck_base,449.44,46.3,449.44,46.3,0.6638,True,
sample_0075,ScienceDB,resnet_50,16,neck_end,449.86,33.14,449.86,33.14,0.4388,True,
sample_0075,ScienceDB,resnet_50,17,throat_base,441.16,60.74,441.16,60.74,0.066,False,
sample_0075,ScienceDB,resnet_50,18,throat_end,445.56,58.48,445.56,58.48,0.0953,False,
sample_0075,ScienceDB,resnet_50,19,back_base,484.88,44.73,484.88,44.73,0.5408,True,
sample_0075,ScienceDB,resnet_50,20,back_end,426.34,79.12,426.34,79.12,0.0846,False,
sample_0075,ScienceDB,resnet_50,21,back_middle,478.24,46.88,478.24,46.88,0.2467,True,
sample_0075,ScienceDB,resnet_50,22,tail_base,450.8,71.02,450.8,71.02,0.1043,False,
sample_0075,ScienceDB,resnet_50,23,tail_end,402.37,44.19,402.37,44.19,0.1515,False,
sample_0075,ScienceDB,resnet_50,24,front_left_thai,420.98,110.29,420.98,110.29,0.1584,False,
sample_0075,ScienceDB,resnet_50,25,front_left_knee,716.55,270.77,716.55,270.77,0.4985,True,
sample_0075,ScienceDB,resnet_50,26,front_left_paw,727.36,288.35,727.36,288.35,0.3497,True,
sample_0075,ScienceDB,resnet_50,27,front_right_thai,685.87,196.45,685.87,196.45,0.2315,True,
sample_0075,ScienceDB,resnet_50,28,front_right_knee,709.91,254.24,709.91,254.24,0.219,True,
sample_0075,ScienceDB,resnet_50,29,front_right_paw,723.95,291.04,723.95,291.04,0.376,True,
sample_0075,ScienceDB,resnet_50,30,back_left_paw,541.82,289.01,541.82,289.01,0.1503,False,
sample_0075,ScienceDB,resnet_50,31,back_left_thai,517.37,215.95,517.37,215.95,0.4194,True,
sample_0075,ScienceDB,resnet_50,32,back_right_thai,500.77,222.18,500.77,222.18,0.4553,True,
sample_0075,ScienceDB,resnet_50,33,back_left_knee,550.99,264.78,550.99,264.78,0.5175,True,
sample_0075,ScienceDB,resnet_50,34,back_right_knee,511.8,283.28,511.8,283.28,0.3768,True,
sample_0075,ScienceDB,resnet_50,35,back_right_paw,498.92,301.27,498.92,301.27,0.378,True,
sample_0075,ScienceDB,resnet_50,36,belly_bottom,620.12,211.29,620.12,211.29,0.1368,False,
sample_0075,ScienceDB,resnet_50,37,body_middle_right,565.52,150.63,565.52,150.63,0.3006,True,
sample_0075,ScienceDB,resnet_50,38,body_middle_left,547.7,167.58,547.7,167.58,0.1791,False,
sample_0076,ScienceDB,resnet_50,0,nose,181.18,378.23,696.18,378.23,0.1914,False,
sample_0076,ScienceDB,resnet_50,1,upper_jaw,163.2,394.36,678.2,394.36,0.0951,False,
sample_0076,ScienceDB,resnet_50,2,lower_jaw,279.35,397.32,794.35,397.32,0.0798,False,
sample_0076,ScienceDB,resnet_50,3,mouth_end_right,148.74,385.26,663.74,385.26,0.2219,True,
sample_0076,ScienceDB,resnet_50,4,mouth_end_left,198.79,377.16,713.79,377.16,0.232,True,
sample_0076,ScienceDB,resnet_50,5,right_eye,156.76,371.83,671.76,371.83,0.6989,True,
sample_0076,ScienceDB,resnet_50,6,right_earbase,76.25,306.3,591.25,306.3,0.153,False,
sample_0076,ScienceDB,resnet_50,7,right_earend,32.32,295.56,547.32,295.56,0.151,False,
sample_0076,ScienceDB,resnet_50,8,right_antler_base,109.69,254.91,624.69,254.91,0.1812,False,
sample_0076,ScienceDB,resnet_50,9,right_antler_end,184.56,364.69,699.56,364.69,0.146,False,
sample_0076,ScienceDB,resnet_50,10,left_eye,166.32,365.71,681.32,365.71,0.6536,True,
sample_0076,ScienceDB,resnet_50,11,left_earbase,187.61,253.36,702.61,253.36,0.194,False,
sample_0076,ScienceDB,resnet_50,12,left_earend,220.69,326.58,735.69,326.58,0.1008,False,
sample_0076,ScienceDB,resnet_50,13,left_antler_base,320.26,329.65,835.26,329.65,0.0512,False,
sample_0076,ScienceDB,resnet_50,14,left_antler_end,193.64,286.81,708.64,286.81,0.2626,True,
sample_0076,ScienceDB,resnet_50,15,neck_base,91.7,230.67,606.7,230.67,0.4438,True,
sample_0076,ScienceDB,resnet_50,16,neck_end,45.33,277.47,560.33,277.47,0.2571,True,
sample_0076,ScienceDB,resnet_50,17,throat_base,89.09,388.62,604.09,388.62,0.1452,False,
sample_0076,ScienceDB,resnet_50,18,throat_end,214.01,297.14,729.01,297.14,0.1305,False,
sample_0076,ScienceDB,resnet_50,19,back_base,44.37,278.31,559.37,278.31,0.2455,True,
sample_0076,ScienceDB,resnet_50,20,back_end,35.77,131.53,550.77,131.53,0.2415,True,
sample_0076,ScienceDB,resnet_50,21,back_middle,113.72,131.91,628.72,131.91,0.4136,True,
sample_0076,ScienceDB,resnet_50,22,tail_base,317.41,373.02,832.41,373.02,0.3037,True,
sample_0076,ScienceDB,resnet_50,23,tail_end,299.19,392.99,814.19,392.99,0.2669,True,
sample_0076,ScienceDB,resnet_50,24,front_left_thai,295.04,241.89,810.04,241.89,0.2642,True,
sample_0076,ScienceDB,resnet_50,25,front_left_knee,316.46,330.38,831.46,330.38,0.3746,True,
sample_0076,ScienceDB,resnet_50,26,front_left_paw,191.0,508.96,706.0,508.96,0.7704,True,
sample_0076,ScienceDB,resnet_50,27,front_right_thai,51.49,333.04,566.49,333.04,0.6999,True,
sample_0076,ScienceDB,resnet_50,28,front_right_knee,84.58,466.72,599.58,466.72,0.6484,True,
sample_0076,ScienceDB,resnet_50,29,front_right_paw,99.26,559.3,614.26,559.3,0.899,True,
sample_0076,ScienceDB,resnet_50,30,back_left_paw,187.98,497.82,702.98,497.82,0.5105,True,
sample_0076,ScienceDB,resnet_50,31,back_left_thai,308.54,159.88,823.54,159.88,0.5248,True,
sample_0076,ScienceDB,resnet_50,32,back_right_thai,24.15,158.67,539.15,158.67,0.2703,True,
sample_0076,ScienceDB,resnet_50,33,back_left_knee,227.95,434.17,742.95,434.17,0.2405,True,
sample_0076,ScienceDB,resnet_50,34,back_right_knee,233.12,433.8,748.12,433.8,0.23,True,
sample_0076,ScienceDB,resnet_50,35,back_right_paw,189.17,516.0,704.17,516.0,0.2214,True,
sample_0076,ScienceDB,resnet_50,36,belly_bottom,284.67,243.55,799.67,243.55,0.2019,True,
sample_0076,ScienceDB,resnet_50,37,body_middle_right,21.37,193.31,536.37,193.31,0.2109,True,
sample_0076,ScienceDB,resnet_50,38,body_middle_left,284.0,155.04,799.0,155.04,0.2783,True,
sample_0077,ScienceDB,resnet_50,0,nose,194.84,82.8,481.84,151.8,0.3428,True,
sample_0077,ScienceDB,resnet_50,1,upper_jaw,198.7,95.4,485.7,164.4,0.2661,True,
sample_0077,ScienceDB,resnet_50,2,lower_jaw,198.12,94.65,485.12,163.65,0.1793,False,
sample_0077,ScienceDB,resnet_50,3,mouth_end_right,189.0,94.06,476.0,163.06,0.1381,False,
sample_0077,ScienceDB,resnet_50,4,mouth_end_left,204.86,94.6,491.86,163.6,0.2272,True,
sample_0077,ScienceDB,resnet_50,5,right_eye,220.85,77.64,507.85,146.64,0.4376,True,
sample_0077,ScienceDB,resnet_50,6,right_earbase,257.34,45.3,544.34,114.3,0.4711,True,
sample_0077,ScienceDB,resnet_50,7,right_earend,281.43,8.64,568.43,77.64,0.4638,True,
sample_0077,ScienceDB,resnet_50,8,right_antler_base,275.26,30.98,562.26,99.98,0.2656,True,
sample_0077,ScienceDB,resnet_50,9,right_antler_end,61.68,94.37,348.68,163.37,0.1303,False,
sample_0077,ScienceDB,resnet_50,10,left_eye,216.18,78.14,503.18,147.14,0.5439,True,
sample_0077,ScienceDB,resnet_50,11,left_earbase,254.52,49.56,541.52,118.56,0.4666,True,
sample_0077,ScienceDB,resnet_50,12,left_earend,251.55,26.24,538.55,95.24,0.6387,True,
sample_0077,ScienceDB,resnet_50,13,left_antler_base,236.8,48.14,523.8,117.14,0.3325,True,
sample_0077,ScienceDB,resnet_50,14,left_antler_end,264.1,26.3,551.1,95.3,0.2892,True,
sample_0077,ScienceDB,resnet_50,15,neck_base,285.27,51.11,572.27,120.11,0.3913,True,
sample_0077,ScienceDB,resnet_50,16,neck_end,289.07,49.02,576.07,118.02,0.2464,True,
sample_0077,ScienceDB,resnet_50,17,throat_base,291.06,190.64,578.06,259.64,0.24,True,
sample_0077,ScienceDB,resnet_50,18,throat_end,295.31,190.48,582.31,259.48,0.1009,False,
sample_0077,ScienceDB,resnet_50,19,back_base,282.21,45.77,569.21,114.77,0.133,False,
sample_0077,ScienceDB,resnet_50,20,back_end,189.19,132.43,476.19,201.43,0.4115,True,
sample_0077,ScienceDB,resnet_50,21,back_middle,195.53,102.34,482.53,171.34,0.2092,True,
sample_0077,ScienceDB,resnet_50,22,tail_base,189.58,148.84,476.58,217.84,0.5714,True,
sample_0077,ScienceDB,resnet_50,23,tail_end,204.16,348.02,491.16,417.02,0.2617,True,
sample_0077,ScienceDB,resnet_50,24,front_left_thai,318.63,227.15,605.63,296.15,0.612,True,
sample_0077,ScienceDB,resnet_50,25,front_left_knee,54.97,266.62,341.97,335.62,0.201,True,
sample_0077,ScienceDB,resnet_50,26,front_left_paw,78.91,345.01,365.91,414.01,0.2192,True,
sample_0077,ScienceDB,resnet_50,27,front_right_thai,265.83,248.15,552.83,317.15,0.0948,False,
sample_0077,ScienceDB,resnet_50,28,front_right_knee,275.04,308.25,562.04,377.25,0.2409,True,
sample_0077,ScienceDB,resnet_50,29,front_right_paw,274.12,26.76,561.12,95.76,0.1685,False,
sample_0077,ScienceDB,resnet_50,30,back_left_paw,85.38,355.74,372.38,424.74,0.5195,True,
sample_0077,ScienceDB,resnet_50,31,back_left_thai,76.84,198.03,363.84,267.03,0.3891,True,
sample_0077,ScienceDB,resnet_50,32,back_right_thai,81.92,195.27,368.92,264.27,0.2411,True,
sample_0077,ScienceDB,resnet_50,33,back_left_knee,84.61,314.91,371.61,383.91,0.3778,True,
sample_0077,ScienceDB,resnet_50,34,back_right_knee,272.65,320.78,559.65,389.78,0.2469,True,
sample_0077,ScienceDB,resnet_50,35,back_right_paw,270.88,361.19,557.88,430.19,0.3077,True,
sample_0077,ScienceDB,resnet_50,36,belly_bottom,280.3,294.71,567.3,363.71,0.3006,True,
sample_0077,ScienceDB,resnet_50,37,body_middle_right,315.12,150.53,602.12,219.53,0.1375,False,
sample_0077,ScienceDB,resnet_50,38,body_middle_left,330.41,153.31,617.41,222.31,0.4881,True,
sample_0078,ScienceDB,resnet_50,0,nose,678.2,142.8,678.2,142.8,0.2444,True,
sample_0078,ScienceDB,resnet_50,1,upper_jaw,657.6,158.03,657.6,158.03,0.1238,False,
sample_0078,ScienceDB,resnet_50,2,lower_jaw,658.51,168.57,658.51,168.57,0.1448,False,
sample_0078,ScienceDB,resnet_50,3,mouth_end_right,501.98,345.53,501.98,345.53,0.1533,False,
sample_0078,ScienceDB,resnet_50,4,mouth_end_left,661.57,164.32,661.57,164.32,0.2959,True,
sample_0078,ScienceDB,resnet_50,5,right_eye,441.47,518.39,441.47,518.39,0.0911,False,
sample_0078,ScienceDB,resnet_50,6,right_earbase,444.55,444.91,444.55,444.91,0.1349,False,
sample_0078,ScienceDB,resnet_50,7,right_earend,703.11,123.35,703.11,123.35,0.2999,True,
sample_0078,ScienceDB,resnet_50,8,right_antler_base,438.58,397.49,438.58,397.49,0.2427,True,
sample_0078,ScienceDB,resnet_50,9,right_antler_end,699.49,105.76,699.49,105.76,0.4325,True,
sample_0078,ScienceDB,resnet_50,10,left_eye,690.23,150.58,690.23,150.58,0.1455,False,
sample_0078,ScienceDB,resnet_50,11,left_earbase,566.02,190.09,566.02,190.09,0.1419,False,
sample_0078,ScienceDB,resnet_50,12,left_earend,690.49,122.11,690.49,122.11,0.2217,True,
sample_0078,ScienceDB,resnet_50,13,left_antler_base,534.71,217.85,534.71,217.85,0.1598,False,
sample_0078,ScienceDB,resnet_50,14,left_antler_end,703.56,104.14,703.56,104.14,0.3474,True,
sample_0078,ScienceDB,resnet_50,15,neck_base,484.25,358.22,484.25,358.22,0.2852,True,
sample_0078,ScienceDB,resnet_50,16,neck_end,558.44,200.76,558.44,200.76,0.3865,True,
sample_0078,ScienceDB,resnet_50,17,throat_base,587.03,399.81,587.03,399.81,0.2927,True,
sample_0078,ScienceDB,resnet_50,18,throat_end,602.38,385.41,602.38,385.41,0.2975,True,
sample_0078,ScienceDB,resnet_50,19,back_base,561.11,200.34,561.11,200.34,0.4605,True,
sample_0078,ScienceDB,resnet_50,20,back_end,913.94,346.78,913.94,346.78,0.2047,True,
sample_0078,ScienceDB,resnet_50,21,back_middle,873.91,269.36,873.91,269.36,0.2019,True,
sample_0078,ScienceDB,resnet_50,22,tail_base,915.79,367.92,915.79,367.92,0.2267,True,
sample_0078,ScienceDB,resnet_50,23,tail_end,919.56,462.34,919.56,462.34,0.1008,False,
sample_0078,ScienceDB,resnet_50,24,front_left_thai,635.67,339.7,635.67,339.7,0.3305,True,
sample_0078,ScienceDB,resnet_50,25,front_left_knee,689.18,475.87,689.18,475.87,0.5751,True,
sample_0078,ScienceDB,resnet_50,26,front_left_paw,681.5,551.38,681.5,551.38,0.8216,True,
sample_0078,ScienceDB,resnet_50,27,front_right_thai,577.44,207.58,577.44,207.58,0.1582,False,
sample_0078,ScienceDB,resnet_50,28,front_right_knee,629.14,464.45,629.14,464.45,0.3232,True,
sample_0078,ScienceDB,resnet_50,29,front_right_paw,691.67,123.98,691.67,123.98,0.3501,True,
sample_0078,ScienceDB,resnet_50,30,back_left_paw,709.56,123.09,709.56,123.09,0.25,True,
sample_0078,ScienceDB,resnet_50,31,back_left_thai,425.37,528.33,425.37,528.33,0.2874,True,
sample_0078,ScienceDB,resnet_50,32,back_right_thai,914.97,397.83,914.97,397.83,0.1433,False,
sample_0078,ScienceDB,resnet_50,33,back_left_knee,915.42,451.11,915.42,451.11,0.2228,True,
sample_0078,ScienceDB,resnet_50,34,back_right_knee,649.01,466.82,649.01,466.82,0.1674,False,
sample_0078,ScienceDB,resnet_50,35,back_right_paw,677.99,139.94,677.99,139.94,0.2136,True,
sample_0078,ScienceDB,resnet_50,36,belly_bottom,771.56,410.65,771.56,410.65,0.3774,True,
sample_0078,ScienceDB,resnet_50,37,body_middle_right,520.69,491.68,520.69,491.68,0.1893,False,
sample_0078,ScienceDB,resnet_50,38,body_middle_left,599.77,322.5,599.77,322.5,0.2476,True,
sample_0079,ScienceDB,resnet_50,0,nose,609.73,354.25,609.73,354.25,0.3175,True,
sample_0079,ScienceDB,resnet_50,1,upper_jaw,617.49,358.64,617.49,358.64,0.3971,True,
sample_0079,ScienceDB,resnet_50,2,lower_jaw,605.93,352.84,605.93,352.84,0.2837,True,
sample_0079,ScienceDB,resnet_50,3,mouth_end_right,434.99,397.76,434.99,397.76,0.1106,False,
sample_0079,ScienceDB,resnet_50,4,mouth_end_left,621.96,309.8,621.96,309.8,0.2262,True,
sample_0079,ScienceDB,resnet_50,5,right_eye,469.66,282.68,469.66,282.68,0.1507,False,
sample_0079,ScienceDB,resnet_50,6,right_earbase,456.12,222.49,456.12,222.49,0.342,True,
sample_0079,ScienceDB,resnet_50,7,right_earend,437.39,8.17,437.39,8.17,0.1354,False,
sample_0079,ScienceDB,resnet_50,8,right_antler_base,484.34,220.02,484.34,220.02,0.1736,False,
sample_0079,ScienceDB,resnet_50,9,right_antler_end,515.12,133.17,515.12,133.17,0.1115,False,
sample_0079,ScienceDB,resnet_50,10,left_eye,580.77,271.69,580.77,271.69,0.2439,True,
sample_0079,ScienceDB,resnet_50,11,left_earbase,521.77,241.35,521.77,241.35,0.1381,False,
sample_0079,ScienceDB,resnet_50,12,left_earend,412.29,18.32,412.29,18.32,0.1388,False,
sample_0079,ScienceDB,resnet_50,13,left_antler_base,515.38,233.69,515.38,233.69,0.1508,False,
sample_0079,ScienceDB,resnet_50,14,left_antler_end,531.86,128.57,531.86,128.57,0.1235,False,
sample_0079,ScienceDB,resnet_50,15,neck_base,504.95,172.19,504.95,172.19,0.2108,True,
sample_0079,ScienceDB,resnet_50,16,neck_end,480.76,138.78,480.76,138.78,0.2595,True,
sample_0079,ScienceDB,resnet_50,17,throat_base,511.48,218.74,511.48,218.74,0.174,False,
sample_0079,ScienceDB,resnet_50,18,throat_end,603.5,404.06,603.5,404.06,0.1423,False,
sample_0079,ScienceDB,resnet_50,19,back_base,480.52,129.91,480.52,129.91,0.3273,True,
sample_0079,ScienceDB,resnet_50,20,back_end,446.62,13.29,446.62,13.29,0.4193,True,
sample_0079,ScienceDB,resnet_50,21,back_middle,460.11,16.23,460.11,16.23,0.1807,False,
sample_0079,ScienceDB,resnet_50,22,tail_base,434.14,16.45,434.14,16.45,0.564,True,
sample_0079,ScienceDB,resnet_50,23,tail_end,406.82,24.16,406.82,24.16,0.07,False,
sample_0079,ScienceDB,resnet_50,24,front_left_thai,639.74,265.57,639.74,265.57,0.5506,True,
sample_0079,ScienceDB,resnet_50,25,front_left_knee,640.96,305.36,640.96,305.36,0.5407,True,
sample_0079,ScienceDB,resnet_50,26,front_left_paw,623.06,352.7,623.06,352.7,0.3889,True,
sample_0079,ScienceDB,resnet_50,27,front_right_thai,381.99,251.64,381.99,251.64,0.187,False,
sample_0079,ScienceDB,resnet_50,28,front_right_knee,539.44,385.71,539.44,385.71,0.0831,False,
sample_0079,ScienceDB,resnet_50,29,front_right_paw,555.67,411.69,555.67,411.69,0.3362,True,
sample_0079,ScienceDB,resnet_50,30,back_left_paw,435.7,428.36,435.7,428.36,0.4124,True,
sample_0079,ScienceDB,resnet_50,31,back_left_thai,448.62,402.28,448.62,402.28,0.0955,False,
sample_0079,ScienceDB,resnet_50,32,back_right_thai,397.33,94.53,397.33,94.53,0.2129,True,
sample_0079,ScienceDB,resnet_50,33,back_left_knee,375.37,340.96,375.37,340.96,0.3891,True,
sample_0079,ScienceDB,resnet_50,34,back_right_knee,366.8,337.47,366.8,337.47,0.185,False,
sample_0079,ScienceDB,resnet_50,35,back_right_paw,329.88,433.1,329.88,433.1,0.1568,False,
sample_0079,ScienceDB,resnet_50,36,belly_bottom,357.16,316.3,357.16,316.3,0.1969,False,
sample_0079,ScienceDB,resnet_50,37,body_middle_right,412.76,102.36,412.76,102.36,0.1157,False,
sample_0079,ScienceDB,resnet_50,38,body_middle_left,723.6,59.12,723.6,59.12,0.1124,False,
sample_0080,ScienceDB,resnet_50,0,nose,411.18,164.67,600.18,164.67,0.4816,True,
sample_0080,ScienceDB,resnet_50,1,upper_jaw,399.65,165.54,588.65,165.54,0.4002,True,
sample_0080,ScienceDB,resnet_50,2,lower_jaw,401.51,494.25,590.51,494.25,0.388,True,
sample_0080,ScienceDB,resnet_50,3,mouth_end_right,413.55,231.04,602.55,231.04,0.1518,False,
sample_0080,ScienceDB,resnet_50,4,mouth_end_left,402.95,199.04,591.95,199.04,0.1766,False,
sample_0080,ScienceDB,resnet_50,5,right_eye,409.45,226.05,598.45,226.05,0.1739,False,
sample_0080,ScienceDB,resnet_50,6,right_earbase,336.13,275.49,525.13,275.49,0.2208,True,
sample_0080,ScienceDB,resnet_50,7,right_earend,135.42,132.34,324.42,132.34,0.1624,False,
sample_0080,ScienceDB,resnet_50,8,right_antler_base,369.03,286.66,558.03,286.66,0.2257,True,
sample_0080,ScienceDB,resnet_50,9,right_antler_end,133.08,129.4,322.08,129.4,0.4033,True,
sample_0080,ScienceDB,resnet_50,10,left_eye,410.77,223.87,599.77,223.87,0.1992,False,
sample_0080,ScienceDB,resnet_50,11,left_earbase,461.47,289.06,650.47,289.06,0.2056,True,
sample_0080,ScienceDB,resnet_50,12,left_earend,480.48,271.3,669.48,271.3,0.2093,True,
sample_0080,ScienceDB,resnet_50,13,left_antler_base,362.76,154.06,551.76,154.06,0.1504,False,
sample_0080,ScienceDB,resnet_50,14,left_antler_end,395.06,157.68,584.06,157.68,0.3009,True,
sample_0080,ScienceDB,resnet_50,15,neck_base,233.83,354.45,422.83,354.45,0.3319,True,
sample_0080,ScienceDB,resnet_50,16,neck_end,146.9,298.71,335.9,298.71,0.342,True,
sample_0080,ScienceDB,resnet_50,17,throat_base,369.11,215.3,558.11,215.3,0.0909,False,
sample_0080,ScienceDB,resnet_50,18,throat_end,258.02,376.2,447.02,376.2,0.3819,True,
sample_0080,ScienceDB,resnet_50,19,back_base,143.33,304.22,332.33,304.22,0.5003,True,
sample_0080,ScienceDB,resnet_50,20,back_end,132.51,300.59,321.51,300.59,0.2726,True,
sample_0080,ScienceDB,resnet_50,21,back_middle,124.9,311.87,313.9,311.87,0.1657,False,
sample_0080,ScienceDB,resnet_50,22,tail_base,127.68,308.06,316.68,308.06,0.3455,True,
sample_0080,ScienceDB,resnet_50,23,tail_end,145.12,143.03,334.12,143.03,0.331,True,
sample_0080,ScienceDB,resnet_50,24,front_left_thai,435.46,317.24,624.46,317.24,0.3129,True,
sample_0080,ScienceDB,resnet_50,25,front_left_knee,374.62,435.75,563.62,435.75,0.1844,False,
sample_0080,ScienceDB,resnet_50,26,front_left_paw,383.18,196.12,572.18,196.12,0.4774,True,
sample_0080,ScienceDB,resnet_50,27,front_right_thai,160.39,381.49,349.39,381.49,0.1863,False,
sample_0080,ScienceDB,resnet_50,28,front_right_knee,355.83,434.46,544.83,434.46,0.1267,False,
sample_0080,ScienceDB,resnet_50,29,front_right_paw,390.76,193.0,579.76,193.0,0.5633,True,
sample_0080,ScienceDB,resnet_50,30,back_left_paw,324.79,545.18,513.79,545.18,0.4148,True,
sample_0080,ScienceDB,resnet_50,31,back_left_thai,432.94,299.77,621.94,299.77,0.5489,True,
sample_0080,ScienceDB,resnet_50,32,back_right_thai,169.09,414.73,358.09,414.73,0.3488,True,
sample_0080,ScienceDB,resnet_50,33,back_left_knee,191.83,528.81,380.83,528.81,0.2718,True,
sample_0080,ScienceDB,resnet_50,34,back_right_knee,173.24,541.75,362.24,541.75,0.6179,True,
sample_0080,ScienceDB,resnet_50,35,back_right_paw,396.2,490.76,585.2,490.76,0.2319,True,
sample_0080,ScienceDB,resnet_50,36,belly_bottom,281.07,417.46,470.07,417.46,0.3751,True,
sample_0080,ScienceDB,resnet_50,37,body_middle_right,385.18,425.8,574.18,425.8,0.2042,True,
sample_0080,ScienceDB,resnet_50,38,body_middle_left,363.63,426.89,552.63,426.89,0.3021,True,
sample_0081,ScienceDB,resnet_50,0,nose,355.33,239.09,623.33,239.09,0.2252,True,
sample_0081,ScienceDB,resnet_50,1,upper_jaw,407.72,496.74,675.72,496.74,0.141,False,
sample_0081,ScienceDB,resnet_50,2,lower_jaw,408.37,488.32,676.37,488.32,0.2202,True,
sample_0081,ScienceDB,resnet_50,3,mouth_end_right,309.94,438.01,577.94,438.01,0.1546,False,
sample_0081,ScienceDB,resnet_50,4,mouth_end_left,402.39,483.68,670.39,483.68,0.2079,True,
sample_0081,ScienceDB,resnet_50,5,right_eye,309.34,397.16,577.34,397.16,0.784,True,
sample_0081,ScienceDB,resnet_50,6,right_earbase,299.35,337.28,567.35,337.28,0.408,True,
sample_0081,ScienceDB,resnet_50,7,right_earend,335.5,192.93,603.5,192.93,0.2905,True,
sample_0081,ScienceDB,resnet_50,8,right_antler_base,344.29,225.15,612.29,225.15,0.3123,True,
sample_0081,ScienceDB,resnet_50,9,right_antler_end,334.97,186.8,602.97,186.8,0.1088,False,
sample_0081,ScienceDB,resnet_50,10,left_eye,406.25,367.86,674.25,367.86,0.3704,True,
sample_0081,ScienceDB,resnet_50,11,left_earbase,383.11,314.52,651.11,314.52,0.4261,True,
sample_0081,ScienceDB,resnet_50,12,left_earend,354.11,213.5,622.11,213.5,0.0873,False,
sample_0081,ScienceDB,resnet_50,13,left_antler_base,357.15,244.28,625.15,244.28,0.3668,True,
sample_0081,ScienceDB,resnet_50,14,left_antler_end,351.78,219.99,619.78,219.99,0.2216,True,
sample_0081,ScienceDB,resnet_50,15,neck_base,328.11,303.09,596.11,303.09,0.4047,True,
sample_0081,ScienceDB,resnet_50,16,neck_end,339.33,204.57,607.33,204.57,0.5174,True,
sample_0081,ScienceDB,resnet_50,17,throat_base,329.44,339.99,597.44,339.99,0.0596,False,
sample_0081,ScienceDB,resnet_50,18,throat_end,376.41,421.19,644.41,421.19,0.0578,False,
sample_0081,ScienceDB,resnet_50,19,back_base,333.18,205.24,601.18,205.24,0.5462,True,
sample_0081,ScienceDB,resnet_50,20,back_end,331.95,200.64,599.95,200.64,0.5436,True,
sample_0081,ScienceDB,resnet_50,21,back_middle,328.42,207.95,596.42,207.95,0.2447,True,
sample_0081,ScienceDB,resnet_50,22,tail_base,342.15,214.38,610.15,214.38,0.5976,True,
sample_0081,ScienceDB,resnet_50,23,tail_end,370.43,450.75,638.43,450.75,0.0722,False,
sample_0081,ScienceDB,resnet_50,24,front_left_thai,416.67,392.35,684.67,392.35,0.3276,True,
sample_0081,ScienceDB,resnet_50,25,front_left_knee,404.46,479.97,672.46,479.97,0.4128,True,
sample_0081,ScienceDB,resnet_50,26,front_left_paw,384.24,550.21,652.24,550.21,0.8935,True,
sample_0081,ScienceDB,resnet_50,27,front_right_thai,206.02,376.29,474.02,376.29,0.312,True,
sample_0081,ScienceDB,resnet_50,28,front_right_knee,386.0,482.72,654.0,482.72,0.2361,True,
sample_0081,ScienceDB,resnet_50,29,front_right_paw,363.16,541.08,631.16,541.08,0.503,True,
sample_0081,ScienceDB,resnet_50,30,back_left_paw,379.05,554.59,647.05,554.59,0.6464,True,
sample_0081,ScienceDB,resnet_50,31,back_left_thai,483.18,455.41,751.18,455.41,0.6784,True,
sample_0081,ScienceDB,resnet_50,32,back_right_thai,467.03,431.86,735.03,431.86,0.0594,False,
sample_0081,ScienceDB,resnet_50,33,back_left_knee,431.45,489.2,699.45,489.2,0.2631,True,
sample_0081,ScienceDB,resnet_50,34,back_right_knee,401.36,489.83,669.36,489.83,0.4944,True,
sample_0081,ScienceDB,resnet_50,35,back_right_paw,380.67,556.34,648.67,556.34,0.9187,True,
sample_0081,ScienceDB,resnet_50,36,belly_bottom,449.81,471.93,717.81,471.93,0.3962,True,
sample_0081,ScienceDB,resnet_50,37,body_middle_right,496.35,274.08,764.35,274.08,0.1078,False,
sample_0081,ScienceDB,resnet_50,38,body_middle_left,472.76,251.79,740.76,251.79,0.4005,True,
sample_0082,ScienceDB,resnet_50,0,nose,318.51,378.14,804.51,379.14,0.1152,False,
sample_0082,ScienceDB,resnet_50,1,upper_jaw,157.83,423.32,643.83,424.32,0.0797,False,
sample_0082,ScienceDB,resnet_50,2,lower_jaw,170.92,425.98,656.92,426.98,0.0762,False,
sample_0082,ScienceDB,resnet_50,3,mouth_end_right,159.89,417.69,645.89,418.69,0.0581,False,
sample_0082,ScienceDB,resnet_50,4,mouth_end_left,166.26,430.45,652.26,431.45,0.1363,False,
sample_0082,ScienceDB,resnet_50,5,right_eye,115.17,392.99,601.17,393.99,0.0696,False,
sample_0082,ScienceDB,resnet_50,6,right_earbase,181.16,422.73,667.16,423.73,0.0246,False,
sample_0082,ScienceDB,resnet_50,7,right_earend,27.96,113.04,513.96,114.04,0.1352,False,
sample_0082,ScienceDB,resnet_50,8,right_antler_base,110.66,366.06,596.66,367.06,0.0739,False,
sample_0082,ScienceDB,resnet_50,9,right_antler_end,24.2,452.12,510.2,453.12,0.2582,True,
sample_0082,ScienceDB,resnet_50,10,left_eye,117.2,399.55,603.2,400.55,0.0955,False,
sample_0082,ScienceDB,resnet_50,11,left_earbase,368.2,207.2,854.2,208.2,0.024,False,
sample_0082,ScienceDB,resnet_50,12,left_earend,270.87,133.41,756.87,134.41,0.1035,False,
sample_0082,ScienceDB,resnet_50,13,left_antler_base,73.4,146.25,559.4,147.25,0.0784,False,
sample_0082,ScienceDB,resnet_50,14,left_antler_end,40.7,114.1,526.7,115.1,0.0887,False,
sample_0082,ScienceDB,resnet_50,15,neck_base,72.88,120.81,558.88,121.81,0.3511,True,
sample_0082,ScienceDB,resnet_50,16,neck_end,70.0,122.16,556.0,123.16,0.3645,True,
sample_0082,ScienceDB,resnet_50,17,throat_base,198.45,439.61,684.45,440.61,0.1007,False,
sample_0082,ScienceDB,resnet_50,18,throat_end,211.46,441.6,697.46,442.6,0.13,False,
sample_0082,ScienceDB,resnet_50,19,back_base,61.22,114.93,547.22,115.93,0.4208,True,
sample_0082,ScienceDB,resnet_50,20,back_end,259.79,123.8,745.79,124.8,0.4489,True,
sample_0082,ScienceDB,resnet_50,21,back_middle,223.04,107.51,709.04,108.51,0.3442,True,
sample_0082,ScienceDB,resnet_50,22,tail_base,266.3,149.66,752.3,150.66,0.4281,True,
sample_0082,ScienceDB,resnet_50,23,tail_end,313.94,387.86,799.94,388.86,0.507,True,
sample_0082,ScienceDB,resnet_50,24,front_left_thai,315.16,418.46,801.16,419.46,0.2578,True,
sample_0082,ScienceDB,resnet_50,25,front_left_knee,307.56,486.04,793.56,487.04,0.4011,True,
sample_0082,ScienceDB,resnet_50,26,front_left_paw,121.38,485.73,607.38,486.73,0.3465,True,
sample_0082,ScienceDB,resnet_50,27,front_right_thai,110.18,342.66,596.18,343.66,0.7125,True,
sample_0082,ScienceDB,resnet_50,28,front_right_knee,119.23,426.11,605.23,427.11,0.7056,True,
sample_0082,ScienceDB,resnet_50,29,front_right_paw,125.2,486.7,611.2,487.7,0.8381,True,
sample_0082,ScienceDB,resnet_50,30,back_left_paw,282.57,538.88,768.57,539.88,0.7175,True,
sample_0082,ScienceDB,resnet_50,31,back_left_thai,342.59,372.45,828.59,373.45,0.3575,True,
sample_0082,ScienceDB,resnet_50,32,back_right_thai,370.76,258.09,856.76,259.09,0.2016,True,
sample_0082,ScienceDB,resnet_50,33,back_left_knee,308.04,481.43,794.04,482.43,0.5415,True,
sample_0082,ScienceDB,resnet_50,34,back_right_knee,299.16,479.9,785.16,480.9,0.2649,True,
sample_0082,ScienceDB,resnet_50,35,back_right_paw,280.22,542.38,766.22,543.38,0.5819,True,
sample_0082,ScienceDB,resnet_50,36,belly_bottom,233.08,468.75,719.08,469.75,0.4162,True,
sample_0082,ScienceDB,resnet_50,37,body_middle_right,377.89,214.31,863.89,215.31,0.3767,True,
sample_0082,ScienceDB,resnet_50,38,body_middle_left,140.63,205.88,626.63,206.88,0.2675,True,
sample_0084,ScienceDB,resnet_50,0,nose,96.05,452.11,464.05,452.11,0.481,True,
sample_0084,ScienceDB,resnet_50,1,upper_jaw,93.07,466.15,461.07,466.15,0.4195,True,
sample_0084,ScienceDB,resnet_50,2,lower_jaw,97.37,465.33,465.37,465.33,0.2473,True,
sample_0084,ScienceDB,resnet_50,3,mouth_end_right,83.64,444.5,451.64,444.5,0.3314,True,
sample_0084,ScienceDB,resnet_50,4,mouth_end_left,111.66,461.46,479.66,461.46,0.2368,True,
sample_0084,ScienceDB,resnet_50,5,right_eye,68.3,383.89,436.3,383.89,0.4748,True,
sample_0084,ScienceDB,resnet_50,6,right_earbase,56.2,358.12,424.2,358.12,0.211,True,
sample_0084,ScienceDB,resnet_50,7,right_earend,280.35,39.76,648.35,39.76,0.4904,True,
sample_0084,ScienceDB,resnet_50,8,right_antler_base,279.8,43.97,647.8,43.97,0.2217,True,
sample_0084,ScienceDB,resnet_50,9,right_antler_end,146.38,70.13,514.38,70.13,0.3352,True,
sample_0084,ScienceDB,resnet_50,10,left_eye,153.13,421.06,521.13,421.06,0.1971,False,
sample_0084,ScienceDB,resnet_50,11,left_earbase,208.6,50.2,576.6,50.2,0.4319,True,
sample_0084,ScienceDB,resnet_50,12,left_earend,145.83,55.0,513.83,55.0,0.4708,True,
sample_0084,ScienceDB,resnet_50,13,left_antler_base,223.33,45.37,591.33,45.37,0.2431,True,
sample_0084,ScienceDB,resnet_50,14,left_antler_end,408.6,143.37,776.6,143.37,0.3196,True,
sample_0084,ScienceDB,resnet_50,15,neck_base,232.61,98.23,600.61,98.23,0.2142,True,
sample_0084,ScienceDB,resnet_50,16,neck_end,239.8,119.84,607.8,119.84,0.1919,False,
sample_0084,ScienceDB,resnet_50,17,throat_base,253.59,71.71,621.59,71.71,0.1065,False,
sample_0084,ScienceDB,resnet_50,18,throat_end,298.45,82.51,666.45,82.51,0.1009,False,
sample_0084,ScienceDB,resnet_50,19,back_base,237.25,123.89,605.25,123.89,0.2221,True,
sample_0084,ScienceDB,resnet_50,20,back_end,253.75,419.09,621.75,419.09,0.3453,True,
sample_0084,ScienceDB,resnet_50,21,back_middle,203.35,216.55,571.35,216.55,0.4425,True,
sample_0084,ScienceDB,resnet_50,22,tail_base,278.68,475.69,646.68,475.69,0.3465,True,
sample_0084,ScienceDB,resnet_50,23,tail_end,284.41,518.01,652.41,518.01,0.0973,False,
sample_0084,ScienceDB,resnet_50,24,front_left_thai,117.25,413.18,485.25,413.18,0.2116,True,
sample_0084,ScienceDB,resnet_50,25,front_left_knee,110.63,523.71,478.63,523.71,0.1474,False,
sample_0084,ScienceDB,resnet_50,26,front_left_paw,179.09,46.52,547.09,46.52,0.3831,True,
sample_0084,ScienceDB,resnet_50,27,front_right_thai,45.72,349.46,413.72,349.46,0.3561,True,
sample_0084,ScienceDB,resnet_50,28,front_right_knee,102.7,522.41,470.7,522.41,0.2439,True,
sample_0084,ScienceDB,resnet_50,29,front_right_paw,276.21,33.13,644.21,33.13,0.1616,False,
sample_0084,ScienceDB,resnet_50,30,back_left_paw,116.66,562.86,484.66,562.86,0.1695,False,
sample_0084,ScienceDB,resnet_50,31,back_left_thai,111.54,408.31,479.54,408.31,0.2674,True,
sample_0084,ScienceDB,resnet_50,32,back_right_thai,304.77,436.89,672.77,436.89,0.1773,False,
sample_0084,ScienceDB,resnet_50,33,back_left_knee,120.01,442.69,488.01,442.69,0.2202,True,
sample_0084,ScienceDB,resnet_50,34,back_right_knee,302.39,473.9,670.39,473.9,0.3563,True,
sample_0084,ScienceDB,resnet_50,35,back_right_paw,111.79,567.18,479.79,567.18,0.4308,True,
sample_0084,ScienceDB,resnet_50,36,belly_bottom,99.07,379.11,467.07,379.11,0.2775,True,
sample_0084,ScienceDB,resnet_50,37,body_middle_right,367.17,271.52,735.17,271.52,0.2083,True,
sample_0084,ScienceDB,resnet_50,38,body_middle_left,342.96,219.45,710.96,219.45,0.2086,True,
sample_0085,ScienceDB,resnet_50,0,nose,132.2,100.87,552.2,100.87,0.0857,False,
sample_0085,ScienceDB,resnet_50,1,upper_jaw,260.06,472.41,680.06,472.41,0.0893,False,
sample_0085,ScienceDB,resnet_50,2,lower_jaw,268.65,475.13,688.65,475.13,0.1053,False,
sample_0085,ScienceDB,resnet_50,3,mouth_end_right,89.93,115.62,509.93,115.62,0.0648,False,
sample_0085,ScienceDB,resnet_50,4,mouth_end_left,288.42,430.24,708.42,430.24,0.0899,False,
sample_0085,ScienceDB,resnet_50,5,right_eye,137.05,87.41,557.05,87.41,0.2935,True,
sample_0085,ScienceDB,resnet_50,6,right_earbase,208.37,64.15,628.37,64.15,0.3173,True,
sample_0085,ScienceDB,resnet_50,7,right_earend,227.27,38.43,647.27,38.43,0.0881,False,
sample_0085,ScienceDB,resnet_50,8,right_antler_base,189.03,53.99,609.03,53.99,0.2905,True,
sample_0085,ScienceDB,resnet_50,9,right_antler_end,219.24,66.6,639.24,66.6,0.1909,False,
sample_0085,ScienceDB,resnet_50,10,left_eye,140.86,87.2,560.86,87.2,0.3484,True,
sample_0085,ScienceDB,resnet_50,11,left_earbase,143.49,76.67,563.49,76.67,0.2149,True,
sample_0085,ScienceDB,resnet_50,12,left_earend,185.1,94.39,605.1,94.39,0.4117,True,
sample_0085,ScienceDB,resnet_50,13,left_antler_base,154.4,93.14,574.4,93.14,0.3087,True,
sample_0085,ScienceDB,resnet_50,14,left_antler_end,160.15,92.98,580.15,92.98,0.269,True,
sample_0085,ScienceDB,resnet_50,15,neck_base,192.99,84.14,612.99,84.14,0.3655,True,
sample_0085,ScienceDB,resnet_50,16,neck_end,206.12,80.16,626.12,80.16,0.3777,True,
sample_0085,ScienceDB,resnet_50,17,throat_base,194.7,96.59,614.7,96.59,0.0578,False,
sample_0085,ScienceDB,resnet_50,18,throat_end,147.27,115.9,567.27,115.9,0.0742,False,
sample_0085,ScienceDB,resnet_50,19,back_base,196.68,95.16,616.68,95.16,0.5349,True,
sample_0085,ScienceDB,resnet_50,20,back_end,347.21,146.71,767.21,146.71,0.2344,True,
sample_0085,ScienceDB,resnet_50,21,back_middle,189.11,116.55,609.11,116.55,0.4296,True,
sample_0085,ScienceDB,resnet_50,22,tail_base,356.7,145.64,776.7,145.64,0.1318,False,
sample_0085,ScienceDB,resnet_50,23,tail_end,276.49,432.1,696.49,432.1,0.5746,True,
sample_0085,ScienceDB,resnet_50,24,front_left_thai,385.77,392.04,805.77,392.04,0.2045,True,
sample_0085,ScienceDB,resnet_50,25,front_left_knee,373.36,458.21,793.36,458.21,0.1282,False,
sample_0085,ScienceDB,resnet_50,26,front_left_paw,335.8,546.85,755.8,546.85,0.1792,False,
sample_0085,ScienceDB,resnet_50,27,front_right_thai,440.15,307.52,860.15,307.52,0.0975,False,
sample_0085,ScienceDB,resnet_50,28,front_right_knee,443.13,480.59,863.13,480.59,0.3005,True,
sample_0085,ScienceDB,resnet_50,29,front_right_paw,445.29,562.47,865.29,562.47,0.2046,True,
sample_0085,ScienceDB,resnet_50,30,back_left_paw,124.08,524.66,544.08,524.66,0.9014,True,
sample_0085,ScienceDB,resnet_50,31,back_left_thai,85.88,340.32,505.88,340.32,0.6702,True,
sample_0085,ScienceDB,resnet_50,32,back_right_thai,380.14,377.94,800.14,377.94,0.3419,True,
sample_0085,ScienceDB,resnet_50,33,back_left_knee,114.79,452.87,534.79,452.87,0.8231,True,
sample_0085,ScienceDB,resnet_50,34,back_right_knee,379.05,503.54,799.05,503.54,0.4958,True,
sample_0085,ScienceDB,resnet_50,35,back_right_paw,362.81,564.95,782.81,564.95,0.5768,True,
sample_0085,ScienceDB,resnet_50,36,belly_bottom,327.09,310.67,747.09,310.67,0.1875,False,
sample_0085,ScienceDB,resnet_50,37,body_middle_right,360.18,200.41,780.18,200.41,0.2454,True,
sample_0085,ScienceDB,resnet_50,38,body_middle_left,41.16,222.7,461.16,222.7,0.3122,True,
sample_0086,ScienceDB,resnet_50,0,nose,632.6,567.27,632.6,567.27,0.1061,False,
sample_0086,ScienceDB,resnet_50,1,upper_jaw,277.22,308.6,277.22,308.6,0.0542,False,
sample_0086,ScienceDB,resnet_50,2,lower_jaw,639.22,543.65,639.22,543.65,0.0518,False,
sample_0086,ScienceDB,resnet_50,3,mouth_end_right,336.03,312.6,336.03,312.6,0.0425,False,
sample_0086,ScienceDB,resnet_50,4,mouth_end_left,617.29,547.04,617.29,547.04,0.0697,False,
sample_0086,ScienceDB,resnet_50,5,right_eye,282.6,247.02,282.6,247.02,0.0499,False,
sample_0086,ScienceDB,resnet_50,6,right_earbase,286.46,263.43,286.46,263.43,0.0825,False,
sample_0086,ScienceDB,resnet_50,7,right_earend,633.13,554.77,633.13,554.77,0.1637,False,
sample_0086,ScienceDB,resnet_50,8,right_antler_base,281.79,245.44,281.79,245.44,0.1073,False,
sample_0086,ScienceDB,resnet_50,9,right_antler_end,301.88,264.64,301.88,264.64,0.1727,False,
sample_0086,ScienceDB,resnet_50,10,left_eye,257.11,268.79,257.11,268.79,0.126,False,
sample_0086,ScienceDB,resnet_50,11,left_earbase,258.06,261.28,258.06,261.28,0.0981,False,
sample_0086,ScienceDB,resnet_50,12,left_earend,627.81,547.78,627.81,547.78,0.1279,False,
sample_0086,ScienceDB,resnet_50,13,left_antler_base,265.14,262.09,265.14,262.09,0.1773,False,
sample_0086,ScienceDB,resnet_50,14,left_antler_end,620.32,559.41,620.32,559.41,0.1638,False,
sample_0086,ScienceDB,resnet_50,15,neck_base,258.98,438.61,258.98,438.61,0.0988,False,
sample_0086,ScienceDB,resnet_50,16,neck_end,517.32,466.39,517.32,466.39,0.058,False,
sample_0086,ScienceDB,resnet_50,17,throat_base,537.88,380.88,537.88,380.88,0.0769,False,
sample_0086,ScienceDB,resnet_50,18,throat_end,537.43,384.97,537.43,384.97,0.1698,False,
sample_0086,ScienceDB,resnet_50,19,back_base,287.43,274.59,287.43,274.59,0.0764,False,
sample_0086,ScienceDB,resnet_50,20,back_end,267.97,256.08,267.97,256.08,0.583,True,
sample_0086,ScienceDB,resnet_50,21,back_middle,306.48,264.76,306.48,264.76,0.2035,True,
sample_0086,ScienceDB,resnet_50,22,tail_base,268.0,255.82,268.0,255.82,0.673,True,
sample_0086,ScienceDB,resnet_50,23,tail_end,285.2,250.11,285.2,250.11,0.1311,False,
sample_0086,ScienceDB,resnet_50,24,front_left_thai,510.85,426.91,510.85,426.91,0.2164,True,
sample_0086,ScienceDB,resnet_50,25,front_left_knee,514.67,451.09,514.67,451.09,0.3126,True,
sample_0086,ScienceDB,resnet_50,26,front_left_paw,529.02,448.2,529.02,448.2,0.158,False,
sample_0086,ScienceDB,resnet_50,27,front_right_thai,406.55,435.43,406.55,435.43,0.2234,True,
sample_0086,ScienceDB,resnet_50,28,front_right_knee,508.65,444.27,508.65,444.27,0.7003,True,
sample_0086,ScienceDB,resnet_50,29,front_right_paw,522.09,554.68,522.09,554.68,0.3897,True,
sample_0086,ScienceDB,resnet_50,30,back_left_paw,519.4,557.21,519.4,557.21,0.3374,True,
sample_0086,ScienceDB,resnet_50,31,back_left_thai,341.54,479.31,341.54,479.31,0.3127,True,
sample_0086,ScienceDB,resnet_50,32,back_right_thai,265.41,288.85,265.41,288.85,0.1718,False,
sample_0086,ScienceDB,resnet_50,33,back_left_knee,504.87,459.98,504.87,459.98,0.3055,True,
sample_0086,ScienceDB,resnet_50,34,back_right_knee,505.83,460.75,505.83,460.75,0.2901,True,
sample_0086,ScienceDB,resnet_50,35,back_right_paw,514.08,561.32,514.08,561.32,0.1169,False,
sample_0086,ScienceDB,resnet_50,36,belly_bottom,427.62,480.16,427.62,480.16,0.318,True,
sample_0086,ScienceDB,resnet_50,37,body_middle_right,430.2,405.04,430.2,405.04,0.1223,False,
sample_0086,ScienceDB,resnet_50,38,body_middle_left,321.71,434.57,321.71,434.57,0.1908,False,
sample_0088,ScienceDB,resnet_50,0,nose,295.42,543.33,460.42,543.33,0.0821,False,
sample_0088,ScienceDB,resnet_50,1,upper_jaw,298.39,543.4,463.39,543.4,0.0897,False,
sample_0088,ScienceDB,resnet_50,2,lower_jaw,300.38,551.27,465.38,551.27,0.1601,False,
sample_0088,ScienceDB,resnet_50,3,mouth_end_right,261.73,440.02,426.73,440.02,0.0612,False,
sample_0088,ScienceDB,resnet_50,4,mouth_end_left,278.82,524.7,443.82,524.7,0.1672,False,
sample_0088,ScienceDB,resnet_50,5,right_eye,197.18,295.55,362.18,295.55,0.0769,False,
sample_0088,ScienceDB,resnet_50,6,right_earbase,146.29,302.23,311.29,302.23,0.5397,True,
sample_0088,ScienceDB,resnet_50,7,right_earend,149.65,275.25,314.65,275.25,0.494,True,
sample_0088,ScienceDB,resnet_50,8,right_antler_base,145.8,311.47,310.8,311.47,0.2222,True,
sample_0088,ScienceDB,resnet_50,9,right_antler_end,146.3,269.66,311.3,269.66,0.6772,True,
sample_0088,ScienceDB,resnet_50,10,left_eye,137.71,327.1,302.71,327.1,0.0237,False,
sample_0088,ScienceDB,resnet_50,11,left_earbase,151.79,299.58,316.79,299.58,0.2714,True,
sample_0088,ScienceDB,resnet_50,12,left_earend,152.82,278.43,317.82,278.43,0.3389,True,
sample_0088,ScienceDB,resnet_50,13,left_antler_base,137.48,295.05,302.48,295.05,0.166,False,
sample_0088,ScienceDB,resnet_50,14,left_antler_end,149.86,270.05,314.86,270.05,0.4589,True,
sample_0088,ScienceDB,resnet_50,15,neck_base,178.35,373.87,343.35,373.87,0.5649,True,
sample_0088,ScienceDB,resnet_50,16,neck_end,171.5,363.79,336.5,363.79,0.2337,True,
sample_0088,ScienceDB,resnet_50,17,throat_base,188.82,365.31,353.82,365.31,0.2063,True,
sample_0088,ScienceDB,resnet_50,18,throat_end,183.94,379.03,348.94,379.03,0.2141,True,
sample_0088,ScienceDB,resnet_50,19,back_base,176.83,371.82,341.83,371.82,0.2288,True,
sample_0088,ScienceDB,resnet_50,20,back_end,61.32,333.83,226.32,333.83,0.2812,True,
sample_0088,ScienceDB,resnet_50,21,back_middle,46.49,345.95,211.49,345.95,0.1998,False,
sample_0088,ScienceDB,resnet_50,22,tail_base,56.6,329.2,221.6,329.2,0.2002,True,
sample_0088,ScienceDB,resnet_50,23,tail_end,303.96,549.19,468.96,549.19,0.3838,True,
sample_0088,ScienceDB,resnet_50,24,front_left_thai,216.56,413.16,381.56,413.16,0.3971,True,
sample_0088,ScienceDB,resnet_50,25,front_left_knee,288.65,556.53,453.65,556.53,0.056,False,
sample_0088,ScienceDB,resnet_50,26,front_left_paw,296.03,537.97,461.03,537.97,0.2939,True,
sample_0088,ScienceDB,resnet_50,27,front_right_thai,209.32,412.71,374.32,412.71,0.3965,True,
sample_0088,ScienceDB,resnet_50,28,front_right_knee,81.96,496.83,246.96,496.83,0.0643,False,
sample_0088,ScienceDB,resnet_50,29,front_right_paw,297.44,546.14,462.44,546.14,0.5076,True,
sample_0088,ScienceDB,resnet_50,30,back_left_paw,305.67,540.37,470.67,540.37,0.3049,True,
sample_0088,ScienceDB,resnet_50,31,back_left_thai,227.44,534.33,392.44,534.33,0.1711,False,
sample_0088,ScienceDB,resnet_50,32,back_right_thai,38.98,385.04,203.98,385.04,0.117,False,
sample_0088,ScienceDB,resnet_50,33,back_left_knee,285.72,567.8,450.72,567.8,0.3964,True,
sample_0088,ScienceDB,resnet_50,34,back_right_knee,83.59,506.11,248.59,506.11,0.0899,False,
sample_0088,ScienceDB,resnet_50,35,back_right_paw,304.25,544.28,469.25,544.28,0.4782,True,
sample_0088,ScienceDB,resnet_50,36,belly_bottom,156.3,466.06,321.3,466.06,0.2946,True,
sample_0088,ScienceDB,resnet_50,37,body_middle_right,53.28,389.69,218.28,389.69,0.2392,True,
sample_0088,ScienceDB,resnet_50,38,body_middle_left,132.33,401.36,297.33,401.36,0.2197,True,
sample_0089,ScienceDB,resnet_50,0,nose,900.01,311.01,900.01,311.01,0.0676,False,
sample_0089,ScienceDB,resnet_50,1,upper_jaw,898.01,313.91,898.01,313.91,0.1069,False,
sample_0089,ScienceDB,resnet_50,2,lower_jaw,886.32,313.73,886.32,313.73,0.2291,True,
sample_0089,ScienceDB,resnet_50,3,mouth_end_right,857.16,310.94,857.16,310.94,0.0788,False,
sample_0089,ScienceDB,resnet_50,4,mouth_end_left,869.23,314.92,869.23,314.92,0.0604,False,
sample_0089,ScienceDB,resnet_50,5,right_eye,864.25,318.98,864.25,318.98,0.1737,False,
sample_0089,ScienceDB,resnet_50,6,right_earbase,868.25,322.34,868.25,322.34,0.3651,True,
sample_0089,ScienceDB,resnet_50,7,right_earend,772.98,296.9,772.98,296.9,0.321,True,
sample_0089,ScienceDB,resnet_50,8,right_antler_base,865.2,320.01,865.2,320.01,0.1954,False,
sample_0089,ScienceDB,resnet_50,9,right_antler_end,658.56,205.87,658.56,205.87,0.5205,True,
sample_0089,ScienceDB,resnet_50,10,left_eye,635.12,373.52,635.12,373.52,0.1451,False,
sample_0089,ScienceDB,resnet_50,11,left_earbase,753.85,315.13,753.85,315.13,0.1726,False,
sample_0089,ScienceDB,resnet_50,12,left_earend,775.14,305.07,775.14,305.07,0.3731,True,
sample_0089,ScienceDB,resnet_50,13,left_antler_base,862.4,322.24,862.4,322.24,0.1701,False,
sample_0089,ScienceDB,resnet_50,14,left_antler_end,659.35,209.93,659.35,209.93,0.2334,True,
sample_0089,ScienceDB,resnet_50,15,neck_base,844.3,322.08,844.3,322.08,0.3155,True,
sample_0089,ScienceDB,resnet_50,16,neck_end,851.4,408.97,851.4,408.97,0.1415,False,
sample_0089,ScienceDB,resnet_50,17,throat_base,849.25,375.62,849.25,375.62,0.3002,True,
sample_0089,ScienceDB,resnet_50,18,throat_end,861.41,389.19,861.41,389.19,0.4446,True,
sample_0089,ScienceDB,resnet_50,19,back_base,851.41,408.45,851.41,408.45,0.1047,False,
sample_0089,ScienceDB,resnet_50,20,back_end,667.81,318.8,667.81,318.8,0.2406,True,
sample_0089,ScienceDB,resnet_50,21,back_middle,726.79,286.04,726.79,286.04,0.3593,True,
sample_0089,ScienceDB,resnet_50,22,tail_base,657.2,323.93,657.2,323.93,0.3405,True,
sample_0089,ScienceDB,resnet_50,23,tail_end,623.45,349.43,623.45,349.43,0.1539,False,
sample_0089,ScienceDB,resnet_50,24,front_left_thai,833.3,454.71,833.3,454.71,0.0918,False,
sample_0089,ScienceDB,resnet_50,25,front_left_knee,859.47,318.9,859.47,318.9,0.365,True,
sample_0089,ScienceDB,resnet_50,26,front_left_paw,889.27,315.51,889.27,315.51,0.7683,True,
sample_0089,ScienceDB,resnet_50,27,front_right_thai,837.69,329.69,837.69,329.69,0.505,True,
sample_0089,ScienceDB,resnet_50,28,front_right_knee,864.96,327.84,864.96,327.84,0.3659,True,
sample_0089,ScienceDB,resnet_50,29,front_right_paw,890.87,314.86,890.87,314.86,0.6302,True,
sample_0089,ScienceDB,resnet_50,30,back_left_paw,660.56,228.22,660.56,228.22,0.1129,False,
sample_0089,ScienceDB,resnet_50,31,back_left_thai,840.73,332.84,840.73,332.84,0.2017,True,
sample_0089,ScienceDB,resnet_50,32,back_right_thai,642.74,368.9,642.74,368.9,0.1526,False,
sample_0089,ScienceDB,resnet_50,33,back_left_knee,873.51,323.44,873.51,323.44,0.2242,True,
sample_0089,ScienceDB,resnet_50,34,back_right_knee,679.58,297.19,679.58,297.19,0.1442,False,
sample_0089,ScienceDB,resnet_50,35,back_right_paw,660.46,217.0,660.46,217.0,0.1791,False,
sample_0089,ScienceDB,resnet_50,36,belly_bottom,826.77,481.14,826.77,481.14,0.281,True,
sample_0089,ScienceDB,resnet_50,37,body_middle_right,812.2,396.78,812.2,396.78,0.2219,True,
sample_0089,ScienceDB,resnet_50,38,body_middle_left,804.42,390.41,804.42,390.41,0.228,True,
sample_0090,ScienceDB,resnet_50,0,nose,309.03,488.23,415.03,488.23,0.4417,True,
sample_0090,ScienceDB,resnet_50,1,upper_jaw,300.7,495.77,406.7,495.77,0.3507,True,
sample_0090,ScienceDB,resnet_50,2,lower_jaw,203.23,441.6,309.23,441.6,0.3493,True,
sample_0090,ScienceDB,resnet_50,3,mouth_end_right,300.69,483.8,406.69,483.8,0.223,True,
sample_0090,ScienceDB,resnet_50,4,mouth_end_left,203.93,370.54,309.93,370.54,0.4039,True,
sample_0090,ScienceDB,resnet_50,5,right_eye,328.33,426.34,434.33,426.34,0.4347,True,
sample_0090,ScienceDB,resnet_50,6,right_earbase,149.88,361.27,255.88,361.27,0.2042,True,
sample_0090,ScienceDB,resnet_50,7,right_earend,122.26,360.48,228.26,360.48,0.0891,False,
sample_0090,ScienceDB,resnet_50,8,right_antler_base,351.75,340.71,457.75,340.71,0.1859,False,
sample_0090,ScienceDB,resnet_50,9,right_antler_end,29.1,375.8,135.1,375.8,0.1446,False,
sample_0090,ScienceDB,resnet_50,10,left_eye,361.1,430.27,467.1,430.27,0.4932,True,
sample_0090,ScienceDB,resnet_50,11,left_earbase,421.66,401.87,527.66,401.87,0.1599,False,
sample_0090,ScienceDB,resnet_50,12,left_earend,426.89,471.43,532.89,471.43,0.162,False,
sample_0090,ScienceDB,resnet_50,13,left_antler_base,308.95,387.93,414.95,387.93,0.1129,False,
sample_0090,ScienceDB,resnet_50,14,left_antler_end,450.86,477.09,556.86,477.09,0.0825,False,
sample_0090,ScienceDB,resnet_50,15,neck_base,255.07,283.51,361.07,283.51,0.2669,True,
sample_0090,ScienceDB,resnet_50,16,neck_end,276.6,217.74,382.6,217.74,0.1909,False,
sample_0090,ScienceDB,resnet_50,17,throat_base,238.43,325.76,344.43,325.76,0.387,True,
sample_0090,ScienceDB,resnet_50,18,throat_end,239.19,325.41,345.19,325.41,0.322,True,
sample_0090,ScienceDB,resnet_50,19,back_base,274.3,207.95,380.3,207.95,0.217,True,
sample_0090,ScienceDB,resnet_50,20,back_end,232.66,5.58,338.66,5.58,0.3309,True,
sample_0090,ScienceDB,resnet_50,21,back_middle,232.66,23.63,338.66,23.63,0.2151,True,
sample_0090,ScienceDB,resnet_50,22,tail_base,227.22,12.05,333.22,12.05,0.4091,True,
sample_0090,ScienceDB,resnet_50,23,tail_end,221.07,12.92,327.07,12.92,0.2573,True,
sample_0090,ScienceDB,resnet_50,24,front_left_thai,322.15,261.12,428.15,261.12,0.3059,True,
sample_0090,ScienceDB,resnet_50,25,front_left_knee,209.77,483.14,315.77,483.14,0.0814,False,
sample_0090,ScienceDB,resnet_50,26,front_left_paw,207.56,523.99,313.56,523.99,0.3788,True,
sample_0090,ScienceDB,resnet_50,27,front_right_thai,216.11,279.9,322.11,279.9,0.3021,True,
sample_0090,ScienceDB,resnet_50,28,front_right_knee,165.92,386.36,271.92,386.36,0.3326,True,
sample_0090,ScienceDB,resnet_50,29,front_right_paw,201.28,509.57,307.28,509.57,0.6464,True,
sample_0090,ScienceDB,resnet_50,30,back_left_paw,202.7,510.74,308.7,510.74,0.4281,True,
sample_0090,ScienceDB,resnet_50,31,back_left_thai,243.24,29.18,349.24,29.18,0.2971,True,
sample_0090,ScienceDB,resnet_50,32,back_right_thai,134.32,266.13,240.32,266.13,0.2985,True,
sample_0090,ScienceDB,resnet_50,33,back_left_knee,201.83,508.3,307.83,508.3,0.2504,True,
sample_0090,ScienceDB,resnet_50,34,back_right_knee,169.89,389.47,275.89,389.47,0.3341,True,
sample_0090,ScienceDB,resnet_50,35,back_right_paw,185.66,526.27,291.66,526.27,0.3633,True,
sample_0090,ScienceDB,resnet_50,36,belly_bottom,146.68,290.85,252.68,290.85,0.1765,False,
sample_0090,ScienceDB,resnet_50,37,body_middle_right,101.47,210.2,207.47,210.2,0.2321,True,
sample_0090,ScienceDB,resnet_50,38,body_middle_left,358.6,163.82,464.6,163.82,0.139,False,
sample_0091,ScienceDB,resnet_50,0,nose,393.76,378.2,589.76,378.2,0.3085,True,
sample_0091,ScienceDB,resnet_50,1,upper_jaw,223.3,369.62,419.3,369.62,0.2486,True,
sample_0091,ScienceDB,resnet_50,2,lower_jaw,226.97,392.91,422.97,392.91,0.2121,True,
sample_0091,ScienceDB,resnet_50,3,mouth_end_right,385.86,409.65,581.86,409.65,0.2408,True,
sample_0091,ScienceDB,resnet_50,4,mouth_end_left,231.39,407.48,427.39,407.48,0.3904,True,
sample_0091,ScienceDB,resnet_50,5,right_eye,378.61,394.99,574.61,394.99,0.3598,True,
sample_0091,ScienceDB,resnet_50,6,right_earbase,345.4,453.08,541.4,453.08,0.1617,False,
sample_0091,ScienceDB,resnet_50,7,right_earend,321.0,435.77,517.0,435.77,0.1119,False,
sample_0091,ScienceDB,resnet_50,8,right_antler_base,306.67,380.21,502.67,380.21,0.1892,False,
sample_0091,ScienceDB,resnet_50,9,right_antler_end,160.36,164.57,356.36,164.57,0.1318,False,
sample_0091,ScienceDB,resnet_50,10,left_eye,232.51,404.86,428.51,404.86,0.3467,True,
sample_0091,ScienceDB,resnet_50,11,left_earbase,297.38,396.24,493.38,396.24,0.1894,False,
sample_0091,ScienceDB,resnet_50,12,left_earend,395.82,547.83,591.82,547.83,0.1513,False,
sample_0091,ScienceDB,resnet_50,13,left_antler_base,287.92,362.16,483.92,362.16,0.2491,True,
sample_0091,ScienceDB,resnet_50,14,left_antler_end,460.86,174.1,656.86,174.1,0.153,False,
sample_0091,ScienceDB,resnet_50,15,neck_base,345.33,274.61,541.33,274.61,0.344,True,
sample_0091,ScienceDB,resnet_50,16,neck_end,522.9,144.83,718.9,144.83,0.3049,True,
sample_0091,ScienceDB,resnet_50,17,throat_base,330.33,327.39,526.33,327.39,0.2529,True,
sample_0091,ScienceDB,resnet_50,18,throat_end,350.3,329.34,546.3,329.34,0.1542,False,
sample_0091,ScienceDB,resnet_50,19,back_base,519.58,152.47,715.58,152.47,0.2863,True,
sample_0091,ScienceDB,resnet_50,20,back_end,638.33,310.97,834.33,310.97,0.4795,True,
sample_0091,ScienceDB,resnet_50,21,back_middle,594.75,230.04,790.75,230.04,0.2258,True,
sample_0091,ScienceDB,resnet_50,22,tail_base,654.2,347.72,850.2,347.72,0.6113,True,
sample_0091,ScienceDB,resnet_50,23,tail_end,569.05,521.2,765.05,521.2,0.2218,True,
sample_0091,ScienceDB,resnet_50,24,front_left_thai,429.1,287.9,625.1,287.9,0.2359,True,
sample_0091,ScienceDB,resnet_50,25,front_left_knee,429.96,548.52,625.96,548.52,0.3746,True,
sample_0091,ScienceDB,resnet_50,26,front_left_paw,397.35,569.11,593.35,569.11,0.8099,True,
sample_0091,ScienceDB,resnet_50,27,front_right_thai,256.33,505.52,452.33,505.52,0.354,True,
sample_0091,ScienceDB,resnet_50,28,front_right_knee,263.55,521.17,459.55,521.17,0.3302,True,
sample_0091,ScienceDB,resnet_50,29,front_right_paw,223.7,356.56,419.7,356.56,0.1521,False,
sample_0091,ScienceDB,resnet_50,30,back_left_paw,569.7,521.46,765.7,521.46,0.2674,True,
sample_0091,ScienceDB,resnet_50,31,back_left_thai,596.45,381.4,792.45,381.4,0.3587,True,
sample_0091,ScienceDB,resnet_50,32,back_right_thai,502.22,405.09,698.22,405.09,0.2181,True,
sample_0091,ScienceDB,resnet_50,33,back_left_knee,569.06,511.66,765.06,511.66,0.2758,True,
sample_0091,ScienceDB,resnet_50,34,back_right_knee,440.63,450.23,636.63,450.23,0.1434,False,
sample_0091,ScienceDB,resnet_50,35,back_right_paw,567.5,518.73,763.5,518.73,0.3186,True,
sample_0091,ScienceDB,resnet_50,36,belly_bottom,513.04,401.96,709.04,401.96,0.3967,True,
sample_0091,ScienceDB,resnet_50,37,body_middle_right,492.65,279.65,688.65,279.65,0.2352,True,
sample_0091,ScienceDB,resnet_50,38,body_middle_left,503.54,306.73,699.54,306.73,0.4055,True,
sample_0092,ScienceDB,resnet_50,0,nose,358.9,551.61,565.9,551.61,0.2915,True,
sample_0092,ScienceDB,resnet_50,1,upper_jaw,365.27,543.91,572.27,543.91,0.2513,True,
sample_0092,ScienceDB,resnet_50,2,lower_jaw,372.28,526.89,579.28,526.89,0.2772,True,
sample_0092,ScienceDB,resnet_50,3,mouth_end_right,331.83,353.61,538.83,353.61,0.1252,False,
sample_0092,ScienceDB,resnet_50,4,mouth_end_left,381.71,522.65,588.71,522.65,0.209,True,
sample_0092,ScienceDB,resnet_50,5,right_eye,366.18,525.29,573.18,525.29,0.0671,False,
sample_0092,ScienceDB,resnet_50,6,right_earbase,301.18,97.69,508.18,97.69,0.1651,False,
sample_0092,ScienceDB,resnet_50,7,right_earend,167.75,165.31,374.75,165.31,0.3278,True,
sample_0092,ScienceDB,resnet_50,8,right_antler_base,365.47,120.58,572.47,120.58,0.1829,False,
sample_0092,ScienceDB,resnet_50,9,right_antler_end,83.98,82.24,290.98,82.24,0.1854,False,
sample_0092,ScienceDB,resnet_50,10,left_eye,417.18,92.3,624.18,92.3,0.1907,False,
sample_0092,ScienceDB,resnet_50,11,left_earbase,353.55,74.11,560.55,74.11,0.129,False,
sample_0092,ScienceDB,resnet_50,12,left_earend,500.19,108.46,707.19,108.46,0.269,True,
sample_0092,ScienceDB,resnet_50,13,left_antler_base,379.53,62.73,586.53,62.73,0.2122,True,
sample_0092,ScienceDB,resnet_50,14,left_antler_end,93.15,94.5,300.15,94.5,0.2083,True,
sample_0092,ScienceDB,resnet_50,15,neck_base,96.71,125.46,303.71,125.46,0.2875,True,
sample_0092,ScienceDB,resnet_50,16,neck_end,83.18,117.33,290.18,117.33,0.5416,True,
sample_0092,ScienceDB,resnet_50,17,throat_base,322.8,278.44,529.8,278.44,0.1072,False,
sample_0092,ScienceDB,resnet_50,18,throat_end,378.05,315.28,585.05,315.28,0.1534,False,
sample_0092,ScienceDB,resnet_50,19,back_base,86.51,114.05,293.51,114.05,0.5379,True,
sample_0092,ScienceDB,resnet_50,20,back_end,303.13,35.1,510.13,35.1,0.2818,True,
sample_0092,ScienceDB,resnet_50,21,back_middle,75.07,99.02,282.07,99.02,0.2271,True,
sample_0092,ScienceDB,resnet_50,22,tail_base,314.51,50.3,521.51,50.3,0.3139,True,
sample_0092,ScienceDB,resnet_50,23,tail_end,434.97,552.14,641.97,552.14,0.2181,True,
sample_0092,ScienceDB,resnet_50,24,front_left_thai,91.08,130.3,298.08,130.3,0.346,True,
sample_0092,ScienceDB,resnet_50,25,front_left_knee,470.94,373.69,677.94,373.69,0.2534,True,
sample_0092,ScienceDB,resnet_50,26,front_left_paw,311.94,442.39,518.94,442.39,0.1135,False,
sample_0092,ScienceDB,resnet_50,27,front_right_thai,109.02,369.91,316.02,369.91,0.436,True,
sample_0092,ScienceDB,resnet_50,28,front_right_knee,270.08,387.99,477.08,387.99,0.2952,True,
sample_0092,ScienceDB,resnet_50,29,front_right_paw,313.84,455.59,520.84,455.59,0.5718,True,
sample_0092,ScienceDB,resnet_50,30,back_left_paw,435.54,542.66,642.54,542.66,0.5017,True,
sample_0092,ScienceDB,resnet_50,31,back_left_thai,366.07,382.89,573.07,382.89,0.1115,False,
sample_0092,ScienceDB,resnet_50,32,back_right_thai,90.24,235.09,297.24,235.09,0.1777,False,
sample_0092,ScienceDB,resnet_50,33,back_left_knee,384.58,394.81,591.58,394.81,0.1747,False,
sample_0092,ScienceDB,resnet_50,34,back_right_knee,390.88,396.77,597.88,396.77,0.2156,True,
sample_0092,ScienceDB,resnet_50,35,back_right_paw,430.73,550.04,637.73,550.04,0.4901,True,
sample_0092,ScienceDB,resnet_50,36,belly_bottom,223.86,337.46,430.86,337.46,0.2275,True,
sample_0092,ScienceDB,resnet_50,37,body_middle_right,199.18,193.52,406.18,193.52,0.2566,True,
sample_0092,ScienceDB,resnet_50,38,body_middle_left,409.1,102.7,616.1,102.7,0.2568,True,
sample_0093,ScienceDB,resnet_50,0,nose,160.17,275.76,516.17,275.76,0.6419,True,
sample_0093,ScienceDB,resnet_50,1,upper_jaw,158.74,281.87,514.74,281.87,0.655,True,
sample_0093,ScienceDB,resnet_50,2,lower_jaw,151.25,287.38,507.25,287.38,0.5826,True,
sample_0093,ScienceDB,resnet_50,3,mouth_end_right,132.93,288.51,488.93,288.51,0.4736,True,
sample_0093,ScienceDB,resnet_50,4,mouth_end_left,171.82,270.44,527.82,270.44,0.4204,True,
sample_0093,ScienceDB,resnet_50,5,right_eye,126.9,241.97,482.9,241.97,0.8561,True,
sample_0093,ScienceDB,resnet_50,6,right_earbase,101.99,205.5,457.99,205.5,0.7479,True,
sample_0093,ScienceDB,resnet_50,7,right_earend,88.3,198.45,444.3,198.45,0.5941,True,
sample_0093,ScienceDB,resnet_50,8,right_antler_base,120.96,197.05,476.96,197.05,0.3938,True,
sample_0093,ScienceDB,resnet_50,9,right_antler_end,130.63,187.69,486.63,187.69,0.1375,False,
sample_0093,ScienceDB,resnet_50,10,left_eye,163.46,229.52,519.46,229.52,0.5438,True,
sample_0093,ScienceDB,resnet_50,11,left_earbase,204.77,167.2,560.77,167.2,0.2842,True,
sample_0093,ScienceDB,resnet_50,12,left_earend,190.0,241.38,546.0,241.38,0.0544,False,
sample_0093,ScienceDB,resnet_50,13,left_antler_base,170.79,143.19,526.79,143.19,0.1939,False,
sample_0093,ScienceDB,resnet_50,14,left_antler_end,158.46,130.3,514.46,130.3,0.3008,True,
sample_0093,ScienceDB,resnet_50,15,neck_base,99.23,150.12,455.23,150.12,0.5204,True,
sample_0093,ScienceDB,resnet_50,16,neck_end,96.4,138.8,452.4,138.8,0.632,True,
sample_0093,ScienceDB,resnet_50,17,throat_base,74.48,225.49,430.48,225.49,0.1974,False,
sample_0093,ScienceDB,resnet_50,18,throat_end,69.13,214.51,425.13,214.51,0.139,False,
sample_0093,ScienceDB,resnet_50,19,back_base,93.28,133.87,449.28,133.87,0.5421,True,
sample_0093,ScienceDB,resnet_50,20,back_end,64.18,13.1,420.18,13.1,0.8829,True,
sample_0093,ScienceDB,resnet_50,21,back_middle,139.45,22.25,495.45,22.25,0.5814,True,
sample_0093,ScienceDB,resnet_50,22,tail_base,59.81,20.91,415.81,20.91,1.0,True,
sample_0093,ScienceDB,resnet_50,23,tail_end,51.97,24.2,407.97,24.2,0.3495,True,
sample_0093,ScienceDB,resnet_50,24,front_left_thai,276.71,179.05,632.71,179.05,0.4159,True,
sample_0093,ScienceDB,resnet_50,25,front_left_knee,253.37,247.41,609.37,247.41,0.4482,True,
sample_0093,ScienceDB,resnet_50,26,front_left_paw,263.37,289.66,619.37,289.66,0.8857,True,
sample_0093,ScienceDB,resnet_50,27,front_right_thai,52.88,194.77,408.88,194.77,0.5068,True,
sample_0093,ScienceDB,resnet_50,28,front_right_knee,122.89,303.97,478.89,303.97,0.2966,True,
sample_0093,ScienceDB,resnet_50,29,front_right_paw,257.05,292.8,613.05,292.8,0.5889,True,
sample_0093,ScienceDB,resnet_50,30,back_left_paw,265.67,282.32,621.67,282.32,0.2127,True,
sample_0093,ScienceDB,resnet_50,31,back_left_thai,283.77,160.94,639.77,160.94,0.3179,True,
sample_0093,ScienceDB,resnet_50,32,back_right_thai,53.44,55.2,409.44,55.2,0.2526,True,
sample_0093,ScienceDB,resnet_50,33,back_left_knee,283.05,183.17,639.05,183.17,0.1535,False,
sample_0093,ScienceDB,resnet_50,34,back_right_knee,121.24,301.14,477.24,301.14,0.0999,False,
sample_0093,ScienceDB,resnet_50,35,back_right_paw,262.77,290.4,618.77,290.4,0.3726,True,
sample_0093,ScienceDB,resnet_50,36,belly_bottom,176.06,281.51,532.06,281.51,0.0735,False,
sample_0093,ScienceDB,resnet_50,37,body_middle_right,57.19,91.19,413.19,91.19,0.1645,False,
sample_0093,ScienceDB,resnet_50,38,body_middle_left,254.9,80.69,610.9,80.69,0.3618,True,
sample_0094,ScienceDB,resnet_50,0,nose,542.63,560.88,912.63,560.88,0.5746,True,
sample_0094,ScienceDB,resnet_50,1,upper_jaw,537.42,553.93,907.42,553.93,0.4187,True,
sample_0094,ScienceDB,resnet_50,2,lower_jaw,533.11,556.83,903.11,556.83,0.4319,True,
sample_0094,ScienceDB,resnet_50,3,mouth_end_right,531.77,546.57,901.77,546.57,0.4135,True,
sample_0094,ScienceDB,resnet_50,4,mouth_end_left,542.02,537.78,912.02,537.78,0.4669,True,
sample_0094,ScienceDB,resnet_50,5,right_eye,502.22,486.7,872.22,486.7,0.5719,True,
sample_0094,ScienceDB,resnet_50,6,right_earbase,201.56,9.49,571.56,9.49,0.276,True,
sample_0094,ScienceDB,resnet_50,7,right_earend,219.13,0.41,589.13,0.41,0.1961,False,
sample_0094,ScienceDB,resnet_50,8,right_antler_base,484.91,486.83,854.91,486.83,0.2845,True,
sample_0094,ScienceDB,resnet_50,9,right_antler_end,354.35,111.35,724.35,111.35,0.1325,False,
sample_0094,ScienceDB,resnet_50,10,left_eye,520.9,486.14,890.9,486.14,0.5918,True,
sample_0094,ScienceDB,resnet_50,11,left_earbase,96.59,23.63,466.59,23.63,0.2129,True,
sample_0094,ScienceDB,resnet_50,12,left_earend,603.98,447.76,973.98,447.76,0.266,True,
sample_0094,ScienceDB,resnet_50,13,left_antler_base,474.06,495.64,844.06,495.64,0.2253,True,
sample_0094,ScienceDB,resnet_50,14,left_antler_end,538.55,536.45,908.55,536.45,0.2351,True,
sample_0094,ScienceDB,resnet_50,15,neck_base,186.37,25.51,556.37,25.51,0.5321,True,
sample_0094,ScienceDB,resnet_50,16,neck_end,206.41,26.32,576.41,26.32,0.4573,True,
sample_0094,ScienceDB,resnet_50,17,throat_base,549.8,399.01,919.8,399.01,0.1181,False,
sample_0094,ScienceDB,resnet_50,18,throat_end,155.12,58.67,525.12,58.67,0.2105,True,
sample_0094,ScienceDB,resnet_50,19,back_base,203.39,35.57,573.39,35.57,0.4464,True,
sample_0094,ScienceDB,resnet_50,20,back_end,170.98,36.54,540.98,36.54,0.3308,True,
sample_0094,ScienceDB,resnet_50,21,back_middle,206.75,40.25,576.75,40.25,0.34,True,
sample_0094,ScienceDB,resnet_50,22,tail_base,161.07,22.45,531.07,22.45,0.4146,True,
sample_0094,ScienceDB,resnet_50,23,tail_end,39.69,523.46,409.69,523.46,0.1374,False,
sample_0094,ScienceDB,resnet_50,24,front_left_thai,101.32,293.04,471.32,293.04,0.5043,True,
sample_0094,ScienceDB,resnet_50,25,front_left_knee,106.94,334.47,476.94,334.47,0.563,True,
sample_0094,ScienceDB,resnet_50,26,front_left_paw,82.08,483.58,452.08,483.58,0.3477,True,
sample_0094,ScienceDB,resnet_50,27,front_right_thai,102.97,298.44,472.97,298.44,0.3422,True,
sample_0094,ScienceDB,resnet_50,28,front_right_knee,112.63,355.88,482.63,355.88,0.2068,True,
sample_0094,ScienceDB,resnet_50,29,front_right_paw,365.65,542.25,735.65,542.25,0.7428,True,
sample_0094,ScienceDB,resnet_50,30,back_left_paw,89.93,469.1,459.93,469.1,0.2991,True,
sample_0094,ScienceDB,resnet_50,31,back_left_thai,299.46,262.54,669.46,262.54,0.1221,False,
sample_0094,ScienceDB,resnet_50,32,back_right_thai,95.9,319.21,465.9,319.21,0.094,False,
sample_0094,ScienceDB,resnet_50,33,back_left_knee,305.51,421.91,675.51,421.91,0.1341,False,
sample_0094,ScienceDB,resnet_50,34,back_right_knee,96.64,374.65,466.64,374.65,0.0992,False,
sample_0094,ScienceDB,resnet_50,35,back_right_paw,85.28,476.76,455.28,476.76,0.6613,True,
sample_0094,ScienceDB,resnet_50,36,belly_bottom,188.58,392.28,558.58,392.28,0.4212,True,
sample_0094,ScienceDB,resnet_50,37,body_middle_right,128.38,200.61,498.38,200.61,0.2949,True,
sample_0094,ScienceDB,resnet_50,38,body_middle_left,121.86,207.01,491.86,207.01,0.3634,True,
sample_0095,ScienceDB,resnet_50,0,nose,307.36,317.26,513.36,317.26,0.2962,True,
sample_0095,ScienceDB,resnet_50,1,upper_jaw,318.02,323.25,524.02,323.25,0.2881,True,
sample_0095,ScienceDB,resnet_50,2,lower_jaw,316.66,326.39,522.66,326.39,0.2945,True,
sample_0095,ScienceDB,resnet_50,3,mouth_end_right,303.94,324.17,509.94,324.17,0.2674,True,
sample_0095,ScienceDB,resnet_50,4,mouth_end_left,308.44,319.4,514.44,319.4,0.3042,True,
sample_0095,ScienceDB,resnet_50,5,right_eye,297.53,287.46,503.53,287.46,0.4299,True,
sample_0095,ScienceDB,resnet_50,6,right_earbase,287.97,235.92,493.97,235.92,0.437,True,
sample_0095,ScienceDB,resnet_50,7,right_earend,265.77,212.17,471.77,212.17,0.5685,True,
sample_0095,ScienceDB,resnet_50,8,right_antler_base,283.03,242.29,489.03,242.29,0.3216,True,
sample_0095,ScienceDB,resnet_50,9,right_antler_end,300.48,249.1,506.48,249.1,0.2813,True,
sample_0095,ScienceDB,resnet_50,10,left_eye,296.75,278.34,502.75,278.34,0.5234,True,
sample_0095,ScienceDB,resnet_50,11,left_earbase,265.75,233.61,471.75,233.61,0.4564,True,
sample_0095,ScienceDB,resnet_50,12,left_earend,275.08,213.85,481.08,213.85,0.3261,True,
sample_0095,ScienceDB,resnet_50,13,left_antler_base,271.13,237.48,477.13,237.48,0.4877,True,
sample_0095,ScienceDB,resnet_50,14,left_antler_end,269.23,210.15,475.23,210.15,0.3025,True,
sample_0095,ScienceDB,resnet_50,15,neck_base,268.37,349.34,474.37,349.34,0.401,True,
sample_0095,ScienceDB,resnet_50,16,neck_end,273.47,330.28,479.47,330.28,0.1389,False,
sample_0095,ScienceDB,resnet_50,17,throat_base,286.76,346.08,492.76,346.08,0.4337,True,
sample_0095,ScienceDB,resnet_50,18,throat_end,290.62,360.67,496.62,360.67,0.2915,True,
sample_0095,ScienceDB,resnet_50,19,back_base,259.39,332.15,465.39,332.15,0.2251,True,
sample_0095,ScienceDB,resnet_50,20,back_end,270.69,211.13,476.69,211.13,0.2818,True,
sample_0095,ScienceDB,resnet_50,21,back_middle,173.23,299.94,379.23,299.94,0.1845,False,
sample_0095,ScienceDB,resnet_50,22,tail_base,71.48,337.83,277.48,337.83,0.3019,True,
sample_0095,ScienceDB,resnet_50,23,tail_end,295.58,563.26,501.58,563.26,0.1241,False,
sample_0095,ScienceDB,resnet_50,24,front_left_thai,273.31,367.2,479.31,367.2,0.2159,True,
sample_0095,ScienceDB,resnet_50,25,front_left_knee,195.56,284.31,401.56,284.31,0.2466,True,
sample_0095,ScienceDB,resnet_50,26,front_left_paw,323.09,352.77,529.09,352.77,0.2717,True,
sample_0095,ScienceDB,resnet_50,27,front_right_thai,264.7,347.23,470.7,347.23,0.2493,True,
sample_0095,ScienceDB,resnet_50,28,front_right_knee,309.14,359.11,515.14,359.11,0.1124,False,
sample_0095,ScienceDB,resnet_50,29,front_right_paw,314.76,361.48,520.76,361.48,0.0905,False,
sample_0095,ScienceDB,resnet_50,30,back_left_paw,39.84,467.79,245.84,467.79,0.4995,True,
sample_0095,ScienceDB,resnet_50,31,back_left_thai,86.25,339.71,292.25,339.71,0.3923,True,
sample_0095,ScienceDB,resnet_50,32,back_right_thai,86.18,357.08,292.18,357.08,0.3184,True,
sample_0095,ScienceDB,resnet_50,33,back_left_knee,63.32,347.92,269.32,347.92,0.6801,True,
sample_0095,ScienceDB,resnet_50,34,back_right_knee,64.8,355.05,270.8,355.05,0.9241,True,
sample_0095,ScienceDB,resnet_50,35,back_right_paw,41.27,481.88,247.27,481.88,0.3659,True,
sample_0095,ScienceDB,resnet_50,36,belly_bottom,152.43,345.07,358.43,345.07,0.1392,False,
sample_0095,ScienceDB,resnet_50,37,body_middle_right,182.58,325.7,388.58,325.7,0.2446,True,
sample_0095,ScienceDB,resnet_50,38,body_middle_left,251.55,378.86,457.55,378.86,0.1123,False,
sample_0096,ScienceDB,resnet_50,0,nose,187.39,445.69,555.39,445.69,0.2646,True,
sample_0096,ScienceDB,resnet_50,1,upper_jaw,189.41,448.51,557.41,448.51,0.1716,False,
sample_0096,ScienceDB,resnet_50,2,lower_jaw,200.97,429.54,568.97,429.54,0.1698,False,
sample_0096,ScienceDB,resnet_50,3,mouth_end_right,210.55,406.54,578.55,406.54,0.1353,False,
sample_0096,ScienceDB,resnet_50,4,mouth_end_left,196.86,431.18,564.86,431.18,0.2046,True,
sample_0096,ScienceDB,resnet_50,5,right_eye,179.92,387.39,547.92,387.39,0.1321,False,
sample_0096,ScienceDB,resnet_50,6,right_earbase,359.44,116.75,727.44,116.75,0.1025,False,
sample_0096,ScienceDB,resnet_50,7,right_earend,83.21,123.84,451.21,123.84,0.0551,False,
sample_0096,ScienceDB,resnet_50,8,right_antler_base,176.82,443.01,544.82,443.01,0.1114,False,
sample_0096,ScienceDB,resnet_50,9,right_antler_end,162.48,265.54,530.48,265.54,0.0938,False,
sample_0096,ScienceDB,resnet_50,10,left_eye,372.03,117.95,740.03,117.95,0.0588,False,
sample_0096,ScienceDB,resnet_50,11,left_earbase,204.36,415.5,572.36,415.5,0.0541,False,
sample_0096,ScienceDB,resnet_50,12,left_earend,204.55,441.89,572.55,441.89,0.1051,False,
sample_0096,ScienceDB,resnet_50,13,left_antler_base,260.17,329.24,628.17,329.24,0.11,False,
sample_0096,ScienceDB,resnet_50,14,left_antler_end,432.94,118.61,800.94,118.61,0.1318,False,
sample_0096,ScienceDB,resnet_50,15,neck_base,318.32,131.1,686.32,131.1,0.7293,True,
sample_0096,ScienceDB,resnet_50,16,neck_end,324.74,114.13,692.74,114.13,0.6526,True,
sample_0096,ScienceDB,resnet_50,17,throat_base,329.17,146.17,697.17,146.17,0.1203,False,
sample_0096,ScienceDB,resnet_50,18,throat_end,326.41,151.25,694.41,151.25,0.2297,True,
sample_0096,ScienceDB,resnet_50,19,back_base,319.54,112.71,687.54,112.71,0.5176,True,
sample_0096,ScienceDB,resnet_50,20,back_end,224.47,392.09,592.47,392.09,0.1173,False,
sample_0096,ScienceDB,resnet_50,21,back_middle,193.81,148.47,561.81,148.47,0.3173,True,
sample_0096,ScienceDB,resnet_50,22,tail_base,217.25,397.48,585.25,397.48,0.2189,True,
sample_0096,ScienceDB,resnet_50,23,tail_end,251.97,450.93,619.97,450.93,0.2864,True,
sample_0096,ScienceDB,resnet_50,24,front_left_thai,285.87,199.24,653.87,199.24,0.1842,False,
sample_0096,ScienceDB,resnet_50,25,front_left_knee,190.37,427.66,558.37,427.66,0.096,False,
sample_0096,ScienceDB,resnet_50,26,front_left_paw,213.1,423.89,581.1,423.89,0.3029,True,
sample_0096,ScienceDB,resnet_50,27,front_right_thai,280.98,197.6,648.98,197.6,0.3663,True,
sample_0096,ScienceDB,resnet_50,28,front_right_knee,177.94,419.06,545.94,419.06,0.1036,False,
sample_0096,ScienceDB,resnet_50,29,front_right_paw,166.92,439.85,534.92,439.85,0.2441,True,
sample_0096,ScienceDB,resnet_50,30,back_left_paw,243.41,439.58,611.41,439.58,0.4558,True,
sample_0096,ScienceDB,resnet_50,31,back_left_thai,117.7,325.5,485.7,325.5,0.2759,True,
sample_0096,ScienceDB,resnet_50,32,back_right_thai,292.49,344.07,660.49,344.07,0.4685,True,
sample_0096,ScienceDB,resnet_50,33,back_left_knee,154.67,386.2,522.67,386.2,0.4802,True,
sample_0096,ScienceDB,resnet_50,34,back_right_knee,162.86,388.24,530.86,388.24,0.1658,False,
sample_0096,ScienceDB,resnet_50,35,back_right_paw,203.13,444.04,571.13,444.04,0.415,True,
sample_0096,ScienceDB,resnet_50,36,belly_bottom,377.35,317.04,745.35,317.04,0.1714,False,
sample_0096,ScienceDB,resnet_50,37,body_middle_right,129.92,188.58,497.92,188.58,0.2352,True,
sample_0096,ScienceDB,resnet_50,38,body_middle_left,337.19,287.37,705.19,287.37,0.2728,True,
sample_0097,ScienceDB,resnet_50,0,nose,604.98,97.63,604.98,97.63,0.402,True,
sample_0097,ScienceDB,resnet_50,1,upper_jaw,610.13,109.5,610.13,109.5,0.4031,True,
sample_0097,ScienceDB,resnet_50,2,lower_jaw,613.74,116.99,613.74,116.99,0.2977,True,
sample_0097,ScienceDB,resnet_50,3,mouth_end_right,607.35,114.37,607.35,114.37,0.1957,False,
sample_0097,ScienceDB,resnet_50,4,mouth_end_left,611.07,119.23,611.07,119.23,0.222,True,
sample_0097,ScienceDB,resnet_50,5,right_eye,763.64,102.33,763.64,102.33,0.2201,True,
sample_0097,ScienceDB,resnet_50,6,right_earbase,783.11,95.53,783.11,95.53,0.5627,True,
sample_0097,ScienceDB,resnet_50,7,right_earend,787.81,63.86,787.81,63.86,0.2419,True,
sample_0097,ScienceDB,resnet_50,8,right_antler_base,777.18,101.11,777.18,101.11,0.3696,True,
sample_0097,ScienceDB,resnet_50,9,right_antler_end,780.21,74.4,780.21,74.4,0.2899,True,
sample_0097,ScienceDB,resnet_50,10,left_eye,737.8,91.93,737.8,91.93,0.3183,True,
sample_0097,ScienceDB,resnet_50,11,left_earbase,746.0,87.69,746.0,87.69,0.7159,True,
sample_0097,ScienceDB,resnet_50,12,left_earend,748.7,71.01,748.7,71.01,0.3621,True,
sample_0097,ScienceDB,resnet_50,13,left_antler_base,751.11,91.09,751.11,91.09,0.5516,True,
sample_0097,ScienceDB,resnet_50,14,left_antler_end,756.37,70.46,756.37,70.46,0.1696,False,
sample_0097,ScienceDB,resnet_50,15,neck_base,773.67,191.96,773.67,191.96,0.6651,True,
sample_0097,ScienceDB,resnet_50,16,neck_end,782.57,177.23,782.57,177.23,0.7478,True,
sample_0097,ScienceDB,resnet_50,17,throat_base,741.99,200.71,741.99,200.71,0.2448,True,
sample_0097,ScienceDB,resnet_50,18,throat_end,739.93,198.45,739.93,198.45,0.2593,True,
sample_0097,ScienceDB,resnet_50,19,back_base,777.0,194.66,777.0,194.66,0.5284,True,
sample_0097,ScienceDB,resnet_50,20,back_end,786.49,460.91,786.49,460.91,0.394,True,
sample_0097,ScienceDB,resnet_50,21,back_middle,767.65,351.16,767.65,351.16,0.27,True,
sample_0097,ScienceDB,resnet_50,22,tail_base,787.55,490.6,787.55,490.6,0.5281,True,
sample_0097,ScienceDB,resnet_50,23,tail_end,981.04,566.82,981.04,566.82,0.236,True,
sample_0097,ScienceDB,resnet_50,24,front_left_thai,678.72,255.78,678.72,255.78,0.4191,True,
sample_0097,ScienceDB,resnet_50,25,front_left_knee,635.61,320.6,635.61,320.6,0.1497,False,
sample_0097,ScienceDB,resnet_50,26,front_left_paw,592.63,131.21,592.63,131.21,0.0633,False,
sample_0097,ScienceDB,resnet_50,27,front_right_thai,872.97,313.89,872.97,313.89,0.3756,True,
sample_0097,ScienceDB,resnet_50,28,front_right_knee,881.74,302.56,881.74,302.56,0.1409,False,
sample_0097,ScienceDB,resnet_50,29,front_right_paw,945.66,559.29,945.66,559.29,0.0502,False,
sample_0097,ScienceDB,resnet_50,30,back_left_paw,427.44,551.88,427.44,551.88,0.1022,False,
sample_0097,ScienceDB,resnet_50,31,back_left_thai,700.74,551.48,700.74,551.48,0.5828,True,
sample_0097,ScienceDB,resnet_50,32,back_right_thai,725.23,558.64,725.23,558.64,0.2779,True,
sample_0097,ScienceDB,resnet_50,33,back_left_knee,434.99,546.56,434.99,546.56,0.3193,True,
sample_0097,ScienceDB,resnet_50,34,back_right_knee,958.21,548.87,958.21,548.87,0.0853,False,
sample_0097,ScienceDB,resnet_50,35,back_right_paw,966.29,561.68,966.29,561.68,0.0615,False,
sample_0097,ScienceDB,resnet_50,36,belly_bottom,769.47,566.6,769.47,566.6,0.0973,False,
sample_0097,ScienceDB,resnet_50,37,body_middle_right,898.59,349.85,898.59,349.85,0.1344,False,
sample_0097,ScienceDB,resnet_50,38,body_middle_left,568.24,394.27,568.24,394.27,0.1513,False,
sample_0098,ScienceDB,resnet_50,0,nose,434.43,556.76,654.43,556.76,0.1129,False,
sample_0098,ScienceDB,resnet_50,1,upper_jaw,438.0,559.09,658.0,559.09,0.1272,False,
sample_0098,ScienceDB,resnet_50,2,lower_jaw,428.38,552.27,648.38,552.27,0.1946,False,
sample_0098,ScienceDB,resnet_50,3,mouth_end_right,422.64,340.59,642.64,340.59,0.099,False,
sample_0098,ScienceDB,resnet_50,4,mouth_end_left,444.31,454.01,664.31,454.01,0.0954,False,
sample_0098,ScienceDB,resnet_50,5,right_eye,389.71,228.55,609.71,228.55,0.2801,True,
sample_0098,ScienceDB,resnet_50,6,right_earbase,340.66,141.24,560.66,141.24,0.2169,True,
sample_0098,ScienceDB,resnet_50,7,right_earend,334.74,161.63,554.74,161.63,0.2695,True,
sample_0098,ScienceDB,resnet_50,8,right_antler_base,361.2,133.34,581.2,133.34,0.1491,False,
sample_0098,ScienceDB,resnet_50,9,right_antler_end,404.16,527.87,624.16,527.87,0.2804,True,
sample_0098,ScienceDB,resnet_50,10,left_eye,404.19,204.82,624.19,204.82,0.3004,True,
sample_0098,ScienceDB,resnet_50,11,left_earbase,397.8,190.42,617.8,190.42,0.2278,True,
sample_0098,ScienceDB,resnet_50,12,left_earend,503.71,148.56,723.71,148.56,0.4134,True,
sample_0098,ScienceDB,resnet_50,13,left_antler_base,390.34,180.1,610.34,180.1,0.2715,True,
sample_0098,ScienceDB,resnet_50,14,left_antler_end,72.78,98.77,292.78,98.77,0.1187,False,
sample_0098,ScienceDB,resnet_50,15,neck_base,352.79,148.23,572.79,148.23,0.3079,True,
sample_0098,ScienceDB,resnet_50,16,neck_end,328.93,104.34,548.93,104.34,0.1832,False,
sample_0098,ScienceDB,resnet_50,17,throat_base,317.27,324.03,537.27,324.03,0.1588,False,
sample_0098,ScienceDB,resnet_50,18,throat_end,271.79,296.81,491.79,296.81,0.0827,False,
sample_0098,ScienceDB,resnet_50,19,back_base,327.42,101.13,547.42,101.13,0.3613,True,
sample_0098,ScienceDB,resnet_50,20,back_end,77.47,89.53,297.47,89.53,0.2882,True,
sample_0098,ScienceDB,resnet_50,21,back_middle,172.37,95.14,392.37,95.14,0.2342,True,
sample_0098,ScienceDB,resnet_50,22,tail_base,72.72,90.75,292.72,90.75,0.4865,True,
sample_0098,ScienceDB,resnet_50,23,tail_end,53.88,116.24,273.88,116.24,0.188,False,
sample_0098,ScienceDB,resnet_50,24,front_left_thai,435.16,353.89,655.16,353.89,0.3441,True,
sample_0098,ScienceDB,resnet_50,25,front_left_knee,396.71,523.02,616.71,523.02,0.2606,True,
sample_0098,ScienceDB,resnet_50,26,front_left_paw,401.38,538.5,621.38,538.5,0.7158,True,
sample_0098,ScienceDB,resnet_50,27,front_right_thai,141.25,359.96,361.25,359.96,0.1639,False,
sample_0098,ScienceDB,resnet_50,28,front_right_knee,118.74,455.01,338.74,455.01,0.0833,False,
sample_0098,ScienceDB,resnet_50,29,front_right_paw,398.9,537.43,618.9,537.43,0.7482,True,
sample_0098,ScienceDB,resnet_50,30,back_left_paw,401.76,536.08,621.76,536.08,0.4287,True,
sample_0098,ScienceDB,resnet_50,31,back_left_thai,97.03,136.03,317.03,136.03,0.3194,True,
sample_0098,ScienceDB,resnet_50,32,back_right_thai,66.69,114.53,286.69,114.53,0.3357,True,
sample_0098,ScienceDB,resnet_50,33,back_left_knee,110.15,453.37,330.15,453.37,0.4936,True,
sample_0098,ScienceDB,resnet_50,34,back_right_knee,109.56,467.53,329.56,467.53,0.5654,True,
sample_0098,ScienceDB,resnet_50,35,back_right_paw,138.97,556.08,358.97,556.08,0.4024,True,
sample_0098,ScienceDB,resnet_50,36,belly_bottom,235.65,420.58,455.65,420.58,0.1933,False,
sample_0098,ScienceDB,resnet_50,37,body_middle_right,101.9,208.35,321.9,208.35,0.3703,True,
sample_0098,ScienceDB,resnet_50,38,body_middle_left,121.77,257.88,341.77,257.88,0.2216,True,
sample_0099,ScienceDB,resnet_50,0,nose,323.69,342.72,516.69,342.72,0.4769,True,
sample_0099,ScienceDB,resnet_50,1,upper_jaw,331.38,350.16,524.38,350.16,0.2705,True,
sample_0099,ScienceDB,resnet_50,2,lower_jaw,336.22,369.21,529.22,369.21,0.2875,True,
sample_0099,ScienceDB,resnet_50,3,mouth_end_right,558.38,387.38,751.38,387.38,0.1761,False,
sample_0099,ScienceDB,resnet_50,4,mouth_end_left,335.26,363.33,528.26,363.33,0.4181,True,
sample_0099,ScienceDB,resnet_50,5,right_eye,321.62,346.96,514.62,346.96,0.0898,False,
sample_0099,ScienceDB,resnet_50,6,right_earbase,631.09,404.4,824.09,404.4,0.0752,False,
sample_0099,ScienceDB,resnet_50,7,right_earend,304.71,347.98,497.71,347.98,0.1282,False,
sample_0099,ScienceDB,resnet_50,8,right_antler_base,629.17,364.4,822.17,364.4,0.155,False,
sample_0099,ScienceDB,resnet_50,9,right_antler_end,628.52,446.34,821.52,446.34,0.1181,False,
sample_0099,ScienceDB,resnet_50,10,left_eye,312.97,349.1,505.97,349.1,0.1094,False,
sample_0099,ScienceDB,resnet_50,11,left_earbase,494.18,167.7,687.18,167.7,0.0775,False,
sample_0099,ScienceDB,resnet_50,12,left_earend,483.75,131.12,676.75,131.12,0.0608,False,
sample_0099,ScienceDB,resnet_50,13,left_antler_base,511.59,151.86,704.59,151.86,0.1811,False,
sample_0099,ScienceDB,resnet_50,14,left_antler_end,613.33,281.05,806.33,281.05,0.1438,False,
sample_0099,ScienceDB,resnet_50,15,neck_base,585.22,393.46,778.22,393.46,0.2463,True,
sample_0099,ScienceDB,resnet_50,16,neck_end,519.38,137.72,712.38,137.72,0.0866,False,
sample_0099,ScienceDB,resnet_50,17,throat_base,532.98,361.66,725.98,361.66,0.2145,True,
sample_0099,ScienceDB,resnet_50,18,throat_end,521.86,361.7,714.86,361.7,0.2733,True,
sample_0099,ScienceDB,resnet_50,19,back_base,512.4,140.15,705.4,140.15,0.2002,True,
sample_0099,ScienceDB,resnet_50,20,back_end,495.88,135.91,688.88,135.91,0.4957,True,
sample_0099,ScienceDB,resnet_50,21,back_middle,501.18,157.24,694.18,157.24,0.2535,True,
sample_0099,ScienceDB,resnet_50,22,tail_base,498.52,134.32,691.52,134.32,0.5183,True,
sample_0099,ScienceDB,resnet_50,23,tail_end,492.42,138.95,685.42,138.95,0.2069,True,
sample_0099,ScienceDB,resnet_50,24,front_left_thai,613.0,290.89,806.0,290.89,0.2093,True,
sample_0099,ScienceDB,resnet_50,25,front_left_knee,564.32,460.72,757.32,460.72,0.2875,True,
sample_0099,ScienceDB,resnet_50,26,front_left_paw,564.87,504.89,757.87,504.89,0.0966,False,
sample_0099,ScienceDB,resnet_50,27,front_right_thai,448.95,373.04,641.95,373.04,0.1975,False,
sample_0099,ScienceDB,resnet_50,28,front_right_knee,554.08,435.05,747.08,435.05,0.3415,True,
sample_0099,ScienceDB,resnet_50,29,front_right_paw,566.4,506.0,759.4,506.0,0.8316,True,
sample_0099,ScienceDB,resnet_50,30,back_left_paw,565.22,504.09,758.22,504.09,0.4793,True,
sample_0099,ScienceDB,resnet_50,31,back_left_thai,456.64,437.63,649.64,437.63,0.2545,True,
sample_0099,ScienceDB,resnet_50,32,back_right_thai,438.76,385.33,631.76,385.33,0.2425,True,
sample_0099,ScienceDB,resnet_50,33,back_left_knee,558.11,458.43,751.11,458.43,0.297,True,
sample_0099,ScienceDB,resnet_50,34,back_right_knee,564.36,466.13,757.36,466.13,0.0923,False,
sample_0099,ScienceDB,resnet_50,35,back_right_paw,560.79,508.75,753.79,508.75,0.4558,True,
sample_0099,ScienceDB,resnet_50,36,belly_bottom,456.36,380.06,649.36,380.06,0.3002,True,
sample_0099,ScienceDB,resnet_50,37,body_middle_right,525.4,395.12,718.4,395.12,0.0528,False,
sample_0099,ScienceDB,resnet_50,38,body_middle_left,615.47,269.78,808.47,269.78,0.3199,True,
sample_0100,ScienceDB,resnet_50,0,nose,226.37,299.55,747.37,300.55,0.2006,True,
sample_0100,ScienceDB,resnet_50,1,upper_jaw,229.42,310.55,750.42,311.55,0.3059,True,
sample_0100,ScienceDB,resnet_50,2,lower_jaw,230.65,300.0,751.65,301.0,0.2978,True,
sample_0100,ScienceDB,resnet_50,3,mouth_end_right,230.86,297.17,751.86,298.17,0.182,False,
sample_0100,ScienceDB,resnet_50,4,mouth_end_left,124.5,201.66,645.5,202.66,0.2311,True,
sample_0100,ScienceDB,resnet_50,5,right_eye,54.13,269.94,575.13,270.94,0.1429,False,
sample_0100,ScienceDB,resnet_50,6,right_earbase,219.07,228.99,740.07,229.99,0.1608,False,
sample_0100,ScienceDB,resnet_50,7,right_earend,221.4,293.47,742.4,294.47,0.318,True,
sample_0100,ScienceDB,resnet_50,8,right_antler_base,217.6,228.33,738.6,229.33,0.1404,False,
sample_0100,ScienceDB,resnet_50,9,right_antler_end,227.24,300.68,748.24,301.68,0.1316,False,
sample_0100,ScienceDB,resnet_50,10,left_eye,238.19,276.46,759.19,277.46,0.0815,False,
sample_0100,ScienceDB,resnet_50,11,left_earbase,233.28,237.99,754.28,238.99,0.09,False,
sample_0100,ScienceDB,resnet_50,12,left_earend,231.13,306.93,752.13,307.93,0.661,True,
sample_0100,ScienceDB,resnet_50,13,left_antler_base,236.82,237.24,757.82,238.24,0.1168,False,
sample_0100,ScienceDB,resnet_50,14,left_antler_end,280.23,222.46,801.23,223.46,0.0932,False,
sample_0100,ScienceDB,resnet_50,15,neck_base,212.28,199.43,733.28,200.43,0.2829,True,
sample_0100,ScienceDB,resnet_50,16,neck_end,206.9,185.69,727.9,186.69,0.0554,False,
sample_0100,ScienceDB,resnet_50,17,throat_base,203.02,212.02,724.02,213.02,0.2223,True,
sample_0100,ScienceDB,resnet_50,18,throat_end,194.5,206.73,715.5,207.73,0.1509,False,
sample_0100,ScienceDB,resnet_50,19,back_base,55.61,95.72,576.61,96.72,0.0273,False,
sample_0100,ScienceDB,resnet_50,20,back_end,50.57,73.63,571.57,74.63,0.0991,False,
sample_0100,ScienceDB,resnet_50,21,back_middle,154.62,19.87,675.62,20.87,0.1619,False,
sample_0100,ScienceDB,resnet_50,22,tail_base,147.3,70.39,668.3,71.39,0.1542,False,
sample_0100,ScienceDB,resnet_50,23,tail_end,51.45,309.89,572.45,310.89,0.2433,True,
sample_0100,ScienceDB,resnet_50,24,front_left_thai,285.79,220.04,806.79,221.04,0.3924,True,
sample_0100,ScienceDB,resnet_50,25,front_left_knee,150.06,238.24,671.06,239.24,0.2117,True,
sample_0100,ScienceDB,resnet_50,26,front_left_paw,122.54,305.77,643.54,306.77,0.1008,False,
sample_0100,ScienceDB,resnet_50,27,front_right_thai,37.81,185.97,558.81,186.97,0.513,True,
sample_0100,ScienceDB,resnet_50,28,front_right_knee,141.05,237.53,662.05,238.53,0.7586,True,
sample_0100,ScienceDB,resnet_50,29,front_right_paw,121.73,304.15,642.73,305.15,0.6906,True,
sample_0100,ScienceDB,resnet_50,30,back_left_paw,122.31,303.11,643.31,304.11,0.3951,True,
sample_0100,ScienceDB,resnet_50,31,back_left_thai,153.46,79.67,674.46,80.67,0.2267,True,
sample_0100,ScienceDB,resnet_50,32,back_right_thai,37.11,174.78,558.11,175.78,0.1136,False,
sample_0100,ScienceDB,resnet_50,33,back_left_knee,137.04,236.36,658.04,237.36,0.3746,True,
sample_0100,ScienceDB,resnet_50,34,back_right_knee,142.6,241.0,663.6,242.0,0.3812,True,
sample_0100,ScienceDB,resnet_50,35,back_right_paw,118.2,304.76,639.2,305.76,0.2918,True,
sample_0100,ScienceDB,resnet_50,36,belly_bottom,149.38,236.61,670.38,237.61,0.1461,False,
sample_0100,ScienceDB,resnet_50,37,body_middle_right,227.09,23.27,748.09,24.27,0.1107,False,
sample_0100,ScienceDB,resnet_50,38,body_middle_left,204.43,23.16,725.43,24.16,0.2696,True,
sample_0104,MmCows,resnet_50,0,nose,129.31,133.59,189.31,145.59,0.2324,True,
sample_0104,MmCows,resnet_50,1,upper_jaw,129.58,138.81,189.58,150.81,0.1161,False,
sample_0104,MmCows,resnet_50,2,lower_jaw,121.84,139.66,181.84,151.66,0.0832,False,
sample_0104,MmCows,resnet_50,3,mouth_end_right,159.38,71.3,219.38,83.3,0.1365,False,
sample_0104,MmCows,resnet_50,4,mouth_end_left,112.73,109.19,172.73,121.19,0.1743,False,
sample_0104,MmCows,resnet_50,5,right_eye,155.38,55.46,215.38,67.46,0.5987,True,
sample_0104,MmCows,resnet_50,6,right_earbase,118.6,39.69,178.6,51.69,0.3409,True,
sample_0104,MmCows,resnet_50,7,right_earend,109.98,21.04,169.98,33.04,0.5354,True,
sample_0104,MmCows,resnet_50,8,right_antler_base,156.22,46.35,216.22,58.35,0.377,True,
sample_0104,MmCows,resnet_50,9,right_antler_end,116.07,18.31,176.07,30.31,0.3993,True,
sample_0104,MmCows,resnet_50,10,left_eye,159.56,45.74,219.56,57.74,0.3299,True,
sample_0104,MmCows,resnet_50,11,left_earbase,115.27,33.44,175.27,45.44,0.5951,True,
sample_0104,MmCows,resnet_50,12,left_earend,109.6,20.2,169.6,32.2,0.6739,True,
sample_0104,MmCows,resnet_50,13,left_antler_base,119.85,35.31,179.85,47.31,0.399,True,
sample_0104,MmCows,resnet_50,14,left_antler_end,117.18,16.25,177.18,28.25,0.4674,True,
sample_0104,MmCows,resnet_50,15,neck_base,119.45,70.48,179.45,82.48,0.4963,True,
sample_0104,MmCows,resnet_50,16,neck_end,109.13,63.91,169.13,75.91,0.2802,True,
sample_0104,MmCows,resnet_50,17,throat_base,150.52,93.48,210.52,105.48,0.2772,True,
sample_0104,MmCows,resnet_50,18,throat_end,153.43,95.06,213.43,107.06,0.1446,False,
sample_0104,MmCows,resnet_50,19,back_base,104.0,65.53,164.0,77.53,0.4149,True,
sample_0104,MmCows,resnet_50,20,back_end,17.26,8.05,77.26,20.05,0.6275,True,
sample_0104,MmCows,resnet_50,21,back_middle,73.93,61.27,133.93,73.27,0.1401,False,
sample_0104,MmCows,resnet_50,22,tail_base,17.63,13.05,77.63,25.05,0.6518,True,
sample_0104,MmCows,resnet_50,23,tail_end,58.07,127.8,118.07,139.8,0.0568,False,
sample_0104,MmCows,resnet_50,24,front_left_thai,181.48,121.63,241.48,133.63,0.4018,True,
sample_0104,MmCows,resnet_50,25,front_left_knee,180.04,124.07,240.04,136.07,0.3394,True,
sample_0104,MmCows,resnet_50,26,front_left_paw,136.31,136.16,196.31,148.16,0.4762,True,
sample_0104,MmCows,resnet_50,27,front_right_thai,95.74,77.5,155.74,89.5,0.2947,True,
sample_0104,MmCows,resnet_50,28,front_right_knee,118.85,127.34,178.85,139.34,0.1323,False,
sample_0104,MmCows,resnet_50,29,front_right_paw,74.43,137.36,134.43,149.36,0.3502,True,
sample_0104,MmCows,resnet_50,30,back_left_paw,45.84,135.91,105.84,147.91,0.3036,True,
sample_0104,MmCows,resnet_50,31,back_left_thai,33.97,61.54,93.97,73.54,0.2549,True,
sample_0104,MmCows,resnet_50,32,back_right_thai,23.48,63.16,83.48,75.16,0.7356,True,
sample_0104,MmCows,resnet_50,33,back_left_knee,68.61,135.16,128.61,147.16,0.4013,True,
sample_0104,MmCows,resnet_50,34,back_right_knee,16.53,91.28,76.53,103.28,0.3345,True,
sample_0104,MmCows,resnet_50,35,back_right_paw,66.91,139.56,126.91,151.56,0.4269,True,
sample_0104,MmCows,resnet_50,36,belly_bottom,96.0,133.23,156.0,145.23,0.1774,False,
sample_0104,MmCows,resnet_50,37,body_middle_right,64.88,72.71,124.88,84.71,0.1119,False,
sample_0104,MmCows,resnet_50,38,body_middle_left,56.07,28.74,116.07,40.74,0.0961,False,
sample_0105,MmCows,resnet_50,0,nose,115.37,32.07,115.37,32.07,0.2676,True,
sample_0105,MmCows,resnet_50,1,upper_jaw,119.37,34.96,119.37,34.96,0.1839,False,
sample_0105,MmCows,resnet_50,2,lower_jaw,318.34,271.19,318.34,271.19,0.1297,False,
sample_0105,MmCows,resnet_50,3,mouth_end_right,125.05,44.34,125.05,44.34,0.1796,False,
sample_0105,MmCows,resnet_50,4,mouth_end_left,129.56,48.53,129.56,48.53,0.2057,True,
sample_0105,MmCows,resnet_50,5,right_eye,127.92,21.42,127.92,21.42,0.2154,True,
sample_0105,MmCows,resnet_50,6,right_earbase,421.64,46.73,421.64,46.73,0.3356,True,
sample_0105,MmCows,resnet_50,7,right_earend,339.34,16.96,339.34,16.96,0.1939,False,
sample_0105,MmCows,resnet_50,8,right_antler_base,416.74,43.13,416.74,43.13,0.1835,False,
sample_0105,MmCows,resnet_50,9,right_antler_end,417.59,24.58,417.59,24.58,0.245,True,
sample_0105,MmCows,resnet_50,10,left_eye,133.31,27.07,133.31,27.07,0.4475,True,
sample_0105,MmCows,resnet_50,11,left_earbase,326.67,19.63,326.67,19.63,0.1379,False,
sample_0105,MmCows,resnet_50,12,left_earend,317.99,4.77,317.99,4.77,0.2205,True,
sample_0105,MmCows,resnet_50,13,left_antler_base,381.69,23.64,381.69,23.64,0.1674,False,
sample_0105,MmCows,resnet_50,14,left_antler_end,398.41,19.27,398.41,19.27,0.2845,True,
sample_0105,MmCows,resnet_50,15,neck_base,312.49,54.94,312.49,54.94,0.5431,True,
sample_0105,MmCows,resnet_50,16,neck_end,314.9,25.62,314.9,25.62,0.3592,True,
sample_0105,MmCows,resnet_50,17,throat_base,318.73,90.21,318.73,90.21,0.1724,False,
sample_0105,MmCows,resnet_50,18,throat_end,303.58,96.38,303.58,96.38,0.2814,True,
sample_0105,MmCows,resnet_50,19,back_base,304.14,19.41,304.14,19.41,0.4687,True,
sample_0105,MmCows,resnet_50,20,back_end,42.77,216.14,42.77,216.14,0.5174,True,
sample_0105,MmCows,resnet_50,21,back_middle,226.6,17.84,226.6,17.84,0.2689,True,
sample_0105,MmCows,resnet_50,22,tail_base,46.7,228.67,46.7,228.67,0.4737,True,
sample_0105,MmCows,resnet_50,23,tail_end,201.71,307.85,201.71,307.85,0.2292,True,
sample_0105,MmCows,resnet_50,24,front_left_thai,394.33,173.37,394.33,173.37,0.417,True,
sample_0105,MmCows,resnet_50,25,front_left_knee,400.17,175.77,400.17,175.77,0.0834,False,
sample_0105,MmCows,resnet_50,26,front_left_paw,315.96,281.73,315.96,281.73,0.1197,False,
sample_0105,MmCows,resnet_50,27,front_right_thai,395.3,173.73,395.3,173.73,0.2789,True,
sample_0105,MmCows,resnet_50,28,front_right_knee,332.59,250.53,332.59,250.53,0.1621,False,
sample_0105,MmCows,resnet_50,29,front_right_paw,209.51,295.37,209.51,295.37,0.2297,True,
sample_0105,MmCows,resnet_50,30,back_left_paw,323.55,265.58,323.55,265.58,0.2003,True,
sample_0105,MmCows,resnet_50,31,back_left_thai,172.94,30.39,172.94,30.39,0.1285,False,
sample_0105,MmCows,resnet_50,32,back_right_thai,135.53,49.82,135.53,49.82,0.1656,False,
sample_0105,MmCows,resnet_50,33,back_left_knee,228.46,308.48,228.46,308.48,0.1119,False,
sample_0105,MmCows,resnet_50,34,back_right_knee,50.26,218.74,50.26,218.74,0.0915,False,
sample_0105,MmCows,resnet_50,35,back_right_paw,328.05,264.48,328.05,264.48,0.2065,True,
sample_0105,MmCows,resnet_50,36,belly_bottom,221.28,246.09,221.28,246.09,0.1218,False,
sample_0105,MmCows,resnet_50,37,body_middle_right,164.02,127.36,164.02,127.36,0.1487,False,
sample_0105,MmCows,resnet_50,38,body_middle_left,457.16,177.63,457.16,177.63,0.1679,False,
sample_0107,MmCows,resnet_50,0,nose,92.98,55.05,407.98,118.05,0.804,True,
sample_0107,MmCows,resnet_50,1,upper_jaw,93.57,56.65,408.57,119.65,0.6077,True,
sample_0107,MmCows,resnet_50,2,lower_jaw,91.39,59.05,406.39,122.05,0.5627,True,
sample_0107,MmCows,resnet_50,3,mouth_end_right,89.42,56.77,404.42,119.77,0.5376,True,
sample_0107,MmCows,resnet_50,4,mouth_end_left,96.45,56.58,411.45,119.58,0.4495,True,
sample_0107,MmCows,resnet_50,5,right_eye,90.15,45.36,405.15,108.36,0.6663,True,
sample_0107,MmCows,resnet_50,6,right_earbase,88.2,43.09,403.2,106.09,0.3759,True,
sample_0107,MmCows,resnet_50,7,right_earend,87.76,41.24,402.76,104.24,0.2445,True,
sample_0107,MmCows,resnet_50,8,right_antler_base,89.93,40.02,404.93,103.02,0.5189,True,
sample_0107,MmCows,resnet_50,9,right_antler_end,3.38,30.56,318.38,93.56,0.3107,True,
sample_0107,MmCows,resnet_50,10,left_eye,93.75,45.44,408.75,108.44,0.8328,True,
sample_0107,MmCows,resnet_50,11,left_earbase,90.39,38.56,405.39,101.56,0.4104,True,
sample_0107,MmCows,resnet_50,12,left_earend,92.81,34.99,407.81,97.99,0.208,True,
sample_0107,MmCows,resnet_50,13,left_antler_base,90.0,39.81,405.0,102.81,0.5637,True,
sample_0107,MmCows,resnet_50,14,left_antler_end,95.1,35.28,410.1,98.28,0.3584,True,
sample_0107,MmCows,resnet_50,15,neck_base,81.69,43.86,396.69,106.86,0.7107,True,
sample_0107,MmCows,resnet_50,16,neck_end,79.11,36.49,394.11,99.49,0.3004,True,
sample_0107,MmCows,resnet_50,17,throat_base,86.53,56.89,401.53,119.89,0.2619,True,
sample_0107,MmCows,resnet_50,18,throat_end,84.69,55.51,399.69,118.51,0.262,True,
sample_0107,MmCows,resnet_50,19,back_base,77.88,36.16,392.88,99.16,0.5129,True,
sample_0107,MmCows,resnet_50,20,back_end,12.37,70.51,327.37,133.51,0.1127,False,
sample_0107,MmCows,resnet_50,21,back_middle,48.79,9.93,363.79,72.93,0.3926,True,
sample_0107,MmCows,resnet_50,22,tail_base,12.11,71.76,327.11,134.76,0.1378,False,
sample_0107,MmCows,resnet_50,23,tail_end,7.71,64.51,322.71,127.51,0.1014,False,
sample_0107,MmCows,resnet_50,24,front_left_thai,55.24,59.71,370.24,122.71,0.3004,True,
sample_0107,MmCows,resnet_50,25,front_left_knee,67.84,72.2,382.84,135.2,0.4002,True,
sample_0107,MmCows,resnet_50,26,front_left_paw,64.64,84.27,379.64,147.27,0.6199,True,
sample_0107,MmCows,resnet_50,27,front_right_thai,49.77,55.58,364.77,118.58,0.4104,True,
sample_0107,MmCows,resnet_50,28,front_right_knee,45.57,71.8,360.57,134.8,0.4584,True,
sample_0107,MmCows,resnet_50,29,front_right_paw,64.02,84.16,379.02,147.16,0.8081,True,
sample_0107,MmCows,resnet_50,30,back_left_paw,13.32,85.58,328.32,148.58,0.3628,True,
sample_0107,MmCows,resnet_50,31,back_left_thai,18.91,69.31,333.91,132.31,0.0879,False,
sample_0107,MmCows,resnet_50,32,back_right_thai,26.19,54.07,341.19,117.07,0.1899,False,
sample_0107,MmCows,resnet_50,33,back_left_knee,12.91,70.79,327.91,133.79,0.5327,True,
sample_0107,MmCows,resnet_50,34,back_right_knee,16.34,71.52,331.34,134.52,0.4283,True,
sample_0107,MmCows,resnet_50,35,back_right_paw,12.19,86.55,327.19,149.55,0.6993,True,
sample_0107,MmCows,resnet_50,36,belly_bottom,64.41,65.92,379.41,128.92,0.2128,True,
sample_0107,MmCows,resnet_50,37,body_middle_right,30.12,37.85,345.12,100.85,0.2293,True,
sample_0107,MmCows,resnet_50,38,body_middle_left,52.18,39.34,367.18,102.34,0.2428,True,
sample_0109,MmCows,resnet_50,0,nose,71.53,60.5,478.53,60.5,0.3609,True,
sample_0109,MmCows,resnet_50,1,upper_jaw,80.7,74.16,487.7,74.16,0.3537,True,
sample_0109,MmCows,resnet_50,2,lower_jaw,80.52,76.33,487.52,76.33,0.3117,True,
sample_0109,MmCows,resnet_50,3,mouth_end_right,65.22,61.73,472.22,61.73,0.139,False,
sample_0109,MmCows,resnet_50,4,mouth_end_left,86.33,72.25,493.33,72.25,0.2085,True,
sample_0109,MmCows,resnet_50,5,right_eye,79.01,42.34,486.01,42.34,0.4501,True,
sample_0109,MmCows,resnet_50,6,right_earbase,74.11,24.65,481.11,24.65,0.2528,True,
sample_0109,MmCows,resnet_50,7,right_earend,82.51,7.6,489.51,7.6,0.2013,True,
sample_0109,MmCows,resnet_50,8,right_antler_base,84.39,15.17,491.39,15.17,0.1678,False,
sample_0109,MmCows,resnet_50,9,right_antler_end,98.42,45.2,505.42,45.2,0.1132,False,
sample_0109,MmCows,resnet_50,10,left_eye,87.37,46.5,494.37,46.5,0.4129,True,
sample_0109,MmCows,resnet_50,11,left_earbase,98.5,15.04,505.5,15.04,0.1638,False,
sample_0109,MmCows,resnet_50,12,left_earend,107.91,7.97,514.91,7.97,0.0834,False,
sample_0109,MmCows,resnet_50,13,left_antler_base,102.65,43.53,509.65,43.53,0.2006,True,
sample_0109,MmCows,resnet_50,14,left_antler_end,82.85,8.47,489.85,8.47,0.136,False,
sample_0109,MmCows,resnet_50,15,neck_base,34.2,31.07,441.2,31.07,0.1602,False,
sample_0109,MmCows,resnet_50,16,neck_end,42.16,4.52,449.16,4.52,0.2907,True,
sample_0109,MmCows,resnet_50,17,throat_base,57.51,51.93,464.51,51.93,0.1337,False,
sample_0109,MmCows,resnet_50,18,throat_end,56.34,45.24,463.34,45.24,0.1926,False,
sample_0109,MmCows,resnet_50,19,back_base,41.74,2.53,448.74,2.53,0.3263,True,
sample_0109,MmCows,resnet_50,20,back_end,24.76,22.14,431.76,22.14,0.0883,False,
sample_0109,MmCows,resnet_50,21,back_middle,48.6,2.97,455.6,2.97,0.2806,True,
sample_0109,MmCows,resnet_50,22,tail_base,31.16,37.97,438.16,37.97,0.0621,False,
sample_0109,MmCows,resnet_50,23,tail_end,72.81,87.98,479.81,87.98,0.0887,False,
sample_0109,MmCows,resnet_50,24,front_left_thai,47.88,48.14,454.88,48.14,0.3095,True,
sample_0109,MmCows,resnet_50,25,front_left_knee,54.71,71.27,461.71,71.27,0.4118,True,
sample_0109,MmCows,resnet_50,26,front_left_paw,75.57,86.46,482.57,86.46,0.2612,True,
sample_0109,MmCows,resnet_50,27,front_right_thai,23.75,30.75,430.75,30.75,0.4953,True,
sample_0109,MmCows,resnet_50,28,front_right_knee,51.43,72.3,458.43,72.3,0.3782,True,
sample_0109,MmCows,resnet_50,29,front_right_paw,4.32,68.74,411.32,68.74,0.32,True,
sample_0109,MmCows,resnet_50,30,back_left_paw,6.65,63.7,413.65,63.7,0.604,True,
sample_0109,MmCows,resnet_50,31,back_left_thai,44.61,51.01,451.61,51.01,0.423,True,
sample_0109,MmCows,resnet_50,32,back_right_thai,45.15,44.64,452.15,44.64,0.5099,True,
sample_0109,MmCows,resnet_50,33,back_left_knee,41.27,63.18,448.27,63.18,0.39,True,
sample_0109,MmCows,resnet_50,34,back_right_knee,10.9,52.05,417.9,52.05,0.6935,True,
sample_0109,MmCows,resnet_50,35,back_right_paw,4.05,66.86,411.05,66.86,0.996,True,
sample_0109,MmCows,resnet_50,36,belly_bottom,34.26,49.17,441.26,49.17,0.506,True,
sample_0109,MmCows,resnet_50,37,body_middle_right,43.3,24.22,450.3,24.22,0.1886,False,
sample_0109,MmCows,resnet_50,38,body_middle_left,52.18,28.11,459.18,28.11,0.2982,True,
sample_0110,MmCows,resnet_50,0,nose,108.56,160.44,108.56,160.44,0.1588,False,
sample_0110,MmCows,resnet_50,1,upper_jaw,104.01,132.06,104.01,132.06,0.1442,False,
sample_0110,MmCows,resnet_50,2,lower_jaw,106.99,117.62,106.99,117.62,0.1149,False,
sample_0110,MmCows,resnet_50,3,mouth_end_right,118.0,130.02,118.0,130.02,0.1345,False,
sample_0110,MmCows,resnet_50,4,mouth_end_left,130.6,113.41,130.6,113.41,0.2217,True,
sample_0110,MmCows,resnet_50,5,right_eye,135.18,108.89,135.18,108.89,0.1693,False,
sample_0110,MmCows,resnet_50,6,right_earbase,145.23,126.78,145.23,126.78,0.1248,False,
sample_0110,MmCows,resnet_50,7,right_earend,102.29,126.35,102.29,126.35,0.207,True,
sample_0110,MmCows,resnet_50,8,right_antler_base,137.22,106.8,137.22,106.8,0.1962,False,
sample_0110,MmCows,resnet_50,9,right_antler_end,163.92,165.78,163.92,165.78,0.2061,True,
sample_0110,MmCows,resnet_50,10,left_eye,129.25,167.33,129.25,167.33,0.1993,False,
sample_0110,MmCows,resnet_50,11,left_earbase,111.24,137.94,111.24,137.94,0.0638,False,
sample_0110,MmCows,resnet_50,12,left_earend,150.5,137.76,150.5,137.76,0.1925,False,
sample_0110,MmCows,resnet_50,13,left_antler_base,134.46,105.88,134.46,105.88,0.1034,False,
sample_0110,MmCows,resnet_50,14,left_antler_end,173.33,162.71,173.33,162.71,0.1504,False,
sample_0110,MmCows,resnet_50,15,neck_base,175.28,114.6,175.28,114.6,0.3764,True,
sample_0110,MmCows,resnet_50,16,neck_end,273.01,98.53,273.01,98.53,0.2702,True,
sample_0110,MmCows,resnet_50,17,throat_base,159.4,134.46,159.4,134.46,0.1809,False,
sample_0110,MmCows,resnet_50,18,throat_end,140.48,197.31,140.48,197.31,0.226,True,
sample_0110,MmCows,resnet_50,19,back_base,273.74,101.72,273.74,101.72,0.4216,True,
sample_0110,MmCows,resnet_50,20,back_end,319.19,184.05,319.19,184.05,0.2953,True,
sample_0110,MmCows,resnet_50,21,back_middle,298.03,118.22,298.03,118.22,0.1673,False,
sample_0110,MmCows,resnet_50,22,tail_base,320.79,188.82,320.79,188.82,0.341,True,
sample_0110,MmCows,resnet_50,23,tail_end,360.33,214.15,360.33,214.15,0.2836,True,
sample_0110,MmCows,resnet_50,24,front_left_thai,196.49,261.61,196.49,261.61,0.3394,True,
sample_0110,MmCows,resnet_50,25,front_left_knee,125.39,153.49,125.39,153.49,0.0402,False,
sample_0110,MmCows,resnet_50,26,front_left_paw,118.5,199.71,118.5,199.71,0.0255,False,
sample_0110,MmCows,resnet_50,27,front_right_thai,190.55,113.17,190.55,113.17,0.2784,True,
sample_0110,MmCows,resnet_50,28,front_right_knee,179.76,130.51,179.76,130.51,0.129,False,
sample_0110,MmCows,resnet_50,29,front_right_paw,114.62,165.7,114.62,165.7,0.0783,False,
sample_0110,MmCows,resnet_50,30,back_left_paw,114.73,75.44,114.73,75.44,0.081,False,
sample_0110,MmCows,resnet_50,31,back_left_thai,289.67,186.44,289.67,186.44,0.5848,True,
sample_0110,MmCows,resnet_50,32,back_right_thai,292.51,187.31,292.51,187.31,0.4221,True,
sample_0110,MmCows,resnet_50,33,back_left_knee,283.13,240.17,283.13,240.17,0.2531,True,
sample_0110,MmCows,resnet_50,34,back_right_knee,289.28,240.67,289.28,240.67,0.2142,True,
sample_0110,MmCows,resnet_50,35,back_right_paw,336.66,223.44,336.66,223.44,0.3993,True,
sample_0110,MmCows,resnet_50,36,belly_bottom,259.06,185.94,259.06,185.94,0.2592,True,
sample_0110,MmCows,resnet_50,37,body_middle_right,261.4,139.7,261.4,139.7,0.1971,False,
sample_0110,MmCows,resnet_50,38,body_middle_left,260.86,147.44,260.86,147.44,0.2372,True,
sample_0111,MmCows,resnet_50,0,nose,515.68,344.02,516.68,344.02,0.7353,True,
sample_0111,MmCows,resnet_50,1,upper_jaw,514.97,350.06,515.97,350.06,0.6335,True,
sample_0111,MmCows,resnet_50,2,lower_jaw,506.23,355.0,507.23,355.0,0.5225,True,
sample_0111,MmCows,resnet_50,3,mouth_end_right,494.94,356.51,495.94,356.51,0.5222,True,
sample_0111,MmCows,resnet_50,4,mouth_end_left,523.04,348.18,524.04,348.18,0.4235,True,
sample_0111,MmCows,resnet_50,5,right_eye,493.51,329.79,494.51,329.79,0.8744,True,
sample_0111,MmCows,resnet_50,6,right_earbase,448.93,307.2,449.93,307.2,0.4265,True,
sample_0111,MmCows,resnet_50,7,right_earend,457.85,260.84,458.85,260.84,0.1546,False,
sample_0111,MmCows,resnet_50,8,right_antler_base,487.32,280.32,488.32,280.32,0.4743,True,
sample_0111,MmCows,resnet_50,9,right_antler_end,182.68,277.35,183.68,277.35,0.3357,True,
sample_0111,MmCows,resnet_50,10,left_eye,523.67,316.45,524.67,316.45,0.9081,True,
sample_0111,MmCows,resnet_50,11,left_earbase,529.25,287.73,530.25,287.73,0.6327,True,
sample_0111,MmCows,resnet_50,12,left_earend,531.14,269.2,532.14,269.2,0.3264,True,
sample_0111,MmCows,resnet_50,13,left_antler_base,523.31,286.53,524.31,286.53,0.7389,True,
sample_0111,MmCows,resnet_50,14,left_antler_end,548.27,279.43,549.27,279.43,0.4233,True,
sample_0111,MmCows,resnet_50,15,neck_base,445.34,268.13,446.34,268.13,0.6305,True,
sample_0111,MmCows,resnet_50,16,neck_end,464.27,236.29,465.27,236.29,0.6402,True,
sample_0111,MmCows,resnet_50,17,throat_base,449.37,359.46,450.37,359.46,0.1838,False,
sample_0111,MmCows,resnet_50,18,throat_end,424.82,328.78,425.82,328.78,0.2153,True,
sample_0111,MmCows,resnet_50,19,back_base,456.3,229.91,457.3,229.91,0.7443,True,
sample_0111,MmCows,resnet_50,20,back_end,365.66,120.65,366.66,120.65,0.0872,False,
sample_0111,MmCows,resnet_50,21,back_middle,327.06,221.03,328.06,221.03,0.1241,False,
sample_0111,MmCows,resnet_50,22,tail_base,364.54,128.7,365.54,128.7,0.1683,False,
sample_0111,MmCows,resnet_50,23,tail_end,178.39,275.1,179.39,275.1,0.3546,True,
sample_0111,MmCows,resnet_50,24,front_left_thai,467.77,227.87,468.77,227.87,0.2978,True,
sample_0111,MmCows,resnet_50,25,front_left_knee,402.15,351.7,403.15,351.7,0.0674,False,
sample_0111,MmCows,resnet_50,26,front_left_paw,510.33,347.93,511.33,347.93,0.1869,False,
sample_0111,MmCows,resnet_50,27,front_right_thai,359.25,285.31,360.25,285.31,0.2223,True,
sample_0111,MmCows,resnet_50,28,front_right_knee,400.72,344.23,401.72,344.23,0.3922,True,
sample_0111,MmCows,resnet_50,29,front_right_paw,415.27,345.98,416.27,345.98,0.4669,True,
sample_0111,MmCows,resnet_50,30,back_left_paw,371.12,114.99,372.12,114.99,0.3058,True,
sample_0111,MmCows,resnet_50,31,back_left_thai,334.55,299.32,335.55,299.32,0.286,True,
sample_0111,MmCows,resnet_50,32,back_right_thai,282.55,282.52,283.55,282.52,0.4043,True,
sample_0111,MmCows,resnet_50,33,back_left_knee,338.9,324.69,339.9,324.69,0.2316,True,
sample_0111,MmCows,resnet_50,34,back_right_knee,279.81,293.69,280.81,293.69,0.2566,True,
sample_0111,MmCows,resnet_50,35,back_right_paw,210.07,284.61,211.07,284.61,0.2069,True,
sample_0111,MmCows,resnet_50,36,belly_bottom,317.13,306.04,318.13,306.04,0.2056,True,
sample_0111,MmCows,resnet_50,37,body_middle_right,353.49,250.67,354.49,250.67,0.1892,False,
sample_0111,MmCows,resnet_50,38,body_middle_left,446.81,196.67,447.81,196.67,0.1794,False,
sample_0114,MmCows,resnet_50,0,nose,109.61,56.66,109.61,56.66,0.1656,False,
sample_0114,MmCows,resnet_50,1,upper_jaw,111.61,55.46,111.61,55.46,0.0911,False,
sample_0114,MmCows,resnet_50,2,lower_jaw,11.67,155.99,11.67,155.99,0.1123,False,
sample_0114,MmCows,resnet_50,3,mouth_end_right,110.83,60.61,110.83,60.61,0.1063,False,
sample_0114,MmCows,resnet_50,4,mouth_end_left,109.86,53.41,109.86,53.41,0.1148,False,
sample_0114,MmCows,resnet_50,5,right_eye,100.55,83.85,100.55,83.85,0.2901,True,
sample_0114,MmCows,resnet_50,6,right_earbase,100.36,87.23,100.36,87.23,0.4892,True,
sample_0114,MmCows,resnet_50,7,right_earend,96.92,85.63,96.92,85.63,0.3947,True,
sample_0114,MmCows,resnet_50,8,right_antler_base,97.49,79.18,97.49,79.18,0.3735,True,
sample_0114,MmCows,resnet_50,9,right_antler_end,114.23,59.86,114.23,59.86,0.2971,True,
sample_0114,MmCows,resnet_50,10,left_eye,96.94,88.89,96.94,88.89,0.0614,False,
sample_0114,MmCows,resnet_50,11,left_earbase,93.21,85.53,93.21,85.53,0.2016,True,
sample_0114,MmCows,resnet_50,12,left_earend,133.36,108.28,133.36,108.28,0.3616,True,
sample_0114,MmCows,resnet_50,13,left_antler_base,86.38,76.95,86.38,76.95,0.2748,True,
sample_0114,MmCows,resnet_50,14,left_antler_end,134.49,103.89,134.49,103.89,0.3272,True,
sample_0114,MmCows,resnet_50,15,neck_base,66.23,111.91,66.23,111.91,0.2156,True,
sample_0114,MmCows,resnet_50,16,neck_end,37.54,88.96,37.54,88.96,0.2318,True,
sample_0114,MmCows,resnet_50,17,throat_base,45.29,161.12,45.29,161.12,0.0785,False,
sample_0114,MmCows,resnet_50,18,throat_end,46.26,161.06,46.26,161.06,0.1429,False,
sample_0114,MmCows,resnet_50,19,back_base,35.19,85.1,35.19,85.1,0.3677,True,
sample_0114,MmCows,resnet_50,20,back_end,13.33,90.22,13.33,90.22,0.2416,True,
sample_0114,MmCows,resnet_50,21,back_middle,3.71,91.04,3.71,91.04,0.3093,True,
sample_0114,MmCows,resnet_50,22,tail_base,128.75,138.1,128.75,138.1,0.2275,True,
sample_0114,MmCows,resnet_50,23,tail_end,145.55,204.82,145.55,204.82,0.2065,True,
sample_0114,MmCows,resnet_50,24,front_left_thai,71.12,170.01,71.12,170.01,0.3151,True,
sample_0114,MmCows,resnet_50,25,front_left_knee,2.84,154.63,2.84,154.63,0.1924,False,
sample_0114,MmCows,resnet_50,26,front_left_paw,106.57,216.19,106.57,216.19,0.2387,True,
sample_0114,MmCows,resnet_50,27,front_right_thai,32.8,98.25,32.8,98.25,0.3988,True,
sample_0114,MmCows,resnet_50,28,front_right_knee,4.24,154.91,4.24,154.91,0.1967,False,
sample_0114,MmCows,resnet_50,29,front_right_paw,115.89,63.19,115.89,63.19,0.2135,True,
sample_0114,MmCows,resnet_50,30,back_left_paw,106.01,215.37,106.01,215.37,0.1106,False,
sample_0114,MmCows,resnet_50,31,back_left_thai,130.13,146.22,130.13,146.22,0.4042,True,
sample_0114,MmCows,resnet_50,32,back_right_thai,122.97,149.38,122.97,149.38,0.3379,True,
sample_0114,MmCows,resnet_50,33,back_left_knee,5.42,156.77,5.42,156.77,0.3476,True,
sample_0114,MmCows,resnet_50,34,back_right_knee,5.99,158.2,5.99,158.2,0.5681,True,
sample_0114,MmCows,resnet_50,35,back_right_paw,128.71,98.08,128.71,98.08,0.0907,False,
sample_0114,MmCows,resnet_50,36,belly_bottom,90.61,163.6,90.61,163.6,0.2343,True,
sample_0114,MmCows,resnet_50,37,body_middle_right,120.79,133.5,120.79,133.5,0.1882,False,
sample_0114,MmCows,resnet_50,38,body_middle_left,117.38,131.41,117.38,131.41,0.3064,True,
sample_0117,MmCows,resnet_50,0,nose,267.09,191.74,270.09,192.74,0.4189,True,
sample_0117,MmCows,resnet_50,1,upper_jaw,267.53,193.14,270.53,194.14,0.4283,True,
sample_0117,MmCows,resnet_50,2,lower_jaw,263.17,193.12,266.17,194.12,0.4346,True,
sample_0117,MmCows,resnet_50,3,mouth_end_right,256.92,193.6,259.92,194.6,0.3044,True,
sample_0117,MmCows,resnet_50,4,mouth_end_left,269.58,185.91,272.58,186.91,0.3329,True,
sample_0117,MmCows,resnet_50,5,right_eye,238.51,169.04,241.51,170.04,0.4408,True,
sample_0117,MmCows,resnet_50,6,right_earbase,232.92,149.61,235.92,150.61,0.3787,True,
sample_0117,MmCows,resnet_50,7,right_earend,240.31,132.23,243.31,133.23,0.326,True,
sample_0117,MmCows,resnet_50,8,right_antler_base,241.26,155.97,244.26,156.97,0.5065,True,
sample_0117,MmCows,resnet_50,9,right_antler_end,199.28,83.09,202.28,84.09,0.3575,True,
sample_0117,MmCows,resnet_50,10,left_eye,243.91,162.21,246.91,163.21,0.4154,True,
sample_0117,MmCows,resnet_50,11,left_earbase,248.39,151.21,251.39,152.21,0.328,True,
sample_0117,MmCows,resnet_50,12,left_earend,244.07,133.81,247.07,134.81,0.1744,False,
sample_0117,MmCows,resnet_50,13,left_antler_base,251.96,152.18,254.96,153.18,0.3351,True,
sample_0117,MmCows,resnet_50,14,left_antler_end,241.16,132.24,244.16,133.24,0.2818,True,
sample_0117,MmCows,resnet_50,15,neck_base,271.3,137.72,274.3,138.72,0.1285,False,
sample_0117,MmCows,resnet_50,16,neck_end,325.44,84.18,328.44,85.18,0.0535,False,
sample_0117,MmCows,resnet_50,17,throat_base,362.09,167.55,365.09,168.55,0.1109,False,
sample_0117,MmCows,resnet_50,18,throat_end,367.63,160.91,370.63,161.91,0.373,True,
sample_0117,MmCows,resnet_50,19,back_base,432.84,68.21,435.84,69.21,0.1192,False,
sample_0117,MmCows,resnet_50,20,back_end,432.17,68.57,435.17,69.57,0.5575,True,
sample_0117,MmCows,resnet_50,21,back_middle,363.24,72.93,366.24,73.93,0.3766,True,
sample_0117,MmCows,resnet_50,22,tail_base,438.29,71.06,441.29,72.06,0.8346,True,
sample_0117,MmCows,resnet_50,23,tail_end,202.18,85.52,205.18,86.52,0.1098,False,
sample_0117,MmCows,resnet_50,24,front_left_thai,408.07,162.94,411.07,163.94,0.6559,True,
sample_0117,MmCows,resnet_50,25,front_left_knee,391.11,203.37,394.11,204.37,0.4006,True,
sample_0117,MmCows,resnet_50,26,front_left_paw,387.68,262.58,390.68,263.58,0.4505,True,
sample_0117,MmCows,resnet_50,27,front_right_thai,349.65,158.13,352.65,159.13,0.2895,True,
sample_0117,MmCows,resnet_50,28,front_right_knee,284.63,163.19,287.63,164.19,0.2107,True,
sample_0117,MmCows,resnet_50,29,front_right_paw,252.48,162.06,255.48,163.06,0.2332,True,
sample_0117,MmCows,resnet_50,30,back_left_paw,386.63,253.09,389.63,254.09,0.2363,True,
sample_0117,MmCows,resnet_50,31,back_left_thai,420.72,170.39,423.72,171.39,0.3132,True,
sample_0117,MmCows,resnet_50,32,back_right_thai,301.21,111.62,304.21,112.62,0.3911,True,
sample_0117,MmCows,resnet_50,33,back_left_knee,349.65,160.78,352.65,161.78,0.1561,False,
sample_0117,MmCows,resnet_50,34,back_right_knee,280.56,164.43,283.56,165.43,0.1564,False,
sample_0117,MmCows,resnet_50,35,back_right_paw,235.51,134.88,238.51,135.88,0.1852,False,
sample_0117,MmCows,resnet_50,36,belly_bottom,358.84,161.68,361.84,162.68,0.1872,False,
sample_0117,MmCows,resnet_50,37,body_middle_right,440.08,115.54,443.08,116.54,0.1799,False,
sample_0117,MmCows,resnet_50,38,body_middle_left,431.2,115.27,434.2,116.27,0.4246,True,
sample_0119,MmCows,resnet_50,0,nose,18.49,99.82,18.49,99.82,0.1633,False,
sample_0119,MmCows,resnet_50,1,upper_jaw,75.36,101.84,75.36,101.84,0.0743,False,
sample_0119,MmCows,resnet_50,2,lower_jaw,71.9,191.47,71.9,191.47,0.0574,False,
sample_0119,MmCows,resnet_50,3,mouth_end_right,25.89,101.5,25.89,101.5,0.1172,False,
sample_0119,MmCows,resnet_50,4,mouth_end_left,26.5,104.3,26.5,104.3,0.1268,False,
sample_0119,MmCows,resnet_50,5,right_eye,18.43,102.0,18.43,102.0,0.155,False,
sample_0119,MmCows,resnet_50,6,right_earbase,65.11,77.96,65.11,77.96,0.2537,True,
sample_0119,MmCows,resnet_50,7,right_earend,115.1,175.83,115.1,175.83,0.1249,False,
sample_0119,MmCows,resnet_50,8,right_antler_base,62.95,80.37,62.95,80.37,0.185,False,
sample_0119,MmCows,resnet_50,9,right_antler_end,69.24,59.62,69.24,59.62,0.2959,True,
sample_0119,MmCows,resnet_50,10,left_eye,20.5,102.53,20.5,102.53,0.1664,False,
sample_0119,MmCows,resnet_50,11,left_earbase,62.95,77.01,62.95,77.01,0.1756,False,
sample_0119,MmCows,resnet_50,12,left_earend,23.56,103.59,23.56,103.59,0.1212,False,
sample_0119,MmCows,resnet_50,13,left_antler_base,60.69,79.11,60.69,79.11,0.2015,True,
sample_0119,MmCows,resnet_50,14,left_antler_end,70.74,57.19,70.74,57.19,0.293,True,
sample_0119,MmCows,resnet_50,15,neck_base,62.24,100.88,62.24,100.88,0.5319,True,
sample_0119,MmCows,resnet_50,16,neck_end,62.41,90.33,62.41,90.33,0.5041,True,
sample_0119,MmCows,resnet_50,17,throat_base,60.76,94.74,60.76,94.74,0.1005,False,
sample_0119,MmCows,resnet_50,18,throat_end,71.05,102.45,71.05,102.45,0.1652,False,
sample_0119,MmCows,resnet_50,19,back_base,62.63,89.92,62.63,89.92,0.6349,True,
sample_0119,MmCows,resnet_50,20,back_end,11.82,114.92,11.82,114.92,0.2216,True,
sample_0119,MmCows,resnet_50,21,back_middle,110.39,101.34,110.39,101.34,0.2143,True,
sample_0119,MmCows,resnet_50,22,tail_base,13.55,115.25,13.55,115.25,0.2873,True,
sample_0119,MmCows,resnet_50,23,tail_end,70.78,56.07,70.78,56.07,0.1551,False,
sample_0119,MmCows,resnet_50,24,front_left_thai,101.62,146.11,101.62,146.11,0.2545,True,
sample_0119,MmCows,resnet_50,25,front_left_knee,87.74,173.13,87.74,173.13,0.3705,True,
sample_0119,MmCows,resnet_50,26,front_left_paw,83.93,193.58,83.93,193.58,0.5078,True,
sample_0119,MmCows,resnet_50,27,front_right_thai,13.78,126.39,13.78,126.39,0.3492,True,
sample_0119,MmCows,resnet_50,28,front_right_knee,56.72,161.97,56.72,161.97,0.3834,True,
sample_0119,MmCows,resnet_50,29,front_right_paw,46.63,180.02,46.63,180.02,0.279,True,
sample_0119,MmCows,resnet_50,30,back_left_paw,27.58,179.82,27.58,179.82,0.5542,True,
sample_0119,MmCows,resnet_50,31,back_left_thai,14.86,120.95,14.86,120.95,0.1879,False,
sample_0119,MmCows,resnet_50,32,back_right_thai,18.08,120.44,18.08,120.44,0.1748,False,
sample_0119,MmCows,resnet_50,33,back_left_knee,17.28,141.74,17.28,141.74,0.4156,True,
sample_0119,MmCows,resnet_50,34,back_right_knee,15.74,142.22,15.74,142.22,0.3322,True,
sample_0119,MmCows,resnet_50,35,back_right_paw,26.87,179.65,26.87,179.65,0.4568,True,
sample_0119,MmCows,resnet_50,36,belly_bottom,37.67,143.58,37.67,143.58,0.3211,True,
sample_0119,MmCows,resnet_50,37,body_middle_right,64.27,117.54,64.27,117.54,0.2516,True,
sample_0119,MmCows,resnet_50,38,body_middle_left,62.33,123.03,62.33,123.03,0.182,False,
sample_0120,MmCows,resnet_50,0,nose,307.78,107.87,307.78,107.87,0.762,True,
sample_0120,MmCows,resnet_50,1,upper_jaw,304.7,111.61,304.7,111.61,0.7312,True,
sample_0120,MmCows,resnet_50,2,lower_jaw,298.99,111.94,298.99,111.94,0.6399,True,
sample_0120,MmCows,resnet_50,3,mouth_end_right,302.02,100.17,302.02,100.17,0.5555,True,
sample_0120,MmCows,resnet_50,4,mouth_end_left,313.01,111.23,313.01,111.23,0.565,True,
sample_0120,MmCows,resnet_50,5,right_eye,321.51,72.71,321.51,72.71,0.7925,True,
sample_0120,MmCows,resnet_50,6,right_earbase,310.96,41.6,310.96,41.6,0.5158,True,
sample_0120,MmCows,resnet_50,7,right_earend,302.48,32.03,302.48,32.03,0.1486,False,
sample_0120,MmCows,resnet_50,8,right_antler_base,316.44,56.32,316.44,56.32,0.5854,True,
sample_0120,MmCows,resnet_50,9,right_antler_end,338.99,39.97,338.99,39.97,0.2979,True,
sample_0120,MmCows,resnet_50,10,left_eye,325.33,76.56,325.33,76.56,0.8469,True,
sample_0120,MmCows,resnet_50,11,left_earbase,336.93,41.18,336.93,41.18,0.3204,True,
sample_0120,MmCows,resnet_50,12,left_earend,333.74,25.15,333.74,25.15,0.2717,True,
sample_0120,MmCows,resnet_50,13,left_antler_base,328.16,54.1,328.16,54.1,0.502,True,
sample_0120,MmCows,resnet_50,14,left_antler_end,345.35,36.83,345.35,36.83,0.593,True,
sample_0120,MmCows,resnet_50,15,neck_base,290.04,47.04,290.04,47.04,0.8331,True,
sample_0120,MmCows,resnet_50,16,neck_end,287.59,27.74,287.59,27.74,0.3377,True,
sample_0120,MmCows,resnet_50,17,throat_base,281.82,87.69,281.82,87.69,0.418,True,
sample_0120,MmCows,resnet_50,18,throat_end,283.27,89.53,283.27,89.53,0.4215,True,
sample_0120,MmCows,resnet_50,19,back_base,281.86,26.11,281.86,26.11,0.3694,True,
sample_0120,MmCows,resnet_50,20,back_end,80.58,26.47,80.58,26.47,0.6416,True,
sample_0120,MmCows,resnet_50,21,back_middle,169.08,17.05,169.08,17.05,0.6525,True,
sample_0120,MmCows,resnet_50,22,tail_base,73.38,35.71,73.38,35.71,0.6983,True,
sample_0120,MmCows,resnet_50,23,tail_end,62.13,108.54,62.13,108.54,0.0885,False,
sample_0120,MmCows,resnet_50,24,front_left_thai,250.2,69.25,250.2,69.25,0.4077,True,
sample_0120,MmCows,resnet_50,25,front_left_knee,210.95,102.85,210.95,102.85,0.1289,False,
sample_0120,MmCows,resnet_50,26,front_left_paw,77.89,118.32,77.89,118.32,0.1325,False,
sample_0120,MmCows,resnet_50,27,front_right_thai,262.08,72.23,262.08,72.23,0.5234,True,
sample_0120,MmCows,resnet_50,28,front_right_knee,218.08,105.69,218.08,105.69,0.2202,True,
sample_0120,MmCows,resnet_50,29,front_right_paw,286.67,96.66,286.67,96.66,0.1366,False,
sample_0120,MmCows,resnet_50,30,back_left_paw,71.81,112.67,71.81,112.67,0.2643,True,
sample_0120,MmCows,resnet_50,31,back_left_thai,90.41,72.04,90.41,72.04,0.5865,True,
sample_0120,MmCows,resnet_50,32,back_right_thai,97.16,76.02,97.16,76.02,0.8196,True,
sample_0120,MmCows,resnet_50,33,back_left_knee,71.45,107.37,71.45,107.37,0.4206,True,
sample_0120,MmCows,resnet_50,34,back_right_knee,70.93,105.77,70.93,105.77,0.3632,True,
sample_0120,MmCows,resnet_50,35,back_right_paw,67.75,110.69,67.75,110.69,0.2665,True,
sample_0120,MmCows,resnet_50,36,belly_bottom,167.01,91.61,167.01,91.61,0.3773,True,
sample_0120,MmCows,resnet_50,37,body_middle_right,185.52,55.99,185.52,55.99,0.2999,True,
sample_0120,MmCows,resnet_50,38,body_middle_left,185.01,51.42,185.01,51.42,0.3085,True,
sample_0122,MmCows,resnet_50,0,nose,397.0,169.58,413.0,181.58,0.5301,True,
sample_0122,MmCows,resnet_50,1,upper_jaw,399.72,178.18,415.72,190.18,0.6431,True,
sample_0122,MmCows,resnet_50,2,lower_jaw,393.08,182.72,409.08,194.72,0.6053,True,
sample_0122,MmCows,resnet_50,3,mouth_end_right,381.47,180.27,397.47,192.27,0.4114,True,
sample_0122,MmCows,resnet_50,4,mouth_end_left,405.39,164.84,421.39,176.84,0.628,True,
sample_0122,MmCows,resnet_50,5,right_eye,389.07,111.85,405.07,123.85,0.3516,True,
sample_0122,MmCows,resnet_50,6,right_earbase,325.98,121.0,341.98,133.0,0.1325,False,
sample_0122,MmCows,resnet_50,7,right_earend,290.71,184.75,306.71,196.75,0.381,True,
sample_0122,MmCows,resnet_50,8,right_antler_base,305.82,116.92,321.82,128.92,0.1358,False,
sample_0122,MmCows,resnet_50,9,right_antler_end,344.45,45.31,360.45,57.31,0.3696,True,
sample_0122,MmCows,resnet_50,10,left_eye,416.88,107.06,432.88,119.06,0.8397,True,
sample_0122,MmCows,resnet_50,11,left_earbase,382.57,33.14,398.57,45.14,0.2139,True,
sample_0122,MmCows,resnet_50,12,left_earend,388.32,23.21,404.32,35.21,0.3673,True,
sample_0122,MmCows,resnet_50,13,left_antler_base,399.79,44.32,415.79,56.32,0.2504,True,
sample_0122,MmCows,resnet_50,14,left_antler_end,394.88,18.29,410.88,30.29,0.4071,True,
sample_0122,MmCows,resnet_50,15,neck_base,67.48,176.96,83.48,188.96,0.2643,True,
sample_0122,MmCows,resnet_50,16,neck_end,223.1,69.1,239.1,81.1,0.121,False,
sample_0122,MmCows,resnet_50,17,throat_base,74.59,217.66,90.59,229.66,0.1012,False,
sample_0122,MmCows,resnet_50,18,throat_end,86.62,259.75,102.62,271.75,0.105,False,
sample_0122,MmCows,resnet_50,19,back_base,222.53,67.19,238.53,79.19,0.1618,False,
sample_0122,MmCows,resnet_50,20,back_end,40.7,34.06,56.7,46.06,0.8771,True,
sample_0122,MmCows,resnet_50,21,back_middle,159.13,34.2,175.13,46.2,0.3301,True,
sample_0122,MmCows,resnet_50,22,tail_base,28.4,44.91,44.4,56.91,1.0,True,
sample_0122,MmCows,resnet_50,23,tail_end,52.93,306.14,68.93,318.14,0.3773,True,
sample_0122,MmCows,resnet_50,24,front_left_thai,122.54,253.62,138.54,265.62,0.4998,True,
sample_0122,MmCows,resnet_50,25,front_left_knee,108.51,337.28,124.51,349.28,0.5291,True,
sample_0122,MmCows,resnet_50,26,front_left_paw,172.08,404.79,188.08,416.79,0.6767,True,
sample_0122,MmCows,resnet_50,27,front_right_thai,127.96,256.62,143.96,268.62,0.3492,True,
sample_0122,MmCows,resnet_50,28,front_right_knee,149.4,334.59,165.4,346.59,0.3517,True,
sample_0122,MmCows,resnet_50,29,front_right_paw,183.17,415.02,199.17,427.02,0.4004,True,
sample_0122,MmCows,resnet_50,30,back_left_paw,180.78,412.46,196.78,424.46,0.4658,True,
sample_0122,MmCows,resnet_50,31,back_left_thai,121.39,242.37,137.39,254.37,0.4923,True,
sample_0122,MmCows,resnet_50,32,back_right_thai,103.72,242.51,119.72,254.51,0.7564,True,
sample_0122,MmCows,resnet_50,33,back_left_knee,125.81,325.66,141.81,337.66,0.7097,True,
sample_0122,MmCows,resnet_50,34,back_right_knee,92.69,329.23,108.69,341.23,0.5581,True,
sample_0122,MmCows,resnet_50,35,back_right_paw,120.27,426.49,136.27,438.49,1.0,True,
sample_0122,MmCows,resnet_50,36,belly_bottom,202.27,283.53,218.27,295.53,0.5811,True,
sample_0122,MmCows,resnet_50,37,body_middle_right,194.5,201.42,210.5,213.42,0.4006,True,
sample_0122,MmCows,resnet_50,38,body_middle_left,212.8,196.43,228.8,208.43,0.2786,True,
sample_0123,MmCows,resnet_50,0,nose,343.31,114.92,347.31,121.92,0.265,True,
sample_0123,MmCows,resnet_50,1,upper_jaw,348.44,149.64,352.44,156.64,0.0811,False,
sample_0123,MmCows,resnet_50,2,lower_jaw,337.74,145.06,341.74,152.06,0.061,False,
sample_0123,MmCows,resnet_50,3,mouth_end_right,314.46,112.29,318.46,119.29,0.0852,False,
sample_0123,MmCows,resnet_50,4,mouth_end_left,320.37,100.45,324.37,107.45,0.1352,False,
sample_0123,MmCows,resnet_50,5,right_eye,319.08,323.19,323.08,330.19,0.2943,True,
sample_0123,MmCows,resnet_50,6,right_earbase,123.73,81.38,127.73,88.38,0.1436,False,
sample_0123,MmCows,resnet_50,7,right_earend,104.9,76.04,108.9,83.04,0.3275,True,
sample_0123,MmCows,resnet_50,8,right_antler_base,225.29,98.74,229.29,105.74,0.121,False,
sample_0123,MmCows,resnet_50,9,right_antler_end,176.43,358.09,180.43,365.09,0.1158,False,
sample_0123,MmCows,resnet_50,10,left_eye,325.82,314.98,329.82,321.98,0.2401,True,
sample_0123,MmCows,resnet_50,11,left_earbase,31.35,41.94,35.35,48.94,0.0542,False,
sample_0123,MmCows,resnet_50,12,left_earend,273.81,215.75,277.81,222.75,0.1092,False,
sample_0123,MmCows,resnet_50,13,left_antler_base,310.36,105.21,314.36,112.21,0.0769,False,
sample_0123,MmCows,resnet_50,14,left_antler_end,330.63,119.65,334.63,126.65,0.1779,False,
sample_0123,MmCows,resnet_50,15,neck_base,84.4,127.02,88.4,134.02,0.4978,True,
sample_0123,MmCows,resnet_50,16,neck_end,76.59,46.56,80.59,53.56,0.1611,False,
sample_0123,MmCows,resnet_50,17,throat_base,126.01,285.88,130.01,292.88,0.058,False,
sample_0123,MmCows,resnet_50,18,throat_end,78.64,237.19,82.64,244.19,0.0824,False,
sample_0123,MmCows,resnet_50,19,back_base,315.32,89.1,319.32,96.1,0.1773,False,
sample_0123,MmCows,resnet_50,20,back_end,46.02,26.41,50.02,33.41,0.7024,True,
sample_0123,MmCows,resnet_50,21,back_middle,150.43,44.87,154.43,51.87,0.4038,True,
sample_0123,MmCows,resnet_50,22,tail_base,40.3,29.35,44.3,36.35,0.8046,True,
sample_0123,MmCows,resnet_50,23,tail_end,196.04,170.09,200.04,177.09,0.1541,False,
sample_0123,MmCows,resnet_50,24,front_left_thai,101.17,274.86,105.17,281.86,0.499,True,
sample_0123,MmCows,resnet_50,25,front_left_knee,96.69,367.96,100.69,374.96,0.3833,True,
sample_0123,MmCows,resnet_50,26,front_left_paw,203.97,481.26,207.97,488.26,0.1937,False,
sample_0123,MmCows,resnet_50,27,front_right_thai,101.77,279.9,105.77,286.9,0.6321,True,
sample_0123,MmCows,resnet_50,28,front_right_knee,176.03,402.8,180.03,409.8,0.4368,True,
sample_0123,MmCows,resnet_50,29,front_right_paw,197.62,484.58,201.62,491.58,0.4682,True,
sample_0123,MmCows,resnet_50,30,back_left_paw,203.34,476.93,207.34,483.93,0.6367,True,
sample_0123,MmCows,resnet_50,31,back_left_thai,112.17,269.35,116.17,276.35,0.5394,True,
sample_0123,MmCows,resnet_50,32,back_right_thai,86.62,273.78,90.62,280.78,0.702,True,
sample_0123,MmCows,resnet_50,33,back_left_knee,101.84,364.75,105.84,371.75,0.5169,True,
sample_0123,MmCows,resnet_50,34,back_right_knee,93.06,377.32,97.06,384.32,0.6883,True,
sample_0123,MmCows,resnet_50,35,back_right_paw,109.86,489.24,113.86,496.24,0.9264,True,
sample_0123,MmCows,resnet_50,36,belly_bottom,179.42,372.19,183.42,379.19,0.2173,True,
sample_0123,MmCows,resnet_50,37,body_middle_right,67.17,213.34,71.17,220.34,0.1275,False,
sample_0123,MmCows,resnet_50,38,body_middle_left,308.87,134.86,312.87,141.86,0.2427,True,
sample_0124,MmCows,resnet_50,0,nose,262.96,146.42,262.96,169.42,0.4942,True,
sample_0124,MmCows,resnet_50,1,upper_jaw,268.63,159.13,268.63,182.13,0.3019,True,
sample_0124,MmCows,resnet_50,2,lower_jaw,263.64,161.38,263.64,184.38,0.1636,False,
sample_0124,MmCows,resnet_50,3,mouth_end_right,247.42,159.27,247.42,182.27,0.235,True,
sample_0124,MmCows,resnet_50,4,mouth_end_left,284.08,151.19,284.08,174.19,0.2713,True,
sample_0124,MmCows,resnet_50,5,right_eye,210.52,114.99,210.52,137.99,0.5763,True,
sample_0124,MmCows,resnet_50,6,right_earbase,165.37,95.89,165.37,118.89,0.4234,True,
sample_0124,MmCows,resnet_50,7,right_earend,189.2,147.59,189.2,170.59,0.3692,True,
sample_0124,MmCows,resnet_50,8,right_antler_base,170.24,72.52,170.24,95.52,0.3639,True,
sample_0124,MmCows,resnet_50,9,right_antler_end,153.58,66.66,153.58,89.66,0.1992,False,
sample_0124,MmCows,resnet_50,10,left_eye,288.7,99.14,288.7,122.14,0.594,True,
sample_0124,MmCows,resnet_50,11,left_earbase,277.17,61.75,277.17,84.75,0.568,True,
sample_0124,MmCows,resnet_50,12,left_earend,256.09,40.87,256.09,63.87,0.227,True,
sample_0124,MmCows,resnet_50,13,left_antler_base,267.61,64.38,267.61,87.38,0.5067,True,
sample_0124,MmCows,resnet_50,14,left_antler_end,261.77,46.14,261.77,69.14,0.2082,True,
sample_0124,MmCows,resnet_50,15,neck_base,219.09,77.19,219.09,100.19,0.4005,True,
sample_0124,MmCows,resnet_50,16,neck_end,210.36,62.1,210.36,85.1,0.3274,True,
sample_0124,MmCows,resnet_50,17,throat_base,254.28,170.0,254.28,193.0,0.2309,True,
sample_0124,MmCows,resnet_50,18,throat_end,256.21,175.49,256.21,198.49,0.175,False,
sample_0124,MmCows,resnet_50,19,back_base,210.43,60.95,210.43,83.95,0.192,False,
sample_0124,MmCows,resnet_50,20,back_end,142.47,67.44,142.47,90.44,0.1332,False,
sample_0124,MmCows,resnet_50,21,back_middle,152.29,68.71,152.29,91.71,0.1271,False,
sample_0124,MmCows,resnet_50,22,tail_base,146.75,69.11,146.75,92.11,0.1222,False,
sample_0124,MmCows,resnet_50,23,tail_end,148.37,216.27,148.37,239.27,0.173,False,
sample_0124,MmCows,resnet_50,24,front_left_thai,256.89,201.93,256.89,224.93,0.4912,True,
sample_0124,MmCows,resnet_50,25,front_left_knee,295.92,236.97,295.92,259.97,0.3183,True,
sample_0124,MmCows,resnet_50,26,front_left_paw,268.27,333.61,268.27,356.61,0.3537,True,
sample_0124,MmCows,resnet_50,27,front_right_thai,224.17,197.26,224.17,220.26,0.7031,True,
sample_0124,MmCows,resnet_50,28,front_right_knee,233.26,269.91,233.26,292.91,0.6483,True,
sample_0124,MmCows,resnet_50,29,front_right_paw,269.22,336.43,269.22,359.43,0.7277,True,
sample_0124,MmCows,resnet_50,30,back_left_paw,304.65,244.8,304.65,267.8,0.3247,True,
sample_0124,MmCows,resnet_50,31,back_left_thai,288.36,207.25,288.36,230.25,0.4082,True,
sample_0124,MmCows,resnet_50,32,back_right_thai,206.97,195.71,206.97,218.71,0.3758,True,
sample_0124,MmCows,resnet_50,33,back_left_knee,296.78,234.21,296.78,257.21,0.5639,True,
sample_0124,MmCows,resnet_50,34,back_right_knee,227.99,268.08,227.99,291.08,0.4639,True,
sample_0124,MmCows,resnet_50,35,back_right_paw,211.87,268.33,211.87,291.33,0.4071,True,
sample_0124,MmCows,resnet_50,36,belly_bottom,350.17,216.4,350.17,239.4,0.2341,True,
sample_0124,MmCows,resnet_50,37,body_middle_right,159.8,158.1,159.8,181.1,0.3091,True,
sample_0124,MmCows,resnet_50,38,body_middle_left,354.56,177.98,354.56,200.98,0.1464,False,
sample_0125,MmCows,resnet_50,0,nose,855.96,447.33,859.96,447.33,0.7549,True,
sample_0125,MmCows,resnet_50,1,upper_jaw,851.35,451.26,855.35,451.26,0.7742,True,
sample_0125,MmCows,resnet_50,2,lower_jaw,836.55,454.76,840.55,454.76,0.6437,True,
sample_0125,MmCows,resnet_50,3,mouth_end_right,847.76,436.54,851.76,436.54,0.5773,True,
sample_0125,MmCows,resnet_50,4,mouth_end_left,857.79,445.4,861.79,445.4,0.6238,True,
sample_0125,MmCows,resnet_50,5,right_eye,876.48,387.4,880.48,387.4,0.8049,True,
sample_0125,MmCows,resnet_50,6,right_earbase,855.47,328.64,859.47,328.64,0.7618,True,
sample_0125,MmCows,resnet_50,7,right_earend,870.15,299.43,874.15,299.43,0.5927,True,
sample_0125,MmCows,resnet_50,8,right_antler_base,867.16,337.52,871.16,337.52,0.6795,True,
sample_0125,MmCows,resnet_50,9,right_antler_end,875.08,330.89,879.08,330.89,0.3291,True,
sample_0125,MmCows,resnet_50,10,left_eye,885.64,391.9,889.64,391.9,0.8355,True,
sample_0125,MmCows,resnet_50,11,left_earbase,887.22,306.04,891.22,306.04,0.6004,True,
sample_0125,MmCows,resnet_50,12,left_earend,892.22,281.67,896.22,281.67,0.628,True,
sample_0125,MmCows,resnet_50,13,left_antler_base,886.67,301.79,890.67,301.79,0.593,True,
sample_0125,MmCows,resnet_50,14,left_antler_end,892.42,309.32,896.42,309.32,0.4876,True,
sample_0125,MmCows,resnet_50,15,neck_base,797.04,287.03,801.04,287.03,0.7474,True,
sample_0125,MmCows,resnet_50,16,neck_end,786.13,245.53,790.13,245.53,0.6031,True,
sample_0125,MmCows,resnet_50,17,throat_base,780.64,355.11,784.64,355.11,0.5905,True,
sample_0125,MmCows,resnet_50,18,throat_end,762.07,347.83,766.07,347.83,0.7222,True,
sample_0125,MmCows,resnet_50,19,back_base,775.2,233.5,779.2,233.5,0.5616,True,
sample_0125,MmCows,resnet_50,20,back_end,647.94,84.45,651.94,84.45,0.5465,True,
sample_0125,MmCows,resnet_50,21,back_middle,633.27,95.35,637.27,95.35,0.3759,True,
sample_0125,MmCows,resnet_50,22,tail_base,648.13,81.53,652.13,81.53,0.5907,True,
sample_0125,MmCows,resnet_50,23,tail_end,863.84,555.52,867.84,555.52,0.2106,True,
sample_0125,MmCows,resnet_50,24,front_left_thai,755.92,325.07,759.92,325.07,0.4652,True,
sample_0125,MmCows,resnet_50,25,front_left_knee,854.29,468.49,858.29,468.49,0.1697,False,
sample_0125,MmCows,resnet_50,26,front_left_paw,554.13,534.99,558.13,534.99,0.5753,True,
sample_0125,MmCows,resnet_50,27,front_right_thai,739.2,327.68,743.2,327.68,0.4268,True,
sample_0125,MmCows,resnet_50,28,front_right_knee,572.74,417.04,576.74,417.04,0.1396,False,
sample_0125,MmCows,resnet_50,29,front_right_paw,554.99,548.02,558.99,548.02,0.3205,True,
sample_0125,MmCows,resnet_50,30,back_left_paw,566.09,536.7,570.09,536.7,0.6009,True,
sample_0125,MmCows,resnet_50,31,back_left_thai,572.73,345.12,576.73,345.12,0.6504,True,
sample_0125,MmCows,resnet_50,32,back_right_thai,575.95,350.49,579.95,350.49,0.6333,True,
sample_0125,MmCows,resnet_50,33,back_left_knee,566.75,418.49,570.75,418.49,0.7113,True,
sample_0125,MmCows,resnet_50,34,back_right_knee,571.47,420.33,575.47,420.33,0.7978,True,
sample_0125,MmCows,resnet_50,35,back_right_paw,551.3,542.44,555.3,542.44,0.3985,True,
sample_0125,MmCows,resnet_50,36,belly_bottom,667.23,327.32,671.23,327.32,0.412,True,
sample_0125,MmCows,resnet_50,37,body_middle_right,674.93,244.22,678.93,244.22,0.3544,True,
sample_0125,MmCows,resnet_50,38,body_middle_left,686.22,227.64,690.22,227.64,0.28,True,
sample_0126,MmCows,resnet_50,0,nose,925.95,304.01,925.95,304.01,0.7785,True,
sample_0126,MmCows,resnet_50,1,upper_jaw,923.1,322.93,923.1,322.93,0.9952,True,
sample_0126,MmCows,resnet_50,2,lower_jaw,901.62,327.03,901.62,327.03,0.8399,True,
sample_0126,MmCows,resnet_50,3,mouth_end_right,893.97,313.74,893.97,313.74,0.7052,True,
sample_0126,MmCows,resnet_50,4,mouth_end_left,907.24,309.98,907.24,309.98,0.8366,True,
sample_0126,MmCows,resnet_50,5,right_eye,888.72,256.57,888.72,256.57,0.8175,True,
sample_0126,MmCows,resnet_50,6,right_earbase,837.31,221.28,837.31,221.28,0.5976,True,
sample_0126,MmCows,resnet_50,7,right_earend,848.68,225.76,848.68,225.76,0.2877,True,
sample_0126,MmCows,resnet_50,8,right_antler_base,852.48,217.52,852.48,217.52,0.8065,True,
sample_0126,MmCows,resnet_50,9,right_antler_end,869.59,179.65,869.59,179.65,0.3334,True,
sample_0126,MmCows,resnet_50,10,left_eye,891.71,255.05,891.71,255.05,0.7575,True,
sample_0126,MmCows,resnet_50,11,left_earbase,830.75,178.84,830.75,178.84,0.4821,True,
sample_0126,MmCows,resnet_50,12,left_earend,817.16,161.26,817.16,161.26,0.3269,True,
sample_0126,MmCows,resnet_50,13,left_antler_base,883.33,219.23,883.33,219.23,0.6204,True,
sample_0126,MmCows,resnet_50,14,left_antler_end,848.8,194.51,848.8,194.51,0.3523,True,
sample_0126,MmCows,resnet_50,15,neck_base,652.11,216.93,652.11,216.93,0.8269,True,
sample_0126,MmCows,resnet_50,16,neck_end,654.5,149.19,654.5,149.19,0.4444,True,
sample_0126,MmCows,resnet_50,17,throat_base,694.9,305.71,694.9,305.71,0.466,True,
sample_0126,MmCows,resnet_50,18,throat_end,613.39,315.19,613.39,315.19,0.7045,True,
sample_0126,MmCows,resnet_50,19,back_base,646.63,138.75,646.63,138.75,0.4143,True,
sample_0126,MmCows,resnet_50,20,back_end,228.41,56.49,228.41,56.49,0.0988,False,
sample_0126,MmCows,resnet_50,21,back_middle,432.96,69.91,432.96,69.91,0.5508,True,
sample_0126,MmCows,resnet_50,22,tail_base,207.93,61.05,207.93,61.05,0.042,False,
sample_0126,MmCows,resnet_50,23,tail_end,232.39,280.74,232.39,280.74,0.305,True,
sample_0126,MmCows,resnet_50,24,front_left_thai,543.52,312.99,543.52,312.99,0.5632,True,
sample_0126,MmCows,resnet_50,25,front_left_knee,481.22,383.07,481.22,383.07,0.5498,True,
sample_0126,MmCows,resnet_50,26,front_left_paw,757.13,453.8,757.13,453.8,0.3778,True,
sample_0126,MmCows,resnet_50,27,front_right_thai,502.75,301.44,502.75,301.44,0.9317,True,
sample_0126,MmCows,resnet_50,28,front_right_knee,476.49,397.73,476.49,397.73,0.8165,True,
sample_0126,MmCows,resnet_50,29,front_right_paw,452.03,512.59,452.03,512.59,1.0,True,
sample_0126,MmCows,resnet_50,30,back_left_paw,371.42,392.17,371.42,392.17,0.7915,True,
sample_0126,MmCows,resnet_50,31,back_left_thai,370.79,273.18,370.79,273.18,0.6832,True,
sample_0126,MmCows,resnet_50,32,back_right_thai,352.48,266.39,352.48,266.39,0.4793,True,
sample_0126,MmCows,resnet_50,33,back_left_knee,364.9,351.24,364.9,351.24,0.7135,True,
sample_0126,MmCows,resnet_50,34,back_right_knee,358.39,333.37,358.39,333.37,0.6343,True,
sample_0126,MmCows,resnet_50,35,back_right_paw,361.53,391.9,361.53,391.9,0.5996,True,
sample_0126,MmCows,resnet_50,36,belly_bottom,411.12,300.35,411.12,300.35,0.6105,True,
sample_0126,MmCows,resnet_50,37,body_middle_right,403.6,204.94,403.6,204.94,0.2011,True,
sample_0126,MmCows,resnet_50,38,body_middle_left,461.35,193.11,461.35,193.11,0.1351,False,
sample_0128,MmCows,resnet_50,0,nose,456.13,243.88,456.13,243.88,0.7796,True,
sample_0128,MmCows,resnet_50,1,upper_jaw,458.56,249.67,458.56,249.67,0.6775,True,
sample_0128,MmCows,resnet_50,2,lower_jaw,461.2,245.06,461.2,245.06,0.5784,True,
sample_0128,MmCows,resnet_50,3,mouth_end_right,446.11,243.14,446.11,243.14,0.4535,True,
sample_0128,MmCows,resnet_50,4,mouth_end_left,459.3,239.13,459.3,239.13,0.4798,True,
sample_0128,MmCows,resnet_50,5,right_eye,444.73,220.94,444.73,220.94,0.3211,True,
sample_0128,MmCows,resnet_50,6,right_earbase,239.66,53.58,239.66,53.58,0.2831,True,
sample_0128,MmCows,resnet_50,7,right_earend,233.87,51.79,233.87,51.79,0.3244,True,
sample_0128,MmCows,resnet_50,8,right_antler_base,240.88,56.73,240.88,56.73,0.2546,True,
sample_0128,MmCows,resnet_50,9,right_antler_end,463.98,233.47,463.98,233.47,0.2163,True,
sample_0128,MmCows,resnet_50,10,left_eye,459.27,213.3,459.27,213.3,0.336,True,
sample_0128,MmCows,resnet_50,11,left_earbase,232.42,54.63,232.42,54.63,0.1814,False,
sample_0128,MmCows,resnet_50,12,left_earend,227.33,53.78,227.33,53.78,0.2505,True,
sample_0128,MmCows,resnet_50,13,left_antler_base,232.64,55.41,232.64,55.41,0.1548,False,
sample_0128,MmCows,resnet_50,14,left_antler_end,223.62,52.32,223.62,52.32,0.208,True,
sample_0128,MmCows,resnet_50,15,neck_base,245.56,80.48,245.56,80.48,0.4343,True,
sample_0128,MmCows,resnet_50,16,neck_end,239.78,67.59,239.78,67.59,0.125,False,
sample_0128,MmCows,resnet_50,17,throat_base,370.29,246.83,370.29,246.83,0.248,True,
sample_0128,MmCows,resnet_50,18,throat_end,397.7,228.97,397.7,228.97,0.1656,False,
sample_0128,MmCows,resnet_50,19,back_base,483.11,36.96,483.11,36.96,0.1937,False,
sample_0128,MmCows,resnet_50,20,back_end,482.56,42.29,482.56,42.29,0.5838,True,
sample_0128,MmCows,resnet_50,21,back_middle,473.11,35.02,473.11,35.02,0.0788,False,
sample_0128,MmCows,resnet_50,22,tail_base,489.67,49.17,489.67,49.17,0.6427,True,
sample_0128,MmCows,resnet_50,23,tail_end,228.98,37.67,228.98,37.67,0.0768,False,
sample_0128,MmCows,resnet_50,24,front_left_thai,403.15,179.42,403.15,179.42,0.4107,True,
sample_0128,MmCows,resnet_50,25,front_left_knee,380.21,275.36,380.21,275.36,0.2842,True,
sample_0128,MmCows,resnet_50,26,front_left_paw,395.31,294.34,395.31,294.34,0.2745,True,
sample_0128,MmCows,resnet_50,27,front_right_thai,405.92,160.63,405.92,160.63,0.198,False,
sample_0128,MmCows,resnet_50,28,front_right_knee,427.45,215.38,427.45,215.38,0.3529,True,
sample_0128,MmCows,resnet_50,29,front_right_paw,392.63,295.89,392.63,295.89,0.4919,True,
sample_0128,MmCows,resnet_50,30,back_left_paw,456.94,243.22,456.94,243.22,0.5135,True,
sample_0128,MmCows,resnet_50,31,back_left_thai,468.79,150.69,468.79,150.69,0.7131,True,
sample_0128,MmCows,resnet_50,32,back_right_thai,477.11,150.69,477.11,150.69,0.5834,True,
sample_0128,MmCows,resnet_50,33,back_left_knee,492.36,202.97,492.36,202.97,0.5386,True,
sample_0128,MmCows,resnet_50,34,back_right_knee,497.9,198.2,497.9,198.2,0.3406,True,
sample_0128,MmCows,resnet_50,35,back_right_paw,459.43,249.37,459.43,249.37,0.4694,True,
sample_0128,MmCows,resnet_50,36,belly_bottom,365.87,254.37,365.87,254.37,0.2526,True,
sample_0128,MmCows,resnet_50,37,body_middle_right,371.53,134.35,371.53,134.35,0.2143,True,
sample_0128,MmCows,resnet_50,38,body_middle_left,382.54,114.19,382.54,114.19,0.3236,True,
sample_0130,MmCows,resnet_50,0,nose,112.97,155.88,275.97,172.88,0.337,True,
sample_0130,MmCows,resnet_50,1,upper_jaw,108.52,155.12,271.52,172.12,0.1268,False,
sample_0130,MmCows,resnet_50,2,lower_jaw,89.26,160.68,252.26,177.68,0.0953,False,
sample_0130,MmCows,resnet_50,3,mouth_end_right,103.85,147.71,266.85,164.71,0.2741,True,
sample_0130,MmCows,resnet_50,4,mouth_end_left,108.76,144.18,271.76,161.18,0.2434,True,
sample_0130,MmCows,resnet_50,5,right_eye,93.89,134.77,256.89,151.77,0.2907,True,
sample_0130,MmCows,resnet_50,6,right_earbase,53.78,72.14,216.78,89.14,0.1796,False,
sample_0130,MmCows,resnet_50,7,right_earend,112.43,152.43,275.43,169.43,0.1948,False,
sample_0130,MmCows,resnet_50,8,right_antler_base,53.6,74.96,216.6,91.96,0.1645,False,
sample_0130,MmCows,resnet_50,9,right_antler_end,58.71,70.88,221.71,87.88,0.3799,True,
sample_0130,MmCows,resnet_50,10,left_eye,94.74,134.73,257.74,151.73,0.2893,True,
sample_0130,MmCows,resnet_50,11,left_earbase,54.47,74.14,217.47,91.14,0.1568,False,
sample_0130,MmCows,resnet_50,12,left_earend,53.91,69.73,216.91,86.73,0.1824,False,
sample_0130,MmCows,resnet_50,13,left_antler_base,52.74,72.33,215.74,89.33,0.1153,False,
sample_0130,MmCows,resnet_50,14,left_antler_end,54.58,69.17,217.58,86.17,0.2672,True,
sample_0130,MmCows,resnet_50,15,neck_base,91.56,128.66,254.56,145.66,0.3051,True,
sample_0130,MmCows,resnet_50,16,neck_end,37.3,82.53,200.3,99.53,0.3041,True,
sample_0130,MmCows,resnet_50,17,throat_base,102.16,155.9,265.16,172.9,0.0975,False,
sample_0130,MmCows,resnet_50,18,throat_end,100.54,155.49,263.54,172.49,0.0793,False,
sample_0130,MmCows,resnet_50,19,back_base,50.11,92.01,213.11,109.01,0.3147,True,
sample_0130,MmCows,resnet_50,20,back_end,105.75,147.28,268.75,164.28,0.5129,True,
sample_0130,MmCows,resnet_50,21,back_middle,83.4,106.07,246.4,123.07,0.2145,True,
sample_0130,MmCows,resnet_50,22,tail_base,110.2,155.87,273.2,172.87,0.6067,True,
sample_0130,MmCows,resnet_50,23,tail_end,113.29,161.76,276.29,178.76,0.5209,True,
sample_0130,MmCows,resnet_50,24,front_left_thai,111.61,155.27,274.61,172.27,0.1488,False,
sample_0130,MmCows,resnet_50,25,front_left_knee,16.2,155.91,179.2,172.91,0.2234,True,
sample_0130,MmCows,resnet_50,26,front_left_paw,108.43,151.39,271.43,168.39,0.1755,False,
sample_0130,MmCows,resnet_50,27,front_right_thai,80.87,140.85,243.87,157.85,0.3784,True,
sample_0130,MmCows,resnet_50,28,front_right_knee,14.3,152.24,177.3,169.24,0.5366,True,
sample_0130,MmCows,resnet_50,29,front_right_paw,56.52,70.47,219.52,87.47,0.4803,True,
sample_0130,MmCows,resnet_50,30,back_left_paw,77.06,162.5,240.06,179.5,0.0742,False,
sample_0130,MmCows,resnet_50,31,back_left_thai,44.11,160.58,207.11,177.58,0.2138,True,
sample_0130,MmCows,resnet_50,32,back_right_thai,94.11,136.63,257.11,153.63,0.3124,True,
sample_0130,MmCows,resnet_50,33,back_left_knee,90.07,144.31,253.07,161.31,0.1356,False,
sample_0130,MmCows,resnet_50,34,back_right_knee,97.88,138.44,260.88,155.44,0.1519,False,
sample_0130,MmCows,resnet_50,35,back_right_paw,95.04,137.23,258.04,154.23,0.0879,False,
sample_0130,MmCows,resnet_50,36,belly_bottom,56.32,138.56,219.32,155.56,0.0804,False,
sample_0130,MmCows,resnet_50,37,body_middle_right,86.86,122.14,249.86,139.14,0.2364,True,
sample_0130,MmCows,resnet_50,38,body_middle_left,80.93,112.42,243.93,129.42,0.2247,True,
sample_0131,MmCows,resnet_50,0,nose,382.68,198.86,382.68,214.86,0.7844,True,
sample_0131,MmCows,resnet_50,1,upper_jaw,378.33,211.22,378.33,227.22,0.5082,True,
sample_0131,MmCows,resnet_50,2,lower_jaw,373.51,216.36,373.51,232.36,0.3924,True,
sample_0131,MmCows,resnet_50,3,mouth_end_right,371.42,212.31,371.42,228.31,0.1971,False,
sample_0131,MmCows,resnet_50,4,mouth_end_left,380.94,212.24,380.94,228.24,0.2178,True,
sample_0131,MmCows,resnet_50,5,right_eye,343.89,162.03,343.89,178.03,0.4161,True,
sample_0131,MmCows,resnet_50,6,right_earbase,318.41,96.56,318.41,112.56,0.2996,True,
sample_0131,MmCows,resnet_50,7,right_earend,311.83,130.77,311.83,146.77,0.3326,True,
sample_0131,MmCows,resnet_50,8,right_antler_base,325.79,98.86,325.79,114.86,0.3029,True,
sample_0131,MmCows,resnet_50,9,right_antler_end,311.62,103.33,311.62,119.33,0.2257,True,
sample_0131,MmCows,resnet_50,10,left_eye,355.08,147.92,355.08,163.92,0.4459,True,
sample_0131,MmCows,resnet_50,11,left_earbase,324.8,94.59,324.8,110.59,0.4158,True,
sample_0131,MmCows,resnet_50,12,left_earend,366.38,126.89,366.38,142.89,0.2433,True,
sample_0131,MmCows,resnet_50,13,left_antler_base,327.25,91.61,327.25,107.61,0.3605,True,
sample_0131,MmCows,resnet_50,14,left_antler_end,338.19,96.3,338.19,112.3,0.2894,True,
sample_0131,MmCows,resnet_50,15,neck_base,308.92,90.61,308.92,106.61,0.821,True,
sample_0131,MmCows,resnet_50,16,neck_end,308.41,72.67,308.41,88.67,0.4558,True,
sample_0131,MmCows,resnet_50,17,throat_base,296.83,138.6,296.83,154.6,0.3599,True,
sample_0131,MmCows,resnet_50,18,throat_end,301.89,159.71,301.89,175.71,0.2929,True,
sample_0131,MmCows,resnet_50,19,back_base,311.27,66.9,311.27,82.9,0.4067,True,
sample_0131,MmCows,resnet_50,20,back_end,188.4,17.58,188.4,33.58,0.3709,True,
sample_0131,MmCows,resnet_50,21,back_middle,241.03,20.83,241.03,36.83,0.4245,True,
sample_0131,MmCows,resnet_50,22,tail_base,178.11,24.09,178.11,40.09,0.3629,True,
sample_0131,MmCows,resnet_50,23,tail_end,156.27,49.56,156.27,65.56,0.1453,False,
sample_0131,MmCows,resnet_50,24,front_left_thai,299.46,152.48,299.46,168.48,0.473,True,
sample_0131,MmCows,resnet_50,25,front_left_knee,295.35,204.75,295.35,220.75,0.4039,True,
sample_0131,MmCows,resnet_50,26,front_left_paw,273.22,225.06,273.22,241.06,0.8866,True,
sample_0131,MmCows,resnet_50,27,front_right_thai,289.58,161.64,289.58,177.64,0.6314,True,
sample_0131,MmCows,resnet_50,28,front_right_knee,282.39,198.68,282.39,214.68,0.7431,True,
sample_0131,MmCows,resnet_50,29,front_right_paw,280.75,259.0,280.75,275.0,0.6018,True,
sample_0131,MmCows,resnet_50,30,back_left_paw,166.08,182.34,166.08,198.34,0.3635,True,
sample_0131,MmCows,resnet_50,31,back_left_thai,197.48,133.09,197.48,149.09,0.5129,True,
sample_0131,MmCows,resnet_50,32,back_right_thai,156.97,103.24,156.97,119.24,0.6577,True,
sample_0131,MmCows,resnet_50,33,back_left_knee,245.79,233.34,245.79,249.34,0.3425,True,
sample_0131,MmCows,resnet_50,34,back_right_knee,244.48,230.54,244.48,246.54,0.4617,True,
sample_0131,MmCows,resnet_50,35,back_right_paw,256.02,269.59,256.02,285.59,0.2796,True,
sample_0131,MmCows,resnet_50,36,belly_bottom,211.66,145.56,211.66,161.56,0.2979,True,
sample_0131,MmCows,resnet_50,37,body_middle_right,221.49,80.69,221.49,96.69,0.3791,True,
sample_0131,MmCows,resnet_50,38,body_middle_left,212.9,83.04,212.9,99.04,0.3312,True,
sample_0132,MmCows,resnet_50,0,nose,108.59,80.03,108.59,80.03,0.2011,True,
sample_0132,MmCows,resnet_50,1,upper_jaw,106.88,85.2,106.88,85.2,0.1127,False,
sample_0132,MmCows,resnet_50,2,lower_jaw,109.03,88.44,109.03,88.44,0.1186,False,
sample_0132,MmCows,resnet_50,3,mouth_end_right,106.87,88.1,106.87,88.1,0.0722,False,
sample_0132,MmCows,resnet_50,4,mouth_end_left,110.31,86.42,110.31,86.42,0.202,True,
sample_0132,MmCows,resnet_50,5,right_eye,86.98,54.89,86.98,54.89,0.3256,True,
sample_0132,MmCows,resnet_50,6,right_earbase,55.9,43.33,55.9,43.33,0.1808,False,
sample_0132,MmCows,resnet_50,7,right_earend,55.86,17.11,55.86,17.11,0.1357,False,
sample_0132,MmCows,resnet_50,8,right_antler_base,71.8,23.18,71.8,23.18,0.2541,True,
sample_0132,MmCows,resnet_50,9,right_antler_end,32.23,8.35,32.23,8.35,0.1766,False,
sample_0132,MmCows,resnet_50,10,left_eye,91.28,52.71,91.28,52.71,0.4917,True,
sample_0132,MmCows,resnet_50,11,left_earbase,84.4,25.32,84.4,25.32,0.4546,True,
sample_0132,MmCows,resnet_50,12,left_earend,86.99,18.01,86.99,18.01,0.256,True,
sample_0132,MmCows,resnet_50,13,left_antler_base,81.74,20.83,81.74,20.83,0.4011,True,
sample_0132,MmCows,resnet_50,14,left_antler_end,136.55,33.25,136.55,33.25,0.1982,False,
sample_0132,MmCows,resnet_50,15,neck_base,92.05,76.06,92.05,76.06,0.2631,True,
sample_0132,MmCows,resnet_50,16,neck_end,86.36,23.45,86.36,23.45,0.0836,False,
sample_0132,MmCows,resnet_50,17,throat_base,78.16,80.61,78.16,80.61,0.1897,False,
sample_0132,MmCows,resnet_50,18,throat_end,74.68,83.55,74.68,83.55,0.1214,False,
sample_0132,MmCows,resnet_50,19,back_base,88.76,22.71,88.76,22.71,0.1522,False,
sample_0132,MmCows,resnet_50,20,back_end,113.7,13.95,113.7,13.95,0.1177,False,
sample_0132,MmCows,resnet_50,21,back_middle,97.81,19.47,97.81,19.47,0.2898,True,
sample_0132,MmCows,resnet_50,22,tail_base,145.55,80.73,145.55,80.73,0.0941,False,
sample_0132,MmCows,resnet_50,23,tail_end,113.07,82.5,113.07,82.5,0.0748,False,
sample_0132,MmCows,resnet_50,24,front_left_thai,132.74,83.18,132.74,83.18,0.5602,True,
sample_0132,MmCows,resnet_50,25,front_left_knee,135.3,93.5,135.3,93.5,0.4151,True,
sample_0132,MmCows,resnet_50,26,front_left_paw,122.35,121.19,122.35,121.19,0.396,True,
sample_0132,MmCows,resnet_50,27,front_right_thai,59.9,80.97,59.9,80.97,0.2988,True,
sample_0132,MmCows,resnet_50,28,front_right_knee,95.33,109.86,95.33,109.86,0.1213,False,
sample_0132,MmCows,resnet_50,29,front_right_paw,121.14,123.43,121.14,123.43,0.498,True,
sample_0132,MmCows,resnet_50,30,back_left_paw,130.9,117.95,130.9,117.95,0.1016,False,
sample_0132,MmCows,resnet_50,31,back_left_thai,139.19,82.67,139.19,82.67,0.2294,True,
sample_0132,MmCows,resnet_50,32,back_right_thai,60.16,78.23,60.16,78.23,0.0945,False,
sample_0132,MmCows,resnet_50,33,back_left_knee,140.34,93.48,140.34,93.48,0.2038,True,
sample_0132,MmCows,resnet_50,34,back_right_knee,130.88,91.33,130.88,91.33,0.0778,False,
sample_0132,MmCows,resnet_50,35,back_right_paw,121.93,123.07,121.93,123.07,0.1082,False,
sample_0132,MmCows,resnet_50,36,belly_bottom,78.81,85.34,78.81,85.34,0.2087,True,
sample_0132,MmCows,resnet_50,37,body_middle_right,128.54,56.91,128.54,56.91,0.1017,False,
sample_0132,MmCows,resnet_50,38,body_middle_left,134.85,56.21,134.85,56.21,0.3705,True,
sample_0134,MmCows,resnet_50,0,nose,781.64,364.47,781.64,364.47,0.6245,True,
sample_0134,MmCows,resnet_50,1,upper_jaw,769.74,386.05,769.74,386.05,0.41,True,
sample_0134,MmCows,resnet_50,2,lower_jaw,763.8,423.89,763.8,423.89,0.3508,True,
sample_0134,MmCows,resnet_50,3,mouth_end_right,748.68,395.73,748.68,395.73,0.2701,True,
sample_0134,MmCows,resnet_50,4,mouth_end_left,767.08,380.29,767.08,380.29,0.4444,True,
sample_0134,MmCows,resnet_50,5,right_eye,760.98,356.72,760.98,356.72,0.6525,True,
sample_0134,MmCows,resnet_50,6,right_earbase,723.45,329.11,723.45,329.11,0.3538,True,
sample_0134,MmCows,resnet_50,7,right_earend,755.31,342.38,755.31,342.38,0.537,True,
sample_0134,MmCows,resnet_50,8,right_antler_base,748.57,314.65,748.57,314.65,0.3179,True,
sample_0134,MmCows,resnet_50,9,right_antler_end,33.2,88.24,33.2,88.24,0.3013,True,
sample_0134,MmCows,resnet_50,10,left_eye,763.25,342.72,763.25,342.72,0.7685,True,
sample_0134,MmCows,resnet_50,11,left_earbase,730.03,306.03,730.03,306.03,0.1166,False,
sample_0134,MmCows,resnet_50,12,left_earend,725.52,274.6,725.52,274.6,0.1814,False,
sample_0134,MmCows,resnet_50,13,left_antler_base,736.42,308.46,736.42,308.46,0.2707,True,
sample_0134,MmCows,resnet_50,14,left_antler_end,31.52,93.95,31.52,93.95,0.1412,False,
sample_0134,MmCows,resnet_50,15,neck_base,689.14,329.1,689.14,329.1,0.7198,True,
sample_0134,MmCows,resnet_50,16,neck_end,674.06,282.06,674.06,282.06,0.524,True,
sample_0134,MmCows,resnet_50,17,throat_base,644.52,418.03,644.52,418.03,0.2783,True,
sample_0134,MmCows,resnet_50,18,throat_end,633.24,415.71,633.24,415.71,0.2092,True,
sample_0134,MmCows,resnet_50,19,back_base,673.82,274.72,673.82,274.72,0.6274,True,
sample_0134,MmCows,resnet_50,20,back_end,255.92,147.51,255.92,147.51,0.1837,False,
sample_0134,MmCows,resnet_50,21,back_middle,485.99,149.09,485.99,149.09,0.427,True,
sample_0134,MmCows,resnet_50,22,tail_base,225.26,162.66,225.26,162.66,0.2533,True,
sample_0134,MmCows,resnet_50,23,tail_end,26.87,670.86,26.87,670.86,0.2326,True,
sample_0134,MmCows,resnet_50,24,front_left_thai,559.07,608.14,559.07,608.14,0.3876,True,
sample_0134,MmCows,resnet_50,25,front_left_knee,577.8,771.88,577.8,771.88,0.3456,True,
sample_0134,MmCows,resnet_50,26,front_left_paw,609.81,827.16,609.81,827.16,0.6799,True,
sample_0134,MmCows,resnet_50,27,front_right_thai,259.56,509.36,259.56,509.36,0.4553,True,
sample_0134,MmCows,resnet_50,28,front_right_knee,571.15,766.04,571.15,766.04,0.3032,True,
sample_0134,MmCows,resnet_50,29,front_right_paw,602.7,822.24,602.7,822.24,0.7891,True,
sample_0134,MmCows,resnet_50,30,back_left_paw,211.46,718.28,211.46,718.28,0.6355,True,
sample_0134,MmCows,resnet_50,31,back_left_thai,254.73,481.74,254.73,481.74,0.2532,True,
sample_0134,MmCows,resnet_50,32,back_right_thai,259.59,501.55,259.59,501.55,0.4853,True,
sample_0134,MmCows,resnet_50,33,back_left_knee,184.43,652.45,184.43,652.45,0.5836,True,
sample_0134,MmCows,resnet_50,34,back_right_knee,195.58,650.95,195.58,650.95,0.6772,True,
sample_0134,MmCows,resnet_50,35,back_right_paw,195.67,719.97,195.67,719.97,0.5573,True,
sample_0134,MmCows,resnet_50,36,belly_bottom,340.8,626.16,340.8,626.16,0.2453,True,
sample_0134,MmCows,resnet_50,37,body_middle_right,430.68,379.64,430.68,379.64,0.1858,False,
sample_0134,MmCows,resnet_50,38,body_middle_left,430.34,413.45,430.34,413.45,0.1642,False,
sample_0135,MmCows,resnet_50,0,nose,108.81,90.11,121.81,91.11,0.2481,True,
sample_0135,MmCows,resnet_50,1,upper_jaw,141.3,145.04,154.3,146.04,0.1302,False,
sample_0135,MmCows,resnet_50,2,lower_jaw,127.24,146.71,140.24,147.71,0.1187,False,
sample_0135,MmCows,resnet_50,3,mouth_end_right,88.53,134.88,101.53,135.88,0.158,False,
sample_0135,MmCows,resnet_50,4,mouth_end_left,133.09,147.2,146.09,148.2,0.1916,False,
sample_0135,MmCows,resnet_50,5,right_eye,73.38,78.31,86.38,79.31,0.8491,True,
sample_0135,MmCows,resnet_50,6,right_earbase,54.04,69.3,67.04,70.3,0.5457,True,
sample_0135,MmCows,resnet_50,7,right_earend,20.77,88.98,33.77,89.98,0.3515,True,
sample_0135,MmCows,resnet_50,8,right_antler_base,70.23,47.72,83.23,48.72,0.5151,True,
sample_0135,MmCows,resnet_50,9,right_antler_end,40.4,59.14,53.4,60.14,0.2886,True,
sample_0135,MmCows,resnet_50,10,left_eye,155.23,79.3,168.23,80.3,0.7108,True,
sample_0135,MmCows,resnet_50,11,left_earbase,164.07,65.58,177.07,66.58,0.4535,True,
sample_0135,MmCows,resnet_50,12,left_earend,176.02,85.94,189.02,86.94,0.1666,False,
sample_0135,MmCows,resnet_50,13,left_antler_base,146.4,42.51,159.4,43.51,0.3746,True,
sample_0135,MmCows,resnet_50,14,left_antler_end,150.25,9.94,163.25,10.94,0.1369,False,
sample_0135,MmCows,resnet_50,15,neck_base,72.1,143.94,85.1,144.94,0.7062,True,
sample_0135,MmCows,resnet_50,16,neck_end,86.31,29.11,99.31,30.11,0.5425,True,
sample_0135,MmCows,resnet_50,17,throat_base,74.08,154.04,87.08,155.04,0.3828,True,
sample_0135,MmCows,resnet_50,18,throat_end,68.95,165.65,81.95,166.65,0.2776,True,
sample_0135,MmCows,resnet_50,19,back_base,137.94,21.57,150.94,22.57,0.5524,True,
sample_0135,MmCows,resnet_50,20,back_end,63.06,37.16,76.06,38.16,0.479,True,
sample_0135,MmCows,resnet_50,21,back_middle,118.28,28.27,131.28,29.27,0.5877,True,
sample_0135,MmCows,resnet_50,22,tail_base,47.22,44.14,60.22,45.14,0.506,True,
sample_0135,MmCows,resnet_50,23,tail_end,61.97,264.91,74.97,265.91,0.1593,False,
sample_0135,MmCows,resnet_50,24,front_left_thai,129.55,194.79,142.55,195.79,0.7845,True,
sample_0135,MmCows,resnet_50,25,front_left_knee,122.63,281.65,135.63,282.65,0.5743,True,
sample_0135,MmCows,resnet_50,26,front_left_paw,129.67,308.04,142.67,309.04,0.6913,True,
sample_0135,MmCows,resnet_50,27,front_right_thai,25.15,223.98,38.15,224.98,0.539,True,
sample_0135,MmCows,resnet_50,28,front_right_knee,33.78,276.35,46.78,277.35,0.3469,True,
sample_0135,MmCows,resnet_50,29,front_right_paw,34.32,308.66,47.32,309.66,0.5721,True,
sample_0135,MmCows,resnet_50,30,back_left_paw,201.95,301.9,214.95,302.9,0.5868,True,
sample_0135,MmCows,resnet_50,31,back_left_thai,211.38,173.48,224.38,174.48,1.0,True,
sample_0135,MmCows,resnet_50,32,back_right_thai,159.94,191.5,172.94,192.5,0.3517,True,
sample_0135,MmCows,resnet_50,33,back_left_knee,198.39,245.05,211.39,246.05,0.6832,True,
sample_0135,MmCows,resnet_50,34,back_right_knee,193.72,245.33,206.72,246.33,0.4035,True,
sample_0135,MmCows,resnet_50,35,back_right_paw,31.58,308.06,44.58,309.06,0.3237,True,
sample_0135,MmCows,resnet_50,36,belly_bottom,161.83,206.33,174.83,207.33,0.4095,True,
sample_0135,MmCows,resnet_50,37,body_middle_right,20.1,106.19,33.1,107.19,0.2491,True,
sample_0135,MmCows,resnet_50,38,body_middle_left,193.72,139.44,206.72,140.44,0.3402,True,
sample_0136,MmCows,resnet_50,0,nose,273.35,80.62,293.35,84.62,0.1194,False,
sample_0136,MmCows,resnet_50,1,upper_jaw,212.11,45.1,232.11,49.1,0.0595,False,
sample_0136,MmCows,resnet_50,2,lower_jaw,367.74,421.03,387.74,425.03,0.0544,False,
sample_0136,MmCows,resnet_50,3,mouth_end_right,542.57,252.73,562.57,256.73,0.0418,False,
sample_0136,MmCows,resnet_50,4,mouth_end_left,199.76,282.57,219.76,286.57,0.0773,False,
sample_0136,MmCows,resnet_50,5,right_eye,196.4,45.57,216.4,49.57,0.0696,False,
sample_0136,MmCows,resnet_50,6,right_earbase,513.26,47.36,533.26,51.36,0.1517,False,
sample_0136,MmCows,resnet_50,7,right_earend,273.88,55.17,293.88,59.17,0.1128,False,
sample_0136,MmCows,resnet_50,8,right_antler_base,266.21,42.02,286.21,46.02,0.0764,False,
sample_0136,MmCows,resnet_50,9,right_antler_end,199.93,29.78,219.93,33.78,0.1417,False,
sample_0136,MmCows,resnet_50,10,left_eye,207.3,44.63,227.3,48.63,0.1021,False,
sample_0136,MmCows,resnet_50,11,left_earbase,415.28,441.93,435.28,445.93,0.1132,False,
sample_0136,MmCows,resnet_50,12,left_earend,275.44,59.71,295.44,63.71,0.1784,False,
sample_0136,MmCows,resnet_50,13,left_antler_base,426.77,461.03,446.77,465.03,0.076,False,
sample_0136,MmCows,resnet_50,14,left_antler_end,276.57,157.49,296.57,161.49,0.1489,False,
sample_0136,MmCows,resnet_50,15,neck_base,498.86,64.74,518.86,68.74,0.4464,True,
sample_0136,MmCows,resnet_50,16,neck_end,504.66,43.58,524.66,47.58,0.552,True,
sample_0136,MmCows,resnet_50,17,throat_base,517.26,249.84,537.26,253.84,0.093,False,
sample_0136,MmCows,resnet_50,18,throat_end,521.77,252.43,541.77,256.43,0.2162,True,
sample_0136,MmCows,resnet_50,19,back_base,498.75,40.91,518.75,44.91,0.6297,True,
sample_0136,MmCows,resnet_50,20,back_end,520.06,34.07,540.06,38.07,0.3327,True,
sample_0136,MmCows,resnet_50,21,back_middle,374.34,32.17,394.34,36.17,0.4177,True,
sample_0136,MmCows,resnet_50,22,tail_base,547.33,52.12,567.33,56.12,0.3261,True,
sample_0136,MmCows,resnet_50,23,tail_end,278.28,45.48,298.28,49.48,0.2262,True,
sample_0136,MmCows,resnet_50,24,front_left_thai,522.98,232.39,542.98,236.39,0.569,True,
sample_0136,MmCows,resnet_50,25,front_left_knee,390.56,345.29,410.56,349.29,0.4381,True,
sample_0136,MmCows,resnet_50,26,front_left_paw,363.26,421.29,383.26,425.29,0.6357,True,
sample_0136,MmCows,resnet_50,27,front_right_thai,477.17,242.47,497.17,246.47,0.6202,True,
sample_0136,MmCows,resnet_50,28,front_right_knee,418.12,357.97,438.12,361.97,0.6751,True,
sample_0136,MmCows,resnet_50,29,front_right_paw,411.23,440.02,431.23,444.02,0.3227,True,
sample_0136,MmCows,resnet_50,30,back_left_paw,405.93,441.99,425.93,445.99,0.832,True,
sample_0136,MmCows,resnet_50,31,back_left_thai,435.49,282.99,455.49,286.99,0.4387,True,
sample_0136,MmCows,resnet_50,32,back_right_thai,397.31,289.77,417.31,293.77,0.4554,True,
sample_0136,MmCows,resnet_50,33,back_left_knee,424.25,365.52,444.25,369.52,0.9849,True,
sample_0136,MmCows,resnet_50,34,back_right_knee,383.43,338.78,403.43,342.78,0.6209,True,
sample_0136,MmCows,resnet_50,35,back_right_paw,362.56,419.34,382.56,423.34,0.7015,True,
sample_0136,MmCows,resnet_50,36,belly_bottom,300.82,299.74,320.82,303.74,0.4055,True,
sample_0136,MmCows,resnet_50,37,body_middle_right,375.55,149.23,395.55,153.23,0.1733,False,
sample_0136,MmCows,resnet_50,38,body_middle_left,541.6,132.05,561.6,136.05,0.2321,True,
sample_0137,MmCows,resnet_50,0,nose,29.37,132.31,31.37,138.31,0.121,False,
sample_0137,MmCows,resnet_50,1,upper_jaw,24.38,146.71,26.38,152.71,0.0807,False,
sample_0137,MmCows,resnet_50,2,lower_jaw,101.29,127.33,103.29,133.33,0.204,True,
sample_0137,MmCows,resnet_50,3,mouth_end_right,89.11,86.79,91.11,92.79,0.0883,False,
sample_0137,MmCows,resnet_50,4,mouth_end_left,105.54,124.61,107.54,130.61,0.2594,True,
sample_0137,MmCows,resnet_50,5,right_eye,37.61,42.21,39.61,48.21,0.4446,True,
sample_0137,MmCows,resnet_50,6,right_earbase,21.82,23.59,23.82,29.59,0.155,False,
sample_0137,MmCows,resnet_50,7,right_earend,15.55,20.87,17.55,26.87,0.2402,True,
sample_0137,MmCows,resnet_50,8,right_antler_base,29.7,22.43,31.7,28.43,0.221,True,
sample_0137,MmCows,resnet_50,9,right_antler_end,108.95,116.73,110.95,122.73,0.1882,False,
sample_0137,MmCows,resnet_50,10,left_eye,56.01,40.06,58.01,46.06,0.2583,True,
sample_0137,MmCows,resnet_50,11,left_earbase,73.49,15.02,75.49,21.02,0.1301,False,
sample_0137,MmCows,resnet_50,12,left_earend,101.41,83.2,103.41,89.2,0.0762,False,
sample_0137,MmCows,resnet_50,13,left_antler_base,67.15,15.9,69.15,21.9,0.1868,False,
sample_0137,MmCows,resnet_50,14,left_antler_end,100.83,82.03,102.83,88.03,0.1907,False,
sample_0137,MmCows,resnet_50,15,neck_base,83.1,114.57,85.1,120.57,0.2982,True,
sample_0137,MmCows,resnet_50,16,neck_end,127.0,17.01,129.0,23.01,0.4096,True,
sample_0137,MmCows,resnet_50,17,throat_base,99.22,128.69,101.22,134.69,0.4482,True,
sample_0137,MmCows,resnet_50,18,throat_end,99.82,132.29,101.82,138.29,0.3055,True,
sample_0137,MmCows,resnet_50,19,back_base,126.61,17.34,128.61,23.34,0.6669,True,
sample_0137,MmCows,resnet_50,20,back_end,160.57,15.39,162.57,21.39,0.6869,True,
sample_0137,MmCows,resnet_50,21,back_middle,137.59,14.63,139.59,20.63,0.4122,True,
sample_0137,MmCows,resnet_50,22,tail_base,164.01,21.1,166.01,27.1,0.7547,True,
sample_0137,MmCows,resnet_50,23,tail_end,24.73,130.87,26.73,136.87,0.087,False,
sample_0137,MmCows,resnet_50,24,front_left_thai,101.55,144.22,103.55,150.22,0.3561,True,
sample_0137,MmCows,resnet_50,25,front_left_knee,101.93,154.8,103.93,160.8,0.4382,True,
sample_0137,MmCows,resnet_50,26,front_left_paw,138.17,184.21,140.17,190.21,0.3177,True,
sample_0137,MmCows,resnet_50,27,front_right_thai,76.6,155.08,78.6,161.08,0.1975,False,
sample_0137,MmCows,resnet_50,28,front_right_knee,97.11,154.44,99.11,160.44,0.1212,False,
sample_0137,MmCows,resnet_50,29,front_right_paw,19.61,175.59,21.61,181.59,0.2506,True,
sample_0137,MmCows,resnet_50,30,back_left_paw,18.15,177.43,20.15,183.43,0.484,True,
sample_0137,MmCows,resnet_50,31,back_left_thai,163.95,93.12,165.95,99.12,0.2702,True,
sample_0137,MmCows,resnet_50,32,back_right_thai,40.06,82.45,42.06,88.45,0.2384,True,
sample_0137,MmCows,resnet_50,33,back_left_knee,19.86,113.39,21.86,119.39,0.3746,True,
sample_0137,MmCows,resnet_50,34,back_right_knee,21.49,114.62,23.49,120.62,0.5079,True,
sample_0137,MmCows,resnet_50,35,back_right_paw,16.27,173.01,18.27,179.01,0.6328,True,
sample_0137,MmCows,resnet_50,36,belly_bottom,39.64,105.61,41.64,111.61,0.2231,True,
sample_0137,MmCows,resnet_50,37,body_middle_right,164.45,67.09,166.45,73.09,0.1602,False,
sample_0137,MmCows,resnet_50,38,body_middle_left,166.71,61.54,168.71,67.54,0.5341,True,
sample_0141,MmCows,resnet_50,0,nose,202.54,158.96,264.54,160.96,0.1018,False,
sample_0141,MmCows,resnet_50,1,upper_jaw,23.64,148.63,85.64,150.63,0.1015,False,
sample_0141,MmCows,resnet_50,2,lower_jaw,27.7,139.68,89.7,141.68,0.0994,False,
sample_0141,MmCows,resnet_50,3,mouth_end_right,28.56,145.27,90.56,147.27,0.0881,False,
sample_0141,MmCows,resnet_50,4,mouth_end_left,117.08,130.18,179.08,132.18,0.1327,False,
sample_0141,MmCows,resnet_50,5,right_eye,87.55,86.61,149.55,88.61,0.15,False,
sample_0141,MmCows,resnet_50,6,right_earbase,77.42,81.97,139.42,83.97,0.1039,False,
sample_0141,MmCows,resnet_50,7,right_earend,57.41,101.27,119.41,103.27,0.2393,True,
sample_0141,MmCows,resnet_50,8,right_antler_base,72.49,23.87,134.49,25.87,0.0921,False,
sample_0141,MmCows,resnet_50,9,right_antler_end,84.39,67.81,146.39,69.81,0.16,False,
sample_0141,MmCows,resnet_50,10,left_eye,77.7,87.09,139.7,89.09,0.1658,False,
sample_0141,MmCows,resnet_50,11,left_earbase,85.63,83.38,147.63,85.38,0.2089,True,
sample_0141,MmCows,resnet_50,12,left_earend,85.94,79.69,147.94,81.69,0.1317,False,
sample_0141,MmCows,resnet_50,13,left_antler_base,83.79,95.37,145.79,97.37,0.1168,False,
sample_0141,MmCows,resnet_50,14,left_antler_end,87.14,74.0,149.14,76.0,0.2026,True,
sample_0141,MmCows,resnet_50,15,neck_base,92.63,23.99,154.63,25.99,0.4406,True,
sample_0141,MmCows,resnet_50,16,neck_end,96.52,17.21,158.52,19.21,0.5704,True,
sample_0141,MmCows,resnet_50,17,throat_base,60.16,114.57,122.16,116.57,0.2174,True,
sample_0141,MmCows,resnet_50,18,throat_end,60.85,125.36,122.85,127.36,0.2668,True,
sample_0141,MmCows,resnet_50,19,back_base,88.37,16.62,150.37,18.62,0.6632,True,
sample_0141,MmCows,resnet_50,20,back_end,193.3,25.0,255.3,27.0,0.5496,True,
sample_0141,MmCows,resnet_50,21,back_middle,158.52,21.95,220.52,23.95,0.5762,True,
sample_0141,MmCows,resnet_50,22,tail_base,195.33,30.29,257.33,32.29,0.6246,True,
sample_0141,MmCows,resnet_50,23,tail_end,17.0,49.76,79.0,51.76,0.1523,False,
sample_0141,MmCows,resnet_50,24,front_left_thai,102.36,125.9,164.36,127.9,0.8407,True,
sample_0141,MmCows,resnet_50,25,front_left_knee,95.73,166.89,157.73,168.89,0.2312,True,
sample_0141,MmCows,resnet_50,26,front_left_paw,100.3,225.43,162.3,227.43,0.4113,True,
sample_0141,MmCows,resnet_50,27,front_right_thai,17.38,104.02,79.38,106.02,0.3412,True,
sample_0141,MmCows,resnet_50,28,front_right_knee,14.58,151.05,76.58,153.05,0.2662,True,
sample_0141,MmCows,resnet_50,29,front_right_paw,163.92,168.43,225.92,170.43,0.1447,False,
sample_0141,MmCows,resnet_50,30,back_left_paw,163.26,168.27,225.26,170.27,0.9054,True,
sample_0141,MmCows,resnet_50,31,back_left_thai,132.52,143.0,194.52,145.0,0.1556,False,
sample_0141,MmCows,resnet_50,32,back_right_thai,120.4,138.16,182.4,140.16,0.1577,False,
sample_0141,MmCows,resnet_50,33,back_left_knee,142.68,152.57,204.68,154.57,0.6105,True,
sample_0141,MmCows,resnet_50,34,back_right_knee,141.07,150.78,203.07,152.78,0.5116,True,
sample_0141,MmCows,resnet_50,35,back_right_paw,156.74,170.8,218.74,172.8,0.5543,True,
sample_0141,MmCows,resnet_50,36,belly_bottom,123.52,140.93,185.52,142.93,0.3522,True,
sample_0141,MmCows,resnet_50,37,body_middle_right,175.61,85.89,237.61,87.89,0.1119,False,
sample_0141,MmCows,resnet_50,38,body_middle_left,152.87,83.59,214.87,85.59,0.2891,True,
sample_0142,MmCows,resnet_50,0,nose,435.82,268.97,435.82,285.97,0.2749,True,
sample_0142,MmCows,resnet_50,1,upper_jaw,463.21,273.86,463.21,290.86,0.131,False,
sample_0142,MmCows,resnet_50,2,lower_jaw,459.01,272.79,459.01,289.79,0.1797,False,
sample_0142,MmCows,resnet_50,3,mouth_end_right,451.32,272.42,451.32,289.42,0.149,False,
sample_0142,MmCows,resnet_50,4,mouth_end_left,454.36,270.09,454.36,287.09,0.2573,True,
sample_0142,MmCows,resnet_50,5,right_eye,440.98,244.17,440.98,261.17,0.4116,True,
sample_0142,MmCows,resnet_50,6,right_earbase,420.75,232.45,420.75,249.45,0.1984,False,
sample_0142,MmCows,resnet_50,7,right_earend,297.65,27.88,297.65,44.88,0.2185,True,
sample_0142,MmCows,resnet_50,8,right_antler_base,445.15,229.7,445.15,246.7,0.2257,True,
sample_0142,MmCows,resnet_50,9,right_antler_end,306.11,34.84,306.11,51.84,0.2228,True,
sample_0142,MmCows,resnet_50,10,left_eye,450.89,252.5,450.89,269.5,0.6332,True,
sample_0142,MmCows,resnet_50,11,left_earbase,467.49,231.49,467.49,248.49,0.2552,True,
sample_0142,MmCows,resnet_50,12,left_earend,388.28,34.85,388.28,51.85,0.2195,True,
sample_0142,MmCows,resnet_50,13,left_antler_base,461.08,239.43,461.08,256.43,0.1519,False,
sample_0142,MmCows,resnet_50,14,left_antler_end,358.63,41.15,358.63,58.15,0.4186,True,
sample_0142,MmCows,resnet_50,15,neck_base,341.16,59.89,341.16,76.89,0.6954,True,
sample_0142,MmCows,resnet_50,16,neck_end,344.43,31.37,344.43,48.37,0.4179,True,
sample_0142,MmCows,resnet_50,17,throat_base,459.9,197.83,459.9,214.83,0.1647,False,
sample_0142,MmCows,resnet_50,18,throat_end,448.11,229.05,448.11,246.05,0.1802,False,
sample_0142,MmCows,resnet_50,19,back_base,349.75,17.25,349.75,34.25,0.5116,True,
sample_0142,MmCows,resnet_50,20,back_end,495.14,33.52,495.14,50.52,0.5614,True,
sample_0142,MmCows,resnet_50,21,back_middle,418.4,21.22,418.4,38.22,0.2489,True,
sample_0142,MmCows,resnet_50,22,tail_base,506.73,41.29,506.73,58.29,0.4875,True,
sample_0142,MmCows,resnet_50,23,tail_end,299.14,30.99,299.14,47.99,0.0566,False,
sample_0142,MmCows,resnet_50,24,front_left_thai,206.22,213.41,206.22,230.41,0.2929,True,
sample_0142,MmCows,resnet_50,25,front_left_knee,383.23,291.51,383.23,308.51,0.4814,True,
sample_0142,MmCows,resnet_50,26,front_left_paw,369.97,393.4,369.97,410.4,0.8657,True,
sample_0142,MmCows,resnet_50,27,front_right_thai,357.07,231.07,357.07,248.07,0.5613,True,
sample_0142,MmCows,resnet_50,28,front_right_knee,355.84,287.17,355.84,304.17,0.6596,True,
sample_0142,MmCows,resnet_50,29,front_right_paw,346.59,363.76,346.59,380.76,0.8232,True,
sample_0142,MmCows,resnet_50,30,back_left_paw,367.54,374.77,367.54,391.77,0.3539,True,
sample_0142,MmCows,resnet_50,31,back_left_thai,446.24,266.14,446.24,283.14,0.5872,True,
sample_0142,MmCows,resnet_50,32,back_right_thai,196.95,218.05,196.95,235.05,0.2254,True,
sample_0142,MmCows,resnet_50,33,back_left_knee,426.08,304.4,426.08,321.4,0.3398,True,
sample_0142,MmCows,resnet_50,34,back_right_knee,360.95,292.96,360.95,309.96,0.4881,True,
sample_0142,MmCows,resnet_50,35,back_right_paw,349.63,362.81,349.63,379.81,0.5996,True,
sample_0142,MmCows,resnet_50,36,belly_bottom,266.94,249.32,266.94,266.32,0.2228,True,
sample_0142,MmCows,resnet_50,37,body_middle_right,202.5,112.27,202.5,129.27,0.1002,False,
sample_0142,MmCows,resnet_50,38,body_middle_left,516.07,121.37,516.07,138.37,0.1213,False,
sample_0143,MmCows,resnet_50,0,nose,124.9,462.8,226.9,463.8,0.3715,True,
sample_0143,MmCows,resnet_50,1,upper_jaw,114.47,478.27,216.47,479.27,0.2886,True,
sample_0143,MmCows,resnet_50,2,lower_jaw,114.05,484.42,216.05,485.42,0.2964,True,
sample_0143,MmCows,resnet_50,3,mouth_end_right,117.15,480.41,219.15,481.41,0.2215,True,
sample_0143,MmCows,resnet_50,4,mouth_end_left,140.94,474.98,242.94,475.98,0.396,True,
sample_0143,MmCows,resnet_50,5,right_eye,150.66,465.42,252.66,466.42,0.6132,True,
sample_0143,MmCows,resnet_50,6,right_earbase,125.76,486.12,227.76,487.12,0.3235,True,
sample_0143,MmCows,resnet_50,7,right_earend,113.57,482.91,215.57,483.91,0.1153,False,
sample_0143,MmCows,resnet_50,8,right_antler_base,148.38,466.14,250.38,467.14,0.4223,True,
sample_0143,MmCows,resnet_50,9,right_antler_end,152.27,455.1,254.27,456.1,0.3201,True,
sample_0143,MmCows,resnet_50,10,left_eye,153.3,468.66,255.3,469.66,0.8046,True,
sample_0143,MmCows,resnet_50,11,left_earbase,161.07,470.72,263.07,471.72,0.2291,True,
sample_0143,MmCows,resnet_50,12,left_earend,169.56,476.58,271.56,477.58,0.1928,False,
sample_0143,MmCows,resnet_50,13,left_antler_base,159.5,467.09,261.5,468.09,0.4044,True,
sample_0143,MmCows,resnet_50,14,left_antler_end,156.64,461.45,258.64,462.45,0.3205,True,
sample_0143,MmCows,resnet_50,15,neck_base,176.97,497.96,278.97,498.96,0.7342,True,
sample_0143,MmCows,resnet_50,16,neck_end,179.79,494.88,281.79,495.88,0.3046,True,
sample_0143,MmCows,resnet_50,17,throat_base,165.61,509.27,267.61,510.27,0.1642,False,
sample_0143,MmCows,resnet_50,18,throat_end,177.27,521.84,279.27,522.84,0.129,False,
sample_0143,MmCows,resnet_50,19,back_base,182.42,487.91,284.42,488.91,0.2506,True,
sample_0143,MmCows,resnet_50,20,back_end,193.94,463.45,295.94,464.45,0.1883,False,
sample_0143,MmCows,resnet_50,21,back_middle,193.12,465.25,295.12,466.25,0.2453,True,
sample_0143,MmCows,resnet_50,22,tail_base,195.13,465.08,297.13,466.08,0.1816,False,
sample_0143,MmCows,resnet_50,23,tail_end,225.44,509.3,327.44,510.3,0.077,False,
sample_0143,MmCows,resnet_50,24,front_left_thai,190.29,517.65,292.29,518.65,0.4034,True,
sample_0143,MmCows,resnet_50,25,front_left_knee,240.5,573.48,342.5,574.48,0.3424,True,
sample_0143,MmCows,resnet_50,26,front_left_paw,312.03,618.66,414.03,619.66,0.2844,True,
sample_0143,MmCows,resnet_50,27,front_right_thai,190.96,516.07,292.96,517.07,0.4069,True,
sample_0143,MmCows,resnet_50,28,front_right_knee,202.04,518.91,304.04,519.91,0.2679,True,
sample_0143,MmCows,resnet_50,29,front_right_paw,250.63,593.5,352.63,594.5,0.4004,True,
sample_0143,MmCows,resnet_50,30,back_left_paw,308.3,621.95,410.3,622.95,0.6741,True,
sample_0143,MmCows,resnet_50,31,back_left_thai,247.83,518.25,349.83,519.25,0.7495,True,
sample_0143,MmCows,resnet_50,32,back_right_thai,248.32,514.15,350.32,515.15,0.2782,True,
sample_0143,MmCows,resnet_50,33,back_left_knee,273.01,563.79,375.01,564.79,0.5885,True,
sample_0143,MmCows,resnet_50,34,back_right_knee,264.63,564.75,366.63,565.75,0.2987,True,
sample_0143,MmCows,resnet_50,35,back_right_paw,258.35,589.87,360.35,590.87,0.6206,True,
sample_0143,MmCows,resnet_50,36,belly_bottom,222.03,562.83,324.03,563.83,0.1415,False,
sample_0143,MmCows,resnet_50,37,body_middle_right,136.41,520.27,238.41,521.27,0.1672,False,
sample_0143,MmCows,resnet_50,38,body_middle_left,222.15,520.74,324.15,521.74,0.2101,True,
sample_0146,MmCows,resnet_50,0,nose,125.42,105.92,146.42,114.92,0.1054,False,
sample_0146,MmCows,resnet_50,1,upper_jaw,126.27,111.51,147.27,120.51,0.0777,False,
sample_0146,MmCows,resnet_50,2,lower_jaw,136.59,130.51,157.59,139.51,0.1709,False,
sample_0146,MmCows,resnet_50,3,mouth_end_right,124.37,106.88,145.37,115.88,0.1651,False,
sample_0146,MmCows,resnet_50,4,mouth_end_left,141.65,119.31,162.65,128.31,0.1947,False,
sample_0146,MmCows,resnet_50,5,right_eye,158.18,108.07,179.18,117.07,0.2607,True,
sample_0146,MmCows,resnet_50,6,right_earbase,143.66,79.06,164.66,88.06,0.1179,False,
sample_0146,MmCows,resnet_50,7,right_earend,88.89,82.03,109.89,91.03,0.1151,False,
sample_0146,MmCows,resnet_50,8,right_antler_base,156.37,96.0,177.37,105.0,0.2392,True,
sample_0146,MmCows,resnet_50,9,right_antler_end,150.3,72.64,171.3,81.64,0.2031,True,
sample_0146,MmCows,resnet_50,10,left_eye,165.65,105.72,186.65,114.72,0.5692,True,
sample_0146,MmCows,resnet_50,11,left_earbase,167.23,83.91,188.23,92.91,0.6749,True,
sample_0146,MmCows,resnet_50,12,left_earend,172.14,73.94,193.14,82.94,0.4178,True,
sample_0146,MmCows,resnet_50,13,left_antler_base,163.7,88.98,184.7,97.98,0.4772,True,
sample_0146,MmCows,resnet_50,14,left_antler_end,157.94,74.14,178.94,83.14,0.3721,True,
sample_0146,MmCows,resnet_50,15,neck_base,35.08,94.46,56.08,103.46,0.6309,True,
sample_0146,MmCows,resnet_50,16,neck_end,26.09,85.35,47.09,94.35,0.3487,True,
sample_0146,MmCows,resnet_50,17,throat_base,150.88,131.86,171.88,140.86,0.1129,False,
sample_0146,MmCows,resnet_50,18,throat_end,30.53,122.99,51.53,131.99,0.1262,False,
sample_0146,MmCows,resnet_50,19,back_base,127.3,82.92,148.3,91.92,0.3217,True,
sample_0146,MmCows,resnet_50,20,back_end,148.42,143.13,169.42,152.13,0.1161,False,
sample_0146,MmCows,resnet_50,21,back_middle,90.01,87.9,111.01,96.9,0.0901,False,
sample_0146,MmCows,resnet_50,22,tail_base,154.44,149.64,175.44,158.64,0.0794,False,
sample_0146,MmCows,resnet_50,23,tail_end,40.14,203.73,61.14,212.73,0.1354,False,
sample_0146,MmCows,resnet_50,24,front_left_thai,24.16,152.35,45.16,161.35,0.6039,True,
sample_0146,MmCows,resnet_50,25,front_left_knee,25.4,204.61,46.4,213.61,0.3396,True,
sample_0146,MmCows,resnet_50,26,front_left_paw,20.29,243.47,41.29,252.47,0.528,True,
sample_0146,MmCows,resnet_50,27,front_right_thai,69.22,171.06,90.22,180.06,0.2034,True,
sample_0146,MmCows,resnet_50,28,front_right_knee,106.25,240.91,127.25,249.91,0.1859,False,
sample_0146,MmCows,resnet_50,29,front_right_paw,101.36,322.65,122.36,331.65,0.668,True,
sample_0146,MmCows,resnet_50,30,back_left_paw,65.2,248.94,86.2,257.94,0.6242,True,
sample_0146,MmCows,resnet_50,31,back_left_thai,79.63,169.62,100.63,178.62,0.7386,True,
sample_0146,MmCows,resnet_50,32,back_right_thai,25.33,162.01,46.33,171.01,0.7436,True,
sample_0146,MmCows,resnet_50,33,back_left_knee,68.55,204.0,89.55,213.0,0.7632,True,
sample_0146,MmCows,resnet_50,34,back_right_knee,26.2,204.71,47.2,213.71,0.6444,True,
sample_0146,MmCows,resnet_50,35,back_right_paw,22.19,241.72,43.19,250.72,0.6532,True,
sample_0146,MmCows,resnet_50,36,belly_bottom,55.45,176.76,76.45,185.76,0.3722,True,
sample_0146,MmCows,resnet_50,37,body_middle_right,53.67,138.27,74.67,147.27,0.3099,True,
sample_0146,MmCows,resnet_50,38,body_middle_left,55.59,132.03,76.59,141.03,0.4579,True,
sample_0147,MmCows,resnet_50,0,nose,7.12,102.96,7.12,102.96,0.1015,False,
sample_0147,MmCows,resnet_50,1,upper_jaw,8.85,103.5,8.85,103.5,0.0956,False,
sample_0147,MmCows,resnet_50,2,lower_jaw,9.02,105.93,9.02,105.93,0.0733,False,
sample_0147,MmCows,resnet_50,3,mouth_end_right,11.66,102.78,11.66,102.78,0.0943,False,
sample_0147,MmCows,resnet_50,4,mouth_end_left,13.71,111.01,13.71,111.01,0.1266,False,
sample_0147,MmCows,resnet_50,5,right_eye,13.42,98.26,13.42,98.26,0.3912,True,
sample_0147,MmCows,resnet_50,6,right_earbase,123.18,100.99,123.18,100.99,0.2991,True,
sample_0147,MmCows,resnet_50,7,right_earend,120.25,84.14,120.25,84.14,0.2919,True,
sample_0147,MmCows,resnet_50,8,right_antler_base,124.25,97.48,124.25,97.48,0.3687,True,
sample_0147,MmCows,resnet_50,9,right_antler_end,119.31,87.16,119.31,87.16,0.2685,True,
sample_0147,MmCows,resnet_50,10,left_eye,13.26,100.34,13.26,100.34,0.377,True,
sample_0147,MmCows,resnet_50,11,left_earbase,122.56,93.02,122.56,93.02,0.1787,False,
sample_0147,MmCows,resnet_50,12,left_earend,115.13,84.76,115.13,84.76,0.1779,False,
sample_0147,MmCows,resnet_50,13,left_antler_base,124.44,93.92,124.44,93.92,0.2817,True,
sample_0147,MmCows,resnet_50,14,left_antler_end,119.24,85.15,119.24,85.15,0.2915,True,
sample_0147,MmCows,resnet_50,15,neck_base,37.42,107.68,37.42,107.68,0.2715,True,
sample_0147,MmCows,resnet_50,16,neck_end,82.95,106.15,82.95,106.15,0.2024,True,
sample_0147,MmCows,resnet_50,17,throat_base,74.8,144.24,74.8,144.24,0.1541,False,
sample_0147,MmCows,resnet_50,18,throat_end,37.9,108.58,37.9,108.58,0.183,False,
sample_0147,MmCows,resnet_50,19,back_base,103.15,99.48,103.15,99.48,0.1785,False,
sample_0147,MmCows,resnet_50,20,back_end,9.88,127.51,9.88,127.51,0.4788,True,
sample_0147,MmCows,resnet_50,21,back_middle,129.55,108.36,129.55,108.36,0.2208,True,
sample_0147,MmCows,resnet_50,22,tail_base,8.59,139.4,8.59,139.4,0.501,True,
sample_0147,MmCows,resnet_50,23,tail_end,36.14,118.27,36.14,118.27,0.173,False,
sample_0147,MmCows,resnet_50,24,front_left_thai,88.09,149.62,88.09,149.62,0.4628,True,
sample_0147,MmCows,resnet_50,25,front_left_knee,82.22,150.55,82.22,150.55,0.2393,True,
sample_0147,MmCows,resnet_50,26,front_left_paw,140.65,183.57,140.65,183.57,0.5364,True,
sample_0147,MmCows,resnet_50,27,front_right_thai,64.18,154.2,64.18,154.2,0.5802,True,
sample_0147,MmCows,resnet_50,28,front_right_knee,68.82,156.63,68.82,156.63,0.5092,True,
sample_0147,MmCows,resnet_50,29,front_right_paw,66.36,179.58,66.36,179.58,0.787,True,
sample_0147,MmCows,resnet_50,30,back_left_paw,16.75,188.62,16.75,188.62,0.2763,True,
sample_0147,MmCows,resnet_50,31,back_left_thai,12.57,144.79,12.57,144.79,0.33,True,
sample_0147,MmCows,resnet_50,32,back_right_thai,34.54,149.31,34.54,149.31,0.3184,True,
sample_0147,MmCows,resnet_50,33,back_left_knee,25.36,181.23,25.36,181.23,0.3743,True,
sample_0147,MmCows,resnet_50,34,back_right_knee,26.63,180.31,26.63,180.31,0.3836,True,
sample_0147,MmCows,resnet_50,35,back_right_paw,14.04,188.38,14.04,188.38,0.4296,True,
sample_0147,MmCows,resnet_50,36,belly_bottom,60.48,158.04,60.48,158.04,0.3483,True,
sample_0147,MmCows,resnet_50,37,body_middle_right,45.66,128.71,45.66,128.71,0.4122,True,
sample_0147,MmCows,resnet_50,38,body_middle_left,40.89,126.34,40.89,126.34,0.2223,True,
sample_0148,MmCows,resnet_50,0,nose,145.43,85.62,145.43,86.62,0.1633,False,
sample_0148,MmCows,resnet_50,1,upper_jaw,145.1,86.36,145.1,87.36,0.149,False,
sample_0148,MmCows,resnet_50,2,lower_jaw,143.18,87.97,143.18,88.97,0.2158,True,
sample_0148,MmCows,resnet_50,3,mouth_end_right,145.18,82.1,145.18,83.1,0.1311,False,
sample_0148,MmCows,resnet_50,4,mouth_end_left,146.27,85.39,146.27,86.39,0.3027,True,
sample_0148,MmCows,resnet_50,5,right_eye,146.27,47.57,146.27,48.57,0.4744,True,
sample_0148,MmCows,resnet_50,6,right_earbase,59.69,20.38,59.69,21.38,0.6001,True,
sample_0148,MmCows,resnet_50,7,right_earend,59.69,9.93,59.69,10.93,0.1877,False,
sample_0148,MmCows,resnet_50,8,right_antler_base,61.51,20.81,61.51,21.81,0.2498,True,
sample_0148,MmCows,resnet_50,9,right_antler_end,58.38,12.65,58.38,13.65,0.2354,True,
sample_0148,MmCows,resnet_50,10,left_eye,147.47,46.37,147.47,47.37,0.5902,True,
sample_0148,MmCows,resnet_50,11,left_earbase,54.1,20.1,54.1,21.1,0.5213,True,
sample_0148,MmCows,resnet_50,12,left_earend,51.74,10.84,51.74,11.84,0.8538,True,
sample_0148,MmCows,resnet_50,13,left_antler_base,55.18,19.0,55.18,20.0,0.3731,True,
sample_0148,MmCows,resnet_50,14,left_antler_end,57.13,11.6,57.13,12.6,0.3447,True,
sample_0148,MmCows,resnet_50,15,neck_base,68.3,32.8,68.3,33.8,0.5037,True,
sample_0148,MmCows,resnet_50,16,neck_end,92.55,21.99,92.55,22.99,0.5246,True,
sample_0148,MmCows,resnet_50,17,throat_base,58.99,44.66,58.99,45.66,0.1378,False,
sample_0148,MmCows,resnet_50,18,throat_end,122.4,84.33,122.4,85.33,0.0952,False,
sample_0148,MmCows,resnet_50,19,back_base,92.2,21.48,92.2,22.48,0.4875,True,
sample_0148,MmCows,resnet_50,20,back_end,147.41,26.98,147.41,27.98,0.2436,True,
sample_0148,MmCows,resnet_50,21,back_middle,104.3,25.29,104.3,26.29,0.3059,True,
sample_0148,MmCows,resnet_50,22,tail_base,145.8,32.9,145.8,33.9,0.1499,False,
sample_0148,MmCows,resnet_50,23,tail_end,143.83,181.58,143.83,182.58,0.1084,False,
sample_0148,MmCows,resnet_50,24,front_left_thai,63.46,143.97,63.46,144.97,0.4571,True,
sample_0148,MmCows,resnet_50,25,front_left_knee,44.79,155.66,44.79,156.66,0.1401,False,
sample_0148,MmCows,resnet_50,26,front_left_paw,40.65,183.3,40.65,184.3,0.5191,True,
sample_0148,MmCows,resnet_50,27,front_right_thai,35.34,84.57,35.34,85.57,0.3926,True,
sample_0148,MmCows,resnet_50,28,front_right_knee,21.09,154.17,21.09,155.17,0.2505,True,
sample_0148,MmCows,resnet_50,29,front_right_paw,20.65,183.51,20.65,184.51,0.5835,True,
sample_0148,MmCows,resnet_50,30,back_left_paw,22.34,181.5,22.34,182.5,0.5872,True,
sample_0148,MmCows,resnet_50,31,back_left_thai,144.62,94.1,144.62,95.1,0.2416,True,
sample_0148,MmCows,resnet_50,32,back_right_thai,56.2,142.24,56.2,143.24,0.2852,True,
sample_0148,MmCows,resnet_50,33,back_left_knee,25.07,166.24,25.07,167.24,0.3856,True,
sample_0148,MmCows,resnet_50,34,back_right_knee,20.17,155.65,20.17,156.65,0.4296,True,
sample_0148,MmCows,resnet_50,35,back_right_paw,26.53,180.18,26.53,181.18,0.2429,True,
sample_0148,MmCows,resnet_50,36,belly_bottom,61.12,157.02,61.12,158.02,0.33,True,
sample_0148,MmCows,resnet_50,37,body_middle_right,118.9,66.5,118.9,67.5,0.1352,False,
sample_0148,MmCows,resnet_50,38,body_middle_left,136.42,72.02,136.42,73.02,0.2882,True,
sample_0150,MmCows,resnet_50,0,nose,512.72,231.56,514.72,231.56,0.4273,True,
sample_0150,MmCows,resnet_50,1,upper_jaw,516.51,239.48,518.51,239.48,0.1861,False,
sample_0150,MmCows,resnet_50,2,lower_jaw,513.0,247.52,515.0,247.52,0.1739,False,
sample_0150,MmCows,resnet_50,3,mouth_end_right,510.46,244.0,512.46,244.0,0.1057,False,
sample_0150,MmCows,resnet_50,4,mouth_end_left,510.34,246.22,512.34,246.22,0.2413,True,
sample_0150,MmCows,resnet_50,5,right_eye,506.7,231.47,508.7,231.47,0.2672,True,
sample_0150,MmCows,resnet_50,6,right_earbase,515.83,226.48,517.83,226.48,0.2073,True,
sample_0150,MmCows,resnet_50,7,right_earend,508.95,222.54,510.95,222.54,0.3013,True,
sample_0150,MmCows,resnet_50,8,right_antler_base,513.06,222.55,515.06,222.55,0.152,False,
sample_0150,MmCows,resnet_50,9,right_antler_end,486.34,302.17,488.34,302.17,0.0892,False,
sample_0150,MmCows,resnet_50,10,left_eye,516.13,233.0,518.13,233.0,0.521,True,
sample_0150,MmCows,resnet_50,11,left_earbase,513.92,232.32,515.92,232.32,0.0846,False,
sample_0150,MmCows,resnet_50,12,left_earend,520.9,218.03,522.9,218.03,0.0664,False,
sample_0150,MmCows,resnet_50,13,left_antler_base,519.32,218.77,521.32,218.77,0.1299,False,
sample_0150,MmCows,resnet_50,14,left_antler_end,664.2,242.38,666.2,242.38,0.1205,False,
sample_0150,MmCows,resnet_50,15,neck_base,589.48,208.37,591.48,208.37,0.2141,True,
sample_0150,MmCows,resnet_50,16,neck_end,569.46,156.47,571.46,156.47,0.1792,False,
sample_0150,MmCows,resnet_50,17,throat_base,502.62,244.24,504.62,244.24,0.0521,False,
sample_0150,MmCows,resnet_50,18,throat_end,605.29,225.13,607.29,225.13,0.0705,False,
sample_0150,MmCows,resnet_50,19,back_base,573.38,156.37,575.38,156.37,0.239,True,
sample_0150,MmCows,resnet_50,20,back_end,609.49,154.6,611.49,154.6,0.3434,True,
sample_0150,MmCows,resnet_50,21,back_middle,604.29,155.05,606.29,155.05,0.4573,True,
sample_0150,MmCows,resnet_50,22,tail_base,609.79,154.71,611.79,154.71,0.2157,True,
sample_0150,MmCows,resnet_50,23,tail_end,513.03,224.61,515.03,224.61,0.0812,False,
sample_0150,MmCows,resnet_50,24,front_left_thai,514.96,215.76,516.96,215.76,0.3233,True,
sample_0150,MmCows,resnet_50,25,front_left_knee,503.06,249.31,505.06,249.31,0.1411,False,
sample_0150,MmCows,resnet_50,26,front_left_paw,492.9,325.79,494.9,325.79,0.2044,True,
sample_0150,MmCows,resnet_50,27,front_right_thai,513.36,222.66,515.36,222.66,0.1062,False,
sample_0150,MmCows,resnet_50,28,front_right_knee,486.55,310.09,488.55,310.09,0.0908,False,
sample_0150,MmCows,resnet_50,29,front_right_paw,498.1,269.23,500.1,269.23,0.2455,True,
sample_0150,MmCows,resnet_50,30,back_left_paw,498.42,269.24,500.42,269.24,0.2872,True,
sample_0150,MmCows,resnet_50,31,back_left_thai,504.31,227.59,506.31,227.59,0.2465,True,
sample_0150,MmCows,resnet_50,32,back_right_thai,513.29,221.86,515.29,221.86,0.2151,True,
sample_0150,MmCows,resnet_50,33,back_left_knee,491.88,317.72,493.88,317.72,0.2497,True,
sample_0150,MmCows,resnet_50,34,back_right_knee,504.66,253.07,506.66,253.07,0.4533,True,
sample_0150,MmCows,resnet_50,35,back_right_paw,494.23,272.99,496.23,272.99,0.3619,True,
sample_0150,MmCows,resnet_50,36,belly_bottom,529.25,225.32,531.25,225.32,0.2444,True,
sample_0150,MmCows,resnet_50,37,body_middle_right,660.61,202.05,662.61,202.05,0.1347,False,
sample_0150,MmCows,resnet_50,38,body_middle_left,659.81,202.74,661.81,202.74,0.283,True,
sample_0153,MmCows,resnet_50,0,nose,176.67,94.91,179.67,95.91,0.1633,False,
sample_0153,MmCows,resnet_50,1,upper_jaw,198.48,99.32,201.48,100.32,0.1198,False,
sample_0153,MmCows,resnet_50,2,lower_jaw,195.06,102.7,198.06,103.7,0.1329,False,
sample_0153,MmCows,resnet_50,3,mouth_end_right,195.77,100.26,198.77,101.26,0.1493,False,
sample_0153,MmCows,resnet_50,4,mouth_end_left,195.53,99.17,198.53,100.17,0.1693,False,
sample_0153,MmCows,resnet_50,5,right_eye,185.09,59.72,188.09,60.72,0.4767,True,
sample_0153,MmCows,resnet_50,6,right_earbase,164.01,34.27,167.01,35.27,0.4984,True,
sample_0153,MmCows,resnet_50,7,right_earend,173.09,100.82,176.09,101.82,0.4177,True,
sample_0153,MmCows,resnet_50,8,right_antler_base,192.86,31.35,195.86,32.35,0.4011,True,
sample_0153,MmCows,resnet_50,9,right_antler_end,201.18,137.38,204.18,138.38,0.234,True,
sample_0153,MmCows,resnet_50,10,left_eye,226.43,70.48,229.43,71.48,0.4271,True,
sample_0153,MmCows,resnet_50,11,left_earbase,231.71,60.06,234.71,61.06,0.3541,True,
sample_0153,MmCows,resnet_50,12,left_earend,241.56,67.01,244.56,68.01,0.2103,True,
sample_0153,MmCows,resnet_50,13,left_antler_base,226.62,29.91,229.62,30.91,0.2978,True,
sample_0153,MmCows,resnet_50,14,left_antler_end,219.46,19.31,222.46,20.31,0.2251,True,
sample_0153,MmCows,resnet_50,15,neck_base,246.46,52.97,249.46,53.97,0.6768,True,
sample_0153,MmCows,resnet_50,16,neck_end,231.39,20.45,234.39,21.45,0.5875,True,
sample_0153,MmCows,resnet_50,17,throat_base,219.58,109.86,222.58,110.86,0.107,False,
sample_0153,MmCows,resnet_50,18,throat_end,151.21,38.24,154.21,39.24,0.038,False,
sample_0153,MmCows,resnet_50,19,back_base,249.91,18.96,252.91,19.96,0.6351,True,
sample_0153,MmCows,resnet_50,20,back_end,304.83,15.26,307.83,16.26,0.3276,True,
sample_0153,MmCows,resnet_50,21,back_middle,248.41,20.64,251.41,21.64,0.4476,True,
sample_0153,MmCows,resnet_50,22,tail_base,308.57,18.11,311.57,19.11,0.3697,True,
sample_0153,MmCows,resnet_50,23,tail_end,309.46,21.41,312.46,22.41,0.0566,False,
sample_0153,MmCows,resnet_50,24,front_left_thai,281.43,148.94,284.43,149.94,0.6044,True,
sample_0153,MmCows,resnet_50,25,front_left_knee,263.05,211.43,266.05,212.43,0.466,True,
sample_0153,MmCows,resnet_50,26,front_left_paw,262.27,216.01,265.27,217.01,0.0981,False,
sample_0153,MmCows,resnet_50,27,front_right_thai,277.16,143.24,280.16,144.24,0.1463,False,
sample_0153,MmCows,resnet_50,28,front_right_knee,257.29,212.79,260.29,213.79,0.2279,True,
sample_0153,MmCows,resnet_50,29,front_right_paw,155.53,25.92,158.53,26.92,0.1904,False,
sample_0153,MmCows,resnet_50,30,back_left_paw,261.22,209.96,264.22,210.96,0.1101,False,
sample_0153,MmCows,resnet_50,31,back_left_thai,291.15,138.36,294.15,139.36,0.8047,True,
sample_0153,MmCows,resnet_50,32,back_right_thai,281.48,142.06,284.48,143.06,0.6647,True,
sample_0153,MmCows,resnet_50,33,back_left_knee,267.46,197.67,270.46,198.67,0.502,True,
sample_0153,MmCows,resnet_50,34,back_right_knee,268.89,197.67,271.89,198.67,0.3835,True,
sample_0153,MmCows,resnet_50,35,back_right_paw,263.27,209.11,266.27,210.11,0.0911,False,
sample_0153,MmCows,resnet_50,36,belly_bottom,289.33,141.46,292.33,142.46,0.2707,True,
sample_0153,MmCows,resnet_50,37,body_middle_right,330.63,85.65,333.63,86.65,0.1174,False,
sample_0153,MmCows,resnet_50,38,body_middle_left,288.69,99.9,291.69,100.9,0.2903,True,
sample_0154,MmCows,resnet_50,0,nose,64.96,174.87,65.96,190.87,0.1421,False,
sample_0154,MmCows,resnet_50,1,upper_jaw,97.12,180.59,98.12,196.59,0.1117,False,
sample_0154,MmCows,resnet_50,2,lower_jaw,104.96,239.51,105.96,255.51,0.1133,False,
sample_0154,MmCows,resnet_50,3,mouth_end_right,68.65,196.69,69.65,212.69,0.204,True,
sample_0154,MmCows,resnet_50,4,mouth_end_left,118.14,239.56,119.14,255.56,0.2428,True,
sample_0154,MmCows,resnet_50,5,right_eye,99.21,148.31,100.21,164.31,0.5342,True,
sample_0154,MmCows,resnet_50,6,right_earbase,102.75,56.57,103.75,72.57,0.4106,True,
sample_0154,MmCows,resnet_50,7,right_earend,305.45,26.03,306.45,42.03,0.1598,False,
sample_0154,MmCows,resnet_50,8,right_antler_base,152.93,50.4,153.93,66.4,0.6216,True,
sample_0154,MmCows,resnet_50,9,right_antler_end,68.92,48.43,69.92,64.43,0.2766,True,
sample_0154,MmCows,resnet_50,10,left_eye,92.83,156.95,93.83,172.95,0.5855,True,
sample_0154,MmCows,resnet_50,11,left_earbase,169.23,112.12,170.23,128.12,0.4853,True,
sample_0154,MmCows,resnet_50,12,left_earend,331.74,127.38,332.74,143.38,0.3478,True,
sample_0154,MmCows,resnet_50,13,left_antler_base,102.43,69.33,103.43,85.33,0.5958,True,
sample_0154,MmCows,resnet_50,14,left_antler_end,338.24,49.58,339.24,65.58,0.3774,True,
sample_0154,MmCows,resnet_50,15,neck_base,250.37,91.4,251.37,107.4,0.5318,True,
sample_0154,MmCows,resnet_50,16,neck_end,321.11,57.79,322.11,73.79,0.779,True,
sample_0154,MmCows,resnet_50,17,throat_base,172.47,280.28,173.47,296.28,0.4571,True,
sample_0154,MmCows,resnet_50,18,throat_end,188.06,318.79,189.06,334.79,0.2213,True,
sample_0154,MmCows,resnet_50,19,back_base,344.0,52.77,345.0,68.77,0.8006,True,
sample_0154,MmCows,resnet_50,20,back_end,1026.68,190.81,1027.68,206.81,0.7021,True,
sample_0154,MmCows,resnet_50,21,back_middle,614.45,100.95,615.45,116.95,0.9269,True,
sample_0154,MmCows,resnet_50,22,tail_base,1044.7,229.47,1045.7,245.47,0.7821,True,
sample_0154,MmCows,resnet_50,23,tail_end,958.51,737.2,959.51,753.2,0.2782,True,
sample_0154,MmCows,resnet_50,24,front_left_thai,779.41,508.6,780.41,524.6,0.3263,True,
sample_0154,MmCows,resnet_50,25,front_left_knee,103.37,420.53,104.37,436.53,0.4368,True,
sample_0154,MmCows,resnet_50,26,front_left_paw,215.25,614.23,216.25,630.23,0.418,True,
sample_0154,MmCows,resnet_50,27,front_right_thai,239.51,379.73,240.51,395.73,0.3247,True,
sample_0154,MmCows,resnet_50,28,front_right_knee,762.08,635.81,763.08,651.81,0.4019,True,
sample_0154,MmCows,resnet_50,29,front_right_paw,224.28,621.42,225.28,637.42,0.7237,True,
sample_0154,MmCows,resnet_50,30,back_left_paw,714.43,773.66,715.43,789.66,0.6772,True,
sample_0154,MmCows,resnet_50,31,back_left_thai,836.82,478.17,837.82,494.17,0.7557,True,
sample_0154,MmCows,resnet_50,32,back_right_thai,785.44,487.09,786.44,503.09,0.646,True,
sample_0154,MmCows,resnet_50,33,back_left_knee,790.55,647.89,791.55,663.89,0.8339,True,
sample_0154,MmCows,resnet_50,34,back_right_knee,749.17,612.95,750.17,628.95,0.5821,True,
sample_0154,MmCows,resnet_50,35,back_right_paw,678.45,764.7,679.45,780.7,0.6602,True,
sample_0154,MmCows,resnet_50,36,belly_bottom,500.83,509.7,501.83,525.7,0.7661,True,
sample_0154,MmCows,resnet_50,37,body_middle_right,557.44,312.0,558.44,328.0,0.5436,True,
sample_0154,MmCows,resnet_50,38,body_middle_left,567.23,320.7,568.23,336.7,0.7616,True,
sample_0155,MmCows,resnet_50,0,nose,156.24,49.16,156.24,49.16,0.1834,False,
sample_0155,MmCows,resnet_50,1,upper_jaw,172.34,157.06,172.34,157.06,0.1783,False,
sample_0155,MmCows,resnet_50,2,lower_jaw,171.37,155.04,171.37,155.04,0.1849,False,
sample_0155,MmCows,resnet_50,3,mouth_end_right,167.19,153.64,167.19,153.64,0.0842,False,
sample_0155,MmCows,resnet_50,4,mouth_end_left,178.09,147.82,178.09,147.82,0.1806,False,
sample_0155,MmCows,resnet_50,5,right_eye,126.59,36.24,126.59,36.24,0.1771,False,
sample_0155,MmCows,resnet_50,6,right_earbase,109.24,23.31,109.24,23.31,0.3861,True,
sample_0155,MmCows,resnet_50,7,right_earend,106.53,22.73,106.53,22.73,0.3178,True,
sample_0155,MmCows,resnet_50,8,right_antler_base,105.58,22.53,105.58,22.53,0.2169,True,
sample_0155,MmCows,resnet_50,9,right_antler_end,106.92,27.87,106.92,27.87,0.165,False,
sample_0155,MmCows,resnet_50,10,left_eye,125.93,36.83,125.93,36.83,0.1499,False,
sample_0155,MmCows,resnet_50,11,left_earbase,103.06,24.72,103.06,24.72,0.1383,False,
sample_0155,MmCows,resnet_50,12,left_earend,101.94,22.49,101.94,22.49,0.1496,False,
sample_0155,MmCows,resnet_50,13,left_antler_base,106.07,24.06,106.07,24.06,0.2181,True,
sample_0155,MmCows,resnet_50,14,left_antler_end,-0.71,134.32,-0.71,134.32,0.1587,False,
sample_0155,MmCows,resnet_50,15,neck_base,98.53,23.03,98.53,23.03,0.3211,True,
sample_0155,MmCows,resnet_50,16,neck_end,103.17,32.43,103.17,32.43,0.2951,True,
sample_0155,MmCows,resnet_50,17,throat_base,51.29,168.75,51.29,168.75,0.0861,False,
sample_0155,MmCows,resnet_50,18,throat_end,25.24,153.43,25.24,153.43,0.1613,False,
sample_0155,MmCows,resnet_50,19,back_base,97.14,31.55,97.14,31.55,0.4088,True,
sample_0155,MmCows,resnet_50,20,back_end,38.11,21.89,38.11,21.89,0.6859,True,
sample_0155,MmCows,resnet_50,21,back_middle,80.24,22.52,80.24,22.52,0.5944,True,
sample_0155,MmCows,resnet_50,22,tail_base,33.2,24.44,33.2,24.44,0.844,True,
sample_0155,MmCows,resnet_50,23,tail_end,2.49,133.31,2.49,133.31,0.0879,False,
sample_0155,MmCows,resnet_50,24,front_left_thai,75.24,151.48,75.24,151.48,0.6136,True,
sample_0155,MmCows,resnet_50,25,front_left_knee,45.91,195.06,45.91,195.06,0.2202,True,
sample_0155,MmCows,resnet_50,26,front_left_paw,23.63,208.15,23.63,208.15,0.4157,True,
sample_0155,MmCows,resnet_50,27,front_right_thai,73.55,146.69,73.55,146.69,0.2508,True,
sample_0155,MmCows,resnet_50,28,front_right_knee,46.97,200.88,46.97,200.88,0.1588,False,
sample_0155,MmCows,resnet_50,29,front_right_paw,21.43,202.23,21.43,202.23,0.0602,False,
sample_0155,MmCows,resnet_50,30,back_left_paw,33.17,239.55,33.17,239.55,0.5656,True,
sample_0155,MmCows,resnet_50,31,back_left_thai,173.48,170.61,173.48,170.61,0.2307,True,
sample_0155,MmCows,resnet_50,32,back_right_thai,67.94,149.1,67.94,149.1,0.135,False,
sample_0155,MmCows,resnet_50,33,back_left_knee,31.75,200.18,31.75,200.18,0.5448,True,
sample_0155,MmCows,resnet_50,34,back_right_knee,43.63,198.85,43.63,198.85,0.4808,True,
sample_0155,MmCows,resnet_50,35,back_right_paw,112.88,246.55,112.88,246.55,0.5111,True,
sample_0155,MmCows,resnet_50,36,belly_bottom,124.58,173.61,124.58,173.61,0.6268,True,
sample_0155,MmCows,resnet_50,37,body_middle_right,119.84,141.5,119.84,141.5,0.2136,True,
sample_0155,MmCows,resnet_50,38,body_middle_left,116.36,132.7,116.36,132.7,0.1718,False,
sample_0156,MmCows,resnet_50,0,nose,692.98,40.1,692.98,169.1,0.8074,True,
sample_0156,MmCows,resnet_50,1,upper_jaw,690.64,62.63,690.64,191.63,0.6179,True,
sample_0156,MmCows,resnet_50,2,lower_jaw,678.63,76.62,678.63,205.62,0.4223,True,
sample_0156,MmCows,resnet_50,3,mouth_end_right,674.25,71.07,674.25,200.07,0.5569,True,
sample_0156,MmCows,resnet_50,4,mouth_end_left,683.26,69.39,683.26,198.39,0.5006,True,
sample_0156,MmCows,resnet_50,5,right_eye,655.24,47.58,655.24,176.58,0.5826,True,
sample_0156,MmCows,resnet_50,6,right_earbase,575.7,47.19,575.7,176.19,0.4393,True,
sample_0156,MmCows,resnet_50,7,right_earend,574.94,40.42,574.94,169.42,0.316,True,
sample_0156,MmCows,resnet_50,8,right_antler_base,639.99,31.79,639.99,160.79,0.3651,True,
sample_0156,MmCows,resnet_50,9,right_antler_end,661.12,14.56,661.12,143.56,0.1641,False,
sample_0156,MmCows,resnet_50,10,left_eye,668.54,36.58,668.54,165.58,0.5278,True,
sample_0156,MmCows,resnet_50,11,left_earbase,597.56,33.63,597.56,162.63,0.249,True,
sample_0156,MmCows,resnet_50,12,left_earend,522.74,24.78,522.74,153.78,0.2408,True,
sample_0156,MmCows,resnet_50,13,left_antler_base,622.81,32.36,622.81,161.36,0.2831,True,
sample_0156,MmCows,resnet_50,14,left_antler_end,667.26,257.55,667.26,386.55,0.2751,True,
sample_0156,MmCows,resnet_50,15,neck_base,547.4,56.11,547.4,185.11,0.6288,True,
sample_0156,MmCows,resnet_50,16,neck_end,519.06,39.73,519.06,168.73,0.3029,True,
sample_0156,MmCows,resnet_50,17,throat_base,575.09,121.85,575.09,250.85,0.2225,True,
sample_0156,MmCows,resnet_50,18,throat_end,548.94,111.33,548.94,240.33,0.1837,False,
sample_0156,MmCows,resnet_50,19,back_base,501.96,45.12,501.96,174.12,0.3046,True,
sample_0156,MmCows,resnet_50,20,back_end,129.83,37.5,129.83,166.5,0.4827,True,
sample_0156,MmCows,resnet_50,21,back_middle,326.61,70.6,326.61,199.6,0.4697,True,
sample_0156,MmCows,resnet_50,22,tail_base,106.38,44.68,106.38,173.68,0.5436,True,
sample_0156,MmCows,resnet_50,23,tail_end,141.9,15.05,141.9,144.05,0.2675,True,
sample_0156,MmCows,resnet_50,24,front_left_thai,608.28,147.41,608.28,276.41,0.2439,True,
sample_0156,MmCows,resnet_50,25,front_left_knee,618.4,170.22,618.4,299.22,0.1658,False,
sample_0156,MmCows,resnet_50,26,front_left_paw,680.99,264.49,680.99,393.49,0.1702,False,
sample_0156,MmCows,resnet_50,27,front_right_thai,524.87,146.11,524.87,275.11,0.433,True,
sample_0156,MmCows,resnet_50,28,front_right_knee,487.68,200.64,487.68,329.64,0.2992,True,
sample_0156,MmCows,resnet_50,29,front_right_paw,653.78,215.34,653.78,344.34,0.1901,False,
sample_0156,MmCows,resnet_50,30,back_left_paw,46.57,289.63,46.57,418.63,0.3319,True,
sample_0156,MmCows,resnet_50,31,back_left_thai,170.08,59.62,170.08,188.62,0.2532,True,
sample_0156,MmCows,resnet_50,32,back_right_thai,133.67,103.86,133.67,232.86,0.3805,True,
sample_0156,MmCows,resnet_50,33,back_left_knee,173.72,38.84,173.72,167.84,0.1655,False,
sample_0156,MmCows,resnet_50,34,back_right_knee,132.67,30.89,132.67,159.89,0.3088,True,
sample_0156,MmCows,resnet_50,35,back_right_paw,51.9,297.6,51.9,426.6,0.095,False,
sample_0156,MmCows,resnet_50,36,belly_bottom,659.27,276.43,659.27,405.43,0.0883,False,
sample_0156,MmCows,resnet_50,37,body_middle_right,240.52,153.48,240.52,282.48,0.2258,True,
sample_0156,MmCows,resnet_50,38,body_middle_left,355.7,189.55,355.7,318.55,0.2379,True,
sample_0159,MmCows,resnet_50,0,nose,64.4,101.12,64.4,101.12,0.6884,True,
sample_0159,MmCows,resnet_50,1,upper_jaw,70.28,106.89,70.28,106.89,0.6786,True,
sample_0159,MmCows,resnet_50,2,lower_jaw,75.46,109.45,75.46,109.45,0.6737,True,
sample_0159,MmCows,resnet_50,3,mouth_end_right,66.26,101.19,66.26,101.19,0.67,True,
sample_0159,MmCows,resnet_50,4,mouth_end_left,75.88,100.56,75.88,100.56,0.6756,True,
sample_0159,MmCows,resnet_50,5,right_eye,55.11,82.89,55.11,82.89,0.5641,True,
sample_0159,MmCows,resnet_50,6,right_earbase,226.84,37.11,226.84,37.11,0.1226,False,
sample_0159,MmCows,resnet_50,7,right_earend,234.53,37.32,234.53,37.32,0.2939,True,
sample_0159,MmCows,resnet_50,8,right_antler_base,55.7,71.8,55.7,71.8,0.2123,True,
sample_0159,MmCows,resnet_50,9,right_antler_end,32.98,85.44,32.98,85.44,0.2906,True,
sample_0159,MmCows,resnet_50,10,left_eye,67.26,77.57,67.26,77.57,0.7096,True,
sample_0159,MmCows,resnet_50,11,left_earbase,78.23,68.68,78.23,68.68,0.1357,False,
sample_0159,MmCows,resnet_50,12,left_earend,236.91,34.93,236.91,34.93,0.128,False,
sample_0159,MmCows,resnet_50,13,left_antler_base,71.9,66.18,71.9,66.18,0.2521,True,
sample_0159,MmCows,resnet_50,14,left_antler_end,95.81,77.86,95.81,77.86,0.2455,True,
sample_0159,MmCows,resnet_50,15,neck_base,106.06,66.22,106.06,66.22,0.6251,True,
sample_0159,MmCows,resnet_50,16,neck_end,88.75,34.1,88.75,34.1,0.3759,True,
sample_0159,MmCows,resnet_50,17,throat_base,104.06,100.97,104.06,100.97,0.6168,True,
sample_0159,MmCows,resnet_50,18,throat_end,112.93,103.88,112.93,103.88,0.4925,True,
sample_0159,MmCows,resnet_50,19,back_base,94.12,31.95,94.12,31.95,0.5732,True,
sample_0159,MmCows,resnet_50,20,back_end,226.84,30.44,226.84,30.44,0.1447,False,
sample_0159,MmCows,resnet_50,21,back_middle,128.36,27.53,128.36,27.53,0.2725,True,
sample_0159,MmCows,resnet_50,22,tail_base,229.04,35.51,229.04,35.51,0.0968,False,
sample_0159,MmCows,resnet_50,23,tail_end,29.2,98.28,29.2,98.28,0.1689,False,
sample_0159,MmCows,resnet_50,24,front_left_thai,146.44,123.02,146.44,123.02,0.5697,True,
sample_0159,MmCows,resnet_50,25,front_left_knee,125.28,141.0,125.28,141.0,0.4136,True,
sample_0159,MmCows,resnet_50,26,front_left_paw,110.02,149.09,110.02,149.09,0.7382,True,
sample_0159,MmCows,resnet_50,27,front_right_thai,120.29,121.55,120.29,121.55,0.5712,True,
sample_0159,MmCows,resnet_50,28,front_right_knee,110.6,133.59,110.6,133.59,0.7726,True,
sample_0159,MmCows,resnet_50,29,front_right_paw,101.94,141.35,101.94,141.35,0.7032,True,
sample_0159,MmCows,resnet_50,30,back_left_paw,174.08,169.71,174.08,169.71,0.6895,True,
sample_0159,MmCows,resnet_50,31,back_left_thai,175.15,141.31,175.15,141.31,0.4917,True,
sample_0159,MmCows,resnet_50,32,back_right_thai,158.54,146.85,158.54,146.85,0.1811,False,
sample_0159,MmCows,resnet_50,33,back_left_knee,175.32,163.52,175.32,163.52,0.9426,True,
sample_0159,MmCows,resnet_50,34,back_right_knee,168.86,167.17,168.86,167.17,0.5765,True,
sample_0159,MmCows,resnet_50,35,back_right_paw,169.6,168.95,169.6,168.95,0.6494,True,
sample_0159,MmCows,resnet_50,36,belly_bottom,166.46,135.87,166.46,135.87,0.5569,True,
sample_0159,MmCows,resnet_50,37,body_middle_right,170.27,81.57,170.27,81.57,0.1442,False,
sample_0159,MmCows,resnet_50,38,body_middle_left,174.71,79.44,174.71,79.44,0.32,True,
sample_0160,MmCows,resnet_50,0,nose,143.34,184.48,143.34,190.48,0.0542,False,
sample_0160,MmCows,resnet_50,1,upper_jaw,145.61,184.94,145.61,190.94,0.0973,False,
sample_0160,MmCows,resnet_50,2,lower_jaw,150.1,184.95,150.1,190.95,0.0879,False,
sample_0160,MmCows,resnet_50,3,mouth_end_right,165.01,183.57,165.01,189.57,0.0963,False,
sample_0160,MmCows,resnet_50,4,mouth_end_left,161.66,184.84,161.66,190.84,0.1224,False,
sample_0160,MmCows,resnet_50,5,right_eye,201.46,131.22,201.46,137.22,0.7353,True,
sample_0160,MmCows,resnet_50,6,right_earbase,164.75,109.88,164.75,115.88,0.2984,True,
sample_0160,MmCows,resnet_50,7,right_earend,144.06,186.48,144.06,192.48,0.423,True,
sample_0160,MmCows,resnet_50,8,right_antler_base,190.71,65.29,190.71,71.29,0.2699,True,
sample_0160,MmCows,resnet_50,9,right_antler_end,186.5,59.12,186.5,65.12,0.2569,True,
sample_0160,MmCows,resnet_50,10,left_eye,209.31,125.68,209.31,131.68,0.5376,True,
sample_0160,MmCows,resnet_50,11,left_earbase,225.84,59.42,225.84,65.42,0.3191,True,
sample_0160,MmCows,resnet_50,12,left_earend,286.83,60.24,286.83,66.24,0.4731,True,
sample_0160,MmCows,resnet_50,13,left_antler_base,200.02,62.46,200.02,68.46,0.3066,True,
sample_0160,MmCows,resnet_50,14,left_antler_end,222.53,59.74,222.53,65.74,0.4067,True,
sample_0160,MmCows,resnet_50,15,neck_base,242.58,71.07,242.58,77.07,0.1354,False,
sample_0160,MmCows,resnet_50,16,neck_end,247.02,50.0,247.02,56.0,0.2466,True,
sample_0160,MmCows,resnet_50,17,throat_base,350.03,222.48,350.03,228.48,0.0673,False,
sample_0160,MmCows,resnet_50,18,throat_end,393.68,215.89,393.68,221.89,0.0817,False,
sample_0160,MmCows,resnet_50,19,back_base,272.91,36.69,272.91,42.69,0.4031,True,
sample_0160,MmCows,resnet_50,20,back_end,499.57,35.53,499.57,41.53,0.6672,True,
sample_0160,MmCows,resnet_50,21,back_middle,322.53,20.56,322.53,26.56,0.2432,True,
sample_0160,MmCows,resnet_50,22,tail_base,506.95,44.49,506.95,50.49,0.7993,True,
sample_0160,MmCows,resnet_50,23,tail_end,249.88,156.05,249.88,162.05,0.0914,False,
sample_0160,MmCows,resnet_50,24,front_left_thai,314.18,223.55,314.18,229.55,0.5173,True,
sample_0160,MmCows,resnet_50,25,front_left_knee,310.65,240.97,310.65,246.97,0.3384,True,
sample_0160,MmCows,resnet_50,26,front_left_paw,207.52,274.17,207.52,280.17,0.0874,False,
sample_0160,MmCows,resnet_50,27,front_right_thai,310.1,228.81,310.1,234.81,0.1965,False,
sample_0160,MmCows,resnet_50,28,front_right_knee,152.6,242.06,152.6,248.06,0.2342,True,
sample_0160,MmCows,resnet_50,29,front_right_paw,205.71,271.06,205.71,277.06,0.1064,False,
sample_0160,MmCows,resnet_50,30,back_left_paw,399.3,280.43,399.3,286.43,0.3156,True,
sample_0160,MmCows,resnet_50,31,back_left_thai,448.72,219.4,448.72,225.4,0.5491,True,
sample_0160,MmCows,resnet_50,32,back_right_thai,426.25,228.05,426.25,234.05,0.3424,True,
sample_0160,MmCows,resnet_50,33,back_left_knee,416.77,271.03,416.77,277.03,0.9295,True,
sample_0160,MmCows,resnet_50,34,back_right_knee,413.12,269.86,413.12,275.86,0.7188,True,
sample_0160,MmCows,resnet_50,35,back_right_paw,401.3,280.15,401.3,286.15,0.3179,True,
sample_0160,MmCows,resnet_50,36,belly_bottom,383.26,238.4,383.26,244.4,0.656,True,
sample_0160,MmCows,resnet_50,37,body_middle_right,491.4,127.36,491.4,133.36,0.1037,False,
sample_0160,MmCows,resnet_50,38,body_middle_left,450.49,143.07,450.49,149.07,0.3452,True,
sample_0161,MmCows,resnet_50,0,nose,188.81,82.7,188.81,82.7,0.3516,True,
sample_0161,MmCows,resnet_50,1,upper_jaw,186.36,86.91,186.36,86.91,0.2802,True,
sample_0161,MmCows,resnet_50,2,lower_jaw,338.69,445.71,338.69,445.71,0.2862,True,
sample_0161,MmCows,resnet_50,3,mouth_end_right,326.91,427.19,326.91,427.19,0.1548,False,
sample_0161,MmCows,resnet_50,4,mouth_end_left,341.32,440.79,341.32,440.79,0.2711,True,
sample_0161,MmCows,resnet_50,5,right_eye,363.53,399.86,363.53,399.86,0.1125,False,
sample_0161,MmCows,resnet_50,6,right_earbase,138.65,207.16,138.65,207.16,0.121,False,
sample_0161,MmCows,resnet_50,7,right_earend,556.92,193.84,556.92,193.84,0.2131,True,
sample_0161,MmCows,resnet_50,8,right_antler_base,155.9,152.19,155.9,152.19,0.2268,True,
sample_0161,MmCows,resnet_50,9,right_antler_end,197.86,76.16,197.86,76.16,0.1814,False,
sample_0161,MmCows,resnet_50,10,left_eye,355.75,402.44,355.75,402.44,0.2116,True,
sample_0161,MmCows,resnet_50,11,left_earbase,49.7,268.21,49.7,268.21,0.0652,False,
sample_0161,MmCows,resnet_50,12,left_earend,564.22,161.89,564.22,161.89,0.0838,False,
sample_0161,MmCows,resnet_50,13,left_antler_base,383.96,367.09,383.96,367.09,0.1298,False,
sample_0161,MmCows,resnet_50,14,left_antler_end,561.43,203.74,561.43,203.74,0.2863,True,
sample_0161,MmCows,resnet_50,15,neck_base,141.19,230.19,141.19,230.19,0.5325,True,
sample_0161,MmCows,resnet_50,16,neck_end,167.23,216.53,167.23,216.53,0.128,False,
sample_0161,MmCows,resnet_50,17,throat_base,284.61,358.15,284.61,358.15,0.1191,False,
sample_0161,MmCows,resnet_50,18,throat_end,347.15,356.88,347.15,356.88,0.2352,True,
sample_0161,MmCows,resnet_50,19,back_base,163.51,212.4,163.51,212.4,0.1149,False,
sample_0161,MmCows,resnet_50,20,back_end,559.02,160.68,559.02,160.68,0.2216,True,
sample_0161,MmCows,resnet_50,21,back_middle,358.27,179.69,358.27,179.69,0.2416,True,
sample_0161,MmCows,resnet_50,22,tail_base,561.92,165.71,561.92,165.71,0.1496,False,
sample_0161,MmCows,resnet_50,23,tail_end,261.45,193.98,261.45,193.98,0.2384,True,
sample_0161,MmCows,resnet_50,24,front_left_thai,254.62,386.06,254.62,386.06,0.2853,True,
sample_0161,MmCows,resnet_50,25,front_left_knee,300.18,415.38,300.18,415.38,0.108,False,
sample_0161,MmCows,resnet_50,26,front_left_paw,358.68,426.94,358.68,426.94,0.1776,False,
sample_0161,MmCows,resnet_50,27,front_right_thai,241.07,386.72,241.07,386.72,0.305,True,
sample_0161,MmCows,resnet_50,28,front_right_knee,70.09,353.31,70.09,353.31,0.2063,True,
sample_0161,MmCows,resnet_50,29,front_right_paw,343.05,422.39,343.05,422.39,0.2918,True,
sample_0161,MmCows,resnet_50,30,back_left_paw,35.38,438.08,35.38,438.08,0.11,False,
sample_0161,MmCows,resnet_50,31,back_left_thai,79.54,338.21,79.54,338.21,0.1115,False,
sample_0161,MmCows,resnet_50,32,back_right_thai,81.1,341.68,81.1,341.68,0.1836,False,
sample_0161,MmCows,resnet_50,33,back_left_knee,78.56,358.06,78.56,358.06,0.1827,False,
sample_0161,MmCows,resnet_50,34,back_right_knee,52.09,329.41,52.09,329.41,0.1079,False,
sample_0161,MmCows,resnet_50,35,back_right_paw,332.69,432.77,332.69,432.77,0.0854,False,
sample_0161,MmCows,resnet_50,36,belly_bottom,565.64,223.32,565.64,223.32,0.0833,False,
sample_0161,MmCows,resnet_50,37,body_middle_right,340.18,256.61,340.18,256.61,0.0935,False,
sample_0161,MmCows,resnet_50,38,body_middle_left,424.0,220.58,424.0,220.58,0.3427,True,
sample_0162,MmCows,resnet_50,0,nose,102.54,283.75,105.54,298.75,0.4802,True,
sample_0162,MmCows,resnet_50,1,upper_jaw,94.31,282.93,97.31,297.93,0.3443,True,
sample_0162,MmCows,resnet_50,2,lower_jaw,102.36,293.92,105.36,308.92,0.4233,True,
sample_0162,MmCows,resnet_50,3,mouth_end_right,101.98,259.28,104.98,274.28,0.5292,True,
sample_0162,MmCows,resnet_50,4,mouth_end_left,127.86,264.33,130.86,279.33,0.5884,True,
sample_0162,MmCows,resnet_50,5,right_eye,73.68,164.61,76.68,179.61,0.8382,True,
sample_0162,MmCows,resnet_50,6,right_earbase,98.11,44.63,101.11,59.63,0.648,True,
sample_0162,MmCows,resnet_50,7,right_earend,71.11,28.19,74.11,43.19,0.4183,True,
sample_0162,MmCows,resnet_50,8,right_antler_base,84.4,71.76,87.4,86.76,0.7193,True,
sample_0162,MmCows,resnet_50,9,right_antler_end,57.7,43.99,60.7,58.99,0.3532,True,
sample_0162,MmCows,resnet_50,10,left_eye,87.94,179.97,90.94,194.97,0.9227,True,
sample_0162,MmCows,resnet_50,11,left_earbase,125.38,108.37,128.38,123.37,0.5456,True,
sample_0162,MmCows,resnet_50,12,left_earend,69.92,61.53,72.92,76.53,0.1712,False,
sample_0162,MmCows,resnet_50,13,left_antler_base,105.53,70.5,108.53,85.5,0.6203,True,
sample_0162,MmCows,resnet_50,14,left_antler_end,70.82,74.68,73.82,89.68,0.3364,True,
sample_0162,MmCows,resnet_50,15,neck_base,195.38,88.76,198.38,103.76,0.7063,True,
sample_0162,MmCows,resnet_50,16,neck_end,267.08,44.74,270.08,59.74,0.7245,True,
sample_0162,MmCows,resnet_50,17,throat_base,143.09,280.39,146.09,295.39,0.4652,True,
sample_0162,MmCows,resnet_50,18,throat_end,135.06,310.8,138.06,325.8,0.2938,True,
sample_0162,MmCows,resnet_50,19,back_base,291.26,36.33,294.26,51.33,0.7634,True,
sample_0162,MmCows,resnet_50,20,back_end,981.94,71.85,984.94,86.85,0.7451,True,
sample_0162,MmCows,resnet_50,21,back_middle,556.86,44.61,559.86,59.61,0.7924,True,
sample_0162,MmCows,resnet_50,22,tail_base,1024.43,111.11,1027.43,126.11,0.7772,True,
sample_0162,MmCows,resnet_50,23,tail_end,1075.09,198.92,1078.09,213.92,0.2671,True,
sample_0162,MmCows,resnet_50,24,front_left_thai,167.54,372.61,170.54,387.61,0.4951,True,
sample_0162,MmCows,resnet_50,25,front_left_knee,721.41,537.65,724.41,552.65,0.6846,True,
sample_0162,MmCows,resnet_50,26,front_left_paw,709.56,716.01,712.56,731.01,0.8245,True,
sample_0162,MmCows,resnet_50,27,front_right_thai,160.81,382.68,163.81,397.68,0.3969,True,
sample_0162,MmCows,resnet_50,28,front_right_knee,702.36,534.35,705.36,549.35,0.6899,True,
sample_0162,MmCows,resnet_50,29,front_right_paw,680.53,676.5,683.53,691.5,0.7738,True,
sample_0162,MmCows,resnet_50,30,back_left_paw,153.63,700.34,156.63,715.34,0.8729,True,
sample_0162,MmCows,resnet_50,31,back_left_thai,896.48,365.83,899.48,380.83,0.7805,True,
sample_0162,MmCows,resnet_50,32,back_right_thai,908.77,361.54,911.77,376.54,0.4772,True,
sample_0162,MmCows,resnet_50,33,back_left_knee,140.57,519.71,143.57,534.71,0.7808,True,
sample_0162,MmCows,resnet_50,34,back_right_knee,115.16,509.19,118.16,524.19,0.5944,True,
sample_0162,MmCows,resnet_50,35,back_right_paw,144.74,700.08,147.74,715.08,0.7878,True,
sample_0162,MmCows,resnet_50,36,belly_bottom,495.27,460.25,498.27,475.25,0.6742,True,
sample_0162,MmCows,resnet_50,37,body_middle_right,514.71,246.26,517.71,261.26,0.3998,True,
sample_0162,MmCows,resnet_50,38,body_middle_left,523.77,257.16,526.77,272.16,0.4829,True,
sample_0163,MmCows,resnet_50,0,nose,461.95,179.58,462.95,189.58,0.5564,True,
sample_0163,MmCows,resnet_50,1,upper_jaw,460.32,187.5,461.32,197.5,0.3507,True,
sample_0163,MmCows,resnet_50,2,lower_jaw,654.11,196.47,655.11,206.47,0.3385,True,
sample_0163,MmCows,resnet_50,3,mouth_end_right,648.56,192.94,649.56,202.94,0.3796,True,
sample_0163,MmCows,resnet_50,4,mouth_end_left,468.61,178.12,469.61,188.12,0.2952,True,
sample_0163,MmCows,resnet_50,5,right_eye,645.23,164.93,646.23,174.93,0.5403,True,
sample_0163,MmCows,resnet_50,6,right_earbase,629.58,135.1,630.58,145.1,0.372,True,
sample_0163,MmCows,resnet_50,7,right_earend,426.57,86.29,427.57,96.29,0.3516,True,
sample_0163,MmCows,resnet_50,8,right_antler_base,646.99,157.87,647.99,167.87,0.4166,True,
sample_0163,MmCows,resnet_50,9,right_antler_end,424.01,76.04,425.01,86.04,0.494,True,
sample_0163,MmCows,resnet_50,10,left_eye,661.18,164.72,662.18,174.72,0.5555,True,
sample_0163,MmCows,resnet_50,11,left_earbase,640.5,127.35,641.5,137.35,0.3091,True,
sample_0163,MmCows,resnet_50,12,left_earend,617.65,93.1,618.65,103.1,0.3495,True,
sample_0163,MmCows,resnet_50,13,left_antler_base,659.12,152.94,660.12,162.94,0.3936,True,
sample_0163,MmCows,resnet_50,14,left_antler_end,622.2,93.57,623.2,103.57,0.4464,True,
sample_0163,MmCows,resnet_50,15,neck_base,613.71,164.86,614.71,174.86,0.4786,True,
sample_0163,MmCows,resnet_50,16,neck_end,599.06,154.1,600.06,164.1,0.1326,False,
sample_0163,MmCows,resnet_50,17,throat_base,461.5,243.37,462.5,253.37,0.2026,True,
sample_0163,MmCows,resnet_50,18,throat_end,476.5,222.12,477.5,232.12,0.1704,False,
sample_0163,MmCows,resnet_50,19,back_base,522.44,126.03,523.44,136.03,0.1805,False,
sample_0163,MmCows,resnet_50,20,back_end,605.18,370.96,606.18,380.96,0.0475,False,
sample_0163,MmCows,resnet_50,21,back_middle,570.07,97.51,571.07,107.51,0.0423,False,
sample_0163,MmCows,resnet_50,22,tail_base,402.21,274.86,403.21,284.86,0.0575,False,
sample_0163,MmCows,resnet_50,23,tail_end,419.39,77.71,420.39,87.71,0.2941,True,
sample_0163,MmCows,resnet_50,24,front_left_thai,572.21,307.17,573.21,317.17,0.1518,False,
sample_0163,MmCows,resnet_50,25,front_left_knee,580.84,349.21,581.84,359.21,0.1853,False,
sample_0163,MmCows,resnet_50,26,front_left_paw,422.26,300.14,423.26,310.14,0.1712,False,
sample_0163,MmCows,resnet_50,27,front_right_thai,408.69,282.13,409.69,292.13,0.3001,True,
sample_0163,MmCows,resnet_50,28,front_right_knee,399.75,288.61,400.75,298.61,0.4826,True,
sample_0163,MmCows,resnet_50,29,front_right_paw,407.76,302.97,408.76,312.97,0.4893,True,
sample_0163,MmCows,resnet_50,30,back_left_paw,584.86,359.74,585.86,369.74,0.3903,True,
sample_0163,MmCows,resnet_50,31,back_left_thai,563.05,309.47,564.05,319.47,0.1263,False,
sample_0163,MmCows,resnet_50,32,back_right_thai,397.42,266.36,398.42,276.36,0.1732,False,
sample_0163,MmCows,resnet_50,33,back_left_knee,571.73,340.12,572.73,350.12,0.3656,True,
sample_0163,MmCows,resnet_50,34,back_right_knee,394.03,289.08,395.03,299.08,0.4646,True,
sample_0163,MmCows,resnet_50,35,back_right_paw,565.87,354.41,566.87,364.41,0.2371,True,
sample_0163,MmCows,resnet_50,36,belly_bottom,519.93,325.94,520.93,335.94,0.1926,False,
sample_0163,MmCows,resnet_50,37,body_middle_right,435.19,214.42,436.19,224.42,0.1201,False,
sample_0163,MmCows,resnet_50,38,body_middle_left,653.95,241.8,654.95,251.8,0.1233,False,
sample_0164,MmCows,resnet_50,0,nose,62.72,156.54,63.72,172.54,0.2775,True,
sample_0164,MmCows,resnet_50,1,upper_jaw,72.54,160.75,73.54,176.75,0.114,False,
sample_0164,MmCows,resnet_50,2,lower_jaw,71.11,174.41,72.11,190.41,0.0913,False,
sample_0164,MmCows,resnet_50,3,mouth_end_right,62.0,150.92,63.0,166.92,0.2283,True,
sample_0164,MmCows,resnet_50,4,mouth_end_left,90.99,178.19,91.99,194.19,0.2172,True,
sample_0164,MmCows,resnet_50,5,right_eye,56.7,110.1,57.7,126.1,0.603,True,
sample_0164,MmCows,resnet_50,6,right_earbase,84.62,66.42,85.62,82.42,0.1622,False,
sample_0164,MmCows,resnet_50,7,right_earend,401.86,41.46,402.86,57.46,0.1226,False,
sample_0164,MmCows,resnet_50,8,right_antler_base,62.86,73.72,63.86,89.72,0.1796,False,
sample_0164,MmCows,resnet_50,9,right_antler_end,56.92,73.9,57.92,89.9,0.1387,False,
sample_0164,MmCows,resnet_50,10,left_eye,63.41,105.58,64.41,121.58,0.4892,True,
sample_0164,MmCows,resnet_50,11,left_earbase,74.75,76.85,75.75,92.85,0.1755,False,
sample_0164,MmCows,resnet_50,12,left_earend,71.44,77.74,72.44,93.74,0.2212,True,
sample_0164,MmCows,resnet_50,13,left_antler_base,67.95,70.45,68.95,86.45,0.1841,False,
sample_0164,MmCows,resnet_50,14,left_antler_end,158.45,108.1,159.45,124.1,0.1386,False,
sample_0164,MmCows,resnet_50,15,neck_base,118.36,72.03,119.36,88.03,0.4338,True,
sample_0164,MmCows,resnet_50,16,neck_end,144.66,37.7,145.66,53.7,0.3758,True,
sample_0164,MmCows,resnet_50,17,throat_base,94.83,174.03,95.83,190.03,0.1371,False,
sample_0164,MmCows,resnet_50,18,throat_end,262.67,220.23,263.67,236.23,0.1204,False,
sample_0164,MmCows,resnet_50,19,back_base,157.84,32.62,158.84,48.62,0.407,True,
sample_0164,MmCows,resnet_50,20,back_end,146.83,24.07,147.83,40.07,0.7324,True,
sample_0164,MmCows,resnet_50,21,back_middle,293.25,9.0,294.25,25.0,0.4752,True,
sample_0164,MmCows,resnet_50,22,tail_base,138.17,35.36,139.17,51.36,0.7269,True,
sample_0164,MmCows,resnet_50,23,tail_end,86.29,279.85,87.29,295.85,0.2191,True,
sample_0164,MmCows,resnet_50,24,front_left_thai,270.29,213.3,271.29,229.3,0.5759,True,
sample_0164,MmCows,resnet_50,25,front_left_knee,256.04,275.76,257.04,291.76,0.4252,True,
sample_0164,MmCows,resnet_50,26,front_left_paw,242.43,342.59,243.43,358.59,0.5351,True,
sample_0164,MmCows,resnet_50,27,front_right_thai,367.27,183.83,368.27,199.83,0.31,True,
sample_0164,MmCows,resnet_50,28,front_right_knee,258.57,275.29,259.57,291.29,0.2625,True,
sample_0164,MmCows,resnet_50,29,front_right_paw,242.64,343.86,243.64,359.86,0.5017,True,
sample_0164,MmCows,resnet_50,30,back_left_paw,45.28,374.29,46.28,390.29,0.2466,True,
sample_0164,MmCows,resnet_50,31,back_left_thai,368.46,176.54,369.46,192.54,0.5497,True,
sample_0164,MmCows,resnet_50,32,back_right_thai,176.55,213.1,177.55,229.1,0.6868,True,
sample_0164,MmCows,resnet_50,33,back_left_knee,366.41,274.86,367.41,290.86,0.5738,True,
sample_0164,MmCows,resnet_50,34,back_right_knee,129.27,301.01,130.27,317.01,0.9042,True,
sample_0164,MmCows,resnet_50,35,back_right_paw,116.41,387.08,117.41,403.08,0.9343,True,
sample_0164,MmCows,resnet_50,36,belly_bottom,287.14,247.7,288.14,263.7,0.5613,True,
sample_0164,MmCows,resnet_50,37,body_middle_right,275.13,156.17,276.13,172.17,0.2082,True,
sample_0164,MmCows,resnet_50,38,body_middle_left,299.01,140.65,300.01,156.65,0.3734,True,
sample_0165,MmCows,resnet_50,0,nose,348.04,243.3,495.04,251.3,0.3408,True,
sample_0165,MmCows,resnet_50,1,upper_jaw,347.63,246.74,494.63,254.74,0.1608,False,
sample_0165,MmCows,resnet_50,2,lower_jaw,347.25,249.49,494.25,257.49,0.0728,False,
sample_0165,MmCows,resnet_50,3,mouth_end_right,345.09,246.89,492.09,254.89,0.1525,False,
sample_0165,MmCows,resnet_50,4,mouth_end_left,349.12,247.58,496.12,255.58,0.175,False,
sample_0165,MmCows,resnet_50,5,right_eye,348.16,240.63,495.16,248.63,0.2965,True,
sample_0165,MmCows,resnet_50,6,right_earbase,343.93,227.75,490.93,235.75,0.2193,True,
sample_0165,MmCows,resnet_50,7,right_earend,347.88,223.82,494.88,231.82,0.0795,False,
sample_0165,MmCows,resnet_50,8,right_antler_base,341.61,223.28,488.61,231.28,0.1859,False,
sample_0165,MmCows,resnet_50,9,right_antler_end,342.99,226.03,489.99,234.03,0.172,False,
sample_0165,MmCows,resnet_50,10,left_eye,348.42,243.46,495.42,251.46,0.2345,True,
sample_0165,MmCows,resnet_50,11,left_earbase,332.86,221.48,479.86,229.48,0.0687,False,
sample_0165,MmCows,resnet_50,12,left_earend,331.57,219.55,478.57,227.55,0.1786,False,
sample_0165,MmCows,resnet_50,13,left_antler_base,343.3,225.3,490.3,233.3,0.1417,False,
sample_0165,MmCows,resnet_50,14,left_antler_end,333.68,220.21,480.68,228.21,0.1709,False,
sample_0165,MmCows,resnet_50,15,neck_base,340.6,228.35,487.6,236.35,0.8679,True,
sample_0165,MmCows,resnet_50,16,neck_end,342.29,223.41,489.29,231.41,0.4445,True,
sample_0165,MmCows,resnet_50,17,throat_base,346.27,248.52,493.27,256.52,0.0829,False,
sample_0165,MmCows,resnet_50,18,throat_end,345.8,246.63,492.8,254.63,0.1532,False,
sample_0165,MmCows,resnet_50,19,back_base,339.29,221.97,486.29,229.97,0.5036,True,
sample_0165,MmCows,resnet_50,20,back_end,319.41,294.16,466.41,302.16,0.1817,False,
sample_0165,MmCows,resnet_50,21,back_middle,330.16,224.8,477.16,232.8,0.2363,True,
sample_0165,MmCows,resnet_50,22,tail_base,321.99,306.99,468.99,314.99,0.2656,True,
sample_0165,MmCows,resnet_50,23,tail_end,321.68,308.59,468.68,316.59,0.4597,True,
sample_0165,MmCows,resnet_50,24,front_left_thai,283.37,257.5,430.37,265.5,0.3272,True,
sample_0165,MmCows,resnet_50,25,front_left_knee,281.95,262.14,428.95,270.14,0.1237,False,
sample_0165,MmCows,resnet_50,26,front_left_paw,274.01,331.22,421.01,339.22,0.0579,False,
sample_0165,MmCows,resnet_50,27,front_right_thai,337.87,317.57,484.87,325.57,0.1151,False,
sample_0165,MmCows,resnet_50,28,front_right_knee,290.62,315.97,437.62,323.97,0.046,False,
sample_0165,MmCows,resnet_50,29,front_right_paw,277.43,331.33,424.43,339.33,0.1722,False,
sample_0165,MmCows,resnet_50,30,back_left_paw,273.87,334.04,420.87,342.04,0.573,True,
sample_0165,MmCows,resnet_50,31,back_left_thai,282.35,269.51,429.35,277.51,0.3582,True,
sample_0165,MmCows,resnet_50,32,back_right_thai,336.04,318.31,483.04,326.31,0.3291,True,
sample_0165,MmCows,resnet_50,33,back_left_knee,277.62,315.02,424.62,323.02,0.5715,True,
sample_0165,MmCows,resnet_50,34,back_right_knee,332.2,329.47,479.2,337.47,0.1112,False,
sample_0165,MmCows,resnet_50,35,back_right_paw,277.92,333.99,424.92,341.99,0.226,True,
sample_0165,MmCows,resnet_50,36,belly_bottom,291.64,310.86,438.64,318.86,0.1756,False,
sample_0165,MmCows,resnet_50,37,body_middle_right,330.7,257.39,477.7,265.39,0.2286,True,
sample_0165,MmCows,resnet_50,38,body_middle_left,342.31,262.26,489.31,270.26,0.2096,True,
sample_0166,MmCows,resnet_50,0,nose,536.43,147.55,536.43,153.55,1.0,True,
sample_0166,MmCows,resnet_50,1,upper_jaw,532.03,161.69,532.03,167.69,1.0,True,
sample_0166,MmCows,resnet_50,2,lower_jaw,523.83,165.16,523.83,171.16,0.958,True,
sample_0166,MmCows,resnet_50,3,mouth_end_right,510.99,154.65,510.99,160.65,0.7715,True,
sample_0166,MmCows,resnet_50,4,mouth_end_left,533.71,150.13,533.71,156.13,0.7901,True,
sample_0166,MmCows,resnet_50,5,right_eye,511.23,91.19,511.23,97.19,0.8826,True,
sample_0166,MmCows,resnet_50,6,right_earbase,497.27,49.63,497.27,55.63,0.5819,True,
sample_0166,MmCows,resnet_50,7,right_earend,440.32,16.16,440.32,22.16,0.5853,True,
sample_0166,MmCows,resnet_50,8,right_antler_base,506.9,59.29,506.9,65.29,0.6133,True,
sample_0166,MmCows,resnet_50,9,right_antler_end,515.68,38.14,515.68,44.14,0.4353,True,
sample_0166,MmCows,resnet_50,10,left_eye,535.81,93.54,535.81,99.54,0.945,True,
sample_0166,MmCows,resnet_50,11,left_earbase,529.97,48.73,529.97,54.73,0.5578,True,
sample_0166,MmCows,resnet_50,12,left_earend,535.35,37.87,535.35,43.87,0.5719,True,
sample_0166,MmCows,resnet_50,13,left_antler_base,533.0,61.96,533.0,67.96,0.7052,True,
sample_0166,MmCows,resnet_50,14,left_antler_end,529.0,37.77,529.0,43.77,0.5833,True,
sample_0166,MmCows,resnet_50,15,neck_base,413.06,97.57,413.06,103.57,0.2908,True,
sample_0166,MmCows,resnet_50,16,neck_end,329.17,13.83,329.17,19.83,0.4542,True,
sample_0166,MmCows,resnet_50,17,throat_base,428.16,150.18,428.16,156.18,0.5681,True,
sample_0166,MmCows,resnet_50,18,throat_end,412.06,178.81,412.06,184.81,0.4268,True,
sample_0166,MmCows,resnet_50,19,back_base,322.35,13.52,322.35,19.52,0.6188,True,
sample_0166,MmCows,resnet_50,20,back_end,114.77,36.59,114.77,42.59,0.6056,True,
sample_0166,MmCows,resnet_50,21,back_middle,198.25,27.12,198.25,33.12,0.4133,True,
sample_0166,MmCows,resnet_50,22,tail_base,104.25,51.08,104.25,57.08,0.5266,True,
sample_0166,MmCows,resnet_50,23,tail_end,112.41,18.65,112.41,24.65,0.0861,False,
sample_0166,MmCows,resnet_50,24,front_left_thai,398.68,206.61,398.68,212.61,0.3597,True,
sample_0166,MmCows,resnet_50,25,front_left_knee,397.27,231.25,397.27,237.25,0.3974,True,
sample_0166,MmCows,resnet_50,26,front_left_paw,382.34,258.65,382.34,264.65,0.2593,True,
sample_0166,MmCows,resnet_50,27,front_right_thai,294.53,186.85,294.53,192.85,0.3964,True,
sample_0166,MmCows,resnet_50,28,front_right_knee,392.7,234.58,392.7,240.58,0.3096,True,
sample_0166,MmCows,resnet_50,29,front_right_paw,385.57,256.62,385.57,262.62,0.4205,True,
sample_0166,MmCows,resnet_50,30,back_left_paw,251.47,274.28,251.47,280.28,0.1278,False,
sample_0166,MmCows,resnet_50,31,back_left_thai,120.65,241.5,120.65,247.5,0.2729,True,
sample_0166,MmCows,resnet_50,32,back_right_thai,148.68,247.36,148.68,253.36,0.2239,True,
sample_0166,MmCows,resnet_50,33,back_left_knee,142.61,272.7,142.61,278.7,0.1211,False,
sample_0166,MmCows,resnet_50,34,back_right_knee,138.87,291.76,138.87,297.76,0.3017,True,
sample_0166,MmCows,resnet_50,35,back_right_paw,252.16,275.49,252.16,281.49,0.0962,False,
sample_0166,MmCows,resnet_50,36,belly_bottom,245.69,276.61,245.69,282.61,0.3901,True,
sample_0166,MmCows,resnet_50,37,body_middle_right,175.69,161.79,175.69,167.79,0.1939,False,
sample_0166,MmCows,resnet_50,38,body_middle_left,313.19,145.56,313.19,151.56,0.2208,True,
sample_0167,MmCows,resnet_50,0,nose,256.41,174.14,257.41,181.14,0.7867,True,
sample_0167,MmCows,resnet_50,1,upper_jaw,256.73,178.08,257.73,185.08,0.6414,True,
sample_0167,MmCows,resnet_50,2,lower_jaw,252.88,179.88,253.88,186.88,0.5296,True,
sample_0167,MmCows,resnet_50,3,mouth_end_right,251.1,178.48,252.1,185.48,0.5527,True,
sample_0167,MmCows,resnet_50,4,mouth_end_left,252.23,176.84,253.23,183.84,0.5968,True,
sample_0167,MmCows,resnet_50,5,right_eye,241.73,171.72,242.73,178.72,0.7314,True,
sample_0167,MmCows,resnet_50,6,right_earbase,178.81,129.91,179.81,136.91,0.5362,True,
sample_0167,MmCows,resnet_50,7,right_earend,220.91,152.56,221.91,159.56,0.1675,False,
sample_0167,MmCows,resnet_50,8,right_antler_base,234.34,165.42,235.34,172.42,0.5608,True,
sample_0167,MmCows,resnet_50,9,right_antler_end,211.92,109.54,212.92,116.54,0.3922,True,
sample_0167,MmCows,resnet_50,10,left_eye,245.51,165.98,246.51,172.98,0.7448,True,
sample_0167,MmCows,resnet_50,11,left_earbase,236.71,160.52,237.71,167.52,0.3838,True,
sample_0167,MmCows,resnet_50,12,left_earend,234.82,155.66,235.82,162.66,0.2474,True,
sample_0167,MmCows,resnet_50,13,left_antler_base,235.85,160.86,236.85,167.86,0.5804,True,
sample_0167,MmCows,resnet_50,14,left_antler_end,236.62,160.99,237.62,167.99,0.4419,True,
sample_0167,MmCows,resnet_50,15,neck_base,231.25,166.14,232.25,173.14,0.5955,True,
sample_0167,MmCows,resnet_50,16,neck_end,224.57,154.14,225.57,161.14,0.3985,True,
sample_0167,MmCows,resnet_50,17,throat_base,229.31,178.99,230.31,185.99,0.4027,True,
sample_0167,MmCows,resnet_50,18,throat_end,227.09,183.16,228.09,190.16,0.4291,True,
sample_0167,MmCows,resnet_50,19,back_base,222.14,150.32,223.14,157.32,0.4522,True,
sample_0167,MmCows,resnet_50,20,back_end,217.35,149.17,218.35,156.17,0.6284,True,
sample_0167,MmCows,resnet_50,21,back_middle,113.7,137.62,114.7,144.62,0.1611,False,
sample_0167,MmCows,resnet_50,22,tail_base,220.64,152.78,221.64,159.78,0.5636,True,
sample_0167,MmCows,resnet_50,23,tail_end,138.44,197.04,139.44,204.04,0.2873,True,
sample_0167,MmCows,resnet_50,24,front_left_thai,213.91,187.39,214.91,194.39,0.3703,True,
sample_0167,MmCows,resnet_50,25,front_left_knee,159.26,202.99,160.26,209.99,0.3046,True,
sample_0167,MmCows,resnet_50,26,front_left_paw,208.48,250.61,209.48,257.61,0.3742,True,
sample_0167,MmCows,resnet_50,27,front_right_thai,212.69,187.26,213.69,194.26,0.5359,True,
sample_0167,MmCows,resnet_50,28,front_right_knee,199.65,221.33,200.65,228.33,0.5023,True,
sample_0167,MmCows,resnet_50,29,front_right_paw,207.24,251.99,208.24,258.99,0.7785,True,
sample_0167,MmCows,resnet_50,30,back_left_paw,140.95,236.72,141.95,243.72,0.285,True,
sample_0167,MmCows,resnet_50,31,back_left_thai,214.26,184.25,215.26,191.25,0.3802,True,
sample_0167,MmCows,resnet_50,32,back_right_thai,178.01,187.77,179.01,194.77,0.4572,True,
sample_0167,MmCows,resnet_50,33,back_left_knee,154.97,199.61,155.97,206.61,0.3078,True,
sample_0167,MmCows,resnet_50,34,back_right_knee,166.68,208.51,167.68,215.51,0.6768,True,
sample_0167,MmCows,resnet_50,35,back_right_paw,173.94,252.26,174.94,259.26,0.5093,True,
sample_0167,MmCows,resnet_50,36,belly_bottom,176.48,219.89,177.48,226.89,0.2546,True,
sample_0167,MmCows,resnet_50,37,body_middle_right,173.84,165.84,174.84,172.84,0.1688,False,
sample_0167,MmCows,resnet_50,38,body_middle_left,171.17,168.07,172.17,175.07,0.2418,True,
sample_0168,MmCows,resnet_50,0,nose,338.25,297.65,340.25,299.65,0.1114,False,
sample_0168,MmCows,resnet_50,1,upper_jaw,335.69,302.87,337.69,304.87,0.0845,False,
sample_0168,MmCows,resnet_50,2,lower_jaw,368.23,234.82,370.23,236.82,0.0852,False,
sample_0168,MmCows,resnet_50,3,mouth_end_right,341.13,302.76,343.13,304.76,0.0859,False,
sample_0168,MmCows,resnet_50,4,mouth_end_left,375.41,283.75,377.41,285.75,0.1999,False,
sample_0168,MmCows,resnet_50,5,right_eye,336.42,293.75,338.42,295.75,0.3254,True,
sample_0168,MmCows,resnet_50,6,right_earbase,378.61,241.67,380.61,243.67,0.2843,True,
sample_0168,MmCows,resnet_50,7,right_earend,363.31,232.06,365.31,234.06,0.3514,True,
sample_0168,MmCows,resnet_50,8,right_antler_base,320.05,265.71,322.05,267.71,0.2956,True,
sample_0168,MmCows,resnet_50,9,right_antler_end,366.2,231.11,368.2,233.11,0.468,True,
sample_0168,MmCows,resnet_50,10,left_eye,361.18,285.88,363.18,287.88,0.3188,True,
sample_0168,MmCows,resnet_50,11,left_earbase,372.01,258.74,374.01,260.74,0.2783,True,
sample_0168,MmCows,resnet_50,12,left_earend,383.82,238.44,385.82,240.44,0.131,False,
sample_0168,MmCows,resnet_50,13,left_antler_base,362.73,252.47,364.73,254.47,0.2845,True,
sample_0168,MmCows,resnet_50,14,left_antler_end,365.33,231.04,367.33,233.04,0.3213,True,
sample_0168,MmCows,resnet_50,15,neck_base,386.07,255.68,388.07,257.68,0.5705,True,
sample_0168,MmCows,resnet_50,16,neck_end,334.44,254.09,336.44,256.09,0.4047,True,
sample_0168,MmCows,resnet_50,17,throat_base,386.13,273.77,388.13,275.77,0.332,True,
sample_0168,MmCows,resnet_50,18,throat_end,386.04,275.78,388.04,277.78,0.3846,True,
sample_0168,MmCows,resnet_50,19,back_base,336.4,251.67,338.4,253.67,0.3325,True,
sample_0168,MmCows,resnet_50,20,back_end,296.12,322.42,298.12,324.42,0.3764,True,
sample_0168,MmCows,resnet_50,21,back_middle,292.84,301.39,294.84,303.39,0.1669,False,
sample_0168,MmCows,resnet_50,22,tail_base,322.98,358.74,324.98,360.74,0.4141,True,
sample_0168,MmCows,resnet_50,23,tail_end,350.4,350.39,352.4,352.39,0.1291,False,
sample_0168,MmCows,resnet_50,24,front_left_thai,387.06,273.41,389.06,275.41,0.328,True,
sample_0168,MmCows,resnet_50,25,front_left_knee,396.23,303.3,398.23,305.3,0.4249,True,
sample_0168,MmCows,resnet_50,26,front_left_paw,393.91,362.02,395.91,364.02,0.4685,True,
sample_0168,MmCows,resnet_50,27,front_right_thai,379.48,273.14,381.48,275.14,0.6126,True,
sample_0168,MmCows,resnet_50,28,front_right_knee,387.74,321.14,389.74,323.14,0.5479,True,
sample_0168,MmCows,resnet_50,29,front_right_paw,393.45,362.44,395.45,364.44,0.3128,True,
sample_0168,MmCows,resnet_50,30,back_left_paw,394.52,362.05,396.52,364.05,0.4205,True,
sample_0168,MmCows,resnet_50,31,back_left_thai,295.71,328.21,297.71,330.21,0.4612,True,
sample_0168,MmCows,resnet_50,32,back_right_thai,310.95,327.1,312.95,329.1,0.2037,True,
sample_0168,MmCows,resnet_50,33,back_left_knee,393.4,355.82,395.4,357.82,0.2207,True,
sample_0168,MmCows,resnet_50,34,back_right_knee,317.57,343.58,319.57,345.58,0.2279,True,
sample_0168,MmCows,resnet_50,35,back_right_paw,393.73,363.81,395.73,365.81,0.2053,True,
sample_0168,MmCows,resnet_50,36,belly_bottom,380.57,323.83,382.57,325.83,0.3534,True,
sample_0168,MmCows,resnet_50,37,body_middle_right,339.46,304.18,341.46,306.18,0.3499,True,
sample_0168,MmCows,resnet_50,38,body_middle_left,345.86,308.72,347.86,310.72,0.2072,True,
sample_0169,MmCows,resnet_50,0,nose,265.49,38.26,282.49,42.26,0.8878,True,
sample_0169,MmCows,resnet_50,1,upper_jaw,263.52,43.54,280.52,47.54,0.8873,True,
sample_0169,MmCows,resnet_50,2,lower_jaw,258.86,47.49,275.86,51.49,0.654,True,
sample_0169,MmCows,resnet_50,3,mouth_end_right,251.67,45.24,268.67,49.24,0.5171,True,
sample_0169,MmCows,resnet_50,4,mouth_end_left,256.66,39.07,273.66,43.07,0.5796,True,
sample_0169,MmCows,resnet_50,5,right_eye,239.63,27.88,256.63,31.88,0.7163,True,
sample_0169,MmCows,resnet_50,6,right_earbase,62.25,47.37,79.25,51.37,0.5096,True,
sample_0169,MmCows,resnet_50,7,right_earend,65.12,43.69,82.12,47.69,0.3658,True,
sample_0169,MmCows,resnet_50,8,right_antler_base,226.2,13.63,243.2,17.63,0.5967,True,
sample_0169,MmCows,resnet_50,9,right_antler_end,67.42,39.55,84.42,43.55,0.4554,True,
sample_0169,MmCows,resnet_50,10,left_eye,247.0,22.48,264.0,26.48,0.8535,True,
sample_0169,MmCows,resnet_50,11,left_earbase,226.84,8.75,243.84,12.75,0.5287,True,
sample_0169,MmCows,resnet_50,12,left_earend,223.4,4.35,240.4,8.35,0.5159,True,
sample_0169,MmCows,resnet_50,13,left_antler_base,235.74,11.56,252.74,15.56,0.6208,True,
sample_0169,MmCows,resnet_50,14,left_antler_end,63.61,40.1,80.61,44.1,0.5097,True,
sample_0169,MmCows,resnet_50,15,neck_base,89.33,59.11,106.33,63.11,0.6614,True,
sample_0169,MmCows,resnet_50,16,neck_end,114.67,52.1,131.67,56.1,0.276,True,
sample_0169,MmCows,resnet_50,17,throat_base,73.02,98.85,90.02,102.85,0.3681,True,
sample_0169,MmCows,resnet_50,18,throat_end,94.99,108.6,111.99,112.6,0.5058,True,
sample_0169,MmCows,resnet_50,19,back_base,95.77,54.58,112.77,58.58,0.366,True,
sample_0169,MmCows,resnet_50,20,back_end,177.28,11.08,194.28,15.08,0.1571,False,
sample_0169,MmCows,resnet_50,21,back_middle,131.41,46.35,148.41,50.35,0.448,True,
sample_0169,MmCows,resnet_50,22,tail_base,216.08,29.34,233.08,33.34,0.1371,False,
sample_0169,MmCows,resnet_50,23,tail_end,68.26,44.52,85.26,48.52,0.2539,True,
sample_0169,MmCows,resnet_50,24,front_left_thai,122.27,125.74,139.27,129.74,0.4244,True,
sample_0169,MmCows,resnet_50,25,front_left_knee,131.83,138.56,148.83,142.56,0.6126,True,
sample_0169,MmCows,resnet_50,26,front_left_paw,150.21,150.18,167.21,154.18,0.4167,True,
sample_0169,MmCows,resnet_50,27,front_right_thai,121.09,126.4,138.09,130.4,0.4048,True,
sample_0169,MmCows,resnet_50,28,front_right_knee,122.52,138.89,139.52,142.89,0.4803,True,
sample_0169,MmCows,resnet_50,29,front_right_paw,146.17,144.66,163.17,148.66,0.7079,True,
sample_0169,MmCows,resnet_50,30,back_left_paw,150.58,148.4,167.58,152.4,0.2977,True,
sample_0169,MmCows,resnet_50,31,back_left_thai,158.04,122.98,175.04,126.98,0.2841,True,
sample_0169,MmCows,resnet_50,32,back_right_thai,47.72,90.88,64.72,94.88,0.2335,True,
sample_0169,MmCows,resnet_50,33,back_left_knee,155.03,135.03,172.03,139.03,0.4187,True,
sample_0169,MmCows,resnet_50,34,back_right_knee,48.39,124.78,65.39,128.78,0.5859,True,
sample_0169,MmCows,resnet_50,35,back_right_paw,150.06,147.73,167.06,151.73,0.4037,True,
sample_0169,MmCows,resnet_50,36,belly_bottom,154.65,104.17,171.65,108.17,0.2653,True,
sample_0169,MmCows,resnet_50,37,body_middle_right,151.51,50.9,168.51,54.9,0.2132,True,
sample_0169,MmCows,resnet_50,38,body_middle_left,171.06,91.66,188.06,95.66,0.3209,True,
sample_0170,MmCows,resnet_50,0,nose,259.6,81.12,268.6,85.12,0.6231,True,
sample_0170,MmCows,resnet_50,1,upper_jaw,252.34,82.29,261.34,86.29,0.4654,True,
sample_0170,MmCows,resnet_50,2,lower_jaw,245.96,92.46,254.96,96.46,0.2559,True,
sample_0170,MmCows,resnet_50,3,mouth_end_right,247.21,86.16,256.21,90.16,0.4298,True,
sample_0170,MmCows,resnet_50,4,mouth_end_left,257.14,82.29,266.14,86.29,0.5177,True,
sample_0170,MmCows,resnet_50,5,right_eye,246.8,47.58,255.8,51.58,0.519,True,
sample_0170,MmCows,resnet_50,6,right_earbase,230.08,42.09,239.08,46.09,0.3624,True,
sample_0170,MmCows,resnet_50,7,right_earend,236.79,44.7,245.79,48.7,0.4685,True,
sample_0170,MmCows,resnet_50,8,right_antler_base,248.73,36.51,257.73,40.51,0.2857,True,
sample_0170,MmCows,resnet_50,9,right_antler_end,25.4,24.43,34.4,28.43,0.23,True,
sample_0170,MmCows,resnet_50,10,left_eye,257.36,47.13,266.36,51.13,0.6414,True,
sample_0170,MmCows,resnet_50,11,left_earbase,122.66,60.34,131.66,64.34,0.1769,False,
sample_0170,MmCows,resnet_50,12,left_earend,123.36,44.18,132.36,48.18,0.2431,True,
sample_0170,MmCows,resnet_50,13,left_antler_base,248.19,32.67,257.19,36.67,0.2803,True,
sample_0170,MmCows,resnet_50,14,left_antler_end,123.78,50.24,132.78,54.24,0.3822,True,
sample_0170,MmCows,resnet_50,15,neck_base,88.45,63.71,97.45,67.71,0.6423,True,
sample_0170,MmCows,resnet_50,16,neck_end,217.86,30.24,226.86,34.24,0.1336,False,
sample_0170,MmCows,resnet_50,17,throat_base,74.93,91.4,83.93,95.4,0.1801,False,
sample_0170,MmCows,resnet_50,18,throat_end,76.89,90.59,85.89,94.59,0.2667,True,
sample_0170,MmCows,resnet_50,19,back_base,72.75,34.68,81.75,38.68,0.2009,True,
sample_0170,MmCows,resnet_50,20,back_end,223.29,23.7,232.29,27.7,0.3335,True,
sample_0170,MmCows,resnet_50,21,back_middle,151.65,25.61,160.65,29.61,0.3909,True,
sample_0170,MmCows,resnet_50,22,tail_base,235.92,36.32,244.92,40.32,0.334,True,
sample_0170,MmCows,resnet_50,23,tail_end,41.81,223.07,50.81,227.07,0.1235,False,
sample_0170,MmCows,resnet_50,24,front_left_thai,107.47,98.45,116.47,102.45,0.3859,True,
sample_0170,MmCows,resnet_50,25,front_left_knee,42.55,156.57,51.55,160.57,0.1093,False,
sample_0170,MmCows,resnet_50,26,front_left_paw,259.93,92.88,268.93,96.88,0.064,False,
sample_0170,MmCows,resnet_50,27,front_right_thai,44.23,81.06,53.23,85.06,0.3407,True,
sample_0170,MmCows,resnet_50,28,front_right_knee,98.45,132.61,107.45,136.61,0.1691,False,
sample_0170,MmCows,resnet_50,29,front_right_paw,255.17,192.34,264.17,196.34,0.0762,False,
sample_0170,MmCows,resnet_50,30,back_left_paw,69.68,219.32,78.68,223.32,0.3744,True,
sample_0170,MmCows,resnet_50,31,back_left_thai,61.15,207.51,70.15,211.51,0.1745,False,
sample_0170,MmCows,resnet_50,32,back_right_thai,46.95,141.83,55.95,145.83,0.1358,False,
sample_0170,MmCows,resnet_50,33,back_left_knee,35.33,155.6,44.33,159.6,0.6168,True,
sample_0170,MmCows,resnet_50,34,back_right_knee,36.92,158.32,45.92,162.32,0.5809,True,
sample_0170,MmCows,resnet_50,35,back_right_paw,24.77,217.8,33.77,221.8,0.6188,True,
sample_0170,MmCows,resnet_50,36,belly_bottom,132.6,143.29,141.6,147.29,0.3623,True,
sample_0170,MmCows,resnet_50,37,body_middle_right,36.24,99.09,45.24,103.09,0.2969,True,
sample_0170,MmCows,resnet_50,38,body_middle_left,123.59,116.7,132.59,120.7,0.1623,False,
sample_0172,MmCows,resnet_50,0,nose,142.21,168.42,142.21,168.42,0.7853,True,
sample_0172,MmCows,resnet_50,1,upper_jaw,142.6,171.34,142.6,171.34,0.6553,True,
sample_0172,MmCows,resnet_50,2,lower_jaw,144.14,171.12,144.14,171.12,0.5791,True,
sample_0172,MmCows,resnet_50,3,mouth_end_right,142.56,169.06,142.56,169.06,0.5638,True,
sample_0172,MmCows,resnet_50,4,mouth_end_left,148.1,167.93,148.1,167.93,0.62,True,
sample_0172,MmCows,resnet_50,5,right_eye,141.05,157.86,141.05,157.86,0.7765,True,
sample_0172,MmCows,resnet_50,6,right_earbase,139.17,147.05,139.17,147.05,0.5164,True,
sample_0172,MmCows,resnet_50,7,right_earend,138.27,143.31,138.27,143.31,0.2951,True,
sample_0172,MmCows,resnet_50,8,right_antler_base,138.84,149.12,138.84,149.12,0.6044,True,
sample_0172,MmCows,resnet_50,9,right_antler_end,138.68,140.78,138.68,140.78,0.8743,True,
sample_0172,MmCows,resnet_50,10,left_eye,151.84,157.7,151.84,157.7,0.6905,True,
sample_0172,MmCows,resnet_50,11,left_earbase,171.01,137.75,171.01,137.75,0.2252,True,
sample_0172,MmCows,resnet_50,12,left_earend,213.47,141.19,213.47,141.19,0.272,True,
sample_0172,MmCows,resnet_50,13,left_antler_base,148.45,149.84,148.45,149.84,0.2561,True,
sample_0172,MmCows,resnet_50,14,left_antler_end,167.76,131.48,167.76,131.48,0.4634,True,
sample_0172,MmCows,resnet_50,15,neck_base,173.26,185.44,173.26,185.44,0.1576,False,
sample_0172,MmCows,resnet_50,16,neck_end,171.24,138.26,171.24,138.26,0.0533,False,
sample_0172,MmCows,resnet_50,17,throat_base,150.95,169.13,150.95,169.13,0.1586,False,
sample_0172,MmCows,resnet_50,18,throat_end,156.85,171.81,156.85,171.81,0.0801,False,
sample_0172,MmCows,resnet_50,19,back_base,208.59,143.41,208.59,143.41,0.047,False,
sample_0172,MmCows,resnet_50,20,back_end,177.63,143.17,177.63,143.17,0.2992,True,
sample_0172,MmCows,resnet_50,21,back_middle,173.52,146.53,173.52,146.53,0.0935,False,
sample_0172,MmCows,resnet_50,22,tail_base,178.95,145.58,178.95,145.58,0.4381,True,
sample_0172,MmCows,resnet_50,23,tail_end,210.81,140.68,210.81,140.68,0.547,True,
sample_0172,MmCows,resnet_50,24,front_left_thai,179.41,188.82,179.41,188.82,0.1823,False,
sample_0172,MmCows,resnet_50,25,front_left_knee,182.35,209.93,182.35,209.93,0.4027,True,
sample_0172,MmCows,resnet_50,26,front_left_paw,180.83,227.71,180.83,227.71,0.6241,True,
sample_0172,MmCows,resnet_50,27,front_right_thai,173.79,193.19,173.79,193.19,0.2835,True,
sample_0172,MmCows,resnet_50,28,front_right_knee,177.88,207.72,177.88,207.72,0.3696,True,
sample_0172,MmCows,resnet_50,29,front_right_paw,179.63,228.1,179.63,228.1,0.6438,True,
sample_0172,MmCows,resnet_50,30,back_left_paw,185.5,226.35,185.5,226.35,0.3954,True,
sample_0172,MmCows,resnet_50,31,back_left_thai,162.33,179.17,162.33,179.17,0.3974,True,
sample_0172,MmCows,resnet_50,32,back_right_thai,178.21,168.55,178.21,168.55,0.3504,True,
sample_0172,MmCows,resnet_50,33,back_left_knee,181.72,204.06,181.72,204.06,0.6032,True,
sample_0172,MmCows,resnet_50,34,back_right_knee,176.91,205.29,176.91,205.29,0.6545,True,
sample_0172,MmCows,resnet_50,35,back_right_paw,168.92,132.93,168.92,132.93,0.322,True,
sample_0172,MmCows,resnet_50,36,belly_bottom,186.34,177.1,186.34,177.1,0.2338,True,
sample_0172,MmCows,resnet_50,37,body_middle_right,184.62,221.51,184.62,221.51,0.1375,False,
sample_0172,MmCows,resnet_50,38,body_middle_left,183.88,221.83,183.88,221.83,0.2563,True,
sample_0173,MmCows,resnet_50,0,nose,181.86,71.63,181.86,75.63,0.2673,True,
sample_0173,MmCows,resnet_50,1,upper_jaw,138.12,80.18,138.12,84.18,0.3041,True,
sample_0173,MmCows,resnet_50,2,lower_jaw,133.75,82.09,133.75,86.09,0.3944,True,
sample_0173,MmCows,resnet_50,3,mouth_end_right,131.82,78.32,131.82,82.32,0.1915,False,
sample_0173,MmCows,resnet_50,4,mouth_end_left,137.63,75.56,137.63,79.56,0.248,True,
sample_0173,MmCows,resnet_50,5,right_eye,140.27,42.98,140.27,46.98,0.4675,True,
sample_0173,MmCows,resnet_50,6,right_earbase,113.12,24.43,113.12,28.43,0.3309,True,
sample_0173,MmCows,resnet_50,7,right_earend,104.14,17.12,104.14,21.12,0.2139,True,
sample_0173,MmCows,resnet_50,8,right_antler_base,128.15,36.24,128.15,40.24,0.1532,False,
sample_0173,MmCows,resnet_50,9,right_antler_end,130.32,44.57,130.32,48.57,0.1069,False,
sample_0173,MmCows,resnet_50,10,left_eye,142.94,43.65,142.94,47.65,0.299,True,
sample_0173,MmCows,resnet_50,11,left_earbase,143.02,21.62,143.02,25.62,0.0479,False,
sample_0173,MmCows,resnet_50,12,left_earend,147.43,17.49,147.43,21.49,0.1146,False,
sample_0173,MmCows,resnet_50,13,left_antler_base,143.21,37.98,143.21,41.98,0.1397,False,
sample_0173,MmCows,resnet_50,14,left_antler_end,163.47,53.9,163.47,57.9,0.2059,True,
sample_0173,MmCows,resnet_50,15,neck_base,109.07,35.74,109.07,39.74,0.7391,True,
sample_0173,MmCows,resnet_50,16,neck_end,100.41,17.54,100.41,21.54,0.2636,True,
sample_0173,MmCows,resnet_50,17,throat_base,119.1,78.26,119.1,82.26,0.1869,False,
sample_0173,MmCows,resnet_50,18,throat_end,120.12,70.62,120.12,74.62,0.1076,False,
sample_0173,MmCows,resnet_50,19,back_base,92.86,18.21,92.86,22.21,0.4222,True,
sample_0173,MmCows,resnet_50,20,back_end,20.63,19.03,20.63,23.03,0.761,True,
sample_0173,MmCows,resnet_50,21,back_middle,64.19,17.81,64.19,21.81,0.5976,True,
sample_0173,MmCows,resnet_50,22,tail_base,14.16,24.06,14.16,28.06,0.9532,True,
sample_0173,MmCows,resnet_50,23,tail_end,12.31,25.24,12.31,29.24,0.1909,False,
sample_0173,MmCows,resnet_50,24,front_left_thai,159.28,53.38,159.28,57.38,0.1113,False,
sample_0173,MmCows,resnet_50,25,front_left_knee,125.31,80.66,125.31,84.66,0.4148,True,
sample_0173,MmCows,resnet_50,26,front_left_paw,27.66,100.24,27.66,104.24,0.4197,True,
sample_0173,MmCows,resnet_50,27,front_right_thai,93.69,62.37,93.69,66.37,0.3585,True,
sample_0173,MmCows,resnet_50,28,front_right_knee,116.98,78.91,116.98,82.91,0.6419,True,
sample_0173,MmCows,resnet_50,29,front_right_paw,130.47,90.97,130.47,94.97,0.6736,True,
sample_0173,MmCows,resnet_50,30,back_left_paw,21.11,100.1,21.11,104.1,0.6161,True,
sample_0173,MmCows,resnet_50,31,back_left_thai,34.79,60.09,34.79,64.09,0.3641,True,
sample_0173,MmCows,resnet_50,32,back_right_thai,36.04,55.93,36.04,59.93,0.6003,True,
sample_0173,MmCows,resnet_50,33,back_left_knee,12.32,70.42,12.32,74.42,0.4359,True,
sample_0173,MmCows,resnet_50,34,back_right_knee,10.59,68.33,10.59,72.33,0.5117,True,
sample_0173,MmCows,resnet_50,35,back_right_paw,11.22,96.56,11.22,100.56,0.5534,True,
sample_0173,MmCows,resnet_50,36,belly_bottom,66.61,76.09,66.61,80.09,0.2232,True,
sample_0173,MmCows,resnet_50,37,body_middle_right,51.81,43.48,51.81,47.48,0.263,True,
sample_0173,MmCows,resnet_50,38,body_middle_left,165.0,38.99,165.0,42.99,0.2011,True,
sample_0174,MmCows,resnet_50,0,nose,716.2,270.9,718.2,271.9,0.543,True,
sample_0174,MmCows,resnet_50,1,upper_jaw,718.86,285.66,720.86,286.66,0.4962,True,
sample_0174,MmCows,resnet_50,2,lower_jaw,713.15,311.97,715.15,312.97,0.4169,True,
sample_0174,MmCows,resnet_50,3,mouth_end_right,690.26,292.16,692.26,293.16,0.5792,True,
sample_0174,MmCows,resnet_50,4,mouth_end_left,708.43,286.1,710.43,287.1,0.6185,True,
sample_0174,MmCows,resnet_50,5,right_eye,687.55,232.96,689.55,233.96,0.753,True,
sample_0174,MmCows,resnet_50,6,right_earbase,641.45,175.89,643.45,176.89,0.4095,True,
sample_0174,MmCows,resnet_50,7,right_earend,625.19,179.76,627.19,180.76,0.2712,True,
sample_0174,MmCows,resnet_50,8,right_antler_base,653.89,189.01,655.89,190.01,0.4808,True,
sample_0174,MmCows,resnet_50,9,right_antler_end,697.9,147.36,699.9,148.36,0.2631,True,
sample_0174,MmCows,resnet_50,10,left_eye,707.61,232.22,709.61,233.22,0.7171,True,
sample_0174,MmCows,resnet_50,11,left_earbase,686.73,156.7,688.73,157.7,0.661,True,
sample_0174,MmCows,resnet_50,12,left_earend,717.17,155.12,719.17,156.12,0.5134,True,
sample_0174,MmCows,resnet_50,13,left_antler_base,690.27,165.27,692.27,166.27,0.6154,True,
sample_0174,MmCows,resnet_50,14,left_antler_end,732.18,145.73,734.18,146.73,0.4102,True,
sample_0174,MmCows,resnet_50,15,neck_base,558.37,170.84,560.37,171.84,0.6571,True,
sample_0174,MmCows,resnet_50,16,neck_end,564.03,85.74,566.03,86.74,0.5564,True,
sample_0174,MmCows,resnet_50,17,throat_base,595.26,312.65,597.26,313.65,0.4952,True,
sample_0174,MmCows,resnet_50,18,throat_end,558.89,325.16,560.89,326.16,0.7017,True,
sample_0174,MmCows,resnet_50,19,back_base,541.49,68.68,543.49,69.68,0.672,True,
sample_0174,MmCows,resnet_50,20,back_end,79.05,26.21,81.05,27.21,0.6157,True,
sample_0174,MmCows,resnet_50,21,back_middle,348.39,41.0,350.39,42.0,0.7787,True,
sample_0174,MmCows,resnet_50,22,tail_base,63.24,32.3,65.24,33.3,0.86,True,
sample_0174,MmCows,resnet_50,23,tail_end,58.22,222.49,60.22,223.49,0.1093,False,
sample_0174,MmCows,resnet_50,24,front_left_thai,535.86,328.5,537.86,329.5,0.9126,True,
sample_0174,MmCows,resnet_50,25,front_left_knee,521.01,406.67,523.01,407.67,0.7933,True,
sample_0174,MmCows,resnet_50,26,front_left_paw,501.65,492.11,503.65,493.11,0.8523,True,
sample_0174,MmCows,resnet_50,27,front_right_thai,481.92,316.06,483.92,317.06,0.9605,True,
sample_0174,MmCows,resnet_50,28,front_right_knee,471.88,417.93,473.88,418.93,0.8034,True,
sample_0174,MmCows,resnet_50,29,front_right_paw,465.26,532.21,467.26,533.21,0.927,True,
sample_0174,MmCows,resnet_50,30,back_left_paw,212.04,444.77,214.04,445.77,0.8022,True,
sample_0174,MmCows,resnet_50,31,back_left_thai,154.39,242.54,156.39,243.54,0.87,True,
sample_0174,MmCows,resnet_50,32,back_right_thai,113.47,230.23,115.47,231.23,1.0,True,
sample_0174,MmCows,resnet_50,33,back_left_knee,159.54,331.18,161.54,332.18,0.8331,True,
sample_0174,MmCows,resnet_50,34,back_right_knee,91.08,335.73,93.08,336.73,0.9502,True,
sample_0174,MmCows,resnet_50,35,back_right_paw,116.44,482.22,118.44,483.22,0.9129,True,
sample_0174,MmCows,resnet_50,36,belly_bottom,285.41,338.96,287.41,339.96,0.6017,True,
sample_0174,MmCows,resnet_50,37,body_middle_right,310.41,191.02,312.41,192.02,0.7845,True,
sample_0174,MmCows,resnet_50,38,body_middle_left,315.43,196.71,317.43,197.71,0.5961,True,
sample_0175,MmCows,resnet_50,0,nose,521.45,227.58,521.45,227.58,0.3834,True,
sample_0175,MmCows,resnet_50,1,upper_jaw,525.17,236.97,525.17,236.97,0.233,True,
sample_0175,MmCows,resnet_50,2,lower_jaw,521.62,237.08,521.62,237.08,0.1209,False,
sample_0175,MmCows,resnet_50,3,mouth_end_right,421.02,124.99,421.02,124.99,0.0873,False,
sample_0175,MmCows,resnet_50,4,mouth_end_left,523.59,221.38,523.59,221.38,0.1413,False,
sample_0175,MmCows,resnet_50,5,right_eye,398.89,183.77,398.89,183.77,0.3752,True,
sample_0175,MmCows,resnet_50,6,right_earbase,377.78,187.31,377.78,187.31,0.1855,False,
sample_0175,MmCows,resnet_50,7,right_earend,353.91,178.25,353.91,178.25,0.1395,False,
sample_0175,MmCows,resnet_50,8,right_antler_base,366.94,93.89,366.94,93.89,0.1164,False,
sample_0175,MmCows,resnet_50,9,right_antler_end,335.68,197.85,335.68,197.85,0.1197,False,
sample_0175,MmCows,resnet_50,10,left_eye,405.4,180.2,405.4,180.2,0.7238,True,
sample_0175,MmCows,resnet_50,11,left_earbase,393.41,146.2,393.41,146.2,0.1331,False,
sample_0175,MmCows,resnet_50,12,left_earend,417.81,76.75,417.81,76.75,0.0594,False,
sample_0175,MmCows,resnet_50,13,left_antler_base,393.41,118.92,393.41,118.92,0.1349,False,
sample_0175,MmCows,resnet_50,14,left_antler_end,410.49,167.3,410.49,167.3,0.136,False,
sample_0175,MmCows,resnet_50,15,neck_base,416.53,209.33,416.53,209.33,0.1389,False,
sample_0175,MmCows,resnet_50,16,neck_end,482.6,70.84,482.6,70.84,0.1945,False,
sample_0175,MmCows,resnet_50,17,throat_base,413.65,218.02,413.65,218.02,0.2086,True,
sample_0175,MmCows,resnet_50,18,throat_end,417.46,227.11,417.46,227.11,0.1892,False,
sample_0175,MmCows,resnet_50,19,back_base,478.93,68.18,478.93,68.18,0.2108,True,
sample_0175,MmCows,resnet_50,20,back_end,366.05,93.27,366.05,93.27,0.5656,True,
sample_0175,MmCows,resnet_50,21,back_middle,384.21,89.81,384.21,89.81,0.3108,True,
sample_0175,MmCows,resnet_50,22,tail_base,365.61,96.75,365.61,96.75,0.5558,True,
sample_0175,MmCows,resnet_50,23,tail_end,465.66,118.74,465.66,118.74,0.1298,False,
sample_0175,MmCows,resnet_50,24,front_left_thai,432.61,233.0,432.61,233.0,0.3446,True,
sample_0175,MmCows,resnet_50,25,front_left_knee,519.83,225.7,519.83,225.7,0.2584,True,
sample_0175,MmCows,resnet_50,26,front_left_paw,520.4,232.7,520.4,232.7,0.462,True,
sample_0175,MmCows,resnet_50,27,front_right_thai,342.5,148.38,342.5,148.38,0.2196,True,
sample_0175,MmCows,resnet_50,28,front_right_knee,502.69,225.85,502.69,225.85,0.2811,True,
sample_0175,MmCows,resnet_50,29,front_right_paw,517.54,234.4,517.54,234.4,0.1212,False,
sample_0175,MmCows,resnet_50,30,back_left_paw,356.75,241.15,356.75,241.15,0.1516,False,
sample_0175,MmCows,resnet_50,31,back_left_thai,369.84,213.31,369.84,213.31,0.2956,True,
sample_0175,MmCows,resnet_50,32,back_right_thai,337.3,145.38,337.3,145.38,0.6067,True,
sample_0175,MmCows,resnet_50,33,back_left_knee,362.59,229.68,362.59,229.68,0.5885,True,
sample_0175,MmCows,resnet_50,34,back_right_knee,367.06,225.6,367.06,225.6,0.2674,True,
sample_0175,MmCows,resnet_50,35,back_right_paw,352.97,240.63,352.97,240.63,0.136,False,
sample_0175,MmCows,resnet_50,36,belly_bottom,459.04,240.73,459.04,240.73,0.1601,False,
sample_0175,MmCows,resnet_50,37,body_middle_right,350.48,138.86,350.48,138.86,0.1848,False,
sample_0175,MmCows,resnet_50,38,body_middle_left,524.99,134.76,524.99,134.76,0.1581,False,
sample_0176,MmCows,resnet_50,0,nose,41.16,247.65,41.16,248.65,0.2954,True,
sample_0176,MmCows,resnet_50,1,upper_jaw,53.37,248.29,53.37,249.29,0.3121,True,
sample_0176,MmCows,resnet_50,2,lower_jaw,52.7,246.12,52.7,247.12,0.1916,False,
sample_0176,MmCows,resnet_50,3,mouth_end_right,43.12,239.86,43.12,240.86,0.1307,False,
sample_0176,MmCows,resnet_50,4,mouth_end_left,100.46,107.36,100.46,108.36,0.2364,True,
sample_0176,MmCows,resnet_50,5,right_eye,194.8,171.69,194.8,172.69,0.41,True,
sample_0176,MmCows,resnet_50,6,right_earbase,18.83,101.27,18.83,102.27,0.1325,False,
sample_0176,MmCows,resnet_50,7,right_earend,37.11,106.91,37.11,107.91,0.173,False,
sample_0176,MmCows,resnet_50,8,right_antler_base,197.24,138.77,197.24,139.77,0.1164,False,
sample_0176,MmCows,resnet_50,9,right_antler_end,27.22,190.16,27.22,191.16,0.0984,False,
sample_0176,MmCows,resnet_50,10,left_eye,194.35,175.64,194.35,176.64,0.5285,True,
sample_0176,MmCows,resnet_50,11,left_earbase,228.87,141.37,228.87,142.37,0.1199,False,
sample_0176,MmCows,resnet_50,12,left_earend,30.67,190.54,30.67,191.54,0.0765,False,
sample_0176,MmCows,resnet_50,13,left_antler_base,226.5,147.9,226.5,148.9,0.1665,False,
sample_0176,MmCows,resnet_50,14,left_antler_end,95.43,105.24,95.43,106.24,0.0944,False,
sample_0176,MmCows,resnet_50,15,neck_base,189.02,121.97,189.02,122.97,0.2539,True,
sample_0176,MmCows,resnet_50,16,neck_end,190.91,111.15,190.91,112.15,0.2286,True,
sample_0176,MmCows,resnet_50,17,throat_base,154.35,222.54,154.35,223.54,0.1288,False,
sample_0176,MmCows,resnet_50,18,throat_end,29.16,196.52,29.16,197.52,0.1624,False,
sample_0176,MmCows,resnet_50,19,back_base,96.44,104.12,96.44,105.12,0.2716,True,
sample_0176,MmCows,resnet_50,20,back_end,170.43,94.26,170.43,95.26,0.361,True,
sample_0176,MmCows,resnet_50,21,back_middle,175.8,99.01,175.8,100.01,0.5234,True,
sample_0176,MmCows,resnet_50,22,tail_base,178.62,102.11,178.62,103.11,0.3481,True,
sample_0176,MmCows,resnet_50,23,tail_end,89.27,102.97,89.27,103.97,0.0966,False,
sample_0176,MmCows,resnet_50,24,front_left_thai,170.15,209.48,170.15,210.48,0.5894,True,
sample_0176,MmCows,resnet_50,25,front_left_knee,136.23,252.87,136.23,253.87,0.5593,True,
sample_0176,MmCows,resnet_50,26,front_left_paw,128.92,295.79,128.92,296.79,0.7166,True,
sample_0176,MmCows,resnet_50,27,front_right_thai,137.79,194.49,137.79,195.49,0.4828,True,
sample_0176,MmCows,resnet_50,28,front_right_knee,124.77,249.7,124.77,250.7,0.3819,True,
sample_0176,MmCows,resnet_50,29,front_right_paw,127.71,295.67,127.71,296.67,0.6924,True,
sample_0176,MmCows,resnet_50,30,back_left_paw,17.92,341.14,17.92,342.14,0.6771,True,
sample_0176,MmCows,resnet_50,31,back_left_thai,159.35,202.3,159.35,203.3,0.4749,True,
sample_0176,MmCows,resnet_50,32,back_right_thai,32.91,231.32,32.91,232.32,0.312,True,
sample_0176,MmCows,resnet_50,33,back_left_knee,25.32,273.21,25.32,274.21,0.5291,True,
sample_0176,MmCows,resnet_50,34,back_right_knee,60.89,289.77,60.89,290.77,0.3293,True,
sample_0176,MmCows,resnet_50,35,back_right_paw,17.89,341.6,17.89,342.6,0.5047,True,
sample_0176,MmCows,resnet_50,36,belly_bottom,90.12,201.4,90.12,202.4,0.3553,True,
sample_0176,MmCows,resnet_50,37,body_middle_right,64.38,141.13,64.38,142.13,0.1355,False,
sample_0176,MmCows,resnet_50,38,body_middle_left,212.12,172.17,212.12,173.17,0.2161,True,
sample_0177,MmCows,resnet_50,0,nose,396.73,590.73,422.73,590.73,0.0531,False,
sample_0177,MmCows,resnet_50,1,upper_jaw,401.37,604.22,427.37,604.22,0.0854,False,
sample_0177,MmCows,resnet_50,2,lower_jaw,386.29,604.88,412.29,604.88,0.0762,False,
sample_0177,MmCows,resnet_50,3,mouth_end_right,648.45,513.18,674.45,513.18,0.1056,False,
sample_0177,MmCows,resnet_50,4,mouth_end_left,657.99,504.67,683.99,504.67,0.1434,False,
sample_0177,MmCows,resnet_50,5,right_eye,646.99,452.68,672.99,452.68,0.6362,True,
sample_0177,MmCows,resnet_50,6,right_earbase,633.28,381.68,659.28,381.68,0.5271,True,
sample_0177,MmCows,resnet_50,7,right_earend,640.81,366.5,666.81,366.5,0.4311,True,
sample_0177,MmCows,resnet_50,8,right_antler_base,640.38,388.59,666.38,388.59,0.2495,True,
sample_0177,MmCows,resnet_50,9,right_antler_end,509.72,289.75,535.72,289.75,0.1088,False,
sample_0177,MmCows,resnet_50,10,left_eye,657.77,451.39,683.77,451.39,0.3891,True,
sample_0177,MmCows,resnet_50,11,left_earbase,644.68,365.7,670.68,365.7,0.3191,True,
sample_0177,MmCows,resnet_50,12,left_earend,639.3,351.38,665.3,351.38,0.2754,True,
sample_0177,MmCows,resnet_50,13,left_antler_base,640.95,367.63,666.95,367.63,0.357,True,
sample_0177,MmCows,resnet_50,14,left_antler_end,498.36,260.01,524.36,260.01,0.1628,False,
sample_0177,MmCows,resnet_50,15,neck_base,476.24,352.63,502.24,352.63,0.3696,True,
sample_0177,MmCows,resnet_50,16,neck_end,501.22,254.35,527.22,254.35,0.3738,True,
sample_0177,MmCows,resnet_50,17,throat_base,603.55,506.31,629.55,506.31,0.1015,False,
sample_0177,MmCows,resnet_50,18,throat_end,475.44,307.88,501.44,307.88,0.1004,False,
sample_0177,MmCows,resnet_50,19,back_base,492.75,243.31,518.75,243.31,0.5772,True,
sample_0177,MmCows,resnet_50,20,back_end,469.92,217.4,495.92,217.4,0.341,True,
sample_0177,MmCows,resnet_50,21,back_middle,450.93,226.13,476.93,226.13,0.3045,True,
sample_0177,MmCows,resnet_50,22,tail_base,472.43,221.56,498.43,221.56,0.2909,True,
sample_0177,MmCows,resnet_50,23,tail_end,146.34,327.43,172.34,327.43,0.1382,False,
sample_0177,MmCows,resnet_50,24,front_left_thai,488.8,557.08,514.8,557.08,0.3046,True,
sample_0177,MmCows,resnet_50,25,front_left_knee,407.64,639.58,433.64,639.58,0.424,True,
sample_0177,MmCows,resnet_50,26,front_left_paw,377.55,769.07,403.55,769.07,0.8872,True,
sample_0177,MmCows,resnet_50,27,front_right_thai,281.58,524.54,307.58,524.54,0.6993,True,
sample_0177,MmCows,resnet_50,28,front_right_knee,293.99,628.59,319.99,628.59,0.444,True,
sample_0177,MmCows,resnet_50,29,front_right_paw,286.43,767.69,312.43,767.69,0.796,True,
sample_0177,MmCows,resnet_50,30,back_left_paw,379.6,756.25,405.6,756.25,0.683,True,
sample_0177,MmCows,resnet_50,31,back_left_thai,390.61,547.06,416.61,547.06,0.6991,True,
sample_0177,MmCows,resnet_50,32,back_right_thai,282.02,523.54,308.02,523.54,0.7646,True,
sample_0177,MmCows,resnet_50,33,back_left_knee,393.11,631.47,419.11,631.47,0.7375,True,
sample_0177,MmCows,resnet_50,34,back_right_knee,295.97,632.83,321.97,632.83,0.6834,True,
sample_0177,MmCows,resnet_50,35,back_right_paw,290.85,766.62,316.85,766.62,0.8573,True,
sample_0177,MmCows,resnet_50,36,belly_bottom,377.75,574.13,403.75,574.13,0.3454,True,
sample_0177,MmCows,resnet_50,37,body_middle_right,293.62,402.73,319.62,402.73,0.2179,True,
sample_0177,MmCows,resnet_50,38,body_middle_left,501.84,490.87,527.84,490.87,0.1863,False,
sample_0178,MmCows,resnet_50,0,nose,23.85,70.74,37.85,77.74,0.3487,True,
sample_0178,MmCows,resnet_50,1,upper_jaw,26.27,71.2,40.27,78.2,0.3922,True,
sample_0178,MmCows,resnet_50,2,lower_jaw,32.96,74.6,46.96,81.6,0.325,True,
sample_0178,MmCows,resnet_50,3,mouth_end_right,21.66,69.59,35.66,76.59,0.432,True,
sample_0178,MmCows,resnet_50,4,mouth_end_left,34.24,65.86,48.24,72.86,0.5442,True,
sample_0178,MmCows,resnet_50,5,right_eye,24.11,34.63,38.11,41.63,0.6442,True,
sample_0178,MmCows,resnet_50,6,right_earbase,12.77,39.07,26.77,46.07,0.2516,True,
sample_0178,MmCows,resnet_50,7,right_earend,11.61,28.75,25.61,35.75,0.1758,False,
sample_0178,MmCows,resnet_50,8,right_antler_base,18.95,18.55,32.95,25.55,0.4414,True,
sample_0178,MmCows,resnet_50,9,right_antler_end,20.09,11.31,34.09,18.31,0.3346,True,
sample_0178,MmCows,resnet_50,10,left_eye,33.68,31.14,47.68,38.14,0.7115,True,
sample_0178,MmCows,resnet_50,11,left_earbase,61.56,26.2,75.56,33.2,0.3125,True,
sample_0178,MmCows,resnet_50,12,left_earend,82.47,27.11,96.47,34.11,0.1741,False,
sample_0178,MmCows,resnet_50,13,left_antler_base,36.37,13.61,50.37,20.61,0.2991,True,
sample_0178,MmCows,resnet_50,14,left_antler_end,46.15,13.6,60.15,20.6,0.277,True,
sample_0178,MmCows,resnet_50,15,neck_base,86.01,38.81,100.01,45.81,0.9405,True,
sample_0178,MmCows,resnet_50,16,neck_end,99.53,24.32,113.53,31.32,0.5146,True,
sample_0178,MmCows,resnet_50,17,throat_base,67.01,74.16,81.01,81.16,0.5067,True,
sample_0178,MmCows,resnet_50,18,throat_end,75.77,81.25,89.77,88.25,0.3974,True,
sample_0178,MmCows,resnet_50,19,back_base,105.43,22.98,119.43,29.98,0.5564,True,
sample_0178,MmCows,resnet_50,20,back_end,178.64,102.92,192.64,109.92,0.1751,False,
sample_0178,MmCows,resnet_50,21,back_middle,163.62,25.73,177.62,32.73,0.4484,True,
sample_0178,MmCows,resnet_50,22,tail_base,175.18,111.65,189.18,118.65,0.3243,True,
sample_0178,MmCows,resnet_50,23,tail_end,157.44,154.19,171.44,161.19,0.0866,False,
sample_0178,MmCows,resnet_50,24,front_left_thai,104.1,80.21,118.1,87.21,0.6944,True,
sample_0178,MmCows,resnet_50,25,front_left_knee,92.69,142.45,106.69,149.45,0.1997,False,
sample_0178,MmCows,resnet_50,26,front_left_paw,97.39,147.26,111.39,154.26,0.1007,False,
sample_0178,MmCows,resnet_50,27,front_right_thai,268.1,176.81,282.1,183.81,0.2749,True,
sample_0178,MmCows,resnet_50,28,front_right_knee,269.36,171.28,283.36,178.28,0.0994,False,
sample_0178,MmCows,resnet_50,29,front_right_paw,32.89,72.86,46.89,79.86,0.045,False,
sample_0178,MmCows,resnet_50,30,back_left_paw,130.9,214.79,144.9,221.79,0.1962,False,
sample_0178,MmCows,resnet_50,31,back_left_thai,264.13,178.59,278.13,185.59,0.318,True,
sample_0178,MmCows,resnet_50,32,back_right_thai,197.52,160.94,211.52,167.94,0.7899,True,
sample_0178,MmCows,resnet_50,33,back_left_knee,129.81,210.1,143.81,217.1,0.5264,True,
sample_0178,MmCows,resnet_50,34,back_right_knee,194.27,206.21,208.27,213.21,0.5479,True,
sample_0178,MmCows,resnet_50,35,back_right_paw,193.8,214.5,207.8,221.5,0.083,False,
sample_0178,MmCows,resnet_50,36,belly_bottom,139.26,101.85,153.26,108.85,0.4288,True,
sample_0178,MmCows,resnet_50,37,body_middle_right,145.62,74.33,159.62,81.33,0.2375,True,
sample_0178,MmCows,resnet_50,38,body_middle_left,150.37,73.56,164.37,80.56,0.4607,True,
sample_0179,MmCows,resnet_50,0,nose,786.99,421.33,845.99,488.33,0.0862,False,
sample_0179,MmCows,resnet_50,1,upper_jaw,765.81,439.2,824.81,506.2,0.0816,False,
sample_0179,MmCows,resnet_50,2,lower_jaw,776.18,392.29,835.18,459.29,0.0937,False,
sample_0179,MmCows,resnet_50,3,mouth_end_right,771.85,390.81,830.85,457.81,0.0838,False,
sample_0179,MmCows,resnet_50,4,mouth_end_left,764.8,404.23,823.8,471.23,0.1132,False,
sample_0179,MmCows,resnet_50,5,right_eye,789.59,390.79,848.59,457.79,0.2039,True,
sample_0179,MmCows,resnet_50,6,right_earbase,759.11,355.32,818.11,422.32,0.4211,True,
sample_0179,MmCows,resnet_50,7,right_earend,789.64,347.94,848.64,414.94,0.3112,True,
sample_0179,MmCows,resnet_50,8,right_antler_base,756.95,339.05,815.95,406.05,0.3184,True,
sample_0179,MmCows,resnet_50,9,right_antler_end,793.55,411.72,852.55,478.72,0.2191,True,
sample_0179,MmCows,resnet_50,10,left_eye,801.78,394.11,860.78,461.11,0.1614,False,
sample_0179,MmCows,resnet_50,11,left_earbase,780.1,318.37,839.1,385.37,0.2552,True,
sample_0179,MmCows,resnet_50,12,left_earend,775.68,296.11,834.68,363.11,0.2808,True,
sample_0179,MmCows,resnet_50,13,left_antler_base,766.51,327.38,825.51,394.38,0.2836,True,
sample_0179,MmCows,resnet_50,14,left_antler_end,790.25,309.3,849.25,376.3,0.1128,False,
sample_0179,MmCows,resnet_50,15,neck_base,622.09,271.3,681.09,338.3,0.7467,True,
sample_0179,MmCows,resnet_50,16,neck_end,665.77,227.26,724.77,294.26,0.5159,True,
sample_0179,MmCows,resnet_50,17,throat_base,630.75,381.26,689.75,448.26,0.4036,True,
sample_0179,MmCows,resnet_50,18,throat_end,555.14,404.37,614.14,471.37,0.3558,True,
sample_0179,MmCows,resnet_50,19,back_base,644.59,197.8,703.59,264.8,0.4842,True,
sample_0179,MmCows,resnet_50,20,back_end,168.93,26.77,227.93,93.77,0.7602,True,
sample_0179,MmCows,resnet_50,21,back_middle,426.19,65.47,485.19,132.47,0.4636,True,
sample_0179,MmCows,resnet_50,22,tail_base,146.45,49.68,205.45,116.68,0.8208,True,
sample_0179,MmCows,resnet_50,23,tail_end,127.78,66.45,186.78,133.45,0.2155,True,
sample_0179,MmCows,resnet_50,24,front_left_thai,412.32,350.64,471.32,417.64,0.4934,True,
sample_0179,MmCows,resnet_50,25,front_left_knee,386.7,426.37,445.7,493.37,0.5415,True,
sample_0179,MmCows,resnet_50,26,front_left_paw,385.96,461.13,444.96,528.13,0.4443,True,
sample_0179,MmCows,resnet_50,27,front_right_thai,480.58,382.28,539.58,449.28,0.6119,True,
sample_0179,MmCows,resnet_50,28,front_right_knee,468.3,459.43,527.3,526.43,0.3097,True,
sample_0179,MmCows,resnet_50,29,front_right_paw,466.39,511.87,525.39,578.87,0.6514,True,
sample_0179,MmCows,resnet_50,30,back_left_paw,87.47,413.54,146.47,480.54,0.9166,True,
sample_0179,MmCows,resnet_50,31,back_left_thai,128.73,254.87,187.73,321.87,0.9036,True,
sample_0179,MmCows,resnet_50,32,back_right_thai,86.5,235.48,145.5,302.48,0.8968,True,
sample_0179,MmCows,resnet_50,33,back_left_knee,96.62,314.22,155.62,381.22,0.8799,True,
sample_0179,MmCows,resnet_50,34,back_right_knee,74.59,308.52,133.59,375.52,0.8441,True,
sample_0179,MmCows,resnet_50,35,back_right_paw,65.94,406.32,124.94,473.32,0.7797,True,
sample_0179,MmCows,resnet_50,36,belly_bottom,267.9,347.37,326.9,414.37,0.6291,True,
sample_0179,MmCows,resnet_50,37,body_middle_right,327.91,211.92,386.91,278.92,0.4933,True,
sample_0179,MmCows,resnet_50,38,body_middle_left,331.65,210.98,390.65,277.98,0.4231,True,
sample_0180,MmCows,resnet_50,0,nose,554.55,490.23,582.55,508.23,0.322,True,
sample_0180,MmCows,resnet_50,1,upper_jaw,562.07,314.91,590.07,332.91,0.089,False,
sample_0180,MmCows,resnet_50,2,lower_jaw,559.59,310.88,587.59,328.88,0.1162,False,
sample_0180,MmCows,resnet_50,3,mouth_end_right,569.38,311.18,597.38,329.18,0.078,False,
sample_0180,MmCows,resnet_50,4,mouth_end_left,613.65,189.7,641.65,207.7,0.2236,True,
sample_0180,MmCows,resnet_50,5,right_eye,557.71,130.45,585.71,148.45,0.3564,True,
sample_0180,MmCows,resnet_50,6,right_earbase,542.1,52.34,570.1,70.34,0.3631,True,
sample_0180,MmCows,resnet_50,7,right_earend,537.25,33.91,565.25,51.91,0.3576,True,
sample_0180,MmCows,resnet_50,8,right_antler_base,532.91,57.04,560.91,75.04,0.2326,True,
sample_0180,MmCows,resnet_50,9,right_antler_end,363.47,132.04,391.47,150.04,0.3268,True,
sample_0180,MmCows,resnet_50,10,left_eye,595.63,109.55,623.63,127.55,0.3227,True,
sample_0180,MmCows,resnet_50,11,left_earbase,560.42,59.06,588.42,77.06,0.3432,True,
sample_0180,MmCows,resnet_50,12,left_earend,549.62,45.63,577.62,63.63,0.28,True,
sample_0180,MmCows,resnet_50,13,left_antler_base,560.39,61.12,588.39,79.12,0.2762,True,
sample_0180,MmCows,resnet_50,14,left_antler_end,596.46,69.49,624.46,87.49,0.2404,True,
sample_0180,MmCows,resnet_50,15,neck_base,551.0,78.56,579.0,96.56,0.4798,True,
sample_0180,MmCows,resnet_50,16,neck_end,564.33,32.03,592.33,50.03,0.5088,True,
sample_0180,MmCows,resnet_50,17,throat_base,478.9,320.75,506.9,338.75,0.1724,False,
sample_0180,MmCows,resnet_50,18,throat_end,543.57,335.3,571.57,353.3,0.0954,False,
sample_0180,MmCows,resnet_50,19,back_base,606.79,25.72,634.79,43.72,0.5622,True,
sample_0180,MmCows,resnet_50,20,back_end,721.41,4.63,749.41,22.63,0.6819,True,
sample_0180,MmCows,resnet_50,21,back_middle,647.36,18.76,675.36,36.76,0.4944,True,
sample_0180,MmCows,resnet_50,22,tail_base,736.38,12.92,764.38,30.92,0.7913,True,
sample_0180,MmCows,resnet_50,23,tail_end,746.99,403.63,774.99,421.63,0.2744,True,
sample_0180,MmCows,resnet_50,24,front_left_thai,573.56,281.94,601.56,299.94,0.2796,True,
sample_0180,MmCows,resnet_50,25,front_left_knee,553.34,376.95,581.34,394.95,0.4837,True,
sample_0180,MmCows,resnet_50,26,front_left_paw,556.23,489.52,584.23,507.52,0.8801,True,
sample_0180,MmCows,resnet_50,27,front_right_thai,571.47,273.68,599.47,291.68,0.0759,False,
sample_0180,MmCows,resnet_50,28,front_right_knee,378.09,385.16,406.09,403.16,0.2748,True,
sample_0180,MmCows,resnet_50,29,front_right_paw,570.06,467.75,598.06,485.75,0.2519,True,
sample_0180,MmCows,resnet_50,30,back_left_paw,770.96,477.6,798.96,495.6,0.9772,True,
sample_0180,MmCows,resnet_50,31,back_left_thai,745.15,225.33,773.15,243.33,0.8974,True,
sample_0180,MmCows,resnet_50,32,back_right_thai,661.33,275.38,689.33,293.38,0.6967,True,
sample_0180,MmCows,resnet_50,33,back_left_knee,752.85,339.77,780.85,357.77,0.8611,True,
sample_0180,MmCows,resnet_50,34,back_right_knee,688.26,331.31,716.26,349.31,0.8347,True,
sample_0180,MmCows,resnet_50,35,back_right_paw,690.97,455.97,718.97,473.97,0.9382,True,
sample_0180,MmCows,resnet_50,36,belly_bottom,611.97,318.87,639.97,336.87,0.5567,True,
sample_0180,MmCows,resnet_50,37,body_middle_right,702.56,132.93,730.56,150.93,0.1537,False,
sample_0180,MmCows,resnet_50,38,body_middle_left,708.93,165.12,736.93,183.12,0.4964,True,
sample_0181,MmCows,resnet_50,0,nose,75.63,116.57,77.63,120.57,0.126,False,
sample_0181,MmCows,resnet_50,1,upper_jaw,96.41,172.35,98.41,176.35,0.2313,True,
sample_0181,MmCows,resnet_50,2,lower_jaw,103.48,192.02,105.48,196.02,0.1497,False,
sample_0181,MmCows,resnet_50,3,mouth_end_right,82.02,123.19,84.02,127.19,0.1274,False,
sample_0181,MmCows,resnet_50,4,mouth_end_left,107.89,154.34,109.89,158.34,0.2779,True,
sample_0181,MmCows,resnet_50,5,right_eye,82.79,89.1,84.79,93.1,0.6173,True,
sample_0181,MmCows,resnet_50,6,right_earbase,241.75,79.97,243.75,83.97,0.3012,True,
sample_0181,MmCows,resnet_50,7,right_earend,293.18,57.47,295.18,61.47,0.4126,True,
sample_0181,MmCows,resnet_50,8,right_antler_base,109.44,50.24,111.44,54.24,0.2861,True,
sample_0181,MmCows,resnet_50,9,right_antler_end,77.72,37.29,79.72,41.29,0.146,False,
sample_0181,MmCows,resnet_50,10,left_eye,101.88,94.36,103.88,98.36,0.5408,True,
sample_0181,MmCows,resnet_50,11,left_earbase,134.64,59.67,136.64,63.67,0.3398,True,
sample_0181,MmCows,resnet_50,12,left_earend,308.89,69.81,310.89,73.81,0.356,True,
sample_0181,MmCows,resnet_50,13,left_antler_base,120.25,44.45,122.25,48.45,0.2681,True,
sample_0181,MmCows,resnet_50,14,left_antler_end,286.47,49.87,288.47,53.87,0.3903,True,
sample_0181,MmCows,resnet_50,15,neck_base,72.09,219.3,74.09,223.3,0.5474,True,
sample_0181,MmCows,resnet_50,16,neck_end,66.83,209.86,68.83,213.86,0.1085,False,
sample_0181,MmCows,resnet_50,17,throat_base,77.82,239.68,79.82,243.68,0.1233,False,
sample_0181,MmCows,resnet_50,18,throat_end,72.87,258.17,74.87,262.17,0.1294,False,
sample_0181,MmCows,resnet_50,19,back_base,143.68,105.96,145.68,109.96,0.0784,False,
sample_0181,MmCows,resnet_50,20,back_end,295.78,311.4,297.78,315.4,0.1158,False,
sample_0181,MmCows,resnet_50,21,back_middle,268.98,127.59,270.98,131.59,0.0951,False,
sample_0181,MmCows,resnet_50,22,tail_base,291.04,323.42,293.04,327.42,0.1772,False,
sample_0181,MmCows,resnet_50,23,tail_end,288.73,102.58,290.73,106.58,0.2004,True,
sample_0181,MmCows,resnet_50,24,front_left_thai,273.2,308.89,275.2,312.89,0.2248,True,
sample_0181,MmCows,resnet_50,25,front_left_knee,278.96,357.37,280.96,361.37,0.1522,False,
sample_0181,MmCows,resnet_50,26,front_left_paw,301.69,409.67,303.69,413.67,0.5605,True,
sample_0181,MmCows,resnet_50,27,front_right_thai,25.9,236.36,27.9,240.36,0.5376,True,
sample_0181,MmCows,resnet_50,28,front_right_knee,305.26,196.16,307.26,200.16,0.2813,True,
sample_0181,MmCows,resnet_50,29,front_right_paw,307.94,420.39,309.94,424.39,0.5604,True,
sample_0181,MmCows,resnet_50,30,back_left_paw,145.87,432.86,147.87,436.86,0.3713,True,
sample_0181,MmCows,resnet_50,31,back_left_thai,282.4,319.82,284.4,323.82,0.422,True,
sample_0181,MmCows,resnet_50,32,back_right_thai,268.81,311.63,270.81,315.63,0.4698,True,
sample_0181,MmCows,resnet_50,33,back_left_knee,173.9,407.88,175.9,411.88,0.4209,True,
sample_0181,MmCows,resnet_50,34,back_right_knee,162.96,411.39,164.96,415.39,0.5135,True,
sample_0181,MmCows,resnet_50,35,back_right_paw,319.97,408.75,321.97,412.75,0.3633,True,
sample_0181,MmCows,resnet_50,36,belly_bottom,222.42,343.75,224.42,347.75,0.1984,False,
sample_0181,MmCows,resnet_50,37,body_middle_right,70.42,130.2,72.42,134.2,0.2514,True,
sample_0181,MmCows,resnet_50,38,body_middle_left,253.24,197.95,255.24,201.95,0.2341,True,
sample_0184,MmCows,resnet_50,0,nose,95.65,491.75,96.65,500.75,0.7391,True,
sample_0184,MmCows,resnet_50,1,upper_jaw,103.22,495.63,104.22,504.63,0.8058,True,
sample_0184,MmCows,resnet_50,2,lower_jaw,114.29,500.4,115.29,509.4,0.769,True,
sample_0184,MmCows,resnet_50,3,mouth_end_right,81.99,491.1,82.99,500.1,0.6403,True,
sample_0184,MmCows,resnet_50,4,mouth_end_left,126.46,486.85,127.46,495.85,0.5648,True,
sample_0184,MmCows,resnet_50,5,right_eye,59.25,430.84,60.25,439.84,0.9391,True,
sample_0184,MmCows,resnet_50,6,right_earbase,49.0,345.04,50.0,354.04,0.5344,True,
sample_0184,MmCows,resnet_50,7,right_earend,38.42,335.64,39.42,344.64,0.2353,True,
sample_0184,MmCows,resnet_50,8,right_antler_base,50.63,362.89,51.63,371.89,0.4607,True,
sample_0184,MmCows,resnet_50,9,right_antler_end,124.82,73.96,125.82,82.96,0.2439,True,
sample_0184,MmCows,resnet_50,10,left_eye,98.87,418.35,99.87,427.35,0.6053,True,
sample_0184,MmCows,resnet_50,11,left_earbase,106.54,357.05,107.54,366.05,0.7106,True,
sample_0184,MmCows,resnet_50,12,left_earend,92.32,348.92,93.32,357.92,0.3451,True,
sample_0184,MmCows,resnet_50,13,left_antler_base,71.58,352.6,72.58,361.6,0.5845,True,
sample_0184,MmCows,resnet_50,14,left_antler_end,87.78,380.17,88.78,389.17,0.4022,True,
sample_0184,MmCows,resnet_50,15,neck_base,192.03,283.52,193.03,292.52,0.5317,True,
sample_0184,MmCows,resnet_50,16,neck_end,158.81,242.4,159.81,251.4,0.448,True,
sample_0184,MmCows,resnet_50,17,throat_base,179.56,384.94,180.56,393.94,0.3768,True,
sample_0184,MmCows,resnet_50,18,throat_end,217.68,383.53,218.68,392.53,0.2422,True,
sample_0184,MmCows,resnet_50,19,back_base,158.69,220.42,159.69,229.42,0.35,True,
sample_0184,MmCows,resnet_50,20,back_end,275.77,100.62,276.77,109.62,0.484,True,
sample_0184,MmCows,resnet_50,21,back_middle,271.69,107.45,272.69,116.45,0.2883,True,
sample_0184,MmCows,resnet_50,22,tail_base,277.82,101.85,278.82,110.85,0.4234,True,
sample_0184,MmCows,resnet_50,23,tail_end,122.14,77.82,123.14,86.82,0.1858,False,
sample_0184,MmCows,resnet_50,24,front_left_thai,261.24,384.18,262.24,393.18,0.3714,True,
sample_0184,MmCows,resnet_50,25,front_left_knee,250.56,444.6,251.56,453.6,0.5238,True,
sample_0184,MmCows,resnet_50,26,front_left_paw,356.62,583.0,357.62,592.0,0.537,True,
sample_0184,MmCows,resnet_50,27,front_right_thai,359.43,378.1,360.43,387.1,0.3678,True,
sample_0184,MmCows,resnet_50,28,front_right_knee,352.55,474.38,353.55,483.38,0.5174,True,
sample_0184,MmCows,resnet_50,29,front_right_paw,245.04,571.28,246.04,580.28,0.4488,True,
sample_0184,MmCows,resnet_50,30,back_left_paw,359.89,570.83,360.89,579.83,0.227,True,
sample_0184,MmCows,resnet_50,31,back_left_thai,379.25,372.75,380.25,381.75,0.7329,True,
sample_0184,MmCows,resnet_50,32,back_right_thai,360.07,383.28,361.07,392.28,0.401,True,
sample_0184,MmCows,resnet_50,33,back_left_knee,351.04,467.92,352.04,476.92,0.7421,True,
sample_0184,MmCows,resnet_50,34,back_right_knee,341.71,440.6,342.71,449.6,0.4662,True,
sample_0184,MmCows,resnet_50,35,back_right_paw,242.04,564.28,243.04,573.28,0.4297,True,
sample_0184,MmCows,resnet_50,36,belly_bottom,303.74,390.87,304.74,399.87,0.3069,True,
sample_0184,MmCows,resnet_50,37,body_middle_right,332.79,267.54,333.79,276.54,0.107,False,
sample_0184,MmCows,resnet_50,38,body_middle_left,334.52,269.78,335.52,278.78,0.2444,True,
sample_0185,MmCows,resnet_50,0,nose,394.26,398.9,399.26,415.9,0.0831,False,
sample_0185,MmCows,resnet_50,1,upper_jaw,126.03,362.92,131.03,379.92,0.081,False,
sample_0185,MmCows,resnet_50,2,lower_jaw,323.92,491.34,328.92,508.34,0.0553,False,
sample_0185,MmCows,resnet_50,3,mouth_end_right,329.7,280.91,334.7,297.91,0.0794,False,
sample_0185,MmCows,resnet_50,4,mouth_end_left,235.02,427.29,240.02,444.29,0.1635,False,
sample_0185,MmCows,resnet_50,5,right_eye,127.28,300.33,132.28,317.33,0.1478,False,
sample_0185,MmCows,resnet_50,6,right_earbase,286.74,205.72,291.74,222.72,0.2572,True,
sample_0185,MmCows,resnet_50,7,right_earend,293.33,186.75,298.33,203.75,0.3957,True,
sample_0185,MmCows,resnet_50,8,right_antler_base,281.0,195.43,286.0,212.43,0.1909,False,
sample_0185,MmCows,resnet_50,9,right_antler_end,297.26,203.28,302.26,220.28,0.24,True,
sample_0185,MmCows,resnet_50,10,left_eye,344.43,304.04,349.43,321.04,0.1647,False,
sample_0185,MmCows,resnet_50,11,left_earbase,284.78,197.39,289.78,214.39,0.1577,False,
sample_0185,MmCows,resnet_50,12,left_earend,294.0,186.12,299.0,203.12,0.2829,True,
sample_0185,MmCows,resnet_50,13,left_antler_base,289.12,201.42,294.12,218.42,0.229,True,
sample_0185,MmCows,resnet_50,14,left_antler_end,288.19,190.56,293.19,207.56,0.2967,True,
sample_0185,MmCows,resnet_50,15,neck_base,256.06,202.14,261.06,219.14,0.5656,True,
sample_0185,MmCows,resnet_50,16,neck_end,271.49,203.94,276.49,220.94,0.442,True,
sample_0185,MmCows,resnet_50,17,throat_base,338.45,315.55,343.45,332.55,0.1518,False,
sample_0185,MmCows,resnet_50,18,throat_end,257.9,348.51,262.9,365.51,0.2235,True,
sample_0185,MmCows,resnet_50,19,back_base,263.86,192.08,268.86,209.08,0.4588,True,
sample_0185,MmCows,resnet_50,20,back_end,262.05,187.1,267.05,204.1,0.2707,True,
sample_0185,MmCows,resnet_50,21,back_middle,193.63,253.82,198.63,270.82,0.2807,True,
sample_0185,MmCows,resnet_50,22,tail_base,265.93,184.28,270.93,201.28,0.3019,True,
sample_0185,MmCows,resnet_50,23,tail_end,232.23,328.2,237.23,345.2,0.0614,False,
sample_0185,MmCows,resnet_50,24,front_left_thai,191.1,364.74,196.1,381.74,0.3223,True,
sample_0185,MmCows,resnet_50,25,front_left_knee,147.0,495.51,152.0,512.51,0.3232,True,
sample_0185,MmCows,resnet_50,26,front_left_paw,156.44,606.97,161.44,623.97,0.2698,True,
sample_0185,MmCows,resnet_50,27,front_right_thai,156.86,382.53,161.86,399.53,0.3686,True,
sample_0185,MmCows,resnet_50,28,front_right_knee,212.06,504.7,217.06,521.7,0.2945,True,
sample_0185,MmCows,resnet_50,29,front_right_paw,164.22,608.54,169.22,625.54,0.2594,True,
sample_0185,MmCows,resnet_50,30,back_left_paw,128.44,607.55,133.44,624.55,1.0,True,
sample_0185,MmCows,resnet_50,31,back_left_thai,192.61,400.52,197.61,417.52,0.4827,True,
sample_0185,MmCows,resnet_50,32,back_right_thai,142.54,381.35,147.54,398.35,0.4933,True,
sample_0185,MmCows,resnet_50,33,back_left_knee,164.42,504.15,169.42,521.15,0.4335,True,
sample_0185,MmCows,resnet_50,34,back_right_knee,205.76,507.92,210.76,524.92,0.7267,True,
sample_0185,MmCows,resnet_50,35,back_right_paw,176.2,606.25,181.2,623.25,0.6857,True,
sample_0185,MmCows,resnet_50,36,belly_bottom,204.07,401.71,209.07,418.71,0.2821,True,
sample_0185,MmCows,resnet_50,37,body_middle_right,291.44,361.96,296.44,378.96,0.2169,True,
sample_0185,MmCows,resnet_50,38,body_middle_left,208.07,318.72,213.07,335.72,0.2416,True,
sample_0186,MmCows,resnet_50,0,nose,99.71,194.73,100.71,217.73,0.1407,False,
sample_0186,MmCows,resnet_50,1,upper_jaw,93.23,222.95,94.23,245.95,0.1486,False,
sample_0186,MmCows,resnet_50,2,lower_jaw,101.0,228.74,102.0,251.74,0.2497,True,
sample_0186,MmCows,resnet_50,3,mouth_end_right,89.67,222.12,90.67,245.12,0.1497,False,
sample_0186,MmCows,resnet_50,4,mouth_end_left,102.27,225.86,103.27,248.86,0.1917,False,
sample_0186,MmCows,resnet_50,5,right_eye,129.22,214.37,130.22,237.37,0.3098,True,
sample_0186,MmCows,resnet_50,6,right_earbase,134.11,204.01,135.11,227.01,0.4163,True,
sample_0186,MmCows,resnet_50,7,right_earend,126.51,184.21,127.51,207.21,0.2294,True,
sample_0186,MmCows,resnet_50,8,right_antler_base,129.05,205.21,130.05,228.21,0.3802,True,
sample_0186,MmCows,resnet_50,9,right_antler_end,115.4,185.56,116.4,208.56,0.1932,False,
sample_0186,MmCows,resnet_50,10,left_eye,111.06,214.18,112.06,237.18,0.2694,True,
sample_0186,MmCows,resnet_50,11,left_earbase,115.17,204.13,116.17,227.13,0.3118,True,
sample_0186,MmCows,resnet_50,12,left_earend,106.44,185.68,107.44,208.68,0.3295,True,
sample_0186,MmCows,resnet_50,13,left_antler_base,123.2,208.73,124.2,231.73,0.3388,True,
sample_0186,MmCows,resnet_50,14,left_antler_end,100.21,183.02,101.21,206.02,0.2065,True,
sample_0186,MmCows,resnet_50,15,neck_base,108.5,262.6,109.5,285.6,0.7964,True,
sample_0186,MmCows,resnet_50,16,neck_end,112.88,247.54,113.88,270.54,0.5782,True,
sample_0186,MmCows,resnet_50,17,throat_base,95.89,267.83,96.89,290.83,0.1472,False,
sample_0186,MmCows,resnet_50,18,throat_end,90.94,282.66,91.94,305.66,0.2439,True,
sample_0186,MmCows,resnet_50,19,back_base,114.91,242.16,115.91,265.16,0.4749,True,
sample_0186,MmCows,resnet_50,20,back_end,269.18,308.95,270.18,331.95,0.6893,True,
sample_0186,MmCows,resnet_50,21,back_middle,187.11,238.94,188.11,261.94,0.4148,True,
sample_0186,MmCows,resnet_50,22,tail_base,280.1,332.86,281.1,355.86,0.819,True,
sample_0186,MmCows,resnet_50,23,tail_end,422.27,352.82,423.27,375.82,0.2467,True,
sample_0186,MmCows,resnet_50,24,front_left_thai,90.24,366.18,91.24,389.18,0.5961,True,
sample_0186,MmCows,resnet_50,25,front_left_knee,97.68,419.49,98.68,442.49,0.408,True,
sample_0186,MmCows,resnet_50,26,front_left_paw,112.82,532.25,113.82,555.25,0.293,True,
sample_0186,MmCows,resnet_50,27,front_right_thai,96.31,363.77,97.31,386.77,0.5054,True,
sample_0186,MmCows,resnet_50,28,front_right_knee,88.79,416.99,89.79,439.99,0.4985,True,
sample_0186,MmCows,resnet_50,29,front_right_paw,110.56,532.02,111.56,555.02,0.5615,True,
sample_0186,MmCows,resnet_50,30,back_left_paw,106.93,533.21,107.93,556.21,0.6111,True,
sample_0186,MmCows,resnet_50,31,back_left_thai,256.0,335.45,257.0,358.45,0.2255,True,
sample_0186,MmCows,resnet_50,32,back_right_thai,114.28,350.55,115.28,373.55,0.2391,True,
sample_0186,MmCows,resnet_50,33,back_left_knee,84.39,422.22,85.39,445.22,0.4748,True,
sample_0186,MmCows,resnet_50,34,back_right_knee,95.35,420.26,96.35,443.26,0.5046,True,
sample_0186,MmCows,resnet_50,35,back_right_paw,109.62,532.68,110.62,555.68,0.6464,True,
sample_0186,MmCows,resnet_50,36,belly_bottom,178.39,390.45,179.39,413.45,0.7746,True,
sample_0186,MmCows,resnet_50,37,body_middle_right,193.39,324.05,194.39,347.05,0.3127,True,
sample_0186,MmCows,resnet_50,38,body_middle_left,183.69,320.58,184.69,343.58,0.4115,True,
sample_0188,MmCows,resnet_50,0,nose,813.62,450.73,816.62,454.73,0.0173,False,
sample_0188,MmCows,resnet_50,1,upper_jaw,434.79,145.74,437.79,149.74,0.0333,False,
sample_0188,MmCows,resnet_50,2,lower_jaw,457.06,118.02,460.06,122.02,0.0708,False,
sample_0188,MmCows,resnet_50,3,mouth_end_right,627.03,368.27,630.03,372.27,0.0528,False,
sample_0188,MmCows,resnet_50,4,mouth_end_left,371.09,386.87,374.09,390.87,0.0523,False,
sample_0188,MmCows,resnet_50,5,right_eye,360.7,208.28,363.7,212.28,0.1391,False,
sample_0188,MmCows,resnet_50,6,right_earbase,358.12,164.68,361.12,168.68,0.1937,False,
sample_0188,MmCows,resnet_50,7,right_earend,335.31,155.5,338.31,159.5,0.3425,True,
sample_0188,MmCows,resnet_50,8,right_antler_base,373.19,160.98,376.19,164.98,0.1667,False,
sample_0188,MmCows,resnet_50,9,right_antler_end,596.25,42.13,599.25,46.13,0.1475,False,
sample_0188,MmCows,resnet_50,10,left_eye,416.45,214.07,419.45,218.07,0.1426,False,
sample_0188,MmCows,resnet_50,11,left_earbase,447.69,192.04,450.69,196.04,0.1046,False,
sample_0188,MmCows,resnet_50,12,left_earend,358.93,155.05,361.93,159.05,0.1065,False,
sample_0188,MmCows,resnet_50,13,left_antler_base,411.28,145.92,414.28,149.92,0.1344,False,
sample_0188,MmCows,resnet_50,14,left_antler_end,470.75,172.68,473.75,176.68,0.1902,False,
sample_0188,MmCows,resnet_50,15,neck_base,417.31,209.37,420.31,213.37,0.4248,True,
sample_0188,MmCows,resnet_50,16,neck_end,567.38,56.98,570.38,60.98,0.2948,True,
sample_0188,MmCows,resnet_50,17,throat_base,414.84,247.2,417.84,251.2,0.0741,False,
sample_0188,MmCows,resnet_50,18,throat_end,424.15,260.44,427.15,264.44,0.0774,False,
sample_0188,MmCows,resnet_50,19,back_base,569.4,50.17,572.4,54.17,0.4383,True,
sample_0188,MmCows,resnet_50,20,back_end,788.15,32.96,791.15,36.96,0.7637,True,
sample_0188,MmCows,resnet_50,21,back_middle,672.58,37.33,675.58,41.33,0.3399,True,
sample_0188,MmCows,resnet_50,22,tail_base,799.06,41.31,802.06,45.31,0.773,True,
sample_0188,MmCows,resnet_50,23,tail_end,828.71,126.98,831.71,130.98,0.096,False,
sample_0188,MmCows,resnet_50,24,front_left_thai,709.72,330.32,712.72,334.32,0.4285,True,
sample_0188,MmCows,resnet_50,25,front_left_knee,712.88,397.7,715.88,401.7,0.477,True,
sample_0188,MmCows,resnet_50,26,front_left_paw,704.57,514.34,707.57,518.34,0.5787,True,
sample_0188,MmCows,resnet_50,27,front_right_thai,565.24,319.98,568.24,323.98,0.3697,True,
sample_0188,MmCows,resnet_50,28,front_right_knee,569.87,425.79,572.87,429.79,0.3066,True,
sample_0188,MmCows,resnet_50,29,front_right_paw,712.85,509.67,715.85,513.67,0.3567,True,
sample_0188,MmCows,resnet_50,30,back_left_paw,814.99,501.28,817.99,505.28,0.6561,True,
sample_0188,MmCows,resnet_50,31,back_left_thai,819.23,267.78,822.23,271.78,0.7218,True,
sample_0188,MmCows,resnet_50,32,back_right_thai,718.89,311.94,721.89,315.94,0.6885,True,
sample_0188,MmCows,resnet_50,33,back_left_knee,816.46,353.92,819.46,357.92,0.7351,True,
sample_0188,MmCows,resnet_50,34,back_right_knee,715.9,384.48,718.9,388.48,0.8975,True,
sample_0188,MmCows,resnet_50,35,back_right_paw,704.28,504.95,707.28,508.95,0.7885,True,
sample_0188,MmCows,resnet_50,36,belly_bottom,754.36,326.05,757.36,330.05,0.2825,True,
sample_0188,MmCows,resnet_50,37,body_middle_right,381.59,242.61,384.59,246.61,0.1055,False,
sample_0188,MmCows,resnet_50,38,body_middle_left,749.17,220.15,752.17,224.15,0.2642,True,
sample_0192,MmCows,resnet_50,0,nose,473.91,78.85,505.91,104.85,0.4083,True,
sample_0192,MmCows,resnet_50,1,upper_jaw,478.24,94.21,510.24,120.21,0.1888,False,
sample_0192,MmCows,resnet_50,2,lower_jaw,466.38,132.47,498.38,158.47,0.1377,False,
sample_0192,MmCows,resnet_50,3,mouth_end_right,458.05,111.61,490.05,137.61,0.1057,False,
sample_0192,MmCows,resnet_50,4,mouth_end_left,451.38,82.57,483.38,108.57,0.1958,False,
sample_0192,MmCows,resnet_50,5,right_eye,451.47,101.51,483.47,127.51,0.4133,True,
sample_0192,MmCows,resnet_50,6,right_earbase,361.22,164.21,393.22,190.21,0.2897,True,
sample_0192,MmCows,resnet_50,7,right_earend,462.12,82.58,494.12,108.58,0.2618,True,
sample_0192,MmCows,resnet_50,8,right_antler_base,448.4,93.46,480.4,119.46,0.2594,True,
sample_0192,MmCows,resnet_50,9,right_antler_end,292.25,183.73,324.25,209.73,0.237,True,
sample_0192,MmCows,resnet_50,10,left_eye,411.74,55.83,443.74,81.83,0.5207,True,
sample_0192,MmCows,resnet_50,11,left_earbase,374.09,34.11,406.09,60.11,0.3097,True,
sample_0192,MmCows,resnet_50,12,left_earend,361.6,16.78,393.6,42.78,0.2082,True,
sample_0192,MmCows,resnet_50,13,left_antler_base,378.22,40.22,410.22,66.22,0.3799,True,
sample_0192,MmCows,resnet_50,14,left_antler_end,476.62,70.99,508.62,96.99,0.2714,True,
sample_0192,MmCows,resnet_50,15,neck_base,290.01,64.13,322.01,90.13,0.4381,True,
sample_0192,MmCows,resnet_50,16,neck_end,307.76,40.87,339.76,66.87,0.3437,True,
sample_0192,MmCows,resnet_50,17,throat_base,310.69,118.13,342.69,144.13,0.6265,True,
sample_0192,MmCows,resnet_50,18,throat_end,301.24,113.38,333.24,139.38,0.4982,True,
sample_0192,MmCows,resnet_50,19,back_base,285.75,30.68,317.75,56.68,0.4286,True,
sample_0192,MmCows,resnet_50,20,back_end,35.47,57.41,67.47,83.41,0.6503,True,
sample_0192,MmCows,resnet_50,21,back_middle,122.66,17.83,154.66,43.83,0.6855,True,
sample_0192,MmCows,resnet_50,22,tail_base,37.48,72.64,69.48,98.64,0.585,True,
sample_0192,MmCows,resnet_50,23,tail_end,33.07,34.75,65.07,60.75,0.2312,True,
sample_0192,MmCows,resnet_50,24,front_left_thai,226.94,135.19,258.94,161.19,0.2946,True,
sample_0192,MmCows,resnet_50,25,front_left_knee,247.12,175.63,279.12,201.63,0.5245,True,
sample_0192,MmCows,resnet_50,26,front_left_paw,244.92,206.07,276.92,232.07,0.4252,True,
sample_0192,MmCows,resnet_50,27,front_right_thai,209.43,140.8,241.43,166.8,0.5795,True,
sample_0192,MmCows,resnet_50,28,front_right_knee,251.13,186.61,283.13,212.61,0.8159,True,
sample_0192,MmCows,resnet_50,29,front_right_paw,258.9,207.73,290.9,233.73,0.8873,True,
sample_0192,MmCows,resnet_50,30,back_left_paw,465.69,348.4,497.69,374.4,0.4559,True,
sample_0192,MmCows,resnet_50,31,back_left_thai,400.23,253.69,432.23,279.69,0.5456,True,
sample_0192,MmCows,resnet_50,32,back_right_thai,75.07,143.92,107.07,169.92,0.3904,True,
sample_0192,MmCows,resnet_50,33,back_left_knee,437.89,319.98,469.89,345.98,0.3659,True,
sample_0192,MmCows,resnet_50,34,back_right_knee,435.87,321.33,467.87,347.33,0.4913,True,
sample_0192,MmCows,resnet_50,35,back_right_paw,446.75,346.14,478.75,372.14,0.3802,True,
sample_0192,MmCows,resnet_50,36,belly_bottom,491.92,96.52,523.92,122.52,0.0967,False,
sample_0192,MmCows,resnet_50,37,body_middle_right,148.11,122.74,180.11,148.74,0.3062,True,
sample_0192,MmCows,resnet_50,38,body_middle_left,200.97,50.2,232.97,76.2,0.2729,True,
sample_0193,MmCows,resnet_50,0,nose,71.17,101.84,143.17,110.84,0.0576,False,
sample_0193,MmCows,resnet_50,1,upper_jaw,71.02,100.4,143.02,109.4,0.0884,False,
sample_0193,MmCows,resnet_50,2,lower_jaw,72.54,100.82,144.54,109.82,0.1018,False,
sample_0193,MmCows,resnet_50,3,mouth_end_right,68.12,88.67,140.12,97.67,0.0946,False,
sample_0193,MmCows,resnet_50,4,mouth_end_left,66.21,90.07,138.21,99.07,0.2066,True,
sample_0193,MmCows,resnet_50,5,right_eye,43.15,91.76,115.15,100.76,0.3055,True,
sample_0193,MmCows,resnet_50,6,right_earbase,31.62,61.48,103.62,70.48,0.6131,True,
sample_0193,MmCows,resnet_50,7,right_earend,27.74,55.32,99.74,64.32,0.4791,True,
sample_0193,MmCows,resnet_50,8,right_antler_base,35.85,63.37,107.85,72.37,0.5039,True,
sample_0193,MmCows,resnet_50,9,right_antler_end,32.36,55.65,104.36,64.65,0.5147,True,
sample_0193,MmCows,resnet_50,10,left_eye,57.64,70.98,129.64,79.98,0.3676,True,
sample_0193,MmCows,resnet_50,11,left_earbase,62.38,55.62,134.38,64.62,0.4348,True,
sample_0193,MmCows,resnet_50,12,left_earend,71.26,49.08,143.26,58.08,0.4229,True,
sample_0193,MmCows,resnet_50,13,left_antler_base,55.84,54.2,127.84,63.2,0.4334,True,
sample_0193,MmCows,resnet_50,14,left_antler_end,74.34,56.57,146.34,65.57,0.3592,True,
sample_0193,MmCows,resnet_50,15,neck_base,73.17,59.17,145.17,68.17,0.6987,True,
sample_0193,MmCows,resnet_50,16,neck_end,76.74,39.19,148.74,48.19,0.5997,True,
sample_0193,MmCows,resnet_50,17,throat_base,70.23,84.12,142.23,93.12,0.3872,True,
sample_0193,MmCows,resnet_50,18,throat_end,83.26,80.12,155.26,89.12,0.333,True,
sample_0193,MmCows,resnet_50,19,back_base,79.65,35.77,151.65,44.77,0.7847,True,
sample_0193,MmCows,resnet_50,20,back_end,39.68,85.02,111.68,94.02,0.0859,False,
sample_0193,MmCows,resnet_50,21,back_middle,124.91,22.66,196.91,31.66,0.5543,True,
sample_0193,MmCows,resnet_50,22,tail_base,41.59,86.2,113.59,95.2,0.067,False,
sample_0193,MmCows,resnet_50,23,tail_end,81.41,66.1,153.41,75.1,0.0856,False,
sample_0193,MmCows,resnet_50,24,front_left_thai,166.14,95.14,238.14,104.14,0.2703,True,
sample_0193,MmCows,resnet_50,25,front_left_knee,129.88,110.68,201.88,119.68,0.5381,True,
sample_0193,MmCows,resnet_50,26,front_left_paw,135.52,134.56,207.52,143.56,0.7771,True,
sample_0193,MmCows,resnet_50,27,front_right_thai,129.03,94.32,201.03,103.32,0.3791,True,
sample_0193,MmCows,resnet_50,28,front_right_knee,188.3,115.84,260.3,124.84,0.4706,True,
sample_0193,MmCows,resnet_50,29,front_right_paw,133.5,133.49,205.5,142.49,0.4193,True,
sample_0193,MmCows,resnet_50,30,back_left_paw,204.35,128.65,276.35,137.65,0.8498,True,
sample_0193,MmCows,resnet_50,31,back_left_thai,185.59,86.83,257.59,95.83,0.4684,True,
sample_0193,MmCows,resnet_50,32,back_right_thai,184.01,89.87,256.01,98.87,0.258,True,
sample_0193,MmCows,resnet_50,33,back_left_knee,190.54,110.78,262.54,119.78,0.3521,True,
sample_0193,MmCows,resnet_50,34,back_right_knee,174.86,112.54,246.86,121.54,0.2507,True,
sample_0193,MmCows,resnet_50,35,back_right_paw,131.42,134.52,203.42,143.52,0.2706,True,
sample_0193,MmCows,resnet_50,36,belly_bottom,176.01,93.93,248.01,102.93,0.1346,False,
sample_0193,MmCows,resnet_50,37,body_middle_right,120.13,63.77,192.13,72.77,0.2436,True,
sample_0193,MmCows,resnet_50,38,body_middle_left,185.33,60.49,257.33,69.49,0.5479,True,
sample_0194,MmCows,resnet_50,0,nose,470.12,192.28,508.12,217.28,0.0556,False,
sample_0194,MmCows,resnet_50,1,upper_jaw,266.56,207.43,304.56,232.43,0.0683,False,
sample_0194,MmCows,resnet_50,2,lower_jaw,448.83,357.13,486.83,382.13,0.0944,False,
sample_0194,MmCows,resnet_50,3,mouth_end_right,430.06,192.67,468.06,217.67,0.0905,False,
sample_0194,MmCows,resnet_50,4,mouth_end_left,474.34,182.38,512.34,207.38,0.1212,False,
sample_0194,MmCows,resnet_50,5,right_eye,425.08,140.49,463.08,165.49,0.3402,True,
sample_0194,MmCows,resnet_50,6,right_earbase,317.44,162.71,355.44,187.71,0.3379,True,
sample_0194,MmCows,resnet_50,7,right_earend,315.26,187.31,353.26,212.31,0.2052,True,
sample_0194,MmCows,resnet_50,8,right_antler_base,398.52,103.62,436.52,128.62,0.3119,True,
sample_0194,MmCows,resnet_50,9,right_antler_end,312.09,175.65,350.09,200.65,0.2904,True,
sample_0194,MmCows,resnet_50,10,left_eye,456.18,136.59,494.18,161.59,0.4531,True,
sample_0194,MmCows,resnet_50,11,left_earbase,463.46,94.72,501.46,119.72,0.2358,True,
sample_0194,MmCows,resnet_50,12,left_earend,479.21,161.34,517.21,186.34,0.2865,True,
sample_0194,MmCows,resnet_50,13,left_antler_base,447.84,82.52,485.84,107.52,0.436,True,
sample_0194,MmCows,resnet_50,14,left_antler_end,448.26,58.82,486.26,83.82,0.4634,True,
sample_0194,MmCows,resnet_50,15,neck_base,269.09,92.74,307.09,117.74,0.2871,True,
sample_0194,MmCows,resnet_50,16,neck_end,266.08,42.58,304.08,67.58,0.3484,True,
sample_0194,MmCows,resnet_50,17,throat_base,266.97,125.01,304.97,150.01,0.2743,True,
sample_0194,MmCows,resnet_50,18,throat_end,264.8,113.07,302.8,138.07,0.2228,True,
sample_0194,MmCows,resnet_50,19,back_base,255.61,36.49,293.61,61.49,0.4228,True,
sample_0194,MmCows,resnet_50,20,back_end,35.46,82.35,73.46,107.35,0.5129,True,
sample_0194,MmCows,resnet_50,21,back_middle,96.04,43.17,134.04,68.17,0.6502,True,
sample_0194,MmCows,resnet_50,22,tail_base,35.51,84.94,73.51,109.94,0.5709,True,
sample_0194,MmCows,resnet_50,23,tail_end,144.39,54.81,182.39,79.81,0.2755,True,
sample_0194,MmCows,resnet_50,24,front_left_thai,184.53,147.36,222.53,172.36,0.4176,True,
sample_0194,MmCows,resnet_50,25,front_left_knee,200.04,175.57,238.04,200.57,0.3867,True,
sample_0194,MmCows,resnet_50,26,front_left_paw,425.79,350.46,463.79,375.46,0.2229,True,
sample_0194,MmCows,resnet_50,27,front_right_thai,260.9,69.47,298.9,94.47,0.4417,True,
sample_0194,MmCows,resnet_50,28,front_right_knee,206.44,183.84,244.44,208.84,0.5888,True,
sample_0194,MmCows,resnet_50,29,front_right_paw,233.33,210.87,271.33,235.87,0.7909,True,
sample_0194,MmCows,resnet_50,30,back_left_paw,429.18,89.25,467.18,114.25,0.125,False,
sample_0194,MmCows,resnet_50,31,back_left_thai,156.26,129.41,194.26,154.41,0.3945,True,
sample_0194,MmCows,resnet_50,32,back_right_thai,53.89,151.3,91.89,176.3,0.4147,True,
sample_0194,MmCows,resnet_50,33,back_left_knee,202.87,183.91,240.87,208.91,0.2515,True,
sample_0194,MmCows,resnet_50,34,back_right_knee,414.3,330.81,452.3,355.81,0.2166,True,
sample_0194,MmCows,resnet_50,35,back_right_paw,206.63,226.37,244.63,251.37,0.281,True,
sample_0194,MmCows,resnet_50,36,belly_bottom,359.71,223.3,397.71,248.3,0.082,False,
sample_0194,MmCows,resnet_50,37,body_middle_right,95.54,147.88,133.54,172.88,0.2528,True,
sample_0194,MmCows,resnet_50,38,body_middle_left,185.09,86.62,223.09,111.62,0.2931,True,
sample_0195,MmCows,resnet_50,0,nose,393.25,227.32,393.25,228.32,0.6708,True,
sample_0195,MmCows,resnet_50,1,upper_jaw,391.66,230.19,391.66,231.19,0.6403,True,
sample_0195,MmCows,resnet_50,2,lower_jaw,385.54,225.25,385.54,226.25,0.453,True,
sample_0195,MmCows,resnet_50,3,mouth_end_right,378.49,217.33,378.49,218.33,0.3378,True,
sample_0195,MmCows,resnet_50,4,mouth_end_left,392.08,218.98,392.08,219.98,0.448,True,
sample_0195,MmCows,resnet_50,5,right_eye,385.07,150.59,385.07,151.59,0.3104,True,
sample_0195,MmCows,resnet_50,6,right_earbase,277.23,74.63,277.23,75.63,0.2482,True,
sample_0195,MmCows,resnet_50,7,right_earend,262.69,61.68,262.69,62.68,0.1609,False,
sample_0195,MmCows,resnet_50,8,right_antler_base,304.6,56.26,304.6,57.26,0.2161,True,
sample_0195,MmCows,resnet_50,9,right_antler_end,369.7,57.83,369.7,58.83,0.2559,True,
sample_0195,MmCows,resnet_50,10,left_eye,423.86,161.2,423.86,162.2,0.2511,True,
sample_0195,MmCows,resnet_50,11,left_earbase,358.27,68.94,358.27,69.94,0.1263,False,
sample_0195,MmCows,resnet_50,12,left_earend,358.43,57.36,358.43,58.36,0.1396,False,
sample_0195,MmCows,resnet_50,13,left_antler_base,355.61,70.51,355.61,71.51,0.3386,True,
sample_0195,MmCows,resnet_50,14,left_antler_end,365.08,49.97,365.08,50.97,0.3653,True,
sample_0195,MmCows,resnet_50,15,neck_base,170.32,89.44,170.32,90.44,0.411,True,
sample_0195,MmCows,resnet_50,16,neck_end,268.57,37.67,268.57,38.67,0.178,False,
sample_0195,MmCows,resnet_50,17,throat_base,279.38,127.5,279.38,128.5,0.3765,True,
sample_0195,MmCows,resnet_50,18,throat_end,274.47,125.95,274.47,126.95,0.3109,True,
sample_0195,MmCows,resnet_50,19,back_base,147.58,75.02,147.58,76.02,0.2527,True,
sample_0195,MmCows,resnet_50,20,back_end,114.72,71.91,114.72,72.91,0.4022,True,
sample_0195,MmCows,resnet_50,21,back_middle,157.67,65.95,157.67,66.95,0.401,True,
sample_0195,MmCows,resnet_50,22,tail_base,107.27,79.6,107.27,80.6,0.2884,True,
sample_0195,MmCows,resnet_50,23,tail_end,99.07,93.83,99.07,94.83,0.186,False,
sample_0195,MmCows,resnet_50,24,front_left_thai,280.63,145.47,280.63,146.47,0.4857,True,
sample_0195,MmCows,resnet_50,25,front_left_knee,310.64,172.42,310.64,173.42,0.5698,True,
sample_0195,MmCows,resnet_50,26,front_left_paw,305.92,216.71,305.92,217.71,0.3002,True,
sample_0195,MmCows,resnet_50,27,front_right_thai,202.92,143.15,202.92,144.15,0.6397,True,
sample_0195,MmCows,resnet_50,28,front_right_knee,262.7,277.52,262.7,278.52,0.2303,True,
sample_0195,MmCows,resnet_50,29,front_right_paw,311.56,216.73,311.56,217.73,0.483,True,
sample_0195,MmCows,resnet_50,30,back_left_paw,209.37,284.89,209.37,285.89,0.2846,True,
sample_0195,MmCows,resnet_50,31,back_left_thai,125.48,119.04,125.48,120.04,0.2041,True,
sample_0195,MmCows,resnet_50,32,back_right_thai,111.59,122.37,111.59,123.37,0.3946,True,
sample_0195,MmCows,resnet_50,33,back_left_knee,269.76,285.09,269.76,286.09,0.224,True,
sample_0195,MmCows,resnet_50,34,back_right_knee,228.06,268.57,228.06,269.57,0.2266,True,
sample_0195,MmCows,resnet_50,35,back_right_paw,207.94,289.21,207.94,290.21,0.2885,True,
sample_0195,MmCows,resnet_50,36,belly_bottom,227.54,219.18,227.54,220.18,0.1898,False,
sample_0195,MmCows,resnet_50,37,body_middle_right,158.4,127.84,158.4,128.84,0.1712,False,
sample_0195,MmCows,resnet_50,38,body_middle_left,229.72,123.34,229.72,124.34,0.0979,False,
sample_0197,MmCows,resnet_50,0,nose,431.24,324.08,475.24,348.08,0.1461,False,
sample_0197,MmCows,resnet_50,1,upper_jaw,255.46,185.61,299.46,209.61,0.0685,False,
sample_0197,MmCows,resnet_50,2,lower_jaw,243.96,196.31,287.96,220.31,0.1106,False,
sample_0197,MmCows,resnet_50,3,mouth_end_right,269.25,128.68,313.25,152.68,0.1276,False,
sample_0197,MmCows,resnet_50,4,mouth_end_left,339.74,130.44,383.74,154.44,0.1589,False,
sample_0197,MmCows,resnet_50,5,right_eye,234.35,63.4,278.35,87.4,0.0787,False,
sample_0197,MmCows,resnet_50,6,right_earbase,232.54,66.97,276.54,90.97,0.3056,True,
sample_0197,MmCows,resnet_50,7,right_earend,214.33,61.33,258.33,85.33,0.3718,True,
sample_0197,MmCows,resnet_50,8,right_antler_base,266.42,45.24,310.42,69.24,0.0997,False,
sample_0197,MmCows,resnet_50,9,right_antler_end,255.28,198.62,299.28,222.62,0.4331,True,
sample_0197,MmCows,resnet_50,10,left_eye,232.42,62.73,276.42,86.73,0.1125,False,
sample_0197,MmCows,resnet_50,11,left_earbase,232.94,72.97,276.94,96.97,0.1203,False,
sample_0197,MmCows,resnet_50,12,left_earend,223.82,37.09,267.82,61.09,0.2449,True,
sample_0197,MmCows,resnet_50,13,left_antler_base,256.84,36.03,300.84,60.03,0.2379,True,
sample_0197,MmCows,resnet_50,14,left_antler_end,267.13,32.96,311.13,56.96,0.325,True,
sample_0197,MmCows,resnet_50,15,neck_base,107.45,54.22,151.45,78.22,0.3036,True,
sample_0197,MmCows,resnet_50,16,neck_end,131.13,17.44,175.13,41.44,0.1217,False,
sample_0197,MmCows,resnet_50,17,throat_base,247.42,120.92,291.42,144.92,0.5789,True,
sample_0197,MmCows,resnet_50,18,throat_end,253.47,126.67,297.47,150.67,0.4876,True,
sample_0197,MmCows,resnet_50,19,back_base,118.71,18.1,162.71,42.1,0.1227,False,
sample_0197,MmCows,resnet_50,20,back_end,36.24,13.88,80.24,37.88,0.4832,True,
sample_0197,MmCows,resnet_50,21,back_middle,69.09,20.64,113.09,44.64,0.279,True,
sample_0197,MmCows,resnet_50,22,tail_base,36.97,20.92,80.97,44.92,0.4707,True,
sample_0197,MmCows,resnet_50,23,tail_end,37.65,135.63,81.65,159.63,0.1139,False,
sample_0197,MmCows,resnet_50,24,front_left_thai,168.79,139.47,212.79,163.47,0.4155,True,
sample_0197,MmCows,resnet_50,25,front_left_knee,222.14,177.41,266.14,201.41,0.5201,True,
sample_0197,MmCows,resnet_50,26,front_left_paw,226.69,206.98,270.69,230.98,0.5024,True,
sample_0197,MmCows,resnet_50,27,front_right_thai,165.57,151.05,209.57,175.05,0.3915,True,
sample_0197,MmCows,resnet_50,28,front_right_knee,218.04,193.89,262.04,217.89,0.5934,True,
sample_0197,MmCows,resnet_50,29,front_right_paw,223.98,212.06,267.98,236.06,0.6214,True,
sample_0197,MmCows,resnet_50,30,back_left_paw,193.42,229.1,237.42,253.1,0.2108,True,
sample_0197,MmCows,resnet_50,31,back_left_thai,116.42,34.91,160.42,58.91,0.387,True,
sample_0197,MmCows,resnet_50,32,back_right_thai,77.46,188.7,121.46,212.7,0.1733,False,
sample_0197,MmCows,resnet_50,33,back_left_knee,189.22,236.92,233.22,260.92,0.1124,False,
sample_0197,MmCows,resnet_50,34,back_right_knee,111.62,284.59,155.62,308.59,0.1116,False,
sample_0197,MmCows,resnet_50,35,back_right_paw,212.19,212.65,256.19,236.65,0.084,False,
sample_0197,MmCows,resnet_50,36,belly_bottom,149.92,181.82,193.92,205.82,0.1628,False,
sample_0197,MmCows,resnet_50,37,body_middle_right,95.81,179.69,139.81,203.69,0.2293,True,
sample_0197,MmCows,resnet_50,38,body_middle_left,162.71,47.95,206.71,71.95,0.1668,False,
sample_0198,MmCows,resnet_50,0,nose,68.1,74.74,83.1,84.74,0.7613,True,
sample_0198,MmCows,resnet_50,1,upper_jaw,71.17,75.32,86.17,85.32,0.769,True,
sample_0198,MmCows,resnet_50,2,lower_jaw,75.33,75.23,90.33,85.23,0.5307,True,
sample_0198,MmCows,resnet_50,3,mouth_end_right,69.32,69.06,84.32,79.06,0.4349,True,
sample_0198,MmCows,resnet_50,4,mouth_end_left,75.45,71.38,90.45,81.38,0.5506,True,
sample_0198,MmCows,resnet_50,5,right_eye,65.8,59.15,80.8,69.15,0.8491,True,
sample_0198,MmCows,resnet_50,6,right_earbase,75.49,20.14,90.49,30.14,0.2649,True,
sample_0198,MmCows,resnet_50,7,right_earend,74.04,12.71,89.04,22.71,0.2893,True,
sample_0198,MmCows,resnet_50,8,right_antler_base,65.6,46.78,80.6,56.78,0.3733,True,
sample_0198,MmCows,resnet_50,9,right_antler_end,99.57,49.83,114.57,59.83,0.2312,True,
sample_0198,MmCows,resnet_50,10,left_eye,74.41,60.83,89.41,70.83,0.7672,True,
sample_0198,MmCows,resnet_50,11,left_earbase,84.17,44.28,99.17,54.28,0.3015,True,
sample_0198,MmCows,resnet_50,12,left_earend,82.46,44.98,97.46,54.98,0.0849,False,
sample_0198,MmCows,resnet_50,13,left_antler_base,70.39,45.66,85.39,55.66,0.3587,True,
sample_0198,MmCows,resnet_50,14,left_antler_end,176.49,68.53,191.49,78.53,0.5226,True,
sample_0198,MmCows,resnet_50,15,neck_base,95.89,35.52,110.89,45.52,0.7257,True,
sample_0198,MmCows,resnet_50,16,neck_end,166.68,60.33,181.68,70.33,0.147,False,
sample_0198,MmCows,resnet_50,17,throat_base,95.11,59.95,110.11,69.95,0.7409,True,
sample_0198,MmCows,resnet_50,18,throat_end,101.71,59.64,116.71,69.64,0.4798,True,
sample_0198,MmCows,resnet_50,19,back_base,106.25,21.01,121.25,31.01,0.1842,False,
sample_0198,MmCows,resnet_50,20,back_end,173.77,33.79,188.77,43.79,0.5289,True,
sample_0198,MmCows,resnet_50,21,back_middle,132.74,15.42,147.74,25.42,0.3369,True,
sample_0198,MmCows,resnet_50,22,tail_base,173.87,37.7,188.87,47.7,0.5535,True,
sample_0198,MmCows,resnet_50,23,tail_end,173.91,71.83,188.91,81.83,0.1605,False,
sample_0198,MmCows,resnet_50,24,front_left_thai,112.13,48.71,127.13,58.71,0.33,True,
sample_0198,MmCows,resnet_50,25,front_left_knee,126.82,84.25,141.82,94.25,0.5346,True,
sample_0198,MmCows,resnet_50,26,front_left_paw,109.09,91.93,124.09,101.93,0.4944,True,
sample_0198,MmCows,resnet_50,27,front_right_thai,106.74,53.39,121.74,63.39,0.3377,True,
sample_0198,MmCows,resnet_50,28,front_right_knee,106.5,79.64,121.5,89.64,0.5614,True,
sample_0198,MmCows,resnet_50,29,front_right_paw,105.4,91.85,120.4,101.85,0.7182,True,
sample_0198,MmCows,resnet_50,30,back_left_paw,174.62,106.05,189.62,116.05,0.0641,False,
sample_0198,MmCows,resnet_50,31,back_left_thai,172.81,72.34,187.81,82.34,0.3351,True,
sample_0198,MmCows,resnet_50,32,back_right_thai,155.55,46.9,170.55,56.9,0.1278,False,
sample_0198,MmCows,resnet_50,33,back_left_knee,173.28,78.77,188.28,88.77,0.2177,True,
sample_0198,MmCows,resnet_50,34,back_right_knee,168.34,83.84,183.34,93.84,0.2193,True,
sample_0198,MmCows,resnet_50,35,back_right_paw,171.82,72.94,186.82,82.94,0.0849,False,
sample_0198,MmCows,resnet_50,36,belly_bottom,150.03,82.35,165.03,92.35,0.4084,True,
sample_0198,MmCows,resnet_50,37,body_middle_right,153.26,65.04,168.26,75.04,0.1303,False,
sample_0198,MmCows,resnet_50,38,body_middle_left,170.22,57.23,185.22,67.23,0.3015,True,
sample_0199,MmCows,resnet_50,0,nose,73.47,996.01,158.47,1007.01,0.1513,False,
sample_0199,MmCows,resnet_50,1,upper_jaw,84.14,1005.95,169.14,1016.95,0.0956,False,
sample_0199,MmCows,resnet_50,2,lower_jaw,197.16,679.0,282.16,690.0,0.1123,False,
sample_0199,MmCows,resnet_50,3,mouth_end_right,387.79,684.32,472.79,695.32,0.0494,False,
sample_0199,MmCows,resnet_50,4,mouth_end_left,91.26,980.02,176.26,991.02,0.1087,False,
sample_0199,MmCows,resnet_50,5,right_eye,90.64,909.5,175.64,920.5,0.2976,True,
sample_0199,MmCows,resnet_50,6,right_earbase,96.57,903.67,181.57,914.67,0.1379,False,
sample_0199,MmCows,resnet_50,7,right_earend,94.47,916.39,179.47,927.39,0.2126,True,
sample_0199,MmCows,resnet_50,8,right_antler_base,189.08,907.66,274.08,918.66,0.186,False,
sample_0199,MmCows,resnet_50,9,right_antler_end,359.8,629.67,444.8,640.67,0.1952,False,
sample_0199,MmCows,resnet_50,10,left_eye,98.95,912.48,183.95,923.48,0.1257,False,
sample_0199,MmCows,resnet_50,11,left_earbase,320.96,669.1,405.96,680.1,0.1,False,
sample_0199,MmCows,resnet_50,12,left_earend,337.42,963.15,422.42,974.15,0.0561,False,
sample_0199,MmCows,resnet_50,13,left_antler_base,312.61,661.86,397.61,672.86,0.1452,False,
sample_0199,MmCows,resnet_50,14,left_antler_end,354.04,625.51,439.04,636.51,0.1928,False,
sample_0199,MmCows,resnet_50,15,neck_base,261.57,695.67,346.57,706.67,0.2205,True,
sample_0199,MmCows,resnet_50,16,neck_end,308.94,666.64,393.94,677.64,0.243,True,
sample_0199,MmCows,resnet_50,17,throat_base,265.46,934.96,350.46,945.96,0.1447,False,
sample_0199,MmCows,resnet_50,18,throat_end,276.35,941.26,361.35,952.26,0.1542,False,
sample_0199,MmCows,resnet_50,19,back_base,304.07,670.54,389.07,681.54,0.305,True,
sample_0199,MmCows,resnet_50,20,back_end,231.9,683.73,316.9,694.73,0.1628,False,
sample_0199,MmCows,resnet_50,21,back_middle,203.17,765.1,288.17,776.1,0.2721,True,
sample_0199,MmCows,resnet_50,22,tail_base,219.07,686.34,304.07,697.34,0.1655,False,
sample_0199,MmCows,resnet_50,23,tail_end,72.78,998.73,157.78,1009.73,0.2549,True,
sample_0199,MmCows,resnet_50,24,front_left_thai,164.71,727.52,249.71,738.52,0.445,True,
sample_0199,MmCows,resnet_50,25,front_left_knee,337.91,946.19,422.91,957.19,0.4018,True,
sample_0199,MmCows,resnet_50,26,front_left_paw,328.05,972.21,413.05,983.21,0.7287,True,
sample_0199,MmCows,resnet_50,27,front_right_thai,286.4,947.58,371.4,958.58,0.0632,False,
sample_0199,MmCows,resnet_50,28,front_right_knee,325.2,947.09,410.2,958.09,0.2482,True,
sample_0199,MmCows,resnet_50,29,front_right_paw,334.7,965.03,419.7,976.03,0.3828,True,
sample_0199,MmCows,resnet_50,30,back_left_paw,327.8,967.98,412.8,978.98,0.5309,True,
sample_0199,MmCows,resnet_50,31,back_left_thai,107.45,896.37,192.45,907.37,0.5434,True,
sample_0199,MmCows,resnet_50,32,back_right_thai,112.31,894.05,197.31,905.05,0.1795,False,
sample_0199,MmCows,resnet_50,33,back_left_knee,340.39,938.13,425.39,949.13,0.3384,True,
sample_0199,MmCows,resnet_50,34,back_right_knee,331.21,928.56,416.21,939.56,0.1199,False,
sample_0199,MmCows,resnet_50,35,back_right_paw,324.88,968.77,409.88,979.77,0.2485,True,
sample_0199,MmCows,resnet_50,36,belly_bottom,110.36,806.16,195.36,817.16,0.3114,True,
sample_0199,MmCows,resnet_50,37,body_middle_right,143.32,795.96,228.32,806.96,0.2594,True,
sample_0199,MmCows,resnet_50,38,body_middle_left,313.86,821.14,398.86,832.14,0.2907,True,
sample_0200,MmCows,resnet_50,0,nose,528.88,148.94,528.88,252.94,0.1524,False,
sample_0200,MmCows,resnet_50,1,upper_jaw,525.73,157.39,525.73,261.39,0.0888,False,
sample_0200,MmCows,resnet_50,2,lower_jaw,531.87,163.35,531.87,267.35,0.1065,False,
sample_0200,MmCows,resnet_50,3,mouth_end_right,553.39,221.13,553.39,325.13,0.1181,False,
sample_0200,MmCows,resnet_50,4,mouth_end_left,550.29,175.44,550.29,279.44,0.1649,False,
sample_0200,MmCows,resnet_50,5,right_eye,544.81,157.99,544.81,261.99,0.102,False,
sample_0200,MmCows,resnet_50,6,right_earbase,617.79,104.75,617.79,208.75,0.3411,True,
sample_0200,MmCows,resnet_50,7,right_earend,543.46,245.05,543.46,349.05,0.2233,True,
sample_0200,MmCows,resnet_50,8,right_antler_base,546.74,139.07,546.74,243.07,0.243,True,
sample_0200,MmCows,resnet_50,9,right_antler_end,502.78,157.09,502.78,261.09,0.4094,True,
sample_0200,MmCows,resnet_50,10,left_eye,540.91,155.03,540.91,259.03,0.1493,False,
sample_0200,MmCows,resnet_50,11,left_earbase,545.75,138.34,545.75,242.34,0.4282,True,
sample_0200,MmCows,resnet_50,12,left_earend,536.0,145.01,536.0,249.01,0.4675,True,
sample_0200,MmCows,resnet_50,13,left_antler_base,538.58,144.32,538.58,248.32,0.3132,True,
sample_0200,MmCows,resnet_50,14,left_antler_end,540.62,157.61,540.62,261.61,0.3242,True,
sample_0200,MmCows,resnet_50,15,neck_base,637.92,169.78,637.92,273.78,0.1975,False,
sample_0200,MmCows,resnet_50,16,neck_end,548.1,140.72,548.1,244.72,0.0795,False,
sample_0200,MmCows,resnet_50,17,throat_base,583.63,179.21,583.63,283.21,0.1013,False,
sample_0200,MmCows,resnet_50,18,throat_end,585.65,178.2,585.65,282.2,0.1096,False,
sample_0200,MmCows,resnet_50,19,back_base,543.02,141.1,543.02,245.1,0.0948,False,
sample_0200,MmCows,resnet_50,20,back_end,686.65,80.06,686.65,184.06,0.2133,True,
sample_0200,MmCows,resnet_50,21,back_middle,820.34,262.98,820.34,366.98,0.2349,True,
sample_0200,MmCows,resnet_50,22,tail_base,686.82,77.24,686.82,181.24,0.2851,True,
sample_0200,MmCows,resnet_50,23,tail_end,495.39,364.69,495.39,468.69,0.3886,True,
sample_0200,MmCows,resnet_50,24,front_left_thai,604.24,315.25,604.24,419.25,0.2485,True,
sample_0200,MmCows,resnet_50,25,front_left_knee,757.55,351.54,757.55,455.54,0.3876,True,
sample_0200,MmCows,resnet_50,26,front_left_paw,781.51,382.32,781.51,486.32,0.4682,True,
sample_0200,MmCows,resnet_50,27,front_right_thai,580.87,319.43,580.87,423.43,0.3535,True,
sample_0200,MmCows,resnet_50,28,front_right_knee,754.09,352.86,754.09,456.86,0.3478,True,
sample_0200,MmCows,resnet_50,29,front_right_paw,771.62,382.59,771.62,486.59,0.4768,True,
sample_0200,MmCows,resnet_50,30,back_left_paw,598.95,420.94,598.95,524.94,0.4822,True,
sample_0200,MmCows,resnet_50,31,back_left_thai,732.97,156.12,732.97,260.12,0.3097,True,
sample_0200,MmCows,resnet_50,32,back_right_thai,544.71,235.07,544.71,339.07,0.2424,True,
sample_0200,MmCows,resnet_50,33,back_left_knee,585.28,383.97,585.28,487.97,0.5478,True,
sample_0200,MmCows,resnet_50,34,back_right_knee,522.5,297.83,522.5,401.83,0.1795,False,
sample_0200,MmCows,resnet_50,35,back_right_paw,532.11,421.44,532.11,525.44,0.6361,True,
sample_0200,MmCows,resnet_50,36,belly_bottom,664.59,319.6,664.59,423.6,0.1293,False,
sample_0200,MmCows,resnet_50,37,body_middle_right,763.19,248.14,763.19,352.14,0.211,True,
sample_0200,MmCows,resnet_50,38,body_middle_left,775.97,284.43,775.97,388.43,0.2966,True,
sample_0201,SideViewCows2026,resnet_50,0,nose,585.64,309.73,585.64,321.73,0.1,False,True
sample_0201,SideViewCows2026,resnet_50,1,upper_jaw,537.97,304.6,537.97,316.6,0.0531,False,True
sample_0201,SideViewCows2026,resnet_50,2,lower_jaw,612.99,314.35,612.99,326.35,0.1003,False,False
sample_0201,SideViewCows2026,resnet_50,3,mouth_end_right,468.22,340.29,468.22,352.29,0.0717,False,False
sample_0201,SideViewCows2026,resnet_50,4,mouth_end_left,592.61,293.89,592.61,305.89,0.237,True,True
sample_0201,SideViewCows2026,resnet_50,5,right_eye,550.94,229.36,550.94,241.36,0.3755,True,True
sample_0201,SideViewCows2026,resnet_50,6,right_earbase,543.12,218.64,543.12,230.64,0.3219,True,True
sample_0201,SideViewCows2026,resnet_50,7,right_earend,674.92,131.58,674.92,143.58,0.291,True,False
sample_0201,SideViewCows2026,resnet_50,8,right_antler_base,663.18,129.47,663.18,141.47,0.1981,False,True
sample_0201,SideViewCows2026,resnet_50,9,right_antler_end,675.8,129.34,675.8,141.34,0.1391,False,False
sample_0201,SideViewCows2026,resnet_50,10,left_eye,601.73,236.45,601.73,248.45,0.3691,True,True
sample_0201,SideViewCows2026,resnet_50,11,left_earbase,653.33,140.58,653.33,152.58,0.6094,True,True
sample_0201,SideViewCows2026,resnet_50,12,left_earend,688.0,136.92,688.0,148.92,0.5327,True,False
sample_0201,SideViewCows2026,resnet_50,13,left_antler_base,646.55,121.87,646.55,133.87,0.5498,True,True
sample_0201,SideViewCows2026,resnet_50,14,left_antler_end,676.49,122.02,676.49,134.02,0.2883,True,False
sample_0201,SideViewCows2026,resnet_50,15,neck_base,519.13,134.07,519.13,146.07,0.6874,True,False
sample_0201,SideViewCows2026,resnet_50,16,neck_end,581.47,74.71,581.47,86.71,0.4351,True,True
sample_0201,SideViewCows2026,resnet_50,17,throat_base,560.69,190.86,560.69,202.86,0.2341,True,True
sample_0201,SideViewCows2026,resnet_50,18,throat_end,547.12,253.11,547.12,265.11,0.097,False,True
sample_0201,SideViewCows2026,resnet_50,19,back_base,574.61,65.92,574.61,77.92,0.5478,True,True
sample_0201,SideViewCows2026,resnet_50,20,back_end,316.88,31.55,316.88,43.55,0.6936,True,True
sample_0201,SideViewCows2026,resnet_50,21,back_middle,509.13,48.45,509.13,60.45,0.3591,True,True
sample_0201,SideViewCows2026,resnet_50,22,tail_base,311.07,38.32,311.07,50.32,0.6109,True,True
sample_0201,SideViewCows2026,resnet_50,23,tail_end,615.12,315.8,615.12,327.8,0.2267,True,False
sample_0201,SideViewCows2026,resnet_50,24,front_left_thai,591.17,250.39,591.17,262.39,0.676,True,True
sample_0201,SideViewCows2026,resnet_50,25,front_left_knee,534.78,323.72,534.78,335.72,0.4712,True,True
sample_0201,SideViewCows2026,resnet_50,26,front_left_paw,517.8,424.34,517.8,436.34,0.8858,True,False
sample_0201,SideViewCows2026,resnet_50,27,front_right_thai,510.13,273.0,510.13,285.0,0.5307,True,True
sample_0201,SideViewCows2026,resnet_50,28,front_right_knee,465.9,327.24,465.9,339.24,0.5557,True,True
sample_0201,SideViewCows2026,resnet_50,29,front_right_paw,415.36,415.53,415.36,427.53,0.8234,True,True
sample_0201,SideViewCows2026,resnet_50,30,back_left_paw,518.0,408.97,518.0,420.97,0.7014,True,False
sample_0201,SideViewCows2026,resnet_50,31,back_left_thai,571.6,230.45,571.6,242.45,0.4441,True,True
sample_0201,SideViewCows2026,resnet_50,32,back_right_thai,588.67,242.55,588.67,254.55,0.1719,False,True
sample_0201,SideViewCows2026,resnet_50,33,back_left_knee,544.53,322.71,544.53,334.71,0.3251,True,True
sample_0201,SideViewCows2026,resnet_50,34,back_right_knee,515.19,319.08,515.19,331.08,0.381,True,True
sample_0201,SideViewCows2026,resnet_50,35,back_right_paw,264.29,410.8,264.29,422.8,0.5176,True,True
sample_0201,SideViewCows2026,resnet_50,36,belly_bottom,334.92,322.73,334.92,334.73,0.2657,True,True
sample_0201,SideViewCows2026,resnet_50,37,body_middle_right,466.94,184.52,466.94,196.52,0.0959,False,False
sample_0201,SideViewCows2026,resnet_50,38,body_middle_left,387.9,194.56,387.9,206.56,0.1932,False,True
sample_0202,SideViewCows2026,resnet_50,0,nose,809.42,271.99,809.42,280.99,0.9035,True,True
sample_0202,SideViewCows2026,resnet_50,1,upper_jaw,801.06,288.11,801.06,297.11,0.9309,True,True
sample_0202,SideViewCows2026,resnet_50,2,lower_jaw,781.73,290.71,781.73,299.71,0.7974,True,True
sample_0202,SideViewCows2026,resnet_50,3,mouth_end_right,772.28,268.11,772.28,277.11,0.6989,True,True
sample_0202,SideViewCows2026,resnet_50,4,mouth_end_left,795.27,268.57,795.27,277.57,0.6479,True,True
sample_0202,SideViewCows2026,resnet_50,5,right_eye,800.47,195.96,800.47,204.96,0.9938,True,True
sample_0202,SideViewCows2026,resnet_50,6,right_earbase,735.97,136.32,735.97,145.32,0.8271,True,True
sample_0202,SideViewCows2026,resnet_50,7,right_earend,734.57,90.56,734.57,99.56,0.4752,True,True
sample_0202,SideViewCows2026,resnet_50,8,right_antler_base,766.33,110.66,766.33,119.66,0.3958,True,True
sample_0202,SideViewCows2026,resnet_50,9,right_antler_end,755.77,85.16,755.77,94.16,0.2168,True,False
sample_0202,SideViewCows2026,resnet_50,10,left_eye,794.68,195.66,794.68,204.66,0.9441,True,True
sample_0202,SideViewCows2026,resnet_50,11,left_earbase,676.18,85.18,676.18,94.18,0.6152,True,False
sample_0202,SideViewCows2026,resnet_50,12,left_earend,655.08,56.71,655.08,65.71,0.692,True,False
sample_0202,SideViewCows2026,resnet_50,13,left_antler_base,704.33,80.63,704.33,89.63,0.4818,True,False
sample_0202,SideViewCows2026,resnet_50,14,left_antler_end,679.98,60.43,679.98,69.43,0.4094,True,False
sample_0202,SideViewCows2026,resnet_50,15,neck_base,648.44,191.88,648.44,200.88,0.3214,True,True
sample_0202,SideViewCows2026,resnet_50,16,neck_end,551.1,59.4,551.1,68.4,0.3213,True,True
sample_0202,SideViewCows2026,resnet_50,17,throat_base,656.86,237.47,656.86,246.47,0.9534,True,True
sample_0202,SideViewCows2026,resnet_50,18,throat_end,621.38,249.36,621.38,258.36,0.7072,True,True
sample_0202,SideViewCows2026,resnet_50,19,back_base,530.19,53.24,530.19,62.24,0.3374,True,True
sample_0202,SideViewCows2026,resnet_50,20,back_end,341.28,34.94,341.28,43.94,0.0565,False,True
sample_0202,SideViewCows2026,resnet_50,21,back_middle,480.7,33.01,480.7,42.01,0.1769,False,True
sample_0202,SideViewCows2026,resnet_50,22,tail_base,347.43,341.98,347.43,350.98,0.1012,False,True
sample_0202,SideViewCows2026,resnet_50,23,tail_end,392.65,398.79,392.65,407.79,0.2247,True,True
sample_0202,SideViewCows2026,resnet_50,24,front_left_thai,612.31,263.85,612.31,272.85,0.7003,True,True
sample_0202,SideViewCows2026,resnet_50,25,front_left_knee,607.79,298.64,607.79,307.64,0.66,True,False
sample_0202,SideViewCows2026,resnet_50,26,front_left_paw,489.69,414.75,489.69,423.75,0.1926,False,True
sample_0202,SideViewCows2026,resnet_50,27,front_right_thai,459.65,320.63,459.65,329.63,0.4764,True,True
sample_0202,SideViewCows2026,resnet_50,28,front_right_knee,472.93,402.65,472.93,411.65,0.5603,True,True
sample_0202,SideViewCows2026,resnet_50,29,front_right_paw,482.56,427.83,482.56,436.83,0.2744,True,True
sample_0202,SideViewCows2026,resnet_50,30,back_left_paw,390.52,466.84,390.52,475.84,0.2259,True,True
sample_0202,SideViewCows2026,resnet_50,31,back_left_thai,322.09,324.85,322.09,333.85,0.3709,True,True
sample_0202,SideViewCows2026,resnet_50,32,back_right_thai,330.16,336.96,330.16,345.96,0.2323,True,True
sample_0202,SideViewCows2026,resnet_50,33,back_left_knee,768.92,368.27,768.92,377.27,0.1299,False,False
sample_0202,SideViewCows2026,resnet_50,34,back_right_knee,398.73,420.06,398.73,429.06,0.2147,True,True
sample_0202,SideViewCows2026,resnet_50,35,back_right_paw,394.34,473.91,394.34,482.91,0.6112,True,True
sample_0202,SideViewCows2026,resnet_50,36,belly_bottom,368.17,344.95,368.17,353.95,0.2927,True,True
sample_0202,SideViewCows2026,resnet_50,37,body_middle_right,356.32,225.44,356.32,234.44,0.23,True,True
sample_0202,SideViewCows2026,resnet_50,38,body_middle_left,774.23,358.4,774.23,367.4,0.1166,False,False
sample_0203,SideViewCows2026,resnet_50,0,nose,179.89,485.9,179.89,503.9,0.1459,False,False
sample_0203,SideViewCows2026,resnet_50,1,upper_jaw,427.46,343.17,427.46,361.17,0.0913,False,False
sample_0203,SideViewCows2026,resnet_50,2,lower_jaw,424.97,345.53,424.97,363.53,0.1199,False,False
sample_0203,SideViewCows2026,resnet_50,3,mouth_end_right,430.05,334.32,430.05,352.32,0.0681,False,False
sample_0203,SideViewCows2026,resnet_50,4,mouth_end_left,420.56,332.9,420.56,350.9,0.1079,False,False
sample_0203,SideViewCows2026,resnet_50,5,right_eye,28.17,339.34,28.17,357.34,0.0997,False,True
sample_0203,SideViewCows2026,resnet_50,6,right_earbase,421.34,329.14,421.34,347.14,0.2482,True,False
sample_0203,SideViewCows2026,resnet_50,7,right_earend,411.05,343.61,411.05,361.61,0.2122,True,False
sample_0203,SideViewCows2026,resnet_50,8,right_antler_base,424.52,314.69,424.52,332.69,0.1165,False,False
sample_0203,SideViewCows2026,resnet_50,9,right_antler_end,30.61,48.17,30.61,66.17,0.2317,True,False
sample_0203,SideViewCows2026,resnet_50,10,left_eye,32.75,341.08,32.75,359.08,0.1089,False,True
sample_0203,SideViewCows2026,resnet_50,11,left_earbase,252.59,136.03,252.59,154.03,0.062,False,True
sample_0203,SideViewCows2026,resnet_50,12,left_earend,124.77,397.17,124.77,415.17,0.1299,False,False
sample_0203,SideViewCows2026,resnet_50,13,left_antler_base,252.8,125.88,252.8,143.88,0.0872,False,True
sample_0203,SideViewCows2026,resnet_50,14,left_antler_end,262.78,136.93,262.78,154.93,0.225,True,True
sample_0203,SideViewCows2026,resnet_50,15,neck_base,272.97,73.28,272.97,91.28,0.1918,False,True
sample_0203,SideViewCows2026,resnet_50,16,neck_end,292.97,65.05,292.97,83.05,0.382,True,True
sample_0203,SideViewCows2026,resnet_50,17,throat_base,49.02,330.68,49.02,348.68,0.0908,False,False
sample_0203,SideViewCows2026,resnet_50,18,throat_end,126.47,346.71,126.47,364.71,0.1692,False,True
sample_0203,SideViewCows2026,resnet_50,19,back_base,279.47,52.9,279.47,70.9,0.3889,True,True
sample_0203,SideViewCows2026,resnet_50,20,back_end,83.67,75.42,83.67,93.42,0.6828,True,True
sample_0203,SideViewCows2026,resnet_50,21,back_middle,164.69,39.26,164.69,57.26,0.4045,True,True
sample_0203,SideViewCows2026,resnet_50,22,tail_base,66.13,86.87,66.13,104.87,0.861,True,True
sample_0203,SideViewCows2026,resnet_50,23,tail_end,27.92,256.2,27.92,274.2,0.2058,True,False
sample_0203,SideViewCows2026,resnet_50,24,front_left_thai,206.51,324.04,206.51,342.04,0.548,True,True
sample_0203,SideViewCows2026,resnet_50,25,front_left_knee,27.76,339.61,27.76,357.61,0.4398,True,True
sample_0203,SideViewCows2026,resnet_50,26,front_left_paw,17.46,451.59,17.46,469.59,0.5381,True,True
sample_0203,SideViewCows2026,resnet_50,27,front_right_thai,392.54,315.24,392.54,333.24,0.2794,True,False
sample_0203,SideViewCows2026,resnet_50,28,front_right_knee,410.35,350.55,410.35,368.55,0.3856,True,False
sample_0203,SideViewCows2026,resnet_50,29,front_right_paw,413.82,393.15,413.82,411.15,0.8991,True,False
sample_0203,SideViewCows2026,resnet_50,30,back_left_paw,168.67,495.84,168.67,513.84,0.5813,True,False
sample_0203,SideViewCows2026,resnet_50,31,back_left_thai,213.75,323.6,213.75,341.6,0.4332,True,True
sample_0203,SideViewCows2026,resnet_50,32,back_right_thai,97.12,259.35,97.12,277.35,0.3245,True,True
sample_0203,SideViewCows2026,resnet_50,33,back_left_knee,153.58,427.79,153.58,445.79,0.6482,True,True
sample_0203,SideViewCows2026,resnet_50,34,back_right_knee,165.97,431.74,165.97,449.74,0.773,True,True
sample_0203,SideViewCows2026,resnet_50,35,back_right_paw,174.67,500.18,174.67,518.18,0.6993,True,False
sample_0203,SideViewCows2026,resnet_50,36,belly_bottom,286.89,322.62,286.89,340.62,0.3004,True,True
sample_0203,SideViewCows2026,resnet_50,37,body_middle_right,257.12,183.32,257.12,201.32,0.0959,False,True
sample_0203,SideViewCows2026,resnet_50,38,body_middle_left,271.05,191.17,271.05,209.17,0.2767,True,True
sample_0204,SideViewCows2026,resnet_50,0,nose,55.32,375.7,91.32,410.7,0.3433,True,False
sample_0204,SideViewCows2026,resnet_50,1,upper_jaw,65.68,388.16,101.68,423.16,0.2978,True,False
sample_0204,SideViewCows2026,resnet_50,2,lower_jaw,67.94,390.21,103.94,425.21,0.3159,True,False
sample_0204,SideViewCows2026,resnet_50,3,mouth_end_right,52.22,372.73,88.22,407.73,0.3082,True,False
sample_0204,SideViewCows2026,resnet_50,4,mouth_end_left,67.7,385.45,103.7,420.45,0.3705,True,False
sample_0204,SideViewCows2026,resnet_50,5,right_eye,46.55,340.5,82.55,375.5,0.4632,True,False
sample_0204,SideViewCows2026,resnet_50,6,right_earbase,48.17,306.75,84.17,341.75,0.12,False,True
sample_0204,SideViewCows2026,resnet_50,7,right_earend,462.19,54.41,498.19,89.41,0.2049,True,False
sample_0204,SideViewCows2026,resnet_50,8,right_antler_base,35.78,298.94,71.78,333.94,0.2952,True,False
sample_0204,SideViewCows2026,resnet_50,9,right_antler_end,54.29,300.48,90.29,335.48,0.2281,True,True
sample_0204,SideViewCows2026,resnet_50,10,left_eye,47.46,345.77,83.46,380.77,0.603,True,False
sample_0204,SideViewCows2026,resnet_50,11,left_earbase,52.07,300.38,88.07,335.38,0.3065,True,True
sample_0204,SideViewCows2026,resnet_50,12,left_earend,47.6,316.87,83.6,351.87,0.3852,True,True
sample_0204,SideViewCows2026,resnet_50,13,left_antler_base,41.17,302.54,77.17,337.54,0.367,True,True
sample_0204,SideViewCows2026,resnet_50,14,left_antler_end,42.49,306.89,78.49,341.89,0.2108,True,True
sample_0204,SideViewCows2026,resnet_50,15,neck_base,80.73,244.74,116.73,279.74,0.2776,True,True
sample_0204,SideViewCows2026,resnet_50,16,neck_end,473.1,46.65,509.1,81.65,0.2656,True,False
sample_0204,SideViewCows2026,resnet_50,17,throat_base,131.34,314.97,167.34,349.97,0.3568,True,False
sample_0204,SideViewCows2026,resnet_50,18,throat_end,115.52,298.73,151.52,333.73,0.2547,True,True
sample_0204,SideViewCows2026,resnet_50,19,back_base,466.19,34.14,502.19,69.14,0.3501,True,True
sample_0204,SideViewCows2026,resnet_50,20,back_end,470.36,27.57,506.36,62.57,0.5443,True,True
sample_0204,SideViewCows2026,resnet_50,21,back_middle,240.87,21.67,276.87,56.67,0.6364,True,True
sample_0204,SideViewCows2026,resnet_50,22,tail_base,49.55,51.85,85.55,86.85,0.6695,True,True
sample_0204,SideViewCows2026,resnet_50,23,tail_end,473.54,331.35,509.54,366.35,0.0923,False,False
sample_0204,SideViewCows2026,resnet_50,24,front_left_thai,233.27,288.01,269.27,323.01,0.9002,True,True
sample_0204,SideViewCows2026,resnet_50,25,front_left_knee,248.73,363.91,284.73,398.91,0.6047,True,True
sample_0204,SideViewCows2026,resnet_50,26,front_left_paw,262.41,450.94,298.41,485.94,0.588,True,False
sample_0204,SideViewCows2026,resnet_50,27,front_right_thai,218.24,274.35,254.24,309.35,0.5023,True,True
sample_0204,SideViewCows2026,resnet_50,28,front_right_knee,233.32,338.74,269.32,373.74,0.7403,True,True
sample_0204,SideViewCows2026,resnet_50,29,front_right_paw,225.91,377.08,261.91,412.08,0.6119,True,True
sample_0204,SideViewCows2026,resnet_50,30,back_left_paw,465.59,419.08,501.59,454.08,0.4261,True,True
sample_0204,SideViewCows2026,resnet_50,31,back_left_thai,511.56,235.4,547.56,270.4,0.4481,True,False
sample_0204,SideViewCows2026,resnet_50,32,back_right_thai,78.29,280.32,114.29,315.32,0.1811,False,True
sample_0204,SideViewCows2026,resnet_50,33,back_left_knee,560.27,318.95,596.27,353.95,0.511,True,False
sample_0204,SideViewCows2026,resnet_50,34,back_right_knee,480.7,324.78,516.7,359.78,0.5156,True,True
sample_0204,SideViewCows2026,resnet_50,35,back_right_paw,454.83,418.91,490.83,453.91,0.4814,True,False
sample_0204,SideViewCows2026,resnet_50,36,belly_bottom,365.01,320.86,401.01,355.86,0.3065,True,True
sample_0204,SideViewCows2026,resnet_50,37,body_middle_right,253.96,186.23,289.96,221.23,0.3494,True,True
sample_0204,SideViewCows2026,resnet_50,38,body_middle_left,284.26,167.64,320.26,202.64,0.4452,True,True
sample_0205,SideViewCows2026,resnet_50,0,nose,686.94,315.88,724.94,329.88,0.1081,False,False
sample_0205,SideViewCows2026,resnet_50,1,upper_jaw,251.19,296.52,289.19,310.52,0.0868,False,True
sample_0205,SideViewCows2026,resnet_50,2,lower_jaw,717.8,248.13,755.8,262.13,0.0909,False,True
sample_0205,SideViewCows2026,resnet_50,3,mouth_end_right,705.73,239.47,743.73,253.47,0.1824,False,True
sample_0205,SideViewCows2026,resnet_50,4,mouth_end_left,718.38,235.0,756.38,249.0,0.1291,False,True
sample_0205,SideViewCows2026,resnet_50,5,right_eye,705.93,212.9,743.93,226.9,0.4187,True,False
sample_0205,SideViewCows2026,resnet_50,6,right_earbase,701.45,197.86,739.45,211.86,0.3997,True,False
sample_0205,SideViewCows2026,resnet_50,7,right_earend,719.83,201.76,757.83,215.76,0.2206,True,False
sample_0205,SideViewCows2026,resnet_50,8,right_antler_base,702.42,188.53,740.42,202.53,0.2753,True,False
sample_0205,SideViewCows2026,resnet_50,9,right_antler_end,725.27,257.78,763.27,271.78,0.2177,True,False
sample_0205,SideViewCows2026,resnet_50,10,left_eye,721.21,204.11,759.21,218.11,0.3927,True,False
sample_0205,SideViewCows2026,resnet_50,11,left_earbase,688.75,165.65,726.75,179.65,0.3713,True,True
sample_0205,SideViewCows2026,resnet_50,12,left_earend,716.32,161.72,754.32,175.72,0.1838,False,False
sample_0205,SideViewCows2026,resnet_50,13,left_antler_base,693.41,166.38,731.41,180.38,0.3706,True,False
sample_0205,SideViewCows2026,resnet_50,14,left_antler_end,697.23,153.21,735.23,167.21,0.2093,True,False
sample_0205,SideViewCows2026,resnet_50,15,neck_base,632.92,172.97,670.92,186.97,0.8172,True,True
sample_0205,SideViewCows2026,resnet_50,16,neck_end,648.97,89.82,686.97,103.82,0.472,True,True
sample_0205,SideViewCows2026,resnet_50,17,throat_base,652.98,242.38,690.98,256.38,0.4888,True,True
sample_0205,SideViewCows2026,resnet_50,18,throat_end,628.54,246.84,666.54,260.84,0.7385,True,True
sample_0205,SideViewCows2026,resnet_50,19,back_base,643.13,81.29,681.13,95.29,0.6624,True,True
sample_0205,SideViewCows2026,resnet_50,20,back_end,631.51,62.48,669.51,76.48,0.1288,False,True
sample_0205,SideViewCows2026,resnet_50,21,back_middle,448.03,43.46,486.03,57.46,0.3247,True,True
sample_0205,SideViewCows2026,resnet_50,22,tail_base,639.21,73.66,677.21,87.66,0.0754,False,True
sample_0205,SideViewCows2026,resnet_50,23,tail_end,281.34,116.68,319.34,130.68,0.0696,False,True
sample_0205,SideViewCows2026,resnet_50,24,front_left_thai,541.63,283.6,579.63,297.6,0.4091,True,True
sample_0205,SideViewCows2026,resnet_50,25,front_left_knee,503.85,347.44,541.85,361.44,0.4971,True,True
sample_0205,SideViewCows2026,resnet_50,26,front_left_paw,487.01,426.46,525.01,440.46,0.5644,True,True
sample_0205,SideViewCows2026,resnet_50,27,front_right_thai,549.69,283.47,587.69,297.47,0.9309,True,True
sample_0205,SideViewCows2026,resnet_50,28,front_right_knee,582.61,349.78,620.61,363.78,0.4709,True,True
sample_0205,SideViewCows2026,resnet_50,29,front_right_paw,540.43,459.25,578.43,473.25,0.3564,True,True
sample_0205,SideViewCows2026,resnet_50,30,back_left_paw,535.77,458.71,573.77,472.71,0.5359,True,True
sample_0205,SideViewCows2026,resnet_50,31,back_left_thai,515.02,290.66,553.02,304.66,0.106,False,True
sample_0205,SideViewCows2026,resnet_50,32,back_right_thai,356.99,318.67,394.99,332.67,0.1936,False,True
sample_0205,SideViewCows2026,resnet_50,33,back_left_knee,499.83,353.9,537.83,367.9,0.3253,True,True
sample_0205,SideViewCows2026,resnet_50,34,back_right_knee,500.29,350.33,538.29,364.33,0.6818,True,True
sample_0205,SideViewCows2026,resnet_50,35,back_right_paw,485.89,423.5,523.89,437.5,0.3549,True,True
sample_0205,SideViewCows2026,resnet_50,36,belly_bottom,426.35,312.28,464.35,326.28,0.751,True,True
sample_0205,SideViewCows2026,resnet_50,37,body_middle_right,443.01,212.47,481.01,226.47,0.25,True,True
sample_0205,SideViewCows2026,resnet_50,38,body_middle_left,444.34,212.32,482.34,226.32,0.2152,True,True
sample_0206,SideViewCows2026,resnet_50,0,nose,423.63,330.2,447.63,341.2,0.0954,False,False
sample_0206,SideViewCows2026,resnet_50,1,upper_jaw,55.51,74.25,79.51,85.25,0.0327,False,True
sample_0206,SideViewCows2026,resnet_50,2,lower_jaw,420.25,331.04,444.25,342.04,0.0755,False,False
sample_0206,SideViewCows2026,resnet_50,3,mouth_end_right,428.76,347.01,452.76,358.01,0.0414,False,False
sample_0206,SideViewCows2026,resnet_50,4,mouth_end_left,77.37,94.48,101.37,105.48,0.0523,False,True
sample_0206,SideViewCows2026,resnet_50,5,right_eye,70.18,101.66,94.18,112.66,0.2494,True,True
sample_0206,SideViewCows2026,resnet_50,6,right_earbase,446.32,22.93,470.32,33.93,0.103,False,False
sample_0206,SideViewCows2026,resnet_50,7,right_earend,454.29,130.77,478.29,141.77,0.19,False,True
sample_0206,SideViewCows2026,resnet_50,8,right_antler_base,73.81,38.8,97.81,49.8,0.1681,False,True
sample_0206,SideViewCows2026,resnet_50,9,right_antler_end,418.87,322.05,442.87,333.05,0.1119,False,False
sample_0206,SideViewCows2026,resnet_50,10,left_eye,58.88,92.69,82.88,103.69,0.2355,True,True
sample_0206,SideViewCows2026,resnet_50,11,left_earbase,59.82,54.88,83.82,65.88,0.1088,False,True
sample_0206,SideViewCows2026,resnet_50,12,left_earend,69.0,90.15,93.0,101.15,0.1562,False,True
sample_0206,SideViewCows2026,resnet_50,13,left_antler_base,476.03,128.78,500.03,139.78,0.0984,False,True
sample_0206,SideViewCows2026,resnet_50,14,left_antler_end,495.51,135.73,519.51,146.73,0.1475,False,True
sample_0206,SideViewCows2026,resnet_50,15,neck_base,440.39,117.91,464.39,128.91,0.4134,True,False
sample_0206,SideViewCows2026,resnet_50,16,neck_end,445.76,40.25,469.76,51.25,0.4536,True,False
sample_0206,SideViewCows2026,resnet_50,17,throat_base,223.62,312.49,247.62,323.49,0.0623,False,True
sample_0206,SideViewCows2026,resnet_50,18,throat_end,132.27,347.78,156.27,358.78,0.1345,False,True
sample_0206,SideViewCows2026,resnet_50,19,back_base,432.51,29.63,456.51,40.63,0.5215,True,False
sample_0206,SideViewCows2026,resnet_50,20,back_end,96.87,39.28,120.87,50.28,0.7656,True,True
sample_0206,SideViewCows2026,resnet_50,21,back_middle,268.19,23.5,292.19,34.5,0.5056,True,True
sample_0206,SideViewCows2026,resnet_50,22,tail_base,73.0,48.85,97.0,59.85,0.8513,True,True
sample_0206,SideViewCows2026,resnet_50,23,tail_end,65.38,196.18,89.38,207.18,0.4055,True,True
sample_0206,SideViewCows2026,resnet_50,24,front_left_thai,201.84,303.35,225.84,314.35,0.2185,True,True
sample_0206,SideViewCows2026,resnet_50,25,front_left_knee,179.8,377.27,203.8,388.27,0.2686,True,True
sample_0206,SideViewCows2026,resnet_50,26,front_left_paw,424.79,365.23,448.79,376.23,0.1848,False,False
sample_0206,SideViewCows2026,resnet_50,27,front_right_thai,168.03,301.75,192.03,312.75,0.2798,True,True
sample_0206,SideViewCows2026,resnet_50,28,front_right_knee,444.47,324.11,468.47,335.11,0.1388,False,False
sample_0206,SideViewCows2026,resnet_50,29,front_right_paw,446.8,375.11,470.8,386.11,0.4106,True,True
sample_0206,SideViewCows2026,resnet_50,30,back_left_paw,32.41,397.82,56.41,408.82,0.8389,True,True
sample_0206,SideViewCows2026,resnet_50,31,back_left_thai,64.66,222.03,88.66,233.03,0.4547,True,True
sample_0206,SideViewCows2026,resnet_50,32,back_right_thai,87.99,221.61,111.99,232.61,0.4992,True,True
sample_0206,SideViewCows2026,resnet_50,33,back_left_knee,33.47,291.85,57.47,302.85,0.921,True,True
sample_0206,SideViewCows2026,resnet_50,34,back_right_knee,157.4,342.94,181.4,353.94,0.4281,True,True
sample_0206,SideViewCows2026,resnet_50,35,back_right_paw,183.46,410.89,207.46,421.89,0.3687,True,True
sample_0206,SideViewCows2026,resnet_50,36,belly_bottom,302.51,292.65,326.51,303.65,0.5858,True,True
sample_0206,SideViewCows2026,resnet_50,37,body_middle_right,260.51,170.01,284.51,181.01,0.3267,True,True
sample_0206,SideViewCows2026,resnet_50,38,body_middle_left,278.27,157.16,302.27,168.16,0.4605,True,True
sample_0207,SideViewCows2026,resnet_50,0,nose,15.46,226.52,124.46,239.52,0.8752,True,False
sample_0207,SideViewCows2026,resnet_50,1,upper_jaw,19.36,234.51,128.36,247.51,0.7465,True,False
sample_0207,SideViewCows2026,resnet_50,2,lower_jaw,22.79,236.73,131.79,249.73,0.6855,True,False
sample_0207,SideViewCows2026,resnet_50,3,mouth_end_right,13.19,232.66,122.19,245.66,0.6954,True,False
sample_0207,SideViewCows2026,resnet_50,4,mouth_end_left,30.72,225.16,139.72,238.16,0.7559,True,False
sample_0207,SideViewCows2026,resnet_50,5,right_eye,9.95,190.31,118.95,203.31,0.4121,True,False
sample_0207,SideViewCows2026,resnet_50,6,right_earbase,76.17,69.94,185.17,82.94,0.1676,False,False
sample_0207,SideViewCows2026,resnet_50,7,right_earend,247.67,59.47,356.67,72.47,0.3127,True,True
sample_0207,SideViewCows2026,resnet_50,8,right_antler_base,20.34,130.78,129.34,143.78,0.1531,False,False
sample_0207,SideViewCows2026,resnet_50,9,right_antler_end,60.1,48.95,169.1,61.95,0.1259,False,False
sample_0207,SideViewCows2026,resnet_50,10,left_eye,10.52,180.87,119.52,193.87,0.6957,True,False
sample_0207,SideViewCows2026,resnet_50,11,left_earbase,18.47,135.39,127.47,148.39,0.3381,True,False
sample_0207,SideViewCows2026,resnet_50,12,left_earend,245.61,73.35,354.61,86.35,0.2273,True,True
sample_0207,SideViewCows2026,resnet_50,13,left_antler_base,12.97,129.78,121.97,142.78,0.2701,True,False
sample_0207,SideViewCows2026,resnet_50,14,left_antler_end,5.55,126.8,114.55,139.8,0.1582,False,False
sample_0207,SideViewCows2026,resnet_50,15,neck_base,86.89,87.9,195.89,100.9,0.5483,True,True
sample_0207,SideViewCows2026,resnet_50,16,neck_end,89.07,74.83,198.07,87.83,0.3117,True,True
sample_0207,SideViewCows2026,resnet_50,17,throat_base,49.45,221.06,158.45,234.06,0.5152,True,True
sample_0207,SideViewCows2026,resnet_50,18,throat_end,60.12,233.54,169.12,246.54,0.211,True,True
sample_0207,SideViewCows2026,resnet_50,19,back_base,87.41,72.55,196.41,85.55,0.35,True,True
sample_0207,SideViewCows2026,resnet_50,20,back_end,129.62,62.91,238.62,75.91,0.5642,True,True
sample_0207,SideViewCows2026,resnet_50,21,back_middle,185.51,71.31,294.51,84.31,0.4873,True,True
sample_0207,SideViewCows2026,resnet_50,22,tail_base,110.95,63.17,219.95,76.17,0.5393,True,True
sample_0207,SideViewCows2026,resnet_50,23,tail_end,75.83,56.1,184.83,69.1,0.3619,True,False
sample_0207,SideViewCows2026,resnet_50,24,front_left_thai,273.69,335.68,382.69,348.68,0.1718,False,True
sample_0207,SideViewCows2026,resnet_50,25,front_left_knee,137.25,439.41,246.25,452.41,0.1984,False,True
sample_0207,SideViewCows2026,resnet_50,26,front_left_paw,280.28,405.19,389.28,418.19,0.2083,True,False
sample_0207,SideViewCows2026,resnet_50,27,front_right_thai,308.23,221.4,417.23,234.4,0.0762,False,True
sample_0207,SideViewCows2026,resnet_50,28,front_right_knee,295.98,399.42,404.98,412.42,0.1383,False,False
sample_0207,SideViewCows2026,resnet_50,29,front_right_paw,346.87,492.07,455.87,505.07,0.2595,True,False
sample_0207,SideViewCows2026,resnet_50,30,back_left_paw,173.01,517.2,282.01,530.2,0.6506,True,False
sample_0207,SideViewCows2026,resnet_50,31,back_left_thai,159.26,328.82,268.26,341.82,0.5298,True,True
sample_0207,SideViewCows2026,resnet_50,32,back_right_thai,167.01,331.65,276.01,344.65,0.5673,True,True
sample_0207,SideViewCows2026,resnet_50,33,back_left_knee,141.72,447.03,250.72,460.03,0.6097,True,True
sample_0207,SideViewCows2026,resnet_50,34,back_right_knee,149.57,436.96,258.57,449.96,0.5218,True,True
sample_0207,SideViewCows2026,resnet_50,35,back_right_paw,179.33,515.61,288.33,528.61,0.4595,True,True
sample_0207,SideViewCows2026,resnet_50,36,belly_bottom,229.05,336.19,338.05,349.19,0.4541,True,True
sample_0207,SideViewCows2026,resnet_50,37,body_middle_right,313.98,237.52,422.98,250.52,0.2269,True,True
sample_0207,SideViewCows2026,resnet_50,38,body_middle_left,319.36,231.59,428.36,244.59,0.277,True,True
sample_0209,SideViewCows2026,resnet_50,0,nose,130.79,508.19,131.79,524.19,0.6275,True,False
sample_0209,SideViewCows2026,resnet_50,1,upper_jaw,137.2,510.84,138.2,526.84,0.5029,True,False
sample_0209,SideViewCows2026,resnet_50,2,lower_jaw,145.18,509.38,146.18,525.38,0.5066,True,False
sample_0209,SideViewCows2026,resnet_50,3,mouth_end_right,113.14,491.6,114.14,507.6,0.4027,True,False
sample_0209,SideViewCows2026,resnet_50,4,mouth_end_left,155.63,489.23,156.63,505.23,0.4851,True,True
sample_0209,SideViewCows2026,resnet_50,5,right_eye,118.14,447.07,119.14,463.07,0.449,True,True
sample_0209,SideViewCows2026,resnet_50,6,right_earbase,85.34,397.1,86.34,413.1,0.1583,False,True
sample_0209,SideViewCows2026,resnet_50,7,right_earend,72.84,380.03,73.84,396.03,0.0853,False,True
sample_0209,SideViewCows2026,resnet_50,8,right_antler_base,92.89,409.82,93.89,425.82,0.1478,False,True
sample_0209,SideViewCows2026,resnet_50,9,right_antler_end,370.57,161.29,371.57,177.29,0.1241,False,True
sample_0209,SideViewCows2026,resnet_50,10,left_eye,136.02,451.16,137.02,467.16,0.5405,True,True
sample_0209,SideViewCows2026,resnet_50,11,left_earbase,130.3,409.51,131.3,425.51,0.0834,False,True
sample_0209,SideViewCows2026,resnet_50,12,left_earend,364.45,162.32,365.45,178.32,0.1858,False,True
sample_0209,SideViewCows2026,resnet_50,13,left_antler_base,98.61,398.58,99.61,414.58,0.1756,False,True
sample_0209,SideViewCows2026,resnet_50,14,left_antler_end,354.37,167.5,355.37,183.5,0.3028,True,True
sample_0209,SideViewCows2026,resnet_50,15,neck_base,104.51,380.99,105.51,396.99,0.2372,True,True
sample_0209,SideViewCows2026,resnet_50,16,neck_end,213.19,112.33,214.19,128.33,0.1353,False,True
sample_0209,SideViewCows2026,resnet_50,17,throat_base,153.27,480.5,154.27,496.5,0.1753,False,True
sample_0209,SideViewCows2026,resnet_50,18,throat_end,195.9,483.25,196.9,499.25,0.3271,True,True
sample_0209,SideViewCows2026,resnet_50,19,back_base,212.16,106.83,213.16,122.83,0.2538,True,True
sample_0209,SideViewCows2026,resnet_50,20,back_end,635.93,21.23,636.93,37.23,0.6313,True,True
sample_0209,SideViewCows2026,resnet_50,21,back_middle,406.2,45.11,407.2,61.11,0.5308,True,True
sample_0209,SideViewCows2026,resnet_50,22,tail_base,62.47,167.26,63.47,183.26,0.8512,True,True
sample_0209,SideViewCows2026,resnet_50,23,tail_end,46.85,303.87,47.85,319.87,0.4229,True,True
sample_0209,SideViewCows2026,resnet_50,24,front_left_thai,262.06,438.43,263.06,454.43,0.6548,True,True
sample_0209,SideViewCows2026,resnet_50,25,front_left_knee,266.53,497.78,267.53,513.78,0.7549,True,True
sample_0209,SideViewCows2026,resnet_50,26,front_left_paw,345.76,470.17,346.76,486.17,0.481,True,False
sample_0209,SideViewCows2026,resnet_50,27,front_right_thai,633.18,262.56,634.18,278.56,0.3805,True,True
sample_0209,SideViewCows2026,resnet_50,28,front_right_knee,263.09,505.88,264.09,521.88,0.457,True,True
sample_0209,SideViewCows2026,resnet_50,29,front_right_paw,543.94,476.82,544.94,492.82,0.5132,True,False
sample_0209,SideViewCows2026,resnet_50,30,back_left_paw,607.89,389.82,608.89,405.82,0.6148,True,True
sample_0209,SideViewCows2026,resnet_50,31,back_left_thai,631.26,245.49,632.26,261.49,0.9246,True,True
sample_0209,SideViewCows2026,resnet_50,32,back_right_thai,600.54,270.76,601.54,286.76,0.5735,True,True
sample_0209,SideViewCows2026,resnet_50,33,back_left_knee,629.78,341.3,630.78,357.3,0.7145,True,False
sample_0209,SideViewCows2026,resnet_50,34,back_right_knee,620.76,314.94,621.76,330.94,0.5254,True,True
sample_0209,SideViewCows2026,resnet_50,35,back_right_paw,605.43,386.61,606.43,402.61,0.4747,True,True
sample_0209,SideViewCows2026,resnet_50,36,belly_bottom,449.64,398.41,450.64,414.41,0.476,True,True
sample_0209,SideViewCows2026,resnet_50,37,body_middle_right,434.41,227.64,435.41,243.64,0.2572,True,True
sample_0209,SideViewCows2026,resnet_50,38,body_middle_left,463.12,216.9,464.12,232.9,0.2678,True,True
sample_0210,SideViewCows2026,resnet_50,0,nose,873.59,202.05,893.59,214.05,0.3696,True,True
sample_0210,SideViewCows2026,resnet_50,1,upper_jaw,870.7,228.51,890.7,240.51,0.2682,True,True
sample_0210,SideViewCows2026,resnet_50,2,lower_jaw,859.4,279.81,879.4,291.81,0.2064,True,False
sample_0210,SideViewCows2026,resnet_50,3,mouth_end_right,823.49,196.73,843.49,208.73,0.2467,True,True
sample_0210,SideViewCows2026,resnet_50,4,mouth_end_left,851.21,226.33,871.21,238.33,0.1919,False,True
sample_0210,SideViewCows2026,resnet_50,5,right_eye,846.74,226.13,866.74,238.13,0.3005,True,True
sample_0210,SideViewCows2026,resnet_50,6,right_earbase,258.45,89.97,278.45,101.97,0.2626,True,True
sample_0210,SideViewCows2026,resnet_50,7,right_earend,815.4,221.24,835.4,233.24,0.3767,True,True
sample_0210,SideViewCows2026,resnet_50,8,right_antler_base,241.94,86.93,261.94,98.93,0.2313,True,True
sample_0210,SideViewCows2026,resnet_50,9,right_antler_end,234.3,75.65,254.3,87.65,0.1934,False,True
sample_0210,SideViewCows2026,resnet_50,10,left_eye,865.5,219.64,885.5,231.64,0.2229,True,True
sample_0210,SideViewCows2026,resnet_50,11,left_earbase,235.65,98.18,255.65,110.18,0.1506,False,True
sample_0210,SideViewCows2026,resnet_50,12,left_earend,270.65,106.64,290.65,118.64,0.2094,True,True
sample_0210,SideViewCows2026,resnet_50,13,left_antler_base,243.58,96.83,263.58,108.83,0.1454,False,True
sample_0210,SideViewCows2026,resnet_50,14,left_antler_end,237.5,90.26,257.5,102.26,0.1202,False,True
sample_0210,SideViewCows2026,resnet_50,15,neck_base,739.54,153.0,759.54,165.0,0.4656,True,True
sample_0210,SideViewCows2026,resnet_50,16,neck_end,378.3,55.12,398.3,67.12,0.3472,True,True
sample_0210,SideViewCows2026,resnet_50,17,throat_base,763.15,235.92,783.15,247.92,0.2939,True,True
sample_0210,SideViewCows2026,resnet_50,18,throat_end,767.1,253.37,787.1,265.37,0.431,True,True
sample_0210,SideViewCows2026,resnet_50,19,back_base,369.37,52.32,389.37,64.32,0.4039,True,True
sample_0210,SideViewCows2026,resnet_50,20,back_end,718.55,46.3,738.55,58.3,0.6286,True,True
sample_0210,SideViewCows2026,resnet_50,21,back_middle,470.86,28.62,490.86,40.62,0.5072,True,True
sample_0210,SideViewCows2026,resnet_50,22,tail_base,736.89,66.41,756.89,78.41,0.609,True,True
sample_0210,SideViewCows2026,resnet_50,23,tail_end,182.48,350.42,202.48,362.42,0.2057,True,False
sample_0210,SideViewCows2026,resnet_50,24,front_left_thai,644.75,337.16,664.75,349.16,0.5452,True,True
sample_0210,SideViewCows2026,resnet_50,25,front_left_knee,624.92,398.83,644.92,410.83,0.5979,True,True
sample_0210,SideViewCows2026,resnet_50,26,front_left_paw,609.62,458.03,629.62,470.03,0.2549,True,False
sample_0210,SideViewCows2026,resnet_50,27,front_right_thai,697.17,312.28,717.17,324.28,0.5185,True,True
sample_0210,SideViewCows2026,resnet_50,28,front_right_knee,682.74,415.71,702.74,427.71,0.4271,True,False
sample_0210,SideViewCows2026,resnet_50,29,front_right_paw,664.18,470.37,684.18,482.37,0.582,True,False
sample_0210,SideViewCows2026,resnet_50,30,back_left_paw,663.35,458.93,683.35,470.93,0.509,True,False
sample_0210,SideViewCows2026,resnet_50,31,back_left_thai,684.62,291.19,704.62,303.19,0.6098,True,True
sample_0210,SideViewCows2026,resnet_50,32,back_right_thai,677.0,297.0,697.0,309.0,0.5503,True,True
sample_0210,SideViewCows2026,resnet_50,33,back_left_knee,685.65,412.88,705.65,424.88,0.6968,True,False
sample_0210,SideViewCows2026,resnet_50,34,back_right_knee,615.37,413.52,635.37,425.52,0.5402,True,True
sample_0210,SideViewCows2026,resnet_50,35,back_right_paw,598.32,459.11,618.32,471.11,0.5427,True,False
sample_0210,SideViewCows2026,resnet_50,36,belly_bottom,486.74,448.72,506.74,460.72,0.2978,True,True
sample_0210,SideViewCows2026,resnet_50,37,body_middle_right,346.09,307.51,366.09,319.51,0.1246,False,True
sample_0210,SideViewCows2026,resnet_50,38,body_middle_left,501.56,252.28,521.56,264.28,0.1577,False,True
sample_0211,SideViewCows2026,resnet_50,0,nose,468.75,304.73,485.75,319.73,0.1416,False,True
sample_0211,SideViewCows2026,resnet_50,1,upper_jaw,321.87,311.61,338.87,326.61,0.1133,False,True
sample_0211,SideViewCows2026,resnet_50,2,lower_jaw,320.12,302.28,337.12,317.28,0.1809,False,True
sample_0211,SideViewCows2026,resnet_50,3,mouth_end_right,352.91,318.43,369.91,333.43,0.0804,False,True
sample_0211,SideViewCows2026,resnet_50,4,mouth_end_left,449.63,287.75,466.63,302.75,0.2502,True,False
sample_0211,SideViewCows2026,resnet_50,5,right_eye,433.07,260.83,450.07,275.83,0.2424,True,True
sample_0211,SideViewCows2026,resnet_50,6,right_earbase,427.41,210.82,444.41,225.82,0.0995,False,False
sample_0211,SideViewCows2026,resnet_50,7,right_earend,432.68,204.71,449.68,219.71,0.1803,False,False
sample_0211,SideViewCows2026,resnet_50,8,right_antler_base,439.77,215.08,456.77,230.08,0.1489,False,False
sample_0211,SideViewCows2026,resnet_50,9,right_antler_end,472.13,301.16,489.13,316.16,0.2296,True,True
sample_0211,SideViewCows2026,resnet_50,10,left_eye,449.41,247.77,466.41,262.77,0.3,True,False
sample_0211,SideViewCows2026,resnet_50,11,left_earbase,451.7,219.13,468.7,234.13,0.2705,True,False
sample_0211,SideViewCows2026,resnet_50,12,left_earend,461.75,221.16,478.75,236.16,0.1505,False,False
sample_0211,SideViewCows2026,resnet_50,13,left_antler_base,450.32,219.39,467.32,234.39,0.2032,True,False
sample_0211,SideViewCows2026,resnet_50,14,left_antler_end,433.75,213.56,450.75,228.56,0.237,True,False
sample_0211,SideViewCows2026,resnet_50,15,neck_base,295.51,167.45,312.51,182.45,0.4639,True,True
sample_0211,SideViewCows2026,resnet_50,16,neck_end,437.32,187.81,454.32,202.81,0.3261,True,True
sample_0211,SideViewCows2026,resnet_50,17,throat_base,373.24,159.88,390.24,174.88,0.0705,False,True
sample_0211,SideViewCows2026,resnet_50,18,throat_end,344.0,241.87,361.0,256.87,0.1173,False,True
sample_0211,SideViewCows2026,resnet_50,19,back_base,435.3,183.7,452.3,198.7,0.4236,True,True
sample_0211,SideViewCows2026,resnet_50,20,back_end,434.51,182.35,451.51,197.35,0.1365,False,True
sample_0211,SideViewCows2026,resnet_50,21,back_middle,198.86,83.92,215.86,98.92,0.1597,False,True
sample_0211,SideViewCows2026,resnet_50,22,tail_base,438.36,190.01,455.36,205.01,0.212,True,True
sample_0211,SideViewCows2026,resnet_50,23,tail_end,308.67,315.16,325.67,330.16,0.0834,False,True
sample_0211,SideViewCows2026,resnet_50,24,front_left_thai,347.14,225.52,364.14,240.52,0.4175,True,True
sample_0211,SideViewCows2026,resnet_50,25,front_left_knee,347.81,262.52,364.81,277.52,0.5551,True,True
sample_0211,SideViewCows2026,resnet_50,26,front_left_paw,349.49,313.59,366.49,328.59,0.6579,True,True
sample_0211,SideViewCows2026,resnet_50,27,front_right_thai,353.58,195.32,370.58,210.32,0.4805,True,True
sample_0211,SideViewCows2026,resnet_50,28,front_right_knee,340.2,265.66,357.2,280.66,0.7914,True,True
sample_0211,SideViewCows2026,resnet_50,29,front_right_paw,341.21,309.24,358.21,324.24,0.7625,True,True
sample_0211,SideViewCows2026,resnet_50,30,back_left_paw,343.06,305.5,360.06,320.5,0.4234,True,True
sample_0211,SideViewCows2026,resnet_50,31,back_left_thai,284.85,91.74,301.85,106.74,0.1282,False,True
sample_0211,SideViewCows2026,resnet_50,32,back_right_thai,398.57,150.27,415.57,165.27,0.3316,True,False
sample_0211,SideViewCows2026,resnet_50,33,back_left_knee,453.49,297.47,470.49,312.47,0.2131,True,True
sample_0211,SideViewCows2026,resnet_50,34,back_right_knee,241.68,306.39,258.68,321.39,0.2501,True,True
sample_0211,SideViewCows2026,resnet_50,35,back_right_paw,469.88,304.24,486.88,319.24,0.3741,True,True
sample_0211,SideViewCows2026,resnet_50,36,belly_bottom,289.32,266.57,306.32,281.57,0.3133,True,True
sample_0211,SideViewCows2026,resnet_50,37,body_middle_right,189.66,164.22,206.66,179.22,0.2005,True,True
sample_0211,SideViewCows2026,resnet_50,38,body_middle_left,270.53,131.23,287.53,146.23,0.1625,False,True
sample_0212,SideViewCows2026,resnet_50,0,nose,891.47,239.1,891.47,260.1,0.8297,True,True
sample_0212,SideViewCows2026,resnet_50,1,upper_jaw,882.45,253.27,882.45,274.27,0.853,True,True
sample_0212,SideViewCows2026,resnet_50,2,lower_jaw,872.97,255.88,872.97,276.88,0.7153,True,True
sample_0212,SideViewCows2026,resnet_50,3,mouth_end_right,867.74,242.52,867.74,263.52,0.8903,True,True
sample_0212,SideViewCows2026,resnet_50,4,mouth_end_left,876.62,254.17,876.62,275.17,0.5905,True,True
sample_0212,SideViewCows2026,resnet_50,5,right_eye,884.38,190.64,884.38,211.64,0.9109,True,True
sample_0212,SideViewCows2026,resnet_50,6,right_earbase,869.03,146.18,869.03,167.18,0.6731,True,True
sample_0212,SideViewCows2026,resnet_50,7,right_earend,872.47,149.51,872.47,170.51,0.4041,True,True
sample_0212,SideViewCows2026,resnet_50,8,right_antler_base,882.88,147.68,882.88,168.68,0.6001,True,True
sample_0212,SideViewCows2026,resnet_50,9,right_antler_end,892.47,120.69,892.47,141.69,0.3302,True,False
sample_0212,SideViewCows2026,resnet_50,10,left_eye,889.59,194.16,889.59,215.16,0.8546,True,False
sample_0212,SideViewCows2026,resnet_50,11,left_earbase,778.69,79.08,778.69,100.08,0.3057,True,False
sample_0212,SideViewCows2026,resnet_50,12,left_earend,755.1,65.19,755.1,86.19,0.3226,True,False
sample_0212,SideViewCows2026,resnet_50,13,left_antler_base,883.73,143.18,883.73,164.18,0.3249,True,True
sample_0212,SideViewCows2026,resnet_50,14,left_antler_end,881.8,147.8,881.8,168.8,0.2982,True,True
sample_0212,SideViewCows2026,resnet_50,15,neck_base,695.14,206.73,695.14,227.73,0.3221,True,True
sample_0212,SideViewCows2026,resnet_50,16,neck_end,643.27,38.33,643.27,59.33,0.4905,True,True
sample_0212,SideViewCows2026,resnet_50,17,throat_base,752.88,238.03,752.88,259.03,0.4561,True,False
sample_0212,SideViewCows2026,resnet_50,18,throat_end,692.57,251.56,692.57,272.56,0.4705,True,True
sample_0212,SideViewCows2026,resnet_50,19,back_base,604.05,26.1,604.05,47.1,0.5697,True,True
sample_0212,SideViewCows2026,resnet_50,20,back_end,416.53,45.82,416.53,66.82,0.056,False,True
sample_0212,SideViewCows2026,resnet_50,21,back_middle,408.01,45.52,408.01,66.52,0.2425,True,True
sample_0212,SideViewCows2026,resnet_50,22,tail_base,838.74,103.27,838.74,124.27,0.0263,False,True
sample_0212,SideViewCows2026,resnet_50,23,tail_end,468.99,472.51,468.99,493.51,0.0627,False,False
sample_0212,SideViewCows2026,resnet_50,24,front_left_thai,612.99,310.63,612.99,331.63,0.7664,True,True
sample_0212,SideViewCows2026,resnet_50,25,front_left_knee,649.22,374.88,649.22,395.88,0.917,True,True
sample_0212,SideViewCows2026,resnet_50,26,front_left_paw,686.53,447.83,686.53,468.83,0.9479,True,False
sample_0212,SideViewCows2026,resnet_50,27,front_right_thai,493.4,368.48,493.4,389.48,0.6422,True,True
sample_0212,SideViewCows2026,resnet_50,28,front_right_knee,496.14,446.11,496.14,467.11,0.5556,True,True
sample_0212,SideViewCows2026,resnet_50,29,front_right_paw,491.82,497.14,491.82,518.14,0.4521,True,True
sample_0212,SideViewCows2026,resnet_50,30,back_left_paw,492.04,485.12,492.04,506.12,0.62,True,True
sample_0212,SideViewCows2026,resnet_50,31,back_left_thai,489.67,368.1,489.67,389.1,0.3222,True,True
sample_0212,SideViewCows2026,resnet_50,32,back_right_thai,427.61,354.53,427.61,375.53,0.2402,True,True
sample_0212,SideViewCows2026,resnet_50,33,back_left_knee,486.79,439.65,486.79,460.65,0.6373,True,True
sample_0212,SideViewCows2026,resnet_50,34,back_right_knee,484.11,440.25,484.11,461.25,0.5308,True,True
sample_0212,SideViewCows2026,resnet_50,35,back_right_paw,490.06,493.42,490.06,514.42,0.6596,True,True
sample_0212,SideViewCows2026,resnet_50,36,belly_bottom,425.58,380.94,425.58,401.94,0.347,True,True
sample_0212,SideViewCows2026,resnet_50,37,body_middle_right,424.34,237.12,424.34,258.12,0.1053,False,True
sample_0212,SideViewCows2026,resnet_50,38,body_middle_left,609.02,326.67,609.02,347.67,0.1104,False,True
sample_0213,SideViewCows2026,resnet_50,0,nose,850.48,233.8,867.48,246.8,0.7462,True,False
sample_0213,SideViewCows2026,resnet_50,1,upper_jaw,841.19,239.07,858.19,252.07,0.8873,True,True
sample_0213,SideViewCows2026,resnet_50,2,lower_jaw,834.18,245.39,851.18,258.39,0.8413,True,True
sample_0213,SideViewCows2026,resnet_50,3,mouth_end_right,817.99,224.49,834.99,237.49,0.8665,True,True
sample_0213,SideViewCows2026,resnet_50,4,mouth_end_left,829.36,225.2,846.36,238.2,0.8554,True,True
sample_0213,SideViewCows2026,resnet_50,5,right_eye,829.53,155.03,846.53,168.03,0.6595,True,True
sample_0213,SideViewCows2026,resnet_50,6,right_earbase,772.25,119.78,789.25,132.78,0.4824,True,True
sample_0213,SideViewCows2026,resnet_50,7,right_earend,842.6,128.9,859.6,141.9,0.3999,True,True
sample_0213,SideViewCows2026,resnet_50,8,right_antler_base,775.96,120.27,792.96,133.27,0.4936,True,True
sample_0213,SideViewCows2026,resnet_50,9,right_antler_end,833.48,94.92,850.48,107.92,0.3174,True,True
sample_0213,SideViewCows2026,resnet_50,10,left_eye,811.75,147.91,828.75,160.91,0.5933,True,True
sample_0213,SideViewCows2026,resnet_50,11,left_earbase,752.54,88.71,769.54,101.71,0.2791,True,True
sample_0213,SideViewCows2026,resnet_50,12,left_earend,824.12,88.79,841.12,101.79,0.3249,True,True
sample_0213,SideViewCows2026,resnet_50,13,left_antler_base,785.38,112.86,802.38,125.86,0.4721,True,True
sample_0213,SideViewCows2026,resnet_50,14,left_antler_end,815.71,98.62,832.71,111.62,0.3105,True,True
sample_0213,SideViewCows2026,resnet_50,15,neck_base,719.21,92.38,736.21,105.38,0.9422,True,True
sample_0213,SideViewCows2026,resnet_50,16,neck_end,699.78,32.23,716.78,45.23,0.6435,True,True
sample_0213,SideViewCows2026,resnet_50,17,throat_base,732.58,207.68,749.58,220.68,0.7642,True,True
sample_0213,SideViewCows2026,resnet_50,18,throat_end,713.81,221.94,730.81,234.94,0.7222,True,True
sample_0213,SideViewCows2026,resnet_50,19,back_base,672.99,23.82,689.99,36.82,0.6978,True,True
sample_0213,SideViewCows2026,resnet_50,20,back_end,175.59,134.94,192.59,147.94,0.5118,True,True
sample_0213,SideViewCows2026,resnet_50,21,back_middle,412.6,47.94,429.6,60.94,0.8379,True,True
sample_0213,SideViewCows2026,resnet_50,22,tail_base,158.08,139.11,175.08,152.11,0.4611,True,True
sample_0213,SideViewCows2026,resnet_50,23,tail_end,153.89,335.82,170.89,348.82,0.1305,False,True
sample_0213,SideViewCows2026,resnet_50,24,front_left_thai,540.41,327.87,557.41,340.87,0.5653,True,True
sample_0213,SideViewCows2026,resnet_50,25,front_left_knee,501.36,405.22,518.36,418.22,0.7593,True,True
sample_0213,SideViewCows2026,resnet_50,26,front_left_paw,496.55,474.12,513.55,487.12,0.9586,True,False
sample_0213,SideViewCows2026,resnet_50,27,front_right_thai,660.9,225.34,677.9,238.34,0.9047,True,True
sample_0213,SideViewCows2026,resnet_50,28,front_right_knee,649.37,349.35,666.37,362.35,0.6402,True,True
sample_0213,SideViewCows2026,resnet_50,29,front_right_paw,652.58,436.18,669.58,449.18,0.917,True,True
sample_0213,SideViewCows2026,resnet_50,30,back_left_paw,308.4,440.7,325.4,453.7,0.2083,True,True
sample_0213,SideViewCows2026,resnet_50,31,back_left_thai,188.29,307.57,205.29,320.57,0.5275,True,True
sample_0213,SideViewCows2026,resnet_50,32,back_right_thai,246.5,353.17,263.5,366.17,0.5715,True,True
sample_0213,SideViewCows2026,resnet_50,33,back_left_knee,153.58,310.88,170.58,323.88,0.2312,True,True
sample_0213,SideViewCows2026,resnet_50,34,back_right_knee,248.19,408.18,265.19,421.18,0.5035,True,True
sample_0213,SideViewCows2026,resnet_50,35,back_right_paw,313.51,451.59,330.51,464.59,0.7817,True,True
sample_0213,SideViewCows2026,resnet_50,36,belly_bottom,414.73,410.72,431.73,423.72,0.5307,True,True
sample_0213,SideViewCows2026,resnet_50,37,body_middle_right,438.36,235.06,455.36,248.06,0.2067,True,True
sample_0213,SideViewCows2026,resnet_50,38,body_middle_left,467.91,236.61,484.91,249.61,0.3071,True,True
sample_0214,SideViewCows2026,resnet_50,0,nose,64.8,322.67,79.8,330.67,0.7889,True,True
sample_0214,SideViewCows2026,resnet_50,1,upper_jaw,66.74,323.72,81.74,331.72,0.7108,True,True
sample_0214,SideViewCows2026,resnet_50,2,lower_jaw,67.73,327.46,82.73,335.46,0.539,True,True
sample_0214,SideViewCows2026,resnet_50,3,mouth_end_right,62.09,316.64,77.09,324.64,0.5917,True,True
sample_0214,SideViewCows2026,resnet_50,4,mouth_end_left,77.36,319.2,92.36,327.2,0.7123,True,True
sample_0214,SideViewCows2026,resnet_50,5,right_eye,57.1,291.56,72.1,299.56,0.8709,True,True
sample_0214,SideViewCows2026,resnet_50,6,right_earbase,45.89,263.75,60.89,271.75,0.3501,True,True
sample_0214,SideViewCows2026,resnet_50,7,right_earend,34.7,256.11,49.7,264.11,0.3603,True,False
sample_0214,SideViewCows2026,resnet_50,8,right_antler_base,53.95,263.28,68.95,271.28,0.5135,True,True
sample_0214,SideViewCows2026,resnet_50,9,right_antler_end,40.03,251.89,55.03,259.89,0.4135,True,False
sample_0214,SideViewCows2026,resnet_50,10,left_eye,68.57,288.99,83.57,296.99,0.7499,True,True
sample_0214,SideViewCows2026,resnet_50,11,left_earbase,76.3,259.26,91.3,267.26,0.4246,True,True
sample_0214,SideViewCows2026,resnet_50,12,left_earend,79.29,240.58,94.29,248.58,0.3772,True,True
sample_0214,SideViewCows2026,resnet_50,13,left_antler_base,65.91,260.86,80.91,268.86,0.4481,True,True
sample_0214,SideViewCows2026,resnet_50,14,left_antler_end,88.98,264.58,103.98,272.58,0.3138,True,True
sample_0214,SideViewCows2026,resnet_50,15,neck_base,111.19,288.15,126.19,296.15,0.4953,True,True
sample_0214,SideViewCows2026,resnet_50,16,neck_end,125.39,281.33,140.39,289.33,0.4759,True,True
sample_0214,SideViewCows2026,resnet_50,17,throat_base,94.27,315.13,109.27,323.13,0.217,True,True
sample_0214,SideViewCows2026,resnet_50,18,throat_end,107.77,328.26,122.77,336.26,0.2813,True,True
sample_0214,SideViewCows2026,resnet_50,19,back_base,124.26,275.72,139.26,283.72,0.3961,True,True
sample_0214,SideViewCows2026,resnet_50,20,back_end,213.47,264.45,228.47,272.45,0.6511,True,True
sample_0214,SideViewCows2026,resnet_50,21,back_middle,172.31,276.24,187.31,284.24,0.6085,True,True
sample_0214,SideViewCows2026,resnet_50,22,tail_base,218.6,272.01,233.6,280.01,0.5616,True,True
sample_0214,SideViewCows2026,resnet_50,23,tail_end,31.57,365.23,46.57,373.23,0.1088,False,True
sample_0214,SideViewCows2026,resnet_50,24,front_left_thai,121.89,293.29,136.89,301.29,0.3224,True,True
sample_0214,SideViewCows2026,resnet_50,25,front_left_knee,193.65,391.49,208.65,399.49,0.5084,True,False
sample_0214,SideViewCows2026,resnet_50,26,front_left_paw,215.7,414.36,230.7,422.36,0.7475,True,False
sample_0214,SideViewCows2026,resnet_50,27,front_right_thai,261.94,300.5,276.94,308.5,0.396,True,False
sample_0214,SideViewCows2026,resnet_50,28,front_right_knee,298.82,316.82,313.82,324.82,0.7475,True,False
sample_0214,SideViewCows2026,resnet_50,29,front_right_paw,346.13,322.57,361.13,330.57,0.53,True,False
sample_0214,SideViewCows2026,resnet_50,30,back_left_paw,70.23,429.47,85.23,437.47,0.5653,True,False
sample_0214,SideViewCows2026,resnet_50,31,back_left_thai,256.01,299.73,271.01,307.73,0.4512,True,False
sample_0214,SideViewCows2026,resnet_50,32,back_right_thai,66.62,358.19,81.62,366.19,0.4233,True,True
sample_0214,SideViewCows2026,resnet_50,33,back_left_knee,70.7,397.08,85.7,405.08,0.8608,True,True
sample_0214,SideViewCows2026,resnet_50,34,back_right_knee,66.08,396.23,81.08,404.23,0.9347,True,True
sample_0214,SideViewCows2026,resnet_50,35,back_right_paw,71.9,428.46,86.9,436.46,0.5908,True,False
sample_0214,SideViewCows2026,resnet_50,36,belly_bottom,143.53,327.17,158.53,335.17,0.5097,True,False
sample_0214,SideViewCows2026,resnet_50,37,body_middle_right,145.77,293.76,160.77,301.76,0.1667,False,True
sample_0214,SideViewCows2026,resnet_50,38,body_middle_left,163.67,298.23,178.67,306.23,0.3358,True,False
sample_0215,SideViewCows2026,resnet_50,0,nose,86.34,340.9,86.34,340.9,0.1164,False,False
sample_0215,SideViewCows2026,resnet_50,1,upper_jaw,517.46,336.17,517.46,336.17,0.0794,False,False
sample_0215,SideViewCows2026,resnet_50,2,lower_jaw,518.69,333.85,518.69,333.85,0.1708,False,False
sample_0215,SideViewCows2026,resnet_50,3,mouth_end_right,522.37,320.03,522.37,320.03,0.1008,False,False
sample_0215,SideViewCows2026,resnet_50,4,mouth_end_left,520.85,329.89,520.85,329.89,0.1187,False,False
sample_0215,SideViewCows2026,resnet_50,5,right_eye,31.86,301.15,31.86,301.15,0.3657,True,False
sample_0215,SideViewCows2026,resnet_50,6,right_earbase,521.05,116.01,521.05,116.01,0.0573,False,True
sample_0215,SideViewCows2026,resnet_50,7,right_earend,42.01,81.4,42.01,81.4,0.073,False,True
sample_0215,SideViewCows2026,resnet_50,8,right_antler_base,36.53,72.85,36.53,72.85,0.1158,False,True
sample_0215,SideViewCows2026,resnet_50,9,right_antler_end,34.28,85.14,34.28,85.14,0.1527,False,True
sample_0215,SideViewCows2026,resnet_50,10,left_eye,29.98,294.39,29.98,294.39,0.3346,True,False
sample_0215,SideViewCows2026,resnet_50,11,left_earbase,36.0,81.83,36.0,81.83,0.0833,False,True
sample_0215,SideViewCows2026,resnet_50,12,left_earend,36.24,80.18,36.24,80.18,0.1817,False,True
sample_0215,SideViewCows2026,resnet_50,13,left_antler_base,513.39,273.8,513.39,273.8,0.1002,False,False
sample_0215,SideViewCows2026,resnet_50,14,left_antler_end,123.41,20.97,123.41,20.97,0.1434,False,True
sample_0215,SideViewCows2026,resnet_50,15,neck_base,83.76,76.97,83.76,76.97,0.2395,True,True
sample_0215,SideViewCows2026,resnet_50,16,neck_end,94.65,50.14,94.65,50.14,0.4091,True,True
sample_0215,SideViewCows2026,resnet_50,17,throat_base,60.46,253.46,60.46,253.46,0.1247,False,False
sample_0215,SideViewCows2026,resnet_50,18,throat_end,197.08,311.61,197.08,311.61,0.2257,True,False
sample_0215,SideViewCows2026,resnet_50,19,back_base,151.59,22.55,151.59,22.55,0.6663,True,True
sample_0215,SideViewCows2026,resnet_50,20,back_end,520.89,96.7,520.89,96.7,0.3283,True,False
sample_0215,SideViewCows2026,resnet_50,21,back_middle,467.06,105.98,467.06,105.98,0.4761,True,True
sample_0215,SideViewCows2026,resnet_50,22,tail_base,151.11,21.47,151.11,21.47,0.2894,True,True
sample_0215,SideViewCows2026,resnet_50,23,tail_end,531.2,330.99,531.2,330.99,0.0509,False,False
sample_0215,SideViewCows2026,resnet_50,24,front_left_thai,254.52,326.79,254.52,326.79,0.6983,True,True
sample_0215,SideViewCows2026,resnet_50,25,front_left_knee,298.42,395.45,298.42,395.45,0.6425,True,True
sample_0215,SideViewCows2026,resnet_50,26,front_left_paw,320.59,409.07,320.59,409.07,0.6038,True,True
sample_0215,SideViewCows2026,resnet_50,27,front_right_thai,265.71,327.57,265.71,327.57,0.4983,True,True
sample_0215,SideViewCows2026,resnet_50,28,front_right_knee,323.1,389.92,323.1,389.92,0.7305,True,True
sample_0215,SideViewCows2026,resnet_50,29,front_right_paw,533.18,333.9,533.18,333.9,0.6914,True,False
sample_0215,SideViewCows2026,resnet_50,30,back_left_paw,528.35,327.53,528.35,327.53,0.4591,True,False
sample_0215,SideViewCows2026,resnet_50,31,back_left_thai,499.31,100.14,499.31,100.14,0.1459,False,True
sample_0215,SideViewCows2026,resnet_50,32,back_right_thai,26.71,227.89,26.71,227.89,0.2089,True,False
sample_0215,SideViewCows2026,resnet_50,33,back_left_knee,520.99,134.68,520.99,134.68,0.0673,False,True
sample_0215,SideViewCows2026,resnet_50,34,back_right_knee,32.57,273.57,32.57,273.57,0.1288,False,False
sample_0215,SideViewCows2026,resnet_50,35,back_right_paw,76.53,343.23,76.53,343.23,0.1408,False,False
sample_0215,SideViewCows2026,resnet_50,36,belly_bottom,406.83,360.33,406.83,360.33,0.408,True,True
sample_0215,SideViewCows2026,resnet_50,37,body_middle_right,210.95,187.42,210.95,187.42,0.1782,False,True
sample_0215,SideViewCows2026,resnet_50,38,body_middle_left,222.22,179.33,222.22,179.33,0.2137,True,True
sample_0216,SideViewCows2026,resnet_50,0,nose,661.88,347.52,661.88,358.52,0.7011,True,True
sample_0216,SideViewCows2026,resnet_50,1,upper_jaw,646.64,353.91,646.64,364.91,0.6457,True,True
sample_0216,SideViewCows2026,resnet_50,2,lower_jaw,631.63,351.13,631.63,362.13,0.552,True,True
sample_0216,SideViewCows2026,resnet_50,3,mouth_end_right,632.77,342.84,632.77,353.84,0.4659,True,True
sample_0216,SideViewCows2026,resnet_50,4,mouth_end_left,652.88,347.25,652.88,358.25,0.5074,True,True
sample_0216,SideViewCows2026,resnet_50,5,right_eye,656.08,290.37,656.08,301.37,0.5878,True,True
sample_0216,SideViewCows2026,resnet_50,6,right_earbase,651.29,257.47,651.29,268.47,0.3718,True,True
sample_0216,SideViewCows2026,resnet_50,7,right_earend,304.79,171.78,304.79,182.78,0.6139,True,True
sample_0216,SideViewCows2026,resnet_50,8,right_antler_base,662.83,280.77,662.83,291.77,0.3005,True,True
sample_0216,SideViewCows2026,resnet_50,9,right_antler_end,663.64,209.01,663.64,220.01,0.2348,True,False
sample_0216,SideViewCows2026,resnet_50,10,left_eye,666.19,296.21,666.19,307.21,0.5975,True,True
sample_0216,SideViewCows2026,resnet_50,11,left_earbase,636.51,222.09,636.51,233.09,0.1696,False,True
sample_0216,SideViewCows2026,resnet_50,12,left_earend,659.8,210.6,659.8,221.6,0.2222,True,False
sample_0216,SideViewCows2026,resnet_50,13,left_antler_base,670.58,280.48,670.58,291.48,0.3293,True,False
sample_0216,SideViewCows2026,resnet_50,14,left_antler_end,327.8,289.15,327.8,300.15,0.324,True,True
sample_0216,SideViewCows2026,resnet_50,15,neck_base,424.42,52.43,424.42,63.43,0.2229,True,True
sample_0216,SideViewCows2026,resnet_50,16,neck_end,411.43,26.2,411.43,37.2,0.5496,True,True
sample_0216,SideViewCows2026,resnet_50,17,throat_base,565.07,252.46,565.07,263.46,0.2669,True,True
sample_0216,SideViewCows2026,resnet_50,18,throat_end,512.85,256.09,512.85,267.09,0.2678,True,True
sample_0216,SideViewCows2026,resnet_50,19,back_base,398.65,23.18,398.65,34.18,0.6579,True,True
sample_0216,SideViewCows2026,resnet_50,20,back_end,388.76,17.77,388.76,28.77,0.4517,True,True
sample_0216,SideViewCows2026,resnet_50,21,back_middle,392.19,23.82,392.19,34.82,0.333,True,True
sample_0216,SideViewCows2026,resnet_50,22,tail_base,394.09,14.96,394.09,25.96,0.542,True,True
sample_0216,SideViewCows2026,resnet_50,23,tail_end,309.42,177.39,309.42,188.39,0.147,False,True
sample_0216,SideViewCows2026,resnet_50,24,front_left_thai,561.71,192.17,561.71,203.17,0.3687,True,True
sample_0216,SideViewCows2026,resnet_50,25,front_left_knee,388.9,388.7,388.9,399.7,0.3074,True,True
sample_0216,SideViewCows2026,resnet_50,26,front_left_paw,602.81,333.84,602.81,344.84,0.4756,True,True
sample_0216,SideViewCows2026,resnet_50,27,front_right_thai,409.92,288.3,409.92,299.3,0.4003,True,True
sample_0216,SideViewCows2026,resnet_50,28,front_right_knee,364.98,391.76,364.98,402.76,0.3803,True,True
sample_0216,SideViewCows2026,resnet_50,29,front_right_paw,638.64,209.76,638.64,220.76,0.3332,True,True
sample_0216,SideViewCows2026,resnet_50,30,back_left_paw,601.53,342.35,601.53,353.35,0.1801,False,True
sample_0216,SideViewCows2026,resnet_50,31,back_left_thai,406.85,344.16,406.85,355.16,0.0901,False,True
sample_0216,SideViewCows2026,resnet_50,32,back_right_thai,279.81,96.52,279.81,107.52,0.1285,False,True
sample_0216,SideViewCows2026,resnet_50,33,back_left_knee,359.75,411.36,359.75,422.36,0.5226,True,True
sample_0216,SideViewCows2026,resnet_50,34,back_right_knee,359.9,420.12,359.9,431.12,0.4546,True,True
sample_0216,SideViewCows2026,resnet_50,35,back_right_paw,643.26,205.82,643.26,216.82,0.1537,False,True
sample_0216,SideViewCows2026,resnet_50,36,belly_bottom,299.19,370.55,299.19,381.55,0.1685,False,True
sample_0216,SideViewCows2026,resnet_50,37,body_middle_right,286.89,99.05,286.89,110.05,0.1407,False,True
sample_0216,SideViewCows2026,resnet_50,38,body_middle_left,497.08,107.79,497.08,118.79,0.2918,True,True
sample_0217,SideViewCows2026,resnet_50,0,nose,704.24,95.65,704.24,117.65,0.0842,False,True
sample_0217,SideViewCows2026,resnet_50,1,upper_jaw,363.06,405.72,363.06,427.72,0.0625,False,False
sample_0217,SideViewCows2026,resnet_50,2,lower_jaw,182.16,352.51,182.16,374.51,0.0567,False,False
sample_0217,SideViewCows2026,resnet_50,3,mouth_end_right,693.06,180.77,693.06,202.77,0.0824,False,True
sample_0217,SideViewCows2026,resnet_50,4,mouth_end_left,426.13,399.22,426.13,421.22,0.1712,False,False
sample_0217,SideViewCows2026,resnet_50,5,right_eye,694.32,70.55,694.32,92.55,0.1971,False,True
sample_0217,SideViewCows2026,resnet_50,6,right_earbase,689.07,48.05,689.07,70.05,0.3771,True,True
sample_0217,SideViewCows2026,resnet_50,7,right_earend,702.06,41.6,702.06,63.6,0.232,True,True
sample_0217,SideViewCows2026,resnet_50,8,right_antler_base,683.71,45.46,683.71,67.46,0.2719,True,True
sample_0217,SideViewCows2026,resnet_50,9,right_antler_end,696.33,38.46,696.33,60.46,0.2715,True,True
sample_0217,SideViewCows2026,resnet_50,10,left_eye,692.95,73.95,692.95,95.95,0.2201,True,True
sample_0217,SideViewCows2026,resnet_50,11,left_earbase,676.94,44.93,676.94,66.93,0.2881,True,True
sample_0217,SideViewCows2026,resnet_50,12,left_earend,678.59,22.72,678.59,44.72,0.2728,True,False
sample_0217,SideViewCows2026,resnet_50,13,left_antler_base,671.31,47.0,671.31,69.0,0.3589,True,True
sample_0217,SideViewCows2026,resnet_50,14,left_antler_end,691.53,33.93,691.53,55.93,0.4126,True,True
sample_0217,SideViewCows2026,resnet_50,15,neck_base,640.2,174.01,640.2,196.01,0.2241,True,True
sample_0217,SideViewCows2026,resnet_50,16,neck_end,669.29,34.49,669.29,56.49,0.3006,True,True
sample_0217,SideViewCows2026,resnet_50,17,throat_base,635.85,250.29,635.85,272.29,0.5076,True,True
sample_0217,SideViewCows2026,resnet_50,18,throat_end,644.97,267.32,644.97,289.32,0.5075,True,True
sample_0217,SideViewCows2026,resnet_50,19,back_base,134.65,23.9,134.65,45.9,0.4285,True,False
sample_0217,SideViewCows2026,resnet_50,20,back_end,116.77,24.49,116.77,46.49,0.3106,True,False
sample_0217,SideViewCows2026,resnet_50,21,back_middle,110.02,35.8,110.02,57.8,0.5189,True,True
sample_0217,SideViewCows2026,resnet_50,22,tail_base,676.99,33.49,676.99,55.49,0.2546,True,True
sample_0217,SideViewCows2026,resnet_50,23,tail_end,119.5,7.64,119.5,29.64,0.0931,False,False
sample_0217,SideViewCows2026,resnet_50,24,front_left_thai,599.87,331.78,599.87,353.78,0.6589,True,True
sample_0217,SideViewCows2026,resnet_50,25,front_left_knee,542.03,441.34,542.03,463.34,0.5261,True,False
sample_0217,SideViewCows2026,resnet_50,26,front_left_paw,616.36,402.15,616.36,424.15,0.5765,True,True
sample_0217,SideViewCows2026,resnet_50,27,front_right_thai,131.45,303.87,131.45,325.87,0.5359,True,True
sample_0217,SideViewCows2026,resnet_50,28,front_right_knee,514.21,446.1,514.21,468.1,0.5135,True,True
sample_0217,SideViewCows2026,resnet_50,29,front_right_paw,524.33,455.96,524.33,477.96,0.4861,True,False
sample_0217,SideViewCows2026,resnet_50,30,back_left_paw,617.24,395.9,617.24,417.9,0.2963,True,True
sample_0217,SideViewCows2026,resnet_50,31,back_left_thai,509.08,415.98,509.08,437.98,0.0771,False,True
sample_0217,SideViewCows2026,resnet_50,32,back_right_thai,490.7,418.23,490.7,440.23,0.222,True,True
sample_0217,SideViewCows2026,resnet_50,33,back_left_knee,627.5,393.43,627.5,415.43,0.2752,True,True
sample_0217,SideViewCows2026,resnet_50,34,back_right_knee,519.2,449.48,519.2,471.48,0.0978,False,True
sample_0217,SideViewCows2026,resnet_50,35,back_right_paw,325.47,394.01,325.47,416.01,0.2292,True,False
sample_0217,SideViewCows2026,resnet_50,36,belly_bottom,285.04,375.88,285.04,397.88,0.1554,False,False
sample_0217,SideViewCows2026,resnet_50,37,body_middle_right,86.19,158.85,86.19,180.85,0.1774,False,True
sample_0217,SideViewCows2026,resnet_50,38,body_middle_left,660.59,179.82,660.59,201.82,0.1797,False,True
sample_0218,SideViewCows2026,resnet_50,0,nose,275.8,384.91,275.8,405.91,0.2146,True,True
sample_0218,SideViewCows2026,resnet_50,1,upper_jaw,280.86,388.68,280.86,409.68,0.2159,True,True
sample_0218,SideViewCows2026,resnet_50,2,lower_jaw,289.6,383.68,289.6,404.68,0.2001,True,True
sample_0218,SideViewCows2026,resnet_50,3,mouth_end_right,292.43,387.05,292.43,408.05,0.2132,True,True
sample_0218,SideViewCows2026,resnet_50,4,mouth_end_left,293.79,381.09,293.79,402.09,0.1824,False,True
sample_0218,SideViewCows2026,resnet_50,5,right_eye,32.46,247.09,32.46,268.09,0.2777,True,True
sample_0218,SideViewCows2026,resnet_50,6,right_earbase,293.29,41.62,293.29,62.62,0.1852,False,True
sample_0218,SideViewCows2026,resnet_50,7,right_earend,29.79,244.59,29.79,265.59,0.1553,False,True
sample_0218,SideViewCows2026,resnet_50,8,right_antler_base,355.36,335.97,355.36,356.97,0.1573,False,True
sample_0218,SideViewCows2026,resnet_50,9,right_antler_end,43.04,263.04,43.04,284.04,0.1656,False,True
sample_0218,SideViewCows2026,resnet_50,10,left_eye,36.81,246.87,36.81,267.87,0.3808,True,True
sample_0218,SideViewCows2026,resnet_50,11,left_earbase,369.72,343.35,369.72,364.35,0.2327,True,True
sample_0218,SideViewCows2026,resnet_50,12,left_earend,418.37,321.98,418.37,342.98,0.2041,True,True
sample_0218,SideViewCows2026,resnet_50,13,left_antler_base,369.48,346.19,369.48,367.19,0.2582,True,True
sample_0218,SideViewCows2026,resnet_50,14,left_antler_end,392.36,313.28,392.36,334.28,0.3256,True,True
sample_0218,SideViewCows2026,resnet_50,15,neck_base,324.17,288.46,324.17,309.46,0.2919,True,True
sample_0218,SideViewCows2026,resnet_50,16,neck_end,337.6,266.1,337.6,287.1,0.163,False,True
sample_0218,SideViewCows2026,resnet_50,17,throat_base,253.66,321.01,253.66,342.01,0.0759,False,True
sample_0218,SideViewCows2026,resnet_50,18,throat_end,263.16,305.06,263.16,326.06,0.0856,False,True
sample_0218,SideViewCows2026,resnet_50,19,back_base,338.2,253.67,338.2,274.67,0.1246,False,True
sample_0218,SideViewCows2026,resnet_50,20,back_end,18.52,122.33,18.52,143.33,0.4333,True,True
sample_0218,SideViewCows2026,resnet_50,21,back_middle,307.67,39.4,307.67,60.4,0.1451,False,True
sample_0218,SideViewCows2026,resnet_50,22,tail_base,16.08,128.12,16.08,149.12,0.4113,True,True
sample_0218,SideViewCows2026,resnet_50,23,tail_end,318.94,322.57,318.94,343.57,0.0814,False,True
sample_0218,SideViewCows2026,resnet_50,24,front_left_thai,411.35,292.78,411.35,313.78,0.2801,True,True
sample_0218,SideViewCows2026,resnet_50,25,front_left_knee,412.28,319.42,412.28,340.42,0.1725,False,True
sample_0218,SideViewCows2026,resnet_50,26,front_left_paw,266.92,386.79,266.92,407.79,0.5138,True,True
sample_0218,SideViewCows2026,resnet_50,27,front_right_thai,281.55,265.99,281.55,286.99,0.245,True,True
sample_0218,SideViewCows2026,resnet_50,28,front_right_knee,253.23,280.21,253.23,301.21,0.1455,False,True
sample_0218,SideViewCows2026,resnet_50,29,front_right_paw,269.81,377.05,269.81,398.05,0.5244,True,True
sample_0218,SideViewCows2026,resnet_50,30,back_left_paw,264.77,383.74,264.77,404.74,0.3111,True,True
sample_0218,SideViewCows2026,resnet_50,31,back_left_thai,412.86,293.72,412.86,314.72,0.1344,False,True
sample_0218,SideViewCows2026,resnet_50,32,back_right_thai,27.57,153.98,27.57,174.98,0.1948,False,True
sample_0218,SideViewCows2026,resnet_50,33,back_left_knee,414.14,334.03,414.14,355.03,0.1297,False,True
sample_0218,SideViewCows2026,resnet_50,34,back_right_knee,23.61,383.8,23.61,404.8,0.0864,False,False
sample_0218,SideViewCows2026,resnet_50,35,back_right_paw,260.79,387.27,260.79,408.27,0.1473,False,True
sample_0218,SideViewCows2026,resnet_50,36,belly_bottom,110.28,175.71,110.28,196.71,0.1152,False,True
sample_0218,SideViewCows2026,resnet_50,37,body_middle_right,143.28,84.94,143.28,105.94,0.1616,False,True
sample_0218,SideViewCows2026,resnet_50,38,body_middle_left,121.12,86.4,121.12,107.4,0.1217,False,True
sample_0219,SideViewCows2026,resnet_50,0,nose,58.89,302.16,86.89,323.16,0.0783,False,False
sample_0219,SideViewCows2026,resnet_50,1,upper_jaw,271.55,457.2,299.55,478.2,0.0427,False,True
sample_0219,SideViewCows2026,resnet_50,2,lower_jaw,547.08,330.79,575.08,351.79,0.0627,False,False
sample_0219,SideViewCows2026,resnet_50,3,mouth_end_right,216.22,290.29,244.22,311.29,0.0409,False,True
sample_0219,SideViewCows2026,resnet_50,4,mouth_end_left,276.13,336.17,304.13,357.17,0.0526,False,True
sample_0219,SideViewCows2026,resnet_50,5,right_eye,110.25,362.18,138.25,383.18,0.0353,False,True
sample_0219,SideViewCows2026,resnet_50,6,right_earbase,529.41,178.68,557.41,199.68,0.0536,False,True
sample_0219,SideViewCows2026,resnet_50,7,right_earend,520.49,185.45,548.49,206.45,0.0622,False,True
sample_0219,SideViewCows2026,resnet_50,8,right_antler_base,280.38,446.87,308.38,467.87,0.0708,False,True
sample_0219,SideViewCows2026,resnet_50,9,right_antler_end,549.34,345.45,577.34,366.45,0.108,False,False
sample_0219,SideViewCows2026,resnet_50,10,left_eye,97.59,355.87,125.59,376.87,0.0701,False,True
sample_0219,SideViewCows2026,resnet_50,11,left_earbase,121.66,334.1,149.66,355.1,0.0804,False,True
sample_0219,SideViewCows2026,resnet_50,12,left_earend,179.23,367.07,207.23,388.07,0.1541,False,True
sample_0219,SideViewCows2026,resnet_50,13,left_antler_base,101.42,326.68,129.42,347.68,0.1047,False,True
sample_0219,SideViewCows2026,resnet_50,14,left_antler_end,539.69,31.84,567.69,52.84,0.1592,False,True
sample_0219,SideViewCows2026,resnet_50,15,neck_base,277.3,37.94,305.3,58.94,0.0413,False,True
sample_0219,SideViewCows2026,resnet_50,16,neck_end,280.72,43.51,308.72,64.51,0.0643,False,True
sample_0219,SideViewCows2026,resnet_50,17,throat_base,546.14,221.11,574.14,242.11,0.1003,False,True
sample_0219,SideViewCows2026,resnet_50,18,throat_end,523.37,302.22,551.37,323.22,0.2125,True,True
sample_0219,SideViewCows2026,resnet_50,19,back_base,281.49,45.25,309.49,66.25,0.075,False,True
sample_0219,SideViewCows2026,resnet_50,20,back_end,75.69,103.22,103.69,124.22,0.7402,True,True
sample_0219,SideViewCows2026,resnet_50,21,back_middle,373.84,27.53,401.84,48.53,0.4887,True,True
sample_0219,SideViewCows2026,resnet_50,22,tail_base,50.1,119.47,78.1,140.47,0.9438,True,True
sample_0219,SideViewCows2026,resnet_50,23,tail_end,18.9,230.96,46.9,251.96,0.2928,True,False
sample_0219,SideViewCows2026,resnet_50,24,front_left_thai,527.22,280.01,555.22,301.01,0.4405,True,True
sample_0219,SideViewCows2026,resnet_50,25,front_left_knee,260.79,378.88,288.79,399.88,0.4303,True,True
sample_0219,SideViewCows2026,resnet_50,26,front_left_paw,503.81,437.98,531.81,458.98,0.3043,True,True
sample_0219,SideViewCows2026,resnet_50,27,front_right_thai,530.41,273.74,558.41,294.74,0.6304,True,True
sample_0219,SideViewCows2026,resnet_50,28,front_right_knee,262.16,364.45,290.16,385.45,0.5348,True,True
sample_0219,SideViewCows2026,resnet_50,29,front_right_paw,503.21,440.15,531.21,461.15,0.455,True,True
sample_0219,SideViewCows2026,resnet_50,30,back_left_paw,501.62,438.71,529.62,459.71,0.2204,True,True
sample_0219,SideViewCows2026,resnet_50,31,back_left_thai,108.48,290.44,136.48,311.44,0.3727,True,True
sample_0219,SideViewCows2026,resnet_50,32,back_right_thai,110.47,278.94,138.47,299.94,0.5349,True,True
sample_0219,SideViewCows2026,resnet_50,33,back_left_knee,79.58,312.03,107.58,333.03,0.5257,True,True
sample_0219,SideViewCows2026,resnet_50,34,back_right_knee,83.95,310.16,111.95,331.16,0.3756,True,True
sample_0219,SideViewCows2026,resnet_50,35,back_right_paw,280.92,464.98,308.92,485.98,0.3153,True,True
sample_0219,SideViewCows2026,resnet_50,36,belly_bottom,399.86,329.55,427.86,350.55,0.5668,True,True
sample_0219,SideViewCows2026,resnet_50,37,body_middle_right,335.02,192.59,363.02,213.59,0.2062,True,True
sample_0219,SideViewCows2026,resnet_50,38,body_middle_left,393.36,165.46,421.36,186.46,0.3156,True,True
sample_0220,SideViewCows2026,resnet_50,0,nose,342.01,197.17,408.01,220.17,0.5669,True,True
sample_0220,SideViewCows2026,resnet_50,1,upper_jaw,345.34,212.4,411.34,235.4,0.5288,True,True
sample_0220,SideViewCows2026,resnet_50,2,lower_jaw,356.18,217.1,422.18,240.1,0.5655,True,True
sample_0220,SideViewCows2026,resnet_50,3,mouth_end_right,341.16,190.65,407.16,213.65,0.3981,True,True
sample_0220,SideViewCows2026,resnet_50,4,mouth_end_left,365.83,196.28,431.83,219.28,0.5694,True,True
sample_0220,SideViewCows2026,resnet_50,5,right_eye,350.21,165.5,416.21,188.5,0.8789,True,True
sample_0220,SideViewCows2026,resnet_50,6,right_earbase,362.42,145.47,428.42,168.47,0.5702,True,True
sample_0220,SideViewCows2026,resnet_50,7,right_earend,369.4,134.03,435.4,157.03,0.3886,True,True
sample_0220,SideViewCows2026,resnet_50,8,right_antler_base,361.41,150.29,427.41,173.29,0.4907,True,True
sample_0220,SideViewCows2026,resnet_50,9,right_antler_end,373.24,132.81,439.24,155.81,0.2514,True,True
sample_0220,SideViewCows2026,resnet_50,10,left_eye,367.58,168.15,433.58,191.15,0.7895,True,True
sample_0220,SideViewCows2026,resnet_50,11,left_earbase,382.17,153.91,448.17,176.91,0.4854,True,True
sample_0220,SideViewCows2026,resnet_50,12,left_earend,375.83,135.82,441.83,158.82,0.1887,False,True
sample_0220,SideViewCows2026,resnet_50,13,left_antler_base,374.24,151.99,440.24,174.99,0.3796,True,True
sample_0220,SideViewCows2026,resnet_50,14,left_antler_end,374.67,145.98,440.67,168.98,0.2817,True,True
sample_0220,SideViewCows2026,resnet_50,15,neck_base,398.1,164.41,464.1,187.41,0.3808,True,True
sample_0220,SideViewCows2026,resnet_50,16,neck_end,404.51,146.23,470.51,169.23,0.2441,True,True
sample_0220,SideViewCows2026,resnet_50,17,throat_base,388.89,204.14,454.89,227.14,0.2109,True,True
sample_0220,SideViewCows2026,resnet_50,18,throat_end,401.01,224.43,467.01,247.43,0.2937,True,True
sample_0220,SideViewCows2026,resnet_50,19,back_base,409.06,149.37,475.06,172.37,0.32,True,True
sample_0220,SideViewCows2026,resnet_50,20,back_end,470.62,134.82,536.62,157.82,0.6551,True,True
sample_0220,SideViewCows2026,resnet_50,21,back_middle,438.08,139.66,504.08,162.66,0.6949,True,True
sample_0220,SideViewCows2026,resnet_50,22,tail_base,472.22,136.93,538.22,159.93,0.7345,True,True
sample_0220,SideViewCows2026,resnet_50,23,tail_end,455.68,141.87,521.68,164.87,0.126,False,True
sample_0220,SideViewCows2026,resnet_50,24,front_left_thai,415.9,225.07,481.9,248.07,0.2158,True,True
sample_0220,SideViewCows2026,resnet_50,25,front_left_knee,441.61,279.59,507.61,302.59,0.5275,True,True
sample_0220,SideViewCows2026,resnet_50,26,front_left_paw,419.22,289.7,485.22,312.7,0.5435,True,True
sample_0220,SideViewCows2026,resnet_50,27,front_right_thai,431.36,239.57,497.36,262.57,0.3164,True,True
sample_0220,SideViewCows2026,resnet_50,28,front_right_knee,374.96,266.49,440.96,289.49,0.3087,True,True
sample_0220,SideViewCows2026,resnet_50,29,front_right_paw,369.25,283.3,435.25,306.3,0.8715,True,True
sample_0220,SideViewCows2026,resnet_50,30,back_left_paw,419.18,288.16,485.18,311.16,0.545,True,True
sample_0220,SideViewCows2026,resnet_50,31,back_left_thai,493.63,305.25,559.63,328.25,0.1862,False,True
sample_0220,SideViewCows2026,resnet_50,32,back_right_thai,446.24,197.31,512.24,220.31,0.2026,True,True
sample_0220,SideViewCows2026,resnet_50,33,back_left_knee,441.86,279.86,507.86,302.86,0.3195,True,True
sample_0220,SideViewCows2026,resnet_50,34,back_right_knee,369.89,273.61,435.89,296.61,0.1042,False,True
sample_0220,SideViewCows2026,resnet_50,35,back_right_paw,367.68,282.49,433.68,305.49,0.8505,True,True
sample_0220,SideViewCows2026,resnet_50,36,belly_bottom,417.51,234.41,483.51,257.41,0.1703,False,True
sample_0220,SideViewCows2026,resnet_50,37,body_middle_right,417.92,207.03,483.92,230.03,0.104,False,True
sample_0220,SideViewCows2026,resnet_50,38,body_middle_left,463.94,193.53,529.94,216.53,0.2408,True,True
sample_0221,SideViewCows2026,resnet_50,0,nose,140.86,254.58,211.86,302.58,0.4675,True,True
sample_0221,SideViewCows2026,resnet_50,1,upper_jaw,140.39,259.62,211.39,307.62,0.1586,False,True
sample_0221,SideViewCows2026,resnet_50,2,lower_jaw,139.65,265.01,210.65,313.01,0.1426,False,True
sample_0221,SideViewCows2026,resnet_50,3,mouth_end_right,139.12,261.79,210.12,309.79,0.1409,False,True
sample_0221,SideViewCows2026,resnet_50,4,mouth_end_left,142.19,267.7,213.19,315.7,0.1391,False,True
sample_0221,SideViewCows2026,resnet_50,5,right_eye,156.12,264.88,227.12,312.88,0.4582,True,True
sample_0221,SideViewCows2026,resnet_50,6,right_earbase,159.1,272.92,230.1,320.92,0.4984,True,True
sample_0221,SideViewCows2026,resnet_50,7,right_earend,164.2,273.69,235.2,321.69,0.3421,True,True
sample_0221,SideViewCows2026,resnet_50,8,right_antler_base,158.76,272.41,229.76,320.41,0.3952,True,True
sample_0221,SideViewCows2026,resnet_50,9,right_antler_end,144.87,253.67,215.87,301.67,0.4183,True,True
sample_0221,SideViewCows2026,resnet_50,10,left_eye,129.29,276.65,200.29,324.65,0.4993,True,True
sample_0221,SideViewCows2026,resnet_50,11,left_earbase,129.96,274.12,200.96,322.12,0.3259,True,True
sample_0221,SideViewCows2026,resnet_50,12,left_earend,141.41,254.67,212.41,302.67,0.1877,False,True
sample_0221,SideViewCows2026,resnet_50,13,left_antler_base,137.24,277.1,208.24,325.1,0.5904,True,True
sample_0221,SideViewCows2026,resnet_50,14,left_antler_end,140.39,253.98,211.39,301.98,0.2925,True,True
sample_0221,SideViewCows2026,resnet_50,15,neck_base,166.09,304.01,237.09,352.01,0.4357,True,True
sample_0221,SideViewCows2026,resnet_50,16,neck_end,178.09,295.33,249.09,343.33,0.4293,True,True
sample_0221,SideViewCows2026,resnet_50,17,throat_base,123.11,291.81,194.11,339.81,0.1008,False,True
sample_0221,SideViewCows2026,resnet_50,18,throat_end,162.67,365.3,233.67,413.3,0.1783,False,True
sample_0221,SideViewCows2026,resnet_50,19,back_base,181.01,293.35,252.01,341.35,0.5193,True,True
sample_0221,SideViewCows2026,resnet_50,20,back_end,140.63,278.81,211.63,326.81,0.1317,False,True
sample_0221,SideViewCows2026,resnet_50,21,back_middle,209.14,303.78,280.14,351.78,0.2778,True,True
sample_0221,SideViewCows2026,resnet_50,22,tail_base,129.24,283.87,200.24,331.87,0.1255,False,True
sample_0221,SideViewCows2026,resnet_50,23,tail_end,294.29,355.84,365.29,403.84,0.1819,False,True
sample_0221,SideViewCows2026,resnet_50,24,front_left_thai,160.69,370.37,231.69,418.37,0.6446,True,True
sample_0221,SideViewCows2026,resnet_50,25,front_left_knee,147.69,398.77,218.69,446.77,0.2059,True,True
sample_0221,SideViewCows2026,resnet_50,26,front_left_paw,144.02,432.89,215.02,480.89,0.4127,True,True
sample_0221,SideViewCows2026,resnet_50,27,front_right_thai,158.52,371.33,229.52,419.33,0.332,True,True
sample_0221,SideViewCows2026,resnet_50,28,front_right_knee,149.52,402.51,220.52,450.51,0.2254,True,True
sample_0221,SideViewCows2026,resnet_50,29,front_right_paw,146.89,434.43,217.89,482.43,0.8155,True,True
sample_0221,SideViewCows2026,resnet_50,30,back_left_paw,271.07,353.15,342.07,401.15,0.452,True,True
sample_0221,SideViewCows2026,resnet_50,31,back_left_thai,240.66,332.9,311.66,380.9,0.5373,True,True
sample_0221,SideViewCows2026,resnet_50,32,back_right_thai,243.9,348.1,314.9,396.1,0.2938,True,True
sample_0221,SideViewCows2026,resnet_50,33,back_left_knee,271.25,347.47,342.25,395.47,0.4162,True,True
sample_0221,SideViewCows2026,resnet_50,34,back_right_knee,253.56,341.97,324.56,389.97,0.1586,False,True
sample_0221,SideViewCows2026,resnet_50,35,back_right_paw,256.71,348.99,327.71,396.99,0.6461,True,True
sample_0221,SideViewCows2026,resnet_50,36,belly_bottom,202.99,366.69,273.99,414.69,0.4805,True,True
sample_0221,SideViewCows2026,resnet_50,37,body_middle_right,219.99,330.69,290.99,378.69,0.3007,True,True
sample_0221,SideViewCows2026,resnet_50,38,body_middle_left,218.38,333.1,289.38,381.1,0.3987,True,True
sample_0222,SideViewCows2026,resnet_50,0,nose,687.84,342.95,728.84,354.95,0.1346,False,True
sample_0222,SideViewCows2026,resnet_50,1,upper_jaw,692.62,354.03,733.62,366.03,0.0966,False,True
sample_0222,SideViewCows2026,resnet_50,2,lower_jaw,691.59,350.05,732.59,362.05,0.1291,False,True
sample_0222,SideViewCows2026,resnet_50,3,mouth_end_right,560.96,403.75,601.96,415.75,0.0991,False,True
sample_0222,SideViewCows2026,resnet_50,4,mouth_end_left,553.4,380.4,594.4,392.4,0.1467,False,True
sample_0222,SideViewCows2026,resnet_50,5,right_eye,754.44,273.16,795.44,285.16,0.06,False,True
sample_0222,SideViewCows2026,resnet_50,6,right_earbase,712.57,285.26,753.57,297.26,0.0606,False,True
sample_0222,SideViewCows2026,resnet_50,7,right_earend,784.07,255.52,825.07,267.52,0.1102,False,True
sample_0222,SideViewCows2026,resnet_50,8,right_antler_base,731.29,234.6,772.29,246.6,0.0767,False,True
sample_0222,SideViewCows2026,resnet_50,9,right_antler_end,614.78,397.6,655.78,409.6,0.1426,False,False
sample_0222,SideViewCows2026,resnet_50,10,left_eye,736.15,293.19,777.15,305.19,0.1141,False,True
sample_0222,SideViewCows2026,resnet_50,11,left_earbase,754.23,265.6,795.23,277.6,0.0872,False,True
sample_0222,SideViewCows2026,resnet_50,12,left_earend,701.7,351.9,742.7,363.9,0.0878,False,True
sample_0222,SideViewCows2026,resnet_50,13,left_antler_base,754.52,249.03,795.52,261.03,0.1341,False,True
sample_0222,SideViewCows2026,resnet_50,14,left_antler_end,518.97,266.38,559.97,278.38,0.1571,False,True
sample_0222,SideViewCows2026,resnet_50,15,neck_base,673.64,199.52,714.64,211.52,0.2533,True,True
sample_0222,SideViewCows2026,resnet_50,16,neck_end,213.05,86.35,254.05,98.35,0.3179,True,True
sample_0222,SideViewCows2026,resnet_50,17,throat_base,630.56,335.25,671.56,347.25,0.1329,False,True
sample_0222,SideViewCows2026,resnet_50,18,throat_end,550.09,342.62,591.09,354.62,0.3499,True,True
sample_0222,SideViewCows2026,resnet_50,19,back_base,204.25,81.57,245.25,93.57,0.385,True,True
sample_0222,SideViewCows2026,resnet_50,20,back_end,645.02,35.83,686.02,47.83,0.6808,True,True
sample_0222,SideViewCows2026,resnet_50,21,back_middle,405.38,32.5,446.38,44.5,0.5698,True,True
sample_0222,SideViewCows2026,resnet_50,22,tail_base,654.16,49.76,695.16,61.76,0.6088,True,True
sample_0222,SideViewCows2026,resnet_50,23,tail_end,760.83,271.86,801.83,283.86,0.0878,False,True
sample_0222,SideViewCows2026,resnet_50,24,front_left_thai,605.87,315.92,646.87,327.92,0.5983,True,True
sample_0222,SideViewCows2026,resnet_50,25,front_left_knee,560.22,406.57,601.22,418.57,0.5161,True,True
sample_0222,SideViewCows2026,resnet_50,26,front_left_paw,604.61,434.88,645.61,446.88,0.5619,True,True
sample_0222,SideViewCows2026,resnet_50,27,front_right_thai,553.79,326.62,594.79,338.62,0.6494,True,True
sample_0222,SideViewCows2026,resnet_50,28,front_right_knee,550.63,417.22,591.63,429.22,0.4886,True,True
sample_0222,SideViewCows2026,resnet_50,29,front_right_paw,525.55,508.38,566.55,520.38,0.3215,True,True
sample_0222,SideViewCows2026,resnet_50,30,back_left_paw,256.79,510.76,297.79,522.76,0.831,True,True
sample_0222,SideViewCows2026,resnet_50,31,back_left_thai,202.92,360.67,243.92,372.67,0.5073,True,True
sample_0222,SideViewCows2026,resnet_50,32,back_right_thai,198.64,365.64,239.64,377.64,0.461,True,True
sample_0222,SideViewCows2026,resnet_50,33,back_left_knee,197.25,454.69,238.25,466.69,0.9228,True,True
sample_0222,SideViewCows2026,resnet_50,34,back_right_knee,188.69,458.98,229.69,470.98,0.562,True,True
sample_0222,SideViewCows2026,resnet_50,35,back_right_paw,255.71,519.65,296.71,531.65,0.7786,True,True
sample_0222,SideViewCows2026,resnet_50,36,belly_bottom,678.74,322.49,719.74,334.49,0.3373,True,True
sample_0222,SideViewCows2026,resnet_50,37,body_middle_right,662.3,272.86,703.3,284.86,0.1136,False,True
sample_0222,SideViewCows2026,resnet_50,38,body_middle_left,679.34,259.8,720.34,271.8,0.1075,False,True
sample_0224,SideViewCows2026,resnet_50,0,nose,382.72,385.72,382.72,390.72,0.4302,True,True
sample_0224,SideViewCows2026,resnet_50,1,upper_jaw,382.59,394.88,382.59,399.88,0.3904,True,True
sample_0224,SideViewCows2026,resnet_50,2,lower_jaw,386.05,396.01,386.05,401.01,0.4353,True,True
sample_0224,SideViewCows2026,resnet_50,3,mouth_end_right,379.08,373.06,379.08,378.06,0.3025,True,True
sample_0224,SideViewCows2026,resnet_50,4,mouth_end_left,389.33,373.14,389.33,378.14,0.4493,True,True
sample_0224,SideViewCows2026,resnet_50,5,right_eye,352.36,332.33,352.36,337.33,0.2412,True,True
sample_0224,SideViewCows2026,resnet_50,6,right_earbase,303.75,235.15,303.75,240.15,0.0968,False,True
sample_0224,SideViewCows2026,resnet_50,7,right_earend,676.63,285.51,676.63,290.51,0.1964,False,True
sample_0224,SideViewCows2026,resnet_50,8,right_antler_base,330.96,285.79,330.96,290.79,0.1064,False,True
sample_0224,SideViewCows2026,resnet_50,9,right_antler_end,302.7,262.53,302.7,267.53,0.154,False,True
sample_0224,SideViewCows2026,resnet_50,10,left_eye,314.28,278.9,314.28,283.9,0.2351,True,True
sample_0224,SideViewCows2026,resnet_50,11,left_earbase,303.93,251.39,303.93,256.39,0.1185,False,True
sample_0224,SideViewCows2026,resnet_50,12,left_earend,309.57,258.05,309.57,263.05,0.1171,False,True
sample_0224,SideViewCows2026,resnet_50,13,left_antler_base,349.51,290.23,349.51,295.23,0.1558,False,True
sample_0224,SideViewCows2026,resnet_50,14,left_antler_end,283.2,245.52,283.2,250.52,0.1903,False,True
sample_0224,SideViewCows2026,resnet_50,15,neck_base,605.13,100.37,605.13,105.37,0.3384,True,True
sample_0224,SideViewCows2026,resnet_50,16,neck_end,609.0,42.33,609.0,47.33,0.3256,True,True
sample_0224,SideViewCows2026,resnet_50,17,throat_base,434.87,347.29,434.87,352.29,0.2752,True,True
sample_0224,SideViewCows2026,resnet_50,18,throat_end,444.16,359.13,444.16,364.13,0.212,True,True
sample_0224,SideViewCows2026,resnet_50,19,back_base,605.15,31.99,605.15,36.99,0.3152,True,True
sample_0224,SideViewCows2026,resnet_50,20,back_end,284.23,28.91,284.23,33.91,0.7339,True,False
sample_0224,SideViewCows2026,resnet_50,21,back_middle,381.78,30.12,381.78,35.12,0.6898,True,True
sample_0224,SideViewCows2026,resnet_50,22,tail_base,279.18,38.48,279.18,43.48,0.6389,True,False
sample_0224,SideViewCows2026,resnet_50,23,tail_end,644.69,354.12,644.69,359.12,0.2104,True,False
sample_0224,SideViewCows2026,resnet_50,24,front_left_thai,489.33,324.98,489.33,329.98,0.2547,True,True
sample_0224,SideViewCows2026,resnet_50,25,front_left_knee,423.14,380.18,423.14,385.18,0.4653,True,True
sample_0224,SideViewCows2026,resnet_50,26,front_left_paw,410.77,401.02,410.77,406.02,0.7409,True,True
sample_0224,SideViewCows2026,resnet_50,27,front_right_thai,576.65,294.69,576.65,299.69,0.4074,True,True
sample_0224,SideViewCows2026,resnet_50,28,front_right_knee,416.91,373.09,416.91,378.09,0.4389,True,True
sample_0224,SideViewCows2026,resnet_50,29,front_right_paw,565.83,431.69,565.83,436.69,0.5564,True,True
sample_0224,SideViewCows2026,resnet_50,30,back_left_paw,565.81,427.14,565.81,432.14,0.6332,True,True
sample_0224,SideViewCows2026,resnet_50,31,back_left_thai,575.11,305.37,575.11,310.37,0.3392,True,True
sample_0224,SideViewCows2026,resnet_50,32,back_right_thai,317.53,230.13,317.53,235.13,0.3717,True,True
sample_0224,SideViewCows2026,resnet_50,33,back_left_knee,567.03,364.22,567.03,369.22,0.7553,True,True
sample_0224,SideViewCows2026,resnet_50,34,back_right_knee,555.45,365.63,555.45,370.63,0.3408,True,True
sample_0224,SideViewCows2026,resnet_50,35,back_right_paw,560.79,429.68,560.79,434.68,0.354,True,True
sample_0224,SideViewCows2026,resnet_50,36,belly_bottom,518.3,342.11,518.3,347.11,0.4138,True,True
sample_0224,SideViewCows2026,resnet_50,37,body_middle_right,523.59,247.39,523.59,252.39,0.0808,False,True
sample_0224,SideViewCows2026,resnet_50,38,body_middle_left,526.02,218.03,526.02,223.03,0.1059,False,True
sample_0230,SideViewCows2026,resnet_50,0,nose,363.35,265.1,388.35,266.1,0.3558,True,True
sample_0230,SideViewCows2026,resnet_50,1,upper_jaw,365.68,277.04,390.68,278.04,0.3047,True,True
sample_0230,SideViewCows2026,resnet_50,2,lower_jaw,359.61,276.16,384.61,277.16,0.1897,False,True
sample_0230,SideViewCows2026,resnet_50,3,mouth_end_right,352.53,280.5,377.53,281.5,0.1205,False,True
sample_0230,SideViewCows2026,resnet_50,4,mouth_end_left,375.03,269.03,400.03,270.03,0.3125,True,False
sample_0230,SideViewCows2026,resnet_50,5,right_eye,89.62,194.77,114.62,195.77,0.2888,True,True
sample_0230,SideViewCows2026,resnet_50,6,right_earbase,257.51,76.83,282.51,77.83,0.1319,False,True
sample_0230,SideViewCows2026,resnet_50,7,right_earend,289.63,160.1,314.63,161.1,0.2171,True,True
sample_0230,SideViewCows2026,resnet_50,8,right_antler_base,235.64,43.1,260.64,44.1,0.1283,False,True
sample_0230,SideViewCows2026,resnet_50,9,right_antler_end,256.11,78.82,281.11,79.82,0.1826,False,True
sample_0230,SideViewCows2026,resnet_50,10,left_eye,98.01,191.92,123.01,192.92,0.263,True,True
sample_0230,SideViewCows2026,resnet_50,11,left_earbase,338.0,124.6,363.0,125.6,0.0956,False,True
sample_0230,SideViewCows2026,resnet_50,12,left_earend,235.23,36.93,260.23,37.93,0.1863,False,True
sample_0230,SideViewCows2026,resnet_50,13,left_antler_base,374.71,63.6,399.71,64.6,0.1572,False,True
sample_0230,SideViewCows2026,resnet_50,14,left_antler_end,342.07,97.19,367.07,98.19,0.2929,True,True
sample_0230,SideViewCows2026,resnet_50,15,neck_base,185.24,54.43,210.24,55.43,0.6641,True,True
sample_0230,SideViewCows2026,resnet_50,16,neck_end,176.6,36.31,201.6,37.31,0.4148,True,True
sample_0230,SideViewCows2026,resnet_50,17,throat_base,30.74,308.17,55.74,309.17,0.146,False,False
sample_0230,SideViewCows2026,resnet_50,18,throat_end,71.83,277.95,96.83,278.95,0.1382,False,True
sample_0230,SideViewCows2026,resnet_50,19,back_base,210.67,37.88,235.67,38.88,0.4473,True,True
sample_0230,SideViewCows2026,resnet_50,20,back_end,51.14,40.34,76.14,41.34,0.4442,True,True
sample_0230,SideViewCows2026,resnet_50,21,back_middle,89.29,30.9,114.29,31.9,0.3574,True,True
sample_0230,SideViewCows2026,resnet_50,22,tail_base,49.62,47.22,74.62,48.22,0.4899,True,True
sample_0230,SideViewCows2026,resnet_50,23,tail_end,38.51,313.93,63.51,314.93,0.6844,True,False
sample_0230,SideViewCows2026,resnet_50,24,front_left_thai,145.61,250.65,170.61,251.65,0.5547,True,True
sample_0230,SideViewCows2026,resnet_50,25,front_left_knee,90.14,384.14,115.14,385.14,0.1811,False,True
sample_0230,SideViewCows2026,resnet_50,26,front_left_paw,74.68,455.77,99.68,456.77,0.7081,True,True
sample_0230,SideViewCows2026,resnet_50,27,front_right_thai,37.53,190.97,62.53,191.97,0.2838,True,True
sample_0230,SideViewCows2026,resnet_50,28,front_right_knee,74.58,303.89,99.58,304.89,0.0516,False,True
sample_0230,SideViewCows2026,resnet_50,29,front_right_paw,74.14,461.04,99.14,462.04,0.5103,True,True
sample_0230,SideViewCows2026,resnet_50,30,back_left_paw,152.05,374.88,177.05,375.88,0.5408,True,True
sample_0230,SideViewCows2026,resnet_50,31,back_left_thai,158.4,233.71,183.4,234.71,0.3957,True,True
sample_0230,SideViewCows2026,resnet_50,32,back_right_thai,135.81,238.47,160.81,239.47,0.3539,True,True
sample_0230,SideViewCows2026,resnet_50,33,back_left_knee,140.62,319.79,165.62,320.79,0.3868,True,True
sample_0230,SideViewCows2026,resnet_50,34,back_right_knee,115.04,344.96,140.04,345.96,0.3508,True,True
sample_0230,SideViewCows2026,resnet_50,35,back_right_paw,78.56,454.14,103.56,455.14,0.2006,True,True
sample_0230,SideViewCows2026,resnet_50,36,belly_bottom,227.77,283.09,252.77,284.09,0.3758,True,True
sample_0230,SideViewCows2026,resnet_50,37,body_middle_right,31.65,148.06,56.65,149.06,0.1524,False,True
sample_0230,SideViewCows2026,resnet_50,38,body_middle_left,364.6,90.1,389.6,91.1,0.1736,False,True
sample_0231,SideViewCows2026,resnet_50,0,nose,452.01,20.86,464.01,36.86,0.1395,False,False
sample_0231,SideViewCows2026,resnet_50,1,upper_jaw,496.09,13.68,508.09,29.68,0.1064,False,False
sample_0231,SideViewCows2026,resnet_50,2,lower_jaw,456.52,19.07,468.52,35.07,0.0471,False,False
sample_0231,SideViewCows2026,resnet_50,3,mouth_end_right,411.95,22.39,423.95,38.39,0.0633,False,False
sample_0231,SideViewCows2026,resnet_50,4,mouth_end_left,446.94,21.24,458.94,37.24,0.1075,False,False
sample_0231,SideViewCows2026,resnet_50,5,right_eye,405.76,9.81,417.76,25.81,0.1443,False,False
sample_0231,SideViewCows2026,resnet_50,6,right_earbase,494.15,9.03,506.15,25.03,0.0716,False,False
sample_0231,SideViewCows2026,resnet_50,7,right_earend,410.87,2.96,422.87,18.96,0.0286,False,False
sample_0231,SideViewCows2026,resnet_50,8,right_antler_base,405.7,4.78,417.7,20.78,0.1434,False,False
sample_0231,SideViewCows2026,resnet_50,9,right_antler_end,406.36,5.57,418.36,21.57,0.1219,False,False
sample_0231,SideViewCows2026,resnet_50,10,left_eye,407.15,9.61,419.15,25.61,0.2043,True,False
sample_0231,SideViewCows2026,resnet_50,11,left_earbase,406.75,6.1,418.75,22.1,0.1495,False,False
sample_0231,SideViewCows2026,resnet_50,12,left_earend,417.23,26.2,429.23,42.2,0.0824,False,False
sample_0231,SideViewCows2026,resnet_50,13,left_antler_base,406.02,2.89,418.02,18.89,0.1284,False,False
sample_0231,SideViewCows2026,resnet_50,14,left_antler_end,511.73,4.47,523.73,20.47,0.2315,True,False
sample_0231,SideViewCows2026,resnet_50,15,neck_base,490.75,3.12,502.75,19.12,0.2057,True,False
sample_0231,SideViewCows2026,resnet_50,16,neck_end,493.65,3.24,505.65,19.24,0.1415,False,False
sample_0231,SideViewCows2026,resnet_50,17,throat_base,478.22,10.57,490.22,26.57,0.074,False,False
sample_0231,SideViewCows2026,resnet_50,18,throat_end,480.27,12.98,492.27,28.98,0.1079,False,False
sample_0231,SideViewCows2026,resnet_50,19,back_base,493.6,4.21,505.6,20.21,0.0873,False,False
sample_0231,SideViewCows2026,resnet_50,20,back_end,492.97,1.93,504.97,17.93,0.4287,True,False
sample_0231,SideViewCows2026,resnet_50,21,back_middle,441.58,-4.44,453.58,11.56,0.3268,True,False
sample_0231,SideViewCows2026,resnet_50,22,tail_base,495.95,5.17,507.95,21.17,0.5018,True,False
sample_0231,SideViewCows2026,resnet_50,23,tail_end,511.03,5.03,523.03,21.03,0.2458,True,False
sample_0231,SideViewCows2026,resnet_50,24,front_left_thai,490.76,7.18,502.76,23.18,0.2219,True,False
sample_0231,SideViewCows2026,resnet_50,25,front_left_knee,458.06,3.15,470.06,19.15,0.2558,True,False
sample_0231,SideViewCows2026,resnet_50,26,front_left_paw,453.83,23.56,465.83,39.56,0.3498,True,False
sample_0231,SideViewCows2026,resnet_50,27,front_right_thai,490.76,5.31,502.76,21.31,0.3576,True,False
sample_0231,SideViewCows2026,resnet_50,28,front_right_knee,425.99,23.66,437.99,39.66,0.21,True,False
sample_0231,SideViewCows2026,resnet_50,29,front_right_paw,455.46,23.6,467.46,39.6,0.4154,True,False
sample_0231,SideViewCows2026,resnet_50,30,back_left_paw,424.16,30.49,436.16,46.49,0.312,True,False
sample_0231,SideViewCows2026,resnet_50,31,back_left_thai,485.48,6.38,497.48,22.38,0.5523,True,False
sample_0231,SideViewCows2026,resnet_50,32,back_right_thai,421.7,10.02,433.7,26.02,0.7137,True,False
sample_0231,SideViewCows2026,resnet_50,33,back_left_knee,422.63,24.77,434.63,40.77,0.4249,True,False
sample_0231,SideViewCows2026,resnet_50,34,back_right_knee,423.22,23.29,435.22,39.29,0.7298,True,False
sample_0231,SideViewCows2026,resnet_50,35,back_right_paw,423.16,33.51,435.16,49.51,0.5824,True,False
sample_0231,SideViewCows2026,resnet_50,36,belly_bottom,438.0,19.3,450.0,35.3,0.2667,True,False
sample_0231,SideViewCows2026,resnet_50,37,body_middle_right,434.96,6.6,446.96,22.6,0.2535,True,False
sample_0231,SideViewCows2026,resnet_50,38,body_middle_left,440.38,0.97,452.38,16.97,0.2004,True,False
sample_0232,SideViewCows2026,resnet_50,0,nose,440.91,375.72,453.91,378.72,0.4216,True,False
sample_0232,SideViewCows2026,resnet_50,1,upper_jaw,441.66,382.49,454.66,385.49,0.4021,True,False
sample_0232,SideViewCows2026,resnet_50,2,lower_jaw,437.81,375.81,450.81,378.81,0.395,True,False
sample_0232,SideViewCows2026,resnet_50,3,mouth_end_right,434.47,372.33,447.47,375.33,0.3221,True,False
sample_0232,SideViewCows2026,resnet_50,4,mouth_end_left,446.93,372.46,459.93,375.46,0.3228,True,False
sample_0232,SideViewCows2026,resnet_50,5,right_eye,439.0,334.76,452.0,337.76,0.5601,True,False
sample_0232,SideViewCows2026,resnet_50,6,right_earbase,432.76,312.16,445.76,315.16,0.5966,True,False
sample_0232,SideViewCows2026,resnet_50,7,right_earend,439.74,308.05,452.74,311.05,0.6071,True,False
sample_0232,SideViewCows2026,resnet_50,8,right_antler_base,439.41,311.72,452.41,314.72,0.6982,True,False
sample_0232,SideViewCows2026,resnet_50,9,right_antler_end,447.61,293.21,460.61,296.21,0.5177,True,False
sample_0232,SideViewCows2026,resnet_50,10,left_eye,455.26,340.37,468.26,343.37,0.6268,True,False
sample_0232,SideViewCows2026,resnet_50,11,left_earbase,457.09,308.63,470.09,311.63,0.4409,True,False
sample_0232,SideViewCows2026,resnet_50,12,left_earend,461.51,309.58,474.51,312.58,0.5072,True,False
sample_0232,SideViewCows2026,resnet_50,13,left_antler_base,442.33,310.48,455.33,313.48,0.57,True,False
sample_0232,SideViewCows2026,resnet_50,14,left_antler_end,458.77,303.21,471.77,306.21,0.4641,True,False
sample_0232,SideViewCows2026,resnet_50,15,neck_base,367.82,89.61,380.82,92.61,0.3262,True,False
sample_0232,SideViewCows2026,resnet_50,16,neck_end,358.39,37.51,371.39,40.51,0.4264,True,False
sample_0232,SideViewCows2026,resnet_50,17,throat_base,391.91,310.72,404.91,313.72,0.1662,False,False
sample_0232,SideViewCows2026,resnet_50,18,throat_end,388.23,128.38,401.23,131.38,0.1376,False,True
sample_0232,SideViewCows2026,resnet_50,19,back_base,352.52,24.36,365.52,27.36,0.6024,True,False
sample_0232,SideViewCows2026,resnet_50,20,back_end,80.6,31.72,93.6,34.72,0.6605,True,True
sample_0232,SideViewCows2026,resnet_50,21,back_middle,209.66,30.36,222.66,33.36,0.4818,True,True
sample_0232,SideViewCows2026,resnet_50,22,tail_base,65.32,39.64,78.32,42.64,0.8401,True,True
sample_0232,SideViewCows2026,resnet_50,23,tail_end,41.01,110.4,54.01,113.4,0.1363,False,True
sample_0232,SideViewCows2026,resnet_50,24,front_left_thai,138.62,279.51,151.62,282.51,0.1938,False,True
sample_0232,SideViewCows2026,resnet_50,25,front_left_knee,147.08,320.41,160.08,323.41,0.2187,True,True
sample_0232,SideViewCows2026,resnet_50,26,front_left_paw,195.92,362.8,208.92,365.8,0.2902,True,False
sample_0232,SideViewCows2026,resnet_50,27,front_right_thai,138.29,280.01,151.29,283.01,0.2146,True,True
sample_0232,SideViewCows2026,resnet_50,28,front_right_knee,355.86,344.95,368.86,347.95,0.3957,True,True
sample_0232,SideViewCows2026,resnet_50,29,front_right_paw,325.33,406.42,338.33,409.42,0.8399,True,True
sample_0232,SideViewCows2026,resnet_50,30,back_left_paw,195.26,366.39,208.26,369.39,0.7321,True,False
sample_0232,SideViewCows2026,resnet_50,31,back_left_thai,144.73,269.97,157.73,272.97,0.6967,True,True
sample_0232,SideViewCows2026,resnet_50,32,back_right_thai,88.22,263.42,101.22,266.42,0.6762,True,True
sample_0232,SideViewCows2026,resnet_50,33,back_left_knee,140.85,320.9,153.85,323.9,0.6737,True,True
sample_0232,SideViewCows2026,resnet_50,34,back_right_knee,39.91,361.27,52.91,364.27,0.8984,True,True
sample_0232,SideViewCows2026,resnet_50,35,back_right_paw,37.44,431.39,50.44,434.39,0.5062,True,True
sample_0232,SideViewCows2026,resnet_50,36,belly_bottom,213.55,279.92,226.55,282.92,0.3842,True,True
sample_0232,SideViewCows2026,resnet_50,37,body_middle_right,226.62,184.32,239.62,187.32,0.3098,True,True
sample_0232,SideViewCows2026,resnet_50,38,body_middle_left,229.83,178.25,242.83,181.25,0.434,True,True
sample_0234,SideViewCows2026,resnet_50,0,nose,84.53,467.27,84.53,481.27,0.1242,False,True
sample_0234,SideViewCows2026,resnet_50,1,upper_jaw,98.03,488.08,98.03,502.08,0.1436,False,True
sample_0234,SideViewCows2026,resnet_50,2,lower_jaw,97.97,485.57,97.97,499.57,0.1639,False,True
sample_0234,SideViewCows2026,resnet_50,3,mouth_end_right,90.56,383.41,90.56,397.41,0.0978,False,True
sample_0234,SideViewCows2026,resnet_50,4,mouth_end_left,166.68,387.31,166.68,401.31,0.1116,False,True
sample_0234,SideViewCows2026,resnet_50,5,right_eye,68.15,343.52,68.15,357.52,0.1755,False,True
sample_0234,SideViewCows2026,resnet_50,6,right_earbase,67.73,342.38,67.73,356.38,0.1219,False,True
sample_0234,SideViewCows2026,resnet_50,7,right_earend,23.61,36.16,23.61,50.16,0.0818,False,False
sample_0234,SideViewCows2026,resnet_50,8,right_antler_base,77.82,351.29,77.82,365.29,0.0912,False,True
sample_0234,SideViewCows2026,resnet_50,9,right_antler_end,20.79,34.77,20.79,48.77,0.0958,False,False
sample_0234,SideViewCows2026,resnet_50,10,left_eye,65.61,348.3,65.61,362.3,0.2325,True,False
sample_0234,SideViewCows2026,resnet_50,11,left_earbase,83.3,327.37,83.3,341.37,0.1782,False,True
sample_0234,SideViewCows2026,resnet_50,12,left_earend,59.72,329.3,59.72,343.3,0.3216,True,False
sample_0234,SideViewCows2026,resnet_50,13,left_antler_base,77.66,336.29,77.66,350.29,0.1406,False,True
sample_0234,SideViewCows2026,resnet_50,14,left_antler_end,74.13,329.6,74.13,343.6,0.1497,False,True
sample_0234,SideViewCows2026,resnet_50,15,neck_base,491.49,74.67,491.49,88.67,0.1361,False,True
sample_0234,SideViewCows2026,resnet_50,16,neck_end,501.44,42.31,501.44,56.31,0.3196,True,True
sample_0234,SideViewCows2026,resnet_50,17,throat_base,159.71,414.76,159.71,428.76,0.0838,False,True
sample_0234,SideViewCows2026,resnet_50,18,throat_end,505.45,135.85,505.45,149.85,0.0885,False,True
sample_0234,SideViewCows2026,resnet_50,19,back_base,492.23,31.61,492.23,45.61,0.3458,True,True
sample_0234,SideViewCows2026,resnet_50,20,back_end,83.36,91.27,83.36,105.27,0.6245,True,True
sample_0234,SideViewCows2026,resnet_50,21,back_middle,298.94,24.21,298.94,38.21,0.4545,True,True
sample_0234,SideViewCows2026,resnet_50,22,tail_base,66.96,113.2,66.96,127.2,0.774,True,True
sample_0234,SideViewCows2026,resnet_50,23,tail_end,43.88,264.43,43.88,278.43,0.1947,False,False
sample_0234,SideViewCows2026,resnet_50,24,front_left_thai,481.74,264.04,481.74,278.04,0.1688,False,True
sample_0234,SideViewCows2026,resnet_50,25,front_left_knee,241.44,371.36,241.44,385.36,0.1625,False,True
sample_0234,SideViewCows2026,resnet_50,26,front_left_paw,87.01,486.46,87.01,500.46,0.6149,True,True
sample_0234,SideViewCows2026,resnet_50,27,front_right_thai,493.86,249.46,493.86,263.46,0.6203,True,True
sample_0234,SideViewCows2026,resnet_50,28,front_right_knee,503.38,301.21,503.38,315.21,0.4892,True,False
sample_0234,SideViewCows2026,resnet_50,29,front_right_paw,250.07,393.64,250.07,407.64,0.3846,True,True
sample_0234,SideViewCows2026,resnet_50,30,back_left_paw,86.09,462.36,86.09,476.36,0.416,True,True
sample_0234,SideViewCows2026,resnet_50,31,back_left_thai,99.41,294.01,99.41,308.01,0.4835,True,True
sample_0234,SideViewCows2026,resnet_50,32,back_right_thai,141.53,290.62,141.53,304.62,0.6204,True,True
sample_0234,SideViewCows2026,resnet_50,33,back_left_knee,81.98,338.01,81.98,352.01,0.3617,True,True
sample_0234,SideViewCows2026,resnet_50,34,back_right_knee,118.65,430.12,118.65,444.12,0.4858,True,True
sample_0234,SideViewCows2026,resnet_50,35,back_right_paw,102.86,491.26,102.86,505.26,0.6184,True,True
sample_0234,SideViewCows2026,resnet_50,36,belly_bottom,352.09,363.23,352.09,377.23,0.1437,False,True
sample_0234,SideViewCows2026,resnet_50,37,body_middle_right,328.44,209.24,328.44,223.24,0.2672,True,True
sample_0234,SideViewCows2026,resnet_50,38,body_middle_left,336.54,191.22,336.54,205.22,0.3439,True,True
sample_0236,SideViewCows2026,resnet_50,0,nose,791.04,232.03,802.04,236.03,0.3185,True,True
sample_0236,SideViewCows2026,resnet_50,1,upper_jaw,789.98,243.49,800.98,247.49,0.2552,True,True
sample_0236,SideViewCows2026,resnet_50,2,lower_jaw,778.63,248.08,789.63,252.08,0.2945,True,True
sample_0236,SideViewCows2026,resnet_50,3,mouth_end_right,778.22,252.64,789.22,256.64,0.3292,True,True
sample_0236,SideViewCows2026,resnet_50,4,mouth_end_left,769.3,241.26,780.3,245.26,0.2763,True,True
sample_0236,SideViewCows2026,resnet_50,5,right_eye,780.56,199.34,791.56,203.34,0.5261,True,True
sample_0236,SideViewCows2026,resnet_50,6,right_earbase,770.09,166.75,781.09,170.75,0.4325,True,True
sample_0236,SideViewCows2026,resnet_50,7,right_earend,775.2,204.76,786.2,208.76,0.241,True,True
sample_0236,SideViewCows2026,resnet_50,8,right_antler_base,781.5,164.69,792.5,168.69,0.3522,True,True
sample_0236,SideViewCows2026,resnet_50,9,right_antler_end,758.25,115.72,769.25,119.72,0.1268,False,True
sample_0236,SideViewCows2026,resnet_50,10,left_eye,794.33,189.03,805.33,193.03,0.417,True,True
sample_0236,SideViewCows2026,resnet_50,11,left_earbase,759.28,131.89,770.28,135.89,0.3051,True,True
sample_0236,SideViewCows2026,resnet_50,12,left_earend,748.99,101.88,759.99,105.88,0.3326,True,False
sample_0236,SideViewCows2026,resnet_50,13,left_antler_base,747.5,132.66,758.5,136.66,0.3779,True,True
sample_0236,SideViewCows2026,resnet_50,14,left_antler_end,756.88,105.5,767.88,109.5,0.2965,True,False
sample_0236,SideViewCows2026,resnet_50,15,neck_base,82.08,76.82,93.08,80.82,0.7192,True,True
sample_0236,SideViewCows2026,resnet_50,16,neck_end,99.43,62.17,110.43,66.17,0.4516,True,True
sample_0236,SideViewCows2026,resnet_50,17,throat_base,658.52,257.06,669.52,261.06,0.4763,True,True
sample_0236,SideViewCows2026,resnet_50,18,throat_end,623.39,291.74,634.39,295.74,0.3785,True,True
sample_0236,SideViewCows2026,resnet_50,19,back_base,104.88,53.79,115.88,57.79,0.4407,True,True
sample_0236,SideViewCows2026,resnet_50,20,back_end,92.06,38.25,103.06,42.25,0.4273,True,True
sample_0236,SideViewCows2026,resnet_50,21,back_middle,330.62,17.04,341.62,21.04,0.6582,True,True
sample_0236,SideViewCows2026,resnet_50,22,tail_base,73.82,52.52,84.82,56.52,0.5924,True,True
sample_0236,SideViewCows2026,resnet_50,23,tail_end,96.05,319.82,107.05,323.82,0.5192,True,False
sample_0236,SideViewCows2026,resnet_50,24,front_left_thai,565.24,313.22,576.24,317.22,0.794,True,True
sample_0236,SideViewCows2026,resnet_50,25,front_left_knee,573.12,382.3,584.12,386.3,0.8955,True,False
sample_0236,SideViewCows2026,resnet_50,26,front_left_paw,569.54,445.46,580.54,449.46,0.8356,True,False
sample_0236,SideViewCows2026,resnet_50,27,front_right_thai,457.02,307.65,468.02,311.65,0.782,True,True
sample_0236,SideViewCows2026,resnet_50,28,front_right_knee,467.77,411.17,478.77,415.17,0.6919,True,True
sample_0236,SideViewCows2026,resnet_50,29,front_right_paw,453.56,507.29,464.56,511.29,0.9842,True,True
sample_0236,SideViewCows2026,resnet_50,30,back_left_paw,201.1,405.08,212.1,409.08,0.3267,True,False
sample_0236,SideViewCows2026,resnet_50,31,back_left_thai,125.72,284.97,136.72,288.97,0.4062,True,True
sample_0236,SideViewCows2026,resnet_50,32,back_right_thai,81.26,246.98,92.26,250.98,0.6284,True,True
sample_0236,SideViewCows2026,resnet_50,33,back_left_knee,153.61,335.81,164.61,339.81,0.6168,True,False
sample_0236,SideViewCows2026,resnet_50,34,back_right_knee,152.97,327.96,163.97,331.96,0.4613,True,False
sample_0236,SideViewCows2026,resnet_50,35,back_right_paw,206.27,409.83,217.27,413.83,0.5796,True,False
sample_0236,SideViewCows2026,resnet_50,36,belly_bottom,298.49,348.49,309.49,352.49,0.575,True,False
sample_0236,SideViewCows2026,resnet_50,37,body_middle_right,268.89,200.56,279.89,204.56,0.4033,True,True
sample_0236,SideViewCows2026,resnet_50,38,body_middle_left,296.3,206.29,307.3,210.29,0.3718,True,True
sample_0237,SideViewCows2026,resnet_50,0,nose,492.89,805.42,492.89,806.42,0.1254,False,True
sample_0237,SideViewCows2026,resnet_50,1,upper_jaw,512.72,797.26,512.72,798.26,0.0551,False,True
sample_0237,SideViewCows2026,resnet_50,2,lower_jaw,520.52,800.05,520.52,801.05,0.0747,False,True
sample_0237,SideViewCows2026,resnet_50,3,mouth_end_right,562.92,794.57,562.92,795.57,0.0462,False,True
sample_0237,SideViewCows2026,resnet_50,4,mouth_end_left,513.95,818.93,513.95,819.93,0.0933,False,True
sample_0237,SideViewCows2026,resnet_50,5,right_eye,501.02,806.23,501.02,807.23,0.0964,False,True
sample_0237,SideViewCows2026,resnet_50,6,right_earbase,489.0,781.66,489.0,782.66,0.0677,False,True
sample_0237,SideViewCows2026,resnet_50,7,right_earend,491.72,682.46,491.72,683.46,0.0852,False,True
sample_0237,SideViewCows2026,resnet_50,8,right_antler_base,491.7,694.06,491.7,695.06,0.1469,False,True
sample_0237,SideViewCows2026,resnet_50,9,right_antler_end,489.77,682.56,489.77,683.56,0.1136,False,True
sample_0237,SideViewCows2026,resnet_50,10,left_eye,523.02,803.68,523.02,804.68,0.2916,True,True
sample_0237,SideViewCows2026,resnet_50,11,left_earbase,533.82,769.4,533.82,770.4,0.0756,False,True
sample_0237,SideViewCows2026,resnet_50,12,left_earend,489.39,692.27,489.39,693.27,0.0778,False,True
sample_0237,SideViewCows2026,resnet_50,13,left_antler_base,507.98,788.07,507.98,789.07,0.1384,False,True
sample_0237,SideViewCows2026,resnet_50,14,left_antler_end,556.78,765.46,556.78,766.46,0.3328,True,True
sample_0237,SideViewCows2026,resnet_50,15,neck_base,514.28,705.63,514.28,706.63,0.1781,False,True
sample_0237,SideViewCows2026,resnet_50,16,neck_end,516.43,756.98,516.43,757.98,0.1745,False,True
sample_0237,SideViewCows2026,resnet_50,17,throat_base,553.15,794.65,553.15,795.65,0.0415,False,True
sample_0237,SideViewCows2026,resnet_50,18,throat_end,548.06,790.63,548.06,791.63,0.072,False,True
sample_0237,SideViewCows2026,resnet_50,19,back_base,520.38,755.32,520.38,756.32,0.2373,True,True
sample_0237,SideViewCows2026,resnet_50,20,back_end,508.97,706.87,508.97,707.87,0.355,True,True
sample_0237,SideViewCows2026,resnet_50,21,back_middle,505.68,700.4,505.68,701.4,0.2561,True,True
sample_0237,SideViewCows2026,resnet_50,22,tail_base,506.35,712.53,506.35,713.53,0.4982,True,True
sample_0237,SideViewCows2026,resnet_50,23,tail_end,490.83,682.39,490.83,683.39,0.1678,False,True
sample_0237,SideViewCows2026,resnet_50,24,front_left_thai,547.18,770.62,547.18,771.62,0.4917,True,True
sample_0237,SideViewCows2026,resnet_50,25,front_left_knee,563.93,807.88,563.93,808.88,0.6433,True,True
sample_0237,SideViewCows2026,resnet_50,26,front_left_paw,506.45,837.6,506.45,838.6,0.3418,True,True
sample_0237,SideViewCows2026,resnet_50,27,front_right_thai,562.26,741.03,562.26,742.03,0.2366,True,True
sample_0237,SideViewCows2026,resnet_50,28,front_right_knee,488.37,789.48,488.37,790.48,0.1544,False,True
sample_0237,SideViewCows2026,resnet_50,29,front_right_paw,506.03,838.65,506.03,839.65,0.5865,True,True
sample_0237,SideViewCows2026,resnet_50,30,back_left_paw,500.17,839.98,500.17,840.98,0.4219,True,True
sample_0237,SideViewCows2026,resnet_50,31,back_left_thai,479.97,740.82,479.97,741.82,0.6767,True,True
sample_0237,SideViewCows2026,resnet_50,32,back_right_thai,483.97,736.7,483.97,737.7,0.2413,True,True
sample_0237,SideViewCows2026,resnet_50,33,back_left_knee,476.03,793.9,476.03,794.9,0.73,True,True
sample_0237,SideViewCows2026,resnet_50,34,back_right_knee,505.1,806.89,505.1,807.89,0.3886,True,True
sample_0237,SideViewCows2026,resnet_50,35,back_right_paw,546.64,850.13,546.64,851.13,0.2797,True,True
sample_0237,SideViewCows2026,resnet_50,36,belly_bottom,551.42,773.3,551.42,774.3,0.2131,True,True
sample_0237,SideViewCows2026,resnet_50,37,body_middle_right,557.32,765.42,557.32,766.42,0.2229,True,True
sample_0237,SideViewCows2026,resnet_50,38,body_middle_left,555.9,771.64,555.9,772.64,0.3199,True,True
sample_0238,SideViewCows2026,resnet_50,0,nose,262.98,342.71,264.98,365.71,0.3648,True,False
sample_0238,SideViewCows2026,resnet_50,1,upper_jaw,264.74,355.72,266.74,378.72,0.4381,True,True
sample_0238,SideViewCows2026,resnet_50,2,lower_jaw,262.82,349.8,264.82,372.8,0.4941,True,True
sample_0238,SideViewCows2026,resnet_50,3,mouth_end_right,246.34,333.31,248.34,356.31,0.088,False,False
sample_0238,SideViewCows2026,resnet_50,4,mouth_end_left,267.29,334.82,269.29,357.82,0.19,False,False
sample_0238,SideViewCows2026,resnet_50,5,right_eye,109.66,142.7,111.66,165.7,0.5115,True,True
sample_0238,SideViewCows2026,resnet_50,6,right_earbase,66.91,56.61,68.91,79.61,0.2394,True,True
sample_0238,SideViewCows2026,resnet_50,7,right_earend,45.67,113.16,47.67,136.16,0.3074,True,True
sample_0238,SideViewCows2026,resnet_50,8,right_antler_base,71.41,40.13,73.41,63.13,0.276,True,True
sample_0238,SideViewCows2026,resnet_50,9,right_antler_end,31.49,35.18,33.49,58.18,0.2975,True,True
sample_0238,SideViewCows2026,resnet_50,10,left_eye,154.06,153.64,156.06,176.64,0.3416,True,True
sample_0238,SideViewCows2026,resnet_50,11,left_earbase,217.92,95.49,219.92,118.49,0.1969,False,True
sample_0238,SideViewCows2026,resnet_50,12,left_earend,298.37,252.41,300.37,275.41,0.1858,False,False
sample_0238,SideViewCows2026,resnet_50,13,left_antler_base,166.85,56.35,168.85,79.35,0.2601,True,True
sample_0238,SideViewCows2026,resnet_50,14,left_antler_end,201.08,52.02,203.08,75.02,0.2348,True,True
sample_0238,SideViewCows2026,resnet_50,15,neck_base,181.91,40.85,183.91,63.85,0.2737,True,True
sample_0238,SideViewCows2026,resnet_50,16,neck_end,235.77,26.78,237.77,49.78,0.3517,True,True
sample_0238,SideViewCows2026,resnet_50,17,throat_base,311.23,285.78,313.23,308.78,0.1302,False,False
sample_0238,SideViewCows2026,resnet_50,18,throat_end,96.38,222.62,98.38,245.62,0.2463,True,True
sample_0238,SideViewCows2026,resnet_50,19,back_base,247.35,23.92,249.35,46.92,0.4704,True,True
sample_0238,SideViewCows2026,resnet_50,20,back_end,82.19,13.78,84.19,36.78,0.6918,True,True
sample_0238,SideViewCows2026,resnet_50,21,back_middle,210.31,23.22,212.31,46.22,0.5243,True,True
sample_0238,SideViewCows2026,resnet_50,22,tail_base,72.47,22.56,74.47,45.56,0.6732,True,True
sample_0238,SideViewCows2026,resnet_50,23,tail_end,16.16,274.06,18.16,297.06,0.2111,True,False
sample_0238,SideViewCows2026,resnet_50,24,front_left_thai,110.05,265.49,112.05,288.49,0.4071,True,True
sample_0238,SideViewCows2026,resnet_50,25,front_left_knee,308.43,304.68,310.43,327.68,0.4317,True,False
sample_0238,SideViewCows2026,resnet_50,26,front_left_paw,261.29,348.09,263.29,371.09,0.2546,True,True
sample_0238,SideViewCows2026,resnet_50,27,front_right_thai,100.24,265.17,102.24,288.17,0.494,True,True
sample_0238,SideViewCows2026,resnet_50,28,front_right_knee,312.25,306.84,314.25,329.84,0.2428,True,False
sample_0238,SideViewCows2026,resnet_50,29,front_right_paw,255.98,330.98,257.98,353.98,0.3771,True,False
sample_0238,SideViewCows2026,resnet_50,30,back_left_paw,81.47,366.81,83.47,389.81,0.4818,True,False
sample_0238,SideViewCows2026,resnet_50,31,back_left_thai,94.32,263.54,96.32,286.54,0.4511,True,True
sample_0238,SideViewCows2026,resnet_50,32,back_right_thai,100.0,256.47,102.0,279.47,0.4629,True,True
sample_0238,SideViewCows2026,resnet_50,33,back_left_knee,51.83,319.99,53.83,342.99,0.7668,True,True
sample_0238,SideViewCows2026,resnet_50,34,back_right_knee,29.56,328.87,31.56,351.87,0.7444,True,True
sample_0238,SideViewCows2026,resnet_50,35,back_right_paw,38.59,428.94,40.59,451.94,0.7772,True,True
sample_0238,SideViewCows2026,resnet_50,36,belly_bottom,380.84,197.78,382.84,220.78,0.0997,False,True
sample_0238,SideViewCows2026,resnet_50,37,body_middle_right,395.13,150.74,397.13,173.74,0.1064,False,True
sample_0238,SideViewCows2026,resnet_50,38,body_middle_left,392.23,143.28,394.23,166.28,0.3416,True,True
sample_0239,SideViewCows2026,resnet_50,0,nose,899.48,152.16,899.48,153.16,0.8487,True,True
sample_0239,SideViewCows2026,resnet_50,1,upper_jaw,889.23,164.23,889.23,165.23,0.8632,True,False
sample_0239,SideViewCows2026,resnet_50,2,lower_jaw,877.82,177.1,877.82,178.1,0.9729,True,False
sample_0239,SideViewCows2026,resnet_50,3,mouth_end_right,867.04,162.22,867.04,163.22,0.8793,True,True
sample_0239,SideViewCows2026,resnet_50,4,mouth_end_left,893.59,163.62,893.59,164.62,0.6896,True,False
sample_0239,SideViewCows2026,resnet_50,5,right_eye,894.32,94.85,894.32,95.85,1.0,True,True
sample_0239,SideViewCows2026,resnet_50,6,right_earbase,871.17,54.54,871.17,55.54,0.5142,True,True
sample_0239,SideViewCows2026,resnet_50,7,right_earend,823.43,166.13,823.43,167.13,0.5218,True,True
sample_0239,SideViewCows2026,resnet_50,8,right_antler_base,894.66,50.29,894.66,51.29,0.6038,True,True
sample_0239,SideViewCows2026,resnet_50,9,right_antler_end,352.91,146.31,352.91,147.31,0.4015,True,True
sample_0239,SideViewCows2026,resnet_50,10,left_eye,906.05,97.27,906.05,98.27,0.924,True,True
sample_0239,SideViewCows2026,resnet_50,11,left_earbase,906.96,52.77,906.96,53.77,0.3177,True,True
sample_0239,SideViewCows2026,resnet_50,12,left_earend,921.34,43.49,921.34,44.49,0.4006,True,True
sample_0239,SideViewCows2026,resnet_50,13,left_antler_base,898.58,51.22,898.58,52.22,0.5268,True,True
sample_0239,SideViewCows2026,resnet_50,14,left_antler_end,911.69,23.79,911.69,24.79,0.5706,True,False
sample_0239,SideViewCows2026,resnet_50,15,neck_base,792.14,98.29,792.14,99.29,0.7937,True,True
sample_0239,SideViewCows2026,resnet_50,16,neck_end,749.54,44.92,749.54,45.92,0.5804,True,True
sample_0239,SideViewCows2026,resnet_50,17,throat_base,816.73,187.19,816.73,188.19,0.9281,True,True
sample_0239,SideViewCows2026,resnet_50,18,throat_end,806.15,213.51,806.15,214.51,0.9686,True,False
sample_0239,SideViewCows2026,resnet_50,19,back_base,736.06,44.39,736.06,45.39,0.649,True,True
sample_0239,SideViewCows2026,resnet_50,20,back_end,402.95,149.1,402.95,150.1,0.6006,True,True
sample_0239,SideViewCows2026,resnet_50,21,back_middle,537.88,90.68,537.88,91.68,0.6728,True,True
sample_0239,SideViewCows2026,resnet_50,22,tail_base,383.08,162.39,383.08,163.39,0.6041,True,True
sample_0239,SideViewCows2026,resnet_50,23,tail_end,350.75,158.06,350.75,159.06,0.3158,True,True
sample_0239,SideViewCows2026,resnet_50,24,front_left_thai,703.26,381.94,703.26,382.94,0.4909,True,True
sample_0239,SideViewCows2026,resnet_50,25,front_left_knee,722.84,418.29,722.84,419.29,0.2713,True,True
sample_0239,SideViewCows2026,resnet_50,26,front_left_paw,657.04,453.91,657.04,454.91,0.5794,True,False
sample_0239,SideViewCows2026,resnet_50,27,front_right_thai,719.79,362.18,719.79,363.18,0.5184,True,True
sample_0239,SideViewCows2026,resnet_50,28,front_right_knee,721.59,419.79,721.59,420.79,0.4461,True,True
sample_0239,SideViewCows2026,resnet_50,29,front_right_paw,686.58,453.68,686.58,454.68,0.8979,True,True
sample_0239,SideViewCows2026,resnet_50,30,back_left_paw,448.54,455.1,448.54,456.1,0.4061,True,True
sample_0239,SideViewCows2026,resnet_50,31,back_left_thai,438.69,340.06,438.69,341.06,0.2468,True,True
sample_0239,SideViewCows2026,resnet_50,32,back_right_thai,481.77,326.78,481.77,327.78,0.4078,True,True
sample_0239,SideViewCows2026,resnet_50,33,back_left_knee,565.97,466.58,565.97,467.58,0.411,True,False
sample_0239,SideViewCows2026,resnet_50,34,back_right_knee,374.11,405.93,374.11,406.93,0.5663,True,True
sample_0239,SideViewCows2026,resnet_50,35,back_right_paw,360.5,453.69,360.5,454.69,0.6737,True,True
sample_0239,SideViewCows2026,resnet_50,36,belly_bottom,622.66,428.68,622.66,429.68,0.5709,True,True
sample_0239,SideViewCows2026,resnet_50,37,body_middle_right,611.16,245.16,611.16,246.16,0.4143,True,True
sample_0239,SideViewCows2026,resnet_50,38,body_middle_left,611.16,241.58,611.16,242.58,0.3193,True,True
sample_0240,SideViewCows2026,resnet_50,0,nose,651.33,393.39,865.33,400.39,0.4123,True,False
sample_0240,SideViewCows2026,resnet_50,1,upper_jaw,435.1,436.37,649.1,443.37,0.1116,False,True
sample_0240,SideViewCows2026,resnet_50,2,lower_jaw,438.43,433.26,652.43,440.26,0.1105,False,True
sample_0240,SideViewCows2026,resnet_50,3,mouth_end_right,466.11,394.17,680.11,401.17,0.1376,False,True
sample_0240,SideViewCows2026,resnet_50,4,mouth_end_left,185.19,377.71,399.19,384.71,0.136,False,True
sample_0240,SideViewCows2026,resnet_50,5,right_eye,677.02,204.14,891.02,211.14,0.281,True,False
sample_0240,SideViewCows2026,resnet_50,6,right_earbase,668.56,118.69,882.56,125.69,0.1671,False,False
sample_0240,SideViewCows2026,resnet_50,7,right_earend,662.97,61.5,876.97,68.5,0.2762,True,False
sample_0240,SideViewCows2026,resnet_50,8,right_antler_base,644.89,181.7,858.89,188.7,0.1891,False,False
sample_0240,SideViewCows2026,resnet_50,9,right_antler_end,677.28,345.59,891.28,352.59,0.2457,True,False
sample_0240,SideViewCows2026,resnet_50,10,left_eye,702.9,173.08,916.9,180.08,0.2789,True,False
sample_0240,SideViewCows2026,resnet_50,11,left_earbase,693.88,156.94,907.88,163.94,0.1222,False,False
sample_0240,SideViewCows2026,resnet_50,12,left_earend,703.36,137.1,917.36,144.1,0.1371,False,False
sample_0240,SideViewCows2026,resnet_50,13,left_antler_base,689.3,147.8,903.3,154.8,0.1916,False,False
sample_0240,SideViewCows2026,resnet_50,14,left_antler_end,661.52,357.49,875.52,364.49,0.2381,True,False
sample_0240,SideViewCows2026,resnet_50,15,neck_base,630.92,171.15,844.92,178.15,0.8623,True,True
sample_0240,SideViewCows2026,resnet_50,16,neck_end,644.93,107.85,858.93,114.85,0.4334,True,True
sample_0240,SideViewCows2026,resnet_50,17,throat_base,600.16,296.42,814.16,303.42,0.2496,True,True
sample_0240,SideViewCows2026,resnet_50,18,throat_end,591.54,295.61,805.54,302.61,0.4399,True,True
sample_0240,SideViewCows2026,resnet_50,19,back_base,623.86,77.05,837.86,84.05,0.5486,True,True
sample_0240,SideViewCows2026,resnet_50,20,back_end,165.43,105.49,379.43,112.49,0.5849,True,True
sample_0240,SideViewCows2026,resnet_50,21,back_middle,348.78,23.99,562.78,30.99,0.4699,True,True
sample_0240,SideViewCows2026,resnet_50,22,tail_base,141.15,125.61,355.15,132.61,0.5357,True,True
sample_0240,SideViewCows2026,resnet_50,23,tail_end,656.33,56.94,870.33,63.94,0.082,False,False
sample_0240,SideViewCows2026,resnet_50,24,front_left_thai,557.13,285.36,771.13,292.36,0.8433,True,True
sample_0240,SideViewCows2026,resnet_50,25,front_left_knee,510.46,366.91,724.46,373.91,0.84,True,False
sample_0240,SideViewCows2026,resnet_50,26,front_left_paw,546.09,452.27,760.09,459.27,0.9305,True,True
sample_0240,SideViewCows2026,resnet_50,27,front_right_thai,527.17,269.74,741.17,276.74,0.8835,True,True
sample_0240,SideViewCows2026,resnet_50,28,front_right_knee,443.32,398.25,657.32,405.25,0.4673,True,True
sample_0240,SideViewCows2026,resnet_50,29,front_right_paw,399.98,494.26,613.98,501.26,0.5251,True,False
sample_0240,SideViewCows2026,resnet_50,30,back_left_paw,249.63,520.38,463.63,527.38,0.2885,True,True
sample_0240,SideViewCows2026,resnet_50,31,back_left_thai,192.57,300.21,406.57,307.21,0.8223,True,True
sample_0240,SideViewCows2026,resnet_50,32,back_right_thai,189.53,297.02,403.53,304.02,0.9324,True,True
sample_0240,SideViewCows2026,resnet_50,33,back_left_knee,183.36,415.41,397.36,422.41,0.6551,True,True
sample_0240,SideViewCows2026,resnet_50,34,back_right_knee,183.43,418.06,397.43,425.06,0.5299,True,True
sample_0240,SideViewCows2026,resnet_50,35,back_right_paw,249.53,519.97,463.53,526.97,0.6022,True,True
sample_0240,SideViewCows2026,resnet_50,36,belly_bottom,383.28,327.73,597.28,334.73,0.5146,True,True
sample_0240,SideViewCows2026,resnet_50,37,body_middle_right,360.67,215.15,574.67,222.15,0.1775,False,True
sample_0240,SideViewCows2026,resnet_50,38,body_middle_left,377.97,212.41,591.97,219.41,0.1743,False,True
sample_0241,SideViewCows2026,resnet_50,0,nose,1918.03,481.28,1918.03,481.28,0.1773,False,True
sample_0241,SideViewCows2026,resnet_50,1,upper_jaw,1929.05,742.97,1929.05,742.97,0.166,False,False
sample_0241,SideViewCows2026,resnet_50,2,lower_jaw,1861.79,797.33,1861.79,797.33,0.2976,True,True
sample_0241,SideViewCows2026,resnet_50,3,mouth_end_right,1842.4,712.6,1842.4,712.6,0.2934,True,True
sample_0241,SideViewCows2026,resnet_50,4,mouth_end_left,1861.43,711.93,1861.43,711.93,0.3426,True,True
sample_0241,SideViewCows2026,resnet_50,5,right_eye,1850.8,557.94,1850.8,557.94,0.5004,True,True
sample_0241,SideViewCows2026,resnet_50,6,right_earbase,1840.55,498.0,1840.55,498.0,0.7247,True,True
sample_0241,SideViewCows2026,resnet_50,7,right_earend,1916.03,481.68,1916.03,481.68,0.813,True,True
sample_0241,SideViewCows2026,resnet_50,8,right_antler_base,1773.9,379.78,1773.9,379.78,0.6347,True,True
sample_0241,SideViewCows2026,resnet_50,9,right_antler_end,1884.2,472.36,1884.2,472.36,0.3663,True,True
sample_0241,SideViewCows2026,resnet_50,10,left_eye,1865.82,518.72,1865.82,518.72,0.295,True,True
sample_0241,SideViewCows2026,resnet_50,11,left_earbase,1644.51,166.34,1644.51,166.34,0.2129,True,True
sample_0241,SideViewCows2026,resnet_50,12,left_earend,1849.41,407.64,1849.41,407.64,0.3037,True,True
sample_0241,SideViewCows2026,resnet_50,13,left_antler_base,1615.08,165.02,1615.08,165.02,0.373,True,True
sample_0241,SideViewCows2026,resnet_50,14,left_antler_end,1886.65,498.23,1886.65,498.23,0.2451,True,True
sample_0241,SideViewCows2026,resnet_50,15,neck_base,1667.05,195.31,1667.05,195.31,0.6275,True,True
sample_0241,SideViewCows2026,resnet_50,16,neck_end,1518.11,95.14,1518.11,95.14,0.6181,True,True
sample_0241,SideViewCows2026,resnet_50,17,throat_base,1435.86,669.4,1435.86,669.4,0.8885,True,True
sample_0241,SideViewCows2026,resnet_50,18,throat_end,1389.89,640.0,1389.89,640.0,0.7598,True,True
sample_0241,SideViewCows2026,resnet_50,19,back_base,1182.35,45.33,1182.35,45.33,0.6333,True,True
sample_0241,SideViewCows2026,resnet_50,20,back_end,96.48,103.85,96.48,103.85,0.608,True,True
sample_0241,SideViewCows2026,resnet_50,21,back_middle,775.17,78.76,775.17,78.76,0.415,True,True
sample_0241,SideViewCows2026,resnet_50,22,tail_base,41.7,126.96,41.7,126.96,0.4856,True,True
sample_0241,SideViewCows2026,resnet_50,23,tail_end,61.43,246.09,61.43,246.09,0.0756,False,True
sample_0241,SideViewCows2026,resnet_50,24,front_left_thai,1296.27,717.29,1296.27,717.29,0.5667,True,True
sample_0241,SideViewCows2026,resnet_50,25,front_left_knee,1344.52,789.71,1344.52,789.71,0.587,True,True
sample_0241,SideViewCows2026,resnet_50,26,front_left_paw,1328.29,785.99,1328.29,785.99,0.4262,True,True
sample_0241,SideViewCows2026,resnet_50,27,front_right_thai,1278.1,720.72,1278.1,720.72,0.7494,True,True
sample_0241,SideViewCows2026,resnet_50,28,front_right_knee,1262.27,861.92,1262.27,861.92,0.7558,True,True
sample_0241,SideViewCows2026,resnet_50,29,front_right_paw,1864.27,871.11,1864.27,871.11,0.7012,True,False
sample_0241,SideViewCows2026,resnet_50,30,back_left_paw,1882.33,843.73,1882.33,843.73,0.319,True,True
sample_0241,SideViewCows2026,resnet_50,31,back_left_thai,149.79,1013.97,149.79,1013.97,0.2821,True,True
sample_0241,SideViewCows2026,resnet_50,32,back_right_thai,503.17,575.15,503.17,575.15,0.6174,True,True
sample_0241,SideViewCows2026,resnet_50,33,back_left_knee,1835.81,757.24,1835.81,757.24,0.2613,True,True
sample_0241,SideViewCows2026,resnet_50,34,back_right_knee,691.85,609.24,691.85,609.24,0.4316,True,True
sample_0241,SideViewCows2026,resnet_50,35,back_right_paw,807.13,1078.31,807.13,1078.31,0.224,True,False
sample_0241,SideViewCows2026,resnet_50,36,belly_bottom,992.02,887.86,992.02,887.86,0.6168,True,True
sample_0241,SideViewCows2026,resnet_50,37,body_middle_right,900.98,533.65,900.98,533.65,0.4565,True,True
sample_0241,SideViewCows2026,resnet_50,38,body_middle_left,934.89,455.86,934.89,455.86,0.4787,True,True
sample_0242,SideViewCows2026,resnet_50,0,nose,1647.03,495.9,1647.03,572.9,0.9739,True,True
sample_0242,SideViewCows2026,resnet_50,1,upper_jaw,1639.16,524.8,1639.16,601.8,0.8011,True,True
sample_0242,SideViewCows2026,resnet_50,2,lower_jaw,1601.18,535.17,1601.18,612.17,0.8021,True,True
sample_0242,SideViewCows2026,resnet_50,3,mouth_end_right,1543.64,485.06,1543.64,562.06,0.7629,True,True
sample_0242,SideViewCows2026,resnet_50,4,mouth_end_left,1639.31,458.51,1639.31,535.51,0.7435,True,True
sample_0242,SideViewCows2026,resnet_50,5,right_eye,1454.28,227.63,1454.28,304.63,1.0,True,True
sample_0242,SideViewCows2026,resnet_50,6,right_earbase,1381.08,129.09,1381.08,206.09,0.9409,True,True
sample_0242,SideViewCows2026,resnet_50,7,right_earend,1259.38,84.19,1259.38,161.19,0.6343,True,True
sample_0242,SideViewCows2026,resnet_50,8,right_antler_base,1400.09,74.89,1400.09,151.89,0.7151,True,True
sample_0242,SideViewCows2026,resnet_50,9,right_antler_end,1267.79,69.74,1267.79,146.74,0.4107,True,True
sample_0242,SideViewCows2026,resnet_50,10,left_eye,1620.2,201.76,1620.2,278.76,0.984,True,True
sample_0242,SideViewCows2026,resnet_50,11,left_earbase,1597.61,70.66,1597.61,147.66,0.9196,True,True
sample_0242,SideViewCows2026,resnet_50,12,left_earend,1623.07,47.57,1623.07,124.57,0.6344,True,False
sample_0242,SideViewCows2026,resnet_50,13,left_antler_base,1588.41,71.79,1588.41,148.79,0.7911,True,True
sample_0242,SideViewCows2026,resnet_50,14,left_antler_end,1616.32,32.75,1616.32,109.75,0.4861,True,False
sample_0242,SideViewCows2026,resnet_50,15,neck_base,1228.95,233.63,1228.95,310.63,0.5184,True,True
sample_0242,SideViewCows2026,resnet_50,16,neck_end,1231.02,40.89,1231.02,117.89,0.6296,True,True
sample_0242,SideViewCows2026,resnet_50,17,throat_base,1370.4,437.52,1370.4,514.52,0.8089,True,True
sample_0242,SideViewCows2026,resnet_50,18,throat_end,1282.66,554.78,1282.66,631.78,0.7209,True,True
sample_0242,SideViewCows2026,resnet_50,19,back_base,1190.18,40.86,1190.18,117.86,0.6576,True,True
sample_0242,SideViewCows2026,resnet_50,20,back_end,304.38,66.64,304.38,143.64,0.8361,True,True
sample_0242,SideViewCows2026,resnet_50,21,back_middle,760.95,53.56,760.95,130.56,0.9848,True,True
sample_0242,SideViewCows2026,resnet_50,22,tail_base,272.36,80.9,272.36,157.9,0.8587,True,True
sample_0242,SideViewCows2026,resnet_50,23,tail_end,259.64,262.35,259.64,339.35,0.0864,False,True
sample_0242,SideViewCows2026,resnet_50,24,front_left_thai,1095.59,558.25,1095.59,635.25,0.7261,True,True
sample_0242,SideViewCows2026,resnet_50,25,front_left_knee,1083.53,694.66,1083.53,771.66,0.7757,True,True
sample_0242,SideViewCows2026,resnet_50,26,front_left_paw,1090.35,872.64,1090.35,949.64,0.8553,True,True
sample_0242,SideViewCows2026,resnet_50,27,front_right_thai,1167.45,538.09,1167.45,615.09,0.8787,True,True
sample_0242,SideViewCows2026,resnet_50,28,front_right_knee,1196.64,748.62,1196.64,825.62,0.9712,True,True
sample_0242,SideViewCows2026,resnet_50,29,front_right_paw,1261.18,950.0,1261.18,1027.0,0.871,True,True
sample_0242,SideViewCows2026,resnet_50,30,back_left_paw,585.71,857.03,585.71,934.03,0.916,True,True
sample_0242,SideViewCows2026,resnet_50,31,back_left_thai,490.24,512.76,490.24,589.76,0.9179,True,True
sample_0242,SideViewCows2026,resnet_50,32,back_right_thai,361.53,462.62,361.53,539.62,0.7994,True,True
sample_0242,SideViewCows2026,resnet_50,33,back_left_knee,467.53,645.97,467.53,722.97,0.9175,True,True
sample_0242,SideViewCows2026,resnet_50,34,back_right_knee,315.25,662.11,315.25,739.11,0.9343,True,True
sample_0242,SideViewCows2026,resnet_50,35,back_right_paw,378.93,927.38,378.93,1004.38,0.9336,True,True
sample_0242,SideViewCows2026,resnet_50,36,belly_bottom,779.87,595.65,779.87,672.65,0.7907,True,True
sample_0242,SideViewCows2026,resnet_50,37,body_middle_right,770.98,346.96,770.98,423.96,0.9718,True,True
sample_0242,SideViewCows2026,resnet_50,38,body_middle_left,781.19,339.52,781.19,416.52,0.8203,True,True
sample_0243,SideViewCows2026,resnet_50,0,nose,67.97,797.8,72.97,1016.8,0.1327,False,False
sample_0243,SideViewCows2026,resnet_50,1,upper_jaw,81.63,496.94,86.63,715.94,0.1339,False,False
sample_0243,SideViewCows2026,resnet_50,2,lower_jaw,128.14,826.94,133.14,1045.94,0.145,False,True
sample_0243,SideViewCows2026,resnet_50,3,mouth_end_right,132.02,809.51,137.02,1028.51,0.1295,False,True
sample_0243,SideViewCows2026,resnet_50,4,mouth_end_left,109.65,851.82,114.65,1070.82,0.0961,False,True
sample_0243,SideViewCows2026,resnet_50,5,right_eye,58.59,148.39,63.59,367.39,0.096,False,True
sample_0243,SideViewCows2026,resnet_50,6,right_earbase,115.49,101.85,120.49,320.85,0.3639,True,True
sample_0243,SideViewCows2026,resnet_50,7,right_earend,101.87,50.26,106.87,269.26,0.3318,True,True
sample_0243,SideViewCows2026,resnet_50,8,right_antler_base,113.72,93.38,118.72,312.38,0.4393,True,True
sample_0243,SideViewCows2026,resnet_50,9,right_antler_end,119.21,54.81,124.21,273.81,0.2734,True,True
sample_0243,SideViewCows2026,resnet_50,10,left_eye,105.28,770.65,110.28,989.65,0.156,False,False
sample_0243,SideViewCows2026,resnet_50,11,left_earbase,97.6,94.1,102.6,313.1,0.3936,True,True
sample_0243,SideViewCows2026,resnet_50,12,left_earend,77.68,57.0,82.68,276.0,0.3344,True,True
sample_0243,SideViewCows2026,resnet_50,13,left_antler_base,94.69,75.53,99.69,294.53,0.3993,True,True
sample_0243,SideViewCows2026,resnet_50,14,left_antler_end,83.18,60.78,88.18,279.78,0.424,True,True
sample_0243,SideViewCows2026,resnet_50,15,neck_base,131.38,124.25,136.38,343.25,0.5869,True,True
sample_0243,SideViewCows2026,resnet_50,16,neck_end,234.15,56.06,239.15,275.06,0.4856,True,True
sample_0243,SideViewCows2026,resnet_50,17,throat_base,1395.83,456.23,1400.83,675.23,0.0869,False,True
sample_0243,SideViewCows2026,resnet_50,18,throat_end,1473.18,408.88,1478.18,627.88,0.1579,False,True
sample_0243,SideViewCows2026,resnet_50,19,back_base,278.52,63.93,283.52,282.93,0.4341,True,True
sample_0243,SideViewCows2026,resnet_50,20,back_end,1377.6,67.51,1382.6,286.51,0.5212,True,True
sample_0243,SideViewCows2026,resnet_50,21,back_middle,824.13,48.71,829.13,267.71,0.6812,True,True
sample_0243,SideViewCows2026,resnet_50,22,tail_base,1436.93,111.36,1441.93,330.36,0.4237,True,True
sample_0243,SideViewCows2026,resnet_50,23,tail_end,90.39,635.71,95.39,854.71,0.1375,False,True
sample_0243,SideViewCows2026,resnet_50,24,front_left_thai,325.13,824.44,330.13,1043.44,0.154,False,True
sample_0243,SideViewCows2026,resnet_50,25,front_left_knee,1087.28,789.28,1092.28,1008.28,0.6642,True,False
sample_0243,SideViewCows2026,resnet_50,26,front_left_paw,1005.14,844.41,1010.14,1063.41,0.1548,False,False
sample_0243,SideViewCows2026,resnet_50,27,front_right_thai,1373.74,518.15,1378.74,737.15,0.5522,True,True
sample_0243,SideViewCows2026,resnet_50,28,front_right_knee,1275.28,755.66,1280.28,974.66,0.4196,True,False
sample_0243,SideViewCows2026,resnet_50,29,front_right_paw,1250.84,842.29,1255.84,1061.29,0.7026,True,True
sample_0243,SideViewCows2026,resnet_50,30,back_left_paw,85.44,840.54,90.44,1059.54,0.3621,True,False
sample_0243,SideViewCows2026,resnet_50,31,back_left_thai,1414.25,471.15,1419.25,690.15,0.6091,True,True
sample_0243,SideViewCows2026,resnet_50,32,back_right_thai,368.93,742.51,373.93,961.51,0.3914,True,True
sample_0243,SideViewCows2026,resnet_50,33,back_left_knee,545.29,811.79,550.29,1030.79,0.4121,True,True
sample_0243,SideViewCows2026,resnet_50,34,back_right_knee,138.86,851.04,143.86,1070.04,0.2026,True,True
sample_0243,SideViewCows2026,resnet_50,35,back_right_paw,523.23,871.77,528.23,1090.77,0.3507,True,False
sample_0243,SideViewCows2026,resnet_50,36,belly_bottom,900.55,751.8,905.55,970.8,0.6084,True,True
sample_0243,SideViewCows2026,resnet_50,37,body_middle_right,865.7,421.74,870.7,640.74,0.4686,True,True
sample_0243,SideViewCows2026,resnet_50,38,body_middle_left,922.47,389.37,927.47,608.37,0.6533,True,True
sample_0244,SideViewCows2026,resnet_50,0,nose,1471.79,318.7,1513.79,395.7,0.4013,True,True
sample_0244,SideViewCows2026,resnet_50,1,upper_jaw,1468.97,361.76,1510.97,438.76,0.4514,True,True
sample_0244,SideViewCows2026,resnet_50,2,lower_jaw,1452.14,364.58,1494.14,441.58,0.5828,True,True
sample_0244,SideViewCows2026,resnet_50,3,mouth_end_right,1432.37,329.04,1474.37,406.04,0.625,True,True
sample_0244,SideViewCows2026,resnet_50,4,mouth_end_left,1457.38,343.0,1499.38,420.0,0.4901,True,True
sample_0244,SideViewCows2026,resnet_50,5,right_eye,1443.58,225.6,1485.58,302.6,0.514,True,True
sample_0244,SideViewCows2026,resnet_50,6,right_earbase,1417.14,185.34,1459.14,262.34,0.4439,True,True
sample_0244,SideViewCows2026,resnet_50,7,right_earend,1364.23,351.64,1406.23,428.64,0.322,True,True
sample_0244,SideViewCows2026,resnet_50,8,right_antler_base,1420.79,158.01,1462.79,235.01,0.4255,True,True
sample_0244,SideViewCows2026,resnet_50,9,right_antler_end,1425.48,126.31,1467.48,203.31,0.1603,False,True
sample_0244,SideViewCows2026,resnet_50,10,left_eye,1452.98,225.02,1494.98,302.02,0.415,True,True
sample_0244,SideViewCows2026,resnet_50,11,left_earbase,1369.03,124.94,1411.03,201.94,0.3046,True,True
sample_0244,SideViewCows2026,resnet_50,12,left_earend,1342.67,56.29,1384.67,133.29,0.3887,True,False
sample_0244,SideViewCows2026,resnet_50,13,left_antler_base,1353.34,142.24,1395.34,219.24,0.4135,True,True
sample_0244,SideViewCows2026,resnet_50,14,left_antler_end,1383.44,101.74,1425.44,178.74,0.2069,True,False
sample_0244,SideViewCows2026,resnet_50,15,neck_base,1271.64,269.72,1313.64,346.72,0.6873,True,True
sample_0244,SideViewCows2026,resnet_50,16,neck_end,1214.69,85.88,1256.69,162.88,0.5194,True,True
sample_0244,SideViewCows2026,resnet_50,17,throat_base,1328.68,444.63,1370.68,521.63,0.6396,True,True
sample_0244,SideViewCows2026,resnet_50,18,throat_end,1239.55,497.14,1281.55,574.14,0.7533,True,True
sample_0244,SideViewCows2026,resnet_50,19,back_base,1188.45,75.52,1230.45,152.52,0.5859,True,True
sample_0244,SideViewCows2026,resnet_50,20,back_end,146.56,64.96,188.56,141.96,0.8278,True,True
sample_0244,SideViewCows2026,resnet_50,21,back_middle,697.59,47.63,739.59,124.63,0.738,True,True
sample_0244,SideViewCows2026,resnet_50,22,tail_base,106.08,95.45,148.08,172.45,0.9146,True,True
sample_0244,SideViewCows2026,resnet_50,23,tail_end,118.76,646.75,160.76,723.75,0.548,True,True
sample_0244,SideViewCows2026,resnet_50,24,front_left_thai,1085.9,569.04,1127.9,646.04,0.8658,True,True
sample_0244,SideViewCows2026,resnet_50,25,front_left_knee,1066.21,798.41,1108.21,875.41,0.7089,True,True
sample_0244,SideViewCows2026,resnet_50,26,front_left_paw,1073.5,967.12,1115.5,1044.12,0.878,True,True
sample_0244,SideViewCows2026,resnet_50,27,front_right_thai,1019.56,576.84,1061.56,653.84,0.9339,True,True
sample_0244,SideViewCows2026,resnet_50,28,front_right_knee,1004.07,817.69,1046.07,894.69,0.7567,True,True
sample_0244,SideViewCows2026,resnet_50,29,front_right_paw,1053.35,979.94,1095.35,1056.94,0.8575,True,True
sample_0244,SideViewCows2026,resnet_50,30,back_left_paw,406.57,883.82,448.57,960.82,0.8929,True,True
sample_0244,SideViewCows2026,resnet_50,31,back_left_thai,298.26,524.35,340.26,601.35,0.7401,True,True
sample_0244,SideViewCows2026,resnet_50,32,back_right_thai,232.97,506.67,274.97,583.67,0.944,True,True
sample_0244,SideViewCows2026,resnet_50,33,back_left_knee,322.8,695.65,364.8,772.65,0.9553,True,True
sample_0244,SideViewCows2026,resnet_50,34,back_right_knee,192.77,725.6,234.77,802.6,0.8713,True,True
sample_0244,SideViewCows2026,resnet_50,35,back_right_paw,224.13,965.32,266.13,1042.32,0.9665,True,True
sample_0244,SideViewCows2026,resnet_50,36,belly_bottom,643.02,599.49,685.02,676.49,0.5228,True,True
sample_0244,SideViewCows2026,resnet_50,37,body_middle_right,661.29,365.89,703.29,442.89,0.4525,True,True
sample_0244,SideViewCows2026,resnet_50,38,body_middle_left,679.01,363.99,721.01,440.99,0.631,True,True
sample_0245,SideViewCows2026,resnet_50,0,nose,1530.18,935.54,1531.18,968.54,0.7698,True,True
sample_0245,SideViewCows2026,resnet_50,1,upper_jaw,1507.58,944.53,1508.58,977.53,0.7845,True,True
sample_0245,SideViewCows2026,resnet_50,2,lower_jaw,1488.74,923.07,1489.74,956.07,0.7853,True,True
sample_0245,SideViewCows2026,resnet_50,3,mouth_end_right,1513.36,894.36,1514.36,927.36,0.5308,True,True
sample_0245,SideViewCows2026,resnet_50,4,mouth_end_left,1526.21,890.77,1527.21,923.77,0.6459,True,True
sample_0245,SideViewCows2026,resnet_50,5,right_eye,1627.87,778.32,1628.87,811.32,0.8896,True,True
sample_0245,SideViewCows2026,resnet_50,6,right_earbase,1615.23,679.83,1616.23,712.83,0.9821,True,True
sample_0245,SideViewCows2026,resnet_50,7,right_earend,1662.94,642.56,1663.94,675.56,0.4748,True,True
sample_0245,SideViewCows2026,resnet_50,8,right_antler_base,1631.24,687.46,1632.24,720.46,0.8583,True,True
sample_0245,SideViewCows2026,resnet_50,9,right_antler_end,1622.04,642.82,1623.04,675.82,0.3219,True,True
sample_0245,SideViewCows2026,resnet_50,10,left_eye,1632.05,788.6,1633.05,821.6,0.7977,True,False
sample_0245,SideViewCows2026,resnet_50,11,left_earbase,1642.08,638.66,1643.08,671.66,0.5257,True,True
sample_0245,SideViewCows2026,resnet_50,12,left_earend,1632.12,594.35,1633.12,627.35,0.4215,True,False
sample_0245,SideViewCows2026,resnet_50,13,left_antler_base,1638.27,636.61,1639.27,669.61,0.5582,True,True
sample_0245,SideViewCows2026,resnet_50,14,left_antler_end,1670.26,169.79,1671.26,202.79,0.3493,True,False
sample_0245,SideViewCows2026,resnet_50,15,neck_base,1570.31,593.38,1571.31,626.38,0.677,True,True
sample_0245,SideViewCows2026,resnet_50,16,neck_end,1445.27,300.43,1446.27,333.43,0.503,True,True
sample_0245,SideViewCows2026,resnet_50,17,throat_base,1426.19,723.87,1427.19,756.87,0.8515,True,True
sample_0245,SideViewCows2026,resnet_50,18,throat_end,1355.9,675.14,1356.9,708.14,0.6988,True,True
sample_0245,SideViewCows2026,resnet_50,19,back_base,1408.68,184.46,1409.68,217.46,0.3109,True,True
sample_0245,SideViewCows2026,resnet_50,20,back_end,1337.41,104.7,1338.41,137.7,0.298,True,True
sample_0245,SideViewCows2026,resnet_50,21,back_middle,806.88,14.01,807.88,47.01,0.5541,True,True
sample_0245,SideViewCows2026,resnet_50,22,tail_base,1402.5,152.38,1403.5,185.38,0.298,True,True
sample_0245,SideViewCows2026,resnet_50,23,tail_end,1655.85,168.03,1656.85,201.03,0.98,True,False
sample_0245,SideViewCows2026,resnet_50,24,front_left_thai,1297.63,687.97,1298.63,720.97,0.878,True,True
sample_0245,SideViewCows2026,resnet_50,25,front_left_knee,1338.31,819.52,1339.31,852.52,0.9065,True,True
sample_0245,SideViewCows2026,resnet_50,26,front_left_paw,1301.11,961.68,1302.11,994.68,0.9321,True,False
sample_0245,SideViewCows2026,resnet_50,27,front_right_thai,1226.39,654.09,1227.39,687.09,0.6426,True,True
sample_0245,SideViewCows2026,resnet_50,28,front_right_knee,1194.36,918.9,1195.36,951.9,0.7057,True,True
sample_0245,SideViewCows2026,resnet_50,29,front_right_paw,1210.89,1031.87,1211.89,1064.87,0.7368,True,True
sample_0245,SideViewCows2026,resnet_50,30,back_left_paw,443.31,915.1,444.31,948.1,0.3309,True,False
sample_0245,SideViewCows2026,resnet_50,31,back_left_thai,521.35,747.06,522.35,780.06,0.8025,True,True
sample_0245,SideViewCows2026,resnet_50,32,back_right_thai,414.4,621.04,415.4,654.04,0.6119,True,True
sample_0245,SideViewCows2026,resnet_50,33,back_left_knee,473.98,814.76,474.98,847.76,0.7413,True,True
sample_0245,SideViewCows2026,resnet_50,34,back_right_knee,415.86,801.28,416.86,834.28,0.8123,True,True
sample_0245,SideViewCows2026,resnet_50,35,back_right_paw,397.26,938.89,398.26,971.89,0.3538,True,True
sample_0245,SideViewCows2026,resnet_50,36,belly_bottom,799.44,771.51,800.44,804.51,0.7634,True,False
sample_0245,SideViewCows2026,resnet_50,37,body_middle_right,722.76,491.5,723.76,524.5,0.4727,True,True
sample_0245,SideViewCows2026,resnet_50,38,body_middle_left,811.51,456.1,812.51,489.1,0.5397,True,True
sample_0246,SideViewCows2026,resnet_50,0,nose,87.23,973.81,89.23,1049.81,0.1289,False,True
sample_0246,SideViewCows2026,resnet_50,1,upper_jaw,104.01,970.08,106.01,1046.08,0.1611,False,True
sample_0246,SideViewCows2026,resnet_50,2,lower_jaw,129.12,969.35,131.12,1045.35,0.1654,False,True
sample_0246,SideViewCows2026,resnet_50,3,mouth_end_right,118.72,969.76,120.72,1045.76,0.1138,False,True
sample_0246,SideViewCows2026,resnet_50,4,mouth_end_left,321.19,969.87,323.19,1045.87,0.2016,True,True
sample_0246,SideViewCows2026,resnet_50,5,right_eye,1094.56,927.56,1096.56,1003.56,0.1017,False,False
sample_0246,SideViewCows2026,resnet_50,6,right_earbase,885.72,630.77,887.72,706.77,0.0927,False,True
sample_0246,SideViewCows2026,resnet_50,7,right_earend,8.4,741.05,10.4,817.05,0.1307,False,True
sample_0246,SideViewCows2026,resnet_50,8,right_antler_base,71.93,-6.9,73.93,69.1,0.1205,False,False
sample_0246,SideViewCows2026,resnet_50,9,right_antler_end,1059.4,960.39,1061.4,1036.39,0.125,False,False
sample_0246,SideViewCows2026,resnet_50,10,left_eye,1091.46,900.39,1093.46,976.39,0.3008,True,True
sample_0246,SideViewCows2026,resnet_50,11,left_earbase,969.44,657.24,971.44,733.24,0.0703,False,True
sample_0246,SideViewCows2026,resnet_50,12,left_earend,101.06,975.5,103.06,1051.5,0.0671,False,True
sample_0246,SideViewCows2026,resnet_50,13,left_antler_base,129.85,103.92,131.85,179.92,0.0899,False,True
sample_0246,SideViewCows2026,resnet_50,14,left_antler_end,925.5,722.43,927.5,798.43,0.0898,False,True
sample_0246,SideViewCows2026,resnet_50,15,neck_base,494.42,297.34,496.42,373.34,0.1803,False,True
sample_0246,SideViewCows2026,resnet_50,16,neck_end,841.27,70.47,843.27,146.47,0.5331,True,True
sample_0246,SideViewCows2026,resnet_50,17,throat_base,572.07,802.63,574.07,878.63,0.4583,True,True
sample_0246,SideViewCows2026,resnet_50,18,throat_end,1112.78,823.04,1114.78,899.04,0.3892,True,True
sample_0246,SideViewCows2026,resnet_50,19,back_base,90.62,36.46,92.62,112.46,0.6626,True,True
sample_0246,SideViewCows2026,resnet_50,20,back_end,1350.2,115.53,1352.2,191.53,0.2258,True,True
sample_0246,SideViewCows2026,resnet_50,21,back_middle,65.6,25.4,67.6,101.4,0.418,True,True
sample_0246,SideViewCows2026,resnet_50,22,tail_base,1364.79,118.49,1366.79,194.49,0.1563,False,True
sample_0246,SideViewCows2026,resnet_50,23,tail_end,1295.99,963.63,1297.99,1039.63,0.1347,False,True
sample_0246,SideViewCows2026,resnet_50,24,front_left_thai,1155.12,782.94,1157.12,858.94,0.6831,True,True
sample_0246,SideViewCows2026,resnet_50,25,front_left_knee,695.96,931.33,697.96,1007.33,0.4325,True,True
sample_0246,SideViewCows2026,resnet_50,26,front_left_paw,688.11,957.92,690.11,1033.92,0.5188,True,True
sample_0246,SideViewCows2026,resnet_50,27,front_right_thai,569.45,845.93,571.45,921.93,0.5027,True,True
sample_0246,SideViewCows2026,resnet_50,28,front_right_knee,605.1,906.63,607.1,982.63,0.6428,True,True
sample_0246,SideViewCows2026,resnet_50,29,front_right_paw,622.02,974.4,624.02,1050.4,0.9527,True,False
sample_0246,SideViewCows2026,resnet_50,30,back_left_paw,648.43,972.86,650.43,1048.86,0.2985,True,False
sample_0246,SideViewCows2026,resnet_50,31,back_left_thai,169.35,920.31,171.35,996.31,0.7148,True,True
sample_0246,SideViewCows2026,resnet_50,32,back_right_thai,1174.21,740.14,1176.21,816.14,0.3425,True,False
sample_0246,SideViewCows2026,resnet_50,33,back_left_knee,1174.87,945.06,1176.87,1021.06,0.3884,True,True
sample_0246,SideViewCows2026,resnet_50,34,back_right_knee,1198.89,865.28,1200.89,941.28,0.2799,True,True
sample_0246,SideViewCows2026,resnet_50,35,back_right_paw,544.4,979.63,546.4,1055.63,0.2898,True,True
sample_0246,SideViewCows2026,resnet_50,36,belly_bottom,1342.43,658.59,1344.43,734.59,0.2306,True,False
sample_0246,SideViewCows2026,resnet_50,37,body_middle_right,1262.21,447.59,1264.21,523.59,0.2581,True,True
sample_0246,SideViewCows2026,resnet_50,38,body_middle_left,1322.1,413.77,1324.1,489.77,0.446,True,True
sample_0247,SideViewCows2026,resnet_50,0,nose,4.08,572.82,4.08,626.82,0.2086,True,False
sample_0247,SideViewCows2026,resnet_50,1,upper_jaw,33.02,603.75,33.02,657.75,0.1188,False,False
sample_0247,SideViewCows2026,resnet_50,2,lower_jaw,86.59,592.42,86.59,646.42,0.1751,False,False
sample_0247,SideViewCows2026,resnet_50,3,mouth_end_right,85.82,468.76,85.82,522.76,0.1474,False,False
sample_0247,SideViewCows2026,resnet_50,4,mouth_end_left,60.44,537.46,60.44,591.46,0.1328,False,True
sample_0247,SideViewCows2026,resnet_50,5,right_eye,1532.43,420.18,1532.43,474.18,0.247,True,True
sample_0247,SideViewCows2026,resnet_50,6,right_earbase,1523.69,344.18,1523.69,398.18,0.5214,True,False
sample_0247,SideViewCows2026,resnet_50,7,right_earend,1596.1,334.46,1596.1,388.46,0.5212,True,False
sample_0247,SideViewCows2026,resnet_50,8,right_antler_base,1555.13,369.61,1555.13,423.61,0.4304,True,False
sample_0247,SideViewCows2026,resnet_50,9,right_antler_end,25.38,38.26,25.38,92.26,0.2482,True,False
sample_0247,SideViewCows2026,resnet_50,10,left_eye,1548.74,390.31,1548.74,444.31,0.3102,True,True
sample_0247,SideViewCows2026,resnet_50,11,left_earbase,1497.01,268.17,1497.01,322.17,0.3969,True,True
sample_0247,SideViewCows2026,resnet_50,12,left_earend,1498.92,230.11,1498.92,284.11,0.4651,True,False
sample_0247,SideViewCows2026,resnet_50,13,left_antler_base,1496.31,252.34,1496.31,306.34,0.3541,True,False
sample_0247,SideViewCows2026,resnet_50,14,left_antler_end,1502.19,163.78,1502.19,217.78,0.4145,True,False
sample_0247,SideViewCows2026,resnet_50,15,neck_base,122.4,119.17,122.4,173.17,0.4245,True,True
sample_0247,SideViewCows2026,resnet_50,16,neck_end,1348.26,133.11,1348.26,187.11,0.7867,True,False
sample_0247,SideViewCows2026,resnet_50,17,throat_base,1298.75,568.6,1298.75,622.6,0.3628,True,True
sample_0247,SideViewCows2026,resnet_50,18,throat_end,1166.45,672.13,1166.45,726.13,0.4562,True,True
sample_0247,SideViewCows2026,resnet_50,19,back_base,1284.45,99.09,1284.45,153.09,0.7107,True,False
sample_0247,SideViewCows2026,resnet_50,20,back_end,109.49,35.14,109.49,89.14,0.564,True,False
sample_0247,SideViewCows2026,resnet_50,21,back_middle,806.99,31.41,806.99,85.41,0.5424,True,True
sample_0247,SideViewCows2026,resnet_50,22,tail_base,82.69,52.52,82.69,106.52,0.6157,True,False
sample_0247,SideViewCows2026,resnet_50,23,tail_end,75.65,515.34,75.65,569.34,0.357,True,True
sample_0247,SideViewCows2026,resnet_50,24,front_left_thai,1105.18,658.41,1105.18,712.41,0.6188,True,True
sample_0247,SideViewCows2026,resnet_50,25,front_left_knee,1080.21,817.26,1080.21,871.26,0.8386,True,True
sample_0247,SideViewCows2026,resnet_50,26,front_left_paw,1072.69,967.08,1072.69,1021.08,0.6565,True,True
sample_0247,SideViewCows2026,resnet_50,27,front_right_thai,1070.39,661.44,1070.39,715.44,0.5999,True,True
sample_0247,SideViewCows2026,resnet_50,28,front_right_knee,1043.26,839.72,1043.26,893.72,0.8403,True,True
sample_0247,SideViewCows2026,resnet_50,29,front_right_paw,1076.79,985.23,1076.79,1039.23,0.8406,True,True
sample_0247,SideViewCows2026,resnet_50,30,back_left_paw,258.19,964.59,258.19,1018.59,0.3351,True,True
sample_0247,SideViewCows2026,resnet_50,31,back_left_thai,71.47,662.09,71.47,716.09,0.4039,True,False
sample_0247,SideViewCows2026,resnet_50,32,back_right_thai,350.1,631.56,350.1,685.56,0.8024,True,True
sample_0247,SideViewCows2026,resnet_50,33,back_left_knee,20.47,653.38,20.47,707.38,0.3443,True,False
sample_0247,SideViewCows2026,resnet_50,34,back_right_knee,281.67,988.62,281.67,1042.62,0.666,True,True
sample_0247,SideViewCows2026,resnet_50,35,back_right_paw,376.59,1023.12,376.59,1077.12,0.3603,True,False
sample_0247,SideViewCows2026,resnet_50,36,belly_bottom,706.08,766.71,706.08,820.71,0.42,True,False
sample_0247,SideViewCows2026,resnet_50,37,body_middle_right,754.8,434.78,754.8,488.78,0.6061,True,True
sample_0247,SideViewCows2026,resnet_50,38,body_middle_left,837.48,405.63,837.48,459.63,0.4442,True,True
sample_0248,SideViewCows2026,resnet_50,0,nose,1639.28,79.35,1643.28,183.35,0.2128,True,False
sample_0248,SideViewCows2026,resnet_50,1,upper_jaw,1627.64,64.36,1631.64,168.36,0.2123,True,False
sample_0248,SideViewCows2026,resnet_50,2,lower_jaw,1630.56,100.83,1634.56,204.83,0.2308,True,False
sample_0248,SideViewCows2026,resnet_50,3,mouth_end_right,1619.38,96.68,1623.38,200.68,0.2587,True,False
sample_0248,SideViewCows2026,resnet_50,4,mouth_end_left,1575.87,79.89,1579.87,183.89,0.1954,False,False
sample_0248,SideViewCows2026,resnet_50,5,right_eye,1612.97,87.62,1616.97,191.62,0.3289,True,False
sample_0248,SideViewCows2026,resnet_50,6,right_earbase,1546.09,62.45,1550.09,166.45,0.4871,True,False
sample_0248,SideViewCows2026,resnet_50,7,right_earend,1573.75,97.89,1577.75,201.89,0.3906,True,False
sample_0248,SideViewCows2026,resnet_50,8,right_antler_base,1523.38,96.9,1527.38,200.9,0.3529,True,False
sample_0248,SideViewCows2026,resnet_50,9,right_antler_end,83.87,358.16,87.87,462.16,0.1202,False,True
sample_0248,SideViewCows2026,resnet_50,10,left_eye,1582.54,75.64,1586.54,179.64,0.2976,True,False
sample_0248,SideViewCows2026,resnet_50,11,left_earbase,1414.01,53.59,1418.01,157.59,0.4687,True,False
sample_0248,SideViewCows2026,resnet_50,12,left_earend,1386.45,67.66,1390.45,171.66,0.4287,True,False
sample_0248,SideViewCows2026,resnet_50,13,left_antler_base,1427.65,76.58,1431.65,180.58,0.4625,True,False
sample_0248,SideViewCows2026,resnet_50,14,left_antler_end,1627.52,711.17,1631.52,815.17,0.2456,True,False
sample_0248,SideViewCows2026,resnet_50,15,neck_base,1435.1,130.42,1439.1,234.42,0.8245,True,True
sample_0248,SideViewCows2026,resnet_50,16,neck_end,1357.04,64.65,1361.04,168.65,0.6922,True,False
sample_0248,SideViewCows2026,resnet_50,17,throat_base,1482.83,349.57,1486.83,453.57,0.4272,True,True
sample_0248,SideViewCows2026,resnet_50,18,throat_end,1424.28,423.42,1428.28,527.42,0.6048,True,True
sample_0248,SideViewCows2026,resnet_50,19,back_base,1310.4,60.94,1314.4,164.94,0.7007,True,False
sample_0248,SideViewCows2026,resnet_50,20,back_end,137.42,104.35,141.42,208.35,0.17,False,True
sample_0248,SideViewCows2026,resnet_50,21,back_middle,771.79,64.27,775.79,168.27,0.5915,True,False
sample_0248,SideViewCows2026,resnet_50,22,tail_base,102.34,128.9,106.34,232.9,0.1534,False,True
sample_0248,SideViewCows2026,resnet_50,23,tail_end,1622.32,745.72,1626.32,849.72,0.3158,True,False
sample_0248,SideViewCows2026,resnet_50,24,front_left_thai,1283.86,537.87,1287.86,641.87,0.7328,True,True
sample_0248,SideViewCows2026,resnet_50,25,front_left_knee,1241.3,668.5,1245.3,772.5,0.6062,True,False
sample_0248,SideViewCows2026,resnet_50,26,front_left_paw,1142.97,768.98,1146.97,872.98,0.7158,True,True
sample_0248,SideViewCows2026,resnet_50,27,front_right_thai,1335.57,534.4,1339.57,638.4,0.7824,True,True
sample_0248,SideViewCows2026,resnet_50,28,front_right_knee,1278.41,755.14,1282.41,859.14,0.6211,True,True
sample_0248,SideViewCows2026,resnet_50,29,front_right_paw,1252.02,907.78,1256.02,1011.78,0.8944,True,True
sample_0248,SideViewCows2026,resnet_50,30,back_left_paw,689.85,940.83,693.85,1044.83,0.9129,True,True
sample_0248,SideViewCows2026,resnet_50,31,back_left_thai,519.02,730.67,523.02,834.67,0.4863,True,True
sample_0248,SideViewCows2026,resnet_50,32,back_right_thai,452.47,777.66,456.47,881.66,0.697,True,True
sample_0248,SideViewCows2026,resnet_50,33,back_left_knee,577.06,867.21,581.06,971.21,0.4909,True,True
sample_0248,SideViewCows2026,resnet_50,34,back_right_knee,423.54,967.3,427.54,1071.3,0.4879,True,True
sample_0248,SideViewCows2026,resnet_50,35,back_right_paw,617.66,952.41,621.66,1056.41,0.2668,True,False
sample_0248,SideViewCows2026,resnet_50,36,belly_bottom,933.22,719.59,937.22,823.59,0.4365,True,True
sample_0248,SideViewCows2026,resnet_50,37,body_middle_right,885.95,427.47,889.95,531.47,0.2742,True,True
sample_0248,SideViewCows2026,resnet_50,38,body_middle_left,970.4,442.03,974.4,546.03,0.2983,True,True
sample_0249,SideViewCows2026,resnet_50,0,nose,1920.37,752.11,1921.37,818.11,0.117,False,False
sample_0249,SideViewCows2026,resnet_50,1,upper_jaw,1923.17,747.59,1924.17,813.59,0.1387,False,False
sample_0249,SideViewCows2026,resnet_50,2,lower_jaw,1900.18,757.45,1901.18,823.45,0.2669,True,True
sample_0249,SideViewCows2026,resnet_50,3,mouth_end_right,1893.41,650.41,1894.41,716.41,0.1525,False,True
sample_0249,SideViewCows2026,resnet_50,4,mouth_end_left,1880.06,724.63,1881.06,790.63,0.1748,False,True
sample_0249,SideViewCows2026,resnet_50,5,right_eye,1892.88,538.97,1893.88,604.97,0.1311,False,True
sample_0249,SideViewCows2026,resnet_50,6,right_earbase,1860.48,460.93,1861.48,526.93,0.4102,True,True
sample_0249,SideViewCows2026,resnet_50,7,right_earend,1934.35,454.64,1935.35,520.64,0.3659,True,False
sample_0249,SideViewCows2026,resnet_50,8,right_antler_base,1884.69,443.58,1885.69,509.58,0.1441,False,True
sample_0249,SideViewCows2026,resnet_50,9,right_antler_end,348.32,781.28,349.32,847.28,0.0962,False,True
sample_0249,SideViewCows2026,resnet_50,10,left_eye,1891.16,530.48,1892.16,596.48,0.1453,False,True
sample_0249,SideViewCows2026,resnet_50,11,left_earbase,1877.61,425.89,1878.61,491.89,0.1577,False,True
sample_0249,SideViewCows2026,resnet_50,12,left_earend,1851.78,372.69,1852.78,438.69,0.2583,True,True
sample_0249,SideViewCows2026,resnet_50,13,left_antler_base,1871.34,420.56,1872.34,486.56,0.2157,True,True
sample_0249,SideViewCows2026,resnet_50,14,left_antler_end,1870.02,404.94,1871.02,470.94,0.1943,False,True
sample_0249,SideViewCows2026,resnet_50,15,neck_base,1519.02,453.13,1520.02,519.13,0.3726,True,True
sample_0249,SideViewCows2026,resnet_50,16,neck_end,1540.83,137.41,1541.83,203.41,0.5743,True,False
sample_0249,SideViewCows2026,resnet_50,17,throat_base,1633.65,734.45,1634.65,800.45,0.4119,True,True
sample_0249,SideViewCows2026,resnet_50,18,throat_end,1216.1,806.13,1217.1,872.13,0.3205,True,True
sample_0249,SideViewCows2026,resnet_50,19,back_base,1476.73,117.19,1477.73,183.19,0.5585,True,True
sample_0249,SideViewCows2026,resnet_50,20,back_end,320.06,129.59,321.06,195.59,0.3178,True,True
sample_0249,SideViewCows2026,resnet_50,21,back_middle,659.71,84.1,660.71,150.1,0.6543,True,True
sample_0249,SideViewCows2026,resnet_50,22,tail_base,319.75,140.68,320.75,206.68,0.2532,True,True
sample_0249,SideViewCows2026,resnet_50,23,tail_end,349.65,785.02,350.65,851.02,0.13,False,True
sample_0249,SideViewCows2026,resnet_50,24,front_left_thai,1305.41,812.99,1306.41,878.99,0.5168,True,True
sample_0249,SideViewCows2026,resnet_50,25,front_left_knee,1408.67,891.69,1409.67,957.69,0.4008,True,True
sample_0249,SideViewCows2026,resnet_50,26,front_left_paw,1405.16,902.08,1406.16,968.08,0.7603,True,True
sample_0249,SideViewCows2026,resnet_50,27,front_right_thai,1209.8,855.16,1210.8,921.16,0.8847,True,True
sample_0249,SideViewCows2026,resnet_50,28,front_right_knee,1193.21,972.33,1194.21,1038.33,0.5516,True,True
sample_0249,SideViewCows2026,resnet_50,29,front_right_paw,1277.17,983.44,1278.17,1049.44,0.3697,True,False
sample_0249,SideViewCows2026,resnet_50,30,back_left_paw,1451.93,835.81,1452.93,901.81,0.2053,True,True
sample_0249,SideViewCows2026,resnet_50,31,back_left_thai,1498.45,654.32,1499.45,720.32,0.1244,False,True
sample_0249,SideViewCows2026,resnet_50,32,back_right_thai,346.49,683.3,347.49,749.3,0.0654,False,True
sample_0249,SideViewCows2026,resnet_50,33,back_left_knee,1459.19,852.46,1460.19,918.46,0.0915,False,True
sample_0249,SideViewCows2026,resnet_50,34,back_right_knee,356.37,778.31,357.37,844.31,0.0562,False,True
sample_0249,SideViewCows2026,resnet_50,35,back_right_paw,339.91,813.79,340.91,879.79,0.3663,True,True
sample_0249,SideViewCows2026,resnet_50,36,belly_bottom,741.85,871.48,742.85,937.48,0.3788,True,True
sample_0249,SideViewCows2026,resnet_50,37,body_middle_right,637.57,618.19,638.57,684.19,0.2414,True,True
sample_0249,SideViewCows2026,resnet_50,38,body_middle_left,703.44,586.75,704.44,652.75,0.1957,False,True
sample_0250,SideViewCows2026,resnet_50,0,nose,1806.93,553.9,1808.93,571.9,0.4271,True,True
sample_0250,SideViewCows2026,resnet_50,1,upper_jaw,1801.07,575.6,1803.07,593.6,0.4392,True,True
sample_0250,SideViewCows2026,resnet_50,2,lower_jaw,1766.39,583.99,1768.39,601.99,0.465,True,True
sample_0250,SideViewCows2026,resnet_50,3,mouth_end_right,1779.94,557.41,1781.94,575.41,0.4717,True,True
sample_0250,SideViewCows2026,resnet_50,4,mouth_end_left,1742.63,565.86,1744.63,583.86,0.49,True,True
sample_0250,SideViewCows2026,resnet_50,5,right_eye,1779.05,418.47,1781.05,436.47,0.8288,True,True
sample_0250,SideViewCows2026,resnet_50,6,right_earbase,1744.22,336.27,1746.22,354.27,0.8788,True,True
sample_0250,SideViewCows2026,resnet_50,7,right_earend,1795.6,302.89,1797.6,320.89,0.6571,True,True
sample_0250,SideViewCows2026,resnet_50,8,right_antler_base,1752.73,319.03,1754.73,337.03,0.7081,True,True
sample_0250,SideViewCows2026,resnet_50,9,right_antler_end,1785.49,239.68,1787.49,257.68,0.2501,True,True
sample_0250,SideViewCows2026,resnet_50,10,left_eye,1795.74,406.31,1797.74,424.31,0.7288,True,True
sample_0250,SideViewCows2026,resnet_50,11,left_earbase,1707.17,243.68,1709.17,261.68,0.5747,True,True
sample_0250,SideViewCows2026,resnet_50,12,left_earend,1707.78,184.04,1709.78,202.04,0.5975,True,False
sample_0250,SideViewCows2026,resnet_50,13,left_antler_base,1688.97,278.77,1690.97,296.77,0.5984,True,True
sample_0250,SideViewCows2026,resnet_50,14,left_antler_end,1751.82,222.38,1753.82,240.38,0.419,True,True
sample_0250,SideViewCows2026,resnet_50,15,neck_base,1694.74,247.19,1696.74,265.19,0.3196,True,True
sample_0250,SideViewCows2026,resnet_50,16,neck_end,1378.03,87.76,1380.03,105.76,0.8396,True,True
sample_0250,SideViewCows2026,resnet_50,17,throat_base,1526.48,556.03,1528.48,574.03,0.5493,True,False
sample_0250,SideViewCows2026,resnet_50,18,throat_end,1375.25,630.12,1377.25,648.12,0.7545,True,True
sample_0250,SideViewCows2026,resnet_50,19,back_base,1331.39,71.82,1333.39,89.82,0.7981,True,True
sample_0250,SideViewCows2026,resnet_50,20,back_end,187.27,67.4,189.27,85.4,0.5604,True,True
sample_0250,SideViewCows2026,resnet_50,21,back_middle,738.82,37.52,740.82,55.52,0.7082,True,True
sample_0250,SideViewCows2026,resnet_50,22,tail_base,111.41,52.6,113.41,70.6,0.691,True,True
sample_0250,SideViewCows2026,resnet_50,23,tail_end,151.33,712.57,153.33,730.57,0.7235,True,True
sample_0250,SideViewCows2026,resnet_50,24,front_left_thai,1082.12,659.97,1084.12,677.97,0.8831,True,True
sample_0250,SideViewCows2026,resnet_50,25,front_left_knee,1051.85,813.37,1053.85,831.37,0.7504,True,True
sample_0250,SideViewCows2026,resnet_50,26,front_left_paw,1044.11,920.36,1046.11,938.36,0.7017,True,False
sample_0250,SideViewCows2026,resnet_50,27,front_right_thai,1149.73,642.61,1151.73,660.61,0.8723,True,True
sample_0250,SideViewCows2026,resnet_50,28,front_right_knee,1135.57,879.77,1137.57,897.77,0.748,True,True
sample_0250,SideViewCows2026,resnet_50,29,front_right_paw,1118.62,1039.01,1120.62,1057.01,0.8695,True,True
sample_0250,SideViewCows2026,resnet_50,30,back_left_paw,479.53,910.43,481.53,928.43,0.9559,True,True
sample_0250,SideViewCows2026,resnet_50,31,back_left_thai,382.73,565.84,384.73,583.84,0.7708,True,True
sample_0250,SideViewCows2026,resnet_50,32,back_right_thai,266.39,534.13,268.39,552.13,0.8779,True,True
sample_0250,SideViewCows2026,resnet_50,33,back_left_knee,370.26,729.87,372.26,747.87,0.9025,True,True
sample_0250,SideViewCows2026,resnet_50,34,back_right_knee,275.15,760.36,277.15,778.36,0.9074,True,True
sample_0250,SideViewCows2026,resnet_50,35,back_right_paw,336.54,1033.32,338.54,1051.32,0.9218,True,True
sample_0250,SideViewCows2026,resnet_50,36,belly_bottom,726.54,712.41,728.54,730.41,0.659,True,True
sample_0250,SideViewCows2026,resnet_50,37,body_middle_right,785.31,429.68,787.31,447.68,0.5543,True,True
sample_0250,SideViewCows2026,resnet_50,38,body_middle_left,767.5,442.54,769.5,460.54,0.3432,True,True
sample_0251,SideViewCows2026,resnet_50,0,nose,1535.24,249.59,1715.24,405.59,0.9475,True,True
sample_0251,SideViewCows2026,resnet_50,1,upper_jaw,1530.1,284.08,1710.1,440.08,1.0,True,True
sample_0251,SideViewCows2026,resnet_50,2,lower_jaw,1510.82,302.08,1690.82,458.08,1.0,True,True
sample_0251,SideViewCows2026,resnet_50,3,mouth_end_right,1469.83,278.66,1649.83,434.66,0.9444,True,True
sample_0251,SideViewCows2026,resnet_50,4,mouth_end_left,1495.94,279.68,1675.94,435.68,0.7665,True,True
sample_0251,SideViewCows2026,resnet_50,5,right_eye,1405.28,155.46,1585.28,311.46,0.8377,True,True
sample_0251,SideViewCows2026,resnet_50,6,right_earbase,1309.94,148.79,1489.94,304.79,0.7328,True,True
sample_0251,SideViewCows2026,resnet_50,7,right_earend,1237.09,66.73,1417.09,222.73,0.4776,True,True
sample_0251,SideViewCows2026,resnet_50,8,right_antler_base,1328.39,115.24,1508.39,271.24,0.8032,True,True
sample_0251,SideViewCows2026,resnet_50,9,right_antler_end,1263.45,72.41,1443.45,228.41,0.5144,True,True
sample_0251,SideViewCows2026,resnet_50,10,left_eye,1397.45,153.15,1577.45,309.15,0.7967,True,True
sample_0251,SideViewCows2026,resnet_50,11,left_earbase,1266.32,97.01,1446.32,253.01,0.7457,True,True
sample_0251,SideViewCows2026,resnet_50,12,left_earend,1202.99,68.29,1382.99,224.29,0.769,True,False
sample_0251,SideViewCows2026,resnet_50,13,left_antler_base,1302.11,99.17,1482.11,255.17,0.7226,True,False
sample_0251,SideViewCows2026,resnet_50,14,left_antler_end,1249.52,62.72,1429.52,218.72,0.5374,True,True
sample_0251,SideViewCows2026,resnet_50,15,neck_base,1191.92,236.01,1371.92,392.01,0.6984,True,True
sample_0251,SideViewCows2026,resnet_50,16,neck_end,1092.97,78.43,1272.97,234.43,0.7427,True,True
sample_0251,SideViewCows2026,resnet_50,17,throat_base,1295.72,332.92,1475.72,488.92,0.8112,True,True
sample_0251,SideViewCows2026,resnet_50,18,throat_end,1187.84,397.08,1367.84,553.08,0.8632,True,True
sample_0251,SideViewCows2026,resnet_50,19,back_base,1055.9,70.17,1235.9,226.17,0.7959,True,True
sample_0251,SideViewCows2026,resnet_50,20,back_end,211.15,79.45,391.15,235.45,0.282,True,True
sample_0251,SideViewCows2026,resnet_50,21,back_middle,679.77,66.43,859.77,222.43,0.7787,True,True
sample_0251,SideViewCows2026,resnet_50,22,tail_base,285.21,488.24,465.21,644.24,0.4102,True,True
sample_0251,SideViewCows2026,resnet_50,23,tail_end,451.34,442.74,631.34,598.74,0.2524,True,True
sample_0251,SideViewCows2026,resnet_50,24,front_left_thai,926.5,535.09,1106.5,691.09,0.851,True,True
sample_0251,SideViewCows2026,resnet_50,25,front_left_knee,937.74,737.02,1117.74,893.02,0.7295,True,True
sample_0251,SideViewCows2026,resnet_50,26,front_left_paw,957.07,856.0,1137.07,1012.0,0.6307,True,True
sample_0251,SideViewCows2026,resnet_50,27,front_right_thai,1020.25,487.38,1200.25,643.38,0.9914,True,True
sample_0251,SideViewCows2026,resnet_50,28,front_right_knee,966.28,755.31,1146.28,911.31,0.8916,True,True
sample_0251,SideViewCows2026,resnet_50,29,front_right_paw,976.29,897.91,1156.29,1053.91,0.9629,True,True
sample_0251,SideViewCows2026,resnet_50,30,back_left_paw,333.42,892.53,513.42,1048.53,0.4582,True,True
sample_0251,SideViewCows2026,resnet_50,31,back_left_thai,441.84,585.75,621.84,741.75,0.7019,True,True
sample_0251,SideViewCows2026,resnet_50,32,back_right_thai,360.39,544.02,540.39,700.02,0.4844,True,True
sample_0251,SideViewCows2026,resnet_50,33,back_left_knee,310.01,716.23,490.01,872.23,0.5625,True,True
sample_0251,SideViewCows2026,resnet_50,34,back_right_knee,285.43,774.11,465.43,930.11,0.7898,True,True
sample_0251,SideViewCows2026,resnet_50,35,back_right_paw,321.45,894.93,501.45,1050.93,0.9516,True,True
sample_0251,SideViewCows2026,resnet_50,36,belly_bottom,705.65,619.45,885.65,775.45,0.7803,True,True
sample_0251,SideViewCows2026,resnet_50,37,body_middle_right,724.09,346.35,904.09,502.35,0.4999,True,True
sample_0251,SideViewCows2026,resnet_50,38,body_middle_left,739.51,379.04,919.51,535.04,0.4756,True,True
sample_0252,SideViewCows2026,resnet_50,0,nose,1729.45,310.64,1730.45,505.64,0.7009,True,False
sample_0252,SideViewCows2026,resnet_50,1,upper_jaw,1727.34,336.05,1728.34,531.05,0.6427,True,False
sample_0252,SideViewCows2026,resnet_50,2,lower_jaw,1699.14,359.63,1700.14,554.63,0.5882,True,False
sample_0252,SideViewCows2026,resnet_50,3,mouth_end_right,1685.29,343.71,1686.29,538.71,0.6481,True,False
sample_0252,SideViewCows2026,resnet_50,4,mouth_end_left,1700.6,349.82,1701.6,544.82,0.6643,True,False
sample_0252,SideViewCows2026,resnet_50,5,right_eye,1681.48,213.93,1682.48,408.93,0.8998,True,False
sample_0252,SideViewCows2026,resnet_50,6,right_earbase,1576.57,171.48,1577.57,366.48,0.7496,True,False
sample_0252,SideViewCows2026,resnet_50,7,right_earend,1723.98,586.44,1724.98,781.44,0.4251,True,False
sample_0252,SideViewCows2026,resnet_50,8,right_antler_base,1609.34,141.75,1610.34,336.75,0.7591,True,False
sample_0252,SideViewCows2026,resnet_50,9,right_antler_end,1711.94,614.52,1712.94,809.52,0.4502,True,False
sample_0252,SideViewCows2026,resnet_50,10,left_eye,1704.88,211.25,1705.88,406.25,0.7347,True,False
sample_0252,SideViewCows2026,resnet_50,11,left_earbase,1499.84,90.76,1500.84,285.76,0.4243,True,False
sample_0252,SideViewCows2026,resnet_50,12,left_earend,1455.61,91.52,1456.61,286.52,0.3657,True,False
sample_0252,SideViewCows2026,resnet_50,13,left_antler_base,1582.41,99.38,1583.41,294.38,0.4478,True,False
sample_0252,SideViewCows2026,resnet_50,14,left_antler_end,1631.44,97.02,1632.44,292.02,0.3416,True,False
sample_0252,SideViewCows2026,resnet_50,15,neck_base,1437.47,112.08,1438.47,307.08,0.7649,True,True
sample_0252,SideViewCows2026,resnet_50,16,neck_end,1329.56,32.05,1330.56,227.05,0.9443,True,True
sample_0252,SideViewCows2026,resnet_50,17,throat_base,1461.51,369.64,1462.51,564.64,0.6872,True,True
sample_0252,SideViewCows2026,resnet_50,18,throat_end,1413.22,422.19,1414.22,617.19,0.7268,True,True
sample_0252,SideViewCows2026,resnet_50,19,back_base,1282.27,28.55,1283.27,223.55,0.7955,True,True
sample_0252,SideViewCows2026,resnet_50,20,back_end,369.99,82.02,370.99,277.02,0.5651,True,True
sample_0252,SideViewCows2026,resnet_50,21,back_middle,792.87,61.81,793.87,256.81,0.7162,True,True
sample_0252,SideViewCows2026,resnet_50,22,tail_base,375.13,89.94,376.13,284.94,0.3685,True,True
sample_0252,SideViewCows2026,resnet_50,23,tail_end,1365.63,501.39,1366.63,696.39,0.0675,False,True
sample_0252,SideViewCows2026,resnet_50,24,front_left_thai,1224.48,535.08,1225.48,730.08,0.5073,True,True
sample_0252,SideViewCows2026,resnet_50,25,front_left_knee,1122.58,718.51,1123.58,913.51,0.5967,True,False
sample_0252,SideViewCows2026,resnet_50,26,front_left_paw,1194.02,853.83,1195.02,1048.83,0.5325,True,False
sample_0252,SideViewCows2026,resnet_50,27,front_right_thai,1341.45,484.62,1342.45,679.62,0.7876,True,True
sample_0252,SideViewCows2026,resnet_50,28,front_right_knee,1234.91,718.13,1235.91,913.13,0.5064,True,False
sample_0252,SideViewCows2026,resnet_50,29,front_right_paw,1224.36,853.68,1225.36,1048.68,0.9131,True,False
sample_0252,SideViewCows2026,resnet_50,30,back_left_paw,646.39,872.57,647.39,1067.57,0.4262,True,False
sample_0252,SideViewCows2026,resnet_50,31,back_left_thai,600.12,739.38,601.12,934.38,0.6968,True,True
sample_0252,SideViewCows2026,resnet_50,32,back_right_thai,407.44,740.9,408.44,935.9,0.6547,True,True
sample_0252,SideViewCows2026,resnet_50,33,back_left_knee,563.84,885.63,564.84,1080.63,0.7346,True,False
sample_0252,SideViewCows2026,resnet_50,34,back_right_knee,360.4,869.93,361.4,1064.93,0.578,True,True
sample_0252,SideViewCows2026,resnet_50,35,back_right_paw,475.36,912.84,476.36,1107.84,0.1633,False,False
sample_0252,SideViewCows2026,resnet_50,36,belly_bottom,927.34,764.95,928.34,959.95,0.6902,True,True
sample_0252,SideViewCows2026,resnet_50,37,body_middle_right,889.39,478.04,890.39,673.04,0.4112,True,True
sample_0252,SideViewCows2026,resnet_50,38,body_middle_left,938.8,443.86,939.8,638.86,0.5352,True,True
sample_0253,SideViewCows2026,resnet_50,0,nose,1472.87,840.86,1472.87,841.86,1.0,True,True
sample_0253,SideViewCows2026,resnet_50,1,upper_jaw,1451.14,874.76,1451.14,875.76,0.8917,True,True
sample_0253,SideViewCows2026,resnet_50,2,lower_jaw,1426.95,876.33,1426.95,877.33,0.7444,True,False
sample_0253,SideViewCows2026,resnet_50,3,mouth_end_right,1394.12,830.03,1394.12,831.03,0.7057,True,True
sample_0253,SideViewCows2026,resnet_50,4,mouth_end_left,1526.61,810.45,1526.61,811.45,0.9819,True,True
sample_0253,SideViewCows2026,resnet_50,5,right_eye,1386.16,522.8,1386.16,523.8,0.9508,True,True
sample_0253,SideViewCows2026,resnet_50,6,right_earbase,1334.56,418.35,1334.56,419.35,0.8925,True,True
sample_0253,SideViewCows2026,resnet_50,7,right_earend,1232.88,393.36,1232.88,394.36,0.7672,True,True
sample_0253,SideViewCows2026,resnet_50,8,right_antler_base,1393.06,364.39,1393.06,365.39,0.5139,True,True
sample_0253,SideViewCows2026,resnet_50,9,right_antler_end,1239.47,371.68,1239.47,372.68,0.2338,True,True
sample_0253,SideViewCows2026,resnet_50,10,left_eye,1587.15,531.74,1587.15,532.74,0.9288,True,True
sample_0253,SideViewCows2026,resnet_50,11,left_earbase,1623.66,437.1,1623.66,438.1,0.9565,True,True
sample_0253,SideViewCows2026,resnet_50,12,left_earend,1792.4,483.25,1792.4,484.25,0.9525,True,True
sample_0253,SideViewCows2026,resnet_50,13,left_antler_base,1613.5,382.13,1613.5,383.13,0.7348,True,False
sample_0253,SideViewCows2026,resnet_50,14,left_antler_end,1776.93,475.86,1776.93,476.86,0.3236,True,True
sample_0253,SideViewCows2026,resnet_50,15,neck_base,1399.88,298.11,1399.88,299.11,0.4441,True,True
sample_0253,SideViewCows2026,resnet_50,16,neck_end,1269.69,121.87,1269.69,122.87,0.8469,True,True
sample_0253,SideViewCows2026,resnet_50,17,throat_base,1302.27,605.67,1302.27,606.67,0.6407,True,False
sample_0253,SideViewCows2026,resnet_50,18,throat_end,1191.12,635.43,1191.12,636.43,0.8634,True,True
sample_0253,SideViewCows2026,resnet_50,19,back_base,1224.58,91.36,1224.58,92.36,0.82,True,True
sample_0253,SideViewCows2026,resnet_50,20,back_end,358.28,71.99,358.28,72.99,0.1214,False,True
sample_0253,SideViewCows2026,resnet_50,21,back_middle,773.61,59.35,773.61,60.35,0.8839,True,True
sample_0253,SideViewCows2026,resnet_50,22,tail_base,351.67,86.25,351.67,87.25,0.0805,False,True
sample_0253,SideViewCows2026,resnet_50,23,tail_end,1187.08,390.25,1187.08,391.25,0.07,False,True
sample_0253,SideViewCows2026,resnet_50,24,front_left_thai,1137.63,629.06,1137.63,630.06,0.6999,True,True
sample_0253,SideViewCows2026,resnet_50,25,front_left_knee,1127.18,830.47,1127.18,831.47,0.3861,True,False
sample_0253,SideViewCows2026,resnet_50,26,front_left_paw,1123.07,1025.58,1123.07,1026.58,0.8848,True,True
sample_0253,SideViewCows2026,resnet_50,27,front_right_thai,1051.3,631.73,1051.3,632.73,0.9829,True,True
sample_0253,SideViewCows2026,resnet_50,28,front_right_knee,1061.56,881.39,1061.56,882.39,0.8014,True,True
sample_0253,SideViewCows2026,resnet_50,29,front_right_paw,1114.28,1051.95,1114.28,1052.95,0.864,True,True
sample_0253,SideViewCows2026,resnet_50,30,back_left_paw,389.57,742.97,389.57,743.97,0.2155,True,False
sample_0253,SideViewCows2026,resnet_50,31,back_left_thai,401.35,638.01,401.35,639.01,1.0,True,True
sample_0253,SideViewCows2026,resnet_50,32,back_right_thai,366.29,621.72,366.29,622.72,0.7183,True,True
sample_0253,SideViewCows2026,resnet_50,33,back_left_knee,409.7,697.22,409.7,698.22,0.4914,True,True
sample_0253,SideViewCows2026,resnet_50,34,back_right_knee,389.72,679.93,389.72,680.93,0.328,True,True
sample_0253,SideViewCows2026,resnet_50,35,back_right_paw,452.97,704.44,452.97,705.44,0.3228,True,True
sample_0253,SideViewCows2026,resnet_50,36,belly_bottom,682.76,663.59,682.76,664.59,0.8241,True,True
sample_0253,SideViewCows2026,resnet_50,37,body_middle_right,670.47,404.71,670.47,405.71,0.6749,True,True
sample_0253,SideViewCows2026,resnet_50,38,body_middle_left,730.77,388.03,730.77,389.03,0.9031,True,True
sample_0254,SideViewCows2026,resnet_50,0,nose,1413.31,319.22,1551.31,404.22,0.1054,False,True
sample_0254,SideViewCows2026,resnet_50,1,upper_jaw,1363.1,372.8,1501.1,457.8,0.0797,False,True
sample_0254,SideViewCows2026,resnet_50,2,lower_jaw,1355.96,380.06,1493.96,465.06,0.1404,False,True
sample_0254,SideViewCows2026,resnet_50,3,mouth_end_right,1392.65,415.48,1530.65,500.48,0.0698,False,False
sample_0254,SideViewCows2026,resnet_50,4,mouth_end_left,1327.86,355.89,1465.86,440.89,0.063,False,True
sample_0254,SideViewCows2026,resnet_50,5,right_eye,1360.47,258.37,1498.47,343.37,0.0576,False,True
sample_0254,SideViewCows2026,resnet_50,6,right_earbase,1355.14,163.93,1493.14,248.93,0.1486,False,True
sample_0254,SideViewCows2026,resnet_50,7,right_earend,1407.99,147.43,1545.99,232.43,0.1055,False,True
sample_0254,SideViewCows2026,resnet_50,8,right_antler_base,1354.13,158.78,1492.13,243.78,0.1854,False,True
sample_0254,SideViewCows2026,resnet_50,9,right_antler_end,133.71,789.47,271.71,874.47,0.1107,False,True
sample_0254,SideViewCows2026,resnet_50,10,left_eye,1333.61,224.79,1471.61,309.79,0.045,False,True
sample_0254,SideViewCows2026,resnet_50,11,left_earbase,1340.97,156.36,1478.97,241.36,0.0769,False,True
sample_0254,SideViewCows2026,resnet_50,12,left_earend,1377.52,315.33,1515.52,400.33,0.1164,False,True
sample_0254,SideViewCows2026,resnet_50,13,left_antler_base,1359.66,156.6,1497.66,241.6,0.1668,False,True
sample_0254,SideViewCows2026,resnet_50,14,left_antler_end,155.48,784.86,293.48,869.86,0.1199,False,True
sample_0254,SideViewCows2026,resnet_50,15,neck_base,1340.5,230.51,1478.5,315.51,0.2445,True,True
sample_0254,SideViewCows2026,resnet_50,16,neck_end,1324.96,112.44,1462.96,197.44,0.2394,True,True
sample_0254,SideViewCows2026,resnet_50,17,throat_base,1310.98,346.66,1448.98,431.66,0.2345,True,True
sample_0254,SideViewCows2026,resnet_50,18,throat_end,1340.32,374.21,1478.32,459.21,0.497,True,True
sample_0254,SideViewCows2026,resnet_50,19,back_base,1254.9,87.44,1392.9,172.44,0.3132,True,True
sample_0254,SideViewCows2026,resnet_50,20,back_end,161.69,49.4,299.69,134.4,0.5569,True,True
sample_0254,SideViewCows2026,resnet_50,21,back_middle,821.95,49.56,959.95,134.56,0.8485,True,True
sample_0254,SideViewCows2026,resnet_50,22,tail_base,85.45,83.27,223.45,168.27,0.7965,True,True
sample_0254,SideViewCows2026,resnet_50,23,tail_end,143.14,770.15,281.14,855.15,0.7462,True,True
sample_0254,SideViewCows2026,resnet_50,24,front_left_thai,495.49,583.76,633.49,668.76,0.3469,True,True
sample_0254,SideViewCows2026,resnet_50,25,front_left_knee,988.12,663.46,1126.12,748.46,0.7733,True,True
sample_0254,SideViewCows2026,resnet_50,26,front_left_paw,933.5,823.34,1071.5,908.34,0.8493,True,True
sample_0254,SideViewCows2026,resnet_50,27,front_right_thai,1138.28,513.61,1276.28,598.61,0.6434,True,True
sample_0254,SideViewCows2026,resnet_50,28,front_right_knee,1073.39,706.24,1211.39,791.24,0.7501,True,True
sample_0254,SideViewCows2026,resnet_50,29,front_right_paw,1039.49,914.79,1177.49,999.79,0.8299,True,True
sample_0254,SideViewCows2026,resnet_50,30,back_left_paw,143.57,787.8,281.57,872.8,0.5846,True,True
sample_0254,SideViewCows2026,resnet_50,31,back_left_thai,214.31,494.96,352.31,579.96,0.5518,True,True
sample_0254,SideViewCows2026,resnet_50,32,back_right_thai,403.66,517.23,541.66,602.23,0.7319,True,True
sample_0254,SideViewCows2026,resnet_50,33,back_left_knee,311.84,818.13,449.84,903.13,0.6576,True,True
sample_0254,SideViewCows2026,resnet_50,34,back_right_knee,367.4,861.23,505.4,946.23,0.7999,True,True
sample_0254,SideViewCows2026,resnet_50,35,back_right_paw,420.18,987.94,558.18,1072.94,0.8618,True,True
sample_0254,SideViewCows2026,resnet_50,36,belly_bottom,781.58,676.69,919.58,761.69,0.791,True,True
sample_0254,SideViewCows2026,resnet_50,37,body_middle_right,830.7,336.47,968.7,421.47,0.5851,True,True
sample_0254,SideViewCows2026,resnet_50,38,body_middle_left,819.71,341.68,957.71,426.68,0.7691,True,True
sample_0255,SideViewCows2026,resnet_50,0,nose,1240.32,761.25,1240.32,787.25,0.6647,True,True
sample_0255,SideViewCows2026,resnet_50,1,upper_jaw,1237.76,759.0,1237.76,785.0,0.5442,True,True
sample_0255,SideViewCows2026,resnet_50,2,lower_jaw,1214.8,741.04,1214.8,767.04,0.5664,True,True
sample_0255,SideViewCows2026,resnet_50,3,mouth_end_right,1223.89,698.04,1223.89,724.04,0.2893,True,True
sample_0255,SideViewCows2026,resnet_50,4,mouth_end_left,1275.86,708.61,1275.86,734.61,0.4875,True,True
sample_0255,SideViewCows2026,resnet_50,5,right_eye,1330.76,547.15,1330.76,573.15,0.7241,True,True
sample_0255,SideViewCows2026,resnet_50,6,right_earbase,1276.83,426.11,1276.83,452.11,0.3875,True,True
sample_0255,SideViewCows2026,resnet_50,7,right_earend,1311.33,385.2,1311.33,411.2,0.5554,True,True
sample_0255,SideViewCows2026,resnet_50,8,right_antler_base,1319.28,449.34,1319.28,475.34,0.5699,True,True
sample_0255,SideViewCows2026,resnet_50,9,right_antler_end,1306.89,345.0,1306.89,371.0,0.2942,True,True
sample_0255,SideViewCows2026,resnet_50,10,left_eye,1407.22,574.93,1407.22,600.93,0.9436,True,True
sample_0255,SideViewCows2026,resnet_50,11,left_earbase,1456.04,454.95,1456.04,480.95,0.2956,True,True
sample_0255,SideViewCows2026,resnet_50,12,left_earend,1187.23,70.62,1187.23,96.62,0.1392,False,True
sample_0255,SideViewCows2026,resnet_50,13,left_antler_base,1437.0,456.27,1437.0,482.27,0.493,True,True
sample_0255,SideViewCows2026,resnet_50,14,left_antler_end,1390.61,279.27,1390.61,305.27,0.1843,False,False
sample_0255,SideViewCows2026,resnet_50,15,neck_base,1181.65,100.66,1181.65,126.66,0.414,True,True
sample_0255,SideViewCows2026,resnet_50,16,neck_end,1161.09,63.16,1161.09,89.16,0.3577,True,True
sample_0255,SideViewCows2026,resnet_50,17,throat_base,1069.53,415.59,1069.53,441.59,0.6937,True,True
sample_0255,SideViewCows2026,resnet_50,18,throat_end,1074.39,496.07,1074.39,522.07,0.5387,True,True
sample_0255,SideViewCows2026,resnet_50,19,back_base,1103.89,41.66,1103.89,67.66,0.4365,True,True
sample_0255,SideViewCows2026,resnet_50,20,back_end,88.69,73.91,88.69,99.91,0.5793,True,True
sample_0255,SideViewCows2026,resnet_50,21,back_middle,665.47,55.5,665.47,81.5,0.7884,True,True
sample_0255,SideViewCows2026,resnet_50,22,tail_base,65.69,95.57,65.69,121.57,0.5538,True,True
sample_0255,SideViewCows2026,resnet_50,23,tail_end,260.7,62.81,260.7,88.81,0.1276,False,True
sample_0255,SideViewCows2026,resnet_50,24,front_left_thai,966.31,518.13,966.31,544.13,0.4061,True,True
sample_0255,SideViewCows2026,resnet_50,25,front_left_knee,996.24,686.66,996.24,712.66,0.7874,True,False
sample_0255,SideViewCows2026,resnet_50,26,front_left_paw,988.83,845.32,988.83,871.32,0.527,True,True
sample_0255,SideViewCows2026,resnet_50,27,front_right_thai,1051.5,436.33,1051.5,462.33,0.6096,True,True
sample_0255,SideViewCows2026,resnet_50,28,front_right_knee,1038.11,647.79,1038.11,673.79,0.7561,True,False
sample_0255,SideViewCows2026,resnet_50,29,front_right_paw,1107.45,866.71,1107.45,892.71,0.8082,True,True
sample_0255,SideViewCows2026,resnet_50,30,back_left_paw,244.72,940.7,244.72,966.7,0.9338,True,True
sample_0255,SideViewCows2026,resnet_50,31,back_left_thai,199.66,593.02,199.66,619.02,0.5811,True,True
sample_0255,SideViewCows2026,resnet_50,32,back_right_thai,246.53,569.36,246.53,595.36,0.7643,True,True
sample_0255,SideViewCows2026,resnet_50,33,back_left_knee,209.75,804.24,209.75,830.24,0.7576,True,True
sample_0255,SideViewCows2026,resnet_50,34,back_right_knee,160.15,785.83,160.15,811.83,0.7411,True,True
sample_0255,SideViewCows2026,resnet_50,35,back_right_paw,217.68,1018.78,217.68,1044.78,0.8049,True,True
sample_0255,SideViewCows2026,resnet_50,36,belly_bottom,715.58,628.32,715.58,654.32,0.745,True,True
sample_0255,SideViewCows2026,resnet_50,37,body_middle_right,701.64,363.75,701.64,389.75,0.667,True,True
sample_0255,SideViewCows2026,resnet_50,38,body_middle_left,734.18,366.16,734.18,392.16,0.8061,True,True
sample_0256,SideViewCows2026,resnet_50,0,nose,1727.18,522.61,1728.18,568.61,0.8532,True,True
sample_0256,SideViewCows2026,resnet_50,1,upper_jaw,1709.17,559.88,1710.17,605.88,0.9061,True,False
sample_0256,SideViewCows2026,resnet_50,2,lower_jaw,1672.72,568.58,1673.72,614.58,0.723,True,False
sample_0256,SideViewCows2026,resnet_50,3,mouth_end_right,1629.08,513.78,1630.08,559.78,0.6383,True,True
sample_0256,SideViewCows2026,resnet_50,4,mouth_end_left,1758.06,499.09,1759.06,545.09,0.7252,True,True
sample_0256,SideViewCows2026,resnet_50,5,right_eye,1594.67,227.13,1595.67,273.13,0.9658,True,True
sample_0256,SideViewCows2026,resnet_50,6,right_earbase,1545.84,144.07,1546.84,190.07,0.8116,True,True
sample_0256,SideViewCows2026,resnet_50,7,right_earend,1454.75,165.93,1455.75,211.93,0.5574,True,True
sample_0256,SideViewCows2026,resnet_50,8,right_antler_base,1598.09,74.37,1599.09,120.37,0.5582,True,True
sample_0256,SideViewCows2026,resnet_50,9,right_antler_end,1609.79,32.67,1610.79,78.67,0.2361,True,False
sample_0256,SideViewCows2026,resnet_50,10,left_eye,1800.44,258.27,1801.44,304.27,0.8365,True,True
sample_0256,SideViewCows2026,resnet_50,11,left_earbase,1818.89,120.33,1819.89,166.33,0.9593,True,True
sample_0256,SideViewCows2026,resnet_50,12,left_earend,1911.51,146.82,1912.51,192.82,0.6332,True,True
sample_0256,SideViewCows2026,resnet_50,13,left_antler_base,1791.81,83.93,1792.81,129.93,0.7797,True,True
sample_0256,SideViewCows2026,resnet_50,14,left_antler_end,1896.95,75.48,1897.95,121.48,0.6157,True,False
sample_0256,SideViewCows2026,resnet_50,15,neck_base,1523.12,74.11,1524.12,120.11,0.6551,True,True
sample_0256,SideViewCows2026,resnet_50,16,neck_end,1360.89,40.11,1361.89,86.11,0.7637,True,True
sample_0256,SideViewCows2026,resnet_50,17,throat_base,1515.87,494.58,1516.87,540.58,0.9296,True,False
sample_0256,SideViewCows2026,resnet_50,18,throat_end,1452.14,555.48,1453.14,601.48,0.8995,True,True
sample_0256,SideViewCows2026,resnet_50,19,back_base,1308.58,34.28,1309.58,80.28,0.7239,True,True
sample_0256,SideViewCows2026,resnet_50,20,back_end,453.71,86.93,454.71,132.93,0.352,True,True
sample_0256,SideViewCows2026,resnet_50,21,back_middle,883.17,53.03,884.17,99.03,0.9711,True,True
sample_0256,SideViewCows2026,resnet_50,22,tail_base,456.39,77.52,457.39,123.52,0.2493,True,True
sample_0256,SideViewCows2026,resnet_50,23,tail_end,531.37,1010.38,532.37,1056.38,0.1011,False,True
sample_0256,SideViewCows2026,resnet_50,24,front_left_thai,1178.84,576.16,1179.84,622.16,0.5643,True,True
sample_0256,SideViewCows2026,resnet_50,25,front_left_knee,1171.65,754.45,1172.65,800.45,0.8262,True,True
sample_0256,SideViewCows2026,resnet_50,26,front_left_paw,1201.14,937.42,1202.14,983.42,0.7959,True,True
sample_0256,SideViewCows2026,resnet_50,27,front_right_thai,1299.48,522.5,1300.48,568.5,0.92,True,True
sample_0256,SideViewCows2026,resnet_50,28,front_right_knee,1365.9,801.78,1366.9,847.78,0.5941,True,True
sample_0256,SideViewCows2026,resnet_50,29,front_right_paw,1386.96,1009.16,1387.96,1055.16,0.833,True,True
sample_0256,SideViewCows2026,resnet_50,30,back_left_paw,564.97,1021.65,565.97,1067.65,0.6052,True,True
sample_0256,SideViewCows2026,resnet_50,31,back_left_thai,529.4,824.11,530.4,870.11,0.7261,True,True
sample_0256,SideViewCows2026,resnet_50,32,back_right_thai,460.05,752.88,461.05,798.88,0.8364,True,True
sample_0256,SideViewCows2026,resnet_50,33,back_left_knee,495.45,916.85,496.45,962.85,0.7845,True,True
sample_0256,SideViewCows2026,resnet_50,34,back_right_knee,429.16,915.09,430.16,961.09,0.5158,True,True
sample_0256,SideViewCows2026,resnet_50,35,back_right_paw,553.84,1021.21,554.84,1067.21,0.6123,True,True
sample_0256,SideViewCows2026,resnet_50,36,belly_bottom,858.02,808.35,859.02,854.35,0.5676,True,True
sample_0256,SideViewCows2026,resnet_50,37,body_middle_right,851.18,492.47,852.18,538.47,0.6246,True,True
sample_0256,SideViewCows2026,resnet_50,38,body_middle_left,890.8,458.49,891.8,504.49,0.7255,True,True
sample_0257,SideViewCows2026,resnet_50,0,nose,1111.49,876.43,1332.49,917.43,0.5812,True,False
sample_0257,SideViewCows2026,resnet_50,1,upper_jaw,1116.36,903.93,1337.36,944.93,0.4622,True,False
sample_0257,SideViewCows2026,resnet_50,2,lower_jaw,1072.18,893.31,1293.18,934.31,0.4646,True,True
sample_0257,SideViewCows2026,resnet_50,3,mouth_end_right,1075.31,864.61,1296.31,905.61,0.5403,True,True
sample_0257,SideViewCows2026,resnet_50,4,mouth_end_left,1148.5,837.24,1369.5,878.24,0.5053,True,True
sample_0257,SideViewCows2026,resnet_50,5,right_eye,1130.05,672.34,1351.05,713.34,0.3829,True,True
sample_0257,SideViewCows2026,resnet_50,6,right_earbase,1183.08,485.32,1404.08,526.32,0.5121,True,True
sample_0257,SideViewCows2026,resnet_50,7,right_earend,1351.88,492.69,1572.88,533.69,0.4416,True,True
sample_0257,SideViewCows2026,resnet_50,8,right_antler_base,1256.67,429.15,1477.67,470.15,0.2399,True,True
sample_0257,SideViewCows2026,resnet_50,9,right_antler_end,1208.46,287.16,1429.46,328.16,0.1183,False,False
sample_0257,SideViewCows2026,resnet_50,10,left_eye,1151.41,683.46,1372.41,724.46,0.4004,True,True
sample_0257,SideViewCows2026,resnet_50,11,left_earbase,1285.29,412.08,1506.29,453.08,0.3608,True,True
sample_0257,SideViewCows2026,resnet_50,12,left_earend,1407.0,481.58,1628.0,522.58,0.3286,True,True
sample_0257,SideViewCows2026,resnet_50,13,left_antler_base,1297.35,370.06,1518.35,411.06,0.3492,True,False
sample_0257,SideViewCows2026,resnet_50,14,left_antler_end,1384.5,432.21,1605.5,473.21,0.2857,True,True
sample_0257,SideViewCows2026,resnet_50,15,neck_base,967.65,460.97,1188.65,501.97,0.4965,True,False
sample_0257,SideViewCows2026,resnet_50,16,neck_end,1006.73,138.35,1227.73,179.35,0.4647,True,True
sample_0257,SideViewCows2026,resnet_50,17,throat_base,908.31,728.49,1129.31,769.49,0.3843,True,True
sample_0257,SideViewCows2026,resnet_50,18,throat_end,819.44,733.65,1040.44,774.65,0.4058,True,True
sample_0257,SideViewCows2026,resnet_50,19,back_base,953.18,102.92,1174.18,143.92,0.5139,True,True
sample_0257,SideViewCows2026,resnet_50,20,back_end,177.21,56.32,398.21,97.32,0.7523,True,True
sample_0257,SideViewCows2026,resnet_50,21,back_middle,560.59,56.42,781.59,97.42,0.8853,True,True
sample_0257,SideViewCows2026,resnet_50,22,tail_base,114.46,90.01,335.46,131.01,0.9119,True,True
sample_0257,SideViewCows2026,resnet_50,23,tail_end,314.54,798.35,535.54,839.35,0.3836,True,False
sample_0257,SideViewCows2026,resnet_50,24,front_left_thai,906.72,712.05,1127.72,753.05,0.6148,True,True
sample_0257,SideViewCows2026,resnet_50,25,front_left_knee,941.81,890.18,1162.81,931.18,0.8037,True,True
sample_0257,SideViewCows2026,resnet_50,26,front_left_paw,926.39,1019.07,1147.39,1060.07,0.8772,True,True
sample_0257,SideViewCows2026,resnet_50,27,front_right_thai,665.44,667.08,886.44,708.08,0.7574,True,True
sample_0257,SideViewCows2026,resnet_50,28,front_right_knee,664.63,892.13,885.63,933.13,0.7693,True,True
sample_0257,SideViewCows2026,resnet_50,29,front_right_paw,696.27,1002.89,917.27,1043.89,0.8009,True,True
sample_0257,SideViewCows2026,resnet_50,30,back_left_paw,336.19,848.09,557.19,889.09,0.7819,True,False
sample_0257,SideViewCows2026,resnet_50,31,back_left_thai,231.14,486.98,452.14,527.98,0.5638,True,True
sample_0257,SideViewCows2026,resnet_50,32,back_right_thai,128.39,401.7,349.39,442.7,1.0,True,True
sample_0257,SideViewCows2026,resnet_50,33,back_left_knee,249.81,649.5,470.81,690.5,0.6633,True,False
sample_0257,SideViewCows2026,resnet_50,34,back_right_knee,173.19,678.14,394.19,719.14,0.9696,True,True
sample_0257,SideViewCows2026,resnet_50,35,back_right_paw,201.22,945.92,422.22,986.92,1.0,True,True
sample_0257,SideViewCows2026,resnet_50,36,belly_bottom,413.69,693.45,634.69,734.45,0.6431,True,True
sample_0257,SideViewCows2026,resnet_50,37,body_middle_right,435.57,405.28,656.57,446.28,0.8513,True,True
sample_0257,SideViewCows2026,resnet_50,38,body_middle_left,407.51,413.9,628.51,454.9,0.658,True,True
sample_0258,SideViewCows2026,resnet_50,0,nose,54.53,312.47,212.53,459.47,0.183,False,False
sample_0258,SideViewCows2026,resnet_50,1,upper_jaw,55.77,297.7,213.77,444.7,0.1687,False,False
sample_0258,SideViewCows2026,resnet_50,2,lower_jaw,80.03,302.08,238.03,449.08,0.1534,False,False
sample_0258,SideViewCows2026,resnet_50,3,mouth_end_right,83.4,300.74,241.4,447.74,0.2847,True,True
sample_0258,SideViewCows2026,resnet_50,4,mouth_end_left,82.44,277.36,240.44,424.36,0.2809,True,True
sample_0258,SideViewCows2026,resnet_50,5,right_eye,48.07,138.8,206.07,285.8,0.2626,True,True
sample_0258,SideViewCows2026,resnet_50,6,right_earbase,66.1,64.79,224.1,211.79,0.3261,True,True
sample_0258,SideViewCows2026,resnet_50,7,right_earend,1225.49,79.96,1383.49,226.96,0.1606,False,True
sample_0258,SideViewCows2026,resnet_50,8,right_antler_base,81.86,58.18,239.86,205.18,0.3691,True,True
sample_0258,SideViewCows2026,resnet_50,9,right_antler_end,20.44,57.62,178.44,204.62,0.243,True,True
sample_0258,SideViewCows2026,resnet_50,10,left_eye,48.41,177.83,206.41,324.83,0.3811,True,True
sample_0258,SideViewCows2026,resnet_50,11,left_earbase,37.67,95.53,195.67,242.53,0.3827,True,True
sample_0258,SideViewCows2026,resnet_50,12,left_earend,22.17,72.64,180.17,219.64,0.321,True,True
sample_0258,SideViewCows2026,resnet_50,13,left_antler_base,39.06,65.07,197.06,212.07,0.3301,True,True
sample_0258,SideViewCows2026,resnet_50,14,left_antler_end,15.43,64.54,173.43,211.54,0.3144,True,True
sample_0258,SideViewCows2026,resnet_50,15,neck_base,1127.77,207.45,1285.77,354.45,0.4972,True,True
sample_0258,SideViewCows2026,resnet_50,16,neck_end,1146.78,61.72,1304.78,208.72,0.589,True,False
sample_0258,SideViewCows2026,resnet_50,17,throat_base,83.24,286.74,241.24,433.74,0.3551,True,True
sample_0258,SideViewCows2026,resnet_50,18,throat_end,1120.51,396.87,1278.51,543.87,0.6668,True,True
sample_0258,SideViewCows2026,resnet_50,19,back_base,1082.33,48.24,1240.33,195.24,0.593,True,True
sample_0258,SideViewCows2026,resnet_50,20,back_end,1081.49,48.6,1239.49,195.6,0.3117,True,True
sample_0258,SideViewCows2026,resnet_50,21,back_middle,543.82,38.84,701.82,185.84,0.7713,True,True
sample_0258,SideViewCows2026,resnet_50,22,tail_base,1108.02,71.32,1266.02,218.32,0.1923,False,True
sample_0258,SideViewCows2026,resnet_50,23,tail_end,115.75,605.47,273.75,752.47,0.1207,False,True
sample_0258,SideViewCows2026,resnet_50,24,front_left_thai,910.24,497.28,1068.24,644.28,0.6822,True,True
sample_0258,SideViewCows2026,resnet_50,25,front_left_knee,903.09,641.09,1061.09,788.09,0.6739,True,True
sample_0258,SideViewCows2026,resnet_50,26,front_left_paw,900.66,761.26,1058.66,908.26,0.7655,True,False
sample_0258,SideViewCows2026,resnet_50,27,front_right_thai,899.26,474.69,1057.26,621.69,0.9087,True,True
sample_0258,SideViewCows2026,resnet_50,28,front_right_knee,872.51,673.32,1030.51,820.32,0.9134,True,True
sample_0258,SideViewCows2026,resnet_50,29,front_right_paw,876.86,818.64,1034.86,965.64,0.9551,True,True
sample_0258,SideViewCows2026,resnet_50,30,back_left_paw,325.26,767.0,483.26,914.0,0.7434,True,True
sample_0258,SideViewCows2026,resnet_50,31,back_left_thai,298.59,462.89,456.59,609.89,0.549,True,True
sample_0258,SideViewCows2026,resnet_50,32,back_right_thai,204.68,406.52,362.68,553.52,0.7525,True,True
sample_0258,SideViewCows2026,resnet_50,33,back_left_knee,238.9,636.59,396.9,783.59,0.9288,True,True
sample_0258,SideViewCows2026,resnet_50,34,back_right_knee,146.71,643.16,304.71,790.16,0.9239,True,True
sample_0258,SideViewCows2026,resnet_50,35,back_right_paw,225.26,867.02,383.26,1014.02,0.767,True,True
sample_0258,SideViewCows2026,resnet_50,36,belly_bottom,559.86,592.22,717.86,739.22,0.5304,True,False
sample_0258,SideViewCows2026,resnet_50,37,body_middle_right,576.91,358.96,734.91,505.96,0.5252,True,True
sample_0258,SideViewCows2026,resnet_50,38,body_middle_left,587.0,325.16,745.0,472.16,0.5975,True,True
sample_0259,SideViewCows2026,resnet_50,0,nose,1865.4,617.64,1865.4,695.64,0.937,True,True
sample_0259,SideViewCows2026,resnet_50,1,upper_jaw,1846.82,655.53,1846.82,733.53,0.8943,True,False
sample_0259,SideViewCows2026,resnet_50,2,lower_jaw,1798.57,669.77,1798.57,747.77,0.9211,True,False
sample_0259,SideViewCows2026,resnet_50,3,mouth_end_right,1775.45,602.11,1775.45,680.11,0.7433,True,True
sample_0259,SideViewCows2026,resnet_50,4,mouth_end_left,1875.15,587.34,1875.15,665.34,0.6286,True,True
sample_0259,SideViewCows2026,resnet_50,5,right_eye,1757.5,281.07,1757.5,359.07,0.7638,True,True
sample_0259,SideViewCows2026,resnet_50,6,right_earbase,1685.45,199.32,1685.45,277.32,0.9523,True,True
sample_0259,SideViewCows2026,resnet_50,7,right_earend,1589.27,160.49,1589.27,238.49,0.8557,True,True
sample_0259,SideViewCows2026,resnet_50,8,right_antler_base,1753.92,137.53,1753.92,215.53,0.634,True,True
sample_0259,SideViewCows2026,resnet_50,9,right_antler_end,1871.94,33.93,1871.94,111.93,0.2714,True,False
sample_0259,SideViewCows2026,resnet_50,10,left_eye,1910.12,281.82,1910.12,359.82,0.5902,True,True
sample_0259,SideViewCows2026,resnet_50,11,left_earbase,1869.49,104.93,1869.49,182.93,0.6798,True,True
sample_0259,SideViewCows2026,resnet_50,12,left_earend,1875.07,30.82,1875.07,108.82,0.7945,True,False
sample_0259,SideViewCows2026,resnet_50,13,left_antler_base,1875.01,118.1,1875.01,196.1,0.7502,True,True
sample_0259,SideViewCows2026,resnet_50,14,left_antler_end,1914.84,38.63,1914.84,116.63,0.6931,True,False
sample_0259,SideViewCows2026,resnet_50,15,neck_base,1644.65,94.51,1644.65,172.51,0.6104,True,True
sample_0259,SideViewCows2026,resnet_50,16,neck_end,1513.68,54.37,1513.68,132.37,0.7701,True,True
sample_0259,SideViewCows2026,resnet_50,17,throat_base,1658.88,529.19,1658.88,607.19,0.5242,True,True
sample_0259,SideViewCows2026,resnet_50,18,throat_end,1528.31,638.54,1528.31,716.54,0.6158,True,True
sample_0259,SideViewCows2026,resnet_50,19,back_base,1478.9,45.01,1478.9,123.01,0.7045,True,True
sample_0259,SideViewCows2026,resnet_50,20,back_end,739.35,53.03,739.35,131.03,0.4352,True,True
sample_0259,SideViewCows2026,resnet_50,21,back_middle,1036.67,41.98,1036.67,119.98,0.5169,True,True
sample_0259,SideViewCows2026,resnet_50,22,tail_base,739.97,52.63,739.97,130.63,0.2977,True,True
sample_0259,SideViewCows2026,resnet_50,23,tail_end,1887.34,48.41,1887.34,126.41,0.2818,True,True
sample_0259,SideViewCows2026,resnet_50,24,front_left_thai,1272.17,705.1,1272.17,783.1,0.2468,True,True
sample_0259,SideViewCows2026,resnet_50,25,front_left_knee,1305.14,805.54,1305.14,883.54,0.9247,True,True
sample_0259,SideViewCows2026,resnet_50,26,front_left_paw,1303.16,963.77,1303.16,1041.77,0.7841,True,True
sample_0259,SideViewCows2026,resnet_50,27,front_right_thai,1408.69,549.82,1408.69,627.82,0.6224,True,True
sample_0259,SideViewCows2026,resnet_50,28,front_right_knee,1474.61,894.29,1474.61,972.29,0.555,True,True
sample_0259,SideViewCows2026,resnet_50,29,front_right_paw,1492.46,985.65,1492.46,1063.65,0.854,True,True
sample_0259,SideViewCows2026,resnet_50,30,back_left_paw,1297.56,958.46,1297.56,1036.46,0.1604,False,True
sample_0259,SideViewCows2026,resnet_50,31,back_left_thai,743.59,796.48,743.59,874.48,0.258,True,True
sample_0259,SideViewCows2026,resnet_50,32,back_right_thai,1251.04,682.83,1251.04,760.83,0.155,False,True
sample_0259,SideViewCows2026,resnet_50,33,back_left_knee,770.41,818.21,770.41,896.21,0.202,True,True
sample_0259,SideViewCows2026,resnet_50,34,back_right_knee,1277.8,817.9,1277.8,895.9,0.2009,True,True
sample_0259,SideViewCows2026,resnet_50,35,back_right_paw,771.98,815.64,771.98,893.64,0.1587,False,True
sample_0259,SideViewCows2026,resnet_50,36,belly_bottom,971.62,831.97,971.62,909.97,0.338,True,True
sample_0259,SideViewCows2026,resnet_50,37,body_middle_right,759.07,512.29,759.07,590.29,0.6376,True,True
sample_0259,SideViewCows2026,resnet_50,38,body_middle_left,824.85,517.04,824.85,595.04,0.3579,True,True
sample_0260,SideViewCows2026,resnet_50,0,nose,1422.16,528.97,1462.16,625.97,0.9974,True,True
sample_0260,SideViewCows2026,resnet_50,1,upper_jaw,1403.76,557.87,1443.76,654.87,0.8627,True,True
sample_0260,SideViewCows2026,resnet_50,2,lower_jaw,1370.98,561.97,1410.98,658.97,0.7635,True,False
sample_0260,SideViewCows2026,resnet_50,3,mouth_end_right,1350.24,531.4,1390.24,628.4,0.734,True,True
sample_0260,SideViewCows2026,resnet_50,4,mouth_end_left,1453.98,525.95,1493.98,622.95,0.7186,True,True
sample_0260,SideViewCows2026,resnet_50,5,right_eye,1331.97,324.89,1371.97,421.89,0.8597,True,True
sample_0260,SideViewCows2026,resnet_50,6,right_earbase,1286.38,273.95,1326.38,370.95,0.8224,True,True
sample_0260,SideViewCows2026,resnet_50,7,right_earend,1180.71,236.36,1220.71,333.36,0.8459,True,True
sample_0260,SideViewCows2026,resnet_50,8,right_antler_base,1325.01,201.73,1365.01,298.73,0.7183,True,True
sample_0260,SideViewCows2026,resnet_50,9,right_antler_end,1238.42,183.51,1278.42,280.51,0.3786,True,True
sample_0260,SideViewCows2026,resnet_50,10,left_eye,1488.41,328.03,1528.41,425.03,0.8958,True,True
sample_0260,SideViewCows2026,resnet_50,11,left_earbase,1490.24,243.79,1530.24,340.79,0.6802,True,True
sample_0260,SideViewCows2026,resnet_50,12,left_earend,1544.26,290.04,1584.26,387.04,0.3141,True,True
sample_0260,SideViewCows2026,resnet_50,13,left_antler_base,1476.3,208.44,1516.3,305.44,0.7305,True,False
sample_0260,SideViewCows2026,resnet_50,14,left_antler_end,1523.93,143.52,1563.93,240.52,0.319,True,False
sample_0260,SideViewCows2026,resnet_50,15,neck_base,1312.64,161.15,1352.64,258.15,0.634,True,False
sample_0260,SideViewCows2026,resnet_50,16,neck_end,1194.9,106.59,1234.9,203.59,0.7463,True,True
sample_0260,SideViewCows2026,resnet_50,17,throat_base,1253.69,452.81,1293.69,549.81,0.7614,True,True
sample_0260,SideViewCows2026,resnet_50,18,throat_end,1104.78,520.25,1144.78,617.25,0.5345,True,True
sample_0260,SideViewCows2026,resnet_50,19,back_base,1155.55,88.39,1195.55,185.39,0.809,True,True
sample_0260,SideViewCows2026,resnet_50,20,back_end,326.95,52.76,366.95,149.76,0.7453,True,True
sample_0260,SideViewCows2026,resnet_50,21,back_middle,745.89,52.27,785.89,149.27,0.8848,True,True
sample_0260,SideViewCows2026,resnet_50,22,tail_base,284.02,78.57,324.02,175.57,0.9219,True,True
sample_0260,SideViewCows2026,resnet_50,23,tail_end,331.62,576.97,371.62,673.97,0.2527,True,True
sample_0260,SideViewCows2026,resnet_50,24,front_left_thai,1011.03,487.39,1051.03,584.39,0.632,True,True
sample_0260,SideViewCows2026,resnet_50,25,front_left_knee,977.83,645.76,1017.83,742.76,0.4664,True,True
sample_0260,SideViewCows2026,resnet_50,26,front_left_paw,949.79,801.26,989.79,898.26,0.6139,True,True
sample_0260,SideViewCows2026,resnet_50,27,front_right_thai,971.78,488.67,1011.78,585.67,1.0,True,True
sample_0260,SideViewCows2026,resnet_50,28,front_right_knee,940.96,691.42,980.96,788.42,0.8396,True,True
sample_0260,SideViewCows2026,resnet_50,29,front_right_paw,967.58,887.13,1007.58,984.13,0.8777,True,True
sample_0260,SideViewCows2026,resnet_50,30,back_left_paw,594.15,778.35,634.15,875.35,0.8265,True,True
sample_0260,SideViewCows2026,resnet_50,31,back_left_thai,431.01,421.46,471.01,518.46,0.6745,True,True
sample_0260,SideViewCows2026,resnet_50,32,back_right_thai,417.64,395.55,457.64,492.55,0.8902,True,True
sample_0260,SideViewCows2026,resnet_50,33,back_left_knee,490.21,598.91,530.21,695.91,0.9186,True,True
sample_0260,SideViewCows2026,resnet_50,34,back_right_knee,367.29,656.72,407.29,753.72,0.8934,True,True
sample_0260,SideViewCows2026,resnet_50,35,back_right_paw,389.29,894.16,429.29,991.16,0.8745,True,True
sample_0260,SideViewCows2026,resnet_50,36,belly_bottom,709.7,524.15,749.7,621.15,0.5542,True,True
sample_0260,SideViewCows2026,resnet_50,37,body_middle_right,721.26,321.34,761.26,418.34,0.7238,True,True
sample_0260,SideViewCows2026,resnet_50,38,body_middle_left,728.86,326.01,768.86,423.01,0.4066,True,True
sample_0261,SideViewCows2026,resnet_50,0,nose,1160.26,821.2,1272.26,890.2,0.1483,False,True
sample_0261,SideViewCows2026,resnet_50,1,upper_jaw,1164.83,852.71,1276.83,921.71,0.1217,False,True
sample_0261,SideViewCows2026,resnet_50,2,lower_jaw,1151.26,848.36,1263.26,917.36,0.1523,False,True
sample_0261,SideViewCows2026,resnet_50,3,mouth_end_right,1189.6,805.66,1301.6,874.66,0.1044,False,True
sample_0261,SideViewCows2026,resnet_50,4,mouth_end_left,1136.74,828.61,1248.74,897.61,0.1221,False,False
sample_0261,SideViewCows2026,resnet_50,5,right_eye,51.75,209.38,163.75,278.38,0.0546,False,True
sample_0261,SideViewCows2026,resnet_50,6,right_earbase,55.13,110.87,167.13,179.87,0.0944,False,True
sample_0261,SideViewCows2026,resnet_50,7,right_earend,724.36,117.08,836.36,186.08,0.0972,False,True
sample_0261,SideViewCows2026,resnet_50,8,right_antler_base,85.03,37.49,197.03,106.49,0.0919,False,False
sample_0261,SideViewCows2026,resnet_50,9,right_antler_end,33.2,91.44,145.2,160.44,0.1565,False,False
sample_0261,SideViewCows2026,resnet_50,10,left_eye,45.08,220.0,157.08,289.0,0.0917,False,True
sample_0261,SideViewCows2026,resnet_50,11,left_earbase,31.71,83.68,143.71,152.68,0.1118,False,False
sample_0261,SideViewCows2026,resnet_50,12,left_earend,25.02,84.66,137.02,153.66,0.2281,True,False
sample_0261,SideViewCows2026,resnet_50,13,left_antler_base,55.71,70.3,167.71,139.3,0.1055,False,True
sample_0261,SideViewCows2026,resnet_50,14,left_antler_end,39.45,76.26,151.45,145.26,0.2084,True,False
sample_0261,SideViewCows2026,resnet_50,15,neck_base,110.35,185.68,222.35,254.68,0.2214,True,True
sample_0261,SideViewCows2026,resnet_50,16,neck_end,1181.22,19.33,1293.22,88.33,0.2145,True,False
sample_0261,SideViewCows2026,resnet_50,17,throat_base,1356.48,624.14,1468.48,693.14,0.1955,False,True
sample_0261,SideViewCows2026,resnet_50,18,throat_end,1293.09,633.65,1405.09,702.65,0.3272,True,True
sample_0261,SideViewCows2026,resnet_50,19,back_base,1187.23,43.5,1299.23,112.5,0.4162,True,True
sample_0261,SideViewCows2026,resnet_50,20,back_end,85.03,66.99,197.03,135.99,0.487,True,True
sample_0261,SideViewCows2026,resnet_50,21,back_middle,727.29,47.78,839.29,116.78,0.5734,True,True
sample_0261,SideViewCows2026,resnet_50,22,tail_base,37.75,85.52,149.75,154.52,0.6001,True,False
sample_0261,SideViewCows2026,resnet_50,23,tail_end,798.83,78.93,910.83,147.93,0.2348,True,True
sample_0261,SideViewCows2026,resnet_50,24,front_left_thai,1146.49,656.95,1258.49,725.95,0.3527,True,True
sample_0261,SideViewCows2026,resnet_50,25,front_left_knee,1087.55,733.69,1199.55,802.69,0.5446,True,False
sample_0261,SideViewCows2026,resnet_50,26,front_left_paw,1084.53,836.22,1196.53,905.22,0.5737,True,False
sample_0261,SideViewCows2026,resnet_50,27,front_right_thai,1215.29,677.98,1327.29,746.98,0.3966,True,True
sample_0261,SideViewCows2026,resnet_50,28,front_right_knee,1191.19,830.64,1303.19,899.64,1.0,True,True
sample_0261,SideViewCows2026,resnet_50,29,front_right_paw,1187.9,959.73,1299.9,1028.73,0.7508,True,True
sample_0261,SideViewCows2026,resnet_50,30,back_left_paw,500.04,925.06,612.04,994.06,0.8313,True,True
sample_0261,SideViewCows2026,resnet_50,31,back_left_thai,512.43,659.91,624.43,728.91,0.6486,True,True
sample_0261,SideViewCows2026,resnet_50,32,back_right_thai,333.72,609.75,445.72,678.75,0.7066,True,True
sample_0261,SideViewCows2026,resnet_50,33,back_left_knee,488.01,785.39,600.01,854.39,0.7474,True,True
sample_0261,SideViewCows2026,resnet_50,34,back_right_knee,283.19,917.27,395.19,986.27,0.8033,True,True
sample_0261,SideViewCows2026,resnet_50,35,back_right_paw,331.49,998.28,443.49,1067.28,0.5626,True,True
sample_0261,SideViewCows2026,resnet_50,36,belly_bottom,821.99,738.06,933.99,807.06,0.3534,True,True
sample_0261,SideViewCows2026,resnet_50,37,body_middle_right,745.3,460.72,857.3,529.72,0.4639,True,True
sample_0261,SideViewCows2026,resnet_50,38,body_middle_left,794.89,450.44,906.89,519.44,0.6105,True,True
sample_0262,SideViewCows2026,resnet_50,0,nose,1816.45,332.79,1840.45,350.79,0.9067,True,True
sample_0262,SideViewCows2026,resnet_50,1,upper_jaw,1811.35,369.23,1835.35,387.23,1.0,True,True
sample_0262,SideViewCows2026,resnet_50,2,lower_jaw,1777.64,378.41,1801.64,396.41,0.9038,True,True
sample_0262,SideViewCows2026,resnet_50,3,mouth_end_right,1747.57,347.96,1771.57,365.96,0.8622,True,True
sample_0262,SideViewCows2026,resnet_50,4,mouth_end_left,1787.35,342.21,1811.35,360.21,0.8056,True,True
sample_0262,SideViewCows2026,resnet_50,5,right_eye,1680.35,169.12,1704.35,187.12,0.9268,True,True
sample_0262,SideViewCows2026,resnet_50,6,right_earbase,1580.51,105.73,1604.51,123.73,0.8826,True,True
sample_0262,SideViewCows2026,resnet_50,7,right_earend,1559.39,117.08,1583.39,135.08,0.5826,True,True
sample_0262,SideViewCows2026,resnet_50,8,right_antler_base,1598.57,77.44,1622.57,95.44,0.7583,True,True
sample_0262,SideViewCows2026,resnet_50,9,right_antler_end,1670.27,33.93,1694.27,51.93,0.4015,True,True
sample_0262,SideViewCows2026,resnet_50,10,left_eye,1716.26,162.0,1740.26,180.0,0.9135,True,True
sample_0262,SideViewCows2026,resnet_50,11,left_earbase,1638.24,50.97,1662.24,68.97,0.825,True,True
sample_0262,SideViewCows2026,resnet_50,12,left_earend,1651.5,14.82,1675.5,32.82,0.5838,True,True
sample_0262,SideViewCows2026,resnet_50,13,left_antler_base,1667.23,63.08,1691.23,81.08,0.753,True,True
sample_0262,SideViewCows2026,resnet_50,14,left_antler_end,1694.05,25.69,1718.05,43.69,0.5037,True,False
sample_0262,SideViewCows2026,resnet_50,15,neck_base,1287.45,219.46,1311.45,237.46,0.5177,True,True
sample_0262,SideViewCows2026,resnet_50,16,neck_end,1292.43,97.61,1316.43,115.61,0.5732,True,True
sample_0262,SideViewCows2026,resnet_50,17,throat_base,1480.75,375.89,1504.75,393.89,0.7359,True,False
sample_0262,SideViewCows2026,resnet_50,18,throat_end,1314.16,506.02,1338.16,524.02,0.696,True,True
sample_0262,SideViewCows2026,resnet_50,19,back_base,1259.18,90.0,1283.18,108.0,0.7131,True,True
sample_0262,SideViewCows2026,resnet_50,20,back_end,392.92,73.05,416.92,91.05,0.6126,True,True
sample_0262,SideViewCows2026,resnet_50,21,back_middle,787.05,68.3,811.05,86.3,0.6729,True,False
sample_0262,SideViewCows2026,resnet_50,22,tail_base,384.16,91.8,408.16,109.8,0.5854,True,True
sample_0262,SideViewCows2026,resnet_50,23,tail_end,1786.98,745.97,1810.98,763.97,0.1491,False,False
sample_0262,SideViewCows2026,resnet_50,24,front_left_thai,1133.33,576.2,1157.33,594.2,0.8314,True,True
sample_0262,SideViewCows2026,resnet_50,25,front_left_knee,1097.29,745.41,1121.29,763.41,0.7876,True,True
sample_0262,SideViewCows2026,resnet_50,26,front_left_paw,1128.35,894.38,1152.35,912.38,0.8759,True,False
sample_0262,SideViewCows2026,resnet_50,27,front_right_thai,1091.67,565.29,1115.67,583.29,0.9185,True,True
sample_0262,SideViewCows2026,resnet_50,28,front_right_knee,1038.59,764.2,1062.59,782.2,0.7782,True,True
sample_0262,SideViewCows2026,resnet_50,29,front_right_paw,1045.97,938.61,1069.97,956.61,0.936,True,True
sample_0262,SideViewCows2026,resnet_50,30,back_left_paw,432.96,996.16,456.96,1014.16,0.9863,True,True
sample_0262,SideViewCows2026,resnet_50,31,back_left_thai,453.21,561.48,477.21,579.48,0.9326,True,True
sample_0262,SideViewCows2026,resnet_50,32,back_right_thai,429.89,552.79,453.89,570.79,0.8922,True,True
sample_0262,SideViewCows2026,resnet_50,33,back_left_knee,368.06,714.52,392.06,732.52,0.6838,True,True
sample_0262,SideViewCows2026,resnet_50,34,back_right_knee,367.59,679.54,391.59,697.54,0.3438,True,True
sample_0262,SideViewCows2026,resnet_50,35,back_right_paw,435.92,1009.11,459.92,1027.11,0.8925,True,True
sample_0262,SideViewCows2026,resnet_50,36,belly_bottom,779.54,676.68,803.54,694.68,0.6832,True,True
sample_0262,SideViewCows2026,resnet_50,37,body_middle_right,787.58,428.33,811.58,446.33,0.64,True,True
sample_0262,SideViewCows2026,resnet_50,38,body_middle_left,812.73,428.95,836.73,446.95,0.4419,True,True
sample_0263,SideViewCows2026,resnet_50,0,nose,1705.02,650.09,1705.02,691.09,0.8351,True,True
sample_0263,SideViewCows2026,resnet_50,1,upper_jaw,1677.93,661.93,1677.93,702.93,1.0,True,False
sample_0263,SideViewCows2026,resnet_50,2,lower_jaw,1647.96,659.82,1647.96,700.82,0.9256,True,False
sample_0263,SideViewCows2026,resnet_50,3,mouth_end_right,1651.33,622.55,1651.33,663.55,0.8114,True,True
sample_0263,SideViewCows2026,resnet_50,4,mouth_end_left,1669.76,641.0,1669.76,682.0,0.7141,True,True
sample_0263,SideViewCows2026,resnet_50,5,right_eye,1706.28,535.11,1706.28,576.11,0.7177,True,True
sample_0263,SideViewCows2026,resnet_50,6,right_earbase,1702.65,454.43,1702.65,495.43,0.9491,True,True
sample_0263,SideViewCows2026,resnet_50,7,right_earend,1777.18,419.89,1777.18,460.89,0.8823,True,False
sample_0263,SideViewCows2026,resnet_50,8,right_antler_base,1720.98,457.27,1720.98,498.27,0.8684,True,True
sample_0263,SideViewCows2026,resnet_50,9,right_antler_end,1758.49,392.1,1758.49,433.1,0.4559,True,False
sample_0263,SideViewCows2026,resnet_50,10,left_eye,1703.57,533.56,1703.57,574.56,0.5278,True,True
sample_0263,SideViewCows2026,resnet_50,11,left_earbase,1676.9,369.55,1676.9,410.55,0.6566,True,False
sample_0263,SideViewCows2026,resnet_50,12,left_earend,1628.24,325.99,1628.24,366.99,0.7498,True,False
sample_0263,SideViewCows2026,resnet_50,13,left_antler_base,1655.11,372.06,1655.11,413.06,0.6564,True,False
sample_0263,SideViewCows2026,resnet_50,14,left_antler_end,1708.67,373.44,1708.67,414.44,0.3037,True,False
sample_0263,SideViewCows2026,resnet_50,15,neck_base,1629.54,336.87,1629.54,377.87,0.8292,True,False
sample_0263,SideViewCows2026,resnet_50,16,neck_end,1473.46,134.05,1473.46,175.05,0.5727,True,True
sample_0263,SideViewCows2026,resnet_50,17,throat_base,1527.41,570.59,1527.41,611.59,0.8113,True,True
sample_0263,SideViewCows2026,resnet_50,18,throat_end,1463.37,593.54,1463.37,634.54,0.8156,True,True
sample_0263,SideViewCows2026,resnet_50,19,back_base,1432.28,79.35,1432.28,120.35,0.4523,True,False
sample_0263,SideViewCows2026,resnet_50,20,back_end,539.93,90.92,539.93,131.92,0.4394,True,True
sample_0263,SideViewCows2026,resnet_50,21,back_middle,904.42,66.28,904.42,107.28,0.5962,True,True
sample_0263,SideViewCows2026,resnet_50,22,tail_base,1426.38,67.85,1426.38,108.85,0.3076,True,False
sample_0263,SideViewCows2026,resnet_50,23,tail_end,1448.9,642.01,1448.9,683.01,0.0717,False,True
sample_0263,SideViewCows2026,resnet_50,24,front_left_thai,1171.47,727.26,1171.47,768.26,0.4966,True,True
sample_0263,SideViewCows2026,resnet_50,25,front_left_knee,1115.85,810.49,1115.85,851.49,0.9969,True,False
sample_0263,SideViewCows2026,resnet_50,26,front_left_paw,1098.84,983.53,1098.84,1024.53,0.9713,True,False
sample_0263,SideViewCows2026,resnet_50,27,front_right_thai,1399.48,593.85,1399.48,634.85,0.424,True,True
sample_0263,SideViewCows2026,resnet_50,28,front_right_knee,1107.9,832.1,1107.9,873.1,0.6596,True,False
sample_0263,SideViewCows2026,resnet_50,29,front_right_paw,1413.98,1000.53,1413.98,1041.53,0.8605,True,True
sample_0263,SideViewCows2026,resnet_50,30,back_left_paw,543.29,885.36,543.29,926.36,0.2516,True,False
sample_0263,SideViewCows2026,resnet_50,31,back_left_thai,557.25,821.69,557.25,862.69,0.817,True,True
sample_0263,SideViewCows2026,resnet_50,32,back_right_thai,533.62,781.2,533.62,822.2,0.4967,True,True
sample_0263,SideViewCows2026,resnet_50,33,back_left_knee,552.11,871.26,552.11,912.26,0.5874,True,False
sample_0263,SideViewCows2026,resnet_50,34,back_right_knee,523.82,848.94,523.82,889.94,0.2402,True,True
sample_0263,SideViewCows2026,resnet_50,35,back_right_paw,519.08,877.77,519.08,918.77,0.2452,True,True
sample_0263,SideViewCows2026,resnet_50,36,belly_bottom,841.86,824.04,841.86,865.04,0.5185,True,True
sample_0263,SideViewCows2026,resnet_50,37,body_middle_right,882.01,499.24,882.01,540.24,0.2763,True,True
sample_0263,SideViewCows2026,resnet_50,38,body_middle_left,959.2,410.1,959.2,451.1,0.3503,True,True
sample_0264,SideViewCows2026,resnet_50,0,nose,113.56,436.25,134.56,476.25,0.4375,True,True
sample_0264,SideViewCows2026,resnet_50,1,upper_jaw,129.55,455.46,150.55,495.46,0.279,True,True
sample_0264,SideViewCows2026,resnet_50,2,lower_jaw,100.57,482.43,121.57,522.43,0.3151,True,False
sample_0264,SideViewCows2026,resnet_50,3,mouth_end_right,95.41,446.73,116.41,486.73,0.4423,True,False
sample_0264,SideViewCows2026,resnet_50,4,mouth_end_left,141.04,413.64,162.04,453.64,0.5349,True,True
sample_0264,SideViewCows2026,resnet_50,5,right_eye,86.31,279.71,107.31,319.71,0.7382,True,True
sample_0264,SideViewCows2026,resnet_50,6,right_earbase,163.15,52.2,184.15,92.2,0.6211,True,True
sample_0264,SideViewCows2026,resnet_50,7,right_earend,173.25,38.0,194.25,78.0,0.1623,False,True
sample_0264,SideViewCows2026,resnet_50,8,right_antler_base,148.96,96.26,169.96,136.26,0.6149,True,True
sample_0264,SideViewCows2026,resnet_50,9,right_antler_end,125.13,51.01,146.13,91.01,0.2762,True,True
sample_0264,SideViewCows2026,resnet_50,10,left_eye,57.9,296.16,78.9,336.16,0.8715,True,False
sample_0264,SideViewCows2026,resnet_50,11,left_earbase,115.38,136.34,136.38,176.34,0.7319,True,True
sample_0264,SideViewCows2026,resnet_50,12,left_earend,99.23,105.43,120.23,145.43,0.2913,True,True
sample_0264,SideViewCows2026,resnet_50,13,left_antler_base,54.43,91.43,75.43,131.43,0.6581,True,False
sample_0264,SideViewCows2026,resnet_50,14,left_antler_end,37.55,86.48,58.55,126.48,0.3825,True,False
sample_0264,SideViewCows2026,resnet_50,15,neck_base,201.15,119.36,222.15,159.36,0.6121,True,True
sample_0264,SideViewCows2026,resnet_50,16,neck_end,1566.39,166.45,1587.39,206.45,0.6438,True,True
sample_0264,SideViewCows2026,resnet_50,17,throat_base,132.07,457.58,153.07,497.58,0.4013,True,True
sample_0264,SideViewCows2026,resnet_50,18,throat_end,1523.82,684.01,1544.82,724.01,0.6498,True,True
sample_0264,SideViewCows2026,resnet_50,19,back_base,1543.08,105.56,1564.08,145.56,0.6011,True,True
sample_0264,SideViewCows2026,resnet_50,20,back_end,140.8,306.91,161.8,346.91,0.0566,False,True
sample_0264,SideViewCows2026,resnet_50,21,back_middle,839.41,36.15,860.41,76.15,0.7874,True,True
sample_0264,SideViewCows2026,resnet_50,22,tail_base,254.0,320.76,275.0,360.76,0.0453,False,True
sample_0264,SideViewCows2026,resnet_50,23,tail_end,67.31,760.67,88.31,800.67,0.8485,True,False
sample_0264,SideViewCows2026,resnet_50,24,front_left_thai,1322.89,700.16,1343.89,740.16,0.4724,True,True
sample_0264,SideViewCows2026,resnet_50,25,front_left_knee,1240.14,936.49,1261.14,976.49,0.3354,True,True
sample_0264,SideViewCows2026,resnet_50,26,front_left_paw,1405.37,808.96,1426.37,848.96,0.6029,True,True
sample_0264,SideViewCows2026,resnet_50,27,front_right_thai,1247.75,701.77,1268.75,741.77,0.7537,True,True
sample_0264,SideViewCows2026,resnet_50,28,front_right_knee,1212.75,973.07,1233.75,1013.07,0.7391,True,True
sample_0264,SideViewCows2026,resnet_50,29,front_right_paw,1152.89,1023.52,1173.89,1063.52,0.8697,True,True
sample_0264,SideViewCows2026,resnet_50,30,back_left_paw,404.92,1016.85,425.92,1056.85,1.0,True,True
sample_0264,SideViewCows2026,resnet_50,31,back_left_thai,328.91,655.83,349.91,695.83,0.613,True,True
sample_0264,SideViewCows2026,resnet_50,32,back_right_thai,297.05,631.05,318.05,671.05,0.6446,True,True
sample_0264,SideViewCows2026,resnet_50,33,back_left_knee,337.84,887.74,358.84,927.74,0.9919,True,True
sample_0264,SideViewCows2026,resnet_50,34,back_right_knee,318.61,894.97,339.61,934.97,0.8692,True,True
sample_0264,SideViewCows2026,resnet_50,35,back_right_paw,387.47,1036.79,408.47,1076.79,0.8237,True,False
sample_0264,SideViewCows2026,resnet_50,36,belly_bottom,752.24,759.47,773.24,799.47,0.7418,True,True
sample_0264,SideViewCows2026,resnet_50,37,body_middle_right,832.7,454.22,853.7,494.22,0.4656,True,True
sample_0264,SideViewCows2026,resnet_50,38,body_middle_left,836.84,446.46,857.84,486.46,0.5789,True,True
sample_0265,SideViewCows2026,resnet_50,0,nose,1665.25,581.87,1732.25,727.87,0.4518,True,True
sample_0265,SideViewCows2026,resnet_50,1,upper_jaw,1672.4,587.85,1739.4,733.85,0.3827,True,True
sample_0265,SideViewCows2026,resnet_50,2,lower_jaw,1616.65,596.7,1683.65,742.7,0.4717,True,False
sample_0265,SideViewCows2026,resnet_50,3,mouth_end_right,1602.06,568.02,1669.06,714.02,0.3585,True,True
sample_0265,SideViewCows2026,resnet_50,4,mouth_end_left,1613.39,555.83,1680.39,701.83,0.4058,True,True
sample_0265,SideViewCows2026,resnet_50,5,right_eye,1582.08,466.81,1649.08,612.81,0.3335,True,True
sample_0265,SideViewCows2026,resnet_50,6,right_earbase,1545.52,394.77,1612.52,540.77,0.4584,True,True
sample_0265,SideViewCows2026,resnet_50,7,right_earend,1643.27,364.49,1710.27,510.49,0.5139,True,True
sample_0265,SideViewCows2026,resnet_50,8,right_antler_base,1569.83,342.21,1636.83,488.21,0.3259,True,True
sample_0265,SideViewCows2026,resnet_50,9,right_antler_end,1590.14,302.55,1657.14,448.55,0.2766,True,True
sample_0265,SideViewCows2026,resnet_50,10,left_eye,1594.11,422.95,1661.11,568.95,0.2427,True,True
sample_0265,SideViewCows2026,resnet_50,11,left_earbase,1532.46,270.58,1599.46,416.58,0.1949,False,True
sample_0265,SideViewCows2026,resnet_50,12,left_earend,1528.04,237.51,1595.04,383.51,0.2514,True,False
sample_0265,SideViewCows2026,resnet_50,13,left_antler_base,1541.67,314.35,1608.67,460.35,0.2159,True,True
sample_0265,SideViewCows2026,resnet_50,14,left_antler_end,1577.56,279.7,1644.56,425.7,0.2681,True,True
sample_0265,SideViewCows2026,resnet_50,15,neck_base,1132.13,344.49,1199.13,490.49,0.405,True,True
sample_0265,SideViewCows2026,resnet_50,16,neck_end,1225.18,151.43,1292.18,297.43,0.7076,True,True
sample_0265,SideViewCows2026,resnet_50,17,throat_base,1313.59,515.21,1380.59,661.21,0.666,True,True
sample_0265,SideViewCows2026,resnet_50,18,throat_end,1170.9,620.22,1237.9,766.22,0.8377,True,True
sample_0265,SideViewCows2026,resnet_50,19,back_base,1183.79,128.99,1250.79,274.99,0.638,True,True
sample_0265,SideViewCows2026,resnet_50,20,back_end,114.37,66.29,181.37,212.29,0.6984,True,True
sample_0265,SideViewCows2026,resnet_50,21,back_middle,615.93,33.39,682.93,179.39,0.902,True,True
sample_0265,SideViewCows2026,resnet_50,22,tail_base,92.41,67.67,159.41,213.67,0.7964,True,True
sample_0265,SideViewCows2026,resnet_50,23,tail_end,18.79,876.31,85.79,1022.31,0.2733,True,False
sample_0265,SideViewCows2026,resnet_50,24,front_left_thai,998.33,693.63,1065.33,839.63,0.7293,True,True
sample_0265,SideViewCows2026,resnet_50,25,front_left_knee,978.0,891.46,1045.0,1037.46,0.4761,True,True
sample_0265,SideViewCows2026,resnet_50,26,front_left_paw,982.5,952.11,1049.5,1098.11,0.2457,True,False
sample_0265,SideViewCows2026,resnet_50,27,front_right_thai,896.86,637.66,963.86,783.66,0.9176,True,True
sample_0265,SideViewCows2026,resnet_50,28,front_right_knee,965.17,902.98,1032.17,1048.98,0.8403,True,True
sample_0265,SideViewCows2026,resnet_50,29,front_right_paw,979.63,954.21,1046.63,1100.21,0.6519,True,False
sample_0265,SideViewCows2026,resnet_50,30,back_left_paw,398.83,829.22,465.83,975.22,0.9471,True,False
sample_0265,SideViewCows2026,resnet_50,31,back_left_thai,308.84,531.66,375.84,677.66,0.8317,True,True
sample_0265,SideViewCows2026,resnet_50,32,back_right_thai,147.08,472.92,214.08,618.92,0.8377,True,True
sample_0265,SideViewCows2026,resnet_50,33,back_left_knee,321.58,664.86,388.58,810.86,0.8301,True,False
sample_0265,SideViewCows2026,resnet_50,34,back_right_knee,231.91,704.3,298.91,850.3,0.8479,True,True
sample_0265,SideViewCows2026,resnet_50,35,back_right_paw,311.4,914.9,378.4,1060.9,0.7803,True,True
sample_0265,SideViewCows2026,resnet_50,36,belly_bottom,528.14,676.53,595.14,822.53,0.6904,True,True
sample_0265,SideViewCows2026,resnet_50,37,body_middle_right,528.77,397.8,595.77,543.8,0.6896,True,True
sample_0265,SideViewCows2026,resnet_50,38,body_middle_left,574.36,370.53,641.36,516.53,0.4998,True,True
sample_0266,SideViewCows2026,resnet_50,0,nose,1755.96,571.26,1856.96,661.26,0.9853,True,True
sample_0266,SideViewCows2026,resnet_50,1,upper_jaw,1729.98,597.71,1830.98,687.71,0.8913,True,True
sample_0266,SideViewCows2026,resnet_50,2,lower_jaw,1693.38,599.88,1794.38,689.88,0.8693,True,True
sample_0266,SideViewCows2026,resnet_50,3,mouth_end_right,1661.93,551.37,1762.93,641.37,0.7969,True,True
sample_0266,SideViewCows2026,resnet_50,4,mouth_end_left,1732.4,552.22,1833.4,642.22,0.7635,True,True
sample_0266,SideViewCows2026,resnet_50,5,right_eye,1612.94,362.94,1713.94,452.94,0.9792,True,True
sample_0266,SideViewCows2026,resnet_50,6,right_earbase,1498.32,250.28,1599.32,340.28,0.7427,True,True
sample_0266,SideViewCows2026,resnet_50,7,right_earend,1459.64,322.9,1560.64,412.9,0.6413,True,True
sample_0266,SideViewCows2026,resnet_50,8,right_antler_base,1566.76,209.89,1667.76,299.89,0.7151,True,True
sample_0266,SideViewCows2026,resnet_50,9,right_antler_end,1607.54,220.75,1708.54,310.75,0.2909,True,True
sample_0266,SideViewCows2026,resnet_50,10,left_eye,1698.47,355.89,1799.47,445.89,0.8588,True,True
sample_0266,SideViewCows2026,resnet_50,11,left_earbase,1655.01,192.04,1756.01,282.04,0.7318,True,True
sample_0266,SideViewCows2026,resnet_50,12,left_earend,1676.45,194.81,1777.45,284.81,0.6179,True,False
sample_0266,SideViewCows2026,resnet_50,13,left_antler_base,1662.56,198.89,1763.56,288.89,0.6968,True,True
sample_0266,SideViewCows2026,resnet_50,14,left_antler_end,1691.02,176.48,1792.02,266.48,0.4509,True,False
sample_0266,SideViewCows2026,resnet_50,15,neck_base,1254.59,227.62,1355.59,317.62,0.4349,True,True
sample_0266,SideViewCows2026,resnet_50,16,neck_end,1286.21,49.98,1387.21,139.98,0.9234,True,False
sample_0266,SideViewCows2026,resnet_50,17,throat_base,1382.43,453.91,1483.43,543.91,0.6049,True,True
sample_0266,SideViewCows2026,resnet_50,18,throat_end,1243.18,499.85,1344.18,589.85,0.7849,True,True
sample_0266,SideViewCows2026,resnet_50,19,back_base,1237.11,38.82,1338.11,128.82,0.8572,True,False
sample_0266,SideViewCows2026,resnet_50,20,back_end,308.41,46.47,409.41,136.47,0.5548,True,True
sample_0266,SideViewCows2026,resnet_50,21,back_middle,778.6,47.18,879.6,137.18,0.9559,True,True
sample_0266,SideViewCows2026,resnet_50,22,tail_base,286.64,64.62,387.64,154.62,0.4029,True,True
sample_0266,SideViewCows2026,resnet_50,23,tail_end,325.18,761.67,426.18,851.67,0.3904,True,True
sample_0266,SideViewCows2026,resnet_50,24,front_left_thai,1049.6,575.89,1150.6,665.89,0.565,True,True
sample_0266,SideViewCows2026,resnet_50,25,front_left_knee,1000.09,702.79,1101.09,792.79,0.6666,True,True
sample_0266,SideViewCows2026,resnet_50,26,front_left_paw,1014.63,862.01,1115.63,952.01,0.6678,True,True
sample_0266,SideViewCows2026,resnet_50,27,front_right_thai,1095.17,511.61,1196.17,601.61,0.8741,True,True
sample_0266,SideViewCows2026,resnet_50,28,front_right_knee,1033.98,735.48,1134.98,825.48,0.6888,True,True
sample_0266,SideViewCows2026,resnet_50,29,front_right_paw,1063.11,933.63,1164.11,1023.63,0.9023,True,True
sample_0266,SideViewCows2026,resnet_50,30,back_left_paw,634.03,718.02,735.03,808.02,0.772,True,False
sample_0266,SideViewCows2026,resnet_50,31,back_left_thai,489.44,446.11,590.44,536.11,0.4083,True,True
sample_0266,SideViewCows2026,resnet_50,32,back_right_thai,339.43,321.48,440.43,411.48,0.6653,True,True
sample_0266,SideViewCows2026,resnet_50,33,back_left_knee,502.66,554.55,603.66,644.55,0.7373,True,True
sample_0266,SideViewCows2026,resnet_50,34,back_right_knee,468.82,530.45,569.82,620.45,0.5307,True,True
sample_0266,SideViewCows2026,resnet_50,35,back_right_paw,483.94,742.14,584.94,832.14,0.5368,True,True
sample_0266,SideViewCows2026,resnet_50,36,belly_bottom,748.01,591.05,849.01,681.05,0.7812,True,True
sample_0266,SideViewCows2026,resnet_50,37,body_middle_right,771.83,310.8,872.83,400.8,0.8207,True,True
sample_0266,SideViewCows2026,resnet_50,38,body_middle_left,795.77,295.78,896.77,385.78,0.6811,True,True
sample_0267,SideViewCows2026,resnet_50,0,nose,1694.63,871.76,1694.63,965.76,0.4495,True,True
sample_0267,SideViewCows2026,resnet_50,1,upper_jaw,1681.03,904.11,1681.03,998.11,0.3401,True,True
sample_0267,SideViewCows2026,resnet_50,2,lower_jaw,1633.77,904.82,1633.77,998.82,0.3002,True,True
sample_0267,SideViewCows2026,resnet_50,3,mouth_end_right,1665.93,878.59,1665.93,972.59,0.1548,False,True
sample_0267,SideViewCows2026,resnet_50,4,mouth_end_left,1641.08,880.1,1641.08,974.1,0.23,True,True
sample_0267,SideViewCows2026,resnet_50,5,right_eye,658.2,78.29,658.2,172.29,0.2129,True,True
sample_0267,SideViewCows2026,resnet_50,6,right_earbase,774.94,18.94,774.94,112.94,0.1193,False,False
sample_0267,SideViewCows2026,resnet_50,7,right_earend,1357.48,381.86,1357.48,475.86,0.0903,False,True
sample_0267,SideViewCows2026,resnet_50,8,right_antler_base,623.72,21.13,623.72,115.13,0.3286,True,False
sample_0267,SideViewCows2026,resnet_50,9,right_antler_end,564.53,844.6,564.53,938.6,0.1999,False,True
sample_0267,SideViewCows2026,resnet_50,10,left_eye,666.64,95.21,666.64,189.21,0.4108,True,True
sample_0267,SideViewCows2026,resnet_50,11,left_earbase,589.7,18.94,589.7,112.94,0.1247,False,False
sample_0267,SideViewCows2026,resnet_50,12,left_earend,593.16,29.56,593.16,123.56,0.1861,False,False
sample_0267,SideViewCows2026,resnet_50,13,left_antler_base,606.33,28.61,606.33,122.61,0.2141,True,False
sample_0267,SideViewCows2026,resnet_50,14,left_antler_end,595.61,48.76,595.61,142.76,0.2365,True,True
sample_0267,SideViewCows2026,resnet_50,15,neck_base,1672.53,306.65,1672.53,400.65,1.0,True,True
sample_0267,SideViewCows2026,resnet_50,16,neck_end,1815.09,144.78,1815.09,238.78,0.5324,True,True
sample_0267,SideViewCows2026,resnet_50,17,throat_base,1801.37,574.05,1801.37,668.05,0.3506,True,True
sample_0267,SideViewCows2026,resnet_50,18,throat_end,1799.88,588.48,1799.88,682.48,0.6083,True,True
sample_0267,SideViewCows2026,resnet_50,19,back_base,1802.23,138.73,1802.23,232.73,0.5589,True,True
sample_0267,SideViewCows2026,resnet_50,20,back_end,1870.3,124.48,1870.3,218.48,0.3755,True,False
sample_0267,SideViewCows2026,resnet_50,21,back_middle,1211.83,76.62,1211.83,170.62,0.4512,True,True
sample_0267,SideViewCows2026,resnet_50,22,tail_base,1880.6,166.59,1880.6,260.59,0.3769,True,True
sample_0267,SideViewCows2026,resnet_50,23,tail_end,565.48,860.01,565.48,954.01,0.1684,False,True
sample_0267,SideViewCows2026,resnet_50,24,front_left_thai,1741.11,673.51,1741.11,767.51,0.3016,True,True
sample_0267,SideViewCows2026,resnet_50,25,front_left_knee,1420.74,937.95,1420.74,1031.95,0.365,True,True
sample_0267,SideViewCows2026,resnet_50,26,front_left_paw,1435.32,969.65,1435.32,1063.65,0.2728,True,True
sample_0267,SideViewCows2026,resnet_50,27,front_right_thai,1509.41,735.09,1509.41,829.09,0.6867,True,True
sample_0267,SideViewCows2026,resnet_50,28,front_right_knee,1447.42,928.07,1447.42,1022.07,0.4812,True,True
sample_0267,SideViewCows2026,resnet_50,29,front_right_paw,1405.82,970.01,1405.82,1064.01,0.4397,True,True
sample_0267,SideViewCows2026,resnet_50,30,back_left_paw,1399.93,970.78,1399.93,1064.78,0.2952,True,True
sample_0267,SideViewCows2026,resnet_50,31,back_left_thai,1457.26,757.75,1457.26,851.75,0.1482,False,True
sample_0267,SideViewCows2026,resnet_50,32,back_right_thai,578.03,799.84,578.03,893.84,0.1223,False,True
sample_0267,SideViewCows2026,resnet_50,33,back_left_knee,1403.35,966.77,1403.35,1060.77,0.6426,True,True
sample_0267,SideViewCows2026,resnet_50,34,back_right_knee,1400.84,963.79,1400.84,1057.79,0.2252,True,True
sample_0267,SideViewCows2026,resnet_50,35,back_right_paw,1477.87,954.2,1477.87,1048.2,0.2504,True,True
sample_0267,SideViewCows2026,resnet_50,36,belly_bottom,1205.16,875.01,1205.16,969.01,0.3593,True,True
sample_0267,SideViewCows2026,resnet_50,37,body_middle_right,948.24,634.47,948.24,728.47,0.217,True,True
sample_0267,SideViewCows2026,resnet_50,38,body_middle_left,1880.47,283.77,1880.47,377.77,0.3317,True,True
sample_0268,SideViewCows2026,resnet_50,0,nose,1870.27,550.64,1870.27,659.64,0.7815,True,False
sample_0268,SideViewCows2026,resnet_50,1,upper_jaw,1865.78,597.36,1865.78,706.36,1.0,True,False
sample_0268,SideViewCows2026,resnet_50,2,lower_jaw,1835.01,608.15,1835.01,717.15,0.987,True,True
sample_0268,SideViewCows2026,resnet_50,3,mouth_end_right,1795.63,561.66,1795.63,670.66,0.9147,True,True
sample_0268,SideViewCows2026,resnet_50,4,mouth_end_left,1826.87,570.87,1826.87,679.87,0.9294,True,True
sample_0268,SideViewCows2026,resnet_50,5,right_eye,1773.15,360.1,1773.15,469.1,0.9764,True,True
sample_0268,SideViewCows2026,resnet_50,6,right_earbase,1670.57,290.34,1670.57,399.34,0.9816,True,True
sample_0268,SideViewCows2026,resnet_50,7,right_earend,1612.18,244.07,1612.18,353.07,0.7379,True,True
sample_0268,SideViewCows2026,resnet_50,8,right_antler_base,1714.91,264.12,1714.91,373.12,0.7896,True,True
sample_0268,SideViewCows2026,resnet_50,9,right_antler_end,1747.52,191.37,1747.52,300.37,0.4526,True,True
sample_0268,SideViewCows2026,resnet_50,10,left_eye,1784.7,356.7,1784.7,465.7,0.8729,True,True
sample_0268,SideViewCows2026,resnet_50,11,left_earbase,1643.91,212.01,1643.91,321.01,0.6098,True,True
sample_0268,SideViewCows2026,resnet_50,12,left_earend,1579.88,179.27,1579.88,288.27,0.6823,True,False
sample_0268,SideViewCows2026,resnet_50,13,left_antler_base,1669.72,235.53,1669.72,344.53,0.6223,True,True
sample_0268,SideViewCows2026,resnet_50,14,left_antler_end,1636.46,201.51,1636.46,310.51,0.3984,True,True
sample_0268,SideViewCows2026,resnet_50,15,neck_base,1278.73,318.02,1278.73,427.02,0.3737,True,True
sample_0268,SideViewCows2026,resnet_50,16,neck_end,1275.24,95.66,1275.24,204.66,0.8134,True,True
sample_0268,SideViewCows2026,resnet_50,17,throat_base,1493.52,484.11,1493.52,593.11,0.6409,True,False
sample_0268,SideViewCows2026,resnet_50,18,throat_end,1259.33,558.22,1259.33,667.22,0.6695,True,True
sample_0268,SideViewCows2026,resnet_50,19,back_base,1238.16,69.8,1238.16,178.8,0.793,True,True
sample_0268,SideViewCows2026,resnet_50,20,back_end,384.32,52.31,384.32,161.31,0.527,True,True
sample_0268,SideViewCows2026,resnet_50,21,back_middle,799.4,30.5,799.4,139.5,0.7577,True,True
sample_0268,SideViewCows2026,resnet_50,22,tail_base,352.1,101.06,352.1,210.06,0.4472,True,True
sample_0268,SideViewCows2026,resnet_50,23,tail_end,303.32,706.53,303.32,815.53,0.0545,False,True
sample_0268,SideViewCows2026,resnet_50,24,front_left_thai,1091.4,610.19,1091.4,719.19,0.9006,True,True
sample_0268,SideViewCows2026,resnet_50,25,front_left_knee,1083.5,793.23,1083.5,902.23,0.5512,True,False
sample_0268,SideViewCows2026,resnet_50,26,front_left_paw,1094.56,929.21,1094.56,1038.21,0.9,True,True
sample_0268,SideViewCows2026,resnet_50,27,front_right_thai,1030.28,600.7,1030.28,709.7,0.9516,True,True
sample_0268,SideViewCows2026,resnet_50,28,front_right_knee,1035.03,815.77,1035.03,924.77,0.6791,True,True
sample_0268,SideViewCows2026,resnet_50,29,front_right_paw,1064.45,955.77,1064.45,1064.77,0.8734,True,True
sample_0268,SideViewCows2026,resnet_50,30,back_left_paw,348.79,914.13,348.79,1023.13,0.8757,True,True
sample_0268,SideViewCows2026,resnet_50,31,back_left_thai,392.74,594.02,392.74,703.02,0.925,True,True
sample_0268,SideViewCows2026,resnet_50,32,back_right_thai,374.23,564.67,374.23,673.67,0.7876,True,True
sample_0268,SideViewCows2026,resnet_50,33,back_left_knee,340.46,699.23,340.46,808.23,0.942,True,True
sample_0268,SideViewCows2026,resnet_50,34,back_right_knee,312.17,676.3,312.17,785.3,0.5556,True,True
sample_0268,SideViewCows2026,resnet_50,35,back_right_paw,335.06,910.0,335.06,1019.0,0.9193,True,True
sample_0268,SideViewCows2026,resnet_50,36,belly_bottom,695.45,613.47,695.45,722.47,0.6441,True,True
sample_0268,SideViewCows2026,resnet_50,37,body_middle_right,714.26,375.67,714.26,484.67,0.8215,True,True
sample_0268,SideViewCows2026,resnet_50,38,body_middle_left,734.46,389.99,734.46,498.99,0.5924,True,True
sample_0269,SideViewCows2026,resnet_50,0,nose,1353.23,494.27,1355.23,517.27,0.3352,True,True
sample_0269,SideViewCows2026,resnet_50,1,upper_jaw,1353.22,523.16,1355.22,546.16,0.2123,True,False
sample_0269,SideViewCows2026,resnet_50,2,lower_jaw,1334.31,533.06,1336.31,556.06,0.2667,True,True
sample_0269,SideViewCows2026,resnet_50,3,mouth_end_right,1341.03,519.98,1343.03,542.98,0.2197,True,True
sample_0269,SideViewCows2026,resnet_50,4,mouth_end_left,374.48,1024.45,376.48,1047.45,0.1859,False,True
sample_0269,SideViewCows2026,resnet_50,5,right_eye,1355.9,400.3,1357.9,423.3,0.1672,False,True
sample_0269,SideViewCows2026,resnet_50,6,right_earbase,1370.97,377.87,1372.97,400.87,0.2383,True,True
sample_0269,SideViewCows2026,resnet_50,7,right_earend,1335.04,488.83,1337.04,511.83,0.3651,True,True
sample_0269,SideViewCows2026,resnet_50,8,right_antler_base,57.43,161.64,59.43,184.64,0.2328,True,True
sample_0269,SideViewCows2026,resnet_50,9,right_antler_end,28.12,654.07,30.12,677.07,0.2245,True,False
sample_0269,SideViewCows2026,resnet_50,10,left_eye,342.26,976.34,344.26,999.34,0.2135,True,True
sample_0269,SideViewCows2026,resnet_50,11,left_earbase,304.93,920.72,306.93,943.72,0.2161,True,True
sample_0269,SideViewCows2026,resnet_50,12,left_earend,262.24,931.07,264.24,954.07,0.2862,True,True
sample_0269,SideViewCows2026,resnet_50,13,left_antler_base,294.59,943.9,296.59,966.9,0.3788,True,True
sample_0269,SideViewCows2026,resnet_50,14,left_antler_end,287.31,937.99,289.31,960.99,0.2212,True,True
sample_0269,SideViewCows2026,resnet_50,15,neck_base,58.22,182.98,60.22,205.98,0.3172,True,True
sample_0269,SideViewCows2026,resnet_50,16,neck_end,115.34,117.61,117.34,140.61,0.2202,True,True
sample_0269,SideViewCows2026,resnet_50,17,throat_base,1248.41,466.84,1250.41,489.84,0.228,True,True
sample_0269,SideViewCows2026,resnet_50,18,throat_end,1230.27,518.45,1232.27,541.45,0.3321,True,True
sample_0269,SideViewCows2026,resnet_50,19,back_base,108.99,116.15,110.99,139.15,0.2032,True,True
sample_0269,SideViewCows2026,resnet_50,20,back_end,126.22,127.83,128.22,150.83,0.683,True,True
sample_0269,SideViewCows2026,resnet_50,21,back_middle,729.79,69.55,731.79,92.55,0.9553,True,True
sample_0269,SideViewCows2026,resnet_50,22,tail_base,56.47,152.78,58.47,175.78,0.6776,True,True
sample_0269,SideViewCows2026,resnet_50,23,tail_end,101.78,685.74,103.78,708.74,0.2719,True,False
sample_0269,SideViewCows2026,resnet_50,24,front_left_thai,473.92,744.86,475.92,767.86,0.6803,True,True
sample_0269,SideViewCows2026,resnet_50,25,front_left_knee,1001.41,679.42,1003.41,702.42,0.6853,True,True
sample_0269,SideViewCows2026,resnet_50,26,front_left_paw,935.41,803.84,937.41,826.84,0.7596,True,False
sample_0269,SideViewCows2026,resnet_50,27,front_right_thai,1202.01,508.01,1204.01,531.01,0.4206,True,True
sample_0269,SideViewCows2026,resnet_50,28,front_right_knee,1135.1,724.95,1137.1,747.95,0.4059,True,True
sample_0269,SideViewCows2026,resnet_50,29,front_right_paw,1105.77,893.2,1107.77,916.2,0.7136,True,True
sample_0269,SideViewCows2026,resnet_50,30,back_left_paw,338.16,1034.36,340.16,1057.36,0.4025,True,False
sample_0269,SideViewCows2026,resnet_50,31,back_left_thai,1215.43,491.05,1217.43,514.05,0.5862,True,True
sample_0269,SideViewCows2026,resnet_50,32,back_right_thai,1175.75,495.01,1177.75,518.01,0.6218,True,True
sample_0269,SideViewCows2026,resnet_50,33,back_left_knee,256.67,917.79,258.67,940.79,0.339,True,True
sample_0269,SideViewCows2026,resnet_50,34,back_right_knee,425.2,1024.15,427.2,1047.15,0.5192,True,True
sample_0269,SideViewCows2026,resnet_50,35,back_right_paw,457.24,1057.68,459.24,1080.68,0.2318,True,False
sample_0269,SideViewCows2026,resnet_50,36,belly_bottom,819.87,678.05,821.87,701.05,0.4845,True,True
sample_0269,SideViewCows2026,resnet_50,37,body_middle_right,707.81,406.01,709.81,429.01,0.4668,True,True
sample_0269,SideViewCows2026,resnet_50,38,body_middle_left,883.44,409.93,885.44,432.93,0.5443,True,True
sample_0270,SideViewCows2026,resnet_50,0,nose,1709.76,318.8,1758.76,417.8,0.4879,True,True
sample_0270,SideViewCows2026,resnet_50,1,upper_jaw,1716.3,365.65,1765.3,464.65,0.3021,True,True
sample_0270,SideViewCows2026,resnet_50,2,lower_jaw,1716.0,384.78,1765.0,483.78,0.1894,False,True
sample_0270,SideViewCows2026,resnet_50,3,mouth_end_right,1635.92,343.75,1684.92,442.75,0.2473,True,True
sample_0270,SideViewCows2026,resnet_50,4,mouth_end_left,1680.48,335.74,1729.48,434.74,0.2649,True,True
sample_0270,SideViewCows2026,resnet_50,5,right_eye,1548.7,197.67,1597.7,296.67,0.3485,True,False
sample_0270,SideViewCows2026,resnet_50,6,right_earbase,1487.22,141.05,1536.22,240.05,0.3828,True,False
sample_0270,SideViewCows2026,resnet_50,7,right_earend,1490.01,553.23,1539.01,652.23,0.5313,True,True
sample_0270,SideViewCows2026,resnet_50,8,right_antler_base,1493.1,101.35,1542.1,200.35,0.2857,True,False
sample_0270,SideViewCows2026,resnet_50,9,right_antler_end,1480.68,125.17,1529.68,224.17,0.2844,True,False
sample_0270,SideViewCows2026,resnet_50,10,left_eye,1585.79,190.31,1634.79,289.31,0.284,True,False
sample_0270,SideViewCows2026,resnet_50,11,left_earbase,1485.38,82.12,1534.38,181.12,0.3202,True,False
sample_0270,SideViewCows2026,resnet_50,12,left_earend,1534.44,138.68,1583.44,237.68,0.1924,False,False
sample_0270,SideViewCows2026,resnet_50,13,left_antler_base,1524.23,103.49,1573.23,202.49,0.3626,True,False
sample_0270,SideViewCows2026,resnet_50,14,left_antler_end,1516.04,135.23,1565.04,234.23,0.2896,True,False
sample_0270,SideViewCows2026,resnet_50,15,neck_base,1389.37,369.14,1438.37,468.14,0.3907,True,True
sample_0270,SideViewCows2026,resnet_50,16,neck_end,1386.66,54.6,1435.66,153.6,0.5109,True,False
sample_0270,SideViewCows2026,resnet_50,17,throat_base,1475.06,584.49,1524.06,683.49,0.6295,True,True
sample_0270,SideViewCows2026,resnet_50,18,throat_end,1392.55,625.24,1441.55,724.24,0.6739,True,True
sample_0270,SideViewCows2026,resnet_50,19,back_base,1364.78,50.53,1413.78,149.53,0.6036,True,False
sample_0270,SideViewCows2026,resnet_50,20,back_end,1429.56,31.14,1478.56,130.14,0.4334,True,False
sample_0270,SideViewCows2026,resnet_50,21,back_middle,670.58,62.58,719.58,161.58,0.8913,True,False
sample_0270,SideViewCows2026,resnet_50,22,tail_base,1463.35,56.38,1512.35,155.38,0.4331,True,False
sample_0270,SideViewCows2026,resnet_50,23,tail_end,308.95,747.24,357.95,846.24,0.0929,False,True
sample_0270,SideViewCows2026,resnet_50,24,front_left_thai,1126.13,610.23,1175.13,709.23,0.5023,True,True
sample_0270,SideViewCows2026,resnet_50,25,front_left_knee,1110.27,764.35,1159.27,863.35,0.5406,True,False
sample_0270,SideViewCows2026,resnet_50,26,front_left_paw,1061.97,935.43,1110.97,1034.43,0.5988,True,False
sample_0270,SideViewCows2026,resnet_50,27,front_right_thai,1223.22,566.31,1272.22,665.31,0.6313,True,True
sample_0270,SideViewCows2026,resnet_50,28,front_right_knee,1225.28,851.33,1274.28,950.33,0.6325,True,True
sample_0270,SideViewCows2026,resnet_50,29,front_right_paw,1242.43,969.58,1291.43,1068.58,0.7242,True,True
sample_0270,SideViewCows2026,resnet_50,30,back_left_paw,404.72,944.05,453.72,1043.05,0.4451,True,False
sample_0270,SideViewCows2026,resnet_50,31,back_left_thai,440.15,630.31,489.15,729.31,0.6304,True,True
sample_0270,SideViewCows2026,resnet_50,32,back_right_thai,385.54,599.25,434.54,698.25,0.6958,True,True
sample_0270,SideViewCows2026,resnet_50,33,back_left_knee,381.01,795.84,430.01,894.84,0.8034,True,True
sample_0270,SideViewCows2026,resnet_50,34,back_right_knee,341.01,768.6,390.01,867.6,0.7261,True,True
sample_0270,SideViewCows2026,resnet_50,35,back_right_paw,388.8,957.63,437.8,1056.63,0.8437,True,False
sample_0270,SideViewCows2026,resnet_50,36,belly_bottom,678.27,771.28,727.27,870.28,0.4699,True,True
sample_0270,SideViewCows2026,resnet_50,37,body_middle_right,803.92,488.75,852.92,587.75,0.3792,True,True
sample_0270,SideViewCows2026,resnet_50,38,body_middle_left,810.85,424.39,859.85,523.39,0.4804,True,True
sample_0271,SideViewCows2026,resnet_50,0,nose,1761.21,689.11,1761.21,845.11,0.0909,False,True
sample_0271,SideViewCows2026,resnet_50,1,upper_jaw,1737.43,697.08,1737.43,853.08,0.1095,False,True
sample_0271,SideViewCows2026,resnet_50,2,lower_jaw,1740.41,748.31,1740.41,904.31,0.1798,False,True
sample_0271,SideViewCows2026,resnet_50,3,mouth_end_right,1705.34,696.43,1705.34,852.43,0.1268,False,True
sample_0271,SideViewCows2026,resnet_50,4,mouth_end_left,1714.17,685.57,1714.17,841.57,0.2448,True,True
sample_0271,SideViewCows2026,resnet_50,5,right_eye,1687.08,577.33,1687.08,733.33,0.0514,False,True
sample_0271,SideViewCows2026,resnet_50,6,right_earbase,1731.86,702.9,1731.86,858.9,0.1605,False,True
sample_0271,SideViewCows2026,resnet_50,7,right_earend,842.18,99.85,842.18,255.85,0.1294,False,True
sample_0271,SideViewCows2026,resnet_50,8,right_antler_base,1697.82,644.03,1697.82,800.03,0.1488,False,True
sample_0271,SideViewCows2026,resnet_50,9,right_antler_end,914.48,50.56,914.48,206.56,0.141,False,True
sample_0271,SideViewCows2026,resnet_50,10,left_eye,1384.18,880.14,1384.18,1036.14,0.0864,False,True
sample_0271,SideViewCows2026,resnet_50,11,left_earbase,804.89,148.67,804.89,304.67,0.06,False,True
sample_0271,SideViewCows2026,resnet_50,12,left_earend,1723.38,403.05,1723.38,559.05,0.1647,False,True
sample_0271,SideViewCows2026,resnet_50,13,left_antler_base,1687.77,594.78,1687.77,750.78,0.0947,False,True
sample_0271,SideViewCows2026,resnet_50,14,left_antler_end,901.63,34.86,901.63,190.86,0.402,True,True
sample_0271,SideViewCows2026,resnet_50,15,neck_base,752.89,136.75,752.89,292.75,0.1869,False,True
sample_0271,SideViewCows2026,resnet_50,16,neck_end,964.69,49.2,964.69,205.2,0.3652,True,True
sample_0271,SideViewCows2026,resnet_50,17,throat_base,1484.25,693.58,1484.25,849.58,0.4341,True,True
sample_0271,SideViewCows2026,resnet_50,18,throat_end,1451.85,765.48,1451.85,921.48,0.4921,True,True
sample_0271,SideViewCows2026,resnet_50,19,back_base,1029.67,68.46,1029.67,224.46,0.4815,True,True
sample_0271,SideViewCows2026,resnet_50,20,back_end,107.56,175.19,107.56,331.19,0.5298,True,True
sample_0271,SideViewCows2026,resnet_50,21,back_middle,328.35,94.82,328.35,250.82,0.4003,True,True
sample_0271,SideViewCows2026,resnet_50,22,tail_base,73.04,197.24,73.04,353.24,0.4284,True,True
sample_0271,SideViewCows2026,resnet_50,23,tail_end,1449.21,665.71,1449.21,821.71,0.0608,False,True
sample_0271,SideViewCows2026,resnet_50,24,front_left_thai,1313.46,819.7,1313.46,975.7,0.6513,True,True
sample_0271,SideViewCows2026,resnet_50,25,front_left_knee,1412.88,885.12,1412.88,1041.12,0.5574,True,True
sample_0271,SideViewCows2026,resnet_50,26,front_left_paw,1459.09,915.05,1459.09,1071.05,0.663,True,False
sample_0271,SideViewCows2026,resnet_50,27,front_right_thai,1289.03,811.56,1289.03,967.56,0.658,True,True
sample_0271,SideViewCows2026,resnet_50,28,front_right_knee,1336.29,894.87,1336.29,1050.87,0.7215,True,True
sample_0271,SideViewCows2026,resnet_50,29,front_right_paw,1412.27,936.8,1412.27,1092.8,0.6373,True,False
sample_0271,SideViewCows2026,resnet_50,30,back_left_paw,1732.15,816.07,1732.15,972.07,0.3913,True,False
sample_0271,SideViewCows2026,resnet_50,31,back_left_thai,92.94,754.51,92.94,910.51,0.231,True,True
sample_0271,SideViewCows2026,resnet_50,32,back_right_thai,184.36,785.0,184.36,941.0,0.1511,False,True
sample_0271,SideViewCows2026,resnet_50,33,back_left_knee,1720.03,737.44,1720.03,893.44,0.3197,True,True
sample_0271,SideViewCows2026,resnet_50,34,back_right_knee,1715.26,708.13,1715.26,864.13,0.2275,True,True
sample_0271,SideViewCows2026,resnet_50,35,back_right_paw,1695.61,823.32,1695.61,979.32,0.2105,True,False
sample_0271,SideViewCows2026,resnet_50,36,belly_bottom,926.73,923.86,926.73,1079.86,0.2204,True,False
sample_0271,SideViewCows2026,resnet_50,37,body_middle_right,1635.37,449.05,1635.37,605.05,0.1357,False,True
sample_0271,SideViewCows2026,resnet_50,38,body_middle_left,1661.49,426.25,1661.49,582.25,0.2466,True,True
sample_0272,SideViewCows2026,resnet_50,0,nose,1553.03,503.12,1556.03,545.12,0.2024,True,True
sample_0272,SideViewCows2026,resnet_50,1,upper_jaw,1563.45,507.5,1566.45,549.5,0.2085,True,True
sample_0272,SideViewCows2026,resnet_50,2,lower_jaw,1557.2,507.03,1560.2,549.03,0.2275,True,False
sample_0272,SideViewCows2026,resnet_50,3,mouth_end_right,1544.77,507.13,1547.77,549.13,0.2051,True,False
sample_0272,SideViewCows2026,resnet_50,4,mouth_end_left,1509.61,477.24,1512.61,519.24,0.2409,True,True
sample_0272,SideViewCows2026,resnet_50,5,right_eye,1546.1,483.19,1549.1,525.19,0.4194,True,True
sample_0272,SideViewCows2026,resnet_50,6,right_earbase,1528.03,349.33,1531.03,391.33,0.4692,True,True
sample_0272,SideViewCows2026,resnet_50,7,right_earend,1576.34,316.23,1579.34,358.23,0.4637,True,False
sample_0272,SideViewCows2026,resnet_50,8,right_antler_base,1548.53,292.98,1551.53,334.98,0.4732,True,False
sample_0272,SideViewCows2026,resnet_50,9,right_antler_end,1591.33,328.88,1594.33,370.88,0.1777,False,False
sample_0272,SideViewCows2026,resnet_50,10,left_eye,1549.8,428.8,1552.8,470.8,0.3521,True,True
sample_0272,SideViewCows2026,resnet_50,11,left_earbase,1490.61,199.67,1493.61,241.67,0.3919,True,False
sample_0272,SideViewCows2026,resnet_50,12,left_earend,1506.23,205.1,1509.23,247.1,0.4007,True,False
sample_0272,SideViewCows2026,resnet_50,13,left_antler_base,1476.97,235.64,1479.97,277.64,0.4872,True,True
sample_0272,SideViewCows2026,resnet_50,14,left_antler_end,1522.44,194.24,1525.44,236.24,0.3653,True,False
sample_0272,SideViewCows2026,resnet_50,15,neck_base,202.97,180.43,205.97,222.43,0.5247,True,True
sample_0272,SideViewCows2026,resnet_50,16,neck_end,1276.84,117.09,1279.84,159.09,0.5213,True,True
sample_0272,SideViewCows2026,resnet_50,17,throat_base,1313.58,547.42,1316.58,589.42,0.5081,True,True
sample_0272,SideViewCows2026,resnet_50,18,throat_end,1171.96,648.31,1174.96,690.31,0.5601,True,True
sample_0272,SideViewCows2026,resnet_50,19,back_base,1235.08,97.32,1238.08,139.32,0.543,True,True
sample_0272,SideViewCows2026,resnet_50,20,back_end,148.77,111.03,151.77,153.03,0.5129,True,True
sample_0272,SideViewCows2026,resnet_50,21,back_middle,751.88,30.21,754.88,72.21,0.5899,True,True
sample_0272,SideViewCows2026,resnet_50,22,tail_base,115.59,153.37,118.59,195.37,0.5872,True,True
sample_0272,SideViewCows2026,resnet_50,23,tail_end,234.55,939.37,237.55,981.37,0.2996,True,True
sample_0272,SideViewCows2026,resnet_50,24,front_left_thai,1145.8,625.47,1148.8,667.47,0.5832,True,True
sample_0272,SideViewCows2026,resnet_50,25,front_left_knee,1116.14,742.21,1119.14,784.21,0.7802,True,True
sample_0272,SideViewCows2026,resnet_50,26,front_left_paw,1102.8,946.37,1105.8,988.37,0.7757,True,True
sample_0272,SideViewCows2026,resnet_50,27,front_right_thai,1106.98,599.95,1109.98,641.95,0.5361,True,True
sample_0272,SideViewCows2026,resnet_50,28,front_right_knee,1065.71,746.68,1068.71,788.68,0.6963,True,True
sample_0272,SideViewCows2026,resnet_50,29,front_right_paw,1074.45,933.71,1077.45,975.71,0.8112,True,True
sample_0272,SideViewCows2026,resnet_50,30,back_left_paw,274.96,988.2,277.96,1030.2,0.491,True,True
sample_0272,SideViewCows2026,resnet_50,31,back_left_thai,70.0,604.93,73.0,646.93,0.4822,True,True
sample_0272,SideViewCows2026,resnet_50,32,back_right_thai,378.81,628.07,381.81,670.07,0.7384,True,True
sample_0272,SideViewCows2026,resnet_50,33,back_left_knee,222.68,914.58,225.68,956.58,0.4184,True,False
sample_0272,SideViewCows2026,resnet_50,34,back_right_knee,302.64,933.58,305.64,975.58,0.7251,True,True
sample_0272,SideViewCows2026,resnet_50,35,back_right_paw,362.09,1024.19,365.09,1066.19,0.5962,True,True
sample_0272,SideViewCows2026,resnet_50,36,belly_bottom,756.5,776.57,759.5,818.57,0.3833,True,False
sample_0272,SideViewCows2026,resnet_50,37,body_middle_right,729.5,409.44,732.5,451.44,0.4385,True,True
sample_0272,SideViewCows2026,resnet_50,38,body_middle_left,766.43,380.38,769.43,422.38,0.4181,True,True
sample_0273,SideViewCows2026,resnet_50,0,nose,1625.64,379.58,1641.64,402.58,0.6145,True,False
sample_0273,SideViewCows2026,resnet_50,1,upper_jaw,1644.88,403.69,1660.88,426.69,0.5069,True,False
sample_0273,SideViewCows2026,resnet_50,2,lower_jaw,1607.07,406.39,1623.07,429.39,0.6046,True,True
sample_0273,SideViewCows2026,resnet_50,3,mouth_end_right,1599.63,377.37,1615.63,400.37,0.54,True,False
sample_0273,SideViewCows2026,resnet_50,4,mouth_end_left,1611.47,366.78,1627.47,389.78,0.691,True,False
sample_0273,SideViewCows2026,resnet_50,5,right_eye,1557.98,283.96,1573.98,306.96,0.7681,True,False
sample_0273,SideViewCows2026,resnet_50,6,right_earbase,1500.75,195.07,1516.75,218.07,0.7684,True,False
sample_0273,SideViewCows2026,resnet_50,7,right_earend,1599.44,175.48,1615.44,198.48,0.5101,True,False
sample_0273,SideViewCows2026,resnet_50,8,right_antler_base,1507.75,195.13,1523.75,218.13,0.7099,True,False
sample_0273,SideViewCows2026,resnet_50,9,right_antler_end,1568.52,116.25,1584.52,139.25,0.3409,True,False
sample_0273,SideViewCows2026,resnet_50,10,left_eye,1555.75,270.45,1571.75,293.45,0.7306,True,False
sample_0273,SideViewCows2026,resnet_50,11,left_earbase,1456.62,131.48,1472.62,154.48,0.6112,True,False
sample_0273,SideViewCows2026,resnet_50,12,left_earend,1446.09,125.05,1462.09,148.05,0.4371,True,False
sample_0273,SideViewCows2026,resnet_50,13,left_antler_base,1456.41,155.01,1472.41,178.01,0.8036,True,False
sample_0273,SideViewCows2026,resnet_50,14,left_antler_end,1496.94,129.43,1512.94,152.43,0.3937,True,False
sample_0273,SideViewCows2026,resnet_50,15,neck_base,1380.87,225.76,1396.87,248.76,0.77,True,True
sample_0273,SideViewCows2026,resnet_50,16,neck_end,1264.91,92.85,1280.91,115.85,0.629,True,True
sample_0273,SideViewCows2026,resnet_50,17,throat_base,1408.79,404.89,1424.79,427.89,0.4293,True,False
sample_0273,SideViewCows2026,resnet_50,18,throat_end,1332.51,444.27,1348.51,467.27,0.7183,True,True
sample_0273,SideViewCows2026,resnet_50,19,back_base,1228.63,85.04,1244.63,108.04,0.6895,True,True
sample_0273,SideViewCows2026,resnet_50,20,back_end,265.56,86.72,281.56,109.72,0.5332,True,True
sample_0273,SideViewCows2026,resnet_50,21,back_middle,800.89,55.6,816.89,78.6,0.787,True,True
sample_0273,SideViewCows2026,resnet_50,22,tail_base,128.13,141.08,144.13,164.08,0.6885,True,True
sample_0273,SideViewCows2026,resnet_50,23,tail_end,130.26,155.93,146.26,178.93,0.143,False,True
sample_0273,SideViewCows2026,resnet_50,24,front_left_thai,1130.32,646.01,1146.32,669.01,0.2215,True,True
sample_0273,SideViewCows2026,resnet_50,25,front_left_knee,1099.13,892.08,1115.13,915.08,0.6208,True,False
sample_0273,SideViewCows2026,resnet_50,26,front_left_paw,1138.03,1042.71,1154.03,1065.71,0.4689,True,False
sample_0273,SideViewCows2026,resnet_50,27,front_right_thai,1206.16,630.41,1222.16,653.41,0.7495,True,True
sample_0273,SideViewCows2026,resnet_50,28,front_right_knee,1115.36,910.99,1131.36,933.99,0.6983,True,False
sample_0273,SideViewCows2026,resnet_50,29,front_right_paw,1106.52,1061.74,1122.52,1084.74,0.8065,True,False
sample_0273,SideViewCows2026,resnet_50,30,back_left_paw,286.21,1015.27,302.21,1038.27,0.7448,True,True
sample_0273,SideViewCows2026,resnet_50,31,back_left_thai,238.13,598.08,254.13,621.08,0.8104,True,True
sample_0273,SideViewCows2026,resnet_50,32,back_right_thai,378.43,613.96,394.43,636.96,0.8327,True,True
sample_0273,SideViewCows2026,resnet_50,33,back_left_knee,241.13,898.05,257.13,921.05,0.7457,True,True
sample_0273,SideViewCows2026,resnet_50,34,back_right_knee,344.0,914.55,360.0,937.55,0.7028,True,True
sample_0273,SideViewCows2026,resnet_50,35,back_right_paw,339.97,1040.76,355.97,1063.76,0.8113,True,True
sample_0273,SideViewCows2026,resnet_50,36,belly_bottom,788.22,752.17,804.22,775.17,0.6008,True,False
sample_0273,SideViewCows2026,resnet_50,37,body_middle_right,831.72,379.02,847.72,402.02,0.539,True,True
sample_0273,SideViewCows2026,resnet_50,38,body_middle_left,797.28,384.68,813.28,407.68,0.554,True,True
sample_0274,SideViewCows2026,resnet_50,0,nose,49.18,397.91,125.18,456.91,0.4269,True,False
sample_0274,SideViewCows2026,resnet_50,1,upper_jaw,53.79,404.81,129.79,463.81,0.3492,True,False
sample_0274,SideViewCows2026,resnet_50,2,lower_jaw,63.34,414.64,139.34,473.64,0.3923,True,False
sample_0274,SideViewCows2026,resnet_50,3,mouth_end_right,79.48,392.99,155.48,451.99,0.4871,True,False
sample_0274,SideViewCows2026,resnet_50,4,mouth_end_left,60.7,379.89,136.7,438.89,0.4965,True,False
sample_0274,SideViewCows2026,resnet_50,5,right_eye,37.4,195.8,113.4,254.8,0.4383,True,True
sample_0274,SideViewCows2026,resnet_50,6,right_earbase,112.15,48.66,188.15,107.66,0.6226,True,True
sample_0274,SideViewCows2026,resnet_50,7,right_earend,66.49,45.66,142.49,104.66,0.3734,True,False
sample_0274,SideViewCows2026,resnet_50,8,right_antler_base,129.17,50.53,205.17,109.53,0.7001,True,True
sample_0274,SideViewCows2026,resnet_50,9,right_antler_end,74.66,32.67,150.66,91.67,0.2943,True,False
sample_0274,SideViewCows2026,resnet_50,10,left_eye,39.63,227.31,115.63,286.31,0.6434,True,True
sample_0274,SideViewCows2026,resnet_50,11,left_earbase,47.82,93.88,123.82,152.88,0.5924,True,True
sample_0274,SideViewCows2026,resnet_50,12,left_earend,10.34,83.62,86.34,142.62,0.3926,True,False
sample_0274,SideViewCows2026,resnet_50,13,left_antler_base,31.9,42.71,107.9,101.71,0.625,True,False
sample_0274,SideViewCows2026,resnet_50,14,left_antler_end,24.86,27.42,100.86,86.42,0.4054,True,False
sample_0274,SideViewCows2026,resnet_50,15,neck_base,130.69,127.48,206.69,186.48,0.7294,True,True
sample_0274,SideViewCows2026,resnet_50,16,neck_end,1310.96,82.55,1386.96,141.55,0.6229,True,True
sample_0274,SideViewCows2026,resnet_50,17,throat_base,100.01,393.4,176.01,452.4,0.5429,True,True
sample_0274,SideViewCows2026,resnet_50,18,throat_end,1258.49,570.32,1334.49,629.32,0.8203,True,True
sample_0274,SideViewCows2026,resnet_50,19,back_base,1271.38,60.24,1347.38,119.24,0.7189,True,True
sample_0274,SideViewCows2026,resnet_50,20,back_end,1432.43,21.13,1508.43,80.13,0.0917,False,False
sample_0274,SideViewCows2026,resnet_50,21,back_middle,688.94,45.48,764.94,104.48,0.8836,True,True
sample_0274,SideViewCows2026,resnet_50,22,tail_base,1461.18,54.99,1537.18,113.99,0.124,False,False
sample_0274,SideViewCows2026,resnet_50,23,tail_end,80.5,646.66,156.5,705.66,0.5648,True,False
sample_0274,SideViewCows2026,resnet_50,24,front_left_thai,233.29,522.5,309.29,581.5,0.8143,True,True
sample_0274,SideViewCows2026,resnet_50,25,front_left_knee,997.1,776.88,1073.1,835.88,0.6027,True,False
sample_0274,SideViewCows2026,resnet_50,26,front_left_paw,424.9,786.56,500.9,845.56,0.2428,True,False
sample_0274,SideViewCows2026,resnet_50,27,front_right_thai,1130.65,568.12,1206.65,627.12,0.9248,True,True
sample_0274,SideViewCows2026,resnet_50,28,front_right_knee,1076.74,807.51,1152.74,866.51,0.6848,True,True
sample_0274,SideViewCows2026,resnet_50,29,front_right_paw,1062.38,987.42,1138.38,1046.42,0.893,True,True
sample_0274,SideViewCows2026,resnet_50,30,back_left_paw,400.55,859.08,476.55,918.08,0.416,True,False
sample_0274,SideViewCows2026,resnet_50,31,back_left_thai,262.03,489.36,338.03,548.36,0.1738,False,True
sample_0274,SideViewCows2026,resnet_50,32,back_right_thai,225.23,507.22,301.23,566.22,0.1414,False,True
sample_0274,SideViewCows2026,resnet_50,33,back_left_knee,263.61,702.7,339.61,761.7,0.2865,True,True
sample_0274,SideViewCows2026,resnet_50,34,back_right_knee,272.92,734.54,348.92,793.54,0.4383,True,True
sample_0274,SideViewCows2026,resnet_50,35,back_right_paw,335.84,989.07,411.84,1048.07,0.6567,True,False
sample_0274,SideViewCows2026,resnet_50,36,belly_bottom,683.86,665.26,759.86,724.26,0.8453,True,True
sample_0274,SideViewCows2026,resnet_50,37,body_middle_right,666.89,399.83,742.89,458.83,0.5142,True,True
sample_0274,SideViewCows2026,resnet_50,38,body_middle_left,713.93,381.9,789.93,440.9,0.6185,True,True
sample_0275,SideViewCows2026,resnet_50,0,nose,1473.04,927.34,1497.04,981.34,0.7524,True,False
sample_0275,SideViewCows2026,resnet_50,1,upper_jaw,1475.97,926.16,1499.97,980.16,0.709,True,False
sample_0275,SideViewCows2026,resnet_50,2,lower_jaw,1466.75,919.22,1490.75,973.22,0.6633,True,False
sample_0275,SideViewCows2026,resnet_50,3,mouth_end_right,1475.51,876.88,1499.51,930.88,0.4481,True,False
sample_0275,SideViewCows2026,resnet_50,4,mouth_end_left,1534.22,956.48,1558.22,1010.48,0.6119,True,False
sample_0275,SideViewCows2026,resnet_50,5,right_eye,1697.47,796.79,1721.47,850.79,0.7228,True,False
sample_0275,SideViewCows2026,resnet_50,6,right_earbase,1807.84,389.34,1831.84,443.34,0.511,True,True
sample_0275,SideViewCows2026,resnet_50,7,right_earend,1917.06,355.03,1941.06,409.03,0.4706,True,False
sample_0275,SideViewCows2026,resnet_50,8,right_antler_base,1750.52,725.47,1774.52,779.47,0.4458,True,False
sample_0275,SideViewCows2026,resnet_50,9,right_antler_end,1856.25,735.25,1880.25,789.25,0.3358,True,False
sample_0275,SideViewCows2026,resnet_50,10,left_eye,1705.12,851.75,1729.12,905.75,0.6981,True,False
sample_0275,SideViewCows2026,resnet_50,11,left_earbase,1757.87,184.74,1781.87,238.74,0.4173,True,False
sample_0275,SideViewCows2026,resnet_50,12,left_earend,1850.98,964.26,1874.98,1018.26,0.3659,True,False
sample_0275,SideViewCows2026,resnet_50,13,left_antler_base,1816.67,767.49,1840.67,821.49,0.428,True,False
sample_0275,SideViewCows2026,resnet_50,14,left_antler_end,1795.7,77.14,1819.7,131.14,0.616,True,False
sample_0275,SideViewCows2026,resnet_50,15,neck_base,1519.62,298.4,1543.62,352.4,0.4198,True,True
sample_0275,SideViewCows2026,resnet_50,16,neck_end,1527.37,97.01,1551.37,151.01,0.7757,True,True
sample_0275,SideViewCows2026,resnet_50,17,throat_base,1515.25,574.35,1539.25,628.35,0.4347,True,False
sample_0275,SideViewCows2026,resnet_50,18,throat_end,1383.17,620.63,1407.17,674.63,0.7014,True,True
sample_0275,SideViewCows2026,resnet_50,19,back_base,1494.07,68.35,1518.07,122.35,0.8105,True,True
sample_0275,SideViewCows2026,resnet_50,20,back_end,283.21,273.75,307.21,327.75,0.3015,True,True
sample_0275,SideViewCows2026,resnet_50,21,back_middle,892.56,59.99,916.56,113.99,0.6859,True,True
sample_0275,SideViewCows2026,resnet_50,22,tail_base,268.5,361.98,292.5,415.98,0.3592,True,True
sample_0275,SideViewCows2026,resnet_50,23,tail_end,1506.45,517.23,1530.45,571.23,0.0714,False,True
sample_0275,SideViewCows2026,resnet_50,24,front_left_thai,1357.64,613.55,1381.64,667.55,0.6073,True,True
sample_0275,SideViewCows2026,resnet_50,25,front_left_knee,1280.97,755.0,1304.97,809.0,0.6635,True,True
sample_0275,SideViewCows2026,resnet_50,26,front_left_paw,1172.94,963.09,1196.94,1017.09,0.3345,True,False
sample_0275,SideViewCows2026,resnet_50,27,front_right_thai,1337.53,541.52,1361.53,595.52,0.7455,True,True
sample_0275,SideViewCows2026,resnet_50,28,front_right_knee,1260.21,798.96,1284.21,852.96,0.733,True,True
sample_0275,SideViewCows2026,resnet_50,29,front_right_paw,1248.93,992.79,1272.93,1046.79,0.6731,True,False
sample_0275,SideViewCows2026,resnet_50,30,back_left_paw,588.6,1038.77,612.6,1092.77,0.7597,True,False
sample_0275,SideViewCows2026,resnet_50,31,back_left_thai,428.27,784.61,452.27,838.61,0.4351,True,True
sample_0275,SideViewCows2026,resnet_50,32,back_right_thai,377.84,766.28,401.84,820.28,0.7565,True,True
sample_0275,SideViewCows2026,resnet_50,33,back_left_knee,536.77,992.29,560.77,1046.29,0.8512,True,False
sample_0275,SideViewCows2026,resnet_50,34,back_right_knee,360.19,1000.63,384.19,1054.63,0.5226,True,True
sample_0275,SideViewCows2026,resnet_50,35,back_right_paw,552.5,1040.86,576.5,1094.86,0.3638,True,False
sample_0275,SideViewCows2026,resnet_50,36,belly_bottom,904.33,813.23,928.33,867.23,0.5847,True,True
sample_0275,SideViewCows2026,resnet_50,37,body_middle_right,863.76,403.42,887.76,457.42,0.4407,True,True
sample_0275,SideViewCows2026,resnet_50,38,body_middle_left,879.27,422.68,903.27,476.68,0.4732,True,True
sample_0276,SideViewCows2026,resnet_50,0,nose,1707.57,562.45,1707.57,576.45,0.0988,False,True
sample_0276,SideViewCows2026,resnet_50,1,upper_jaw,1695.3,596.96,1695.3,610.96,0.0567,False,True
sample_0276,SideViewCows2026,resnet_50,2,lower_jaw,1170.14,864.16,1170.14,878.16,0.0969,False,False
sample_0276,SideViewCows2026,resnet_50,3,mouth_end_right,1279.46,838.85,1279.46,852.85,0.0778,False,True
sample_0276,SideViewCows2026,resnet_50,4,mouth_end_left,362.38,740.79,362.38,754.79,0.0669,False,True
sample_0276,SideViewCows2026,resnet_50,5,right_eye,1621.21,513.08,1621.21,527.08,0.0743,False,False
sample_0276,SideViewCows2026,resnet_50,6,right_earbase,691.33,42.47,691.33,56.47,0.0745,False,True
sample_0276,SideViewCows2026,resnet_50,7,right_earend,1674.26,635.45,1674.26,649.45,0.1348,False,True
sample_0276,SideViewCows2026,resnet_50,8,right_antler_base,712.52,72.14,712.52,86.14,0.1287,False,True
sample_0276,SideViewCows2026,resnet_50,9,right_antler_end,651.21,63.62,651.21,77.62,0.0934,False,True
sample_0276,SideViewCows2026,resnet_50,10,left_eye,1684.52,447.71,1684.52,461.71,0.0646,False,False
sample_0276,SideViewCows2026,resnet_50,11,left_earbase,578.32,60.06,578.32,74.06,0.0348,False,True
sample_0276,SideViewCows2026,resnet_50,12,left_earend,548.09,49.68,548.09,63.68,0.2129,True,True
sample_0276,SideViewCows2026,resnet_50,13,left_antler_base,1229.06,781.57,1229.06,795.57,0.0652,False,True
sample_0276,SideViewCows2026,resnet_50,14,left_antler_end,1714.65,926.5,1714.65,940.5,0.1219,False,False
sample_0276,SideViewCows2026,resnet_50,15,neck_base,1432.95,323.26,1432.95,337.26,0.3127,True,True
sample_0276,SideViewCows2026,resnet_50,16,neck_end,708.85,60.27,708.85,74.27,0.2023,True,True
sample_0276,SideViewCows2026,resnet_50,17,throat_base,1466.84,592.54,1466.84,606.54,0.3122,True,True
sample_0276,SideViewCows2026,resnet_50,18,throat_end,1496.93,596.88,1496.93,610.88,0.5665,True,True
sample_0276,SideViewCows2026,resnet_50,19,back_base,721.41,61.18,721.41,75.18,0.3022,True,True
sample_0276,SideViewCows2026,resnet_50,20,back_end,1509.53,141.1,1509.53,155.1,0.4374,True,True
sample_0276,SideViewCows2026,resnet_50,21,back_middle,903.74,68.29,903.74,82.29,0.6559,True,False
sample_0276,SideViewCows2026,resnet_50,22,tail_base,1551.31,195.29,1551.31,209.29,0.5099,True,True
sample_0276,SideViewCows2026,resnet_50,23,tail_end,810.64,91.74,810.64,105.74,0.3741,True,True
sample_0276,SideViewCows2026,resnet_50,24,front_left_thai,1181.41,682.97,1181.41,696.97,0.4539,True,True
sample_0276,SideViewCows2026,resnet_50,25,front_left_knee,1195.47,815.98,1195.47,829.98,0.4242,True,False
sample_0276,SideViewCows2026,resnet_50,26,front_left_paw,1152.7,858.84,1152.7,872.84,0.3774,True,False
sample_0276,SideViewCows2026,resnet_50,27,front_right_thai,1264.72,685.1,1264.72,699.1,0.6216,True,True
sample_0276,SideViewCows2026,resnet_50,28,front_right_knee,1256.92,902.88,1256.92,916.88,0.6059,True,True
sample_0276,SideViewCows2026,resnet_50,29,front_right_paw,1239.72,1046.69,1239.72,1060.69,0.6349,True,True
sample_0276,SideViewCows2026,resnet_50,30,back_left_paw,561.82,922.74,561.82,936.74,0.7058,True,False
sample_0276,SideViewCows2026,resnet_50,31,back_left_thai,563.76,626.17,563.76,640.17,0.5858,True,True
sample_0276,SideViewCows2026,resnet_50,32,back_right_thai,396.36,602.79,396.36,616.79,0.8365,True,True
sample_0276,SideViewCows2026,resnet_50,33,back_left_knee,571.53,748.05,571.53,762.05,0.6364,True,True
sample_0276,SideViewCows2026,resnet_50,34,back_right_knee,355.09,791.65,355.09,805.65,0.5533,True,True
sample_0276,SideViewCows2026,resnet_50,35,back_right_paw,523.37,925.49,523.37,939.49,0.4055,True,False
sample_0276,SideViewCows2026,resnet_50,36,belly_bottom,870.49,765.65,870.49,779.65,0.5273,True,False
sample_0276,SideViewCows2026,resnet_50,37,body_middle_right,853.51,481.55,853.51,495.55,0.3151,True,True
sample_0276,SideViewCows2026,resnet_50,38,body_middle_left,871.78,451.73,871.78,465.73,0.4796,True,True
sample_0277,SideViewCows2026,resnet_50,0,nose,450.89,404.39,1379.89,567.39,0.0451,False,False
sample_0277,SideViewCows2026,resnet_50,1,upper_jaw,545.49,389.71,1474.49,552.71,0.0591,False,False
sample_0277,SideViewCows2026,resnet_50,2,lower_jaw,470.94,395.57,1399.94,558.57,0.0995,False,False
sample_0277,SideViewCows2026,resnet_50,3,mouth_end_right,463.78,383.22,1392.78,546.22,0.0695,False,False
sample_0277,SideViewCows2026,resnet_50,4,mouth_end_left,240.06,359.94,1169.06,522.94,0.148,False,False
sample_0277,SideViewCows2026,resnet_50,5,right_eye,220.47,66.66,1149.47,229.66,0.0452,False,False
sample_0277,SideViewCows2026,resnet_50,6,right_earbase,268.59,222.47,1197.59,385.47,0.0478,False,False
sample_0277,SideViewCows2026,resnet_50,7,right_earend,264.49,235.55,1193.49,398.55,0.1405,False,False
sample_0277,SideViewCows2026,resnet_50,8,right_antler_base,275.02,171.72,1204.02,334.72,0.0859,False,False
sample_0277,SideViewCows2026,resnet_50,9,right_antler_end,456.06,294.97,1385.06,457.97,0.1224,False,False
sample_0277,SideViewCows2026,resnet_50,10,left_eye,220.77,82.62,1149.77,245.62,0.0571,False,False
sample_0277,SideViewCows2026,resnet_50,11,left_earbase,265.53,184.06,1194.53,347.06,0.0551,False,False
sample_0277,SideViewCows2026,resnet_50,12,left_earend,271.9,103.48,1200.9,266.48,0.0818,False,False
sample_0277,SideViewCows2026,resnet_50,13,left_antler_base,503.59,292.36,1432.59,455.36,0.0895,False,False
sample_0277,SideViewCows2026,resnet_50,14,left_antler_end,475.25,274.05,1404.25,437.05,0.1524,False,False
sample_0277,SideViewCows2026,resnet_50,15,neck_base,634.37,186.51,1563.37,349.51,0.2062,True,False
sample_0277,SideViewCows2026,resnet_50,16,neck_end,275.23,48.91,1204.23,211.91,0.1265,False,False
sample_0277,SideViewCows2026,resnet_50,17,throat_base,460.14,349.89,1389.14,512.89,0.0364,False,False
sample_0277,SideViewCows2026,resnet_50,18,throat_end,582.42,327.61,1511.42,490.61,0.0647,False,False
sample_0277,SideViewCows2026,resnet_50,19,back_base,309.13,43.89,1238.13,206.89,0.1689,False,False
sample_0277,SideViewCows2026,resnet_50,20,back_end,266.32,160.57,1195.32,323.57,0.3849,True,False
sample_0277,SideViewCows2026,resnet_50,21,back_middle,425.54,43.14,1354.54,206.14,0.2672,True,False
sample_0277,SideViewCows2026,resnet_50,22,tail_base,676.49,177.75,1605.49,340.75,0.4867,True,False
sample_0277,SideViewCows2026,resnet_50,23,tail_end,263.8,225.91,1192.8,388.91,0.1784,False,False
sample_0277,SideViewCows2026,resnet_50,24,front_left_thai,558.85,318.62,1487.85,481.62,0.5071,True,False
sample_0277,SideViewCows2026,resnet_50,25,front_left_knee,478.43,376.6,1407.43,539.6,0.6839,True,False
sample_0277,SideViewCows2026,resnet_50,26,front_left_paw,499.48,464.91,1428.48,627.91,0.8978,True,False
sample_0277,SideViewCows2026,resnet_50,27,front_right_thai,546.06,302.18,1475.06,465.18,0.3201,True,False
sample_0277,SideViewCows2026,resnet_50,28,front_right_knee,462.94,370.11,1391.94,533.11,0.4988,True,False
sample_0277,SideViewCows2026,resnet_50,29,front_right_paw,441.94,418.9,1370.94,581.9,0.2268,True,False
sample_0277,SideViewCows2026,resnet_50,30,back_left_paw,575.52,503.62,1504.52,666.62,0.878,True,False
sample_0277,SideViewCows2026,resnet_50,31,back_left_thai,645.04,320.72,1574.04,483.72,0.5119,True,False
sample_0277,SideViewCows2026,resnet_50,32,back_right_thai,230.83,334.33,1159.83,497.33,0.5493,True,False
sample_0277,SideViewCows2026,resnet_50,33,back_left_knee,605.03,415.94,1534.03,578.94,0.6581,True,False
sample_0277,SideViewCows2026,resnet_50,34,back_right_knee,562.52,389.98,1491.52,552.98,0.6973,True,False
sample_0277,SideViewCows2026,resnet_50,35,back_right_paw,525.69,487.74,1454.69,650.74,0.3232,True,False
sample_0277,SideViewCows2026,resnet_50,36,belly_bottom,556.3,330.78,1485.3,493.78,0.3676,True,False
sample_0277,SideViewCows2026,resnet_50,37,body_middle_right,578.05,251.2,1507.05,414.2,0.1482,False,False
sample_0277,SideViewCows2026,resnet_50,38,body_middle_left,572.07,252.11,1501.07,415.11,0.2005,True,False
sample_0278,SideViewCows2026,resnet_50,0,nose,1910.76,641.07,1915.76,701.07,0.7652,True,False
sample_0278,SideViewCows2026,resnet_50,1,upper_jaw,1874.11,650.25,1879.11,710.25,0.6617,True,False
sample_0278,SideViewCows2026,resnet_50,2,lower_jaw,1833.31,627.38,1838.31,687.38,0.4782,True,False
sample_0278,SideViewCows2026,resnet_50,3,mouth_end_right,1842.31,572.09,1847.31,632.09,0.5404,True,False
sample_0278,SideViewCows2026,resnet_50,4,mouth_end_left,1839.87,608.5,1844.87,668.5,0.7541,True,False
sample_0278,SideViewCows2026,resnet_50,5,right_eye,1881.23,488.92,1886.23,548.92,0.7751,True,True
sample_0278,SideViewCows2026,resnet_50,6,right_earbase,1837.45,336.0,1842.45,396.0,0.796,True,False
sample_0278,SideViewCows2026,resnet_50,7,right_earend,1938.78,339.57,1943.78,399.57,0.5864,True,False
sample_0278,SideViewCows2026,resnet_50,8,right_antler_base,1847.38,343.49,1852.38,403.49,0.7172,True,False
sample_0278,SideViewCows2026,resnet_50,9,right_antler_end,1901.74,279.2,1906.74,339.2,0.2854,True,False
sample_0278,SideViewCows2026,resnet_50,10,left_eye,1896.74,481.68,1901.74,541.68,0.7386,True,True
sample_0278,SideViewCows2026,resnet_50,11,left_earbase,1746.13,183.51,1751.13,243.51,0.6524,True,False
sample_0278,SideViewCows2026,resnet_50,12,left_earend,1806.83,99.87,1811.83,159.87,0.7544,True,False
sample_0278,SideViewCows2026,resnet_50,13,left_antler_base,1737.56,160.47,1742.56,220.47,0.5473,True,False
sample_0278,SideViewCows2026,resnet_50,14,left_antler_end,1820.31,66.7,1825.31,126.7,0.6343,True,False
sample_0278,SideViewCows2026,resnet_50,15,neck_base,1688.41,217.53,1693.41,277.53,0.5244,True,True
sample_0278,SideViewCows2026,resnet_50,16,neck_end,1501.4,74.5,1506.4,134.5,0.7639,True,True
sample_0278,SideViewCows2026,resnet_50,17,throat_base,1613.23,423.7,1618.23,483.7,0.4859,True,True
sample_0278,SideViewCows2026,resnet_50,18,throat_end,1490.62,515.56,1495.62,575.56,0.7721,True,True
sample_0278,SideViewCows2026,resnet_50,19,back_base,1456.52,62.75,1461.52,122.75,0.8369,True,True
sample_0278,SideViewCows2026,resnet_50,20,back_end,162.99,98.93,167.99,158.93,0.7316,True,True
sample_0278,SideViewCows2026,resnet_50,21,back_middle,908.75,61.22,913.75,121.22,0.8159,True,True
sample_0278,SideViewCows2026,resnet_50,22,tail_base,77.79,165.95,82.79,225.95,0.8231,True,True
sample_0278,SideViewCows2026,resnet_50,23,tail_end,285.86,831.04,290.86,891.04,0.211,True,True
sample_0278,SideViewCows2026,resnet_50,24,front_left_thai,1276.48,660.1,1281.48,720.1,0.5795,True,True
sample_0278,SideViewCows2026,resnet_50,25,front_left_knee,1271.83,841.93,1276.83,901.93,0.5397,True,True
sample_0278,SideViewCows2026,resnet_50,26,front_left_paw,1165.71,836.89,1170.71,896.89,0.4853,True,False
sample_0278,SideViewCows2026,resnet_50,27,front_right_thai,1384.18,538.82,1389.18,598.82,0.696,True,True
sample_0278,SideViewCows2026,resnet_50,28,front_right_knee,1243.11,825.95,1248.11,885.95,0.5959,True,True
sample_0278,SideViewCows2026,resnet_50,29,front_right_paw,1172.03,880.09,1177.03,940.09,0.5333,True,False
sample_0278,SideViewCows2026,resnet_50,30,back_left_paw,563.94,991.6,568.94,1051.6,0.4391,True,False
sample_0278,SideViewCows2026,resnet_50,31,back_left_thai,249.05,672.23,254.05,732.23,0.7307,True,True
sample_0278,SideViewCows2026,resnet_50,32,back_right_thai,381.97,711.72,386.97,771.72,0.7229,True,True
sample_0278,SideViewCows2026,resnet_50,33,back_left_knee,348.69,985.63,353.69,1045.63,0.591,True,True
sample_0278,SideViewCows2026,resnet_50,34,back_right_knee,346.37,993.88,351.37,1053.88,0.6379,True,True
sample_0278,SideViewCows2026,resnet_50,35,back_right_paw,498.03,1028.83,503.03,1088.83,0.4945,True,False
sample_0278,SideViewCows2026,resnet_50,36,belly_bottom,865.88,815.11,870.88,875.11,0.7624,True,False
sample_0278,SideViewCows2026,resnet_50,37,body_middle_right,882.38,451.55,887.38,511.55,0.5094,True,True
sample_0278,SideViewCows2026,resnet_50,38,body_middle_left,896.51,430.73,901.51,490.73,0.5433,True,True
sample_0279,SideViewCows2026,resnet_50,0,nose,36.36,110.76,77.36,191.76,0.2738,True,False
sample_0279,SideViewCows2026,resnet_50,1,upper_jaw,43.06,146.43,84.06,227.43,0.2442,True,True
sample_0279,SideViewCows2026,resnet_50,2,lower_jaw,87.56,173.89,128.56,254.89,0.1581,False,True
sample_0279,SideViewCows2026,resnet_50,3,mouth_end_right,83.8,127.27,124.8,208.27,0.1332,False,True
sample_0279,SideViewCows2026,resnet_50,4,mouth_end_left,82.5,212.59,123.5,293.59,0.1837,False,True
sample_0279,SideViewCows2026,resnet_50,5,right_eye,141.53,125.68,182.53,206.68,0.5867,True,True
sample_0279,SideViewCows2026,resnet_50,6,right_earbase,267.27,55.88,308.27,136.88,0.4907,True,True
sample_0279,SideViewCows2026,resnet_50,7,right_earend,341.44,63.65,382.44,144.65,0.2979,True,True
sample_0279,SideViewCows2026,resnet_50,8,right_antler_base,179.4,43.44,220.4,124.44,0.6014,True,False
sample_0279,SideViewCows2026,resnet_50,9,right_antler_end,162.57,34.94,203.57,115.94,0.4286,True,False
sample_0279,SideViewCows2026,resnet_50,10,left_eye,56.91,188.14,97.91,269.14,0.6764,True,True
sample_0279,SideViewCows2026,resnet_50,11,left_earbase,130.29,120.51,171.29,201.51,0.4522,True,True
sample_0279,SideViewCows2026,resnet_50,12,left_earend,96.39,120.08,137.39,201.08,0.2895,True,True
sample_0279,SideViewCows2026,resnet_50,13,left_antler_base,111.3,57.93,152.3,138.93,0.6373,True,True
sample_0279,SideViewCows2026,resnet_50,14,left_antler_end,120.39,44.14,161.39,125.14,0.406,True,False
sample_0279,SideViewCows2026,resnet_50,15,neck_base,245.3,74.51,286.3,155.51,0.5057,True,True
sample_0279,SideViewCows2026,resnet_50,16,neck_end,393.06,62.47,434.06,143.47,0.516,True,True
sample_0279,SideViewCows2026,resnet_50,17,throat_base,1585.31,590.97,1626.31,671.97,0.2747,True,True
sample_0279,SideViewCows2026,resnet_50,18,throat_end,1597.75,653.27,1638.75,734.27,0.5314,True,False
sample_0279,SideViewCows2026,resnet_50,19,back_base,1482.4,67.79,1523.4,148.79,0.5811,True,True
sample_0279,SideViewCows2026,resnet_50,20,back_end,1416.94,33.03,1457.94,114.03,0.1181,False,True
sample_0279,SideViewCows2026,resnet_50,21,back_middle,883.72,61.77,924.72,142.77,0.6032,True,True
sample_0279,SideViewCows2026,resnet_50,22,tail_base,1540.22,118.0,1581.22,199.0,0.1086,False,True
sample_0279,SideViewCows2026,resnet_50,23,tail_end,69.37,764.88,110.37,845.88,0.5478,True,False
sample_0279,SideViewCows2026,resnet_50,24,front_left_thai,1205.3,748.19,1246.3,829.19,0.7559,True,True
sample_0279,SideViewCows2026,resnet_50,25,front_left_knee,1234.08,958.81,1275.08,1039.81,0.6956,True,True
sample_0279,SideViewCows2026,resnet_50,26,front_left_paw,1235.54,1010.39,1276.54,1091.39,0.3308,True,False
sample_0279,SideViewCows2026,resnet_50,27,front_right_thai,1300.1,745.55,1341.1,826.55,0.8729,True,True
sample_0279,SideViewCows2026,resnet_50,28,front_right_knee,1266.38,958.14,1307.38,1039.14,0.7816,True,True
sample_0279,SideViewCows2026,resnet_50,29,front_right_paw,1242.69,1020.58,1283.69,1101.58,0.5148,True,False
sample_0279,SideViewCows2026,resnet_50,30,back_left_paw,381.78,995.82,422.78,1076.82,0.949,True,True
sample_0279,SideViewCows2026,resnet_50,31,back_left_thai,363.05,688.78,404.05,769.78,0.721,True,True
sample_0279,SideViewCows2026,resnet_50,32,back_right_thai,304.58,674.22,345.58,755.22,0.614,True,True
sample_0279,SideViewCows2026,resnet_50,33,back_left_knee,350.64,898.11,391.64,979.11,0.9145,True,True
sample_0279,SideViewCows2026,resnet_50,34,back_right_knee,339.5,926.42,380.5,1007.42,0.7313,True,True
sample_0279,SideViewCows2026,resnet_50,35,back_right_paw,377.55,1008.17,418.55,1089.17,0.7254,True,False
sample_0279,SideViewCows2026,resnet_50,36,belly_bottom,775.39,760.39,816.39,841.39,0.709,True,True
sample_0279,SideViewCows2026,resnet_50,37,body_middle_right,815.34,447.01,856.34,528.01,0.3094,True,True
sample_0279,SideViewCows2026,resnet_50,38,body_middle_left,828.84,440.31,869.84,521.31,0.378,True,True
sample_0280,SideViewCows2026,resnet_50,0,nose,1810.04,1004.95,1810.04,1004.95,0.8764,True,True
sample_0280,SideViewCows2026,resnet_50,1,upper_jaw,1761.24,1018.43,1761.24,1018.43,0.8112,True,True
sample_0280,SideViewCows2026,resnet_50,2,lower_jaw,1746.64,1020.2,1746.64,1020.2,0.6705,True,True
sample_0280,SideViewCows2026,resnet_50,3,mouth_end_right,1739.66,945.83,1739.66,945.83,0.5487,True,True
sample_0280,SideViewCows2026,resnet_50,4,mouth_end_left,1774.31,952.05,1774.31,952.05,0.6992,True,True
sample_0280,SideViewCows2026,resnet_50,5,right_eye,1764.31,641.44,1764.31,641.44,0.6776,True,True
sample_0280,SideViewCows2026,resnet_50,6,right_earbase,1712.62,435.03,1712.62,435.03,0.92,True,True
sample_0280,SideViewCows2026,resnet_50,7,right_earend,1849.7,454.41,1849.7,454.41,0.5065,True,True
sample_0280,SideViewCows2026,resnet_50,8,right_antler_base,1753.34,409.69,1753.34,409.69,0.6634,True,True
sample_0280,SideViewCows2026,resnet_50,9,right_antler_end,1813.06,462.91,1813.06,462.91,0.2996,True,True
sample_0280,SideViewCows2026,resnet_50,10,left_eye,1818.93,627.46,1818.93,627.46,0.6594,True,True
sample_0280,SideViewCows2026,resnet_50,11,left_earbase,1675.3,239.73,1675.3,239.73,0.358,True,False
sample_0280,SideViewCows2026,resnet_50,12,left_earend,1609.91,192.07,1609.91,192.07,0.3157,True,False
sample_0280,SideViewCows2026,resnet_50,13,left_antler_base,1766.28,371.59,1766.28,371.59,0.4659,True,True
sample_0280,SideViewCows2026,resnet_50,14,left_antler_end,1612.27,98.47,1612.27,98.47,0.3175,True,False
sample_0280,SideViewCows2026,resnet_50,15,neck_base,1620.97,232.28,1620.97,232.28,0.6515,True,True
sample_0280,SideViewCows2026,resnet_50,16,neck_end,1448.18,74.41,1448.18,74.41,0.6719,True,True
sample_0280,SideViewCows2026,resnet_50,17,throat_base,1498.01,633.56,1498.01,633.56,0.8629,True,True
sample_0280,SideViewCows2026,resnet_50,18,throat_end,1339.37,681.08,1339.37,681.08,0.6147,True,True
sample_0280,SideViewCows2026,resnet_50,19,back_base,1424.51,67.65,1424.51,67.65,0.7096,True,True
sample_0280,SideViewCows2026,resnet_50,20,back_end,79.87,95.84,79.87,95.84,0.1435,False,True
sample_0280,SideViewCows2026,resnet_50,21,back_middle,363.5,60.08,363.5,60.08,0.5512,True,True
sample_0280,SideViewCows2026,resnet_50,22,tail_base,70.74,123.9,70.74,123.9,0.0886,False,True
sample_0280,SideViewCows2026,resnet_50,23,tail_end,1367.14,767.41,1367.14,767.41,0.0538,False,True
sample_0280,SideViewCows2026,resnet_50,24,front_left_thai,1245.24,777.6,1245.24,777.6,0.7266,True,True
sample_0280,SideViewCows2026,resnet_50,25,front_left_knee,1211.58,910.24,1211.58,910.24,0.7202,True,True
sample_0280,SideViewCows2026,resnet_50,26,front_left_paw,1139.97,1007.57,1139.97,1007.57,0.4642,True,True
sample_0280,SideViewCows2026,resnet_50,27,front_right_thai,1265.21,762.2,1265.21,762.2,0.5402,True,True
sample_0280,SideViewCows2026,resnet_50,28,front_right_knee,1178.88,967.17,1178.88,967.17,0.7782,True,True
sample_0280,SideViewCows2026,resnet_50,29,front_right_paw,1156.8,1072.91,1156.8,1072.91,0.7638,True,True
sample_0280,SideViewCows2026,resnet_50,30,back_left_paw,515.87,1099.77,515.87,1099.77,0.0379,False,False
sample_0280,SideViewCows2026,resnet_50,31,back_left_thai,477.42,968.18,477.42,968.18,0.2468,True,True
sample_0280,SideViewCows2026,resnet_50,32,back_right_thai,174.13,911.92,174.13,911.92,0.4389,True,True
sample_0280,SideViewCows2026,resnet_50,33,back_left_knee,450.46,1059.41,450.46,1059.41,0.5515,True,True
sample_0280,SideViewCows2026,resnet_50,34,back_right_knee,184.93,1089.64,184.93,1089.64,0.214,True,False
sample_0280,SideViewCows2026,resnet_50,35,back_right_paw,412.67,1085.36,412.67,1085.36,0.0716,False,False
sample_0280,SideViewCows2026,resnet_50,36,belly_bottom,928.96,890.44,928.96,890.44,0.2034,True,True
sample_0280,SideViewCows2026,resnet_50,37,body_middle_right,841.78,467.37,841.78,467.37,0.2651,True,True
sample_0280,SideViewCows2026,resnet_50,38,body_middle_left,949.7,434.1,949.7,434.1,0.4203,True,True
sample_0281,SideViewCows2026,resnet_50,0,nose,1010.23,540.27,1064.23,869.27,0.7088,True,True
sample_0281,SideViewCows2026,resnet_50,1,upper_jaw,1002.03,557.5,1056.03,886.5,0.6076,True,True
sample_0281,SideViewCows2026,resnet_50,2,lower_jaw,976.97,548.36,1030.97,877.36,0.4603,True,True
sample_0281,SideViewCows2026,resnet_50,3,mouth_end_right,967.59,499.85,1021.59,828.85,0.3874,True,True
sample_0281,SideViewCows2026,resnet_50,4,mouth_end_left,1030.37,512.87,1084.37,841.87,0.3937,True,True
sample_0281,SideViewCows2026,resnet_50,5,right_eye,951.37,341.35,1005.37,670.35,0.8025,True,True
sample_0281,SideViewCows2026,resnet_50,6,right_earbase,896.18,286.08,950.18,615.08,0.7349,True,True
sample_0281,SideViewCows2026,resnet_50,7,right_earend,842.17,270.09,896.17,599.09,0.7662,True,True
sample_0281,SideViewCows2026,resnet_50,8,right_antler_base,923.98,233.04,977.98,562.04,0.4257,True,True
sample_0281,SideViewCows2026,resnet_50,9,right_antler_end,919.34,209.73,973.34,538.73,0.1367,False,True
sample_0281,SideViewCows2026,resnet_50,10,left_eye,1079.24,359.23,1133.24,688.23,0.3637,True,True
sample_0281,SideViewCows2026,resnet_50,11,left_earbase,959.56,219.39,1013.56,548.39,0.323,True,True
sample_0281,SideViewCows2026,resnet_50,12,left_earend,971.08,264.62,1025.08,593.62,0.2531,True,True
sample_0281,SideViewCows2026,resnet_50,13,left_antler_base,997.98,234.43,1051.98,563.43,0.3206,True,True
sample_0281,SideViewCows2026,resnet_50,14,left_antler_end,998.45,204.52,1052.45,533.52,0.1576,False,True
sample_0281,SideViewCows2026,resnet_50,15,neck_base,747.02,160.41,801.02,489.41,0.8359,True,True
sample_0281,SideViewCows2026,resnet_50,16,neck_end,766.54,36.03,820.54,365.03,0.7812,True,True
sample_0281,SideViewCows2026,resnet_50,17,throat_base,873.4,386.15,927.4,715.15,0.4835,True,False
sample_0281,SideViewCows2026,resnet_50,18,throat_end,772.0,410.58,826.0,739.58,0.7449,True,True
sample_0281,SideViewCows2026,resnet_50,19,back_base,739.55,28.24,793.55,357.24,0.7517,True,True
sample_0281,SideViewCows2026,resnet_50,20,back_end,172.32,37.54,226.32,366.54,0.7608,True,True
sample_0281,SideViewCows2026,resnet_50,21,back_middle,438.55,24.82,492.55,353.82,0.9801,True,True
sample_0281,SideViewCows2026,resnet_50,22,tail_base,143.93,41.96,197.93,370.96,0.6847,True,True
sample_0281,SideViewCows2026,resnet_50,23,tail_end,186.74,540.08,240.74,869.08,0.053,False,True
sample_0281,SideViewCows2026,resnet_50,24,front_left_thai,706.2,391.69,760.2,720.69,0.8097,True,True
sample_0281,SideViewCows2026,resnet_50,25,front_left_knee,728.69,493.65,782.69,822.65,0.8914,True,True
sample_0281,SideViewCows2026,resnet_50,26,front_left_paw,734.81,622.75,788.81,951.75,0.9418,True,True
sample_0281,SideViewCows2026,resnet_50,27,front_right_thai,674.62,386.38,728.62,715.38,0.8944,True,True
sample_0281,SideViewCows2026,resnet_50,28,front_right_knee,665.85,518.14,719.85,847.14,0.8471,True,True
sample_0281,SideViewCows2026,resnet_50,29,front_right_paw,657.38,660.72,711.38,989.72,0.8672,True,True
sample_0281,SideViewCows2026,resnet_50,30,back_left_paw,312.38,560.47,366.38,889.47,0.8907,True,True
sample_0281,SideViewCows2026,resnet_50,31,back_left_thai,268.6,395.74,322.6,724.74,0.6416,True,True
sample_0281,SideViewCows2026,resnet_50,32,back_right_thai,180.74,352.74,234.74,681.74,1.0,True,True
sample_0281,SideViewCows2026,resnet_50,33,back_left_knee,255.12,457.31,309.12,786.31,0.8245,True,True
sample_0281,SideViewCows2026,resnet_50,34,back_right_knee,180.89,490.21,234.89,819.21,1.0,True,True
sample_0281,SideViewCows2026,resnet_50,35,back_right_paw,244.99,675.8,298.99,1004.8,0.8933,True,True
sample_0281,SideViewCows2026,resnet_50,36,belly_bottom,429.27,448.43,483.27,777.43,0.8523,True,False
sample_0281,SideViewCows2026,resnet_50,37,body_middle_right,434.15,273.35,488.15,602.35,0.8954,True,True
sample_0281,SideViewCows2026,resnet_50,38,body_middle_left,443.4,268.84,497.4,597.84,0.7243,True,True
sample_0282,SideViewCows2026,resnet_50,0,nose,1163.61,83.25,1163.61,207.25,0.306,True,True
sample_0282,SideViewCows2026,resnet_50,1,upper_jaw,1163.51,57.63,1163.51,181.63,0.2119,True,True
sample_0282,SideViewCows2026,resnet_50,2,lower_jaw,1158.97,80.94,1158.97,204.94,0.2472,True,True
sample_0282,SideViewCows2026,resnet_50,3,mouth_end_right,1171.11,72.9,1171.11,196.9,0.1512,False,False
sample_0282,SideViewCows2026,resnet_50,4,mouth_end_left,1151.08,58.64,1151.08,182.64,0.1944,False,True
sample_0282,SideViewCows2026,resnet_50,5,right_eye,1174.9,101.75,1174.9,225.75,0.16,False,False
sample_0282,SideViewCows2026,resnet_50,6,right_earbase,1150.79,105.92,1150.79,229.92,0.4213,True,True
sample_0282,SideViewCows2026,resnet_50,7,right_earend,1174.6,42.09,1174.6,166.09,0.5765,True,False
sample_0282,SideViewCows2026,resnet_50,8,right_antler_base,1165.29,89.22,1165.29,213.22,0.3342,True,True
sample_0282,SideViewCows2026,resnet_50,9,right_antler_end,1163.02,44.72,1163.02,168.72,0.3834,True,True
sample_0282,SideViewCows2026,resnet_50,10,left_eye,544.2,531.09,544.2,655.09,0.1908,False,True
sample_0282,SideViewCows2026,resnet_50,11,left_earbase,1057.4,121.22,1057.4,245.22,0.3746,True,True
sample_0282,SideViewCows2026,resnet_50,12,left_earend,1024.43,91.64,1024.43,215.64,0.3968,True,True
sample_0282,SideViewCows2026,resnet_50,13,left_antler_base,1067.62,118.9,1067.62,242.9,0.2563,True,True
sample_0282,SideViewCows2026,resnet_50,14,left_antler_end,1125.62,40.21,1125.62,164.21,0.4475,True,False
sample_0282,SideViewCows2026,resnet_50,15,neck_base,1007.83,249.6,1007.83,373.6,0.2931,True,True
sample_0282,SideViewCows2026,resnet_50,16,neck_end,932.88,190.48,932.88,314.48,0.9102,True,True
sample_0282,SideViewCows2026,resnet_50,17,throat_base,905.48,662.25,905.48,786.25,0.3002,True,True
sample_0282,SideViewCows2026,resnet_50,18,throat_end,1046.01,395.21,1046.01,519.21,0.8677,True,True
sample_0282,SideViewCows2026,resnet_50,19,back_base,891.97,196.95,891.97,320.95,0.9332,True,True
sample_0282,SideViewCows2026,resnet_50,20,back_end,447.62,297.72,447.62,421.72,0.1508,False,True
sample_0282,SideViewCows2026,resnet_50,21,back_middle,664.26,235.28,664.26,359.28,0.5708,True,True
sample_0282,SideViewCows2026,resnet_50,22,tail_base,447.85,309.06,447.85,433.06,0.1201,False,True
sample_0282,SideViewCows2026,resnet_50,23,tail_end,614.76,377.66,614.76,501.66,0.1821,False,True
sample_0282,SideViewCows2026,resnet_50,24,front_left_thai,904.19,656.48,904.19,780.48,0.4791,True,True
sample_0282,SideViewCows2026,resnet_50,25,front_left_knee,791.28,858.05,791.28,982.05,0.978,True,True
sample_0282,SideViewCows2026,resnet_50,26,front_left_paw,772.03,976.56,772.03,1100.56,0.954,True,True
sample_0282,SideViewCows2026,resnet_50,27,front_right_thai,963.32,623.8,963.32,747.8,0.7378,True,True
sample_0282,SideViewCows2026,resnet_50,28,front_right_knee,891.27,824.61,891.27,948.61,0.5652,True,True
sample_0282,SideViewCows2026,resnet_50,29,front_right_paw,874.51,998.95,874.51,1122.95,0.7504,True,True
sample_0282,SideViewCows2026,resnet_50,30,back_left_paw,854.4,997.1,854.4,1121.1,0.2242,True,True
sample_0282,SideViewCows2026,resnet_50,31,back_left_thai,233.33,964.6,233.33,1088.6,0.2862,True,True
sample_0282,SideViewCows2026,resnet_50,32,back_right_thai,266.9,978.85,266.9,1102.85,0.3368,True,True
sample_0282,SideViewCows2026,resnet_50,33,back_left_knee,837.18,835.18,837.18,959.18,0.2617,True,False
sample_0282,SideViewCows2026,resnet_50,34,back_right_knee,327.71,1026.03,327.71,1150.03,0.3212,True,True
sample_0282,SideViewCows2026,resnet_50,35,back_right_paw,829.23,973.45,829.23,1097.45,0.075,False,False
sample_0282,SideViewCows2026,resnet_50,36,belly_bottom,645.67,925.59,645.67,1049.59,0.6459,True,False
sample_0282,SideViewCows2026,resnet_50,37,body_middle_right,880.57,499.2,880.57,623.2,0.237,True,True
sample_0282,SideViewCows2026,resnet_50,38,body_middle_left,835.49,499.94,835.49,623.94,0.2991,True,True
sample_0283,SideViewCows2026,resnet_50,0,nose,1132.82,349.44,1133.82,700.44,0.9498,True,True
sample_0283,SideViewCows2026,resnet_50,1,upper_jaw,1122.32,364.31,1123.32,715.31,0.9407,True,True
sample_0283,SideViewCows2026,resnet_50,2,lower_jaw,1100.4,375.55,1101.4,726.55,0.8559,True,True
sample_0283,SideViewCows2026,resnet_50,3,mouth_end_right,1072.99,352.42,1073.99,703.42,0.9191,True,True
sample_0283,SideViewCows2026,resnet_50,4,mouth_end_left,1103.58,348.0,1104.58,699.0,0.9026,True,True
sample_0283,SideViewCows2026,resnet_50,5,right_eye,1062.07,241.8,1063.07,592.8,0.9272,True,True
sample_0283,SideViewCows2026,resnet_50,6,right_earbase,1006.07,181.65,1007.07,532.65,0.738,True,True
sample_0283,SideViewCows2026,resnet_50,7,right_earend,969.92,190.01,970.92,541.01,0.3322,True,True
sample_0283,SideViewCows2026,resnet_50,8,right_antler_base,1029.94,158.1,1030.94,509.1,0.7737,True,True
sample_0283,SideViewCows2026,resnet_50,9,right_antler_end,1042.36,114.9,1043.36,465.9,0.4197,True,False
sample_0283,SideViewCows2026,resnet_50,10,left_eye,1100.36,235.96,1101.36,586.96,1.0,True,True
sample_0283,SideViewCows2026,resnet_50,11,left_earbase,1079.33,138.79,1080.33,489.79,0.8427,True,False
sample_0283,SideViewCows2026,resnet_50,12,left_earend,1085.17,90.43,1086.17,441.43,0.6957,True,False
sample_0283,SideViewCows2026,resnet_50,13,left_antler_base,1090.92,152.53,1091.92,503.53,0.8503,True,False
sample_0283,SideViewCows2026,resnet_50,14,left_antler_end,1102.63,84.07,1103.63,435.07,0.5291,True,False
sample_0283,SideViewCows2026,resnet_50,15,neck_base,972.22,127.92,973.22,478.92,0.4524,True,False
sample_0283,SideViewCows2026,resnet_50,16,neck_end,752.61,79.52,753.61,430.52,0.7576,True,True
sample_0283,SideViewCows2026,resnet_50,17,throat_base,892.53,311.11,893.53,662.11,0.5792,True,True
sample_0283,SideViewCows2026,resnet_50,18,throat_end,764.6,335.99,765.6,686.99,0.7515,True,True
sample_0283,SideViewCows2026,resnet_50,19,back_base,707.3,52.84,708.3,403.84,0.7952,True,True
sample_0283,SideViewCows2026,resnet_50,20,back_end,62.16,31.14,63.16,382.14,0.8532,True,True
sample_0283,SideViewCows2026,resnet_50,21,back_middle,371.78,38.02,372.78,389.02,0.9912,True,True
sample_0283,SideViewCows2026,resnet_50,22,tail_base,40.3,50.63,41.3,401.63,0.7812,True,True
sample_0283,SideViewCows2026,resnet_50,23,tail_end,1115.62,656.88,1116.62,1007.88,0.2206,True,False
sample_0283,SideViewCows2026,resnet_50,24,front_left_thai,681.86,389.46,682.86,740.46,0.5513,True,True
sample_0283,SideViewCows2026,resnet_50,25,front_left_knee,609.34,482.72,610.34,833.72,0.7366,True,True
sample_0283,SideViewCows2026,resnet_50,26,front_left_paw,574.25,570.46,575.25,921.46,1.0,True,True
sample_0283,SideViewCows2026,resnet_50,27,front_right_thai,626.99,345.17,627.99,696.17,0.8674,True,True
sample_0283,SideViewCows2026,resnet_50,28,front_right_knee,641.5,491.8,642.5,842.8,0.8642,True,True
sample_0283,SideViewCows2026,resnet_50,29,front_right_paw,644.65,661.4,645.65,1012.4,1.0,True,True
sample_0283,SideViewCows2026,resnet_50,30,back_left_paw,219.72,593.22,220.72,944.22,0.9259,True,True
sample_0283,SideViewCows2026,resnet_50,31,back_left_thai,203.13,390.01,204.13,741.01,0.7414,True,True
sample_0283,SideViewCows2026,resnet_50,32,back_right_thai,70.35,334.04,71.35,685.04,0.8061,True,True
sample_0283,SideViewCows2026,resnet_50,33,back_left_knee,155.75,473.46,156.75,824.46,1.0,True,True
sample_0283,SideViewCows2026,resnet_50,34,back_right_knee,73.46,528.21,74.46,879.21,0.9329,True,True
sample_0283,SideViewCows2026,resnet_50,35,back_right_paw,128.56,693.59,129.56,1044.59,0.8926,True,True
sample_0283,SideViewCows2026,resnet_50,36,belly_bottom,383.89,457.55,384.89,808.55,0.7331,True,False
sample_0283,SideViewCows2026,resnet_50,37,body_middle_right,340.19,274.15,341.19,625.15,0.8105,True,True
sample_0283,SideViewCows2026,resnet_50,38,body_middle_left,366.9,256.34,367.9,607.34,0.7899,True,True
sample_0284,SideViewCows2026,resnet_50,0,nose,1153.49,384.59,1154.49,784.59,0.8236,True,True
sample_0284,SideViewCows2026,resnet_50,1,upper_jaw,1151.95,406.0,1152.95,806.0,0.8041,True,True
sample_0284,SideViewCows2026,resnet_50,2,lower_jaw,1135.06,424.57,1136.06,824.57,0.7059,True,True
sample_0284,SideViewCows2026,resnet_50,3,mouth_end_right,1115.57,400.11,1116.57,800.11,0.8052,True,True
sample_0284,SideViewCows2026,resnet_50,4,mouth_end_left,1126.73,398.45,1127.73,798.45,0.704,True,True
sample_0284,SideViewCows2026,resnet_50,5,right_eye,1109.89,288.71,1110.89,688.71,0.8214,True,True
sample_0284,SideViewCows2026,resnet_50,6,right_earbase,1022.41,215.16,1023.41,615.16,0.8448,True,True
sample_0284,SideViewCows2026,resnet_50,7,right_earend,1011.38,198.75,1012.38,598.75,0.3581,True,True
sample_0284,SideViewCows2026,resnet_50,8,right_antler_base,1054.8,199.23,1055.8,599.23,0.6743,True,True
sample_0284,SideViewCows2026,resnet_50,9,right_antler_end,1111.82,156.27,1112.82,556.27,0.4673,True,True
sample_0284,SideViewCows2026,resnet_50,10,left_eye,1146.06,286.62,1147.06,686.62,0.9016,True,True
sample_0284,SideViewCows2026,resnet_50,11,left_earbase,1082.21,156.18,1083.21,556.18,0.7035,True,False
sample_0284,SideViewCows2026,resnet_50,12,left_earend,1118.33,154.65,1119.33,554.65,0.4808,True,True
sample_0284,SideViewCows2026,resnet_50,13,left_antler_base,1109.6,185.56,1110.6,585.56,0.8055,True,True
sample_0284,SideViewCows2026,resnet_50,14,left_antler_end,1144.63,150.17,1145.63,550.17,0.568,True,False
sample_0284,SideViewCows2026,resnet_50,15,neck_base,971.29,145.08,972.29,545.08,0.5159,True,False
sample_0284,SideViewCows2026,resnet_50,16,neck_end,806.99,77.52,807.99,477.52,0.8678,True,True
sample_0284,SideViewCows2026,resnet_50,17,throat_base,893.0,346.3,894.0,746.3,0.7944,True,False
sample_0284,SideViewCows2026,resnet_50,18,throat_end,781.68,365.7,782.68,765.7,0.9015,True,True
sample_0284,SideViewCows2026,resnet_50,19,back_base,760.75,51.73,761.75,451.73,0.8734,True,True
sample_0284,SideViewCows2026,resnet_50,20,back_end,110.87,86.6,111.87,486.6,0.8061,True,True
sample_0284,SideViewCows2026,resnet_50,21,back_middle,347.4,58.49,348.4,458.49,1.0,True,True
sample_0284,SideViewCows2026,resnet_50,22,tail_base,102.51,85.09,103.51,485.09,0.658,True,True
sample_0284,SideViewCows2026,resnet_50,23,tail_end,173.44,561.19,174.44,961.19,0.1967,False,False
sample_0284,SideViewCows2026,resnet_50,24,front_left_thai,673.49,384.64,674.49,784.64,0.6006,True,True
sample_0284,SideViewCows2026,resnet_50,25,front_left_knee,596.81,468.27,597.81,868.27,0.4794,True,False
sample_0284,SideViewCows2026,resnet_50,26,front_left_paw,577.31,465.9,578.31,865.9,0.618,True,False
sample_0284,SideViewCows2026,resnet_50,27,front_right_thai,651.63,357.72,652.63,757.72,0.8181,True,True
sample_0284,SideViewCows2026,resnet_50,28,front_right_knee,650.15,538.9,651.15,938.9,0.7809,True,True
sample_0284,SideViewCows2026,resnet_50,29,front_right_paw,692.61,655.83,693.61,1055.83,0.9713,True,True
sample_0284,SideViewCows2026,resnet_50,30,back_left_paw,299.81,583.41,300.81,983.41,0.9887,True,False
sample_0284,SideViewCows2026,resnet_50,31,back_left_thai,251.47,398.11,252.47,798.11,0.359,True,True
sample_0284,SideViewCows2026,resnet_50,32,back_right_thai,113.51,361.82,114.51,761.82,1.0,True,True
sample_0284,SideViewCows2026,resnet_50,33,back_left_knee,228.98,473.92,229.98,873.92,0.8583,True,False
sample_0284,SideViewCows2026,resnet_50,34,back_right_knee,146.29,552.44,147.29,952.44,0.8087,True,True
sample_0284,SideViewCows2026,resnet_50,35,back_right_paw,200.94,684.21,201.94,1084.21,0.9243,True,True
sample_0284,SideViewCows2026,resnet_50,36,belly_bottom,411.66,457.76,412.66,857.76,0.6618,True,False
sample_0284,SideViewCows2026,resnet_50,37,body_middle_right,350.04,288.8,351.04,688.8,0.7064,True,True
sample_0284,SideViewCows2026,resnet_50,38,body_middle_left,385.31,267.07,386.31,667.07,0.6044,True,True
sample_0285,SideViewCows2026,resnet_50,0,nose,917.31,37.05,951.31,393.05,0.7992,True,True
sample_0285,SideViewCows2026,resnet_50,1,upper_jaw,938.92,70.03,972.92,426.03,0.6625,True,True
sample_0285,SideViewCows2026,resnet_50,2,lower_jaw,947.02,98.2,981.02,454.2,0.6409,True,False
sample_0285,SideViewCows2026,resnet_50,3,mouth_end_right,929.79,102.84,963.79,458.84,0.6497,True,False
sample_0285,SideViewCows2026,resnet_50,4,mouth_end_left,930.21,79.62,964.21,435.62,0.6782,True,True
sample_0285,SideViewCows2026,resnet_50,5,right_eye,880.29,81.22,914.29,437.22,0.4685,True,True
sample_0285,SideViewCows2026,resnet_50,6,right_earbase,842.87,74.02,876.87,430.02,0.4781,True,True
sample_0285,SideViewCows2026,resnet_50,7,right_earend,883.07,193.66,917.07,549.66,0.5075,True,True
sample_0285,SideViewCows2026,resnet_50,8,right_antler_base,836.51,58.92,870.51,414.92,0.5722,True,True
sample_0285,SideViewCows2026,resnet_50,9,right_antler_end,857.04,49.56,891.04,405.56,0.2513,True,True
sample_0285,SideViewCows2026,resnet_50,10,left_eye,850.0,54.51,884.0,410.51,0.4893,True,True
sample_0285,SideViewCows2026,resnet_50,11,left_earbase,776.19,50.37,810.19,406.37,0.5072,True,False
sample_0285,SideViewCows2026,resnet_50,12,left_earend,750.7,49.71,784.7,405.71,0.4944,True,False
sample_0285,SideViewCows2026,resnet_50,13,left_antler_base,798.59,54.64,832.59,410.64,0.4885,True,True
sample_0285,SideViewCows2026,resnet_50,14,left_antler_end,779.64,30.85,813.64,386.85,0.2695,True,False
sample_0285,SideViewCows2026,resnet_50,15,neck_base,790.29,130.88,824.29,486.88,0.5572,True,True
sample_0285,SideViewCows2026,resnet_50,16,neck_end,750.41,64.65,784.41,420.65,0.7673,True,True
sample_0285,SideViewCows2026,resnet_50,17,throat_base,862.75,219.79,896.75,575.79,0.818,True,True
sample_0285,SideViewCows2026,resnet_50,18,throat_end,809.86,304.36,843.86,660.36,0.9479,True,True
sample_0285,SideViewCows2026,resnet_50,19,back_base,723.47,66.83,757.47,422.83,0.8451,True,True
sample_0285,SideViewCows2026,resnet_50,20,back_end,114.17,82.58,148.17,438.58,0.6953,True,True
sample_0285,SideViewCows2026,resnet_50,21,back_middle,412.61,82.44,446.61,438.44,0.8969,True,True
sample_0285,SideViewCows2026,resnet_50,22,tail_base,62.03,85.23,96.03,441.23,0.8027,True,True
sample_0285,SideViewCows2026,resnet_50,23,tail_end,44.54,269.59,78.54,625.59,0.3541,True,True
sample_0285,SideViewCows2026,resnet_50,24,front_left_thai,655.49,399.12,689.49,755.12,0.9037,True,True
sample_0285,SideViewCows2026,resnet_50,25,front_left_knee,649.09,493.85,683.09,849.85,0.9718,True,True
sample_0285,SideViewCows2026,resnet_50,26,front_left_paw,655.84,571.96,689.84,927.96,0.857,True,True
sample_0285,SideViewCows2026,resnet_50,27,front_right_thai,704.33,377.38,738.33,733.38,0.8976,True,True
sample_0285,SideViewCows2026,resnet_50,28,front_right_knee,695.57,510.23,729.57,866.23,0.9139,True,True
sample_0285,SideViewCows2026,resnet_50,29,front_right_paw,707.03,621.53,741.03,977.53,0.9537,True,True
sample_0285,SideViewCows2026,resnet_50,30,back_left_paw,287.76,606.14,321.76,962.14,0.952,True,True
sample_0285,SideViewCows2026,resnet_50,31,back_left_thai,223.16,409.7,257.16,765.7,0.7794,True,True
sample_0285,SideViewCows2026,resnet_50,32,back_right_thai,134.3,385.09,168.3,741.09,0.7266,True,True
sample_0285,SideViewCows2026,resnet_50,33,back_left_knee,215.79,509.19,249.79,865.19,0.8961,True,True
sample_0285,SideViewCows2026,resnet_50,34,back_right_knee,94.18,528.13,128.18,884.13,0.8694,True,True
sample_0285,SideViewCows2026,resnet_50,35,back_right_paw,127.54,682.08,161.54,1038.08,0.8257,True,True
sample_0285,SideViewCows2026,resnet_50,36,belly_bottom,432.09,447.02,466.09,803.02,0.6337,True,True
sample_0285,SideViewCows2026,resnet_50,37,body_middle_right,430.84,306.16,464.84,662.16,0.711,True,True
sample_0285,SideViewCows2026,resnet_50,38,body_middle_left,437.75,285.32,471.75,641.32,0.6529,True,True
sample_0286,SideViewCows2026,resnet_50,0,nose,937.07,444.23,990.07,850.23,0.1611,False,True
sample_0286,SideViewCows2026,resnet_50,1,upper_jaw,974.26,417.09,1027.26,823.09,0.172,False,False
sample_0286,SideViewCows2026,resnet_50,2,lower_jaw,947.72,460.3,1000.72,866.3,0.2166,True,False
sample_0286,SideViewCows2026,resnet_50,3,mouth_end_right,974.41,432.92,1027.41,838.92,0.2045,True,False
sample_0286,SideViewCows2026,resnet_50,4,mouth_end_left,949.86,412.49,1002.86,818.49,0.2103,True,False
sample_0286,SideViewCows2026,resnet_50,5,right_eye,904.46,454.01,957.46,860.01,0.1399,False,True
sample_0286,SideViewCows2026,resnet_50,6,right_earbase,908.49,110.01,961.49,516.01,0.1993,False,True
sample_0286,SideViewCows2026,resnet_50,7,right_earend,763.43,155.91,816.43,561.91,0.8723,True,True
sample_0286,SideViewCows2026,resnet_50,8,right_antler_base,860.72,30.47,913.72,436.47,0.1798,False,True
sample_0286,SideViewCows2026,resnet_50,9,right_antler_end,943.8,32.79,996.8,438.79,0.1458,False,False
sample_0286,SideViewCows2026,resnet_50,10,left_eye,923.72,445.98,976.72,851.98,0.1202,False,True
sample_0286,SideViewCows2026,resnet_50,11,left_earbase,791.76,21.29,844.76,427.29,0.184,False,True
sample_0286,SideViewCows2026,resnet_50,12,left_earend,937.43,105.55,990.43,511.55,0.3932,True,True
sample_0286,SideViewCows2026,resnet_50,13,left_antler_base,922.22,74.9,975.22,480.9,0.1513,False,True
sample_0286,SideViewCows2026,resnet_50,14,left_antler_end,906.67,25.3,959.67,431.3,0.1591,False,False
sample_0286,SideViewCows2026,resnet_50,15,neck_base,811.55,19.58,864.55,425.58,0.764,True,True
sample_0286,SideViewCows2026,resnet_50,16,neck_end,757.98,3.92,810.98,409.92,0.6406,True,False
sample_0286,SideViewCows2026,resnet_50,17,throat_base,897.62,349.32,950.62,755.32,0.3667,True,False
sample_0286,SideViewCows2026,resnet_50,18,throat_end,868.2,435.95,921.2,841.95,0.503,True,True
sample_0286,SideViewCows2026,resnet_50,19,back_base,735.59,5.73,788.59,411.73,0.7468,True,False
sample_0286,SideViewCows2026,resnet_50,20,back_end,119.27,84.27,172.27,490.27,0.8234,True,True
sample_0286,SideViewCows2026,resnet_50,21,back_middle,445.53,54.33,498.53,460.33,0.7901,True,True
sample_0286,SideViewCows2026,resnet_50,22,tail_base,59.57,113.69,112.57,519.69,0.9379,True,True
sample_0286,SideViewCows2026,resnet_50,23,tail_end,95.67,491.3,148.67,897.3,0.3293,True,False
sample_0286,SideViewCows2026,resnet_50,24,front_left_thai,754.85,419.68,807.85,825.68,0.533,True,False
sample_0286,SideViewCows2026,resnet_50,25,front_left_knee,748.52,554.01,801.52,960.01,0.7279,True,True
sample_0286,SideViewCows2026,resnet_50,26,front_left_paw,755.96,677.99,808.96,1083.99,0.6952,True,False
sample_0286,SideViewCows2026,resnet_50,27,front_right_thai,784.58,401.09,837.58,807.09,0.7978,True,False
sample_0286,SideViewCows2026,resnet_50,28,front_right_knee,721.43,567.39,774.43,973.39,0.9471,True,True
sample_0286,SideViewCows2026,resnet_50,29,front_right_paw,718.81,723.56,771.81,1129.56,0.8769,True,True
sample_0286,SideViewCows2026,resnet_50,30,back_left_paw,183.25,726.27,236.25,1132.27,0.8037,True,True
sample_0286,SideViewCows2026,resnet_50,31,back_left_thai,91.39,385.23,144.39,791.23,0.8033,True,True
sample_0286,SideViewCows2026,resnet_50,32,back_right_thai,192.28,407.09,245.28,813.09,0.8316,True,True
sample_0286,SideViewCows2026,resnet_50,33,back_left_knee,105.33,580.02,158.33,986.02,0.7522,True,False
sample_0286,SideViewCows2026,resnet_50,34,back_right_knee,150.54,613.85,203.54,1019.85,0.7161,True,True
sample_0286,SideViewCows2026,resnet_50,35,back_right_paw,193.07,746.12,246.07,1152.12,0.9248,True,False
sample_0286,SideViewCows2026,resnet_50,36,belly_bottom,449.69,481.44,502.69,887.44,0.8029,True,False
sample_0286,SideViewCows2026,resnet_50,37,body_middle_right,459.88,282.82,512.88,688.82,0.5522,True,True
sample_0286,SideViewCows2026,resnet_50,38,body_middle_left,453.1,288.88,506.1,694.88,0.5997,True,True
sample_0287,SideViewCows2026,resnet_50,0,nose,242.83,789.41,242.83,1100.41,0.3028,True,True
sample_0287,SideViewCows2026,resnet_50,1,upper_jaw,268.39,826.44,268.39,1137.44,0.1944,False,True
sample_0287,SideViewCows2026,resnet_50,2,lower_jaw,286.46,831.93,286.46,1142.93,0.1971,False,True
sample_0287,SideViewCows2026,resnet_50,3,mouth_end_right,242.01,799.86,242.01,1110.86,0.1375,False,True
sample_0287,SideViewCows2026,resnet_50,4,mouth_end_left,252.28,803.94,252.28,1114.94,0.1812,False,True
sample_0287,SideViewCows2026,resnet_50,5,right_eye,168.18,701.78,168.18,1012.78,0.1382,False,True
sample_0287,SideViewCows2026,resnet_50,6,right_earbase,1051.07,68.99,1051.07,379.99,0.3931,True,False
sample_0287,SideViewCows2026,resnet_50,7,right_earend,1126.74,107.2,1126.74,418.2,0.2365,True,False
sample_0287,SideViewCows2026,resnet_50,8,right_antler_base,1050.03,62.59,1050.03,373.59,0.2758,True,False
sample_0287,SideViewCows2026,resnet_50,9,right_antler_end,1077.92,71.36,1077.92,382.36,0.2067,True,False
sample_0287,SideViewCows2026,resnet_50,10,left_eye,174.72,699.53,174.72,1010.53,0.214,True,True
sample_0287,SideViewCows2026,resnet_50,11,left_earbase,1001.48,35.24,1001.48,346.24,0.3962,True,False
sample_0287,SideViewCows2026,resnet_50,12,left_earend,1033.52,48.18,1033.52,359.18,0.3341,True,False
sample_0287,SideViewCows2026,resnet_50,13,left_antler_base,1000.7,46.05,1000.7,357.05,0.3853,True,True
sample_0287,SideViewCows2026,resnet_50,14,left_antler_end,1153.06,693.6,1153.06,1004.6,0.3953,True,False
sample_0287,SideViewCows2026,resnet_50,15,neck_base,1018.04,30.2,1018.04,341.2,0.489,True,False
sample_0287,SideViewCows2026,resnet_50,16,neck_end,844.14,13.19,844.14,324.19,0.789,True,True
sample_0287,SideViewCows2026,resnet_50,17,throat_base,1034.0,249.18,1034.0,560.18,0.4107,True,True
sample_0287,SideViewCows2026,resnet_50,18,throat_end,1020.3,289.63,1020.3,600.63,0.537,True,True
sample_0287,SideViewCows2026,resnet_50,19,back_base,817.75,12.69,817.75,323.69,0.8005,True,True
sample_0287,SideViewCows2026,resnet_50,20,back_end,143.91,35.57,143.91,346.57,0.2098,True,True
sample_0287,SideViewCows2026,resnet_50,21,back_middle,572.64,43.42,572.64,354.42,0.412,True,True
sample_0287,SideViewCows2026,resnet_50,22,tail_base,128.74,40.07,128.74,351.07,0.1752,False,True
sample_0287,SideViewCows2026,resnet_50,23,tail_end,1138.76,704.06,1138.76,1015.06,0.6755,True,False
sample_0287,SideViewCows2026,resnet_50,24,front_left_thai,282.53,612.96,282.53,923.96,0.43,True,True
sample_0287,SideViewCows2026,resnet_50,25,front_left_knee,862.95,525.99,862.95,836.99,0.2683,True,True
sample_0287,SideViewCows2026,resnet_50,26,front_left_paw,819.38,573.4,819.38,884.4,0.2215,True,True
sample_0287,SideViewCows2026,resnet_50,27,front_right_thai,962.2,294.23,962.2,605.23,0.5982,True,True
sample_0287,SideViewCows2026,resnet_50,28,front_right_knee,875.14,531.04,875.14,842.04,0.6807,True,True
sample_0287,SideViewCows2026,resnet_50,29,front_right_paw,826.78,573.41,826.78,884.41,0.2063,True,True
sample_0287,SideViewCows2026,resnet_50,30,back_left_paw,241.11,828.63,241.11,1139.63,0.6291,True,True
sample_0287,SideViewCows2026,resnet_50,31,back_left_thai,217.95,597.83,217.95,908.83,0.4677,True,True
sample_0287,SideViewCows2026,resnet_50,32,back_right_thai,343.58,640.75,343.58,951.75,0.521,True,True
sample_0287,SideViewCows2026,resnet_50,33,back_left_knee,234.81,790.12,234.81,1101.12,0.778,True,True
sample_0287,SideViewCows2026,resnet_50,34,back_right_knee,294.54,817.12,294.54,1128.12,0.9006,True,True
sample_0287,SideViewCows2026,resnet_50,35,back_right_paw,316.89,847.29,316.89,1158.29,0.5259,True,True
sample_0287,SideViewCows2026,resnet_50,36,belly_bottom,653.0,567.18,653.0,878.18,0.3697,True,True
sample_0287,SideViewCows2026,resnet_50,37,body_middle_right,611.4,339.92,611.4,650.92,0.4131,True,True
sample_0287,SideViewCows2026,resnet_50,38,body_middle_left,655.85,313.84,655.85,624.84,0.5447,True,True
sample_0288,SideViewCows2026,resnet_50,0,nose,1138.52,381.66,1139.52,679.66,0.7281,True,True
sample_0288,SideViewCows2026,resnet_50,1,upper_jaw,1138.7,408.31,1139.7,706.31,0.6778,True,True
sample_0288,SideViewCows2026,resnet_50,2,lower_jaw,1097.07,434.76,1098.07,732.76,0.6377,True,True
sample_0288,SideViewCows2026,resnet_50,3,mouth_end_right,1105.1,399.57,1106.1,697.57,0.593,True,True
sample_0288,SideViewCows2026,resnet_50,4,mouth_end_left,1107.14,414.11,1108.14,712.11,0.7428,True,True
sample_0288,SideViewCows2026,resnet_50,5,right_eye,1093.0,325.72,1094.0,623.72,0.5862,True,True
sample_0288,SideViewCows2026,resnet_50,6,right_earbase,1031.03,219.77,1032.03,517.77,0.3778,True,True
sample_0288,SideViewCows2026,resnet_50,7,right_earend,998.05,420.33,999.05,718.33,0.4574,True,True
sample_0288,SideViewCows2026,resnet_50,8,right_antler_base,1113.45,182.33,1114.45,480.33,0.2938,True,True
sample_0288,SideViewCows2026,resnet_50,9,right_antler_end,1084.36,374.45,1085.36,672.45,0.1374,False,True
sample_0288,SideViewCows2026,resnet_50,10,left_eye,1156.14,304.73,1157.14,602.73,0.4436,True,True
sample_0288,SideViewCows2026,resnet_50,11,left_earbase,1105.69,140.22,1106.69,438.22,0.3006,True,True
sample_0288,SideViewCows2026,resnet_50,12,left_earend,1113.55,99.78,1114.55,397.78,0.3283,True,False
sample_0288,SideViewCows2026,resnet_50,13,left_antler_base,1113.87,143.36,1114.87,441.36,0.4951,True,True
sample_0288,SideViewCows2026,resnet_50,14,left_antler_end,1109.46,78.79,1110.46,376.79,0.1702,False,False
sample_0288,SideViewCows2026,resnet_50,15,neck_base,1050.13,65.03,1051.13,363.03,0.5448,True,True
sample_0288,SideViewCows2026,resnet_50,16,neck_end,997.5,45.16,998.5,343.16,0.6287,True,True
sample_0288,SideViewCows2026,resnet_50,17,throat_base,994.19,420.25,995.19,718.25,0.7002,True,True
sample_0288,SideViewCows2026,resnet_50,18,throat_end,952.54,450.73,953.54,748.73,0.8038,True,True
sample_0288,SideViewCows2026,resnet_50,19,back_base,955.53,42.46,956.53,340.46,0.6332,True,True
sample_0288,SideViewCows2026,resnet_50,20,back_end,54.41,57.78,55.41,355.78,0.7015,True,True
sample_0288,SideViewCows2026,resnet_50,21,back_middle,514.47,73.95,515.47,371.95,0.9378,True,True
sample_0288,SideViewCows2026,resnet_50,22,tail_base,5.35,77.49,6.35,375.49,0.7228,True,True
sample_0288,SideViewCows2026,resnet_50,23,tail_end,34.35,437.8,35.35,735.8,0.1221,False,False
sample_0288,SideViewCows2026,resnet_50,24,front_left_thai,835.61,473.53,836.61,771.53,0.6325,True,True
sample_0288,SideViewCows2026,resnet_50,25,front_left_knee,825.96,613.74,826.96,911.74,0.5928,True,True
sample_0288,SideViewCows2026,resnet_50,26,front_left_paw,831.06,776.88,832.06,1074.88,0.6167,True,True
sample_0288,SideViewCows2026,resnet_50,27,front_right_thai,869.12,458.67,870.12,756.67,0.7983,True,True
sample_0288,SideViewCows2026,resnet_50,28,front_right_knee,821.24,633.38,822.24,931.38,1.0,True,True
sample_0288,SideViewCows2026,resnet_50,29,front_right_paw,832.79,821.54,833.79,1119.54,0.9123,True,True
sample_0288,SideViewCows2026,resnet_50,30,back_left_paw,255.44,802.44,256.44,1100.44,0.3853,True,True
sample_0288,SideViewCows2026,resnet_50,31,back_left_thai,94.23,468.82,95.23,766.82,0.8279,True,True
sample_0288,SideViewCows2026,resnet_50,32,back_right_thai,222.59,465.94,223.59,763.94,0.8235,True,True
sample_0288,SideViewCows2026,resnet_50,33,back_left_knee,158.24,669.55,159.24,967.55,0.5675,True,True
sample_0288,SideViewCows2026,resnet_50,34,back_right_knee,224.64,723.59,225.64,1021.59,0.8678,True,True
sample_0288,SideViewCows2026,resnet_50,35,back_right_paw,297.52,841.66,298.52,1139.66,0.9376,True,True
sample_0288,SideViewCows2026,resnet_50,36,belly_bottom,557.61,577.1,558.61,875.1,0.8922,True,True
sample_0288,SideViewCows2026,resnet_50,37,body_middle_right,538.16,374.27,539.16,672.27,0.679,True,True
sample_0288,SideViewCows2026,resnet_50,38,body_middle_left,551.04,381.14,552.04,679.14,0.7387,True,True
sample_0289,SideViewCows2026,resnet_50,0,nose,1150.93,238.36,1151.93,541.36,0.3633,True,True
sample_0289,SideViewCows2026,resnet_50,1,upper_jaw,1159.52,255.02,1160.52,558.02,0.3542,True,True
sample_0289,SideViewCows2026,resnet_50,2,lower_jaw,1147.77,261.71,1148.77,564.71,0.4149,True,True
sample_0289,SideViewCows2026,resnet_50,3,mouth_end_right,1144.81,225.55,1145.81,528.55,0.452,True,True
sample_0289,SideViewCows2026,resnet_50,4,mouth_end_left,1135.12,245.92,1136.12,548.92,0.4593,True,True
sample_0289,SideViewCows2026,resnet_50,5,right_eye,1140.0,166.66,1141.0,469.66,0.5788,True,True
sample_0289,SideViewCows2026,resnet_50,6,right_earbase,1094.02,132.62,1095.02,435.62,0.7868,True,True
sample_0289,SideViewCows2026,resnet_50,7,right_earend,1168.73,109.24,1169.73,412.24,0.5659,True,False
sample_0289,SideViewCows2026,resnet_50,8,right_antler_base,1091.31,119.8,1092.31,422.8,0.5344,True,True
sample_0289,SideViewCows2026,resnet_50,9,right_antler_end,1130.57,43.18,1131.57,346.18,0.2743,True,False
sample_0289,SideViewCows2026,resnet_50,10,left_eye,1111.38,156.31,1112.38,459.31,0.4255,True,True
sample_0289,SideViewCows2026,resnet_50,11,left_earbase,1014.67,61.71,1015.67,364.71,0.3485,True,False
sample_0289,SideViewCows2026,resnet_50,12,left_earend,832.37,40.64,833.37,343.64,0.4763,True,True
sample_0289,SideViewCows2026,resnet_50,13,left_antler_base,1032.07,73.78,1033.07,376.78,0.4013,True,False
sample_0289,SideViewCows2026,resnet_50,14,left_antler_end,1101.89,60.11,1102.89,363.11,0.3091,True,False
sample_0289,SideViewCows2026,resnet_50,15,neck_base,988.61,67.55,989.61,370.55,0.4088,True,True
sample_0289,SideViewCows2026,resnet_50,16,neck_end,879.57,14.56,880.57,317.56,0.7511,True,True
sample_0289,SideViewCows2026,resnet_50,17,throat_base,974.02,239.32,975.02,542.32,0.7734,True,True
sample_0289,SideViewCows2026,resnet_50,18,throat_end,890.66,293.16,891.66,596.16,0.7596,True,True
sample_0289,SideViewCows2026,resnet_50,19,back_base,848.45,25.25,849.45,328.25,0.6948,True,True
sample_0289,SideViewCows2026,resnet_50,20,back_end,70.57,45.7,71.57,348.7,0.8509,True,True
sample_0289,SideViewCows2026,resnet_50,21,back_middle,528.37,49.08,529.37,352.08,0.7975,True,True
sample_0289,SideViewCows2026,resnet_50,22,tail_base,33.03,49.03,34.03,352.03,0.8127,True,False
sample_0289,SideViewCows2026,resnet_50,23,tail_end,207.9,530.4,208.9,833.4,0.2828,True,True
sample_0289,SideViewCows2026,resnet_50,24,front_left_thai,771.22,299.32,772.22,602.32,0.6509,True,True
sample_0289,SideViewCows2026,resnet_50,25,front_left_knee,745.57,404.91,746.57,707.91,0.7036,True,True
sample_0289,SideViewCows2026,resnet_50,26,front_left_paw,724.7,484.04,725.7,787.04,0.8002,True,True
sample_0289,SideViewCows2026,resnet_50,27,front_right_thai,820.12,301.9,821.12,604.9,0.9113,True,True
sample_0289,SideViewCows2026,resnet_50,28,front_right_knee,793.48,399.37,794.48,702.37,0.7447,True,True
sample_0289,SideViewCows2026,resnet_50,29,front_right_paw,797.9,533.02,798.9,836.02,0.9227,True,True
sample_0289,SideViewCows2026,resnet_50,30,back_left_paw,240.82,552.9,241.82,855.9,0.5291,True,True
sample_0289,SideViewCows2026,resnet_50,31,back_left_thai,165.35,390.4,166.35,693.4,0.5034,True,False
sample_0289,SideViewCows2026,resnet_50,32,back_right_thai,285.67,404.03,286.67,707.03,0.6394,True,True
sample_0289,SideViewCows2026,resnet_50,33,back_left_knee,188.92,509.33,189.92,812.33,0.5231,True,False
sample_0289,SideViewCows2026,resnet_50,34,back_right_knee,294.29,520.15,295.29,823.15,0.4552,True,True
sample_0289,SideViewCows2026,resnet_50,35,back_right_paw,367.17,669.0,368.17,972.0,0.9404,True,True
sample_0289,SideViewCows2026,resnet_50,36,belly_bottom,557.97,490.85,558.97,793.85,0.5391,True,False
sample_0289,SideViewCows2026,resnet_50,37,body_middle_right,549.71,274.18,550.71,577.18,0.4966,True,True
sample_0289,SideViewCows2026,resnet_50,38,body_middle_left,555.76,273.3,556.76,576.3,0.6663,True,True
sample_0290,SideViewCows2026,resnet_50,0,nose,970.3,210.2,970.3,448.2,0.5895,True,False
sample_0290,SideViewCows2026,resnet_50,1,upper_jaw,933.37,278.44,933.37,516.44,0.5,True,False
sample_0290,SideViewCows2026,resnet_50,2,lower_jaw,900.9,325.91,900.9,563.91,0.6052,True,False
sample_0290,SideViewCows2026,resnet_50,3,mouth_end_right,884.5,281.98,884.5,519.98,0.6183,True,True
sample_0290,SideViewCows2026,resnet_50,4,mouth_end_left,914.63,268.86,914.63,506.86,0.499,True,True
sample_0290,SideViewCows2026,resnet_50,5,right_eye,873.92,156.18,873.92,394.18,0.5166,True,True
sample_0290,SideViewCows2026,resnet_50,6,right_earbase,806.69,67.67,806.69,305.67,0.6549,True,True
sample_0290,SideViewCows2026,resnet_50,7,right_earend,541.18,110.46,541.18,348.46,0.2654,True,True
sample_0290,SideViewCows2026,resnet_50,8,right_antler_base,826.39,55.16,826.39,293.16,0.422,True,True
sample_0290,SideViewCows2026,resnet_50,9,right_antler_end,811.5,34.44,811.5,272.44,0.1965,False,True
sample_0290,SideViewCows2026,resnet_50,10,left_eye,867.84,152.26,867.84,390.26,0.3889,True,True
sample_0290,SideViewCows2026,resnet_50,11,left_earbase,778.5,27.21,778.5,265.21,0.4677,True,True
sample_0290,SideViewCows2026,resnet_50,12,left_earend,739.91,10.64,739.91,248.64,0.3966,True,True
sample_0290,SideViewCows2026,resnet_50,13,left_antler_base,780.47,30.06,780.47,268.06,0.5255,True,True
sample_0290,SideViewCows2026,resnet_50,14,left_antler_end,786.77,34.56,786.77,272.56,0.2656,True,True
sample_0290,SideViewCows2026,resnet_50,15,neck_base,745.26,45.16,745.26,283.16,0.6935,True,True
sample_0290,SideViewCows2026,resnet_50,16,neck_end,623.52,36.84,623.52,274.84,0.6247,True,True
sample_0290,SideViewCows2026,resnet_50,17,throat_base,827.55,348.74,827.55,586.74,0.5461,True,True
sample_0290,SideViewCows2026,resnet_50,18,throat_end,803.62,387.75,803.62,625.75,0.5292,True,True
sample_0290,SideViewCows2026,resnet_50,19,back_base,581.53,43.99,581.53,281.99,0.5862,True,True
sample_0290,SideViewCows2026,resnet_50,20,back_end,42.34,57.93,42.34,295.93,0.8468,True,True
sample_0290,SideViewCows2026,resnet_50,21,back_middle,279.72,74.22,279.72,312.22,0.7352,True,True
sample_0290,SideViewCows2026,resnet_50,22,tail_base,6.77,69.7,6.77,307.7,0.7303,True,True
sample_0290,SideViewCows2026,resnet_50,23,tail_end,153.75,858.31,153.75,1096.31,0.2418,True,False
sample_0290,SideViewCows2026,resnet_50,24,front_left_thai,416.43,573.06,416.43,811.06,0.3463,True,True
sample_0290,SideViewCows2026,resnet_50,25,front_left_knee,696.34,542.87,696.34,780.87,0.7925,True,False
sample_0290,SideViewCows2026,resnet_50,26,front_left_paw,669.33,643.41,669.33,881.41,0.887,True,False
sample_0290,SideViewCows2026,resnet_50,27,front_right_thai,764.89,413.75,764.89,651.75,0.8791,True,True
sample_0290,SideViewCows2026,resnet_50,28,front_right_knee,748.17,566.82,748.17,804.82,0.7584,True,True
sample_0290,SideViewCows2026,resnet_50,29,front_right_paw,747.18,766.59,747.18,1004.59,0.908,True,True
sample_0290,SideViewCows2026,resnet_50,30,back_left_paw,71.61,915.04,71.61,1153.04,0.6909,True,True
sample_0290,SideViewCows2026,resnet_50,31,back_left_thai,15.89,733.64,15.89,971.64,0.6227,True,True
sample_0290,SideViewCows2026,resnet_50,32,back_right_thai,20.18,451.85,20.18,689.85,0.5265,True,True
sample_0290,SideViewCows2026,resnet_50,33,back_left_knee,51.81,856.61,51.81,1094.61,0.9483,True,True
sample_0290,SideViewCows2026,resnet_50,34,back_right_knee,261.95,883.68,261.95,1121.68,0.8211,True,True
sample_0290,SideViewCows2026,resnet_50,35,back_right_paw,283.17,930.24,283.17,1168.24,0.4574,True,False
sample_0290,SideViewCows2026,resnet_50,36,belly_bottom,570.84,600.27,570.84,838.27,0.7046,True,True
sample_0290,SideViewCows2026,resnet_50,37,body_middle_right,574.8,369.38,574.8,607.38,0.236,True,True
sample_0290,SideViewCows2026,resnet_50,38,body_middle_left,575.45,362.77,575.45,600.77,0.4127,True,True
sample_0291,SideViewCows2026,resnet_50,0,nose,976.69,421.42,976.69,882.42,0.0843,False,True
sample_0291,SideViewCows2026,resnet_50,1,upper_jaw,778.87,670.32,778.87,1131.32,0.0422,False,False
sample_0291,SideViewCows2026,resnet_50,2,lower_jaw,773.03,630.6,773.03,1091.6,0.0706,False,False
sample_0291,SideViewCows2026,resnet_50,3,mouth_end_right,771.95,493.22,771.95,954.22,0.0834,False,True
sample_0291,SideViewCows2026,resnet_50,4,mouth_end_left,252.15,578.43,252.15,1039.43,0.1156,False,True
sample_0291,SideViewCows2026,resnet_50,5,right_eye,950.39,398.73,950.39,859.73,0.0776,False,True
sample_0291,SideViewCows2026,resnet_50,6,right_earbase,616.72,172.16,616.72,633.16,0.2583,True,True
sample_0291,SideViewCows2026,resnet_50,7,right_earend,579.66,263.84,579.66,724.84,0.4055,True,True
sample_0291,SideViewCows2026,resnet_50,8,right_antler_base,615.84,75.04,615.84,536.04,0.112,False,True
sample_0291,SideViewCows2026,resnet_50,9,right_antler_end,975.44,311.55,975.44,772.55,0.1619,False,False
sample_0291,SideViewCows2026,resnet_50,10,left_eye,971.82,327.98,971.82,788.98,0.1023,False,True
sample_0291,SideViewCows2026,resnet_50,11,left_earbase,580.47,218.83,580.47,679.83,0.2131,True,True
sample_0291,SideViewCows2026,resnet_50,12,left_earend,636.06,143.97,636.06,604.97,0.5214,True,True
sample_0291,SideViewCows2026,resnet_50,13,left_antler_base,948.68,314.96,948.68,775.96,0.1101,False,True
sample_0291,SideViewCows2026,resnet_50,14,left_antler_end,633.02,99.08,633.02,560.08,0.2148,True,True
sample_0291,SideViewCows2026,resnet_50,15,neck_base,740.7,180.99,740.7,641.99,0.3652,True,True
sample_0291,SideViewCows2026,resnet_50,16,neck_end,471.99,37.67,471.99,498.67,0.6628,True,True
sample_0291,SideViewCows2026,resnet_50,17,throat_base,400.34,553.79,400.34,1014.79,0.3387,True,True
sample_0291,SideViewCows2026,resnet_50,18,throat_end,359.54,540.07,359.54,1001.07,0.4181,True,True
sample_0291,SideViewCows2026,resnet_50,19,back_base,449.51,32.24,449.51,493.24,0.6555,True,True
sample_0291,SideViewCows2026,resnet_50,20,back_end,941.64,35.47,941.64,496.47,0.4247,True,True
sample_0291,SideViewCows2026,resnet_50,21,back_middle,70.83,17.0,70.83,478.0,0.5235,True,True
sample_0291,SideViewCows2026,resnet_50,22,tail_base,955.45,52.12,955.45,513.12,0.4458,True,True
sample_0291,SideViewCows2026,resnet_50,23,tail_end,68.89,672.73,68.89,1133.73,0.1192,False,True
sample_0291,SideViewCows2026,resnet_50,24,front_left_thai,241.62,486.2,241.62,947.2,0.3467,True,True
sample_0291,SideViewCows2026,resnet_50,25,front_left_knee,751.77,552.11,751.77,1013.11,0.5208,True,False
sample_0291,SideViewCows2026,resnet_50,26,front_left_paw,734.27,633.86,734.27,1094.86,0.8044,True,False
sample_0291,SideViewCows2026,resnet_50,27,front_right_thai,364.87,528.02,364.87,989.02,0.3034,True,True
sample_0291,SideViewCows2026,resnet_50,28,front_right_knee,372.7,609.84,372.7,1070.84,0.5427,True,True
sample_0291,SideViewCows2026,resnet_50,29,front_right_paw,749.75,638.37,749.75,1099.37,0.4995,True,False
sample_0291,SideViewCows2026,resnet_50,30,back_left_paw,794.08,655.11,794.08,1116.11,0.4551,True,False
sample_0291,SideViewCows2026,resnet_50,31,back_left_thai,60.24,485.53,60.24,946.53,0.3206,True,True
sample_0291,SideViewCows2026,resnet_50,32,back_right_thai,24.2,356.33,24.2,817.33,0.378,True,True
sample_0291,SideViewCows2026,resnet_50,33,back_left_knee,105.33,670.91,105.33,1131.91,0.557,True,True
sample_0291,SideViewCows2026,resnet_50,34,back_right_knee,111.61,666.02,111.61,1127.02,0.4817,True,True
sample_0291,SideViewCows2026,resnet_50,35,back_right_paw,715.53,635.99,715.53,1096.99,0.5113,True,False
sample_0291,SideViewCows2026,resnet_50,36,belly_bottom,619.66,570.81,619.66,1031.81,0.166,False,True
sample_0291,SideViewCows2026,resnet_50,37,body_middle_right,176.55,268.87,176.55,729.87,0.2907,True,True
sample_0291,SideViewCows2026,resnet_50,38,body_middle_left,970.22,188.93,970.22,649.93,0.2799,True,True
sample_0292,SideViewCows2026,resnet_50,0,nose,1077.61,448.07,1144.61,896.07,0.291,True,True
sample_0292,SideViewCows2026,resnet_50,1,upper_jaw,1082.51,451.96,1149.51,899.96,0.1836,False,True
sample_0292,SideViewCows2026,resnet_50,2,lower_jaw,1067.32,450.7,1134.32,898.7,0.1588,False,False
sample_0292,SideViewCows2026,resnet_50,3,mouth_end_right,1078.78,434.2,1145.78,882.2,0.1564,False,True
sample_0292,SideViewCows2026,resnet_50,4,mouth_end_left,1083.34,436.87,1150.34,884.87,0.2205,True,True
sample_0292,SideViewCows2026,resnet_50,5,right_eye,1047.01,309.24,1114.01,757.24,0.0925,False,True
sample_0292,SideViewCows2026,resnet_50,6,right_earbase,1067.73,216.56,1134.73,664.56,0.18,False,True
sample_0292,SideViewCows2026,resnet_50,7,right_earend,1083.65,202.32,1150.65,650.32,0.2211,True,False
sample_0292,SideViewCows2026,resnet_50,8,right_antler_base,1077.23,196.16,1144.23,644.16,0.1338,False,False
sample_0292,SideViewCows2026,resnet_50,9,right_antler_end,411.83,410.77,478.83,858.77,0.4053,True,True
sample_0292,SideViewCows2026,resnet_50,10,left_eye,671.03,285.47,738.03,733.47,0.1169,False,True
sample_0292,SideViewCows2026,resnet_50,11,left_earbase,391.02,75.61,458.02,523.61,0.0444,False,True
sample_0292,SideViewCows2026,resnet_50,12,left_earend,410.07,398.39,477.07,846.39,0.2177,True,True
sample_0292,SideViewCows2026,resnet_50,13,left_antler_base,1069.71,215.46,1136.71,663.46,0.1024,False,True
sample_0292,SideViewCows2026,resnet_50,14,left_antler_end,1080.06,194.22,1147.06,642.22,0.1716,False,False
sample_0292,SideViewCows2026,resnet_50,15,neck_base,729.62,95.37,796.62,543.37,0.2987,True,True
sample_0292,SideViewCows2026,resnet_50,16,neck_end,800.67,70.34,867.67,518.34,0.5927,True,True
sample_0292,SideViewCows2026,resnet_50,17,throat_base,793.33,345.34,860.33,793.34,0.353,True,True
sample_0292,SideViewCows2026,resnet_50,18,throat_end,908.06,340.73,975.06,788.73,0.3579,True,True
sample_0292,SideViewCows2026,resnet_50,19,back_base,791.08,46.77,858.08,494.77,0.6492,True,True
sample_0292,SideViewCows2026,resnet_50,20,back_end,423.37,63.12,490.37,511.12,0.3573,True,True
sample_0292,SideViewCows2026,resnet_50,21,back_middle,540.9,37.46,607.9,485.46,0.5872,True,True
sample_0292,SideViewCows2026,resnet_50,22,tail_base,416.34,63.64,483.34,511.64,0.2833,True,True
sample_0292,SideViewCows2026,resnet_50,23,tail_end,407.56,407.74,474.56,855.74,0.3412,True,True
sample_0292,SideViewCows2026,resnet_50,24,front_left_thai,591.72,339.53,658.72,787.53,0.6155,True,True
sample_0292,SideViewCows2026,resnet_50,25,front_left_knee,635.8,452.93,702.8,900.93,0.5136,True,False
sample_0292,SideViewCows2026,resnet_50,26,front_left_paw,663.87,616.04,730.87,1064.04,0.4443,True,True
sample_0292,SideViewCows2026,resnet_50,27,front_right_thai,698.88,364.54,765.88,812.54,0.3935,True,True
sample_0292,SideViewCows2026,resnet_50,28,front_right_knee,636.98,452.56,703.98,900.56,0.498,True,False
sample_0292,SideViewCows2026,resnet_50,29,front_right_paw,681.33,631.38,748.33,1079.38,0.5015,True,True
sample_0292,SideViewCows2026,resnet_50,30,back_left_paw,633.78,533.47,700.78,981.47,0.4272,True,False
sample_0292,SideViewCows2026,resnet_50,31,back_left_thai,638.55,350.39,705.55,798.39,0.3415,True,True
sample_0292,SideViewCows2026,resnet_50,32,back_right_thai,598.31,327.44,665.31,775.44,0.2584,True,True
sample_0292,SideViewCows2026,resnet_50,33,back_left_knee,620.54,436.62,687.54,884.62,0.3125,True,False
sample_0292,SideViewCows2026,resnet_50,34,back_right_knee,672.47,458.63,739.47,906.63,0.2974,True,True
sample_0292,SideViewCows2026,resnet_50,35,back_right_paw,618.99,539.82,685.99,987.82,0.3754,True,False
sample_0292,SideViewCows2026,resnet_50,36,belly_bottom,863.37,354.34,930.37,802.34,0.3791,True,False
sample_0292,SideViewCows2026,resnet_50,37,body_middle_right,518.22,239.76,585.22,687.76,0.2501,True,True
sample_0292,SideViewCows2026,resnet_50,38,body_middle_left,522.25,222.71,589.25,670.71,0.3418,True,True
sample_0293,SideViewCows2026,resnet_50,0,nose,924.31,302.32,1019.31,852.32,0.3215,True,True
sample_0293,SideViewCows2026,resnet_50,1,upper_jaw,932.26,310.12,1027.26,860.12,0.2751,True,True
sample_0293,SideViewCows2026,resnet_50,2,lower_jaw,912.17,313.54,1007.17,863.54,0.3666,True,True
sample_0293,SideViewCows2026,resnet_50,3,mouth_end_right,917.62,295.87,1012.62,845.87,0.3855,True,True
sample_0293,SideViewCows2026,resnet_50,4,mouth_end_left,893.98,291.89,988.98,841.89,0.3893,True,True
sample_0293,SideViewCows2026,resnet_50,5,right_eye,900.17,200.65,995.17,750.65,0.6279,True,True
sample_0293,SideViewCows2026,resnet_50,6,right_earbase,869.37,165.15,964.37,715.15,0.9522,True,True
sample_0293,SideViewCows2026,resnet_50,7,right_earend,882.18,162.9,977.18,712.9,0.7543,True,True
sample_0293,SideViewCows2026,resnet_50,8,right_antler_base,873.76,156.31,968.76,706.31,0.8125,True,True
sample_0293,SideViewCows2026,resnet_50,9,right_antler_end,883.79,129.77,978.79,679.77,0.4607,True,True
sample_0293,SideViewCows2026,resnet_50,10,left_eye,900.05,191.34,995.05,741.34,0.5787,True,True
sample_0293,SideViewCows2026,resnet_50,11,left_earbase,853.27,120.13,948.27,670.13,0.4337,True,True
sample_0293,SideViewCows2026,resnet_50,12,left_earend,845.66,113.96,940.66,663.96,0.5629,True,False
sample_0293,SideViewCows2026,resnet_50,13,left_antler_base,866.62,131.65,961.62,681.65,0.5002,True,True
sample_0293,SideViewCows2026,resnet_50,14,left_antler_end,876.51,125.04,971.51,675.04,0.3658,True,True
sample_0293,SideViewCows2026,resnet_50,15,neck_base,803.76,123.85,898.76,673.85,0.429,True,True
sample_0293,SideViewCows2026,resnet_50,16,neck_end,667.52,49.99,762.52,599.99,0.9817,True,True
sample_0293,SideViewCows2026,resnet_50,17,throat_base,756.09,243.91,851.09,793.91,0.6268,True,True
sample_0293,SideViewCows2026,resnet_50,18,throat_end,656.66,283.45,751.66,833.45,0.7779,True,True
sample_0293,SideViewCows2026,resnet_50,19,back_base,641.26,34.91,736.26,584.91,0.9517,True,True
sample_0293,SideViewCows2026,resnet_50,20,back_end,68.23,42.65,163.23,592.65,0.8141,True,True
sample_0293,SideViewCows2026,resnet_50,21,back_middle,294.02,29.01,389.02,579.01,1.0,True,True
sample_0293,SideViewCows2026,resnet_50,22,tail_base,41.2,45.4,136.2,595.4,0.944,True,True
sample_0293,SideViewCows2026,resnet_50,23,tail_end,57.8,333.67,152.8,883.67,0.5621,True,False
sample_0293,SideViewCows2026,resnet_50,24,front_left_thai,565.06,330.45,660.06,880.45,0.6639,True,True
sample_0293,SideViewCows2026,resnet_50,25,front_left_knee,560.88,407.23,655.88,957.23,0.8523,True,True
sample_0293,SideViewCows2026,resnet_50,26,front_left_paw,589.11,527.53,684.11,1077.53,0.9625,True,True
sample_0293,SideViewCows2026,resnet_50,27,front_right_thai,497.98,282.49,592.98,832.49,0.7758,True,True
sample_0293,SideViewCows2026,resnet_50,28,front_right_knee,496.98,420.58,591.98,970.58,0.7829,True,True
sample_0293,SideViewCows2026,resnet_50,29,front_right_paw,491.06,556.26,586.06,1106.26,0.9535,True,True
sample_0293,SideViewCows2026,resnet_50,30,back_left_paw,201.01,449.18,296.01,999.18,0.7869,True,True
sample_0293,SideViewCows2026,resnet_50,31,back_left_thai,175.6,297.71,270.6,847.71,0.8461,True,True
sample_0293,SideViewCows2026,resnet_50,32,back_right_thai,112.31,255.11,207.31,805.11,0.9309,True,True
sample_0293,SideViewCows2026,resnet_50,33,back_left_knee,173.32,362.35,268.32,912.35,0.9072,True,True
sample_0293,SideViewCows2026,resnet_50,34,back_right_knee,123.24,383.69,218.24,933.69,0.9493,True,True
sample_0293,SideViewCows2026,resnet_50,35,back_right_paw,175.88,542.0,270.88,1092.0,0.9102,True,True
sample_0293,SideViewCows2026,resnet_50,36,belly_bottom,310.17,347.34,405.17,897.34,0.7939,True,False
sample_0293,SideViewCows2026,resnet_50,37,body_middle_right,296.09,232.16,391.09,782.16,0.908,True,True
sample_0293,SideViewCows2026,resnet_50,38,body_middle_left,299.17,224.96,394.17,774.96,0.8089,True,True
sample_0294,SideViewCows2026,resnet_50,0,nose,230.3,165.32,233.3,537.32,0.2834,True,False
sample_0294,SideViewCows2026,resnet_50,1,upper_jaw,225.58,315.3,228.58,687.3,0.3516,True,True
sample_0294,SideViewCows2026,resnet_50,2,lower_jaw,238.73,309.71,241.73,681.71,0.4568,True,True
sample_0294,SideViewCows2026,resnet_50,3,mouth_end_right,251.84,292.32,254.84,664.32,0.427,True,True
sample_0294,SideViewCows2026,resnet_50,4,mouth_end_left,247.83,273.96,250.83,645.96,0.4049,True,True
sample_0294,SideViewCows2026,resnet_50,5,right_eye,262.77,127.89,265.77,499.89,0.2817,True,True
sample_0294,SideViewCows2026,resnet_50,6,right_earbase,1090.0,80.78,1093.0,452.78,0.4425,True,True
sample_0294,SideViewCows2026,resnet_50,7,right_earend,1087.7,60.82,1090.7,432.82,0.3875,True,True
sample_0294,SideViewCows2026,resnet_50,8,right_antler_base,272.76,83.53,275.76,455.53,0.4706,True,True
sample_0294,SideViewCows2026,resnet_50,9,right_antler_end,231.06,593.77,234.06,965.77,0.1896,False,True
sample_0294,SideViewCows2026,resnet_50,10,left_eye,261.7,127.23,264.7,499.23,0.3439,True,True
sample_0294,SideViewCows2026,resnet_50,11,left_earbase,273.77,79.45,276.77,451.45,0.3615,True,True
sample_0294,SideViewCows2026,resnet_50,12,left_earend,1038.47,33.52,1041.47,405.52,0.4448,True,True
sample_0294,SideViewCows2026,resnet_50,13,left_antler_base,262.67,78.03,265.67,450.03,0.3857,True,True
sample_0294,SideViewCows2026,resnet_50,14,left_antler_end,1063.36,38.28,1066.36,410.28,0.2819,True,True
sample_0294,SideViewCows2026,resnet_50,15,neck_base,285.12,107.24,288.12,479.24,0.4518,True,True
sample_0294,SideViewCows2026,resnet_50,16,neck_end,990.15,36.14,993.15,408.14,0.4987,True,True
sample_0294,SideViewCows2026,resnet_50,17,throat_base,1006.8,235.1,1009.8,607.1,0.3212,True,True
sample_0294,SideViewCows2026,resnet_50,18,throat_end,927.59,295.86,930.59,667.86,0.7318,True,True
sample_0294,SideViewCows2026,resnet_50,19,back_base,922.01,31.85,925.01,403.85,0.5156,True,True
sample_0294,SideViewCows2026,resnet_50,20,back_end,1036.27,24.82,1039.27,396.82,0.2116,True,True
sample_0294,SideViewCows2026,resnet_50,21,back_middle,603.19,43.21,606.19,415.21,0.8453,True,True
sample_0294,SideViewCows2026,resnet_50,22,tail_base,1064.13,53.72,1067.13,425.72,0.1951,False,True
sample_0294,SideViewCows2026,resnet_50,23,tail_end,229.23,629.87,232.23,1001.87,0.3626,True,True
sample_0294,SideViewCows2026,resnet_50,24,front_left_thai,809.97,362.08,812.97,734.08,0.4846,True,True
sample_0294,SideViewCows2026,resnet_50,25,front_left_knee,743.56,527.89,746.56,899.89,0.5056,True,True
sample_0294,SideViewCows2026,resnet_50,26,front_left_paw,752.14,630.72,755.14,1002.72,0.6244,True,False
sample_0294,SideViewCows2026,resnet_50,27,front_right_thai,722.89,332.4,725.89,704.4,0.7228,True,False
sample_0294,SideViewCows2026,resnet_50,28,front_right_knee,729.08,544.94,732.08,916.94,0.6349,True,True
sample_0294,SideViewCows2026,resnet_50,29,front_right_paw,718.57,658.64,721.57,1030.64,0.8014,True,True
sample_0294,SideViewCows2026,resnet_50,30,back_left_paw,324.52,521.14,327.52,893.14,0.3908,True,False
sample_0294,SideViewCows2026,resnet_50,31,back_left_thai,361.03,365.38,364.03,737.38,0.1567,False,False
sample_0294,SideViewCows2026,resnet_50,32,back_right_thai,379.41,298.46,382.41,670.46,0.1906,False,True
sample_0294,SideViewCows2026,resnet_50,33,back_left_knee,733.73,529.95,736.73,901.95,0.4735,True,True
sample_0294,SideViewCows2026,resnet_50,34,back_right_knee,297.06,396.87,300.06,768.87,0.2395,True,True
sample_0294,SideViewCows2026,resnet_50,35,back_right_paw,224.19,626.61,227.19,998.61,0.3774,True,True
sample_0294,SideViewCows2026,resnet_50,36,belly_bottom,489.29,443.99,492.29,815.99,0.7379,True,True
sample_0294,SideViewCows2026,resnet_50,37,body_middle_right,548.77,272.76,551.77,644.76,0.4463,True,True
sample_0294,SideViewCows2026,resnet_50,38,body_middle_left,556.39,267.59,559.39,639.59,0.3549,True,True
sample_0295,SideViewCows2026,resnet_50,0,nose,1129.12,355.84,1133.12,750.84,0.2845,True,True
sample_0295,SideViewCows2026,resnet_50,1,upper_jaw,1124.08,351.98,1128.08,746.98,0.3201,True,True
sample_0295,SideViewCows2026,resnet_50,2,lower_jaw,1103.88,364.95,1107.88,759.95,0.2716,True,True
sample_0295,SideViewCows2026,resnet_50,3,mouth_end_right,1095.7,350.36,1099.7,745.36,0.3172,True,True
sample_0295,SideViewCows2026,resnet_50,4,mouth_end_left,1098.05,341.13,1102.05,736.13,0.4211,True,True
sample_0295,SideViewCows2026,resnet_50,5,right_eye,1107.17,278.9,1111.17,673.9,0.6841,True,True
sample_0295,SideViewCows2026,resnet_50,6,right_earbase,1051.29,217.97,1055.29,612.97,0.9558,True,True
sample_0295,SideViewCows2026,resnet_50,7,right_earend,1112.94,197.35,1116.94,592.35,0.6698,True,True
sample_0295,SideViewCows2026,resnet_50,8,right_antler_base,1083.9,191.08,1087.9,586.08,0.7716,True,True
sample_0295,SideViewCows2026,resnet_50,9,right_antler_end,1107.52,171.08,1111.52,566.08,0.4304,True,True
sample_0295,SideViewCows2026,resnet_50,10,left_eye,1107.9,266.83,1111.9,661.83,0.6556,True,True
sample_0295,SideViewCows2026,resnet_50,11,left_earbase,1039.37,136.58,1043.37,531.58,0.5374,True,False
sample_0295,SideViewCows2026,resnet_50,12,left_earend,1052.1,121.12,1056.1,516.12,0.4523,True,False
sample_0295,SideViewCows2026,resnet_50,13,left_antler_base,1062.88,162.68,1066.88,557.68,0.5006,True,False
sample_0295,SideViewCows2026,resnet_50,14,left_antler_end,1090.03,157.91,1094.03,552.91,0.3528,True,False
sample_0295,SideViewCows2026,resnet_50,15,neck_base,988.75,142.88,992.75,537.88,0.5324,True,False
sample_0295,SideViewCows2026,resnet_50,16,neck_end,845.24,61.65,849.24,456.65,0.8539,True,True
sample_0295,SideViewCows2026,resnet_50,17,throat_base,944.56,332.31,948.56,727.31,0.7697,True,True
sample_0295,SideViewCows2026,resnet_50,18,throat_end,818.36,392.08,822.36,787.08,0.8083,True,True
sample_0295,SideViewCows2026,resnet_50,19,back_base,811.57,51.89,815.57,446.89,0.8309,True,True
sample_0295,SideViewCows2026,resnet_50,20,back_end,124.3,70.76,128.3,465.76,0.6777,True,False
sample_0295,SideViewCows2026,resnet_50,21,back_middle,460.08,27.13,464.08,422.13,0.8766,True,True
sample_0295,SideViewCows2026,resnet_50,22,tail_base,79.44,91.25,83.44,486.25,0.8395,True,True
sample_0295,SideViewCows2026,resnet_50,23,tail_end,45.11,100.35,49.11,495.35,0.3777,True,True
sample_0295,SideViewCows2026,resnet_50,24,front_left_thai,738.31,418.59,742.31,813.59,0.7118,True,True
sample_0295,SideViewCows2026,resnet_50,25,front_left_knee,751.64,502.12,755.64,897.12,0.7242,True,False
sample_0295,SideViewCows2026,resnet_50,26,front_left_paw,754.69,615.66,758.69,1010.66,0.8676,True,True
sample_0295,SideViewCows2026,resnet_50,27,front_right_thai,687.16,370.73,691.16,765.73,0.9163,True,True
sample_0295,SideViewCows2026,resnet_50,28,front_right_knee,685.58,532.2,689.58,927.2,0.7607,True,True
sample_0295,SideViewCows2026,resnet_50,29,front_right_paw,692.66,659.88,696.66,1054.88,0.9486,True,True
sample_0295,SideViewCows2026,resnet_50,30,back_left_paw,366.37,639.99,370.37,1034.99,0.7378,True,True
sample_0295,SideViewCows2026,resnet_50,31,back_left_thai,300.43,366.66,304.43,761.66,0.69,True,True
sample_0295,SideViewCows2026,resnet_50,32,back_right_thai,216.79,354.31,220.79,749.31,0.8541,True,True
sample_0295,SideViewCows2026,resnet_50,33,back_left_knee,301.48,522.13,305.48,917.13,0.8646,True,True
sample_0295,SideViewCows2026,resnet_50,34,back_right_knee,238.55,555.74,242.55,950.74,0.9066,True,True
sample_0295,SideViewCows2026,resnet_50,35,back_right_paw,327.8,749.33,331.8,1144.33,0.7809,True,True
sample_0295,SideViewCows2026,resnet_50,36,belly_bottom,504.87,427.88,508.87,822.88,0.8217,True,True
sample_0295,SideViewCows2026,resnet_50,37,body_middle_right,510.34,244.03,514.34,639.03,0.7156,True,True
sample_0295,SideViewCows2026,resnet_50,38,body_middle_left,509.03,249.3,513.03,644.3,0.6192,True,True
sample_0296,SideViewCows2026,resnet_50,0,nose,1124.11,215.55,1136.11,655.55,0.3369,True,True
sample_0296,SideViewCows2026,resnet_50,1,upper_jaw,1124.12,233.16,1136.12,673.16,0.2777,True,True
sample_0296,SideViewCows2026,resnet_50,2,lower_jaw,1123.29,243.31,1135.29,683.31,0.3521,True,True
sample_0296,SideViewCows2026,resnet_50,3,mouth_end_right,1130.18,231.48,1142.18,671.48,0.3741,True,True
sample_0296,SideViewCows2026,resnet_50,4,mouth_end_left,1116.55,226.24,1128.55,666.24,0.331,True,True
sample_0296,SideViewCows2026,resnet_50,5,right_eye,1133.0,191.81,1145.0,631.81,0.4661,True,True
sample_0296,SideViewCows2026,resnet_50,6,right_earbase,1105.5,134.94,1117.5,574.94,0.8524,True,True
sample_0296,SideViewCows2026,resnet_50,7,right_earend,1148.28,109.08,1160.28,549.08,0.4879,True,False
sample_0296,SideViewCows2026,resnet_50,8,right_antler_base,1117.21,121.63,1129.21,561.63,0.6302,True,True
sample_0296,SideViewCows2026,resnet_50,9,right_antler_end,1145.93,59.85,1157.93,499.85,0.2467,True,True
sample_0296,SideViewCows2026,resnet_50,10,left_eye,1132.41,173.2,1144.41,613.2,0.4385,True,True
sample_0296,SideViewCows2026,resnet_50,11,left_earbase,1044.36,64.8,1056.36,504.8,0.5951,True,False
sample_0296,SideViewCows2026,resnet_50,12,left_earend,1064.77,33.05,1076.77,473.05,0.7045,True,False
sample_0296,SideViewCows2026,resnet_50,13,left_antler_base,1066.75,71.85,1078.75,511.85,0.543,True,False
sample_0296,SideViewCows2026,resnet_50,14,left_antler_end,1085.23,56.2,1097.23,496.2,0.5549,True,False
sample_0296,SideViewCows2026,resnet_50,15,neck_base,1051.39,90.24,1063.39,530.24,0.7265,True,True
sample_0296,SideViewCows2026,resnet_50,16,neck_end,932.83,41.12,944.83,481.12,0.8849,True,True
sample_0296,SideViewCows2026,resnet_50,17,throat_base,1025.93,277.47,1037.93,717.47,0.5514,True,True
sample_0296,SideViewCows2026,resnet_50,18,throat_end,929.87,319.97,941.87,759.97,1.0,True,True
sample_0296,SideViewCows2026,resnet_50,19,back_base,909.14,29.26,921.14,469.26,0.8767,True,True
sample_0296,SideViewCows2026,resnet_50,20,back_end,191.84,75.64,203.84,515.64,0.7098,True,True
sample_0296,SideViewCows2026,resnet_50,21,back_middle,525.06,24.52,537.06,464.52,0.8388,True,True
sample_0296,SideViewCows2026,resnet_50,22,tail_base,168.15,82.42,180.15,522.42,0.6969,True,True
sample_0296,SideViewCows2026,resnet_50,23,tail_end,151.96,413.86,163.96,853.86,0.0849,False,True
sample_0296,SideViewCows2026,resnet_50,24,front_left_thai,744.06,366.12,756.06,806.12,0.5489,True,True
sample_0296,SideViewCows2026,resnet_50,25,front_left_knee,735.4,507.01,747.4,947.01,0.4479,True,True
sample_0296,SideViewCows2026,resnet_50,26,front_left_paw,743.65,612.78,755.65,1052.78,0.5874,True,True
sample_0296,SideViewCows2026,resnet_50,27,front_right_thai,782.82,353.29,794.82,793.29,1.0,True,True
sample_0296,SideViewCows2026,resnet_50,28,front_right_knee,763.65,523.32,775.65,963.32,0.6729,True,True
sample_0296,SideViewCows2026,resnet_50,29,front_right_paw,763.3,642.9,775.3,1082.9,0.8891,True,True
sample_0296,SideViewCows2026,resnet_50,30,back_left_paw,372.8,637.41,384.8,1077.41,1.0,True,True
sample_0296,SideViewCows2026,resnet_50,31,back_left_thai,295.67,444.88,307.67,884.88,0.6759,True,True
sample_0296,SideViewCows2026,resnet_50,32,back_right_thai,187.64,423.7,199.64,863.7,0.9887,True,True
sample_0296,SideViewCows2026,resnet_50,33,back_left_knee,279.49,537.1,291.49,977.1,0.7322,True,True
sample_0296,SideViewCows2026,resnet_50,34,back_right_knee,146.8,599.45,158.8,1039.45,0.8754,True,True
sample_0296,SideViewCows2026,resnet_50,35,back_right_paw,182.19,720.61,194.19,1160.61,0.981,True,True
sample_0296,SideViewCows2026,resnet_50,36,belly_bottom,504.57,440.1,516.57,880.1,0.5602,True,True
sample_0296,SideViewCows2026,resnet_50,37,body_middle_right,527.31,249.95,539.31,689.95,0.6166,True,True
sample_0296,SideViewCows2026,resnet_50,38,body_middle_left,542.48,259.65,554.48,699.65,0.6103,True,True
sample_0297,SideViewCows2026,resnet_50,0,nose,1149.54,61.98,1149.54,234.98,0.0701,False,True
sample_0297,SideViewCows2026,resnet_50,1,upper_jaw,103.78,834.22,103.78,1007.22,0.0743,False,True
sample_0297,SideViewCows2026,resnet_50,2,lower_jaw,1175.94,257.79,1175.94,430.79,0.1001,False,False
sample_0297,SideViewCows2026,resnet_50,3,mouth_end_right,1183.74,258.23,1183.74,431.23,0.0867,False,False
sample_0297,SideViewCows2026,resnet_50,4,mouth_end_left,117.82,796.16,117.82,969.16,0.0804,False,True
sample_0297,SideViewCows2026,resnet_50,5,right_eye,1186.26,163.59,1186.26,336.59,0.1499,False,False
sample_0297,SideViewCows2026,resnet_50,6,right_earbase,1148.75,87.24,1148.75,260.24,0.3876,True,False
sample_0297,SideViewCows2026,resnet_50,7,right_earend,1151.96,40.34,1151.96,213.34,0.3643,True,True
sample_0297,SideViewCows2026,resnet_50,8,right_antler_base,1186.33,64.5,1186.33,237.5,0.2192,True,False
sample_0297,SideViewCows2026,resnet_50,9,right_antler_end,1144.81,59.25,1144.81,232.25,0.1578,False,True
sample_0297,SideViewCows2026,resnet_50,10,left_eye,1131.55,100.02,1131.55,273.02,0.0834,False,True
sample_0297,SideViewCows2026,resnet_50,11,left_earbase,1007.69,65.99,1007.69,238.99,0.1387,False,True
sample_0297,SideViewCows2026,resnet_50,12,left_earend,1070.89,40.94,1070.89,213.94,0.2987,True,False
sample_0297,SideViewCows2026,resnet_50,13,left_antler_base,1081.1,67.2,1081.1,240.2,0.1273,False,True
sample_0297,SideViewCows2026,resnet_50,14,left_antler_end,1110.39,39.2,1110.39,212.2,0.2379,True,True
sample_0297,SideViewCows2026,resnet_50,15,neck_base,912.7,154.8,912.7,327.8,0.3505,True,True
sample_0297,SideViewCows2026,resnet_50,16,neck_end,901.9,57.84,901.9,230.84,0.8961,True,True
sample_0297,SideViewCows2026,resnet_50,17,throat_base,1047.15,306.33,1047.15,479.33,0.4463,True,False
sample_0297,SideViewCows2026,resnet_50,18,throat_end,938.48,352.4,938.48,525.4,0.672,True,True
sample_0297,SideViewCows2026,resnet_50,19,back_base,865.22,42.35,865.22,215.35,0.7872,True,True
sample_0297,SideViewCows2026,resnet_50,20,back_end,61.83,378.24,61.83,551.24,0.2352,True,True
sample_0297,SideViewCows2026,resnet_50,21,back_middle,57.13,92.23,57.13,265.23,0.6125,True,True
sample_0297,SideViewCows2026,resnet_50,22,tail_base,29.6,426.46,29.6,599.46,0.2209,True,True
sample_0297,SideViewCows2026,resnet_50,23,tail_end,35.03,637.45,35.03,810.45,0.1092,False,True
sample_0297,SideViewCows2026,resnet_50,24,front_left_thai,772.61,446.1,772.61,619.1,0.6644,True,True
sample_0297,SideViewCows2026,resnet_50,25,front_left_knee,790.68,544.62,790.68,717.62,0.6184,True,True
sample_0297,SideViewCows2026,resnet_50,26,front_left_paw,799.26,749.98,799.26,922.98,0.7472,True,True
sample_0297,SideViewCows2026,resnet_50,27,front_right_thai,814.23,434.45,814.23,607.45,0.9191,True,True
sample_0297,SideViewCows2026,resnet_50,28,front_right_knee,774.52,575.44,774.52,748.44,1.0,True,True
sample_0297,SideViewCows2026,resnet_50,29,front_right_paw,800.0,770.81,800.0,943.81,0.9777,True,True
sample_0297,SideViewCows2026,resnet_50,30,back_left_paw,53.4,954.12,53.4,1127.12,0.9248,True,True
sample_0297,SideViewCows2026,resnet_50,31,back_left_thai,84.84,636.24,84.84,809.24,0.9261,True,True
sample_0297,SideViewCows2026,resnet_50,32,back_right_thai,160.3,619.07,160.3,792.07,0.9012,True,True
sample_0297,SideViewCows2026,resnet_50,33,back_left_knee,44.15,814.09,44.15,987.09,0.8474,True,True
sample_0297,SideViewCows2026,resnet_50,34,back_right_knee,123.28,822.37,123.28,995.37,0.88,True,True
sample_0297,SideViewCows2026,resnet_50,35,back_right_paw,101.97,960.94,101.97,1133.94,0.7214,True,True
sample_0297,SideViewCows2026,resnet_50,36,belly_bottom,564.45,574.75,564.45,747.75,0.7029,True,True
sample_0297,SideViewCows2026,resnet_50,37,body_middle_right,567.46,298.13,567.46,471.13,0.4243,True,True
sample_0297,SideViewCows2026,resnet_50,38,body_middle_left,590.98,315.74,590.98,488.74,0.5457,True,True
sample_0298,SideViewCows2026,resnet_50,0,nose,1049.73,526.07,1049.73,830.07,0.056,False,False
sample_0298,SideViewCows2026,resnet_50,1,upper_jaw,892.27,727.47,892.27,1031.47,0.0722,False,True
sample_0298,SideViewCows2026,resnet_50,2,lower_jaw,866.13,717.9,866.13,1021.9,0.1262,False,True
sample_0298,SideViewCows2026,resnet_50,3,mouth_end_right,972.35,506.83,972.35,810.83,0.1188,False,True
sample_0298,SideViewCows2026,resnet_50,4,mouth_end_left,894.24,616.65,894.24,920.65,0.1149,False,True
sample_0298,SideViewCows2026,resnet_50,5,right_eye,527.38,127.64,527.38,431.64,0.0889,False,True
sample_0298,SideViewCows2026,resnet_50,6,right_earbase,558.09,98.87,558.09,402.87,0.277,True,True
sample_0298,SideViewCows2026,resnet_50,7,right_earend,529.63,117.42,529.63,421.42,0.5764,True,True
sample_0298,SideViewCows2026,resnet_50,8,right_antler_base,571.41,66.75,571.41,370.75,0.164,False,True
sample_0298,SideViewCows2026,resnet_50,9,right_antler_end,584.87,100.15,584.87,404.15,0.1354,False,True
sample_0298,SideViewCows2026,resnet_50,10,left_eye,859.76,615.67,859.76,919.67,0.062,False,False
sample_0298,SideViewCows2026,resnet_50,11,left_earbase,538.46,113.82,538.46,417.82,0.26,True,True
sample_0298,SideViewCows2026,resnet_50,12,left_earend,575.2,111.43,575.2,415.43,0.2457,True,True
sample_0298,SideViewCows2026,resnet_50,13,left_antler_base,520.84,69.39,520.84,373.39,0.2074,True,True
sample_0298,SideViewCows2026,resnet_50,14,left_antler_end,1121.79,45.11,1121.79,349.11,0.299,True,False
sample_0298,SideViewCows2026,resnet_50,15,neck_base,553.38,49.74,553.38,353.74,0.4555,True,True
sample_0298,SideViewCows2026,resnet_50,16,neck_end,684.57,51.58,684.57,355.58,0.4449,True,True
sample_0298,SideViewCows2026,resnet_50,17,throat_base,891.18,529.86,891.18,833.86,0.4402,True,True
sample_0298,SideViewCows2026,resnet_50,18,throat_end,873.24,564.4,873.24,868.4,0.4391,True,False
sample_0298,SideViewCows2026,resnet_50,19,back_base,472.5,47.41,472.5,351.41,0.4421,True,True
sample_0298,SideViewCows2026,resnet_50,20,back_end,1084.57,69.12,1084.57,373.12,0.334,True,True
sample_0298,SideViewCows2026,resnet_50,21,back_middle,857.41,41.68,857.41,345.68,0.4739,True,True
sample_0298,SideViewCows2026,resnet_50,22,tail_base,1114.37,81.74,1114.37,385.74,0.295,True,True
sample_0298,SideViewCows2026,resnet_50,23,tail_end,176.32,173.31,176.32,477.31,0.0738,False,True
sample_0298,SideViewCows2026,resnet_50,24,front_left_thai,870.21,614.47,870.21,918.47,0.338,True,False
sample_0298,SideViewCows2026,resnet_50,25,front_left_knee,883.52,654.22,883.52,958.22,0.7594,True,True
sample_0298,SideViewCows2026,resnet_50,26,front_left_paw,842.27,778.16,842.27,1082.16,0.6873,True,True
sample_0298,SideViewCows2026,resnet_50,27,front_right_thai,839.27,614.87,839.27,918.87,0.4919,True,True
sample_0298,SideViewCows2026,resnet_50,28,front_right_knee,840.19,660.22,840.19,964.22,0.7658,True,False
sample_0298,SideViewCows2026,resnet_50,29,front_right_paw,805.11,763.0,805.11,1067.0,0.975,True,True
sample_0298,SideViewCows2026,resnet_50,30,back_left_paw,297.7,838.1,297.7,1142.1,0.8738,True,True
sample_0298,SideViewCows2026,resnet_50,31,back_left_thai,229.89,632.81,229.89,936.81,0.7061,True,True
sample_0298,SideViewCows2026,resnet_50,32,back_right_thai,239.59,609.39,239.59,913.39,0.7593,True,True
sample_0298,SideViewCows2026,resnet_50,33,back_left_knee,249.39,760.68,249.39,1064.68,0.8508,True,True
sample_0298,SideViewCows2026,resnet_50,34,back_right_knee,188.78,785.82,188.78,1089.82,0.6242,True,True
sample_0298,SideViewCows2026,resnet_50,35,back_right_paw,174.62,864.99,174.62,1168.99,0.6291,True,True
sample_0298,SideViewCows2026,resnet_50,36,belly_bottom,608.84,650.38,608.84,954.38,0.3282,True,True
sample_0298,SideViewCows2026,resnet_50,37,body_middle_right,481.94,348.26,481.94,652.26,0.2481,True,True
sample_0298,SideViewCows2026,resnet_50,38,body_middle_left,557.08,390.79,557.08,694.79,0.2993,True,True
sample_0300,SideViewCows2026,resnet_50,0,nose,1177.74,650.0,1177.74,984.0,0.2951,True,False
sample_0300,SideViewCows2026,resnet_50,1,upper_jaw,1167.01,663.17,1167.01,997.17,0.1544,False,False
sample_0300,SideViewCows2026,resnet_50,2,lower_jaw,1150.28,428.57,1150.28,762.57,0.258,True,True
sample_0300,SideViewCows2026,resnet_50,3,mouth_end_right,1178.37,614.42,1178.37,948.42,0.1667,False,False
sample_0300,SideViewCows2026,resnet_50,4,mouth_end_left,1146.05,617.51,1146.05,951.51,0.1492,False,False
sample_0300,SideViewCows2026,resnet_50,5,right_eye,1170.34,308.96,1170.34,642.96,0.1142,False,False
sample_0300,SideViewCows2026,resnet_50,6,right_earbase,1136.85,155.36,1136.85,489.36,0.3102,True,True
sample_0300,SideViewCows2026,resnet_50,7,right_earend,1161.72,133.32,1161.72,467.32,0.2444,True,True
sample_0300,SideViewCows2026,resnet_50,8,right_antler_base,1148.38,137.15,1148.38,471.15,0.2052,True,True
sample_0300,SideViewCows2026,resnet_50,9,right_antler_end,1193.17,475.73,1193.17,809.73,0.1113,False,False
sample_0300,SideViewCows2026,resnet_50,10,left_eye,1186.3,295.08,1186.3,629.08,0.0952,False,False
sample_0300,SideViewCows2026,resnet_50,11,left_earbase,1123.07,128.11,1123.07,462.11,0.2273,True,True
sample_0300,SideViewCows2026,resnet_50,12,left_earend,1102.86,96.36,1102.86,430.36,0.419,True,False
sample_0300,SideViewCows2026,resnet_50,13,left_antler_base,1128.27,131.41,1128.27,465.41,0.2514,True,True
sample_0300,SideViewCows2026,resnet_50,14,left_antler_end,1127.78,103.51,1127.78,437.51,0.246,True,False
sample_0300,SideViewCows2026,resnet_50,15,neck_base,1095.63,119.05,1095.63,453.05,0.5133,True,True
sample_0300,SideViewCows2026,resnet_50,16,neck_end,1040.91,78.45,1040.91,412.45,0.6601,True,False
sample_0300,SideViewCows2026,resnet_50,17,throat_base,1020.34,441.2,1020.34,775.2,0.4897,True,True
sample_0300,SideViewCows2026,resnet_50,18,throat_end,916.27,522.06,916.27,856.06,0.7445,True,True
sample_0300,SideViewCows2026,resnet_50,19,back_base,1016.16,68.78,1016.16,402.78,0.684,True,True
sample_0300,SideViewCows2026,resnet_50,20,back_end,68.06,38.16,68.06,372.16,0.3125,True,True
sample_0300,SideViewCows2026,resnet_50,21,back_middle,479.74,29.71,479.74,363.71,0.7905,True,True
sample_0300,SideViewCows2026,resnet_50,22,tail_base,155.66,41.89,155.66,375.89,0.3264,True,True
sample_0300,SideViewCows2026,resnet_50,23,tail_end,74.23,400.97,74.23,734.97,0.1335,False,True
sample_0300,SideViewCows2026,resnet_50,24,front_left_thai,727.45,550.62,727.45,884.62,0.4163,True,True
sample_0300,SideViewCows2026,resnet_50,25,front_left_knee,702.16,632.75,702.16,966.75,0.5614,True,True
sample_0300,SideViewCows2026,resnet_50,26,front_left_paw,663.9,745.0,663.9,1079.0,0.7869,True,True
sample_0300,SideViewCows2026,resnet_50,27,front_right_thai,768.61,489.99,768.61,823.99,0.8194,True,True
sample_0300,SideViewCows2026,resnet_50,28,front_right_knee,760.8,641.49,760.8,975.49,0.6297,True,True
sample_0300,SideViewCows2026,resnet_50,29,front_right_paw,786.97,813.67,786.97,1147.67,0.9231,True,True
sample_0300,SideViewCows2026,resnet_50,30,back_left_paw,270.3,732.81,270.3,1066.81,0.8783,True,True
sample_0300,SideViewCows2026,resnet_50,31,back_left_thai,200.93,499.17,200.93,833.17,0.5499,True,True
sample_0300,SideViewCows2026,resnet_50,32,back_right_thai,110.07,430.51,110.07,764.51,0.9685,True,True
sample_0300,SideViewCows2026,resnet_50,33,back_left_knee,219.54,594.4,219.54,928.4,0.9749,True,True
sample_0300,SideViewCows2026,resnet_50,34,back_right_knee,61.27,584.65,61.27,918.65,0.957,True,True
sample_0300,SideViewCows2026,resnet_50,35,back_right_paw,44.7,796.62,44.7,1130.62,0.5459,True,True
sample_0300,SideViewCows2026,resnet_50,36,belly_bottom,421.77,600.09,421.77,934.09,0.5599,True,False
sample_0300,SideViewCows2026,resnet_50,37,body_middle_right,440.21,367.98,440.21,701.98,0.7135,True,True
sample_0300,SideViewCows2026,resnet_50,38,body_middle_left,445.48,385.35,445.48,719.35,0.6339,True,True
