sample_id,dataset,source_image_path,provenance_group,cow_or_identity_id_if_available,session_or_timeblock_if_available,viewpoint,occlusion,body_cutoff,multiple_cows,review_status
vp1k_0001,ScienceDB,datasets/bcs/sciencedb_bcs/dataset/3.5/YM_1859_5.jpg,YM_burst_0954,,YM_Farm2/YM_1859,rear,none,none,yes,human_verified
vp1k_0002,ScienceDB,datasets/bcs/sciencedb_bcs/dataset/4.0/GS_336_4.jpg,GS_burst_2603,,GS_Gansu/GS_336,rear,none,none,no,human_verified
vp1k_0003,MmCows,datasets/behavior/mmcows/cropped_bboxes/behaviors/6/1690306586_12-36-26_14_4.jpg,ev_1690306586_c14,cow_14,tb_2_cam_4,side,none,none,no,human_verified
vp1k_0004,ScienceDB,datasets/bcs/sciencedb_bcs/dataset/4.0/GS_3313_18.jpg,GS_burst_2564,,GS_Gansu/GS_3313,rear,none,none,no,human_verified
vp1k_0005,ScienceDB,datasets/bcs/sciencedb_bcs/dataset/3.5/YM_1682_3.jpg,YM_burst_0758,,YM_Farm2/YM_1682,rear-oblique,none,none,yes,human_verified
vp1k_0006,ScienceDB,datasets/bcs/sciencedb_bcs/dataset/4.0/GS_556_5.jpg,GS_burst_2847,,GS_Gansu/GS_556,rear,none,partial,no,human_verified
vp1k_0007,ScienceDB,datasets/bcs/sciencedb_bcs/dataset/3.5/GS_342_4.jpg,GS_burst_2610,,GS_Gansu/GS_342,rear,none,partial,no,human_verified
vp1k_0008,MmCows,datasets/behavior/mmcows/cropped_bboxes/behaviors/1/1690343501_22-51-41_12_3.jpg,ev_1690343501_c12,cow_12,tb_3_cam_3,rear-oblique,none,none,no,human_verified
vp1k_0009,SideViewCows2026,datasets/id/external/sideviewcows2026/barn/images/684/684_0260.jpg,barn_cow_0684_sess_001,cow_684,barn/barn_cow_0684_sess_001,side,partial,none,no,human_verified
vp1k_0010,MmCows,datasets/behavior/mmcows/cropped_bboxes/behaviors/4/1690319411_16-10-11_14_2.jpg,ev_1690319411_c14,cow_14,tb_2_cam_2,unknown / ambiguous,severe,severe,no,human_verified
vp1k_0011,SideViewCows2026,datasets/id/external/sideviewcows2026/barn/images/725/725_0159.jpg,barn_cow_0725_sess_001,cow_725,barn/barn_cow_0725_sess_001,side,none,partial,no,human_verified
vp1k_0012,SideViewCows2026,datasets/id/external/sideviewcows2026/barn/images/166/166_0262.jpg,barn_cow_0166_sess_001,cow_166,barn/barn_cow_0166_sess_001,side,none,none,yes,human_verified
vp1k_0013,ScienceDB,datasets/bcs/sciencedb_bcs/dataset/3.75/GS_1833_5.jpg,GS_burst_0925,,GS_Gansu/GS_1833,rear,partial,none,yes,human_verified
vp1k_0014,SideViewCows2026,datasets/id/external/sideviewcows2026/barn/images/920/920_0239.jpg,barn_cow_0920_sess_001,cow_920,barn/barn_cow_0920_sess_001,side,none,none,no,human_verified
vp1k_0015,ScienceDB,datasets/bcs/sciencedb_bcs/dataset/3.25/R-i640.jpg,STEREO_burst_0012,,STEREO_Farm3/STEREO_blk_012,rear,none,severe,no,human_verified
vp1k_0016,MmCows,datasets/behavior/mmcows/cropped_bboxes/behaviors/2/1690313741_14-35-41_5_2.jpg,ev_1690313741_c5,cow_5,tb_2_cam_2,unknown / ambiguous,none,none,no,human_verified
vp1k_0017,MmCows,datasets/behavior/mmcows/cropped_bboxes/behaviors/3/1690290236_08-03-56_4_2.jpg,ev_1690290236_c4,cow_4,tb_2_cam_2,rear-oblique,partial,partial,yes,human_verified
vp1k_0018,MmCows,datasets/behavior/mmcows/cropped_bboxes/behaviors/6/1690299941_10-45-41_5_3.jpg,ev_1690299941_c5,cow_5,tb_2_cam_3,unknown / ambiguous,none,none,no,human_verified
vp1k_0019,SideViewCows2026,datasets/id/external/sideviewcows2026/snapshots/images/465/465_0020.jpg,snap_cow_0465_sess_003,cow_465,snapshots/snap_cow_0465_sess_003,side,none,partial,no,human_verified
vp1k_0020,SideViewCows2026,datasets/id/external/sideviewcows2026/parlor/images/244/244_0860.jpg,parlor_cow_0244_sess_047,cow_244,parlor/parlor_cow_0244_sess_047,side,partial,partial,no,human_verified
vp1k_0021,SideViewCows2026,datasets/id/external/sideviewcows2026/snapshots/images/207/207_0009.jpg,snap_cow_0207_sess_003,cow_207,snapshots/snap_cow_0207_sess_003,side,partial,none,no,human_verified
vp1k_0022,ScienceDB,datasets/bcs/sciencedb_bcs/dataset/4.25/GS_145_18.jpg,GS_burst_0502,,GS_Gansu/GS_145,rear,none,none,no,human_verified
vp1k_0023,SideViewCows2026,datasets/id/external/sideviewcows2026/barn/images/475/475_0164.jpg,barn_cow_0475_sess_001,cow_475,barn/barn_cow_0475_sess_001,side,partial,partial,no,human_verified
vp1k_0024,SideViewCows2026,datasets/id/external/sideviewcows2026/parlor/images/853/853_0413.jpg,parlor_cow_0853_sess_023,cow_853,parlor/parlor_cow_0853_sess_023,side,partial,partial,no,human_verified
vp1k_0025,SideViewCows2026,datasets/id/external/sideviewcows2026/barn/images/680/680_0121.jpg,barn_cow_0680_sess_001,cow_680,barn/barn_cow_0680_sess_001,side,none,none,no,human_verified
vp1k_0026,SideViewCows2026,datasets/id/external/sideviewcows2026/barn/images/594/594_0416.jpg,barn_cow_0594_sess_002,cow_594,barn/barn_cow_0594_sess_002,side,none,none,no,human_verified
vp1k_0027,ScienceDB,datasets/bcs/sciencedb_bcs/dataset/3.25/GS_2259_4.jpg,GS_burst_1393,,GS_Gansu/GS_2259,rear,none,partial,no,human_verified
vp1k_0028,MmCows,datasets/behavior/mmcows/cropped_bboxes/behaviors/1/1690338356_21-25-56_16_3.jpg,ev_1690338356_c16,cow_16,tb_3_cam_3,unknown / ambiguous,none,none,no,human_verified
vp1k_0029,MmCows,datasets/behavior/mmcows/cropped_bboxes/behaviors/7/1690334861_20-27-41_5_2.jpg,ev_1690334861_c5,cow_5,tb_3_cam_2,unknown / ambiguous,none,none,no,human_verified
vp1k_0030,ScienceDB,datasets/bcs/sciencedb_bcs/dataset/3.75/YM_1199_5.jpg,YM_burst_0223,,YM_Farm2/YM_1199,rear,none,partial,no,human_verified
vp1k_0031,ScienceDB,datasets/bcs/sciencedb_bcs/dataset/3.5/GS_1395_4.jpg,GS_burst_0441,,GS_Gansu/GS_1395,unknown / ambiguous,none,none,no,human_verified
vp1k_0032,SideViewCows2026,datasets/id/external/sideviewcows2026/barn/images/124/124_0081.jpg,barn_cow_0124_sess_001,cow_124,barn/barn_cow_0124_sess_001,side,none,partial,no,human_verified
vp1k_0033,ScienceDB,datasets/bcs/sciencedb_bcs/dataset/3.75/GS_1939_3.jpg,GS_burst_1041,,GS_Gansu/GS_1939,rear,none,partial,no,human_verified
vp1k_0034,SideViewCows2026,datasets/id/external/sideviewcows2026/snapshots/images/680/680_0010.jpg,snap_cow_0680_sess_001,cow_680,snapshots/snap_cow_0680_sess_001,side,none,partial,no,human_verified
vp1k_0035,ScienceDB,datasets/bcs/sciencedb_bcs/dataset/4.0/YM_700_4.jpg,YM_burst_1724,,YM_Farm2/YM_700,rear-oblique,none,partial,yes,human_verified
vp1k_0036,SideViewCows2026,datasets/id/external/sideviewcows2026/parlor/images/335/335_0080.jpg,parlor_cow_0335_sess_008,cow_335,parlor/parlor_cow_0335_sess_008,side,partial,none,no,human_verified
vp1k_0037,MmCows,datasets/behavior/mmcows/cropped_bboxes/behaviors/1/1690313861_14-37-41_11_3.jpg,ev_1690313861_c11,cow_11,tb_2_cam_3,unknown / ambiguous,none,none,no,human_verified
vp1k_0038,SideViewCows2026,datasets/id/external/sideviewcows2026/snapshots/images/389/389_0003.jpg,snap_cow_0389_sess_001,cow_389,snapshots/snap_cow_0389_sess_001,side,none,partial,no,human_verified
vp1k_0039,SideViewCows2026,datasets/id/external/sideviewcows2026/barn/images/529/529_0125.jpg,barn_cow_0529_sess_001,cow_529,barn/barn_cow_0529_sess_001,side,none,none,yes,human_verified
vp1k_0040,SideViewCows2026,datasets/id/external/sideviewcows2026/barn/images/491/491_0101.jpg,barn_cow_0491_sess_001,cow_491,barn/barn_cow_0491_sess_001,side,none,none,no,human_verified
vp1k_0041,ScienceDB,datasets/bcs/sciencedb_bcs/dataset/3.75/YM_1180_3.jpg,YM_burst_0203,,YM_Farm2/YM_1180,rear,none,partial,no,human_verified
vp1k_0042,MmCows,datasets/behavior/mmcows/cropped_bboxes/behaviors/6/1690308761_13-12-41_15_4.jpg,ev_1690308761_c15,cow_15,tb_2_cam_4,front-oblique,severe,none,yes,human_verified
vp1k_0043,ScienceDB,datasets/bcs/sciencedb_bcs/dataset/4.0/L-i4569.jpg,STEREO_burst_0097,,STEREO_Farm3/STEREO_blk_097,rear,none,partial,no,human_verified
vp1k_0044,ScienceDB,datasets/bcs/sciencedb_bcs/dataset/3.75/YM_1294_4.jpg,YM_burst_0328,,YM_Farm2/YM_1294,rear,none,partial,yes,human_verified
vp1k_0045,ScienceDB,datasets/bcs/sciencedb_bcs/dataset/4.0/GS_3149_4.jpg,GS_burst_2381,,GS_Gansu/GS_3149,rear,none,partial,no,human_verified
vp1k_0046,SideViewCows2026,datasets/id/external/sideviewcows2026/parlor/images/828/828_0355.jpg,parlor_cow_0828_sess_024,cow_828,parlor/parlor_cow_0828_sess_024,side,partial,partial,no,human_verified
vp1k_0047,MmCows,datasets/behavior/mmcows/cropped_bboxes/behaviors/6/1690279991_05-13-11_8_3.jpg,ev_1690279991_c8,cow_8,tb_2_cam_3,side,severe,severe,yes,human_verified
vp1k_0048,MmCows,datasets/behavior/mmcows/cropped_bboxes/behaviors/6/1690303631_11-47-11_3_3.jpg,ev_1690303631_c3,cow_3,tb_2_cam_3,unknown / ambiguous,none,none,no,human_verified
vp1k_0049,SideViewCows2026,datasets/id/external/sideviewcows2026/parlor/images/241/241_0006.jpg,parlor_cow_0241_sess_002,cow_241,parlor/parlor_cow_0241_sess_002,side,none,partial,yes,human_verified
vp1k_0050,MmCows,datasets/behavior/mmcows/cropped_bboxes/behaviors/2/1690276601_04-16-41_13_3.jpg,ev_1690276601_c13,cow_13,tb_1_cam_3,unknown / ambiguous,none,none,no,human_verified
vp1k_0051,MmCows,datasets/behavior/mmcows/cropped_bboxes/behaviors/5/1690339481_21-44-41_6_3.jpg,ev_1690339481_c6,cow_6,tb_3_cam_3,front-oblique,partial,none,no,human_verified
vp1k_0052,SideViewCows2026,datasets/id/external/sideviewcows2026/parlor/images/442/442_0145.jpg,parlor_cow_0442_sess_011,cow_442,parlor/parlor_cow_0442_sess_011,side,severe,none,no,human_verified
vp1k_0053,MmCows,datasets/behavior/mmcows/cropped_bboxes/behaviors/1/1690291706_08-28-26_11_3.jpg,ev_1690291706_c11,cow_11,tb_2_cam_3,unknown / ambiguous,none,none,no,human_verified
vp1k_0054,SideViewCows2026,datasets/id/external/sideviewcows2026/parlor/images/481/481_0301.jpg,parlor_cow_0481_sess_013,cow_481,parlor/parlor_cow_0481_sess_013,side,none,none,yes,human_verified
vp1k_0055,SideViewCows2026,datasets/id/external/sideviewcows2026/parlor/images/475/475_0736.jpg,parlor_cow_0475_sess_033,cow_475,parlor/parlor_cow_0475_sess_033,side,partial,severe,no,human_verified
vp1k_0056,SideViewCows2026,datasets/id/external/sideviewcows2026/parlor/images/594/594_0164.jpg,parlor_cow_0594_sess_011,cow_594,parlor/parlor_cow_0594_sess_011,side,none,severe,no,human_verified
vp1k_0057,MmCows,datasets/behavior/mmcows/cropped_bboxes/behaviors/4/1690293971_09-06-11_6_3.jpg,ev_1690293971_c6,cow_6,tb_2_cam_3,unknown / ambiguous,none,none,no,human_verified
vp1k_0058,ScienceDB,datasets/bcs/sciencedb_bcs/dataset/3.75/YM_1244_5.jpg,YM_burst_0274,,YM_Farm2/YM_1244,rear,none,partial,no,human_verified
vp1k_0059,MmCows,datasets/behavior/mmcows/cropped_bboxes/behaviors/3/1690273916_03-31-56_13_3.jpg,ev_1690273916_c13,cow_13,tb_1_cam_3,side,none,partial,yes,human_verified
vp1k_0060,SideViewCows2026,datasets/id/external/sideviewcows2026/parlor/images/168/168_0254.jpg,parlor_cow_0168_sess_021,cow_168,parlor/parlor_cow_0168_sess_021,side,partial,severe,no,human_verified
vp1k_0061,ScienceDB,datasets/bcs/sciencedb_bcs/dataset/4.25/YM_983_4.jpg,YM_burst_2037,,YM_Farm2/YM_983,rear,none,partial,yes,human_verified
vp1k_0062,ScienceDB,datasets/bcs/sciencedb_bcs/dataset/4.25/GS_1706_4.jpg,GS_burst_0787,,GS_Gansu/GS_1706,unknown / ambiguous,none,none,yes,human_verified
vp1k_0063,MmCows,datasets/behavior/mmcows/cropped_bboxes/behaviors/7/1690281416_05-36-56_11_1.jpg,ev_1690281416_c11,cow_11,tb_2_cam_1,unknown / ambiguous,none,none,no,human_verified
vp1k_0064,ScienceDB,datasets/bcs/sciencedb_bcs/dataset/3.5/YM_1298_13.jpg,YM_burst_0332,,YM_Farm2/YM_1298,rear,none,partial,no,human_verified
vp1k_0065,MmCows,datasets/behavior/mmcows/cropped_bboxes/behaviors/2/1690291646_08-27-26_11_3.jpg,ev_1690291646_c11,cow_11,tb_2_cam_3,unknown / ambiguous,none,none,no,human_verified
vp1k_0066,MmCows,datasets/behavior/mmcows/cropped_bboxes/behaviors/4/1690289696_07-54-56_15_3.jpg,ev_1690289696_c15,cow_15,tb_2_cam_3,unknown / ambiguous,none,none,yes,human_verified
vp1k_0067,MmCows,datasets/behavior/mmcows/cropped_bboxes/behaviors/3/1690292261_08-37-41_5_3.jpg,ev_1690292261_c5,cow_5,tb_2_cam_3,side,severe,none,yes,human_verified
vp1k_0068,ScienceDB,datasets/bcs/sciencedb_bcs/dataset/4.25/YM_1227_2.jpg,YM_burst_0255,,YM_Farm2/YM_1227,rear,none,partial,yes,human_verified
vp1k_0069,ScienceDB,datasets/bcs/sciencedb_bcs/dataset/3.5/L-i3532.jpg,STEREO_burst_0068,,STEREO_Farm3/STEREO_blk_068,rear,none,partial,no,human_verified
vp1k_0070,SideViewCows2026,datasets/id/external/sideviewcows2026/barn/images/465/465_0235.jpg,barn_cow_0465_sess_001,cow_465,barn/barn_cow_0465_sess_001,side,none,none,no,human_verified
vp1k_0071,SideViewCows2026,datasets/id/external/sideviewcows2026/barn/images/680/680_0362.jpg,barn_cow_0680_sess_001,cow_680,barn/barn_cow_0680_sess_001,front-oblique,none,none,no,human_verified
vp1k_0072,MmCows,datasets/behavior/mmcows/cropped_bboxes/behaviors/3/1690330766_19-19-26_16_3.jpg,ev_1690330766_c16,cow_16,tb_3_cam_3,side,partial,none,yes,human_verified
vp1k_0073,SideViewCows2026,datasets/id/external/sideviewcows2026/parlor/images/687/687_0077.jpg,parlor_cow_0687_sess_004,cow_687,parlor/parlor_cow_0687_sess_004,side,none,severe,yes,human_verified
vp1k_0074,MmCows,datasets/behavior/mmcows/cropped_bboxes/behaviors/7/1690326386_18-06-26_7_3.jpg,ev_1690326386_c7,cow_7,tb_3_cam_3,unknown / ambiguous,none,none,no,human_verified
vp1k_0075,ScienceDB,datasets/bcs/sciencedb_bcs/dataset/4.0/YM_175_3.jpg,YM_burst_0833,,YM_Farm2/YM_175,rear,none,none,no,human_verified
vp1k_0076,SideViewCows2026,datasets/id/external/sideviewcows2026/barn/images/687/687_0080.jpg,barn_cow_0687_sess_001,cow_687,barn/barn_cow_0687_sess_001,side,none,severe,no,human_verified
vp1k_0077,MmCows,datasets/behavior/mmcows/cropped_bboxes/behaviors/6/1690297541_10-05-41_12_3.jpg,ev_1690297541_c12,cow_12,tb_2_cam_3,side,none,partial,yes,human_verified
vp1k_0078,ScienceDB,datasets/bcs/sciencedb_bcs/dataset/3.75/GS_2642_5.jpg,GS_burst_1818,,GS_Gansu/GS_2642,rear,none,none,no,human_verified
vp1k_0079,ScienceDB,datasets/bcs/sciencedb_bcs/dataset/3.75/GS_1310_3.jpg,GS_burst_0348,,GS_Gansu/GS_1310,rear,none,none,no,human_verified
vp1k_0080,MmCows,datasets/behavior/mmcows/cropped_bboxes/behaviors/4/1690333436_20-03-56_15_3.jpg,ev_1690333436_c15,cow_15,tb_3_cam_3,side,partial,none,no,human_verified
vp1k_0081,SideViewCows2026,datasets/id/external/sideviewcows2026/parlor/images/375/375_0136.jpg,parlor_cow_0375_sess_005,cow_375,parlor/parlor_cow_0375_sess_005,side,partial,none,yes,human_verified
vp1k_0082,ScienceDB,datasets/bcs/sciencedb_bcs/dataset/3.5/YM_660_5.jpg,YM_burst_1679,,YM_Farm2/YM_660,rear,none,none,no,human_verified
vp1k_0083,SideViewCows2026,datasets/id/external/sideviewcows2026/parlor/images/406/406_0199.jpg,parlor_cow_0406_sess_011,cow_406,parlor/parlor_cow_0406_sess_011,side,partial,none,yes,human_verified
vp1k_0084,MmCows,datasets/behavior/mmcows/cropped_bboxes/behaviors/5/1690282736_05-58-56_7_3.jpg,ev_1690282736_c7,cow_7,tb_2_cam_3,unknown / ambiguous,none,none,no,human_verified
vp1k_0085,MmCows,datasets/behavior/mmcows/cropped_bboxes/behaviors/3/1690322561_17-02-41_8_3.jpg,ev_1690322561_c8,cow_8,tb_3_cam_3,rear-oblique,severe,none,no,human_verified
vp1k_0086,ScienceDB,datasets/bcs/sciencedb_bcs/dataset/3.25/YM_495_4.jpg,YM_burst_1495,,YM_Farm2/YM_495,rear,none,none,yes,human_verified
vp1k_0087,ScienceDB,datasets/bcs/sciencedb_bcs/dataset/3.25/R-i6881.jpg,STEREO_burst_0144,,STEREO_Farm3/STEREO_blk_144,rear,none,severe,no,human_verified
vp1k_0088,ScienceDB,datasets/bcs/sciencedb_bcs/dataset/3.5/YM_2042_4.jpg,YM_burst_1158,,YM_Farm2/YM_2042,rear,none,none,yes,human_verified
vp1k_0089,MmCows,datasets/behavior/mmcows/cropped_bboxes/behaviors/1/1690332386_19-46-26_15_3.jpg,ev_1690332386_c15,cow_15,tb_3_cam_3,unknown / ambiguous,none,none,no,human_verified
vp1k_0090,MmCows,datasets/behavior/mmcows/cropped_bboxes/behaviors/6/1690326341_18-05-41_4_3.jpg,ev_1690326341_c4,cow_4,tb_3_cam_3,unknown / ambiguous,none,none,no,human_verified
vp1k_0091,MmCows,datasets/behavior/mmcows/cropped_bboxes/behaviors/1/1690314986_14-56-26_15_3.jpg,ev_1690314986_c15,cow_15,tb_2_cam_3,side,none,none,no,human_verified
vp1k_0092,ScienceDB,datasets/bcs/sciencedb_bcs/dataset/4.25/GS_1604_4.jpg,GS_burst_0674,,GS_Gansu/GS_1604,rear,none,none,no,human_verified
vp1k_0093,MmCows,datasets/behavior/mmcows/cropped_bboxes/behaviors/7/1690303226_11-40-26_11_3.jpg,ev_1690303226_c11,cow_11,tb_2_cam_3,unknown / ambiguous,severe,none,yes,human_verified
vp1k_0094,ScienceDB,datasets/bcs/sciencedb_bcs/dataset/3.75/YM_435_4.jpg,YM_burst_1429,,YM_Farm2/YM_435,rear,none,none,yes,human_verified
vp1k_0095,MmCows,datasets/behavior/mmcows/cropped_bboxes/behaviors/6/1690321136_16-38-56_5_3.jpg,ev_1690321136_c5,cow_5,tb_3_cam_3,unknown / ambiguous,none,none,no,human_verified
vp1k_0096,ScienceDB,datasets/bcs/sciencedb_bcs/dataset/3.25/YM_1789_2.jpg,YM_burst_0876,,YM_Farm2/YM_1789,rear,none,none,yes,human_verified
vp1k_0097,SideViewCows2026,datasets/id/external/sideviewcows2026/parlor/images/571/571_0219.jpg,parlor_cow_0571_sess_014,cow_571,parlor/parlor_cow_0571_sess_014,side,partial,none,yes,human_verified
vp1k_0098,ScienceDB,datasets/bcs/sciencedb_bcs/dataset/4.0/GS_2853_4.jpg,GS_burst_2052,,GS_Gansu/GS_2853,rear,none,none,no,human_verified
vp1k_0099,SideViewCows2026,datasets/id/external/sideviewcows2026/barn/images/433/433_0086.jpg,barn_cow_0433_sess_001,cow_433,barn/barn_cow_0433_sess_001,side,none,partial,no,human_verified
vp1k_0100,MmCows,datasets/behavior/mmcows/cropped_bboxes/behaviors/1/1690325366_17-49-26_15_3.jpg,ev_1690325366_c15,cow_15,tb_3_cam_3,side,partial,none,no,human_verified
vp1k_0101,ScienceDB,datasets/bcs/sciencedb_bcs/dataset/3.5/YM_1593_4.jpg,YM_burst_0659,,YM_Farm2/YM_1593,rear,none,none,no,human_verified
vp1k_0102,ScienceDB,datasets/bcs/sciencedb_bcs/dataset/4.25/GS_76_17.jpg,GS_burst_3073,,GS_Gansu/GS_76,rear,none,none,no,human_verified
vp1k_0103,SideViewCows2026,datasets/id/external/sideviewcows2026/parlor/images/355/355_0266.jpg,parlor_cow_0355_sess_025,cow_355,parlor/parlor_cow_0355_sess_025,side,none,severe,no,human_verified
vp1k_0104,ScienceDB,datasets/bcs/sciencedb_bcs/dataset/3.75/YM_1863_5.jpg,YM_burst_0959,,YM_Farm2/YM_1863,rear,none,none,yes,human_verified
vp1k_0105,ScienceDB,datasets/bcs/sciencedb_bcs/dataset/4.0/YM_577_3.jpg,YM_burst_1586,,YM_Farm2/YM_577,rear,none,none,no,human_verified
vp1k_0106,SideViewCows2026,datasets/id/external/sideviewcows2026/barn/images/481/481_0258.jpg,barn_cow_0481_sess_001,cow_481,barn/barn_cow_0481_sess_001,side,none,none,no,human_verified
vp1k_0107,ScienceDB,datasets/bcs/sciencedb_bcs/dataset/3.5/GS_759_5.jpg,GS_burst_3072,,GS_Gansu/GS_759,rear,none,none,no,human_verified
vp1k_0108,MmCows,datasets/behavior/mmcows/cropped_bboxes/behaviors/2/1690343906_22-58-26_5_3.jpg,ev_1690343906_c5,cow_5,tb_3_cam_3,unknown / ambiguous,severe,none,no,human_verified
vp1k_0109,MmCows,datasets/behavior/mmcows/cropped_bboxes/behaviors/2/1690344896_23-14-56_5_3.jpg,ev_1690344896_c5,cow_5,tb_3_cam_3,unknown / ambiguous,severe,none,no,human_verified
vp1k_0110,SideViewCows2026,datasets/id/external/sideviewcows2026/parlor/images/684/684_0197.jpg,parlor_cow_0684_sess_011,cow_684,parlor/parlor_cow_0684_sess_011,side,severe,none,no,human_verified
vp1k_0111,ScienceDB,datasets/bcs/sciencedb_bcs/dataset/4.0/GS_2795_3.jpg,GS_burst_1987,,GS_Gansu/GS_2795,rear,none,none,no,human_verified
vp1k_0112,ScienceDB,datasets/bcs/sciencedb_bcs/dataset/3.5/GS_1991_5.jpg,GS_burst_1099,,GS_Gansu/GS_1991,rear,none,none,yes,human_verified
vp1k_0113,SideViewCows2026,datasets/id/external/sideviewcows2026/parlor/images/937/937_0138.jpg,parlor_cow_0937_sess_014,cow_937,parlor/parlor_cow_0937_sess_014,side,none,partial,no,human_verified
vp1k_0114,SideViewCows2026,datasets/id/external/sideviewcows2026/parlor/images/998/998_0289.jpg,parlor_cow_0998_sess_018,cow_998,parlor/parlor_cow_0998_sess_018,side,partial,none,no,human_verified
vp1k_0115,MmCows,datasets/behavior/mmcows/cropped_bboxes/behaviors/7/1690313126_14-25-26_9_2.jpg,ev_1690313126_c9,cow_9,tb_2_cam_2,unknown / ambiguous,severe,none,no,human_verified
vp1k_0116,MmCows,datasets/behavior/mmcows/cropped_bboxes/behaviors/4/1690340741_22-05-41_15_3.jpg,ev_1690340741_c15,cow_15,tb_3_cam_3,front-oblique,severe,none,no,human_verified
vp1k_0117,ScienceDB,datasets/bcs/sciencedb_bcs/dataset/3.25/YM_1535_4.jpg,YM_burst_0595,,YM_Farm2/YM_1535,rear,none,none,yes,human_verified
vp1k_0118,SideViewCows2026,datasets/id/external/sideviewcows2026/snapshots/images/962/962_0007.jpg,snap_cow_0962_sess_003,cow_962,snapshots/snap_cow_0962_sess_003,side,partial,none,no,human_verified
vp1k_0119,ScienceDB,datasets/bcs/sciencedb_bcs/dataset/3.75/L-i9634.jpg,STEREO_burst_0207,,STEREO_Farm3/STEREO_blk_207,rear-oblique,none,none,yes,human_verified
vp1k_0120,SideViewCows2026,datasets/id/external/sideviewcows2026/barn/images/529/529_0042.jpg,barn_cow_0529_sess_001,cow_529,barn/barn_cow_0529_sess_001,side,none,none,no,human_verified
vp1k_0121,SideViewCows2026,datasets/id/external/sideviewcows2026/parlor/images/542/542_0199.jpg,parlor_cow_0542_sess_011,cow_542,parlor/parlor_cow_0542_sess_011,side,none,none,no,human_verified
vp1k_0122,SideViewCows2026,datasets/id/external/sideviewcows2026/parlor/images/209/209_0271.jpg,parlor_cow_0209_sess_021,cow_209,parlor/parlor_cow_0209_sess_021,side,none,none,no,human_verified
vp1k_0123,MmCows,datasets/behavior/mmcows/cropped_bboxes/behaviors/1/1690320641_16-30-41_16_3.jpg,ev_1690320641_c16,cow_16,tb_3_cam_3,side,partial,none,no,human_verified
vp1k_0124,ScienceDB,datasets/bcs/sciencedb_bcs/dataset/3.75/YM_555_4.jpg,YM_burst_1562,,YM_Farm2/YM_555,rear,none,none,no,human_verified
vp1k_0125,MmCows,datasets/behavior/mmcows/cropped_bboxes/behaviors/2/1690340186_21-56-26_16_3.jpg,ev_1690340186_c16,cow_16,tb_3_cam_3,side,none,none,no,human_verified
vp1k_0126,ScienceDB,datasets/bcs/sciencedb_bcs/dataset/4.0/YM_1382_3.jpg,YM_burst_0426,,YM_Farm2/YM_1382,rear,none,none,yes,human_verified
vp1k_0127,MmCows,datasets/behavior/mmcows/cropped_bboxes/behaviors/1/1690346321_23-38-41_7_3.jpg,ev_1690346321_c7,cow_7,tb_3_cam_3,rear-oblique,severe,none,no,human_verified
vp1k_0128,MmCows,datasets/behavior/mmcows/cropped_bboxes/behaviors/3/1690304846_12-07-26_3_3.jpg,ev_1690304846_c3,cow_3,tb_2_cam_3,side,severe,partial,yes,human_verified
vp1k_0129,SideViewCows2026,datasets/id/external/sideviewcows2026/snapshots/images/290/290_0007.jpg,snap_cow_0290_sess_001,cow_290,snapshots/snap_cow_0290_sess_001,side,none,none,no,human_verified
vp1k_0130,MmCows,datasets/behavior/mmcows/cropped_bboxes/behaviors/1/1690283006_06-03-26_5_3.jpg,ev_1690283006_c5,cow_5,tb_2_cam_3,side,severe,none,no,human_verified
vp1k_0131,MmCows,datasets/behavior/mmcows/cropped_bboxes/behaviors/6/1690328696_18-44-56_7_3.jpg,ev_1690328696_c7,cow_7,tb_3_cam_3,side,none,none,no,human_verified
vp1k_0132,SideViewCows2026,datasets/id/external/sideviewcows2026/snapshots/images/843/843_0010.jpg,snap_cow_0843_sess_004,cow_843,snapshots/snap_cow_0843_sess_004,side,none,none,no,human_verified
vp1k_0133,MmCows,datasets/behavior/mmcows/cropped_bboxes/behaviors/3/1690343336_22-48-56_3_3.jpg,ev_1690343336_c3,cow_3,tb_3_cam_3,side,partial,none,no,human_verified
vp1k_0134,SideViewCows2026,datasets/id/external/sideviewcows2026/parlor/images/605/605_0131.jpg,parlor_cow_0605_sess_006,cow_605,parlor/parlor_cow_0605_sess_006,side,severe,severe,no,human_verified
vp1k_0135,ScienceDB,datasets/bcs/sciencedb_bcs/dataset/4.25/GS_1336_4.jpg,GS_burst_0376,,GS_Gansu/GS_1336,rear,none,none,no,human_verified
vp1k_0136,MmCows,datasets/behavior/mmcows/cropped_bboxes/behaviors/7/1690292141_08-35-41_9_3.jpg,ev_1690292141_c9,cow_9,tb_2_cam_3,side,severe,none,no,human_verified
vp1k_0137,MmCows,datasets/behavior/mmcows/cropped_bboxes/behaviors/3/1690285196_06-39-56_7_3.jpg,ev_1690285196_c7,cow_7,tb_2_cam_3,unknown / ambiguous,none,none,no,human_verified
vp1k_0138,SideViewCows2026,datasets/id/external/sideviewcows2026/barn/images/677/677_0083.jpg,barn_cow_0677_sess_001,cow_677,barn/barn_cow_0677_sess_001,side,none,none,no,human_verified
vp1k_0139,ScienceDB,datasets/bcs/sciencedb_bcs/dataset/3.25/GS_804_4.jpg,GS_burst_3123,,GS_Gansu/GS_804,rear,none,partial,yes,human_verified
vp1k_0140,ScienceDB,datasets/bcs/sciencedb_bcs/dataset/3.75/R-i8664.jpg,STEREO_burst_0187,,STEREO_Farm3/STEREO_blk_187,rear,none,severe,no,human_verified
vp1k_0141,SideViewCows2026,datasets/id/external/sideviewcows2026/barn/images/305/305_0081.jpg,barn_cow_0305_sess_001,cow_305,barn/barn_cow_0305_sess_001,side,none,severe,no,human_verified
vp1k_0142,SideViewCows2026,datasets/id/external/sideviewcows2026/barn/images/529/529_1052.jpg,barn_cow_0529_sess_002,cow_529,barn/barn_cow_0529_sess_002,side,none,none,no,human_verified
vp1k_0143,SideViewCows2026,datasets/id/external/sideviewcows2026/barn/images/303/303_0236.jpg,barn_cow_0303_sess_001,cow_303,barn/barn_cow_0303_sess_001,side,none,none,no,human_verified
vp1k_0144,SideViewCows2026,datasets/id/external/sideviewcows2026/parlor/images/163/163_0307.jpg,parlor_cow_0163_sess_012,cow_163,parlor/parlor_cow_0163_sess_012,side,none,none,yes,human_verified
vp1k_0145,ScienceDB,datasets/bcs/sciencedb_bcs/dataset/3.25/GS_905_4.jpg,GS_burst_3235,,GS_Gansu/GS_905,rear,none,none,no,human_verified
vp1k_0146,ScienceDB,datasets/bcs/sciencedb_bcs/dataset/4.25/GS_1588_5.jpg,GS_burst_0655,,GS_Gansu/GS_1588,rear,none,none,no,human_verified
vp1k_0147,ScienceDB,datasets/bcs/sciencedb_bcs/dataset/3.25/R-i1959.jpg,STEREO_burst_0044,,STEREO_Farm3/STEREO_blk_044,rear,none,none,no,human_verified
vp1k_0148,MmCows,datasets/behavior/mmcows/cropped_bboxes/behaviors/3/1690320401_16-26-41_3_3.jpg,ev_1690320401_c3,cow_3,tb_3_cam_3,unknown / ambiguous,partial,none,yes,human_verified
vp1k_0149,MmCows,datasets/behavior/mmcows/cropped_bboxes/behaviors/7/1690342616_22-36-56_5_2.jpg,ev_1690342616_c5,cow_5,tb_3_cam_2,unknown / ambiguous,severe,severe,yes,human_verified
vp1k_0150,ScienceDB,datasets/bcs/sciencedb_bcs/dataset/4.25/YM_1563_4.jpg,YM_burst_0626,,YM_Farm2/YM_1563,rear,none,none,yes,human_verified
vp1k_0151,ScienceDB,datasets/bcs/sciencedb_bcs/dataset/4.25/YM_367_3.jpg,YM_burst_1353,,YM_Farm2/YM_367,rear,none,none,no,human_verified
vp1k_0152,ScienceDB,datasets/bcs/sciencedb_bcs/dataset/4.0/GS_2544_5.jpg,GS_burst_1709,,GS_Gansu/GS_2544,rear,none,none,no,human_verified
vp1k_0153,MmCows,datasets/behavior/mmcows/cropped_bboxes/behaviors/6/1690298456_10-20-56_7_3.jpg,ev_1690298456_c7,cow_7,tb_2_cam_3,front-oblique,partial,none,no,human_verified
vp1k_0154,SideViewCows2026,datasets/id/external/sideviewcows2026/barn/images/633/633_0170.jpg,barn_cow_0633_sess_001,cow_633,barn/barn_cow_0633_sess_001,rear-oblique,none,none,yes,human_verified
vp1k_0155,ScienceDB,datasets/bcs/sciencedb_bcs/dataset/3.25/YM_1821_3.jpg,YM_burst_0913,,YM_Farm2/YM_1821,rear,none,none,yes,human_verified
vp1k_0156,SideViewCows2026,datasets/id/external/sideviewcows2026/barn/images/955/955_0261.jpg,barn_cow_0955_sess_001,cow_955,barn/barn_cow_0955_sess_001,side,none,none,no,human_verified
vp1k_0157,MmCows,datasets/behavior/mmcows/cropped_bboxes/behaviors/4/1690287401_07-16-41_9_2.jpg,ev_1690287401_c9,cow_9,tb_2_cam_2,unknown / ambiguous,none,none,no,human_verified
vp1k_0158,MmCows,datasets/behavior/mmcows/cropped_bboxes/behaviors/6/1690292531_08-42-11_5_3.jpg,ev_1690292531_c5,cow_5,tb_2_cam_3,unknown / ambiguous,none,none,no,human_verified
vp1k_0159,ScienceDB,datasets/bcs/sciencedb_bcs/dataset/4.25/R-i7441.jpg,STEREO_burst_0158,,STEREO_Farm3/STEREO_blk_158,rear,none,severe,no,human_verified
vp1k_0160,SideViewCows2026,datasets/id/external/sideviewcows2026/barn/images/345/345_0080.jpg,barn_cow_0345_sess_001,cow_345,barn/barn_cow_0345_sess_001,side,partial,none,no,human_verified
vp1k_0161,MmCows,datasets/behavior/mmcows/cropped_bboxes/behaviors/6/1690305896_12-24-56_6_3.jpg,ev_1690305896_c6,cow_6,tb_2_cam_3,unknown / ambiguous,none,none,no,human_verified
vp1k_0162,MmCows,datasets/behavior/mmcows/cropped_bboxes/behaviors/3/1690316111_15-15-11_7_2.jpg,ev_1690316111_c7,cow_7,tb_2_cam_2,rear-oblique,partial,partial,no,human_verified
vp1k_0163,ScienceDB,datasets/bcs/sciencedb_bcs/dataset/3.25/YM_1710_5.jpg,YM_burst_0790,,YM_Farm2/YM_1710,rear,none,none,yes,human_verified
vp1k_0164,SideViewCows2026,datasets/id/external/sideviewcows2026/parlor/images/796/796_0251.jpg,parlor_cow_0796_sess_012,cow_796,parlor/parlor_cow_0796_sess_012,side,severe,none,no,human_verified
vp1k_0165,ScienceDB,datasets/bcs/sciencedb_bcs/dataset/4.25/GS_1393_5.jpg,GS_burst_0439,,GS_Gansu/GS_1393,rear,none,none,no,human_verified
vp1k_0166,MmCows,datasets/behavior/mmcows/cropped_bboxes/behaviors/2/1690321931_16-52-11_4_3.jpg,ev_1690321931_c4,cow_4,tb_3_cam_3,unknown / ambiguous,severe,none,no,human_verified
vp1k_0167,ScienceDB,datasets/bcs/sciencedb_bcs/dataset/3.25/R-i850.jpg,STEREO_burst_0019,,STEREO_Farm3/STEREO_blk_019,rear,none,partial,yes,human_verified
vp1k_0168,MmCows,datasets/behavior/mmcows/cropped_bboxes/behaviors/7/1690297796_10-09-56_3_3.jpg,ev_1690297796_c3,cow_3,tb_2_cam_3,unknown / ambiguous,severe,none,no,human_verified
vp1k_0169,SideViewCows2026,datasets/id/external/sideviewcows2026/barn/images/413/413_0080.jpg,barn_cow_0413_sess_001,cow_413,barn/barn_cow_0413_sess_001,side,none,none,no,human_verified
vp1k_0170,MmCows,datasets/behavior/mmcows/cropped_bboxes/behaviors/3/1690311926_14-05-26_8_2.jpg,ev_1690311926_c8,cow_8,tb_2_cam_2,unknown / ambiguous,none,none,no,human_verified
vp1k_0171,SideViewCows2026,datasets/id/external/sideviewcows2026/snapshots/images/303/303_0013.jpg,snap_cow_0303_sess_006,cow_303,snapshots/snap_cow_0303_sess_006,side,none,none,no,human_verified
vp1k_0172,ScienceDB,datasets/bcs/sciencedb_bcs/dataset/3.5/YM_1450_4.jpg,YM_burst_0502,,YM_Farm2/YM_1450,rear,none,none,no,human_verified
vp1k_0173,ScienceDB,datasets/bcs/sciencedb_bcs/dataset/3.75/GS_1572_2.jpg,GS_burst_0638,,GS_Gansu/GS_1572,rear,none,none,no,human_verified
vp1k_0174,MmCows,datasets/behavior/mmcows/cropped_bboxes/behaviors/2/1690279781_05-09-41_12_3.jpg,ev_1690279781_c12,cow_12,tb_1_cam_3,side,partial,partial,yes,human_verified
vp1k_0175,ScienceDB,datasets/bcs/sciencedb_bcs/dataset/3.25/GS_830_5.jpg,GS_burst_3152,,GS_Gansu/GS_830,rear,none,none,no,human_verified
vp1k_0176,SideViewCows2026,datasets/id/external/sideviewcows2026/snapshots/images/374/374_0008.jpg,snap_cow_0374_sess_002,cow_374,snapshots/snap_cow_0374_sess_002,side,none,none,no,human_verified
vp1k_0177,SideViewCows2026,datasets/id/external/sideviewcows2026/snapshots/images/444/444_0001.jpg,snap_cow_0444_sess_001,cow_444,snapshots/snap_cow_0444_sess_001,side,partial,none,no,human_verified
vp1k_0178,SideViewCows2026,datasets/id/external/sideviewcows2026/barn/images/673/673_0236.jpg,barn_cow_0673_sess_001,cow_673,barn/barn_cow_0673_sess_001,side,none,none,no,human_verified
vp1k_0179,SideViewCows2026,datasets/id/external/sideviewcows2026/snapshots/images/684/684_0003.jpg,snap_cow_0684_sess_001,cow_684,snapshots/snap_cow_0684_sess_001,side,none,severe,no,human_verified
vp1k_0180,SideViewCows2026,datasets/id/external/sideviewcows2026/snapshots/images/436/436_0004.jpg,snap_cow_0436_sess_002,cow_436,snapshots/snap_cow_0436_sess_002,side,none,none,no,human_verified
vp1k_0181,ScienceDB,datasets/bcs/sciencedb_bcs/dataset/4.25/GS_2980_4.jpg,GS_burst_2193,,GS_Gansu/GS_2980,rear,none,none,no,human_verified
vp1k_0182,MmCows,datasets/behavior/mmcows/cropped_bboxes/behaviors/3/1690328006_18-33-26_13_3.jpg,ev_1690328006_c13,cow_13,tb_3_cam_3,side,severe,none,no,human_verified
vp1k_0183,SideViewCows2026,datasets/id/external/sideviewcows2026/barn/images/962/962_0241.jpg,barn_cow_0962_sess_001,cow_962,barn/barn_cow_0962_sess_001,side,none,none,no,human_verified
vp1k_0184,SideViewCows2026,datasets/id/external/sideviewcows2026/barn/images/217/217_0241.jpg,barn_cow_0217_sess_001,cow_217,barn/barn_cow_0217_sess_001,side,none,none,no,human_verified
vp1k_0185,ScienceDB,datasets/bcs/sciencedb_bcs/dataset/3.75/GS_1904_2.jpg,GS_burst_1003,,GS_Gansu/GS_1904,rear,none,none,no,human_verified
vp1k_0186,ScienceDB,datasets/bcs/sciencedb_bcs/dataset/4.25/YM_210_3.jpg,YM_burst_1180,,YM_Farm2/YM_210,rear,none,none,yes,human_verified
vp1k_0187,ScienceDB,datasets/bcs/sciencedb_bcs/dataset/3.75/GS_1530_5.jpg,GS_burst_0592,,GS_Gansu/GS_1530,rear,none,partial,no,human_verified
vp1k_0188,SideViewCows2026,datasets/id/external/sideviewcows2026/parlor/images/455/455_0268.jpg,parlor_cow_0455_sess_011,cow_455,parlor/parlor_cow_0455_sess_011,side,none,none,no,human_verified
vp1k_0189,ScienceDB,datasets/bcs/sciencedb_bcs/dataset/3.5/YM_1384_5.jpg,YM_burst_0428,,YM_Farm2/YM_1384,rear,none,none,yes,human_verified
vp1k_0190,ScienceDB,datasets/bcs/sciencedb_bcs/dataset/3.75/YM_1775_4.jpg,YM_burst_0861,,YM_Farm2/YM_1775,rear,none,none,yes,human_verified
vp1k_0191,ScienceDB,datasets/bcs/sciencedb_bcs/dataset/3.75/GS_1805_5.jpg,GS_burst_0897,,GS_Gansu/GS_1805,rear,none,none,yes,human_verified
vp1k_0192,ScienceDB,datasets/bcs/sciencedb_bcs/dataset/3.25/GS_680_5.jpg,GS_burst_2985,,GS_Gansu/GS_680,rear,none,none,no,human_verified
vp1k_0193,MmCows,datasets/behavior/mmcows/cropped_bboxes/behaviors/4/1690321376_16-42-56_5_3.jpg,ev_1690321376_c5,cow_5,tb_3_cam_3,unknown / ambiguous,severe,none,yes,human_verified
vp1k_0194,MmCows,datasets/behavior/mmcows/cropped_bboxes/behaviors/3/1690311146_13-52-26_12_3.jpg,ev_1690311146_c12,cow_12,tb_2_cam_3,side,severe,none,yes,human_verified
vp1k_0195,ScienceDB,datasets/bcs/sciencedb_bcs/dataset/3.5/GS_1983_5.jpg,GS_burst_1090,,GS_Gansu/GS_1983,rear,none,partial,no,human_verified
vp1k_0196,SideViewCows2026,datasets/id/external/sideviewcows2026/snapshots/images/444/444_0003.jpg,snap_cow_0444_sess_002,cow_444,snapshots/snap_cow_0444_sess_002,side,none,severe,no,human_verified
vp1k_0197,MmCows,datasets/behavior/mmcows/cropped_bboxes/behaviors/7/1690285946_06-52-26_14_4.jpg,ev_1690285946_c14,cow_14,tb_2_cam_4,unknown / ambiguous,severe,none,no,human_verified
vp1k_0198,ScienceDB,datasets/bcs/sciencedb_bcs/dataset/3.75/L-i5113.jpg,STEREO_burst_0107,,STEREO_Farm3/STEREO_blk_107,rear-oblique,none,severe,yes,human_verified
vp1k_0199,ScienceDB,datasets/bcs/sciencedb_bcs/dataset/4.0/YM_637_2.jpg,YM_burst_1653,,YM_Farm2/YM_637,rear,none,partial,yes,human_verified
vp1k_0200,MmCows,datasets/behavior/mmcows/cropped_bboxes/behaviors/4/1690275851_04-04-11_8_2.jpg,ev_1690275851_c8,cow_8,tb_1_cam_2,unknown / ambiguous,none,none,no,human_verified
vp1k_0201,ScienceDB,datasets/bcs/sciencedb_bcs/dataset/3.25/GS_2237_5.jpg,GS_burst_1369,,GS_Gansu/GS_2237,rear,none,none,yes,human_verified
vp1k_0202,MmCows,datasets/behavior/mmcows/cropped_bboxes/behaviors/2/1690313006_14-23-26_10_4.jpg,ev_1690313006_c10,cow_10,tb_2_cam_4,front-oblique,none,none,yes,human_verified
vp1k_0203,MmCows,datasets/behavior/mmcows/cropped_bboxes/behaviors/7/1690343336_22-48-56_9_3.jpg,ev_1690343336_c9,cow_9,tb_3_cam_3,unknown / ambiguous,severe,none,no,human_verified
vp1k_0204,MmCows,datasets/behavior/mmcows/cropped_bboxes/behaviors/5/1690328786_18-46-26_7_3.jpg,ev_1690328786_c7,cow_7,tb_3_cam_3,front-oblique,partial,none,no,human_verified
vp1k_0205,SideViewCows2026,datasets/id/external/sideviewcows2026/parlor/images/673/673_0714.jpg,parlor_cow_0673_sess_045,cow_673,parlor/parlor_cow_0673_sess_045,side,severe,none,no,human_verified
vp1k_0206,SideViewCows2026,datasets/id/external/sideviewcows2026/barn/images/296/296_0080.jpg,barn_cow_0296_sess_001,cow_296,barn/barn_cow_0296_sess_001,side,none,severe,no,human_verified
vp1k_0207,MmCows,datasets/behavior/mmcows/cropped_bboxes/behaviors/6/1690301696_11-14-56_10_3.jpg,ev_1690301696_c10,cow_10,tb_2_cam_3,unknown / ambiguous,none,none,no,human_verified
vp1k_0208,SideViewCows2026,datasets/id/external/sideviewcows2026/snapshots/images/621/621_0003.jpg,snap_cow_0621_sess_002,cow_621,snapshots/snap_cow_0621_sess_002,side,partial,none,no,human_verified
vp1k_0209,SideViewCows2026,datasets/id/external/sideviewcows2026/barn/images/488/488_0264.jpg,barn_cow_0488_sess_001,cow_488,barn/barn_cow_0488_sess_001,side,none,none,no,human_verified
vp1k_0210,ScienceDB,datasets/bcs/sciencedb_bcs/dataset/4.0/GS_133_4.jpg,GS_burst_0369,,GS_Gansu/GS_133,rear,none,none,no,human_verified
vp1k_0211,SideViewCows2026,datasets/id/external/sideviewcows2026/parlor/images/826/826_0253.jpg,parlor_cow_0826_sess_015,cow_826,parlor/parlor_cow_0826_sess_015,side,none,none,no,human_verified
vp1k_0212,SideViewCows2026,datasets/id/external/sideviewcows2026/barn/images/374/374_0111.jpg,barn_cow_0374_sess_001,cow_374,barn/barn_cow_0374_sess_001,side,partial,none,no,human_verified
vp1k_0213,ScienceDB,datasets/bcs/sciencedb_bcs/dataset/3.75/GS_2401_5.jpg,GS_burst_1551,,GS_Gansu/GS_2401,rear,none,none,no,human_verified
vp1k_0214,ScienceDB,datasets/bcs/sciencedb_bcs/dataset/3.5/YM_1325_5.jpg,YM_burst_0363,,YM_Farm2/YM_1325,rear,none,none,no,human_verified
vp1k_0215,SideViewCows2026,datasets/id/external/sideviewcows2026/snapshots/images/843/843_0002.jpg,snap_cow_0843_sess_001,cow_843,snapshots/snap_cow_0843_sess_001,side,none,none,no,human_verified
vp1k_0216,MmCows,datasets/behavior/mmcows/cropped_bboxes/behaviors/4/1690308026_13-00-26_14_3.jpg,ev_1690308026_c14,cow_14,tb_2_cam_3,side,severe,partial,no,human_verified
vp1k_0217,ScienceDB,datasets/bcs/sciencedb_bcs/dataset/3.25/GS_3295_4.jpg,GS_burst_2543,,GS_Gansu/GS_3295,rear,none,none,no,human_verified
vp1k_0218,ScienceDB,datasets/bcs/sciencedb_bcs/dataset/4.25/GS_2578_19.jpg,GS_burst_1746,,GS_Gansu/GS_2578,rear,none,none,no,human_verified
vp1k_0219,MmCows,datasets/behavior/mmcows/cropped_bboxes/behaviors/4/1690311131_13-52-11_9_3.jpg,ev_1690311131_c9,cow_9,tb_2_cam_3,side,partial,none,no,human_verified
vp1k_0220,ScienceDB,datasets/bcs/sciencedb_bcs/dataset/4.0/YM_626_4.jpg,YM_burst_1641,,YM_Farm2/YM_626,rear,none,none,no,human_verified
vp1k_0221,MmCows,datasets/behavior/mmcows/cropped_bboxes/behaviors/2/1690321166_16-39-26_2_3.jpg,ev_1690321166_c2,cow_2,tb_3_cam_3,front-oblique,partial,none,no,human_verified
vp1k_0222,SideViewCows2026,datasets/id/external/sideviewcows2026/barn/images/594/594_0933.jpg,barn_cow_0594_sess_002,cow_594,barn/barn_cow_0594_sess_002,side,none,none,no,human_verified
vp1k_0223,MmCows,datasets/behavior/mmcows/cropped_bboxes/behaviors/2/1690326056_18-00-56_9_3.jpg,ev_1690326056_c9,cow_9,tb_3_cam_3,side,severe,partial,no,human_verified
vp1k_0224,SideViewCows2026,datasets/id/external/sideviewcows2026/parlor/images/503/503_0017.jpg,parlor_cow_0503_sess_002,cow_503,parlor/parlor_cow_0503_sess_002,side,partial,partial,no,human_verified
vp1k_0225,ScienceDB,datasets/bcs/sciencedb_bcs/dataset/3.75/YM_1521_3.jpg,YM_burst_0580,,YM_Farm2/YM_1521,rear,none,none,yes,human_verified
vp1k_0226,MmCows,datasets/behavior/mmcows/cropped_bboxes/behaviors/4/1690289141_07-45-41_7_4.jpg,ev_1690289141_c7,cow_7,tb_2_cam_4,side,severe,severe,yes,human_verified
vp1k_0227,SideViewCows2026,datasets/id/external/sideviewcows2026/barn/images/799/799_0166.jpg,barn_cow_0799_sess_001,cow_799,barn/barn_cow_0799_sess_001,side,none,none,no,human_verified
vp1k_0228,SideViewCows2026,datasets/id/external/sideviewcows2026/barn/images/955/955_0087.jpg,barn_cow_0955_sess_001,cow_955,barn/barn_cow_0955_sess_001,side,none,none,no,human_verified
vp1k_0229,MmCows,datasets/behavior/mmcows/cropped_bboxes/behaviors/6/1690319291_16-08-11_9_3.jpg,ev_1690319291_c9,cow_9,tb_2_cam_3,side,partial,none,no,human_verified
vp1k_0230,ScienceDB,datasets/bcs/sciencedb_bcs/dataset/3.25/R-i8088.jpg,STEREO_burst_0175,,STEREO_Farm3/STEREO_blk_175,rear,none,partial,no,human_verified
vp1k_0231,ScienceDB,datasets/bcs/sciencedb_bcs/dataset/4.0/L-i6205.jpg,STEREO_burst_0129,,STEREO_Farm3/STEREO_blk_129,unknown / ambiguous,none,none,yes,human_verified
vp1k_0232,SideViewCows2026,datasets/id/external/sideviewcows2026/parlor/images/544/544_0311.jpg,parlor_cow_0544_sess_021,cow_544,parlor/parlor_cow_0544_sess_021,side,none,none,no,human_verified
vp1k_0233,SideViewCows2026,datasets/id/external/sideviewcows2026/parlor/images/908/908_0132.jpg,parlor_cow_0908_sess_009,cow_908,parlor/parlor_cow_0908_sess_009,side,partial,none,no,human_verified
vp1k_0234,MmCows,datasets/behavior/mmcows/cropped_bboxes/behaviors/2/1690304486_12-01-26_10_3.jpg,ev_1690304486_c10,cow_10,tb_2_cam_3,unknown / ambiguous,severe,none,no,human_verified
vp1k_0235,SideViewCows2026,datasets/id/external/sideviewcows2026/snapshots/images/171/171_0006.jpg,snap_cow_0171_sess_002,cow_171,snapshots/snap_cow_0171_sess_002,side,none,none,no,human_verified
vp1k_0236,ScienceDB,datasets/bcs/sciencedb_bcs/dataset/4.0/YM_26_3.jpg,YM_burst_1234,,YM_Farm2/YM_26,rear,none,none,yes,human_verified
vp1k_0237,ScienceDB,datasets/bcs/sciencedb_bcs/dataset/4.0/YM_178_5.jpg,YM_burst_0866,,YM_Farm2/YM_178,rear,none,none,yes,human_verified
vp1k_0238,ScienceDB,datasets/bcs/sciencedb_bcs/dataset/4.25/YM_950_4.jpg,YM_burst_2001,,YM_Farm2/YM_950,rear,none,none,yes,human_verified
vp1k_0239,SideViewCows2026,datasets/id/external/sideviewcows2026/barn/images/433/433_0256.jpg,barn_cow_0433_sess_001,cow_433,barn/barn_cow_0433_sess_001,side,none,none,no,human_verified
vp1k_0240,MmCows,datasets/behavior/mmcows/cropped_bboxes/behaviors/2/1690313636_14-33-56_14_3.jpg,ev_1690313636_c14,cow_14,tb_2_cam_3,side,severe,none,no,human_verified
vp1k_0241,SideViewCows2026,datasets/id/external/sideviewcows2026/barn/images/594/594_0118.jpg,barn_cow_0594_sess_001,cow_594,barn/barn_cow_0594_sess_001,unknown / ambiguous,none,none,yes,human_verified
vp1k_0242,SideViewCows2026,datasets/id/external/sideviewcows2026/barn/images/168/168_0288.jpg,barn_cow_0168_sess_001,cow_168,barn/barn_cow_0168_sess_001,side,none,none,no,human_verified
vp1k_0243,SideViewCows2026,datasets/id/external/sideviewcows2026/parlor/images/843/843_0092.jpg,parlor_cow_0843_sess_004,cow_843,parlor/parlor_cow_0843_sess_004,side,severe,none,no,human_verified
vp1k_0244,SideViewCows2026,datasets/id/external/sideviewcows2026/barn/images/627/627_0092.jpg,barn_cow_0627_sess_001,cow_627,barn/barn_cow_0627_sess_001,side,none,none,no,human_verified
vp1k_0245,MmCows,datasets/behavior/mmcows/cropped_bboxes/behaviors/2/1690308806_13-13-26_2_3.jpg,ev_1690308806_c2,cow_2,tb_2_cam_3,unknown / ambiguous,severe,none,no,human_verified
vp1k_0246,SideViewCows2026,datasets/id/external/sideviewcows2026/parlor/images/792/792_0169.jpg,parlor_cow_0792_sess_009,cow_792,parlor/parlor_cow_0792_sess_009,side,none,none,no,human_verified
vp1k_0247,SideViewCows2026,datasets/id/external/sideviewcows2026/barn/images/465/465_0079.jpg,barn_cow_0465_sess_001,cow_465,barn/barn_cow_0465_sess_001,side,none,partial,no,human_verified
vp1k_0248,MmCows,datasets/behavior/mmcows/cropped_bboxes/behaviors/4/1690322036_16-53-56_3_3.jpg,ev_1690322036_c3,cow_3,tb_3_cam_3,side,partial,none,no,human_verified
vp1k_0249,SideViewCows2026,datasets/id/external/sideviewcows2026/parlor/images/845/845_0100.jpg,parlor_cow_0845_sess_005,cow_845,parlor/parlor_cow_0845_sess_005,side,severe,none,no,human_verified
vp1k_0250,ScienceDB,datasets/bcs/sciencedb_bcs/dataset/4.0/L-i6336.jpg,STEREO_burst_0133,,STEREO_Farm3/STEREO_blk_133,unknown / ambiguous,none,none,yes,human_verified
vp1k_0251,ScienceDB,datasets/bcs/sciencedb_bcs/dataset/3.75/GS_2747_5.jpg,GS_burst_1934,,GS_Gansu/GS_2747,rear,none,none,no,human_verified
vp1k_0252,MmCows,datasets/behavior/mmcows/cropped_bboxes/behaviors/6/1690274531_03-42-11_16_2.jpg,ev_1690274531_c16,cow_16,tb_1_cam_2,unknown / ambiguous,none,none,no,human_verified
vp1k_0253,SideViewCows2026,datasets/id/external/sideviewcows2026/parlor/images/565/565_0418.jpg,parlor_cow_0565_sess_017,cow_565,parlor/parlor_cow_0565_sess_017,side,severe,none,no,human_verified
vp1k_0254,MmCows,datasets/behavior/mmcows/cropped_bboxes/behaviors/7/1690325336_17-48-56_11_3.jpg,ev_1690325336_c11,cow_11,tb_3_cam_3,side,severe,none,no,human_verified
vp1k_0255,ScienceDB,datasets/bcs/sciencedb_bcs/dataset/3.25/YM_896_4.jpg,YM_burst_1940,,YM_Farm2/YM_896,rear,none,none,yes,human_verified
vp1k_0256,MmCows,datasets/behavior/mmcows/cropped_bboxes/behaviors/7/1690274576_03-42-56_14_1.jpg,ev_1690274576_c14,cow_14,tb_1_cam_1,unknown / ambiguous,severe,none,no,human_verified
vp1k_0257,SideViewCows2026,datasets/id/external/sideviewcows2026/barn/images/176/176_0237.jpg,barn_cow_0176_sess_001,cow_176,barn/barn_cow_0176_sess_001,side,none,none,yes,human_verified
vp1k_0258,ScienceDB,datasets/bcs/sciencedb_bcs/dataset/3.25/YM_1785_3.jpg,YM_burst_0872,,YM_Farm2/YM_1785,rear,none,none,yes,human_verified
vp1k_0259,MmCows,datasets/behavior/mmcows/cropped_bboxes/behaviors/3/1690289081_07-44-41_6_3.jpg,ev_1690289081_c6,cow_6,tb_2_cam_3,unknown / ambiguous,none,none,no,human_verified
vp1k_0260,ScienceDB,datasets/bcs/sciencedb_bcs/dataset/3.5/GS_2725_3.jpg,GS_burst_1910,,GS_Gansu/GS_2725,rear,none,none,no,human_verified
vp1k_0261,SideViewCows2026,datasets/id/external/sideviewcows2026/snapshots/images/986/986_0005.jpg,snap_cow_0986_sess_002,cow_986,snapshots/snap_cow_0986_sess_002,side,none,none,no,human_verified
vp1k_0262,ScienceDB,datasets/bcs/sciencedb_bcs/dataset/3.25/GS_3049_5.jpg,GS_burst_2270,,GS_Gansu/GS_3049,rear,none,none,no,human_verified
vp1k_0263,MmCows,datasets/behavior/mmcows/cropped_bboxes/behaviors/7/1690346231_23-37-11_12_2.jpg,ev_1690346231_c12,cow_12,tb_3_cam_2,unknown / ambiguous,severe,none,no,human_verified
vp1k_0264,SideViewCows2026,datasets/id/external/sideviewcows2026/barn/images/406/406_0082.jpg,barn_cow_0406_sess_001,cow_406,barn/barn_cow_0406_sess_001,side,none,partial,no,human_verified
vp1k_0265,MmCows,datasets/behavior/mmcows/cropped_bboxes/behaviors/3/1690296221_09-43-41_1_3.jpg,ev_1690296221_c1,cow_1,tb_2_cam_3,side,partial,none,no,human_verified
vp1k_0266,SideViewCows2026,datasets/id/external/sideviewcows2026/barn/images/207/207_0083.jpg,barn_cow_0207_sess_001,cow_207,barn/barn_cow_0207_sess_001,side,none,none,no,human_verified
vp1k_0267,ScienceDB,datasets/bcs/sciencedb_bcs/dataset/3.25/YM_1917_5.jpg,YM_burst_1018,,YM_Farm2/YM_1917,rear,none,none,yes,human_verified
vp1k_0268,ScienceDB,datasets/bcs/sciencedb_bcs/dataset/3.75/GS_2562_4.jpg,GS_burst_1729,,GS_Gansu/GS_2562,rear,none,none,no,human_verified
vp1k_0269,ScienceDB,datasets/bcs/sciencedb_bcs/dataset/3.5/GS_1887_4.jpg,GS_burst_0983,,GS_Gansu/GS_1887,rear,none,partial,no,human_verified
vp1k_0270,ScienceDB,datasets/bcs/sciencedb_bcs/dataset/4.25/YM_30_3.jpg,YM_burst_1279,,YM_Farm2/YM_30,rear,none,none,yes,human_verified
vp1k_0271,SideViewCows2026,datasets/id/external/sideviewcows2026/barn/images/428/428_0247.jpg,barn_cow_0428_sess_001,cow_428,barn/barn_cow_0428_sess_001,side,partial,none,no,human_verified
vp1k_0272,ScienceDB,datasets/bcs/sciencedb_bcs/dataset/3.5/GS_2181_4.jpg,GS_burst_1307,,GS_Gansu/GS_2181,rear,none,severe,no,human_verified
vp1k_0273,SideViewCows2026,datasets/id/external/sideviewcows2026/barn/images/192/192_0093.jpg,barn_cow_0192_sess_001,cow_192,barn/barn_cow_0192_sess_001,side,none,none,no,human_verified
vp1k_0274,MmCows,datasets/behavior/mmcows/cropped_bboxes/behaviors/2/1690320551_16-29-11_15_2.jpg,ev_1690320551_c15,cow_15,tb_3_cam_2,unknown / ambiguous,none,none,no,human_verified
vp1k_0275,ScienceDB,datasets/bcs/sciencedb_bcs/dataset/4.25/GS_888_5.jpg,GS_burst_3215,,GS_Gansu/GS_888,rear,none,none,no,human_verified
vp1k_0276,ScienceDB,datasets/bcs/sciencedb_bcs/dataset/3.75/YM_540_4.jpg,YM_burst_1546,,YM_Farm2/YM_540,rear,none,none,no,human_verified
vp1k_0277,SideViewCows2026,datasets/id/external/sideviewcows2026/barn/images/241/241_0088.jpg,barn_cow_0241_sess_001,cow_241,barn/barn_cow_0241_sess_001,side,partial,none,no,human_verified
vp1k_0278,SideViewCows2026,datasets/id/external/sideviewcows2026/parlor/images/823/823_0295.jpg,parlor_cow_0823_sess_014,cow_823,parlor/parlor_cow_0823_sess_014,side,partial,partial,no,human_verified
vp1k_0279,MmCows,datasets/behavior/mmcows/cropped_bboxes/behaviors/2/1690339586_21-46-26_12_4.jpg,ev_1690339586_c12,cow_12,tb_3_cam_4,unknown / ambiguous,severe,none,no,human_verified
vp1k_0280,MmCows,datasets/behavior/mmcows/cropped_bboxes/behaviors/2/1690282241_05-50-41_5_3.jpg,ev_1690282241_c5,cow_5,tb_2_cam_3,unknown / ambiguous,none,none,no,human_verified
vp1k_0281,MmCows,datasets/behavior/mmcows/cropped_bboxes/behaviors/4/1690287146_07-12-26_2_2.jpg,ev_1690287146_c2,cow_2,tb_2_cam_2,unknown / ambiguous,none,none,no,human_verified
vp1k_0282,MmCows,datasets/behavior/mmcows/cropped_bboxes/behaviors/2/1690319816_16-16-56_7_3.jpg,ev_1690319816_c7,cow_7,tb_3_cam_3,unknown / ambiguous,none,none,no,human_verified
vp1k_0283,ScienceDB,datasets/bcs/sciencedb_bcs/dataset/4.0/YM_1993_5.jpg,YM_burst_1102,,YM_Farm2/YM_1993,rear,none,none,no,human_verified
vp1k_0284,SideViewCows2026,datasets/id/external/sideviewcows2026/parlor/images/323/323_0216.jpg,parlor_cow_0323_sess_009,cow_323,parlor/parlor_cow_0323_sess_009,side,none,partial,yes,human_verified
vp1k_0285,SideViewCows2026,datasets/id/external/sideviewcows2026/parlor/images/529/529_0382.jpg,parlor_cow_0529_sess_018,cow_529,parlor/parlor_cow_0529_sess_018,side,none,partial,no,human_verified
vp1k_0286,SideViewCows2026,datasets/id/external/sideviewcows2026/barn/images/124/124_0241.jpg,barn_cow_0124_sess_001,cow_124,barn/barn_cow_0124_sess_001,side,none,partial,no,human_verified
vp1k_0287,SideViewCows2026,datasets/id/external/sideviewcows2026/parlor/images/491/491_0050.jpg,parlor_cow_0491_sess_006,cow_491,parlor/parlor_cow_0491_sess_006,side,partial,none,no,human_verified
vp1k_0288,MmCows,datasets/behavior/mmcows/cropped_bboxes/behaviors/1/1690337816_21-16-56_9_3.jpg,ev_1690337816_c9,cow_9,tb_3_cam_3,unknown / ambiguous,none,none,no,human_verified
vp1k_0289,MmCows,datasets/behavior/mmcows/cropped_bboxes/behaviors/3/1690304981_12-09-41_4_3.jpg,ev_1690304981_c4,cow_4,tb_2_cam_3,side,severe,none,no,human_verified
vp1k_0290,MmCows,datasets/behavior/mmcows/cropped_bboxes/behaviors/2/1690275821_04-03-41_11_3.jpg,ev_1690275821_c11,cow_11,tb_1_cam_3,side,severe,none,no,human_verified
vp1k_0291,MmCows,datasets/behavior/mmcows/cropped_bboxes/behaviors/2/1690276076_04-07-56_16_3.jpg,ev_1690276076_c16,cow_16,tb_1_cam_3,unknown / ambiguous,severe,none,no,human_verified
vp1k_0292,MmCows,datasets/behavior/mmcows/cropped_bboxes/behaviors/2/1690279466_05-04-26_12_3.jpg,ev_1690279466_c12,cow_12,tb_1_cam_3,side,none,none,no,human_verified
vp1k_0293,SideViewCows2026,datasets/id/external/sideviewcows2026/barn/images/436/436_0237.jpg,barn_cow_0436_sess_001,cow_436,barn/barn_cow_0436_sess_001,side,partial,none,no,human_verified
vp1k_0294,SideViewCows2026,datasets/id/external/sideviewcows2026/barn/images/436/436_0079.jpg,barn_cow_0436_sess_001,cow_436,barn/barn_cow_0436_sess_001,side,partial,none,no,human_verified
vp1k_0295,SideViewCows2026,datasets/id/external/sideviewcows2026/barn/images/128/128_0249.jpg,barn_cow_0128_sess_001,cow_128,barn/barn_cow_0128_sess_001,side,partial,partial,no,human_verified
vp1k_0296,MmCows,datasets/behavior/mmcows/cropped_bboxes/behaviors/7/1690337921_21-18-41_2_2.jpg,ev_1690337921_c2,cow_2,tb_3_cam_2,unknown / ambiguous,severe,partial,yes,human_verified
vp1k_0297,ScienceDB,datasets/bcs/sciencedb_bcs/dataset/4.25/YM_258_4.jpg,YM_burst_1232,,YM_Farm2/YM_258,rear,none,none,yes,human_verified
vp1k_0298,SideViewCows2026,datasets/id/external/sideviewcows2026/parlor/images/316/316_0109.jpg,parlor_cow_0316_sess_004,cow_316,parlor/parlor_cow_0316_sess_004,side,partial,partial,no,human_verified
vp1k_0299,ScienceDB,datasets/bcs/sciencedb_bcs/dataset/4.25/GS_2599_2.jpg,GS_burst_1769,,GS_Gansu/GS_2599,rear,none,none,no,human_verified
vp1k_0300,MmCows,datasets/behavior/mmcows/cropped_bboxes/behaviors/5/1690280681_05-24-41_9_3.jpg,ev_1690280681_c9,cow_9,tb_2_cam_3,front-oblique,partial,none,no,human_verified
vp1k_0301,ScienceDB,datasets/bcs/sciencedb_bcs/dataset/3.5/YM_857_3.jpg,YM_burst_1897,,YM_Farm2/YM_857,rear,none,none,no,human_verified
vp1k_0302,SideViewCows2026,datasets/id/external/sideviewcows2026/snapshots/images/179/179_0001.jpg,snap_cow_0179_sess_001,cow_179,snapshots/snap_cow_0179_sess_001,side,none,none,no,human_verified
vp1k_0303,SideViewCows2026,datasets/id/external/sideviewcows2026/barn/images/406/406_0244.jpg,barn_cow_0406_sess_001,cow_406,barn/barn_cow_0406_sess_001,side,none,none,no,human_verified
vp1k_0304,SideViewCows2026,datasets/id/external/sideviewcows2026/snapshots/images/843/843_0005.jpg,snap_cow_0843_sess_002,cow_843,snapshots/snap_cow_0843_sess_002,side,none,none,no,human_verified
vp1k_0305,MmCows,datasets/behavior/mmcows/cropped_bboxes/behaviors/1/1690276016_04-06-56_10_4.jpg,ev_1690276016_c10,cow_10,tb_1_cam_4,side,none,none,yes,human_verified
vp1k_0306,ScienceDB,datasets/bcs/sciencedb_bcs/dataset/3.75/YM_1764_5.jpg,YM_burst_0849,,YM_Farm2/YM_1764,rear,none,none,yes,human_verified
vp1k_0307,ScienceDB,datasets/bcs/sciencedb_bcs/dataset/4.0/GS_2485_4.jpg,GS_burst_1643,,GS_Gansu/GS_2485,unknown / ambiguous,none,none,yes,human_verified
vp1k_0308,MmCows,datasets/behavior/mmcows/cropped_bboxes/behaviors/7/1690344461_23-07-41_14_4.jpg,ev_1690344461_c14,cow_14,tb_3_cam_4,unknown / ambiguous,severe,none,no,human_verified
vp1k_0309,SideViewCows2026,datasets/id/external/sideviewcows2026/barn/images/333/333_0241.jpg,barn_cow_0333_sess_001,cow_333,barn/barn_cow_0333_sess_001,side,none,none,no,human_verified
vp1k_0310,ScienceDB,datasets/bcs/sciencedb_bcs/dataset/4.0/YM_1976_5.jpg,YM_burst_1083,,YM_Farm2/YM_1976,rear,none,none,yes,human_verified
vp1k_0311,ScienceDB,datasets/bcs/sciencedb_bcs/dataset/3.25/YM_1369_4.jpg,YM_burst_0411,,YM_Farm2/YM_1369,rear,none,none,yes,human_verified
vp1k_0312,ScienceDB,datasets/bcs/sciencedb_bcs/dataset/4.25/GS_1602_2.jpg,GS_burst_0672,,GS_Gansu/GS_1602,rear,none,none,yes,human_verified
vp1k_0313,SideViewCows2026,datasets/id/external/sideviewcows2026/barn/images/962/962_0081.jpg,barn_cow_0962_sess_001,cow_962,barn/barn_cow_0962_sess_001,side,none,severe,no,human_verified
vp1k_0314,MmCows,datasets/behavior/mmcows/cropped_bboxes/behaviors/7/1690335866_20-44-26_2_2.jpg,ev_1690335866_c2,cow_2,tb_3_cam_2,unknown / ambiguous,severe,severe,yes,human_verified
vp1k_0315,ScienceDB,datasets/bcs/sciencedb_bcs/dataset/4.0/GS_2113_3.jpg,GS_burst_1236,,GS_Gansu/GS_2113,unknown / ambiguous,none,none,yes,human_verified
vp1k_0316,ScienceDB,datasets/bcs/sciencedb_bcs/dataset/3.5/GS_347_4.jpg,GS_burst_2615,,GS_Gansu/GS_347,rear,none,none,no,human_verified
vp1k_0317,ScienceDB,datasets/bcs/sciencedb_bcs/dataset/4.25/YM_164_3.jpg,YM_burst_0711,,YM_Farm2/YM_164,rear,none,none,no,human_verified
vp1k_0318,SideViewCows2026,datasets/id/external/sideviewcows2026/barn/images/986/986_0087.jpg,barn_cow_0986_sess_001,cow_986,barn/barn_cow_0986_sess_001,side,none,none,no,human_verified
vp1k_0319,SideViewCows2026,datasets/id/external/sideviewcows2026/snapshots/images/845/845_0001.jpg,snap_cow_0845_sess_001,cow_845,snapshots/snap_cow_0845_sess_001,side,none,none,no,human_verified
vp1k_0320,ScienceDB,datasets/bcs/sciencedb_bcs/dataset/4.25/L-i7015.jpg,STEREO_burst_0145,,STEREO_Farm3/STEREO_blk_145,rear,none,none,no,human_verified
vp1k_0321,ScienceDB,datasets/bcs/sciencedb_bcs/dataset/4.25/YM_1548_3.jpg,YM_burst_0609,,YM_Farm2/YM_1548,rear,none,none,no,human_verified
vp1k_0322,ScienceDB,datasets/bcs/sciencedb_bcs/dataset/3.5/R-i4144.jpg,STEREO_burst_0084,,STEREO_Farm3/STEREO_blk_084,rear,none,none,no,human_verified
vp1k_0323,MmCows,datasets/behavior/mmcows/cropped_bboxes/behaviors/1/1690279466_05-04-26_1_3.jpg,ev_1690279466_c1,cow_1,tb_1_cam_3,unknown / ambiguous,severe,none,no,human_verified
vp1k_0324,ScienceDB,datasets/bcs/sciencedb_bcs/dataset/3.25/YM_1639_2.jpg,YM_burst_0710,,YM_Farm2/YM_1639,rear,none,none,yes,human_verified
vp1k_0325,SideViewCows2026,datasets/id/external/sideviewcows2026/parlor/images/374/374_0667.jpg,parlor_cow_0374_sess_040,cow_374,parlor/parlor_cow_0374_sess_040,side,none,partial,no,human_verified
vp1k_0326,SideViewCows2026,datasets/id/external/sideviewcows2026/parlor/images/303/303_0313.jpg,parlor_cow_0303_sess_027,cow_303,parlor/parlor_cow_0303_sess_027,side,severe,none,no,human_verified
vp1k_0327,MmCows,datasets/behavior/mmcows/cropped_bboxes/behaviors/5/1690343261_22-47-41_11_3.jpg,ev_1690343261_c11,cow_11,tb_3_cam_3,side,severe,partial,no,human_verified
vp1k_0328,SideViewCows2026,datasets/id/external/sideviewcows2026/snapshots/images/465/465_0016.jpg,snap_cow_0465_sess_002,cow_465,snapshots/snap_cow_0465_sess_002,side,none,severe,no,human_verified
vp1k_0329,ScienceDB,datasets/bcs/sciencedb_bcs/dataset/4.25/GS_67_5.jpg,GS_burst_2973,,GS_Gansu/GS_67,rear,none,severe,no,human_verified
vp1k_0330,SideViewCows2026,datasets/id/external/sideviewcows2026/barn/images/986/986_0261.jpg,barn_cow_0986_sess_001,cow_986,barn/barn_cow_0986_sess_001,side,none,none,no,human_verified
vp1k_0331,MmCows,datasets/behavior/mmcows/cropped_bboxes/behaviors/5/1690313921_14-38-41_4_3.jpg,ev_1690313921_c4,cow_4,tb_2_cam_3,side,none,none,no,human_verified
vp1k_0332,SideViewCows2026,datasets/id/external/sideviewcows2026/parlor/images/436/436_0086.jpg,parlor_cow_0436_sess_004,cow_436,parlor/parlor_cow_0436_sess_004,side,partial,none,no,human_verified
vp1k_0333,ScienceDB,datasets/bcs/sciencedb_bcs/dataset/4.0/YM_1964_4.jpg,YM_burst_1070,,YM_Farm2/YM_1964,rear-oblique,none,none,yes,human_verified
vp1k_0334,ScienceDB,datasets/bcs/sciencedb_bcs/dataset/3.5/R-i5638.jpg,STEREO_burst_0119,,STEREO_Farm3/STEREO_blk_119,unknown / ambiguous,none,none,yes,human_verified
vp1k_0335,ScienceDB,datasets/bcs/sciencedb_bcs/dataset/4.25/GS_201_2.jpg,GS_burst_1121,,GS_Gansu/GS_201,rear,none,none,no,human_verified
vp1k_0336,ScienceDB,datasets/bcs/sciencedb_bcs/dataset/3.5/YM_1832_4.jpg,YM_burst_0925,,YM_Farm2/YM_1832,rear,none,none,no,human_verified
vp1k_0337,SideViewCows2026,datasets/id/external/sideviewcows2026/parlor/images/653/653_0260.jpg,parlor_cow_0653_sess_014,cow_653,parlor/parlor_cow_0653_sess_014,side,severe,none,no,human_verified
vp1k_0338,SideViewCows2026,datasets/id/external/sideviewcows2026/parlor/images/853/853_0507.jpg,parlor_cow_0853_sess_030,cow_853,parlor/parlor_cow_0853_sess_030,side,severe,severe,no,human_verified
vp1k_0339,SideViewCows2026,datasets/id/external/sideviewcows2026/parlor/images/817/817_0043.jpg,parlor_cow_0817_sess_006,cow_817,parlor/parlor_cow_0817_sess_006,side,none,severe,no,human_verified
vp1k_0340,MmCows,datasets/behavior/mmcows/cropped_bboxes/behaviors/4/1690276871_04-21-11_10_4.jpg,ev_1690276871_c10,cow_10,tb_1_cam_4,side,partial,none,yes,human_verified
vp1k_0341,MmCows,datasets/behavior/mmcows/cropped_bboxes/behaviors/3/1690341701_22-21-41_3_3.jpg,ev_1690341701_c3,cow_3,tb_3_cam_3,side,partial,none,yes,human_verified
vp1k_0342,SideViewCows2026,datasets/id/external/sideviewcows2026/parlor/images/547/547_0641.jpg,parlor_cow_0547_sess_035,cow_547,parlor/parlor_cow_0547_sess_035,side,severe,partial,no,human_verified
vp1k_0343,SideViewCows2026,datasets/id/external/sideviewcows2026/parlor/images/920/920_0288.jpg,parlor_cow_0920_sess_016,cow_920,parlor/parlor_cow_0920_sess_016,side,partial,partial,no,human_verified
vp1k_0344,MmCows,datasets/behavior/mmcows/cropped_bboxes/behaviors/1/1690343606_22-53-26_8_3.jpg,ev_1690343606_c8,cow_8,tb_3_cam_3,side,severe,none,no,human_verified
vp1k_0345,ScienceDB,datasets/bcs/sciencedb_bcs/dataset/4.0/GS_605_5.jpg,GS_burst_2902,,GS_Gansu/GS_605,rear,none,none,no,human_verified
vp1k_0346,SideViewCows2026,datasets/id/external/sideviewcows2026/parlor/images/241/241_0154.jpg,parlor_cow_0241_sess_014,cow_241,parlor/parlor_cow_0241_sess_014,side,partial,none,no,human_verified
vp1k_0347,MmCows,datasets/behavior/mmcows/cropped_bboxes/behaviors/1/1690323056_17-10-56_5_3.jpg,ev_1690323056_c5,cow_5,tb_3_cam_3,side,severe,none,no,human_verified
vp1k_0348,ScienceDB,datasets/bcs/sciencedb_bcs/dataset/3.75/GS_2726_5.jpg,GS_burst_1911,,GS_Gansu/GS_2726,rear,none,none,no,human_verified
vp1k_0349,MmCows,datasets/behavior/mmcows/cropped_bboxes/behaviors/3/1690328696_18-44-56_4_3.jpg,ev_1690328696_c4,cow_4,tb_3_cam_3,side,partial,none,no,human_verified
vp1k_0350,SideViewCows2026,datasets/id/external/sideviewcows2026/barn/images/687/687_0236.jpg,barn_cow_0687_sess_001,cow_687,barn/barn_cow_0687_sess_001,side,none,severe,no,human_verified
vp1k_0351,ScienceDB,datasets/bcs/sciencedb_bcs/dataset/4.25/YM_1164_4.jpg,YM_burst_0185,,YM_Farm2/YM_1164,rear,none,none,no,human_verified
vp1k_0352,SideViewCows2026,datasets/id/external/sideviewcows2026/barn/images/320/320_0093.jpg,barn_cow_0320_sess_001,cow_320,barn/barn_cow_0320_sess_001,side,none,partial,no,human_verified
vp1k_0353,MmCows,datasets/behavior/mmcows/cropped_bboxes/behaviors/3/1690329056_18-50-56_12_3.jpg,ev_1690329056_c12,cow_12,tb_3_cam_3,side,partial,none,no,human_verified
vp1k_0354,SideViewCows2026,datasets/id/external/sideviewcows2026/barn/images/444/444_0082.jpg,barn_cow_0444_sess_001,cow_444,barn/barn_cow_0444_sess_001,side,partial,none,no,human_verified
vp1k_0355,SideViewCows2026,datasets/id/external/sideviewcows2026/parlor/images/970/970_0207.jpg,parlor_cow_0970_sess_013,cow_970,parlor/parlor_cow_0970_sess_013,side,none,none,no,human_verified
vp1k_0356,ScienceDB,datasets/bcs/sciencedb_bcs/dataset/4.0/GS_3146_6.jpg,GS_burst_2378,,GS_Gansu/GS_3146,rear,none,none,no,human_verified
vp1k_0357,ScienceDB,datasets/bcs/sciencedb_bcs/dataset/4.0/YM_1000_4.jpg,YM_burst_0004,,YM_Farm2/YM_1000,unknown / ambiguous,none,none,yes,human_verified
vp1k_0358,MmCows,datasets/behavior/mmcows/cropped_bboxes/behaviors/6/1690304036_11-53-56_3_2.jpg,ev_1690304036_c3,cow_3,tb_2_cam_2,unknown / ambiguous,none,none,no,human_verified
vp1k_0359,SideViewCows2026,datasets/id/external/sideviewcows2026/parlor/images/749/749_0407.jpg,parlor_cow_0749_sess_026,cow_749,parlor/parlor_cow_0749_sess_026,side,none,none,no,human_verified
vp1k_0360,ScienceDB,datasets/bcs/sciencedb_bcs/dataset/4.25/YM_938_4.jpg,YM_burst_1987,,YM_Farm2/YM_938,rear,none,none,no,human_verified
vp1k_0361,SideViewCows2026,datasets/id/external/sideviewcows2026/barn/images/871/871_0087.jpg,barn_cow_0871_sess_001,cow_871,barn/barn_cow_0871_sess_001,side,none,none,no,human_verified
vp1k_0362,MmCows,datasets/behavior/mmcows/cropped_bboxes/behaviors/2/1690301741_11-15-41_10_3.jpg,ev_1690301741_c10,cow_10,tb_2_cam_3,rear,none,none,no,human_verified
vp1k_0363,ScienceDB,datasets/bcs/sciencedb_bcs/dataset/3.75/GS_208_4.jpg,GS_burst_1198,,GS_Gansu/GS_208,rear,none,partial,no,human_verified
vp1k_0364,ScienceDB,datasets/bcs/sciencedb_bcs/dataset/3.5/YM_1305_5.jpg,YM_burst_0341,,YM_Farm2/YM_1305,rear,none,none,yes,human_verified
vp1k_0365,ScienceDB,datasets/bcs/sciencedb_bcs/dataset/3.75/YM_171_2.jpg,YM_burst_0789,,YM_Farm2/YM_171,rear,none,none,no,human_verified
vp1k_0366,SideViewCows2026,datasets/id/external/sideviewcows2026/parlor/images/733/733_0321.jpg,parlor_cow_0733_sess_031,cow_733,parlor/parlor_cow_0733_sess_031,side,none,severe,no,human_verified
vp1k_0367,ScienceDB,datasets/bcs/sciencedb_bcs/dataset/3.25/YM_914_4.jpg,YM_burst_1961,,YM_Farm2/YM_914,rear,none,none,no,human_verified
vp1k_0368,MmCows,datasets/behavior/mmcows/cropped_bboxes/behaviors/7/1690325471_17-51-11_8_3.jpg,ev_1690325471_c8,cow_8,tb_3_cam_3,unknown / ambiguous,severe,none,no,human_verified
vp1k_0369,MmCows,datasets/behavior/mmcows/cropped_bboxes/behaviors/2/1690290551_08-09-11_10_3.jpg,ev_1690290551_c10,cow_10,tb_2_cam_3,unknown / ambiguous,severe,none,no,human_verified
vp1k_0370,MmCows,datasets/behavior/mmcows/cropped_bboxes/behaviors/2/1690322411_17-00-11_16_3.jpg,ev_1690322411_c16,cow_16,tb_3_cam_3,side,severe,none,no,human_verified
vp1k_0371,SideViewCows2026,datasets/id/external/sideviewcows2026/parlor/images/559/559_0277.jpg,parlor_cow_0559_sess_021,cow_559,parlor/parlor_cow_0559_sess_021,side,severe,severe,no,human_verified
vp1k_0372,MmCows,datasets/behavior/mmcows/cropped_bboxes/behaviors/2/1690280801_05-26-41_7_3.jpg,ev_1690280801_c7,cow_7,tb_2_cam_3,rear-oblique,none,none,no,human_verified
vp1k_0373,MmCows,datasets/behavior/mmcows/cropped_bboxes/behaviors/7/1690298186_10-16-26_16_4.jpg,ev_1690298186_c16,cow_16,tb_2_cam_4,unknown / ambiguous,severe,none,no,human_verified
vp1k_0374,ScienceDB,datasets/bcs/sciencedb_bcs/dataset/3.5/YM_95_4.jpg,YM_burst_2000,,YM_Farm2/YM_95,rear,none,none,yes,human_verified
vp1k_0375,SideViewCows2026,datasets/id/external/sideviewcows2026/parlor/images/488/488_0598.jpg,parlor_cow_0488_sess_031,cow_488,parlor/parlor_cow_0488_sess_031,side,severe,none,no,human_verified
vp1k_0376,SideViewCows2026,datasets/id/external/sideviewcows2026/barn/images/481/481_0086.jpg,barn_cow_0481_sess_001,cow_481,barn/barn_cow_0481_sess_001,side,none,none,no,human_verified
vp1k_0377,ScienceDB,datasets/bcs/sciencedb_bcs/dataset/4.25/GS_2016_3.jpg,GS_burst_1128,,GS_Gansu/GS_2016,rear,none,none,no,human_verified
vp1k_0378,ScienceDB,datasets/bcs/sciencedb_bcs/dataset/3.25/YM_349_4.jpg,YM_burst_1333,,YM_Farm2/YM_349,rear,none,none,yes,human_verified
vp1k_0379,MmCows,datasets/behavior/mmcows/cropped_bboxes/behaviors/3/1690288826_07-40-26_4_3.jpg,ev_1690288826_c4,cow_4,tb_2_cam_3,side,partial,none,yes,human_verified
vp1k_0380,ScienceDB,datasets/bcs/sciencedb_bcs/dataset/3.25/GS_2310_5.jpg,GS_burst_1451,,GS_Gansu/GS_2310,rear,none,none,no,human_verified
vp1k_0381,MmCows,datasets/behavior/mmcows/cropped_bboxes/behaviors/2/1690334456_20-20-56_10_3.jpg,ev_1690334456_c10,cow_10,tb_3_cam_3,unknown / ambiguous,severe,none,no,human_verified
vp1k_0382,ScienceDB,datasets/bcs/sciencedb_bcs/dataset/3.25/YM_1179_4.jpg,YM_burst_0201,,YM_Farm2/YM_1179,rear,none,none,no,human_verified
vp1k_0383,ScienceDB,datasets/bcs/sciencedb_bcs/dataset/3.25/GS_595_5.jpg,GS_burst_2890,,GS_Gansu/GS_595,rear,none,none,no,human_verified
vp1k_0384,MmCows,datasets/behavior/mmcows/cropped_bboxes/behaviors/5/1690328771_18-46-11_7_3.jpg,ev_1690328771_c7,cow_7,tb_3_cam_3,front-oblique,none,none,no,human_verified
vp1k_0385,ScienceDB,datasets/bcs/sciencedb_bcs/dataset/3.25/YM_2001_5.jpg,YM_burst_1113,,YM_Farm2/YM_2001,rear,none,none,no,human_verified
vp1k_0386,ScienceDB,datasets/bcs/sciencedb_bcs/dataset/3.75/GS_543_5.jpg,GS_burst_2833,,GS_Gansu/GS_543,rear,none,none,no,human_verified
vp1k_0387,MmCows,datasets/behavior/mmcows/cropped_bboxes/behaviors/3/1690276316_04-11-56_12_3.jpg,ev_1690276316_c12,cow_12,tb_1_cam_3,side,partial,none,yes,human_verified
vp1k_0388,SideViewCows2026,datasets/id/external/sideviewcows2026/parlor/images/799/799_0557.jpg,parlor_cow_0799_sess_039,cow_799,parlor/parlor_cow_0799_sess_039,side,severe,none,no,human_verified
vp1k_0389,SideViewCows2026,datasets/id/external/sideviewcows2026/barn/images/660/660_0244.jpg,barn_cow_0660_sess_001,cow_660,barn/barn_cow_0660_sess_001,side,none,none,no,human_verified
vp1k_0390,SideViewCows2026,datasets/id/external/sideviewcows2026/snapshots/images/296/296_0009.jpg,snap_cow_0296_sess_002,cow_296,snapshots/snap_cow_0296_sess_002,side,none,none,no,human_verified
vp1k_0391,MmCows,datasets/behavior/mmcows/cropped_bboxes/behaviors/1/1690328051_18-34-11_14_3.jpg,ev_1690328051_c14,cow_14,tb_3_cam_3,rear-oblique,none,none,no,human_verified
vp1k_0392,MmCows,datasets/behavior/mmcows/cropped_bboxes/behaviors/1/1690340486_22-01-26_16_3.jpg,ev_1690340486_c16,cow_16,tb_3_cam_3,rear-oblique,none,none,no,human_verified
vp1k_0393,ScienceDB,datasets/bcs/sciencedb_bcs/dataset/4.0/R-i7623.jpg,STEREO_burst_0164,,STEREO_Farm3/STEREO_blk_164,rear,none,none,no,human_verified
vp1k_0394,SideViewCows2026,datasets/id/external/sideviewcows2026/parlor/images/367/367_0447.jpg,parlor_cow_0367_sess_032,cow_367,parlor/parlor_cow_0367_sess_032,side,severe,none,no,human_verified
vp1k_0395,SideViewCows2026,datasets/id/external/sideviewcows2026/parlor/images/296/296_0335.jpg,parlor_cow_0296_sess_015,cow_296,parlor/parlor_cow_0296_sess_015,rear-oblique,none,none,no,human_verified
vp1k_0396,SideViewCows2026,datasets/id/external/sideviewcows2026/parlor/images/179/179_0377.jpg,parlor_cow_0179_sess_026,cow_179,parlor/parlor_cow_0179_sess_026,side,none,none,no,human_verified
vp1k_0397,SideViewCows2026,datasets/id/external/sideviewcows2026/barn/images/845/845_0248.jpg,barn_cow_0845_sess_001,cow_845,barn/barn_cow_0845_sess_001,side,none,none,no,human_verified
vp1k_0398,SideViewCows2026,datasets/id/external/sideviewcows2026/snapshots/images/725/725_0002.jpg,snap_cow_0725_sess_001,cow_725,snapshots/snap_cow_0725_sess_001,side,none,severe,no,human_verified
vp1k_0399,MmCows,datasets/behavior/mmcows/cropped_bboxes/behaviors/1/1690329566_18-59-26_16_3.jpg,ev_1690329566_c16,cow_16,tb_3_cam_3,side,none,none,no,human_verified
vp1k_0400,SideViewCows2026,datasets/id/external/sideviewcows2026/parlor/images/934/934_0124.jpg,parlor_cow_0934_sess_008,cow_934,parlor/parlor_cow_0934_sess_008,side,partial,none,no,human_verified
vp1k_0401,MmCows,datasets/behavior/mmcows/cropped_bboxes/behaviors/3/1690276061_04-07-41_13_2.jpg,ev_1690276061_c13,cow_13,tb_1_cam_2,rear-oblique,none,none,yes,human_verified
vp1k_0402,MmCows,datasets/behavior/mmcows/cropped_bboxes/behaviors/5/1690342991_22-43-11_11_3.jpg,ev_1690342991_c11,cow_11,tb_3_cam_3,front-oblique,none,none,no,human_verified
vp1k_0403,MmCows,datasets/behavior/mmcows/cropped_bboxes/behaviors/5/1690314581_14-49-41_15_4.jpg,ev_1690314581_c15,cow_15,tb_2_cam_4,side,severe,none,yes,human_verified
vp1k_0404,SideViewCows2026,datasets/id/external/sideviewcows2026/snapshots/images/975/975_0006.jpg,snap_cow_0975_sess_003,cow_975,snapshots/snap_cow_0975_sess_003,side,none,partial,no,human_verified
vp1k_0405,MmCows,datasets/behavior/mmcows/cropped_bboxes/behaviors/3/1690324871_17-41-11_3_3.jpg,ev_1690324871_c3,cow_3,tb_3_cam_3,side,partial,none,no,human_verified
vp1k_0406,ScienceDB,datasets/bcs/sciencedb_bcs/dataset/3.5/YM_1566_5.jpg,YM_burst_0629,,YM_Farm2/YM_1566,rear-oblique,none,none,no,human_verified
vp1k_0407,ScienceDB,datasets/bcs/sciencedb_bcs/dataset/3.75/GS_870_5.jpg,GS_burst_3196,,GS_Gansu/GS_870,rear,none,none,no,human_verified
vp1k_0408,MmCows,datasets/behavior/mmcows/cropped_bboxes/behaviors/4/1690321391_16-43-11_7_3.jpg,ev_1690321391_c7,cow_7,tb_3_cam_3,side,partial,none,yes,human_verified
vp1k_0409,SideViewCows2026,datasets/id/external/sideviewcows2026/parlor/images/553/553_0681.jpg,parlor_cow_0553_sess_046,cow_553,parlor/parlor_cow_0553_sess_046,side,none,partial,no,human_verified
vp1k_0410,MmCows,datasets/behavior/mmcows/cropped_bboxes/behaviors/5/1690346876_23-47-56_2_3.jpg,ev_1690346876_c2,cow_2,tb_3_cam_3,front-oblique,none,none,no,human_verified
vp1k_0411,ScienceDB,datasets/bcs/sciencedb_bcs/dataset/4.0/YM_214_3.jpg,YM_burst_1184,,YM_Farm2/YM_214,rear,none,none,no,human_verified
vp1k_0412,MmCows,datasets/behavior/mmcows/cropped_bboxes/behaviors/3/1690273601_03-26-41_16_2.jpg,ev_1690273601_c16,cow_16,tb_1_cam_2,unknown / ambiguous,none,none,no,human_verified
vp1k_0413,SideViewCows2026,datasets/id/external/sideviewcows2026/barn/images/571/571_0189.jpg,barn_cow_0571_sess_001,cow_571,barn/barn_cow_0571_sess_001,side,none,none,no,human_verified
vp1k_0414,SideViewCows2026,datasets/id/external/sideviewcows2026/parlor/images/171/171_0197.jpg,parlor_cow_0171_sess_012,cow_171,parlor/parlor_cow_0171_sess_012,side,none,severe,no,human_verified
vp1k_0415,ScienceDB,datasets/bcs/sciencedb_bcs/dataset/4.0/GS_2633_4.jpg,GS_burst_1808,,GS_Gansu/GS_2633,rear,none,none,yes,human_verified
vp1k_0416,ScienceDB,datasets/bcs/sciencedb_bcs/dataset/3.25/YM_1026_4.jpg,YM_burst_0032,,YM_Farm2/YM_1026,rear,none,none,no,human_verified
vp1k_0417,ScienceDB,datasets/bcs/sciencedb_bcs/dataset/4.0/GS_1041_4.jpg,GS_burst_0049,,GS_Gansu/GS_1041,rear,none,none,no,human_verified
vp1k_0418,SideViewCows2026,datasets/id/external/sideviewcows2026/barn/images/853/853_0239.jpg,barn_cow_0853_sess_001,cow_853,barn/barn_cow_0853_sess_001,side,none,severe,no,human_verified
vp1k_0419,MmCows,datasets/behavior/mmcows/cropped_bboxes/behaviors/5/1690347176_23-52-56_2_3.jpg,ev_1690347176_c2,cow_2,tb_3_cam_3,side,none,none,no,human_verified
vp1k_0420,ScienceDB,datasets/bcs/sciencedb_bcs/dataset/3.75/GS_207_3.jpg,GS_burst_1187,,GS_Gansu/GS_207,rear,none,none,no,human_verified
vp1k_0421,ScienceDB,datasets/bcs/sciencedb_bcs/dataset/4.25/YM_968_5.jpg,YM_burst_2020,,YM_Farm2/YM_968,rear,none,none,yes,human_verified
vp1k_0422,MmCows,datasets/behavior/mmcows/cropped_bboxes/behaviors/4/1690343606_22-53-26_11_3.jpg,ev_1690343606_c11,cow_11,tb_3_cam_3,rear-oblique,partial,none,no,human_verified
vp1k_0423,MmCows,datasets/behavior/mmcows/cropped_bboxes/behaviors/7/1690291316_08-21-56_1_2.jpg,ev_1690291316_c1,cow_1,tb_2_cam_2,unknown / ambiguous,severe,none,no,human_verified
vp1k_0424,SideViewCows2026,datasets/id/external/sideviewcows2026/parlor/images/305/305_0486.jpg,parlor_cow_0305_sess_031,cow_305,parlor/parlor_cow_0305_sess_031,side,partial,none,no,human_verified
vp1k_0425,ScienceDB,datasets/bcs/sciencedb_bcs/dataset/4.0/GS_2541_4.jpg,GS_burst_1706,,GS_Gansu/GS_2541,rear,none,none,no,human_verified
vp1k_0426,SideViewCows2026,datasets/id/external/sideviewcows2026/parlor/images/413/413_0418.jpg,parlor_cow_0413_sess_015,cow_413,parlor/parlor_cow_0413_sess_015,side,none,none,yes,human_verified
vp1k_0427,SideViewCows2026,datasets/id/external/sideviewcows2026/barn/images/733/733_0236.jpg,barn_cow_0733_sess_001,cow_733,barn/barn_cow_0733_sess_001,side,none,none,no,human_verified
vp1k_0428,ScienceDB,datasets/bcs/sciencedb_bcs/dataset/4.25/L-i10915.jpg,STEREO_burst_0239,,STEREO_Farm3/STEREO_blk_239,rear,none,none,yes,human_verified
vp1k_0429,ScienceDB,datasets/bcs/sciencedb_bcs/dataset/3.25/YM_786_4.jpg,YM_burst_1818,,YM_Farm2/YM_786,rear-oblique,none,none,no,human_verified
vp1k_0430,SideViewCows2026,datasets/id/external/sideviewcows2026/snapshots/images/737/737_0004.jpg,snap_cow_0737_sess_001,cow_737,snapshots/snap_cow_0737_sess_001,side,none,partial,no,human_verified
vp1k_0431,ScienceDB,datasets/bcs/sciencedb_bcs/dataset/4.0/GS_2954_3.jpg,GS_burst_2164,,GS_Gansu/GS_2954,rear,none,none,no,human_verified
vp1k_0432,SideViewCows2026,datasets/id/external/sideviewcows2026/barn/images/970/970_0080.jpg,barn_cow_0970_sess_001,cow_970,barn/barn_cow_0970_sess_001,side,none,partial,no,human_verified
vp1k_0433,MmCows,datasets/behavior/mmcows/cropped_bboxes/behaviors/2/1690321751_16-49-11_1_3.jpg,ev_1690321751_c1,cow_1,tb_3_cam_3,front-oblique,none,none,no,human_verified
vp1k_0434,SideViewCows2026,datasets/id/external/sideviewcows2026/barn/images/749/749_0187.jpg,barn_cow_0749_sess_001,cow_749,barn/barn_cow_0749_sess_001,side,none,none,no,human_verified
vp1k_0435,ScienceDB,datasets/bcs/sciencedb_bcs/dataset/3.5/GS_1482_3.jpg,GS_burst_0538,,GS_Gansu/GS_1482,rear,none,none,no,human_verified
vp1k_0436,ScienceDB,datasets/bcs/sciencedb_bcs/dataset/3.25/YM_1235_5.jpg,YM_burst_0264,,YM_Farm2/YM_1235,rear,none,none,yes,human_verified
vp1k_0437,SideViewCows2026,datasets/id/external/sideviewcows2026/barn/images/171/171_0319.jpg,barn_cow_0171_sess_001,cow_171,barn/barn_cow_0171_sess_001,side,partial,severe,no,human_verified
vp1k_0438,MmCows,datasets/behavior/mmcows/cropped_bboxes/behaviors/6/1690279766_05-09-26_6_2.jpg,ev_1690279766_c6,cow_6,tb_1_cam_2,unknown / ambiguous,none,none,no,human_verified
vp1k_0439,MmCows,datasets/behavior/mmcows/cropped_bboxes/behaviors/7/1690297676_10-07-56_7_2.jpg,ev_1690297676_c7,cow_7,tb_2_cam_2,unknown / ambiguous,severe,none,no,human_verified
vp1k_0440,MmCows,datasets/behavior/mmcows/cropped_bboxes/behaviors/2/1690344311_23-05-11_2_3.jpg,ev_1690344311_c2,cow_2,tb_3_cam_3,unknown / ambiguous,severe,none,no,human_verified
vp1k_0441,ScienceDB,datasets/bcs/sciencedb_bcs/dataset/3.25/YM_924_3.jpg,YM_burst_1972,,YM_Farm2/YM_924,rear,none,none,yes,human_verified
vp1k_0442,MmCows,datasets/behavior/mmcows/cropped_bboxes/behaviors/7/1690296476_09-47-56_3_3.jpg,ev_1690296476_c3,cow_3,tb_2_cam_3,unknown / ambiguous,partial,none,no,human_verified
vp1k_0443,MmCows,datasets/behavior/mmcows/cropped_bboxes/behaviors/2/1690295156_09-25-56_3_3.jpg,ev_1690295156_c3,cow_3,tb_2_cam_3,unknown / ambiguous,none,none,no,human_verified
vp1k_0444,SideViewCows2026,datasets/id/external/sideviewcows2026/parlor/images/320/320_0746.jpg,parlor_cow_0320_sess_044,cow_320,parlor/parlor_cow_0320_sess_044,side,none,none,yes,human_verified
vp1k_0445,ScienceDB,datasets/bcs/sciencedb_bcs/dataset/4.25/GS_2904_5.jpg,GS_burst_2109,,GS_Gansu/GS_2904,rear,none,none,no,human_verified
vp1k_0446,MmCows,datasets/behavior/mmcows/cropped_bboxes/behaviors/7/1690294901_09-21-41_8_3.jpg,ev_1690294901_c8,cow_8,tb_2_cam_3,unknown / ambiguous,none,none,no,human_verified
vp1k_0447,SideViewCows2026,datasets/id/external/sideviewcows2026/barn/images/275/275_0239.jpg,barn_cow_0275_sess_001,cow_275,barn/barn_cow_0275_sess_001,side,none,none,no,human_verified
vp1k_0448,ScienceDB,datasets/bcs/sciencedb_bcs/dataset/4.0/R-i7574.jpg,STEREO_burst_0162,,STEREO_Farm3/STEREO_blk_162,rear,none,partial,no,human_verified
vp1k_0449,ScienceDB,datasets/bcs/sciencedb_bcs/dataset/3.25/GS_631_4.jpg,GS_burst_2931,,GS_Gansu/GS_631,rear,none,none,no,human_verified
vp1k_0450,ScienceDB,datasets/bcs/sciencedb_bcs/dataset/3.75/GS_1475_5.jpg,GS_burst_0530,,GS_Gansu/GS_1475,rear,none,none,no,human_verified
vp1k_0451,SideViewCows2026,datasets/id/external/sideviewcows2026/snapshots/images/217/217_0009.jpg,snap_cow_0217_sess_003,cow_217,snapshots/snap_cow_0217_sess_003,side,none,none,yes,human_verified
vp1k_0452,SideViewCows2026,datasets/id/external/sideviewcows2026/parlor/images/909/909_0354.jpg,parlor_cow_0909_sess_034,cow_909,parlor/parlor_cow_0909_sess_034,side,none,none,no,human_verified
vp1k_0453,SideViewCows2026,datasets/id/external/sideviewcows2026/barn/images/975/975_0159.jpg,barn_cow_0975_sess_001,cow_975,barn/barn_cow_0975_sess_001,side,none,none,yes,human_verified
vp1k_0454,ScienceDB,datasets/bcs/sciencedb_bcs/dataset/3.75/L-i4122.jpg,STEREO_burst_0083,,STEREO_Farm3/STEREO_blk_083,rear,none,none,no,human_verified
vp1k_0455,MmCows,datasets/behavior/mmcows/cropped_bboxes/behaviors/3/1690273376_03-22-56_5_3.jpg,ev_1690273376_c5,cow_5,tb_1_cam_3,side,none,severe,yes,human_verified
vp1k_0456,MmCows,datasets/behavior/mmcows/cropped_bboxes/behaviors/2/1690308956_13-15-56_2_2.jpg,ev_1690308956_c2,cow_2,tb_2_cam_2,rear-oblique,none,severe,yes,human_verified
vp1k_0457,SideViewCows2026,datasets/id/external/sideviewcows2026/barn/images/542/542_0238.jpg,barn_cow_0542_sess_001,cow_542,barn/barn_cow_0542_sess_001,side,none,partial,no,human_verified
vp1k_0458,ScienceDB,datasets/bcs/sciencedb_bcs/dataset/3.5/YM_1804_4.jpg,YM_burst_0894,,YM_Farm2/YM_1804,rear,none,none,yes,human_verified
vp1k_0459,SideViewCows2026,datasets/id/external/sideviewcows2026/barn/images/737/737_0086.jpg,barn_cow_0737_sess_001,cow_737,barn/barn_cow_0737_sess_001,side,partial,none,no,human_verified
vp1k_0460,ScienceDB,datasets/bcs/sciencedb_bcs/dataset/3.5/GS_2281_5.jpg,GS_burst_1418,,GS_Gansu/GS_2281,rear,none,none,no,human_verified
vp1k_0461,MmCows,datasets/behavior/mmcows/cropped_bboxes/behaviors/5/1690275071_03-51-11_15_3.jpg,ev_1690275071_c15,cow_15,tb_1_cam_3,side,partial,none,no,human_verified
vp1k_0462,MmCows,datasets/behavior/mmcows/cropped_bboxes/behaviors/4/1690292936_08-48-56_11_3.jpg,ev_1690292936_c11,cow_11,tb_2_cam_3,side,partial,partial,no,human_verified
vp1k_0463,SideViewCows2026,datasets/id/external/sideviewcows2026/barn/images/871/871_0259.jpg,barn_cow_0871_sess_001,cow_871,barn/barn_cow_0871_sess_001,side,none,none,no,human_verified
vp1k_0464,SideViewCows2026,datasets/id/external/sideviewcows2026/parlor/images/128/128_0434.jpg,parlor_cow_0128_sess_024,cow_128,parlor/parlor_cow_0128_sess_024,side,none,none,yes,human_verified
vp1k_0465,MmCows,datasets/behavior/mmcows/cropped_bboxes/behaviors/3/1690331921_19-38-41_13_3.jpg,ev_1690331921_c13,cow_13,tb_3_cam_3,side,partial,none,yes,human_verified
vp1k_0466,MmCows,datasets/behavior/mmcows/cropped_bboxes/behaviors/3/1690332281_19-44-41_10_3.jpg,ev_1690332281_c10,cow_10,tb_3_cam_3,side,severe,partial,yes,human_verified
vp1k_0467,MmCows,datasets/behavior/mmcows/cropped_bboxes/behaviors/2/1690333796_20-09-56_3_3.jpg,ev_1690333796_c3,cow_3,tb_3_cam_3,side,partial,severe,yes,human_verified
vp1k_0468,MmCows,datasets/behavior/mmcows/cropped_bboxes/behaviors/5/1690341266_22-14-26_12_3.jpg,ev_1690341266_c12,cow_12,tb_3_cam_3,side,severe,none,no,human_verified
vp1k_0469,SideViewCows2026,datasets/id/external/sideviewcows2026/parlor/images/492/492_0200.jpg,parlor_cow_0492_sess_010,cow_492,parlor/parlor_cow_0492_sess_010,side,severe,none,no,human_verified
vp1k_0470,SideViewCows2026,datasets/id/external/sideviewcows2026/barn/images/389/389_0079.jpg,barn_cow_0389_sess_001,cow_389,barn/barn_cow_0389_sess_001,side,partial,partial,no,human_verified
vp1k_0471,SideViewCows2026,datasets/id/external/sideviewcows2026/snapshots/images/128/128_0016.jpg,snap_cow_0128_sess_006,cow_128,snapshots/snap_cow_0128_sess_006,side,none,none,yes,human_verified
vp1k_0472,MmCows,datasets/behavior/mmcows/cropped_bboxes/behaviors/4/1690273451_03-24-11_9_2.jpg,ev_1690273451_c9,cow_9,tb_1_cam_2,unknown / ambiguous,none,none,no,human_verified
vp1k_0473,MmCows,datasets/behavior/mmcows/cropped_bboxes/behaviors/6/1690331726_19-35-26_13_3.jpg,ev_1690331726_c13,cow_13,tb_3_cam_3,front-oblique,partial,none,no,human_verified
vp1k_0474,SideViewCows2026,datasets/id/external/sideviewcows2026/barn/images/400/400_0088.jpg,barn_cow_0400_sess_001,cow_400,barn/barn_cow_0400_sess_001,side,none,none,no,human_verified
vp1k_0475,MmCows,datasets/behavior/mmcows/cropped_bboxes/behaviors/1/1690274411_03-40-11_9_1.jpg,ev_1690274411_c9,cow_9,tb_1_cam_1,side,partial,none,no,human_verified
vp1k_0476,ScienceDB,datasets/bcs/sciencedb_bcs/dataset/3.5/GS_2573_3.jpg,GS_burst_1741,,GS_Gansu/GS_2573,rear,none,none,no,human_verified
vp1k_0477,SideViewCows2026,datasets/id/external/sideviewcows2026/barn/images/594/594_0040.jpg,barn_cow_0594_sess_001,cow_594,barn/barn_cow_0594_sess_001,side,none,none,yes,human_verified
vp1k_0478,ScienceDB,datasets/bcs/sciencedb_bcs/dataset/3.25/GS_439_5.jpg,GS_burst_2717,,GS_Gansu/GS_439,rear,none,none,yes,human_verified
vp1k_0479,SideViewCows2026,datasets/id/external/sideviewcows2026/parlor/images/998/998_0252.jpg,parlor_cow_0998_sess_016,cow_998,parlor/parlor_cow_0998_sess_016,side,none,none,no,human_verified
vp1k_0480,MmCows,datasets/behavior/mmcows/cropped_bboxes/behaviors/3/1690316696_15-24-56_4_3.jpg,ev_1690316696_c4,cow_4,tb_2_cam_3,side,partial,none,yes,human_verified
vp1k_0481,MmCows,datasets/behavior/mmcows/cropped_bboxes/behaviors/5/1690319546_16-12-26_6_3.jpg,ev_1690319546_c6,cow_6,tb_3_cam_3,side,severe,none,no,human_verified
vp1k_0482,SideViewCows2026,datasets/id/external/sideviewcows2026/parlor/images/778/778_0002.jpg,parlor_cow_0778_sess_001,cow_778,parlor/parlor_cow_0778_sess_001,side,none,partial,no,human_verified
vp1k_0483,SideViewCows2026,datasets/id/external/sideviewcows2026/snapshots/images/871/871_0004.jpg,snap_cow_0871_sess_001,cow_871,snapshots/snap_cow_0871_sess_001,side,none,partial,no,human_verified
vp1k_0484,SideViewCows2026,datasets/id/external/sideviewcows2026/parlor/images/444/444_0179.jpg,parlor_cow_0444_sess_011,cow_444,parlor/parlor_cow_0444_sess_011,side,severe,none,no,human_verified
vp1k_0485,ScienceDB,datasets/bcs/sciencedb_bcs/dataset/4.25/YM_1376_4.jpg,YM_burst_0419,,YM_Farm2/YM_1376,rear,none,none,yes,human_verified
vp1k_0486,MmCows,datasets/behavior/mmcows/cropped_bboxes/behaviors/7/1690327271_18-21-11_2_3.jpg,ev_1690327271_c2,cow_2,tb_3_cam_3,unknown / ambiguous,severe,none,no,human_verified
vp1k_0487,MmCows,datasets/behavior/mmcows/cropped_bboxes/behaviors/1/1690309856_13-30-56_15_3.jpg,ev_1690309856_c15,cow_15,tb_2_cam_3,side,severe,severe,yes,human_verified
vp1k_0488,ScienceDB,datasets/bcs/sciencedb_bcs/dataset/3.75/GS_1436_2.jpg,GS_burst_0487,,GS_Gansu/GS_1436,rear,none,none,yes,human_verified
vp1k_0489,MmCows,datasets/behavior/mmcows/cropped_bboxes/behaviors/4/1690310831_13-47-11_9_2.jpg,ev_1690310831_c9,cow_9,tb_2_cam_2,rear-oblique,partial,none,no,human_verified
vp1k_0490,ScienceDB,datasets/bcs/sciencedb_bcs/dataset/3.75/YM_1427_3.jpg,YM_burst_0476,,YM_Farm2/YM_1427,rear,none,none,yes,human_verified
vp1k_0491,ScienceDB,datasets/bcs/sciencedb_bcs/dataset/3.75/GS_174_3.jpg,GS_burst_0824,,GS_Gansu/GS_174,rear,none,none,no,human_verified
vp1k_0492,ScienceDB,datasets/bcs/sciencedb_bcs/dataset/3.5/GS_452_5.jpg,GS_burst_2732,,GS_Gansu/GS_452,rear,none,none,no,human_verified
vp1k_0493,MmCows,datasets/behavior/mmcows/cropped_bboxes/behaviors/6/1690341101_22-11-41_12_3.jpg,ev_1690341101_c12,cow_12,tb_3_cam_3,side,none,none,no,human_verified
vp1k_0494,SideViewCows2026,datasets/id/external/sideviewcows2026/parlor/images/660/660_0193.jpg,parlor_cow_0660_sess_008,cow_660,parlor/parlor_cow_0660_sess_008,side,none,none,no,human_verified
vp1k_0495,ScienceDB,datasets/bcs/sciencedb_bcs/dataset/4.25/YM_513_4.jpg,YM_burst_1516,,YM_Farm2/YM_513,rear,none,none,yes,human_verified
vp1k_0496,SideViewCows2026,datasets/id/external/sideviewcows2026/parlor/images/844/844_0164.jpg,parlor_cow_0844_sess_009,cow_844,parlor/parlor_cow_0844_sess_009,side,severe,severe,no,human_verified
vp1k_0497,SideViewCows2026,datasets/id/external/sideviewcows2026/parlor/images/733/733_0565.jpg,parlor_cow_0733_sess_055,cow_733,parlor/parlor_cow_0733_sess_055,side,partial,none,no,human_verified
vp1k_0498,ScienceDB,datasets/bcs/sciencedb_bcs/dataset/3.75/GS_2671_5.jpg,GS_burst_1850,,GS_Gansu/GS_2671,rear,none,partial,no,human_verified
vp1k_0499,ScienceDB,datasets/bcs/sciencedb_bcs/dataset/4.0/YM_1078_3.jpg,YM_burst_0089,,YM_Farm2/YM_1078,rear,none,none,yes,human_verified
vp1k_0500,SideViewCows2026,datasets/id/external/sideviewcows2026/barn/images/749/749_0063.jpg,barn_cow_0749_sess_001,cow_749,barn/barn_cow_0749_sess_001,side,none,partial,no,human_verified
vp1k_0501,SideViewCows2026,datasets/id/external/sideviewcows2026/parlor/images/401/401_0279.jpg,parlor_cow_0401_sess_013,cow_401,parlor/parlor_cow_0401_sess_013,side,none,partial,no,human_verified
vp1k_0502,ScienceDB,datasets/bcs/sciencedb_bcs/dataset/3.5/GS_796_5.jpg,GS_burst_3113,,GS_Gansu/GS_796,rear,none,none,no,human_verified
vp1k_0503,ScienceDB,datasets/bcs/sciencedb_bcs/dataset/3.25/GS_1673_5.jpg,GS_burst_0750,,GS_Gansu/GS_1673,rear,none,none,no,human_verified
vp1k_0504,SideViewCows2026,datasets/id/external/sideviewcows2026/parlor/images/275/275_0308.jpg,parlor_cow_0275_sess_020,cow_275,parlor/parlor_cow_0275_sess_020,side,partial,partial,no,human_verified
vp1k_0505,SideViewCows2026,datasets/id/external/sideviewcows2026/barn/images/179/179_0209.jpg,barn_cow_0179_sess_001,cow_179,barn/barn_cow_0179_sess_001,side,partial,none,no,human_verified
vp1k_0506,ScienceDB,datasets/bcs/sciencedb_bcs/dataset/4.0/GS_2053_4.jpg,GS_burst_1169,,GS_Gansu/GS_2053,rear,none,none,no,human_verified
vp1k_0507,MmCows,datasets/behavior/mmcows/cropped_bboxes/behaviors/4/1690335041_20-30-41_9_3.jpg,ev_1690335041_c9,cow_9,tb_3_cam_3,side,none,none,no,human_verified
vp1k_0508,ScienceDB,datasets/bcs/sciencedb_bcs/dataset/3.25/YM_722_5.jpg,YM_burst_1748,,YM_Farm2/YM_722,rear,none,none,yes,human_verified
vp1k_0509,MmCows,datasets/behavior/mmcows/cropped_bboxes/behaviors/1/1690336661_20-57-41_8_2.jpg,ev_1690336661_c8,cow_8,tb_3_cam_2,rear,none,none,no,human_verified
vp1k_0510,MmCows,datasets/behavior/mmcows/cropped_bboxes/behaviors/1/1690290656_08-10-56_15_3.jpg,ev_1690290656_c15,cow_15,tb_2_cam_3,rear-oblique,partial,none,yes,human_verified
vp1k_0511,SideViewCows2026,datasets/id/external/sideviewcows2026/parlor/images/144/144_0417.jpg,parlor_cow_0144_sess_021,cow_144,parlor/parlor_cow_0144_sess_021,side,none,severe,no,human_verified
vp1k_0512,SideViewCows2026,datasets/id/external/sideviewcows2026/parlor/images/680/680_0093.jpg,parlor_cow_0680_sess_004,cow_680,parlor/parlor_cow_0680_sess_004,side,partial,none,no,human_verified
vp1k_0513,MmCows,datasets/behavior/mmcows/cropped_bboxes/behaviors/5/1690280246_05-17-26_7_3.jpg,ev_1690280246_c7,cow_7,tb_2_cam_3,front-oblique,partial,none,no,human_verified
vp1k_0514,SideViewCows2026,datasets/id/external/sideviewcows2026/parlor/images/621/621_0972.jpg,parlor_cow_0621_sess_047,cow_621,parlor/parlor_cow_0621_sess_047,side,none,partial,no,human_verified
vp1k_0515,MmCows,datasets/behavior/mmcows/cropped_bboxes/behaviors/4/1690334831_20-27-11_9_3.jpg,ev_1690334831_c9,cow_9,tb_3_cam_3,side,partial,none,yes,human_verified
vp1k_0516,MmCows,datasets/behavior/mmcows/cropped_bboxes/behaviors/4/1690276646_04-17-26_15_3.jpg,ev_1690276646_c15,cow_15,tb_1_cam_3,side,severe,none,no,human_verified
vp1k_0517,MmCows,datasets/behavior/mmcows/cropped_bboxes/behaviors/7/1690283216_06-06-56_1_3.jpg,ev_1690283216_c1,cow_1,tb_2_cam_3,side,severe,partial,no,human_verified
vp1k_0518,MmCows,datasets/behavior/mmcows/cropped_bboxes/behaviors/1/1690300031_10-47-11_10_3.jpg,ev_1690300031_c10,cow_10,tb_2_cam_3,unknown / ambiguous,severe,none,no,human_verified
vp1k_0519,SideViewCows2026,datasets/id/external/sideviewcows2026/parlor/images/187/187_0197.jpg,parlor_cow_0187_sess_015,cow_187,parlor/parlor_cow_0187_sess_015,side,none,none,no,human_verified
vp1k_0520,ScienceDB,datasets/bcs/sciencedb_bcs/dataset/3.5/GS_689_5.jpg,GS_burst_2994,,GS_Gansu/GS_689,rear,none,none,no,human_verified
vp1k_0521,ScienceDB,datasets/bcs/sciencedb_bcs/dataset/3.25/YM_523_3.jpg,YM_burst_1527,,YM_Farm2/YM_523,rear-oblique,none,none,yes,human_verified
vp1k_0522,MmCows,datasets/behavior/mmcows/cropped_bboxes/behaviors/3/1690306226_12-30-26_4_3.jpg,ev_1690306226_c4,cow_4,tb_2_cam_3,side,partial,none,no,human_verified
vp1k_0523,MmCows,datasets/behavior/mmcows/cropped_bboxes/behaviors/6/1690311881_14-04-41_16_3.jpg,ev_1690311881_c16,cow_16,tb_2_cam_3,unknown / ambiguous,none,none,no,human_verified
vp1k_0524,SideViewCows2026,datasets/id/external/sideviewcows2026/snapshots/images/737/737_0012.jpg,snap_cow_0737_sess_004,cow_737,snapshots/snap_cow_0737_sess_004,side,partial,partial,no,human_verified
vp1k_0525,MmCows,datasets/behavior/mmcows/cropped_bboxes/behaviors/4/1690332026_19-40-26_13_3.jpg,ev_1690332026_c13,cow_13,tb_3_cam_3,side,partial,partial,yes,human_verified
vp1k_0526,ScienceDB,datasets/bcs/sciencedb_bcs/dataset/3.25/GS_1235_4.jpg,GS_burst_0264,,GS_Gansu/GS_1235,rear,none,none,no,human_verified
vp1k_0527,MmCows,datasets/behavior/mmcows/cropped_bboxes/behaviors/6/1690336931_21-02-11_4_3.jpg,ev_1690336931_c4,cow_4,tb_3_cam_3,side,none,none,no,human_verified
vp1k_0528,SideViewCows2026,datasets/id/external/sideviewcows2026/parlor/images/367/367_0272.jpg,parlor_cow_0367_sess_017,cow_367,parlor/parlor_cow_0367_sess_017,side,partial,none,no,human_verified
vp1k_0529,MmCows,datasets/behavior/mmcows/cropped_bboxes/behaviors/4/1690345346_23-22-26_7_3.jpg,ev_1690345346_c7,cow_7,tb_3_cam_3,side,partial,none,no,human_verified
vp1k_0530,ScienceDB,datasets/bcs/sciencedb_bcs/dataset/4.0/YM_709_5.jpg,YM_burst_1733,,YM_Farm2/YM_709,rear,none,none,no,human_verified
vp1k_0531,ScienceDB,datasets/bcs/sciencedb_bcs/dataset/3.5/GS_2713_4.jpg,GS_burst_1897,,GS_Gansu/GS_2713,rear,none,none,no,human_verified
vp1k_0532,MmCows,datasets/behavior/mmcows/cropped_bboxes/behaviors/1/1690322681_17-04-41_1_3.jpg,ev_1690322681_c1,cow_1,tb_3_cam_3,rear,none,none,no,human_verified
vp1k_0533,MmCows,datasets/behavior/mmcows/cropped_bboxes/behaviors/1/1690320851_16-34-11_16_3.jpg,ev_1690320851_c16,cow_16,tb_3_cam_3,side,none,partial,yes,human_verified
vp1k_0534,MmCows,datasets/behavior/mmcows/cropped_bboxes/behaviors/7/1690295681_09-34-41_8_4.jpg,ev_1690295681_c8,cow_8,tb_2_cam_4,side,severe,severe,yes,human_verified
vp1k_0535,MmCows,datasets/behavior/mmcows/cropped_bboxes/behaviors/3/1690285856_06-50-56_4_3.jpg,ev_1690285856_c4,cow_4,tb_2_cam_3,side,severe,none,no,human_verified
vp1k_0536,ScienceDB,datasets/bcs/sciencedb_bcs/dataset/3.5/YM_1841_3.jpg,YM_burst_0935,,YM_Farm2/YM_1841,rear,none,none,yes,human_verified
vp1k_0537,ScienceDB,datasets/bcs/sciencedb_bcs/dataset/4.25/GS_427_3.jpg,GS_burst_2704,,GS_Gansu/GS_427,rear,none,none,yes,human_verified
vp1k_0538,ScienceDB,datasets/bcs/sciencedb_bcs/dataset/4.25/YM_105_3.jpg,YM_burst_0058,,YM_Farm2/YM_105,rear,none,none,yes,human_verified
vp1k_0539,MmCows,datasets/behavior/mmcows/cropped_bboxes/behaviors/4/1690336541_20-55-41_9_3.jpg,ev_1690336541_c9,cow_9,tb_3_cam_3,side,none,none,yes,human_verified
vp1k_0540,SideViewCows2026,datasets/id/external/sideviewcows2026/parlor/images/355/355_0046.jpg,parlor_cow_0355_sess_005,cow_355,parlor/parlor_cow_0355_sess_005,side,severe,none,no,human_verified
vp1k_0541,ScienceDB,datasets/bcs/sciencedb_bcs/dataset/4.0/GS_1423_5.jpg,GS_burst_0473,,GS_Gansu/GS_1423,rear,none,none,yes,human_verified
vp1k_0542,ScienceDB,datasets/bcs/sciencedb_bcs/dataset/3.5/GS_1146_4.jpg,GS_burst_0165,,GS_Gansu/GS_1146,rear,none,none,no,human_verified
vp1k_0543,SideViewCows2026,datasets/id/external/sideviewcows2026/snapshots/images/660/660_0007.jpg,snap_cow_0660_sess_002,cow_660,snapshots/snap_cow_0660_sess_002,side,partial,partial,no,human_verified
vp1k_0544,ScienceDB,datasets/bcs/sciencedb_bcs/dataset/4.25/GS_1767_4.jpg,GS_burst_0854,,GS_Gansu/GS_1767,rear,none,none,no,human_verified
vp1k_0545,MmCows,datasets/behavior/mmcows/cropped_bboxes/behaviors/2/1690309256_13-20-56_15_4.jpg,ev_1690309256_c15,cow_15,tb_2_cam_4,front,partial,none,no,human_verified
vp1k_0546,SideViewCows2026,datasets/id/external/sideviewcows2026/snapshots/images/406/406_0006.jpg,snap_cow_0406_sess_002,cow_406,snapshots/snap_cow_0406_sess_002,side,none,partial,no,human_verified
vp1k_0547,ScienceDB,datasets/bcs/sciencedb_bcs/dataset/4.0/YM_841_17.jpg,YM_burst_1880,,YM_Farm2/YM_841,rear,none,none,yes,human_verified
vp1k_0548,ScienceDB,datasets/bcs/sciencedb_bcs/dataset/3.25/YM_313_4.jpg,YM_burst_1294,,YM_Farm2/YM_313,rear,none,none,no,human_verified
vp1k_0549,ScienceDB,datasets/bcs/sciencedb_bcs/dataset/3.75/YM_842_3.jpg,YM_burst_1881,,YM_Farm2/YM_842,rear-oblique,none,none,yes,human_verified
vp1k_0550,ScienceDB,datasets/bcs/sciencedb_bcs/dataset/4.0/GS_994_5.jpg,GS_burst_3333,,GS_Gansu/GS_994,rear,none,none,no,human_verified
vp1k_0551,SideViewCows2026,datasets/id/external/sideviewcows2026/barn/images/241/241_0263.jpg,barn_cow_0241_sess_001,cow_241,barn/barn_cow_0241_sess_001,side,partial,none,no,human_verified
vp1k_0552,MmCows,datasets/behavior/mmcows/cropped_bboxes/behaviors/5/1690280516_05-21-56_9_3.jpg,ev_1690280516_c9,cow_9,tb_2_cam_3,front-oblique,none,partial,no,human_verified
vp1k_0553,ScienceDB,datasets/bcs/sciencedb_bcs/dataset/3.5/YM_1962_5.jpg,YM_burst_1068,,YM_Farm2/YM_1962,rear,none,none,yes,human_verified
vp1k_0554,ScienceDB,datasets/bcs/sciencedb_bcs/dataset/3.5/YM_1393_4.jpg,YM_burst_0438,,YM_Farm2/YM_1393,rear,none,none,yes,human_verified
vp1k_0555,MmCows,datasets/behavior/mmcows/cropped_bboxes/behaviors/7/1690298081_10-14-41_14_2.jpg,ev_1690298081_c14,cow_14,tb_2_cam_2,unknown / ambiguous,severe,severe,yes,human_verified
vp1k_0556,ScienceDB,datasets/bcs/sciencedb_bcs/dataset/3.25/GS_1141_4.jpg,GS_burst_0160,,GS_Gansu/GS_1141,rear,none,none,no,human_verified
vp1k_0557,ScienceDB,datasets/bcs/sciencedb_bcs/dataset/3.25/R-i1037.jpg,STEREO_burst_0025,,STEREO_Farm3/STEREO_blk_025,unknown / ambiguous,none,none,yes,human_verified
vp1k_0558,ScienceDB,datasets/bcs/sciencedb_bcs/dataset/4.25/R-i11314.jpg,STEREO_burst_0252,,STEREO_Farm3/STEREO_blk_252,rear-oblique,none,severe,no,human_verified
vp1k_0559,ScienceDB,datasets/bcs/sciencedb_bcs/dataset/3.5/YM_1316_3.jpg,YM_burst_0353,,YM_Farm2/YM_1316,rear,none,none,yes,human_verified
vp1k_0560,ScienceDB,datasets/bcs/sciencedb_bcs/dataset/3.75/GS_3265_3.jpg,GS_burst_2510,,GS_Gansu/GS_3265,rear,none,none,no,human_verified
vp1k_0561,MmCows,datasets/behavior/mmcows/cropped_bboxes/behaviors/1/1690316711_15-25-11_14_3.jpg,ev_1690316711_c14,cow_14,tb_2_cam_3,side,none,none,yes,human_verified
vp1k_0562,MmCows,datasets/behavior/mmcows/cropped_bboxes/behaviors/7/1690275566_03-59-26_3_3.jpg,ev_1690275566_c3,cow_3,tb_1_cam_3,unknown / ambiguous,severe,severe,yes,human_verified
vp1k_0563,SideViewCows2026,datasets/id/external/sideviewcows2026/snapshots/images/176/176_0013.jpg,snap_cow_0176_sess_004,cow_176,snapshots/snap_cow_0176_sess_004,side,partial,none,no,human_verified
vp1k_0564,ScienceDB,datasets/bcs/sciencedb_bcs/dataset/4.0/YM_761_19.jpg,YM_burst_1791,,YM_Farm2/YM_761,rear,none,none,no,human_verified
vp1k_0565,SideViewCows2026,datasets/id/external/sideviewcows2026/parlor/images/455/455_0021.jpg,parlor_cow_0455_sess_001,cow_455,parlor/parlor_cow_0455_sess_001,side,none,none,no,human_verified
vp1k_0566,SideViewCows2026,datasets/id/external/sideviewcows2026/snapshots/images/303/303_0009.jpg,snap_cow_0303_sess_004,cow_303,snapshots/snap_cow_0303_sess_004,side,none,none,no,human_verified
vp1k_0567,ScienceDB,datasets/bcs/sciencedb_bcs/dataset/3.75/YM_6_4.jpg,YM_burst_1611,,YM_Farm2/YM_6,rear,none,none,yes,human_verified
vp1k_0568,ScienceDB,datasets/bcs/sciencedb_bcs/dataset/3.75/YM_446_4.jpg,YM_burst_1441,,YM_Farm2/YM_446,rear,none,none,yes,human_verified
vp1k_0569,MmCows,datasets/behavior/mmcows/cropped_bboxes/behaviors/5/1690313636_14-33-56_4_3.jpg,ev_1690313636_c4,cow_4,tb_2_cam_3,front-oblique,partial,partial,no,human_verified
vp1k_0570,SideViewCows2026,datasets/id/external/sideviewcows2026/parlor/images/389/389_0293.jpg,parlor_cow_0389_sess_014,cow_389,parlor/parlor_cow_0389_sess_014,side,none,severe,no,human_verified
vp1k_0571,SideViewCows2026,datasets/id/external/sideviewcows2026/parlor/images/545/545_0452.jpg,parlor_cow_0545_sess_026,cow_545,parlor/parlor_cow_0545_sess_026,side,severe,partial,no,human_verified
vp1k_0572,MmCows,datasets/behavior/mmcows/cropped_bboxes/behaviors/7/1690300496_10-54-56_8_3.jpg,ev_1690300496_c8,cow_8,tb_2_cam_3,unknown / ambiguous,none,none,no,human_verified
vp1k_0573,MmCows,datasets/behavior/mmcows/cropped_bboxes/behaviors/3/1690311446_13-57-26_12_3.jpg,ev_1690311446_c12,cow_12,tb_2_cam_3,side,partial,none,no,human_verified
vp1k_0574,SideViewCows2026,datasets/id/external/sideviewcows2026/snapshots/images/544/544_0005.jpg,snap_cow_0544_sess_003,cow_544,snapshots/snap_cow_0544_sess_003,side,none,none,no,human_verified
vp1k_0575,SideViewCows2026,datasets/id/external/sideviewcows2026/barn/images/684/684_0087.jpg,barn_cow_0684_sess_001,cow_684,barn/barn_cow_0684_sess_001,side,partial,none,no,human_verified
vp1k_0576,MmCows,datasets/behavior/mmcows/cropped_bboxes/behaviors/5/1690282721_05-58-41_7_3.jpg,ev_1690282721_c7,cow_7,tb_2_cam_3,front-oblique,partial,partial,no,human_verified
vp1k_0577,MmCows,datasets/behavior/mmcows/cropped_bboxes/behaviors/7/1690345586_23-26-26_8_4.jpg,ev_1690345586_c8,cow_8,tb_3_cam_4,rear-oblique,severe,severe,yes,human_verified
vp1k_0578,SideViewCows2026,datasets/id/external/sideviewcows2026/snapshots/images/168/168_0007.jpg,snap_cow_0168_sess_002,cow_168,snapshots/snap_cow_0168_sess_002,side,none,severe,no,human_verified
vp1k_0579,ScienceDB,datasets/bcs/sciencedb_bcs/dataset/3.25/L-i1331.jpg,STEREO_burst_0030,,STEREO_Farm3/STEREO_blk_030,rear,none,none,no,human_verified
vp1k_0580,MmCows,datasets/behavior/mmcows/cropped_bboxes/behaviors/5/1690322336_16-58-56_8_3.jpg,ev_1690322336_c8,cow_8,tb_3_cam_3,front-oblique,partial,severe,no,human_verified
vp1k_0581,SideViewCows2026,datasets/id/external/sideviewcows2026/barn/images/413/413_0236.jpg,barn_cow_0413_sess_001,cow_413,barn/barn_cow_0413_sess_001,side,none,none,yes,human_verified
vp1k_0582,ScienceDB,datasets/bcs/sciencedb_bcs/dataset/3.75/YM_620_2.jpg,YM_burst_1635,,YM_Farm2/YM_620,unknown / ambiguous,none,none,yes,human_verified
vp1k_0583,SideViewCows2026,datasets/id/external/sideviewcows2026/barn/images/677/677_0248.jpg,barn_cow_0677_sess_001,cow_677,barn/barn_cow_0677_sess_001,side,none,partial,no,human_verified
vp1k_0584,MmCows,datasets/behavior/mmcows/cropped_bboxes/behaviors/3/1690287701_07-21-41_6_4.jpg,ev_1690287701_c6,cow_6,tb_2_cam_4,side,severe,severe,yes,human_verified
vp1k_0585,SideViewCows2026,datasets/id/external/sideviewcows2026/parlor/images/962/962_0390.jpg,parlor_cow_0962_sess_028,cow_962,parlor/parlor_cow_0962_sess_028,side,none,none,no,human_verified
vp1k_0586,MmCows,datasets/behavior/mmcows/cropped_bboxes/behaviors/2/1690281956_05-45-56_10_3.jpg,ev_1690281956_c10,cow_10,tb_2_cam_3,side,none,none,no,human_verified
vp1k_0587,SideViewCows2026,datasets/id/external/sideviewcows2026/barn/images/488/488_0088.jpg,barn_cow_0488_sess_001,cow_488,barn/barn_cow_0488_sess_001,side,none,none,no,human_verified
vp1k_0588,SideViewCows2026,datasets/id/external/sideviewcows2026/barn/images/275/275_0080.jpg,barn_cow_0275_sess_001,cow_275,barn/barn_cow_0275_sess_001,side,none,none,no,human_verified
vp1k_0589,MmCows,datasets/behavior/mmcows/cropped_bboxes/behaviors/3/1690316576_15-22-56_5_2.jpg,ev_1690316576_c5,cow_5,tb_2_cam_2,rear-oblique,none,partial,no,human_verified
vp1k_0590,ScienceDB,datasets/bcs/sciencedb_bcs/dataset/3.25/YM_276_3.jpg,YM_burst_1252,,YM_Farm2/YM_276,rear,none,none,no,human_verified
vp1k_0591,ScienceDB,datasets/bcs/sciencedb_bcs/dataset/4.0/GS_151_5.jpg,GS_burst_0569,,GS_Gansu/GS_151,rear,none,none,no,human_verified
vp1k_0592,ScienceDB,datasets/bcs/sciencedb_bcs/dataset/4.0/GS_2711_3.jpg,GS_burst_1895,,GS_Gansu/GS_2711,rear,none,none,no,human_verified
vp1k_0593,SideViewCows2026,datasets/id/external/sideviewcows2026/snapshots/images/305/305_0001.jpg,snap_cow_0305_sess_001,cow_305,snapshots/snap_cow_0305_sess_001,side,none,none,no,human_verified
vp1k_0594,SideViewCows2026,datasets/id/external/sideviewcows2026/barn/images/621/621_0263.jpg,barn_cow_0621_sess_001,cow_621,barn/barn_cow_0621_sess_001,side,partial,none,no,human_verified
vp1k_0595,ScienceDB,datasets/bcs/sciencedb_bcs/dataset/3.25/GS_2117_5.jpg,GS_burst_1240,,GS_Gansu/GS_2117,unknown / ambiguous,none,none,yes,human_verified
vp1k_0596,SideViewCows2026,datasets/id/external/sideviewcows2026/parlor/images/627/627_0157.jpg,parlor_cow_0627_sess_009,cow_627,parlor/parlor_cow_0627_sess_009,side,partial,none,no,human_verified
vp1k_0597,SideViewCows2026,datasets/id/external/sideviewcows2026/barn/images/374/374_0331.jpg,barn_cow_0374_sess_001,cow_374,barn/barn_cow_0374_sess_001,side,partial,none,no,human_verified
vp1k_0598,MmCows,datasets/behavior/mmcows/cropped_bboxes/behaviors/4/1690288616_07-36-56_8_3.jpg,ev_1690288616_c8,cow_8,tb_2_cam_3,side,severe,severe,yes,human_verified
vp1k_0599,SideViewCows2026,datasets/id/external/sideviewcows2026/parlor/images/400/400_0281.jpg,parlor_cow_0400_sess_018,cow_400,parlor/parlor_cow_0400_sess_018,side,partial,none,no,human_verified
vp1k_0600,MmCows,datasets/behavior/mmcows/cropped_bboxes/behaviors/7/1690343396_22-49-56_15_3.jpg,ev_1690343396_c15,cow_15,tb_3_cam_3,unknown / ambiguous,none,none,no,human_verified
vp1k_0601,ScienceDB,datasets/bcs/sciencedb_bcs/dataset/4.0/GS_661_5.jpg,GS_burst_2964,,GS_Gansu/GS_661,rear,none,none,no,human_verified
vp1k_0602,SideViewCows2026,datasets/id/external/sideviewcows2026/barn/images/660/660_0082.jpg,barn_cow_0660_sess_001,cow_660,barn/barn_cow_0660_sess_001,side,none,none,no,human_verified
vp1k_0603,MmCows,datasets/behavior/mmcows/cropped_bboxes/behaviors/1/1690323566_17-19-26_5_3.jpg,ev_1690323566_c5,cow_5,tb_3_cam_3,unknown / ambiguous,none,none,no,human_verified
vp1k_0604,MmCows,datasets/behavior/mmcows/cropped_bboxes/behaviors/2/1690334726_20-25-26_12_3.jpg,ev_1690334726_c12,cow_12,tb_3_cam_3,rear-oblique,severe,severe,yes,human_verified
vp1k_0605,ScienceDB,datasets/bcs/sciencedb_bcs/dataset/3.5/L-i1708.jpg,STEREO_burst_0040,,STEREO_Farm3/STEREO_blk_040,rear-oblique,none,none,yes,human_verified
vp1k_0606,ScienceDB,datasets/bcs/sciencedb_bcs/dataset/3.5/R-i5355.jpg,STEREO_burst_0112,,STEREO_Farm3/STEREO_blk_112,rear-oblique,none,none,no,human_verified
vp1k_0607,ScienceDB,datasets/bcs/sciencedb_bcs/dataset/3.25/GS_836_4.jpg,GS_burst_3158,,GS_Gansu/GS_836,rear,none,none,no,human_verified
vp1k_0608,SideViewCows2026,datasets/id/external/sideviewcows2026/snapshots/images/660/660_0001.jpg,snap_cow_0660_sess_001,cow_660,snapshots/snap_cow_0660_sess_001,side,none,none,no,human_verified
vp1k_0609,MmCows,datasets/behavior/mmcows/cropped_bboxes/behaviors/6/1690317041_15-30-41_7_4.jpg,ev_1690317041_c7,cow_7,tb_2_cam_4,side,partial,none,no,human_verified
vp1k_0610,SideViewCows2026,datasets/id/external/sideviewcows2026/parlor/images/737/737_0043.jpg,parlor_cow_0737_sess_004,cow_737,parlor/parlor_cow_0737_sess_004,side,partial,none,no,human_verified
vp1k_0611,MmCows,datasets/behavior/mmcows/cropped_bboxes/behaviors/7/1690324376_17-32-56_10_2.jpg,ev_1690324376_c10,cow_10,tb_3_cam_2,unknown / ambiguous,partial,partial,yes,human_verified
vp1k_0612,ScienceDB,datasets/bcs/sciencedb_bcs/dataset/3.25/GS_1938_4.jpg,GS_burst_1040,,GS_Gansu/GS_1938,rear,none,none,no,human_verified
vp1k_0613,SideViewCows2026,datasets/id/external/sideviewcows2026/snapshots/images/975/975_0004.jpg,snap_cow_0975_sess_002,cow_975,snapshots/snap_cow_0975_sess_002,side,none,none,no,human_verified
vp1k_0614,SideViewCows2026,datasets/id/external/sideviewcows2026/barn/images/128/128_0084.jpg,barn_cow_0128_sess_001,cow_128,barn/barn_cow_0128_sess_001,side,none,none,no,human_verified
vp1k_0615,MmCows,datasets/behavior/mmcows/cropped_bboxes/behaviors/3/1690299026_10-30-26_5_3.jpg,ev_1690299026_c5,cow_5,tb_2_cam_3,side,partial,none,no,human_verified
vp1k_0616,MmCows,datasets/behavior/mmcows/cropped_bboxes/behaviors/7/1690345871_23-31-11_13_2.jpg,ev_1690345871_c13,cow_13,tb_3_cam_2,unknown / ambiguous,none,none,no,human_verified
vp1k_0617,SideViewCows2026,datasets/id/external/sideviewcows2026/barn/images/171/171_0107.jpg,barn_cow_0171_sess_001,cow_171,barn/barn_cow_0171_sess_001,side,none,none,no,human_verified
vp1k_0618,ScienceDB,datasets/bcs/sciencedb_bcs/dataset/4.0/YM_1451_4.jpg,YM_burst_0503,,YM_Farm2/YM_1451,rear,none,none,yes,human_verified
vp1k_0619,MmCows,datasets/behavior/mmcows/cropped_bboxes/behaviors/4/1690289951_07-59-11_2_3.jpg,ev_1690289951_c2,cow_2,tb_2_cam_3,side,partial,partial,yes,human_verified
vp1k_0620,ScienceDB,datasets/bcs/sciencedb_bcs/dataset/3.5/YM_1251_4.jpg,YM_burst_0282,,YM_Farm2/YM_1251,rear,none,none,no,human_verified
vp1k_0621,ScienceDB,datasets/bcs/sciencedb_bcs/dataset/3.75/GS_359_4.jpg,GS_burst_2628,,GS_Gansu/GS_359,rear,none,none,no,human_verified
vp1k_0622,SideViewCows2026,datasets/id/external/sideviewcows2026/barn/images/217/217_0080.jpg,barn_cow_0217_sess_001,cow_217,barn/barn_cow_0217_sess_001,side,none,none,no,human_verified
vp1k_0623,SideViewCows2026,datasets/id/external/sideviewcows2026/parlor/images/171/171_0258.jpg,parlor_cow_0171_sess_015,cow_171,parlor/parlor_cow_0171_sess_015,side,none,partial,no,human_verified
vp1k_0624,SideViewCows2026,datasets/id/external/sideviewcows2026/barn/images/845/845_0083.jpg,barn_cow_0845_sess_001,cow_845,barn/barn_cow_0845_sess_001,rear-oblique,none,none,no,human_verified
vp1k_0625,SideViewCows2026,datasets/id/external/sideviewcows2026/parlor/images/947/947_0106.jpg,parlor_cow_0947_sess_007,cow_947,parlor/parlor_cow_0947_sess_007,side,partial,partial,yes,human_verified
vp1k_0626,MmCows,datasets/behavior/mmcows/cropped_bboxes/behaviors/7/1690347341_23-55-41_9_4.jpg,ev_1690347341_c9,cow_9,tb_3_cam_4,unknown / ambiguous,none,none,no,human_verified
vp1k_0627,ScienceDB,datasets/bcs/sciencedb_bcs/dataset/4.25/L-i7186.jpg,STEREO_burst_0151,,STEREO_Farm3/STEREO_blk_151,unknown / ambiguous,none,none,yes,human_verified
vp1k_0628,SideViewCows2026,datasets/id/external/sideviewcows2026/parlor/images/507/507_0482.jpg,parlor_cow_0507_sess_026,cow_507,parlor/parlor_cow_0507_sess_026,side,none,partial,no,human_verified
vp1k_0629,SideViewCows2026,datasets/id/external/sideviewcows2026/parlor/images/633/633_0435.jpg,parlor_cow_0633_sess_022,cow_633,parlor/parlor_cow_0633_sess_022,side,none,partial,yes,human_verified
vp1k_0630,SideViewCows2026,datasets/id/external/sideviewcows2026/barn/images/503/503_0158.jpg,barn_cow_0503_sess_001,cow_503,barn/barn_cow_0503_sess_001,side,none,partial,no,human_verified
vp1k_0631,MmCows,datasets/behavior/mmcows/cropped_bboxes/behaviors/7/1690330691_19-18-11_11_3.jpg,ev_1690330691_c11,cow_11,tb_3_cam_3,unknown / ambiguous,severe,none,no,human_verified
vp1k_0632,ScienceDB,datasets/bcs/sciencedb_bcs/dataset/4.0/GS_845_5.jpg,GS_burst_3168,,GS_Gansu/GS_845,rear,none,none,no,human_verified
vp1k_0633,ScienceDB,datasets/bcs/sciencedb_bcs/dataset/4.0/GS_3058_3.jpg,GS_burst_2280,,GS_Gansu/GS_3058,rear,none,none,no,human_verified
vp1k_0634,ScienceDB,datasets/bcs/sciencedb_bcs/dataset/4.0/GS_3179_2.jpg,GS_burst_2414,,GS_Gansu/GS_3179,rear,none,none,no,human_verified
vp1k_0635,MmCows,datasets/behavior/mmcows/cropped_bboxes/behaviors/6/1690328081_18-34-41_5_3.jpg,ev_1690328081_c5,cow_5,tb_3_cam_3,front-oblique,partial,none,no,human_verified
vp1k_0636,SideViewCows2026,datasets/id/external/sideviewcows2026/snapshots/images/986/986_0001.jpg,snap_cow_0986_sess_001,cow_986,snapshots/snap_cow_0986_sess_001,side,none,partial,no,human_verified
vp1k_0637,SideViewCows2026,datasets/id/external/sideviewcows2026/parlor/images/955/955_0012.jpg,parlor_cow_0955_sess_001,cow_955,parlor/parlor_cow_0955_sess_001,side,none,partial,no,human_verified
vp1k_0638,ScienceDB,datasets/bcs/sciencedb_bcs/dataset/4.25/YM_1549_3.jpg,YM_burst_0610,,YM_Farm2/YM_1549,rear,none,none,yes,human_verified
vp1k_0639,ScienceDB,datasets/bcs/sciencedb_bcs/dataset/3.25/YM_800_5.jpg,YM_burst_1835,,YM_Farm2/YM_800,rear-oblique,none,none,yes,human_verified
vp1k_0640,ScienceDB,datasets/bcs/sciencedb_bcs/dataset/3.5/L-i10189.jpg,STEREO_burst_0218,,STEREO_Farm3/STEREO_blk_218,rear,none,none,no,human_verified
vp1k_0641,ScienceDB,datasets/bcs/sciencedb_bcs/dataset/3.75/YM_421_3.jpg,YM_burst_1414,,YM_Farm2/YM_421,rear-oblique,none,none,no,human_verified
vp1k_0642,SideViewCows2026,datasets/id/external/sideviewcows2026/barn/images/733/733_0080.jpg,barn_cow_0733_sess_001,cow_733,barn/barn_cow_0733_sess_001,side,none,partial,no,human_verified
vp1k_0643,SideViewCows2026,datasets/id/external/sideviewcows2026/barn/images/998/998_0249.jpg,barn_cow_0998_sess_001,cow_998,barn/barn_cow_0998_sess_001,side,none,none,no,human_verified
vp1k_0644,SideViewCows2026,datasets/id/external/sideviewcows2026/barn/images/296/296_0240.jpg,barn_cow_0296_sess_001,cow_296,barn/barn_cow_0296_sess_001,side,none,none,no,human_verified
vp1k_0645,ScienceDB,datasets/bcs/sciencedb_bcs/dataset/3.75/GS_662_5.jpg,GS_burst_2965,,GS_Gansu/GS_662,rear,none,none,yes,human_verified
vp1k_0646,MmCows,datasets/behavior/mmcows/cropped_bboxes/behaviors/5/1690280651_05-24-11_9_3.jpg,ev_1690280651_c9,cow_9,tb_2_cam_3,front-oblique,none,none,no,human_verified
vp1k_0647,ScienceDB,datasets/bcs/sciencedb_bcs/dataset/4.25/YM_813_5.jpg,YM_burst_1849,,YM_Farm2/YM_813,rear,none,none,yes,human_verified
vp1k_0648,SideViewCows2026,datasets/id/external/sideviewcows2026/barn/images/826/826_0080.jpg,barn_cow_0826_sess_001,cow_826,barn/barn_cow_0826_sess_001,side,none,none,no,human_verified
vp1k_0649,SideViewCows2026,datasets/id/external/sideviewcows2026/barn/images/559/559_0090.jpg,barn_cow_0559_sess_001,cow_559,barn/barn_cow_0559_sess_001,side,none,none,yes,human_verified
vp1k_0650,SideViewCows2026,datasets/id/external/sideviewcows2026/barn/images/176/176_0079.jpg,barn_cow_0176_sess_001,cow_176,barn/barn_cow_0176_sess_001,side,none,none,yes,human_verified
vp1k_0651,SideViewCows2026,datasets/id/external/sideviewcows2026/parlor/images/217/217_0021.jpg,parlor_cow_0217_sess_001,cow_217,parlor/parlor_cow_0217_sess_001,side,none,none,no,human_verified
vp1k_0652,MmCows,datasets/behavior/mmcows/cropped_bboxes/behaviors/7/1690344356_23-05-56_4_3.jpg,ev_1690344356_c4,cow_4,tb_3_cam_3,unknown / ambiguous,none,none,yes,human_verified
vp1k_0653,MmCows,datasets/behavior/mmcows/cropped_bboxes/behaviors/7/1690306691_12-38-11_1_3.jpg,ev_1690306691_c1,cow_1,tb_2_cam_3,unknown / ambiguous,partial,partial,yes,human_verified
vp1k_0654,MmCows,datasets/behavior/mmcows/cropped_bboxes/behaviors/4/1690298876_10-27-56_5_3.jpg,ev_1690298876_c5,cow_5,tb_2_cam_3,side,partial,none,no,human_verified
vp1k_0655,ScienceDB,datasets/bcs/sciencedb_bcs/dataset/3.5/GS_2886_4.jpg,GS_burst_2088,,GS_Gansu/GS_2886,rear,none,none,no,human_verified
vp1k_0656,SideViewCows2026,datasets/id/external/sideviewcows2026/parlor/images/320/320_0451.jpg,parlor_cow_0320_sess_020,cow_320,parlor/parlor_cow_0320_sess_020,side,none,partial,yes,human_verified
vp1k_0657,MmCows,datasets/behavior/mmcows/cropped_bboxes/behaviors/5/1690326641_18-10-41_3_3.jpg,ev_1690326641_c3,cow_3,tb_3_cam_3,front-oblique,partial,none,no,human_verified
vp1k_0658,SideViewCows2026,datasets/id/external/sideviewcows2026/snapshots/images/303/303_0012.jpg,snap_cow_0303_sess_005,cow_303,snapshots/snap_cow_0303_sess_005,side,partial,none,no,human_verified
vp1k_0659,MmCows,datasets/behavior/mmcows/cropped_bboxes/behaviors/4/1690299326_10-35-26_15_3.jpg,ev_1690299326_c15,cow_15,tb_2_cam_3,side,partial,none,no,human_verified
vp1k_0660,SideViewCows2026,datasets/id/external/sideviewcows2026/barn/images/510/510_0282.jpg,barn_cow_0510_sess_001,cow_510,barn/barn_cow_0510_sess_001,side,none,none,no,human_verified
vp1k_0661,SideViewCows2026,datasets/id/external/sideviewcows2026/parlor/images/367/367_0287.jpg,parlor_cow_0367_sess_019,cow_367,parlor/parlor_cow_0367_sess_019,side,none,partial,no,human_verified
vp1k_0662,SideViewCows2026,datasets/id/external/sideviewcows2026/barn/images/207/207_0248.jpg,barn_cow_0207_sess_001,cow_207,barn/barn_cow_0207_sess_001,side,none,none,no,human_verified
vp1k_0663,SideViewCows2026,datasets/id/external/sideviewcows2026/snapshots/images/241/241_0005.jpg,snap_cow_0241_sess_001,cow_241,snapshots/snap_cow_0241_sess_001,rear-oblique,none,none,no,human_verified
vp1k_0664,MmCows,datasets/behavior/mmcows/cropped_bboxes/behaviors/3/1690292396_08-39-56_11_4.jpg,ev_1690292396_c11,cow_11,tb_2_cam_4,side,severe,none,yes,human_verified
vp1k_0665,MmCows,datasets/behavior/mmcows/cropped_bboxes/behaviors/5/1690342601_22-36-41_11_3.jpg,ev_1690342601_c11,cow_11,tb_3_cam_3,side,partial,none,no,human_verified
vp1k_0666,MmCows,datasets/behavior/mmcows/cropped_bboxes/behaviors/2/1690303811_11-50-11_10_3.jpg,ev_1690303811_c10,cow_10,tb_2_cam_3,unknown / ambiguous,severe,none,no,human_verified
vp1k_0667,MmCows,datasets/behavior/mmcows/cropped_bboxes/behaviors/6/1690311836_14-03-56_9_3.jpg,ev_1690311836_c9,cow_9,tb_2_cam_3,side,none,partial,no,human_verified
vp1k_0668,MmCows,datasets/behavior/mmcows/cropped_bboxes/behaviors/6/1690314266_14-44-26_16_4.jpg,ev_1690314266_c16,cow_16,tb_2_cam_4,side,severe,none,no,human_verified
vp1k_0669,MmCows,datasets/behavior/mmcows/cropped_bboxes/behaviors/5/1690311551_13-59-11_15_3.jpg,ev_1690311551_c15,cow_15,tb_2_cam_3,rear,severe,none,no,human_verified
vp1k_0670,MmCows,datasets/behavior/mmcows/cropped_bboxes/behaviors/2/1690272071_03-01-11_13_3.jpg,ev_1690272071_c13,cow_13,tb_1_cam_3,unknown / ambiguous,severe,none,no,human_verified
vp1k_0671,SideViewCows2026,datasets/id/external/sideviewcows2026/parlor/images/405/405_0277.jpg,parlor_cow_0405_sess_013,cow_405,parlor/parlor_cow_0405_sess_013,side,severe,none,yes,human_verified
vp1k_0672,ScienceDB,datasets/bcs/sciencedb_bcs/dataset/3.25/GS_2032_4.jpg,GS_burst_1146,,GS_Gansu/GS_2032,rear,none,none,no,human_verified
vp1k_0673,ScienceDB,datasets/bcs/sciencedb_bcs/dataset/3.5/GS_992_5.jpg,GS_burst_3331,,GS_Gansu/GS_992,rear,none,none,no,human_verified
vp1k_0674,ScienceDB,datasets/bcs/sciencedb_bcs/dataset/4.25/YM_1002_4.jpg,YM_burst_0006,,YM_Farm2/YM_1002,rear,none,none,no,human_verified
vp1k_0675,SideViewCows2026,datasets/id/external/sideviewcows2026/snapshots/images/510/510_0001.jpg,snap_cow_0510_sess_001,cow_510,snapshots/snap_cow_0510_sess_001,side,none,none,no,human_verified
vp1k_0676,MmCows,datasets/behavior/mmcows/cropped_bboxes/behaviors/1/1690315031_14-57-11_4_3.jpg,ev_1690315031_c4,cow_4,tb_2_cam_3,rear-oblique,none,none,no,human_verified
vp1k_0677,MmCows,datasets/behavior/mmcows/cropped_bboxes/behaviors/6/1690327286_18-21-26_13_3.jpg,ev_1690327286_c13,cow_13,tb_3_cam_3,rear,none,none,no,human_verified
vp1k_0678,ScienceDB,datasets/bcs/sciencedb_bcs/dataset/4.25/GS_110_4.jpg,GS_burst_0114,,GS_Gansu/GS_110,rear,none,none,no,human_verified
vp1k_0679,ScienceDB,datasets/bcs/sciencedb_bcs/dataset/4.0/YM_885_5.jpg,YM_burst_1928,,YM_Farm2/YM_885,rear,none,none,yes,human_verified
vp1k_0680,MmCows,datasets/behavior/mmcows/cropped_bboxes/behaviors/1/1690289786_07-56-26_15_3.jpg,ev_1690289786_c15,cow_15,tb_2_cam_3,rear,none,none,no,human_verified
vp1k_0681,MmCows,datasets/behavior/mmcows/cropped_bboxes/behaviors/1/1690344341_23-05-41_5_3.jpg,ev_1690344341_c5,cow_5,tb_3_cam_3,rear-oblique,severe,none,no,human_verified
vp1k_0682,MmCows,datasets/behavior/mmcows/cropped_bboxes/behaviors/7/1690305266_12-14-26_8_4.jpg,ev_1690305266_c8,cow_8,tb_2_cam_4,unknown / ambiguous,severe,none,no,human_verified
vp1k_0683,SideViewCows2026,datasets/id/external/sideviewcows2026/parlor/images/725/725_0602.jpg,parlor_cow_0725_sess_041,cow_725,parlor/parlor_cow_0725_sess_041,side,none,partial,no,human_verified
vp1k_0684,SideViewCows2026,datasets/id/external/sideviewcows2026/barn/images/192/192_0277.jpg,barn_cow_0192_sess_001,cow_192,barn/barn_cow_0192_sess_001,side,none,none,no,human_verified
vp1k_0685,MmCows,datasets/behavior/mmcows/cropped_bboxes/behaviors/1/1690320776_16-32-56_16_3.jpg,ev_1690320776_c16,cow_16,tb_3_cam_3,side,partial,none,yes,human_verified
vp1k_0686,MmCows,datasets/behavior/mmcows/cropped_bboxes/behaviors/5/1690342616_22-36-56_11_3.jpg,ev_1690342616_c11,cow_11,tb_3_cam_3,front-oblique,partial,none,no,human_verified
vp1k_0687,ScienceDB,datasets/bcs/sciencedb_bcs/dataset/3.75/YM_1319_4.jpg,YM_burst_0356,,YM_Farm2/YM_1319,rear,none,none,no,human_verified
vp1k_0688,ScienceDB,datasets/bcs/sciencedb_bcs/dataset/4.0/YM_1440_3.jpg,YM_burst_0491,,YM_Farm2/YM_1440,rear,none,none,yes,human_verified
vp1k_0689,ScienceDB,datasets/bcs/sciencedb_bcs/dataset/4.0/YM_699_3.jpg,YM_burst_1721,,YM_Farm2/YM_699,rear,none,none,yes,human_verified
vp1k_0690,SideViewCows2026,datasets/id/external/sideviewcows2026/barn/images/428/428_0083.jpg,barn_cow_0428_sess_001,cow_428,barn/barn_cow_0428_sess_001,side,partial,none,no,human_verified
vp1k_0691,MmCows,datasets/behavior/mmcows/cropped_bboxes/behaviors/1/1690341206_22-13-26_12_3.jpg,ev_1690341206_c12,cow_12,tb_3_cam_3,front-oblique,none,none,no,human_verified
vp1k_0692,MmCows,datasets/behavior/mmcows/cropped_bboxes/behaviors/4/1690272281_03-04-41_1_3.jpg,ev_1690272281_c1,cow_1,tb_1_cam_3,unknown / ambiguous,none,none,no,human_verified
vp1k_0693,ScienceDB,datasets/bcs/sciencedb_bcs/dataset/3.25/R-i1132.jpg,STEREO_burst_0026,,STEREO_Farm3/STEREO_blk_026,rear,none,none,yes,human_verified
vp1k_0694,SideViewCows2026,datasets/id/external/sideviewcows2026/parlor/images/244/244_0276.jpg,parlor_cow_0244_sess_017,cow_244,parlor/parlor_cow_0244_sess_017,side,none,severe,no,human_verified
vp1k_0695,MmCows,datasets/behavior/mmcows/cropped_bboxes/behaviors/6/1690277306_04-28-26_12_3.jpg,ev_1690277306_c12,cow_12,tb_1_cam_3,side,partial,none,no,human_verified
vp1k_0696,MmCows,datasets/behavior/mmcows/cropped_bboxes/behaviors/1/1690279496_05-04-56_7_4.jpg,ev_1690279496_c7,cow_7,tb_1_cam_4,unknown / ambiguous,none,none,no,human_verified
vp1k_0697,MmCows,datasets/behavior/mmcows/cropped_bboxes/behaviors/4/1690288886_07-41-26_12_3.jpg,ev_1690288886_c12,cow_12,tb_2_cam_3,side,none,none,no,human_verified
vp1k_0698,MmCows,datasets/behavior/mmcows/cropped_bboxes/behaviors/3/1690326941_18-15-41_4_3.jpg,ev_1690326941_c4,cow_4,tb_3_cam_3,side,none,none,yes,human_verified
vp1k_0699,SideViewCows2026,datasets/id/external/sideviewcows2026/parlor/images/345/345_0217.jpg,parlor_cow_0345_sess_012,cow_345,parlor/parlor_cow_0345_sess_012,side,none,none,no,human_verified
vp1k_0700,MmCows,datasets/behavior/mmcows/cropped_bboxes/behaviors/1/1690322921_17-08-41_8_3.jpg,ev_1690322921_c8,cow_8,tb_3_cam_3,rear-oblique,none,none,yes,human_verified
vp1k_0701,MmCows,datasets/behavior/mmcows/cropped_bboxes/behaviors/6/1690303481_11-44-41_3_3.jpg,ev_1690303481_c3,cow_3,tb_2_cam_3,rear,none,none,no,human_verified
vp1k_0702,SideViewCows2026,datasets/id/external/sideviewcows2026/parlor/images/677/677_0225.jpg,parlor_cow_0677_sess_011,cow_677,parlor/parlor_cow_0677_sess_011,side,none,partial,no,human_verified
vp1k_0703,ScienceDB,datasets/bcs/sciencedb_bcs/dataset/3.5/YM_1388_5.jpg,YM_burst_0432,,YM_Farm2/YM_1388,rear,none,none,yes,human_verified
vp1k_0704,ScienceDB,datasets/bcs/sciencedb_bcs/dataset/4.0/GS_1506_4.jpg,GS_burst_0565,,GS_Gansu/GS_1506,rear,none,none,no,human_verified
vp1k_0705,SideViewCows2026,datasets/id/external/sideviewcows2026/barn/images/627/627_0276.jpg,barn_cow_0627_sess_001,cow_627,barn/barn_cow_0627_sess_001,side,none,none,no,human_verified
vp1k_0706,SideViewCows2026,datasets/id/external/sideviewcows2026/barn/images/290/290_0286.jpg,barn_cow_0290_sess_001,cow_290,barn/barn_cow_0290_sess_001,side,none,none,no,human_verified
vp1k_0707,ScienceDB,datasets/bcs/sciencedb_bcs/dataset/3.25/GS_2959_4.jpg,GS_burst_2169,,GS_Gansu/GS_2959,rear,none,none,no,human_verified
vp1k_0708,SideViewCows2026,datasets/id/external/sideviewcows2026/barn/images/998/998_0083.jpg,barn_cow_0998_sess_001,cow_998,barn/barn_cow_0998_sess_001,side,partial,none,no,human_verified
vp1k_0709,MmCows,datasets/behavior/mmcows/cropped_bboxes/behaviors/3/1690289831_07-57-11_6_3.jpg,ev_1690289831_c6,cow_6,tb_2_cam_3,unknown / ambiguous,none,none,yes,human_verified
vp1k_0710,MmCows,datasets/behavior/mmcows/cropped_bboxes/behaviors/7/1690307516_12-51-56_16_4.jpg,ev_1690307516_c16,cow_16,tb_2_cam_4,unknown / ambiguous,severe,none,no,human_verified
vp1k_0711,MmCows,datasets/behavior/mmcows/cropped_bboxes/behaviors/1/1690344161_23-02-41_7_4.jpg,ev_1690344161_c7,cow_7,tb_3_cam_4,unknown / ambiguous,none,none,no,human_verified
vp1k_0712,MmCows,datasets/behavior/mmcows/cropped_bboxes/behaviors/2/1690298291_10-18-11_5_3.jpg,ev_1690298291_c5,cow_5,tb_2_cam_3,side,severe,none,no,human_verified
vp1k_0713,MmCows,datasets/behavior/mmcows/cropped_bboxes/behaviors/2/1690315736_15-08-56_12_3.jpg,ev_1690315736_c12,cow_12,tb_2_cam_3,unknown / ambiguous,severe,none,no,human_verified
vp1k_0714,MmCows,datasets/behavior/mmcows/cropped_bboxes/behaviors/1/1690320806_16-33-26_16_3.jpg,ev_1690320806_c16,cow_16,tb_3_cam_3,side,severe,none,yes,human_verified
vp1k_0715,MmCows,datasets/behavior/mmcows/cropped_bboxes/behaviors/4/1690319591_16-13-11_14_2.jpg,ev_1690319591_c14,cow_14,tb_3_cam_2,unknown / ambiguous,none,none,no,human_verified
vp1k_0716,MmCows,datasets/behavior/mmcows/cropped_bboxes/behaviors/4/1690334141_20-15-41_15_3.jpg,ev_1690334141_c15,cow_15,tb_3_cam_3,side,partial,none,yes,human_verified
vp1k_0717,MmCows,datasets/behavior/mmcows/cropped_bboxes/behaviors/5/1690334711_20-25-11_6_2.jpg,ev_1690334711_c6,cow_6,tb_3_cam_2,rear-oblique,severe,none,no,human_verified
vp1k_0718,MmCows,datasets/behavior/mmcows/cropped_bboxes/behaviors/7/1690273661_03-27-41_15_3.jpg,ev_1690273661_c15,cow_15,tb_1_cam_3,unknown / ambiguous,none,none,no,human_verified
vp1k_0719,ScienceDB,datasets/bcs/sciencedb_bcs/dataset/4.25/GS_1633_4.jpg,GS_burst_0706,,GS_Gansu/GS_1633,rear,none,none,yes,human_verified
vp1k_0720,MmCows,datasets/behavior/mmcows/cropped_bboxes/behaviors/3/1690331201_19-26-41_10_3.jpg,ev_1690331201_c10,cow_10,tb_3_cam_3,side,partial,none,no,human_verified
vp1k_0721,SideViewCows2026,datasets/id/external/sideviewcows2026/barn/images/323/323_0217.jpg,barn_cow_0323_sess_001,cow_323,barn/barn_cow_0323_sess_001,side,none,none,no,human_verified
vp1k_0722,SideViewCows2026,datasets/id/external/sideviewcows2026/snapshots/images/853/853_0004.jpg,snap_cow_0853_sess_001,cow_853,snapshots/snap_cow_0853_sess_001,side,none,partial,no,human_verified
vp1k_0723,ScienceDB,datasets/bcs/sciencedb_bcs/dataset/4.25/YM_979_2.jpg,YM_burst_2032,,YM_Farm2/YM_979,rear,none,none,no,human_verified
vp1k_0724,ScienceDB,datasets/bcs/sciencedb_bcs/dataset/3.25/GS_599_5.jpg,GS_burst_2894,,GS_Gansu/GS_599,rear,none,none,no,human_verified
vp1k_0725,SideViewCows2026,datasets/id/external/sideviewcows2026/snapshots/images/684/684_0005.jpg,snap_cow_0684_sess_002,cow_684,snapshots/snap_cow_0684_sess_002,side,none,none,no,human_verified
vp1k_0726,ScienceDB,datasets/bcs/sciencedb_bcs/dataset/4.25/GS_29_4.jpg,GS_burst_2103,,GS_Gansu/GS_29,rear,none,none,no,human_verified
vp1k_0727,SideViewCows2026,datasets/id/external/sideviewcows2026/parlor/images/594/594_0100.jpg,parlor_cow_0594_sess_007,cow_594,parlor/parlor_cow_0594_sess_007,side,severe,none,no,human_verified
vp1k_0728,MmCows,datasets/behavior/mmcows/cropped_bboxes/behaviors/7/1690272191_03-03-11_14_2.jpg,ev_1690272191_c14,cow_14,tb_1_cam_2,unknown / ambiguous,severe,none,no,human_verified
vp1k_0729,ScienceDB,datasets/bcs/sciencedb_bcs/dataset/3.5/R-i429.jpg,STEREO_burst_0005,,STEREO_Farm3/STEREO_blk_005,unknown / ambiguous,none,none,no,human_verified
vp1k_0730,SideViewCows2026,datasets/id/external/sideviewcows2026/parlor/images/320/320_0522.jpg,parlor_cow_0320_sess_028,cow_320,parlor/parlor_cow_0320_sess_028,side,severe,none,yes,human_verified
vp1k_0731,MmCows,datasets/behavior/mmcows/cropped_bboxes/behaviors/3/1690321136_16-38-56_1_3.jpg,ev_1690321136_c1,cow_1,tb_3_cam_3,front-oblique,none,none,no,human_verified
vp1k_0732,ScienceDB,datasets/bcs/sciencedb_bcs/dataset/4.25/GS_79_3.jpg,GS_burst_3106,,GS_Gansu/GS_79,rear,none,none,no,human_verified
vp1k_0733,SideViewCows2026,datasets/id/external/sideviewcows2026/barn/images/544/544_0087.jpg,barn_cow_0544_sess_001,cow_544,barn/barn_cow_0544_sess_001,side,partial,none,no,human_verified
vp1k_0734,SideViewCows2026,datasets/id/external/sideviewcows2026/barn/images/491/491_0301.jpg,barn_cow_0491_sess_001,cow_491,barn/barn_cow_0491_sess_001,side,none,none,no,human_verified
vp1k_0735,ScienceDB,datasets/bcs/sciencedb_bcs/dataset/4.25/GS_1445_4.jpg,GS_burst_0497,,GS_Gansu/GS_1445,unknown / ambiguous,none,none,no,human_verified
vp1k_0736,MmCows,datasets/behavior/mmcows/cropped_bboxes/behaviors/6/1690309871_13-31-11_12_3.jpg,ev_1690309871_c12,cow_12,tb_2_cam_3,side,severe,none,no,human_verified
vp1k_0737,SideViewCows2026,datasets/id/external/sideviewcows2026/barn/images/700/700_0162.jpg,barn_cow_0700_sess_001,cow_700,barn/barn_cow_0700_sess_001,side,none,none,yes,human_verified
vp1k_0738,MmCows,datasets/behavior/mmcows/cropped_bboxes/behaviors/3/1690292066_08-34-26_5_3.jpg,ev_1690292066_c5,cow_5,tb_2_cam_3,side,partial,none,no,human_verified
vp1k_0739,ScienceDB,datasets/bcs/sciencedb_bcs/dataset/3.25/YM_2011_5.jpg,YM_burst_1124,,YM_Farm2/YM_2011,rear,none,none,yes,human_verified
vp1k_0740,SideViewCows2026,datasets/id/external/sideviewcows2026/parlor/images/166/166_0204.jpg,parlor_cow_0166_sess_022,cow_166,parlor/parlor_cow_0166_sess_022,side,none,none,no,human_verified
vp1k_0741,MmCows,datasets/behavior/mmcows/cropped_bboxes/behaviors/6/1690292426_08-40-26_5_3.jpg,ev_1690292426_c5,cow_5,tb_2_cam_3,unknown / ambiguous,none,none,no,human_verified
vp1k_0742,SideViewCows2026,datasets/id/external/sideviewcows2026/barn/images/529/529_0462.jpg,barn_cow_0529_sess_002,cow_529,barn/barn_cow_0529_sess_002,side,none,partial,no,human_verified
vp1k_0743,SideViewCows2026,datasets/id/external/sideviewcows2026/snapshots/images/749/749_0002.jpg,snap_cow_0749_sess_001,cow_749,snapshots/snap_cow_0749_sess_001,side,none,none,yes,human_verified
vp1k_0744,MmCows,datasets/behavior/mmcows/cropped_bboxes/behaviors/5/1690314836_14-53-56_15_4.jpg,ev_1690314836_c15,cow_15,tb_2_cam_4,front-oblique,partial,none,yes,human_verified
vp1k_0745,ScienceDB,datasets/bcs/sciencedb_bcs/dataset/3.5/GS_2027_5.jpg,GS_burst_1140,,GS_Gansu/GS_2027,unknown / ambiguous,none,none,yes,human_verified
vp1k_0746,ScienceDB,datasets/bcs/sciencedb_bcs/dataset/4.25/YM_1989_5.jpg,YM_burst_1097,,YM_Farm2/YM_1989,rear,none,none,no,human_verified
vp1k_0747,SideViewCows2026,datasets/id/external/sideviewcows2026/barn/images/389/389_0236.jpg,barn_cow_0389_sess_001,cow_389,barn/barn_cow_0389_sess_001,side,none,none,no,human_verified
vp1k_0748,MmCows,datasets/behavior/mmcows/cropped_bboxes/behaviors/1/1690330346_19-12-26_2_2.jpg,ev_1690330346_c2,cow_2,tb_3_cam_2,front-oblique,none,none,yes,human_verified
vp1k_0749,SideViewCows2026,datasets/id/external/sideviewcows2026/parlor/images/493/493_0072.jpg,parlor_cow_0493_sess_004,cow_493,parlor/parlor_cow_0493_sess_004,side,severe,none,no,human_verified
vp1k_0750,ScienceDB,datasets/bcs/sciencedb_bcs/dataset/3.75/GS_99_4.jpg,GS_burst_3328,,GS_Gansu/GS_99,rear,none,none,no,human_verified
vp1k_0751,SideViewCows2026,datasets/id/external/sideviewcows2026/barn/images/320/320_0277.jpg,barn_cow_0320_sess_001,cow_320,barn/barn_cow_0320_sess_001,side,partial,none,no,human_verified
vp1k_0752,SideViewCows2026,datasets/id/external/sideviewcows2026/parlor/images/510/510_1103.jpg,parlor_cow_0510_sess_067,cow_510,parlor/parlor_cow_0510_sess_067,side,none,partial,no,human_verified
vp1k_0753,SideViewCows2026,datasets/id/external/sideviewcows2026/parlor/images/399/399_0216.jpg,parlor_cow_0399_sess_009,cow_399,parlor/parlor_cow_0399_sess_009,side,partial,none,no,human_verified
vp1k_0754,SideViewCows2026,datasets/id/external/sideviewcows2026/barn/images/970/970_0240.jpg,barn_cow_0970_sess_001,cow_970,barn/barn_cow_0970_sess_001,front-oblique,none,partial,no,human_verified
vp1k_0755,ScienceDB,datasets/bcs/sciencedb_bcs/dataset/3.75/GS_2880_4.jpg,GS_burst_2082,,GS_Gansu/GS_2880,rear,none,none,no,human_verified
vp1k_0756,MmCows,datasets/behavior/mmcows/cropped_bboxes/behaviors/5/1690327166_18-19-26_3_3.jpg,ev_1690327166_c3,cow_3,tb_3_cam_3,front-oblique,severe,none,no,human_verified
vp1k_0757,ScienceDB,datasets/bcs/sciencedb_bcs/dataset/4.0/GS_111_5.jpg,GS_burst_0125,,GS_Gansu/GS_111,rear,none,none,no,human_verified
vp1k_0758,MmCows,datasets/behavior/mmcows/cropped_bboxes/behaviors/2/1690280936_05-28-56_15_3.jpg,ev_1690280936_c15,cow_15,tb_2_cam_3,unknown / ambiguous,none,none,no,human_verified
vp1k_0759,ScienceDB,datasets/bcs/sciencedb_bcs/dataset/4.0/YM_1387_5.jpg,YM_burst_0431,,YM_Farm2/YM_1387,rear,none,none,yes,human_verified
vp1k_0760,MmCows,datasets/behavior/mmcows/cropped_bboxes/behaviors/7/1690345346_23-22-26_10_1.jpg,ev_1690345346_c10,cow_10,tb_3_cam_1,unknown / ambiguous,severe,none,no,human_verified
vp1k_0761,SideViewCows2026,datasets/id/external/sideviewcows2026/parlor/images/403/403_0280.jpg,parlor_cow_0403_sess_016,cow_403,parlor/parlor_cow_0403_sess_016,side,severe,partial,no,human_verified
vp1k_0762,MmCows,datasets/behavior/mmcows/cropped_bboxes/behaviors/3/1690327151_18-19-11_4_3.jpg,ev_1690327151_c4,cow_4,tb_3_cam_3,side,partial,none,no,human_verified
vp1k_0763,MmCows,datasets/behavior/mmcows/cropped_bboxes/behaviors/7/1690344686_23-11-26_4_3.jpg,ev_1690344686_c4,cow_4,tb_3_cam_3,unknown / ambiguous,none,none,no,human_verified
vp1k_0764,SideViewCows2026,datasets/id/external/sideviewcows2026/snapshots/images/687/687_0001.jpg,snap_cow_0687_sess_001,cow_687,snapshots/snap_cow_0687_sess_001,side,none,severe,no,human_verified
vp1k_0765,MmCows,datasets/behavior/mmcows/cropped_bboxes/behaviors/4/1690311551_13-59-11_13_3.jpg,ev_1690311551_c13,cow_13,tb_2_cam_3,side,partial,none,yes,human_verified
vp1k_0766,SideViewCows2026,datasets/id/external/sideviewcows2026/parlor/images/305/305_0472.jpg,parlor_cow_0305_sess_028,cow_305,parlor/parlor_cow_0305_sess_028,side,severe,none,no,human_verified
vp1k_0767,SideViewCows2026,datasets/id/external/sideviewcows2026/barn/images/737/737_0258.jpg,barn_cow_0737_sess_001,cow_737,barn/barn_cow_0737_sess_001,side,partial,none,no,human_verified
vp1k_0768,ScienceDB,datasets/bcs/sciencedb_bcs/dataset/4.25/GS_3127_4.jpg,GS_burst_2357,,GS_Gansu/GS_3127,rear,none,none,no,human_verified
vp1k_0769,ScienceDB,datasets/bcs/sciencedb_bcs/dataset/3.5/YM_711_18.jpg,YM_burst_1736,,YM_Farm2/YM_711,rear,none,none,yes,human_verified
vp1k_0770,ScienceDB,datasets/bcs/sciencedb_bcs/dataset/4.0/YM_1862_5.jpg,YM_burst_0958,,YM_Farm2/YM_1862,rear,none,none,yes,human_verified
vp1k_0771,SideViewCows2026,datasets/id/external/sideviewcows2026/parlor/images/176/176_0936.jpg,parlor_cow_0176_sess_043,cow_176,parlor/parlor_cow_0176_sess_043,side,none,severe,no,human_verified
vp1k_0772,SideViewCows2026,datasets/id/external/sideviewcows2026/parlor/images/355/355_0203.jpg,parlor_cow_0355_sess_020,cow_355,parlor/parlor_cow_0355_sess_020,side,none,severe,no,human_verified
vp1k_0773,SideViewCows2026,datasets/id/external/sideviewcows2026/snapshots/images/475/475_0004.jpg,snap_cow_0475_sess_002,cow_475,snapshots/snap_cow_0475_sess_002,side,none,partial,no,human_verified
vp1k_0774,SideViewCows2026,datasets/id/external/sideviewcows2026/parlor/images/571/571_0008.jpg,parlor_cow_0571_sess_001,cow_571,parlor/parlor_cow_0571_sess_001,side,none,none,yes,human_verified
vp1k_0775,SideViewCows2026,datasets/id/external/sideviewcows2026/snapshots/images/970/970_0004.jpg,snap_cow_0970_sess_002,cow_970,snapshots/snap_cow_0970_sess_002,side,none,none,no,human_verified
vp1k_0776,MmCows,datasets/behavior/mmcows/cropped_bboxes/behaviors/4/1690327676_18-27-56_14_3.jpg,ev_1690327676_c14,cow_14,tb_3_cam_3,side,partial,none,no,human_verified
vp1k_0777,SideViewCows2026,datasets/id/external/sideviewcows2026/barn/images/673/673_0079.jpg,barn_cow_0673_sess_001,cow_673,barn/barn_cow_0673_sess_001,side,none,partial,no,human_verified
vp1k_0778,ScienceDB,datasets/bcs/sciencedb_bcs/dataset/4.25/GS_1473_4.jpg,GS_burst_0528,,GS_Gansu/GS_1473,rear,none,none,no,human_verified
vp1k_0779,SideViewCows2026,datasets/id/external/sideviewcows2026/parlor/images/192/192_0405.jpg,parlor_cow_0192_sess_019,cow_192,parlor/parlor_cow_0192_sess_019,side,none,none,no,human_verified
vp1k_0780,MmCows,datasets/behavior/mmcows/cropped_bboxes/behaviors/5/1690280906_05-28-26_9_3.jpg,ev_1690280906_c9,cow_9,tb_2_cam_3,unknown / ambiguous,none,none,no,human_verified
vp1k_0781,MmCows,datasets/behavior/mmcows/cropped_bboxes/behaviors/4/1690274741_03-45-41_10_3.jpg,ev_1690274741_c10,cow_10,tb_1_cam_3,side,partial,none,no,human_verified
vp1k_0782,MmCows,datasets/behavior/mmcows/cropped_bboxes/behaviors/4/1690328771_18-46-11_12_2.jpg,ev_1690328771_c12,cow_12,tb_3_cam_2,unknown / ambiguous,none,none,no,human_verified
vp1k_0783,MmCows,datasets/behavior/mmcows/cropped_bboxes/behaviors/7/1690322486_17-01-26_12_3.jpg,ev_1690322486_c12,cow_12,tb_3_cam_3,unknown / ambiguous,none,none,no,human_verified
vp1k_0784,ScienceDB,datasets/bcs/sciencedb_bcs/dataset/3.25/GS_2838_4.jpg,GS_burst_2035,,GS_Gansu/GS_2838,rear,none,none,no,human_verified
vp1k_0785,MmCows,datasets/behavior/mmcows/cropped_bboxes/behaviors/7/1690299896_10-44-56_15_3.jpg,ev_1690299896_c15,cow_15,tb_2_cam_3,unknown / ambiguous,none,none,no,human_verified
vp1k_0786,SideViewCows2026,datasets/id/external/sideviewcows2026/snapshots/images/303/303_0004.jpg,snap_cow_0303_sess_002,cow_303,snapshots/snap_cow_0303_sess_002,side,none,none,no,human_verified
vp1k_0787,ScienceDB,datasets/bcs/sciencedb_bcs/dataset/3.75/GS_471_4.jpg,GS_burst_2753,,GS_Gansu/GS_471,rear,none,none,no,human_verified
vp1k_0788,MmCows,datasets/behavior/mmcows/cropped_bboxes/behaviors/3/1690298831_10-27-11_7_3.jpg,ev_1690298831_c7,cow_7,tb_2_cam_3,side,none,none,no,human_verified
vp1k_0789,SideViewCows2026,datasets/id/external/sideviewcows2026/snapshots/images/845/845_0002.jpg,snap_cow_0845_sess_002,cow_845,snapshots/snap_cow_0845_sess_002,side,none,partial,no,human_verified
vp1k_0790,SideViewCows2026,datasets/id/external/sideviewcows2026/snapshots/images/481/481_0006.jpg,snap_cow_0481_sess_002,cow_481,snapshots/snap_cow_0481_sess_002,side,none,none,no,human_verified
vp1k_0791,ScienceDB,datasets/bcs/sciencedb_bcs/dataset/4.25/GS_3314_5.jpg,GS_burst_2565,,GS_Gansu/GS_3314,rear,none,none,no,human_verified
vp1k_0792,MmCows,datasets/behavior/mmcows/cropped_bboxes/behaviors/5/1690281641_05-40-41_7_3.jpg,ev_1690281641_c7,cow_7,tb_2_cam_3,unknown / ambiguous,none,none,no,human_verified
vp1k_0793,SideViewCows2026,datasets/id/external/sideviewcows2026/snapshots/images/633/633_0005.jpg,snap_cow_0633_sess_004,cow_633,snapshots/snap_cow_0633_sess_004,side,none,none,no,human_verified
vp1k_0794,ScienceDB,datasets/bcs/sciencedb_bcs/dataset/3.5/R-i8477.jpg,STEREO_burst_0181,,STEREO_Farm3/STEREO_blk_181,rear-oblique,none,none,no,human_verified
vp1k_0795,SideViewCows2026,datasets/id/external/sideviewcows2026/parlor/images/653/653_0309.jpg,parlor_cow_0653_sess_018,cow_653,parlor/parlor_cow_0653_sess_018,side,partial,none,no,human_verified
vp1k_0796,MmCows,datasets/behavior/mmcows/cropped_bboxes/behaviors/5/1690282106_05-48-26_7_3.jpg,ev_1690282106_c7,cow_7,tb_2_cam_3,front-oblique,none,none,no,human_verified
vp1k_0797,SideViewCows2026,datasets/id/external/sideviewcows2026/snapshots/images/128/128_0010.jpg,snap_cow_0128_sess_004,cow_128,snapshots/snap_cow_0128_sess_004,side,none,partial,no,human_verified
vp1k_0798,ScienceDB,datasets/bcs/sciencedb_bcs/dataset/3.5/YM_1873_4.jpg,YM_burst_0970,,YM_Farm2/YM_1873,rear,none,none,yes,human_verified
vp1k_0799,SideViewCows2026,datasets/id/external/sideviewcows2026/parlor/images/488/488_0236.jpg,parlor_cow_0488_sess_013,cow_488,parlor/parlor_cow_0488_sess_013,rear-oblique,none,none,yes,human_verified
vp1k_0800,ScienceDB,datasets/bcs/sciencedb_bcs/dataset/3.5/YM_976_2.jpg,YM_burst_2029,,YM_Farm2/YM_976,rear,none,none,yes,human_verified
vp1k_0801,SideViewCows2026,datasets/id/external/sideviewcows2026/parlor/images/975/975_0284.jpg,parlor_cow_0975_sess_021,cow_975,parlor/parlor_cow_0975_sess_021,side,none,none,no,human_verified
vp1k_0802,MmCows,datasets/behavior/mmcows/cropped_bboxes/behaviors/1/1690304111_11-55-11_4_3.jpg,ev_1690304111_c4,cow_4,tb_2_cam_3,side,severe,none,yes,human_verified
vp1k_0803,ScienceDB,datasets/bcs/sciencedb_bcs/dataset/3.5/YM_9_4.jpg,YM_burst_1944,,YM_Farm2/YM_9,rear,none,none,no,human_verified
vp1k_0804,MmCows,datasets/behavior/mmcows/cropped_bboxes/behaviors/1/1690341851_22-24-11_4_3.jpg,ev_1690341851_c4,cow_4,tb_3_cam_3,front-oblique,none,none,yes,human_verified
vp1k_0805,SideViewCows2026,datasets/id/external/sideviewcows2026/parlor/images/778/778_0199.jpg,parlor_cow_0778_sess_010,cow_778,parlor/parlor_cow_0778_sess_010,side,none,none,no,human_verified
vp1k_0806,ScienceDB,datasets/bcs/sciencedb_bcs/dataset/3.75/YM_1673_2.jpg,YM_burst_0748,,YM_Farm2/YM_1673,rear,none,none,yes,human_verified
vp1k_0807,MmCows,datasets/behavior/mmcows/cropped_bboxes/behaviors/7/1690328921_18-48-41_1_3.jpg,ev_1690328921_c1,cow_1,tb_3_cam_3,unknown / ambiguous,none,none,no,human_verified
vp1k_0808,MmCows,datasets/behavior/mmcows/cropped_bboxes/behaviors/4/1690341791_22-23-11_3_3.jpg,ev_1690341791_c3,cow_3,tb_3_cam_3,side,severe,none,yes,human_verified
vp1k_0809,SideViewCows2026,datasets/id/external/sideviewcows2026/parlor/images/275/275_0290.jpg,parlor_cow_0275_sess_018,cow_275,parlor/parlor_cow_0275_sess_018,side,none,severe,no,human_verified
vp1k_0810,MmCows,datasets/behavior/mmcows/cropped_bboxes/behaviors/5/1690328846_18-47-26_7_3.jpg,ev_1690328846_c7,cow_7,tb_3_cam_3,front-oblique,partial,partial,no,human_verified
vp1k_0811,ScienceDB,datasets/bcs/sciencedb_bcs/dataset/3.75/GS_141_5.jpg,GS_burst_0458,,GS_Gansu/GS_141,rear,none,none,no,human_verified
vp1k_0812,MmCows,datasets/behavior/mmcows/cropped_bboxes/behaviors/6/1690284116_06-21-56_10_3.jpg,ev_1690284116_c10,cow_10,tb_2_cam_3,unknown / ambiguous,none,none,no,human_verified
vp1k_0813,SideViewCows2026,datasets/id/external/sideviewcows2026/parlor/images/124/124_0292.jpg,parlor_cow_0124_sess_020,cow_124,parlor/parlor_cow_0124_sess_020,side,none,none,no,human_verified
vp1k_0814,SideViewCows2026,datasets/id/external/sideviewcows2026/barn/images/290/290_0096.jpg,barn_cow_0290_sess_001,cow_290,barn/barn_cow_0290_sess_001,side,none,none,no,human_verified
vp1k_0815,MmCows,datasets/behavior/mmcows/cropped_bboxes/behaviors/2/1690317026_15-30-26_2_3.jpg,ev_1690317026_c2,cow_2,tb_2_cam_3,side,severe,none,no,human_verified
vp1k_0816,ScienceDB,datasets/bcs/sciencedb_bcs/dataset/3.25/GS_3182_3.jpg,GS_burst_2418,,GS_Gansu/GS_3182,rear,none,none,no,human_verified
vp1k_0817,SideViewCows2026,datasets/id/external/sideviewcows2026/barn/images/166/166_0088.jpg,barn_cow_0166_sess_001,cow_166,barn/barn_cow_0166_sess_001,side,none,none,no,human_verified
vp1k_0818,MmCows,datasets/behavior/mmcows/cropped_bboxes/behaviors/4/1690287521_07-18-41_2_4.jpg,ev_1690287521_c2,cow_2,tb_2_cam_4,side,none,none,yes,human_verified
vp1k_0819,MmCows,datasets/behavior/mmcows/cropped_bboxes/behaviors/1/1690321076_16-37-56_2_3.jpg,ev_1690321076_c2,cow_2,tb_3_cam_3,side,severe,none,no,human_verified
vp1k_0820,SideViewCows2026,datasets/id/external/sideviewcows2026/snapshots/images/296/296_0011.jpg,snap_cow_0296_sess_003,cow_296,snapshots/snap_cow_0296_sess_003,side,none,none,no,human_verified
vp1k_0821,ScienceDB,datasets/bcs/sciencedb_bcs/dataset/4.0/YM_1947_4.jpg,YM_burst_1051,,YM_Farm2/YM_1947,rear,none,none,no,human_verified
vp1k_0822,MmCows,datasets/behavior/mmcows/cropped_bboxes/behaviors/2/1690309706_13-28-26_15_3.jpg,ev_1690309706_c15,cow_15,tb_2_cam_3,unknown / ambiguous,none,none,no,human_verified
vp1k_0823,ScienceDB,datasets/bcs/sciencedb_bcs/dataset/3.5/YM_319_4.jpg,YM_burst_1300,,YM_Farm2/YM_319,rear,none,none,yes,human_verified
vp1k_0824,SideViewCows2026,datasets/id/external/sideviewcows2026/barn/images/843/843_0264.jpg,barn_cow_0843_sess_001,cow_843,barn/barn_cow_0843_sess_001,side,none,none,no,human_verified
vp1k_0825,SideViewCows2026,datasets/id/external/sideviewcows2026/parlor/images/547/547_0312.jpg,parlor_cow_0547_sess_017,cow_547,parlor/parlor_cow_0547_sess_017,side,none,none,no,human_verified
vp1k_0826,SideViewCows2026,datasets/id/external/sideviewcows2026/parlor/images/433/433_0085.jpg,parlor_cow_0433_sess_006,cow_433,parlor/parlor_cow_0433_sess_006,side,none,none,no,human_verified
vp1k_0827,MmCows,datasets/behavior/mmcows/cropped_bboxes/behaviors/4/1690291046_08-17-26_15_3.jpg,ev_1690291046_c15,cow_15,tb_2_cam_3,side,severe,severe,yes,human_verified
vp1k_0828,MmCows,datasets/behavior/mmcows/cropped_bboxes/behaviors/5/1690328816_18-46-56_7_3.jpg,ev_1690328816_c7,cow_7,tb_3_cam_3,front-oblique,partial,partial,no,human_verified
vp1k_0829,SideViewCows2026,datasets/id/external/sideviewcows2026/barn/images/303/303_0079.jpg,barn_cow_0303_sess_001,cow_303,barn/barn_cow_0303_sess_001,side,none,none,no,human_verified
vp1k_0830,SideViewCows2026,datasets/id/external/sideviewcows2026/parlor/images/465/465_0677.jpg,parlor_cow_0465_sess_047,cow_465,parlor/parlor_cow_0465_sess_047,side,partial,none,no,human_verified
vp1k_0831,MmCows,datasets/behavior/mmcows/cropped_bboxes/behaviors/4/1690313921_14-38-41_5_3.jpg,ev_1690313921_c5,cow_5,tb_2_cam_3,unknown / ambiguous,none,none,no,human_verified
vp1k_0832,MmCows,datasets/behavior/mmcows/cropped_bboxes/behaviors/2/1690345391_23-23-11_5_3.jpg,ev_1690345391_c5,cow_5,tb_3_cam_3,unknown / ambiguous,none,none,no,human_verified
vp1k_0833,MmCows,datasets/behavior/mmcows/cropped_bboxes/behaviors/6/1690332761_19-52-41_11_3.jpg,ev_1690332761_c11,cow_11,tb_3_cam_3,side,none,partial,no,human_verified
vp1k_0834,MmCows,datasets/behavior/mmcows/cropped_bboxes/behaviors/5/1690282421_05-53-41_7_3.jpg,ev_1690282421_c7,cow_7,tb_2_cam_3,front-oblique,partial,partial,no,human_verified
vp1k_0835,SideViewCows2026,datasets/id/external/sideviewcows2026/parlor/images/545/545_0256.jpg,parlor_cow_0545_sess_014,cow_545,parlor/parlor_cow_0545_sess_014,side,none,partial,no,human_verified
vp1k_0836,MmCows,datasets/behavior/mmcows/cropped_bboxes/behaviors/1/1690295906_09-38-26_16_3.jpg,ev_1690295906_c16,cow_16,tb_2_cam_3,unknown / ambiguous,none,none,no,human_verified
vp1k_0837,ScienceDB,datasets/bcs/sciencedb_bcs/dataset/3.25/GS_1907_5.jpg,GS_burst_1006,,GS_Gansu/GS_1907,rear,none,none,no,human_verified
vp1k_0838,SideViewCows2026,datasets/id/external/sideviewcows2026/parlor/images/937/937_0407.jpg,parlor_cow_0937_sess_031,cow_937,parlor/parlor_cow_0937_sess_031,side,severe,none,no,human_verified
vp1k_0839,MmCows,datasets/behavior/mmcows/cropped_bboxes/behaviors/2/1690340471_22-01-11_7_3.jpg,ev_1690340471_c7,cow_7,tb_3_cam_3,unknown / ambiguous,none,none,no,human_verified
vp1k_0840,MmCows,datasets/behavior/mmcows/cropped_bboxes/behaviors/2/1690307621_12-53-41_2_3.jpg,ev_1690307621_c2,cow_2,tb_2_cam_3,unknown / ambiguous,none,none,no,human_verified
vp1k_0841,ScienceDB,datasets/bcs/sciencedb_bcs/dataset/3.25/YM_1684_5.jpg,YM_burst_0760,,YM_Farm2/YM_1684,rear,none,none,yes,human_verified
vp1k_0842,SideViewCows2026,datasets/id/external/sideviewcows2026/parlor/images/305/305_0007.jpg,parlor_cow_0305_sess_001,cow_305,parlor/parlor_cow_0305_sess_001,side,partial,partial,no,human_verified
vp1k_0843,MmCows,datasets/behavior/mmcows/cropped_bboxes/behaviors/1/1690303196_11-39-56_3_3.jpg,ev_1690303196_c3,cow_3,tb_2_cam_3,rear-oblique,none,none,no,human_verified
vp1k_0844,ScienceDB,datasets/bcs/sciencedb_bcs/dataset/3.75/GS_165_5.jpg,GS_burst_0724,,GS_Gansu/GS_165,rear,none,none,no,human_verified
vp1k_0845,MmCows,datasets/behavior/mmcows/cropped_bboxes/behaviors/4/1690296746_09-52-26_16_3.jpg,ev_1690296746_c16,cow_16,tb_2_cam_3,unknown / ambiguous,none,none,no,human_verified
vp1k_0846,ScienceDB,datasets/bcs/sciencedb_bcs/dataset/4.25/YM_437_4.jpg,YM_burst_1431,,YM_Farm2/YM_437,rear,none,none,no,human_verified
vp1k_0847,ScienceDB,datasets/bcs/sciencedb_bcs/dataset/3.5/GS_811_4.jpg,GS_burst_3131,,GS_Gansu/GS_811,rear,none,none,no,human_verified
vp1k_0848,ScienceDB,datasets/bcs/sciencedb_bcs/dataset/4.25/YM_1443_3.jpg,YM_burst_0494,,YM_Farm2/YM_1443,rear,none,none,yes,human_verified
vp1k_0849,MmCows,datasets/behavior/mmcows/cropped_bboxes/behaviors/7/1690307831_12-57-11_11_2.jpg,ev_1690307831_c11,cow_11,tb_2_cam_2,side,severe,none,yes,human_verified
vp1k_0850,ScienceDB,datasets/bcs/sciencedb_bcs/dataset/3.75/L-i3917.jpg,STEREO_burst_0076,,STEREO_Farm3/STEREO_blk_076,rear,none,severe,yes,human_verified
vp1k_0851,MmCows,datasets/behavior/mmcows/cropped_bboxes/behaviors/4/1690316531_15-22-11_8_3.jpg,ev_1690316531_c8,cow_8,tb_2_cam_3,side,partial,none,yes,human_verified
vp1k_0852,ScienceDB,datasets/bcs/sciencedb_bcs/dataset/3.25/YM_1038_5.jpg,YM_burst_0045,,YM_Farm2/YM_1038,rear,none,none,no,human_verified
vp1k_0853,ScienceDB,datasets/bcs/sciencedb_bcs/dataset/3.75/YM_879_3.jpg,YM_burst_1921,,YM_Farm2/YM_879,rear,none,none,yes,human_verified
vp1k_0854,MmCows,datasets/behavior/mmcows/cropped_bboxes/behaviors/1/1690298411_10-20-11_7_2.jpg,ev_1690298411_c7,cow_7,tb_2_cam_2,front,none,none,no,human_verified
vp1k_0855,SideViewCows2026,datasets/id/external/sideviewcows2026/snapshots/images/998/998_0001.jpg,snap_cow_0998_sess_001,cow_998,snapshots/snap_cow_0998_sess_001,front-oblique,none,none,no,human_verified
vp1k_0856,ScienceDB,datasets/bcs/sciencedb_bcs/dataset/3.5/GS_1826_4.jpg,GS_burst_0917,,GS_Gansu/GS_1826,rear,none,severe,no,human_verified
vp1k_0857,ScienceDB,datasets/bcs/sciencedb_bcs/dataset/3.5/GS_48_5.jpg,GS_burst_2762,,GS_Gansu/GS_48,rear,none,partial,no,human_verified
vp1k_0858,ScienceDB,datasets/bcs/sciencedb_bcs/dataset/4.25/GS_1603_4.jpg,GS_burst_0673,,GS_Gansu/GS_1603,rear,none,none,no,human_verified
vp1k_0859,MmCows,datasets/behavior/mmcows/cropped_bboxes/behaviors/4/1690328966_18-49-26_12_3.jpg,ev_1690328966_c12,cow_12,tb_3_cam_3,side,partial,none,no,human_verified
vp1k_0860,MmCows,datasets/behavior/mmcows/cropped_bboxes/behaviors/4/1690336496_20-54-56_8_2.jpg,ev_1690336496_c8,cow_8,tb_3_cam_2,rear,none,none,no,human_verified
vp1k_0861,ScienceDB,datasets/bcs/sciencedb_bcs/dataset/3.75/YM_2003_4.jpg,YM_burst_1115,,YM_Farm2/YM_2003,rear,none,none,yes,human_verified
vp1k_0862,ScienceDB,datasets/bcs/sciencedb_bcs/dataset/4.25/YM_758_2.jpg,YM_burst_1787,,YM_Farm2/YM_758,rear,none,none,yes,human_verified
vp1k_0863,MmCows,datasets/behavior/mmcows/cropped_bboxes/behaviors/6/1690309481_13-24-41_2_3.jpg,ev_1690309481_c2,cow_2,tb_2_cam_3,side,none,none,no,human_verified
vp1k_0864,ScienceDB,datasets/bcs/sciencedb_bcs/dataset/4.25/L-i3825.jpg,STEREO_burst_0073,,STEREO_Farm3/STEREO_blk_073,rear,none,severe,no,human_verified
vp1k_0865,MmCows,datasets/behavior/mmcows/cropped_bboxes/behaviors/5/1690280501_05-21-41_9_3.jpg,ev_1690280501_c9,cow_9,tb_2_cam_3,front-oblique,partial,partial,no,human_verified
vp1k_0866,MmCows,datasets/behavior/mmcows/cropped_bboxes/behaviors/3/1690303046_11-37-26_8_3.jpg,ev_1690303046_c8,cow_8,tb_2_cam_3,side,partial,none,no,human_verified
vp1k_0867,ScienceDB,datasets/bcs/sciencedb_bcs/dataset/4.25/GS_303_3.jpg,GS_burst_2249,,GS_Gansu/GS_303,rear,none,none,no,human_verified
vp1k_0868,SideViewCows2026,datasets/id/external/sideviewcows2026/parlor/images/887/887_0026.jpg,parlor_cow_0887_sess_002,cow_887,parlor/parlor_cow_0887_sess_002,side,none,none,no,human_verified
vp1k_0869,ScienceDB,datasets/bcs/sciencedb_bcs/dataset/3.5/GS_1975_4.jpg,GS_burst_1081,,GS_Gansu/GS_1975,rear,none,none,no,human_verified
vp1k_0870,MmCows,datasets/behavior/mmcows/cropped_bboxes/behaviors/3/1690294736_09-18-56_11_3.jpg,ev_1690294736_c11,cow_11,tb_2_cam_3,side,partial,none,no,human_verified
vp1k_0871,ScienceDB,datasets/bcs/sciencedb_bcs/dataset/3.75/L-i8128.jpg,STEREO_burst_0176,,STEREO_Farm3/STEREO_blk_176,rear,none,severe,no,human_verified
vp1k_0872,MmCows,datasets/behavior/mmcows/cropped_bboxes/behaviors/6/1690306916_12-41-56_4_2.jpg,ev_1690306916_c4,cow_4,tb_2_cam_2,unknown / ambiguous,none,none,no,human_verified
vp1k_0873,ScienceDB,datasets/bcs/sciencedb_bcs/dataset/4.25/R-i7695.jpg,STEREO_burst_0166,,STEREO_Farm3/STEREO_blk_166,rear,none,severe,no,human_verified
vp1k_0874,MmCows,datasets/behavior/mmcows/cropped_bboxes/behaviors/5/1690341251_22-14-11_12_3.jpg,ev_1690341251_c12,cow_12,tb_3_cam_3,front-oblique,partial,partial,no,human_verified
vp1k_0875,ScienceDB,datasets/bcs/sciencedb_bcs/dataset/3.5/GS_1128_5.jpg,GS_burst_0145,,GS_Gansu/GS_1128,rear,none,none,no,human_verified
vp1k_0876,MmCows,datasets/behavior/mmcows/cropped_bboxes/behaviors/7/1690306406_12-33-26_15_4.jpg,ev_1690306406_c15,cow_15,tb_2_cam_4,unknown / ambiguous,none,none,no,human_verified
vp1k_0877,MmCows,datasets/behavior/mmcows/cropped_bboxes/behaviors/1/1690293656_09-00-56_5_3.jpg,ev_1690293656_c5,cow_5,tb_2_cam_3,unknown / ambiguous,none,none,no,human_verified
vp1k_0878,ScienceDB,datasets/bcs/sciencedb_bcs/dataset/3.75/YM_1870_4.jpg,YM_burst_0967,,YM_Farm2/YM_1870,rear,none,none,no,human_verified
vp1k_0879,MmCows,datasets/behavior/mmcows/cropped_bboxes/behaviors/7/1690346441_23-40-41_16_4.jpg,ev_1690346441_c16,cow_16,tb_3_cam_4,unknown / ambiguous,none,none,no,human_verified
vp1k_0880,MmCows,datasets/behavior/mmcows/cropped_bboxes/behaviors/2/1690336601_20-56-41_6_3.jpg,ev_1690336601_c6,cow_6,tb_3_cam_3,side,severe,none,no,human_verified
vp1k_0881,ScienceDB,datasets/bcs/sciencedb_bcs/dataset/3.5/GS_683_3.jpg,GS_burst_2988,,GS_Gansu/GS_683,rear,none,none,no,human_verified
vp1k_0882,MmCows,datasets/behavior/mmcows/cropped_bboxes/behaviors/7/1690281881_05-44-41_1_3.jpg,ev_1690281881_c1,cow_1,tb_2_cam_3,side,severe,none,yes,human_verified
vp1k_0883,SideViewCows2026,datasets/id/external/sideviewcows2026/parlor/images/207/207_0235.jpg,parlor_cow_0207_sess_016,cow_207,parlor/parlor_cow_0207_sess_016,side,severe,none,no,human_verified
vp1k_0884,ScienceDB,datasets/bcs/sciencedb_bcs/dataset/3.75/YM_999_4.jpg,YM_burst_2054,,YM_Farm2/YM_999,rear,none,none,no,human_verified
vp1k_0885,MmCows,datasets/behavior/mmcows/cropped_bboxes/behaviors/2/1690314986_14-56-26_6_2.jpg,ev_1690314986_c6,cow_6,tb_2_cam_2,unknown / ambiguous,none,none,no,human_verified
vp1k_0886,MmCows,datasets/behavior/mmcows/cropped_bboxes/behaviors/2/1690297496_10-04-56_15_2.jpg,ev_1690297496_c15,cow_15,tb_2_cam_2,front-oblique,partial,partial,no,human_verified
vp1k_0887,SideViewCows2026,datasets/id/external/sideviewcows2026/parlor/images/700/700_0380.jpg,parlor_cow_0700_sess_021,cow_700,parlor/parlor_cow_0700_sess_021,side,none,none,no,human_verified
vp1k_0888,ScienceDB,datasets/bcs/sciencedb_bcs/dataset/3.5/YM_995_4.jpg,YM_burst_2050,,YM_Farm2/YM_995,rear,none,none,yes,human_verified
vp1k_0889,ScienceDB,datasets/bcs/sciencedb_bcs/dataset/4.25/L-i6659.jpg,STEREO_burst_0136,,STEREO_Farm3/STEREO_blk_136,rear,none,none,yes,human_verified
vp1k_0890,SideViewCows2026,datasets/id/external/sideviewcows2026/parlor/images/986/986_0089.jpg,parlor_cow_0986_sess_007,cow_986,parlor/parlor_cow_0986_sess_007,side,none,none,yes,human_verified
vp1k_0891,SideViewCows2026,datasets/id/external/sideviewcows2026/parlor/images/367/367_0311.jpg,parlor_cow_0367_sess_022,cow_367,parlor/parlor_cow_0367_sess_022,side,partial,none,no,human_verified
vp1k_0892,MmCows,datasets/behavior/mmcows/cropped_bboxes/behaviors/2/1690314101_14-41-41_2_4.jpg,ev_1690314101_c2,cow_2,tb_2_cam_4,side,none,none,yes,human_verified
vp1k_0893,ScienceDB,datasets/bcs/sciencedb_bcs/dataset/3.25/YM_1927_4.jpg,YM_burst_1029,,YM_Farm2/YM_1927,rear,none,none,yes,human_verified
vp1k_0894,SideViewCows2026,datasets/id/external/sideviewcows2026/barn/images/305/305_0241.jpg,barn_cow_0305_sess_001,cow_305,barn/barn_cow_0305_sess_001,side,none,none,no,human_verified
vp1k_0895,MmCows,datasets/behavior/mmcows/cropped_bboxes/behaviors/7/1690326116_18-01-56_16_4.jpg,ev_1690326116_c16,cow_16,tb_3_cam_4,unknown / ambiguous,none,none,no,human_verified
vp1k_0896,MmCows,datasets/behavior/mmcows/cropped_bboxes/behaviors/7/1690284971_06-36-11_5_2.jpg,ev_1690284971_c5,cow_5,tb_2_cam_2,unknown / ambiguous,none,none,no,human_verified
vp1k_0897,ScienceDB,datasets/bcs/sciencedb_bcs/dataset/3.75/YM_1012_4.jpg,YM_burst_0017,,YM_Farm2/YM_1012,rear,none,none,no,human_verified
vp1k_0898,SideViewCows2026,datasets/id/external/sideviewcows2026/barn/images/510/510_0094.jpg,barn_cow_0510_sess_001,cow_510,barn/barn_cow_0510_sess_001,side,none,none,no,human_verified
vp1k_0899,ScienceDB,datasets/bcs/sciencedb_bcs/dataset/3.25/GS_2137_5.jpg,GS_burst_1258,,GS_Gansu/GS_2137,rear,none,none,no,human_verified
vp1k_0900,MmCows,datasets/behavior/mmcows/cropped_bboxes/behaviors/6/1690326146_18-02-26_3_3.jpg,ev_1690326146_c3,cow_3,tb_3_cam_3,side,none,none,no,human_verified
vp1k_0901,MmCows,datasets/behavior/mmcows/cropped_bboxes/behaviors/3/1690290266_08-04-26_1_2.jpg,ev_1690290266_c1,cow_1,tb_2_cam_2,unknown / ambiguous,none,none,yes,human_verified
vp1k_0902,ScienceDB,datasets/bcs/sciencedb_bcs/dataset/3.75/R-i7609.jpg,STEREO_burst_0163,,STEREO_Farm3/STEREO_blk_163,rear,none,none,no,human_verified
vp1k_0903,MmCows,datasets/behavior/mmcows/cropped_bboxes/behaviors/1/1690316966_15-29-26_12_3.jpg,ev_1690316966_c12,cow_12,tb_2_cam_3,unknown / ambiguous,none,none,no,human_verified
vp1k_0904,MmCows,datasets/behavior/mmcows/cropped_bboxes/behaviors/3/1690297391_10-03-11_12_3.jpg,ev_1690297391_c12,cow_12,tb_2_cam_3,side,partial,none,no,human_verified
vp1k_0905,ScienceDB,datasets/bcs/sciencedb_bcs/dataset/4.25/GS_1451_4.jpg,GS_burst_0504,,GS_Gansu/GS_1451,rear,none,partial,no,human_verified
vp1k_0906,ScienceDB,datasets/bcs/sciencedb_bcs/dataset/3.75/GS_1741_4.jpg,GS_burst_0826,,GS_Gansu/GS_1741,rear,none,none,no,human_verified
vp1k_0907,ScienceDB,datasets/bcs/sciencedb_bcs/dataset/4.25/YM_385_3.jpg,YM_burst_1373,,YM_Farm2/YM_385,rear,none,partial,no,human_verified
vp1k_0908,MmCows,datasets/behavior/mmcows/cropped_bboxes/behaviors/4/1690319651_16-14-11_2_4.jpg,ev_1690319651_c2,cow_2,tb_3_cam_4,unknown / ambiguous,none,none,yes,human_verified
vp1k_0909,ScienceDB,datasets/bcs/sciencedb_bcs/dataset/3.75/YM_244_3.jpg,YM_burst_1217,,YM_Farm2/YM_244,rear,none,none,yes,human_verified
vp1k_0910,MmCows,datasets/behavior/mmcows/cropped_bboxes/behaviors/7/1690324331_17-32-11_16_3.jpg,ev_1690324331_c16,cow_16,tb_3_cam_3,unknown / ambiguous,none,none,no,human_verified
vp1k_0911,SideViewCows2026,datasets/id/external/sideviewcows2026/barn/images/542/542_0080.jpg,barn_cow_0542_sess_001,cow_542,barn/barn_cow_0542_sess_001,side,none,partial,no,human_verified
vp1k_0912,ScienceDB,datasets/bcs/sciencedb_bcs/dataset/3.25/GS_1944_5.jpg,GS_burst_1047,,GS_Gansu/GS_1944,rear,none,none,no,human_verified
vp1k_0913,SideViewCows2026,datasets/id/external/sideviewcows2026/barn/images/544/544_0259.jpg,barn_cow_0544_sess_001,cow_544,barn/barn_cow_0544_sess_001,side,partial,none,no,human_verified
vp1k_0914,SideViewCows2026,datasets/id/external/sideviewcows2026/snapshots/images/503/503_0003.jpg,snap_cow_0503_sess_001,cow_503,snapshots/snap_cow_0503_sess_001,side,none,partial,no,human_verified
vp1k_0915,SideViewCows2026,datasets/id/external/sideviewcows2026/barn/images/843/843_0088.jpg,barn_cow_0843_sess_001,cow_843,barn/barn_cow_0843_sess_001,side,none,none,no,human_verified
vp1k_0916,ScienceDB,datasets/bcs/sciencedb_bcs/dataset/3.25/GS_2644_4.jpg,GS_burst_1820,,GS_Gansu/GS_2644,rear,none,none,no,human_verified
vp1k_0917,ScienceDB,datasets/bcs/sciencedb_bcs/dataset/4.25/GS_1512_3.jpg,GS_burst_0572,,GS_Gansu/GS_1512,rear,none,none,yes,human_verified
vp1k_0918,SideViewCows2026,datasets/id/external/sideviewcows2026/parlor/images/507/507_0139.jpg,parlor_cow_0507_sess_011,cow_507,parlor/parlor_cow_0507_sess_011,side,none,none,no,human_verified
vp1k_0919,SideViewCows2026,datasets/id/external/sideviewcows2026/barn/images/853/853_0080.jpg,barn_cow_0853_sess_001,cow_853,barn/barn_cow_0853_sess_001,side,none,severe,no,human_verified
vp1k_0920,SideViewCows2026,datasets/id/external/sideviewcows2026/parlor/images/958/958_0011.jpg,parlor_cow_0958_sess_002,cow_958,parlor/parlor_cow_0958_sess_002,side,partial,none,no,human_verified
vp1k_0921,SideViewCows2026,datasets/id/external/sideviewcows2026/snapshots/images/633/633_0002.jpg,snap_cow_0633_sess_002,cow_633,snapshots/snap_cow_0633_sess_002,side,none,none,no,human_verified
vp1k_0922,SideViewCows2026,datasets/id/external/sideviewcows2026/parlor/images/333/333_0144.jpg,parlor_cow_0333_sess_010,cow_333,parlor/parlor_cow_0333_sess_010,side,none,none,no,human_verified
vp1k_0923,SideViewCows2026,datasets/id/external/sideviewcows2026/parlor/images/428/428_0023.jpg,parlor_cow_0428_sess_002,cow_428,parlor/parlor_cow_0428_sess_002,side,none,partial,no,human_verified
vp1k_0924,SideViewCows2026,datasets/id/external/sideviewcows2026/barn/images/168/168_0096.jpg,barn_cow_0168_sess_001,cow_168,barn/barn_cow_0168_sess_001,side,none,none,no,human_verified
vp1k_0925,SideViewCows2026,datasets/id/external/sideviewcows2026/parlor/images/260/260_0004.jpg,parlor_cow_0260_sess_001,cow_260,parlor/parlor_cow_0260_sess_001,side,partial,none,no,human_verified
vp1k_0926,MmCows,datasets/behavior/mmcows/cropped_bboxes/behaviors/2/1690340156_21-55-56_15_3.jpg,ev_1690340156_c15,cow_15,tb_3_cam_3,front-oblique,none,none,no,human_verified
vp1k_0927,MmCows,datasets/behavior/mmcows/cropped_bboxes/behaviors/3/1690320161_16-22-41_7_3.jpg,ev_1690320161_c7,cow_7,tb_3_cam_3,unknown / ambiguous,none,none,no,human_verified
vp1k_0928,SideViewCows2026,datasets/id/external/sideviewcows2026/parlor/images/871/871_0259.jpg,parlor_cow_0871_sess_018,cow_871,parlor/parlor_cow_0871_sess_018,side,none,partial,no,human_verified
vp1k_0929,SideViewCows2026,datasets/id/external/sideviewcows2026/barn/images/345/345_0241.jpg,barn_cow_0345_sess_001,cow_345,barn/barn_cow_0345_sess_001,side,partial,none,no,human_verified
vp1k_0930,SideViewCows2026,datasets/id/external/sideviewcows2026/barn/images/333/333_0081.jpg,barn_cow_0333_sess_001,cow_333,barn/barn_cow_0333_sess_001,side,none,none,no,human_verified
vp1k_0931,ScienceDB,datasets/bcs/sciencedb_bcs/dataset/4.0/GS_1325_4.jpg,GS_burst_0364,,GS_Gansu/GS_1325,rear,none,none,yes,human_verified
vp1k_0932,ScienceDB,datasets/bcs/sciencedb_bcs/dataset/3.5/GS_635_5.jpg,GS_burst_2935,,GS_Gansu/GS_635,rear,none,none,no,human_verified
vp1k_0933,ScienceDB,datasets/bcs/sciencedb_bcs/dataset/3.5/GS_534_5.jpg,GS_burst_2823,,GS_Gansu/GS_534,rear,none,none,no,human_verified
vp1k_0934,MmCows,datasets/behavior/mmcows/cropped_bboxes/behaviors/3/1690287311_07-15-11_7_2.jpg,ev_1690287311_c7,cow_7,tb_2_cam_2,rear-oblique,severe,severe,yes,human_verified
vp1k_0935,ScienceDB,datasets/bcs/sciencedb_bcs/dataset/3.25/GS_2744_3.jpg,GS_burst_1931,,GS_Gansu/GS_2744,rear,none,none,no,human_verified
vp1k_0936,MmCows,datasets/behavior/mmcows/cropped_bboxes/behaviors/6/1690275731_04-02-11_10_3.jpg,ev_1690275731_c10,cow_10,tb_1_cam_3,unknown / ambiguous,none,none,no,human_verified
vp1k_0937,MmCows,datasets/behavior/mmcows/cropped_bboxes/behaviors/7/1690275176_03-52-56_3_3.jpg,ev_1690275176_c3,cow_3,tb_1_cam_3,unknown / ambiguous,none,none,yes,human_verified
vp1k_0938,ScienceDB,datasets/bcs/sciencedb_bcs/dataset/4.0/YM_413_5.jpg,YM_burst_1405,,YM_Farm2/YM_413,rear,none,none,yes,human_verified
vp1k_0939,SideViewCows2026,datasets/id/external/sideviewcows2026/barn/images/621/621_0088.jpg,barn_cow_0621_sess_001,cow_621,barn/barn_cow_0621_sess_001,side,partial,none,no,human_verified
vp1k_0940,ScienceDB,datasets/bcs/sciencedb_bcs/dataset/3.5/GS_2275_5.jpg,GS_burst_1411,,GS_Gansu/GS_2275,rear,none,none,yes,human_verified
vp1k_0941,ScienceDB,datasets/bcs/sciencedb_bcs/dataset/3.75/YM_1806_3.jpg,YM_burst_0896,,YM_Farm2/YM_1806,rear,none,none,no,human_verified
vp1k_0942,ScienceDB,datasets/bcs/sciencedb_bcs/dataset/4.25/YM_1377_3.jpg,YM_burst_0420,,YM_Farm2/YM_1377,rear,none,none,yes,human_verified
vp1k_0943,SideViewCows2026,datasets/id/external/sideviewcows2026/parlor/images/475/475_0778.jpg,parlor_cow_0475_sess_037,cow_475,parlor/parlor_cow_0475_sess_037,side,none,partial,no,human_verified
vp1k_0944,ScienceDB,datasets/bcs/sciencedb_bcs/dataset/3.25/YM_1234_5.jpg,YM_burst_0263,,YM_Farm2/YM_1234,rear,none,none,yes,human_verified
vp1k_0945,ScienceDB,datasets/bcs/sciencedb_bcs/dataset/4.0/YM_768_4.jpg,YM_burst_1798,,YM_Farm2/YM_768,rear,none,none,no,human_verified
vp1k_0946,ScienceDB,datasets/bcs/sciencedb_bcs/dataset/3.5/YM_417_3.jpg,YM_burst_1409,,YM_Farm2/YM_417,rear,none,none,no,human_verified
vp1k_0947,MmCows,datasets/behavior/mmcows/cropped_bboxes/behaviors/4/1690291151_08-19-11_5_3.jpg,ev_1690291151_c5,cow_5,tb_2_cam_3,side,partial,none,no,human_verified
vp1k_0948,ScienceDB,datasets/bcs/sciencedb_bcs/dataset/3.25/GS_1974_5.jpg,GS_burst_1080,,GS_Gansu/GS_1974,rear,none,none,no,human_verified
vp1k_0949,ScienceDB,datasets/bcs/sciencedb_bcs/dataset/4.0/GS_3156_2.jpg,GS_burst_2389,,GS_Gansu/GS_3156,rear,none,none,no,human_verified
vp1k_0950,MmCows,datasets/behavior/mmcows/cropped_bboxes/behaviors/5/1690330406_19-13-26_10_3.jpg,ev_1690330406_c10,cow_10,tb_3_cam_3,unknown / ambiguous,none,none,no,human_verified
vp1k_0951,SideViewCows2026,datasets/id/external/sideviewcows2026/barn/images/920/920_0080.jpg,barn_cow_0920_sess_001,cow_920,barn/barn_cow_0920_sess_001,side,none,none,no,human_verified
vp1k_0952,MmCows,datasets/behavior/mmcows/cropped_bboxes/behaviors/4/1690274561_03-42-41_12_3.jpg,ev_1690274561_c12,cow_12,tb_1_cam_3,side,none,none,no,human_verified
vp1k_0953,ScienceDB,datasets/bcs/sciencedb_bcs/dataset/4.0/YM_747_4.jpg,YM_burst_1775,,YM_Farm2/YM_747,rear,none,none,yes,human_verified
vp1k_0954,MmCows,datasets/behavior/mmcows/cropped_bboxes/behaviors/3/1690289306_07-48-26_3_4.jpg,ev_1690289306_c3,cow_3,tb_2_cam_4,side,partial,none,no,human_verified
vp1k_0955,ScienceDB,datasets/bcs/sciencedb_bcs/dataset/3.5/YM_690_4.jpg,YM_burst_1712,,YM_Farm2/YM_690,rear,none,none,yes,human_verified
vp1k_0956,ScienceDB,datasets/bcs/sciencedb_bcs/dataset/4.0/YM_1752_4.jpg,YM_burst_0836,,YM_Farm2/YM_1752,rear,none,none,yes,human_verified
vp1k_0957,ScienceDB,datasets/bcs/sciencedb_bcs/dataset/3.75/YM_1611_5.jpg,YM_burst_0680,,YM_Farm2/YM_1611,rear,none,none,yes,human_verified
vp1k_0958,SideViewCows2026,datasets/id/external/sideviewcows2026/barn/images/559/559_0268.jpg,barn_cow_0559_sess_001,cow_559,barn/barn_cow_0559_sess_001,rear-oblique,none,none,no,human_verified
vp1k_0959,SideViewCows2026,datasets/id/external/sideviewcows2026/snapshots/images/303/303_0002.jpg,snap_cow_0303_sess_001,cow_303,snapshots/snap_cow_0303_sess_001,side,none,partial,no,human_verified
vp1k_0960,MmCows,datasets/behavior/mmcows/cropped_bboxes/behaviors/7/1690327841_18-30-41_16_4.jpg,ev_1690327841_c16,cow_16,tb_3_cam_4,unknown / ambiguous,none,none,no,human_verified
vp1k_0961,MmCows,datasets/behavior/mmcows/cropped_bboxes/behaviors/7/1690346951_23-49-11_10_1.jpg,ev_1690346951_c10,cow_10,tb_3_cam_1,unknown / ambiguous,none,none,no,human_verified
vp1k_0962,MmCows,datasets/behavior/mmcows/cropped_bboxes/behaviors/5/1690342631_22-37-11_11_3.jpg,ev_1690342631_c11,cow_11,tb_3_cam_3,front-oblique,partial,none,no,human_verified
vp1k_0963,MmCows,datasets/behavior/mmcows/cropped_bboxes/behaviors/2/1690337321_21-08-41_5_3.jpg,ev_1690337321_c5,cow_5,tb_3_cam_3,unknown / ambiguous,none,none,no,human_verified
vp1k_0964,MmCows,datasets/behavior/mmcows/cropped_bboxes/behaviors/4/1690339856_21-50-56_6_3.jpg,ev_1690339856_c6,cow_6,tb_3_cam_3,side,none,none,no,human_verified
vp1k_0965,ScienceDB,datasets/bcs/sciencedb_bcs/dataset/3.25/GS_646_5.jpg,GS_burst_2947,,GS_Gansu/GS_646,rear,none,none,no,human_verified
vp1k_0966,ScienceDB,datasets/bcs/sciencedb_bcs/dataset/3.75/GS_2664_5.jpg,GS_burst_1842,,GS_Gansu/GS_2664,rear,none,none,no,human_verified
vp1k_0967,ScienceDB,datasets/bcs/sciencedb_bcs/dataset/3.25/YM_1683_2.jpg,YM_burst_0759,,YM_Farm2/YM_1683,rear,none,none,yes,human_verified
vp1k_0968,SideViewCows2026,datasets/id/external/sideviewcows2026/parlor/images/828/828_0268.jpg,parlor_cow_0828_sess_019,cow_828,parlor/parlor_cow_0828_sess_019,side,none,none,no,human_verified
vp1k_0969,ScienceDB,datasets/bcs/sciencedb_bcs/dataset/3.75/L-i7761.jpg,STEREO_burst_0167,,STEREO_Farm3/STEREO_blk_167,rear,none,severe,yes,human_verified
vp1k_0970,SideViewCows2026,datasets/id/external/sideviewcows2026/snapshots/images/323/323_0004.jpg,snap_cow_0323_sess_001,cow_323,snapshots/snap_cow_0323_sess_001,side,none,none,no,human_verified
vp1k_0971,MmCows,datasets/behavior/mmcows/cropped_bboxes/behaviors/6/1690288646_07-37-26_12_3.jpg,ev_1690288646_c12,cow_12,tb_2_cam_3,side,none,none,no,human_verified
vp1k_0972,ScienceDB,datasets/bcs/sciencedb_bcs/dataset/4.25/YM_1392_3.jpg,YM_burst_0437,,YM_Farm2/YM_1392,rear,none,none,no,human_verified
vp1k_0973,ScienceDB,datasets/bcs/sciencedb_bcs/dataset/4.0/R-i9270.jpg,STEREO_burst_0199,,STEREO_Farm3/STEREO_blk_199,rear,none,none,no,human_verified
vp1k_0974,ScienceDB,datasets/bcs/sciencedb_bcs/dataset/4.0/YM_1056_4.jpg,YM_burst_0065,,YM_Farm2/YM_1056,rear,none,none,no,human_verified
vp1k_0975,SideViewCows2026,datasets/id/external/sideviewcows2026/snapshots/images/970/970_0007.jpg,snap_cow_0970_sess_003,cow_970,snapshots/snap_cow_0970_sess_003,side,partial,none,no,human_verified
vp1k_0976,MmCows,datasets/behavior/mmcows/cropped_bboxes/behaviors/2/1690336916_21-01-56_12_3.jpg,ev_1690336916_c12,cow_12,tb_3_cam_3,side,partial,partial,yes,human_verified
vp1k_0977,SideViewCows2026,datasets/id/external/sideviewcows2026/barn/images/400/400_0262.jpg,barn_cow_0400_sess_001,cow_400,barn/barn_cow_0400_sess_001,side,none,none,no,human_verified
vp1k_0978,MmCows,datasets/behavior/mmcows/cropped_bboxes/behaviors/6/1690316351_15-19-11_8_3.jpg,ev_1690316351_c8,cow_8,tb_2_cam_3,side,none,none,no,human_verified
vp1k_0979,ScienceDB,datasets/bcs/sciencedb_bcs/dataset/4.0/GS_416_5.jpg,GS_burst_2692,,GS_Gansu/GS_416,rear,none,none,no,human_verified
vp1k_0980,MmCows,datasets/behavior/mmcows/cropped_bboxes/behaviors/6/1690292471_08-41-11_5_3.jpg,ev_1690292471_c5,cow_5,tb_2_cam_3,unknown / ambiguous,none,none,no,human_verified
vp1k_0981,SideViewCows2026,datasets/id/external/sideviewcows2026/parlor/images/406/406_0149.jpg,parlor_cow_0406_sess_008,cow_406,parlor/parlor_cow_0406_sess_008,side,partial,partial,no,human_verified
vp1k_0982,SideViewCows2026,datasets/id/external/sideviewcows2026/parlor/images/290/290_0278.jpg,parlor_cow_0290_sess_006,cow_290,parlor/parlor_cow_0290_sess_006,side,partial,none,no,human_verified
vp1k_0983,MmCows,datasets/behavior/mmcows/cropped_bboxes/behaviors/4/1690319636_16-13-56_13_3.jpg,ev_1690319636_c13,cow_13,tb_3_cam_3,side,partial,partial,yes,human_verified
vp1k_0984,ScienceDB,datasets/bcs/sciencedb_bcs/dataset/4.0/L-i11213.jpg,STEREO_burst_0249,,STEREO_Farm3/STEREO_blk_249,rear,none,partial,yes,human_verified
vp1k_0985,SideViewCows2026,datasets/id/external/sideviewcows2026/parlor/images/700/700_0518.jpg,parlor_cow_0700_sess_028,cow_700,parlor/parlor_cow_0700_sess_028,side,none,none,no,human_verified
vp1k_0986,MmCows,datasets/behavior/mmcows/cropped_bboxes/behaviors/2/1690282031_05-47-11_8_3.jpg,ev_1690282031_c8,cow_8,tb_2_cam_3,side,partial,none,yes,human_verified
vp1k_0987,MmCows,datasets/behavior/mmcows/cropped_bboxes/behaviors/5/1690282241_05-50-41_7_3.jpg,ev_1690282241_c7,cow_7,tb_2_cam_3,front-oblique,partial,none,no,human_verified
vp1k_0988,ScienceDB,datasets/bcs/sciencedb_bcs/dataset/4.0/R-i8973.jpg,STEREO_burst_0190,,STEREO_Farm3/STEREO_blk_190,rear,none,none,yes,human_verified
vp1k_0989,SideViewCows2026,datasets/id/external/sideviewcows2026/barn/images/444/444_0246.jpg,barn_cow_0444_sess_001,cow_444,barn/barn_cow_0444_sess_001,side,partial,none,no,human_verified
vp1k_0990,SideViewCows2026,datasets/id/external/sideviewcows2026/barn/images/323/323_0073.jpg,barn_cow_0323_sess_001,cow_323,barn/barn_cow_0323_sess_001,side,none,partial,no,human_verified
vp1k_0991,MmCows,datasets/behavior/mmcows/cropped_bboxes/behaviors/2/1690327166_18-19-26_11_3.jpg,ev_1690327166_c11,cow_11,tb_3_cam_3,side,partial,none,no,human_verified
vp1k_0992,MmCows,datasets/behavior/mmcows/cropped_bboxes/behaviors/2/1690319411_16-10-11_10_3.jpg,ev_1690319411_c10,cow_10,tb_2_cam_3,unknown / ambiguous,none,none,yes,human_verified
vp1k_0993,MmCows,datasets/behavior/mmcows/cropped_bboxes/behaviors/6/1690297946_10-12-26_15_3.jpg,ev_1690297946_c15,cow_15,tb_2_cam_3,unknown / ambiguous,none,none,no,human_verified
vp1k_0994,MmCows,datasets/behavior/mmcows/cropped_bboxes/behaviors/3/1690322576_17-02-56_8_3.jpg,ev_1690322576_c8,cow_8,tb_3_cam_3,side,partial,none,no,human_verified
vp1k_0995,ScienceDB,datasets/bcs/sciencedb_bcs/dataset/4.25/YM_251_3.jpg,YM_burst_1225,,YM_Farm2/YM_251,rear,none,none,no,human_verified
vp1k_0996,ScienceDB,datasets/bcs/sciencedb_bcs/dataset/3.5/GS_428_3.jpg,GS_burst_2705,,GS_Gansu/GS_428,rear,none,none,no,human_verified
vp1k_0997,SideViewCows2026,datasets/id/external/sideviewcows2026/barn/images/826/826_0238.jpg,barn_cow_0826_sess_001,cow_826,barn/barn_cow_0826_sess_001,side,none,partial,no,human_verified
vp1k_0998,SideViewCows2026,datasets/id/external/sideviewcows2026/parlor/images/672/672_0288.jpg,parlor_cow_0672_sess_020,cow_672,parlor/parlor_cow_0672_sess_020,side,partial,partial,no,human_verified
vp1k_0999,MmCows,datasets/behavior/mmcows/cropped_bboxes/behaviors/2/1690276556_04-15-56_11_3.jpg,ev_1690276556_c11,cow_11,tb_1_cam_3,unknown / ambiguous,none,none,no,human_verified
vp1k_1000,ScienceDB,datasets/bcs/sciencedb_bcs/dataset/3.75/YM_1680_2.jpg,YM_burst_0756,,YM_Farm2/YM_1680,rear,none,none,yes,human_verified
