burst_group_id,farm_source,n_passages,member_passages,n_images,bcs_classes,primary_bcs,sample_files,merge_reason,assigned_split
GS_burst_0001,GS_Gansu,1,GS_1,8,{'4.25': 8},4.25,GS_1_1.jpg;GS_1_2.jpg;GS_1_3.jpg,singleton_passage,train
GS_burst_0002,GS_Gansu,1,GS_10,12,{'4.25': 12},4.25,GS_10_1.jpg;GS_10_10.jpg;GS_10_11.jpg,singleton_passage,train
GS_burst_0003,GS_Gansu,1,GS_100,7,{'3.5': 7},3.5,GS_100_1.jpg;GS_100_2.jpg;GS_100_3.jpg,singleton_passage,test
GS_burst_0004,GS_Gansu,1,GS_1000,8,{'3.75': 8},3.75,GS_1000_1.jpg;GS_1000_2.jpg;GS_1000_3.jpg,singleton_passage,train
GS_burst_0005,GS_Gansu,1,GS_1001,10,{'3.75': 10},3.75,GS_1001_1.jpg;GS_1001_10.jpg;GS_1001_2.jpg,singleton_passage,train
GS_burst_0006,GS_Gansu,1,GS_1002,9,{'3.5': 9},3.5,GS_1002_1.jpg;GS_1002_2.jpg;GS_1002_3.jpg,singleton_passage,test
GS_burst_0007,GS_Gansu,1,GS_1003,10,{'3.25': 10},3.25,GS_1003_1.jpg;GS_1003_10.jpg;GS_1003_2.jpg,singleton_passage,train
GS_burst_0008,GS_Gansu,1,GS_1004,8,{'4.0': 8},4.0,GS_1004_1.jpg;GS_1004_2.jpg;GS_1004_3.jpg,singleton_passage,train
GS_burst_0009,GS_Gansu,1,GS_1005,9,{'3.25': 9},3.25,GS_1005_1.jpg;GS_1005_2.jpg;GS_1005_3.jpg,singleton_passage,train
GS_burst_0010,GS_Gansu,1,GS_1006,12,{'3.75': 12},3.75,GS_1006_1.jpg;GS_1006_10.jpg;GS_1006_11.jpg,singleton_passage,test
GS_burst_0011,GS_Gansu,1,GS_1007,8,{'3.25': 8},3.25,GS_1007_1.jpg;GS_1007_2.jpg;GS_1007_3.jpg,singleton_passage,train
GS_burst_0012,GS_Gansu,1,GS_1008,8,{'3.5': 8},3.5,GS_1008_1.jpg;GS_1008_2.jpg;GS_1008_3.jpg,singleton_passage,train
GS_burst_0013,GS_Gansu,1,GS_1009,8,{'3.25': 8},3.25,GS_1009_1.jpg;GS_1009_2.jpg;GS_1009_3.jpg,singleton_passage,test
GS_burst_0014,GS_Gansu,1,GS_101,5,{'3.75': 5},3.75,GS_101_1.jpg;GS_101_2.jpg;GS_101_3.jpg,singleton_passage,train
GS_burst_0015,GS_Gansu,1,GS_1010,7,{'3.5': 7},3.5,GS_1010_1.jpg;GS_1010_2.jpg;GS_1010_3.jpg,singleton_passage,train
GS_burst_0016,GS_Gansu,1,GS_1011,11,{'3.25': 11},3.25,GS_1011_1.jpg;GS_1011_10.jpg;GS_1011_11.jpg,singleton_passage,train
GS_burst_0017,GS_Gansu,1,GS_1012,8,{'3.5': 8},3.5,GS_1012_1.jpg;GS_1012_2.jpg;GS_1012_3.jpg,singleton_passage,train
GS_burst_0018,GS_Gansu,1,GS_1013,9,{'3.5': 9},3.5,GS_1013_1.jpg;GS_1013_2.jpg;GS_1013_3.jpg,singleton_passage,test
GS_burst_0019,GS_Gansu,1,GS_1014,8,{'3.5': 8},3.5,GS_1014_1.jpg;GS_1014_2.jpg;GS_1014_3.jpg,singleton_passage,val
GS_burst_0020,GS_Gansu,1,GS_1015,7,{'3.75': 7},3.75,GS_1015_1.jpg;GS_1015_2.jpg;GS_1015_3.jpg,singleton_passage,train
GS_burst_0021,GS_Gansu,1,GS_1016,5,{'3.75': 5},3.75,GS_1016_1.jpg;GS_1016_2.jpg;GS_1016_3.jpg,singleton_passage,train
GS_burst_0022,GS_Gansu,1,GS_1017,8,{'3.5': 8},3.5,GS_1017_1.jpg;GS_1017_2.jpg;GS_1017_3.jpg,singleton_passage,train
GS_burst_0023,GS_Gansu,1,GS_1018,8,{'3.5': 8},3.5,GS_1018_1.jpg;GS_1018_2.jpg;GS_1018_3.jpg,singleton_passage,train
GS_burst_0024,GS_Gansu,1,GS_1019,8,{'3.5': 8},3.5,GS_1019_1.jpg;GS_1019_2.jpg;GS_1019_3.jpg,singleton_passage,train
GS_burst_0025,GS_Gansu,1,GS_102,6,{'4.0': 6},4.0,GS_102_1.jpg;GS_102_2.jpg;GS_102_3.jpg,singleton_passage,train
GS_burst_0026,GS_Gansu,1,GS_1020,8,{'3.75': 8},3.75,GS_1020_1.jpg;GS_1020_2.jpg;GS_1020_3.jpg,singleton_passage,val
GS_burst_0027,GS_Gansu,1,GS_1021,8,{'3.75': 8},3.75,GS_1021_1.jpg;GS_1021_2.jpg;GS_1021_3.jpg,singleton_passage,train
GS_burst_0028,GS_Gansu,1,GS_1022,8,{'3.25': 8},3.25,GS_1022_1.jpg;GS_1022_2.jpg;GS_1022_3.jpg,singleton_passage,train
GS_burst_0029,GS_Gansu,1,GS_1023,11,{'3.5': 11},3.5,GS_1023_1.jpg;GS_1023_10.jpg;GS_1023_11.jpg,singleton_passage,train
GS_burst_0030,GS_Gansu,1,GS_1024,8,{'3.75': 8},3.75,GS_1024_1.jpg;GS_1024_2.jpg;GS_1024_3.jpg,singleton_passage,train
GS_burst_0031,GS_Gansu,1,GS_1025,9,{'3.5': 9},3.5,GS_1025_1.jpg;GS_1025_2.jpg;GS_1025_3.jpg,singleton_passage,train
GS_burst_0032,GS_Gansu,1,GS_1026,9,{'3.75': 9},3.75,GS_1026_1.jpg;GS_1026_2.jpg;GS_1026_3.jpg,singleton_passage,train
GS_burst_0033,GS_Gansu,1,GS_1027,8,{'3.75': 8},3.75,GS_1027_1.jpg;GS_1027_2.jpg;GS_1027_3.jpg,singleton_passage,train
GS_burst_0034,GS_Gansu,1,GS_1028,8,{'3.25': 8},3.25,GS_1028_1.jpg;GS_1028_2.jpg;GS_1028_3.jpg,singleton_passage,train
GS_burst_0035,GS_Gansu,1,GS_1029,9,{'3.25': 9},3.25,GS_1029_1.jpg;GS_1029_2.jpg;GS_1029_3.jpg,singleton_passage,train
GS_burst_0036,GS_Gansu,1,GS_103,14,{'3.75': 14},3.75,GS_103_1.jpg;GS_103_10.jpg;GS_103_11.jpg,singleton_passage,train
GS_burst_0037,GS_Gansu,1,GS_1030,8,{'4.0': 8},4.0,GS_1030_1.jpg;GS_1030_2.jpg;GS_1030_3.jpg,singleton_passage,train
GS_burst_0038,GS_Gansu,1,GS_1031,8,{'4.0': 8},4.0,GS_1031_1.jpg;GS_1031_2.jpg;GS_1031_3.jpg,singleton_passage,train
GS_burst_0039,GS_Gansu,1,GS_1032,8,{'3.5': 8},3.5,GS_1032_1.jpg;GS_1032_2.jpg;GS_1032_3.jpg,singleton_passage,train
GS_burst_0040,GS_Gansu,1,GS_1033,21,{'3.5': 21},3.5,GS_1033_1.jpg;GS_1033_10.jpg;GS_1033_11.jpg,singleton_passage,train
GS_burst_0041,GS_Gansu,1,GS_1034,20,{'3.75': 20},3.75,GS_1034_1.jpg;GS_1034_10.jpg;GS_1034_11.jpg,singleton_passage,train
GS_burst_0042,GS_Gansu,1,GS_1035,14,{'3.5': 14},3.5,GS_1035_1.jpg;GS_1035_10.jpg;GS_1035_11.jpg,singleton_passage,train
GS_burst_0043,GS_Gansu,1,GS_1036,10,{'4.0': 10},4.0,GS_1036_1.jpg;GS_1036_10.jpg;GS_1036_2.jpg,singleton_passage,train
GS_burst_0044,GS_Gansu,1,GS_1037,7,{'3.5': 7},3.5,GS_1037_1.jpg;GS_1037_2.jpg;GS_1037_3.jpg,singleton_passage,train
GS_burst_0045,GS_Gansu,1,GS_1038,8,{'3.5': 8},3.5,GS_1038_1.jpg;GS_1038_2.jpg;GS_1038_3.jpg,singleton_passage,train
GS_burst_0046,GS_Gansu,1,GS_1039,8,{'3.25': 8},3.25,GS_1039_1.jpg;GS_1039_2.jpg;GS_1039_3.jpg,singleton_passage,train
GS_burst_0047,GS_Gansu,1,GS_104,3,{'3.75': 3},3.75,GS_104_1.jpg;GS_104_2.jpg;GS_104_3.jpg,singleton_passage,train
GS_burst_0048,GS_Gansu,1,GS_1040,8,{'3.5': 8},3.5,GS_1040_1.jpg;GS_1040_2.jpg;GS_1040_3.jpg,singleton_passage,train
GS_burst_0049,GS_Gansu,1,GS_1041,7,{'4.0': 7},4.0,GS_1041_1.jpg;GS_1041_2.jpg;GS_1041_3.jpg,singleton_passage,train
GS_burst_0050,GS_Gansu,1,GS_1042,12,{'4.25': 12},4.25,GS_1042_1.jpg;GS_1042_10.jpg;GS_1042_11.jpg,singleton_passage,val
GS_burst_0051,GS_Gansu,1,GS_1043,12,{'4.0': 12},4.0,GS_1043_1.jpg;GS_1043_10.jpg;GS_1043_11.jpg,singleton_passage,train
GS_burst_0052,GS_Gansu,1,GS_1044,8,{'3.25': 8},3.25,GS_1044_1.jpg;GS_1044_2.jpg;GS_1044_3.jpg,singleton_passage,train
GS_burst_0053,GS_Gansu,1,GS_1045,11,{'3.75': 11},3.75,GS_1045_1.jpg;GS_1045_10.jpg;GS_1045_11.jpg,singleton_passage,train
GS_burst_0054,GS_Gansu,1,GS_1046,8,{'3.5': 8},3.5,GS_1046_1.jpg;GS_1046_2.jpg;GS_1046_3.jpg,singleton_passage,train
GS_burst_0055,GS_Gansu,1,GS_1047,9,{'4.0': 9},4.0,GS_1047_1.jpg;GS_1047_2.jpg;GS_1047_3.jpg,singleton_passage,train
GS_burst_0056,GS_Gansu,1,GS_1048,8,{'4.0': 8},4.0,GS_1048_1.jpg;GS_1048_2.jpg;GS_1048_3.jpg,singleton_passage,test
GS_burst_0057,GS_Gansu,1,GS_1049,10,{'3.5': 10},3.5,GS_1049_1.jpg;GS_1049_10.jpg;GS_1049_2.jpg,singleton_passage,val
GS_burst_0058,GS_Gansu,1,GS_105,5,{'3.25': 5},3.25,GS_105_1.jpg;GS_105_2.jpg;GS_105_3.jpg,singleton_passage,train
GS_burst_0059,GS_Gansu,1,GS_1050,7,{'3.25': 7},3.25,GS_1050_1.jpg;GS_1050_2.jpg;GS_1050_3.jpg,singleton_passage,train
GS_burst_0060,GS_Gansu,1,GS_1051,10,{'3.25': 10},3.25,GS_1051_1.jpg;GS_1051_10.jpg;GS_1051_2.jpg,singleton_passage,test
GS_burst_0061,GS_Gansu,1,GS_1052,8,{'3.25': 8},3.25,GS_1052_1.jpg;GS_1052_2.jpg;GS_1052_3.jpg,singleton_passage,test
GS_burst_0062,GS_Gansu,1,GS_1053,10,{'4.0': 10},4.0,GS_1053_1.jpg;GS_1053_10.jpg;GS_1053_2.jpg,singleton_passage,train
GS_burst_0063,GS_Gansu,1,GS_1054,6,{'3.5': 6},3.5,GS_1054_1.jpg;GS_1054_2.jpg;GS_1054_3.jpg,singleton_passage,val
GS_burst_0064,GS_Gansu,1,GS_1055,8,{'3.5': 8},3.5,GS_1055_1.jpg;GS_1055_2.jpg;GS_1055_3.jpg,singleton_passage,train
GS_burst_0065,GS_Gansu,1,GS_1056,7,{'3.25': 7},3.25,GS_1056_1.jpg;GS_1056_2.jpg;GS_1056_3.jpg,singleton_passage,train
GS_burst_0066,GS_Gansu,1,GS_1057,9,{'3.25': 9},3.25,GS_1057_1.jpg;GS_1057_2.jpg;GS_1057_3.jpg,singleton_passage,test
GS_burst_0067,GS_Gansu,1,GS_1058,8,{'3.5': 8},3.5,GS_1058_1.jpg;GS_1058_2.jpg;GS_1058_3.jpg,singleton_passage,train
GS_burst_0068,GS_Gansu,1,GS_1059,11,{'3.25': 11},3.25,GS_1059_1.jpg;GS_1059_10.jpg;GS_1059_11.jpg,singleton_passage,test
GS_burst_0069,GS_Gansu,1,GS_106,4,{'3.75': 4},3.75,GS_106_1.jpg;GS_106_2.jpg;GS_106_3.jpg,singleton_passage,test
GS_burst_0070,GS_Gansu,1,GS_1060,7,{'3.25': 7},3.25,GS_1060_1.jpg;GS_1060_2.jpg;GS_1060_3.jpg,singleton_passage,train
GS_burst_0071,GS_Gansu,1,GS_1061,8,{'4.0': 8},4.0,GS_1061_1.jpg;GS_1061_2.jpg;GS_1061_3.jpg,singleton_passage,train
GS_burst_0072,GS_Gansu,1,GS_1062,9,{'4.0': 9},4.0,GS_1062_1.jpg;GS_1062_2.jpg;GS_1062_3.jpg,singleton_passage,train
GS_burst_0073,GS_Gansu,1,GS_1063,8,{'4.25': 8},4.25,GS_1063_1.jpg;GS_1063_2.jpg;GS_1063_3.jpg,singleton_passage,train
GS_burst_0074,GS_Gansu,1,GS_1064,1,{'4.25': 1},4.25,GS_1064_1.jpg,singleton_passage,train
GS_burst_0075,GS_Gansu,1,GS_1065,8,{'4.0': 8},4.0,GS_1065_1.jpg;GS_1065_2.jpg;GS_1065_3.jpg,singleton_passage,train
GS_burst_0076,GS_Gansu,1,GS_1066,8,{'3.5': 8},3.5,GS_1066_1.jpg;GS_1066_2.jpg;GS_1066_3.jpg,singleton_passage,train
GS_burst_0077,GS_Gansu,1,GS_1067,9,{'3.25': 9},3.25,GS_1067_1.jpg;GS_1067_2.jpg;GS_1067_3.jpg,singleton_passage,train
GS_burst_0078,GS_Gansu,1,GS_1068,12,{'3.5': 12},3.5,GS_1068_1.jpg;GS_1068_10.jpg;GS_1068_11.jpg,singleton_passage,train
GS_burst_0079,GS_Gansu,1,GS_1069,8,{'3.75': 8},3.75,GS_1069_1.jpg;GS_1069_2.jpg;GS_1069_3.jpg,singleton_passage,test
GS_burst_0080,GS_Gansu,1,GS_107,4,{'3.75': 4},3.75,GS_107_1.jpg;GS_107_2.jpg;GS_107_3.jpg,singleton_passage,train
GS_burst_0081,GS_Gansu,1,GS_1070,8,{'3.5': 8},3.5,GS_1070_1.jpg;GS_1070_2.jpg;GS_1070_3.jpg,singleton_passage,test
GS_burst_0082,GS_Gansu,1,GS_1071,13,{'4.0': 13},4.0,GS_1071_1.jpg;GS_1071_10.jpg;GS_1071_11.jpg,singleton_passage,train
GS_burst_0083,GS_Gansu,1,GS_1072,10,{'3.75': 10},3.75,GS_1072_1.jpg;GS_1072_10.jpg;GS_1072_2.jpg,singleton_passage,train
GS_burst_0084,GS_Gansu,1,GS_1073,8,{'3.75': 8},3.75,GS_1073_1.jpg;GS_1073_2.jpg;GS_1073_3.jpg,singleton_passage,train
GS_burst_0085,GS_Gansu,1,GS_1074,9,{'3.75': 9},3.75,GS_1074_1.jpg;GS_1074_2.jpg;GS_1074_3.jpg,singleton_passage,train
GS_burst_0086,GS_Gansu,1,GS_1075,7,{'3.5': 7},3.5,GS_1075_1.jpg;GS_1075_2.jpg;GS_1075_3.jpg,singleton_passage,train
GS_burst_0087,GS_Gansu,1,GS_1076,9,{'3.75': 9},3.75,GS_1076_1.jpg;GS_1076_2.jpg;GS_1076_3.jpg,singleton_passage,test
GS_burst_0088,GS_Gansu,1,GS_1077,9,{'3.75': 9},3.75,GS_1077_1.jpg;GS_1077_2.jpg;GS_1077_3.jpg,singleton_passage,train
GS_burst_0089,GS_Gansu,1,GS_1078,11,{'4.0': 11},4.0,GS_1078_1.jpg;GS_1078_10.jpg;GS_1078_11.jpg,singleton_passage,train
GS_burst_0090,GS_Gansu,1,GS_1079,8,{'4.25': 8},4.25,GS_1079_1.jpg;GS_1079_2.jpg;GS_1079_3.jpg,singleton_passage,train
GS_burst_0091,GS_Gansu,1,GS_108,12,{'3.75': 12},3.75,GS_108_1.jpg;GS_108_10.jpg;GS_108_11.jpg,singleton_passage,train
GS_burst_0092,GS_Gansu,1,GS_1080,10,{'3.25': 10},3.25,GS_1080_1.jpg;GS_1080_10.jpg;GS_1080_2.jpg,singleton_passage,train
GS_burst_0093,GS_Gansu,1,GS_1081,6,{'4.0': 6},4.0,GS_1081_1.jpg;GS_1081_2.jpg;GS_1081_3.jpg,singleton_passage,train
GS_burst_0094,GS_Gansu,1,GS_1082,8,{'3.75': 8},3.75,GS_1082_1.jpg;GS_1082_2.jpg;GS_1082_3.jpg,singleton_passage,train
GS_burst_0095,GS_Gansu,1,GS_1083,11,{'3.75': 11},3.75,GS_1083_1.jpg;GS_1083_10.jpg;GS_1083_11.jpg,singleton_passage,test
GS_burst_0096,GS_Gansu,1,GS_1084,11,{'3.75': 11},3.75,GS_1084_1.jpg;GS_1084_10.jpg;GS_1084_11.jpg,singleton_passage,test
GS_burst_0097,GS_Gansu,1,GS_1085,5,{'3.5': 5},3.5,GS_1085_1.jpg;GS_1085_2.jpg;GS_1085_3.jpg,singleton_passage,val
GS_burst_0098,GS_Gansu,1,GS_1086,4,{'3.25': 4},3.25,GS_1086_1.jpg;GS_1086_2.jpg;GS_1086_3.jpg,singleton_passage,train
GS_burst_0099,GS_Gansu,1,GS_1087,8,{'3.25': 8},3.25,GS_1087_1.jpg;GS_1087_2.jpg;GS_1087_3.jpg,singleton_passage,train
GS_burst_0100,GS_Gansu,1,GS_1088,8,{'3.5': 8},3.5,GS_1088_1.jpg;GS_1088_2.jpg;GS_1088_3.jpg,singleton_passage,train
GS_burst_0101,GS_Gansu,1,GS_1089,8,{'3.5': 8},3.5,GS_1089_1.jpg;GS_1089_2.jpg;GS_1089_3.jpg,singleton_passage,val
GS_burst_0102,GS_Gansu,1,GS_109,8,{'4.0': 8},4.0,GS_109_1.jpg;GS_109_2.jpg;GS_109_3.jpg,singleton_passage,train
GS_burst_0103,GS_Gansu,1,GS_1090,8,{'3.75': 8},3.75,GS_1090_1.jpg;GS_1090_2.jpg;GS_1090_3.jpg,singleton_passage,train
GS_burst_0104,GS_Gansu,1,GS_1091,8,{'4.25': 8},4.25,GS_1091_1.jpg;GS_1091_2.jpg;GS_1091_3.jpg,singleton_passage,val
GS_burst_0105,GS_Gansu,1,GS_1092,10,{'4.0': 10},4.0,GS_1092_1.jpg;GS_1092_10.jpg;GS_1092_2.jpg,singleton_passage,val
GS_burst_0106,GS_Gansu,1,GS_1093,8,{'4.0': 8},4.0,GS_1093_1.jpg;GS_1093_2.jpg;GS_1093_3.jpg,singleton_passage,train
GS_burst_0107,GS_Gansu,1,GS_1094,8,{'3.5': 8},3.5,GS_1094_1.jpg;GS_1094_2.jpg;GS_1094_3.jpg,singleton_passage,train
GS_burst_0108,GS_Gansu,1,GS_1095,8,{'4.0': 8},4.0,GS_1095_1.jpg;GS_1095_2.jpg;GS_1095_3.jpg,singleton_passage,val
GS_burst_0109,GS_Gansu,1,GS_1096,12,{'3.75': 12},3.75,GS_1096_1.jpg;GS_1096_10.jpg;GS_1096_11.jpg,singleton_passage,train
GS_burst_0110,GS_Gansu,1,GS_1097,8,{'3.25': 8},3.25,GS_1097_1.jpg;GS_1097_2.jpg;GS_1097_3.jpg,singleton_passage,test
GS_burst_0111,GS_Gansu,1,GS_1098,12,{'3.5': 12},3.5,GS_1098_1.jpg;GS_1098_10.jpg;GS_1098_11.jpg,singleton_passage,val
GS_burst_0112,GS_Gansu,1,GS_1099,8,{'3.75': 8},3.75,GS_1099_1.jpg;GS_1099_2.jpg;GS_1099_3.jpg,singleton_passage,val
GS_burst_0113,GS_Gansu,1,GS_11,6,{'4.0': 6},4.0,GS_11_1.jpg;GS_11_2.jpg;GS_11_3.jpg,singleton_passage,train
GS_burst_0114,GS_Gansu,1,GS_110,11,{'4.25': 11},4.25,GS_110_1.jpg;GS_110_10.jpg;GS_110_11.jpg,singleton_passage,train
GS_burst_0115,GS_Gansu,1,GS_1100,8,{'3.5': 8},3.5,GS_1100_1.jpg;GS_1100_2.jpg;GS_1100_3.jpg,singleton_passage,train
GS_burst_0116,GS_Gansu,1,GS_1101,8,{'3.5': 8},3.5,GS_1101_1.jpg;GS_1101_2.jpg;GS_1101_3.jpg,singleton_passage,train
GS_burst_0117,GS_Gansu,1,GS_1102,8,{'3.75': 8},3.75,GS_1102_1.jpg;GS_1102_2.jpg;GS_1102_3.jpg,singleton_passage,train
GS_burst_0118,GS_Gansu,1,GS_1103,8,{'4.0': 8},4.0,GS_1103_1.jpg;GS_1103_2.jpg;GS_1103_3.jpg,singleton_passage,train
GS_burst_0119,GS_Gansu,1,GS_1104,8,{'3.5': 8},3.5,GS_1104_1.jpg;GS_1104_2.jpg;GS_1104_3.jpg,singleton_passage,train
GS_burst_0120,GS_Gansu,1,GS_1105,8,{'3.5': 8},3.5,GS_1105_1.jpg;GS_1105_2.jpg;GS_1105_3.jpg,singleton_passage,train
GS_burst_0121,GS_Gansu,1,GS_1106,8,{'3.25': 8},3.25,GS_1106_1.jpg;GS_1106_2.jpg;GS_1106_3.jpg,singleton_passage,val
GS_burst_0122,GS_Gansu,1,GS_1107,12,{'3.25': 12},3.25,GS_1107_1.jpg;GS_1107_10.jpg;GS_1107_11.jpg,singleton_passage,val
GS_burst_0123,GS_Gansu,1,GS_1108,6,{'3.5': 6},3.5,GS_1108_1.jpg;GS_1108_2.jpg;GS_1108_3.jpg,singleton_passage,train
GS_burst_0124,GS_Gansu,1,GS_1109,8,{'3.75': 8},3.75,GS_1109_1.jpg;GS_1109_2.jpg;GS_1109_3.jpg,singleton_passage,val
GS_burst_0125,GS_Gansu,1,GS_111,8,{'4.0': 8},4.0,GS_111_1.jpg;GS_111_2.jpg;GS_111_3.jpg,singleton_passage,train
GS_burst_0126,GS_Gansu,1,GS_1110,8,{'3.25': 8},3.25,GS_1110_1.jpg;GS_1110_2.jpg;GS_1110_3.jpg,singleton_passage,train
GS_burst_0127,GS_Gansu,1,GS_1111,8,{'4.0': 8},4.0,GS_1111_1.jpg;GS_1111_2.jpg;GS_1111_3.jpg,singleton_passage,test
GS_burst_0128,GS_Gansu,1,GS_1112,8,{'3.25': 8},3.25,GS_1112_1.jpg;GS_1112_2.jpg;GS_1112_3.jpg,singleton_passage,train
GS_burst_0129,GS_Gansu,1,GS_1113,8,{'3.5': 8},3.5,GS_1113_1.jpg;GS_1113_2.jpg;GS_1113_3.jpg,singleton_passage,train
GS_burst_0130,GS_Gansu,1,GS_1114,8,{'3.5': 8},3.5,GS_1114_1.jpg;GS_1114_2.jpg;GS_1114_3.jpg,singleton_passage,train
GS_burst_0131,GS_Gansu,1,GS_1115,10,{'4.0': 10},4.0,GS_1115_1.jpg;GS_1115_10.jpg;GS_1115_2.jpg,singleton_passage,train
GS_burst_0132,GS_Gansu,1,GS_1116,8,{'3.5': 8},3.5,GS_1116_1.jpg;GS_1116_2.jpg;GS_1116_3.jpg,singleton_passage,test
GS_burst_0133,GS_Gansu,1,GS_1117,8,{'3.5': 8},3.5,GS_1117_1.jpg;GS_1117_2.jpg;GS_1117_3.jpg,singleton_passage,train
GS_burst_0134,GS_Gansu,1,GS_1118,8,{'3.5': 8},3.5,GS_1118_1.jpg;GS_1118_2.jpg;GS_1118_3.jpg,singleton_passage,val
GS_burst_0135,GS_Gansu,1,GS_1119,8,{'4.25': 8},4.25,GS_1119_1.jpg;GS_1119_2.jpg;GS_1119_3.jpg,singleton_passage,test
GS_burst_0136,GS_Gansu,1,GS_112,10,{'3.75': 10},3.75,GS_112_1.jpg;GS_112_10.jpg;GS_112_2.jpg,singleton_passage,train
GS_burst_0137,GS_Gansu,1,GS_1120,8,{'3.25': 8},3.25,GS_1120_1.jpg;GS_1120_2.jpg;GS_1120_3.jpg,singleton_passage,train
GS_burst_0138,GS_Gansu,1,GS_1121,8,{'3.25': 8},3.25,GS_1121_1.jpg;GS_1121_2.jpg;GS_1121_3.jpg,singleton_passage,val
GS_burst_0139,GS_Gansu,1,GS_1122,5,{'3.25': 5},3.25,GS_1122_1.jpg;GS_1122_2.jpg;GS_1122_3.jpg,singleton_passage,train
GS_burst_0140,GS_Gansu,1,GS_1123,9,{'3.5': 9},3.5,GS_1123_1.jpg;GS_1123_2.jpg;GS_1123_3.jpg,singleton_passage,train
GS_burst_0141,GS_Gansu,1,GS_1124,8,{'4.0': 8},4.0,GS_1124_1.jpg;GS_1124_2.jpg;GS_1124_3.jpg,singleton_passage,train
GS_burst_0142,GS_Gansu,1,GS_1125,8,{'3.25': 8},3.25,GS_1125_1.jpg;GS_1125_2.jpg;GS_1125_3.jpg,singleton_passage,train
GS_burst_0143,GS_Gansu,1,GS_1126,7,{'3.25': 7},3.25,GS_1126_1.jpg;GS_1126_2.jpg;GS_1126_3.jpg,singleton_passage,train
GS_burst_0144,GS_Gansu,1,GS_1127,8,{'3.5': 8},3.5,GS_1127_1.jpg;GS_1127_2.jpg;GS_1127_3.jpg,singleton_passage,train
GS_burst_0145,GS_Gansu,1,GS_1128,8,{'3.5': 8},3.5,GS_1128_1.jpg;GS_1128_2.jpg;GS_1128_3.jpg,singleton_passage,train
GS_burst_0146,GS_Gansu,1,GS_1129,8,{'3.5': 8},3.5,GS_1129_1.jpg;GS_1129_2.jpg;GS_1129_3.jpg,singleton_passage,test
GS_burst_0147,GS_Gansu,1,GS_113,8,{'3.75': 8},3.75,GS_113_1.jpg;GS_113_2.jpg;GS_113_3.jpg,singleton_passage,test
GS_burst_0148,GS_Gansu,1,GS_1130,8,{'3.5': 8},3.5,GS_1130_1.jpg;GS_1130_2.jpg;GS_1130_3.jpg,singleton_passage,train
GS_burst_0149,GS_Gansu,1,GS_1131,8,{'3.5': 8},3.5,GS_1131_1.jpg;GS_1131_2.jpg;GS_1131_3.jpg,singleton_passage,test
GS_burst_0150,GS_Gansu,1,GS_1132,6,{'3.5': 6},3.5,GS_1132_1.jpg;GS_1132_2.jpg;GS_1132_3.jpg,singleton_passage,train
GS_burst_0151,GS_Gansu,1,GS_1133,8,{'3.5': 8},3.5,GS_1133_1.jpg;GS_1133_2.jpg;GS_1133_3.jpg,singleton_passage,train
GS_burst_0152,GS_Gansu,1,GS_1134,11,{'3.25': 11},3.25,GS_1134_1.jpg;GS_1134_10.jpg;GS_1134_11.jpg,singleton_passage,train
GS_burst_0153,GS_Gansu,1,GS_1135,8,{'3.75': 8},3.75,GS_1135_1.jpg;GS_1135_2.jpg;GS_1135_3.jpg,singleton_passage,train
GS_burst_0154,GS_Gansu,1,GS_1136,8,{'3.5': 8},3.5,GS_1136_1.jpg;GS_1136_2.jpg;GS_1136_3.jpg,singleton_passage,train
GS_burst_0155,GS_Gansu,1,GS_1137,7,{'3.25': 7},3.25,GS_1137_1.jpg;GS_1137_2.jpg;GS_1137_3.jpg,singleton_passage,val
GS_burst_0156,GS_Gansu,1,GS_1138,7,{'3.75': 7},3.75,GS_1138_1.jpg;GS_1138_2.jpg;GS_1138_3.jpg,singleton_passage,train
GS_burst_0157,GS_Gansu,1,GS_1139,8,{'3.25': 8},3.25,GS_1139_1.jpg;GS_1139_2.jpg;GS_1139_3.jpg,singleton_passage,train
GS_burst_0158,GS_Gansu,1,GS_114,8,{'3.75': 8},3.75,GS_114_1.jpg;GS_114_2.jpg;GS_114_3.jpg,singleton_passage,train
GS_burst_0159,GS_Gansu,1,GS_1140,8,{'3.25': 8},3.25,GS_1140_1.jpg;GS_1140_2.jpg;GS_1140_3.jpg,singleton_passage,test
GS_burst_0160,GS_Gansu,1,GS_1141,6,{'3.25': 6},3.25,GS_1141_1.jpg;GS_1141_2.jpg;GS_1141_3.jpg,singleton_passage,val
GS_burst_0161,GS_Gansu,1,GS_1142,8,{'3.25': 8},3.25,GS_1142_1.jpg;GS_1142_2.jpg;GS_1142_3.jpg,singleton_passage,train
GS_burst_0162,GS_Gansu,1,GS_1143,7,{'3.5': 7},3.5,GS_1143_1.jpg;GS_1143_2.jpg;GS_1143_3.jpg,singleton_passage,test
GS_burst_0163,GS_Gansu,1,GS_1144,4,{'3.25': 4},3.25,GS_1144_1.jpg;GS_1144_2.jpg;GS_1144_3.jpg,singleton_passage,train
GS_burst_0164,GS_Gansu,1,GS_1145,8,{'3.25': 8},3.25,GS_1145_1.jpg;GS_1145_2.jpg;GS_1145_3.jpg,singleton_passage,train
GS_burst_0165,GS_Gansu,1,GS_1146,12,{'3.5': 12},3.5,GS_1146_1.jpg;GS_1146_10.jpg;GS_1146_11.jpg,singleton_passage,train
GS_burst_0166,GS_Gansu,1,GS_1147,9,{'3.5': 9},3.5,GS_1147_1.jpg;GS_1147_2.jpg;GS_1147_3.jpg,singleton_passage,val
GS_burst_0167,GS_Gansu,1,GS_1148,10,{'3.25': 10},3.25,GS_1148_1.jpg;GS_1148_10.jpg;GS_1148_2.jpg,singleton_passage,test
GS_burst_0168,GS_Gansu,1,GS_1149,8,{'3.5': 8},3.5,GS_1149_1.jpg;GS_1149_2.jpg;GS_1149_3.jpg,singleton_passage,train
GS_burst_0169,GS_Gansu,1,GS_115,9,{'4.25': 9},4.25,GS_115_1.jpg;GS_115_2.jpg;GS_115_3.jpg,singleton_passage,train
GS_burst_0170,GS_Gansu,1,GS_1150,8,{'3.25': 8},3.25,GS_1150_1.jpg;GS_1150_2.jpg;GS_1150_3.jpg,singleton_passage,train
GS_burst_0171,GS_Gansu,1,GS_1151,8,{'3.25': 8},3.25,GS_1151_1.jpg;GS_1151_2.jpg;GS_1151_3.jpg,singleton_passage,train
GS_burst_0172,GS_Gansu,1,GS_1152,8,{'3.25': 8},3.25,GS_1152_1.jpg;GS_1152_2.jpg;GS_1152_3.jpg,singleton_passage,train
GS_burst_0173,GS_Gansu,1,GS_1153,7,{'3.75': 7},3.75,GS_1153_1.jpg;GS_1153_2.jpg;GS_1153_3.jpg,singleton_passage,train
GS_burst_0174,GS_Gansu,1,GS_1154,8,{'3.5': 8},3.5,GS_1154_1.jpg;GS_1154_2.jpg;GS_1154_3.jpg,singleton_passage,train
GS_burst_0175,GS_Gansu,1,GS_1155,8,{'3.75': 8},3.75,GS_1155_1.jpg;GS_1155_2.jpg;GS_1155_3.jpg,singleton_passage,test
GS_burst_0176,GS_Gansu,1,GS_1156,11,{'3.25': 11},3.25,GS_1156_1.jpg;GS_1156_10.jpg;GS_1156_11.jpg,singleton_passage,test
GS_burst_0177,GS_Gansu,1,GS_1157,14,{'3.5': 14},3.5,GS_1157_1.jpg;GS_1157_10.jpg;GS_1157_11.jpg,singleton_passage,train
GS_burst_0178,GS_Gansu,1,GS_1158,9,{'4.0': 9},4.0,GS_1158_1.jpg;GS_1158_2.jpg;GS_1158_3.jpg,singleton_passage,train
GS_burst_0179,GS_Gansu,1,GS_1159,8,{'3.75': 8},3.75,GS_1159_1.jpg;GS_1159_2.jpg;GS_1159_3.jpg,singleton_passage,train
GS_burst_0180,GS_Gansu,1,GS_116,5,{'4.0': 5},4.0,GS_116_1.jpg;GS_116_2.jpg;GS_116_3.jpg,singleton_passage,val
GS_burst_0181,GS_Gansu,1,GS_1160,10,{'3.25': 10},3.25,GS_1160_1.jpg;GS_1160_10.jpg;GS_1160_2.jpg,singleton_passage,train
GS_burst_0182,GS_Gansu,1,GS_1161,8,{'3.5': 8},3.5,GS_1161_1.jpg;GS_1161_2.jpg;GS_1161_3.jpg,singleton_passage,train
GS_burst_0183,GS_Gansu,1,GS_1162,8,{'3.5': 8},3.5,GS_1162_1.jpg;GS_1162_2.jpg;GS_1162_3.jpg,singleton_passage,train
GS_burst_0184,GS_Gansu,1,GS_1163,9,{'3.25': 9},3.25,GS_1163_1.jpg;GS_1163_2.jpg;GS_1163_3.jpg,singleton_passage,val
GS_burst_0185,GS_Gansu,1,GS_1164,6,{'3.25': 6},3.25,GS_1164_1.jpg;GS_1164_2.jpg;GS_1164_3.jpg,singleton_passage,test
GS_burst_0186,GS_Gansu,1,GS_1165,8,{'3.25': 8},3.25,GS_1165_1.jpg;GS_1165_2.jpg;GS_1165_3.jpg,singleton_passage,train
GS_burst_0187,GS_Gansu,1,GS_1166,11,{'3.25': 11},3.25,GS_1166_1.jpg;GS_1166_10.jpg;GS_1166_11.jpg,singleton_passage,test
GS_burst_0188,GS_Gansu,1,GS_1167,8,{'3.25': 8},3.25,GS_1167_1.jpg;GS_1167_2.jpg;GS_1167_3.jpg,singleton_passage,train
GS_burst_0189,GS_Gansu,1,GS_1168,9,{'3.25': 9},3.25,GS_1168_1.jpg;GS_1168_2.jpg;GS_1168_3.jpg,singleton_passage,val
GS_burst_0190,GS_Gansu,1,GS_1169,8,{'3.25': 8},3.25,GS_1169_1.jpg;GS_1169_2.jpg;GS_1169_3.jpg,singleton_passage,test
GS_burst_0191,GS_Gansu,1,GS_117,14,{'3.75': 14},3.75,GS_117_1.jpg;GS_117_10.jpg;GS_117_11.jpg,singleton_passage,train
GS_burst_0192,GS_Gansu,1,GS_1170,8,{'3.75': 8},3.75,GS_1170_1.jpg;GS_1170_2.jpg;GS_1170_3.jpg,singleton_passage,train
GS_burst_0193,GS_Gansu,1,GS_1171,8,{'3.75': 8},3.75,GS_1171_1.jpg;GS_1171_2.jpg;GS_1171_3.jpg,singleton_passage,train
GS_burst_0194,GS_Gansu,1,GS_1172,8,{'3.75': 8},3.75,GS_1172_1.jpg;GS_1172_2.jpg;GS_1172_3.jpg,singleton_passage,train
GS_burst_0195,GS_Gansu,1,GS_1173,9,{'4.0': 9},4.0,GS_1173_1.jpg;GS_1173_2.jpg;GS_1173_3.jpg,singleton_passage,train
GS_burst_0196,GS_Gansu,1,GS_1174,9,{'3.5': 9},3.5,GS_1174_1.jpg;GS_1174_2.jpg;GS_1174_3.jpg,singleton_passage,train
GS_burst_0197,GS_Gansu,1,GS_1175,5,{'3.25': 5},3.25,GS_1175_1.jpg;GS_1175_2.jpg;GS_1175_3.jpg,singleton_passage,train
GS_burst_0198,GS_Gansu,1,GS_1176,5,{'3.25': 5},3.25,GS_1176_1.jpg;GS_1176_2.jpg;GS_1176_3.jpg,singleton_passage,train
GS_burst_0199,GS_Gansu,1,GS_1177,9,{'3.25': 9},3.25,GS_1177_1.jpg;GS_1177_2.jpg;GS_1177_3.jpg,singleton_passage,train
GS_burst_0200,GS_Gansu,1,GS_1178,8,{'3.5': 8},3.5,GS_1178_1.jpg;GS_1178_2.jpg;GS_1178_3.jpg,singleton_passage,train
GS_burst_0201,GS_Gansu,1,GS_1179,5,{'3.5': 5},3.5,GS_1179_1.jpg;GS_1179_2.jpg;GS_1179_3.jpg,singleton_passage,train
GS_burst_0202,GS_Gansu,1,GS_118,4,{'3.75': 4},3.75,GS_118_1.jpg;GS_118_2.jpg;GS_118_3.jpg,singleton_passage,val
GS_burst_0203,GS_Gansu,1,GS_1180,8,{'3.25': 8},3.25,GS_1180_1.jpg;GS_1180_2.jpg;GS_1180_3.jpg,singleton_passage,val
GS_burst_0204,GS_Gansu,1,GS_1181,8,{'3.75': 8},3.75,GS_1181_1.jpg;GS_1181_2.jpg;GS_1181_3.jpg,singleton_passage,train
GS_burst_0205,GS_Gansu,1,GS_1182,8,{'3.5': 8},3.5,GS_1182_1.jpg;GS_1182_2.jpg;GS_1182_3.jpg,singleton_passage,train
GS_burst_0206,GS_Gansu,1,GS_1183,8,{'3.5': 8},3.5,GS_1183_1.jpg;GS_1183_2.jpg;GS_1183_3.jpg,singleton_passage,val
GS_burst_0207,GS_Gansu,1,GS_1184,8,{'3.25': 8},3.25,GS_1184_1.jpg;GS_1184_2.jpg;GS_1184_3.jpg,singleton_passage,test
GS_burst_0208,GS_Gansu,1,GS_1185,8,{'3.25': 8},3.25,GS_1185_1.jpg;GS_1185_2.jpg;GS_1185_3.jpg,singleton_passage,train
GS_burst_0209,GS_Gansu,1,GS_1186,11,{'3.25': 11},3.25,GS_1186_1.jpg;GS_1186_10.jpg;GS_1186_11.jpg,singleton_passage,train
GS_burst_0210,GS_Gansu,1,GS_1187,8,{'3.25': 8},3.25,GS_1187_1.jpg;GS_1187_2.jpg;GS_1187_3.jpg,singleton_passage,train
GS_burst_0211,GS_Gansu,1,GS_1188,8,{'3.5': 8},3.5,GS_1188_1.jpg;GS_1188_2.jpg;GS_1188_3.jpg,singleton_passage,train
GS_burst_0212,GS_Gansu,1,GS_1189,8,{'3.5': 8},3.5,GS_1189_1.jpg;GS_1189_2.jpg;GS_1189_3.jpg,singleton_passage,val
GS_burst_0213,GS_Gansu,1,GS_119,15,{'3.75': 15},3.75,GS_119_1.jpg;GS_119_10.jpg;GS_119_11.jpg,singleton_passage,test
GS_burst_0214,GS_Gansu,1,GS_1190,8,{'3.25': 8},3.25,GS_1190_1.jpg;GS_1190_2.jpg;GS_1190_3.jpg,singleton_passage,train
GS_burst_0215,GS_Gansu,1,GS_1191,8,{'3.25': 8},3.25,GS_1191_1.jpg;GS_1191_2.jpg;GS_1191_3.jpg,singleton_passage,train
GS_burst_0216,GS_Gansu,1,GS_1192,8,{'3.25': 8},3.25,GS_1192_1.jpg;GS_1192_2.jpg;GS_1192_3.jpg,singleton_passage,test
GS_burst_0217,GS_Gansu,1,GS_1193,8,{'3.25': 8},3.25,GS_1193_1.jpg;GS_1193_2.jpg;GS_1193_3.jpg,singleton_passage,train
GS_burst_0218,GS_Gansu,1,GS_1194,8,{'3.5': 8},3.5,GS_1194_1.jpg;GS_1194_2.jpg;GS_1194_3.jpg,singleton_passage,train
GS_burst_0219,GS_Gansu,1,GS_1195,8,{'3.25': 8},3.25,GS_1195_1.jpg;GS_1195_2.jpg;GS_1195_3.jpg,singleton_passage,train
GS_burst_0220,GS_Gansu,1,GS_1196,6,{'3.5': 6},3.5,GS_1196_1.jpg;GS_1196_2.jpg;GS_1196_3.jpg,singleton_passage,train
GS_burst_0221,GS_Gansu,1,GS_1197,13,{'3.5': 13},3.5,GS_1197_1.jpg;GS_1197_10.jpg;GS_1197_11.jpg,singleton_passage,train
GS_burst_0222,GS_Gansu,1,GS_1198,8,{'3.25': 8},3.25,GS_1198_1.jpg;GS_1198_2.jpg;GS_1198_3.jpg,singleton_passage,train
GS_burst_0223,GS_Gansu,1,GS_1199,8,{'3.5': 8},3.5,GS_1199_1.jpg;GS_1199_2.jpg;GS_1199_3.jpg,singleton_passage,train
GS_burst_0224,GS_Gansu,1,GS_12,6,{'4.0': 6},4.0,GS_12_1.jpg;GS_12_2.jpg;GS_12_3.jpg,singleton_passage,test
GS_burst_0225,GS_Gansu,1,GS_120,8,{'4.0': 8},4.0,GS_120_1.jpg;GS_120_2.jpg;GS_120_3.jpg,singleton_passage,train
GS_burst_0226,GS_Gansu,1,GS_1200,10,{'3.5': 10},3.5,GS_1200_1.jpg;GS_1200_10.jpg;GS_1200_2.jpg,singleton_passage,val
GS_burst_0227,GS_Gansu,1,GS_1201,7,{'3.25': 7},3.25,GS_1201_1.jpg;GS_1201_2.jpg;GS_1201_3.jpg,singleton_passage,train
GS_burst_0228,GS_Gansu,1,GS_1202,9,{'3.5': 9},3.5,GS_1202_1.jpg;GS_1202_2.jpg;GS_1202_3.jpg,singleton_passage,test
GS_burst_0229,GS_Gansu,1,GS_1203,7,{'3.5': 7},3.5,GS_1203_1.jpg;GS_1203_2.jpg;GS_1203_3.jpg,singleton_passage,train
GS_burst_0230,GS_Gansu,1,GS_1204,15,{'3.25': 15},3.25,GS_1204_1.jpg;GS_1204_10.jpg;GS_1204_11.jpg,singleton_passage,train
GS_burst_0231,GS_Gansu,1,GS_1205,17,{'3.25': 17},3.25,GS_1205_1.jpg;GS_1205_10.jpg;GS_1205_11.jpg,singleton_passage,train
GS_burst_0232,GS_Gansu,1,GS_1206,8,{'3.25': 8},3.25,GS_1206_1.jpg;GS_1206_2.jpg;GS_1206_3.jpg,singleton_passage,val
GS_burst_0233,GS_Gansu,1,GS_1207,8,{'3.25': 8},3.25,GS_1207_1.jpg;GS_1207_2.jpg;GS_1207_3.jpg,singleton_passage,test
GS_burst_0234,GS_Gansu,1,GS_1208,7,{'3.25': 7},3.25,GS_1208_1.jpg;GS_1208_2.jpg;GS_1208_3.jpg,singleton_passage,train
GS_burst_0235,GS_Gansu,1,GS_1209,9,{'3.25': 9},3.25,GS_1209_1.jpg;GS_1209_2.jpg;GS_1209_3.jpg,singleton_passage,val
GS_burst_0236,GS_Gansu,1,GS_121,8,{'3.75': 8},3.75,GS_121_1.jpg;GS_121_2.jpg;GS_121_3.jpg,singleton_passage,train
GS_burst_0237,GS_Gansu,1,GS_1210,4,{'3.25': 4},3.25,GS_1210_1.jpg;GS_1210_2.jpg;GS_1210_3.jpg,singleton_passage,train
GS_burst_0238,GS_Gansu,1,GS_1211,6,"{'3.25': 4, '3.5': 2}",3.25,GS_1211_3.jpg;GS_1211_4.jpg;GS_1211_5.jpg,singleton_passage,train
GS_burst_0239,GS_Gansu,1,GS_1212,9,{'4.0': 9},4.0,GS_1212_1.jpg;GS_1212_2.jpg;GS_1212_3.jpg,singleton_passage,test
GS_burst_0240,GS_Gansu,1,GS_1213,11,{'3.5': 11},3.5,GS_1213_1.jpg;GS_1213_10.jpg;GS_1213_11.jpg,singleton_passage,train
GS_burst_0241,GS_Gansu,1,GS_1214,9,{'4.0': 9},4.0,GS_1214_1.jpg;GS_1214_2.jpg;GS_1214_3.jpg,singleton_passage,val
GS_burst_0242,GS_Gansu,1,GS_1215,11,{'3.5': 11},3.5,GS_1215_1.jpg;GS_1215_10.jpg;GS_1215_11.jpg,singleton_passage,test
GS_burst_0243,GS_Gansu,1,GS_1216,9,{'3.75': 9},3.75,GS_1216_1.jpg;GS_1216_2.jpg;GS_1216_3.jpg,singleton_passage,train
GS_burst_0244,GS_Gansu,1,GS_1217,7,{'3.5': 7},3.5,GS_1217_1.jpg;GS_1217_2.jpg;GS_1217_3.jpg,singleton_passage,train
GS_burst_0245,GS_Gansu,1,GS_1218,8,{'3.25': 8},3.25,GS_1218_1.jpg;GS_1218_2.jpg;GS_1218_3.jpg,singleton_passage,train
GS_burst_0246,GS_Gansu,1,GS_1219,8,{'4.0': 8},4.0,GS_1219_1.jpg;GS_1219_2.jpg;GS_1219_3.jpg,singleton_passage,train
GS_burst_0247,GS_Gansu,1,GS_122,10,{'3.75': 10},3.75,GS_122_1.jpg;GS_122_10.jpg;GS_122_2.jpg,singleton_passage,train
GS_burst_0248,GS_Gansu,1,GS_1220,8,{'3.25': 8},3.25,GS_1220_1.jpg;GS_1220_2.jpg;GS_1220_3.jpg,singleton_passage,train
GS_burst_0249,GS_Gansu,1,GS_1221,11,{'3.25': 11},3.25,GS_1221_1.jpg;GS_1221_10.jpg;GS_1221_11.jpg,singleton_passage,val
GS_burst_0250,GS_Gansu,1,GS_1222,6,{'3.5': 6},3.5,GS_1222_1.jpg;GS_1222_2.jpg;GS_1222_3.jpg,singleton_passage,train
GS_burst_0251,GS_Gansu,1,GS_1223,8,{'3.5': 8},3.5,GS_1223_1.jpg;GS_1223_2.jpg;GS_1223_3.jpg,singleton_passage,train
GS_burst_0252,GS_Gansu,1,GS_1224,8,{'3.25': 8},3.25,GS_1224_1.jpg;GS_1224_2.jpg;GS_1224_3.jpg,singleton_passage,test
GS_burst_0253,GS_Gansu,1,GS_1225,10,{'3.5': 10},3.5,GS_1225_1.jpg;GS_1225_10.jpg;GS_1225_2.jpg,singleton_passage,train
GS_burst_0254,GS_Gansu,1,GS_1226,8,{'3.25': 8},3.25,GS_1226_1.jpg;GS_1226_2.jpg;GS_1226_3.jpg,singleton_passage,train
GS_burst_0255,GS_Gansu,1,GS_1227,7,{'3.25': 7},3.25,GS_1227_1.jpg;GS_1227_2.jpg;GS_1227_3.jpg,singleton_passage,test
GS_burst_0256,GS_Gansu,1,GS_1228,9,{'3.25': 9},3.25,GS_1228_1.jpg;GS_1228_2.jpg;GS_1228_3.jpg,singleton_passage,train
GS_burst_0257,GS_Gansu,1,GS_1229,8,{'3.25': 8},3.25,GS_1229_1.jpg;GS_1229_2.jpg;GS_1229_3.jpg,singleton_passage,val
GS_burst_0258,GS_Gansu,1,GS_123,8,{'3.75': 8},3.75,GS_123_1.jpg;GS_123_2.jpg;GS_123_3.jpg,singleton_passage,train
GS_burst_0259,GS_Gansu,1,GS_1230,10,{'3.75': 10},3.75,GS_1230_1.jpg;GS_1230_10.jpg;GS_1230_2.jpg,singleton_passage,test
GS_burst_0260,GS_Gansu,1,GS_1231,8,{'3.5': 8},3.5,GS_1231_1.jpg;GS_1231_2.jpg;GS_1231_3.jpg,singleton_passage,val
GS_burst_0261,GS_Gansu,1,GS_1232,8,{'4.0': 8},4.0,GS_1232_1.jpg;GS_1232_2.jpg;GS_1232_3.jpg,singleton_passage,train
GS_burst_0262,GS_Gansu,1,GS_1233,9,{'3.25': 9},3.25,GS_1233_1.jpg;GS_1233_2.jpg;GS_1233_3.jpg,singleton_passage,train
GS_burst_0263,GS_Gansu,1,GS_1234,8,{'3.25': 8},3.25,GS_1234_1.jpg;GS_1234_2.jpg;GS_1234_3.jpg,singleton_passage,train
GS_burst_0264,GS_Gansu,1,GS_1235,12,{'3.25': 12},3.25,GS_1235_1.jpg;GS_1235_10.jpg;GS_1235_11.jpg,singleton_passage,train
GS_burst_0265,GS_Gansu,1,GS_1236,8,{'3.5': 8},3.5,GS_1236_1.jpg;GS_1236_2.jpg;GS_1236_3.jpg,singleton_passage,train
GS_burst_0266,GS_Gansu,1,GS_1237,8,{'3.5': 8},3.5,GS_1237_1.jpg;GS_1237_2.jpg;GS_1237_3.jpg,singleton_passage,train
GS_burst_0267,GS_Gansu,1,GS_1238,7,{'3.25': 7},3.25,GS_1238_1.jpg;GS_1238_2.jpg;GS_1238_3.jpg,singleton_passage,val
GS_burst_0268,GS_Gansu,1,GS_1239,8,{'3.25': 8},3.25,GS_1239_1.jpg;GS_1239_2.jpg;GS_1239_3.jpg,singleton_passage,train
GS_burst_0269,GS_Gansu,1,GS_124,8,{'3.75': 8},3.75,GS_124_1.jpg;GS_124_2.jpg;GS_124_3.jpg,singleton_passage,val
GS_burst_0270,GS_Gansu,1,GS_1240,7,{'4.0': 7},4.0,GS_1240_1.jpg;GS_1240_2.jpg;GS_1240_3.jpg,singleton_passage,train
GS_burst_0271,GS_Gansu,1,GS_1241,11,{'4.0': 11},4.0,GS_1241_1.jpg;GS_1241_10.jpg;GS_1241_11.jpg,singleton_passage,train
GS_burst_0272,GS_Gansu,1,GS_1242,8,{'3.75': 8},3.75,GS_1242_1.jpg;GS_1242_2.jpg;GS_1242_3.jpg,singleton_passage,test
GS_burst_0273,GS_Gansu,1,GS_1243,5,{'4.0': 5},4.0,GS_1243_1.jpg;GS_1243_2.jpg;GS_1243_3.jpg,singleton_passage,train
GS_burst_0274,GS_Gansu,1,GS_1244,14,{'4.0': 14},4.0,GS_1244_1.jpg;GS_1244_10.jpg;GS_1244_11.jpg,singleton_passage,train
GS_burst_0275,GS_Gansu,1,GS_1245,8,{'3.5': 8},3.5,GS_1245_1.jpg;GS_1245_2.jpg;GS_1245_3.jpg,singleton_passage,val
GS_burst_0276,GS_Gansu,1,GS_1246,7,{'3.5': 7},3.5,GS_1246_1.jpg;GS_1246_2.jpg;GS_1246_3.jpg,singleton_passage,val
GS_burst_0277,GS_Gansu,1,GS_1247,11,{'3.5': 11},3.5,GS_1247_1.jpg;GS_1247_10.jpg;GS_1247_11.jpg,singleton_passage,train
GS_burst_0278,GS_Gansu,1,GS_1248,3,{'4.0': 3},4.0,GS_1248_1.jpg;GS_1248_2.jpg;GS_1248_3.jpg,singleton_passage,val
GS_burst_0279,GS_Gansu,1,GS_1249,14,{'3.75': 14},3.75,GS_1249_1.jpg;GS_1249_10.jpg;GS_1249_11.jpg,singleton_passage,train
GS_burst_0280,GS_Gansu,1,GS_125,6,{'4.0': 6},4.0,GS_125_1.jpg;GS_125_2.jpg;GS_125_3.jpg,singleton_passage,train
GS_burst_0281,GS_Gansu,1,GS_1250,7,"{'4.0': 1, '4.25': 6}",4.25,GS_1250_1.jpg;GS_1250_2.jpg;GS_1250_3.jpg,singleton_passage,train
GS_burst_0282,GS_Gansu,1,GS_1251,12,{'3.75': 12},3.75,GS_1251_1.jpg;GS_1251_10.jpg;GS_1251_11.jpg,singleton_passage,train
GS_burst_0283,GS_Gansu,1,GS_1252,2,{'3.75': 2},3.75,GS_1252_1.jpg;GS_1252_2.jpg,singleton_passage,train
GS_burst_0284,GS_Gansu,1,GS_1253,11,{'3.5': 11},3.5,GS_1253_1.jpg;GS_1253_10.jpg;GS_1253_11.jpg,singleton_passage,val
GS_burst_0285,GS_Gansu,1,GS_1254,6,{'4.0': 6},4.0,GS_1254_1.jpg;GS_1254_2.jpg;GS_1254_3.jpg,singleton_passage,val
GS_burst_0286,GS_Gansu,1,GS_1255,8,{'4.0': 8},4.0,GS_1255_1.jpg;GS_1255_2.jpg;GS_1255_3.jpg,singleton_passage,test
GS_burst_0287,GS_Gansu,1,GS_1256,5,{'3.75': 5},3.75,GS_1256_1.jpg;GS_1256_2.jpg;GS_1256_3.jpg,singleton_passage,train
GS_burst_0288,GS_Gansu,1,GS_1257,9,{'3.75': 9},3.75,GS_1257_1.jpg;GS_1257_2.jpg;GS_1257_3.jpg,singleton_passage,train
GS_burst_0289,GS_Gansu,1,GS_1258,2,{'3.25': 2},3.25,GS_1258_1.jpg;GS_1258_2.jpg,singleton_passage,train
GS_burst_0290,GS_Gansu,1,GS_1259,3,{'3.75': 3},3.75,GS_1259_1.jpg;GS_1259_2.jpg;GS_1259_3.jpg,singleton_passage,train
GS_burst_0291,GS_Gansu,1,GS_126,12,{'4.0': 12},4.0,GS_126_1.jpg;GS_126_10.jpg;GS_126_11.jpg,singleton_passage,train
GS_burst_0292,GS_Gansu,1,GS_1260,12,{'4.0': 12},4.0,GS_1260_1.jpg;GS_1260_10.jpg;GS_1260_11.jpg,singleton_passage,train
GS_burst_0293,GS_Gansu,1,GS_1261,11,{'4.25': 11},4.25,GS_1261_1.jpg;GS_1261_10.jpg;GS_1261_11.jpg,singleton_passage,train
GS_burst_0294,GS_Gansu,1,GS_1262,6,{'3.75': 6},3.75,GS_1262_1.jpg;GS_1262_2.jpg;GS_1262_3.jpg,singleton_passage,train
GS_burst_0295,GS_Gansu,1,GS_1263,12,"{'3.25': 6, '3.5': 6}",3.25,GS_1263_2.jpg;GS_1263_3.jpg;GS_1263_4.jpg,singleton_passage,train
GS_burst_0296,GS_Gansu,1,GS_1264,11,{'3.75': 11},3.75,GS_1264_1.jpg;GS_1264_10.jpg;GS_1264_11.jpg,singleton_passage,val
GS_burst_0297,GS_Gansu,1,GS_1265,12,{'3.75': 12},3.75,GS_1265_1.jpg;GS_1265_10.jpg;GS_1265_11.jpg,singleton_passage,test
GS_burst_0298,GS_Gansu,1,GS_1266,3,{'4.0': 3},4.0,GS_1266_1.jpg;GS_1266_2.jpg;GS_1266_3.jpg,singleton_passage,train
GS_burst_0299,GS_Gansu,1,GS_1267,3,{'4.0': 3},4.0,GS_1267_1.jpg;GS_1267_2.jpg;GS_1267_3.jpg,singleton_passage,test
GS_burst_0300,GS_Gansu,1,GS_1268,8,{'3.5': 8},3.5,GS_1268_1.jpg;GS_1268_2.jpg;GS_1268_3.jpg,singleton_passage,test
GS_burst_0301,GS_Gansu,1,GS_1269,10,{'3.75': 10},3.75,GS_1269_1.jpg;GS_1269_10.jpg;GS_1269_2.jpg,singleton_passage,train
GS_burst_0302,GS_Gansu,1,GS_127,6,{'4.0': 6},4.0,GS_127_1.jpg;GS_127_2.jpg;GS_127_3.jpg,singleton_passage,train
GS_burst_0303,GS_Gansu,1,GS_1270,7,{'4.0': 7},4.0,GS_1270_1.jpg;GS_1270_2.jpg;GS_1270_3.jpg,singleton_passage,train
GS_burst_0304,GS_Gansu,1,GS_1271,13,{'3.75': 13},3.75,GS_1271_1.jpg;GS_1271_10.jpg;GS_1271_11.jpg,singleton_passage,test
GS_burst_0305,GS_Gansu,1,GS_1272,8,{'3.75': 8},3.75,GS_1272_1.jpg;GS_1272_2.jpg;GS_1272_3.jpg,singleton_passage,test
GS_burst_0306,GS_Gansu,1,GS_1273,10,{'3.75': 10},3.75,GS_1273_1.jpg;GS_1273_10.jpg;GS_1273_2.jpg,singleton_passage,train
GS_burst_0307,GS_Gansu,1,GS_1274,5,{'3.5': 5},3.5,GS_1274_1.jpg;GS_1274_2.jpg;GS_1274_3.jpg,singleton_passage,train
GS_burst_0308,GS_Gansu,1,GS_1275,5,{'3.75': 5},3.75,GS_1275_1.jpg;GS_1275_2.jpg;GS_1275_3.jpg,singleton_passage,val
GS_burst_0309,GS_Gansu,1,GS_1276,6,{'4.25': 6},4.25,GS_1276_1.jpg;GS_1276_2.jpg;GS_1276_3.jpg,singleton_passage,train
GS_burst_0310,GS_Gansu,1,GS_1277,6,{'4.0': 6},4.0,GS_1277_1.jpg;GS_1277_2.jpg;GS_1277_3.jpg,singleton_passage,test
GS_burst_0311,GS_Gansu,1,GS_1278,7,{'3.75': 7},3.75,GS_1278_1.jpg;GS_1278_2.jpg;GS_1278_3.jpg,singleton_passage,val
GS_burst_0312,GS_Gansu,1,GS_1279,27,{'3.5': 27},3.5,GS_1279_1.jpg;GS_1279_10.jpg;GS_1279_11.jpg,singleton_passage,train
GS_burst_0313,GS_Gansu,1,GS_128,16,{'3.75': 16},3.75,GS_128_1.jpg;GS_128_10.jpg;GS_128_11.jpg,singleton_passage,train
GS_burst_0314,GS_Gansu,1,GS_1280,8,{'3.25': 8},3.25,GS_1280_1.jpg;GS_1280_2.jpg;GS_1280_3.jpg,singleton_passage,train
GS_burst_0315,GS_Gansu,1,GS_1281,6,{'3.75': 6},3.75,GS_1281_1.jpg;GS_1281_2.jpg;GS_1281_3.jpg,singleton_passage,test
GS_burst_0316,GS_Gansu,1,GS_1282,24,{'3.5': 24},3.5,GS_1282_1.jpg;GS_1282_10.jpg;GS_1282_11.jpg,singleton_passage,train
GS_burst_0317,GS_Gansu,1,GS_1283,5,{'3.5': 5},3.5,GS_1283_1.jpg;GS_1283_2.jpg;GS_1283_3.jpg,singleton_passage,train
GS_burst_0318,GS_Gansu,1,GS_1284,11,{'4.0': 11},4.0,GS_1284_1.jpg;GS_1284_10.jpg;GS_1284_11.jpg,singleton_passage,train
GS_burst_0319,GS_Gansu,1,GS_1285,4,{'4.0': 4},4.0,GS_1285_1.jpg;GS_1285_2.jpg;GS_1285_3.jpg,singleton_passage,test
GS_burst_0320,GS_Gansu,1,GS_1286,5,{'4.0': 5},4.0,GS_1286_1.jpg;GS_1286_2.jpg;GS_1286_3.jpg,singleton_passage,val
GS_burst_0321,GS_Gansu,1,GS_1287,7,{'4.0': 7},4.0,GS_1287_1.jpg;GS_1287_2.jpg;GS_1287_3.jpg,singleton_passage,train
GS_burst_0322,GS_Gansu,1,GS_1288,6,{'4.0': 6},4.0,GS_1288_1.jpg;GS_1288_2.jpg;GS_1288_3.jpg,singleton_passage,train
GS_burst_0323,GS_Gansu,1,GS_1289,6,{'4.25': 6},4.25,GS_1289_1.jpg;GS_1289_2.jpg;GS_1289_3.jpg,singleton_passage,val
GS_burst_0324,GS_Gansu,1,GS_129,7,{'3.75': 7},3.75,GS_129_1.jpg;GS_129_2.jpg;GS_129_3.jpg,singleton_passage,val
GS_burst_0325,GS_Gansu,1,GS_1290,15,{'4.25': 15},4.25,GS_1290_1.jpg;GS_1290_10.jpg;GS_1290_11.jpg,singleton_passage,train
GS_burst_0326,GS_Gansu,1,GS_1291,9,{'3.75': 9},3.75,GS_1291_1.jpg;GS_1291_2.jpg;GS_1291_3.jpg,singleton_passage,train
GS_burst_0327,GS_Gansu,1,GS_1292,15,{'4.0': 15},4.0,GS_1292_1.jpg;GS_1292_10.jpg;GS_1292_11.jpg,singleton_passage,train
GS_burst_0328,GS_Gansu,1,GS_1293,6,{'3.75': 6},3.75,GS_1293_1.jpg;GS_1293_2.jpg;GS_1293_3.jpg,singleton_passage,train
GS_burst_0329,GS_Gansu,1,GS_1294,8,{'3.75': 8},3.75,GS_1294_1.jpg;GS_1294_2.jpg;GS_1294_3.jpg,singleton_passage,train
GS_burst_0330,GS_Gansu,1,GS_1295,6,{'3.75': 6},3.75,GS_1295_1.jpg;GS_1295_2.jpg;GS_1295_3.jpg,singleton_passage,val
GS_burst_0331,GS_Gansu,1,GS_1296,7,{'3.5': 7},3.5,GS_1296_1.jpg;GS_1296_2.jpg;GS_1296_3.jpg,singleton_passage,train
GS_burst_0332,GS_Gansu,1,GS_1297,6,{'3.75': 6},3.75,GS_1297_1.jpg;GS_1297_2.jpg;GS_1297_3.jpg,singleton_passage,train
GS_burst_0333,GS_Gansu,1,GS_1298,20,{'3.75': 20},3.75,GS_1298_1.jpg;GS_1298_10.jpg;GS_1298_11.jpg,singleton_passage,train
GS_burst_0334,GS_Gansu,1,GS_1299,7,{'3.5': 7},3.5,GS_1299_1.jpg;GS_1299_2.jpg;GS_1299_3.jpg,singleton_passage,train
GS_burst_0335,GS_Gansu,1,GS_13,7,{'4.25': 7},4.25,GS_13_1.jpg;GS_13_2.jpg;GS_13_3.jpg,singleton_passage,val
GS_burst_0336,GS_Gansu,1,GS_130,12,{'4.0': 12},4.0,GS_130_1.jpg;GS_130_10.jpg;GS_130_11.jpg,singleton_passage,train
GS_burst_0337,GS_Gansu,1,GS_1300,12,"{'3.75': 1, '4.0': 11}",4.0,GS_1300_1.jpg;GS_1300_10.jpg;GS_1300_11.jpg,singleton_passage,train
GS_burst_0338,GS_Gansu,1,GS_1301,10,{'4.0': 10},4.0,GS_1301_1.jpg;GS_1301_10.jpg;GS_1301_2.jpg,singleton_passage,train
GS_burst_0339,GS_Gansu,1,GS_1302,5,{'3.75': 5},3.75,GS_1302_1.jpg;GS_1302_2.jpg;GS_1302_3.jpg,singleton_passage,train
GS_burst_0340,GS_Gansu,1,GS_1303,5,{'3.75': 5},3.75,GS_1303_1.jpg;GS_1303_2.jpg;GS_1303_3.jpg,singleton_passage,train
GS_burst_0341,GS_Gansu,1,GS_1304,12,{'4.0': 12},4.0,GS_1304_1.jpg;GS_1304_10.jpg;GS_1304_11.jpg,singleton_passage,train
GS_burst_0342,GS_Gansu,1,GS_1305,6,{'4.25': 6},4.25,GS_1305_1.jpg;GS_1305_2.jpg;GS_1305_3.jpg,singleton_passage,test
GS_burst_0343,GS_Gansu,1,GS_1306,16,{'3.5': 16},3.5,GS_1306_1.jpg;GS_1306_10.jpg;GS_1306_11.jpg,singleton_passage,train
GS_burst_0344,GS_Gansu,1,GS_1307,6,{'3.75': 6},3.75,GS_1307_1.jpg;GS_1307_2.jpg;GS_1307_3.jpg,singleton_passage,train
GS_burst_0345,GS_Gansu,1,GS_1308,7,{'4.25': 7},4.25,GS_1308_1.jpg;GS_1308_2.jpg;GS_1308_3.jpg,singleton_passage,train
GS_burst_0346,GS_Gansu,1,GS_1309,8,{'4.0': 8},4.0,GS_1309_1.jpg;GS_1309_2.jpg;GS_1309_3.jpg,singleton_passage,train
GS_burst_0347,GS_Gansu,1,GS_131,10,{'3.75': 10},3.75,GS_131_1.jpg;GS_131_10.jpg;GS_131_2.jpg,singleton_passage,train
GS_burst_0348,GS_Gansu,1,GS_1310,5,{'3.75': 5},3.75,GS_1310_1.jpg;GS_1310_2.jpg;GS_1310_3.jpg,singleton_passage,val
GS_burst_0349,GS_Gansu,1,GS_1311,7,{'3.75': 7},3.75,GS_1311_1.jpg;GS_1311_2.jpg;GS_1311_3.jpg,singleton_passage,train
GS_burst_0350,GS_Gansu,1,GS_1312,15,{'3.5': 15},3.5,GS_1312_1.jpg;GS_1312_10.jpg;GS_1312_11.jpg,singleton_passage,train
GS_burst_0351,GS_Gansu,1,GS_1313,8,{'4.0': 8},4.0,GS_1313_1.jpg;GS_1313_2.jpg;GS_1313_3.jpg,singleton_passage,test
GS_burst_0352,GS_Gansu,1,GS_1314,8,{'4.0': 8},4.0,GS_1314_1.jpg;GS_1314_2.jpg;GS_1314_3.jpg,singleton_passage,train
GS_burst_0353,GS_Gansu,1,GS_1315,15,{'3.75': 15},3.75,GS_1315_1.jpg;GS_1315_10.jpg;GS_1315_11.jpg,singleton_passage,train
GS_burst_0354,GS_Gansu,1,GS_1316,4,{'3.75': 4},3.75,GS_1316_1.jpg;GS_1316_2.jpg;GS_1316_3.jpg,singleton_passage,train
GS_burst_0355,GS_Gansu,1,GS_1317,11,{'3.75': 11},3.75,GS_1317_1.jpg;GS_1317_10.jpg;GS_1317_11.jpg,singleton_passage,train
GS_burst_0356,GS_Gansu,1,GS_1318,5,{'3.75': 5},3.75,GS_1318_1.jpg;GS_1318_2.jpg;GS_1318_3.jpg,singleton_passage,val
GS_burst_0357,GS_Gansu,1,GS_1319,9,{'4.0': 9},4.0,GS_1319_1.jpg;GS_1319_2.jpg;GS_1319_3.jpg,singleton_passage,val
GS_burst_0358,GS_Gansu,1,GS_132,16,{'3.75': 16},3.75,GS_132_1.jpg;GS_132_10.jpg;GS_132_11.jpg,singleton_passage,train
GS_burst_0359,GS_Gansu,1,GS_1320,12,{'3.75': 12},3.75,GS_1320_1.jpg;GS_1320_10.jpg;GS_1320_11.jpg,singleton_passage,train
GS_burst_0360,GS_Gansu,1,GS_1321,11,{'4.0': 11},4.0,GS_1321_1.jpg;GS_1321_10.jpg;GS_1321_11.jpg,singleton_passage,train
GS_burst_0361,GS_Gansu,1,GS_1322,18,{'3.75': 18},3.75,GS_1322_1.jpg;GS_1322_10.jpg;GS_1322_11.jpg,singleton_passage,train
GS_burst_0362,GS_Gansu,1,GS_1323,8,{'3.5': 8},3.5,GS_1323_1.jpg;GS_1323_2.jpg;GS_1323_3.jpg,singleton_passage,test
GS_burst_0363,GS_Gansu,1,GS_1324,12,{'3.75': 12},3.75,GS_1324_1.jpg;GS_1324_10.jpg;GS_1324_11.jpg,singleton_passage,train
GS_burst_0364,GS_Gansu,1,GS_1325,12,{'4.0': 12},4.0,GS_1325_1.jpg;GS_1325_10.jpg;GS_1325_11.jpg,singleton_passage,train
GS_burst_0365,GS_Gansu,1,GS_1326,2,{'3.75': 2},3.75,GS_1326_1.jpg;GS_1326_2.jpg,singleton_passage,train
GS_burst_0366,GS_Gansu,1,GS_1327,7,{'3.5': 7},3.5,GS_1327_1.jpg;GS_1327_2.jpg;GS_1327_3.jpg,singleton_passage,train
GS_burst_0367,GS_Gansu,1,GS_1328,7,{'3.5': 7},3.5,GS_1328_1.jpg;GS_1328_2.jpg;GS_1328_3.jpg,singleton_passage,train
GS_burst_0368,GS_Gansu,1,GS_1329,8,{'3.5': 8},3.5,GS_1329_1.jpg;GS_1329_2.jpg;GS_1329_3.jpg,singleton_passage,train
GS_burst_0369,GS_Gansu,1,GS_133,12,{'4.0': 12},4.0,GS_133_1.jpg;GS_133_10.jpg;GS_133_11.jpg,singleton_passage,train
GS_burst_0370,GS_Gansu,1,GS_1330,19,{'3.25': 19},3.25,GS_1330_1.jpg;GS_1330_10.jpg;GS_1330_11.jpg,singleton_passage,train
GS_burst_0371,GS_Gansu,1,GS_1331,4,{'4.0': 4},4.0,GS_1331_1.jpg;GS_1331_2.jpg;GS_1331_3.jpg,singleton_passage,train
GS_burst_0372,GS_Gansu,1,GS_1332,11,{'3.75': 11},3.75,GS_1332_1.jpg;GS_1332_10.jpg;GS_1332_11.jpg,singleton_passage,test
GS_burst_0373,GS_Gansu,1,GS_1333,14,{'3.75': 14},3.75,GS_1333_1.jpg;GS_1333_10.jpg;GS_1333_11.jpg,singleton_passage,train
GS_burst_0374,GS_Gansu,1,GS_1334,20,{'4.0': 20},4.0,GS_1334_1.jpg;GS_1334_10.jpg;GS_1334_11.jpg,singleton_passage,train
GS_burst_0375,GS_Gansu,1,GS_1335,6,{'4.0': 6},4.0,GS_1335_1.jpg;GS_1335_2.jpg;GS_1335_3.jpg,singleton_passage,train
GS_burst_0376,GS_Gansu,1,GS_1336,7,{'4.25': 7},4.25,GS_1336_1.jpg;GS_1336_2.jpg;GS_1336_3.jpg,singleton_passage,train
GS_burst_0377,GS_Gansu,1,GS_1337,12,{'4.25': 12},4.25,GS_1337_1.jpg;GS_1337_10.jpg;GS_1337_11.jpg,singleton_passage,train
GS_burst_0378,GS_Gansu,1,GS_1338,8,{'4.0': 8},4.0,GS_1338_1.jpg;GS_1338_2.jpg;GS_1338_3.jpg,singleton_passage,train
GS_burst_0379,GS_Gansu,1,GS_1339,9,{'3.75': 9},3.75,GS_1339_1.jpg;GS_1339_2.jpg;GS_1339_3.jpg,singleton_passage,val
GS_burst_0380,GS_Gansu,1,GS_134,6,{'4.25': 6},4.25,GS_134_1.jpg;GS_134_2.jpg;GS_134_3.jpg,singleton_passage,train
GS_burst_0381,GS_Gansu,1,GS_1340,11,{'4.0': 11},4.0,GS_1340_1.jpg;GS_1340_10.jpg;GS_1340_11.jpg,singleton_passage,train
GS_burst_0382,GS_Gansu,1,GS_1341,13,{'3.5': 13},3.5,GS_1341_1.jpg;GS_1341_10.jpg;GS_1341_11.jpg,singleton_passage,train
GS_burst_0383,GS_Gansu,1,GS_1342,4,{'3.75': 4},3.75,GS_1342_1.jpg;GS_1342_2.jpg;GS_1342_3.jpg,singleton_passage,train
GS_burst_0384,GS_Gansu,1,GS_1343,13,{'3.25': 13},3.25,GS_1343_1.jpg;GS_1343_10.jpg;GS_1343_11.jpg,singleton_passage,train
GS_burst_0385,GS_Gansu,1,GS_1344,10,{'3.5': 10},3.5,GS_1344_1.jpg;GS_1344_10.jpg;GS_1344_2.jpg,singleton_passage,train
GS_burst_0386,GS_Gansu,1,GS_1345,8,{'3.75': 8},3.75,GS_1345_1.jpg;GS_1345_2.jpg;GS_1345_3.jpg,singleton_passage,val
GS_burst_0387,GS_Gansu,1,GS_1346,4,{'3.5': 4},3.5,GS_1346_1.jpg;GS_1346_2.jpg;GS_1346_3.jpg,singleton_passage,train
GS_burst_0388,GS_Gansu,1,GS_1347,9,{'3.5': 9},3.5,GS_1347_1.jpg;GS_1347_2.jpg;GS_1347_3.jpg,singleton_passage,train
GS_burst_0389,GS_Gansu,1,GS_1348,9,{'3.5': 9},3.5,GS_1348_1.jpg;GS_1348_2.jpg;GS_1348_3.jpg,singleton_passage,train
GS_burst_0390,GS_Gansu,1,GS_1349,10,{'3.75': 10},3.75,GS_1349_1.jpg;GS_1349_10.jpg;GS_1349_2.jpg,singleton_passage,val
GS_burst_0391,GS_Gansu,1,GS_135,3,{'4.0': 3},4.0,GS_135_1.jpg;GS_135_2.jpg;GS_135_3.jpg,singleton_passage,train
GS_burst_0392,GS_Gansu,1,GS_1350,10,{'3.75': 10},3.75,GS_1350_1.jpg;GS_1350_10.jpg;GS_1350_2.jpg,singleton_passage,test
GS_burst_0393,GS_Gansu,1,GS_1351,7,{'3.75': 7},3.75,GS_1351_1.jpg;GS_1351_2.jpg;GS_1351_3.jpg,singleton_passage,train
GS_burst_0394,GS_Gansu,1,GS_1352,6,{'4.0': 6},4.0,GS_1352_1.jpg;GS_1352_2.jpg;GS_1352_3.jpg,singleton_passage,train
GS_burst_0395,GS_Gansu,1,GS_1353,6,{'4.0': 6},4.0,GS_1353_1.jpg;GS_1353_2.jpg;GS_1353_3.jpg,singleton_passage,test
GS_burst_0396,GS_Gansu,1,GS_1354,13,{'4.0': 13},4.0,GS_1354_1.jpg;GS_1354_10.jpg;GS_1354_11.jpg,singleton_passage,val
GS_burst_0397,GS_Gansu,1,GS_1355,11,{'4.25': 11},4.25,GS_1355_1.jpg;GS_1355_10.jpg;GS_1355_11.jpg,singleton_passage,test
GS_burst_0398,GS_Gansu,1,GS_1356,15,{'3.75': 15},3.75,GS_1356_1.jpg;GS_1356_10.jpg;GS_1356_11.jpg,singleton_passage,test
GS_burst_0399,GS_Gansu,1,GS_1357,12,{'3.75': 12},3.75,GS_1357_1.jpg;GS_1357_10.jpg;GS_1357_11.jpg,singleton_passage,train
GS_burst_0400,GS_Gansu,1,GS_1358,2,{'3.75': 2},3.75,GS_1358_1.jpg;GS_1358_2.jpg,singleton_passage,train
GS_burst_0401,GS_Gansu,1,GS_1359,8,{'3.75': 8},3.75,GS_1359_1.jpg;GS_1359_2.jpg;GS_1359_3.jpg,singleton_passage,train
GS_burst_0402,GS_Gansu,1,GS_136,5,{'4.0': 5},4.0,GS_136_1.jpg;GS_136_2.jpg;GS_136_3.jpg,singleton_passage,train
GS_burst_0403,GS_Gansu,1,GS_1360,13,{'3.5': 13},3.5,GS_1360_1.jpg;GS_1360_10.jpg;GS_1360_11.jpg,singleton_passage,train
GS_burst_0404,GS_Gansu,1,GS_1361,4,{'3.75': 4},3.75,GS_1361_1.jpg;GS_1361_2.jpg;GS_1361_3.jpg,singleton_passage,train
GS_burst_0405,GS_Gansu,1,GS_1362,11,{'3.5': 11},3.5,GS_1362_1.jpg;GS_1362_10.jpg;GS_1362_11.jpg,singleton_passage,train
GS_burst_0406,GS_Gansu,1,GS_1363,10,{'4.0': 10},4.0,GS_1363_1.jpg;GS_1363_10.jpg;GS_1363_2.jpg,singleton_passage,train
GS_burst_0407,GS_Gansu,1,GS_1364,16,{'3.5': 16},3.5,GS_1364_1.jpg;GS_1364_10.jpg;GS_1364_11.jpg,singleton_passage,train
GS_burst_0408,GS_Gansu,1,GS_1365,3,{'3.75': 3},3.75,GS_1365_1.jpg;GS_1365_2.jpg;GS_1365_3.jpg,singleton_passage,val
GS_burst_0409,GS_Gansu,1,GS_1366,3,{'4.0': 3},4.0,GS_1366_1.jpg;GS_1366_2.jpg;GS_1366_3.jpg,singleton_passage,train
GS_burst_0410,GS_Gansu,1,GS_1367,7,{'4.0': 7},4.0,GS_1367_1.jpg;GS_1367_2.jpg;GS_1367_3.jpg,singleton_passage,train
GS_burst_0411,GS_Gansu,1,GS_1368,1,{'4.0': 1},4.0,GS_1368_1.jpg,singleton_passage,train
GS_burst_0412,GS_Gansu,1,GS_1369,9,{'4.0': 9},4.0,GS_1369_1.jpg;GS_1369_2.jpg;GS_1369_3.jpg,singleton_passage,train
GS_burst_0413,GS_Gansu,1,GS_137,7,{'3.25': 7},3.25,GS_137_1.jpg;GS_137_2.jpg;GS_137_3.jpg,singleton_passage,train
GS_burst_0414,GS_Gansu,1,GS_1370,7,{'4.0': 7},4.0,GS_1370_1.jpg;GS_1370_2.jpg;GS_1370_3.jpg,singleton_passage,train
GS_burst_0415,GS_Gansu,1,GS_1371,17,{'3.5': 17},3.5,GS_1371_1.jpg;GS_1371_10.jpg;GS_1371_11.jpg,singleton_passage,train
GS_burst_0416,GS_Gansu,1,GS_1372,6,{'3.75': 6},3.75,GS_1372_1.jpg;GS_1372_2.jpg;GS_1372_3.jpg,singleton_passage,train
GS_burst_0417,GS_Gansu,1,GS_1373,5,{'3.75': 5},3.75,GS_1373_1.jpg;GS_1373_2.jpg;GS_1373_3.jpg,singleton_passage,train
GS_burst_0418,GS_Gansu,1,GS_1374,16,{'3.75': 16},3.75,GS_1374_1.jpg;GS_1374_10.jpg;GS_1374_11.jpg,singleton_passage,train
GS_burst_0419,GS_Gansu,1,GS_1375,8,{'4.0': 8},4.0,GS_1375_1.jpg;GS_1375_2.jpg;GS_1375_3.jpg,singleton_passage,test
GS_burst_0420,GS_Gansu,1,GS_1376,6,{'3.75': 6},3.75,GS_1376_1.jpg;GS_1376_2.jpg;GS_1376_3.jpg,singleton_passage,test
GS_burst_0421,GS_Gansu,1,GS_1377,6,{'3.75': 6},3.75,GS_1377_1.jpg;GS_1377_2.jpg;GS_1377_3.jpg,singleton_passage,val
GS_burst_0422,GS_Gansu,1,GS_1378,8,{'4.25': 8},4.25,GS_1378_1.jpg;GS_1378_2.jpg;GS_1378_3.jpg,singleton_passage,train
GS_burst_0423,GS_Gansu,1,GS_1379,4,{'3.5': 4},3.5,GS_1379_1.jpg;GS_1379_2.jpg;GS_1379_3.jpg,singleton_passage,train
GS_burst_0424,GS_Gansu,1,GS_138,8,{'3.5': 8},3.5,GS_138_1.jpg;GS_138_2.jpg;GS_138_3.jpg,singleton_passage,test
GS_burst_0425,GS_Gansu,1,GS_1380,8,{'4.25': 8},4.25,GS_1380_1.jpg;GS_1380_2.jpg;GS_1380_3.jpg,singleton_passage,test
GS_burst_0426,GS_Gansu,1,GS_1381,8,{'4.25': 8},4.25,GS_1381_1.jpg;GS_1381_2.jpg;GS_1381_3.jpg,singleton_passage,train
GS_burst_0427,GS_Gansu,1,GS_1382,5,{'3.75': 5},3.75,GS_1382_1.jpg;GS_1382_2.jpg;GS_1382_3.jpg,singleton_passage,test
GS_burst_0428,GS_Gansu,1,GS_1383,4,{'3.75': 4},3.75,GS_1383_1.jpg;GS_1383_2.jpg;GS_1383_3.jpg,singleton_passage,train
GS_burst_0429,GS_Gansu,1,GS_1384,5,{'4.0': 5},4.0,GS_1384_1.jpg;GS_1384_2.jpg;GS_1384_3.jpg,singleton_passage,train
GS_burst_0430,GS_Gansu,1,GS_1385,8,{'4.0': 8},4.0,GS_1385_1.jpg;GS_1385_2.jpg;GS_1385_3.jpg,singleton_passage,train
GS_burst_0431,GS_Gansu,1,GS_1386,8,{'4.0': 8},4.0,GS_1386_1.jpg;GS_1386_2.jpg;GS_1386_3.jpg,singleton_passage,train
GS_burst_0432,GS_Gansu,1,GS_1387,8,{'4.25': 8},4.25,GS_1387_1.jpg;GS_1387_2.jpg;GS_1387_3.jpg,singleton_passage,train
GS_burst_0433,GS_Gansu,1,GS_1388,8,{'4.25': 8},4.25,GS_1388_1.jpg;GS_1388_2.jpg;GS_1388_3.jpg,singleton_passage,train
GS_burst_0434,GS_Gansu,1,GS_1389,7,{'4.0': 7},4.0,GS_1389_1.jpg;GS_1389_2.jpg;GS_1389_3.jpg,singleton_passage,train
GS_burst_0435,GS_Gansu,1,GS_139,10,{'4.0': 10},4.0,GS_139_1.jpg;GS_139_10.jpg;GS_139_2.jpg,singleton_passage,train
GS_burst_0436,GS_Gansu,1,GS_1390,7,{'3.75': 7},3.75,GS_1390_1.jpg;GS_1390_2.jpg;GS_1390_3.jpg,singleton_passage,train
GS_burst_0437,GS_Gansu,1,GS_1391,5,{'4.0': 5},4.0,GS_1391_1.jpg;GS_1391_2.jpg;GS_1391_3.jpg,singleton_passage,train
GS_burst_0438,GS_Gansu,1,GS_1392,11,{'3.5': 11},3.5,GS_1392_1.jpg;GS_1392_10.jpg;GS_1392_11.jpg,singleton_passage,train
GS_burst_0439,GS_Gansu,1,GS_1393,10,{'4.25': 10},4.25,GS_1393_1.jpg;GS_1393_10.jpg;GS_1393_2.jpg,singleton_passage,test
GS_burst_0440,GS_Gansu,1,GS_1394,15,{'4.25': 15},4.25,GS_1394_1.jpg;GS_1394_10.jpg;GS_1394_11.jpg,singleton_passage,train
GS_burst_0441,GS_Gansu,1,GS_1395,7,{'3.5': 7},3.5,GS_1395_1.jpg;GS_1395_2.jpg;GS_1395_3.jpg,singleton_passage,test
GS_burst_0442,GS_Gansu,1,GS_1396,13,{'4.0': 13},4.0,GS_1396_1.jpg;GS_1396_10.jpg;GS_1396_11.jpg,singleton_passage,train
GS_burst_0443,GS_Gansu,1,GS_1397,6,{'4.25': 6},4.25,GS_1397_1.jpg;GS_1397_2.jpg;GS_1397_3.jpg,singleton_passage,train
GS_burst_0444,GS_Gansu,1,GS_1398,10,{'4.0': 10},4.0,GS_1398_1.jpg;GS_1398_10.jpg;GS_1398_2.jpg,singleton_passage,train
GS_burst_0445,GS_Gansu,1,GS_1399,8,{'3.5': 8},3.5,GS_1399_1.jpg;GS_1399_2.jpg;GS_1399_3.jpg,singleton_passage,train
GS_burst_0446,GS_Gansu,1,GS_14,8,{'3.75': 8},3.75,GS_14_1.jpg;GS_14_2.jpg;GS_14_3.jpg,singleton_passage,train
GS_burst_0447,GS_Gansu,1,GS_140,12,{'3.5': 12},3.5,GS_140_1.jpg;GS_140_10.jpg;GS_140_11.jpg,singleton_passage,train
GS_burst_0448,GS_Gansu,1,GS_1400,8,{'3.5': 8},3.5,GS_1400_1.jpg;GS_1400_2.jpg;GS_1400_3.jpg,singleton_passage,train
GS_burst_0449,GS_Gansu,1,GS_1401,11,{'4.0': 11},4.0,GS_1401_1.jpg;GS_1401_10.jpg;GS_1401_11.jpg,singleton_passage,test
GS_burst_0450,GS_Gansu,1,GS_1402,8,{'4.0': 8},4.0,GS_1402_1.jpg;GS_1402_2.jpg;GS_1402_3.jpg,singleton_passage,train
GS_burst_0451,GS_Gansu,1,GS_1403,8,{'4.25': 8},4.25,GS_1403_1.jpg;GS_1403_2.jpg;GS_1403_3.jpg,singleton_passage,train
GS_burst_0452,GS_Gansu,1,GS_1404,8,{'3.5': 8},3.5,GS_1404_1.jpg;GS_1404_2.jpg;GS_1404_3.jpg,singleton_passage,train
GS_burst_0453,GS_Gansu,1,GS_1405,8,{'3.75': 8},3.75,GS_1405_1.jpg;GS_1405_2.jpg;GS_1405_3.jpg,singleton_passage,test
GS_burst_0454,GS_Gansu,1,GS_1406,10,{'4.0': 10},4.0,GS_1406_1.jpg;GS_1406_10.jpg;GS_1406_2.jpg,singleton_passage,train
GS_burst_0455,GS_Gansu,1,GS_1407,16,{'4.0': 16},4.0,GS_1407_1.jpg;GS_1407_10.jpg;GS_1407_11.jpg,singleton_passage,test
GS_burst_0456,GS_Gansu,1,GS_1408,8,{'4.0': 8},4.0,GS_1408_1.jpg;GS_1408_2.jpg;GS_1408_3.jpg,singleton_passage,train
GS_burst_0457,GS_Gansu,1,GS_1409,8,{'4.25': 8},4.25,GS_1409_1.jpg;GS_1409_2.jpg;GS_1409_3.jpg,singleton_passage,train
GS_burst_0458,GS_Gansu,1,GS_141,9,{'3.75': 9},3.75,GS_141_1.jpg;GS_141_2.jpg;GS_141_3.jpg,singleton_passage,val
GS_burst_0459,GS_Gansu,1,GS_1410,5,{'3.75': 5},3.75,GS_1410_1.jpg;GS_1410_2.jpg;GS_1410_3.jpg,singleton_passage,test
GS_burst_0460,GS_Gansu,1,GS_1411,8,{'4.0': 8},4.0,GS_1411_1.jpg;GS_1411_2.jpg;GS_1411_3.jpg,singleton_passage,train
GS_burst_0461,GS_Gansu,1,GS_1412,9,{'3.5': 9},3.5,GS_1412_1.jpg;GS_1412_2.jpg;GS_1412_3.jpg,singleton_passage,train
GS_burst_0462,GS_Gansu,1,GS_1413,11,{'4.25': 11},4.25,GS_1413_1.jpg;GS_1413_10.jpg;GS_1413_11.jpg,singleton_passage,train
GS_burst_0463,GS_Gansu,1,GS_1414,9,{'4.0': 9},4.0,GS_1414_1.jpg;GS_1414_2.jpg;GS_1414_3.jpg,singleton_passage,train
GS_burst_0464,GS_Gansu,1,GS_1415,8,{'3.75': 8},3.75,GS_1415_1.jpg;GS_1415_2.jpg;GS_1415_3.jpg,singleton_passage,test
GS_burst_0465,GS_Gansu,1,GS_1416,8,{'4.0': 8},4.0,GS_1416_1.jpg;GS_1416_2.jpg;GS_1416_3.jpg,singleton_passage,test
GS_burst_0466,GS_Gansu,1,GS_1417,9,{'3.5': 9},3.5,GS_1417_1.jpg;GS_1417_2.jpg;GS_1417_3.jpg,singleton_passage,val
GS_burst_0467,GS_Gansu,1,GS_1418,12,{'4.0': 12},4.0,GS_1418_1.jpg;GS_1418_10.jpg;GS_1418_11.jpg,singleton_passage,train
GS_burst_0468,GS_Gansu,1,GS_1419,4,{'3.75': 4},3.75,GS_1419_1.jpg;GS_1419_2.jpg;GS_1419_3.jpg,singleton_passage,train
GS_burst_0469,GS_Gansu,1,GS_142,13,{'3.75': 13},3.75,GS_142_1.jpg;GS_142_10.jpg;GS_142_11.jpg,singleton_passage,train
GS_burst_0470,GS_Gansu,1,GS_1420,8,{'4.25': 8},4.25,GS_1420_1.jpg;GS_1420_2.jpg;GS_1420_3.jpg,singleton_passage,train
GS_burst_0471,GS_Gansu,1,GS_1421,10,{'3.75': 10},3.75,GS_1421_1.jpg;GS_1421_10.jpg;GS_1421_2.jpg,singleton_passage,train
GS_burst_0472,GS_Gansu,1,GS_1422,7,{'3.5': 7},3.5,GS_1422_1.jpg;GS_1422_2.jpg;GS_1422_3.jpg,singleton_passage,test
GS_burst_0473,GS_Gansu,1,GS_1423,8,{'4.0': 8},4.0,GS_1423_1.jpg;GS_1423_2.jpg;GS_1423_3.jpg,singleton_passage,train
GS_burst_0474,GS_Gansu,1,GS_1424,9,{'3.75': 9},3.75,GS_1424_1.jpg;GS_1424_2.jpg;GS_1424_3.jpg,singleton_passage,train
GS_burst_0475,GS_Gansu,1,GS_1425,8,{'4.25': 8},4.25,GS_1425_1.jpg;GS_1425_2.jpg;GS_1425_3.jpg,singleton_passage,train
GS_burst_0476,GS_Gansu,1,GS_1426,8,{'3.75': 8},3.75,GS_1426_1.jpg;GS_1426_2.jpg;GS_1426_3.jpg,singleton_passage,train
GS_burst_0477,GS_Gansu,1,GS_1427,8,{'3.5': 8},3.5,GS_1427_1.jpg;GS_1427_2.jpg;GS_1427_3.jpg,singleton_passage,train
GS_burst_0478,GS_Gansu,1,GS_1428,9,{'4.0': 9},4.0,GS_1428_1.jpg;GS_1428_2.jpg;GS_1428_3.jpg,singleton_passage,train
GS_burst_0479,GS_Gansu,1,GS_1429,5,{'3.5': 5},3.5,GS_1429_1.jpg;GS_1429_2.jpg;GS_1429_3.jpg,singleton_passage,train
GS_burst_0480,GS_Gansu,1,GS_143,6,{'4.0': 6},4.0,GS_143_1.jpg;GS_143_2.jpg;GS_143_3.jpg,singleton_passage,train
GS_burst_0481,GS_Gansu,1,GS_1430,8,{'3.75': 8},3.75,GS_1430_1.jpg;GS_1430_2.jpg;GS_1430_3.jpg,singleton_passage,test
GS_burst_0482,GS_Gansu,1,GS_1431,12,{'4.25': 12},4.25,GS_1431_1.jpg;GS_1431_10.jpg;GS_1431_11.jpg,singleton_passage,train
GS_burst_0483,GS_Gansu,1,GS_1432,8,{'3.25': 8},3.25,GS_1432_1.jpg;GS_1432_2.jpg;GS_1432_3.jpg,singleton_passage,train
GS_burst_0484,GS_Gansu,1,GS_1433,8,{'4.25': 8},4.25,GS_1433_1.jpg;GS_1433_2.jpg;GS_1433_3.jpg,singleton_passage,train
GS_burst_0485,GS_Gansu,1,GS_1434,8,{'4.0': 8},4.0,GS_1434_1.jpg;GS_1434_2.jpg;GS_1434_3.jpg,singleton_passage,train
GS_burst_0486,GS_Gansu,1,GS_1435,8,{'4.25': 8},4.25,GS_1435_1.jpg;GS_1435_2.jpg;GS_1435_3.jpg,singleton_passage,val
GS_burst_0487,GS_Gansu,1,GS_1436,3,{'3.75': 3},3.75,GS_1436_1.jpg;GS_1436_2.jpg;GS_1436_3.jpg,singleton_passage,train
GS_burst_0488,GS_Gansu,1,GS_1437,11,{'3.75': 11},3.75,GS_1437_1.jpg;GS_1437_10.jpg;GS_1437_11.jpg,singleton_passage,train
GS_burst_0489,GS_Gansu,1,GS_1438,12,{'4.0': 12},4.0,GS_1438_1.jpg;GS_1438_10.jpg;GS_1438_11.jpg,singleton_passage,train
GS_burst_0490,GS_Gansu,1,GS_1439,12,{'4.25': 12},4.25,GS_1439_1.jpg;GS_1439_10.jpg;GS_1439_11.jpg,singleton_passage,test
GS_burst_0491,GS_Gansu,1,GS_144,7,{'4.25': 7},4.25,GS_144_1.jpg;GS_144_2.jpg;GS_144_3.jpg,singleton_passage,test
GS_burst_0492,GS_Gansu,1,GS_1440,12,{'3.5': 12},3.5,GS_1440_1.jpg;GS_1440_10.jpg;GS_1440_11.jpg,singleton_passage,train
GS_burst_0493,GS_Gansu,1,GS_1441,10,{'3.75': 10},3.75,GS_1441_1.jpg;GS_1441_10.jpg;GS_1441_2.jpg,singleton_passage,test
GS_burst_0494,GS_Gansu,1,GS_1442,9,{'4.25': 9},4.25,GS_1442_1.jpg;GS_1442_2.jpg;GS_1442_3.jpg,singleton_passage,test
GS_burst_0495,GS_Gansu,1,GS_1443,11,{'4.0': 11},4.0,GS_1443_1.jpg;GS_1443_10.jpg;GS_1443_11.jpg,singleton_passage,train
GS_burst_0496,GS_Gansu,1,GS_1444,14,{'4.25': 14},4.25,GS_1444_1.jpg;GS_1444_10.jpg;GS_1444_11.jpg,singleton_passage,train
GS_burst_0497,GS_Gansu,1,GS_1445,6,{'4.25': 6},4.25,GS_1445_1.jpg;GS_1445_2.jpg;GS_1445_3.jpg,singleton_passage,test
GS_burst_0498,GS_Gansu,1,GS_1446,8,{'4.0': 8},4.0,GS_1446_1.jpg;GS_1446_2.jpg;GS_1446_3.jpg,singleton_passage,train
GS_burst_0499,GS_Gansu,1,GS_1447,8,{'4.25': 8},4.25,GS_1447_1.jpg;GS_1447_2.jpg;GS_1447_3.jpg,singleton_passage,val
GS_burst_0500,GS_Gansu,1,GS_1448,8,{'3.5': 8},3.5,GS_1448_1.jpg;GS_1448_2.jpg;GS_1448_3.jpg,singleton_passage,train
GS_burst_0501,GS_Gansu,1,GS_1449,8,{'4.25': 8},4.25,GS_1449_1.jpg;GS_1449_2.jpg;GS_1449_3.jpg,singleton_passage,val
GS_burst_0502,GS_Gansu,1,GS_145,19,{'4.25': 19},4.25,GS_145_1.jpg;GS_145_10.jpg;GS_145_11.jpg,singleton_passage,val
GS_burst_0503,GS_Gansu,1,GS_1450,12,{'3.75': 12},3.75,GS_1450_1.jpg;GS_1450_10.jpg;GS_1450_11.jpg,singleton_passage,test
GS_burst_0504,GS_Gansu,1,GS_1451,6,{'4.25': 6},4.25,GS_1451_1.jpg;GS_1451_2.jpg;GS_1451_3.jpg,singleton_passage,val
GS_burst_0505,GS_Gansu,1,GS_1452,11,{'3.75': 11},3.75,GS_1452_1.jpg;GS_1452_10.jpg;GS_1452_11.jpg,singleton_passage,train
GS_burst_0506,GS_Gansu,1,GS_1453,8,{'3.75': 8},3.75,GS_1453_1.jpg;GS_1453_2.jpg;GS_1453_3.jpg,singleton_passage,train
GS_burst_0507,GS_Gansu,1,GS_1454,6,{'4.0': 6},4.0,GS_1454_1.jpg;GS_1454_2.jpg;GS_1454_3.jpg,singleton_passage,test
GS_burst_0508,GS_Gansu,1,GS_1455,8,{'4.25': 8},4.25,GS_1455_1.jpg;GS_1455_2.jpg;GS_1455_3.jpg,singleton_passage,val
GS_burst_0509,GS_Gansu,1,GS_1456,11,{'4.0': 11},4.0,GS_1456_1.jpg;GS_1456_10.jpg;GS_1456_11.jpg,singleton_passage,train
GS_burst_0510,GS_Gansu,1,GS_1457,8,{'3.5': 8},3.5,GS_1457_1.jpg;GS_1457_2.jpg;GS_1457_3.jpg,singleton_passage,train
GS_burst_0511,GS_Gansu,1,GS_1458,11,{'4.0': 11},4.0,GS_1458_1.jpg;GS_1458_10.jpg;GS_1458_11.jpg,singleton_passage,test
GS_burst_0512,GS_Gansu,1,GS_1459,7,{'3.75': 7},3.75,GS_1459_1.jpg;GS_1459_2.jpg;GS_1459_3.jpg,singleton_passage,train
GS_burst_0513,GS_Gansu,1,GS_146,7,{'4.0': 7},4.0,GS_146_1.jpg;GS_146_2.jpg;GS_146_3.jpg,singleton_passage,train
GS_burst_0514,GS_Gansu,1,GS_1460,8,{'3.75': 8},3.75,GS_1460_1.jpg;GS_1460_2.jpg;GS_1460_3.jpg,singleton_passage,test
GS_burst_0515,GS_Gansu,1,GS_1461,8,{'3.75': 8},3.75,GS_1461_1.jpg;GS_1461_2.jpg;GS_1461_3.jpg,singleton_passage,test
GS_burst_0516,GS_Gansu,1,GS_1462,15,{'4.0': 15},4.0,GS_1462_1.jpg;GS_1462_10.jpg;GS_1462_11.jpg,singleton_passage,val
GS_burst_0517,GS_Gansu,1,GS_1463,8,{'4.25': 8},4.25,GS_1463_1.jpg;GS_1463_2.jpg;GS_1463_3.jpg,singleton_passage,test
GS_burst_0518,GS_Gansu,1,GS_1464,9,{'4.0': 9},4.0,GS_1464_1.jpg;GS_1464_2.jpg;GS_1464_3.jpg,singleton_passage,train
GS_burst_0519,GS_Gansu,1,GS_1465,1,{'4.0': 1},4.0,GS_1465_1.jpg,singleton_passage,train
GS_burst_0520,GS_Gansu,1,GS_1466,8,{'4.0': 8},4.0,GS_1466_1.jpg;GS_1466_2.jpg;GS_1466_3.jpg,singleton_passage,train
GS_burst_0521,GS_Gansu,1,GS_1467,8,{'4.0': 8},4.0,GS_1467_1.jpg;GS_1467_2.jpg;GS_1467_3.jpg,singleton_passage,train
GS_burst_0522,GS_Gansu,1,GS_1468,8,{'3.25': 8},3.25,GS_1468_1.jpg;GS_1468_2.jpg;GS_1468_3.jpg,singleton_passage,train
GS_burst_0523,GS_Gansu,1,GS_1469,5,{'3.5': 5},3.5,GS_1469_1.jpg;GS_1469_2.jpg;GS_1469_3.jpg,singleton_passage,test
GS_burst_0524,GS_Gansu,1,GS_147,14,{'4.0': 14},4.0,GS_147_1.jpg;GS_147_10.jpg;GS_147_11.jpg,singleton_passage,train
GS_burst_0525,GS_Gansu,1,GS_1470,8,{'4.0': 8},4.0,GS_1470_1.jpg;GS_1470_2.jpg;GS_1470_3.jpg,singleton_passage,train
GS_burst_0526,GS_Gansu,1,GS_1471,12,{'4.25': 12},4.25,GS_1471_1.jpg;GS_1471_10.jpg;GS_1471_11.jpg,singleton_passage,train
GS_burst_0527,GS_Gansu,1,GS_1472,4,{'3.75': 4},3.75,GS_1472_1.jpg;GS_1472_2.jpg;GS_1472_3.jpg,singleton_passage,train
GS_burst_0528,GS_Gansu,1,GS_1473,12,{'4.25': 12},4.25,GS_1473_1.jpg;GS_1473_10.jpg;GS_1473_11.jpg,singleton_passage,test
GS_burst_0529,GS_Gansu,1,GS_1474,8,{'3.5': 8},3.5,GS_1474_1.jpg;GS_1474_2.jpg;GS_1474_3.jpg,singleton_passage,train
GS_burst_0530,GS_Gansu,1,GS_1475,9,{'3.75': 9},3.75,GS_1475_1.jpg;GS_1475_2.jpg;GS_1475_3.jpg,singleton_passage,train
GS_burst_0531,GS_Gansu,1,GS_1476,12,{'3.75': 12},3.75,GS_1476_1.jpg;GS_1476_10.jpg;GS_1476_11.jpg,singleton_passage,train
GS_burst_0532,GS_Gansu,1,GS_1477,7,{'4.0': 7},4.0,GS_1477_1.jpg;GS_1477_2.jpg;GS_1477_3.jpg,singleton_passage,train
GS_burst_0533,GS_Gansu,1,GS_1478,6,{'4.0': 6},4.0,GS_1478_1.jpg;GS_1478_2.jpg;GS_1478_3.jpg,singleton_passage,train
GS_burst_0534,GS_Gansu,1,GS_1479,8,{'4.25': 8},4.25,GS_1479_1.jpg;GS_1479_2.jpg;GS_1479_3.jpg,singleton_passage,train
GS_burst_0535,GS_Gansu,1,GS_148,8,{'3.5': 8},3.5,GS_148_1.jpg;GS_148_2.jpg;GS_148_3.jpg,singleton_passage,train
GS_burst_0536,GS_Gansu,1,GS_1480,8,{'4.25': 8},4.25,GS_1480_1.jpg;GS_1480_2.jpg;GS_1480_3.jpg,singleton_passage,val
GS_burst_0537,GS_Gansu,1,GS_1481,12,{'4.0': 12},4.0,GS_1481_1.jpg;GS_1481_10.jpg;GS_1481_11.jpg,singleton_passage,val
GS_burst_0538,GS_Gansu,1,GS_1482,4,{'3.5': 4},3.5,GS_1482_1.jpg;GS_1482_2.jpg;GS_1482_3.jpg,singleton_passage,test
GS_burst_0539,GS_Gansu,1,GS_1483,6,{'3.75': 6},3.75,GS_1483_1.jpg;GS_1483_2.jpg;GS_1483_3.jpg,singleton_passage,test
GS_burst_0540,GS_Gansu,1,GS_1484,8,{'4.0': 8},4.0,GS_1484_1.jpg;GS_1484_2.jpg;GS_1484_3.jpg,singleton_passage,train
GS_burst_0541,GS_Gansu,1,GS_1485,9,{'4.0': 9},4.0,GS_1485_1.jpg;GS_1485_2.jpg;GS_1485_3.jpg,singleton_passage,train
GS_burst_0542,GS_Gansu,1,GS_1486,5,{'3.5': 5},3.5,GS_1486_1.jpg;GS_1486_2.jpg;GS_1486_3.jpg,singleton_passage,train
GS_burst_0543,GS_Gansu,1,GS_1487,12,{'3.75': 12},3.75,GS_1487_1.jpg;GS_1487_10.jpg;GS_1487_11.jpg,singleton_passage,train
GS_burst_0544,GS_Gansu,1,GS_1488,5,"{'3.75': 1, '4.0': 4}",4.0,GS_1488_1.jpg;GS_1488_2.jpg;GS_1488_3.jpg,singleton_passage,train
GS_burst_0545,GS_Gansu,1,GS_1489,12,{'4.25': 12},4.25,GS_1489_1.jpg;GS_1489_10.jpg;GS_1489_11.jpg,singleton_passage,train
GS_burst_0546,GS_Gansu,1,GS_149,10,{'4.0': 10},4.0,GS_149_1.jpg;GS_149_10.jpg;GS_149_2.jpg,singleton_passage,test
GS_burst_0547,GS_Gansu,1,GS_1490,8,{'3.75': 8},3.75,GS_1490_1.jpg;GS_1490_2.jpg;GS_1490_3.jpg,singleton_passage,train
GS_burst_0548,GS_Gansu,1,GS_1491,12,{'4.0': 12},4.0,GS_1491_1.jpg;GS_1491_10.jpg;GS_1491_11.jpg,singleton_passage,train
GS_burst_0549,GS_Gansu,1,GS_1492,5,{'4.0': 5},4.0,GS_1492_1.jpg;GS_1492_2.jpg;GS_1492_3.jpg,singleton_passage,train
GS_burst_0550,GS_Gansu,1,GS_1493,15,{'4.0': 15},4.0,GS_1493_1.jpg;GS_1493_10.jpg;GS_1493_11.jpg,singleton_passage,train
GS_burst_0551,GS_Gansu,1,GS_1494,5,{'3.75': 5},3.75,GS_1494_1.jpg;GS_1494_2.jpg;GS_1494_3.jpg,singleton_passage,train
GS_burst_0552,GS_Gansu,1,GS_1495,9,{'4.25': 9},4.25,GS_1495_1.jpg;GS_1495_2.jpg;GS_1495_3.jpg,singleton_passage,val
GS_burst_0553,GS_Gansu,1,GS_1496,8,{'3.75': 8},3.75,GS_1496_1.jpg;GS_1496_2.jpg;GS_1496_3.jpg,singleton_passage,train
GS_burst_0554,GS_Gansu,1,GS_1497,15,{'4.25': 15},4.25,GS_1497_1.jpg;GS_1497_10.jpg;GS_1497_11.jpg,singleton_passage,train
GS_burst_0555,GS_Gansu,1,GS_1498,12,{'4.0': 12},4.0,GS_1498_1.jpg;GS_1498_10.jpg;GS_1498_11.jpg,singleton_passage,train
GS_burst_0556,GS_Gansu,1,GS_1499,12,{'3.75': 12},3.75,GS_1499_1.jpg;GS_1499_10.jpg;GS_1499_11.jpg,singleton_passage,test
GS_burst_0557,GS_Gansu,1,GS_15,7,{'4.0': 7},4.0,GS_15_1.jpg;GS_15_2.jpg;GS_15_3.jpg,singleton_passage,train
GS_burst_0558,GS_Gansu,1,GS_150,12,{'4.0': 12},4.0,GS_150_1.jpg;GS_150_10.jpg;GS_150_11.jpg,singleton_passage,val
GS_burst_0559,GS_Gansu,1,GS_1500,12,{'3.75': 12},3.75,GS_1500_1.jpg;GS_1500_10.jpg;GS_1500_11.jpg,singleton_passage,train
GS_burst_0560,GS_Gansu,1,GS_1501,15,{'4.25': 15},4.25,GS_1501_1.jpg;GS_1501_10.jpg;GS_1501_11.jpg,singleton_passage,train
GS_burst_0561,GS_Gansu,1,GS_1502,6,{'4.0': 6},4.0,GS_1502_1.jpg;GS_1502_2.jpg;GS_1502_3.jpg,singleton_passage,train
GS_burst_0562,GS_Gansu,1,GS_1503,10,{'4.25': 10},4.25,GS_1503_1.jpg;GS_1503_10.jpg;GS_1503_2.jpg,singleton_passage,train
GS_burst_0563,GS_Gansu,1,GS_1504,15,{'4.0': 15},4.0,GS_1504_1.jpg;GS_1504_10.jpg;GS_1504_11.jpg,singleton_passage,test
GS_burst_0564,GS_Gansu,1,GS_1505,8,{'3.75': 8},3.75,GS_1505_1.jpg;GS_1505_2.jpg;GS_1505_3.jpg,singleton_passage,val
GS_burst_0565,GS_Gansu,1,GS_1506,6,{'4.0': 6},4.0,GS_1506_1.jpg;GS_1506_2.jpg;GS_1506_3.jpg,singleton_passage,train
GS_burst_0566,GS_Gansu,1,GS_1507,7,{'4.0': 7},4.0,GS_1507_1.jpg;GS_1507_2.jpg;GS_1507_3.jpg,singleton_passage,train
GS_burst_0567,GS_Gansu,1,GS_1508,7,{'3.25': 7},3.25,GS_1508_1.jpg;GS_1508_2.jpg;GS_1508_3.jpg,singleton_passage,train
GS_burst_0568,GS_Gansu,1,GS_1509,9,{'4.25': 9},4.25,GS_1509_1.jpg;GS_1509_2.jpg;GS_1509_3.jpg,singleton_passage,train
GS_burst_0569,GS_Gansu,1,GS_151,8,{'4.0': 8},4.0,GS_151_1.jpg;GS_151_2.jpg;GS_151_3.jpg,singleton_passage,train
GS_burst_0570,GS_Gansu,1,GS_1510,5,{'4.25': 5},4.25,GS_1510_1.jpg;GS_1510_2.jpg;GS_1510_3.jpg,singleton_passage,train
GS_burst_0571,GS_Gansu,1,GS_1511,10,{'4.0': 10},4.0,GS_1511_1.jpg;GS_1511_10.jpg;GS_1511_2.jpg,singleton_passage,test
GS_burst_0572,GS_Gansu,1,GS_1512,4,{'4.25': 4},4.25,GS_1512_1.jpg;GS_1512_2.jpg;GS_1512_3.jpg,singleton_passage,train
GS_burst_0573,GS_Gansu,1,GS_1513,4,{'3.75': 4},3.75,GS_1513_1.jpg;GS_1513_2.jpg;GS_1513_3.jpg,singleton_passage,val
GS_burst_0574,GS_Gansu,1,GS_1514,5,{'4.25': 5},4.25,GS_1514_1.jpg;GS_1514_2.jpg;GS_1514_3.jpg,singleton_passage,train
GS_burst_0575,GS_Gansu,1,GS_1515,5,{'4.0': 5},4.0,GS_1515_1.jpg;GS_1515_2.jpg;GS_1515_3.jpg,singleton_passage,train
GS_burst_0576,GS_Gansu,1,GS_1516,10,{'3.75': 10},3.75,GS_1516_1.jpg;GS_1516_10.jpg;GS_1516_2.jpg,singleton_passage,train
GS_burst_0577,GS_Gansu,1,GS_1517,10,{'4.25': 10},4.25,GS_1517_1.jpg;GS_1517_10.jpg;GS_1517_2.jpg,singleton_passage,train
GS_burst_0578,GS_Gansu,1,GS_1518,7,{'3.5': 7},3.5,GS_1518_1.jpg;GS_1518_2.jpg;GS_1518_3.jpg,singleton_passage,val
GS_burst_0579,GS_Gansu,1,GS_1519,14,{'4.25': 14},4.25,GS_1519_1.jpg;GS_1519_10.jpg;GS_1519_11.jpg,singleton_passage,train
GS_burst_0580,GS_Gansu,1,GS_152,12,{'3.75': 12},3.75,GS_152_1.jpg;GS_152_10.jpg;GS_152_11.jpg,singleton_passage,test
GS_burst_0581,GS_Gansu,1,GS_1520,7,{'4.0': 7},4.0,GS_1520_1.jpg;GS_1520_2.jpg;GS_1520_3.jpg,singleton_passage,train
GS_burst_0582,GS_Gansu,1,GS_1521,8,{'3.5': 8},3.5,GS_1521_1.jpg;GS_1521_2.jpg;GS_1521_3.jpg,singleton_passage,test
GS_burst_0583,GS_Gansu,1,GS_1522,8,{'3.75': 8},3.75,GS_1522_1.jpg;GS_1522_2.jpg;GS_1522_3.jpg,singleton_passage,train
GS_burst_0584,GS_Gansu,1,GS_1523,4,{'4.0': 4},4.0,GS_1523_1.jpg;GS_1523_2.jpg;GS_1523_3.jpg,singleton_passage,val
GS_burst_0585,GS_Gansu,1,GS_1524,3,{'3.75': 3},3.75,GS_1524_1.jpg;GS_1524_2.jpg;GS_1524_3.jpg,singleton_passage,train
GS_burst_0586,GS_Gansu,1,GS_1525,16,{'4.25': 16},4.25,GS_1525_1.jpg;GS_1525_10.jpg;GS_1525_11.jpg,singleton_passage,train
GS_burst_0587,GS_Gansu,1,GS_1526,13,{'3.5': 13},3.5,GS_1526_1.jpg;GS_1526_10.jpg;GS_1526_11.jpg,singleton_passage,train
GS_burst_0588,GS_Gansu,1,GS_1527,11,{'3.5': 11},3.5,GS_1527_1.jpg;GS_1527_10.jpg;GS_1527_11.jpg,singleton_passage,train
GS_burst_0589,GS_Gansu,1,GS_1528,7,{'4.0': 7},4.0,GS_1528_1.jpg;GS_1528_2.jpg;GS_1528_3.jpg,singleton_passage,val
GS_burst_0590,GS_Gansu,1,GS_1529,5,{'4.0': 5},4.0,GS_1529_1.jpg;GS_1529_2.jpg;GS_1529_3.jpg,singleton_passage,train
GS_burst_0591,GS_Gansu,1,GS_153,10,{'4.0': 10},4.0,GS_153_1.jpg;GS_153_10.jpg;GS_153_2.jpg,singleton_passage,val
GS_burst_0592,GS_Gansu,1,GS_1530,9,{'3.75': 9},3.75,GS_1530_1.jpg;GS_1530_2.jpg;GS_1530_3.jpg,singleton_passage,test
GS_burst_0593,GS_Gansu,1,GS_1531,3,{'3.5': 3},3.5,GS_1531_1.jpg;GS_1531_2.jpg;GS_1531_3.jpg,singleton_passage,train
GS_burst_0594,GS_Gansu,1,GS_1532,3,{'3.75': 3},3.75,GS_1532_1.jpg;GS_1532_2.jpg;GS_1532_3.jpg,singleton_passage,train
GS_burst_0595,GS_Gansu,1,GS_1533,5,{'4.0': 5},4.0,GS_1533_1.jpg;GS_1533_2.jpg;GS_1533_3.jpg,singleton_passage,test
GS_burst_0596,GS_Gansu,1,GS_1534,10,{'4.0': 10},4.0,GS_1534_1.jpg;GS_1534_10.jpg;GS_1534_2.jpg,singleton_passage,train
GS_burst_0597,GS_Gansu,1,GS_1535,12,{'4.25': 12},4.25,GS_1535_1.jpg;GS_1535_10.jpg;GS_1535_11.jpg,singleton_passage,train
GS_burst_0598,GS_Gansu,1,GS_1536,8,{'3.5': 8},3.5,GS_1536_1.jpg;GS_1536_2.jpg;GS_1536_3.jpg,singleton_passage,train
GS_burst_0599,GS_Gansu,1,GS_1537,6,{'3.5': 6},3.5,GS_1537_1.jpg;GS_1537_2.jpg;GS_1537_3.jpg,singleton_passage,train
GS_burst_0600,GS_Gansu,1,GS_1538,4,{'3.75': 4},3.75,GS_1538_1.jpg;GS_1538_2.jpg;GS_1538_3.jpg,singleton_passage,train
GS_burst_0601,GS_Gansu,1,GS_1539,11,{'4.0': 11},4.0,GS_1539_1.jpg;GS_1539_10.jpg;GS_1539_11.jpg,singleton_passage,train
GS_burst_0602,GS_Gansu,1,GS_154,12,{'4.0': 12},4.0,GS_154_1.jpg;GS_154_10.jpg;GS_154_11.jpg,singleton_passage,test
GS_burst_0603,GS_Gansu,1,GS_1540,8,{'3.75': 8},3.75,GS_1540_1.jpg;GS_1540_2.jpg;GS_1540_3.jpg,singleton_passage,train
GS_burst_0604,GS_Gansu,1,GS_1541,11,{'3.75': 11},3.75,GS_1541_1.jpg;GS_1541_10.jpg;GS_1541_11.jpg,singleton_passage,train
GS_burst_0605,GS_Gansu,1,GS_1542,10,{'4.0': 10},4.0,GS_1542_1.jpg;GS_1542_10.jpg;GS_1542_2.jpg,singleton_passage,train
GS_burst_0606,GS_Gansu,1,GS_1543,15,{'4.0': 15},4.0,GS_1543_1.jpg;GS_1543_10.jpg;GS_1543_11.jpg,singleton_passage,train
GS_burst_0607,GS_Gansu,1,GS_1544,5,{'4.25': 5},4.25,GS_1544_1.jpg;GS_1544_2.jpg;GS_1544_3.jpg,singleton_passage,train
GS_burst_0608,GS_Gansu,1,GS_1545,7,{'4.25': 7},4.25,GS_1545_1.jpg;GS_1545_2.jpg;GS_1545_3.jpg,singleton_passage,val
GS_burst_0609,GS_Gansu,1,GS_1546,4,{'4.25': 4},4.25,GS_1546_1.jpg;GS_1546_2.jpg;GS_1546_3.jpg,singleton_passage,train
GS_burst_0610,GS_Gansu,1,GS_1547,6,{'4.25': 6},4.25,GS_1547_1.jpg;GS_1547_2.jpg;GS_1547_3.jpg,singleton_passage,train
GS_burst_0611,GS_Gansu,1,GS_1548,6,{'3.5': 6},3.5,GS_1548_1.jpg;GS_1548_2.jpg;GS_1548_3.jpg,singleton_passage,val
GS_burst_0612,GS_Gansu,1,GS_1549,5,{'3.75': 5},3.75,GS_1549_1.jpg;GS_1549_2.jpg;GS_1549_3.jpg,singleton_passage,val
GS_burst_0613,GS_Gansu,1,GS_155,7,{'3.5': 7},3.5,GS_155_1.jpg;GS_155_2.jpg;GS_155_3.jpg,singleton_passage,train
GS_burst_0614,GS_Gansu,1,GS_1550,5,{'3.5': 5},3.5,GS_1550_1.jpg;GS_1550_2.jpg;GS_1550_3.jpg,singleton_passage,val
GS_burst_0615,GS_Gansu,1,GS_1551,9,{'4.25': 9},4.25,GS_1551_1.jpg;GS_1551_2.jpg;GS_1551_3.jpg,singleton_passage,train
GS_burst_0616,GS_Gansu,1,GS_1552,10,{'4.25': 10},4.25,GS_1552_1.jpg;GS_1552_10.jpg;GS_1552_2.jpg,singleton_passage,test
GS_burst_0617,GS_Gansu,1,GS_1553,4,{'3.75': 4},3.75,GS_1553_1.jpg;GS_1553_2.jpg;GS_1553_3.jpg,singleton_passage,train
GS_burst_0618,GS_Gansu,1,GS_1554,3,{'4.25': 3},4.25,GS_1554_1.jpg;GS_1554_2.jpg;GS_1554_3.jpg,singleton_passage,train
GS_burst_0619,GS_Gansu,1,GS_1555,8,{'3.75': 8},3.75,GS_1555_1.jpg;GS_1555_2.jpg;GS_1555_3.jpg,singleton_passage,test
GS_burst_0620,GS_Gansu,1,GS_1556,8,{'4.0': 8},4.0,GS_1556_1.jpg;GS_1556_2.jpg;GS_1556_3.jpg,singleton_passage,train
GS_burst_0621,GS_Gansu,1,GS_1557,9,{'4.0': 9},4.0,GS_1557_1.jpg;GS_1557_2.jpg;GS_1557_3.jpg,singleton_passage,val
GS_burst_0622,GS_Gansu,1,GS_1558,9,{'4.0': 9},4.0,GS_1558_1.jpg;GS_1558_2.jpg;GS_1558_3.jpg,singleton_passage,val
GS_burst_0623,GS_Gansu,1,GS_1559,5,{'4.25': 5},4.25,GS_1559_1.jpg;GS_1559_2.jpg;GS_1559_3.jpg,singleton_passage,test
GS_burst_0624,GS_Gansu,1,GS_156,16,{'3.5': 16},3.5,GS_156_1.jpg;GS_156_10.jpg;GS_156_11.jpg,singleton_passage,train
GS_burst_0625,GS_Gansu,1,GS_1560,8,{'4.0': 8},4.0,GS_1560_1.jpg;GS_1560_2.jpg;GS_1560_3.jpg,singleton_passage,train
GS_burst_0626,GS_Gansu,1,GS_1561,4,{'4.0': 4},4.0,GS_1561_1.jpg;GS_1561_2.jpg;GS_1561_3.jpg,singleton_passage,train
GS_burst_0627,GS_Gansu,1,GS_1562,7,{'4.25': 7},4.25,GS_1562_1.jpg;GS_1562_2.jpg;GS_1562_3.jpg,singleton_passage,train
GS_burst_0628,GS_Gansu,1,GS_1563,4,{'3.75': 4},3.75,GS_1563_1.jpg;GS_1563_2.jpg;GS_1563_3.jpg,singleton_passage,train
GS_burst_0629,GS_Gansu,1,GS_1564,7,{'4.25': 7},4.25,GS_1564_1.jpg;GS_1564_2.jpg;GS_1564_3.jpg,singleton_passage,train
GS_burst_0630,GS_Gansu,1,GS_1565,15,{'3.75': 15},3.75,GS_1565_1.jpg;GS_1565_10.jpg;GS_1565_11.jpg,singleton_passage,train
GS_burst_0631,GS_Gansu,1,GS_1566,8,{'4.25': 8},4.25,GS_1566_1.jpg;GS_1566_2.jpg;GS_1566_3.jpg,singleton_passage,train
GS_burst_0632,GS_Gansu,1,GS_1567,8,{'4.0': 8},4.0,GS_1567_1.jpg;GS_1567_2.jpg;GS_1567_3.jpg,singleton_passage,val
GS_burst_0633,GS_Gansu,1,GS_1568,5,{'4.0': 5},4.0,GS_1568_1.jpg;GS_1568_2.jpg;GS_1568_3.jpg,singleton_passage,train
GS_burst_0634,GS_Gansu,1,GS_1569,11,{'4.0': 11},4.0,GS_1569_1.jpg;GS_1569_10.jpg;GS_1569_11.jpg,singleton_passage,test
GS_burst_0635,GS_Gansu,1,GS_157,14,{'3.5': 14},3.5,GS_157_1.jpg;GS_157_10.jpg;GS_157_11.jpg,singleton_passage,train
GS_burst_0636,GS_Gansu,1,GS_1570,18,{'3.5': 18},3.5,GS_1570_1.jpg;GS_1570_10.jpg;GS_1570_11.jpg,singleton_passage,val
GS_burst_0637,GS_Gansu,1,GS_1571,6,{'3.75': 6},3.75,GS_1571_1.jpg;GS_1571_2.jpg;GS_1571_3.jpg,singleton_passage,train
GS_burst_0638,GS_Gansu,1,GS_1572,3,{'3.75': 3},3.75,GS_1572_1.jpg;GS_1572_2.jpg;GS_1572_3.jpg,singleton_passage,train
GS_burst_0639,GS_Gansu,1,GS_1573,8,{'4.0': 8},4.0,GS_1573_1.jpg;GS_1573_2.jpg;GS_1573_3.jpg,singleton_passage,train
GS_burst_0640,GS_Gansu,1,GS_1574,6,{'4.25': 6},4.25,GS_1574_1.jpg;GS_1574_2.jpg;GS_1574_3.jpg,singleton_passage,train
GS_burst_0641,GS_Gansu,1,GS_1575,13,{'4.25': 13},4.25,GS_1575_1.jpg;GS_1575_10.jpg;GS_1575_11.jpg,singleton_passage,val
GS_burst_0642,GS_Gansu,1,GS_1576,14,{'4.25': 14},4.25,GS_1576_1.jpg;GS_1576_10.jpg;GS_1576_11.jpg,singleton_passage,train
GS_burst_0643,GS_Gansu,1,GS_1577,6,{'3.5': 6},3.5,GS_1577_1.jpg;GS_1577_2.jpg;GS_1577_3.jpg,singleton_passage,train
GS_burst_0644,GS_Gansu,1,GS_1578,6,{'3.5': 6},3.5,GS_1578_1.jpg;GS_1578_2.jpg;GS_1578_3.jpg,singleton_passage,train
GS_burst_0645,GS_Gansu,1,GS_1579,8,{'4.0': 8},4.0,GS_1579_1.jpg;GS_1579_2.jpg;GS_1579_3.jpg,singleton_passage,train
GS_burst_0646,GS_Gansu,1,GS_158,5,{'3.75': 5},3.75,GS_158_1.jpg;GS_158_2.jpg;GS_158_3.jpg,singleton_passage,train
GS_burst_0647,GS_Gansu,1,GS_1580,5,{'3.75': 5},3.75,GS_1580_1.jpg;GS_1580_2.jpg;GS_1580_3.jpg,singleton_passage,train
GS_burst_0648,GS_Gansu,1,GS_1581,5,{'3.5': 5},3.5,GS_1581_1.jpg;GS_1581_2.jpg;GS_1581_3.jpg,singleton_passage,train
GS_burst_0649,GS_Gansu,1,GS_1582,5,{'4.0': 5},4.0,GS_1582_1.jpg;GS_1582_2.jpg;GS_1582_3.jpg,singleton_passage,train
GS_burst_0650,GS_Gansu,1,GS_1583,8,{'3.75': 8},3.75,GS_1583_1.jpg;GS_1583_2.jpg;GS_1583_3.jpg,singleton_passage,train
GS_burst_0651,GS_Gansu,1,GS_1584,9,{'3.75': 9},3.75,GS_1584_1.jpg;GS_1584_2.jpg;GS_1584_3.jpg,singleton_passage,train
GS_burst_0652,GS_Gansu,1,GS_1585,8,{'4.0': 8},4.0,GS_1585_1.jpg;GS_1585_2.jpg;GS_1585_3.jpg,singleton_passage,test
GS_burst_0653,GS_Gansu,1,GS_1586,8,{'4.0': 8},4.0,GS_1586_1.jpg;GS_1586_2.jpg;GS_1586_3.jpg,singleton_passage,train
GS_burst_0654,GS_Gansu,1,GS_1587,8,{'4.0': 8},4.0,GS_1587_1.jpg;GS_1587_2.jpg;GS_1587_3.jpg,singleton_passage,test
GS_burst_0655,GS_Gansu,1,GS_1588,10,{'4.25': 10},4.25,GS_1588_1.jpg;GS_1588_10.jpg;GS_1588_2.jpg,singleton_passage,train
GS_burst_0656,GS_Gansu,1,GS_1589,8,{'4.25': 8},4.25,GS_1589_1.jpg;GS_1589_2.jpg;GS_1589_3.jpg,singleton_passage,train
GS_burst_0657,GS_Gansu,1,GS_159,8,{'4.0': 8},4.0,GS_159_1.jpg;GS_159_2.jpg;GS_159_3.jpg,singleton_passage,train
GS_burst_0658,GS_Gansu,1,GS_1590,8,{'3.75': 8},3.75,GS_1590_1.jpg;GS_1590_2.jpg;GS_1590_3.jpg,singleton_passage,train
GS_burst_0659,GS_Gansu,1,GS_1591,3,{'4.0': 3},4.0,GS_1591_1.jpg;GS_1591_2.jpg;GS_1591_3.jpg,singleton_passage,train
GS_burst_0660,GS_Gansu,1,GS_1592,11,{'3.75': 11},3.75,GS_1592_1.jpg;GS_1592_10.jpg;GS_1592_11.jpg,singleton_passage,train
GS_burst_0661,GS_Gansu,1,GS_1593,13,{'4.25': 13},4.25,GS_1593_1.jpg;GS_1593_10.jpg;GS_1593_11.jpg,singleton_passage,train
GS_burst_0662,GS_Gansu,1,GS_1594,8,{'3.75': 8},3.75,GS_1594_1.jpg;GS_1594_2.jpg;GS_1594_3.jpg,singleton_passage,train
GS_burst_0663,GS_Gansu,1,GS_1595,8,{'4.25': 8},4.25,GS_1595_1.jpg;GS_1595_2.jpg;GS_1595_3.jpg,singleton_passage,test
GS_burst_0664,GS_Gansu,1,GS_1596,5,{'4.25': 5},4.25,GS_1596_1.jpg;GS_1596_2.jpg;GS_1596_3.jpg,singleton_passage,train
GS_burst_0665,GS_Gansu,1,GS_1597,8,{'4.0': 8},4.0,GS_1597_1.jpg;GS_1597_2.jpg;GS_1597_3.jpg,singleton_passage,val
GS_burst_0666,GS_Gansu,1,GS_1598,12,{'3.75': 12},3.75,GS_1598_1.jpg;GS_1598_10.jpg;GS_1598_11.jpg,singleton_passage,train
GS_burst_0667,GS_Gansu,1,GS_1599,9,"{'4.0': 8, '4.25': 1}",4.0,GS_1599_2.jpg;GS_1599_3.jpg;GS_1599_4.jpg,singleton_passage,train
GS_burst_0668,GS_Gansu,1,GS_16,8,{'4.0': 8},4.0,GS_16_1.jpg;GS_16_2.jpg;GS_16_3.jpg,singleton_passage,train
GS_burst_0669,GS_Gansu,1,GS_160,8,{'4.0': 8},4.0,GS_160_1.jpg;GS_160_2.jpg;GS_160_3.jpg,singleton_passage,train
GS_burst_0670,GS_Gansu,1,GS_1600,7,{'4.0': 7},4.0,GS_1600_1.jpg;GS_1600_2.jpg;GS_1600_3.jpg,singleton_passage,train
GS_burst_0671,GS_Gansu,1,GS_1601,8,{'4.25': 8},4.25,GS_1601_1.jpg;GS_1601_2.jpg;GS_1601_3.jpg,singleton_passage,train
GS_burst_0672,GS_Gansu,1,GS_1602,15,{'4.25': 15},4.25,GS_1602_1.jpg;GS_1602_10.jpg;GS_1602_11.jpg,singleton_passage,val
GS_burst_0673,GS_Gansu,1,GS_1603,6,{'4.25': 6},4.25,GS_1603_1.jpg;GS_1603_2.jpg;GS_1603_3.jpg,singleton_passage,test
GS_burst_0674,GS_Gansu,1,GS_1604,7,{'4.25': 7},4.25,GS_1604_1.jpg;GS_1604_2.jpg;GS_1604_3.jpg,singleton_passage,train
GS_burst_0675,GS_Gansu,1,GS_1605,8,{'4.25': 8},4.25,GS_1605_1.jpg;GS_1605_2.jpg;GS_1605_3.jpg,singleton_passage,train
GS_burst_0676,GS_Gansu,1,GS_1606,7,{'3.5': 7},3.5,GS_1606_1.jpg;GS_1606_2.jpg;GS_1606_3.jpg,singleton_passage,train
GS_burst_0677,GS_Gansu,1,GS_1607,6,{'4.25': 6},4.25,GS_1607_1.jpg;GS_1607_2.jpg;GS_1607_3.jpg,singleton_passage,train
GS_burst_0678,GS_Gansu,1,GS_1608,6,{'4.25': 6},4.25,GS_1608_1.jpg;GS_1608_2.jpg;GS_1608_3.jpg,singleton_passage,test
GS_burst_0679,GS_Gansu,1,GS_1609,11,{'4.25': 11},4.25,GS_1609_1.jpg;GS_1609_10.jpg;GS_1609_11.jpg,singleton_passage,train
GS_burst_0680,GS_Gansu,1,GS_161,10,{'3.75': 10},3.75,GS_161_1.jpg;GS_161_10.jpg;GS_161_2.jpg,singleton_passage,train
GS_burst_0681,GS_Gansu,1,GS_1610,4,{'4.0': 4},4.0,GS_1610_1.jpg;GS_1610_2.jpg;GS_1610_3.jpg,singleton_passage,train
GS_burst_0682,GS_Gansu,1,GS_1611,12,{'3.5': 12},3.5,GS_1611_1.jpg;GS_1611_10.jpg;GS_1611_11.jpg,singleton_passage,train
GS_burst_0683,GS_Gansu,1,GS_1612,17,{'4.25': 17},4.25,GS_1612_1.jpg;GS_1612_10.jpg;GS_1612_11.jpg,singleton_passage,train
GS_burst_0684,GS_Gansu,1,GS_1613,7,{'4.0': 7},4.0,GS_1613_1.jpg;GS_1613_2.jpg;GS_1613_3.jpg,singleton_passage,test
GS_burst_0685,GS_Gansu,1,GS_1614,12,{'4.25': 12},4.25,GS_1614_1.jpg;GS_1614_10.jpg;GS_1614_11.jpg,singleton_passage,train
GS_burst_0686,GS_Gansu,1,GS_1615,8,{'4.25': 8},4.25,GS_1615_1.jpg;GS_1615_2.jpg;GS_1615_3.jpg,singleton_passage,val
GS_burst_0687,GS_Gansu,1,GS_1616,12,{'4.25': 12},4.25,GS_1616_1.jpg;GS_1616_10.jpg;GS_1616_11.jpg,singleton_passage,train
GS_burst_0688,GS_Gansu,1,GS_1617,6,{'4.25': 6},4.25,GS_1617_1.jpg;GS_1617_2.jpg;GS_1617_3.jpg,singleton_passage,train
GS_burst_0689,GS_Gansu,1,GS_1618,4,{'4.25': 4},4.25,GS_1618_1.jpg;GS_1618_2.jpg;GS_1618_3.jpg,singleton_passage,train
GS_burst_0690,GS_Gansu,1,GS_1619,8,{'3.75': 8},3.75,GS_1619_1.jpg;GS_1619_2.jpg;GS_1619_3.jpg,singleton_passage,train
GS_burst_0691,GS_Gansu,1,GS_162,9,{'4.0': 9},4.0,GS_162_1.jpg;GS_162_2.jpg;GS_162_3.jpg,singleton_passage,train
GS_burst_0692,GS_Gansu,1,GS_1620,3,{'3.5': 3},3.5,GS_1620_1.jpg;GS_1620_2.jpg;GS_1620_3.jpg,singleton_passage,train
GS_burst_0693,GS_Gansu,1,GS_1621,7,{'3.25': 7},3.25,GS_1621_1.jpg;GS_1621_2.jpg;GS_1621_3.jpg,singleton_passage,test
GS_burst_0694,GS_Gansu,1,GS_1622,9,{'4.25': 9},4.25,GS_1622_1.jpg;GS_1622_2.jpg;GS_1622_3.jpg,singleton_passage,train
GS_burst_0695,GS_Gansu,1,GS_1623,6,{'3.5': 6},3.5,GS_1623_1.jpg;GS_1623_2.jpg;GS_1623_3.jpg,singleton_passage,train
GS_burst_0696,GS_Gansu,1,GS_1624,10,{'3.5': 10},3.5,GS_1624_1.jpg;GS_1624_10.jpg;GS_1624_2.jpg,singleton_passage,train
GS_burst_0697,GS_Gansu,1,GS_1625,7,{'4.25': 7},4.25,GS_1625_1.jpg;GS_1625_2.jpg;GS_1625_3.jpg,singleton_passage,train
GS_burst_0698,GS_Gansu,1,GS_1626,8,{'4.25': 8},4.25,GS_1626_1.jpg;GS_1626_2.jpg;GS_1626_3.jpg,singleton_passage,train
GS_burst_0699,GS_Gansu,1,GS_1627,5,{'4.25': 5},4.25,GS_1627_1.jpg;GS_1627_2.jpg;GS_1627_3.jpg,singleton_passage,train
GS_burst_0700,GS_Gansu,1,GS_1628,5,{'4.25': 5},4.25,GS_1628_1.jpg;GS_1628_2.jpg;GS_1628_3.jpg,singleton_passage,train
GS_burst_0701,GS_Gansu,1,GS_1629,6,{'4.25': 6},4.25,GS_1629_1.jpg;GS_1629_2.jpg;GS_1629_3.jpg,singleton_passage,train
GS_burst_0702,GS_Gansu,1,GS_163,11,{'4.0': 11},4.0,GS_163_1.jpg;GS_163_10.jpg;GS_163_11.jpg,singleton_passage,val
GS_burst_0703,GS_Gansu,1,GS_1630,8,{'4.0': 8},4.0,GS_1630_1.jpg;GS_1630_2.jpg;GS_1630_3.jpg,singleton_passage,test
GS_burst_0704,GS_Gansu,1,GS_1631,6,{'3.5': 6},3.5,GS_1631_1.jpg;GS_1631_2.jpg;GS_1631_3.jpg,singleton_passage,test
GS_burst_0705,GS_Gansu,1,GS_1632,8,{'4.25': 8},4.25,GS_1632_1.jpg;GS_1632_2.jpg;GS_1632_3.jpg,singleton_passage,train
GS_burst_0706,GS_Gansu,1,GS_1633,12,{'4.25': 12},4.25,GS_1633_1.jpg;GS_1633_10.jpg;GS_1633_11.jpg,singleton_passage,test
GS_burst_0707,GS_Gansu,1,GS_1634,9,{'3.75': 9},3.75,GS_1634_1.jpg;GS_1634_2.jpg;GS_1634_3.jpg,singleton_passage,train
GS_burst_0708,GS_Gansu,1,GS_1635,8,{'3.5': 8},3.5,GS_1635_1.jpg;GS_1635_2.jpg;GS_1635_3.jpg,singleton_passage,test
GS_burst_0709,GS_Gansu,1,GS_1636,9,{'4.0': 9},4.0,GS_1636_1.jpg;GS_1636_2.jpg;GS_1636_3.jpg,singleton_passage,train
GS_burst_0710,GS_Gansu,1,GS_1637,10,{'3.75': 10},3.75,GS_1637_1.jpg;GS_1637_10.jpg;GS_1637_2.jpg,singleton_passage,train
GS_burst_0711,GS_Gansu,1,GS_1638,8,{'3.75': 8},3.75,GS_1638_1.jpg;GS_1638_2.jpg;GS_1638_3.jpg,singleton_passage,train
GS_burst_0712,GS_Gansu,1,GS_1639,11,{'3.25': 11},3.25,GS_1639_1.jpg;GS_1639_10.jpg;GS_1639_11.jpg,singleton_passage,train
GS_burst_0713,GS_Gansu,1,GS_164,10,{'3.75': 10},3.75,GS_164_1.jpg;GS_164_10.jpg;GS_164_2.jpg,singleton_passage,train
GS_burst_0714,GS_Gansu,1,GS_1640,13,{'3.25': 13},3.25,GS_1640_1.jpg;GS_1640_10.jpg;GS_1640_11.jpg,singleton_passage,train
GS_burst_0715,GS_Gansu,1,GS_1641,8,{'3.5': 8},3.5,GS_1641_1.jpg;GS_1641_2.jpg;GS_1641_3.jpg,singleton_passage,train
GS_burst_0716,GS_Gansu,1,GS_1642,5,{'4.0': 5},4.0,GS_1642_1.jpg;GS_1642_2.jpg;GS_1642_3.jpg,singleton_passage,val
GS_burst_0717,GS_Gansu,1,GS_1643,7,{'3.75': 7},3.75,GS_1643_1.jpg;GS_1643_2.jpg;GS_1643_3.jpg,singleton_passage,train
GS_burst_0718,GS_Gansu,1,GS_1644,5,{'4.0': 5},4.0,GS_1644_1.jpg;GS_1644_2.jpg;GS_1644_3.jpg,singleton_passage,train
GS_burst_0719,GS_Gansu,1,GS_1645,9,{'3.75': 9},3.75,GS_1645_1.jpg;GS_1645_2.jpg;GS_1645_3.jpg,singleton_passage,test
GS_burst_0720,GS_Gansu,1,GS_1646,7,{'3.75': 7},3.75,GS_1646_1.jpg;GS_1646_2.jpg;GS_1646_3.jpg,singleton_passage,train
GS_burst_0721,GS_Gansu,1,GS_1647,8,{'3.75': 8},3.75,GS_1647_1.jpg;GS_1647_2.jpg;GS_1647_3.jpg,singleton_passage,train
GS_burst_0722,GS_Gansu,1,GS_1648,9,{'3.5': 9},3.5,GS_1648_1.jpg;GS_1648_2.jpg;GS_1648_3.jpg,singleton_passage,train
GS_burst_0723,GS_Gansu,1,GS_1649,7,{'3.75': 7},3.75,GS_1649_1.jpg;GS_1649_2.jpg;GS_1649_3.jpg,singleton_passage,train
GS_burst_0724,GS_Gansu,1,GS_165,8,{'3.75': 8},3.75,GS_165_1.jpg;GS_165_2.jpg;GS_165_3.jpg,singleton_passage,train
GS_burst_0725,GS_Gansu,1,GS_1650,7,{'3.75': 7},3.75,GS_1650_1.jpg;GS_1650_2.jpg;GS_1650_3.jpg,singleton_passage,train
GS_burst_0726,GS_Gansu,1,GS_1651,9,{'3.75': 9},3.75,GS_1651_1.jpg;GS_1651_2.jpg;GS_1651_3.jpg,singleton_passage,val
GS_burst_0727,GS_Gansu,1,GS_1652,7,{'3.25': 7},3.25,GS_1652_1.jpg;GS_1652_2.jpg;GS_1652_3.jpg,singleton_passage,test
GS_burst_0728,GS_Gansu,1,GS_1653,8,{'4.0': 8},4.0,GS_1653_1.jpg;GS_1653_2.jpg;GS_1653_3.jpg,singleton_passage,train
GS_burst_0729,GS_Gansu,1,GS_1654,6,{'3.5': 6},3.5,GS_1654_1.jpg;GS_1654_2.jpg;GS_1654_3.jpg,singleton_passage,val
GS_burst_0730,GS_Gansu,1,GS_1655,8,{'4.25': 8},4.25,GS_1655_1.jpg;GS_1655_2.jpg;GS_1655_3.jpg,singleton_passage,train
GS_burst_0731,GS_Gansu,1,GS_1656,12,{'3.75': 12},3.75,GS_1656_1.jpg;GS_1656_10.jpg;GS_1656_11.jpg,singleton_passage,val
GS_burst_0732,GS_Gansu,1,GS_1657,13,{'4.25': 13},4.25,GS_1657_1.jpg;GS_1657_10.jpg;GS_1657_11.jpg,singleton_passage,test
GS_burst_0733,GS_Gansu,1,GS_1658,8,{'3.75': 8},3.75,GS_1658_1.jpg;GS_1658_2.jpg;GS_1658_3.jpg,singleton_passage,train
GS_burst_0734,GS_Gansu,1,GS_1659,12,{'4.0': 12},4.0,GS_1659_1.jpg;GS_1659_10.jpg;GS_1659_11.jpg,singleton_passage,train
GS_burst_0735,GS_Gansu,1,GS_166,14,{'3.75': 14},3.75,GS_166_1.jpg;GS_166_10.jpg;GS_166_11.jpg,singleton_passage,train
GS_burst_0736,GS_Gansu,1,GS_1660,9,{'3.75': 9},3.75,GS_1660_1.jpg;GS_1660_2.jpg;GS_1660_3.jpg,singleton_passage,train
GS_burst_0737,GS_Gansu,1,GS_1661,9,{'4.25': 9},4.25,GS_1661_1.jpg;GS_1661_2.jpg;GS_1661_3.jpg,singleton_passage,train
GS_burst_0738,GS_Gansu,1,GS_1662,9,{'3.75': 9},3.75,GS_1662_1.jpg;GS_1662_2.jpg;GS_1662_3.jpg,singleton_passage,train
GS_burst_0739,GS_Gansu,1,GS_1663,8,{'4.0': 8},4.0,GS_1663_1.jpg;GS_1663_2.jpg;GS_1663_3.jpg,singleton_passage,train
GS_burst_0740,GS_Gansu,1,GS_1664,5,{'4.25': 5},4.25,GS_1664_1.jpg;GS_1664_2.jpg;GS_1664_3.jpg,singleton_passage,train
GS_burst_0741,GS_Gansu,1,GS_1665,9,{'3.5': 9},3.5,GS_1665_1.jpg;GS_1665_2.jpg;GS_1665_3.jpg,singleton_passage,train
GS_burst_0742,GS_Gansu,1,GS_1666,8,{'4.0': 8},4.0,GS_1666_1.jpg;GS_1666_2.jpg;GS_1666_3.jpg,singleton_passage,train
GS_burst_0743,GS_Gansu,1,GS_1667,4,{'3.5': 4},3.5,GS_1667_1.jpg;GS_1667_2.jpg;GS_1667_3.jpg,singleton_passage,val
GS_burst_0744,GS_Gansu,1,GS_1668,13,{'4.25': 13},4.25,GS_1668_1.jpg;GS_1668_10.jpg;GS_1668_11.jpg,singleton_passage,train
GS_burst_0745,GS_Gansu,1,GS_1669,4,{'3.75': 4},3.75,GS_1669_1.jpg;GS_1669_2.jpg;GS_1669_3.jpg,singleton_passage,train
GS_burst_0746,GS_Gansu,1,GS_167,7,{'3.75': 7},3.75,GS_167_1.jpg;GS_167_2.jpg;GS_167_3.jpg,singleton_passage,train
GS_burst_0747,GS_Gansu,1,GS_1670,6,{'3.5': 6},3.5,GS_1670_1.jpg;GS_1670_2.jpg;GS_1670_3.jpg,singleton_passage,train
GS_burst_0748,GS_Gansu,1,GS_1671,10,{'3.75': 10},3.75,GS_1671_1.jpg;GS_1671_10.jpg;GS_1671_2.jpg,singleton_passage,train
GS_burst_0749,GS_Gansu,1,GS_1672,5,{'3.5': 5},3.5,GS_1672_1.jpg;GS_1672_2.jpg;GS_1672_3.jpg,singleton_passage,train
GS_burst_0750,GS_Gansu,1,GS_1673,8,{'3.25': 8},3.25,GS_1673_1.jpg;GS_1673_2.jpg;GS_1673_3.jpg,singleton_passage,train
GS_burst_0751,GS_Gansu,1,GS_1674,5,{'3.5': 5},3.5,GS_1674_1.jpg;GS_1674_2.jpg;GS_1674_3.jpg,singleton_passage,train
GS_burst_0752,GS_Gansu,1,GS_1675,3,{'3.75': 3},3.75,GS_1675_1.jpg;GS_1675_2.jpg;GS_1675_3.jpg,singleton_passage,train
GS_burst_0753,GS_Gansu,1,GS_1676,9,{'4.0': 9},4.0,GS_1676_1.jpg;GS_1676_2.jpg;GS_1676_3.jpg,singleton_passage,train
GS_burst_0754,GS_Gansu,1,GS_1677,6,{'3.75': 6},3.75,GS_1677_1.jpg;GS_1677_2.jpg;GS_1677_3.jpg,singleton_passage,test
GS_burst_0755,GS_Gansu,1,GS_1678,5,{'3.5': 5},3.5,GS_1678_1.jpg;GS_1678_2.jpg;GS_1678_3.jpg,singleton_passage,train
GS_burst_0756,GS_Gansu,1,GS_1679,5,{'3.25': 5},3.25,GS_1679_1.jpg;GS_1679_2.jpg;GS_1679_3.jpg,singleton_passage,train
GS_burst_0757,GS_Gansu,1,GS_168,14,{'4.0': 14},4.0,GS_168_1.jpg;GS_168_10.jpg;GS_168_11.jpg,singleton_passage,train
GS_burst_0758,GS_Gansu,1,GS_1680,4,{'3.5': 4},3.5,GS_1680_1.jpg;GS_1680_2.jpg;GS_1680_3.jpg,singleton_passage,train
GS_burst_0759,GS_Gansu,1,GS_1681,5,{'4.25': 5},4.25,GS_1681_1.jpg;GS_1681_2.jpg;GS_1681_3.jpg,singleton_passage,train
GS_burst_0760,GS_Gansu,1,GS_1682,6,{'4.0': 6},4.0,GS_1682_1.jpg;GS_1682_2.jpg;GS_1682_3.jpg,singleton_passage,train
GS_burst_0761,GS_Gansu,1,GS_1683,7,{'4.0': 7},4.0,GS_1683_1.jpg;GS_1683_2.jpg;GS_1683_3.jpg,singleton_passage,train
GS_burst_0762,GS_Gansu,1,GS_1684,4,{'4.25': 4},4.25,GS_1684_1.jpg;GS_1684_2.jpg;GS_1684_3.jpg,singleton_passage,train
GS_burst_0763,GS_Gansu,1,GS_1685,11,{'3.25': 11},3.25,GS_1685_1.jpg;GS_1685_10.jpg;GS_1685_11.jpg,singleton_passage,train
GS_burst_0764,GS_Gansu,1,GS_1686,9,{'3.25': 9},3.25,GS_1686_1.jpg;GS_1686_2.jpg;GS_1686_3.jpg,singleton_passage,train
GS_burst_0765,GS_Gansu,1,GS_1687,8,{'3.25': 8},3.25,GS_1687_1.jpg;GS_1687_2.jpg;GS_1687_3.jpg,singleton_passage,train
GS_burst_0766,GS_Gansu,1,GS_1688,13,{'3.5': 13},3.5,GS_1688_1.jpg;GS_1688_10.jpg;GS_1688_11.jpg,singleton_passage,val
GS_burst_0767,GS_Gansu,1,GS_1689,4,{'4.0': 4},4.0,GS_1689_1.jpg;GS_1689_2.jpg;GS_1689_3.jpg,singleton_passage,train
GS_burst_0768,GS_Gansu,1,GS_169,18,{'3.75': 18},3.75,GS_169_1.jpg;GS_169_10.jpg;GS_169_11.jpg,singleton_passage,train
GS_burst_0769,GS_Gansu,1,GS_1690,7,{'3.5': 7},3.5,GS_1690_1.jpg;GS_1690_2.jpg;GS_1690_3.jpg,singleton_passage,train
GS_burst_0770,GS_Gansu,1,GS_1691,8,"{'3.5': 1, '3.75': 7}",3.75,GS_1691_1.jpg;GS_1691_2.jpg;GS_1691_3.jpg,singleton_passage,train
GS_burst_0771,GS_Gansu,1,GS_1692,8,{'3.75': 8},3.75,GS_1692_1.jpg;GS_1692_2.jpg;GS_1692_3.jpg,singleton_passage,train
GS_burst_0772,GS_Gansu,1,GS_1693,7,{'4.0': 7},4.0,GS_1693_1.jpg;GS_1693_2.jpg;GS_1693_3.jpg,singleton_passage,train
GS_burst_0773,GS_Gansu,1,GS_1694,9,{'3.75': 9},3.75,GS_1694_1.jpg;GS_1694_2.jpg;GS_1694_3.jpg,singleton_passage,train
GS_burst_0774,GS_Gansu,1,GS_1695,9,{'4.25': 9},4.25,GS_1695_1.jpg;GS_1695_2.jpg;GS_1695_3.jpg,singleton_passage,train
GS_burst_0775,GS_Gansu,1,GS_1696,10,{'4.0': 10},4.0,GS_1696_1.jpg;GS_1696_10.jpg;GS_1696_2.jpg,singleton_passage,train
GS_burst_0776,GS_Gansu,1,GS_1697,10,{'4.0': 10},4.0,GS_1697_1.jpg;GS_1697_10.jpg;GS_1697_2.jpg,singleton_passage,train
GS_burst_0777,GS_Gansu,1,GS_1698,6,{'3.75': 6},3.75,GS_1698_1.jpg;GS_1698_2.jpg;GS_1698_3.jpg,singleton_passage,train
GS_burst_0778,GS_Gansu,1,GS_1699,5,{'3.75': 5},3.75,GS_1699_1.jpg;GS_1699_2.jpg;GS_1699_3.jpg,singleton_passage,train
GS_burst_0779,GS_Gansu,1,GS_17,6,{'4.25': 6},4.25,GS_17_1.jpg;GS_17_2.jpg;GS_17_3.jpg,singleton_passage,train
GS_burst_0780,GS_Gansu,1,GS_170,8,{'3.75': 8},3.75,GS_170_1.jpg;GS_170_2.jpg;GS_170_3.jpg,singleton_passage,train
GS_burst_0781,GS_Gansu,1,GS_1700,16,{'4.0': 16},4.0,GS_1700_1.jpg;GS_1700_10.jpg;GS_1700_11.jpg,singleton_passage,train
GS_burst_0782,GS_Gansu,1,GS_1701,5,{'4.25': 5},4.25,GS_1701_1.jpg;GS_1701_2.jpg;GS_1701_3.jpg,singleton_passage,val
GS_burst_0783,GS_Gansu,1,GS_1702,5,{'4.25': 5},4.25,GS_1702_1.jpg;GS_1702_2.jpg;GS_1702_3.jpg,singleton_passage,test
GS_burst_0784,GS_Gansu,1,GS_1703,5,{'4.0': 5},4.0,GS_1703_1.jpg;GS_1703_2.jpg;GS_1703_3.jpg,singleton_passage,train
GS_burst_0785,GS_Gansu,1,GS_1704,7,{'3.5': 7},3.5,GS_1704_1.jpg;GS_1704_2.jpg;GS_1704_3.jpg,singleton_passage,train
GS_burst_0786,GS_Gansu,1,GS_1705,5,{'4.25': 5},4.25,GS_1705_1.jpg;GS_1705_2.jpg;GS_1705_3.jpg,singleton_passage,test
GS_burst_0787,GS_Gansu,1,GS_1706,7,{'4.25': 7},4.25,GS_1706_1.jpg;GS_1706_2.jpg;GS_1706_3.jpg,singleton_passage,train
GS_burst_0788,GS_Gansu,1,GS_1707,10,{'4.0': 10},4.0,GS_1707_1.jpg;GS_1707_10.jpg;GS_1707_2.jpg,singleton_passage,train
GS_burst_0789,GS_Gansu,1,GS_1708,9,{'4.0': 9},4.0,GS_1708_1.jpg;GS_1708_2.jpg;GS_1708_3.jpg,singleton_passage,test
GS_burst_0790,GS_Gansu,1,GS_1709,4,{'4.25': 4},4.25,GS_1709_1.jpg;GS_1709_2.jpg;GS_1709_3.jpg,singleton_passage,train
GS_burst_0791,GS_Gansu,1,GS_171,6,{'3.75': 6},3.75,GS_171_1.jpg;GS_171_2.jpg;GS_171_3.jpg,singleton_passage,train
GS_burst_0792,GS_Gansu,1,GS_1710,6,{'3.75': 6},3.75,GS_1710_1.jpg;GS_1710_2.jpg;GS_1710_3.jpg,singleton_passage,train
GS_burst_0793,GS_Gansu,1,GS_1711,8,"{'4.0': 1, '4.25': 7}",4.25,GS_1711_2.jpg;GS_1711_1.jpg;GS_1711_3.jpg,singleton_passage,train
GS_burst_0794,GS_Gansu,1,GS_1712,6,{'4.25': 6},4.25,GS_1712_1.jpg;GS_1712_2.jpg;GS_1712_3.jpg,singleton_passage,train
GS_burst_0795,GS_Gansu,1,GS_1713,12,{'4.0': 12},4.0,GS_1713_1.jpg;GS_1713_10.jpg;GS_1713_11.jpg,singleton_passage,val
GS_burst_0796,GS_Gansu,1,GS_1714,11,{'4.0': 11},4.0,GS_1714_1.jpg;GS_1714_10.jpg;GS_1714_11.jpg,singleton_passage,val
GS_burst_0797,GS_Gansu,1,GS_1715,8,{'3.5': 8},3.5,GS_1715_1.jpg;GS_1715_2.jpg;GS_1715_3.jpg,singleton_passage,train
GS_burst_0798,GS_Gansu,1,GS_1716,13,{'4.25': 13},4.25,GS_1716_1.jpg;GS_1716_10.jpg;GS_1716_11.jpg,singleton_passage,test
GS_burst_0799,GS_Gansu,1,GS_1717,10,{'4.25': 10},4.25,GS_1717_1.jpg;GS_1717_10.jpg;GS_1717_2.jpg,singleton_passage,val
GS_burst_0800,GS_Gansu,1,GS_1718,8,{'3.5': 8},3.5,GS_1718_1.jpg;GS_1718_2.jpg;GS_1718_3.jpg,singleton_passage,train
GS_burst_0801,GS_Gansu,1,GS_1719,8,{'3.75': 8},3.75,GS_1719_1.jpg;GS_1719_2.jpg;GS_1719_3.jpg,singleton_passage,train
GS_burst_0802,GS_Gansu,1,GS_172,8,{'3.75': 8},3.75,GS_172_1.jpg;GS_172_2.jpg;GS_172_3.jpg,singleton_passage,train
GS_burst_0803,GS_Gansu,1,GS_1720,8,{'3.5': 8},3.5,GS_1720_1.jpg;GS_1720_2.jpg;GS_1720_3.jpg,singleton_passage,train
GS_burst_0804,GS_Gansu,1,GS_1721,4,{'4.0': 4},4.0,GS_1721_1.jpg;GS_1721_2.jpg;GS_1721_3.jpg,singleton_passage,train
GS_burst_0805,GS_Gansu,1,GS_1722,14,{'4.25': 14},4.25,GS_1722_1.jpg;GS_1722_10.jpg;GS_1722_11.jpg,singleton_passage,train
GS_burst_0806,GS_Gansu,1,GS_1723,8,{'4.0': 8},4.0,GS_1723_1.jpg;GS_1723_2.jpg;GS_1723_3.jpg,singleton_passage,train
GS_burst_0807,GS_Gansu,1,GS_1724,13,{'4.25': 13},4.25,GS_1724_1.jpg;GS_1724_10.jpg;GS_1724_11.jpg,singleton_passage,val
GS_burst_0808,GS_Gansu,1,GS_1725,9,{'3.5': 9},3.5,GS_1725_1.jpg;GS_1725_2.jpg;GS_1725_3.jpg,singleton_passage,train
GS_burst_0809,GS_Gansu,1,GS_1726,9,{'3.75': 9},3.75,GS_1726_1.jpg;GS_1726_2.jpg;GS_1726_3.jpg,singleton_passage,train
GS_burst_0810,GS_Gansu,1,GS_1727,9,{'3.75': 9},3.75,GS_1727_1.jpg;GS_1727_2.jpg;GS_1727_3.jpg,singleton_passage,train
GS_burst_0811,GS_Gansu,1,GS_1728,11,{'3.75': 11},3.75,GS_1728_1.jpg;GS_1728_10.jpg;GS_1728_11.jpg,singleton_passage,train
GS_burst_0812,GS_Gansu,1,GS_1729,9,{'4.0': 9},4.0,GS_1729_1.jpg;GS_1729_2.jpg;GS_1729_3.jpg,singleton_passage,val
GS_burst_0813,GS_Gansu,1,GS_173,5,{'3.75': 5},3.75,GS_173_1.jpg;GS_173_2.jpg;GS_173_3.jpg,singleton_passage,train
GS_burst_0814,GS_Gansu,1,GS_1730,12,{'4.0': 12},4.0,GS_1730_1.jpg;GS_1730_10.jpg;GS_1730_11.jpg,singleton_passage,train
GS_burst_0815,GS_Gansu,1,GS_1731,10,{'3.5': 10},3.5,GS_1731_1.jpg;GS_1731_10.jpg;GS_1731_2.jpg,singleton_passage,val
GS_burst_0816,GS_Gansu,1,GS_1732,13,{'3.75': 13},3.75,GS_1732_1.jpg;GS_1732_10.jpg;GS_1732_11.jpg,singleton_passage,test
GS_burst_0817,GS_Gansu,1,GS_1733,5,{'3.75': 5},3.75,GS_1733_1.jpg;GS_1733_2.jpg;GS_1733_3.jpg,singleton_passage,train
GS_burst_0818,GS_Gansu,1,GS_1734,8,{'3.75': 8},3.75,GS_1734_1.jpg;GS_1734_2.jpg;GS_1734_3.jpg,singleton_passage,test
GS_burst_0819,GS_Gansu,1,GS_1735,7,{'3.75': 7},3.75,GS_1735_1.jpg;GS_1735_2.jpg;GS_1735_3.jpg,singleton_passage,train
GS_burst_0820,GS_Gansu,1,GS_1736,12,{'3.75': 12},3.75,GS_1736_1.jpg;GS_1736_10.jpg;GS_1736_11.jpg,singleton_passage,train
GS_burst_0821,GS_Gansu,1,GS_1737,13,{'4.0': 13},4.0,GS_1737_1.jpg;GS_1737_10.jpg;GS_1737_11.jpg,singleton_passage,train
GS_burst_0822,GS_Gansu,1,GS_1738,11,{'3.5': 11},3.5,GS_1738_1.jpg;GS_1738_10.jpg;GS_1738_11.jpg,singleton_passage,train
GS_burst_0823,GS_Gansu,1,GS_1739,11,{'3.5': 11},3.5,GS_1739_1.jpg;GS_1739_10.jpg;GS_1739_11.jpg,singleton_passage,train
GS_burst_0824,GS_Gansu,1,GS_174,5,{'3.75': 5},3.75,GS_174_1.jpg;GS_174_2.jpg;GS_174_3.jpg,singleton_passage,train
GS_burst_0825,GS_Gansu,1,GS_1740,11,{'4.25': 11},4.25,GS_1740_1.jpg;GS_1740_10.jpg;GS_1740_11.jpg,singleton_passage,train
GS_burst_0826,GS_Gansu,1,GS_1741,7,{'3.75': 7},3.75,GS_1741_1.jpg;GS_1741_2.jpg;GS_1741_3.jpg,singleton_passage,train
GS_burst_0827,GS_Gansu,1,GS_1742,5,{'3.75': 5},3.75,GS_1742_1.jpg;GS_1742_2.jpg;GS_1742_3.jpg,singleton_passage,test
GS_burst_0828,GS_Gansu,1,GS_1743,9,{'4.0': 9},4.0,GS_1743_1.jpg;GS_1743_2.jpg;GS_1743_3.jpg,singleton_passage,train
GS_burst_0829,GS_Gansu,1,GS_1744,10,{'3.75': 10},3.75,GS_1744_1.jpg;GS_1744_10.jpg;GS_1744_2.jpg,singleton_passage,train
GS_burst_0830,GS_Gansu,1,GS_1745,6,{'4.25': 6},4.25,GS_1745_1.jpg;GS_1745_2.jpg;GS_1745_3.jpg,singleton_passage,train
GS_burst_0831,GS_Gansu,1,GS_1746,9,{'4.0': 9},4.0,GS_1746_1.jpg;GS_1746_2.jpg;GS_1746_3.jpg,singleton_passage,val
GS_burst_0832,GS_Gansu,1,GS_1747,12,{'4.25': 12},4.25,GS_1747_1.jpg;GS_1747_10.jpg;GS_1747_11.jpg,singleton_passage,train
GS_burst_0833,GS_Gansu,1,GS_1748,10,{'4.25': 10},4.25,GS_1748_1.jpg;GS_1748_10.jpg;GS_1748_2.jpg,singleton_passage,train
GS_burst_0834,GS_Gansu,1,GS_1749,11,{'4.25': 11},4.25,GS_1749_1.jpg;GS_1749_10.jpg;GS_1749_11.jpg,singleton_passage,train
GS_burst_0835,GS_Gansu,1,GS_175,12,{'3.75': 12},3.75,GS_175_1.jpg;GS_175_10.jpg;GS_175_11.jpg,singleton_passage,train
GS_burst_0836,GS_Gansu,1,GS_1750,10,{'3.5': 10},3.5,GS_1750_1.jpg;GS_1750_10.jpg;GS_1750_2.jpg,singleton_passage,train
GS_burst_0837,GS_Gansu,1,GS_1751,8,"{'3.25': 1, '3.5': 7}",3.5,GS_1751_1.jpg;GS_1751_2.jpg;GS_1751_3.jpg,singleton_passage,test
GS_burst_0838,GS_Gansu,1,GS_1752,10,{'4.0': 10},4.0,GS_1752_1.jpg;GS_1752_10.jpg;GS_1752_2.jpg,singleton_passage,train
GS_burst_0839,GS_Gansu,1,GS_1753,9,{'4.25': 9},4.25,GS_1753_1.jpg;GS_1753_2.jpg;GS_1753_3.jpg,singleton_passage,train
GS_burst_0840,GS_Gansu,1,GS_1754,8,{'3.75': 8},3.75,GS_1754_1.jpg;GS_1754_2.jpg;GS_1754_3.jpg,singleton_passage,val
GS_burst_0841,GS_Gansu,1,GS_1755,11,{'3.75': 11},3.75,GS_1755_1.jpg;GS_1755_10.jpg;GS_1755_11.jpg,singleton_passage,test
GS_burst_0842,GS_Gansu,1,GS_1756,10,{'3.75': 10},3.75,GS_1756_1.jpg;GS_1756_10.jpg;GS_1756_2.jpg,singleton_passage,test
GS_burst_0843,GS_Gansu,1,GS_1757,5,{'3.75': 5},3.75,GS_1757_1.jpg;GS_1757_2.jpg;GS_1757_3.jpg,singleton_passage,train
GS_burst_0844,GS_Gansu,1,GS_1758,10,{'4.0': 10},4.0,GS_1758_1.jpg;GS_1758_10.jpg;GS_1758_2.jpg,singleton_passage,train
GS_burst_0845,GS_Gansu,1,GS_1759,8,{'3.75': 8},3.75,GS_1759_1.jpg;GS_1759_2.jpg;GS_1759_3.jpg,singleton_passage,train
GS_burst_0846,GS_Gansu,1,GS_176,12,{'3.75': 12},3.75,GS_176_1.jpg;GS_176_10.jpg;GS_176_11.jpg,singleton_passage,train
GS_burst_0847,GS_Gansu,1,GS_1760,9,{'3.25': 9},3.25,GS_1760_1.jpg;GS_1760_2.jpg;GS_1760_3.jpg,singleton_passage,val
GS_burst_0848,GS_Gansu,1,GS_1761,10,{'3.75': 10},3.75,GS_1761_1.jpg;GS_1761_10.jpg;GS_1761_2.jpg,singleton_passage,test
GS_burst_0849,GS_Gansu,1,GS_1762,11,{'3.5': 11},3.5,GS_1762_1.jpg;GS_1762_10.jpg;GS_1762_11.jpg,singleton_passage,train
GS_burst_0850,GS_Gansu,1,GS_1763,8,{'3.5': 8},3.5,GS_1763_1.jpg;GS_1763_2.jpg;GS_1763_3.jpg,singleton_passage,train
GS_burst_0851,GS_Gansu,1,GS_1764,10,{'4.0': 10},4.0,GS_1764_1.jpg;GS_1764_10.jpg;GS_1764_2.jpg,singleton_passage,train
GS_burst_0852,GS_Gansu,1,GS_1765,6,{'4.0': 6},4.0,GS_1765_1.jpg;GS_1765_2.jpg;GS_1765_3.jpg,singleton_passage,train
GS_burst_0853,GS_Gansu,1,GS_1766,11,{'3.75': 11},3.75,GS_1766_1.jpg;GS_1766_10.jpg;GS_1766_11.jpg,singleton_passage,train
GS_burst_0854,GS_Gansu,1,GS_1767,7,{'4.25': 7},4.25,GS_1767_1.jpg;GS_1767_2.jpg;GS_1767_3.jpg,singleton_passage,train
GS_burst_0855,GS_Gansu,1,GS_1768,8,{'4.25': 8},4.25,GS_1768_1.jpg;GS_1768_2.jpg;GS_1768_3.jpg,singleton_passage,train
GS_burst_0856,GS_Gansu,1,GS_1769,8,{'4.25': 8},4.25,GS_1769_1.jpg;GS_1769_2.jpg;GS_1769_3.jpg,singleton_passage,train
GS_burst_0857,GS_Gansu,1,GS_177,10,{'3.75': 10},3.75,GS_177_1.jpg;GS_177_10.jpg;GS_177_2.jpg,singleton_passage,train
GS_burst_0858,GS_Gansu,1,GS_1770,5,{'4.25': 5},4.25,GS_1770_1.jpg;GS_1770_2.jpg;GS_1770_3.jpg,singleton_passage,train
GS_burst_0859,GS_Gansu,1,GS_1771,12,{'4.0': 12},4.0,GS_1771_1.jpg;GS_1771_10.jpg;GS_1771_11.jpg,singleton_passage,test
GS_burst_0860,GS_Gansu,1,GS_1772,5,{'4.25': 5},4.25,GS_1772_1.jpg;GS_1772_2.jpg;GS_1772_3.jpg,singleton_passage,val
GS_burst_0861,GS_Gansu,1,GS_1773,8,{'4.25': 8},4.25,GS_1773_1.jpg;GS_1773_2.jpg;GS_1773_3.jpg,singleton_passage,test
GS_burst_0862,GS_Gansu,1,GS_1774,7,{'3.25': 7},3.25,GS_1774_1.jpg;GS_1774_2.jpg;GS_1774_3.jpg,singleton_passage,val
GS_burst_0863,GS_Gansu,1,GS_1775,9,{'3.75': 9},3.75,GS_1775_1.jpg;GS_1775_2.jpg;GS_1775_3.jpg,singleton_passage,val
GS_burst_0864,GS_Gansu,1,GS_1776,10,{'4.0': 10},4.0,GS_1776_1.jpg;GS_1776_10.jpg;GS_1776_2.jpg,singleton_passage,train
GS_burst_0865,GS_Gansu,1,GS_1777,12,{'4.25': 12},4.25,GS_1777_1.jpg;GS_1777_10.jpg;GS_1777_11.jpg,singleton_passage,val
GS_burst_0866,GS_Gansu,1,GS_1778,10,{'3.5': 10},3.5,GS_1778_1.jpg;GS_1778_10.jpg;GS_1778_2.jpg,singleton_passage,train
GS_burst_0867,GS_Gansu,1,GS_1779,5,{'3.5': 5},3.5,GS_1779_1.jpg;GS_1779_2.jpg;GS_1779_3.jpg,singleton_passage,train
GS_burst_0868,GS_Gansu,1,GS_178,15,{'3.75': 15},3.75,GS_178_1.jpg;GS_178_10.jpg;GS_178_11.jpg,singleton_passage,train
GS_burst_0869,GS_Gansu,1,GS_1780,10,{'4.25': 10},4.25,GS_1780_1.jpg;GS_1780_10.jpg;GS_1780_2.jpg,singleton_passage,train
GS_burst_0870,GS_Gansu,1,GS_1781,11,{'3.5': 11},3.5,GS_1781_1.jpg;GS_1781_10.jpg;GS_1781_11.jpg,singleton_passage,test
GS_burst_0871,GS_Gansu,1,GS_1782,7,{'4.0': 7},4.0,GS_1782_1.jpg;GS_1782_2.jpg;GS_1782_3.jpg,singleton_passage,train
GS_burst_0872,GS_Gansu,1,GS_1783,7,{'3.5': 7},3.5,GS_1783_1.jpg;GS_1783_2.jpg;GS_1783_3.jpg,singleton_passage,train
GS_burst_0873,GS_Gansu,1,GS_1784,9,{'4.0': 9},4.0,GS_1784_1.jpg;GS_1784_2.jpg;GS_1784_3.jpg,singleton_passage,train
GS_burst_0874,GS_Gansu,1,GS_1785,10,{'4.25': 10},4.25,GS_1785_1.jpg;GS_1785_10.jpg;GS_1785_2.jpg,singleton_passage,train
GS_burst_0875,GS_Gansu,1,GS_1786,9,{'3.75': 9},3.75,GS_1786_1.jpg;GS_1786_2.jpg;GS_1786_3.jpg,singleton_passage,val
GS_burst_0876,GS_Gansu,1,GS_1787,9,{'4.25': 9},4.25,GS_1787_1.jpg;GS_1787_2.jpg;GS_1787_3.jpg,singleton_passage,train
GS_burst_0877,GS_Gansu,1,GS_1788,9,{'3.75': 9},3.75,GS_1788_1.jpg;GS_1788_2.jpg;GS_1788_3.jpg,singleton_passage,train
GS_burst_0878,GS_Gansu,1,GS_1789,8,{'4.0': 8},4.0,GS_1789_1.jpg;GS_1789_2.jpg;GS_1789_3.jpg,singleton_passage,val
GS_burst_0879,GS_Gansu,1,GS_179,9,{'3.75': 9},3.75,GS_179_1.jpg;GS_179_2.jpg;GS_179_3.jpg,singleton_passage,val
GS_burst_0880,GS_Gansu,1,GS_1790,12,{'3.25': 12},3.25,GS_1790_1.jpg;GS_1790_10.jpg;GS_1790_11.jpg,singleton_passage,train
GS_burst_0881,GS_Gansu,1,GS_1791,6,{'4.0': 6},4.0,GS_1791_1.jpg;GS_1791_2.jpg;GS_1791_3.jpg,singleton_passage,train
GS_burst_0882,GS_Gansu,1,GS_1792,8,{'3.5': 8},3.5,GS_1792_1.jpg;GS_1792_2.jpg;GS_1792_3.jpg,singleton_passage,test
GS_burst_0883,GS_Gansu,1,GS_1793,11,{'4.25': 11},4.25,GS_1793_1.jpg;GS_1793_10.jpg;GS_1793_11.jpg,singleton_passage,test
GS_burst_0884,GS_Gansu,1,GS_1794,5,{'4.25': 5},4.25,GS_1794_1.jpg;GS_1794_2.jpg;GS_1794_3.jpg,singleton_passage,train
GS_burst_0885,GS_Gansu,1,GS_1795,13,{'3.5': 13},3.5,GS_1795_1.jpg;GS_1795_10.jpg;GS_1795_11.jpg,singleton_passage,train
GS_burst_0886,GS_Gansu,1,GS_1796,8,{'3.75': 8},3.75,GS_1796_1.jpg;GS_1796_2.jpg;GS_1796_3.jpg,singleton_passage,train
GS_burst_0887,GS_Gansu,1,GS_1797,6,{'3.75': 6},3.75,GS_1797_1.jpg;GS_1797_2.jpg;GS_1797_3.jpg,singleton_passage,train
GS_burst_0888,GS_Gansu,1,GS_1798,10,{'4.0': 10},4.0,GS_1798_1.jpg;GS_1798_10.jpg;GS_1798_2.jpg,singleton_passage,train
GS_burst_0889,GS_Gansu,1,GS_1799,8,{'4.25': 8},4.25,GS_1799_1.jpg;GS_1799_2.jpg;GS_1799_3.jpg,singleton_passage,train
GS_burst_0890,GS_Gansu,1,GS_18,3,{'4.25': 3},4.25,GS_18_1.jpg;GS_18_2.jpg;GS_18_3.jpg,singleton_passage,train
GS_burst_0891,GS_Gansu,1,GS_180,5,{'3.5': 5},3.5,GS_180_1.jpg;GS_180_2.jpg;GS_180_3.jpg,singleton_passage,train
GS_burst_0892,GS_Gansu,1,GS_1800,12,{'4.0': 12},4.0,GS_1800_1.jpg;GS_1800_10.jpg;GS_1800_11.jpg,singleton_passage,test
GS_burst_0893,GS_Gansu,1,GS_1801,8,{'3.75': 8},3.75,GS_1801_1.jpg;GS_1801_2.jpg;GS_1801_3.jpg,singleton_passage,train
GS_burst_0894,GS_Gansu,1,GS_1802,9,{'3.5': 9},3.5,GS_1802_1.jpg;GS_1802_2.jpg;GS_1802_3.jpg,singleton_passage,train
GS_burst_0895,GS_Gansu,1,GS_1803,8,{'4.0': 8},4.0,GS_1803_1.jpg;GS_1803_2.jpg;GS_1803_3.jpg,singleton_passage,train
GS_burst_0896,GS_Gansu,1,GS_1804,12,{'4.0': 12},4.0,GS_1804_1.jpg;GS_1804_10.jpg;GS_1804_11.jpg,singleton_passage,train
GS_burst_0897,GS_Gansu,1,GS_1805,8,{'3.75': 8},3.75,GS_1805_1.jpg;GS_1805_2.jpg;GS_1805_3.jpg,singleton_passage,train
GS_burst_0898,GS_Gansu,1,GS_1806,8,{'3.75': 8},3.75,GS_1806_1.jpg;GS_1806_2.jpg;GS_1806_3.jpg,singleton_passage,test
GS_burst_0899,GS_Gansu,1,GS_1807,8,{'4.25': 8},4.25,GS_1807_1.jpg;GS_1807_2.jpg;GS_1807_3.jpg,singleton_passage,train
GS_burst_0900,GS_Gansu,1,GS_1808,5,{'3.5': 5},3.5,GS_1808_1.jpg;GS_1808_2.jpg;GS_1808_3.jpg,singleton_passage,train
GS_burst_0901,GS_Gansu,1,GS_1809,7,{'3.75': 7},3.75,GS_1809_1.jpg;GS_1809_2.jpg;GS_1809_3.jpg,singleton_passage,test
GS_burst_0902,GS_Gansu,1,GS_181,6,{'3.5': 6},3.5,GS_181_1.jpg;GS_181_2.jpg;GS_181_3.jpg,singleton_passage,train
GS_burst_0903,GS_Gansu,1,GS_1810,7,{'4.0': 7},4.0,GS_1810_1.jpg;GS_1810_2.jpg;GS_1810_3.jpg,singleton_passage,train
GS_burst_0904,GS_Gansu,1,GS_1811,3,{'3.75': 3},3.75,GS_1811_1.jpg;GS_1811_2.jpg;GS_1811_3.jpg,singleton_passage,test
GS_burst_0905,GS_Gansu,1,GS_1812,12,{'4.0': 12},4.0,GS_1812_1.jpg;GS_1812_10.jpg;GS_1812_11.jpg,singleton_passage,train
GS_burst_0906,GS_Gansu,1,GS_1813,9,{'4.25': 9},4.25,GS_1813_1.jpg;GS_1813_2.jpg;GS_1813_3.jpg,singleton_passage,train
GS_burst_0907,GS_Gansu,1,GS_1814,9,{'4.0': 9},4.0,GS_1814_1.jpg;GS_1814_2.jpg;GS_1814_3.jpg,singleton_passage,test
GS_burst_0908,GS_Gansu,1,GS_1815,7,{'3.75': 7},3.75,GS_1815_1.jpg;GS_1815_2.jpg;GS_1815_3.jpg,singleton_passage,test
GS_burst_0909,GS_Gansu,1,GS_1816,6,{'3.75': 6},3.75,GS_1816_1.jpg;GS_1816_2.jpg;GS_1816_3.jpg,singleton_passage,train
GS_burst_0910,GS_Gansu,1,GS_1817,6,{'3.75': 6},3.75,GS_1817_1.jpg;GS_1817_2.jpg;GS_1817_3.jpg,singleton_passage,test
GS_burst_0911,GS_Gansu,2,GS_1818;GS_1823,15,{'3.5': 15},3.5,GS_1818_1.jpg;GS_1818_2.jpg;GS_1818_3.jpg,exact_dup_or_burst_overlap,val
GS_burst_0912,GS_Gansu,2,GS_1819;GS_1824,21,{'4.25': 21},4.25,GS_1819_1.jpg;GS_1819_10.jpg;GS_1819_11.jpg,exact_dup_or_burst_overlap,val
GS_burst_0913,GS_Gansu,1,GS_182,8,{'3.75': 8},3.75,GS_182_1.jpg;GS_182_2.jpg;GS_182_3.jpg,singleton_passage,train
GS_burst_0914,GS_Gansu,2,GS_1820;GS_1825,9,{'3.25': 9},3.25,GS_1820_1.jpg;GS_1820_2.jpg;GS_1820_3.jpg,exact_dup_or_burst_overlap,test
GS_burst_0915,GS_Gansu,1,GS_1821,5,{'3.75': 5},3.75,GS_1821_1.jpg;GS_1821_2.jpg;GS_1821_3.jpg,singleton_passage,train
GS_burst_0916,GS_Gansu,1,GS_1822,5,{'3.75': 5},3.75,GS_1822_1.jpg;GS_1822_2.jpg;GS_1822_3.jpg,singleton_passage,train
GS_burst_0917,GS_Gansu,1,GS_1826,12,{'3.5': 12},3.5,GS_1826_1.jpg;GS_1826_10.jpg;GS_1826_11.jpg,singleton_passage,train
GS_burst_0918,GS_Gansu,1,GS_1827,5,{'4.25': 5},4.25,GS_1827_1.jpg;GS_1827_2.jpg;GS_1827_3.jpg,singleton_passage,train
GS_burst_0919,GS_Gansu,1,GS_1828,8,{'3.75': 8},3.75,GS_1828_1.jpg;GS_1828_2.jpg;GS_1828_3.jpg,singleton_passage,train
GS_burst_0920,GS_Gansu,1,GS_1829,8,{'4.0': 8},4.0,GS_1829_1.jpg;GS_1829_2.jpg;GS_1829_3.jpg,singleton_passage,train
GS_burst_0921,GS_Gansu,1,GS_183,9,{'3.75': 9},3.75,GS_183_1.jpg;GS_183_2.jpg;GS_183_3.jpg,singleton_passage,train
GS_burst_0922,GS_Gansu,1,GS_1830,11,"{'3.5': 10, '3.75': 1}",3.5,GS_1830_10.jpg;GS_1830_11.jpg;GS_1830_2.jpg,singleton_passage,train
GS_burst_0923,GS_Gansu,1,GS_1831,10,{'4.25': 10},4.25,GS_1831_1.jpg;GS_1831_10.jpg;GS_1831_2.jpg,singleton_passage,val
GS_burst_0924,GS_Gansu,1,GS_1832,7,{'3.5': 7},3.5,GS_1832_1.jpg;GS_1832_2.jpg;GS_1832_3.jpg,singleton_passage,train
GS_burst_0925,GS_Gansu,1,GS_1833,9,{'3.75': 9},3.75,GS_1833_1.jpg;GS_1833_2.jpg;GS_1833_3.jpg,singleton_passage,test
GS_burst_0926,GS_Gansu,1,GS_1834,5,{'4.0': 5},4.0,GS_1834_1.jpg;GS_1834_2.jpg;GS_1834_3.jpg,singleton_passage,train
GS_burst_0927,GS_Gansu,1,GS_1835,8,{'4.25': 8},4.25,GS_1835_1.jpg;GS_1835_2.jpg;GS_1835_3.jpg,singleton_passage,train
GS_burst_0928,GS_Gansu,1,GS_1836,7,{'3.25': 7},3.25,GS_1836_1.jpg;GS_1836_2.jpg;GS_1836_3.jpg,singleton_passage,test
GS_burst_0929,GS_Gansu,1,GS_1837,8,{'3.5': 8},3.5,GS_1837_1.jpg;GS_1837_2.jpg;GS_1837_3.jpg,singleton_passage,train
GS_burst_0930,GS_Gansu,1,GS_1838,11,{'3.25': 11},3.25,GS_1838_1.jpg;GS_1838_10.jpg;GS_1838_11.jpg,singleton_passage,test
GS_burst_0931,GS_Gansu,1,GS_1839,6,{'3.5': 6},3.5,GS_1839_1.jpg;GS_1839_2.jpg;GS_1839_3.jpg,singleton_passage,train
GS_burst_0932,GS_Gansu,1,GS_184,6,{'3.25': 6},3.25,GS_184_1.jpg;GS_184_2.jpg;GS_184_3.jpg,singleton_passage,train
GS_burst_0933,GS_Gansu,1,GS_1840,7,{'3.75': 7},3.75,GS_1840_1.jpg;GS_1840_2.jpg;GS_1840_3.jpg,singleton_passage,train
GS_burst_0934,GS_Gansu,1,GS_1841,7,{'3.75': 7},3.75,GS_1841_1.jpg;GS_1841_2.jpg;GS_1841_3.jpg,singleton_passage,train
GS_burst_0935,GS_Gansu,1,GS_1842,4,{'3.5': 4},3.5,GS_1842_1.jpg;GS_1842_2.jpg;GS_1842_3.jpg,singleton_passage,train
GS_burst_0936,GS_Gansu,1,GS_1843,6,{'4.0': 6},4.0,GS_1843_1.jpg;GS_1843_2.jpg;GS_1843_3.jpg,singleton_passage,train
GS_burst_0937,GS_Gansu,1,GS_1844,6,{'4.0': 6},4.0,GS_1844_1.jpg;GS_1844_2.jpg;GS_1844_3.jpg,singleton_passage,train
GS_burst_0938,GS_Gansu,1,GS_1845,9,{'3.5': 9},3.5,GS_1845_1.jpg;GS_1845_2.jpg;GS_1845_3.jpg,singleton_passage,train
GS_burst_0939,GS_Gansu,1,GS_1846,8,{'3.75': 8},3.75,GS_1846_1.jpg;GS_1846_2.jpg;GS_1846_3.jpg,singleton_passage,train
GS_burst_0940,GS_Gansu,1,GS_1847,7,{'3.25': 7},3.25,GS_1847_1.jpg;GS_1847_2.jpg;GS_1847_3.jpg,singleton_passage,test
GS_burst_0941,GS_Gansu,1,GS_1848,6,{'3.5': 6},3.5,GS_1848_1.jpg;GS_1848_2.jpg;GS_1848_3.jpg,singleton_passage,test
GS_burst_0942,GS_Gansu,1,GS_1849,11,{'4.0': 11},4.0,GS_1849_1.jpg;GS_1849_10.jpg;GS_1849_11.jpg,singleton_passage,train
GS_burst_0943,GS_Gansu,1,GS_185,8,{'4.0': 8},4.0,GS_185_1.jpg;GS_185_2.jpg;GS_185_3.jpg,singleton_passage,train
GS_burst_0944,GS_Gansu,1,GS_1850,4,{'4.0': 4},4.0,GS_1850_1.jpg;GS_1850_2.jpg;GS_1850_3.jpg,singleton_passage,train
GS_burst_0945,GS_Gansu,1,GS_1851,5,{'4.25': 5},4.25,GS_1851_1.jpg;GS_1851_2.jpg;GS_1851_3.jpg,singleton_passage,test
GS_burst_0946,GS_Gansu,1,GS_1852,11,{'3.5': 11},3.5,GS_1852_1.jpg;GS_1852_10.jpg;GS_1852_11.jpg,singleton_passage,train
GS_burst_0947,GS_Gansu,1,GS_1853,7,{'3.5': 7},3.5,GS_1853_1.jpg;GS_1853_2.jpg;GS_1853_3.jpg,singleton_passage,test
GS_burst_0948,GS_Gansu,1,GS_1854,6,{'3.75': 6},3.75,GS_1854_1.jpg;GS_1854_2.jpg;GS_1854_3.jpg,singleton_passage,train
GS_burst_0949,GS_Gansu,1,GS_1855,11,{'3.5': 11},3.5,GS_1855_1.jpg;GS_1855_10.jpg;GS_1855_11.jpg,singleton_passage,train
GS_burst_0950,GS_Gansu,1,GS_1856,11,{'3.5': 11},3.5,GS_1856_1.jpg;GS_1856_10.jpg;GS_1856_11.jpg,singleton_passage,train
GS_burst_0951,GS_Gansu,1,GS_1857,11,{'3.5': 11},3.5,GS_1857_1.jpg;GS_1857_10.jpg;GS_1857_11.jpg,singleton_passage,test
GS_burst_0952,GS_Gansu,1,GS_1858,10,{'4.0': 10},4.0,GS_1858_1.jpg;GS_1858_10.jpg;GS_1858_2.jpg,singleton_passage,train
GS_burst_0953,GS_Gansu,1,GS_1859,8,{'4.0': 8},4.0,GS_1859_1.jpg;GS_1859_2.jpg;GS_1859_3.jpg,singleton_passage,train
GS_burst_0954,GS_Gansu,1,GS_186,10,{'3.25': 10},3.25,GS_186_1.jpg;GS_186_10.jpg;GS_186_2.jpg,singleton_passage,train
GS_burst_0955,GS_Gansu,1,GS_1860,7,{'3.5': 7},3.5,GS_1860_1.jpg;GS_1860_2.jpg;GS_1860_3.jpg,singleton_passage,train
GS_burst_0956,GS_Gansu,1,GS_1861,8,{'3.5': 8},3.5,GS_1861_1.jpg;GS_1861_2.jpg;GS_1861_3.jpg,singleton_passage,test
GS_burst_0957,GS_Gansu,1,GS_1862,8,{'3.25': 8},3.25,GS_1862_1.jpg;GS_1862_2.jpg;GS_1862_3.jpg,singleton_passage,val
GS_burst_0958,GS_Gansu,1,GS_1863,12,{'4.25': 12},4.25,GS_1863_1.jpg;GS_1863_10.jpg;GS_1863_11.jpg,singleton_passage,train
GS_burst_0959,GS_Gansu,1,GS_1864,9,{'3.75': 9},3.75,GS_1864_1.jpg;GS_1864_2.jpg;GS_1864_3.jpg,singleton_passage,train
GS_burst_0960,GS_Gansu,1,GS_1865,9,{'3.75': 9},3.75,GS_1865_1.jpg;GS_1865_2.jpg;GS_1865_3.jpg,singleton_passage,train
GS_burst_0961,GS_Gansu,1,GS_1866,12,{'3.25': 12},3.25,GS_1866_1.jpg;GS_1866_10.jpg;GS_1866_11.jpg,singleton_passage,val
GS_burst_0962,GS_Gansu,1,GS_1867,12,{'3.5': 12},3.5,GS_1867_1.jpg;GS_1867_10.jpg;GS_1867_11.jpg,singleton_passage,train
GS_burst_0963,GS_Gansu,1,GS_1868,8,{'3.5': 8},3.5,GS_1868_1.jpg;GS_1868_2.jpg;GS_1868_3.jpg,singleton_passage,test
GS_burst_0964,GS_Gansu,1,GS_1869,2,{'4.25': 2},4.25,GS_1869_1.jpg;GS_1869_2.jpg,singleton_passage,train
GS_burst_0965,GS_Gansu,1,GS_187,8,{'3.5': 8},3.5,GS_187_1.jpg;GS_187_2.jpg;GS_187_3.jpg,singleton_passage,val
GS_burst_0966,GS_Gansu,1,GS_1870,2,{'4.0': 2},4.0,GS_1870_1.jpg;GS_1870_2.jpg,singleton_passage,val
GS_burst_0967,GS_Gansu,1,GS_1871,7,{'4.0': 7},4.0,GS_1871_1.jpg;GS_1871_2.jpg;GS_1871_3.jpg,singleton_passage,train
GS_burst_0968,GS_Gansu,1,GS_1872,6,{'3.75': 6},3.75,GS_1872_1.jpg;GS_1872_2.jpg;GS_1872_3.jpg,singleton_passage,test
GS_burst_0969,GS_Gansu,1,GS_1873,8,{'4.25': 8},4.25,GS_1873_1.jpg;GS_1873_2.jpg;GS_1873_3.jpg,singleton_passage,train
GS_burst_0970,GS_Gansu,1,GS_1874,9,{'3.25': 9},3.25,GS_1874_1.jpg;GS_1874_2.jpg;GS_1874_3.jpg,singleton_passage,train
GS_burst_0971,GS_Gansu,1,GS_1875,7,{'4.0': 7},4.0,GS_1875_1.jpg;GS_1875_2.jpg;GS_1875_3.jpg,singleton_passage,train
GS_burst_0972,GS_Gansu,1,GS_1876,13,{'4.25': 13},4.25,GS_1876_1.jpg;GS_1876_10.jpg;GS_1876_11.jpg,singleton_passage,val
GS_burst_0973,GS_Gansu,1,GS_1877,8,{'3.75': 8},3.75,GS_1877_1.jpg;GS_1877_2.jpg;GS_1877_3.jpg,singleton_passage,train
GS_burst_0974,GS_Gansu,1,GS_1878,6,{'4.25': 6},4.25,GS_1878_1.jpg;GS_1878_2.jpg;GS_1878_3.jpg,singleton_passage,train
GS_burst_0975,GS_Gansu,2,GS_1879;GS_1882,20,{'4.0': 20},4.0,GS_1879_1.jpg;GS_1879_10.jpg;GS_1879_11.jpg,exact_dup_or_burst_overlap,val
GS_burst_0976,GS_Gansu,1,GS_188,9,{'3.5': 9},3.5,GS_188_1.jpg;GS_188_2.jpg;GS_188_3.jpg,singleton_passage,train
GS_burst_0977,GS_Gansu,1,GS_1880,10,{'3.75': 10},3.75,GS_1880_1.jpg;GS_1880_10.jpg;GS_1880_2.jpg,singleton_passage,train
GS_burst_0978,GS_Gansu,1,GS_1881,4,{'3.5': 4},3.5,GS_1881_1.jpg;GS_1881_2.jpg;GS_1881_3.jpg,singleton_passage,train
GS_burst_0979,GS_Gansu,1,GS_1883,7,{'3.75': 7},3.75,GS_1883_1.jpg;GS_1883_2.jpg;GS_1883_3.jpg,singleton_passage,train
GS_burst_0980,GS_Gansu,1,GS_1884,4,{'3.75': 4},3.75,GS_1884_1.jpg;GS_1884_2.jpg;GS_1884_3.jpg,singleton_passage,train
GS_burst_0981,GS_Gansu,1,GS_1885,8,{'4.25': 8},4.25,GS_1885_1.jpg;GS_1885_2.jpg;GS_1885_3.jpg,singleton_passage,train
GS_burst_0982,GS_Gansu,1,GS_1886,12,{'4.25': 12},4.25,GS_1886_1.jpg;GS_1886_10.jpg;GS_1886_11.jpg,singleton_passage,train
GS_burst_0983,GS_Gansu,1,GS_1887,11,{'3.5': 11},3.5,GS_1887_1.jpg;GS_1887_10.jpg;GS_1887_11.jpg,singleton_passage,train
GS_burst_0984,GS_Gansu,1,GS_1888,8,{'3.5': 8},3.5,GS_1888_1.jpg;GS_1888_2.jpg;GS_1888_3.jpg,singleton_passage,train
GS_burst_0985,GS_Gansu,1,GS_1889,9,{'3.5': 9},3.5,GS_1889_1.jpg;GS_1889_2.jpg;GS_1889_3.jpg,singleton_passage,train
GS_burst_0986,GS_Gansu,1,GS_189,11,{'3.5': 11},3.5,GS_189_1.jpg;GS_189_10.jpg;GS_189_11.jpg,singleton_passage,train
GS_burst_0987,GS_Gansu,1,GS_1890,10,{'4.25': 10},4.25,GS_1890_1.jpg;GS_1890_10.jpg;GS_1890_2.jpg,singleton_passage,test
GS_burst_0988,GS_Gansu,1,GS_1891,13,{'3.5': 13},3.5,GS_1891_1.jpg;GS_1891_10.jpg;GS_1891_11.jpg,singleton_passage,val
GS_burst_0989,GS_Gansu,1,GS_1892,12,{'3.5': 12},3.5,GS_1892_1.jpg;GS_1892_10.jpg;GS_1892_11.jpg,singleton_passage,train
GS_burst_0990,GS_Gansu,1,GS_1893,4,{'3.5': 4},3.5,GS_1893_1.jpg;GS_1893_2.jpg;GS_1893_3.jpg,singleton_passage,train
GS_burst_0991,GS_Gansu,1,GS_1894,7,{'3.75': 7},3.75,GS_1894_1.jpg;GS_1894_2.jpg;GS_1894_3.jpg,singleton_passage,val
GS_burst_0992,GS_Gansu,1,GS_1895,10,"{'3.25': 1, '3.5': 9}",3.5,GS_1895_1.jpg;GS_1895_10.jpg;GS_1895_2.jpg,singleton_passage,train
GS_burst_0993,GS_Gansu,1,GS_1896,11,{'4.0': 11},4.0,GS_1896_1.jpg;GS_1896_10.jpg;GS_1896_11.jpg,singleton_passage,train
GS_burst_0994,GS_Gansu,1,GS_1897,5,{'4.0': 5},4.0,GS_1897_1.jpg;GS_1897_2.jpg;GS_1897_3.jpg,singleton_passage,train
GS_burst_0995,GS_Gansu,1,GS_1898,5,{'3.5': 5},3.5,GS_1898_1.jpg;GS_1898_2.jpg;GS_1898_3.jpg,singleton_passage,test
GS_burst_0996,GS_Gansu,1,GS_1899,7,{'3.5': 7},3.5,GS_1899_1.jpg;GS_1899_2.jpg;GS_1899_3.jpg,singleton_passage,val
GS_burst_0997,GS_Gansu,1,GS_19,10,{'4.25': 10},4.25,GS_19_1.jpg;GS_19_10.jpg;GS_19_2.jpg,singleton_passage,val
GS_burst_0998,GS_Gansu,1,GS_190,14,{'3.75': 14},3.75,GS_190_1.jpg;GS_190_10.jpg;GS_190_11.jpg,singleton_passage,train
GS_burst_0999,GS_Gansu,1,GS_1900,13,{'3.5': 13},3.5,GS_1900_1.jpg;GS_1900_10.jpg;GS_1900_11.jpg,singleton_passage,train
GS_burst_1000,GS_Gansu,1,GS_1901,5,{'3.5': 5},3.5,GS_1901_1.jpg;GS_1901_2.jpg;GS_1901_3.jpg,singleton_passage,test
GS_burst_1001,GS_Gansu,1,GS_1902,6,{'3.75': 6},3.75,GS_1902_1.jpg;GS_1902_2.jpg;GS_1902_3.jpg,singleton_passage,train
GS_burst_1002,GS_Gansu,1,GS_1903,6,{'3.75': 6},3.75,GS_1903_1.jpg;GS_1903_2.jpg;GS_1903_3.jpg,singleton_passage,train
GS_burst_1003,GS_Gansu,1,GS_1904,3,{'3.75': 3},3.75,GS_1904_1.jpg;GS_1904_2.jpg;GS_1904_3.jpg,singleton_passage,train
GS_burst_1004,GS_Gansu,1,GS_1905,8,{'3.5': 8},3.5,GS_1905_1.jpg;GS_1905_2.jpg;GS_1905_3.jpg,singleton_passage,val
GS_burst_1005,GS_Gansu,1,GS_1906,12,{'3.25': 12},3.25,GS_1906_1.jpg;GS_1906_10.jpg;GS_1906_11.jpg,singleton_passage,test
GS_burst_1006,GS_Gansu,1,GS_1907,8,{'3.25': 8},3.25,GS_1907_1.jpg;GS_1907_2.jpg;GS_1907_3.jpg,singleton_passage,train
GS_burst_1007,GS_Gansu,1,GS_1908,7,{'3.75': 7},3.75,GS_1908_1.jpg;GS_1908_2.jpg;GS_1908_3.jpg,singleton_passage,train
GS_burst_1008,GS_Gansu,1,GS_1909,13,{'3.75': 13},3.75,GS_1909_1.jpg;GS_1909_10.jpg;GS_1909_11.jpg,singleton_passage,train
GS_burst_1009,GS_Gansu,1,GS_191,5,{'3.75': 5},3.75,GS_191_1.jpg;GS_191_2.jpg;GS_191_3.jpg,singleton_passage,test
GS_burst_1010,GS_Gansu,1,GS_1910,6,{'3.75': 6},3.75,GS_1910_1.jpg;GS_1910_2.jpg;GS_1910_3.jpg,singleton_passage,train
GS_burst_1011,GS_Gansu,1,GS_1911,3,{'4.0': 3},4.0,GS_1911_1.jpg;GS_1911_2.jpg;GS_1911_3.jpg,singleton_passage,train
GS_burst_1012,GS_Gansu,1,GS_1912,8,{'4.0': 8},4.0,GS_1912_1.jpg;GS_1912_2.jpg;GS_1912_3.jpg,singleton_passage,train
GS_burst_1013,GS_Gansu,1,GS_1913,8,{'3.75': 8},3.75,GS_1913_1.jpg;GS_1913_2.jpg;GS_1913_3.jpg,singleton_passage,train
GS_burst_1014,GS_Gansu,1,GS_1914,8,{'4.0': 8},4.0,GS_1914_1.jpg;GS_1914_2.jpg;GS_1914_3.jpg,singleton_passage,train
GS_burst_1015,GS_Gansu,1,GS_1915,12,{'3.25': 12},3.25,GS_1915_1.jpg;GS_1915_10.jpg;GS_1915_11.jpg,singleton_passage,train
GS_burst_1016,GS_Gansu,1,GS_1916,12,{'3.75': 12},3.75,GS_1916_1.jpg;GS_1916_10.jpg;GS_1916_11.jpg,singleton_passage,test
GS_burst_1017,GS_Gansu,1,GS_1917,7,{'3.75': 7},3.75,GS_1917_1.jpg;GS_1917_2.jpg;GS_1917_3.jpg,singleton_passage,train
GS_burst_1018,GS_Gansu,1,GS_1918,8,{'3.75': 8},3.75,GS_1918_1.jpg;GS_1918_2.jpg;GS_1918_3.jpg,singleton_passage,val
GS_burst_1019,GS_Gansu,1,GS_1919,9,{'3.75': 9},3.75,GS_1919_1.jpg;GS_1919_2.jpg;GS_1919_3.jpg,singleton_passage,train
GS_burst_1020,GS_Gansu,1,GS_192,13,{'3.75': 13},3.75,GS_192_1.jpg;GS_192_10.jpg;GS_192_11.jpg,singleton_passage,train
GS_burst_1021,GS_Gansu,1,GS_1920,11,{'3.75': 11},3.75,GS_1920_1.jpg;GS_1920_10.jpg;GS_1920_11.jpg,singleton_passage,train
GS_burst_1022,GS_Gansu,1,GS_1921,6,{'4.25': 6},4.25,GS_1921_1.jpg;GS_1921_2.jpg;GS_1921_3.jpg,singleton_passage,train
GS_burst_1023,GS_Gansu,1,GS_1922,14,{'4.25': 14},4.25,GS_1922_1.jpg;GS_1922_10.jpg;GS_1922_11.jpg,singleton_passage,train
GS_burst_1024,GS_Gansu,1,GS_1923,7,{'3.5': 7},3.5,GS_1923_1.jpg;GS_1923_2.jpg;GS_1923_3.jpg,singleton_passage,train
GS_burst_1025,GS_Gansu,1,GS_1924,8,{'3.75': 8},3.75,GS_1924_1.jpg;GS_1924_2.jpg;GS_1924_3.jpg,singleton_passage,train
GS_burst_1026,GS_Gansu,1,GS_1925,10,{'4.0': 10},4.0,GS_1925_1.jpg;GS_1925_10.jpg;GS_1925_2.jpg,singleton_passage,train
GS_burst_1027,GS_Gansu,1,GS_1926,11,{'3.5': 11},3.5,GS_1926_1.jpg;GS_1926_10.jpg;GS_1926_11.jpg,singleton_passage,train
GS_burst_1028,GS_Gansu,1,GS_1927,8,{'3.75': 8},3.75,GS_1927_1.jpg;GS_1927_2.jpg;GS_1927_3.jpg,singleton_passage,train
GS_burst_1029,GS_Gansu,1,GS_1928,12,{'4.0': 12},4.0,GS_1928_1.jpg;GS_1928_10.jpg;GS_1928_11.jpg,singleton_passage,train
GS_burst_1030,GS_Gansu,1,GS_1929,5,{'4.25': 5},4.25,GS_1929_1.jpg;GS_1929_2.jpg;GS_1929_3.jpg,singleton_passage,train
GS_burst_1031,GS_Gansu,1,GS_193,6,{'3.75': 6},3.75,GS_193_1.jpg;GS_193_2.jpg;GS_193_3.jpg,singleton_passage,val
GS_burst_1032,GS_Gansu,1,GS_1930,6,{'3.75': 6},3.75,GS_1930_1.jpg;GS_1930_2.jpg;GS_1930_3.jpg,singleton_passage,train
GS_burst_1033,GS_Gansu,1,GS_1931,8,{'3.75': 8},3.75,GS_1931_1.jpg;GS_1931_2.jpg;GS_1931_3.jpg,singleton_passage,val
GS_burst_1034,GS_Gansu,1,GS_1932,8,{'4.0': 8},4.0,GS_1932_1.jpg;GS_1932_2.jpg;GS_1932_3.jpg,singleton_passage,train
GS_burst_1035,GS_Gansu,1,GS_1933,11,{'4.0': 11},4.0,GS_1933_1.jpg;GS_1933_10.jpg;GS_1933_11.jpg,singleton_passage,train
GS_burst_1036,GS_Gansu,1,GS_1934,8,{'3.5': 8},3.5,GS_1934_1.jpg;GS_1934_2.jpg;GS_1934_3.jpg,singleton_passage,train
GS_burst_1037,GS_Gansu,1,GS_1935,6,{'4.0': 6},4.0,GS_1935_1.jpg;GS_1935_2.jpg;GS_1935_3.jpg,singleton_passage,train
GS_burst_1038,GS_Gansu,1,GS_1936,11,{'4.0': 11},4.0,GS_1936_1.jpg;GS_1936_10.jpg;GS_1936_11.jpg,singleton_passage,train
GS_burst_1039,GS_Gansu,1,GS_1937,11,{'4.25': 11},4.25,GS_1937_1.jpg;GS_1937_10.jpg;GS_1937_11.jpg,singleton_passage,val
GS_burst_1040,GS_Gansu,1,GS_1938,12,{'3.25': 12},3.25,GS_1938_1.jpg;GS_1938_10.jpg;GS_1938_11.jpg,singleton_passage,train
GS_burst_1041,GS_Gansu,1,GS_1939,6,"{'3.5': 1, '3.75': 5}",3.75,GS_1939_6.jpg;GS_1939_1.jpg;GS_1939_2.jpg,singleton_passage,test
GS_burst_1042,GS_Gansu,1,GS_194,6,{'3.75': 6},3.75,GS_194_1.jpg;GS_194_2.jpg;GS_194_3.jpg,singleton_passage,test
GS_burst_1043,GS_Gansu,1,GS_1940,10,{'3.5': 10},3.5,GS_1940_1.jpg;GS_1940_10.jpg;GS_1940_2.jpg,singleton_passage,val
GS_burst_1044,GS_Gansu,1,GS_1941,4,{'4.0': 4},4.0,GS_1941_1.jpg;GS_1941_2.jpg;GS_1941_3.jpg,singleton_passage,train
GS_burst_1045,GS_Gansu,1,GS_1942,12,{'3.5': 12},3.5,GS_1942_1.jpg;GS_1942_10.jpg;GS_1942_11.jpg,singleton_passage,test
GS_burst_1046,GS_Gansu,1,GS_1943,10,{'4.0': 10},4.0,GS_1943_1.jpg;GS_1943_10.jpg;GS_1943_2.jpg,singleton_passage,test
GS_burst_1047,GS_Gansu,1,GS_1944,9,{'3.25': 9},3.25,GS_1944_1.jpg;GS_1944_2.jpg;GS_1944_3.jpg,singleton_passage,train
GS_burst_1048,GS_Gansu,1,GS_1945,8,{'4.25': 8},4.25,GS_1945_1.jpg;GS_1945_2.jpg;GS_1945_3.jpg,singleton_passage,val
GS_burst_1049,GS_Gansu,1,GS_1946,7,{'3.25': 7},3.25,GS_1946_1.jpg;GS_1946_2.jpg;GS_1946_3.jpg,singleton_passage,train
GS_burst_1050,GS_Gansu,1,GS_1947,5,{'3.5': 5},3.5,GS_1947_1.jpg;GS_1947_2.jpg;GS_1947_3.jpg,singleton_passage,val
GS_burst_1051,GS_Gansu,1,GS_1948,9,{'4.25': 9},4.25,GS_1948_1.jpg;GS_1948_2.jpg;GS_1948_3.jpg,singleton_passage,train
GS_burst_1052,GS_Gansu,1,GS_1949,8,{'4.0': 8},4.0,GS_1949_1.jpg;GS_1949_2.jpg;GS_1949_3.jpg,singleton_passage,test
GS_burst_1053,GS_Gansu,1,GS_195,9,{'3.75': 9},3.75,GS_195_1.jpg;GS_195_2.jpg;GS_195_3.jpg,singleton_passage,train
GS_burst_1054,GS_Gansu,1,GS_1950,11,{'4.25': 11},4.25,GS_1950_1.jpg;GS_1950_10.jpg;GS_1950_11.jpg,singleton_passage,test
GS_burst_1055,GS_Gansu,1,GS_1951,6,{'3.75': 6},3.75,GS_1951_1.jpg;GS_1951_2.jpg;GS_1951_3.jpg,singleton_passage,val
GS_burst_1056,GS_Gansu,1,GS_1952,12,{'4.0': 12},4.0,GS_1952_1.jpg;GS_1952_10.jpg;GS_1952_11.jpg,singleton_passage,val
GS_burst_1057,GS_Gansu,1,GS_1953,7,{'4.25': 7},4.25,GS_1953_1.jpg;GS_1953_2.jpg;GS_1953_3.jpg,singleton_passage,train
GS_burst_1058,GS_Gansu,1,GS_1954,11,{'3.75': 11},3.75,GS_1954_1.jpg;GS_1954_10.jpg;GS_1954_11.jpg,singleton_passage,test
GS_burst_1059,GS_Gansu,1,GS_1955,8,{'4.0': 8},4.0,GS_1955_1.jpg;GS_1955_2.jpg;GS_1955_3.jpg,singleton_passage,train
GS_burst_1060,GS_Gansu,1,GS_1956,6,{'3.75': 6},3.75,GS_1956_1.jpg;GS_1956_2.jpg;GS_1956_3.jpg,singleton_passage,train
GS_burst_1061,GS_Gansu,1,GS_1957,4,{'3.5': 4},3.5,GS_1957_1.jpg;GS_1957_2.jpg;GS_1957_3.jpg,singleton_passage,train
GS_burst_1062,GS_Gansu,1,GS_1958,10,{'3.5': 10},3.5,GS_1958_1.jpg;GS_1958_10.jpg;GS_1958_2.jpg,singleton_passage,train
GS_burst_1063,GS_Gansu,1,GS_1959,9,{'3.5': 9},3.5,GS_1959_1.jpg;GS_1959_2.jpg;GS_1959_3.jpg,singleton_passage,train
GS_burst_1064,GS_Gansu,1,GS_196,6,{'4.0': 6},4.0,GS_196_1.jpg;GS_196_2.jpg;GS_196_3.jpg,singleton_passage,test
GS_burst_1065,GS_Gansu,1,GS_1960,7,{'4.0': 7},4.0,GS_1960_1.jpg;GS_1960_2.jpg;GS_1960_3.jpg,singleton_passage,train
GS_burst_1066,GS_Gansu,1,GS_1961,8,{'3.75': 8},3.75,GS_1961_1.jpg;GS_1961_2.jpg;GS_1961_3.jpg,singleton_passage,train
GS_burst_1067,GS_Gansu,1,GS_1962,10,{'3.5': 10},3.5,GS_1962_1.jpg;GS_1962_10.jpg;GS_1962_2.jpg,singleton_passage,val
GS_burst_1068,GS_Gansu,1,GS_1963,9,{'3.5': 9},3.5,GS_1963_1.jpg;GS_1963_2.jpg;GS_1963_3.jpg,singleton_passage,test
GS_burst_1069,GS_Gansu,1,GS_1964,10,{'3.75': 10},3.75,GS_1964_1.jpg;GS_1964_10.jpg;GS_1964_2.jpg,singleton_passage,train
GS_burst_1070,GS_Gansu,1,GS_1965,10,{'3.75': 10},3.75,GS_1965_1.jpg;GS_1965_10.jpg;GS_1965_2.jpg,singleton_passage,train
GS_burst_1071,GS_Gansu,1,GS_1966,8,{'4.0': 8},4.0,GS_1966_1.jpg;GS_1966_2.jpg;GS_1966_3.jpg,singleton_passage,val
GS_burst_1072,GS_Gansu,1,GS_1967,11,{'4.0': 11},4.0,GS_1967_1.jpg;GS_1967_10.jpg;GS_1967_11.jpg,singleton_passage,test
GS_burst_1073,GS_Gansu,1,GS_1968,10,{'3.5': 10},3.5,GS_1968_1.jpg;GS_1968_10.jpg;GS_1968_2.jpg,singleton_passage,train
GS_burst_1074,GS_Gansu,1,GS_1969,7,{'3.75': 7},3.75,GS_1969_1.jpg;GS_1969_2.jpg;GS_1969_3.jpg,singleton_passage,train
GS_burst_1075,GS_Gansu,1,GS_197,15,{'4.0': 15},4.0,GS_197_1.jpg;GS_197_10.jpg;GS_197_11.jpg,singleton_passage,test
GS_burst_1076,GS_Gansu,1,GS_1970,5,{'4.0': 5},4.0,GS_1970_1.jpg;GS_1970_2.jpg;GS_1970_3.jpg,singleton_passage,train
GS_burst_1077,GS_Gansu,1,GS_1971,13,{'3.75': 13},3.75,GS_1971_1.jpg;GS_1971_10.jpg;GS_1971_11.jpg,singleton_passage,train
GS_burst_1078,GS_Gansu,1,GS_1972,8,{'3.5': 8},3.5,GS_1972_1.jpg;GS_1972_2.jpg;GS_1972_3.jpg,singleton_passage,train
GS_burst_1079,GS_Gansu,1,GS_1973,15,{'3.5': 15},3.5,GS_1973_1.jpg;GS_1973_10.jpg;GS_1973_11.jpg,singleton_passage,train
GS_burst_1080,GS_Gansu,1,GS_1974,8,{'3.25': 8},3.25,GS_1974_1.jpg;GS_1974_2.jpg;GS_1974_3.jpg,singleton_passage,test
GS_burst_1081,GS_Gansu,1,GS_1975,6,{'3.5': 6},3.5,GS_1975_1.jpg;GS_1975_2.jpg;GS_1975_3.jpg,singleton_passage,train
GS_burst_1082,GS_Gansu,1,GS_1976,10,{'3.25': 10},3.25,GS_1976_1.jpg;GS_1976_10.jpg;GS_1976_2.jpg,singleton_passage,val
GS_burst_1083,GS_Gansu,1,GS_1977,5,{'3.75': 5},3.75,GS_1977_1.jpg;GS_1977_2.jpg;GS_1977_3.jpg,singleton_passage,train
GS_burst_1084,GS_Gansu,1,GS_1978,9,{'3.75': 9},3.75,GS_1978_1.jpg;GS_1978_2.jpg;GS_1978_3.jpg,singleton_passage,val
GS_burst_1085,GS_Gansu,1,GS_1979,13,{'3.25': 13},3.25,GS_1979_1.jpg;GS_1979_10.jpg;GS_1979_11.jpg,singleton_passage,train
GS_burst_1086,GS_Gansu,1,GS_198,8,{'4.0': 8},4.0,GS_198_1.jpg;GS_198_2.jpg;GS_198_3.jpg,singleton_passage,train
GS_burst_1087,GS_Gansu,1,GS_1980,3,{'3.25': 3},3.25,GS_1980_1.jpg;GS_1980_2.jpg;GS_1980_3.jpg,singleton_passage,train
GS_burst_1088,GS_Gansu,1,GS_1981,5,{'3.25': 5},3.25,GS_1981_1.jpg;GS_1981_2.jpg;GS_1981_3.jpg,singleton_passage,train
GS_burst_1089,GS_Gansu,1,GS_1982,8,{'3.5': 8},3.5,GS_1982_1.jpg;GS_1982_2.jpg;GS_1982_3.jpg,singleton_passage,train
GS_burst_1090,GS_Gansu,1,GS_1983,10,{'3.5': 10},3.5,GS_1983_1.jpg;GS_1983_10.jpg;GS_1983_2.jpg,singleton_passage,val
GS_burst_1091,GS_Gansu,1,GS_1984,7,{'4.0': 7},4.0,GS_1984_1.jpg;GS_1984_2.jpg;GS_1984_3.jpg,singleton_passage,train
GS_burst_1092,GS_Gansu,1,GS_1985,9,"{'3.5': 8, '3.75': 1}",3.5,GS_1985_2.jpg;GS_1985_3.jpg;GS_1985_4.jpg,singleton_passage,train
GS_burst_1093,GS_Gansu,1,GS_1986,9,{'3.25': 9},3.25,GS_1986_1.jpg;GS_1986_2.jpg;GS_1986_3.jpg,singleton_passage,train
GS_burst_1094,GS_Gansu,1,GS_1987,7,{'4.25': 7},4.25,GS_1987_1.jpg;GS_1987_2.jpg;GS_1987_3.jpg,singleton_passage,train
GS_burst_1095,GS_Gansu,1,GS_1988,9,{'3.25': 9},3.25,GS_1988_1.jpg;GS_1988_2.jpg;GS_1988_3.jpg,singleton_passage,train
GS_burst_1096,GS_Gansu,1,GS_1989,8,{'3.25': 8},3.25,GS_1989_1.jpg;GS_1989_2.jpg;GS_1989_3.jpg,singleton_passage,train
GS_burst_1097,GS_Gansu,1,GS_199,8,{'3.75': 8},3.75,GS_199_1.jpg;GS_199_2.jpg;GS_199_3.jpg,singleton_passage,train
GS_burst_1098,GS_Gansu,1,GS_1990,8,{'3.25': 8},3.25,GS_1990_1.jpg;GS_1990_2.jpg;GS_1990_3.jpg,singleton_passage,train
GS_burst_1099,GS_Gansu,1,GS_1991,8,{'3.5': 8},3.5,GS_1991_1.jpg;GS_1991_2.jpg;GS_1991_3.jpg,singleton_passage,train
GS_burst_1100,GS_Gansu,1,GS_1992,8,{'3.75': 8},3.75,GS_1992_1.jpg;GS_1992_2.jpg;GS_1992_3.jpg,singleton_passage,train
GS_burst_1101,GS_Gansu,1,GS_1993,9,{'3.5': 9},3.5,GS_1993_1.jpg;GS_1993_2.jpg;GS_1993_3.jpg,singleton_passage,train
GS_burst_1102,GS_Gansu,1,GS_1994,8,{'3.25': 8},3.25,GS_1994_1.jpg;GS_1994_2.jpg;GS_1994_3.jpg,singleton_passage,val
GS_burst_1103,GS_Gansu,1,GS_1995,10,{'3.75': 10},3.75,GS_1995_1.jpg;GS_1995_10.jpg;GS_1995_2.jpg,singleton_passage,train
GS_burst_1104,GS_Gansu,1,GS_1996,11,{'3.75': 11},3.75,GS_1996_1.jpg;GS_1996_10.jpg;GS_1996_11.jpg,singleton_passage,train
GS_burst_1105,GS_Gansu,1,GS_1997,6,{'3.25': 6},3.25,GS_1997_1.jpg;GS_1997_2.jpg;GS_1997_3.jpg,singleton_passage,test
GS_burst_1106,GS_Gansu,1,GS_1998,9,{'3.75': 9},3.75,GS_1998_1.jpg;GS_1998_2.jpg;GS_1998_3.jpg,singleton_passage,train
GS_burst_1107,GS_Gansu,1,GS_1999,11,{'3.75': 11},3.75,GS_1999_1.jpg;GS_1999_10.jpg;GS_1999_11.jpg,singleton_passage,train
GS_burst_1108,GS_Gansu,1,GS_2,8,{'3.75': 8},3.75,GS_2_1.jpg;GS_2_2.jpg;GS_2_3.jpg,singleton_passage,val
GS_burst_1109,GS_Gansu,1,GS_20,11,{'4.25': 11},4.25,GS_20_1.jpg;GS_20_10.jpg;GS_20_11.jpg,singleton_passage,train
GS_burst_1110,GS_Gansu,1,GS_200,8,{'3.5': 8},3.5,GS_200_1.jpg;GS_200_2.jpg;GS_200_3.jpg,singleton_passage,test
GS_burst_1111,GS_Gansu,1,GS_2000,10,{'3.5': 10},3.5,GS_2000_1.jpg;GS_2000_10.jpg;GS_2000_2.jpg,singleton_passage,train
GS_burst_1112,GS_Gansu,1,GS_2001,11,{'3.25': 11},3.25,GS_2001_1.jpg;GS_2001_10.jpg;GS_2001_11.jpg,singleton_passage,val
GS_burst_1113,GS_Gansu,1,GS_2002,7,{'3.5': 7},3.5,GS_2002_1.jpg;GS_2002_2.jpg;GS_2002_3.jpg,singleton_passage,train
GS_burst_1114,GS_Gansu,1,GS_2003,7,{'3.75': 7},3.75,GS_2003_1.jpg;GS_2003_2.jpg;GS_2003_3.jpg,singleton_passage,train
GS_burst_1115,GS_Gansu,1,GS_2004,8,{'4.0': 8},4.0,GS_2004_1.jpg;GS_2004_2.jpg;GS_2004_3.jpg,singleton_passage,train
GS_burst_1116,GS_Gansu,1,GS_2005,5,{'3.25': 5},3.25,GS_2005_1.jpg;GS_2005_2.jpg;GS_2005_3.jpg,singleton_passage,val
GS_burst_1117,GS_Gansu,1,GS_2006,7,{'4.0': 7},4.0,GS_2006_1.jpg;GS_2006_2.jpg;GS_2006_3.jpg,singleton_passage,train
GS_burst_1118,GS_Gansu,1,GS_2007,9,{'3.25': 9},3.25,GS_2007_1.jpg;GS_2007_2.jpg;GS_2007_3.jpg,singleton_passage,val
GS_burst_1119,GS_Gansu,1,GS_2008,8,{'3.25': 8},3.25,GS_2008_1.jpg;GS_2008_2.jpg;GS_2008_3.jpg,singleton_passage,train
GS_burst_1120,GS_Gansu,1,GS_2009,6,{'3.25': 6},3.25,GS_2009_1.jpg;GS_2009_2.jpg;GS_2009_3.jpg,singleton_passage,test
GS_burst_1121,GS_Gansu,1,GS_201,15,{'4.25': 15},4.25,GS_201_1.jpg;GS_201_10.jpg;GS_201_11.jpg,singleton_passage,train
GS_burst_1122,GS_Gansu,1,GS_2010,13,{'3.5': 13},3.5,GS_2010_1.jpg;GS_2010_10.jpg;GS_2010_11.jpg,singleton_passage,train
GS_burst_1123,GS_Gansu,1,GS_2011,8,{'3.5': 8},3.5,GS_2011_1.jpg;GS_2011_2.jpg;GS_2011_3.jpg,singleton_passage,val
GS_burst_1124,GS_Gansu,1,GS_2012,10,{'3.5': 10},3.5,GS_2012_1.jpg;GS_2012_10.jpg;GS_2012_2.jpg,singleton_passage,train
GS_burst_1125,GS_Gansu,1,GS_2013,6,{'3.25': 6},3.25,GS_2013_1.jpg;GS_2013_2.jpg;GS_2013_3.jpg,singleton_passage,train
GS_burst_1126,GS_Gansu,1,GS_2014,9,{'3.25': 9},3.25,GS_2014_1.jpg;GS_2014_2.jpg;GS_2014_3.jpg,singleton_passage,test
GS_burst_1127,GS_Gansu,1,GS_2015,4,{'4.0': 4},4.0,GS_2015_1.jpg;GS_2015_2.jpg;GS_2015_3.jpg,singleton_passage,train
GS_burst_1128,GS_Gansu,1,GS_2016,5,{'4.25': 5},4.25,GS_2016_1.jpg;GS_2016_2.jpg;GS_2016_3.jpg,singleton_passage,test
GS_burst_1129,GS_Gansu,1,GS_2017,7,{'3.5': 7},3.5,GS_2017_1.jpg;GS_2017_2.jpg;GS_2017_3.jpg,singleton_passage,train
GS_burst_1130,GS_Gansu,1,GS_2018,3,{'3.75': 3},3.75,GS_2018_1.jpg;GS_2018_2.jpg;GS_2018_3.jpg,singleton_passage,train
GS_burst_1131,GS_Gansu,1,GS_2019,6,{'3.75': 6},3.75,GS_2019_1.jpg;GS_2019_2.jpg;GS_2019_3.jpg,singleton_passage,train
GS_burst_1132,GS_Gansu,1,GS_202,8,{'3.75': 8},3.75,GS_202_1.jpg;GS_202_2.jpg;GS_202_3.jpg,singleton_passage,train
GS_burst_1133,GS_Gansu,1,GS_2020,11,{'3.25': 11},3.25,GS_2020_1.jpg;GS_2020_10.jpg;GS_2020_11.jpg,singleton_passage,train
GS_burst_1134,GS_Gansu,1,GS_2021,5,{'3.5': 5},3.5,GS_2021_1.jpg;GS_2021_2.jpg;GS_2021_3.jpg,singleton_passage,train
GS_burst_1135,GS_Gansu,1,GS_2022,8,{'3.5': 8},3.5,GS_2022_1.jpg;GS_2022_2.jpg;GS_2022_3.jpg,singleton_passage,train
GS_burst_1136,GS_Gansu,1,GS_2023,8,{'3.5': 8},3.5,GS_2023_1.jpg;GS_2023_2.jpg;GS_2023_3.jpg,singleton_passage,test
GS_burst_1137,GS_Gansu,1,GS_2024,3,{'3.5': 3},3.5,GS_2024_1.jpg;GS_2024_2.jpg;GS_2024_3.jpg,singleton_passage,test
GS_burst_1138,GS_Gansu,1,GS_2025,11,{'4.0': 11},4.0,GS_2025_1.jpg;GS_2025_10.jpg;GS_2025_11.jpg,singleton_passage,train
GS_burst_1139,GS_Gansu,1,GS_2026,3,{'3.25': 3},3.25,GS_2026_1.jpg;GS_2026_2.jpg;GS_2026_3.jpg,singleton_passage,train
GS_burst_1140,GS_Gansu,1,GS_2027,8,{'3.5': 8},3.5,GS_2027_1.jpg;GS_2027_2.jpg;GS_2027_3.jpg,singleton_passage,train
GS_burst_1141,GS_Gansu,1,GS_2028,7,{'3.75': 7},3.75,GS_2028_1.jpg;GS_2028_2.jpg;GS_2028_3.jpg,singleton_passage,train
GS_burst_1142,GS_Gansu,1,GS_2029,4,{'3.5': 4},3.5,GS_2029_1.jpg;GS_2029_2.jpg;GS_2029_3.jpg,singleton_passage,train
GS_burst_1143,GS_Gansu,1,GS_203,7,{'3.25': 7},3.25,GS_203_1.jpg;GS_203_2.jpg;GS_203_3.jpg,singleton_passage,train
GS_burst_1144,GS_Gansu,1,GS_2030,8,{'3.25': 8},3.25,GS_2030_1.jpg;GS_2030_2.jpg;GS_2030_3.jpg,singleton_passage,train
GS_burst_1145,GS_Gansu,1,GS_2031,8,{'4.25': 8},4.25,GS_2031_1.jpg;GS_2031_2.jpg;GS_2031_3.jpg,singleton_passage,train
GS_burst_1146,GS_Gansu,1,GS_2032,7,{'3.25': 7},3.25,GS_2032_1.jpg;GS_2032_2.jpg;GS_2032_3.jpg,singleton_passage,train
GS_burst_1147,GS_Gansu,1,GS_2033,8,{'3.5': 8},3.5,GS_2033_1.jpg;GS_2033_2.jpg;GS_2033_3.jpg,singleton_passage,val
GS_burst_1148,GS_Gansu,1,GS_2034,9,{'3.5': 9},3.5,GS_2034_1.jpg;GS_2034_2.jpg;GS_2034_3.jpg,singleton_passage,train
GS_burst_1149,GS_Gansu,1,GS_2035,6,{'3.75': 6},3.75,GS_2035_1.jpg;GS_2035_2.jpg;GS_2035_3.jpg,singleton_passage,train
GS_burst_1150,GS_Gansu,1,GS_2036,7,{'3.25': 7},3.25,GS_2036_1.jpg;GS_2036_2.jpg;GS_2036_3.jpg,singleton_passage,val
GS_burst_1151,GS_Gansu,1,GS_2037,9,{'4.0': 9},4.0,GS_2037_1.jpg;GS_2037_2.jpg;GS_2037_3.jpg,singleton_passage,train
GS_burst_1152,GS_Gansu,1,GS_2038,9,{'3.75': 9},3.75,GS_2038_1.jpg;GS_2038_2.jpg;GS_2038_3.jpg,singleton_passage,val
GS_burst_1153,GS_Gansu,1,GS_2039,10,{'3.25': 10},3.25,GS_2039_1.jpg;GS_2039_10.jpg;GS_2039_2.jpg,singleton_passage,train
GS_burst_1154,GS_Gansu,1,GS_204,3,{'3.5': 3},3.5,GS_204_1.jpg;GS_204_2.jpg;GS_204_3.jpg,singleton_passage,test
GS_burst_1155,GS_Gansu,1,GS_2040,7,{'3.5': 7},3.5,GS_2040_1.jpg;GS_2040_2.jpg;GS_2040_3.jpg,singleton_passage,train
GS_burst_1156,GS_Gansu,1,GS_2041,10,{'3.25': 10},3.25,GS_2041_1.jpg;GS_2041_10.jpg;GS_2041_2.jpg,singleton_passage,test
GS_burst_1157,GS_Gansu,1,GS_2042,10,{'4.25': 10},4.25,GS_2042_1.jpg;GS_2042_10.jpg;GS_2042_2.jpg,singleton_passage,train
GS_burst_1158,GS_Gansu,1,GS_2043,8,{'3.25': 8},3.25,GS_2043_1.jpg;GS_2043_2.jpg;GS_2043_3.jpg,singleton_passage,train
GS_burst_1159,GS_Gansu,1,GS_2044,9,{'4.0': 9},4.0,GS_2044_1.jpg;GS_2044_2.jpg;GS_2044_3.jpg,singleton_passage,train
GS_burst_1160,GS_Gansu,1,GS_2045,9,{'3.25': 9},3.25,GS_2045_1.jpg;GS_2045_2.jpg;GS_2045_3.jpg,singleton_passage,train
GS_burst_1161,GS_Gansu,1,GS_2046,8,{'3.5': 8},3.5,GS_2046_1.jpg;GS_2046_2.jpg;GS_2046_3.jpg,singleton_passage,train
GS_burst_1162,GS_Gansu,1,GS_2047,6,{'3.25': 6},3.25,GS_2047_1.jpg;GS_2047_2.jpg;GS_2047_3.jpg,singleton_passage,train
GS_burst_1163,GS_Gansu,1,GS_2048,6,{'3.25': 6},3.25,GS_2048_1.jpg;GS_2048_2.jpg;GS_2048_3.jpg,singleton_passage,train
GS_burst_1164,GS_Gansu,1,GS_2049,8,{'3.75': 8},3.75,GS_2049_1.jpg;GS_2049_2.jpg;GS_2049_3.jpg,singleton_passage,test
GS_burst_1165,GS_Gansu,1,GS_205,3,{'3.75': 3},3.75,GS_205_1.jpg;GS_205_2.jpg;GS_205_3.jpg,singleton_passage,train
GS_burst_1166,GS_Gansu,1,GS_2050,9,{'3.5': 9},3.5,GS_2050_1.jpg;GS_2050_2.jpg;GS_2050_3.jpg,singleton_passage,val
GS_burst_1167,GS_Gansu,1,GS_2051,5,{'3.75': 5},3.75,GS_2051_1.jpg;GS_2051_2.jpg;GS_2051_3.jpg,singleton_passage,test
GS_burst_1168,GS_Gansu,1,GS_2052,9,{'3.25': 9},3.25,GS_2052_1.jpg;GS_2052_2.jpg;GS_2052_3.jpg,singleton_passage,train
GS_burst_1169,GS_Gansu,1,GS_2053,7,"{'3.75': 1, '4.0': 6}",4.0,GS_2053_7.jpg;GS_2053_1.jpg;GS_2053_2.jpg,singleton_passage,train
GS_burst_1170,GS_Gansu,1,GS_2054,9,{'3.25': 9},3.25,GS_2054_1.jpg;GS_2054_2.jpg;GS_2054_3.jpg,singleton_passage,train
GS_burst_1171,GS_Gansu,1,GS_2055,9,{'4.25': 9},4.25,GS_2055_1.jpg;GS_2055_2.jpg;GS_2055_3.jpg,singleton_passage,test
GS_burst_1172,GS_Gansu,1,GS_2056,5,{'3.5': 5},3.5,GS_2056_1.jpg;GS_2056_2.jpg;GS_2056_3.jpg,singleton_passage,train
GS_burst_1173,GS_Gansu,1,GS_2057,7,{'3.25': 7},3.25,GS_2057_1.jpg;GS_2057_2.jpg;GS_2057_3.jpg,singleton_passage,train
GS_burst_1174,GS_Gansu,1,GS_2058,7,{'3.25': 7},3.25,GS_2058_1.jpg;GS_2058_2.jpg;GS_2058_3.jpg,singleton_passage,train
GS_burst_1175,GS_Gansu,1,GS_2059,5,{'3.5': 5},3.5,GS_2059_1.jpg;GS_2059_2.jpg;GS_2059_3.jpg,singleton_passage,test
GS_burst_1176,GS_Gansu,1,GS_206,23,{'3.75': 23},3.75,GS_206_1.jpg;GS_206_10.jpg;GS_206_11.jpg,singleton_passage,train
GS_burst_1177,GS_Gansu,1,GS_2060,9,{'3.25': 9},3.25,GS_2060_1.jpg;GS_2060_2.jpg;GS_2060_3.jpg,singleton_passage,train
GS_burst_1178,GS_Gansu,1,GS_2061,9,{'3.75': 9},3.75,GS_2061_1.jpg;GS_2061_2.jpg;GS_2061_3.jpg,singleton_passage,train
GS_burst_1179,GS_Gansu,1,GS_2062,9,{'3.25': 9},3.25,GS_2062_1.jpg;GS_2062_2.jpg;GS_2062_3.jpg,singleton_passage,train
GS_burst_1180,GS_Gansu,1,GS_2063,12,{'3.25': 12},3.25,GS_2063_1.jpg;GS_2063_10.jpg;GS_2063_11.jpg,singleton_passage,val
GS_burst_1181,GS_Gansu,1,GS_2064,11,{'3.25': 11},3.25,GS_2064_1.jpg;GS_2064_10.jpg;GS_2064_11.jpg,singleton_passage,train
GS_burst_1182,GS_Gansu,1,GS_2065,11,{'4.0': 11},4.0,GS_2065_1.jpg;GS_2065_10.jpg;GS_2065_11.jpg,singleton_passage,train
GS_burst_1183,GS_Gansu,1,GS_2066,11,{'3.25': 11},3.25,GS_2066_1.jpg;GS_2066_10.jpg;GS_2066_11.jpg,singleton_passage,train
GS_burst_1184,GS_Gansu,1,GS_2067,8,{'3.25': 8},3.25,GS_2067_1.jpg;GS_2067_2.jpg;GS_2067_3.jpg,singleton_passage,train
GS_burst_1185,GS_Gansu,1,GS_2068,9,{'3.25': 9},3.25,GS_2068_1.jpg;GS_2068_2.jpg;GS_2068_3.jpg,singleton_passage,train
GS_burst_1186,GS_Gansu,1,GS_2069,6,{'3.25': 6},3.25,GS_2069_1.jpg;GS_2069_2.jpg;GS_2069_3.jpg,singleton_passage,val
GS_burst_1187,GS_Gansu,1,GS_207,5,{'3.75': 5},3.75,GS_207_1.jpg;GS_207_2.jpg;GS_207_3.jpg,singleton_passage,train
GS_burst_1188,GS_Gansu,1,GS_2070,11,{'3.25': 11},3.25,GS_2070_1.jpg;GS_2070_10.jpg;GS_2070_11.jpg,singleton_passage,train
GS_burst_1189,GS_Gansu,1,GS_2071,8,{'3.5': 8},3.5,GS_2071_1.jpg;GS_2071_2.jpg;GS_2071_3.jpg,singleton_passage,train
GS_burst_1190,GS_Gansu,1,GS_2072,8,{'3.25': 8},3.25,GS_2072_1.jpg;GS_2072_2.jpg;GS_2072_3.jpg,singleton_passage,train
GS_burst_1191,GS_Gansu,1,GS_2073,8,{'3.5': 8},3.5,GS_2073_1.jpg;GS_2073_2.jpg;GS_2073_3.jpg,singleton_passage,val
GS_burst_1192,GS_Gansu,1,GS_2074,7,{'3.25': 7},3.25,GS_2074_1.jpg;GS_2074_2.jpg;GS_2074_3.jpg,singleton_passage,train
GS_burst_1193,GS_Gansu,1,GS_2075,6,{'3.5': 6},3.5,GS_2075_1.jpg;GS_2075_2.jpg;GS_2075_3.jpg,singleton_passage,train
GS_burst_1194,GS_Gansu,1,GS_2076,8,{'3.5': 8},3.5,GS_2076_1.jpg;GS_2076_2.jpg;GS_2076_3.jpg,singleton_passage,train
GS_burst_1195,GS_Gansu,1,GS_2077,7,{'3.75': 7},3.75,GS_2077_1.jpg;GS_2077_2.jpg;GS_2077_3.jpg,singleton_passage,train
GS_burst_1196,GS_Gansu,1,GS_2078,11,{'3.5': 11},3.5,GS_2078_1.jpg;GS_2078_10.jpg;GS_2078_11.jpg,singleton_passage,val
GS_burst_1197,GS_Gansu,1,GS_2079,10,{'3.5': 10},3.5,GS_2079_1.jpg;GS_2079_10.jpg;GS_2079_2.jpg,singleton_passage,val
GS_burst_1198,GS_Gansu,1,GS_208,11,{'3.75': 11},3.75,GS_208_1.jpg;GS_208_10.jpg;GS_208_11.jpg,singleton_passage,val
GS_burst_1199,GS_Gansu,1,GS_2080,8,{'4.0': 8},4.0,GS_2080_1.jpg;GS_2080_2.jpg;GS_2080_3.jpg,singleton_passage,train
GS_burst_1200,GS_Gansu,1,GS_2081,5,{'3.5': 5},3.5,GS_2081_1.jpg;GS_2081_2.jpg;GS_2081_3.jpg,singleton_passage,train
GS_burst_1201,GS_Gansu,1,GS_2082,6,{'3.5': 6},3.5,GS_2082_1.jpg;GS_2082_2.jpg;GS_2082_3.jpg,singleton_passage,train
GS_burst_1202,GS_Gansu,1,GS_2083,9,{'4.0': 9},4.0,GS_2083_1.jpg;GS_2083_2.jpg;GS_2083_3.jpg,singleton_passage,train
GS_burst_1203,GS_Gansu,1,GS_2084,5,{'3.75': 5},3.75,GS_2084_1.jpg;GS_2084_2.jpg;GS_2084_3.jpg,singleton_passage,train
GS_burst_1204,GS_Gansu,1,GS_2085,11,{'3.25': 11},3.25,GS_2085_1.jpg;GS_2085_10.jpg;GS_2085_11.jpg,singleton_passage,train
GS_burst_1205,GS_Gansu,1,GS_2086,6,{'3.25': 6},3.25,GS_2086_1.jpg;GS_2086_2.jpg;GS_2086_3.jpg,singleton_passage,train
GS_burst_1206,GS_Gansu,1,GS_2087,10,{'3.5': 10},3.5,GS_2087_1.jpg;GS_2087_10.jpg;GS_2087_2.jpg,singleton_passage,train
GS_burst_1207,GS_Gansu,1,GS_2088,10,{'4.0': 10},4.0,GS_2088_1.jpg;GS_2088_10.jpg;GS_2088_2.jpg,singleton_passage,train
GS_burst_1208,GS_Gansu,1,GS_2089,11,{'3.75': 11},3.75,GS_2089_1.jpg;GS_2089_10.jpg;GS_2089_11.jpg,singleton_passage,train
GS_burst_1209,GS_Gansu,1,GS_209,14,{'3.75': 14},3.75,GS_209_1.jpg;GS_209_10.jpg;GS_209_11.jpg,singleton_passage,val
GS_burst_1210,GS_Gansu,1,GS_2090,11,{'3.25': 11},3.25,GS_2090_1.jpg;GS_2090_10.jpg;GS_2090_11.jpg,singleton_passage,test
GS_burst_1211,GS_Gansu,1,GS_2091,7,{'4.0': 7},4.0,GS_2091_1.jpg;GS_2091_2.jpg;GS_2091_3.jpg,singleton_passage,train
GS_burst_1212,GS_Gansu,1,GS_2092,14,{'3.75': 14},3.75,GS_2092_1.jpg;GS_2092_10.jpg;GS_2092_11.jpg,singleton_passage,val
GS_burst_1213,GS_Gansu,1,GS_2093,12,{'3.25': 12},3.25,GS_2093_1.jpg;GS_2093_10.jpg;GS_2093_11.jpg,singleton_passage,train
GS_burst_1214,GS_Gansu,1,GS_2094,13,{'3.25': 13},3.25,GS_2094_1.jpg;GS_2094_10.jpg;GS_2094_11.jpg,singleton_passage,test
GS_burst_1215,GS_Gansu,1,GS_2095,5,{'3.25': 5},3.25,GS_2095_1.jpg;GS_2095_2.jpg;GS_2095_3.jpg,singleton_passage,train
GS_burst_1216,GS_Gansu,1,GS_2096,3,{'3.25': 3},3.25,GS_2096_1.jpg;GS_2096_2.jpg;GS_2096_3.jpg,singleton_passage,test
GS_burst_1217,GS_Gansu,1,GS_2097,3,{'3.5': 3},3.5,GS_2097_1.jpg;GS_2097_2.jpg;GS_2097_3.jpg,singleton_passage,train
GS_burst_1218,GS_Gansu,1,GS_2098,6,{'3.5': 6},3.5,GS_2098_1.jpg;GS_2098_2.jpg;GS_2098_3.jpg,singleton_passage,train
GS_burst_1219,GS_Gansu,1,GS_2099,8,{'4.0': 8},4.0,GS_2099_1.jpg;GS_2099_2.jpg;GS_2099_3.jpg,singleton_passage,test
GS_burst_1220,GS_Gansu,1,GS_21,9,{'4.25': 9},4.25,GS_21_1.jpg;GS_21_2.jpg;GS_21_3.jpg,singleton_passage,train
GS_burst_1221,GS_Gansu,1,GS_210,16,{'3.75': 16},3.75,GS_210_1.jpg;GS_210_10.jpg;GS_210_11.jpg,singleton_passage,train
GS_burst_1222,GS_Gansu,1,GS_2100,8,{'3.25': 8},3.25,GS_2100_1.jpg;GS_2100_2.jpg;GS_2100_3.jpg,singleton_passage,train
GS_burst_1223,GS_Gansu,1,GS_2101,11,{'3.25': 11},3.25,GS_2101_1.jpg;GS_2101_10.jpg;GS_2101_11.jpg,singleton_passage,train
GS_burst_1224,GS_Gansu,1,GS_2102,12,{'3.25': 12},3.25,GS_2102_1.jpg;GS_2102_10.jpg;GS_2102_11.jpg,singleton_passage,train
GS_burst_1225,GS_Gansu,1,GS_2103,7,{'3.5': 7},3.5,GS_2103_1.jpg;GS_2103_2.jpg;GS_2103_3.jpg,singleton_passage,train
GS_burst_1226,GS_Gansu,1,GS_2104,8,{'3.25': 8},3.25,GS_2104_1.jpg;GS_2104_2.jpg;GS_2104_3.jpg,singleton_passage,train
GS_burst_1227,GS_Gansu,1,GS_2105,5,{'3.5': 5},3.5,GS_2105_1.jpg;GS_2105_2.jpg;GS_2105_3.jpg,singleton_passage,train
GS_burst_1228,GS_Gansu,1,GS_2106,10,{'3.25': 10},3.25,GS_2106_1.jpg;GS_2106_10.jpg;GS_2106_2.jpg,singleton_passage,val
GS_burst_1229,GS_Gansu,1,GS_2107,10,{'3.25': 10},3.25,GS_2107_1.jpg;GS_2107_10.jpg;GS_2107_2.jpg,singleton_passage,train
GS_burst_1230,GS_Gansu,1,GS_2108,11,{'3.5': 11},3.5,GS_2108_1.jpg;GS_2108_10.jpg;GS_2108_11.jpg,singleton_passage,train
GS_burst_1231,GS_Gansu,1,GS_2109,10,{'4.0': 10},4.0,GS_2109_1.jpg;GS_2109_10.jpg;GS_2109_2.jpg,singleton_passage,test
GS_burst_1232,GS_Gansu,1,GS_211,11,{'3.75': 11},3.75,GS_211_1.jpg;GS_211_10.jpg;GS_211_11.jpg,singleton_passage,train
GS_burst_1233,GS_Gansu,1,GS_2110,12,{'3.75': 12},3.75,GS_2110_1.jpg;GS_2110_10.jpg;GS_2110_11.jpg,singleton_passage,train
GS_burst_1234,GS_Gansu,1,GS_2111,12,{'3.25': 12},3.25,GS_2111_1.jpg;GS_2111_10.jpg;GS_2111_11.jpg,singleton_passage,test
GS_burst_1235,GS_Gansu,1,GS_2112,8,{'3.75': 8},3.75,GS_2112_1.jpg;GS_2112_2.jpg;GS_2112_3.jpg,singleton_passage,train
GS_burst_1236,GS_Gansu,1,GS_2113,4,{'4.0': 4},4.0,GS_2113_1.jpg;GS_2113_2.jpg;GS_2113_3.jpg,singleton_passage,train
GS_burst_1237,GS_Gansu,1,GS_2114,12,{'3.25': 12},3.25,GS_2114_1.jpg;GS_2114_10.jpg;GS_2114_11.jpg,singleton_passage,train
GS_burst_1238,GS_Gansu,1,GS_2115,10,{'3.25': 10},3.25,GS_2115_1.jpg;GS_2115_10.jpg;GS_2115_2.jpg,singleton_passage,test
GS_burst_1239,GS_Gansu,1,GS_2116,10,{'3.25': 10},3.25,GS_2116_1.jpg;GS_2116_10.jpg;GS_2116_2.jpg,singleton_passage,val
GS_burst_1240,GS_Gansu,1,GS_2117,8,{'3.25': 8},3.25,GS_2117_1.jpg;GS_2117_2.jpg;GS_2117_3.jpg,singleton_passage,train
GS_burst_1241,GS_Gansu,1,GS_2118,8,{'3.25': 8},3.25,GS_2118_1.jpg;GS_2118_2.jpg;GS_2118_3.jpg,singleton_passage,train
GS_burst_1242,GS_Gansu,1,GS_2119,12,{'3.25': 12},3.25,GS_2119_1.jpg;GS_2119_10.jpg;GS_2119_11.jpg,singleton_passage,val
GS_burst_1243,GS_Gansu,1,GS_212,9,{'3.75': 9},3.75,GS_212_1.jpg;GS_212_2.jpg;GS_212_3.jpg,singleton_passage,train
GS_burst_1244,GS_Gansu,2,GS_2120;GS_2128,14,{'3.75': 14},3.75,GS_2120_1.jpg;GS_2120_2.jpg;GS_2120_3.jpg,exact_dup_or_burst_overlap,train
GS_burst_1245,GS_Gansu,1,GS_2121,12,{'3.25': 12},3.25,GS_2121_1.jpg;GS_2121_10.jpg;GS_2121_11.jpg,singleton_passage,train
GS_burst_1246,GS_Gansu,2,GS_2122;GS_2131,21,{'3.25': 21},3.25,GS_2122_1.jpg;GS_2122_10.jpg;GS_2122_2.jpg,exact_dup_or_burst_overlap,train
GS_burst_1247,GS_Gansu,2,GS_2123;GS_2132,12,"{'4.0': 7, '4.25': 5}",4.0,GS_2123_1.jpg;GS_2123_2.jpg;GS_2123_3.jpg,exact_dup_or_burst_overlap,test
GS_burst_1248,GS_Gansu,2,GS_2124;GS_2133,21,{'3.25': 21},3.25,GS_2124_1.jpg;GS_2124_10.jpg;GS_2124_2.jpg,exact_dup_or_burst_overlap,train
GS_burst_1249,GS_Gansu,1,GS_2125,6,{'3.5': 6},3.5,GS_2125_1.jpg;GS_2125_2.jpg;GS_2125_3.jpg,singleton_passage,train
GS_burst_1250,GS_Gansu,1,GS_2126,8,{'3.25': 8},3.25,GS_2126_1.jpg;GS_2126_2.jpg;GS_2126_3.jpg,singleton_passage,test
GS_burst_1251,GS_Gansu,1,GS_2127,11,{'3.25': 11},3.25,GS_2127_1.jpg;GS_2127_10.jpg;GS_2127_11.jpg,singleton_passage,test
GS_burst_1252,GS_Gansu,1,GS_2129,4,{'4.0': 4},4.0,GS_2129_1.jpg;GS_2129_2.jpg;GS_2129_3.jpg,singleton_passage,train
GS_burst_1253,GS_Gansu,1,GS_213,13,{'3.75': 13},3.75,GS_213_1.jpg;GS_213_10.jpg;GS_213_11.jpg,singleton_passage,train
GS_burst_1254,GS_Gansu,1,GS_2130,12,{'3.25': 12},3.25,GS_2130_1.jpg;GS_2130_10.jpg;GS_2130_11.jpg,singleton_passage,train
GS_burst_1255,GS_Gansu,1,GS_2134,6,{'3.5': 6},3.5,GS_2134_1.jpg;GS_2134_2.jpg;GS_2134_3.jpg,singleton_passage,train
GS_burst_1256,GS_Gansu,1,GS_2135,7,{'3.25': 7},3.25,GS_2135_1.jpg;GS_2135_2.jpg;GS_2135_3.jpg,singleton_passage,train
GS_burst_1257,GS_Gansu,1,GS_2136,12,{'3.25': 12},3.25,GS_2136_1.jpg;GS_2136_10.jpg;GS_2136_11.jpg,singleton_passage,train
GS_burst_1258,GS_Gansu,1,GS_2137,8,{'3.25': 8},3.25,GS_2137_1.jpg;GS_2137_2.jpg;GS_2137_3.jpg,singleton_passage,train
GS_burst_1259,GS_Gansu,1,GS_2138,8,{'3.25': 8},3.25,GS_2138_1.jpg;GS_2138_2.jpg;GS_2138_3.jpg,singleton_passage,train
GS_burst_1260,GS_Gansu,1,GS_2139,11,{'3.5': 11},3.5,GS_2139_1.jpg;GS_2139_10.jpg;GS_2139_11.jpg,singleton_passage,train
GS_burst_1261,GS_Gansu,1,GS_214,9,{'4.0': 9},4.0,GS_214_1.jpg;GS_214_2.jpg;GS_214_3.jpg,singleton_passage,train
GS_burst_1262,GS_Gansu,1,GS_2140,10,{'3.5': 10},3.5,GS_2140_1.jpg;GS_2140_10.jpg;GS_2140_2.jpg,singleton_passage,val
GS_burst_1263,GS_Gansu,1,GS_2141,9,{'4.0': 9},4.0,GS_2141_1.jpg;GS_2141_2.jpg;GS_2141_3.jpg,singleton_passage,train
GS_burst_1264,GS_Gansu,1,GS_2142,9,{'3.25': 9},3.25,GS_2142_1.jpg;GS_2142_2.jpg;GS_2142_3.jpg,singleton_passage,train
GS_burst_1265,GS_Gansu,1,GS_2143,6,{'3.25': 6},3.25,GS_2143_1.jpg;GS_2143_2.jpg;GS_2143_3.jpg,singleton_passage,train
GS_burst_1266,GS_Gansu,1,GS_2144,10,{'3.5': 10},3.5,GS_2144_1.jpg;GS_2144_10.jpg;GS_2144_2.jpg,singleton_passage,val
GS_burst_1267,GS_Gansu,1,GS_2145,11,{'4.25': 11},4.25,GS_2145_1.jpg;GS_2145_10.jpg;GS_2145_11.jpg,singleton_passage,train
GS_burst_1268,GS_Gansu,1,GS_2146,10,{'3.25': 10},3.25,GS_2146_1.jpg;GS_2146_10.jpg;GS_2146_2.jpg,singleton_passage,val
GS_burst_1269,GS_Gansu,1,GS_2147,7,{'3.25': 7},3.25,GS_2147_1.jpg;GS_2147_2.jpg;GS_2147_3.jpg,singleton_passage,train
GS_burst_1270,GS_Gansu,1,GS_2148,7,{'4.0': 7},4.0,GS_2148_1.jpg;GS_2148_2.jpg;GS_2148_3.jpg,singleton_passage,train
GS_burst_1271,GS_Gansu,1,GS_2149,6,{'3.5': 6},3.5,GS_2149_1.jpg;GS_2149_2.jpg;GS_2149_3.jpg,singleton_passage,train
GS_burst_1272,GS_Gansu,1,GS_215,6,{'3.75': 6},3.75,GS_215_1.jpg;GS_215_2.jpg;GS_215_3.jpg,singleton_passage,train
GS_burst_1273,GS_Gansu,1,GS_2150,7,{'3.5': 7},3.5,GS_2150_1.jpg;GS_2150_2.jpg;GS_2150_3.jpg,singleton_passage,val
GS_burst_1274,GS_Gansu,1,GS_2151,5,{'3.75': 5},3.75,GS_2151_1.jpg;GS_2151_2.jpg;GS_2151_3.jpg,singleton_passage,val
GS_burst_1275,GS_Gansu,1,GS_2152,10,{'3.25': 10},3.25,GS_2152_1.jpg;GS_2152_10.jpg;GS_2152_2.jpg,singleton_passage,val
GS_burst_1276,GS_Gansu,1,GS_2153,5,{'3.75': 5},3.75,GS_2153_1.jpg;GS_2153_2.jpg;GS_2153_3.jpg,singleton_passage,train
GS_burst_1277,GS_Gansu,1,GS_2154,8,{'3.25': 8},3.25,GS_2154_1.jpg;GS_2154_2.jpg;GS_2154_3.jpg,singleton_passage,val
GS_burst_1278,GS_Gansu,1,GS_2155,10,{'3.5': 10},3.5,GS_2155_1.jpg;GS_2155_10.jpg;GS_2155_2.jpg,singleton_passage,train
GS_burst_1279,GS_Gansu,1,GS_2156,6,{'3.5': 6},3.5,GS_2156_1.jpg;GS_2156_2.jpg;GS_2156_3.jpg,singleton_passage,val
GS_burst_1280,GS_Gansu,1,GS_2157,4,{'3.5': 4},3.5,GS_2157_1.jpg;GS_2157_2.jpg;GS_2157_3.jpg,singleton_passage,val
GS_burst_1281,GS_Gansu,1,GS_2158,12,{'3.25': 12},3.25,GS_2158_1.jpg;GS_2158_10.jpg;GS_2158_11.jpg,singleton_passage,train
GS_burst_1282,GS_Gansu,1,GS_2159,10,{'3.5': 10},3.5,GS_2159_1.jpg;GS_2159_10.jpg;GS_2159_2.jpg,singleton_passage,train
GS_burst_1283,GS_Gansu,1,GS_216,6,{'3.5': 6},3.5,GS_216_1.jpg;GS_216_2.jpg;GS_216_3.jpg,singleton_passage,train
GS_burst_1284,GS_Gansu,1,GS_2160,12,{'3.25': 12},3.25,GS_2160_1.jpg;GS_2160_10.jpg;GS_2160_11.jpg,singleton_passage,train
GS_burst_1285,GS_Gansu,1,GS_2161,10,{'3.5': 10},3.5,GS_2161_1.jpg;GS_2161_10.jpg;GS_2161_2.jpg,singleton_passage,train
GS_burst_1286,GS_Gansu,1,GS_2162,9,{'3.5': 9},3.5,GS_2162_1.jpg;GS_2162_2.jpg;GS_2162_3.jpg,singleton_passage,train
GS_burst_1287,GS_Gansu,1,GS_2163,3,{'3.75': 3},3.75,GS_2163_1.jpg;GS_2163_2.jpg;GS_2163_3.jpg,singleton_passage,test
GS_burst_1288,GS_Gansu,1,GS_2164,9,{'3.5': 9},3.5,GS_2164_1.jpg;GS_2164_2.jpg;GS_2164_3.jpg,singleton_passage,train
GS_burst_1289,GS_Gansu,1,GS_2165,10,{'3.5': 10},3.5,GS_2165_1.jpg;GS_2165_10.jpg;GS_2165_2.jpg,singleton_passage,test
GS_burst_1290,GS_Gansu,1,GS_2166,11,{'3.5': 11},3.5,GS_2166_1.jpg;GS_2166_10.jpg;GS_2166_11.jpg,singleton_passage,train
GS_burst_1291,GS_Gansu,1,GS_2167,9,{'3.25': 9},3.25,GS_2167_1.jpg;GS_2167_2.jpg;GS_2167_3.jpg,singleton_passage,train
GS_burst_1292,GS_Gansu,1,GS_2168,7,{'3.25': 7},3.25,GS_2168_1.jpg;GS_2168_2.jpg;GS_2168_3.jpg,singleton_passage,train
GS_burst_1293,GS_Gansu,1,GS_2169,15,{'3.25': 15},3.25,GS_2169_1.jpg;GS_2169_10.jpg;GS_2169_11.jpg,singleton_passage,train
GS_burst_1294,GS_Gansu,1,GS_217,11,{'3.5': 11},3.5,GS_217_1.jpg;GS_217_10.jpg;GS_217_11.jpg,singleton_passage,val
GS_burst_1295,GS_Gansu,1,GS_2170,7,{'3.5': 7},3.5,GS_2170_1.jpg;GS_2170_2.jpg;GS_2170_3.jpg,singleton_passage,test
GS_burst_1296,GS_Gansu,1,GS_2171,12,{'4.0': 12},4.0,GS_2171_1.jpg;GS_2171_10.jpg;GS_2171_11.jpg,singleton_passage,train
GS_burst_1297,GS_Gansu,1,GS_2172,7,{'3.25': 7},3.25,GS_2172_1.jpg;GS_2172_2.jpg;GS_2172_3.jpg,singleton_passage,train
GS_burst_1298,GS_Gansu,1,GS_2173,7,{'4.25': 7},4.25,GS_2173_1.jpg;GS_2173_2.jpg;GS_2173_3.jpg,singleton_passage,train
GS_burst_1299,GS_Gansu,1,GS_2174,13,{'3.5': 13},3.5,GS_2174_1.jpg;GS_2174_10.jpg;GS_2174_11.jpg,singleton_passage,train
GS_burst_1300,GS_Gansu,1,GS_2175,6,{'3.25': 6},3.25,GS_2175_1.jpg;GS_2175_2.jpg;GS_2175_3.jpg,singleton_passage,train
GS_burst_1301,GS_Gansu,1,GS_2176,8,{'3.25': 8},3.25,GS_2176_1.jpg;GS_2176_2.jpg;GS_2176_3.jpg,singleton_passage,train
GS_burst_1302,GS_Gansu,1,GS_2177,8,{'4.0': 8},4.0,GS_2177_1.jpg;GS_2177_2.jpg;GS_2177_3.jpg,singleton_passage,train
GS_burst_1303,GS_Gansu,1,GS_2178,6,{'3.25': 6},3.25,GS_2178_1.jpg;GS_2178_2.jpg;GS_2178_3.jpg,singleton_passage,test
GS_burst_1304,GS_Gansu,1,GS_2179,9,{'3.75': 9},3.75,GS_2179_1.jpg;GS_2179_2.jpg;GS_2179_3.jpg,singleton_passage,val
GS_burst_1305,GS_Gansu,1,GS_218,13,{'4.0': 13},4.0,GS_218_1.jpg;GS_218_10.jpg;GS_218_11.jpg,singleton_passage,val
GS_burst_1306,GS_Gansu,1,GS_2180,9,{'3.5': 9},3.5,GS_2180_1.jpg;GS_2180_2.jpg;GS_2180_3.jpg,singleton_passage,train
GS_burst_1307,GS_Gansu,1,GS_2181,7,{'3.5': 7},3.5,GS_2181_1.jpg;GS_2181_2.jpg;GS_2181_3.jpg,singleton_passage,train
GS_burst_1308,GS_Gansu,1,GS_2182,9,{'3.5': 9},3.5,GS_2182_1.jpg;GS_2182_2.jpg;GS_2182_3.jpg,singleton_passage,train
GS_burst_1309,GS_Gansu,1,GS_2183,3,{'3.75': 3},3.75,GS_2183_1.jpg;GS_2183_2.jpg;GS_2183_3.jpg,singleton_passage,train
GS_burst_1310,GS_Gansu,1,GS_2184,11,{'3.5': 11},3.5,GS_2184_1.jpg;GS_2184_10.jpg;GS_2184_11.jpg,singleton_passage,train
GS_burst_1311,GS_Gansu,1,GS_2185,7,{'4.0': 7},4.0,GS_2185_1.jpg;GS_2185_2.jpg;GS_2185_3.jpg,singleton_passage,train
GS_burst_1312,GS_Gansu,1,GS_2186,4,{'3.5': 4},3.5,GS_2186_1.jpg;GS_2186_2.jpg;GS_2186_3.jpg,singleton_passage,train
GS_burst_1313,GS_Gansu,1,GS_2187,11,{'3.25': 11},3.25,GS_2187_1.jpg;GS_2187_10.jpg;GS_2187_11.jpg,singleton_passage,train
GS_burst_1314,GS_Gansu,1,GS_2188,8,{'3.25': 8},3.25,GS_2188_1.jpg;GS_2188_2.jpg;GS_2188_3.jpg,singleton_passage,test
GS_burst_1315,GS_Gansu,1,GS_2189,9,{'3.25': 9},3.25,GS_2189_1.jpg;GS_2189_2.jpg;GS_2189_3.jpg,singleton_passage,train
GS_burst_1316,GS_Gansu,1,GS_219,6,{'3.5': 6},3.5,GS_219_1.jpg;GS_219_2.jpg;GS_219_3.jpg,singleton_passage,train
GS_burst_1317,GS_Gansu,1,GS_2190,11,{'3.5': 11},3.5,GS_2190_1.jpg;GS_2190_10.jpg;GS_2190_11.jpg,singleton_passage,train
GS_burst_1318,GS_Gansu,1,GS_2191,5,{'3.75': 5},3.75,GS_2191_1.jpg;GS_2191_2.jpg;GS_2191_3.jpg,singleton_passage,train
GS_burst_1319,GS_Gansu,1,GS_2192,9,{'3.5': 9},3.5,GS_2192_1.jpg;GS_2192_2.jpg;GS_2192_3.jpg,singleton_passage,test
GS_burst_1320,GS_Gansu,1,GS_2193,8,{'3.25': 8},3.25,GS_2193_1.jpg;GS_2193_2.jpg;GS_2193_3.jpg,singleton_passage,train
GS_burst_1321,GS_Gansu,1,GS_2194,10,{'4.25': 10},4.25,GS_2194_1.jpg;GS_2194_10.jpg;GS_2194_2.jpg,singleton_passage,val
GS_burst_1322,GS_Gansu,1,GS_2195,10,{'3.5': 10},3.5,GS_2195_1.jpg;GS_2195_10.jpg;GS_2195_2.jpg,singleton_passage,train
GS_burst_1323,GS_Gansu,1,GS_2196,9,{'3.5': 9},3.5,GS_2196_1.jpg;GS_2196_2.jpg;GS_2196_3.jpg,singleton_passage,train
GS_burst_1324,GS_Gansu,1,GS_2197,7,{'3.25': 7},3.25,GS_2197_1.jpg;GS_2197_2.jpg;GS_2197_3.jpg,singleton_passage,val
GS_burst_1325,GS_Gansu,1,GS_2198,10,{'3.25': 10},3.25,GS_2198_1.jpg;GS_2198_10.jpg;GS_2198_2.jpg,singleton_passage,train
GS_burst_1326,GS_Gansu,1,GS_2199,13,{'3.5': 13},3.5,GS_2199_1.jpg;GS_2199_10.jpg;GS_2199_11.jpg,singleton_passage,val
GS_burst_1327,GS_Gansu,1,GS_22,7,{'3.75': 7},3.75,GS_22_1.jpg;GS_22_2.jpg;GS_22_3.jpg,singleton_passage,test
GS_burst_1328,GS_Gansu,1,GS_220,7,{'3.75': 7},3.75,GS_220_1.jpg;GS_220_2.jpg;GS_220_3.jpg,singleton_passage,test
GS_burst_1329,GS_Gansu,1,GS_2200,9,{'3.75': 9},3.75,GS_2200_1.jpg;GS_2200_2.jpg;GS_2200_3.jpg,singleton_passage,val
GS_burst_1330,GS_Gansu,1,GS_2201,11,{'3.75': 11},3.75,GS_2201_1.jpg;GS_2201_10.jpg;GS_2201_11.jpg,singleton_passage,train
GS_burst_1331,GS_Gansu,1,GS_2202,11,{'3.75': 11},3.75,GS_2202_1.jpg;GS_2202_10.jpg;GS_2202_11.jpg,singleton_passage,train
GS_burst_1332,GS_Gansu,1,GS_2203,10,{'3.5': 10},3.5,GS_2203_1.jpg;GS_2203_10.jpg;GS_2203_2.jpg,singleton_passage,train
GS_burst_1333,GS_Gansu,1,GS_2204,7,{'3.25': 7},3.25,GS_2204_1.jpg;GS_2204_2.jpg;GS_2204_3.jpg,singleton_passage,train
GS_burst_1334,GS_Gansu,1,GS_2205,9,{'4.25': 9},4.25,GS_2205_1.jpg;GS_2205_2.jpg;GS_2205_3.jpg,singleton_passage,val
GS_burst_1335,GS_Gansu,1,GS_2206,10,{'3.25': 10},3.25,GS_2206_1.jpg;GS_2206_10.jpg;GS_2206_2.jpg,singleton_passage,train
GS_burst_1336,GS_Gansu,1,GS_2207,14,{'3.25': 14},3.25,GS_2207_1.jpg;GS_2207_10.jpg;GS_2207_11.jpg,singleton_passage,train
GS_burst_1337,GS_Gansu,1,GS_2208,10,{'4.0': 10},4.0,GS_2208_1.jpg;GS_2208_10.jpg;GS_2208_2.jpg,singleton_passage,train
GS_burst_1338,GS_Gansu,1,GS_2209,8,{'4.25': 8},4.25,GS_2209_1.jpg;GS_2209_2.jpg;GS_2209_3.jpg,singleton_passage,train
GS_burst_1339,GS_Gansu,1,GS_221,10,{'3.75': 10},3.75,GS_221_1.jpg;GS_221_10.jpg;GS_221_2.jpg,singleton_passage,train
GS_burst_1340,GS_Gansu,1,GS_2210,10,{'3.75': 10},3.75,GS_2210_1.jpg;GS_2210_10.jpg;GS_2210_2.jpg,singleton_passage,test
GS_burst_1341,GS_Gansu,1,GS_2211,16,{'3.25': 16},3.25,GS_2211_1.jpg;GS_2211_10.jpg;GS_2211_11.jpg,singleton_passage,train
GS_burst_1342,GS_Gansu,1,GS_2212,11,{'3.75': 11},3.75,GS_2212_1.jpg;GS_2212_10.jpg;GS_2212_11.jpg,singleton_passage,train
GS_burst_1343,GS_Gansu,1,GS_2213,8,{'3.75': 8},3.75,GS_2213_1.jpg;GS_2213_2.jpg;GS_2213_3.jpg,singleton_passage,train
GS_burst_1344,GS_Gansu,1,GS_2214,8,{'3.25': 8},3.25,GS_2214_1.jpg;GS_2214_2.jpg;GS_2214_3.jpg,singleton_passage,train
GS_burst_1345,GS_Gansu,1,GS_2215,10,{'3.25': 10},3.25,GS_2215_1.jpg;GS_2215_10.jpg;GS_2215_2.jpg,singleton_passage,train
GS_burst_1346,GS_Gansu,1,GS_2216,7,{'3.5': 7},3.5,GS_2216_1.jpg;GS_2216_2.jpg;GS_2216_3.jpg,singleton_passage,test
GS_burst_1347,GS_Gansu,1,GS_2217,8,{'3.25': 8},3.25,GS_2217_1.jpg;GS_2217_2.jpg;GS_2217_3.jpg,singleton_passage,train
GS_burst_1348,GS_Gansu,1,GS_2218,5,{'4.0': 5},4.0,GS_2218_1.jpg;GS_2218_2.jpg;GS_2218_3.jpg,singleton_passage,train
GS_burst_1349,GS_Gansu,1,GS_2219,11,{'3.5': 11},3.5,GS_2219_1.jpg;GS_2219_10.jpg;GS_2219_11.jpg,singleton_passage,test
GS_burst_1350,GS_Gansu,1,GS_222,19,{'4.0': 19},4.0,GS_222_1.jpg;GS_222_10.jpg;GS_222_11.jpg,singleton_passage,train
GS_burst_1351,GS_Gansu,1,GS_2220,8,{'3.75': 8},3.75,GS_2220_1.jpg;GS_2220_2.jpg;GS_2220_3.jpg,singleton_passage,train
GS_burst_1352,GS_Gansu,1,GS_2221,9,{'4.25': 9},4.25,GS_2221_1.jpg;GS_2221_2.jpg;GS_2221_3.jpg,singleton_passage,val
GS_burst_1353,GS_Gansu,1,GS_2222,10,{'4.25': 10},4.25,GS_2222_1.jpg;GS_2222_10.jpg;GS_2222_2.jpg,singleton_passage,train
GS_burst_1354,GS_Gansu,1,GS_2223,11,{'4.0': 11},4.0,GS_2223_1.jpg;GS_2223_10.jpg;GS_2223_11.jpg,singleton_passage,val
GS_burst_1355,GS_Gansu,1,GS_2224,8,{'3.5': 8},3.5,GS_2224_1.jpg;GS_2224_2.jpg;GS_2224_3.jpg,singleton_passage,train
GS_burst_1356,GS_Gansu,1,GS_2225,9,{'3.75': 9},3.75,GS_2225_1.jpg;GS_2225_2.jpg;GS_2225_3.jpg,singleton_passage,train
GS_burst_1357,GS_Gansu,1,GS_2226,8,"{'3.75': 7, '4.0': 1}",3.75,GS_2226_1.jpg;GS_2226_2.jpg;GS_2226_3.jpg,singleton_passage,train
GS_burst_1358,GS_Gansu,1,GS_2227,9,{'3.25': 9},3.25,GS_2227_1.jpg;GS_2227_2.jpg;GS_2227_3.jpg,singleton_passage,train
GS_burst_1359,GS_Gansu,1,GS_2228,9,{'4.0': 9},4.0,GS_2228_1.jpg;GS_2228_2.jpg;GS_2228_3.jpg,singleton_passage,val
GS_burst_1360,GS_Gansu,1,GS_2229,9,{'3.75': 9},3.75,GS_2229_1.jpg;GS_2229_2.jpg;GS_2229_3.jpg,singleton_passage,val
GS_burst_1361,GS_Gansu,1,GS_223,12,{'3.5': 12},3.5,GS_223_1.jpg;GS_223_10.jpg;GS_223_11.jpg,singleton_passage,train
GS_burst_1362,GS_Gansu,1,GS_2230,12,{'3.5': 12},3.5,GS_2230_1.jpg;GS_2230_10.jpg;GS_2230_11.jpg,singleton_passage,test
GS_burst_1363,GS_Gansu,1,GS_2231,6,{'3.25': 6},3.25,GS_2231_1.jpg;GS_2231_2.jpg;GS_2231_3.jpg,singleton_passage,test
GS_burst_1364,GS_Gansu,1,GS_2232,6,{'3.25': 6},3.25,GS_2232_1.jpg;GS_2232_2.jpg;GS_2232_3.jpg,singleton_passage,train
GS_burst_1365,GS_Gansu,1,GS_2233,4,{'3.25': 4},3.25,GS_2233_1.jpg;GS_2233_2.jpg;GS_2233_3.jpg,singleton_passage,train
GS_burst_1366,GS_Gansu,1,GS_2234,7,{'3.75': 7},3.75,GS_2234_1.jpg;GS_2234_2.jpg;GS_2234_3.jpg,singleton_passage,train
GS_burst_1367,GS_Gansu,1,GS_2235,6,{'3.75': 6},3.75,GS_2235_1.jpg;GS_2235_2.jpg;GS_2235_3.jpg,singleton_passage,val
GS_burst_1368,GS_Gansu,1,GS_2236,7,{'3.5': 7},3.5,GS_2236_1.jpg;GS_2236_2.jpg;GS_2236_3.jpg,singleton_passage,train
GS_burst_1369,GS_Gansu,1,GS_2237,9,{'3.25': 9},3.25,GS_2237_1.jpg;GS_2237_2.jpg;GS_2237_3.jpg,singleton_passage,val
GS_burst_1370,GS_Gansu,1,GS_2238,9,{'4.0': 9},4.0,GS_2238_1.jpg;GS_2238_2.jpg;GS_2238_3.jpg,singleton_passage,train
GS_burst_1371,GS_Gansu,1,GS_2239,8,{'3.25': 8},3.25,GS_2239_1.jpg;GS_2239_2.jpg;GS_2239_3.jpg,singleton_passage,train
GS_burst_1372,GS_Gansu,1,GS_224,7,{'4.0': 7},4.0,GS_224_1.jpg;GS_224_2.jpg;GS_224_3.jpg,singleton_passage,test
GS_burst_1373,GS_Gansu,1,GS_2240,7,{'3.25': 7},3.25,GS_2240_1.jpg;GS_2240_2.jpg;GS_2240_3.jpg,singleton_passage,val
GS_burst_1374,GS_Gansu,1,GS_2241,6,{'3.25': 6},3.25,GS_2241_1.jpg;GS_2241_2.jpg;GS_2241_3.jpg,singleton_passage,test
GS_burst_1375,GS_Gansu,1,GS_2242,11,{'3.25': 11},3.25,GS_2242_1.jpg;GS_2242_10.jpg;GS_2242_11.jpg,singleton_passage,val
GS_burst_1376,GS_Gansu,1,GS_2243,11,{'3.75': 11},3.75,GS_2243_1.jpg;GS_2243_10.jpg;GS_2243_11.jpg,singleton_passage,train
GS_burst_1377,GS_Gansu,1,GS_2244,8,{'3.5': 8},3.5,GS_2244_1.jpg;GS_2244_2.jpg;GS_2244_3.jpg,singleton_passage,train
GS_burst_1378,GS_Gansu,1,GS_2245,7,{'3.5': 7},3.5,GS_2245_1.jpg;GS_2245_2.jpg;GS_2245_3.jpg,singleton_passage,train
GS_burst_1379,GS_Gansu,1,GS_2246,10,{'3.25': 10},3.25,GS_2246_1.jpg;GS_2246_10.jpg;GS_2246_2.jpg,singleton_passage,train
GS_burst_1380,GS_Gansu,1,GS_2247,5,{'3.5': 5},3.5,GS_2247_1.jpg;GS_2247_2.jpg;GS_2247_3.jpg,singleton_passage,train
GS_burst_1381,GS_Gansu,1,GS_2248,6,{'3.5': 6},3.5,GS_2248_1.jpg;GS_2248_2.jpg;GS_2248_3.jpg,singleton_passage,test
GS_burst_1382,GS_Gansu,1,GS_2249,6,{'3.5': 6},3.5,GS_2249_1.jpg;GS_2249_2.jpg;GS_2249_3.jpg,singleton_passage,test
GS_burst_1383,GS_Gansu,1,GS_225,21,{'3.75': 21},3.75,GS_225_1.jpg;GS_225_10.jpg;GS_225_11.jpg,singleton_passage,train
GS_burst_1384,GS_Gansu,1,GS_2250,9,{'3.25': 9},3.25,GS_2250_1.jpg;GS_2250_2.jpg;GS_2250_3.jpg,singleton_passage,train
GS_burst_1385,GS_Gansu,1,GS_2251,8,{'3.5': 8},3.5,GS_2251_1.jpg;GS_2251_2.jpg;GS_2251_3.jpg,singleton_passage,train
GS_burst_1386,GS_Gansu,1,GS_2252,8,{'4.25': 8},4.25,GS_2252_1.jpg;GS_2252_2.jpg;GS_2252_3.jpg,singleton_passage,train
GS_burst_1387,GS_Gansu,1,GS_2253,12,{'3.75': 12},3.75,GS_2253_1.jpg;GS_2253_10.jpg;GS_2253_11.jpg,singleton_passage,train
GS_burst_1388,GS_Gansu,1,GS_2254,10,{'3.25': 10},3.25,GS_2254_1.jpg;GS_2254_10.jpg;GS_2254_2.jpg,singleton_passage,train
GS_burst_1389,GS_Gansu,1,GS_2255,11,{'3.25': 11},3.25,GS_2255_1.jpg;GS_2255_10.jpg;GS_2255_11.jpg,singleton_passage,train
GS_burst_1390,GS_Gansu,1,GS_2256,6,{'3.5': 6},3.5,GS_2256_1.jpg;GS_2256_2.jpg;GS_2256_3.jpg,singleton_passage,train
GS_burst_1391,GS_Gansu,1,GS_2257,4,{'3.5': 4},3.5,GS_2257_1.jpg;GS_2257_2.jpg;GS_2257_3.jpg,singleton_passage,train
GS_burst_1392,GS_Gansu,1,GS_2258,12,{'3.5': 12},3.5,GS_2258_1.jpg;GS_2258_10.jpg;GS_2258_11.jpg,singleton_passage,test
GS_burst_1393,GS_Gansu,1,GS_2259,11,{'3.25': 11},3.25,GS_2259_1.jpg;GS_2259_10.jpg;GS_2259_11.jpg,singleton_passage,train
GS_burst_1394,GS_Gansu,1,GS_226,6,{'4.0': 6},4.0,GS_226_1.jpg;GS_226_2.jpg;GS_226_3.jpg,singleton_passage,train
GS_burst_1395,GS_Gansu,1,GS_2260,11,{'3.25': 11},3.25,GS_2260_1.jpg;GS_2260_10.jpg;GS_2260_11.jpg,singleton_passage,train
GS_burst_1396,GS_Gansu,1,GS_2261,11,{'3.75': 11},3.75,GS_2261_1.jpg;GS_2261_10.jpg;GS_2261_11.jpg,singleton_passage,train
GS_burst_1397,GS_Gansu,1,GS_2262,13,{'3.75': 13},3.75,GS_2262_1.jpg;GS_2262_10.jpg;GS_2262_11.jpg,singleton_passage,train
GS_burst_1398,GS_Gansu,1,GS_2263,7,{'3.25': 7},3.25,GS_2263_1.jpg;GS_2263_2.jpg;GS_2263_3.jpg,singleton_passage,train
GS_burst_1399,GS_Gansu,1,GS_2264,10,{'3.75': 10},3.75,GS_2264_1.jpg;GS_2264_10.jpg;GS_2264_2.jpg,singleton_passage,train
GS_burst_1400,GS_Gansu,1,GS_2265,8,{'3.25': 8},3.25,GS_2265_1.jpg;GS_2265_2.jpg;GS_2265_3.jpg,singleton_passage,train
GS_burst_1401,GS_Gansu,1,GS_2266,8,{'3.25': 8},3.25,GS_2266_1.jpg;GS_2266_2.jpg;GS_2266_3.jpg,singleton_passage,train
GS_burst_1402,GS_Gansu,1,GS_2267,10,{'3.75': 10},3.75,GS_2267_1.jpg;GS_2267_10.jpg;GS_2267_2.jpg,singleton_passage,train
GS_burst_1403,GS_Gansu,1,GS_2268,12,{'4.0': 12},4.0,GS_2268_1.jpg;GS_2268_10.jpg;GS_2268_11.jpg,singleton_passage,train
GS_burst_1404,GS_Gansu,1,GS_2269,7,{'3.25': 7},3.25,GS_2269_1.jpg;GS_2269_2.jpg;GS_2269_3.jpg,singleton_passage,train
GS_burst_1405,GS_Gansu,1,GS_227,6,{'4.25': 6},4.25,GS_227_1.jpg;GS_227_2.jpg;GS_227_3.jpg,singleton_passage,train
GS_burst_1406,GS_Gansu,1,GS_2270,12,{'3.25': 12},3.25,GS_2270_1.jpg;GS_2270_10.jpg;GS_2270_11.jpg,singleton_passage,train
GS_burst_1407,GS_Gansu,1,GS_2271,8,{'3.5': 8},3.5,GS_2271_1.jpg;GS_2271_2.jpg;GS_2271_3.jpg,singleton_passage,train
GS_burst_1408,GS_Gansu,1,GS_2272,8,{'3.75': 8},3.75,GS_2272_1.jpg;GS_2272_2.jpg;GS_2272_3.jpg,singleton_passage,train
GS_burst_1409,GS_Gansu,1,GS_2273,18,{'3.25': 18},3.25,GS_2273_1.jpg;GS_2273_10.jpg;GS_2273_11.jpg,singleton_passage,train
GS_burst_1410,GS_Gansu,1,GS_2274,9,{'3.25': 9},3.25,GS_2274_1.jpg;GS_2274_2.jpg;GS_2274_3.jpg,singleton_passage,train
GS_burst_1411,GS_Gansu,1,GS_2275,9,{'3.5': 9},3.5,GS_2275_1.jpg;GS_2275_2.jpg;GS_2275_3.jpg,singleton_passage,train
GS_burst_1412,GS_Gansu,1,GS_2276,8,{'3.75': 8},3.75,GS_2276_1.jpg;GS_2276_2.jpg;GS_2276_3.jpg,singleton_passage,val
GS_burst_1413,GS_Gansu,1,GS_2277,9,{'3.75': 9},3.75,GS_2277_1.jpg;GS_2277_2.jpg;GS_2277_3.jpg,singleton_passage,val
GS_burst_1414,GS_Gansu,1,GS_2278,9,{'3.25': 9},3.25,GS_2278_1.jpg;GS_2278_2.jpg;GS_2278_3.jpg,singleton_passage,train
GS_burst_1415,GS_Gansu,1,GS_2279,10,{'3.25': 10},3.25,GS_2279_1.jpg;GS_2279_10.jpg;GS_2279_2.jpg,singleton_passage,train
GS_burst_1416,GS_Gansu,1,GS_228,6,{'4.25': 6},4.25,GS_228_1.jpg;GS_228_2.jpg;GS_228_3.jpg,singleton_passage,train
GS_burst_1417,GS_Gansu,1,GS_2280,10,{'3.5': 10},3.5,GS_2280_1.jpg;GS_2280_10.jpg;GS_2280_2.jpg,singleton_passage,val
GS_burst_1418,GS_Gansu,1,GS_2281,9,{'3.5': 9},3.5,GS_2281_1.jpg;GS_2281_2.jpg;GS_2281_3.jpg,singleton_passage,train
GS_burst_1419,GS_Gansu,1,GS_2282,7,{'3.5': 7},3.5,GS_2282_1.jpg;GS_2282_2.jpg;GS_2282_3.jpg,singleton_passage,train
GS_burst_1420,GS_Gansu,1,GS_2283,8,{'3.25': 8},3.25,GS_2283_1.jpg;GS_2283_2.jpg;GS_2283_3.jpg,singleton_passage,val
GS_burst_1421,GS_Gansu,1,GS_2284,5,{'4.0': 5},4.0,GS_2284_1.jpg;GS_2284_2.jpg;GS_2284_3.jpg,singleton_passage,train
GS_burst_1422,GS_Gansu,1,GS_2285,6,{'3.25': 6},3.25,GS_2285_1.jpg;GS_2285_2.jpg;GS_2285_3.jpg,singleton_passage,train
GS_burst_1423,GS_Gansu,1,GS_2286,9,{'4.0': 9},4.0,GS_2286_1.jpg;GS_2286_2.jpg;GS_2286_3.jpg,singleton_passage,test
GS_burst_1424,GS_Gansu,1,GS_2287,12,{'3.25': 12},3.25,GS_2287_1.jpg;GS_2287_10.jpg;GS_2287_11.jpg,singleton_passage,train
GS_burst_1425,GS_Gansu,1,GS_2288,12,{'4.0': 12},4.0,GS_2288_1.jpg;GS_2288_10.jpg;GS_2288_11.jpg,singleton_passage,train
GS_burst_1426,GS_Gansu,1,GS_2289,10,{'3.75': 10},3.75,GS_2289_1.jpg;GS_2289_10.jpg;GS_2289_2.jpg,singleton_passage,val
GS_burst_1427,GS_Gansu,1,GS_229,10,{'4.25': 10},4.25,GS_229_1.jpg;GS_229_10.jpg;GS_229_2.jpg,singleton_passage,train
GS_burst_1428,GS_Gansu,1,GS_2290,11,{'3.25': 11},3.25,GS_2290_1.jpg;GS_2290_10.jpg;GS_2290_11.jpg,singleton_passage,val
GS_burst_1429,GS_Gansu,1,GS_2291,11,{'3.25': 11},3.25,GS_2291_1.jpg;GS_2291_10.jpg;GS_2291_11.jpg,singleton_passage,train
GS_burst_1430,GS_Gansu,1,GS_2292,10,{'4.0': 10},4.0,GS_2292_1.jpg;GS_2292_10.jpg;GS_2292_2.jpg,singleton_passage,val
GS_burst_1431,GS_Gansu,1,GS_2293,12,{'3.75': 12},3.75,GS_2293_1.jpg;GS_2293_10.jpg;GS_2293_11.jpg,singleton_passage,train
GS_burst_1432,GS_Gansu,1,GS_2294,11,{'3.5': 11},3.5,GS_2294_1.jpg;GS_2294_10.jpg;GS_2294_11.jpg,singleton_passage,val
GS_burst_1433,GS_Gansu,1,GS_2295,11,{'3.25': 11},3.25,GS_2295_1.jpg;GS_2295_10.jpg;GS_2295_11.jpg,singleton_passage,train
GS_burst_1434,GS_Gansu,1,GS_2296,8,{'3.25': 8},3.25,GS_2296_1.jpg;GS_2296_2.jpg;GS_2296_3.jpg,singleton_passage,test
GS_burst_1435,GS_Gansu,1,GS_2297,11,{'3.75': 11},3.75,GS_2297_1.jpg;GS_2297_10.jpg;GS_2297_11.jpg,singleton_passage,val
GS_burst_1436,GS_Gansu,1,GS_2298,8,{'3.5': 8},3.5,GS_2298_1.jpg;GS_2298_2.jpg;GS_2298_3.jpg,singleton_passage,train
GS_burst_1437,GS_Gansu,1,GS_2299,9,{'3.5': 9},3.5,GS_2299_1.jpg;GS_2299_2.jpg;GS_2299_3.jpg,singleton_passage,test
GS_burst_1438,GS_Gansu,1,GS_23,5,{'4.0': 5},4.0,GS_23_1.jpg;GS_23_2.jpg;GS_23_3.jpg,singleton_passage,val
GS_burst_1439,GS_Gansu,1,GS_230,6,{'4.0': 6},4.0,GS_230_1.jpg;GS_230_2.jpg;GS_230_3.jpg,singleton_passage,test
GS_burst_1440,GS_Gansu,1,GS_2300,9,{'3.5': 9},3.5,GS_2300_1.jpg;GS_2300_2.jpg;GS_2300_3.jpg,singleton_passage,train
GS_burst_1441,GS_Gansu,1,GS_2301,9,{'3.25': 9},3.25,GS_2301_1.jpg;GS_2301_2.jpg;GS_2301_3.jpg,singleton_passage,train
GS_burst_1442,GS_Gansu,1,GS_2302,10,{'3.25': 10},3.25,GS_2302_1.jpg;GS_2302_10.jpg;GS_2302_2.jpg,singleton_passage,val
GS_burst_1443,GS_Gansu,1,GS_2303,9,{'3.5': 9},3.5,GS_2303_1.jpg;GS_2303_2.jpg;GS_2303_3.jpg,singleton_passage,train
GS_burst_1444,GS_Gansu,1,GS_2304,8,{'3.25': 8},3.25,GS_2304_1.jpg;GS_2304_2.jpg;GS_2304_3.jpg,singleton_passage,train
GS_burst_1445,GS_Gansu,1,GS_2305,9,{'3.5': 9},3.5,GS_2305_1.jpg;GS_2305_2.jpg;GS_2305_3.jpg,singleton_passage,train
GS_burst_1446,GS_Gansu,1,GS_2306,10,{'3.25': 10},3.25,GS_2306_1.jpg;GS_2306_10.jpg;GS_2306_2.jpg,singleton_passage,train
GS_burst_1447,GS_Gansu,1,GS_2307,10,{'3.25': 10},3.25,GS_2307_1.jpg;GS_2307_10.jpg;GS_2307_2.jpg,singleton_passage,train
GS_burst_1448,GS_Gansu,1,GS_2308,8,{'3.25': 8},3.25,GS_2308_1.jpg;GS_2308_2.jpg;GS_2308_3.jpg,singleton_passage,train
GS_burst_1449,GS_Gansu,1,GS_2309,8,{'3.5': 8},3.5,GS_2309_1.jpg;GS_2309_2.jpg;GS_2309_3.jpg,singleton_passage,train
GS_burst_1450,GS_Gansu,1,GS_231,6,{'4.25': 6},4.25,GS_231_1.jpg;GS_231_2.jpg;GS_231_3.jpg,singleton_passage,train
GS_burst_1451,GS_Gansu,1,GS_2310,10,{'3.25': 10},3.25,GS_2310_1.jpg;GS_2310_10.jpg;GS_2310_2.jpg,singleton_passage,train
GS_burst_1452,GS_Gansu,1,GS_2311,9,{'3.5': 9},3.5,GS_2311_1.jpg;GS_2311_2.jpg;GS_2311_3.jpg,singleton_passage,test
GS_burst_1453,GS_Gansu,1,GS_2312,7,{'3.5': 7},3.5,GS_2312_1.jpg;GS_2312_2.jpg;GS_2312_3.jpg,singleton_passage,val
GS_burst_1454,GS_Gansu,1,GS_2313,12,{'3.25': 12},3.25,GS_2313_1.jpg;GS_2313_10.jpg;GS_2313_11.jpg,singleton_passage,train
GS_burst_1455,GS_Gansu,2,GS_2314;GS_2319,12,{'3.25': 12},3.25,GS_2314_1.jpg;GS_2314_2.jpg;GS_2314_3.jpg,exact_dup_or_burst_overlap,train
GS_burst_1456,GS_Gansu,1,GS_2315,3,{'3.5': 3},3.5,GS_2315_1.jpg;GS_2315_2.jpg;GS_2315_3.jpg,singleton_passage,train
GS_burst_1457,GS_Gansu,1,GS_2316,7,{'3.75': 7},3.75,GS_2316_1.jpg;GS_2316_2.jpg;GS_2316_3.jpg,singleton_passage,train
GS_burst_1458,GS_Gansu,1,GS_2317,6,{'3.25': 6},3.25,GS_2317_1.jpg;GS_2317_2.jpg;GS_2317_3.jpg,singleton_passage,train
GS_burst_1459,GS_Gansu,1,GS_2318,9,{'3.5': 9},3.5,GS_2318_1.jpg;GS_2318_2.jpg;GS_2318_3.jpg,singleton_passage,train
GS_burst_1460,GS_Gansu,1,GS_232,8,{'4.25': 8},4.25,GS_232_1.jpg;GS_232_2.jpg;GS_232_3.jpg,singleton_passage,train
GS_burst_1461,GS_Gansu,1,GS_2320,7,{'3.5': 7},3.5,GS_2320_1.jpg;GS_2320_2.jpg;GS_2320_3.jpg,singleton_passage,test
GS_burst_1462,GS_Gansu,1,GS_2321,6,{'3.25': 6},3.25,GS_2321_1.jpg;GS_2321_2.jpg;GS_2321_3.jpg,singleton_passage,train
GS_burst_1463,GS_Gansu,1,GS_2322,8,{'3.5': 8},3.5,GS_2322_1.jpg;GS_2322_2.jpg;GS_2322_3.jpg,singleton_passage,train
GS_burst_1464,GS_Gansu,1,GS_2323,7,{'3.5': 7},3.5,GS_2323_1.jpg;GS_2323_2.jpg;GS_2323_3.jpg,singleton_passage,train
GS_burst_1465,GS_Gansu,1,GS_2324,12,{'3.5': 12},3.5,GS_2324_1.jpg;GS_2324_10.jpg;GS_2324_11.jpg,singleton_passage,train
GS_burst_1466,GS_Gansu,1,GS_2325,11,{'3.25': 11},3.25,GS_2325_1.jpg;GS_2325_10.jpg;GS_2325_11.jpg,singleton_passage,train
GS_burst_1467,GS_Gansu,1,GS_2326,8,{'3.25': 8},3.25,GS_2326_1.jpg;GS_2326_2.jpg;GS_2326_3.jpg,singleton_passage,train
GS_burst_1468,GS_Gansu,1,GS_2327,7,{'4.25': 7},4.25,GS_2327_1.jpg;GS_2327_2.jpg;GS_2327_3.jpg,singleton_passage,val
GS_burst_1469,GS_Gansu,1,GS_2328,12,{'3.5': 12},3.5,GS_2328_1.jpg;GS_2328_10.jpg;GS_2328_11.jpg,singleton_passage,train
GS_burst_1470,GS_Gansu,1,GS_2329,11,{'3.25': 11},3.25,GS_2329_1.jpg;GS_2329_10.jpg;GS_2329_11.jpg,singleton_passage,train
GS_burst_1471,GS_Gansu,1,GS_233,8,{'4.0': 8},4.0,GS_233_1.jpg;GS_233_2.jpg;GS_233_3.jpg,singleton_passage,test
GS_burst_1472,GS_Gansu,1,GS_2330,7,{'3.25': 7},3.25,GS_2330_1.jpg;GS_2330_2.jpg;GS_2330_3.jpg,singleton_passage,val
GS_burst_1473,GS_Gansu,1,GS_2331,10,{'3.25': 10},3.25,GS_2331_1.jpg;GS_2331_10.jpg;GS_2331_2.jpg,singleton_passage,test
GS_burst_1474,GS_Gansu,1,GS_2332,10,{'3.25': 10},3.25,GS_2332_1.jpg;GS_2332_10.jpg;GS_2332_2.jpg,singleton_passage,val
GS_burst_1475,GS_Gansu,1,GS_2333,6,{'3.5': 6},3.5,GS_2333_1.jpg;GS_2333_2.jpg;GS_2333_3.jpg,singleton_passage,test
GS_burst_1476,GS_Gansu,1,GS_2334,8,{'3.25': 8},3.25,GS_2334_1.jpg;GS_2334_2.jpg;GS_2334_3.jpg,singleton_passage,train
GS_burst_1477,GS_Gansu,1,GS_2335,8,{'4.0': 8},4.0,GS_2335_1.jpg;GS_2335_2.jpg;GS_2335_3.jpg,singleton_passage,train
GS_burst_1478,GS_Gansu,1,GS_2336,5,{'4.25': 5},4.25,GS_2336_1.jpg;GS_2336_2.jpg;GS_2336_3.jpg,singleton_passage,train
GS_burst_1479,GS_Gansu,1,GS_2337,12,{'3.5': 12},3.5,GS_2337_1.jpg;GS_2337_10.jpg;GS_2337_11.jpg,singleton_passage,val
GS_burst_1480,GS_Gansu,1,GS_2338,10,{'4.0': 10},4.0,GS_2338_1.jpg;GS_2338_10.jpg;GS_2338_2.jpg,singleton_passage,train
GS_burst_1481,GS_Gansu,1,GS_2339,10,{'3.5': 10},3.5,GS_2339_1.jpg;GS_2339_10.jpg;GS_2339_2.jpg,singleton_passage,val
GS_burst_1482,GS_Gansu,1,GS_234,10,{'3.5': 10},3.5,GS_234_1.jpg;GS_234_10.jpg;GS_234_2.jpg,singleton_passage,train
GS_burst_1483,GS_Gansu,1,GS_2340,8,{'3.5': 8},3.5,GS_2340_1.jpg;GS_2340_2.jpg;GS_2340_3.jpg,singleton_passage,train
GS_burst_1484,GS_Gansu,1,GS_2341,7,{'3.5': 7},3.5,GS_2341_1.jpg;GS_2341_2.jpg;GS_2341_3.jpg,singleton_passage,train
GS_burst_1485,GS_Gansu,1,GS_2342,8,{'3.25': 8},3.25,GS_2342_1.jpg;GS_2342_2.jpg;GS_2342_3.jpg,singleton_passage,train
GS_burst_1486,GS_Gansu,1,GS_2343,10,{'4.0': 10},4.0,GS_2343_1.jpg;GS_2343_10.jpg;GS_2343_2.jpg,singleton_passage,train
GS_burst_1487,GS_Gansu,1,GS_2344,11,{'3.25': 11},3.25,GS_2344_1.jpg;GS_2344_10.jpg;GS_2344_11.jpg,singleton_passage,train
GS_burst_1488,GS_Gansu,1,GS_2345,7,{'3.5': 7},3.5,GS_2345_1.jpg;GS_2345_2.jpg;GS_2345_3.jpg,singleton_passage,train
GS_burst_1489,GS_Gansu,1,GS_2346,11,{'3.75': 11},3.75,GS_2346_1.jpg;GS_2346_10.jpg;GS_2346_11.jpg,singleton_passage,train
GS_burst_1490,GS_Gansu,1,GS_2347,10,{'3.25': 10},3.25,GS_2347_1.jpg;GS_2347_10.jpg;GS_2347_2.jpg,singleton_passage,test
GS_burst_1491,GS_Gansu,1,GS_2348,9,{'3.5': 9},3.5,GS_2348_1.jpg;GS_2348_2.jpg;GS_2348_3.jpg,singleton_passage,train
GS_burst_1492,GS_Gansu,1,GS_2349,12,{'4.0': 12},4.0,GS_2349_1.jpg;GS_2349_10.jpg;GS_2349_11.jpg,singleton_passage,train
GS_burst_1493,GS_Gansu,1,GS_235,5,{'4.0': 5},4.0,GS_235_1.jpg;GS_235_2.jpg;GS_235_3.jpg,singleton_passage,train
GS_burst_1494,GS_Gansu,1,GS_2350,10,{'4.0': 10},4.0,GS_2350_1.jpg;GS_2350_10.jpg;GS_2350_2.jpg,singleton_passage,train
GS_burst_1495,GS_Gansu,1,GS_2351,11,{'4.25': 11},4.25,GS_2351_1.jpg;GS_2351_10.jpg;GS_2351_11.jpg,singleton_passage,val
GS_burst_1496,GS_Gansu,1,GS_2352,14,{'3.75': 14},3.75,GS_2352_1.jpg;GS_2352_10.jpg;GS_2352_11.jpg,singleton_passage,train
GS_burst_1497,GS_Gansu,1,GS_2353,9,{'3.5': 9},3.5,GS_2353_1.jpg;GS_2353_2.jpg;GS_2353_3.jpg,singleton_passage,train
GS_burst_1498,GS_Gansu,1,GS_2354,13,{'4.0': 13},4.0,GS_2354_1.jpg;GS_2354_10.jpg;GS_2354_11.jpg,singleton_passage,test
GS_burst_1499,GS_Gansu,1,GS_2355,4,{'3.5': 4},3.5,GS_2355_1.jpg;GS_2355_2.jpg;GS_2355_3.jpg,singleton_passage,train
GS_burst_1500,GS_Gansu,1,GS_2356,10,{'3.75': 10},3.75,GS_2356_1.jpg;GS_2356_10.jpg;GS_2356_2.jpg,singleton_passage,test
GS_burst_1501,GS_Gansu,1,GS_2357,11,{'3.75': 11},3.75,GS_2357_1.jpg;GS_2357_10.jpg;GS_2357_11.jpg,singleton_passage,test
GS_burst_1502,GS_Gansu,1,GS_2358,10,{'3.25': 10},3.25,GS_2358_1.jpg;GS_2358_10.jpg;GS_2358_2.jpg,singleton_passage,train
GS_burst_1503,GS_Gansu,1,GS_2359,11,{'3.5': 11},3.5,GS_2359_1.jpg;GS_2359_10.jpg;GS_2359_11.jpg,singleton_passage,test
GS_burst_1504,GS_Gansu,1,GS_236,14,{'4.0': 14},4.0,GS_236_1.jpg;GS_236_10.jpg;GS_236_11.jpg,singleton_passage,val
GS_burst_1505,GS_Gansu,1,GS_2360,11,{'3.25': 11},3.25,GS_2360_1.jpg;GS_2360_10.jpg;GS_2360_11.jpg,singleton_passage,train
GS_burst_1506,GS_Gansu,1,GS_2361,9,{'3.25': 9},3.25,GS_2361_1.jpg;GS_2361_2.jpg;GS_2361_3.jpg,singleton_passage,test
GS_burst_1507,GS_Gansu,1,GS_2362,10,{'3.25': 10},3.25,GS_2362_1.jpg;GS_2362_10.jpg;GS_2362_2.jpg,singleton_passage,train
GS_burst_1508,GS_Gansu,1,GS_2363,13,{'3.25': 13},3.25,GS_2363_1.jpg;GS_2363_10.jpg;GS_2363_11.jpg,singleton_passage,train
GS_burst_1509,GS_Gansu,1,GS_2364,9,{'3.25': 9},3.25,GS_2364_1.jpg;GS_2364_2.jpg;GS_2364_3.jpg,singleton_passage,val
GS_burst_1510,GS_Gansu,1,GS_2365,9,{'3.5': 9},3.5,GS_2365_1.jpg;GS_2365_2.jpg;GS_2365_3.jpg,singleton_passage,train
GS_burst_1511,GS_Gansu,1,GS_2366,8,{'3.5': 8},3.5,GS_2366_1.jpg;GS_2366_2.jpg;GS_2366_3.jpg,singleton_passage,train
GS_burst_1512,GS_Gansu,1,GS_2367,9,{'3.5': 9},3.5,GS_2367_1.jpg;GS_2367_2.jpg;GS_2367_3.jpg,singleton_passage,train
GS_burst_1513,GS_Gansu,1,GS_2368,7,{'3.25': 7},3.25,GS_2368_1.jpg;GS_2368_2.jpg;GS_2368_3.jpg,singleton_passage,train
GS_burst_1514,GS_Gansu,1,GS_2369,8,{'3.25': 8},3.25,GS_2369_1.jpg;GS_2369_2.jpg;GS_2369_3.jpg,singleton_passage,test
GS_burst_1515,GS_Gansu,1,GS_237,7,{'4.0': 7},4.0,GS_237_1.jpg;GS_237_2.jpg;GS_237_3.jpg,singleton_passage,val
GS_burst_1516,GS_Gansu,1,GS_2370,7,{'3.25': 7},3.25,GS_2370_1.jpg;GS_2370_2.jpg;GS_2370_3.jpg,singleton_passage,train
GS_burst_1517,GS_Gansu,1,GS_2371,14,{'3.25': 14},3.25,GS_2371_1.jpg;GS_2371_10.jpg;GS_2371_11.jpg,singleton_passage,train
GS_burst_1518,GS_Gansu,1,GS_2372,9,{'3.25': 9},3.25,GS_2372_1.jpg;GS_2372_2.jpg;GS_2372_3.jpg,singleton_passage,val
GS_burst_1519,GS_Gansu,1,GS_2373,8,{'3.5': 8},3.5,GS_2373_1.jpg;GS_2373_2.jpg;GS_2373_3.jpg,singleton_passage,train
GS_burst_1520,GS_Gansu,1,GS_2374,3,{'3.75': 3},3.75,GS_2374_1.jpg;GS_2374_2.jpg;GS_2374_3.jpg,singleton_passage,train
GS_burst_1521,GS_Gansu,1,GS_2375,11,{'3.75': 11},3.75,GS_2375_1.jpg;GS_2375_10.jpg;GS_2375_11.jpg,singleton_passage,train
GS_burst_1522,GS_Gansu,1,GS_2376,8,{'4.0': 8},4.0,GS_2376_1.jpg;GS_2376_2.jpg;GS_2376_3.jpg,singleton_passage,train
GS_burst_1523,GS_Gansu,1,GS_2377,6,{'4.0': 6},4.0,GS_2377_1.jpg;GS_2377_2.jpg;GS_2377_3.jpg,singleton_passage,train
GS_burst_1524,GS_Gansu,1,GS_2378,9,{'3.5': 9},3.5,GS_2378_1.jpg;GS_2378_2.jpg;GS_2378_3.jpg,singleton_passage,val
GS_burst_1525,GS_Gansu,1,GS_2379,12,{'3.25': 12},3.25,GS_2379_1.jpg;GS_2379_10.jpg;GS_2379_11.jpg,singleton_passage,train
GS_burst_1526,GS_Gansu,1,GS_238,7,{'4.25': 7},4.25,GS_238_1.jpg;GS_238_2.jpg;GS_238_3.jpg,singleton_passage,train
GS_burst_1527,GS_Gansu,1,GS_2380,13,{'3.25': 13},3.25,GS_2380_1.jpg;GS_2380_10.jpg;GS_2380_11.jpg,singleton_passage,train
GS_burst_1528,GS_Gansu,1,GS_2381,12,{'3.5': 12},3.5,GS_2381_1.jpg;GS_2381_10.jpg;GS_2381_11.jpg,singleton_passage,train
GS_burst_1529,GS_Gansu,1,GS_2382,9,{'3.75': 9},3.75,GS_2382_1.jpg;GS_2382_2.jpg;GS_2382_3.jpg,singleton_passage,test
GS_burst_1530,GS_Gansu,1,GS_2383,10,{'4.0': 10},4.0,GS_2383_1.jpg;GS_2383_10.jpg;GS_2383_2.jpg,singleton_passage,test
GS_burst_1531,GS_Gansu,1,GS_2384,10,{'3.25': 10},3.25,GS_2384_1.jpg;GS_2384_10.jpg;GS_2384_2.jpg,singleton_passage,train
GS_burst_1532,GS_Gansu,1,GS_2385,12,{'3.25': 12},3.25,GS_2385_1.jpg;GS_2385_10.jpg;GS_2385_11.jpg,singleton_passage,train
GS_burst_1533,GS_Gansu,1,GS_2386,8,{'3.25': 8},3.25,GS_2386_1.jpg;GS_2386_2.jpg;GS_2386_3.jpg,singleton_passage,test
GS_burst_1534,GS_Gansu,1,GS_2387,8,{'3.25': 8},3.25,GS_2387_1.jpg;GS_2387_2.jpg;GS_2387_3.jpg,singleton_passage,train
GS_burst_1535,GS_Gansu,1,GS_2388,10,{'3.5': 10},3.5,GS_2388_1.jpg;GS_2388_10.jpg;GS_2388_2.jpg,singleton_passage,val
GS_burst_1536,GS_Gansu,1,GS_2389,11,{'3.25': 11},3.25,GS_2389_1.jpg;GS_2389_10.jpg;GS_2389_11.jpg,singleton_passage,train
GS_burst_1537,GS_Gansu,1,GS_239,6,{'3.75': 6},3.75,GS_239_1.jpg;GS_239_2.jpg;GS_239_3.jpg,singleton_passage,test
GS_burst_1538,GS_Gansu,1,GS_2390,10,{'3.5': 10},3.5,GS_2390_1.jpg;GS_2390_10.jpg;GS_2390_2.jpg,singleton_passage,train
GS_burst_1539,GS_Gansu,1,GS_2391,6,{'3.75': 6},3.75,GS_2391_1.jpg;GS_2391_2.jpg;GS_2391_3.jpg,singleton_passage,train
GS_burst_1540,GS_Gansu,1,GS_2392,11,{'3.25': 11},3.25,GS_2392_1.jpg;GS_2392_10.jpg;GS_2392_11.jpg,singleton_passage,val
GS_burst_1541,GS_Gansu,1,GS_2393,6,{'4.25': 6},4.25,GS_2393_1.jpg;GS_2393_2.jpg;GS_2393_3.jpg,singleton_passage,test
GS_burst_1542,GS_Gansu,1,GS_2394,9,{'4.0': 9},4.0,GS_2394_1.jpg;GS_2394_2.jpg;GS_2394_3.jpg,singleton_passage,train
GS_burst_1543,GS_Gansu,1,GS_2395,13,{'3.25': 13},3.25,GS_2395_1.jpg;GS_2395_10.jpg;GS_2395_11.jpg,singleton_passage,val
GS_burst_1544,GS_Gansu,1,GS_2396,8,{'3.75': 8},3.75,GS_2396_1.jpg;GS_2396_2.jpg;GS_2396_3.jpg,singleton_passage,train
GS_burst_1545,GS_Gansu,1,GS_2397,10,{'3.25': 10},3.25,GS_2397_1.jpg;GS_2397_10.jpg;GS_2397_2.jpg,singleton_passage,train
GS_burst_1546,GS_Gansu,1,GS_2398,8,{'3.25': 8},3.25,GS_2398_1.jpg;GS_2398_2.jpg;GS_2398_3.jpg,singleton_passage,test
GS_burst_1547,GS_Gansu,1,GS_2399,10,{'3.25': 10},3.25,GS_2399_1.jpg;GS_2399_10.jpg;GS_2399_2.jpg,singleton_passage,test
GS_burst_1548,GS_Gansu,1,GS_24,24,"{'3.75': 13, '4.0': 11}",3.75,GS_24_12.jpg;GS_24_13.jpg;GS_24_14.jpg,singleton_passage,train
GS_burst_1549,GS_Gansu,1,GS_240,40,{'3.5': 40},3.5,GS_240_1.jpg;GS_240_10.jpg;GS_240_11.jpg,singleton_passage,train
GS_burst_1550,GS_Gansu,1,GS_2400,11,{'4.25': 11},4.25,GS_2400_1.jpg;GS_2400_10.jpg;GS_2400_11.jpg,singleton_passage,val
GS_burst_1551,GS_Gansu,1,GS_2401,8,{'3.75': 8},3.75,GS_2401_1.jpg;GS_2401_2.jpg;GS_2401_3.jpg,singleton_passage,train
GS_burst_1552,GS_Gansu,1,GS_2402,11,{'4.25': 11},4.25,GS_2402_1.jpg;GS_2402_10.jpg;GS_2402_11.jpg,singleton_passage,val
GS_burst_1553,GS_Gansu,1,GS_2403,10,{'3.5': 10},3.5,GS_2403_1.jpg;GS_2403_10.jpg;GS_2403_2.jpg,singleton_passage,train
GS_burst_1554,GS_Gansu,1,GS_2404,10,{'3.25': 10},3.25,GS_2404_1.jpg;GS_2404_10.jpg;GS_2404_2.jpg,singleton_passage,train
GS_burst_1555,GS_Gansu,1,GS_2405,9,{'3.25': 9},3.25,GS_2405_1.jpg;GS_2405_2.jpg;GS_2405_3.jpg,singleton_passage,train
GS_burst_1556,GS_Gansu,1,GS_2406,9,{'3.25': 9},3.25,GS_2406_1.jpg;GS_2406_2.jpg;GS_2406_3.jpg,singleton_passage,train
GS_burst_1557,GS_Gansu,1,GS_2407,11,{'3.25': 11},3.25,GS_2407_1.jpg;GS_2407_10.jpg;GS_2407_11.jpg,singleton_passage,train
GS_burst_1558,GS_Gansu,1,GS_2408,9,{'3.5': 9},3.5,GS_2408_1.jpg;GS_2408_2.jpg;GS_2408_3.jpg,singleton_passage,train
GS_burst_1559,GS_Gansu,1,GS_2409,7,{'3.25': 7},3.25,GS_2409_1.jpg;GS_2409_2.jpg;GS_2409_3.jpg,singleton_passage,train
GS_burst_1560,GS_Gansu,1,GS_241,5,{'3.25': 5},3.25,GS_241_1.jpg;GS_241_2.jpg;GS_241_3.jpg,singleton_passage,test
GS_burst_1561,GS_Gansu,1,GS_2410,10,{'4.0': 10},4.0,GS_2410_1.jpg;GS_2410_10.jpg;GS_2410_2.jpg,singleton_passage,train
GS_burst_1562,GS_Gansu,1,GS_2411,8,{'4.0': 8},4.0,GS_2411_1.jpg;GS_2411_2.jpg;GS_2411_3.jpg,singleton_passage,train
GS_burst_1563,GS_Gansu,1,GS_2412,7,{'3.25': 7},3.25,GS_2412_1.jpg;GS_2412_2.jpg;GS_2412_3.jpg,singleton_passage,test
GS_burst_1564,GS_Gansu,1,GS_2413,7,{'4.0': 7},4.0,GS_2413_1.jpg;GS_2413_2.jpg;GS_2413_3.jpg,singleton_passage,train
GS_burst_1565,GS_Gansu,1,GS_2414,3,{'4.0': 3},4.0,GS_2414_1.jpg;GS_2414_2.jpg;GS_2414_3.jpg,singleton_passage,train
GS_burst_1566,GS_Gansu,1,GS_2415,7,{'4.0': 7},4.0,GS_2415_1.jpg;GS_2415_2.jpg;GS_2415_3.jpg,singleton_passage,test
GS_burst_1567,GS_Gansu,1,GS_2416,6,{'4.0': 6},4.0,GS_2416_1.jpg;GS_2416_2.jpg;GS_2416_3.jpg,singleton_passage,train
GS_burst_1568,GS_Gansu,1,GS_2417,7,{'3.75': 7},3.75,GS_2417_1.jpg;GS_2417_2.jpg;GS_2417_3.jpg,singleton_passage,test
GS_burst_1569,GS_Gansu,1,GS_2418,10,{'4.0': 10},4.0,GS_2418_1.jpg;GS_2418_10.jpg;GS_2418_2.jpg,singleton_passage,train
GS_burst_1570,GS_Gansu,1,GS_2419,5,{'3.75': 5},3.75,GS_2419_1.jpg;GS_2419_2.jpg;GS_2419_3.jpg,singleton_passage,test
GS_burst_1571,GS_Gansu,1,GS_242,6,{'4.0': 6},4.0,GS_242_1.jpg;GS_242_2.jpg;GS_242_3.jpg,singleton_passage,train
GS_burst_1572,GS_Gansu,1,GS_2420,9,{'4.25': 9},4.25,GS_2420_1.jpg;GS_2420_2.jpg;GS_2420_3.jpg,singleton_passage,test
GS_burst_1573,GS_Gansu,1,GS_2421,5,{'3.75': 5},3.75,GS_2421_1.jpg;GS_2421_2.jpg;GS_2421_3.jpg,singleton_passage,train
GS_burst_1574,GS_Gansu,1,GS_2422,9,{'4.0': 9},4.0,GS_2422_1.jpg;GS_2422_2.jpg;GS_2422_3.jpg,singleton_passage,train
GS_burst_1575,GS_Gansu,1,GS_2423,4,{'4.25': 4},4.25,GS_2423_1.jpg;GS_2423_2.jpg;GS_2423_3.jpg,singleton_passage,train
GS_burst_1576,GS_Gansu,1,GS_2424,8,{'4.25': 8},4.25,GS_2424_1.jpg;GS_2424_2.jpg;GS_2424_3.jpg,singleton_passage,train
GS_burst_1577,GS_Gansu,1,GS_2425,4,{'3.75': 4},3.75,GS_2425_1.jpg;GS_2425_2.jpg;GS_2425_3.jpg,singleton_passage,test
GS_burst_1578,GS_Gansu,1,GS_2426,8,{'3.5': 8},3.5,GS_2426_1.jpg;GS_2426_2.jpg;GS_2426_3.jpg,singleton_passage,train
GS_burst_1579,GS_Gansu,1,GS_2427,5,{'4.0': 5},4.0,GS_2427_1.jpg;GS_2427_2.jpg;GS_2427_3.jpg,singleton_passage,test
GS_burst_1580,GS_Gansu,1,GS_2428,7,{'3.5': 7},3.5,GS_2428_1.jpg;GS_2428_2.jpg;GS_2428_3.jpg,singleton_passage,train
GS_burst_1581,GS_Gansu,1,GS_2429,6,{'3.75': 6},3.75,GS_2429_1.jpg;GS_2429_2.jpg;GS_2429_3.jpg,singleton_passage,test
GS_burst_1582,GS_Gansu,1,GS_243,16,{'4.25': 16},4.25,GS_243_1.jpg;GS_243_10.jpg;GS_243_11.jpg,singleton_passage,train
GS_burst_1583,GS_Gansu,1,GS_2430,8,{'4.25': 8},4.25,GS_2430_1.jpg;GS_2430_2.jpg;GS_2430_3.jpg,singleton_passage,test
GS_burst_1584,GS_Gansu,1,GS_2431,8,{'4.25': 8},4.25,GS_2431_1.jpg;GS_2431_2.jpg;GS_2431_3.jpg,singleton_passage,train
GS_burst_1585,GS_Gansu,1,GS_2432,9,{'4.0': 9},4.0,GS_2432_1.jpg;GS_2432_2.jpg;GS_2432_3.jpg,singleton_passage,val
GS_burst_1586,GS_Gansu,1,GS_2433,6,{'4.0': 6},4.0,GS_2433_1.jpg;GS_2433_2.jpg;GS_2433_3.jpg,singleton_passage,train
GS_burst_1587,GS_Gansu,1,GS_2434,6,{'4.25': 6},4.25,GS_2434_1.jpg;GS_2434_2.jpg;GS_2434_3.jpg,singleton_passage,train
GS_burst_1588,GS_Gansu,1,GS_2435,3,{'4.25': 3},4.25,GS_2435_1.jpg;GS_2435_2.jpg;GS_2435_3.jpg,singleton_passage,train
GS_burst_1589,GS_Gansu,1,GS_2436,8,"{'3.5': 7, '3.75': 1}",3.5,GS_2436_2.jpg;GS_2436_3.jpg;GS_2436_4.jpg,singleton_passage,train
GS_burst_1590,GS_Gansu,1,GS_2437,5,{'4.25': 5},4.25,GS_2437_1.jpg;GS_2437_2.jpg;GS_2437_3.jpg,singleton_passage,train
GS_burst_1591,GS_Gansu,1,GS_2438,10,{'4.0': 10},4.0,GS_2438_1.jpg;GS_2438_10.jpg;GS_2438_2.jpg,singleton_passage,train
GS_burst_1592,GS_Gansu,1,GS_2439,7,{'3.5': 7},3.5,GS_2439_1.jpg;GS_2439_2.jpg;GS_2439_3.jpg,singleton_passage,train
GS_burst_1593,GS_Gansu,1,GS_244,6,{'3.75': 6},3.75,GS_244_1.jpg;GS_244_2.jpg;GS_244_3.jpg,singleton_passage,val
GS_burst_1594,GS_Gansu,1,GS_2440,5,{'4.0': 5},4.0,GS_2440_1.jpg;GS_2440_2.jpg;GS_2440_3.jpg,singleton_passage,val
GS_burst_1595,GS_Gansu,1,GS_2441,7,{'4.25': 7},4.25,GS_2441_1.jpg;GS_2441_2.jpg;GS_2441_3.jpg,singleton_passage,val
GS_burst_1596,GS_Gansu,1,GS_2442,7,{'4.25': 7},4.25,GS_2442_1.jpg;GS_2442_2.jpg;GS_2442_3.jpg,singleton_passage,train
GS_burst_1597,GS_Gansu,1,GS_2443,6,{'3.5': 6},3.5,GS_2443_1.jpg;GS_2443_2.jpg;GS_2443_3.jpg,singleton_passage,train
GS_burst_1598,GS_Gansu,1,GS_2444,4,{'4.25': 4},4.25,GS_2444_1.jpg;GS_2444_2.jpg;GS_2444_3.jpg,singleton_passage,train
GS_burst_1599,GS_Gansu,1,GS_2445,9,{'4.25': 9},4.25,GS_2445_1.jpg;GS_2445_2.jpg;GS_2445_3.jpg,singleton_passage,val
GS_burst_1600,GS_Gansu,1,GS_2446,6,{'4.25': 6},4.25,GS_2446_1.jpg;GS_2446_2.jpg;GS_2446_3.jpg,singleton_passage,train
GS_burst_1601,GS_Gansu,1,GS_2447,12,{'4.25': 12},4.25,GS_2447_1.jpg;GS_2447_10.jpg;GS_2447_11.jpg,singleton_passage,train
GS_burst_1602,GS_Gansu,1,GS_2448,7,{'3.5': 7},3.5,GS_2448_1.jpg;GS_2448_2.jpg;GS_2448_3.jpg,singleton_passage,train
GS_burst_1603,GS_Gansu,1,GS_2449,8,{'4.0': 8},4.0,GS_2449_1.jpg;GS_2449_2.jpg;GS_2449_3.jpg,singleton_passage,train
GS_burst_1604,GS_Gansu,1,GS_245,10,{'4.25': 10},4.25,GS_245_1.jpg;GS_245_10.jpg;GS_245_2.jpg,singleton_passage,train
GS_burst_1605,GS_Gansu,1,GS_2450,8,{'4.0': 8},4.0,GS_2450_1.jpg;GS_2450_2.jpg;GS_2450_3.jpg,singleton_passage,test
GS_burst_1606,GS_Gansu,1,GS_2451,9,{'3.75': 9},3.75,GS_2451_1.jpg;GS_2451_2.jpg;GS_2451_3.jpg,singleton_passage,train
GS_burst_1607,GS_Gansu,1,GS_2452,8,{'3.5': 8},3.5,GS_2452_1.jpg;GS_2452_2.jpg;GS_2452_3.jpg,singleton_passage,train
GS_burst_1608,GS_Gansu,1,GS_2453,7,{'4.25': 7},4.25,GS_2453_1.jpg;GS_2453_2.jpg;GS_2453_3.jpg,singleton_passage,train
GS_burst_1609,GS_Gansu,1,GS_2454,8,{'4.0': 8},4.0,GS_2454_1.jpg;GS_2454_2.jpg;GS_2454_3.jpg,singleton_passage,train
GS_burst_1610,GS_Gansu,1,GS_2455,9,{'4.0': 9},4.0,GS_2455_1.jpg;GS_2455_2.jpg;GS_2455_3.jpg,singleton_passage,train
GS_burst_1611,GS_Gansu,1,GS_2456,8,{'3.75': 8},3.75,GS_2456_1.jpg;GS_2456_2.jpg;GS_2456_3.jpg,singleton_passage,val
GS_burst_1612,GS_Gansu,1,GS_2457,6,{'3.5': 6},3.5,GS_2457_1.jpg;GS_2457_2.jpg;GS_2457_3.jpg,singleton_passage,test
GS_burst_1613,GS_Gansu,1,GS_2458,10,{'4.25': 10},4.25,GS_2458_1.jpg;GS_2458_10.jpg;GS_2458_2.jpg,singleton_passage,train
GS_burst_1614,GS_Gansu,1,GS_2459,8,{'4.0': 8},4.0,GS_2459_1.jpg;GS_2459_2.jpg;GS_2459_3.jpg,singleton_passage,train
GS_burst_1615,GS_Gansu,1,GS_246,9,{'4.0': 9},4.0,GS_246_1.jpg;GS_246_2.jpg;GS_246_3.jpg,singleton_passage,train
GS_burst_1616,GS_Gansu,1,GS_2460,8,{'3.75': 8},3.75,GS_2460_1.jpg;GS_2460_2.jpg;GS_2460_3.jpg,singleton_passage,train
GS_burst_1617,GS_Gansu,1,GS_2461,8,{'4.0': 8},4.0,GS_2461_1.jpg;GS_2461_2.jpg;GS_2461_3.jpg,singleton_passage,train
GS_burst_1618,GS_Gansu,1,GS_2462,9,{'4.0': 9},4.0,GS_2462_1.jpg;GS_2462_2.jpg;GS_2462_3.jpg,singleton_passage,val
GS_burst_1619,GS_Gansu,1,GS_2463,8,{'4.25': 8},4.25,GS_2463_1.jpg;GS_2463_2.jpg;GS_2463_3.jpg,singleton_passage,train
GS_burst_1620,GS_Gansu,1,GS_2464,10,{'4.25': 10},4.25,GS_2464_1.jpg;GS_2464_10.jpg;GS_2464_2.jpg,singleton_passage,train
GS_burst_1621,GS_Gansu,1,GS_2465,6,{'3.5': 6},3.5,GS_2465_1.jpg;GS_2465_2.jpg;GS_2465_3.jpg,singleton_passage,train
GS_burst_1622,GS_Gansu,1,GS_2466,5,{'3.25': 5},3.25,GS_2466_1.jpg;GS_2466_2.jpg;GS_2466_3.jpg,singleton_passage,train
GS_burst_1623,GS_Gansu,1,GS_2467,11,{'4.25': 11},4.25,GS_2467_1.jpg;GS_2467_10.jpg;GS_2467_11.jpg,singleton_passage,train
GS_burst_1624,GS_Gansu,1,GS_2468,5,{'4.25': 5},4.25,GS_2468_1.jpg;GS_2468_2.jpg;GS_2468_3.jpg,singleton_passage,val
GS_burst_1625,GS_Gansu,1,GS_2469,13,{'3.5': 13},3.5,GS_2469_1.jpg;GS_2469_10.jpg;GS_2469_11.jpg,singleton_passage,train
GS_burst_1626,GS_Gansu,1,GS_247,13,{'3.75': 13},3.75,GS_247_1.jpg;GS_247_10.jpg;GS_247_11.jpg,singleton_passage,val
GS_burst_1627,GS_Gansu,1,GS_2470,14,{'4.25': 14},4.25,GS_2470_1.jpg;GS_2470_10.jpg;GS_2470_11.jpg,singleton_passage,val
GS_burst_1628,GS_Gansu,1,GS_2471,11,{'4.0': 11},4.0,GS_2471_1.jpg;GS_2471_10.jpg;GS_2471_11.jpg,singleton_passage,train
GS_burst_1629,GS_Gansu,1,GS_2472,17,{'3.25': 17},3.25,GS_2472_1.jpg;GS_2472_10.jpg;GS_2472_11.jpg,singleton_passage,val
GS_burst_1630,GS_Gansu,1,GS_2473,3,{'4.25': 3},4.25,GS_2473_1.jpg;GS_2473_2.jpg;GS_2473_3.jpg,singleton_passage,test
GS_burst_1631,GS_Gansu,1,GS_2474,6,{'4.25': 6},4.25,GS_2474_1.jpg;GS_2474_2.jpg;GS_2474_3.jpg,singleton_passage,test
GS_burst_1632,GS_Gansu,1,GS_2475,4,{'4.25': 4},4.25,GS_2475_1.jpg;GS_2475_2.jpg;GS_2475_3.jpg,singleton_passage,train
GS_burst_1633,GS_Gansu,1,GS_2476,4,{'4.0': 4},4.0,GS_2476_1.jpg;GS_2476_2.jpg;GS_2476_3.jpg,singleton_passage,train
GS_burst_1634,GS_Gansu,1,GS_2477,10,{'4.0': 10},4.0,GS_2477_1.jpg;GS_2477_10.jpg;GS_2477_2.jpg,singleton_passage,test
GS_burst_1635,GS_Gansu,1,GS_2478,10,{'4.25': 10},4.25,GS_2478_1.jpg;GS_2478_10.jpg;GS_2478_2.jpg,singleton_passage,train
GS_burst_1636,GS_Gansu,1,GS_2479,6,"{'4.0': 1, '4.25': 5}",4.25,GS_2479_1.jpg;GS_2479_2.jpg;GS_2479_3.jpg,singleton_passage,train
GS_burst_1637,GS_Gansu,1,GS_248,15,{'3.5': 15},3.5,GS_248_1.jpg;GS_248_10.jpg;GS_248_11.jpg,singleton_passage,train
GS_burst_1638,GS_Gansu,1,GS_2480,3,{'3.5': 3},3.5,GS_2480_1.jpg;GS_2480_2.jpg;GS_2480_3.jpg,singleton_passage,train
GS_burst_1639,GS_Gansu,1,GS_2481,8,{'4.0': 8},4.0,GS_2481_1.jpg;GS_2481_2.jpg;GS_2481_3.jpg,singleton_passage,train
GS_burst_1640,GS_Gansu,1,GS_2482,6,{'3.75': 6},3.75,GS_2482_1.jpg;GS_2482_2.jpg;GS_2482_3.jpg,singleton_passage,train
GS_burst_1641,GS_Gansu,1,GS_2483,6,{'4.0': 6},4.0,GS_2483_1.jpg;GS_2483_2.jpg;GS_2483_3.jpg,singleton_passage,train
GS_burst_1642,GS_Gansu,1,GS_2484,5,{'4.25': 5},4.25,GS_2484_1.jpg;GS_2484_2.jpg;GS_2484_3.jpg,singleton_passage,val
GS_burst_1643,GS_Gansu,1,GS_2485,6,{'4.0': 6},4.0,GS_2485_1.jpg;GS_2485_2.jpg;GS_2485_3.jpg,singleton_passage,train
GS_burst_1644,GS_Gansu,1,GS_2486,11,{'4.25': 11},4.25,GS_2486_1.jpg;GS_2486_10.jpg;GS_2486_11.jpg,singleton_passage,train
GS_burst_1645,GS_Gansu,1,GS_2487,7,{'3.75': 7},3.75,GS_2487_1.jpg;GS_2487_2.jpg;GS_2487_3.jpg,singleton_passage,train
GS_burst_1646,GS_Gansu,1,GS_2488,9,{'3.25': 9},3.25,GS_2488_1.jpg;GS_2488_2.jpg;GS_2488_3.jpg,singleton_passage,train
GS_burst_1647,GS_Gansu,1,GS_2489,7,{'3.25': 7},3.25,GS_2489_1.jpg;GS_2489_2.jpg;GS_2489_3.jpg,singleton_passage,train
GS_burst_1648,GS_Gansu,1,GS_249,9,{'3.75': 9},3.75,GS_249_1.jpg;GS_249_2.jpg;GS_249_3.jpg,singleton_passage,train
GS_burst_1649,GS_Gansu,1,GS_2490,13,{'3.5': 13},3.5,GS_2490_1.jpg;GS_2490_10.jpg;GS_2490_11.jpg,singleton_passage,val
GS_burst_1650,GS_Gansu,1,GS_2491,10,{'3.5': 10},3.5,GS_2491_1.jpg;GS_2491_10.jpg;GS_2491_2.jpg,singleton_passage,train
GS_burst_1651,GS_Gansu,1,GS_2492,5,{'4.25': 5},4.25,GS_2492_1.jpg;GS_2492_2.jpg;GS_2492_3.jpg,singleton_passage,val
GS_burst_1652,GS_Gansu,1,GS_2493,5,{'3.5': 5},3.5,GS_2493_1.jpg;GS_2493_2.jpg;GS_2493_3.jpg,singleton_passage,train
GS_burst_1653,GS_Gansu,1,GS_2494,3,{'4.0': 3},4.0,GS_2494_1.jpg;GS_2494_2.jpg;GS_2494_3.jpg,singleton_passage,val
GS_burst_1654,GS_Gansu,1,GS_2495,3,{'4.25': 3},4.25,GS_2495_1.jpg;GS_2495_2.jpg;GS_2495_3.jpg,singleton_passage,val
GS_burst_1655,GS_Gansu,1,GS_2496,6,{'4.25': 6},4.25,GS_2496_1.jpg;GS_2496_2.jpg;GS_2496_3.jpg,singleton_passage,train
GS_burst_1656,GS_Gansu,1,GS_2497,9,{'3.5': 9},3.5,GS_2497_1.jpg;GS_2497_2.jpg;GS_2497_3.jpg,singleton_passage,train
GS_burst_1657,GS_Gansu,1,GS_2498,9,{'4.25': 9},4.25,GS_2498_1.jpg;GS_2498_2.jpg;GS_2498_3.jpg,singleton_passage,train
GS_burst_1658,GS_Gansu,1,GS_2499,7,{'4.25': 7},4.25,GS_2499_1.jpg;GS_2499_2.jpg;GS_2499_3.jpg,singleton_passage,train
GS_burst_1659,GS_Gansu,1,GS_25,3,{'4.25': 3},4.25,GS_25_1.jpg;GS_25_2.jpg;GS_25_3.jpg,singleton_passage,train
GS_burst_1660,GS_Gansu,1,GS_250,11,{'3.75': 11},3.75,GS_250_1.jpg;GS_250_10.jpg;GS_250_11.jpg,singleton_passage,train
GS_burst_1661,GS_Gansu,1,GS_2500,8,{'4.0': 8},4.0,GS_2500_1.jpg;GS_2500_2.jpg;GS_2500_3.jpg,singleton_passage,train
GS_burst_1662,GS_Gansu,1,GS_2501,11,{'4.0': 11},4.0,GS_2501_1.jpg;GS_2501_10.jpg;GS_2501_11.jpg,singleton_passage,val
GS_burst_1663,GS_Gansu,1,GS_2502,8,{'3.25': 8},3.25,GS_2502_1.jpg;GS_2502_2.jpg;GS_2502_3.jpg,singleton_passage,train
GS_burst_1664,GS_Gansu,1,GS_2503,8,{'4.25': 8},4.25,GS_2503_1.jpg;GS_2503_2.jpg;GS_2503_3.jpg,singleton_passage,train
GS_burst_1665,GS_Gansu,1,GS_2504,8,{'4.0': 8},4.0,GS_2504_1.jpg;GS_2504_2.jpg;GS_2504_3.jpg,singleton_passage,train
GS_burst_1666,GS_Gansu,1,GS_2505,6,{'3.25': 6},3.25,GS_2505_1.jpg;GS_2505_2.jpg;GS_2505_3.jpg,singleton_passage,train
GS_burst_1667,GS_Gansu,1,GS_2506,6,{'4.0': 6},4.0,GS_2506_1.jpg;GS_2506_2.jpg;GS_2506_3.jpg,singleton_passage,train
GS_burst_1668,GS_Gansu,1,GS_2507,9,{'4.0': 9},4.0,GS_2507_1.jpg;GS_2507_2.jpg;GS_2507_3.jpg,singleton_passage,val
GS_burst_1669,GS_Gansu,1,GS_2508,5,{'4.0': 5},4.0,GS_2508_1.jpg;GS_2508_2.jpg;GS_2508_3.jpg,singleton_passage,test
GS_burst_1670,GS_Gansu,1,GS_2509,5,{'3.5': 5},3.5,GS_2509_1.jpg;GS_2509_2.jpg;GS_2509_3.jpg,singleton_passage,train
GS_burst_1671,GS_Gansu,1,GS_251,7,{'4.0': 7},4.0,GS_251_1.jpg;GS_251_2.jpg;GS_251_3.jpg,singleton_passage,train
GS_burst_1672,GS_Gansu,1,GS_2510,8,{'4.0': 8},4.0,GS_2510_1.jpg;GS_2510_2.jpg;GS_2510_3.jpg,singleton_passage,val
GS_burst_1673,GS_Gansu,1,GS_2511,8,{'3.75': 8},3.75,GS_2511_1.jpg;GS_2511_2.jpg;GS_2511_3.jpg,singleton_passage,test
GS_burst_1674,GS_Gansu,1,GS_2512,9,{'4.0': 9},4.0,GS_2512_1.jpg;GS_2512_2.jpg;GS_2512_3.jpg,singleton_passage,test
GS_burst_1675,GS_Gansu,1,GS_2513,7,{'4.0': 7},4.0,GS_2513_1.jpg;GS_2513_2.jpg;GS_2513_3.jpg,singleton_passage,train
GS_burst_1676,GS_Gansu,1,GS_2514,2,{'4.0': 2},4.0,GS_2514_1.jpg;GS_2514_2.jpg,singleton_passage,val
GS_burst_1677,GS_Gansu,1,GS_2515,7,{'3.75': 7},3.75,GS_2515_1.jpg;GS_2515_2.jpg;GS_2515_3.jpg,singleton_passage,train
GS_burst_1678,GS_Gansu,1,GS_2516,5,{'4.0': 5},4.0,GS_2516_1.jpg;GS_2516_2.jpg;GS_2516_3.jpg,singleton_passage,train
GS_burst_1679,GS_Gansu,1,GS_2517,4,{'4.0': 4},4.0,GS_2517_1.jpg;GS_2517_2.jpg;GS_2517_3.jpg,singleton_passage,train
GS_burst_1680,GS_Gansu,1,GS_2518,8,{'4.25': 8},4.25,GS_2518_1.jpg;GS_2518_2.jpg;GS_2518_3.jpg,singleton_passage,train
GS_burst_1681,GS_Gansu,1,GS_2519,11,{'3.75': 11},3.75,GS_2519_1.jpg;GS_2519_10.jpg;GS_2519_11.jpg,singleton_passage,train
GS_burst_1682,GS_Gansu,1,GS_252,5,{'3.75': 5},3.75,GS_252_1.jpg;GS_252_2.jpg;GS_252_3.jpg,singleton_passage,train
GS_burst_1683,GS_Gansu,1,GS_2520,8,{'3.75': 8},3.75,GS_2520_1.jpg;GS_2520_2.jpg;GS_2520_3.jpg,singleton_passage,train
GS_burst_1684,GS_Gansu,1,GS_2521,7,{'3.5': 7},3.5,GS_2521_1.jpg;GS_2521_2.jpg;GS_2521_3.jpg,singleton_passage,train
GS_burst_1685,GS_Gansu,1,GS_2522,7,{'4.25': 7},4.25,GS_2522_1.jpg;GS_2522_2.jpg;GS_2522_3.jpg,singleton_passage,train
GS_burst_1686,GS_Gansu,1,GS_2523,10,{'4.0': 10},4.0,GS_2523_1.jpg;GS_2523_10.jpg;GS_2523_2.jpg,singleton_passage,test
GS_burst_1687,GS_Gansu,1,GS_2524,8,{'3.75': 8},3.75,GS_2524_1.jpg;GS_2524_2.jpg;GS_2524_3.jpg,singleton_passage,train
GS_burst_1688,GS_Gansu,1,GS_2525,6,{'3.75': 6},3.75,GS_2525_1.jpg;GS_2525_2.jpg;GS_2525_3.jpg,singleton_passage,train
GS_burst_1689,GS_Gansu,1,GS_2526,6,{'4.0': 6},4.0,GS_2526_1.jpg;GS_2526_2.jpg;GS_2526_3.jpg,singleton_passage,train
GS_burst_1690,GS_Gansu,1,GS_2527,8,{'4.0': 8},4.0,GS_2527_1.jpg;GS_2527_2.jpg;GS_2527_3.jpg,singleton_passage,train
GS_burst_1691,GS_Gansu,1,GS_2528,11,{'3.5': 11},3.5,GS_2528_1.jpg;GS_2528_10.jpg;GS_2528_11.jpg,singleton_passage,train
GS_burst_1692,GS_Gansu,1,GS_2529,9,{'3.25': 9},3.25,GS_2529_1.jpg;GS_2529_2.jpg;GS_2529_3.jpg,singleton_passage,test
GS_burst_1693,GS_Gansu,1,GS_253,6,{'4.0': 6},4.0,GS_253_1.jpg;GS_253_2.jpg;GS_253_3.jpg,singleton_passage,train
GS_burst_1694,GS_Gansu,1,GS_2530,10,{'3.25': 10},3.25,GS_2530_1.jpg;GS_2530_10.jpg;GS_2530_2.jpg,singleton_passage,train
GS_burst_1695,GS_Gansu,1,GS_2531,10,{'4.0': 10},4.0,GS_2531_1.jpg;GS_2531_10.jpg;GS_2531_2.jpg,singleton_passage,val
GS_burst_1696,GS_Gansu,1,GS_2532,6,{'4.25': 6},4.25,GS_2532_1.jpg;GS_2532_2.jpg;GS_2532_3.jpg,singleton_passage,train
GS_burst_1697,GS_Gansu,1,GS_2533,1,{'4.25': 1},4.25,GS_2533_1.jpg,singleton_passage,train
GS_burst_1698,GS_Gansu,1,GS_2534,11,{'3.5': 11},3.5,GS_2534_1.jpg;GS_2534_10.jpg;GS_2534_11.jpg,singleton_passage,train
GS_burst_1699,GS_Gansu,1,GS_2535,8,{'3.75': 8},3.75,GS_2535_1.jpg;GS_2535_2.jpg;GS_2535_3.jpg,singleton_passage,test
GS_burst_1700,GS_Gansu,1,GS_2536,8,{'3.75': 8},3.75,GS_2536_1.jpg;GS_2536_2.jpg;GS_2536_3.jpg,singleton_passage,train
GS_burst_1701,GS_Gansu,1,GS_2537,6,{'3.75': 6},3.75,GS_2537_1.jpg;GS_2537_2.jpg;GS_2537_3.jpg,singleton_passage,train
GS_burst_1702,GS_Gansu,1,GS_2538,7,{'3.75': 7},3.75,GS_2538_1.jpg;GS_2538_2.jpg;GS_2538_3.jpg,singleton_passage,train
GS_burst_1703,GS_Gansu,1,GS_2539,7,{'3.75': 7},3.75,GS_2539_1.jpg;GS_2539_2.jpg;GS_2539_3.jpg,singleton_passage,train
GS_burst_1704,GS_Gansu,1,GS_254,6,{'4.25': 6},4.25,GS_254_1.jpg;GS_254_2.jpg;GS_254_3.jpg,singleton_passage,train
GS_burst_1705,GS_Gansu,1,GS_2540,6,{'4.0': 6},4.0,GS_2540_1.jpg;GS_2540_2.jpg;GS_2540_3.jpg,singleton_passage,train
GS_burst_1706,GS_Gansu,1,GS_2541,6,{'4.0': 6},4.0,GS_2541_1.jpg;GS_2541_2.jpg;GS_2541_3.jpg,singleton_passage,train
GS_burst_1707,GS_Gansu,1,GS_2542,7,{'4.25': 7},4.25,GS_2542_1.jpg;GS_2542_2.jpg;GS_2542_3.jpg,singleton_passage,train
GS_burst_1708,GS_Gansu,1,GS_2543,5,{'3.75': 5},3.75,GS_2543_1.jpg;GS_2543_2.jpg;GS_2543_3.jpg,singleton_passage,train
GS_burst_1709,GS_Gansu,1,GS_2544,10,{'4.0': 10},4.0,GS_2544_1.jpg;GS_2544_10.jpg;GS_2544_2.jpg,singleton_passage,train
GS_burst_1710,GS_Gansu,1,GS_2545,3,{'4.0': 3},4.0,GS_2545_1.jpg;GS_2545_2.jpg;GS_2545_3.jpg,singleton_passage,test
GS_burst_1711,GS_Gansu,1,GS_2546,8,{'4.0': 8},4.0,GS_2546_1.jpg;GS_2546_2.jpg;GS_2546_3.jpg,singleton_passage,val
GS_burst_1712,GS_Gansu,1,GS_2547,8,{'3.5': 8},3.5,GS_2547_1.jpg;GS_2547_2.jpg;GS_2547_3.jpg,singleton_passage,train
GS_burst_1713,GS_Gansu,1,GS_2548,8,{'3.75': 8},3.75,GS_2548_1.jpg;GS_2548_2.jpg;GS_2548_3.jpg,singleton_passage,train
GS_burst_1714,GS_Gansu,1,GS_2549,6,{'3.75': 6},3.75,GS_2549_1.jpg;GS_2549_2.jpg;GS_2549_3.jpg,singleton_passage,train
GS_burst_1715,GS_Gansu,1,GS_255,8,{'4.25': 8},4.25,GS_255_1.jpg;GS_255_2.jpg;GS_255_3.jpg,singleton_passage,train
GS_burst_1716,GS_Gansu,1,GS_2550,10,{'3.5': 10},3.5,GS_2550_1.jpg;GS_2550_10.jpg;GS_2550_2.jpg,singleton_passage,train
GS_burst_1717,GS_Gansu,1,GS_2551,5,{'4.0': 5},4.0,GS_2551_1.jpg;GS_2551_2.jpg;GS_2551_3.jpg,singleton_passage,train
GS_burst_1718,GS_Gansu,1,GS_2552,9,{'4.25': 9},4.25,GS_2552_1.jpg;GS_2552_2.jpg;GS_2552_3.jpg,singleton_passage,test
GS_burst_1719,GS_Gansu,1,GS_2553,9,{'4.25': 9},4.25,GS_2553_1.jpg;GS_2553_2.jpg;GS_2553_3.jpg,singleton_passage,train
GS_burst_1720,GS_Gansu,1,GS_2554,6,{'3.75': 6},3.75,GS_2554_1.jpg;GS_2554_2.jpg;GS_2554_3.jpg,singleton_passage,train
GS_burst_1721,GS_Gansu,1,GS_2555,9,{'4.0': 9},4.0,GS_2555_1.jpg;GS_2555_2.jpg;GS_2555_3.jpg,singleton_passage,train
GS_burst_1722,GS_Gansu,1,GS_2556,5,{'4.25': 5},4.25,GS_2556_1.jpg;GS_2556_2.jpg;GS_2556_3.jpg,singleton_passage,train
GS_burst_1723,GS_Gansu,1,GS_2557,11,{'4.0': 11},4.0,GS_2557_1.jpg;GS_2557_10.jpg;GS_2557_11.jpg,singleton_passage,train
GS_burst_1724,GS_Gansu,1,GS_2558,7,{'4.0': 7},4.0,GS_2558_1.jpg;GS_2558_2.jpg;GS_2558_3.jpg,singleton_passage,train
GS_burst_1725,GS_Gansu,1,GS_2559,9,{'3.75': 9},3.75,GS_2559_1.jpg;GS_2559_2.jpg;GS_2559_3.jpg,singleton_passage,train
GS_burst_1726,GS_Gansu,1,GS_256,12,{'4.0': 12},4.0,GS_256_1.jpg;GS_256_10.jpg;GS_256_11.jpg,singleton_passage,train
GS_burst_1727,GS_Gansu,1,GS_2560,10,{'3.5': 10},3.5,GS_2560_1.jpg;GS_2560_10.jpg;GS_2560_2.jpg,singleton_passage,train
GS_burst_1728,GS_Gansu,1,GS_2561,10,{'4.0': 10},4.0,GS_2561_1.jpg;GS_2561_10.jpg;GS_2561_2.jpg,singleton_passage,train
GS_burst_1729,GS_Gansu,1,GS_2562,6,{'3.75': 6},3.75,GS_2562_1.jpg;GS_2562_2.jpg;GS_2562_3.jpg,singleton_passage,test
GS_burst_1730,GS_Gansu,1,GS_2563,6,{'4.25': 6},4.25,GS_2563_1.jpg;GS_2563_2.jpg;GS_2563_3.jpg,singleton_passage,train
GS_burst_1731,GS_Gansu,1,GS_2564,19,{'4.0': 19},4.0,GS_2564_1.jpg;GS_2564_10.jpg;GS_2564_11.jpg,singleton_passage,train
GS_burst_1732,GS_Gansu,1,GS_2565,16,{'4.25': 16},4.25,GS_2565_1.jpg;GS_2565_10.jpg;GS_2565_11.jpg,singleton_passage,train
GS_burst_1733,GS_Gansu,1,GS_2566,5,{'4.25': 5},4.25,GS_2566_1.jpg;GS_2566_2.jpg;GS_2566_3.jpg,singleton_passage,train
GS_burst_1734,GS_Gansu,1,GS_2567,4,{'4.25': 4},4.25,GS_2567_1.jpg;GS_2567_2.jpg;GS_2567_3.jpg,singleton_passage,train
GS_burst_1735,GS_Gansu,1,GS_2568,7,{'4.0': 7},4.0,GS_2568_1.jpg;GS_2568_2.jpg;GS_2568_3.jpg,singleton_passage,train
GS_burst_1736,GS_Gansu,1,GS_2569,5,{'3.5': 5},3.5,GS_2569_1.jpg;GS_2569_2.jpg;GS_2569_3.jpg,singleton_passage,test
GS_burst_1737,GS_Gansu,1,GS_257,5,{'3.75': 5},3.75,GS_257_1.jpg;GS_257_2.jpg;GS_257_3.jpg,singleton_passage,val
GS_burst_1738,GS_Gansu,1,GS_2570,9,{'3.75': 9},3.75,GS_2570_1.jpg;GS_2570_2.jpg;GS_2570_3.jpg,singleton_passage,train
GS_burst_1739,GS_Gansu,1,GS_2571,5,{'4.0': 5},4.0,GS_2571_1.jpg;GS_2571_2.jpg;GS_2571_3.jpg,singleton_passage,val
GS_burst_1740,GS_Gansu,1,GS_2572,5,{'3.75': 5},3.75,GS_2572_1.jpg;GS_2572_2.jpg;GS_2572_3.jpg,singleton_passage,val
GS_burst_1741,GS_Gansu,1,GS_2573,5,{'3.5': 5},3.5,GS_2573_1.jpg;GS_2573_2.jpg;GS_2573_3.jpg,singleton_passage,val
GS_burst_1742,GS_Gansu,1,GS_2574,9,{'4.0': 9},4.0,GS_2574_1.jpg;GS_2574_2.jpg;GS_2574_3.jpg,singleton_passage,train
GS_burst_1743,GS_Gansu,1,GS_2575,8,{'3.5': 8},3.5,GS_2575_1.jpg;GS_2575_2.jpg;GS_2575_3.jpg,singleton_passage,train
GS_burst_1744,GS_Gansu,1,GS_2576,15,{'3.5': 15},3.5,GS_2576_1.jpg;GS_2576_10.jpg;GS_2576_11.jpg,singleton_passage,train
GS_burst_1745,GS_Gansu,1,GS_2577,10,{'3.75': 10},3.75,GS_2577_1.jpg;GS_2577_10.jpg;GS_2577_2.jpg,singleton_passage,val
GS_burst_1746,GS_Gansu,1,GS_2578,21,{'4.25': 21},4.25,GS_2578_1.jpg;GS_2578_10.jpg;GS_2578_11.jpg,singleton_passage,train
GS_burst_1747,GS_Gansu,1,GS_2579,13,{'3.75': 13},3.75,GS_2579_1.jpg;GS_2579_10.jpg;GS_2579_11.jpg,singleton_passage,train
GS_burst_1748,GS_Gansu,1,GS_258,8,{'4.25': 8},4.25,GS_258_1.jpg;GS_258_2.jpg;GS_258_3.jpg,singleton_passage,val
GS_burst_1749,GS_Gansu,1,GS_2580,6,{'4.0': 6},4.0,GS_2580_1.jpg;GS_2580_2.jpg;GS_2580_3.jpg,singleton_passage,train
GS_burst_1750,GS_Gansu,1,GS_2581,6,{'4.0': 6},4.0,GS_2581_1.jpg;GS_2581_2.jpg;GS_2581_3.jpg,singleton_passage,test
GS_burst_1751,GS_Gansu,1,GS_2582,3,{'4.0': 3},4.0,GS_2582_1.jpg;GS_2582_2.jpg;GS_2582_3.jpg,singleton_passage,train
GS_burst_1752,GS_Gansu,1,GS_2583,3,{'4.0': 3},4.0,GS_2583_1.jpg;GS_2583_2.jpg;GS_2583_3.jpg,singleton_passage,train
GS_burst_1753,GS_Gansu,1,GS_2584,5,{'4.0': 5},4.0,GS_2584_1.jpg;GS_2584_2.jpg;GS_2584_3.jpg,singleton_passage,val
GS_burst_1754,GS_Gansu,1,GS_2585,11,{'4.0': 11},4.0,GS_2585_1.jpg;GS_2585_10.jpg;GS_2585_11.jpg,singleton_passage,train
GS_burst_1755,GS_Gansu,1,GS_2586,13,{'3.75': 13},3.75,GS_2586_1.jpg;GS_2586_10.jpg;GS_2586_11.jpg,singleton_passage,train
GS_burst_1756,GS_Gansu,1,GS_2587,11,{'3.5': 11},3.5,GS_2587_1.jpg;GS_2587_10.jpg;GS_2587_11.jpg,singleton_passage,val
GS_burst_1757,GS_Gansu,1,GS_2588,3,{'3.75': 3},3.75,GS_2588_1.jpg;GS_2588_2.jpg;GS_2588_3.jpg,singleton_passage,train
GS_burst_1758,GS_Gansu,1,GS_2589,3,{'4.25': 3},4.25,GS_2589_1.jpg;GS_2589_2.jpg;GS_2589_3.jpg,singleton_passage,train
GS_burst_1759,GS_Gansu,1,GS_259,8,{'4.0': 8},4.0,GS_259_1.jpg;GS_259_2.jpg;GS_259_3.jpg,singleton_passage,test
GS_burst_1760,GS_Gansu,1,GS_2590,12,{'3.75': 12},3.75,GS_2590_1.jpg;GS_2590_10.jpg;GS_2590_11.jpg,singleton_passage,train
GS_burst_1761,GS_Gansu,1,GS_2591,12,{'4.25': 12},4.25,GS_2591_1.jpg;GS_2591_10.jpg;GS_2591_11.jpg,singleton_passage,train
GS_burst_1762,GS_Gansu,1,GS_2592,15,{'4.25': 15},4.25,GS_2592_1.jpg;GS_2592_10.jpg;GS_2592_11.jpg,singleton_passage,train
GS_burst_1763,GS_Gansu,1,GS_2593,12,{'3.5': 12},3.5,GS_2593_1.jpg;GS_2593_10.jpg;GS_2593_11.jpg,singleton_passage,test
GS_burst_1764,GS_Gansu,1,GS_2594,11,{'4.0': 11},4.0,GS_2594_1.jpg;GS_2594_10.jpg;GS_2594_11.jpg,singleton_passage,train
GS_burst_1765,GS_Gansu,1,GS_2595,13,{'3.75': 13},3.75,GS_2595_1.jpg;GS_2595_10.jpg;GS_2595_11.jpg,singleton_passage,train
GS_burst_1766,GS_Gansu,1,GS_2596,16,{'4.0': 16},4.0,GS_2596_1.jpg;GS_2596_10.jpg;GS_2596_11.jpg,singleton_passage,train
GS_burst_1767,GS_Gansu,1,GS_2597,13,{'3.75': 13},3.75,GS_2597_1.jpg;GS_2597_10.jpg;GS_2597_11.jpg,singleton_passage,test
GS_burst_1768,GS_Gansu,1,GS_2598,8,{'3.75': 8},3.75,GS_2598_1.jpg;GS_2598_2.jpg;GS_2598_3.jpg,singleton_passage,test
GS_burst_1769,GS_Gansu,1,GS_2599,2,{'4.25': 2},4.25,GS_2599_1.jpg;GS_2599_2.jpg,singleton_passage,test
GS_burst_1770,GS_Gansu,1,GS_26,10,{'3.75': 10},3.75,GS_26_1.jpg;GS_26_10.jpg;GS_26_2.jpg,singleton_passage,train
GS_burst_1771,GS_Gansu,1,GS_260,8,{'3.75': 8},3.75,GS_260_1.jpg;GS_260_2.jpg;GS_260_3.jpg,singleton_passage,val
GS_burst_1772,GS_Gansu,1,GS_2600,9,{'4.0': 9},4.0,GS_2600_1.jpg;GS_2600_2.jpg;GS_2600_3.jpg,singleton_passage,val
GS_burst_1773,GS_Gansu,1,GS_2601,19,{'3.25': 19},3.25,GS_2601_1.jpg;GS_2601_10.jpg;GS_2601_11.jpg,singleton_passage,train
GS_burst_1774,GS_Gansu,1,GS_2602,11,{'4.25': 11},4.25,GS_2602_1.jpg;GS_2602_10.jpg;GS_2602_11.jpg,singleton_passage,test
GS_burst_1775,GS_Gansu,1,GS_2603,8,{'4.25': 8},4.25,GS_2603_1.jpg;GS_2603_2.jpg;GS_2603_3.jpg,singleton_passage,train
GS_burst_1776,GS_Gansu,1,GS_2604,4,{'4.25': 4},4.25,GS_2604_1.jpg;GS_2604_2.jpg;GS_2604_3.jpg,singleton_passage,train
GS_burst_1777,GS_Gansu,1,GS_2605,19,{'3.5': 19},3.5,GS_2605_1.jpg;GS_2605_10.jpg;GS_2605_11.jpg,singleton_passage,test
GS_burst_1778,GS_Gansu,1,GS_2606,8,{'4.0': 8},4.0,GS_2606_1.jpg;GS_2606_2.jpg;GS_2606_3.jpg,singleton_passage,train
GS_burst_1779,GS_Gansu,1,GS_2607,8,{'4.0': 8},4.0,GS_2607_1.jpg;GS_2607_2.jpg;GS_2607_3.jpg,singleton_passage,train
GS_burst_1780,GS_Gansu,1,GS_2608,7,{'4.25': 7},4.25,GS_2608_1.jpg;GS_2608_2.jpg;GS_2608_3.jpg,singleton_passage,train
GS_burst_1781,GS_Gansu,1,GS_2609,3,{'4.0': 3},4.0,GS_2609_1.jpg;GS_2609_2.jpg;GS_2609_3.jpg,singleton_passage,val
GS_burst_1782,GS_Gansu,1,GS_261,12,{'3.5': 12},3.5,GS_261_1.jpg;GS_261_10.jpg;GS_261_11.jpg,singleton_passage,train
GS_burst_1783,GS_Gansu,1,GS_2610,14,{'4.0': 14},4.0,GS_2610_1.jpg;GS_2610_10.jpg;GS_2610_11.jpg,singleton_passage,train
GS_burst_1784,GS_Gansu,1,GS_2611,9,{'3.75': 9},3.75,GS_2611_1.jpg;GS_2611_2.jpg;GS_2611_3.jpg,singleton_passage,train
GS_burst_1785,GS_Gansu,1,GS_2612,9,{'4.0': 9},4.0,GS_2612_1.jpg;GS_2612_2.jpg;GS_2612_3.jpg,singleton_passage,train
GS_burst_1786,GS_Gansu,1,GS_2613,7,{'4.0': 7},4.0,GS_2613_1.jpg;GS_2613_2.jpg;GS_2613_3.jpg,singleton_passage,train
GS_burst_1787,GS_Gansu,1,GS_2614,16,{'4.0': 16},4.0,GS_2614_1.jpg;GS_2614_10.jpg;GS_2614_11.jpg,singleton_passage,val
GS_burst_1788,GS_Gansu,1,GS_2615,11,{'4.0': 11},4.0,GS_2615_1.jpg;GS_2615_10.jpg;GS_2615_11.jpg,singleton_passage,train
GS_burst_1789,GS_Gansu,1,GS_2616,7,{'4.0': 7},4.0,GS_2616_1.jpg;GS_2616_2.jpg;GS_2616_3.jpg,singleton_passage,train
GS_burst_1790,GS_Gansu,1,GS_2617,11,{'3.75': 11},3.75,GS_2617_1.jpg;GS_2617_10.jpg;GS_2617_11.jpg,singleton_passage,train
GS_burst_1791,GS_Gansu,1,GS_2618,5,{'3.75': 5},3.75,GS_2618_1.jpg;GS_2618_2.jpg;GS_2618_3.jpg,singleton_passage,val
GS_burst_1792,GS_Gansu,1,GS_2619,6,{'3.75': 6},3.75,GS_2619_1.jpg;GS_2619_2.jpg;GS_2619_3.jpg,singleton_passage,test
GS_burst_1793,GS_Gansu,1,GS_262,3,{'3.75': 3},3.75,GS_262_1.jpg;GS_262_2.jpg;GS_262_3.jpg,singleton_passage,val
GS_burst_1794,GS_Gansu,1,GS_2620,7,{'4.0': 7},4.0,GS_2620_1.jpg;GS_2620_2.jpg;GS_2620_3.jpg,singleton_passage,train
GS_burst_1795,GS_Gansu,1,GS_2621,11,{'3.25': 11},3.25,GS_2621_1.jpg;GS_2621_10.jpg;GS_2621_11.jpg,singleton_passage,train
GS_burst_1796,GS_Gansu,1,GS_2622,11,{'3.75': 11},3.75,GS_2622_1.jpg;GS_2622_10.jpg;GS_2622_11.jpg,singleton_passage,train
GS_burst_1797,GS_Gansu,1,GS_2623,8,{'4.0': 8},4.0,GS_2623_1.jpg;GS_2623_2.jpg;GS_2623_3.jpg,singleton_passage,test
GS_burst_1798,GS_Gansu,1,GS_2624,6,{'4.0': 6},4.0,GS_2624_1.jpg;GS_2624_2.jpg;GS_2624_3.jpg,singleton_passage,train
GS_burst_1799,GS_Gansu,1,GS_2625,8,{'4.0': 8},4.0,GS_2625_1.jpg;GS_2625_2.jpg;GS_2625_3.jpg,singleton_passage,val
GS_burst_1800,GS_Gansu,1,GS_2626,7,{'4.0': 7},4.0,GS_2626_1.jpg;GS_2626_2.jpg;GS_2626_3.jpg,singleton_passage,train
GS_burst_1801,GS_Gansu,1,GS_2627,7,{'3.5': 7},3.5,GS_2627_1.jpg;GS_2627_2.jpg;GS_2627_3.jpg,singleton_passage,train
GS_burst_1802,GS_Gansu,1,GS_2628,9,{'3.25': 9},3.25,GS_2628_1.jpg;GS_2628_2.jpg;GS_2628_3.jpg,singleton_passage,train
GS_burst_1803,GS_Gansu,1,GS_2629,9,{'3.75': 9},3.75,GS_2629_1.jpg;GS_2629_2.jpg;GS_2629_3.jpg,singleton_passage,train
GS_burst_1804,GS_Gansu,1,GS_263,3,{'3.75': 3},3.75,GS_263_1.jpg;GS_263_2.jpg;GS_263_3.jpg,singleton_passage,train
GS_burst_1805,GS_Gansu,1,GS_2630,12,{'4.0': 12},4.0,GS_2630_1.jpg;GS_2630_10.jpg;GS_2630_11.jpg,singleton_passage,train
GS_burst_1806,GS_Gansu,1,GS_2631,5,{'3.5': 5},3.5,GS_2631_1.jpg;GS_2631_2.jpg;GS_2631_3.jpg,singleton_passage,train
GS_burst_1807,GS_Gansu,1,GS_2632,8,{'3.25': 8},3.25,GS_2632_1.jpg;GS_2632_2.jpg;GS_2632_3.jpg,singleton_passage,test
GS_burst_1808,GS_Gansu,1,GS_2633,6,{'4.0': 6},4.0,GS_2633_1.jpg;GS_2633_2.jpg;GS_2633_3.jpg,singleton_passage,train
GS_burst_1809,GS_Gansu,1,GS_2634,4,{'4.0': 4},4.0,GS_2634_1.jpg;GS_2634_2.jpg;GS_2634_3.jpg,singleton_passage,train
GS_burst_1810,GS_Gansu,1,GS_2635,10,{'4.0': 10},4.0,GS_2635_1.jpg;GS_2635_10.jpg;GS_2635_2.jpg,singleton_passage,train
GS_burst_1811,GS_Gansu,1,GS_2636,3,{'4.0': 3},4.0,GS_2636_1.jpg;GS_2636_2.jpg;GS_2636_3.jpg,singleton_passage,train
GS_burst_1812,GS_Gansu,1,GS_2637,9,{'3.75': 9},3.75,GS_2637_1.jpg;GS_2637_2.jpg;GS_2637_3.jpg,singleton_passage,test
GS_burst_1813,GS_Gansu,1,GS_2638,4,{'4.0': 4},4.0,GS_2638_1.jpg;GS_2638_2.jpg;GS_2638_3.jpg,singleton_passage,test
GS_burst_1814,GS_Gansu,1,GS_2639,12,{'3.75': 12},3.75,GS_2639_1.jpg;GS_2639_10.jpg;GS_2639_11.jpg,singleton_passage,train
GS_burst_1815,GS_Gansu,1,GS_264,11,{'4.25': 11},4.25,GS_264_1.jpg;GS_264_10.jpg;GS_264_11.jpg,singleton_passage,train
GS_burst_1816,GS_Gansu,1,GS_2640,5,{'4.0': 5},4.0,GS_2640_1.jpg;GS_2640_2.jpg;GS_2640_3.jpg,singleton_passage,val
GS_burst_1817,GS_Gansu,1,GS_2641,7,{'4.25': 7},4.25,GS_2641_1.jpg;GS_2641_2.jpg;GS_2641_3.jpg,singleton_passage,train
GS_burst_1818,GS_Gansu,1,GS_2642,10,{'3.75': 10},3.75,GS_2642_1.jpg;GS_2642_10.jpg;GS_2642_2.jpg,singleton_passage,test
GS_burst_1819,GS_Gansu,1,GS_2643,9,{'4.0': 9},4.0,GS_2643_1.jpg;GS_2643_2.jpg;GS_2643_3.jpg,singleton_passage,train
GS_burst_1820,GS_Gansu,1,GS_2644,7,{'3.25': 7},3.25,GS_2644_1.jpg;GS_2644_2.jpg;GS_2644_3.jpg,singleton_passage,train
GS_burst_1821,GS_Gansu,1,GS_2645,3,{'4.0': 3},4.0,GS_2645_1.jpg;GS_2645_2.jpg;GS_2645_3.jpg,singleton_passage,train
GS_burst_1822,GS_Gansu,1,GS_2646,6,{'4.0': 6},4.0,GS_2646_1.jpg;GS_2646_2.jpg;GS_2646_3.jpg,singleton_passage,train
GS_burst_1823,GS_Gansu,1,GS_2647,1,{'3.75': 1},3.75,GS_2647_1.jpg,singleton_passage,train
GS_burst_1824,GS_Gansu,1,GS_2648,7,{'4.0': 7},4.0,GS_2648_1.jpg;GS_2648_2.jpg;GS_2648_3.jpg,singleton_passage,train
GS_burst_1825,GS_Gansu,1,GS_2649,9,{'4.0': 9},4.0,GS_2649_1.jpg;GS_2649_2.jpg;GS_2649_3.jpg,singleton_passage,test
GS_burst_1826,GS_Gansu,1,GS_265,42,{'4.25': 42},4.25,GS_265_1.jpg;GS_265_10.jpg;GS_265_11.jpg,singleton_passage,val
GS_burst_1827,GS_Gansu,1,GS_2650,10,{'4.0': 10},4.0,GS_2650_1.jpg;GS_2650_10.jpg;GS_2650_2.jpg,singleton_passage,train
GS_burst_1828,GS_Gansu,1,GS_2651,10,{'4.25': 10},4.25,GS_2651_1.jpg;GS_2651_10.jpg;GS_2651_2.jpg,singleton_passage,train
GS_burst_1829,GS_Gansu,1,GS_2652,12,{'4.0': 12},4.0,GS_2652_1.jpg;GS_2652_10.jpg;GS_2652_11.jpg,singleton_passage,val
GS_burst_1830,GS_Gansu,1,GS_2653,8,{'3.75': 8},3.75,GS_2653_1.jpg;GS_2653_2.jpg;GS_2653_3.jpg,singleton_passage,val
GS_burst_1831,GS_Gansu,1,GS_2654,8,{'3.5': 8},3.5,GS_2654_1.jpg;GS_2654_2.jpg;GS_2654_3.jpg,singleton_passage,val
GS_burst_1832,GS_Gansu,1,GS_2655,8,{'3.75': 8},3.75,GS_2655_1.jpg;GS_2655_2.jpg;GS_2655_3.jpg,singleton_passage,train
GS_burst_1833,GS_Gansu,1,GS_2656,8,{'4.0': 8},4.0,GS_2656_1.jpg;GS_2656_2.jpg;GS_2656_3.jpg,singleton_passage,val
GS_burst_1834,GS_Gansu,1,GS_2657,8,{'3.5': 8},3.5,GS_2657_1.jpg;GS_2657_2.jpg;GS_2657_3.jpg,singleton_passage,val
GS_burst_1835,GS_Gansu,1,GS_2658,8,{'4.0': 8},4.0,GS_2658_1.jpg;GS_2658_2.jpg;GS_2658_3.jpg,singleton_passage,test
GS_burst_1836,GS_Gansu,1,GS_2659,8,{'4.0': 8},4.0,GS_2659_1.jpg;GS_2659_2.jpg;GS_2659_3.jpg,singleton_passage,train
GS_burst_1837,GS_Gansu,1,GS_266,8,{'4.0': 8},4.0,GS_266_1.jpg;GS_266_2.jpg;GS_266_3.jpg,singleton_passage,train
GS_burst_1838,GS_Gansu,1,GS_2660,13,{'4.0': 13},4.0,GS_2660_1.jpg;GS_2660_10.jpg;GS_2660_11.jpg,singleton_passage,test
GS_burst_1839,GS_Gansu,1,GS_2661,6,{'4.0': 6},4.0,GS_2661_1.jpg;GS_2661_2.jpg;GS_2661_3.jpg,singleton_passage,train
GS_burst_1840,GS_Gansu,1,GS_2662,7,{'3.5': 7},3.5,GS_2662_1.jpg;GS_2662_2.jpg;GS_2662_3.jpg,singleton_passage,train
GS_burst_1841,GS_Gansu,1,GS_2663,6,{'3.5': 6},3.5,GS_2663_1.jpg;GS_2663_2.jpg;GS_2663_3.jpg,singleton_passage,train
GS_burst_1842,GS_Gansu,1,GS_2664,8,{'3.75': 8},3.75,GS_2664_1.jpg;GS_2664_2.jpg;GS_2664_3.jpg,singleton_passage,train
GS_burst_1843,GS_Gansu,1,GS_2665,7,{'3.5': 7},3.5,GS_2665_1.jpg;GS_2665_2.jpg;GS_2665_3.jpg,singleton_passage,train
GS_burst_1844,GS_Gansu,1,GS_2666,10,"{'3.5': 9, '3.75': 1}",3.5,GS_2666_10.jpg;GS_2666_2.jpg;GS_2666_3.jpg,singleton_passage,val
GS_burst_1845,GS_Gansu,1,GS_2667,11,{'4.25': 11},4.25,GS_2667_1.jpg;GS_2667_10.jpg;GS_2667_11.jpg,singleton_passage,train
GS_burst_1846,GS_Gansu,1,GS_2668,4,{'3.5': 4},3.5,GS_2668_1.jpg;GS_2668_2.jpg;GS_2668_3.jpg,singleton_passage,train
GS_burst_1847,GS_Gansu,1,GS_2669,10,{'4.0': 10},4.0,GS_2669_1.jpg;GS_2669_10.jpg;GS_2669_2.jpg,singleton_passage,train
GS_burst_1848,GS_Gansu,1,GS_267,21,{'3.75': 21},3.75,GS_267_1.jpg;GS_267_10.jpg;GS_267_11.jpg,singleton_passage,val
GS_burst_1849,GS_Gansu,1,GS_2670,15,{'3.75': 15},3.75,GS_2670_1.jpg;GS_2670_10.jpg;GS_2670_11.jpg,singleton_passage,val
GS_burst_1850,GS_Gansu,1,GS_2671,8,{'3.75': 8},3.75,GS_2671_1.jpg;GS_2671_2.jpg;GS_2671_3.jpg,singleton_passage,train
GS_burst_1851,GS_Gansu,1,GS_2672,5,{'3.5': 5},3.5,GS_2672_1.jpg;GS_2672_2.jpg;GS_2672_3.jpg,singleton_passage,train
GS_burst_1852,GS_Gansu,1,GS_2673,9,{'3.5': 9},3.5,GS_2673_1.jpg;GS_2673_2.jpg;GS_2673_3.jpg,singleton_passage,train
GS_burst_1853,GS_Gansu,1,GS_2674,8,{'3.5': 8},3.5,GS_2674_1.jpg;GS_2674_2.jpg;GS_2674_3.jpg,singleton_passage,train
GS_burst_1854,GS_Gansu,1,GS_2675,13,{'4.0': 13},4.0,GS_2675_1.jpg;GS_2675_10.jpg;GS_2675_11.jpg,singleton_passage,train
GS_burst_1855,GS_Gansu,1,GS_2676,9,{'3.75': 9},3.75,GS_2676_1.jpg;GS_2676_2.jpg;GS_2676_3.jpg,singleton_passage,val
GS_burst_1856,GS_Gansu,1,GS_2677,10,{'3.25': 10},3.25,GS_2677_1.jpg;GS_2677_10.jpg;GS_2677_2.jpg,singleton_passage,train
GS_burst_1857,GS_Gansu,1,GS_2678,7,{'3.5': 7},3.5,GS_2678_1.jpg;GS_2678_2.jpg;GS_2678_3.jpg,singleton_passage,train
GS_burst_1858,GS_Gansu,1,GS_2679,7,{'3.75': 7},3.75,GS_2679_1.jpg;GS_2679_2.jpg;GS_2679_3.jpg,singleton_passage,val
GS_burst_1859,GS_Gansu,1,GS_268,9,{'3.5': 9},3.5,GS_268_1.jpg;GS_268_2.jpg;GS_268_3.jpg,singleton_passage,test
GS_burst_1860,GS_Gansu,1,GS_2680,6,{'4.0': 6},4.0,GS_2680_1.jpg;GS_2680_2.jpg;GS_2680_3.jpg,singleton_passage,train
GS_burst_1861,GS_Gansu,1,GS_2681,11,{'3.75': 11},3.75,GS_2681_1.jpg;GS_2681_10.jpg;GS_2681_11.jpg,singleton_passage,train
GS_burst_1862,GS_Gansu,1,GS_2682,10,{'4.0': 10},4.0,GS_2682_1.jpg;GS_2682_10.jpg;GS_2682_2.jpg,singleton_passage,val
GS_burst_1863,GS_Gansu,1,GS_2683,6,{'4.0': 6},4.0,GS_2683_1.jpg;GS_2683_2.jpg;GS_2683_3.jpg,singleton_passage,train
GS_burst_1864,GS_Gansu,1,GS_2684,7,"{'3.5': 5, '3.75': 2}",3.5,GS_2684_3.jpg;GS_2684_4.jpg;GS_2684_5.jpg,singleton_passage,train
GS_burst_1865,GS_Gansu,1,GS_2685,9,{'3.75': 9},3.75,GS_2685_1.jpg;GS_2685_2.jpg;GS_2685_3.jpg,singleton_passage,val
GS_burst_1866,GS_Gansu,1,GS_2686,5,{'4.0': 5},4.0,GS_2686_1.jpg;GS_2686_2.jpg;GS_2686_3.jpg,singleton_passage,val
GS_burst_1867,GS_Gansu,1,GS_2687,8,{'4.0': 8},4.0,GS_2687_1.jpg;GS_2687_2.jpg;GS_2687_3.jpg,singleton_passage,train
GS_burst_1868,GS_Gansu,1,GS_2688,12,{'3.5': 12},3.5,GS_2688_1.jpg;GS_2688_10.jpg;GS_2688_11.jpg,singleton_passage,train
GS_burst_1869,GS_Gansu,1,GS_2689,7,{'3.75': 7},3.75,GS_2689_1.jpg;GS_2689_2.jpg;GS_2689_3.jpg,singleton_passage,train
GS_burst_1870,GS_Gansu,1,GS_269,21,{'4.0': 21},4.0,GS_269_1.jpg;GS_269_10.jpg;GS_269_11.jpg,singleton_passage,train
GS_burst_1871,GS_Gansu,1,GS_2690,7,{'4.0': 7},4.0,GS_2690_1.jpg;GS_2690_2.jpg;GS_2690_3.jpg,singleton_passage,test
GS_burst_1872,GS_Gansu,1,GS_2691,14,{'4.0': 14},4.0,GS_2691_1.jpg;GS_2691_10.jpg;GS_2691_11.jpg,singleton_passage,test
GS_burst_1873,GS_Gansu,1,GS_2692,7,{'4.0': 7},4.0,GS_2692_1.jpg;GS_2692_2.jpg;GS_2692_3.jpg,singleton_passage,train
GS_burst_1874,GS_Gansu,1,GS_2693,9,{'3.75': 9},3.75,GS_2693_1.jpg;GS_2693_2.jpg;GS_2693_3.jpg,singleton_passage,train
GS_burst_1875,GS_Gansu,1,GS_2694,9,{'3.5': 9},3.5,GS_2694_1.jpg;GS_2694_2.jpg;GS_2694_3.jpg,singleton_passage,test
GS_burst_1876,GS_Gansu,1,GS_2695,13,{'3.75': 13},3.75,GS_2695_1.jpg;GS_2695_10.jpg;GS_2695_11.jpg,singleton_passage,train
GS_burst_1877,GS_Gansu,1,GS_2696,8,{'3.75': 8},3.75,GS_2696_1.jpg;GS_2696_2.jpg;GS_2696_3.jpg,singleton_passage,train
GS_burst_1878,GS_Gansu,1,GS_2697,7,{'3.5': 7},3.5,GS_2697_1.jpg;GS_2697_2.jpg;GS_2697_3.jpg,singleton_passage,train
GS_burst_1879,GS_Gansu,1,GS_2698,6,{'3.75': 6},3.75,GS_2698_1.jpg;GS_2698_2.jpg;GS_2698_3.jpg,singleton_passage,train
GS_burst_1880,GS_Gansu,1,GS_2699,9,{'4.0': 9},4.0,GS_2699_1.jpg;GS_2699_2.jpg;GS_2699_3.jpg,singleton_passage,test
GS_burst_1881,GS_Gansu,1,GS_27,8,{'4.0': 8},4.0,GS_27_1.jpg;GS_27_2.jpg;GS_27_3.jpg,singleton_passage,train
GS_burst_1882,GS_Gansu,1,GS_270,23,{'3.5': 23},3.5,GS_270_1.jpg;GS_270_10.jpg;GS_270_11.jpg,singleton_passage,val
GS_burst_1883,GS_Gansu,1,GS_2700,6,{'3.5': 6},3.5,GS_2700_1.jpg;GS_2700_2.jpg;GS_2700_3.jpg,singleton_passage,test
GS_burst_1884,GS_Gansu,1,GS_2701,7,{'3.75': 7},3.75,GS_2701_1.jpg;GS_2701_2.jpg;GS_2701_3.jpg,singleton_passage,train
GS_burst_1885,GS_Gansu,1,GS_2702,11,{'4.0': 11},4.0,GS_2702_1.jpg;GS_2702_10.jpg;GS_2702_11.jpg,singleton_passage,train
GS_burst_1886,GS_Gansu,1,GS_2703,5,{'3.75': 5},3.75,GS_2703_1.jpg;GS_2703_2.jpg;GS_2703_3.jpg,singleton_passage,train
GS_burst_1887,GS_Gansu,1,GS_2704,13,{'3.75': 13},3.75,GS_2704_1.jpg;GS_2704_10.jpg;GS_2704_11.jpg,singleton_passage,train
GS_burst_1888,GS_Gansu,1,GS_2705,9,{'3.75': 9},3.75,GS_2705_1.jpg;GS_2705_2.jpg;GS_2705_3.jpg,singleton_passage,train
GS_burst_1889,GS_Gansu,1,GS_2706,13,{'4.0': 13},4.0,GS_2706_1.jpg;GS_2706_10.jpg;GS_2706_11.jpg,singleton_passage,train
GS_burst_1890,GS_Gansu,1,GS_2707,5,{'4.0': 5},4.0,GS_2707_1.jpg;GS_2707_2.jpg;GS_2707_3.jpg,singleton_passage,train
GS_burst_1891,GS_Gansu,1,GS_2708,11,{'3.25': 11},3.25,GS_2708_1.jpg;GS_2708_10.jpg;GS_2708_11.jpg,singleton_passage,train
GS_burst_1892,GS_Gansu,1,GS_2709,11,{'3.75': 11},3.75,GS_2709_1.jpg;GS_2709_10.jpg;GS_2709_11.jpg,singleton_passage,train
GS_burst_1893,GS_Gansu,1,GS_271,8,{'4.25': 8},4.25,GS_271_1.jpg;GS_271_2.jpg;GS_271_3.jpg,singleton_passage,train
GS_burst_1894,GS_Gansu,1,GS_2710,16,{'3.75': 16},3.75,GS_2710_1.jpg;GS_2710_10.jpg;GS_2710_11.jpg,singleton_passage,train
GS_burst_1895,GS_Gansu,1,GS_2711,5,{'4.0': 5},4.0,GS_2711_1.jpg;GS_2711_2.jpg;GS_2711_3.jpg,singleton_passage,train
GS_burst_1896,GS_Gansu,1,GS_2712,10,{'4.0': 10},4.0,GS_2712_1.jpg;GS_2712_10.jpg;GS_2712_2.jpg,singleton_passage,train
GS_burst_1897,GS_Gansu,1,GS_2713,12,{'3.5': 12},3.5,GS_2713_1.jpg;GS_2713_10.jpg;GS_2713_11.jpg,singleton_passage,train
GS_burst_1898,GS_Gansu,1,GS_2714,16,{'3.75': 16},3.75,GS_2714_1.jpg;GS_2714_10.jpg;GS_2714_11.jpg,singleton_passage,test
GS_burst_1899,GS_Gansu,1,GS_2715,6,{'4.0': 6},4.0,GS_2715_1.jpg;GS_2715_2.jpg;GS_2715_3.jpg,singleton_passage,train
GS_burst_1900,GS_Gansu,1,GS_2716,9,{'3.75': 9},3.75,GS_2716_1.jpg;GS_2716_2.jpg;GS_2716_3.jpg,singleton_passage,test
GS_burst_1901,GS_Gansu,1,GS_2717,4,{'3.75': 4},3.75,GS_2717_1.jpg;GS_2717_2.jpg;GS_2717_3.jpg,singleton_passage,train
GS_burst_1902,GS_Gansu,1,GS_2718,12,{'4.0': 12},4.0,GS_2718_1.jpg;GS_2718_10.jpg;GS_2718_11.jpg,singleton_passage,train
GS_burst_1903,GS_Gansu,1,GS_2719,6,{'3.5': 6},3.5,GS_2719_1.jpg;GS_2719_2.jpg;GS_2719_3.jpg,singleton_passage,val
GS_burst_1904,GS_Gansu,1,GS_272,9,{'3.5': 9},3.5,GS_272_1.jpg;GS_272_2.jpg;GS_272_3.jpg,singleton_passage,test
GS_burst_1905,GS_Gansu,1,GS_2720,16,{'3.75': 16},3.75,GS_2720_1.jpg;GS_2720_10.jpg;GS_2720_11.jpg,singleton_passage,train
GS_burst_1906,GS_Gansu,1,GS_2721,9,{'3.75': 9},3.75,GS_2721_1.jpg;GS_2721_2.jpg;GS_2721_3.jpg,singleton_passage,train
GS_burst_1907,GS_Gansu,1,GS_2722,9,{'4.0': 9},4.0,GS_2722_1.jpg;GS_2722_2.jpg;GS_2722_3.jpg,singleton_passage,train
GS_burst_1908,GS_Gansu,1,GS_2723,6,{'3.5': 6},3.5,GS_2723_1.jpg;GS_2723_2.jpg;GS_2723_3.jpg,singleton_passage,train
GS_burst_1909,GS_Gansu,1,GS_2724,6,{'3.5': 6},3.5,GS_2724_1.jpg;GS_2724_2.jpg;GS_2724_3.jpg,singleton_passage,train
GS_burst_1910,GS_Gansu,1,GS_2725,4,{'3.5': 4},3.5,GS_2725_1.jpg;GS_2725_2.jpg;GS_2725_3.jpg,singleton_passage,train
GS_burst_1911,GS_Gansu,1,GS_2726,9,{'3.75': 9},3.75,GS_2726_1.jpg;GS_2726_2.jpg;GS_2726_3.jpg,singleton_passage,test
GS_burst_1912,GS_Gansu,1,GS_2727,9,{'4.0': 9},4.0,GS_2727_1.jpg;GS_2727_2.jpg;GS_2727_3.jpg,singleton_passage,train
GS_burst_1913,GS_Gansu,1,GS_2728,6,{'4.0': 6},4.0,GS_2728_1.jpg;GS_2728_2.jpg;GS_2728_3.jpg,singleton_passage,train
GS_burst_1914,GS_Gansu,1,GS_2729,8,{'3.75': 8},3.75,GS_2729_1.jpg;GS_2729_2.jpg;GS_2729_3.jpg,singleton_passage,train
GS_burst_1915,GS_Gansu,1,GS_273,4,{'3.75': 4},3.75,GS_273_1.jpg;GS_273_2.jpg;GS_273_3.jpg,singleton_passage,train
GS_burst_1916,GS_Gansu,1,GS_2730,10,{'3.5': 10},3.5,GS_2730_1.jpg;GS_2730_10.jpg;GS_2730_2.jpg,singleton_passage,train
GS_burst_1917,GS_Gansu,1,GS_2731,8,{'4.0': 8},4.0,GS_2731_1.jpg;GS_2731_2.jpg;GS_2731_3.jpg,singleton_passage,train
GS_burst_1918,GS_Gansu,1,GS_2732,8,{'3.25': 8},3.25,GS_2732_1.jpg;GS_2732_2.jpg;GS_2732_3.jpg,singleton_passage,val
GS_burst_1919,GS_Gansu,1,GS_2733,9,{'4.0': 9},4.0,GS_2733_1.jpg;GS_2733_2.jpg;GS_2733_3.jpg,singleton_passage,test
GS_burst_1920,GS_Gansu,1,GS_2734,6,{'4.0': 6},4.0,GS_2734_1.jpg;GS_2734_2.jpg;GS_2734_3.jpg,singleton_passage,train
GS_burst_1921,GS_Gansu,1,GS_2735,9,{'4.0': 9},4.0,GS_2735_1.jpg;GS_2735_2.jpg;GS_2735_3.jpg,singleton_passage,train
GS_burst_1922,GS_Gansu,1,GS_2736,6,"{'3.5': 5, '4.0': 1}",3.5,GS_2736_1.jpg;GS_2736_2.jpg;GS_2736_4.jpg,singleton_passage,train
GS_burst_1923,GS_Gansu,1,GS_2737,10,"{'3.5': 8, '3.75': 2}",3.5,GS_2737_10.jpg;GS_2737_3.jpg;GS_2737_4.jpg,singleton_passage,test
GS_burst_1924,GS_Gansu,1,GS_2738,4,{'3.75': 4},3.75,GS_2738_1.jpg;GS_2738_2.jpg;GS_2738_3.jpg,singleton_passage,val
GS_burst_1925,GS_Gansu,1,GS_2739,8,{'3.75': 8},3.75,GS_2739_1.jpg;GS_2739_2.jpg;GS_2739_3.jpg,singleton_passage,train
GS_burst_1926,GS_Gansu,1,GS_274,8,{'3.5': 8},3.5,GS_274_1.jpg;GS_274_2.jpg;GS_274_3.jpg,singleton_passage,val
GS_burst_1927,GS_Gansu,1,GS_2740,9,{'4.0': 9},4.0,GS_2740_1.jpg;GS_2740_2.jpg;GS_2740_3.jpg,singleton_passage,train
GS_burst_1928,GS_Gansu,1,GS_2741,6,"{'3.75': 4, '4.0': 2}",3.75,GS_2741_3.jpg;GS_2741_4.jpg;GS_2741_5.jpg,singleton_passage,test
GS_burst_1929,GS_Gansu,1,GS_2742,6,{'3.75': 6},3.75,GS_2742_1.jpg;GS_2742_2.jpg;GS_2742_3.jpg,singleton_passage,test
GS_burst_1930,GS_Gansu,1,GS_2743,9,{'3.75': 9},3.75,GS_2743_1.jpg;GS_2743_2.jpg;GS_2743_3.jpg,singleton_passage,train
GS_burst_1931,GS_Gansu,1,GS_2744,5,{'3.25': 5},3.25,GS_2744_1.jpg;GS_2744_2.jpg;GS_2744_3.jpg,singleton_passage,train
GS_burst_1932,GS_Gansu,1,GS_2745,5,{'3.75': 5},3.75,GS_2745_1.jpg;GS_2745_2.jpg;GS_2745_3.jpg,singleton_passage,train
GS_burst_1933,GS_Gansu,1,GS_2746,15,{'3.5': 15},3.5,GS_2746_1.jpg;GS_2746_10.jpg;GS_2746_11.jpg,singleton_passage,train
GS_burst_1934,GS_Gansu,1,GS_2747,9,{'3.75': 9},3.75,GS_2747_1.jpg;GS_2747_2.jpg;GS_2747_3.jpg,singleton_passage,train
GS_burst_1935,GS_Gansu,1,GS_2748,4,{'3.75': 4},3.75,GS_2748_1.jpg;GS_2748_2.jpg;GS_2748_3.jpg,singleton_passage,val
GS_burst_1936,GS_Gansu,1,GS_2749,4,{'3.5': 4},3.5,GS_2749_1.jpg;GS_2749_2.jpg;GS_2749_3.jpg,singleton_passage,train
GS_burst_1937,GS_Gansu,1,GS_275,10,{'3.75': 10},3.75,GS_275_1.jpg;GS_275_10.jpg;GS_275_2.jpg,singleton_passage,train
GS_burst_1938,GS_Gansu,1,GS_2750,7,{'3.75': 7},3.75,GS_2750_1.jpg;GS_2750_2.jpg;GS_2750_3.jpg,singleton_passage,train
GS_burst_1939,GS_Gansu,1,GS_2751,7,{'3.5': 7},3.5,GS_2751_1.jpg;GS_2751_2.jpg;GS_2751_3.jpg,singleton_passage,train
GS_burst_1940,GS_Gansu,1,GS_2752,12,{'3.75': 12},3.75,GS_2752_1.jpg;GS_2752_10.jpg;GS_2752_11.jpg,singleton_passage,train
GS_burst_1941,GS_Gansu,1,GS_2753,4,{'3.5': 4},3.5,GS_2753_1.jpg;GS_2753_2.jpg;GS_2753_3.jpg,singleton_passage,val
GS_burst_1942,GS_Gansu,1,GS_2754,6,{'3.75': 6},3.75,GS_2754_1.jpg;GS_2754_2.jpg;GS_2754_3.jpg,singleton_passage,train
GS_burst_1943,GS_Gansu,1,GS_2755,5,{'3.75': 5},3.75,GS_2755_1.jpg;GS_2755_2.jpg;GS_2755_3.jpg,singleton_passage,train
GS_burst_1944,GS_Gansu,1,GS_2756,4,{'3.5': 4},3.5,GS_2756_1.jpg;GS_2756_2.jpg;GS_2756_3.jpg,singleton_passage,test
GS_burst_1945,GS_Gansu,1,GS_2757,9,"{'3.5': 7, '3.75': 2}",3.5,GS_2757_1.jpg;GS_2757_2.jpg;GS_2757_3.jpg,singleton_passage,val
GS_burst_1946,GS_Gansu,1,GS_2758,10,{'3.5': 10},3.5,GS_2758_1.jpg;GS_2758_10.jpg;GS_2758_2.jpg,singleton_passage,train
GS_burst_1947,GS_Gansu,1,GS_2759,3,{'3.5': 3},3.5,GS_2759_1.jpg;GS_2759_2.jpg;GS_2759_3.jpg,singleton_passage,train
GS_burst_1948,GS_Gansu,1,GS_276,14,{'4.0': 14},4.0,GS_276_1.jpg;GS_276_10.jpg;GS_276_11.jpg,singleton_passage,train
GS_burst_1949,GS_Gansu,1,GS_2760,7,{'3.5': 7},3.5,GS_2760_1.jpg;GS_2760_2.jpg;GS_2760_3.jpg,singleton_passage,train
GS_burst_1950,GS_Gansu,1,GS_2761,14,{'3.75': 14},3.75,GS_2761_1.jpg;GS_2761_10.jpg;GS_2761_11.jpg,singleton_passage,test
GS_burst_1951,GS_Gansu,1,GS_2762,2,{'4.0': 2},4.0,GS_2762_1.jpg;GS_2762_2.jpg,singleton_passage,train
GS_burst_1952,GS_Gansu,1,GS_2763,7,{'3.5': 7},3.5,GS_2763_1.jpg;GS_2763_2.jpg;GS_2763_3.jpg,singleton_passage,test
GS_burst_1953,GS_Gansu,1,GS_2764,5,{'4.25': 5},4.25,GS_2764_1.jpg;GS_2764_2.jpg;GS_2764_3.jpg,singleton_passage,val
GS_burst_1954,GS_Gansu,1,GS_2765,8,{'4.0': 8},4.0,GS_2765_1.jpg;GS_2765_2.jpg;GS_2765_3.jpg,singleton_passage,train
GS_burst_1955,GS_Gansu,1,GS_2766,8,{'4.0': 8},4.0,GS_2766_1.jpg;GS_2766_2.jpg;GS_2766_3.jpg,singleton_passage,train
GS_burst_1956,GS_Gansu,1,GS_2767,6,{'3.5': 6},3.5,GS_2767_1.jpg;GS_2767_2.jpg;GS_2767_3.jpg,singleton_passage,val
GS_burst_1957,GS_Gansu,1,GS_2768,13,{'4.0': 13},4.0,GS_2768_1.jpg;GS_2768_10.jpg;GS_2768_11.jpg,singleton_passage,train
GS_burst_1958,GS_Gansu,1,GS_2769,7,{'3.5': 7},3.5,GS_2769_1.jpg;GS_2769_2.jpg;GS_2769_3.jpg,singleton_passage,train
GS_burst_1959,GS_Gansu,1,GS_277,55,{'4.25': 55},4.25,GS_277_1.jpg;GS_277_10.jpg;GS_277_11.jpg,singleton_passage,val
GS_burst_1960,GS_Gansu,1,GS_2770,12,{'3.75': 12},3.75,GS_2770_1.jpg;GS_2770_10.jpg;GS_2770_11.jpg,singleton_passage,train
GS_burst_1961,GS_Gansu,1,GS_2771,6,"{'3.5': 4, '3.75': 2}",3.5,GS_2771_2.jpg;GS_2771_4.jpg;GS_2771_5.jpg,singleton_passage,val
GS_burst_1962,GS_Gansu,1,GS_2772,8,{'3.75': 8},3.75,GS_2772_1.jpg;GS_2772_2.jpg;GS_2772_3.jpg,singleton_passage,train
GS_burst_1963,GS_Gansu,1,GS_2773,7,{'4.0': 7},4.0,GS_2773_1.jpg;GS_2773_2.jpg;GS_2773_3.jpg,singleton_passage,test
GS_burst_1964,GS_Gansu,1,GS_2774,4,{'4.0': 4},4.0,GS_2774_1.jpg;GS_2774_2.jpg;GS_2774_3.jpg,singleton_passage,val
GS_burst_1965,GS_Gansu,1,GS_2775,12,{'4.0': 12},4.0,GS_2775_1.jpg;GS_2775_10.jpg;GS_2775_11.jpg,singleton_passage,train
GS_burst_1966,GS_Gansu,1,GS_2776,9,{'3.5': 9},3.5,GS_2776_1.jpg;GS_2776_2.jpg;GS_2776_3.jpg,singleton_passage,train
GS_burst_1967,GS_Gansu,1,GS_2777,8,{'3.75': 8},3.75,GS_2777_1.jpg;GS_2777_2.jpg;GS_2777_3.jpg,singleton_passage,train
GS_burst_1968,GS_Gansu,1,GS_2778,11,{'3.5': 11},3.5,GS_2778_1.jpg;GS_2778_10.jpg;GS_2778_11.jpg,singleton_passage,test
GS_burst_1969,GS_Gansu,1,GS_2779,3,{'3.25': 3},3.25,GS_2779_1.jpg;GS_2779_2.jpg;GS_2779_3.jpg,singleton_passage,test
GS_burst_1970,GS_Gansu,1,GS_278,13,{'3.5': 13},3.5,GS_278_1.jpg;GS_278_10.jpg;GS_278_11.jpg,singleton_passage,test
GS_burst_1971,GS_Gansu,1,GS_2780,9,{'3.75': 9},3.75,GS_2780_1.jpg;GS_2780_2.jpg;GS_2780_3.jpg,singleton_passage,train
GS_burst_1972,GS_Gansu,1,GS_2781,8,{'3.25': 8},3.25,GS_2781_1.jpg;GS_2781_2.jpg;GS_2781_3.jpg,singleton_passage,train
GS_burst_1973,GS_Gansu,1,GS_2782,6,{'3.75': 6},3.75,GS_2782_1.jpg;GS_2782_2.jpg;GS_2782_3.jpg,singleton_passage,train
GS_burst_1974,GS_Gansu,1,GS_2783,12,{'3.25': 12},3.25,GS_2783_1.jpg;GS_2783_10.jpg;GS_2783_11.jpg,singleton_passage,val
GS_burst_1975,GS_Gansu,1,GS_2784,11,{'3.5': 11},3.5,GS_2784_1.jpg;GS_2784_10.jpg;GS_2784_11.jpg,singleton_passage,train
GS_burst_1976,GS_Gansu,1,GS_2785,8,{'3.5': 8},3.5,GS_2785_1.jpg;GS_2785_2.jpg;GS_2785_3.jpg,singleton_passage,train
GS_burst_1977,GS_Gansu,1,GS_2786,10,{'3.5': 10},3.5,GS_2786_1.jpg;GS_2786_10.jpg;GS_2786_2.jpg,singleton_passage,test
GS_burst_1978,GS_Gansu,1,GS_2787,13,{'4.0': 13},4.0,GS_2787_1.jpg;GS_2787_10.jpg;GS_2787_11.jpg,singleton_passage,train
GS_burst_1979,GS_Gansu,1,GS_2788,8,{'3.75': 8},3.75,GS_2788_1.jpg;GS_2788_2.jpg;GS_2788_3.jpg,singleton_passage,train
GS_burst_1980,GS_Gansu,1,GS_2789,9,{'3.75': 9},3.75,GS_2789_1.jpg;GS_2789_2.jpg;GS_2789_3.jpg,singleton_passage,test
GS_burst_1981,GS_Gansu,1,GS_279,11,{'4.0': 11},4.0,GS_279_1.jpg;GS_279_10.jpg;GS_279_11.jpg,singleton_passage,train
GS_burst_1982,GS_Gansu,1,GS_2790,6,{'3.75': 6},3.75,GS_2790_1.jpg;GS_2790_2.jpg;GS_2790_3.jpg,singleton_passage,train
GS_burst_1983,GS_Gansu,1,GS_2791,4,{'4.0': 4},4.0,GS_2791_1.jpg;GS_2791_2.jpg;GS_2791_3.jpg,singleton_passage,train
GS_burst_1984,GS_Gansu,1,GS_2792,15,{'4.0': 15},4.0,GS_2792_1.jpg;GS_2792_10.jpg;GS_2792_11.jpg,singleton_passage,train
GS_burst_1985,GS_Gansu,1,GS_2793,9,{'4.0': 9},4.0,GS_2793_1.jpg;GS_2793_2.jpg;GS_2793_3.jpg,singleton_passage,train
GS_burst_1986,GS_Gansu,1,GS_2794,7,{'3.75': 7},3.75,GS_2794_1.jpg;GS_2794_2.jpg;GS_2794_3.jpg,singleton_passage,train
GS_burst_1987,GS_Gansu,1,GS_2795,5,{'4.0': 5},4.0,GS_2795_1.jpg;GS_2795_2.jpg;GS_2795_3.jpg,singleton_passage,train
GS_burst_1988,GS_Gansu,1,GS_2796,7,{'3.5': 7},3.5,GS_2796_1.jpg;GS_2796_2.jpg;GS_2796_3.jpg,singleton_passage,train
GS_burst_1989,GS_Gansu,1,GS_2797,11,{'4.0': 11},4.0,GS_2797_1.jpg;GS_2797_10.jpg;GS_2797_11.jpg,singleton_passage,train
GS_burst_1990,GS_Gansu,1,GS_2798,9,{'4.0': 9},4.0,GS_2798_1.jpg;GS_2798_2.jpg;GS_2798_3.jpg,singleton_passage,test
GS_burst_1991,GS_Gansu,1,GS_2799,7,{'3.5': 7},3.5,GS_2799_1.jpg;GS_2799_2.jpg;GS_2799_3.jpg,singleton_passage,test
GS_burst_1992,GS_Gansu,1,GS_28,9,{'4.25': 9},4.25,GS_28_1.jpg;GS_28_2.jpg;GS_28_3.jpg,singleton_passage,train
GS_burst_1993,GS_Gansu,1,GS_280,6,{'4.25': 6},4.25,GS_280_1.jpg;GS_280_2.jpg;GS_280_3.jpg,singleton_passage,train
GS_burst_1994,GS_Gansu,1,GS_2800,7,{'4.0': 7},4.0,GS_2800_1.jpg;GS_2800_2.jpg;GS_2800_3.jpg,singleton_passage,val
GS_burst_1995,GS_Gansu,1,GS_2801,7,{'3.5': 7},3.5,GS_2801_1.jpg;GS_2801_2.jpg;GS_2801_3.jpg,singleton_passage,train
GS_burst_1996,GS_Gansu,1,GS_2802,5,{'3.5': 5},3.5,GS_2802_1.jpg;GS_2802_2.jpg;GS_2802_3.jpg,singleton_passage,train
GS_burst_1997,GS_Gansu,1,GS_2803,3,{'3.75': 3},3.75,GS_2803_1.jpg;GS_2803_2.jpg;GS_2803_3.jpg,singleton_passage,val
GS_burst_1998,GS_Gansu,1,GS_2804,3,{'3.75': 3},3.75,GS_2804_1.jpg;GS_2804_2.jpg;GS_2804_3.jpg,singleton_passage,train
GS_burst_1999,GS_Gansu,1,GS_2805,21,"{'3.5': 19, '4.0': 2}",3.5,GS_2805_1.jpg;GS_2805_10.jpg;GS_2805_11.jpg,singleton_passage,train
GS_burst_2000,GS_Gansu,1,GS_2806,6,"{'3.5': 5, '3.75': 1}",3.5,GS_2806_2.jpg;GS_2806_3.jpg;GS_2806_4.jpg,singleton_passage,val
GS_burst_2001,GS_Gansu,1,GS_2807,17,{'4.0': 17},4.0,GS_2807_1.jpg;GS_2807_10.jpg;GS_2807_11.jpg,singleton_passage,train
GS_burst_2002,GS_Gansu,1,GS_2808,9,{'4.0': 9},4.0,GS_2808_1.jpg;GS_2808_2.jpg;GS_2808_3.jpg,singleton_passage,train
GS_burst_2003,GS_Gansu,1,GS_2809,10,{'3.25': 10},3.25,GS_2809_1.jpg;GS_2809_10.jpg;GS_2809_2.jpg,singleton_passage,train
GS_burst_2004,GS_Gansu,1,GS_281,19,{'3.75': 19},3.75,GS_281_1.jpg;GS_281_10.jpg;GS_281_11.jpg,singleton_passage,test
GS_burst_2005,GS_Gansu,1,GS_2810,5,{'4.0': 5},4.0,GS_2810_1.jpg;GS_2810_2.jpg;GS_2810_3.jpg,singleton_passage,test
GS_burst_2006,GS_Gansu,1,GS_2811,7,{'3.5': 7},3.5,GS_2811_1.jpg;GS_2811_2.jpg;GS_2811_3.jpg,singleton_passage,train
GS_burst_2007,GS_Gansu,1,GS_2812,9,{'4.0': 9},4.0,GS_2812_1.jpg;GS_2812_2.jpg;GS_2812_3.jpg,singleton_passage,train
GS_burst_2008,GS_Gansu,1,GS_2813,5,{'3.75': 5},3.75,GS_2813_1.jpg;GS_2813_2.jpg;GS_2813_3.jpg,singleton_passage,train
GS_burst_2009,GS_Gansu,1,GS_2814,4,{'3.5': 4},3.5,GS_2814_1.jpg;GS_2814_2.jpg;GS_2814_3.jpg,singleton_passage,test
GS_burst_2010,GS_Gansu,1,GS_2815,12,{'4.0': 12},4.0,GS_2815_1.jpg;GS_2815_10.jpg;GS_2815_11.jpg,singleton_passage,train
GS_burst_2011,GS_Gansu,1,GS_2816,5,{'4.0': 5},4.0,GS_2816_1.jpg;GS_2816_2.jpg;GS_2816_3.jpg,singleton_passage,val
GS_burst_2012,GS_Gansu,1,GS_2817,7,{'3.25': 7},3.25,GS_2817_1.jpg;GS_2817_2.jpg;GS_2817_3.jpg,singleton_passage,val
GS_burst_2013,GS_Gansu,1,GS_2818,16,{'3.5': 16},3.5,GS_2818_1.jpg;GS_2818_10.jpg;GS_2818_11.jpg,singleton_passage,val
GS_burst_2014,GS_Gansu,1,GS_2819,7,{'3.5': 7},3.5,GS_2819_1.jpg;GS_2819_2.jpg;GS_2819_3.jpg,singleton_passage,train
GS_burst_2015,GS_Gansu,1,GS_282,13,{'4.25': 13},4.25,GS_282_1.jpg;GS_282_10.jpg;GS_282_11.jpg,singleton_passage,test
GS_burst_2016,GS_Gansu,1,GS_2820,8,{'3.75': 8},3.75,GS_2820_1.jpg;GS_2820_2.jpg;GS_2820_3.jpg,singleton_passage,train
GS_burst_2017,GS_Gansu,1,GS_2821,8,{'4.0': 8},4.0,GS_2821_1.jpg;GS_2821_2.jpg;GS_2821_3.jpg,singleton_passage,test
GS_burst_2018,GS_Gansu,1,GS_2822,10,{'3.75': 10},3.75,GS_2822_1.jpg;GS_2822_10.jpg;GS_2822_2.jpg,singleton_passage,val
GS_burst_2019,GS_Gansu,1,GS_2823,6,{'4.0': 6},4.0,GS_2823_1.jpg;GS_2823_2.jpg;GS_2823_3.jpg,singleton_passage,train
GS_burst_2020,GS_Gansu,1,GS_2824,8,{'3.25': 8},3.25,GS_2824_1.jpg;GS_2824_2.jpg;GS_2824_3.jpg,singleton_passage,test
GS_burst_2021,GS_Gansu,1,GS_2825,4,{'4.0': 4},4.0,GS_2825_1.jpg;GS_2825_2.jpg;GS_2825_3.jpg,singleton_passage,val
GS_burst_2022,GS_Gansu,1,GS_2826,5,{'4.0': 5},4.0,GS_2826_1.jpg;GS_2826_2.jpg;GS_2826_3.jpg,singleton_passage,train
GS_burst_2023,GS_Gansu,1,GS_2827,8,{'4.0': 8},4.0,GS_2827_1.jpg;GS_2827_2.jpg;GS_2827_3.jpg,singleton_passage,train
GS_burst_2024,GS_Gansu,1,GS_2828,9,{'3.5': 9},3.5,GS_2828_1.jpg;GS_2828_2.jpg;GS_2828_3.jpg,singleton_passage,train
GS_burst_2025,GS_Gansu,1,GS_2829,6,{'3.5': 6},3.5,GS_2829_1.jpg;GS_2829_2.jpg;GS_2829_3.jpg,singleton_passage,val
GS_burst_2026,GS_Gansu,1,GS_283,12,{'4.25': 12},4.25,GS_283_1.jpg;GS_283_10.jpg;GS_283_11.jpg,singleton_passage,train
GS_burst_2027,GS_Gansu,1,GS_2830,5,{'3.25': 5},3.25,GS_2830_1.jpg;GS_2830_2.jpg;GS_2830_3.jpg,singleton_passage,train
GS_burst_2028,GS_Gansu,1,GS_2831,6,{'3.75': 6},3.75,GS_2831_1.jpg;GS_2831_2.jpg;GS_2831_3.jpg,singleton_passage,train
GS_burst_2029,GS_Gansu,1,GS_2832,10,{'3.5': 10},3.5,GS_2832_1.jpg;GS_2832_10.jpg;GS_2832_2.jpg,singleton_passage,train
GS_burst_2030,GS_Gansu,1,GS_2833,8,{'3.75': 8},3.75,GS_2833_1.jpg;GS_2833_2.jpg;GS_2833_3.jpg,singleton_passage,train
GS_burst_2031,GS_Gansu,1,GS_2834,13,{'3.5': 13},3.5,GS_2834_1.jpg;GS_2834_10.jpg;GS_2834_11.jpg,singleton_passage,train
GS_burst_2032,GS_Gansu,1,GS_2835,7,"{'3.25': 1, '3.5': 6}",3.5,GS_2835_1.jpg;GS_2835_2.jpg;GS_2835_3.jpg,singleton_passage,train
GS_burst_2033,GS_Gansu,1,GS_2836,9,{'3.25': 9},3.25,GS_2836_1.jpg;GS_2836_2.jpg;GS_2836_3.jpg,singleton_passage,train
GS_burst_2034,GS_Gansu,1,GS_2837,10,{'3.25': 10},3.25,GS_2837_1.jpg;GS_2837_10.jpg;GS_2837_2.jpg,singleton_passage,val
GS_burst_2035,GS_Gansu,1,GS_2838,7,{'3.25': 7},3.25,GS_2838_1.jpg;GS_2838_2.jpg;GS_2838_3.jpg,singleton_passage,train
GS_burst_2036,GS_Gansu,1,GS_2839,5,{'3.75': 5},3.75,GS_2839_1.jpg;GS_2839_2.jpg;GS_2839_3.jpg,singleton_passage,val
GS_burst_2037,GS_Gansu,1,GS_284,12,{'3.75': 12},3.75,GS_284_1.jpg;GS_284_10.jpg;GS_284_11.jpg,singleton_passage,train
GS_burst_2038,GS_Gansu,1,GS_2840,6,{'3.75': 6},3.75,GS_2840_1.jpg;GS_2840_2.jpg;GS_2840_3.jpg,singleton_passage,train
GS_burst_2039,GS_Gansu,1,GS_2841,12,{'3.25': 12},3.25,GS_2841_1.jpg;GS_2841_10.jpg;GS_2841_11.jpg,singleton_passage,train
GS_burst_2040,GS_Gansu,1,GS_2842,4,{'3.75': 4},3.75,GS_2842_1.jpg;GS_2842_2.jpg;GS_2842_3.jpg,singleton_passage,train
GS_burst_2041,GS_Gansu,1,GS_2843,6,{'3.75': 6},3.75,GS_2843_1.jpg;GS_2843_2.jpg;GS_2843_3.jpg,singleton_passage,train
GS_burst_2042,GS_Gansu,1,GS_2844,9,{'3.75': 9},3.75,GS_2844_1.jpg;GS_2844_2.jpg;GS_2844_3.jpg,singleton_passage,train
GS_burst_2043,GS_Gansu,1,GS_2845,4,{'3.5': 4},3.5,GS_2845_1.jpg;GS_2845_2.jpg;GS_2845_3.jpg,singleton_passage,val
GS_burst_2044,GS_Gansu,1,GS_2846,13,{'3.75': 13},3.75,GS_2846_1.jpg;GS_2846_10.jpg;GS_2846_11.jpg,singleton_passage,train
GS_burst_2045,GS_Gansu,1,GS_2847,4,{'4.0': 4},4.0,GS_2847_1.jpg;GS_2847_2.jpg;GS_2847_3.jpg,singleton_passage,train
GS_burst_2046,GS_Gansu,1,GS_2848,9,{'3.5': 9},3.5,GS_2848_1.jpg;GS_2848_2.jpg;GS_2848_3.jpg,singleton_passage,train
GS_burst_2047,GS_Gansu,1,GS_2849,8,{'3.75': 8},3.75,GS_2849_1.jpg;GS_2849_2.jpg;GS_2849_3.jpg,singleton_passage,train
GS_burst_2048,GS_Gansu,1,GS_285,27,{'4.25': 27},4.25,GS_285_1.jpg;GS_285_10.jpg;GS_285_11.jpg,singleton_passage,train
GS_burst_2049,GS_Gansu,1,GS_2850,13,{'3.75': 13},3.75,GS_2850_1.jpg;GS_2850_10.jpg;GS_2850_11.jpg,singleton_passage,test
GS_burst_2050,GS_Gansu,1,GS_2851,12,{'4.0': 12},4.0,GS_2851_1.jpg;GS_2851_10.jpg;GS_2851_11.jpg,singleton_passage,train
GS_burst_2051,GS_Gansu,1,GS_2852,5,{'3.5': 5},3.5,GS_2852_1.jpg;GS_2852_2.jpg;GS_2852_3.jpg,singleton_passage,train
GS_burst_2052,GS_Gansu,1,GS_2853,6,{'4.0': 6},4.0,GS_2853_1.jpg;GS_2853_2.jpg;GS_2853_3.jpg,singleton_passage,test
GS_burst_2053,GS_Gansu,1,GS_2854,5,{'3.25': 5},3.25,GS_2854_1.jpg;GS_2854_2.jpg;GS_2854_3.jpg,singleton_passage,val
GS_burst_2054,GS_Gansu,1,GS_2855,5,"{'3.5': 1, '3.75': 4}",3.75,GS_2855_1.jpg;GS_2855_2.jpg;GS_2855_3.jpg,singleton_passage,val
GS_burst_2055,GS_Gansu,1,GS_2856,8,{'3.75': 8},3.75,GS_2856_1.jpg;GS_2856_2.jpg;GS_2856_3.jpg,singleton_passage,train
GS_burst_2056,GS_Gansu,1,GS_2857,7,{'3.75': 7},3.75,GS_2857_1.jpg;GS_2857_2.jpg;GS_2857_3.jpg,singleton_passage,test
GS_burst_2057,GS_Gansu,1,GS_2858,15,{'4.0': 15},4.0,GS_2858_1.jpg;GS_2858_10.jpg;GS_2858_11.jpg,singleton_passage,train
GS_burst_2058,GS_Gansu,1,GS_2859,4,{'3.25': 4},3.25,GS_2859_1.jpg;GS_2859_2.jpg;GS_2859_3.jpg,singleton_passage,train
GS_burst_2059,GS_Gansu,1,GS_286,8,{'3.75': 8},3.75,GS_286_1.jpg;GS_286_2.jpg;GS_286_3.jpg,singleton_passage,train
GS_burst_2060,GS_Gansu,1,GS_2860,5,{'3.75': 5},3.75,GS_2860_1.jpg;GS_2860_2.jpg;GS_2860_3.jpg,singleton_passage,train
GS_burst_2061,GS_Gansu,1,GS_2861,8,{'3.75': 8},3.75,GS_2861_1.jpg;GS_2861_2.jpg;GS_2861_3.jpg,singleton_passage,train
GS_burst_2062,GS_Gansu,1,GS_2862,7,{'3.25': 7},3.25,GS_2862_1.jpg;GS_2862_2.jpg;GS_2862_3.jpg,singleton_passage,train
GS_burst_2063,GS_Gansu,1,GS_2863,11,{'3.5': 11},3.5,GS_2863_1.jpg;GS_2863_10.jpg;GS_2863_11.jpg,singleton_passage,train
GS_burst_2064,GS_Gansu,1,GS_2864,8,{'3.75': 8},3.75,GS_2864_1.jpg;GS_2864_2.jpg;GS_2864_3.jpg,singleton_passage,train
GS_burst_2065,GS_Gansu,1,GS_2865,9,{'3.75': 9},3.75,GS_2865_1.jpg;GS_2865_2.jpg;GS_2865_3.jpg,singleton_passage,train
GS_burst_2066,GS_Gansu,1,GS_2866,7,{'4.0': 7},4.0,GS_2866_1.jpg;GS_2866_2.jpg;GS_2866_3.jpg,singleton_passage,test
GS_burst_2067,GS_Gansu,1,GS_2867,5,{'4.0': 5},4.0,GS_2867_1.jpg;GS_2867_2.jpg;GS_2867_3.jpg,singleton_passage,test
GS_burst_2068,GS_Gansu,1,GS_2868,10,{'3.5': 10},3.5,GS_2868_1.jpg;GS_2868_10.jpg;GS_2868_2.jpg,singleton_passage,train
GS_burst_2069,GS_Gansu,1,GS_2869,9,{'4.0': 9},4.0,GS_2869_1.jpg;GS_2869_2.jpg;GS_2869_3.jpg,singleton_passage,train
GS_burst_2070,GS_Gansu,1,GS_287,16,{'3.75': 16},3.75,GS_287_1.jpg;GS_287_10.jpg;GS_287_11.jpg,singleton_passage,train
GS_burst_2071,GS_Gansu,1,GS_2870,17,{'3.5': 17},3.5,GS_2870_1.jpg;GS_2870_10.jpg;GS_2870_11.jpg,singleton_passage,val
GS_burst_2072,GS_Gansu,1,GS_2871,29,{'3.75': 29},3.75,GS_2871_1.jpg;GS_2871_10.jpg;GS_2871_11.jpg,singleton_passage,train
GS_burst_2073,GS_Gansu,1,GS_2872,21,{'3.25': 21},3.25,GS_2872_1.jpg;GS_2872_10.jpg;GS_2872_11.jpg,singleton_passage,train
GS_burst_2074,GS_Gansu,1,GS_2873,4,{'4.0': 4},4.0,GS_2873_1.jpg;GS_2873_2.jpg;GS_2873_3.jpg,singleton_passage,train
GS_burst_2075,GS_Gansu,1,GS_2874,8,{'3.75': 8},3.75,GS_2874_1.jpg;GS_2874_2.jpg;GS_2874_3.jpg,singleton_passage,train
GS_burst_2076,GS_Gansu,1,GS_2875,5,{'3.5': 5},3.5,GS_2875_1.jpg;GS_2875_2.jpg;GS_2875_3.jpg,singleton_passage,test
GS_burst_2077,GS_Gansu,1,GS_2876,6,{'3.75': 6},3.75,GS_2876_1.jpg;GS_2876_2.jpg;GS_2876_3.jpg,singleton_passage,train
GS_burst_2078,GS_Gansu,1,GS_2877,8,{'4.0': 8},4.0,GS_2877_1.jpg;GS_2877_2.jpg;GS_2877_3.jpg,singleton_passage,test
GS_burst_2079,GS_Gansu,1,GS_2878,20,{'4.25': 20},4.25,GS_2878_1.jpg;GS_2878_10.jpg;GS_2878_11.jpg,singleton_passage,train
GS_burst_2080,GS_Gansu,1,GS_2879,20,{'4.0': 20},4.0,GS_2879_1.jpg;GS_2879_10.jpg;GS_2879_11.jpg,singleton_passage,val
GS_burst_2081,GS_Gansu,1,GS_288,14,{'3.75': 14},3.75,GS_288_1.jpg;GS_288_10.jpg;GS_288_11.jpg,singleton_passage,train
GS_burst_2082,GS_Gansu,1,GS_2880,6,{'3.75': 6},3.75,GS_2880_1.jpg;GS_2880_2.jpg;GS_2880_3.jpg,singleton_passage,val
GS_burst_2083,GS_Gansu,1,GS_2881,6,{'3.5': 6},3.5,GS_2881_1.jpg;GS_2881_2.jpg;GS_2881_3.jpg,singleton_passage,val
GS_burst_2084,GS_Gansu,1,GS_2882,10,{'4.0': 10},4.0,GS_2882_1.jpg;GS_2882_10.jpg;GS_2882_2.jpg,singleton_passage,train
GS_burst_2085,GS_Gansu,1,GS_2883,10,{'3.5': 10},3.5,GS_2883_1.jpg;GS_2883_10.jpg;GS_2883_2.jpg,singleton_passage,train
GS_burst_2086,GS_Gansu,1,GS_2884,15,{'3.75': 15},3.75,GS_2884_1.jpg;GS_2884_10.jpg;GS_2884_11.jpg,singleton_passage,train
GS_burst_2087,GS_Gansu,1,GS_2885,11,"{'3.25': 1, '3.5': 10}",3.5,GS_2885_2.jpg;GS_2885_1.jpg;GS_2885_10.jpg,singleton_passage,train
GS_burst_2088,GS_Gansu,1,GS_2886,7,{'3.5': 7},3.5,GS_2886_1.jpg;GS_2886_2.jpg;GS_2886_3.jpg,singleton_passage,train
GS_burst_2089,GS_Gansu,1,GS_2887,13,{'4.0': 13},4.0,GS_2887_1.jpg;GS_2887_10.jpg;GS_2887_11.jpg,singleton_passage,train
GS_burst_2090,GS_Gansu,1,GS_2888,13,{'3.25': 13},3.25,GS_2888_1.jpg;GS_2888_10.jpg;GS_2888_11.jpg,singleton_passage,train
GS_burst_2091,GS_Gansu,1,GS_2889,8,{'3.75': 8},3.75,GS_2889_1.jpg;GS_2889_2.jpg;GS_2889_3.jpg,singleton_passage,val
GS_burst_2092,GS_Gansu,1,GS_289,5,{'3.5': 5},3.5,GS_289_1.jpg;GS_289_2.jpg;GS_289_3.jpg,singleton_passage,train
GS_burst_2093,GS_Gansu,1,GS_2890,8,{'4.0': 8},4.0,GS_2890_1.jpg;GS_2890_2.jpg;GS_2890_3.jpg,singleton_passage,val
GS_burst_2094,GS_Gansu,1,GS_2891,15,{'3.5': 15},3.5,GS_2891_1.jpg;GS_2891_10.jpg;GS_2891_11.jpg,singleton_passage,val
GS_burst_2095,GS_Gansu,1,GS_2892,10,{'3.75': 10},3.75,GS_2892_1.jpg;GS_2892_10.jpg;GS_2892_2.jpg,singleton_passage,train
GS_burst_2096,GS_Gansu,1,GS_2893,7,{'3.75': 7},3.75,GS_2893_1.jpg;GS_2893_2.jpg;GS_2893_3.jpg,singleton_passage,val
GS_burst_2097,GS_Gansu,1,GS_2894,8,{'3.5': 8},3.5,GS_2894_1.jpg;GS_2894_2.jpg;GS_2894_3.jpg,singleton_passage,train
GS_burst_2098,GS_Gansu,1,GS_2895,4,{'3.5': 4},3.5,GS_2895_1.jpg;GS_2895_2.jpg;GS_2895_3.jpg,singleton_passage,train
GS_burst_2099,GS_Gansu,1,GS_2896,7,{'3.75': 7},3.75,GS_2896_1.jpg;GS_2896_2.jpg;GS_2896_3.jpg,singleton_passage,train
GS_burst_2100,GS_Gansu,1,GS_2897,6,{'4.25': 6},4.25,GS_2897_1.jpg;GS_2897_2.jpg;GS_2897_3.jpg,singleton_passage,train
GS_burst_2101,GS_Gansu,1,GS_2898,11,{'3.25': 11},3.25,GS_2898_1.jpg;GS_2898_10.jpg;GS_2898_11.jpg,singleton_passage,val
GS_burst_2102,GS_Gansu,1,GS_2899,3,{'4.0': 3},4.0,GS_2899_1.jpg;GS_2899_2.jpg;GS_2899_3.jpg,singleton_passage,val
GS_burst_2103,GS_Gansu,1,GS_29,6,{'4.25': 6},4.25,GS_29_1.jpg;GS_29_2.jpg;GS_29_3.jpg,singleton_passage,train
GS_burst_2104,GS_Gansu,1,GS_290,8,{'3.25': 8},3.25,GS_290_1.jpg;GS_290_2.jpg;GS_290_3.jpg,singleton_passage,train
GS_burst_2105,GS_Gansu,1,GS_2900,5,{'3.5': 5},3.5,GS_2900_1.jpg;GS_2900_2.jpg;GS_2900_3.jpg,singleton_passage,test
GS_burst_2106,GS_Gansu,1,GS_2901,6,{'3.5': 6},3.5,GS_2901_1.jpg;GS_2901_2.jpg;GS_2901_3.jpg,singleton_passage,test
GS_burst_2107,GS_Gansu,1,GS_2902,5,{'3.75': 5},3.75,GS_2902_1.jpg;GS_2902_2.jpg;GS_2902_3.jpg,singleton_passage,train
GS_burst_2108,GS_Gansu,1,GS_2903,6,{'4.0': 6},4.0,GS_2903_1.jpg;GS_2903_2.jpg;GS_2903_3.jpg,singleton_passage,train
GS_burst_2109,GS_Gansu,1,GS_2904,8,{'4.25': 8},4.25,GS_2904_1.jpg;GS_2904_2.jpg;GS_2904_3.jpg,singleton_passage,test
GS_burst_2110,GS_Gansu,1,GS_2905,4,{'3.5': 4},3.5,GS_2905_1.jpg;GS_2905_2.jpg;GS_2905_3.jpg,singleton_passage,val
GS_burst_2111,GS_Gansu,1,GS_2906,2,{'3.75': 2},3.75,GS_2906_1.jpg;GS_2906_2.jpg,singleton_passage,train
GS_burst_2112,GS_Gansu,1,GS_2907,5,{'4.0': 5},4.0,GS_2907_1.jpg;GS_2907_2.jpg;GS_2907_3.jpg,singleton_passage,train
GS_burst_2113,GS_Gansu,1,GS_2908,7,{'3.75': 7},3.75,GS_2908_1.jpg;GS_2908_2.jpg;GS_2908_3.jpg,singleton_passage,train
GS_burst_2114,GS_Gansu,1,GS_2909,6,{'3.75': 6},3.75,GS_2909_1.jpg;GS_2909_2.jpg;GS_2909_3.jpg,singleton_passage,train
GS_burst_2115,GS_Gansu,1,GS_291,8,{'3.75': 8},3.75,GS_291_1.jpg;GS_291_2.jpg;GS_291_3.jpg,singleton_passage,test
GS_burst_2116,GS_Gansu,1,GS_2910,5,{'3.5': 5},3.5,GS_2910_1.jpg;GS_2910_2.jpg;GS_2910_3.jpg,singleton_passage,val
GS_burst_2117,GS_Gansu,1,GS_2911,3,{'3.75': 3},3.75,GS_2911_1.jpg;GS_2911_2.jpg;GS_2911_3.jpg,singleton_passage,train
GS_burst_2118,GS_Gansu,1,GS_2912,9,{'4.0': 9},4.0,GS_2912_1.jpg;GS_2912_2.jpg;GS_2912_3.jpg,singleton_passage,val
GS_burst_2119,GS_Gansu,1,GS_2913,13,{'3.75': 13},3.75,GS_2913_1.jpg;GS_2913_10.jpg;GS_2913_11.jpg,singleton_passage,train
GS_burst_2120,GS_Gansu,1,GS_2914,6,{'4.25': 6},4.25,GS_2914_1.jpg;GS_2914_2.jpg;GS_2914_3.jpg,singleton_passage,train
GS_burst_2121,GS_Gansu,1,GS_2915,6,{'4.0': 6},4.0,GS_2915_1.jpg;GS_2915_2.jpg;GS_2915_3.jpg,singleton_passage,train
GS_burst_2122,GS_Gansu,1,GS_2916,11,{'4.25': 11},4.25,GS_2916_1.jpg;GS_2916_10.jpg;GS_2916_11.jpg,singleton_passage,test
GS_burst_2123,GS_Gansu,1,GS_2917,3,{'4.0': 3},4.0,GS_2917_1.jpg;GS_2917_2.jpg;GS_2917_3.jpg,singleton_passage,val
GS_burst_2124,GS_Gansu,1,GS_2918,9,{'3.75': 9},3.75,GS_2918_1.jpg;GS_2918_2.jpg;GS_2918_3.jpg,singleton_passage,train
GS_burst_2125,GS_Gansu,1,GS_2919,7,{'3.25': 7},3.25,GS_2919_1.jpg;GS_2919_2.jpg;GS_2919_3.jpg,singleton_passage,train
GS_burst_2126,GS_Gansu,1,GS_292,8,{'4.0': 8},4.0,GS_292_1.jpg;GS_292_2.jpg;GS_292_3.jpg,singleton_passage,train
GS_burst_2127,GS_Gansu,1,GS_2920,10,{'4.0': 10},4.0,GS_2920_1.jpg;GS_2920_10.jpg;GS_2920_2.jpg,singleton_passage,train
GS_burst_2128,GS_Gansu,1,GS_2921,9,{'3.25': 9},3.25,GS_2921_1.jpg;GS_2921_2.jpg;GS_2921_3.jpg,singleton_passage,test
GS_burst_2129,GS_Gansu,1,GS_2922,8,{'3.75': 8},3.75,GS_2922_1.jpg;GS_2922_2.jpg;GS_2922_3.jpg,singleton_passage,train
GS_burst_2130,GS_Gansu,1,GS_2923,2,{'4.0': 2},4.0,GS_2923_1.jpg;GS_2923_2.jpg,singleton_passage,test
GS_burst_2131,GS_Gansu,1,GS_2924,7,{'3.5': 7},3.5,GS_2924_1.jpg;GS_2924_2.jpg;GS_2924_3.jpg,singleton_passage,train
GS_burst_2132,GS_Gansu,1,GS_2925,6,{'3.75': 6},3.75,GS_2925_1.jpg;GS_2925_2.jpg;GS_2925_3.jpg,singleton_passage,train
GS_burst_2133,GS_Gansu,1,GS_2926,5,{'3.5': 5},3.5,GS_2926_1.jpg;GS_2926_2.jpg;GS_2926_3.jpg,singleton_passage,train
GS_burst_2134,GS_Gansu,1,GS_2927,14,{'3.75': 14},3.75,GS_2927_1.jpg;GS_2927_10.jpg;GS_2927_11.jpg,singleton_passage,train
GS_burst_2135,GS_Gansu,1,GS_2928,7,{'4.0': 7},4.0,GS_2928_1.jpg;GS_2928_2.jpg;GS_2928_3.jpg,singleton_passage,test
GS_burst_2136,GS_Gansu,1,GS_2929,7,{'4.25': 7},4.25,GS_2929_1.jpg;GS_2929_2.jpg;GS_2929_3.jpg,singleton_passage,train
GS_burst_2137,GS_Gansu,1,GS_293,5,{'3.75': 5},3.75,GS_293_1.jpg;GS_293_2.jpg;GS_293_3.jpg,singleton_passage,train
GS_burst_2138,GS_Gansu,1,GS_2930,10,{'3.75': 10},3.75,GS_2930_1.jpg;GS_2930_10.jpg;GS_2930_2.jpg,singleton_passage,val
GS_burst_2139,GS_Gansu,1,GS_2931,10,{'4.0': 10},4.0,GS_2931_1.jpg;GS_2931_10.jpg;GS_2931_2.jpg,singleton_passage,train
GS_burst_2140,GS_Gansu,1,GS_2932,13,{'3.5': 13},3.5,GS_2932_1.jpg;GS_2932_10.jpg;GS_2932_11.jpg,singleton_passage,val
GS_burst_2141,GS_Gansu,1,GS_2933,13,{'4.0': 13},4.0,GS_2933_1.jpg;GS_2933_10.jpg;GS_2933_11.jpg,singleton_passage,train
GS_burst_2142,GS_Gansu,1,GS_2934,12,{'3.75': 12},3.75,GS_2934_1.jpg;GS_2934_10.jpg;GS_2934_11.jpg,singleton_passage,train
GS_burst_2143,GS_Gansu,1,GS_2935,14,{'3.75': 14},3.75,GS_2935_1.jpg;GS_2935_10.jpg;GS_2935_11.jpg,singleton_passage,train
GS_burst_2144,GS_Gansu,1,GS_2936,7,{'3.75': 7},3.75,GS_2936_1.jpg;GS_2936_2.jpg;GS_2936_3.jpg,singleton_passage,train
GS_burst_2145,GS_Gansu,1,GS_2937,11,{'4.0': 11},4.0,GS_2937_1.jpg;GS_2937_10.jpg;GS_2937_11.jpg,singleton_passage,train
GS_burst_2146,GS_Gansu,1,GS_2938,15,{'4.0': 15},4.0,GS_2938_1.jpg;GS_2938_10.jpg;GS_2938_11.jpg,singleton_passage,train
GS_burst_2147,GS_Gansu,1,GS_2939,12,{'4.0': 12},4.0,GS_2939_1.jpg;GS_2939_10.jpg;GS_2939_11.jpg,singleton_passage,val
GS_burst_2148,GS_Gansu,1,GS_294,4,{'3.75': 4},3.75,GS_294_1.jpg;GS_294_2.jpg;GS_294_3.jpg,singleton_passage,train
GS_burst_2149,GS_Gansu,1,GS_2940,7,{'4.0': 7},4.0,GS_2940_1.jpg;GS_2940_2.jpg;GS_2940_3.jpg,singleton_passage,val
GS_burst_2150,GS_Gansu,1,GS_2941,11,{'3.5': 11},3.5,GS_2941_1.jpg;GS_2941_10.jpg;GS_2941_11.jpg,singleton_passage,train
GS_burst_2151,GS_Gansu,1,GS_2942,9,{'4.0': 9},4.0,GS_2942_1.jpg;GS_2942_2.jpg;GS_2942_3.jpg,singleton_passage,train
GS_burst_2152,GS_Gansu,1,GS_2943,10,{'3.75': 10},3.75,GS_2943_1.jpg;GS_2943_10.jpg;GS_2943_2.jpg,singleton_passage,test
GS_burst_2153,GS_Gansu,1,GS_2944,7,{'4.0': 7},4.0,GS_2944_1.jpg;GS_2944_2.jpg;GS_2944_3.jpg,singleton_passage,train
GS_burst_2154,GS_Gansu,1,GS_2945,11,{'3.5': 11},3.5,GS_2945_1.jpg;GS_2945_10.jpg;GS_2945_11.jpg,singleton_passage,train
GS_burst_2155,GS_Gansu,1,GS_2946,11,{'3.5': 11},3.5,GS_2946_1.jpg;GS_2946_10.jpg;GS_2946_11.jpg,singleton_passage,test
GS_burst_2156,GS_Gansu,1,GS_2947,15,{'3.75': 15},3.75,GS_2947_1.jpg;GS_2947_10.jpg;GS_2947_11.jpg,singleton_passage,train
GS_burst_2157,GS_Gansu,1,GS_2948,9,{'4.0': 9},4.0,GS_2948_1.jpg;GS_2948_2.jpg;GS_2948_3.jpg,singleton_passage,train
GS_burst_2158,GS_Gansu,1,GS_2949,11,{'3.5': 11},3.5,GS_2949_1.jpg;GS_2949_10.jpg;GS_2949_11.jpg,singleton_passage,train
GS_burst_2159,GS_Gansu,1,GS_295,7,{'3.75': 7},3.75,GS_295_1.jpg;GS_295_2.jpg;GS_295_3.jpg,singleton_passage,train
GS_burst_2160,GS_Gansu,1,GS_2950,7,{'3.25': 7},3.25,GS_2950_1.jpg;GS_2950_2.jpg;GS_2950_3.jpg,singleton_passage,train
GS_burst_2161,GS_Gansu,1,GS_2951,8,{'4.0': 8},4.0,GS_2951_1.jpg;GS_2951_2.jpg;GS_2951_3.jpg,singleton_passage,train
GS_burst_2162,GS_Gansu,1,GS_2952,17,{'4.0': 17},4.0,GS_2952_1.jpg;GS_2952_10.jpg;GS_2952_11.jpg,singleton_passage,test
GS_burst_2163,GS_Gansu,1,GS_2953,5,{'4.0': 5},4.0,GS_2953_1.jpg;GS_2953_2.jpg;GS_2953_3.jpg,singleton_passage,train
GS_burst_2164,GS_Gansu,1,GS_2954,4,{'4.0': 4},4.0,GS_2954_1.jpg;GS_2954_2.jpg;GS_2954_3.jpg,singleton_passage,train
GS_burst_2165,GS_Gansu,1,GS_2955,4,{'3.75': 4},3.75,GS_2955_1.jpg;GS_2955_2.jpg;GS_2955_3.jpg,singleton_passage,train
GS_burst_2166,GS_Gansu,1,GS_2956,8,{'4.0': 8},4.0,GS_2956_1.jpg;GS_2956_2.jpg;GS_2956_3.jpg,singleton_passage,test
GS_burst_2167,GS_Gansu,1,GS_2957,13,{'3.5': 13},3.5,GS_2957_1.jpg;GS_2957_10.jpg;GS_2957_11.jpg,singleton_passage,test
GS_burst_2168,GS_Gansu,1,GS_2958,7,{'3.75': 7},3.75,GS_2958_1.jpg;GS_2958_2.jpg;GS_2958_3.jpg,singleton_passage,train
GS_burst_2169,GS_Gansu,1,GS_2959,12,{'3.25': 12},3.25,GS_2959_1.jpg;GS_2959_10.jpg;GS_2959_11.jpg,singleton_passage,train
GS_burst_2170,GS_Gansu,1,GS_296,9,{'3.75': 9},3.75,GS_296_1.jpg;GS_296_2.jpg;GS_296_3.jpg,singleton_passage,val
GS_burst_2171,GS_Gansu,1,GS_2960,7,{'3.75': 7},3.75,GS_2960_1.jpg;GS_2960_2.jpg;GS_2960_3.jpg,singleton_passage,train
GS_burst_2172,GS_Gansu,1,GS_2961,7,{'4.0': 7},4.0,GS_2961_1.jpg;GS_2961_2.jpg;GS_2961_3.jpg,singleton_passage,test
GS_burst_2173,GS_Gansu,1,GS_2962,9,{'4.0': 9},4.0,GS_2962_1.jpg;GS_2962_2.jpg;GS_2962_3.jpg,singleton_passage,train
GS_burst_2174,GS_Gansu,1,GS_2963,1,{'3.75': 1},3.75,GS_2963_1.jpg,singleton_passage,train
GS_burst_2175,GS_Gansu,1,GS_2964,5,{'4.0': 5},4.0,GS_2964_1.jpg;GS_2964_2.jpg;GS_2964_3.jpg,singleton_passage,val
GS_burst_2176,GS_Gansu,1,GS_2965,11,{'4.0': 11},4.0,GS_2965_1.jpg;GS_2965_10.jpg;GS_2965_11.jpg,singleton_passage,val
GS_burst_2177,GS_Gansu,1,GS_2966,10,{'4.0': 10},4.0,GS_2966_1.jpg;GS_2966_10.jpg;GS_2966_2.jpg,singleton_passage,test
GS_burst_2178,GS_Gansu,1,GS_2967,18,{'3.5': 18},3.5,GS_2967_1.jpg;GS_2967_10.jpg;GS_2967_11.jpg,singleton_passage,train
GS_burst_2179,GS_Gansu,1,GS_2968,10,{'3.5': 10},3.5,GS_2968_1.jpg;GS_2968_10.jpg;GS_2968_2.jpg,singleton_passage,val
GS_burst_2180,GS_Gansu,1,GS_2969,16,{'3.75': 16},3.75,GS_2969_1.jpg;GS_2969_10.jpg;GS_2969_11.jpg,singleton_passage,train
GS_burst_2181,GS_Gansu,1,GS_297,5,{'3.75': 5},3.75,GS_297_1.jpg;GS_297_2.jpg;GS_297_3.jpg,singleton_passage,train
GS_burst_2182,GS_Gansu,1,GS_2970,5,{'4.0': 5},4.0,GS_2970_1.jpg;GS_2970_2.jpg;GS_2970_3.jpg,singleton_passage,train
GS_burst_2183,GS_Gansu,1,GS_2971,7,{'3.75': 7},3.75,GS_2971_1.jpg;GS_2971_2.jpg;GS_2971_3.jpg,singleton_passage,train
GS_burst_2184,GS_Gansu,1,GS_2972,10,{'3.5': 10},3.5,GS_2972_1.jpg;GS_2972_10.jpg;GS_2972_2.jpg,singleton_passage,train
GS_burst_2185,GS_Gansu,1,GS_2973,5,{'3.75': 5},3.75,GS_2973_1.jpg;GS_2973_2.jpg;GS_2973_3.jpg,singleton_passage,train
GS_burst_2186,GS_Gansu,1,GS_2974,4,{'4.0': 4},4.0,GS_2974_1.jpg;GS_2974_2.jpg;GS_2974_3.jpg,singleton_passage,val
GS_burst_2187,GS_Gansu,1,GS_2975,1,{'3.25': 1},3.25,GS_2975_1.jpg,singleton_passage,val
GS_burst_2188,GS_Gansu,1,GS_2976,8,{'3.25': 8},3.25,GS_2976_1.jpg;GS_2976_2.jpg;GS_2976_3.jpg,singleton_passage,val
GS_burst_2189,GS_Gansu,1,GS_2977,6,{'3.75': 6},3.75,GS_2977_1.jpg;GS_2977_2.jpg;GS_2977_3.jpg,singleton_passage,test
GS_burst_2190,GS_Gansu,1,GS_2978,12,{'3.25': 12},3.25,GS_2978_1.jpg;GS_2978_10.jpg;GS_2978_11.jpg,singleton_passage,train
GS_burst_2191,GS_Gansu,1,GS_2979,2,{'4.0': 2},4.0,GS_2979_1.jpg;GS_2979_2.jpg,singleton_passage,test
GS_burst_2192,GS_Gansu,1,GS_298,20,{'4.0': 20},4.0,GS_298_1.jpg;GS_298_10.jpg;GS_298_11.jpg,singleton_passage,train
GS_burst_2193,GS_Gansu,1,GS_2980,7,{'4.25': 7},4.25,GS_2980_1.jpg;GS_2980_2.jpg;GS_2980_3.jpg,singleton_passage,train
GS_burst_2194,GS_Gansu,1,GS_2981,19,{'3.75': 19},3.75,GS_2981_1.jpg;GS_2981_10.jpg;GS_2981_11.jpg,singleton_passage,train
GS_burst_2195,GS_Gansu,1,GS_2982,9,{'4.0': 9},4.0,GS_2982_1.jpg;GS_2982_2.jpg;GS_2982_3.jpg,singleton_passage,val
GS_burst_2196,GS_Gansu,1,GS_2983,4,{'4.0': 4},4.0,GS_2983_1.jpg;GS_2983_2.jpg;GS_2983_3.jpg,singleton_passage,train
GS_burst_2197,GS_Gansu,1,GS_2984,9,"{'3.75': 1, '4.0': 8}",4.0,GS_2984_1.jpg;GS_2984_2.jpg;GS_2984_3.jpg,singleton_passage,val
GS_burst_2198,GS_Gansu,1,GS_2985,11,{'4.0': 11},4.0,GS_2985_1.jpg;GS_2985_10.jpg;GS_2985_11.jpg,singleton_passage,train
GS_burst_2199,GS_Gansu,1,GS_2986,5,{'3.5': 5},3.5,GS_2986_1.jpg;GS_2986_2.jpg;GS_2986_3.jpg,singleton_passage,train
GS_burst_2200,GS_Gansu,1,GS_2987,8,{'3.75': 8},3.75,GS_2987_1.jpg;GS_2987_2.jpg;GS_2987_3.jpg,singleton_passage,train
GS_burst_2201,GS_Gansu,1,GS_2988,12,{'3.5': 12},3.5,GS_2988_1.jpg;GS_2988_10.jpg;GS_2988_11.jpg,singleton_passage,train
GS_burst_2202,GS_Gansu,1,GS_2989,10,{'4.0': 10},4.0,GS_2989_1.jpg;GS_2989_10.jpg;GS_2989_2.jpg,singleton_passage,train
GS_burst_2203,GS_Gansu,1,GS_299,27,{'4.0': 27},4.0,GS_299_1.jpg;GS_299_10.jpg;GS_299_11.jpg,singleton_passage,train
GS_burst_2204,GS_Gansu,1,GS_2990,9,{'4.0': 9},4.0,GS_2990_1.jpg;GS_2990_2.jpg;GS_2990_3.jpg,singleton_passage,train
GS_burst_2205,GS_Gansu,1,GS_2991,16,{'3.75': 16},3.75,GS_2991_1.jpg;GS_2991_10.jpg;GS_2991_11.jpg,singleton_passage,test
GS_burst_2206,GS_Gansu,1,GS_2992,9,{'4.0': 9},4.0,GS_2992_1.jpg;GS_2992_2.jpg;GS_2992_3.jpg,singleton_passage,train
GS_burst_2207,GS_Gansu,1,GS_2993,16,{'4.0': 16},4.0,GS_2993_1.jpg;GS_2993_10.jpg;GS_2993_11.jpg,singleton_passage,test
GS_burst_2208,GS_Gansu,1,GS_2994,3,{'3.75': 3},3.75,GS_2994_1.jpg;GS_2994_2.jpg;GS_2994_3.jpg,singleton_passage,train
GS_burst_2209,GS_Gansu,1,GS_2995,12,{'3.75': 12},3.75,GS_2995_1.jpg;GS_2995_10.jpg;GS_2995_11.jpg,singleton_passage,train
GS_burst_2210,GS_Gansu,1,GS_2996,19,{'3.5': 19},3.5,GS_2996_1.jpg;GS_2996_10.jpg;GS_2996_11.jpg,singleton_passage,train
GS_burst_2211,GS_Gansu,1,GS_2997,4,{'3.5': 4},3.5,GS_2997_1.jpg;GS_2997_2.jpg;GS_2997_3.jpg,singleton_passage,train
GS_burst_2212,GS_Gansu,1,GS_2998,8,{'4.0': 8},4.0,GS_2998_1.jpg;GS_2998_2.jpg;GS_2998_3.jpg,singleton_passage,train
GS_burst_2213,GS_Gansu,1,GS_2999,9,{'3.5': 9},3.5,GS_2999_1.jpg;GS_2999_2.jpg;GS_2999_3.jpg,singleton_passage,train
GS_burst_2214,GS_Gansu,1,GS_3,8,{'4.25': 8},4.25,GS_3_1.jpg;GS_3_2.jpg;GS_3_3.jpg,singleton_passage,train
GS_burst_2215,GS_Gansu,1,GS_30,6,{'4.25': 6},4.25,GS_30_1.jpg;GS_30_2.jpg;GS_30_3.jpg,singleton_passage,train
GS_burst_2216,GS_Gansu,1,GS_300,32,{'4.25': 32},4.25,GS_300_1.jpg;GS_300_10.jpg;GS_300_11.jpg,singleton_passage,val
GS_burst_2217,GS_Gansu,1,GS_3000,16,{'3.75': 16},3.75,GS_3000_1.jpg;GS_3000_10.jpg;GS_3000_11.jpg,singleton_passage,train
GS_burst_2218,GS_Gansu,1,GS_3001,7,{'4.0': 7},4.0,GS_3001_1.jpg;GS_3001_2.jpg;GS_3001_3.jpg,singleton_passage,train
GS_burst_2219,GS_Gansu,1,GS_3002,9,{'4.0': 9},4.0,GS_3002_1.jpg;GS_3002_2.jpg;GS_3002_3.jpg,singleton_passage,train
GS_burst_2220,GS_Gansu,1,GS_3003,8,{'4.0': 8},4.0,GS_3003_1.jpg;GS_3003_2.jpg;GS_3003_3.jpg,singleton_passage,val
GS_burst_2221,GS_Gansu,1,GS_3004,8,{'3.5': 8},3.5,GS_3004_1.jpg;GS_3004_2.jpg;GS_3004_3.jpg,singleton_passage,train
GS_burst_2222,GS_Gansu,1,GS_3005,8,{'4.0': 8},4.0,GS_3005_1.jpg;GS_3005_2.jpg;GS_3005_3.jpg,singleton_passage,train
GS_burst_2223,GS_Gansu,1,GS_3006,8,{'3.75': 8},3.75,GS_3006_1.jpg;GS_3006_2.jpg;GS_3006_3.jpg,singleton_passage,test
GS_burst_2224,GS_Gansu,1,GS_3007,11,{'4.0': 11},4.0,GS_3007_1.jpg;GS_3007_10.jpg;GS_3007_11.jpg,singleton_passage,train
GS_burst_2225,GS_Gansu,1,GS_3008,5,{'3.25': 5},3.25,GS_3008_1.jpg;GS_3008_2.jpg;GS_3008_3.jpg,singleton_passage,val
GS_burst_2226,GS_Gansu,1,GS_3009,13,{'4.0': 13},4.0,GS_3009_1.jpg;GS_3009_10.jpg;GS_3009_11.jpg,singleton_passage,train
GS_burst_2227,GS_Gansu,1,GS_301,7,{'3.25': 7},3.25,GS_301_1.jpg;GS_301_2.jpg;GS_301_3.jpg,singleton_passage,train
GS_burst_2228,GS_Gansu,1,GS_3010,3,{'4.25': 3},4.25,GS_3010_1.jpg;GS_3010_2.jpg;GS_3010_3.jpg,singleton_passage,train
GS_burst_2229,GS_Gansu,1,GS_3011,4,{'3.5': 4},3.5,GS_3011_1.jpg;GS_3011_2.jpg;GS_3011_3.jpg,singleton_passage,val
GS_burst_2230,GS_Gansu,1,GS_3012,8,{'4.0': 8},4.0,GS_3012_1.jpg;GS_3012_2.jpg;GS_3012_3.jpg,singleton_passage,train
GS_burst_2231,GS_Gansu,1,GS_3013,14,{'3.5': 14},3.5,GS_3013_1.jpg;GS_3013_10.jpg;GS_3013_11.jpg,singleton_passage,val
GS_burst_2232,GS_Gansu,1,GS_3014,7,{'4.25': 7},4.25,GS_3014_1.jpg;GS_3014_2.jpg;GS_3014_3.jpg,singleton_passage,train
GS_burst_2233,GS_Gansu,1,GS_3015,14,{'3.75': 14},3.75,GS_3015_1.jpg;GS_3015_10.jpg;GS_3015_11.jpg,singleton_passage,train
GS_burst_2234,GS_Gansu,1,GS_3016,9,{'4.0': 9},4.0,GS_3016_1.jpg;GS_3016_2.jpg;GS_3016_3.jpg,singleton_passage,val
GS_burst_2235,GS_Gansu,1,GS_3017,14,{'4.0': 14},4.0,GS_3017_1.jpg;GS_3017_10.jpg;GS_3017_11.jpg,singleton_passage,train
GS_burst_2236,GS_Gansu,1,GS_3018,15,{'3.75': 15},3.75,GS_3018_1.jpg;GS_3018_10.jpg;GS_3018_11.jpg,singleton_passage,train
GS_burst_2237,GS_Gansu,1,GS_3019,8,{'4.0': 8},4.0,GS_3019_1.jpg;GS_3019_2.jpg;GS_3019_3.jpg,singleton_passage,val
GS_burst_2238,GS_Gansu,1,GS_302,12,{'4.0': 12},4.0,GS_302_1.jpg;GS_302_10.jpg;GS_302_11.jpg,singleton_passage,train
GS_burst_2239,GS_Gansu,1,GS_3020,10,{'4.0': 10},4.0,GS_3020_1.jpg;GS_3020_10.jpg;GS_3020_2.jpg,singleton_passage,train
GS_burst_2240,GS_Gansu,1,GS_3021,6,{'3.75': 6},3.75,GS_3021_1.jpg;GS_3021_2.jpg;GS_3021_3.jpg,singleton_passage,train
GS_burst_2241,GS_Gansu,1,GS_3022,5,{'4.0': 5},4.0,GS_3022_1.jpg;GS_3022_2.jpg;GS_3022_3.jpg,singleton_passage,train
GS_burst_2242,GS_Gansu,1,GS_3023,9,{'4.0': 9},4.0,GS_3023_1.jpg;GS_3023_2.jpg;GS_3023_3.jpg,singleton_passage,train
GS_burst_2243,GS_Gansu,1,GS_3024,8,{'4.25': 8},4.25,GS_3024_1.jpg;GS_3024_2.jpg;GS_3024_3.jpg,singleton_passage,train
GS_burst_2244,GS_Gansu,1,GS_3025,19,{'4.25': 19},4.25,GS_3025_1.jpg;GS_3025_10.jpg;GS_3025_11.jpg,singleton_passage,train
GS_burst_2245,GS_Gansu,1,GS_3026,10,{'4.0': 10},4.0,GS_3026_1.jpg;GS_3026_10.jpg;GS_3026_2.jpg,singleton_passage,train
GS_burst_2246,GS_Gansu,1,GS_3027,7,{'3.5': 7},3.5,GS_3027_1.jpg;GS_3027_2.jpg;GS_3027_3.jpg,singleton_passage,train
GS_burst_2247,GS_Gansu,1,GS_3028,9,{'3.75': 9},3.75,GS_3028_1.jpg;GS_3028_2.jpg;GS_3028_3.jpg,singleton_passage,val
GS_burst_2248,GS_Gansu,1,GS_3029,7,{'3.5': 7},3.5,GS_3029_1.jpg;GS_3029_2.jpg;GS_3029_3.jpg,singleton_passage,val
GS_burst_2249,GS_Gansu,1,GS_303,14,{'4.25': 14},4.25,GS_303_1.jpg;GS_303_10.jpg;GS_303_11.jpg,singleton_passage,test
GS_burst_2250,GS_Gansu,1,GS_3030,10,{'4.0': 10},4.0,GS_3030_1.jpg;GS_3030_10.jpg;GS_3030_2.jpg,singleton_passage,train
GS_burst_2251,GS_Gansu,1,GS_3031,6,{'3.5': 6},3.5,GS_3031_1.jpg;GS_3031_2.jpg;GS_3031_3.jpg,singleton_passage,train
GS_burst_2252,GS_Gansu,1,GS_3032,7,{'3.5': 7},3.5,GS_3032_1.jpg;GS_3032_2.jpg;GS_3032_3.jpg,singleton_passage,train
GS_burst_2253,GS_Gansu,1,GS_3033,10,{'4.25': 10},4.25,GS_3033_1.jpg;GS_3033_10.jpg;GS_3033_2.jpg,singleton_passage,test
GS_burst_2254,GS_Gansu,1,GS_3034,8,{'3.75': 8},3.75,GS_3034_1.jpg;GS_3034_2.jpg;GS_3034_3.jpg,singleton_passage,train
GS_burst_2255,GS_Gansu,1,GS_3035,6,{'3.75': 6},3.75,GS_3035_1.jpg;GS_3035_2.jpg;GS_3035_3.jpg,singleton_passage,train
GS_burst_2256,GS_Gansu,1,GS_3036,7,{'3.5': 7},3.5,GS_3036_1.jpg;GS_3036_2.jpg;GS_3036_3.jpg,singleton_passage,train
GS_burst_2257,GS_Gansu,1,GS_3037,15,{'3.75': 15},3.75,GS_3037_1.jpg;GS_3037_10.jpg;GS_3037_11.jpg,singleton_passage,val
GS_burst_2258,GS_Gansu,1,GS_3038,9,{'4.0': 9},4.0,GS_3038_1.jpg;GS_3038_2.jpg;GS_3038_3.jpg,singleton_passage,val
GS_burst_2259,GS_Gansu,1,GS_3039,16,{'3.75': 16},3.75,GS_3039_1.jpg;GS_3039_10.jpg;GS_3039_11.jpg,singleton_passage,train
GS_burst_2260,GS_Gansu,1,GS_304,11,{'3.5': 11},3.5,GS_304_1.jpg;GS_304_10.jpg;GS_304_11.jpg,singleton_passage,train
GS_burst_2261,GS_Gansu,1,GS_3040,7,{'3.5': 7},3.5,GS_3040_1.jpg;GS_3040_2.jpg;GS_3040_3.jpg,singleton_passage,train
GS_burst_2262,GS_Gansu,1,GS_3041,11,{'4.0': 11},4.0,GS_3041_1.jpg;GS_3041_10.jpg;GS_3041_11.jpg,singleton_passage,test
GS_burst_2263,GS_Gansu,1,GS_3042,5,{'3.75': 5},3.75,GS_3042_1.jpg;GS_3042_2.jpg;GS_3042_3.jpg,singleton_passage,train
GS_burst_2264,GS_Gansu,1,GS_3043,5,{'4.0': 5},4.0,GS_3043_1.jpg;GS_3043_2.jpg;GS_3043_3.jpg,singleton_passage,train
GS_burst_2265,GS_Gansu,1,GS_3044,9,{'3.5': 9},3.5,GS_3044_1.jpg;GS_3044_2.jpg;GS_3044_3.jpg,singleton_passage,train
GS_burst_2266,GS_Gansu,1,GS_3045,5,{'3.5': 5},3.5,GS_3045_1.jpg;GS_3045_2.jpg;GS_3045_3.jpg,singleton_passage,test
GS_burst_2267,GS_Gansu,1,GS_3046,3,{'4.0': 3},4.0,GS_3046_1.jpg;GS_3046_2.jpg;GS_3046_3.jpg,singleton_passage,train
GS_burst_2268,GS_Gansu,1,GS_3047,7,{'4.0': 7},4.0,GS_3047_1.jpg;GS_3047_2.jpg;GS_3047_3.jpg,singleton_passage,test
GS_burst_2269,GS_Gansu,1,GS_3048,12,{'4.0': 12},4.0,GS_3048_1.jpg;GS_3048_10.jpg;GS_3048_11.jpg,singleton_passage,train
GS_burst_2270,GS_Gansu,1,GS_3049,9,{'3.25': 9},3.25,GS_3049_1.jpg;GS_3049_2.jpg;GS_3049_3.jpg,singleton_passage,train
GS_burst_2271,GS_Gansu,1,GS_305,18,{'3.5': 18},3.5,GS_305_1.jpg;GS_305_10.jpg;GS_305_11.jpg,singleton_passage,train
GS_burst_2272,GS_Gansu,1,GS_3050,7,{'3.75': 7},3.75,GS_3050_1.jpg;GS_3050_2.jpg;GS_3050_3.jpg,singleton_passage,test
GS_burst_2273,GS_Gansu,1,GS_3051,5,{'3.75': 5},3.75,GS_3051_1.jpg;GS_3051_2.jpg;GS_3051_3.jpg,singleton_passage,train
GS_burst_2274,GS_Gansu,1,GS_3052,6,{'4.0': 6},4.0,GS_3052_1.jpg;GS_3052_2.jpg;GS_3052_3.jpg,singleton_passage,train
GS_burst_2275,GS_Gansu,1,GS_3053,9,{'4.0': 9},4.0,GS_3053_1.jpg;GS_3053_2.jpg;GS_3053_3.jpg,singleton_passage,train
GS_burst_2276,GS_Gansu,1,GS_3054,20,{'4.0': 20},4.0,GS_3054_1.jpg;GS_3054_10.jpg;GS_3054_11.jpg,singleton_passage,train
GS_burst_2277,GS_Gansu,1,GS_3055,15,{'3.25': 15},3.25,GS_3055_1.jpg;GS_3055_10.jpg;GS_3055_11.jpg,singleton_passage,train
GS_burst_2278,GS_Gansu,1,GS_3056,8,{'3.5': 8},3.5,GS_3056_1.jpg;GS_3056_2.jpg;GS_3056_3.jpg,singleton_passage,train
GS_burst_2279,GS_Gansu,1,GS_3057,15,{'4.0': 15},4.0,GS_3057_1.jpg;GS_3057_10.jpg;GS_3057_11.jpg,singleton_passage,train
GS_burst_2280,GS_Gansu,1,GS_3058,5,{'4.0': 5},4.0,GS_3058_1.jpg;GS_3058_2.jpg;GS_3058_3.jpg,singleton_passage,train
GS_burst_2281,GS_Gansu,1,GS_3059,10,"{'3.5': 9, '3.75': 1}",3.5,GS_3059_10.jpg;GS_3059_2.jpg;GS_3059_3.jpg,singleton_passage,train
GS_burst_2282,GS_Gansu,1,GS_306,16,{'4.0': 16},4.0,GS_306_1.jpg;GS_306_10.jpg;GS_306_11.jpg,singleton_passage,train
GS_burst_2283,GS_Gansu,1,GS_3060,8,{'4.0': 8},4.0,GS_3060_1.jpg;GS_3060_2.jpg;GS_3060_3.jpg,singleton_passage,train
GS_burst_2284,GS_Gansu,1,GS_3061,9,{'3.25': 9},3.25,GS_3061_1.jpg;GS_3061_2.jpg;GS_3061_3.jpg,singleton_passage,train
GS_burst_2285,GS_Gansu,1,GS_3062,10,{'3.5': 10},3.5,GS_3062_1.jpg;GS_3062_10.jpg;GS_3062_2.jpg,singleton_passage,train
GS_burst_2286,GS_Gansu,1,GS_3063,8,{'3.75': 8},3.75,GS_3063_1.jpg;GS_3063_2.jpg;GS_3063_3.jpg,singleton_passage,val
GS_burst_2287,GS_Gansu,1,GS_3064,15,{'4.0': 15},4.0,GS_3064_1.jpg;GS_3064_10.jpg;GS_3064_11.jpg,singleton_passage,test
GS_burst_2288,GS_Gansu,1,GS_3065,4,{'3.75': 4},3.75,GS_3065_1.jpg;GS_3065_2.jpg;GS_3065_3.jpg,singleton_passage,val
GS_burst_2289,GS_Gansu,1,GS_3066,3,{'4.0': 3},4.0,GS_3066_1.jpg;GS_3066_2.jpg;GS_3066_3.jpg,singleton_passage,train
GS_burst_2290,GS_Gansu,1,GS_3067,5,{'4.25': 5},4.25,GS_3067_1.jpg;GS_3067_2.jpg;GS_3067_3.jpg,singleton_passage,test
GS_burst_2291,GS_Gansu,1,GS_3068,8,{'4.25': 8},4.25,GS_3068_1.jpg;GS_3068_2.jpg;GS_3068_3.jpg,singleton_passage,train
GS_burst_2292,GS_Gansu,1,GS_3069,8,{'4.0': 8},4.0,GS_3069_1.jpg;GS_3069_2.jpg;GS_3069_3.jpg,singleton_passage,train
GS_burst_2293,GS_Gansu,1,GS_307,9,{'4.25': 9},4.25,GS_307_1.jpg;GS_307_2.jpg;GS_307_3.jpg,singleton_passage,train
GS_burst_2294,GS_Gansu,1,GS_3070,11,{'3.25': 11},3.25,GS_3070_1.jpg;GS_3070_10.jpg;GS_3070_11.jpg,singleton_passage,test
GS_burst_2295,GS_Gansu,1,GS_3071,10,{'3.25': 10},3.25,GS_3071_1.jpg;GS_3071_10.jpg;GS_3071_2.jpg,singleton_passage,train
GS_burst_2296,GS_Gansu,1,GS_3072,10,{'3.75': 10},3.75,GS_3072_1.jpg;GS_3072_10.jpg;GS_3072_2.jpg,singleton_passage,train
GS_burst_2297,GS_Gansu,1,GS_3073,13,{'4.0': 13},4.0,GS_3073_1.jpg;GS_3073_10.jpg;GS_3073_11.jpg,singleton_passage,val
GS_burst_2298,GS_Gansu,1,GS_3074,13,{'3.25': 13},3.25,GS_3074_1.jpg;GS_3074_10.jpg;GS_3074_11.jpg,singleton_passage,test
GS_burst_2299,GS_Gansu,1,GS_3075,13,{'4.25': 13},4.25,GS_3075_1.jpg;GS_3075_10.jpg;GS_3075_11.jpg,singleton_passage,train
GS_burst_2300,GS_Gansu,1,GS_3076,7,{'4.25': 7},4.25,GS_3076_1.jpg;GS_3076_2.jpg;GS_3076_3.jpg,singleton_passage,train
GS_burst_2301,GS_Gansu,1,GS_3077,10,{'3.75': 10},3.75,GS_3077_1.jpg;GS_3077_10.jpg;GS_3077_2.jpg,singleton_passage,train
GS_burst_2302,GS_Gansu,1,GS_3078,6,{'3.5': 6},3.5,GS_3078_1.jpg;GS_3078_2.jpg;GS_3078_3.jpg,singleton_passage,train
GS_burst_2303,GS_Gansu,1,GS_3079,20,{'3.5': 20},3.5,GS_3079_1.jpg;GS_3079_10.jpg;GS_3079_11.jpg,singleton_passage,train
GS_burst_2304,GS_Gansu,1,GS_308,9,{'3.75': 9},3.75,GS_308_1.jpg;GS_308_2.jpg;GS_308_3.jpg,singleton_passage,train
GS_burst_2305,GS_Gansu,1,GS_3080,9,{'3.5': 9},3.5,GS_3080_1.jpg;GS_3080_2.jpg;GS_3080_3.jpg,singleton_passage,train
GS_burst_2306,GS_Gansu,1,GS_3081,9,{'4.25': 9},4.25,GS_3081_1.jpg;GS_3081_2.jpg;GS_3081_3.jpg,singleton_passage,train
GS_burst_2307,GS_Gansu,1,GS_3082,16,{'4.0': 16},4.0,GS_3082_1.jpg;GS_3082_10.jpg;GS_3082_11.jpg,singleton_passage,train
GS_burst_2308,GS_Gansu,1,GS_3083,4,{'3.5': 4},3.5,GS_3083_1.jpg;GS_3083_2.jpg;GS_3083_3.jpg,singleton_passage,train
GS_burst_2309,GS_Gansu,1,GS_3084,5,{'3.75': 5},3.75,GS_3084_1.jpg;GS_3084_2.jpg;GS_3084_3.jpg,singleton_passage,test
GS_burst_2310,GS_Gansu,1,GS_3085,10,{'3.5': 10},3.5,GS_3085_1.jpg;GS_3085_10.jpg;GS_3085_2.jpg,singleton_passage,train
GS_burst_2311,GS_Gansu,1,GS_3086,22,{'3.75': 22},3.75,GS_3086_1.jpg;GS_3086_10.jpg;GS_3086_11.jpg,singleton_passage,val
GS_burst_2312,GS_Gansu,1,GS_3087,10,{'3.75': 10},3.75,GS_3087_1.jpg;GS_3087_10.jpg;GS_3087_2.jpg,singleton_passage,train
GS_burst_2313,GS_Gansu,1,GS_3088,11,{'3.75': 11},3.75,GS_3088_1.jpg;GS_3088_10.jpg;GS_3088_11.jpg,singleton_passage,train
GS_burst_2314,GS_Gansu,1,GS_3089,10,{'4.0': 10},4.0,GS_3089_1.jpg;GS_3089_10.jpg;GS_3089_2.jpg,singleton_passage,val
GS_burst_2315,GS_Gansu,1,GS_309,16,{'4.0': 16},4.0,GS_309_1.jpg;GS_309_10.jpg;GS_309_11.jpg,singleton_passage,train
GS_burst_2316,GS_Gansu,1,GS_3090,20,{'4.0': 20},4.0,GS_3090_1.jpg;GS_3090_10.jpg;GS_3090_11.jpg,singleton_passage,train
GS_burst_2317,GS_Gansu,1,GS_3091,14,{'3.75': 14},3.75,GS_3091_1.jpg;GS_3091_10.jpg;GS_3091_11.jpg,singleton_passage,test
GS_burst_2318,GS_Gansu,1,GS_3092,13,{'3.75': 13},3.75,GS_3092_1.jpg;GS_3092_10.jpg;GS_3092_11.jpg,singleton_passage,val
GS_burst_2319,GS_Gansu,1,GS_3093,10,{'4.0': 10},4.0,GS_3093_1.jpg;GS_3093_10.jpg;GS_3093_2.jpg,singleton_passage,val
GS_burst_2320,GS_Gansu,1,GS_3094,10,{'3.75': 10},3.75,GS_3094_1.jpg;GS_3094_10.jpg;GS_3094_2.jpg,singleton_passage,train
GS_burst_2321,GS_Gansu,1,GS_3095,10,{'4.25': 10},4.25,GS_3095_1.jpg;GS_3095_10.jpg;GS_3095_2.jpg,singleton_passage,val
GS_burst_2322,GS_Gansu,1,GS_3096,6,{'3.75': 6},3.75,GS_3096_1.jpg;GS_3096_2.jpg;GS_3096_3.jpg,singleton_passage,train
GS_burst_2323,GS_Gansu,1,GS_3097,15,{'4.0': 15},4.0,GS_3097_1.jpg;GS_3097_10.jpg;GS_3097_11.jpg,singleton_passage,train
GS_burst_2324,GS_Gansu,1,GS_3098,10,{'3.5': 10},3.5,GS_3098_1.jpg;GS_3098_10.jpg;GS_3098_2.jpg,singleton_passage,val
GS_burst_2325,GS_Gansu,1,GS_3099,13,{'4.25': 13},4.25,GS_3099_1.jpg;GS_3099_10.jpg;GS_3099_11.jpg,singleton_passage,train
GS_burst_2326,GS_Gansu,1,GS_31,6,{'4.0': 6},4.0,GS_31_1.jpg;GS_31_2.jpg;GS_31_3.jpg,singleton_passage,train
GS_burst_2327,GS_Gansu,1,GS_310,8,{'4.0': 8},4.0,GS_310_1.jpg;GS_310_2.jpg;GS_310_3.jpg,singleton_passage,train
GS_burst_2328,GS_Gansu,1,GS_3100,4,{'4.25': 4},4.25,GS_3100_1.jpg;GS_3100_2.jpg;GS_3100_3.jpg,singleton_passage,train
GS_burst_2329,GS_Gansu,1,GS_3101,24,{'3.5': 24},3.5,GS_3101_1.jpg;GS_3101_10.jpg;GS_3101_11.jpg,singleton_passage,train
GS_burst_2330,GS_Gansu,1,GS_3102,7,{'4.0': 7},4.0,GS_3102_1.jpg;GS_3102_2.jpg;GS_3102_3.jpg,singleton_passage,train
GS_burst_2331,GS_Gansu,1,GS_3103,10,{'4.0': 10},4.0,GS_3103_1.jpg;GS_3103_10.jpg;GS_3103_2.jpg,singleton_passage,val
GS_burst_2332,GS_Gansu,1,GS_3104,8,{'3.75': 8},3.75,GS_3104_1.jpg;GS_3104_2.jpg;GS_3104_3.jpg,singleton_passage,train
GS_burst_2333,GS_Gansu,1,GS_3105,15,"{'3.5': 14, '3.75': 1}",3.5,GS_3105_1.jpg;GS_3105_10.jpg;GS_3105_11.jpg,singleton_passage,train
GS_burst_2334,GS_Gansu,1,GS_3106,6,{'3.25': 6},3.25,GS_3106_1.jpg;GS_3106_2.jpg;GS_3106_3.jpg,singleton_passage,test
GS_burst_2335,GS_Gansu,1,GS_3107,11,{'3.75': 11},3.75,GS_3107_1.jpg;GS_3107_10.jpg;GS_3107_11.jpg,singleton_passage,train
GS_burst_2336,GS_Gansu,1,GS_3108,7,{'3.5': 7},3.5,GS_3108_1.jpg;GS_3108_2.jpg;GS_3108_3.jpg,singleton_passage,test
GS_burst_2337,GS_Gansu,1,GS_3109,4,{'4.0': 4},4.0,GS_3109_1.jpg;GS_3109_2.jpg;GS_3109_3.jpg,singleton_passage,val
GS_burst_2338,GS_Gansu,1,GS_311,14,{'3.75': 14},3.75,GS_311_1.jpg;GS_311_10.jpg;GS_311_11.jpg,singleton_passage,train
GS_burst_2339,GS_Gansu,1,GS_3110,15,{'3.75': 15},3.75,GS_3110_1.jpg;GS_3110_10.jpg;GS_3110_11.jpg,singleton_passage,train
GS_burst_2340,GS_Gansu,1,GS_3111,8,{'3.25': 8},3.25,GS_3111_1.jpg;GS_3111_2.jpg;GS_3111_3.jpg,singleton_passage,train
GS_burst_2341,GS_Gansu,1,GS_3112,14,{'3.75': 14},3.75,GS_3112_1.jpg;GS_3112_10.jpg;GS_3112_11.jpg,singleton_passage,train
GS_burst_2342,GS_Gansu,1,GS_3113,11,{'3.75': 11},3.75,GS_3113_1.jpg;GS_3113_10.jpg;GS_3113_11.jpg,singleton_passage,val
GS_burst_2343,GS_Gansu,1,GS_3114,14,{'4.0': 14},4.0,GS_3114_1.jpg;GS_3114_10.jpg;GS_3114_11.jpg,singleton_passage,train
GS_burst_2344,GS_Gansu,1,GS_3115,10,{'3.5': 10},3.5,GS_3115_1.jpg;GS_3115_10.jpg;GS_3115_2.jpg,singleton_passage,train
GS_burst_2345,GS_Gansu,1,GS_3116,6,{'3.5': 6},3.5,GS_3116_1.jpg;GS_3116_2.jpg;GS_3116_3.jpg,singleton_passage,train
GS_burst_2346,GS_Gansu,1,GS_3117,11,{'3.75': 11},3.75,GS_3117_1.jpg;GS_3117_10.jpg;GS_3117_11.jpg,singleton_passage,train
GS_burst_2347,GS_Gansu,1,GS_3118,11,{'4.0': 11},4.0,GS_3118_1.jpg;GS_3118_10.jpg;GS_3118_11.jpg,singleton_passage,train
GS_burst_2348,GS_Gansu,1,GS_3119,8,{'4.0': 8},4.0,GS_3119_1.jpg;GS_3119_2.jpg;GS_3119_3.jpg,singleton_passage,test
GS_burst_2349,GS_Gansu,1,GS_312,9,{'3.5': 9},3.5,GS_312_1.jpg;GS_312_2.jpg;GS_312_3.jpg,singleton_passage,train
GS_burst_2350,GS_Gansu,1,GS_3120,11,{'4.0': 11},4.0,GS_3120_1.jpg;GS_3120_10.jpg;GS_3120_11.jpg,singleton_passage,val
GS_burst_2351,GS_Gansu,1,GS_3121,16,{'3.75': 16},3.75,GS_3121_1.jpg;GS_3121_10.jpg;GS_3121_11.jpg,singleton_passage,train
GS_burst_2352,GS_Gansu,1,GS_3122,8,{'4.0': 8},4.0,GS_3122_1.jpg;GS_3122_2.jpg;GS_3122_3.jpg,singleton_passage,test
GS_burst_2353,GS_Gansu,1,GS_3123,9,"{'3.75': 1, '4.0': 8}",4.0,GS_3123_2.jpg;GS_3123_1.jpg;GS_3123_3.jpg,singleton_passage,train
GS_burst_2354,GS_Gansu,1,GS_3124,5,{'3.25': 5},3.25,GS_3124_1.jpg;GS_3124_2.jpg;GS_3124_3.jpg,singleton_passage,train
GS_burst_2355,GS_Gansu,1,GS_3125,5,{'4.0': 5},4.0,GS_3125_1.jpg;GS_3125_2.jpg;GS_3125_3.jpg,singleton_passage,train
GS_burst_2356,GS_Gansu,1,GS_3126,10,{'4.0': 10},4.0,GS_3126_1.jpg;GS_3126_10.jpg;GS_3126_2.jpg,singleton_passage,train
GS_burst_2357,GS_Gansu,1,GS_3127,12,{'4.25': 12},4.25,GS_3127_1.jpg;GS_3127_10.jpg;GS_3127_11.jpg,singleton_passage,val
GS_burst_2358,GS_Gansu,1,GS_3128,8,{'3.75': 8},3.75,GS_3128_1.jpg;GS_3128_2.jpg;GS_3128_3.jpg,singleton_passage,train
GS_burst_2359,GS_Gansu,1,GS_3129,18,{'3.25': 18},3.25,GS_3129_1.jpg;GS_3129_10.jpg;GS_3129_11.jpg,singleton_passage,train
GS_burst_2360,GS_Gansu,1,GS_313,8,{'4.0': 8},4.0,GS_313_1.jpg;GS_313_2.jpg;GS_313_3.jpg,singleton_passage,train
GS_burst_2361,GS_Gansu,1,GS_3130,1,{'3.75': 1},3.75,GS_3130_1.jpg,singleton_passage,val
GS_burst_2362,GS_Gansu,1,GS_3131,8,"{'3.25': 1, '3.5': 7}",3.5,GS_3131_3.jpg;GS_3131_1.jpg;GS_3131_2.jpg,singleton_passage,test
GS_burst_2363,GS_Gansu,1,GS_3132,15,{'3.5': 15},3.5,GS_3132_1.jpg;GS_3132_10.jpg;GS_3132_11.jpg,singleton_passage,train
GS_burst_2364,GS_Gansu,1,GS_3133,13,{'3.75': 13},3.75,GS_3133_1.jpg;GS_3133_10.jpg;GS_3133_11.jpg,singleton_passage,train
GS_burst_2365,GS_Gansu,1,GS_3134,4,{'4.0': 4},4.0,GS_3134_1.jpg;GS_3134_2.jpg;GS_3134_3.jpg,singleton_passage,train
GS_burst_2366,GS_Gansu,1,GS_3135,11,{'4.0': 11},4.0,GS_3135_1.jpg;GS_3135_10.jpg;GS_3135_11.jpg,singleton_passage,val
GS_burst_2367,GS_Gansu,1,GS_3136,10,{'3.75': 10},3.75,GS_3136_1.jpg;GS_3136_10.jpg;GS_3136_2.jpg,singleton_passage,train
GS_burst_2368,GS_Gansu,1,GS_3137,14,{'4.0': 14},4.0,GS_3137_1.jpg;GS_3137_10.jpg;GS_3137_11.jpg,singleton_passage,train
GS_burst_2369,GS_Gansu,1,GS_3138,12,{'4.0': 12},4.0,GS_3138_1.jpg;GS_3138_10.jpg;GS_3138_11.jpg,singleton_passage,test
GS_burst_2370,GS_Gansu,1,GS_3139,7,{'4.0': 7},4.0,GS_3139_1.jpg;GS_3139_2.jpg;GS_3139_3.jpg,singleton_passage,train
GS_burst_2371,GS_Gansu,1,GS_314,8,{'3.75': 8},3.75,GS_314_1.jpg;GS_314_2.jpg;GS_314_3.jpg,singleton_passage,train
GS_burst_2372,GS_Gansu,1,GS_3140,22,{'3.5': 22},3.5,GS_3140_1.jpg;GS_3140_10.jpg;GS_3140_11.jpg,singleton_passage,train
GS_burst_2373,GS_Gansu,1,GS_3141,16,{'3.25': 16},3.25,GS_3141_1.jpg;GS_3141_10.jpg;GS_3141_11.jpg,singleton_passage,train
GS_burst_2374,GS_Gansu,1,GS_3142,8,{'4.25': 8},4.25,GS_3142_1.jpg;GS_3142_2.jpg;GS_3142_3.jpg,singleton_passage,test
GS_burst_2375,GS_Gansu,1,GS_3143,9,{'3.25': 9},3.25,GS_3143_1.jpg;GS_3143_2.jpg;GS_3143_3.jpg,singleton_passage,train
GS_burst_2376,GS_Gansu,1,GS_3144,11,{'3.5': 11},3.5,GS_3144_1.jpg;GS_3144_10.jpg;GS_3144_11.jpg,singleton_passage,train
GS_burst_2377,GS_Gansu,1,GS_3145,15,{'3.25': 15},3.25,GS_3145_1.jpg;GS_3145_10.jpg;GS_3145_11.jpg,singleton_passage,test
GS_burst_2378,GS_Gansu,1,GS_3146,9,"{'4.0': 8, '4.25': 1}",4.0,GS_3146_2.jpg;GS_3146_3.jpg;GS_3146_4.jpg,singleton_passage,train
GS_burst_2379,GS_Gansu,1,GS_3147,13,{'4.0': 13},4.0,GS_3147_1.jpg;GS_3147_10.jpg;GS_3147_11.jpg,singleton_passage,train
GS_burst_2380,GS_Gansu,1,GS_3148,8,{'3.5': 8},3.5,GS_3148_1.jpg;GS_3148_2.jpg;GS_3148_3.jpg,singleton_passage,test
GS_burst_2381,GS_Gansu,1,GS_3149,12,{'4.0': 12},4.0,GS_3149_1.jpg;GS_3149_10.jpg;GS_3149_11.jpg,singleton_passage,train
GS_burst_2382,GS_Gansu,1,GS_315,16,{'4.0': 16},4.0,GS_315_1.jpg;GS_315_10.jpg;GS_315_11.jpg,singleton_passage,test
GS_burst_2383,GS_Gansu,1,GS_3150,14,{'3.5': 14},3.5,GS_3150_1.jpg;GS_3150_10.jpg;GS_3150_11.jpg,singleton_passage,train
GS_burst_2384,GS_Gansu,1,GS_3151,15,{'3.75': 15},3.75,GS_3151_1.jpg;GS_3151_10.jpg;GS_3151_11.jpg,singleton_passage,train
GS_burst_2385,GS_Gansu,1,GS_3152,15,{'4.25': 15},4.25,GS_3152_1.jpg;GS_3152_10.jpg;GS_3152_11.jpg,singleton_passage,val
GS_burst_2386,GS_Gansu,1,GS_3153,6,{'3.25': 6},3.25,GS_3153_1.jpg;GS_3153_2.jpg;GS_3153_3.jpg,singleton_passage,val
GS_burst_2387,GS_Gansu,1,GS_3154,12,{'3.75': 12},3.75,GS_3154_1.jpg;GS_3154_10.jpg;GS_3154_11.jpg,singleton_passage,train
GS_burst_2388,GS_Gansu,1,GS_3155,6,{'3.75': 6},3.75,GS_3155_1.jpg;GS_3155_2.jpg;GS_3155_3.jpg,singleton_passage,train
GS_burst_2389,GS_Gansu,1,GS_3156,3,{'4.0': 3},4.0,GS_3156_1.jpg;GS_3156_2.jpg;GS_3156_3.jpg,singleton_passage,test
GS_burst_2390,GS_Gansu,1,GS_3157,2,{'3.75': 2},3.75,GS_3157_1.jpg;GS_3157_2.jpg,singleton_passage,test
GS_burst_2391,GS_Gansu,1,GS_3158,11,{'3.75': 11},3.75,GS_3158_1.jpg;GS_3158_10.jpg;GS_3158_11.jpg,singleton_passage,val
GS_burst_2392,GS_Gansu,1,GS_3159,10,{'3.75': 10},3.75,GS_3159_1.jpg;GS_3159_10.jpg;GS_3159_2.jpg,singleton_passage,test
GS_burst_2393,GS_Gansu,1,GS_316,12,{'4.25': 12},4.25,GS_316_1.jpg;GS_316_10.jpg;GS_316_11.jpg,singleton_passage,train
GS_burst_2394,GS_Gansu,1,GS_3160,10,{'4.0': 10},4.0,GS_3160_1.jpg;GS_3160_10.jpg;GS_3160_2.jpg,singleton_passage,train
GS_burst_2395,GS_Gansu,1,GS_3161,17,{'3.75': 17},3.75,GS_3161_1.jpg;GS_3161_10.jpg;GS_3161_11.jpg,singleton_passage,test
GS_burst_2396,GS_Gansu,1,GS_3162,15,{'3.25': 15},3.25,GS_3162_1.jpg;GS_3162_10.jpg;GS_3162_11.jpg,singleton_passage,train
GS_burst_2397,GS_Gansu,1,GS_3163,11,{'3.75': 11},3.75,GS_3163_1.jpg;GS_3163_10.jpg;GS_3163_11.jpg,singleton_passage,test
GS_burst_2398,GS_Gansu,1,GS_3164,20,{'4.25': 20},4.25,GS_3164_1.jpg;GS_3164_10.jpg;GS_3164_11.jpg,singleton_passage,train
GS_burst_2399,GS_Gansu,1,GS_3165,21,{'4.25': 21},4.25,GS_3165_1.jpg;GS_3165_10.jpg;GS_3165_11.jpg,singleton_passage,test
GS_burst_2400,GS_Gansu,1,GS_3166,6,{'3.25': 6},3.25,GS_3166_1.jpg;GS_3166_2.jpg;GS_3166_3.jpg,singleton_passage,train
GS_burst_2401,GS_Gansu,1,GS_3167,15,{'3.5': 15},3.5,GS_3167_1.jpg;GS_3167_10.jpg;GS_3167_11.jpg,singleton_passage,train
GS_burst_2402,GS_Gansu,1,GS_3168,10,{'3.75': 10},3.75,GS_3168_1.jpg;GS_3168_10.jpg;GS_3168_2.jpg,singleton_passage,train
GS_burst_2403,GS_Gansu,1,GS_3169,6,{'4.0': 6},4.0,GS_3169_1.jpg;GS_3169_2.jpg;GS_3169_3.jpg,singleton_passage,train
GS_burst_2404,GS_Gansu,1,GS_317,20,{'3.75': 20},3.75,GS_317_1.jpg;GS_317_10.jpg;GS_317_11.jpg,singleton_passage,train
GS_burst_2405,GS_Gansu,1,GS_3170,14,{'3.5': 14},3.5,GS_3170_1.jpg;GS_3170_10.jpg;GS_3170_11.jpg,singleton_passage,test
GS_burst_2406,GS_Gansu,1,GS_3171,11,{'4.0': 11},4.0,GS_3171_1.jpg;GS_3171_10.jpg;GS_3171_11.jpg,singleton_passage,test
GS_burst_2407,GS_Gansu,1,GS_3172,19,{'3.75': 19},3.75,GS_3172_1.jpg;GS_3172_10.jpg;GS_3172_11.jpg,singleton_passage,train
GS_burst_2408,GS_Gansu,1,GS_3173,9,{'3.75': 9},3.75,GS_3173_1.jpg;GS_3173_2.jpg;GS_3173_3.jpg,singleton_passage,train
GS_burst_2409,GS_Gansu,1,GS_3174,11,{'3.25': 11},3.25,GS_3174_1.jpg;GS_3174_10.jpg;GS_3174_11.jpg,singleton_passage,train
GS_burst_2410,GS_Gansu,1,GS_3175,11,{'3.75': 11},3.75,GS_3175_1.jpg;GS_3175_10.jpg;GS_3175_11.jpg,singleton_passage,val
GS_burst_2411,GS_Gansu,1,GS_3176,15,{'3.75': 15},3.75,GS_3176_1.jpg;GS_3176_10.jpg;GS_3176_11.jpg,singleton_passage,train
GS_burst_2412,GS_Gansu,1,GS_3177,11,{'4.0': 11},4.0,GS_3177_1.jpg;GS_3177_10.jpg;GS_3177_11.jpg,singleton_passage,train
GS_burst_2413,GS_Gansu,1,GS_3178,16,{'3.5': 16},3.5,GS_3178_1.jpg;GS_3178_10.jpg;GS_3178_11.jpg,singleton_passage,train
GS_burst_2414,GS_Gansu,1,GS_3179,16,{'4.0': 16},4.0,GS_3179_1.jpg;GS_3179_10.jpg;GS_3179_11.jpg,singleton_passage,train
GS_burst_2415,GS_Gansu,1,GS_318,27,{'4.0': 27},4.0,GS_318_1.jpg;GS_318_10.jpg;GS_318_11.jpg,singleton_passage,test
GS_burst_2416,GS_Gansu,1,GS_3180,6,{'4.0': 6},4.0,GS_3180_1.jpg;GS_3180_2.jpg;GS_3180_3.jpg,singleton_passage,train
GS_burst_2417,GS_Gansu,1,GS_3181,10,{'3.5': 10},3.5,GS_3181_1.jpg;GS_3181_10.jpg;GS_3181_2.jpg,singleton_passage,test
GS_burst_2418,GS_Gansu,1,GS_3182,13,{'3.25': 13},3.25,GS_3182_1.jpg;GS_3182_10.jpg;GS_3182_11.jpg,singleton_passage,train
GS_burst_2419,GS_Gansu,1,GS_3183,9,{'3.5': 9},3.5,GS_3183_1.jpg;GS_3183_2.jpg;GS_3183_3.jpg,singleton_passage,val
GS_burst_2420,GS_Gansu,1,GS_3184,15,{'4.0': 15},4.0,GS_3184_1.jpg;GS_3184_10.jpg;GS_3184_11.jpg,singleton_passage,val
GS_burst_2421,GS_Gansu,1,GS_3185,5,{'3.5': 5},3.5,GS_3185_1.jpg;GS_3185_2.jpg;GS_3185_3.jpg,singleton_passage,train
GS_burst_2422,GS_Gansu,1,GS_3186,10,{'3.75': 10},3.75,GS_3186_1.jpg;GS_3186_10.jpg;GS_3186_2.jpg,singleton_passage,train
GS_burst_2423,GS_Gansu,1,GS_3187,10,{'3.5': 10},3.5,GS_3187_1.jpg;GS_3187_10.jpg;GS_3187_2.jpg,singleton_passage,train
GS_burst_2424,GS_Gansu,1,GS_3188,11,{'3.25': 11},3.25,GS_3188_1.jpg;GS_3188_10.jpg;GS_3188_11.jpg,singleton_passage,train
GS_burst_2425,GS_Gansu,1,GS_3189,7,"{'3.75': 3, '4.0': 4}",4.0,GS_3189_1.jpg;GS_3189_2.jpg;GS_3189_3.jpg,singleton_passage,train
GS_burst_2426,GS_Gansu,1,GS_319,10,{'3.5': 10},3.5,GS_319_1.jpg;GS_319_10.jpg;GS_319_2.jpg,singleton_passage,train
GS_burst_2427,GS_Gansu,1,GS_3190,8,{'4.25': 8},4.25,GS_3190_1.jpg;GS_3190_2.jpg;GS_3190_3.jpg,singleton_passage,train
GS_burst_2428,GS_Gansu,1,GS_3191,13,{'3.75': 13},3.75,GS_3191_1.jpg;GS_3191_10.jpg;GS_3191_11.jpg,singleton_passage,test
GS_burst_2429,GS_Gansu,1,GS_3192,17,{'3.5': 17},3.5,GS_3192_1.jpg;GS_3192_10.jpg;GS_3192_11.jpg,singleton_passage,train
GS_burst_2430,GS_Gansu,1,GS_3193,6,{'4.0': 6},4.0,GS_3193_1.jpg;GS_3193_2.jpg;GS_3193_3.jpg,singleton_passage,train
GS_burst_2431,GS_Gansu,1,GS_3194,6,{'3.75': 6},3.75,GS_3194_1.jpg;GS_3194_2.jpg;GS_3194_3.jpg,singleton_passage,test
GS_burst_2432,GS_Gansu,1,GS_3195,8,{'3.75': 8},3.75,GS_3195_1.jpg;GS_3195_2.jpg;GS_3195_3.jpg,singleton_passage,train
GS_burst_2433,GS_Gansu,1,GS_3196,15,{'3.75': 15},3.75,GS_3196_1.jpg;GS_3196_10.jpg;GS_3196_11.jpg,singleton_passage,train
GS_burst_2434,GS_Gansu,1,GS_3197,8,{'4.0': 8},4.0,GS_3197_1.jpg;GS_3197_2.jpg;GS_3197_3.jpg,singleton_passage,train
GS_burst_2435,GS_Gansu,1,GS_3198,14,{'4.25': 14},4.25,GS_3198_1.jpg;GS_3198_10.jpg;GS_3198_11.jpg,singleton_passage,train
GS_burst_2436,GS_Gansu,1,GS_3199,11,{'4.0': 11},4.0,GS_3199_1.jpg;GS_3199_10.jpg;GS_3199_11.jpg,singleton_passage,val
GS_burst_2437,GS_Gansu,1,GS_32,11,{'4.0': 11},4.0,GS_32_1.jpg;GS_32_10.jpg;GS_32_11.jpg,singleton_passage,train
GS_burst_2438,GS_Gansu,1,GS_320,12,{'4.25': 12},4.25,GS_320_1.jpg;GS_320_10.jpg;GS_320_11.jpg,singleton_passage,val
GS_burst_2439,GS_Gansu,1,GS_3200,11,{'3.75': 11},3.75,GS_3200_1.jpg;GS_3200_10.jpg;GS_3200_11.jpg,singleton_passage,val
GS_burst_2440,GS_Gansu,1,GS_3201,15,{'4.0': 15},4.0,GS_3201_1.jpg;GS_3201_10.jpg;GS_3201_11.jpg,singleton_passage,train
GS_burst_2441,GS_Gansu,1,GS_3202,7,{'3.75': 7},3.75,GS_3202_1.jpg;GS_3202_2.jpg;GS_3202_3.jpg,singleton_passage,train
GS_burst_2442,GS_Gansu,1,GS_3203,17,{'3.25': 17},3.25,GS_3203_1.jpg;GS_3203_10.jpg;GS_3203_11.jpg,singleton_passage,test
GS_burst_2443,GS_Gansu,1,GS_3204,11,{'3.75': 11},3.75,GS_3204_1.jpg;GS_3204_10.jpg;GS_3204_11.jpg,singleton_passage,train
GS_burst_2444,GS_Gansu,1,GS_3205,6,{'3.5': 6},3.5,GS_3205_1.jpg;GS_3205_2.jpg;GS_3205_3.jpg,singleton_passage,train
GS_burst_2445,GS_Gansu,1,GS_3206,16,{'3.25': 16},3.25,GS_3206_1.jpg;GS_3206_10.jpg;GS_3206_11.jpg,singleton_passage,train
GS_burst_2446,GS_Gansu,1,GS_3207,14,{'3.75': 14},3.75,GS_3207_1.jpg;GS_3207_10.jpg;GS_3207_11.jpg,singleton_passage,train
GS_burst_2447,GS_Gansu,1,GS_3208,13,{'3.5': 13},3.5,GS_3208_1.jpg;GS_3208_10.jpg;GS_3208_11.jpg,singleton_passage,train
GS_burst_2448,GS_Gansu,1,GS_3209,10,{'3.75': 10},3.75,GS_3209_1.jpg;GS_3209_10.jpg;GS_3209_2.jpg,singleton_passage,train
GS_burst_2449,GS_Gansu,1,GS_321,30,{'3.75': 30},3.75,GS_321_1.jpg;GS_321_10.jpg;GS_321_11.jpg,singleton_passage,val
GS_burst_2450,GS_Gansu,1,GS_3210,13,{'4.0': 13},4.0,GS_3210_1.jpg;GS_3210_10.jpg;GS_3210_11.jpg,singleton_passage,test
GS_burst_2451,GS_Gansu,1,GS_3211,9,{'3.75': 9},3.75,GS_3211_1.jpg;GS_3211_2.jpg;GS_3211_3.jpg,singleton_passage,train
GS_burst_2452,GS_Gansu,1,GS_3212,15,{'3.5': 15},3.5,GS_3212_1.jpg;GS_3212_10.jpg;GS_3212_11.jpg,singleton_passage,train
GS_burst_2453,GS_Gansu,1,GS_3213,6,{'4.25': 6},4.25,GS_3213_1.jpg;GS_3213_2.jpg;GS_3213_3.jpg,singleton_passage,val
GS_burst_2454,GS_Gansu,1,GS_3214,2,{'4.0': 2},4.0,GS_3214_1.jpg;GS_3214_2.jpg,singleton_passage,train
GS_burst_2455,GS_Gansu,1,GS_3215,9,{'3.75': 9},3.75,GS_3215_1.jpg;GS_3215_2.jpg;GS_3215_3.jpg,singleton_passage,train
GS_burst_2456,GS_Gansu,1,GS_3216,12,{'3.75': 12},3.75,GS_3216_1.jpg;GS_3216_10.jpg;GS_3216_11.jpg,singleton_passage,val
GS_burst_2457,GS_Gansu,1,GS_3217,19,{'3.75': 19},3.75,GS_3217_1.jpg;GS_3217_10.jpg;GS_3217_11.jpg,singleton_passage,val
GS_burst_2458,GS_Gansu,1,GS_3218,11,{'4.0': 11},4.0,GS_3218_1.jpg;GS_3218_10.jpg;GS_3218_11.jpg,singleton_passage,train
GS_burst_2459,GS_Gansu,1,GS_3219,9,{'3.75': 9},3.75,GS_3219_1.jpg;GS_3219_2.jpg;GS_3219_3.jpg,singleton_passage,test
GS_burst_2460,GS_Gansu,1,GS_322,8,{'3.75': 8},3.75,GS_322_1.jpg;GS_322_2.jpg;GS_322_3.jpg,singleton_passage,train
GS_burst_2461,GS_Gansu,1,GS_3220,12,{'4.0': 12},4.0,GS_3220_1.jpg;GS_3220_10.jpg;GS_3220_11.jpg,singleton_passage,train
GS_burst_2462,GS_Gansu,1,GS_3221,14,{'4.0': 14},4.0,GS_3221_1.jpg;GS_3221_10.jpg;GS_3221_11.jpg,singleton_passage,train
GS_burst_2463,GS_Gansu,1,GS_3222,8,{'4.25': 8},4.25,GS_3222_1.jpg;GS_3222_2.jpg;GS_3222_3.jpg,singleton_passage,test
GS_burst_2464,GS_Gansu,1,GS_3223,8,{'4.0': 8},4.0,GS_3223_1.jpg;GS_3223_2.jpg;GS_3223_3.jpg,singleton_passage,test
GS_burst_2465,GS_Gansu,1,GS_3224,15,{'3.5': 15},3.5,GS_3224_1.jpg;GS_3224_10.jpg;GS_3224_11.jpg,singleton_passage,train
GS_burst_2466,GS_Gansu,1,GS_3225,11,{'3.75': 11},3.75,GS_3225_1.jpg;GS_3225_10.jpg;GS_3225_11.jpg,singleton_passage,train
GS_burst_2467,GS_Gansu,1,GS_3226,9,{'3.75': 9},3.75,GS_3226_1.jpg;GS_3226_2.jpg;GS_3226_3.jpg,singleton_passage,train
GS_burst_2468,GS_Gansu,1,GS_3227,6,{'3.25': 6},3.25,GS_3227_1.jpg;GS_3227_2.jpg;GS_3227_3.jpg,singleton_passage,train
GS_burst_2469,GS_Gansu,1,GS_3228,8,{'4.0': 8},4.0,GS_3228_1.jpg;GS_3228_2.jpg;GS_3228_3.jpg,singleton_passage,val
GS_burst_2470,GS_Gansu,1,GS_3229,12,{'3.75': 12},3.75,GS_3229_1.jpg;GS_3229_10.jpg;GS_3229_11.jpg,singleton_passage,val
GS_burst_2471,GS_Gansu,1,GS_323,18,{'4.25': 18},4.25,GS_323_1.jpg;GS_323_10.jpg;GS_323_11.jpg,singleton_passage,val
GS_burst_2472,GS_Gansu,1,GS_3230,13,{'3.75': 13},3.75,GS_3230_1.jpg;GS_3230_10.jpg;GS_3230_11.jpg,singleton_passage,val
GS_burst_2473,GS_Gansu,1,GS_3231,10,{'3.5': 10},3.5,GS_3231_1.jpg;GS_3231_10.jpg;GS_3231_2.jpg,singleton_passage,train
GS_burst_2474,GS_Gansu,1,GS_3232,12,{'3.75': 12},3.75,GS_3232_1.jpg;GS_3232_10.jpg;GS_3232_11.jpg,singleton_passage,test
GS_burst_2475,GS_Gansu,1,GS_3233,16,{'3.75': 16},3.75,GS_3233_1.jpg;GS_3233_10.jpg;GS_3233_11.jpg,singleton_passage,train
GS_burst_2476,GS_Gansu,1,GS_3234,8,{'3.5': 8},3.5,GS_3234_1.jpg;GS_3234_2.jpg;GS_3234_3.jpg,singleton_passage,val
GS_burst_2477,GS_Gansu,1,GS_3235,8,{'3.5': 8},3.5,GS_3235_1.jpg;GS_3235_2.jpg;GS_3235_3.jpg,singleton_passage,train
GS_burst_2478,GS_Gansu,1,GS_3236,8,{'3.5': 8},3.5,GS_3236_1.jpg;GS_3236_2.jpg;GS_3236_3.jpg,singleton_passage,train
GS_burst_2479,GS_Gansu,1,GS_3237,8,{'3.75': 8},3.75,GS_3237_1.jpg;GS_3237_2.jpg;GS_3237_3.jpg,singleton_passage,train
GS_burst_2480,GS_Gansu,1,GS_3238,13,{'4.0': 13},4.0,GS_3238_1.jpg;GS_3238_10.jpg;GS_3238_11.jpg,singleton_passage,val
GS_burst_2481,GS_Gansu,1,GS_3239,19,{'3.75': 19},3.75,GS_3239_1.jpg;GS_3239_10.jpg;GS_3239_11.jpg,singleton_passage,train
GS_burst_2482,GS_Gansu,1,GS_324,11,{'3.75': 11},3.75,GS_324_1.jpg;GS_324_10.jpg;GS_324_11.jpg,singleton_passage,test
GS_burst_2483,GS_Gansu,1,GS_3240,11,{'3.5': 11},3.5,GS_3240_1.jpg;GS_3240_10.jpg;GS_3240_11.jpg,singleton_passage,val
GS_burst_2484,GS_Gansu,1,GS_3241,16,{'3.75': 16},3.75,GS_3241_1.jpg;GS_3241_10.jpg;GS_3241_11.jpg,singleton_passage,train
GS_burst_2485,GS_Gansu,1,GS_3242,13,{'3.5': 13},3.5,GS_3242_1.jpg;GS_3242_10.jpg;GS_3242_11.jpg,singleton_passage,train
GS_burst_2486,GS_Gansu,1,GS_3243,9,{'3.25': 9},3.25,GS_3243_1.jpg;GS_3243_2.jpg;GS_3243_3.jpg,singleton_passage,train
GS_burst_2487,GS_Gansu,1,GS_3244,9,{'3.75': 9},3.75,GS_3244_1.jpg;GS_3244_2.jpg;GS_3244_3.jpg,singleton_passage,val
GS_burst_2488,GS_Gansu,1,GS_3245,15,{'3.75': 15},3.75,GS_3245_1.jpg;GS_3245_10.jpg;GS_3245_11.jpg,singleton_passage,train
GS_burst_2489,GS_Gansu,1,GS_3246,17,{'3.5': 17},3.5,GS_3246_1.jpg;GS_3246_10.jpg;GS_3246_11.jpg,singleton_passage,train
GS_burst_2490,GS_Gansu,1,GS_3247,10,"{'3.25': 1, '3.5': 9}",3.5,GS_3247_1.jpg;GS_3247_10.jpg;GS_3247_2.jpg,singleton_passage,train
GS_burst_2491,GS_Gansu,1,GS_3248,8,{'3.5': 8},3.5,GS_3248_1.jpg;GS_3248_2.jpg;GS_3248_3.jpg,singleton_passage,train
GS_burst_2492,GS_Gansu,1,GS_3249,6,{'3.75': 6},3.75,GS_3249_1.jpg;GS_3249_2.jpg;GS_3249_3.jpg,singleton_passage,train
GS_burst_2493,GS_Gansu,1,GS_325,9,{'3.75': 9},3.75,GS_325_1.jpg;GS_325_2.jpg;GS_325_3.jpg,singleton_passage,val
GS_burst_2494,GS_Gansu,1,GS_3250,20,{'3.75': 20},3.75,GS_3250_1.jpg;GS_3250_10.jpg;GS_3250_11.jpg,singleton_passage,train
GS_burst_2495,GS_Gansu,1,GS_3251,7,{'3.5': 7},3.5,GS_3251_1.jpg;GS_3251_2.jpg;GS_3251_3.jpg,singleton_passage,test
GS_burst_2496,GS_Gansu,1,GS_3252,5,{'3.75': 5},3.75,GS_3252_1.jpg;GS_3252_2.jpg;GS_3252_3.jpg,singleton_passage,train
GS_burst_2497,GS_Gansu,1,GS_3253,11,{'3.75': 11},3.75,GS_3253_1.jpg;GS_3253_10.jpg;GS_3253_11.jpg,singleton_passage,train
GS_burst_2498,GS_Gansu,1,GS_3254,11,{'3.75': 11},3.75,GS_3254_1.jpg;GS_3254_10.jpg;GS_3254_11.jpg,singleton_passage,train
GS_burst_2499,GS_Gansu,1,GS_3255,8,{'3.25': 8},3.25,GS_3255_1.jpg;GS_3255_2.jpg;GS_3255_3.jpg,singleton_passage,test
GS_burst_2500,GS_Gansu,1,GS_3256,9,{'4.0': 9},4.0,GS_3256_1.jpg;GS_3256_2.jpg;GS_3256_3.jpg,singleton_passage,train
GS_burst_2501,GS_Gansu,1,GS_3257,12,{'4.0': 12},4.0,GS_3257_1.jpg;GS_3257_10.jpg;GS_3257_11.jpg,singleton_passage,train
GS_burst_2502,GS_Gansu,1,GS_3258,7,{'3.5': 7},3.5,GS_3258_1.jpg;GS_3258_2.jpg;GS_3258_3.jpg,singleton_passage,val
GS_burst_2503,GS_Gansu,1,GS_3259,11,{'4.0': 11},4.0,GS_3259_1.jpg;GS_3259_10.jpg;GS_3259_11.jpg,singleton_passage,val
GS_burst_2504,GS_Gansu,1,GS_326,7,{'3.5': 7},3.5,GS_326_1.jpg;GS_326_2.jpg;GS_326_3.jpg,singleton_passage,val
GS_burst_2505,GS_Gansu,1,GS_3260,6,{'4.0': 6},4.0,GS_3260_1.jpg;GS_3260_2.jpg;GS_3260_3.jpg,singleton_passage,train
GS_burst_2506,GS_Gansu,1,GS_3261,17,{'3.25': 17},3.25,GS_3261_1.jpg;GS_3261_10.jpg;GS_3261_11.jpg,singleton_passage,train
GS_burst_2507,GS_Gansu,1,GS_3262,7,{'3.75': 7},3.75,GS_3262_1.jpg;GS_3262_2.jpg;GS_3262_3.jpg,singleton_passage,train
GS_burst_2508,GS_Gansu,1,GS_3263,8,{'3.25': 8},3.25,GS_3263_1.jpg;GS_3263_2.jpg;GS_3263_3.jpg,singleton_passage,test
GS_burst_2509,GS_Gansu,1,GS_3264,9,{'3.75': 9},3.75,GS_3264_1.jpg;GS_3264_2.jpg;GS_3264_3.jpg,singleton_passage,train
GS_burst_2510,GS_Gansu,1,GS_3265,13,{'3.75': 13},3.75,GS_3265_1.jpg;GS_3265_10.jpg;GS_3265_11.jpg,singleton_passage,train
GS_burst_2511,GS_Gansu,1,GS_3266,7,{'4.0': 7},4.0,GS_3266_1.jpg;GS_3266_2.jpg;GS_3266_3.jpg,singleton_passage,train
GS_burst_2512,GS_Gansu,1,GS_3267,10,{'3.75': 10},3.75,GS_3267_1.jpg;GS_3267_10.jpg;GS_3267_2.jpg,singleton_passage,train
GS_burst_2513,GS_Gansu,1,GS_3268,19,{'3.5': 19},3.5,GS_3268_1.jpg;GS_3268_10.jpg;GS_3268_11.jpg,singleton_passage,train
GS_burst_2514,GS_Gansu,1,GS_3269,8,{'3.5': 8},3.5,GS_3269_1.jpg;GS_3269_2.jpg;GS_3269_3.jpg,singleton_passage,val
GS_burst_2515,GS_Gansu,1,GS_327,9,{'3.75': 9},3.75,GS_327_1.jpg;GS_327_2.jpg;GS_327_3.jpg,singleton_passage,val
GS_burst_2516,GS_Gansu,1,GS_3270,4,{'3.5': 4},3.5,GS_3270_1.jpg;GS_3270_2.jpg;GS_3270_3.jpg,singleton_passage,train
GS_burst_2517,GS_Gansu,1,GS_3271,7,{'3.75': 7},3.75,GS_3271_1.jpg;GS_3271_2.jpg;GS_3271_3.jpg,singleton_passage,train
GS_burst_2518,GS_Gansu,1,GS_3272,19,{'3.5': 19},3.5,GS_3272_1.jpg;GS_3272_10.jpg;GS_3272_11.jpg,singleton_passage,train
GS_burst_2519,GS_Gansu,1,GS_3273,7,{'3.5': 7},3.5,GS_3273_1.jpg;GS_3273_2.jpg;GS_3273_3.jpg,singleton_passage,train
GS_burst_2520,GS_Gansu,1,GS_3274,7,{'4.0': 7},4.0,GS_3274_1.jpg;GS_3274_2.jpg;GS_3274_3.jpg,singleton_passage,test
GS_burst_2521,GS_Gansu,1,GS_3275,6,{'3.5': 6},3.5,GS_3275_1.jpg;GS_3275_2.jpg;GS_3275_3.jpg,singleton_passage,val
GS_burst_2522,GS_Gansu,1,GS_3276,10,{'3.5': 10},3.5,GS_3276_1.jpg;GS_3276_10.jpg;GS_3276_2.jpg,singleton_passage,train
GS_burst_2523,GS_Gansu,1,GS_3277,12,{'3.25': 12},3.25,GS_3277_1.jpg;GS_3277_10.jpg;GS_3277_11.jpg,singleton_passage,train
GS_burst_2524,GS_Gansu,1,GS_3278,6,{'4.0': 6},4.0,GS_3278_1.jpg;GS_3278_2.jpg;GS_3278_3.jpg,singleton_passage,train
GS_burst_2525,GS_Gansu,1,GS_3279,11,{'3.75': 11},3.75,GS_3279_1.jpg;GS_3279_10.jpg;GS_3279_11.jpg,singleton_passage,test
GS_burst_2526,GS_Gansu,1,GS_328,11,{'4.0': 11},4.0,GS_328_1.jpg;GS_328_10.jpg;GS_328_11.jpg,singleton_passage,test
GS_burst_2527,GS_Gansu,1,GS_3280,8,{'4.0': 8},4.0,GS_3280_1.jpg;GS_3280_2.jpg;GS_3280_3.jpg,singleton_passage,train
GS_burst_2528,GS_Gansu,1,GS_3281,7,{'3.5': 7},3.5,GS_3281_1.jpg;GS_3281_2.jpg;GS_3281_3.jpg,singleton_passage,test
GS_burst_2529,GS_Gansu,1,GS_3282,11,{'4.0': 11},4.0,GS_3282_1.jpg;GS_3282_10.jpg;GS_3282_11.jpg,singleton_passage,train
GS_burst_2530,GS_Gansu,1,GS_3283,7,{'4.25': 7},4.25,GS_3283_1.jpg;GS_3283_2.jpg;GS_3283_3.jpg,singleton_passage,train
GS_burst_2531,GS_Gansu,1,GS_3284,9,"{'3.75': 6, '4.0': 3}",3.75,GS_3284_4.jpg;GS_3284_5.jpg;GS_3284_6.jpg,singleton_passage,train
GS_burst_2532,GS_Gansu,1,GS_3285,7,{'3.75': 7},3.75,GS_3285_1.jpg;GS_3285_2.jpg;GS_3285_3.jpg,singleton_passage,train
GS_burst_2533,GS_Gansu,1,GS_3286,8,{'3.75': 8},3.75,GS_3286_1.jpg;GS_3286_2.jpg;GS_3286_3.jpg,singleton_passage,test
GS_burst_2534,GS_Gansu,1,GS_3287,9,{'3.75': 9},3.75,GS_3287_1.jpg;GS_3287_2.jpg;GS_3287_3.jpg,singleton_passage,test
GS_burst_2535,GS_Gansu,1,GS_3288,11,{'3.5': 11},3.5,GS_3288_1.jpg;GS_3288_10.jpg;GS_3288_11.jpg,singleton_passage,train
GS_burst_2536,GS_Gansu,1,GS_3289,4,{'4.25': 4},4.25,GS_3289_1.jpg;GS_3289_2.jpg;GS_3289_3.jpg,singleton_passage,train
GS_burst_2537,GS_Gansu,1,GS_329,10,{'3.5': 10},3.5,GS_329_1.jpg;GS_329_10.jpg;GS_329_2.jpg,singleton_passage,train
GS_burst_2538,GS_Gansu,1,GS_3290,5,{'3.5': 5},3.5,GS_3290_1.jpg;GS_3290_2.jpg;GS_3290_3.jpg,singleton_passage,train
GS_burst_2539,GS_Gansu,1,GS_3291,7,{'4.0': 7},4.0,GS_3291_1.jpg;GS_3291_2.jpg;GS_3291_3.jpg,singleton_passage,train
GS_burst_2540,GS_Gansu,1,GS_3292,10,{'3.75': 10},3.75,GS_3292_1.jpg;GS_3292_10.jpg;GS_3292_2.jpg,singleton_passage,train
GS_burst_2541,GS_Gansu,1,GS_3293,8,{'3.75': 8},3.75,GS_3293_1.jpg;GS_3293_2.jpg;GS_3293_3.jpg,singleton_passage,train
GS_burst_2542,GS_Gansu,1,GS_3294,14,{'3.75': 14},3.75,GS_3294_1.jpg;GS_3294_10.jpg;GS_3294_11.jpg,singleton_passage,test
GS_burst_2543,GS_Gansu,1,GS_3295,6,{'3.25': 6},3.25,GS_3295_1.jpg;GS_3295_2.jpg;GS_3295_3.jpg,singleton_passage,train
GS_burst_2544,GS_Gansu,1,GS_3296,11,{'3.75': 11},3.75,GS_3296_1.jpg;GS_3296_10.jpg;GS_3296_11.jpg,singleton_passage,val
GS_burst_2545,GS_Gansu,1,GS_3297,4,{'3.75': 4},3.75,GS_3297_1.jpg;GS_3297_2.jpg;GS_3297_3.jpg,singleton_passage,train
GS_burst_2546,GS_Gansu,1,GS_3298,4,{'3.75': 4},3.75,GS_3298_1.jpg;GS_3298_2.jpg;GS_3298_3.jpg,singleton_passage,test
GS_burst_2547,GS_Gansu,1,GS_3299,12,{'3.5': 12},3.5,GS_3299_1.jpg;GS_3299_10.jpg;GS_3299_11.jpg,singleton_passage,train
GS_burst_2548,GS_Gansu,1,GS_33,6,{'4.0': 6},4.0,GS_33_1.jpg;GS_33_2.jpg;GS_33_3.jpg,singleton_passage,val
GS_burst_2549,GS_Gansu,1,GS_330,9,{'4.25': 9},4.25,GS_330_1.jpg;GS_330_2.jpg;GS_330_3.jpg,singleton_passage,train
GS_burst_2550,GS_Gansu,1,GS_3300,12,{'3.5': 12},3.5,GS_3300_1.jpg;GS_3300_10.jpg;GS_3300_11.jpg,singleton_passage,train
GS_burst_2551,GS_Gansu,1,GS_3301,10,{'3.5': 10},3.5,GS_3301_1.jpg;GS_3301_10.jpg;GS_3301_2.jpg,singleton_passage,test
GS_burst_2552,GS_Gansu,1,GS_3302,9,{'3.5': 9},3.5,GS_3302_1.jpg;GS_3302_2.jpg;GS_3302_3.jpg,singleton_passage,train
GS_burst_2553,GS_Gansu,1,GS_3303,13,{'3.5': 13},3.5,GS_3303_1.jpg;GS_3303_10.jpg;GS_3303_11.jpg,singleton_passage,train
GS_burst_2554,GS_Gansu,1,GS_3304,9,{'3.5': 9},3.5,GS_3304_1.jpg;GS_3304_2.jpg;GS_3304_3.jpg,singleton_passage,test
GS_burst_2555,GS_Gansu,1,GS_3305,13,{'4.0': 13},4.0,GS_3305_1.jpg;GS_3305_10.jpg;GS_3305_11.jpg,singleton_passage,train
GS_burst_2556,GS_Gansu,1,GS_3306,11,{'3.25': 11},3.25,GS_3306_1.jpg;GS_3306_10.jpg;GS_3306_11.jpg,singleton_passage,train
GS_burst_2557,GS_Gansu,1,GS_3307,7,{'3.25': 7},3.25,GS_3307_1.jpg;GS_3307_2.jpg;GS_3307_3.jpg,singleton_passage,train
GS_burst_2558,GS_Gansu,1,GS_3308,4,{'3.75': 4},3.75,GS_3308_1.jpg;GS_3308_2.jpg;GS_3308_3.jpg,singleton_passage,train
GS_burst_2559,GS_Gansu,1,GS_3309,7,{'3.75': 7},3.75,GS_3309_1.jpg;GS_3309_2.jpg;GS_3309_3.jpg,singleton_passage,train
GS_burst_2560,GS_Gansu,1,GS_331,11,{'4.0': 11},4.0,GS_331_1.jpg;GS_331_10.jpg;GS_331_11.jpg,singleton_passage,train
GS_burst_2561,GS_Gansu,1,GS_3310,8,{'3.75': 8},3.75,GS_3310_1.jpg;GS_3310_2.jpg;GS_3310_3.jpg,singleton_passage,test
GS_burst_2562,GS_Gansu,1,GS_3311,7,{'3.5': 7},3.5,GS_3311_1.jpg;GS_3311_2.jpg;GS_3311_3.jpg,singleton_passage,train
GS_burst_2563,GS_Gansu,1,GS_3312,10,{'3.25': 10},3.25,GS_3312_1.jpg;GS_3312_10.jpg;GS_3312_2.jpg,singleton_passage,train
GS_burst_2564,GS_Gansu,1,GS_3313,19,{'4.0': 19},4.0,GS_3313_1.jpg;GS_3313_10.jpg;GS_3313_11.jpg,singleton_passage,train
GS_burst_2565,GS_Gansu,1,GS_3314,8,{'4.25': 8},4.25,GS_3314_1.jpg;GS_3314_2.jpg;GS_3314_3.jpg,singleton_passage,test
GS_burst_2566,GS_Gansu,1,GS_3315,7,{'4.25': 7},4.25,GS_3315_1.jpg;GS_3315_2.jpg;GS_3315_3.jpg,singleton_passage,train
GS_burst_2567,GS_Gansu,1,GS_3316,4,{'3.75': 4},3.75,GS_3316_1.jpg;GS_3316_2.jpg;GS_3316_3.jpg,singleton_passage,test
GS_burst_2568,GS_Gansu,1,GS_3317,8,{'4.0': 8},4.0,GS_3317_1.jpg;GS_3317_2.jpg;GS_3317_3.jpg,singleton_passage,test
GS_burst_2569,GS_Gansu,1,GS_3318,17,{'4.0': 17},4.0,GS_3318_1.jpg;GS_3318_10.jpg;GS_3318_11.jpg,singleton_passage,test
GS_burst_2570,GS_Gansu,1,GS_3319,12,{'4.0': 12},4.0,GS_3319_1.jpg;GS_3319_10.jpg;GS_3319_11.jpg,singleton_passage,train
GS_burst_2571,GS_Gansu,1,GS_332,22,{'4.25': 22},4.25,GS_332_1.jpg;GS_332_10.jpg;GS_332_11.jpg,singleton_passage,train
GS_burst_2572,GS_Gansu,1,GS_3320,18,{'4.0': 18},4.0,GS_3320_1.jpg;GS_3320_10.jpg;GS_3320_11.jpg,singleton_passage,test
GS_burst_2573,GS_Gansu,1,GS_3321,14,{'4.0': 14},4.0,GS_3321_1.jpg;GS_3321_10.jpg;GS_3321_11.jpg,singleton_passage,train
GS_burst_2574,GS_Gansu,1,GS_3322,10,{'3.5': 10},3.5,GS_3322_1.jpg;GS_3322_10.jpg;GS_3322_2.jpg,singleton_passage,val
GS_burst_2575,GS_Gansu,1,GS_3323,14,{'4.0': 14},4.0,GS_3323_1.jpg;GS_3323_10.jpg;GS_3323_11.jpg,singleton_passage,train
GS_burst_2576,GS_Gansu,1,GS_3324,12,{'3.75': 12},3.75,GS_3324_1.jpg;GS_3324_10.jpg;GS_3324_11.jpg,singleton_passage,train
GS_burst_2577,GS_Gansu,1,GS_3325,9,{'3.75': 9},3.75,GS_3325_1.jpg;GS_3325_2.jpg;GS_3325_3.jpg,singleton_passage,val
GS_burst_2578,GS_Gansu,1,GS_3326,3,{'3.75': 3},3.75,GS_3326_1.jpg;GS_3326_2.jpg;GS_3326_3.jpg,singleton_passage,train
GS_burst_2579,GS_Gansu,1,GS_3327,13,{'4.0': 13},4.0,GS_3327_1.jpg;GS_3327_10.jpg;GS_3327_11.jpg,singleton_passage,train
GS_burst_2580,GS_Gansu,1,GS_3328,4,{'3.75': 4},3.75,GS_3328_1.jpg;GS_3328_2.jpg;GS_3328_3.jpg,singleton_passage,train
GS_burst_2581,GS_Gansu,1,GS_3329,18,{'3.5': 18},3.5,GS_3329_1.jpg;GS_3329_10.jpg;GS_3329_11.jpg,singleton_passage,train
GS_burst_2582,GS_Gansu,1,GS_333,14,{'3.75': 14},3.75,GS_333_1.jpg;GS_333_10.jpg;GS_333_11.jpg,singleton_passage,train
GS_burst_2583,GS_Gansu,1,GS_3330,18,{'4.0': 18},4.0,GS_3330_1.jpg;GS_3330_10.jpg;GS_3330_11.jpg,singleton_passage,train
GS_burst_2584,GS_Gansu,1,GS_3331,15,{'3.75': 15},3.75,GS_3331_1.jpg;GS_3331_10.jpg;GS_3331_11.jpg,singleton_passage,test
GS_burst_2585,GS_Gansu,1,GS_3332,9,{'4.0': 9},4.0,GS_3332_1.jpg;GS_3332_2.jpg;GS_3332_3.jpg,singleton_passage,train
GS_burst_2586,GS_Gansu,1,GS_3333,15,{'4.0': 15},4.0,GS_3333_1.jpg;GS_3333_10.jpg;GS_3333_11.jpg,singleton_passage,train
GS_burst_2587,GS_Gansu,1,GS_3334,7,{'3.75': 7},3.75,GS_3334_1.jpg;GS_3334_2.jpg;GS_3334_3.jpg,singleton_passage,train
GS_burst_2588,GS_Gansu,1,GS_3335,19,{'3.5': 19},3.5,GS_3335_1.jpg;GS_3335_10.jpg;GS_3335_11.jpg,singleton_passage,train
GS_burst_2589,GS_Gansu,1,GS_3336,16,{'4.0': 16},4.0,GS_3336_1.jpg;GS_3336_10.jpg;GS_3336_11.jpg,singleton_passage,test
GS_burst_2590,GS_Gansu,1,GS_3337,4,{'3.75': 4},3.75,GS_3337_1.jpg;GS_3337_2.jpg;GS_3337_3.jpg,singleton_passage,train
GS_burst_2591,GS_Gansu,1,GS_3338,8,{'4.0': 8},4.0,GS_3338_1.jpg;GS_3338_2.jpg;GS_3338_3.jpg,singleton_passage,val
GS_burst_2592,GS_Gansu,1,GS_3339,9,{'4.25': 9},4.25,GS_3339_1.jpg;GS_3339_2.jpg;GS_3339_3.jpg,singleton_passage,train
GS_burst_2593,GS_Gansu,1,GS_334,8,{'3.5': 8},3.5,GS_334_1.jpg;GS_334_2.jpg;GS_334_3.jpg,singleton_passage,train
GS_burst_2594,GS_Gansu,1,GS_3340,13,{'3.5': 13},3.5,GS_3340_1.jpg;GS_3340_10.jpg;GS_3340_11.jpg,singleton_passage,train
GS_burst_2595,GS_Gansu,1,GS_3341,11,{'3.5': 11},3.5,GS_3341_1.jpg;GS_3341_10.jpg;GS_3341_11.jpg,singleton_passage,val
GS_burst_2596,GS_Gansu,1,GS_3342,4,{'3.75': 4},3.75,GS_3342_1.jpg;GS_3342_2.jpg;GS_3342_3.jpg,singleton_passage,train
GS_burst_2597,GS_Gansu,1,GS_3343,17,{'3.75': 17},3.75,GS_3343_1.jpg;GS_3343_10.jpg;GS_3343_11.jpg,singleton_passage,val
GS_burst_2598,GS_Gansu,1,GS_3344,10,{'3.75': 10},3.75,GS_3344_1.jpg;GS_3344_10.jpg;GS_3344_2.jpg,singleton_passage,train
GS_burst_2599,GS_Gansu,1,GS_3345,7,{'3.75': 7},3.75,GS_3345_1.jpg;GS_3345_2.jpg;GS_3345_3.jpg,singleton_passage,test
GS_burst_2600,GS_Gansu,1,GS_3346,15,{'3.5': 15},3.5,GS_3346_1.jpg;GS_3346_10.jpg;GS_3346_11.jpg,singleton_passage,train
GS_burst_2601,GS_Gansu,1,GS_3347,5,{'4.0': 5},4.0,GS_3347_1.jpg;GS_3347_2.jpg;GS_3347_3.jpg,singleton_passage,train
GS_burst_2602,GS_Gansu,1,GS_335,10,{'3.75': 10},3.75,GS_335_1.jpg;GS_335_10.jpg;GS_335_2.jpg,singleton_passage,train
GS_burst_2603,GS_Gansu,1,GS_336,12,{'4.0': 12},4.0,GS_336_1.jpg;GS_336_10.jpg;GS_336_11.jpg,singleton_passage,test
GS_burst_2604,GS_Gansu,1,GS_337,7,{'4.0': 7},4.0,GS_337_1.jpg;GS_337_2.jpg;GS_337_3.jpg,singleton_passage,train
GS_burst_2605,GS_Gansu,1,GS_338,7,{'3.75': 7},3.75,GS_338_1.jpg;GS_338_2.jpg;GS_338_3.jpg,singleton_passage,test
GS_burst_2606,GS_Gansu,1,GS_339,24,{'3.75': 24},3.75,GS_339_1.jpg;GS_339_10.jpg;GS_339_11.jpg,singleton_passage,train
GS_burst_2607,GS_Gansu,1,GS_34,10,{'4.0': 10},4.0,GS_34_1.jpg;GS_34_10.jpg;GS_34_2.jpg,singleton_passage,train
GS_burst_2608,GS_Gansu,1,GS_340,16,{'3.75': 16},3.75,GS_340_1.jpg;GS_340_10.jpg;GS_340_11.jpg,singleton_passage,train
GS_burst_2609,GS_Gansu,1,GS_341,16,{'3.75': 16},3.75,GS_341_1.jpg;GS_341_10.jpg;GS_341_11.jpg,singleton_passage,val
GS_burst_2610,GS_Gansu,1,GS_342,6,{'3.5': 6},3.5,GS_342_1.jpg;GS_342_2.jpg;GS_342_3.jpg,singleton_passage,train
GS_burst_2611,GS_Gansu,1,GS_343,18,{'3.75': 18},3.75,GS_343_1.jpg;GS_343_10.jpg;GS_343_11.jpg,singleton_passage,train
GS_burst_2612,GS_Gansu,1,GS_344,9,{'4.0': 9},4.0,GS_344_1.jpg;GS_344_2.jpg;GS_344_3.jpg,singleton_passage,val
GS_burst_2613,GS_Gansu,1,GS_345,8,{'3.75': 8},3.75,GS_345_1.jpg;GS_345_2.jpg;GS_345_3.jpg,singleton_passage,train
GS_burst_2614,GS_Gansu,1,GS_346,11,{'3.75': 11},3.75,GS_346_1.jpg;GS_346_10.jpg;GS_346_11.jpg,singleton_passage,train
GS_burst_2615,GS_Gansu,1,GS_347,11,{'3.5': 11},3.5,GS_347_1.jpg;GS_347_10.jpg;GS_347_11.jpg,singleton_passage,train
GS_burst_2616,GS_Gansu,1,GS_348,17,{'3.75': 17},3.75,GS_348_1.jpg;GS_348_10.jpg;GS_348_11.jpg,singleton_passage,train
GS_burst_2617,GS_Gansu,1,GS_349,8,{'4.0': 8},4.0,GS_349_1.jpg;GS_349_2.jpg;GS_349_3.jpg,singleton_passage,val
GS_burst_2618,GS_Gansu,1,GS_35,6,{'4.0': 6},4.0,GS_35_1.jpg;GS_35_2.jpg;GS_35_3.jpg,singleton_passage,train
GS_burst_2619,GS_Gansu,1,GS_350,9,{'4.25': 9},4.25,GS_350_1.jpg;GS_350_2.jpg;GS_350_3.jpg,singleton_passage,train
GS_burst_2620,GS_Gansu,1,GS_351,9,{'3.75': 9},3.75,GS_351_1.jpg;GS_351_2.jpg;GS_351_3.jpg,singleton_passage,test
GS_burst_2621,GS_Gansu,1,GS_352,9,{'3.75': 9},3.75,GS_352_1.jpg;GS_352_2.jpg;GS_352_3.jpg,singleton_passage,train
GS_burst_2622,GS_Gansu,1,GS_353,6,{'3.5': 6},3.5,GS_353_1.jpg;GS_353_2.jpg;GS_353_3.jpg,singleton_passage,train
GS_burst_2623,GS_Gansu,1,GS_354,9,{'3.75': 9},3.75,GS_354_1.jpg;GS_354_2.jpg;GS_354_3.jpg,singleton_passage,test
GS_burst_2624,GS_Gansu,1,GS_355,25,{'4.25': 25},4.25,GS_355_1.jpg;GS_355_10.jpg;GS_355_11.jpg,singleton_passage,train
GS_burst_2625,GS_Gansu,1,GS_356,8,{'3.5': 8},3.5,GS_356_1.jpg;GS_356_2.jpg;GS_356_3.jpg,singleton_passage,test
GS_burst_2626,GS_Gansu,1,GS_357,8,{'3.5': 8},3.5,GS_357_1.jpg;GS_357_2.jpg;GS_357_3.jpg,singleton_passage,train
GS_burst_2627,GS_Gansu,1,GS_358,8,{'3.75': 8},3.75,GS_358_1.jpg;GS_358_2.jpg;GS_358_3.jpg,singleton_passage,train
GS_burst_2628,GS_Gansu,1,GS_359,11,{'3.75': 11},3.75,GS_359_1.jpg;GS_359_10.jpg;GS_359_11.jpg,singleton_passage,train
GS_burst_2629,GS_Gansu,1,GS_36,7,{'4.0': 7},4.0,GS_36_1.jpg;GS_36_2.jpg;GS_36_3.jpg,singleton_passage,val
GS_burst_2630,GS_Gansu,1,GS_360,8,{'3.75': 8},3.75,GS_360_1.jpg;GS_360_2.jpg;GS_360_3.jpg,singleton_passage,test
GS_burst_2631,GS_Gansu,1,GS_361,8,{'4.0': 8},4.0,GS_361_1.jpg;GS_361_2.jpg;GS_361_3.jpg,singleton_passage,val
GS_burst_2632,GS_Gansu,1,GS_362,14,{'4.0': 14},4.0,GS_362_1.jpg;GS_362_10.jpg;GS_362_11.jpg,singleton_passage,train
GS_burst_2633,GS_Gansu,1,GS_363,18,{'3.5': 18},3.5,GS_363_1.jpg;GS_363_10.jpg;GS_363_11.jpg,singleton_passage,train
GS_burst_2634,GS_Gansu,1,GS_364,22,{'3.5': 22},3.5,GS_364_1.jpg;GS_364_10.jpg;GS_364_11.jpg,singleton_passage,train
GS_burst_2635,GS_Gansu,1,GS_365,14,{'4.0': 14},4.0,GS_365_1.jpg;GS_365_10.jpg;GS_365_11.jpg,singleton_passage,val
GS_burst_2636,GS_Gansu,1,GS_366,15,{'3.75': 15},3.75,GS_366_1.jpg;GS_366_10.jpg;GS_366_11.jpg,singleton_passage,train
GS_burst_2637,GS_Gansu,1,GS_367,22,{'3.75': 22},3.75,GS_367_1.jpg;GS_367_10.jpg;GS_367_11.jpg,singleton_passage,train
GS_burst_2638,GS_Gansu,1,GS_368,14,{'3.25': 14},3.25,GS_368_1.jpg;GS_368_10.jpg;GS_368_11.jpg,singleton_passage,val
GS_burst_2639,GS_Gansu,1,GS_369,10,{'3.5': 10},3.5,GS_369_1.jpg;GS_369_10.jpg;GS_369_2.jpg,singleton_passage,train
GS_burst_2640,GS_Gansu,1,GS_37,29,{'4.0': 29},4.0,GS_37_1.jpg;GS_37_10.jpg;GS_37_11.jpg,singleton_passage,val
GS_burst_2641,GS_Gansu,1,GS_370,12,{'3.75': 12},3.75,GS_370_1.jpg;GS_370_10.jpg;GS_370_11.jpg,singleton_passage,val
GS_burst_2642,GS_Gansu,1,GS_371,16,{'3.75': 16},3.75,GS_371_1.jpg;GS_371_10.jpg;GS_371_11.jpg,singleton_passage,train
GS_burst_2643,GS_Gansu,1,GS_372,16,{'3.5': 16},3.5,GS_372_1.jpg;GS_372_10.jpg;GS_372_11.jpg,singleton_passage,train
GS_burst_2644,GS_Gansu,1,GS_373,11,{'4.0': 11},4.0,GS_373_1.jpg;GS_373_10.jpg;GS_373_11.jpg,singleton_passage,train
GS_burst_2645,GS_Gansu,1,GS_374,12,{'3.5': 12},3.5,GS_374_1.jpg;GS_374_10.jpg;GS_374_11.jpg,singleton_passage,train
GS_burst_2646,GS_Gansu,1,GS_375,8,{'4.0': 8},4.0,GS_375_1.jpg;GS_375_2.jpg;GS_375_3.jpg,singleton_passage,test
GS_burst_2647,GS_Gansu,1,GS_376,13,{'3.75': 13},3.75,GS_376_1.jpg;GS_376_10.jpg;GS_376_11.jpg,singleton_passage,train
GS_burst_2648,GS_Gansu,1,GS_377,6,{'3.5': 6},3.5,GS_377_1.jpg;GS_377_2.jpg;GS_377_3.jpg,singleton_passage,test
GS_burst_2649,GS_Gansu,1,GS_378,22,{'3.75': 22},3.75,GS_378_1.jpg;GS_378_10.jpg;GS_378_11.jpg,singleton_passage,val
GS_burst_2650,GS_Gansu,1,GS_379,18,{'3.75': 18},3.75,GS_379_1.jpg;GS_379_10.jpg;GS_379_11.jpg,singleton_passage,train
GS_burst_2651,GS_Gansu,1,GS_38,9,{'4.25': 9},4.25,GS_38_1.jpg;GS_38_2.jpg;GS_38_3.jpg,singleton_passage,train
GS_burst_2652,GS_Gansu,1,GS_380,10,{'3.5': 10},3.5,GS_380_1.jpg;GS_380_10.jpg;GS_380_2.jpg,singleton_passage,test
GS_burst_2653,GS_Gansu,1,GS_381,8,{'3.75': 8},3.75,GS_381_1.jpg;GS_381_2.jpg;GS_381_3.jpg,singleton_passage,train
GS_burst_2654,GS_Gansu,1,GS_382,13,{'3.75': 13},3.75,GS_382_1.jpg;GS_382_10.jpg;GS_382_11.jpg,singleton_passage,train
GS_burst_2655,GS_Gansu,1,GS_383,14,{'3.75': 14},3.75,GS_383_1.jpg;GS_383_10.jpg;GS_383_11.jpg,singleton_passage,val
GS_burst_2656,GS_Gansu,1,GS_384,14,{'4.0': 14},4.0,GS_384_1.jpg;GS_384_10.jpg;GS_384_11.jpg,singleton_passage,train
GS_burst_2657,GS_Gansu,1,GS_385,9,{'4.0': 9},4.0,GS_385_1.jpg;GS_385_2.jpg;GS_385_3.jpg,singleton_passage,test
GS_burst_2658,GS_Gansu,1,GS_386,9,{'3.5': 9},3.5,GS_386_1.jpg;GS_386_2.jpg;GS_386_3.jpg,singleton_passage,train
GS_burst_2659,GS_Gansu,1,GS_387,12,{'3.75': 12},3.75,GS_387_1.jpg;GS_387_10.jpg;GS_387_11.jpg,singleton_passage,test
GS_burst_2660,GS_Gansu,1,GS_388,11,{'4.0': 11},4.0,GS_388_1.jpg;GS_388_10.jpg;GS_388_11.jpg,singleton_passage,test
GS_burst_2661,GS_Gansu,1,GS_389,13,{'3.5': 13},3.5,GS_389_1.jpg;GS_389_10.jpg;GS_389_11.jpg,singleton_passage,train
GS_burst_2662,GS_Gansu,1,GS_39,19,{'4.25': 19},4.25,GS_39_1.jpg;GS_39_10.jpg;GS_39_11.jpg,singleton_passage,train
GS_burst_2663,GS_Gansu,1,GS_390,9,{'3.75': 9},3.75,GS_390_1.jpg;GS_390_2.jpg;GS_390_3.jpg,singleton_passage,train
GS_burst_2664,GS_Gansu,1,GS_391,6,{'3.75': 6},3.75,GS_391_1.jpg;GS_391_2.jpg;GS_391_3.jpg,singleton_passage,train
GS_burst_2665,GS_Gansu,1,GS_392,11,{'4.0': 11},4.0,GS_392_1.jpg;GS_392_10.jpg;GS_392_11.jpg,singleton_passage,train
GS_burst_2666,GS_Gansu,1,GS_393,5,{'3.75': 5},3.75,GS_393_1.jpg;GS_393_2.jpg;GS_393_3.jpg,singleton_passage,train
GS_burst_2667,GS_Gansu,1,GS_394,11,{'4.0': 11},4.0,GS_394_1.jpg;GS_394_10.jpg;GS_394_11.jpg,singleton_passage,train
GS_burst_2668,GS_Gansu,1,GS_395,12,{'4.25': 12},4.25,GS_395_1.jpg;GS_395_10.jpg;GS_395_11.jpg,singleton_passage,train
GS_burst_2669,GS_Gansu,1,GS_396,11,{'3.5': 11},3.5,GS_396_1.jpg;GS_396_10.jpg;GS_396_11.jpg,singleton_passage,test
GS_burst_2670,GS_Gansu,1,GS_397,9,{'3.75': 9},3.75,GS_397_1.jpg;GS_397_2.jpg;GS_397_3.jpg,singleton_passage,test
GS_burst_2671,GS_Gansu,1,GS_398,9,{'3.75': 9},3.75,GS_398_1.jpg;GS_398_2.jpg;GS_398_3.jpg,singleton_passage,val
GS_burst_2672,GS_Gansu,1,GS_399,16,{'3.75': 16},3.75,GS_399_1.jpg;GS_399_10.jpg;GS_399_11.jpg,singleton_passage,train
GS_burst_2673,GS_Gansu,1,GS_4,16,{'3.75': 16},3.75,GS_4_1.jpg;GS_4_10.jpg;GS_4_11.jpg,singleton_passage,train
GS_burst_2674,GS_Gansu,1,GS_40,27,{'4.25': 27},4.25,GS_40_1.jpg;GS_40_10.jpg;GS_40_11.jpg,singleton_passage,train
GS_burst_2675,GS_Gansu,1,GS_400,16,{'3.5': 16},3.5,GS_400_1.jpg;GS_400_10.jpg;GS_400_11.jpg,singleton_passage,train
GS_burst_2676,GS_Gansu,1,GS_401,10,{'4.0': 10},4.0,GS_401_1.jpg;GS_401_10.jpg;GS_401_2.jpg,singleton_passage,train
GS_burst_2677,GS_Gansu,1,GS_402,20,{'3.75': 20},3.75,GS_402_1.jpg;GS_402_10.jpg;GS_402_11.jpg,singleton_passage,train
GS_burst_2678,GS_Gansu,1,GS_403,18,{'3.25': 18},3.25,GS_403_1.jpg;GS_403_10.jpg;GS_403_11.jpg,singleton_passage,train
GS_burst_2679,GS_Gansu,1,GS_404,6,{'4.25': 6},4.25,GS_404_1.jpg;GS_404_2.jpg;GS_404_3.jpg,singleton_passage,train
GS_burst_2680,GS_Gansu,1,GS_405,7,{'3.75': 7},3.75,GS_405_1.jpg;GS_405_2.jpg;GS_405_3.jpg,singleton_passage,val
GS_burst_2681,GS_Gansu,1,GS_406,16,{'4.25': 16},4.25,GS_406_1.jpg;GS_406_10.jpg;GS_406_11.jpg,singleton_passage,train
GS_burst_2682,GS_Gansu,1,GS_407,13,{'3.75': 13},3.75,GS_407_1.jpg;GS_407_10.jpg;GS_407_11.jpg,singleton_passage,train
GS_burst_2683,GS_Gansu,1,GS_408,9,{'4.0': 9},4.0,GS_408_1.jpg;GS_408_2.jpg;GS_408_3.jpg,singleton_passage,train
GS_burst_2684,GS_Gansu,1,GS_409,8,{'3.75': 8},3.75,GS_409_1.jpg;GS_409_2.jpg;GS_409_3.jpg,singleton_passage,test
GS_burst_2685,GS_Gansu,1,GS_41,9,{'4.25': 9},4.25,GS_41_1.jpg;GS_41_2.jpg;GS_41_3.jpg,singleton_passage,train
GS_burst_2686,GS_Gansu,1,GS_410,11,{'3.75': 11},3.75,GS_410_1.jpg;GS_410_10.jpg;GS_410_11.jpg,singleton_passage,train
GS_burst_2687,GS_Gansu,1,GS_411,9,{'3.75': 9},3.75,GS_411_1.jpg;GS_411_2.jpg;GS_411_3.jpg,singleton_passage,train
GS_burst_2688,GS_Gansu,1,GS_412,14,{'4.25': 14},4.25,GS_412_1.jpg;GS_412_10.jpg;GS_412_11.jpg,singleton_passage,train
GS_burst_2689,GS_Gansu,1,GS_413,18,{'3.75': 18},3.75,GS_413_1.jpg;GS_413_10.jpg;GS_413_11.jpg,singleton_passage,val
GS_burst_2690,GS_Gansu,1,GS_414,8,{'3.75': 8},3.75,GS_414_1.jpg;GS_414_2.jpg;GS_414_3.jpg,singleton_passage,test
GS_burst_2691,GS_Gansu,1,GS_415,11,{'3.75': 11},3.75,GS_415_1.jpg;GS_415_10.jpg;GS_415_11.jpg,singleton_passage,val
GS_burst_2692,GS_Gansu,1,GS_416,10,{'4.0': 10},4.0,GS_416_1.jpg;GS_416_10.jpg;GS_416_2.jpg,singleton_passage,train
GS_burst_2693,GS_Gansu,1,GS_417,8,{'4.0': 8},4.0,GS_417_1.jpg;GS_417_2.jpg;GS_417_3.jpg,singleton_passage,train
GS_burst_2694,GS_Gansu,1,GS_418,9,{'4.0': 9},4.0,GS_418_1.jpg;GS_418_2.jpg;GS_418_3.jpg,singleton_passage,train
GS_burst_2695,GS_Gansu,1,GS_419,11,{'4.0': 11},4.0,GS_419_1.jpg;GS_419_10.jpg;GS_419_11.jpg,singleton_passage,train
GS_burst_2696,GS_Gansu,1,GS_42,8,{'4.25': 8},4.25,GS_42_1.jpg;GS_42_2.jpg;GS_42_3.jpg,singleton_passage,train
GS_burst_2697,GS_Gansu,1,GS_420,10,{'3.75': 10},3.75,GS_420_1.jpg;GS_420_10.jpg;GS_420_2.jpg,singleton_passage,train
GS_burst_2698,GS_Gansu,1,GS_421,18,{'3.75': 18},3.75,GS_421_1.jpg;GS_421_10.jpg;GS_421_11.jpg,singleton_passage,train
GS_burst_2699,GS_Gansu,1,GS_422,8,{'3.75': 8},3.75,GS_422_1.jpg;GS_422_2.jpg;GS_422_3.jpg,singleton_passage,train
GS_burst_2700,GS_Gansu,1,GS_423,13,{'4.0': 13},4.0,GS_423_1.jpg;GS_423_10.jpg;GS_423_11.jpg,singleton_passage,test
GS_burst_2701,GS_Gansu,1,GS_424,8,{'3.5': 8},3.5,GS_424_1.jpg;GS_424_2.jpg;GS_424_3.jpg,singleton_passage,train
GS_burst_2702,GS_Gansu,1,GS_425,13,{'3.75': 13},3.75,GS_425_1.jpg;GS_425_10.jpg;GS_425_11.jpg,singleton_passage,train
GS_burst_2703,GS_Gansu,1,GS_426,13,{'4.0': 13},4.0,GS_426_1.jpg;GS_426_10.jpg;GS_426_11.jpg,singleton_passage,train
GS_burst_2704,GS_Gansu,1,GS_427,14,{'4.25': 14},4.25,GS_427_1.jpg;GS_427_10.jpg;GS_427_11.jpg,singleton_passage,train
GS_burst_2705,GS_Gansu,1,GS_428,13,{'3.5': 13},3.5,GS_428_1.jpg;GS_428_10.jpg;GS_428_11.jpg,singleton_passage,train
GS_burst_2706,GS_Gansu,1,GS_429,16,{'3.5': 16},3.5,GS_429_1.jpg;GS_429_10.jpg;GS_429_11.jpg,singleton_passage,train
GS_burst_2707,GS_Gansu,1,GS_43,8,{'4.0': 8},4.0,GS_43_1.jpg;GS_43_2.jpg;GS_43_3.jpg,singleton_passage,train
GS_burst_2708,GS_Gansu,1,GS_430,9,{'3.75': 9},3.75,GS_430_1.jpg;GS_430_2.jpg;GS_430_3.jpg,singleton_passage,train
GS_burst_2709,GS_Gansu,1,GS_431,12,{'3.75': 12},3.75,GS_431_1.jpg;GS_431_10.jpg;GS_431_11.jpg,singleton_passage,train
GS_burst_2710,GS_Gansu,1,GS_432,11,{'3.75': 11},3.75,GS_432_1.jpg;GS_432_10.jpg;GS_432_11.jpg,singleton_passage,train
GS_burst_2711,GS_Gansu,1,GS_433,8,{'3.75': 8},3.75,GS_433_1.jpg;GS_433_2.jpg;GS_433_3.jpg,singleton_passage,train
GS_burst_2712,GS_Gansu,1,GS_434,6,{'3.75': 6},3.75,GS_434_1.jpg;GS_434_2.jpg;GS_434_3.jpg,singleton_passage,train
GS_burst_2713,GS_Gansu,1,GS_435,10,{'3.75': 10},3.75,GS_435_1.jpg;GS_435_10.jpg;GS_435_2.jpg,singleton_passage,train
GS_burst_2714,GS_Gansu,1,GS_436,12,{'3.75': 12},3.75,GS_436_1.jpg;GS_436_10.jpg;GS_436_11.jpg,singleton_passage,val
GS_burst_2715,GS_Gansu,1,GS_437,11,{'3.5': 11},3.5,GS_437_1.jpg;GS_437_10.jpg;GS_437_11.jpg,singleton_passage,val
GS_burst_2716,GS_Gansu,1,GS_438,12,{'3.5': 12},3.5,GS_438_1.jpg;GS_438_10.jpg;GS_438_11.jpg,singleton_passage,train
GS_burst_2717,GS_Gansu,1,GS_439,9,{'3.25': 9},3.25,GS_439_1.jpg;GS_439_2.jpg;GS_439_3.jpg,singleton_passage,train
GS_burst_2718,GS_Gansu,1,GS_44,5,{'4.0': 5},4.0,GS_44_1.jpg;GS_44_2.jpg;GS_44_3.jpg,singleton_passage,train
GS_burst_2719,GS_Gansu,1,GS_440,14,{'4.25': 14},4.25,GS_440_1.jpg;GS_440_10.jpg;GS_440_11.jpg,singleton_passage,test
GS_burst_2720,GS_Gansu,1,GS_441,17,{'3.5': 17},3.5,GS_441_1.jpg;GS_441_10.jpg;GS_441_11.jpg,singleton_passage,train
GS_burst_2721,GS_Gansu,1,GS_442,18,{'3.5': 18},3.5,GS_442_1.jpg;GS_442_10.jpg;GS_442_11.jpg,singleton_passage,val
GS_burst_2722,GS_Gansu,1,GS_443,13,{'3.25': 13},3.25,GS_443_1.jpg;GS_443_10.jpg;GS_443_11.jpg,singleton_passage,test
GS_burst_2723,GS_Gansu,1,GS_444,12,{'3.5': 12},3.5,GS_444_1.jpg;GS_444_10.jpg;GS_444_11.jpg,singleton_passage,train
GS_burst_2724,GS_Gansu,1,GS_445,19,{'3.5': 19},3.5,GS_445_1.jpg;GS_445_10.jpg;GS_445_11.jpg,singleton_passage,train
GS_burst_2725,GS_Gansu,1,GS_446,10,{'3.5': 10},3.5,GS_446_1.jpg;GS_446_10.jpg;GS_446_2.jpg,singleton_passage,train
GS_burst_2726,GS_Gansu,1,GS_447,13,{'3.5': 13},3.5,GS_447_1.jpg;GS_447_10.jpg;GS_447_11.jpg,singleton_passage,train
GS_burst_2727,GS_Gansu,1,GS_448,11,{'3.5': 11},3.5,GS_448_1.jpg;GS_448_10.jpg;GS_448_11.jpg,singleton_passage,train
GS_burst_2728,GS_Gansu,1,GS_449,8,{'3.5': 8},3.5,GS_449_1.jpg;GS_449_2.jpg;GS_449_3.jpg,singleton_passage,train
GS_burst_2729,GS_Gansu,1,GS_45,9,{'4.25': 9},4.25,GS_45_1.jpg;GS_45_2.jpg;GS_45_3.jpg,singleton_passage,train
GS_burst_2730,GS_Gansu,1,GS_450,5,{'3.75': 5},3.75,GS_450_1.jpg;GS_450_2.jpg;GS_450_3.jpg,singleton_passage,train
GS_burst_2731,GS_Gansu,1,GS_451,6,{'4.25': 6},4.25,GS_451_1.jpg;GS_451_2.jpg;GS_451_3.jpg,singleton_passage,train
GS_burst_2732,GS_Gansu,1,GS_452,10,{'3.5': 10},3.5,GS_452_1.jpg;GS_452_10.jpg;GS_452_2.jpg,singleton_passage,train
GS_burst_2733,GS_Gansu,1,GS_453,9,{'3.5': 9},3.5,GS_453_1.jpg;GS_453_2.jpg;GS_453_3.jpg,singleton_passage,val
GS_burst_2734,GS_Gansu,1,GS_454,9,{'3.5': 9},3.5,GS_454_1.jpg;GS_454_2.jpg;GS_454_3.jpg,singleton_passage,test
GS_burst_2735,GS_Gansu,1,GS_455,7,{'4.0': 7},4.0,GS_455_1.jpg;GS_455_2.jpg;GS_455_3.jpg,singleton_passage,train
GS_burst_2736,GS_Gansu,1,GS_456,11,{'3.75': 11},3.75,GS_456_1.jpg;GS_456_10.jpg;GS_456_11.jpg,singleton_passage,train
GS_burst_2737,GS_Gansu,1,GS_457,13,{'4.0': 13},4.0,GS_457_1.jpg;GS_457_10.jpg;GS_457_11.jpg,singleton_passage,val
GS_burst_2738,GS_Gansu,1,GS_458,8,{'3.5': 8},3.5,GS_458_1.jpg;GS_458_2.jpg;GS_458_3.jpg,singleton_passage,train
GS_burst_2739,GS_Gansu,1,GS_459,9,{'3.75': 9},3.75,GS_459_1.jpg;GS_459_2.jpg;GS_459_3.jpg,singleton_passage,train
GS_burst_2740,GS_Gansu,1,GS_46,14,{'3.5': 14},3.5,GS_46_1.jpg;GS_46_10.jpg;GS_46_11.jpg,singleton_passage,train
GS_burst_2741,GS_Gansu,1,GS_460,13,{'3.5': 13},3.5,GS_460_1.jpg;GS_460_10.jpg;GS_460_11.jpg,singleton_passage,train
GS_burst_2742,GS_Gansu,1,GS_461,8,{'3.25': 8},3.25,GS_461_1.jpg;GS_461_2.jpg;GS_461_3.jpg,singleton_passage,val
GS_burst_2743,GS_Gansu,1,GS_462,12,{'4.0': 12},4.0,GS_462_1.jpg;GS_462_10.jpg;GS_462_11.jpg,singleton_passage,train
GS_burst_2744,GS_Gansu,1,GS_463,10,{'3.5': 10},3.5,GS_463_1.jpg;GS_463_10.jpg;GS_463_2.jpg,singleton_passage,train
GS_burst_2745,GS_Gansu,1,GS_464,12,{'3.5': 12},3.5,GS_464_1.jpg;GS_464_10.jpg;GS_464_11.jpg,singleton_passage,train
GS_burst_2746,GS_Gansu,1,GS_465,7,{'3.5': 7},3.5,GS_465_1.jpg;GS_465_2.jpg;GS_465_3.jpg,singleton_passage,train
GS_burst_2747,GS_Gansu,1,GS_466,11,{'3.5': 11},3.5,GS_466_1.jpg;GS_466_10.jpg;GS_466_11.jpg,singleton_passage,train
GS_burst_2748,GS_Gansu,1,GS_467,13,{'3.5': 13},3.5,GS_467_1.jpg;GS_467_10.jpg;GS_467_11.jpg,singleton_passage,train
GS_burst_2749,GS_Gansu,1,GS_468,8,{'3.5': 8},3.5,GS_468_1.jpg;GS_468_2.jpg;GS_468_3.jpg,singleton_passage,train
GS_burst_2750,GS_Gansu,1,GS_469,8,{'3.75': 8},3.75,GS_469_1.jpg;GS_469_2.jpg;GS_469_3.jpg,singleton_passage,train
GS_burst_2751,GS_Gansu,1,GS_47,18,{'3.75': 18},3.75,GS_47_1.jpg;GS_47_10.jpg;GS_47_11.jpg,singleton_passage,train
GS_burst_2752,GS_Gansu,1,GS_470,8,{'4.0': 8},4.0,GS_470_1.jpg;GS_470_2.jpg;GS_470_3.jpg,singleton_passage,train
GS_burst_2753,GS_Gansu,1,GS_471,7,{'3.75': 7},3.75,GS_471_1.jpg;GS_471_2.jpg;GS_471_3.jpg,singleton_passage,train
GS_burst_2754,GS_Gansu,1,GS_472,8,{'4.0': 8},4.0,GS_472_1.jpg;GS_472_2.jpg;GS_472_3.jpg,singleton_passage,test
GS_burst_2755,GS_Gansu,1,GS_473,8,{'3.5': 8},3.5,GS_473_1.jpg;GS_473_2.jpg;GS_473_3.jpg,singleton_passage,test
GS_burst_2756,GS_Gansu,1,GS_474,8,{'3.75': 8},3.75,GS_474_1.jpg;GS_474_2.jpg;GS_474_3.jpg,singleton_passage,train
GS_burst_2757,GS_Gansu,1,GS_475,8,{'4.25': 8},4.25,GS_475_1.jpg;GS_475_2.jpg;GS_475_3.jpg,singleton_passage,train
GS_burst_2758,GS_Gansu,1,GS_476,11,{'3.75': 11},3.75,GS_476_1.jpg;GS_476_10.jpg;GS_476_11.jpg,singleton_passage,val
GS_burst_2759,GS_Gansu,1,GS_477,1,{'3.75': 1},3.75,GS_477_1.jpg,singleton_passage,val
GS_burst_2760,GS_Gansu,1,GS_478,6,{'3.5': 6},3.5,GS_478_1.jpg;GS_478_2.jpg;GS_478_3.jpg,singleton_passage,test
GS_burst_2761,GS_Gansu,1,GS_479,9,{'3.5': 9},3.5,GS_479_1.jpg;GS_479_2.jpg;GS_479_3.jpg,singleton_passage,train
GS_burst_2762,GS_Gansu,1,GS_48,8,{'3.5': 8},3.5,GS_48_1.jpg;GS_48_2.jpg;GS_48_3.jpg,singleton_passage,train
GS_burst_2763,GS_Gansu,1,GS_480,11,{'3.5': 11},3.5,GS_480_1.jpg;GS_480_10.jpg;GS_480_11.jpg,singleton_passage,train
GS_burst_2764,GS_Gansu,1,GS_481,8,{'4.0': 8},4.0,GS_481_1.jpg;GS_481_2.jpg;GS_481_3.jpg,singleton_passage,val
GS_burst_2765,GS_Gansu,1,GS_482,8,{'3.75': 8},3.75,GS_482_1.jpg;GS_482_2.jpg;GS_482_3.jpg,singleton_passage,train
GS_burst_2766,GS_Gansu,1,GS_483,4,{'3.75': 4},3.75,GS_483_1.jpg;GS_483_2.jpg;GS_483_3.jpg,singleton_passage,train
GS_burst_2767,GS_Gansu,1,GS_484,11,{'4.0': 11},4.0,GS_484_1.jpg;GS_484_10.jpg;GS_484_11.jpg,singleton_passage,train
GS_burst_2768,GS_Gansu,1,GS_485,7,{'3.75': 7},3.75,GS_485_1.jpg;GS_485_2.jpg;GS_485_3.jpg,singleton_passage,train
GS_burst_2769,GS_Gansu,1,GS_486,8,{'3.5': 8},3.5,GS_486_1.jpg;GS_486_2.jpg;GS_486_3.jpg,singleton_passage,test
GS_burst_2770,GS_Gansu,1,GS_487,8,{'4.0': 8},4.0,GS_487_1.jpg;GS_487_2.jpg;GS_487_3.jpg,singleton_passage,train
GS_burst_2771,GS_Gansu,1,GS_488,6,{'3.75': 6},3.75,GS_488_1.jpg;GS_488_2.jpg;GS_488_3.jpg,singleton_passage,train
GS_burst_2772,GS_Gansu,1,GS_489,13,{'3.5': 13},3.5,GS_489_1.jpg;GS_489_10.jpg;GS_489_11.jpg,singleton_passage,val
GS_burst_2773,GS_Gansu,1,GS_49,4,{'4.25': 4},4.25,GS_49_1.jpg;GS_49_2.jpg;GS_49_3.jpg,singleton_passage,train
GS_burst_2774,GS_Gansu,1,GS_490,9,{'3.75': 9},3.75,GS_490_1.jpg;GS_490_2.jpg;GS_490_3.jpg,singleton_passage,val
GS_burst_2775,GS_Gansu,1,GS_491,10,{'3.75': 10},3.75,GS_491_1.jpg;GS_491_10.jpg;GS_491_2.jpg,singleton_passage,test
GS_burst_2776,GS_Gansu,1,GS_492,8,{'3.5': 8},3.5,GS_492_1.jpg;GS_492_2.jpg;GS_492_3.jpg,singleton_passage,val
GS_burst_2777,GS_Gansu,1,GS_493,8,{'3.75': 8},3.75,GS_493_1.jpg;GS_493_2.jpg;GS_493_3.jpg,singleton_passage,train
GS_burst_2778,GS_Gansu,1,GS_494,12,{'3.25': 12},3.25,GS_494_1.jpg;GS_494_10.jpg;GS_494_11.jpg,singleton_passage,test
GS_burst_2779,GS_Gansu,1,GS_495,10,{'3.5': 10},3.5,GS_495_1.jpg;GS_495_10.jpg;GS_495_2.jpg,singleton_passage,val
GS_burst_2780,GS_Gansu,1,GS_496,8,{'4.25': 8},4.25,GS_496_1.jpg;GS_496_2.jpg;GS_496_3.jpg,singleton_passage,train
GS_burst_2781,GS_Gansu,1,GS_497,13,{'3.5': 13},3.5,GS_497_1.jpg;GS_497_10.jpg;GS_497_11.jpg,singleton_passage,train
GS_burst_2782,GS_Gansu,1,GS_498,8,{'3.5': 8},3.5,GS_498_1.jpg;GS_498_2.jpg;GS_498_3.jpg,singleton_passage,test
GS_burst_2783,GS_Gansu,1,GS_499,19,{'3.5': 19},3.5,GS_499_1.jpg;GS_499_10.jpg;GS_499_11.jpg,singleton_passage,train
GS_burst_2784,GS_Gansu,1,GS_5,11,{'4.0': 11},4.0,GS_5_1.jpg;GS_5_10.jpg;GS_5_11.jpg,singleton_passage,val
GS_burst_2785,GS_Gansu,1,GS_50,6,{'4.0': 6},4.0,GS_50_1.jpg;GS_50_2.jpg;GS_50_3.jpg,singleton_passage,test
GS_burst_2786,GS_Gansu,1,GS_500,8,{'4.25': 8},4.25,GS_500_1.jpg;GS_500_2.jpg;GS_500_3.jpg,singleton_passage,test
GS_burst_2787,GS_Gansu,1,GS_501,7,{'3.75': 7},3.75,GS_501_1.jpg;GS_501_2.jpg;GS_501_3.jpg,singleton_passage,train
GS_burst_2788,GS_Gansu,1,GS_502,9,{'3.75': 9},3.75,GS_502_1.jpg;GS_502_2.jpg;GS_502_3.jpg,singleton_passage,train
GS_burst_2789,GS_Gansu,1,GS_503,8,{'3.75': 8},3.75,GS_503_1.jpg;GS_503_2.jpg;GS_503_3.jpg,singleton_passage,train
GS_burst_2790,GS_Gansu,1,GS_504,11,{'3.75': 11},3.75,GS_504_1.jpg;GS_504_10.jpg;GS_504_11.jpg,singleton_passage,train
GS_burst_2791,GS_Gansu,1,GS_505,9,{'3.5': 9},3.5,GS_505_1.jpg;GS_505_2.jpg;GS_505_3.jpg,singleton_passage,train
GS_burst_2792,GS_Gansu,1,GS_506,8,{'3.75': 8},3.75,GS_506_1.jpg;GS_506_2.jpg;GS_506_3.jpg,singleton_passage,train
GS_burst_2793,GS_Gansu,1,GS_507,8,{'4.0': 8},4.0,GS_507_1.jpg;GS_507_2.jpg;GS_507_3.jpg,singleton_passage,train
GS_burst_2794,GS_Gansu,1,GS_508,7,{'3.5': 7},3.5,GS_508_1.jpg;GS_508_2.jpg;GS_508_3.jpg,singleton_passage,train
GS_burst_2795,GS_Gansu,1,GS_509,9,{'3.5': 9},3.5,GS_509_1.jpg;GS_509_2.jpg;GS_509_3.jpg,singleton_passage,test
GS_burst_2796,GS_Gansu,1,GS_51,2,{'3.5': 2},3.5,GS_51_1.jpg;GS_51_2.jpg,singleton_passage,train
GS_burst_2797,GS_Gansu,1,GS_510,12,{'3.75': 12},3.75,GS_510_1.jpg;GS_510_10.jpg;GS_510_11.jpg,singleton_passage,train
GS_burst_2798,GS_Gansu,1,GS_511,10,{'3.75': 10},3.75,GS_511_1.jpg;GS_511_10.jpg;GS_511_2.jpg,singleton_passage,train
GS_burst_2799,GS_Gansu,1,GS_512,8,{'3.5': 8},3.5,GS_512_1.jpg;GS_512_2.jpg;GS_512_3.jpg,singleton_passage,train
GS_burst_2800,GS_Gansu,1,GS_513,7,{'3.5': 7},3.5,GS_513_1.jpg;GS_513_2.jpg;GS_513_3.jpg,singleton_passage,train
GS_burst_2801,GS_Gansu,1,GS_514,16,{'3.25': 16},3.25,GS_514_1.jpg;GS_514_10.jpg;GS_514_11.jpg,singleton_passage,train
GS_burst_2802,GS_Gansu,1,GS_515,8,{'3.5': 8},3.5,GS_515_1.jpg;GS_515_2.jpg;GS_515_3.jpg,singleton_passage,test
GS_burst_2803,GS_Gansu,1,GS_516,8,{'3.25': 8},3.25,GS_516_1.jpg;GS_516_2.jpg;GS_516_3.jpg,singleton_passage,train
GS_burst_2804,GS_Gansu,1,GS_517,12,{'3.75': 12},3.75,GS_517_1.jpg;GS_517_10.jpg;GS_517_11.jpg,singleton_passage,train
GS_burst_2805,GS_Gansu,1,GS_518,8,{'3.25': 8},3.25,GS_518_1.jpg;GS_518_2.jpg;GS_518_3.jpg,singleton_passage,train
GS_burst_2806,GS_Gansu,1,GS_519,8,{'3.25': 8},3.25,GS_519_1.jpg;GS_519_2.jpg;GS_519_3.jpg,singleton_passage,train
GS_burst_2807,GS_Gansu,1,GS_52,18,{'4.25': 18},4.25,GS_52_1.jpg;GS_52_10.jpg;GS_52_11.jpg,singleton_passage,train
GS_burst_2808,GS_Gansu,1,GS_520,8,{'3.5': 8},3.5,GS_520_1.jpg;GS_520_2.jpg;GS_520_3.jpg,singleton_passage,train
GS_burst_2809,GS_Gansu,1,GS_521,8,{'3.5': 8},3.5,GS_521_1.jpg;GS_521_2.jpg;GS_521_3.jpg,singleton_passage,val
GS_burst_2810,GS_Gansu,1,GS_522,8,{'3.25': 8},3.25,GS_522_1.jpg;GS_522_2.jpg;GS_522_3.jpg,singleton_passage,val
GS_burst_2811,GS_Gansu,1,GS_523,5,{'3.25': 5},3.25,GS_523_1.jpg;GS_523_2.jpg;GS_523_3.jpg,singleton_passage,train
GS_burst_2812,GS_Gansu,1,GS_524,8,{'4.0': 8},4.0,GS_524_1.jpg;GS_524_2.jpg;GS_524_3.jpg,singleton_passage,train
GS_burst_2813,GS_Gansu,1,GS_525,8,{'3.75': 8},3.75,GS_525_1.jpg;GS_525_2.jpg;GS_525_3.jpg,singleton_passage,val
GS_burst_2814,GS_Gansu,1,GS_526,8,{'3.5': 8},3.5,GS_526_1.jpg;GS_526_2.jpg;GS_526_3.jpg,singleton_passage,val
GS_burst_2815,GS_Gansu,1,GS_527,8,{'3.5': 8},3.5,GS_527_1.jpg;GS_527_2.jpg;GS_527_3.jpg,singleton_passage,train
GS_burst_2816,GS_Gansu,1,GS_528,4,{'3.25': 4},3.25,GS_528_1.jpg;GS_528_2.jpg;GS_528_3.jpg,singleton_passage,train
GS_burst_2817,GS_Gansu,1,GS_529,8,{'3.5': 8},3.5,GS_529_1.jpg;GS_529_2.jpg;GS_529_3.jpg,singleton_passage,train
GS_burst_2818,GS_Gansu,1,GS_53,3,{'4.25': 3},4.25,GS_53_1.jpg;GS_53_2.jpg;GS_53_3.jpg,singleton_passage,val
GS_burst_2819,GS_Gansu,1,GS_530,9,{'4.0': 9},4.0,GS_530_1.jpg;GS_530_2.jpg;GS_530_3.jpg,singleton_passage,train
GS_burst_2820,GS_Gansu,1,GS_531,11,{'3.25': 11},3.25,GS_531_1.jpg;GS_531_10.jpg;GS_531_11.jpg,singleton_passage,train
GS_burst_2821,GS_Gansu,1,GS_532,6,{'3.75': 6},3.75,GS_532_1.jpg;GS_532_2.jpg;GS_532_3.jpg,singleton_passage,train
GS_burst_2822,GS_Gansu,1,GS_533,7,{'3.5': 7},3.5,GS_533_1.jpg;GS_533_2.jpg;GS_533_3.jpg,singleton_passage,test
GS_burst_2823,GS_Gansu,1,GS_534,10,{'3.5': 10},3.5,GS_534_1.jpg;GS_534_10.jpg;GS_534_2.jpg,singleton_passage,train
GS_burst_2824,GS_Gansu,1,GS_535,6,{'3.75': 6},3.75,GS_535_1.jpg;GS_535_2.jpg;GS_535_3.jpg,singleton_passage,train
GS_burst_2825,GS_Gansu,1,GS_536,12,{'4.0': 12},4.0,GS_536_1.jpg;GS_536_10.jpg;GS_536_11.jpg,singleton_passage,val
GS_burst_2826,GS_Gansu,1,GS_537,10,{'3.25': 10},3.25,GS_537_1.jpg;GS_537_10.jpg;GS_537_2.jpg,singleton_passage,train
GS_burst_2827,GS_Gansu,1,GS_538,8,{'3.5': 8},3.5,GS_538_1.jpg;GS_538_2.jpg;GS_538_3.jpg,singleton_passage,train
GS_burst_2828,GS_Gansu,1,GS_539,16,{'4.0': 16},4.0,GS_539_1.jpg;GS_539_10.jpg;GS_539_11.jpg,singleton_passage,val
GS_burst_2829,GS_Gansu,1,GS_54,16,{'4.25': 16},4.25,GS_54_1.jpg;GS_54_10.jpg;GS_54_11.jpg,singleton_passage,train
GS_burst_2830,GS_Gansu,1,GS_540,8,{'4.0': 8},4.0,GS_540_1.jpg;GS_540_2.jpg;GS_540_3.jpg,singleton_passage,test
GS_burst_2831,GS_Gansu,1,GS_541,8,{'3.5': 8},3.5,GS_541_1.jpg;GS_541_2.jpg;GS_541_3.jpg,singleton_passage,train
GS_burst_2832,GS_Gansu,1,GS_542,11,{'3.5': 11},3.5,GS_542_1.jpg;GS_542_10.jpg;GS_542_11.jpg,singleton_passage,test
GS_burst_2833,GS_Gansu,1,GS_543,8,{'3.75': 8},3.75,GS_543_1.jpg;GS_543_2.jpg;GS_543_3.jpg,singleton_passage,train
GS_burst_2834,GS_Gansu,1,GS_544,8,{'3.5': 8},3.5,GS_544_1.jpg;GS_544_2.jpg;GS_544_3.jpg,singleton_passage,train
GS_burst_2835,GS_Gansu,1,GS_545,7,{'3.5': 7},3.5,GS_545_1.jpg;GS_545_2.jpg;GS_545_3.jpg,singleton_passage,train
GS_burst_2836,GS_Gansu,1,GS_546,8,{'3.75': 8},3.75,GS_546_1.jpg;GS_546_2.jpg;GS_546_3.jpg,singleton_passage,train
GS_burst_2837,GS_Gansu,1,GS_547,7,{'3.75': 7},3.75,GS_547_1.jpg;GS_547_2.jpg;GS_547_3.jpg,singleton_passage,test
GS_burst_2838,GS_Gansu,1,GS_548,13,{'3.5': 13},3.5,GS_548_1.jpg;GS_548_10.jpg;GS_548_11.jpg,singleton_passage,train
GS_burst_2839,GS_Gansu,1,GS_549,6,{'3.5': 6},3.5,GS_549_1.jpg;GS_549_2.jpg;GS_549_3.jpg,singleton_passage,val
GS_burst_2840,GS_Gansu,1,GS_55,3,"{'3.75': 2, '4.25': 1}",3.75,GS_55_2.jpg;GS_55_3.jpg;GS_55_1.jpg,singleton_passage,test
GS_burst_2841,GS_Gansu,1,GS_550,5,{'3.5': 5},3.5,GS_550_1.jpg;GS_550_2.jpg;GS_550_3.jpg,singleton_passage,train
GS_burst_2842,GS_Gansu,1,GS_551,6,{'3.5': 6},3.5,GS_551_1.jpg;GS_551_2.jpg;GS_551_3.jpg,singleton_passage,train
GS_burst_2843,GS_Gansu,1,GS_552,7,{'3.5': 7},3.5,GS_552_1.jpg;GS_552_2.jpg;GS_552_3.jpg,singleton_passage,val
GS_burst_2844,GS_Gansu,1,GS_553,5,{'3.5': 5},3.5,GS_553_1.jpg;GS_553_2.jpg;GS_553_3.jpg,singleton_passage,train
GS_burst_2845,GS_Gansu,1,GS_554,5,{'3.5': 5},3.5,GS_554_1.jpg;GS_554_2.jpg;GS_554_3.jpg,singleton_passage,train
GS_burst_2846,GS_Gansu,1,GS_555,7,{'3.75': 7},3.75,GS_555_1.jpg;GS_555_2.jpg;GS_555_3.jpg,singleton_passage,train
GS_burst_2847,GS_Gansu,1,GS_556,8,{'4.0': 8},4.0,GS_556_1.jpg;GS_556_2.jpg;GS_556_3.jpg,singleton_passage,train
GS_burst_2848,GS_Gansu,1,GS_557,6,{'3.75': 6},3.75,GS_557_1.jpg;GS_557_2.jpg;GS_557_3.jpg,singleton_passage,train
GS_burst_2849,GS_Gansu,1,GS_558,10,{'3.5': 10},3.5,GS_558_1.jpg;GS_558_10.jpg;GS_558_2.jpg,singleton_passage,train
GS_burst_2850,GS_Gansu,1,GS_559,5,{'3.5': 5},3.5,GS_559_1.jpg;GS_559_2.jpg;GS_559_3.jpg,singleton_passage,train
GS_burst_2851,GS_Gansu,1,GS_56,4,{'3.75': 4},3.75,GS_56_1.jpg;GS_56_2.jpg;GS_56_3.jpg,singleton_passage,train
GS_burst_2852,GS_Gansu,1,GS_560,5,{'3.5': 5},3.5,GS_560_1.jpg;GS_560_2.jpg;GS_560_3.jpg,singleton_passage,train
GS_burst_2853,GS_Gansu,1,GS_561,9,{'3.25': 9},3.25,GS_561_1.jpg;GS_561_2.jpg;GS_561_3.jpg,singleton_passage,train
GS_burst_2854,GS_Gansu,1,GS_562,7,{'3.5': 7},3.5,GS_562_1.jpg;GS_562_2.jpg;GS_562_3.jpg,singleton_passage,val
GS_burst_2855,GS_Gansu,1,GS_563,11,{'3.75': 11},3.75,GS_563_1.jpg;GS_563_10.jpg;GS_563_11.jpg,singleton_passage,train
GS_burst_2856,GS_Gansu,1,GS_564,9,{'3.75': 9},3.75,GS_564_1.jpg;GS_564_2.jpg;GS_564_3.jpg,singleton_passage,train
GS_burst_2857,GS_Gansu,1,GS_565,10,{'3.75': 10},3.75,GS_565_1.jpg;GS_565_10.jpg;GS_565_2.jpg,singleton_passage,test
GS_burst_2858,GS_Gansu,1,GS_566,11,{'4.0': 11},4.0,GS_566_1.jpg;GS_566_10.jpg;GS_566_11.jpg,singleton_passage,val
GS_burst_2859,GS_Gansu,1,GS_567,18,{'3.5': 18},3.5,GS_567_1.jpg;GS_567_10.jpg;GS_567_11.jpg,singleton_passage,train
GS_burst_2860,GS_Gansu,1,GS_568,6,{'3.25': 6},3.25,GS_568_1.jpg;GS_568_2.jpg;GS_568_3.jpg,singleton_passage,train
GS_burst_2861,GS_Gansu,1,GS_569,7,{'3.75': 7},3.75,GS_569_1.jpg;GS_569_2.jpg;GS_569_3.jpg,singleton_passage,train
GS_burst_2862,GS_Gansu,1,GS_57,10,{'4.0': 10},4.0,GS_57_1.jpg;GS_57_10.jpg;GS_57_2.jpg,singleton_passage,train
GS_burst_2863,GS_Gansu,1,GS_570,11,{'3.75': 11},3.75,GS_570_1.jpg;GS_570_10.jpg;GS_570_11.jpg,singleton_passage,train
GS_burst_2864,GS_Gansu,1,GS_571,4,{'3.25': 4},3.25,GS_571_1.jpg;GS_571_2.jpg;GS_571_3.jpg,singleton_passage,train
GS_burst_2865,GS_Gansu,1,GS_572,10,{'3.75': 10},3.75,GS_572_1.jpg;GS_572_10.jpg;GS_572_2.jpg,singleton_passage,train
GS_burst_2866,GS_Gansu,1,GS_573,6,{'3.75': 6},3.75,GS_573_1.jpg;GS_573_2.jpg;GS_573_3.jpg,singleton_passage,train
GS_burst_2867,GS_Gansu,1,GS_574,11,{'4.0': 11},4.0,GS_574_1.jpg;GS_574_10.jpg;GS_574_11.jpg,singleton_passage,train
GS_burst_2868,GS_Gansu,1,GS_575,8,{'4.0': 8},4.0,GS_575_1.jpg;GS_575_2.jpg;GS_575_3.jpg,singleton_passage,train
GS_burst_2869,GS_Gansu,1,GS_576,6,{'4.0': 6},4.0,GS_576_1.jpg;GS_576_2.jpg;GS_576_3.jpg,singleton_passage,test
GS_burst_2870,GS_Gansu,1,GS_577,6,{'3.5': 6},3.5,GS_577_1.jpg;GS_577_2.jpg;GS_577_3.jpg,singleton_passage,train
GS_burst_2871,GS_Gansu,1,GS_578,5,{'3.5': 5},3.5,GS_578_1.jpg;GS_578_2.jpg;GS_578_3.jpg,singleton_passage,train
GS_burst_2872,GS_Gansu,1,GS_579,4,{'3.75': 4},3.75,GS_579_1.jpg;GS_579_2.jpg;GS_579_3.jpg,singleton_passage,train
GS_burst_2873,GS_Gansu,1,GS_58,14,{'4.0': 14},4.0,GS_58_1.jpg;GS_58_10.jpg;GS_58_11.jpg,singleton_passage,val
GS_burst_2874,GS_Gansu,1,GS_580,11,{'3.75': 11},3.75,GS_580_1.jpg;GS_580_10.jpg;GS_580_11.jpg,singleton_passage,train
GS_burst_2875,GS_Gansu,1,GS_581,10,{'4.0': 10},4.0,GS_581_1.jpg;GS_581_10.jpg;GS_581_2.jpg,singleton_passage,train
GS_burst_2876,GS_Gansu,1,GS_582,8,{'4.0': 8},4.0,GS_582_1.jpg;GS_582_2.jpg;GS_582_3.jpg,singleton_passage,train
GS_burst_2877,GS_Gansu,1,GS_583,9,{'3.75': 9},3.75,GS_583_1.jpg;GS_583_2.jpg;GS_583_3.jpg,singleton_passage,train
GS_burst_2878,GS_Gansu,1,GS_584,6,{'3.5': 6},3.5,GS_584_1.jpg;GS_584_2.jpg;GS_584_3.jpg,singleton_passage,train
GS_burst_2879,GS_Gansu,1,GS_585,12,{'4.0': 12},4.0,GS_585_1.jpg;GS_585_10.jpg;GS_585_11.jpg,singleton_passage,train
GS_burst_2880,GS_Gansu,1,GS_586,6,{'3.5': 6},3.5,GS_586_1.jpg;GS_586_2.jpg;GS_586_3.jpg,singleton_passage,train
GS_burst_2881,GS_Gansu,1,GS_587,8,{'3.75': 8},3.75,GS_587_1.jpg;GS_587_2.jpg;GS_587_3.jpg,singleton_passage,train
GS_burst_2882,GS_Gansu,1,GS_588,8,{'3.5': 8},3.5,GS_588_1.jpg;GS_588_2.jpg;GS_588_3.jpg,singleton_passage,train
GS_burst_2883,GS_Gansu,1,GS_589,8,{'3.25': 8},3.25,GS_589_1.jpg;GS_589_2.jpg;GS_589_3.jpg,singleton_passage,train
GS_burst_2884,GS_Gansu,1,GS_59,8,{'4.0': 8},4.0,GS_59_1.jpg;GS_59_2.jpg;GS_59_3.jpg,singleton_passage,train
GS_burst_2885,GS_Gansu,1,GS_590,9,{'3.25': 9},3.25,GS_590_1.jpg;GS_590_2.jpg;GS_590_3.jpg,singleton_passage,train
GS_burst_2886,GS_Gansu,1,GS_591,9,{'3.75': 9},3.75,GS_591_1.jpg;GS_591_2.jpg;GS_591_3.jpg,singleton_passage,train
GS_burst_2887,GS_Gansu,1,GS_592,5,{'4.0': 5},4.0,GS_592_1.jpg;GS_592_2.jpg;GS_592_3.jpg,singleton_passage,train
GS_burst_2888,GS_Gansu,1,GS_593,5,{'3.5': 5},3.5,GS_593_1.jpg;GS_593_2.jpg;GS_593_3.jpg,singleton_passage,train
GS_burst_2889,GS_Gansu,1,GS_594,9,{'4.0': 9},4.0,GS_594_1.jpg;GS_594_2.jpg;GS_594_3.jpg,singleton_passage,train
GS_burst_2890,GS_Gansu,1,GS_595,10,{'3.25': 10},3.25,GS_595_1.jpg;GS_595_10.jpg;GS_595_2.jpg,singleton_passage,train
GS_burst_2891,GS_Gansu,1,GS_596,8,{'4.0': 8},4.0,GS_596_1.jpg;GS_596_2.jpg;GS_596_3.jpg,singleton_passage,train
GS_burst_2892,GS_Gansu,1,GS_597,9,{'3.75': 9},3.75,GS_597_1.jpg;GS_597_2.jpg;GS_597_3.jpg,singleton_passage,train
GS_burst_2893,GS_Gansu,1,GS_598,7,{'4.0': 7},4.0,GS_598_1.jpg;GS_598_2.jpg;GS_598_3.jpg,singleton_passage,val
GS_burst_2894,GS_Gansu,1,GS_599,8,{'3.25': 8},3.25,GS_599_1.jpg;GS_599_2.jpg;GS_599_3.jpg,singleton_passage,train
GS_burst_2895,GS_Gansu,1,GS_6,7,{'4.0': 7},4.0,GS_6_1.jpg;GS_6_2.jpg;GS_6_3.jpg,singleton_passage,test
GS_burst_2896,GS_Gansu,1,GS_60,8,{'4.25': 8},4.25,GS_60_1.jpg;GS_60_2.jpg;GS_60_3.jpg,singleton_passage,train
GS_burst_2897,GS_Gansu,1,GS_600,11,{'3.25': 11},3.25,GS_600_1.jpg;GS_600_10.jpg;GS_600_11.jpg,singleton_passage,train
GS_burst_2898,GS_Gansu,1,GS_601,9,{'3.25': 9},3.25,GS_601_1.jpg;GS_601_2.jpg;GS_601_3.jpg,singleton_passage,train
GS_burst_2899,GS_Gansu,1,GS_602,11,{'3.25': 11},3.25,GS_602_1.jpg;GS_602_10.jpg;GS_602_11.jpg,singleton_passage,train
GS_burst_2900,GS_Gansu,1,GS_603,10,{'3.5': 10},3.5,GS_603_1.jpg;GS_603_10.jpg;GS_603_2.jpg,singleton_passage,train
GS_burst_2901,GS_Gansu,1,GS_604,9,{'3.75': 9},3.75,GS_604_1.jpg;GS_604_2.jpg;GS_604_3.jpg,singleton_passage,val
GS_burst_2902,GS_Gansu,1,GS_605,10,{'4.0': 10},4.0,GS_605_1.jpg;GS_605_10.jpg;GS_605_2.jpg,singleton_passage,val
GS_burst_2903,GS_Gansu,1,GS_606,9,{'4.0': 9},4.0,GS_606_1.jpg;GS_606_2.jpg;GS_606_3.jpg,singleton_passage,test
GS_burst_2904,GS_Gansu,1,GS_607,5,{'3.5': 5},3.5,GS_607_1.jpg;GS_607_2.jpg;GS_607_3.jpg,singleton_passage,test
GS_burst_2905,GS_Gansu,1,GS_608,8,{'4.0': 8},4.0,GS_608_1.jpg;GS_608_2.jpg;GS_608_3.jpg,singleton_passage,train
GS_burst_2906,GS_Gansu,1,GS_609,11,{'4.0': 11},4.0,GS_609_1.jpg;GS_609_10.jpg;GS_609_11.jpg,singleton_passage,test
GS_burst_2907,GS_Gansu,1,GS_61,4,{'4.25': 4},4.25,GS_61_1.jpg;GS_61_2.jpg;GS_61_3.jpg,singleton_passage,val
GS_burst_2908,GS_Gansu,1,GS_610,8,{'3.75': 8},3.75,GS_610_1.jpg;GS_610_2.jpg;GS_610_3.jpg,singleton_passage,train
GS_burst_2909,GS_Gansu,1,GS_611,13,{'4.0': 13},4.0,GS_611_1.jpg;GS_611_10.jpg;GS_611_11.jpg,singleton_passage,train
GS_burst_2910,GS_Gansu,1,GS_612,7,{'3.5': 7},3.5,GS_612_1.jpg;GS_612_2.jpg;GS_612_3.jpg,singleton_passage,test
GS_burst_2911,GS_Gansu,1,GS_613,8,{'3.5': 8},3.5,GS_613_1.jpg;GS_613_2.jpg;GS_613_3.jpg,singleton_passage,train
GS_burst_2912,GS_Gansu,1,GS_614,5,{'4.0': 5},4.0,GS_614_1.jpg;GS_614_2.jpg;GS_614_3.jpg,singleton_passage,train
GS_burst_2913,GS_Gansu,1,GS_615,10,{'3.75': 10},3.75,GS_615_1.jpg;GS_615_10.jpg;GS_615_2.jpg,singleton_passage,train
GS_burst_2914,GS_Gansu,1,GS_616,9,{'3.75': 9},3.75,GS_616_1.jpg;GS_616_2.jpg;GS_616_3.jpg,singleton_passage,test
GS_burst_2915,GS_Gansu,1,GS_617,12,{'4.0': 12},4.0,GS_617_1.jpg;GS_617_10.jpg;GS_617_11.jpg,singleton_passage,test
GS_burst_2916,GS_Gansu,1,GS_618,10,{'3.75': 10},3.75,GS_618_1.jpg;GS_618_10.jpg;GS_618_2.jpg,singleton_passage,train
GS_burst_2917,GS_Gansu,1,GS_619,10,{'3.75': 10},3.75,GS_619_1.jpg;GS_619_10.jpg;GS_619_2.jpg,singleton_passage,train
GS_burst_2918,GS_Gansu,1,GS_62,8,{'4.25': 8},4.25,GS_62_1.jpg;GS_62_2.jpg;GS_62_3.jpg,singleton_passage,train
GS_burst_2919,GS_Gansu,1,GS_620,7,{'4.0': 7},4.0,GS_620_1.jpg;GS_620_2.jpg;GS_620_3.jpg,singleton_passage,test
GS_burst_2920,GS_Gansu,1,GS_621,7,{'4.0': 7},4.0,GS_621_1.jpg;GS_621_2.jpg;GS_621_3.jpg,singleton_passage,val
GS_burst_2921,GS_Gansu,1,GS_622,14,{'3.75': 14},3.75,GS_622_1.jpg;GS_622_10.jpg;GS_622_11.jpg,singleton_passage,test
GS_burst_2922,GS_Gansu,1,GS_623,11,{'3.75': 11},3.75,GS_623_1.jpg;GS_623_10.jpg;GS_623_11.jpg,singleton_passage,train
GS_burst_2923,GS_Gansu,1,GS_624,11,{'3.5': 11},3.5,GS_624_1.jpg;GS_624_10.jpg;GS_624_11.jpg,singleton_passage,train
GS_burst_2924,GS_Gansu,1,GS_625,9,{'3.75': 9},3.75,GS_625_1.jpg;GS_625_2.jpg;GS_625_3.jpg,singleton_passage,train
GS_burst_2925,GS_Gansu,1,GS_626,7,{'3.5': 7},3.5,GS_626_1.jpg;GS_626_2.jpg;GS_626_3.jpg,singleton_passage,test
GS_burst_2926,GS_Gansu,1,GS_627,8,{'3.5': 8},3.5,GS_627_1.jpg;GS_627_2.jpg;GS_627_3.jpg,singleton_passage,train
GS_burst_2927,GS_Gansu,1,GS_628,12,{'3.5': 12},3.5,GS_628_1.jpg;GS_628_10.jpg;GS_628_11.jpg,singleton_passage,train
GS_burst_2928,GS_Gansu,1,GS_629,8,{'3.75': 8},3.75,GS_629_1.jpg;GS_629_2.jpg;GS_629_3.jpg,singleton_passage,train
GS_burst_2929,GS_Gansu,1,GS_63,7,{'4.0': 7},4.0,GS_63_1.jpg;GS_63_2.jpg;GS_63_3.jpg,singleton_passage,val
GS_burst_2930,GS_Gansu,1,GS_630,7,{'3.5': 7},3.5,GS_630_1.jpg;GS_630_2.jpg;GS_630_3.jpg,singleton_passage,train
GS_burst_2931,GS_Gansu,1,GS_631,7,{'3.25': 7},3.25,GS_631_1.jpg;GS_631_2.jpg;GS_631_3.jpg,singleton_passage,train
GS_burst_2932,GS_Gansu,1,GS_632,10,{'3.5': 10},3.5,GS_632_1.jpg;GS_632_10.jpg;GS_632_2.jpg,singleton_passage,train
GS_burst_2933,GS_Gansu,1,GS_633,11,{'3.75': 11},3.75,GS_633_1.jpg;GS_633_10.jpg;GS_633_11.jpg,singleton_passage,train
GS_burst_2934,GS_Gansu,1,GS_634,10,{'3.75': 10},3.75,GS_634_1.jpg;GS_634_10.jpg;GS_634_2.jpg,singleton_passage,val
GS_burst_2935,GS_Gansu,1,GS_635,7,{'3.5': 7},3.5,GS_635_1.jpg;GS_635_2.jpg;GS_635_3.jpg,singleton_passage,test
GS_burst_2936,GS_Gansu,1,GS_636,8,{'3.25': 8},3.25,GS_636_1.jpg;GS_636_2.jpg;GS_636_3.jpg,singleton_passage,train
GS_burst_2937,GS_Gansu,1,GS_637,12,{'4.0': 12},4.0,GS_637_1.jpg;GS_637_10.jpg;GS_637_11.jpg,singleton_passage,train
GS_burst_2938,GS_Gansu,1,GS_638,7,{'3.75': 7},3.75,GS_638_1.jpg;GS_638_2.jpg;GS_638_3.jpg,singleton_passage,train
GS_burst_2939,GS_Gansu,1,GS_639,8,{'3.75': 8},3.75,GS_639_1.jpg;GS_639_2.jpg;GS_639_3.jpg,singleton_passage,train
GS_burst_2940,GS_Gansu,1,GS_64,2,{'4.0': 2},4.0,GS_64_1.jpg;GS_64_2.jpg,singleton_passage,val
GS_burst_2941,GS_Gansu,1,GS_640,8,{'3.75': 8},3.75,GS_640_1.jpg;GS_640_2.jpg;GS_640_3.jpg,singleton_passage,train
GS_burst_2942,GS_Gansu,1,GS_641,6,{'3.75': 6},3.75,GS_641_1.jpg;GS_641_2.jpg;GS_641_3.jpg,singleton_passage,val
GS_burst_2943,GS_Gansu,1,GS_642,10,{'4.0': 10},4.0,GS_642_1.jpg;GS_642_10.jpg;GS_642_2.jpg,singleton_passage,train
GS_burst_2944,GS_Gansu,1,GS_643,9,{'3.75': 9},3.75,GS_643_1.jpg;GS_643_2.jpg;GS_643_3.jpg,singleton_passage,train
GS_burst_2945,GS_Gansu,1,GS_644,7,{'3.75': 7},3.75,GS_644_1.jpg;GS_644_2.jpg;GS_644_3.jpg,singleton_passage,train
GS_burst_2946,GS_Gansu,1,GS_645,9,{'3.5': 9},3.5,GS_645_1.jpg;GS_645_2.jpg;GS_645_3.jpg,singleton_passage,test
GS_burst_2947,GS_Gansu,1,GS_646,9,{'3.25': 9},3.25,GS_646_1.jpg;GS_646_2.jpg;GS_646_3.jpg,singleton_passage,test
GS_burst_2948,GS_Gansu,1,GS_647,10,{'3.25': 10},3.25,GS_647_1.jpg;GS_647_10.jpg;GS_647_2.jpg,singleton_passage,test
GS_burst_2949,GS_Gansu,1,GS_648,8,{'3.25': 8},3.25,GS_648_1.jpg;GS_648_2.jpg;GS_648_3.jpg,singleton_passage,test
GS_burst_2950,GS_Gansu,1,GS_649,9,{'3.75': 9},3.75,GS_649_1.jpg;GS_649_2.jpg;GS_649_3.jpg,singleton_passage,val
GS_burst_2951,GS_Gansu,1,GS_65,15,{'4.0': 15},4.0,GS_65_1.jpg;GS_65_10.jpg;GS_65_11.jpg,singleton_passage,val
GS_burst_2952,GS_Gansu,1,GS_650,12,{'3.5': 12},3.5,GS_650_1.jpg;GS_650_10.jpg;GS_650_11.jpg,singleton_passage,train
GS_burst_2953,GS_Gansu,1,GS_651,5,{'4.0': 5},4.0,GS_651_1.jpg;GS_651_2.jpg;GS_651_3.jpg,singleton_passage,train
GS_burst_2954,GS_Gansu,1,GS_652,8,{'3.5': 8},3.5,GS_652_1.jpg;GS_652_2.jpg;GS_652_3.jpg,singleton_passage,test
GS_burst_2955,GS_Gansu,1,GS_653,9,{'3.25': 9},3.25,GS_653_1.jpg;GS_653_2.jpg;GS_653_3.jpg,singleton_passage,train
GS_burst_2956,GS_Gansu,1,GS_654,6,{'3.5': 6},3.5,GS_654_1.jpg;GS_654_2.jpg;GS_654_3.jpg,singleton_passage,val
GS_burst_2957,GS_Gansu,1,GS_655,8,{'3.5': 8},3.5,GS_655_1.jpg;GS_655_2.jpg;GS_655_3.jpg,singleton_passage,train
GS_burst_2958,GS_Gansu,1,GS_656,17,{'3.25': 17},3.25,GS_656_1.jpg;GS_656_10.jpg;GS_656_11.jpg,singleton_passage,train
GS_burst_2959,GS_Gansu,1,GS_657,8,{'4.25': 8},4.25,GS_657_1.jpg;GS_657_2.jpg;GS_657_3.jpg,singleton_passage,train
GS_burst_2960,GS_Gansu,1,GS_658,8,{'3.5': 8},3.5,GS_658_1.jpg;GS_658_2.jpg;GS_658_3.jpg,singleton_passage,train
GS_burst_2961,GS_Gansu,1,GS_659,5,{'3.5': 5},3.5,GS_659_1.jpg;GS_659_2.jpg;GS_659_3.jpg,singleton_passage,test
GS_burst_2962,GS_Gansu,1,GS_66,7,{'3.75': 7},3.75,GS_66_1.jpg;GS_66_2.jpg;GS_66_3.jpg,singleton_passage,train
GS_burst_2963,GS_Gansu,1,GS_660,10,{'3.25': 10},3.25,GS_660_1.jpg;GS_660_10.jpg;GS_660_2.jpg,singleton_passage,train
GS_burst_2964,GS_Gansu,1,GS_661,8,{'4.0': 8},4.0,GS_661_1.jpg;GS_661_2.jpg;GS_661_3.jpg,singleton_passage,train
GS_burst_2965,GS_Gansu,1,GS_662,8,{'3.75': 8},3.75,GS_662_1.jpg;GS_662_2.jpg;GS_662_3.jpg,singleton_passage,train
GS_burst_2966,GS_Gansu,1,GS_663,8,{'3.75': 8},3.75,GS_663_1.jpg;GS_663_2.jpg;GS_663_3.jpg,singleton_passage,train
GS_burst_2967,GS_Gansu,1,GS_664,8,{'3.75': 8},3.75,GS_664_1.jpg;GS_664_2.jpg;GS_664_3.jpg,singleton_passage,train
GS_burst_2968,GS_Gansu,1,GS_665,8,{'3.5': 8},3.5,GS_665_1.jpg;GS_665_2.jpg;GS_665_3.jpg,singleton_passage,train
GS_burst_2969,GS_Gansu,1,GS_666,8,{'3.5': 8},3.5,GS_666_1.jpg;GS_666_2.jpg;GS_666_3.jpg,singleton_passage,test
GS_burst_2970,GS_Gansu,1,GS_667,16,{'3.25': 16},3.25,GS_667_1.jpg;GS_667_10.jpg;GS_667_11.jpg,singleton_passage,val
GS_burst_2971,GS_Gansu,1,GS_668,8,{'3.5': 8},3.5,GS_668_1.jpg;GS_668_2.jpg;GS_668_3.jpg,singleton_passage,train
GS_burst_2972,GS_Gansu,1,GS_669,8,{'4.0': 8},4.0,GS_669_1.jpg;GS_669_2.jpg;GS_669_3.jpg,singleton_passage,train
GS_burst_2973,GS_Gansu,1,GS_67,9,{'4.25': 9},4.25,GS_67_1.jpg;GS_67_2.jpg;GS_67_3.jpg,singleton_passage,train
GS_burst_2974,GS_Gansu,1,GS_670,8,{'3.75': 8},3.75,GS_670_1.jpg;GS_670_2.jpg;GS_670_3.jpg,singleton_passage,train
GS_burst_2975,GS_Gansu,1,GS_671,6,{'3.5': 6},3.5,GS_671_1.jpg;GS_671_2.jpg;GS_671_3.jpg,singleton_passage,train
GS_burst_2976,GS_Gansu,1,GS_672,8,{'3.25': 8},3.25,GS_672_1.jpg;GS_672_2.jpg;GS_672_3.jpg,singleton_passage,train
GS_burst_2977,GS_Gansu,1,GS_673,8,{'4.0': 8},4.0,GS_673_1.jpg;GS_673_2.jpg;GS_673_3.jpg,singleton_passage,train
GS_burst_2978,GS_Gansu,1,GS_674,8,{'4.25': 8},4.25,GS_674_1.jpg;GS_674_2.jpg;GS_674_3.jpg,singleton_passage,test
GS_burst_2979,GS_Gansu,1,GS_675,8,{'3.75': 8},3.75,GS_675_1.jpg;GS_675_2.jpg;GS_675_3.jpg,singleton_passage,train
GS_burst_2980,GS_Gansu,1,GS_676,8,{'3.5': 8},3.5,GS_676_1.jpg;GS_676_2.jpg;GS_676_3.jpg,singleton_passage,test
GS_burst_2981,GS_Gansu,1,GS_677,8,{'3.5': 8},3.5,GS_677_1.jpg;GS_677_2.jpg;GS_677_3.jpg,singleton_passage,train
GS_burst_2982,GS_Gansu,1,GS_678,8,{'3.25': 8},3.25,GS_678_1.jpg;GS_678_2.jpg;GS_678_3.jpg,singleton_passage,val
GS_burst_2983,GS_Gansu,1,GS_679,8,{'3.75': 8},3.75,GS_679_1.jpg;GS_679_2.jpg;GS_679_3.jpg,singleton_passage,train
GS_burst_2984,GS_Gansu,1,GS_68,8,{'4.0': 8},4.0,GS_68_1.jpg;GS_68_2.jpg;GS_68_3.jpg,singleton_passage,train
GS_burst_2985,GS_Gansu,1,GS_680,8,{'3.25': 8},3.25,GS_680_1.jpg;GS_680_2.jpg;GS_680_3.jpg,singleton_passage,train
GS_burst_2986,GS_Gansu,1,GS_681,8,{'3.75': 8},3.75,GS_681_1.jpg;GS_681_2.jpg;GS_681_3.jpg,singleton_passage,train
GS_burst_2987,GS_Gansu,1,GS_682,5,{'3.25': 5},3.25,GS_682_1.jpg;GS_682_2.jpg;GS_682_3.jpg,singleton_passage,train
GS_burst_2988,GS_Gansu,1,GS_683,5,{'3.5': 5},3.5,GS_683_1.jpg;GS_683_2.jpg;GS_683_3.jpg,singleton_passage,test
GS_burst_2989,GS_Gansu,1,GS_684,8,{'3.5': 8},3.5,GS_684_1.jpg;GS_684_2.jpg;GS_684_3.jpg,singleton_passage,train
GS_burst_2990,GS_Gansu,1,GS_685,8,{'3.25': 8},3.25,GS_685_1.jpg;GS_685_2.jpg;GS_685_3.jpg,singleton_passage,val
GS_burst_2991,GS_Gansu,1,GS_686,7,{'3.5': 7},3.5,GS_686_1.jpg;GS_686_2.jpg;GS_686_3.jpg,singleton_passage,train
GS_burst_2992,GS_Gansu,1,GS_687,8,{'3.75': 8},3.75,GS_687_1.jpg;GS_687_2.jpg;GS_687_3.jpg,singleton_passage,val
GS_burst_2993,GS_Gansu,1,GS_688,8,{'3.5': 8},3.5,GS_688_1.jpg;GS_688_2.jpg;GS_688_3.jpg,singleton_passage,train
GS_burst_2994,GS_Gansu,1,GS_689,8,{'3.5': 8},3.5,GS_689_1.jpg;GS_689_2.jpg;GS_689_3.jpg,singleton_passage,val
GS_burst_2995,GS_Gansu,1,GS_69,5,{'4.0': 5},4.0,GS_69_1.jpg;GS_69_2.jpg;GS_69_3.jpg,singleton_passage,train
GS_burst_2996,GS_Gansu,1,GS_690,8,{'3.5': 8},3.5,GS_690_1.jpg;GS_690_2.jpg;GS_690_3.jpg,singleton_passage,train
GS_burst_2997,GS_Gansu,1,GS_691,5,{'3.5': 5},3.5,GS_691_1.jpg;GS_691_2.jpg;GS_691_3.jpg,singleton_passage,val
GS_burst_2998,GS_Gansu,1,GS_692,3,{'3.75': 3},3.75,GS_692_1.jpg;GS_692_2.jpg;GS_692_3.jpg,singleton_passage,train
GS_burst_2999,GS_Gansu,1,GS_693,8,{'3.75': 8},3.75,GS_693_1.jpg;GS_693_2.jpg;GS_693_3.jpg,singleton_passage,train
GS_burst_3000,GS_Gansu,1,GS_694,8,{'3.75': 8},3.75,GS_694_1.jpg;GS_694_2.jpg;GS_694_3.jpg,singleton_passage,val
GS_burst_3001,GS_Gansu,1,GS_695,4,{'3.5': 4},3.5,GS_695_1.jpg;GS_695_2.jpg;GS_695_3.jpg,singleton_passage,train
GS_burst_3002,GS_Gansu,1,GS_696,4,{'3.5': 4},3.5,GS_696_1.jpg;GS_696_2.jpg;GS_696_3.jpg,singleton_passage,train
GS_burst_3003,GS_Gansu,1,GS_697,16,{'3.5': 16},3.5,GS_697_1.jpg;GS_697_10.jpg;GS_697_11.jpg,singleton_passage,train
GS_burst_3004,GS_Gansu,1,GS_698,8,{'4.25': 8},4.25,GS_698_1.jpg;GS_698_2.jpg;GS_698_3.jpg,singleton_passage,train
GS_burst_3005,GS_Gansu,1,GS_699,8,{'3.25': 8},3.25,GS_699_1.jpg;GS_699_2.jpg;GS_699_3.jpg,singleton_passage,test
GS_burst_3006,GS_Gansu,1,GS_7,9,{'4.25': 9},4.25,GS_7_1.jpg;GS_7_2.jpg;GS_7_3.jpg,singleton_passage,val
GS_burst_3007,GS_Gansu,1,GS_70,9,{'4.0': 9},4.0,GS_70_1.jpg;GS_70_2.jpg;GS_70_3.jpg,singleton_passage,train
GS_burst_3008,GS_Gansu,1,GS_700,8,{'3.25': 8},3.25,GS_700_1.jpg;GS_700_2.jpg;GS_700_3.jpg,singleton_passage,train
GS_burst_3009,GS_Gansu,1,GS_701,8,{'3.75': 8},3.75,GS_701_1.jpg;GS_701_2.jpg;GS_701_3.jpg,singleton_passage,val
GS_burst_3010,GS_Gansu,1,GS_702,8,{'3.5': 8},3.5,GS_702_1.jpg;GS_702_2.jpg;GS_702_3.jpg,singleton_passage,test
GS_burst_3011,GS_Gansu,1,GS_703,9,{'3.5': 9},3.5,GS_703_1.jpg;GS_703_2.jpg;GS_703_3.jpg,singleton_passage,train
GS_burst_3012,GS_Gansu,1,GS_704,8,{'4.0': 8},4.0,GS_704_1.jpg;GS_704_2.jpg;GS_704_3.jpg,singleton_passage,val
GS_burst_3013,GS_Gansu,1,GS_705,13,{'4.0': 13},4.0,GS_705_1.jpg;GS_705_10.jpg;GS_705_11.jpg,singleton_passage,train
GS_burst_3014,GS_Gansu,1,GS_706,8,{'3.75': 8},3.75,GS_706_1.jpg;GS_706_2.jpg;GS_706_3.jpg,singleton_passage,val
GS_burst_3015,GS_Gansu,1,GS_707,8,{'4.25': 8},4.25,GS_707_1.jpg;GS_707_2.jpg;GS_707_3.jpg,singleton_passage,train
GS_burst_3016,GS_Gansu,1,GS_708,8,{'3.5': 8},3.5,GS_708_1.jpg;GS_708_2.jpg;GS_708_3.jpg,singleton_passage,train
GS_burst_3017,GS_Gansu,1,GS_709,8,{'3.75': 8},3.75,GS_709_1.jpg;GS_709_2.jpg;GS_709_3.jpg,singleton_passage,train
GS_burst_3018,GS_Gansu,1,GS_71,4,{'4.0': 4},4.0,GS_71_1.jpg;GS_71_2.jpg;GS_71_3.jpg,singleton_passage,train
GS_burst_3019,GS_Gansu,1,GS_710,8,{'3.25': 8},3.25,GS_710_1.jpg;GS_710_2.jpg;GS_710_3.jpg,singleton_passage,train
GS_burst_3020,GS_Gansu,1,GS_711,8,{'3.75': 8},3.75,GS_711_1.jpg;GS_711_2.jpg;GS_711_3.jpg,singleton_passage,val
GS_burst_3021,GS_Gansu,1,GS_712,8,{'3.75': 8},3.75,GS_712_1.jpg;GS_712_2.jpg;GS_712_3.jpg,singleton_passage,train
GS_burst_3022,GS_Gansu,1,GS_713,8,{'3.75': 8},3.75,GS_713_1.jpg;GS_713_2.jpg;GS_713_3.jpg,singleton_passage,train
GS_burst_3023,GS_Gansu,1,GS_714,12,{'3.5': 12},3.5,GS_714_1.jpg;GS_714_10.jpg;GS_714_11.jpg,singleton_passage,train
GS_burst_3024,GS_Gansu,1,GS_715,8,{'3.5': 8},3.5,GS_715_1.jpg;GS_715_2.jpg;GS_715_3.jpg,singleton_passage,train
GS_burst_3025,GS_Gansu,1,GS_716,8,{'4.0': 8},4.0,GS_716_1.jpg;GS_716_2.jpg;GS_716_3.jpg,singleton_passage,train
GS_burst_3026,GS_Gansu,1,GS_717,5,{'3.75': 5},3.75,GS_717_1.jpg;GS_717_2.jpg;GS_717_3.jpg,singleton_passage,train
GS_burst_3027,GS_Gansu,1,GS_718,8,{'4.0': 8},4.0,GS_718_1.jpg;GS_718_2.jpg;GS_718_3.jpg,singleton_passage,train
GS_burst_3028,GS_Gansu,1,GS_719,11,{'4.0': 11},4.0,GS_719_1.jpg;GS_719_10.jpg;GS_719_11.jpg,singleton_passage,train
GS_burst_3029,GS_Gansu,1,GS_72,10,{'4.25': 10},4.25,GS_72_1.jpg;GS_72_10.jpg;GS_72_2.jpg,singleton_passage,train
GS_burst_3030,GS_Gansu,1,GS_720,8,{'3.25': 8},3.25,GS_720_1.jpg;GS_720_2.jpg;GS_720_3.jpg,singleton_passage,train
GS_burst_3031,GS_Gansu,1,GS_721,8,{'3.5': 8},3.5,GS_721_1.jpg;GS_721_2.jpg;GS_721_3.jpg,singleton_passage,train
GS_burst_3032,GS_Gansu,1,GS_722,8,{'3.5': 8},3.5,GS_722_1.jpg;GS_722_2.jpg;GS_722_3.jpg,singleton_passage,train
GS_burst_3033,GS_Gansu,1,GS_723,8,{'3.5': 8},3.5,GS_723_1.jpg;GS_723_2.jpg;GS_723_3.jpg,singleton_passage,train
GS_burst_3034,GS_Gansu,1,GS_724,8,{'3.75': 8},3.75,GS_724_1.jpg;GS_724_2.jpg;GS_724_3.jpg,singleton_passage,val
GS_burst_3035,GS_Gansu,1,GS_725,8,{'3.75': 8},3.75,GS_725_1.jpg;GS_725_2.jpg;GS_725_3.jpg,singleton_passage,train
GS_burst_3036,GS_Gansu,1,GS_726,8,{'3.75': 8},3.75,GS_726_1.jpg;GS_726_2.jpg;GS_726_3.jpg,singleton_passage,train
GS_burst_3037,GS_Gansu,1,GS_727,8,{'3.75': 8},3.75,GS_727_1.jpg;GS_727_2.jpg;GS_727_3.jpg,singleton_passage,train
GS_burst_3038,GS_Gansu,1,GS_728,8,{'3.75': 8},3.75,GS_728_1.jpg;GS_728_2.jpg;GS_728_3.jpg,singleton_passage,val
GS_burst_3039,GS_Gansu,1,GS_729,9,{'3.75': 9},3.75,GS_729_1.jpg;GS_729_2.jpg;GS_729_3.jpg,singleton_passage,val
GS_burst_3040,GS_Gansu,1,GS_73,8,{'4.25': 8},4.25,GS_73_1.jpg;GS_73_2.jpg;GS_73_3.jpg,singleton_passage,test
GS_burst_3041,GS_Gansu,1,GS_730,8,{'3.75': 8},3.75,GS_730_1.jpg;GS_730_2.jpg;GS_730_3.jpg,singleton_passage,val
GS_burst_3042,GS_Gansu,1,GS_731,8,{'4.0': 8},4.0,GS_731_1.jpg;GS_731_2.jpg;GS_731_3.jpg,singleton_passage,train
GS_burst_3043,GS_Gansu,1,GS_732,8,{'4.0': 8},4.0,GS_732_1.jpg;GS_732_2.jpg;GS_732_3.jpg,singleton_passage,train
GS_burst_3044,GS_Gansu,1,GS_733,8,{'3.25': 8},3.25,GS_733_1.jpg;GS_733_2.jpg;GS_733_3.jpg,singleton_passage,val
GS_burst_3045,GS_Gansu,1,GS_734,8,{'3.25': 8},3.25,GS_734_1.jpg;GS_734_2.jpg;GS_734_3.jpg,singleton_passage,train
GS_burst_3046,GS_Gansu,1,GS_735,8,{'3.75': 8},3.75,GS_735_1.jpg;GS_735_2.jpg;GS_735_3.jpg,singleton_passage,train
GS_burst_3047,GS_Gansu,1,GS_736,8,{'3.5': 8},3.5,GS_736_1.jpg;GS_736_2.jpg;GS_736_3.jpg,singleton_passage,train
GS_burst_3048,GS_Gansu,1,GS_737,8,{'3.25': 8},3.25,GS_737_1.jpg;GS_737_2.jpg;GS_737_3.jpg,singleton_passage,train
GS_burst_3049,GS_Gansu,1,GS_738,6,{'3.75': 6},3.75,GS_738_1.jpg;GS_738_2.jpg;GS_738_3.jpg,singleton_passage,train
GS_burst_3050,GS_Gansu,1,GS_739,8,{'3.5': 8},3.5,GS_739_1.jpg;GS_739_2.jpg;GS_739_3.jpg,singleton_passage,val
GS_burst_3051,GS_Gansu,1,GS_74,8,{'4.25': 8},4.25,GS_74_1.jpg;GS_74_2.jpg;GS_74_3.jpg,singleton_passage,train
GS_burst_3052,GS_Gansu,1,GS_740,8,{'3.5': 8},3.5,GS_740_1.jpg;GS_740_2.jpg;GS_740_3.jpg,singleton_passage,test
GS_burst_3053,GS_Gansu,1,GS_741,5,{'3.25': 5},3.25,GS_741_1.jpg;GS_741_2.jpg;GS_741_3.jpg,singleton_passage,train
GS_burst_3054,GS_Gansu,1,GS_742,5,{'3.25': 5},3.25,GS_742_1.jpg;GS_742_2.jpg;GS_742_3.jpg,singleton_passage,train
GS_burst_3055,GS_Gansu,1,GS_743,8,{'3.25': 8},3.25,GS_743_1.jpg;GS_743_2.jpg;GS_743_3.jpg,singleton_passage,test
GS_burst_3056,GS_Gansu,1,GS_744,8,{'3.5': 8},3.5,GS_744_1.jpg;GS_744_2.jpg;GS_744_3.jpg,singleton_passage,val
GS_burst_3057,GS_Gansu,1,GS_745,4,{'3.5': 4},3.5,GS_745_1.jpg;GS_745_2.jpg;GS_745_3.jpg,singleton_passage,train
GS_burst_3058,GS_Gansu,1,GS_746,5,{'3.75': 5},3.75,GS_746_1.jpg;GS_746_2.jpg;GS_746_3.jpg,singleton_passage,train
GS_burst_3059,GS_Gansu,1,GS_747,8,{'3.75': 8},3.75,GS_747_1.jpg;GS_747_2.jpg;GS_747_3.jpg,singleton_passage,val
GS_burst_3060,GS_Gansu,1,GS_748,8,{'3.5': 8},3.5,GS_748_1.jpg;GS_748_2.jpg;GS_748_3.jpg,singleton_passage,train
GS_burst_3061,GS_Gansu,1,GS_749,8,{'3.5': 8},3.5,GS_749_1.jpg;GS_749_2.jpg;GS_749_3.jpg,singleton_passage,train
GS_burst_3062,GS_Gansu,1,GS_75,6,{'4.25': 6},4.25,GS_75_1.jpg;GS_75_2.jpg;GS_75_3.jpg,singleton_passage,train
GS_burst_3063,GS_Gansu,1,GS_750,8,{'3.75': 8},3.75,GS_750_1.jpg;GS_750_2.jpg;GS_750_3.jpg,singleton_passage,train
GS_burst_3064,GS_Gansu,1,GS_751,8,{'3.5': 8},3.5,GS_751_1.jpg;GS_751_2.jpg;GS_751_3.jpg,singleton_passage,train
GS_burst_3065,GS_Gansu,1,GS_752,7,{'3.75': 7},3.75,GS_752_1.jpg;GS_752_2.jpg;GS_752_3.jpg,singleton_passage,train
GS_burst_3066,GS_Gansu,1,GS_753,7,{'3.25': 7},3.25,GS_753_1.jpg;GS_753_2.jpg;GS_753_3.jpg,singleton_passage,train
GS_burst_3067,GS_Gansu,1,GS_754,8,{'3.5': 8},3.5,GS_754_1.jpg;GS_754_2.jpg;GS_754_3.jpg,singleton_passage,train
GS_burst_3068,GS_Gansu,1,GS_755,6,{'3.25': 6},3.25,GS_755_1.jpg;GS_755_2.jpg;GS_755_3.jpg,singleton_passage,train
GS_burst_3069,GS_Gansu,1,GS_756,8,{'3.25': 8},3.25,GS_756_1.jpg;GS_756_2.jpg;GS_756_3.jpg,singleton_passage,val
GS_burst_3070,GS_Gansu,1,GS_757,8,{'3.25': 8},3.25,GS_757_1.jpg;GS_757_2.jpg;GS_757_3.jpg,singleton_passage,train
GS_burst_3071,GS_Gansu,1,GS_758,8,{'3.25': 8},3.25,GS_758_1.jpg;GS_758_2.jpg;GS_758_3.jpg,singleton_passage,train
GS_burst_3072,GS_Gansu,1,GS_759,8,{'3.5': 8},3.5,GS_759_1.jpg;GS_759_2.jpg;GS_759_3.jpg,singleton_passage,train
GS_burst_3073,GS_Gansu,1,GS_76,17,{'4.25': 17},4.25,GS_76_1.jpg;GS_76_10.jpg;GS_76_11.jpg,singleton_passage,train
GS_burst_3074,GS_Gansu,1,GS_760,8,{'3.75': 8},3.75,GS_760_1.jpg;GS_760_2.jpg;GS_760_3.jpg,singleton_passage,train
GS_burst_3075,GS_Gansu,1,GS_761,8,{'3.75': 8},3.75,GS_761_1.jpg;GS_761_2.jpg;GS_761_3.jpg,singleton_passage,train
GS_burst_3076,GS_Gansu,1,GS_762,12,{'3.5': 12},3.5,GS_762_1.jpg;GS_762_10.jpg;GS_762_11.jpg,singleton_passage,train
GS_burst_3077,GS_Gansu,1,GS_763,8,{'3.75': 8},3.75,GS_763_1.jpg;GS_763_2.jpg;GS_763_3.jpg,singleton_passage,train
GS_burst_3078,GS_Gansu,1,GS_764,9,{'3.5': 9},3.5,GS_764_1.jpg;GS_764_2.jpg;GS_764_3.jpg,singleton_passage,train
GS_burst_3079,GS_Gansu,1,GS_765,8,{'3.25': 8},3.25,GS_765_1.jpg;GS_765_2.jpg;GS_765_3.jpg,singleton_passage,train
GS_burst_3080,GS_Gansu,1,GS_766,8,{'3.5': 8},3.5,GS_766_1.jpg;GS_766_2.jpg;GS_766_3.jpg,singleton_passage,val
GS_burst_3081,GS_Gansu,1,GS_767,8,{'3.5': 8},3.5,GS_767_1.jpg;GS_767_2.jpg;GS_767_3.jpg,singleton_passage,train
GS_burst_3082,GS_Gansu,1,GS_768,8,{'4.0': 8},4.0,GS_768_1.jpg;GS_768_2.jpg;GS_768_3.jpg,singleton_passage,train
GS_burst_3083,GS_Gansu,1,GS_769,8,{'3.5': 8},3.5,GS_769_1.jpg;GS_769_2.jpg;GS_769_3.jpg,singleton_passage,test
GS_burst_3084,GS_Gansu,1,GS_77,8,{'4.25': 8},4.25,GS_77_1.jpg;GS_77_2.jpg;GS_77_3.jpg,singleton_passage,test
GS_burst_3085,GS_Gansu,1,GS_770,8,{'3.5': 8},3.5,GS_770_1.jpg;GS_770_2.jpg;GS_770_3.jpg,singleton_passage,train
GS_burst_3086,GS_Gansu,1,GS_771,8,{'3.25': 8},3.25,GS_771_1.jpg;GS_771_2.jpg;GS_771_3.jpg,singleton_passage,train
GS_burst_3087,GS_Gansu,1,GS_772,8,{'3.5': 8},3.5,GS_772_1.jpg;GS_772_2.jpg;GS_772_3.jpg,singleton_passage,train
GS_burst_3088,GS_Gansu,1,GS_773,8,{'3.75': 8},3.75,GS_773_1.jpg;GS_773_2.jpg;GS_773_3.jpg,singleton_passage,train
GS_burst_3089,GS_Gansu,1,GS_774,8,{'3.25': 8},3.25,GS_774_1.jpg;GS_774_2.jpg;GS_774_3.jpg,singleton_passage,train
GS_burst_3090,GS_Gansu,1,GS_775,8,{'3.5': 8},3.5,GS_775_1.jpg;GS_775_2.jpg;GS_775_3.jpg,singleton_passage,test
GS_burst_3091,GS_Gansu,1,GS_776,8,{'3.75': 8},3.75,GS_776_1.jpg;GS_776_2.jpg;GS_776_3.jpg,singleton_passage,train
GS_burst_3092,GS_Gansu,1,GS_777,7,{'3.5': 7},3.5,GS_777_1.jpg;GS_777_2.jpg;GS_777_3.jpg,singleton_passage,val
GS_burst_3093,GS_Gansu,1,GS_778,5,{'3.75': 5},3.75,GS_778_1.jpg;GS_778_2.jpg;GS_778_3.jpg,singleton_passage,train
GS_burst_3094,GS_Gansu,1,GS_779,8,{'3.5': 8},3.5,GS_779_1.jpg;GS_779_2.jpg;GS_779_3.jpg,singleton_passage,train
GS_burst_3095,GS_Gansu,1,GS_78,5,{'4.25': 5},4.25,GS_78_1.jpg;GS_78_2.jpg;GS_78_3.jpg,singleton_passage,train
GS_burst_3096,GS_Gansu,1,GS_780,8,{'3.25': 8},3.25,GS_780_1.jpg;GS_780_2.jpg;GS_780_3.jpg,singleton_passage,val
GS_burst_3097,GS_Gansu,1,GS_781,9,{'3.75': 9},3.75,GS_781_1.jpg;GS_781_2.jpg;GS_781_3.jpg,singleton_passage,test
GS_burst_3098,GS_Gansu,1,GS_782,8,{'3.25': 8},3.25,GS_782_1.jpg;GS_782_2.jpg;GS_782_3.jpg,singleton_passage,train
GS_burst_3099,GS_Gansu,1,GS_783,8,{'3.5': 8},3.5,GS_783_1.jpg;GS_783_2.jpg;GS_783_3.jpg,singleton_passage,train
GS_burst_3100,GS_Gansu,1,GS_784,8,{'3.75': 8},3.75,GS_784_1.jpg;GS_784_2.jpg;GS_784_3.jpg,singleton_passage,val
GS_burst_3101,GS_Gansu,1,GS_785,8,{'3.25': 8},3.25,GS_785_1.jpg;GS_785_2.jpg;GS_785_3.jpg,singleton_passage,train
GS_burst_3102,GS_Gansu,1,GS_786,7,{'3.75': 7},3.75,GS_786_1.jpg;GS_786_2.jpg;GS_786_3.jpg,singleton_passage,train
GS_burst_3103,GS_Gansu,1,GS_787,8,{'3.25': 8},3.25,GS_787_1.jpg;GS_787_2.jpg;GS_787_3.jpg,singleton_passage,test
GS_burst_3104,GS_Gansu,1,GS_788,7,{'3.75': 7},3.75,GS_788_1.jpg;GS_788_2.jpg;GS_788_3.jpg,singleton_passage,val
GS_burst_3105,GS_Gansu,1,GS_789,7,{'3.75': 7},3.75,GS_789_1.jpg;GS_789_2.jpg;GS_789_3.jpg,singleton_passage,val
GS_burst_3106,GS_Gansu,1,GS_79,14,{'4.25': 14},4.25,GS_79_1.jpg;GS_79_10.jpg;GS_79_11.jpg,singleton_passage,train
GS_burst_3107,GS_Gansu,1,GS_790,8,{'3.5': 8},3.5,GS_790_1.jpg;GS_790_2.jpg;GS_790_3.jpg,singleton_passage,train
GS_burst_3108,GS_Gansu,1,GS_791,8,{'4.0': 8},4.0,GS_791_1.jpg;GS_791_2.jpg;GS_791_3.jpg,singleton_passage,train
GS_burst_3109,GS_Gansu,1,GS_792,8,{'3.75': 8},3.75,GS_792_1.jpg;GS_792_2.jpg;GS_792_3.jpg,singleton_passage,train
GS_burst_3110,GS_Gansu,1,GS_793,8,{'3.25': 8},3.25,GS_793_1.jpg;GS_793_2.jpg;GS_793_3.jpg,singleton_passage,train
GS_burst_3111,GS_Gansu,1,GS_794,8,{'3.25': 8},3.25,GS_794_1.jpg;GS_794_2.jpg;GS_794_3.jpg,singleton_passage,val
GS_burst_3112,GS_Gansu,1,GS_795,10,{'3.5': 10},3.5,GS_795_1.jpg;GS_795_10.jpg;GS_795_2.jpg,singleton_passage,train
GS_burst_3113,GS_Gansu,1,GS_796,8,{'3.5': 8},3.5,GS_796_1.jpg;GS_796_2.jpg;GS_796_3.jpg,singleton_passage,train
GS_burst_3114,GS_Gansu,1,GS_797,8,{'3.5': 8},3.5,GS_797_1.jpg;GS_797_2.jpg;GS_797_3.jpg,singleton_passage,train
GS_burst_3115,GS_Gansu,1,GS_798,8,{'3.25': 8},3.25,GS_798_1.jpg;GS_798_2.jpg;GS_798_3.jpg,singleton_passage,train
GS_burst_3116,GS_Gansu,1,GS_799,8,{'3.5': 8},3.5,GS_799_1.jpg;GS_799_2.jpg;GS_799_3.jpg,singleton_passage,test
GS_burst_3117,GS_Gansu,1,GS_8,8,{'4.25': 8},4.25,GS_8_1.jpg;GS_8_2.jpg;GS_8_3.jpg,singleton_passage,train
GS_burst_3118,GS_Gansu,1,GS_80,11,{'4.25': 11},4.25,GS_80_1.jpg;GS_80_10.jpg;GS_80_11.jpg,singleton_passage,test
GS_burst_3119,GS_Gansu,1,GS_800,8,{'3.75': 8},3.75,GS_800_1.jpg;GS_800_2.jpg;GS_800_3.jpg,singleton_passage,train
GS_burst_3120,GS_Gansu,1,GS_801,8,{'4.25': 8},4.25,GS_801_1.jpg;GS_801_2.jpg;GS_801_3.jpg,singleton_passage,test
GS_burst_3121,GS_Gansu,1,GS_802,8,{'3.75': 8},3.75,GS_802_1.jpg;GS_802_2.jpg;GS_802_3.jpg,singleton_passage,val
GS_burst_3122,GS_Gansu,1,GS_803,8,{'3.5': 8},3.5,GS_803_1.jpg;GS_803_2.jpg;GS_803_3.jpg,singleton_passage,test
GS_burst_3123,GS_Gansu,1,GS_804,6,{'3.25': 6},3.25,GS_804_1.jpg;GS_804_2.jpg;GS_804_3.jpg,singleton_passage,train
GS_burst_3124,GS_Gansu,1,GS_805,8,{'3.25': 8},3.25,GS_805_1.jpg;GS_805_2.jpg;GS_805_3.jpg,singleton_passage,val
GS_burst_3125,GS_Gansu,1,GS_806,8,{'3.5': 8},3.5,GS_806_1.jpg;GS_806_2.jpg;GS_806_3.jpg,singleton_passage,train
GS_burst_3126,GS_Gansu,1,GS_807,8,{'3.75': 8},3.75,GS_807_1.jpg;GS_807_2.jpg;GS_807_3.jpg,singleton_passage,test
GS_burst_3127,GS_Gansu,1,GS_808,8,{'3.25': 8},3.25,GS_808_1.jpg;GS_808_2.jpg;GS_808_3.jpg,singleton_passage,train
GS_burst_3128,GS_Gansu,1,GS_809,8,{'3.5': 8},3.5,GS_809_1.jpg;GS_809_2.jpg;GS_809_3.jpg,singleton_passage,val
GS_burst_3129,GS_Gansu,1,GS_81,8,{'4.25': 8},4.25,GS_81_1.jpg;GS_81_2.jpg;GS_81_3.jpg,singleton_passage,val
GS_burst_3130,GS_Gansu,1,GS_810,8,{'3.75': 8},3.75,GS_810_1.jpg;GS_810_2.jpg;GS_810_3.jpg,singleton_passage,test
GS_burst_3131,GS_Gansu,1,GS_811,7,{'3.5': 7},3.5,GS_811_1.jpg;GS_811_2.jpg;GS_811_3.jpg,singleton_passage,train
GS_burst_3132,GS_Gansu,1,GS_812,8,{'3.25': 8},3.25,GS_812_1.jpg;GS_812_2.jpg;GS_812_3.jpg,singleton_passage,train
GS_burst_3133,GS_Gansu,1,GS_813,6,{'3.25': 6},3.25,GS_813_1.jpg;GS_813_2.jpg;GS_813_3.jpg,singleton_passage,train
GS_burst_3134,GS_Gansu,1,GS_814,8,{'3.5': 8},3.5,GS_814_1.jpg;GS_814_2.jpg;GS_814_3.jpg,singleton_passage,train
GS_burst_3135,GS_Gansu,1,GS_815,8,{'3.25': 8},3.25,GS_815_1.jpg;GS_815_2.jpg;GS_815_3.jpg,singleton_passage,train
GS_burst_3136,GS_Gansu,1,GS_816,8,{'3.25': 8},3.25,GS_816_1.jpg;GS_816_2.jpg;GS_816_3.jpg,singleton_passage,train
GS_burst_3137,GS_Gansu,1,GS_817,8,{'3.5': 8},3.5,GS_817_1.jpg;GS_817_2.jpg;GS_817_3.jpg,singleton_passage,train
GS_burst_3138,GS_Gansu,1,GS_818,8,{'3.75': 8},3.75,GS_818_1.jpg;GS_818_2.jpg;GS_818_3.jpg,singleton_passage,test
GS_burst_3139,GS_Gansu,1,GS_819,8,{'3.75': 8},3.75,GS_819_1.jpg;GS_819_2.jpg;GS_819_3.jpg,singleton_passage,train
GS_burst_3140,GS_Gansu,1,GS_82,7,{'4.25': 7},4.25,GS_82_1.jpg;GS_82_2.jpg;GS_82_3.jpg,singleton_passage,train
GS_burst_3141,GS_Gansu,1,GS_820,11,{'3.75': 11},3.75,GS_820_1.jpg;GS_820_10.jpg;GS_820_11.jpg,singleton_passage,test
GS_burst_3142,GS_Gansu,1,GS_821,9,{'4.25': 9},4.25,GS_821_1.jpg;GS_821_2.jpg;GS_821_3.jpg,singleton_passage,test
GS_burst_3143,GS_Gansu,1,GS_822,8,{'3.25': 8},3.25,GS_822_1.jpg;GS_822_2.jpg;GS_822_3.jpg,singleton_passage,test
GS_burst_3144,GS_Gansu,1,GS_823,8,{'3.25': 8},3.25,GS_823_1.jpg;GS_823_2.jpg;GS_823_3.jpg,singleton_passage,train
GS_burst_3145,GS_Gansu,1,GS_824,8,{'3.5': 8},3.5,GS_824_1.jpg;GS_824_2.jpg;GS_824_3.jpg,singleton_passage,train
GS_burst_3146,GS_Gansu,1,GS_825,8,{'3.25': 8},3.25,GS_825_1.jpg;GS_825_2.jpg;GS_825_3.jpg,singleton_passage,train
GS_burst_3147,GS_Gansu,1,GS_826,8,{'3.25': 8},3.25,GS_826_1.jpg;GS_826_2.jpg;GS_826_3.jpg,singleton_passage,train
GS_burst_3148,GS_Gansu,1,GS_827,8,{'3.75': 8},3.75,GS_827_1.jpg;GS_827_2.jpg;GS_827_3.jpg,singleton_passage,val
GS_burst_3149,GS_Gansu,1,GS_828,8,{'4.0': 8},4.0,GS_828_1.jpg;GS_828_2.jpg;GS_828_3.jpg,singleton_passage,test
GS_burst_3150,GS_Gansu,1,GS_829,10,{'3.5': 10},3.5,GS_829_1.jpg;GS_829_10.jpg;GS_829_2.jpg,singleton_passage,train
GS_burst_3151,GS_Gansu,1,GS_83,9,{'4.25': 9},4.25,GS_83_1.jpg;GS_83_2.jpg;GS_83_3.jpg,singleton_passage,test
GS_burst_3152,GS_Gansu,1,GS_830,8,{'3.25': 8},3.25,GS_830_1.jpg;GS_830_2.jpg;GS_830_3.jpg,singleton_passage,train
GS_burst_3153,GS_Gansu,1,GS_831,8,{'3.5': 8},3.5,GS_831_1.jpg;GS_831_2.jpg;GS_831_3.jpg,singleton_passage,train
GS_burst_3154,GS_Gansu,1,GS_832,8,{'3.25': 8},3.25,GS_832_1.jpg;GS_832_2.jpg;GS_832_3.jpg,singleton_passage,train
GS_burst_3155,GS_Gansu,1,GS_833,8,{'3.25': 8},3.25,GS_833_1.jpg;GS_833_2.jpg;GS_833_3.jpg,singleton_passage,train
GS_burst_3156,GS_Gansu,1,GS_834,8,{'3.75': 8},3.75,GS_834_1.jpg;GS_834_2.jpg;GS_834_3.jpg,singleton_passage,train
GS_burst_3157,GS_Gansu,1,GS_835,8,{'3.25': 8},3.25,GS_835_1.jpg;GS_835_2.jpg;GS_835_3.jpg,singleton_passage,val
GS_burst_3158,GS_Gansu,1,GS_836,12,{'3.25': 12},3.25,GS_836_1.jpg;GS_836_10.jpg;GS_836_11.jpg,singleton_passage,train
GS_burst_3159,GS_Gansu,1,GS_837,8,{'3.75': 8},3.75,GS_837_1.jpg;GS_837_2.jpg;GS_837_3.jpg,singleton_passage,train
GS_burst_3160,GS_Gansu,1,GS_838,8,{'3.5': 8},3.5,GS_838_1.jpg;GS_838_2.jpg;GS_838_3.jpg,singleton_passage,test
GS_burst_3161,GS_Gansu,1,GS_839,8,{'3.5': 8},3.5,GS_839_1.jpg;GS_839_2.jpg;GS_839_3.jpg,singleton_passage,train
GS_burst_3162,GS_Gansu,1,GS_84,13,{'4.25': 13},4.25,GS_84_1.jpg;GS_84_10.jpg;GS_84_11.jpg,singleton_passage,train
GS_burst_3163,GS_Gansu,1,GS_840,8,{'3.25': 8},3.25,GS_840_1.jpg;GS_840_2.jpg;GS_840_3.jpg,singleton_passage,train
GS_burst_3164,GS_Gansu,1,GS_841,8,{'3.5': 8},3.5,GS_841_1.jpg;GS_841_2.jpg;GS_841_3.jpg,singleton_passage,val
GS_burst_3165,GS_Gansu,1,GS_842,8,{'3.5': 8},3.5,GS_842_1.jpg;GS_842_2.jpg;GS_842_3.jpg,singleton_passage,train
GS_burst_3166,GS_Gansu,1,GS_843,8,{'4.25': 8},4.25,GS_843_1.jpg;GS_843_2.jpg;GS_843_3.jpg,singleton_passage,train
GS_burst_3167,GS_Gansu,1,GS_844,8,{'3.5': 8},3.5,GS_844_1.jpg;GS_844_2.jpg;GS_844_3.jpg,singleton_passage,val
GS_burst_3168,GS_Gansu,1,GS_845,8,{'4.0': 8},4.0,GS_845_1.jpg;GS_845_2.jpg;GS_845_3.jpg,singleton_passage,train
GS_burst_3169,GS_Gansu,1,GS_846,8,{'3.75': 8},3.75,GS_846_1.jpg;GS_846_2.jpg;GS_846_3.jpg,singleton_passage,train
GS_burst_3170,GS_Gansu,1,GS_847,8,{'3.5': 8},3.5,GS_847_1.jpg;GS_847_2.jpg;GS_847_3.jpg,singleton_passage,train
GS_burst_3171,GS_Gansu,1,GS_848,8,{'3.5': 8},3.5,GS_848_1.jpg;GS_848_2.jpg;GS_848_3.jpg,singleton_passage,train
GS_burst_3172,GS_Gansu,1,GS_849,7,{'3.5': 7},3.5,GS_849_1.jpg;GS_849_2.jpg;GS_849_3.jpg,singleton_passage,train
GS_burst_3173,GS_Gansu,1,GS_85,13,{'4.0': 13},4.0,GS_85_1.jpg;GS_85_10.jpg;GS_85_11.jpg,singleton_passage,train
GS_burst_3174,GS_Gansu,1,GS_850,8,{'4.0': 8},4.0,GS_850_1.jpg;GS_850_2.jpg;GS_850_3.jpg,singleton_passage,train
GS_burst_3175,GS_Gansu,1,GS_851,8,{'3.75': 8},3.75,GS_851_1.jpg;GS_851_2.jpg;GS_851_3.jpg,singleton_passage,train
GS_burst_3176,GS_Gansu,1,GS_852,8,{'3.25': 8},3.25,GS_852_1.jpg;GS_852_2.jpg;GS_852_3.jpg,singleton_passage,train
GS_burst_3177,GS_Gansu,1,GS_853,8,{'4.0': 8},4.0,GS_853_1.jpg;GS_853_2.jpg;GS_853_3.jpg,singleton_passage,test
GS_burst_3178,GS_Gansu,1,GS_854,8,{'3.75': 8},3.75,GS_854_1.jpg;GS_854_2.jpg;GS_854_3.jpg,singleton_passage,train
GS_burst_3179,GS_Gansu,1,GS_855,8,{'3.5': 8},3.5,GS_855_1.jpg;GS_855_2.jpg;GS_855_3.jpg,singleton_passage,test
GS_burst_3180,GS_Gansu,1,GS_856,11,{'3.25': 11},3.25,GS_856_1.jpg;GS_856_10.jpg;GS_856_11.jpg,singleton_passage,train
GS_burst_3181,GS_Gansu,1,GS_857,8,{'3.5': 8},3.5,GS_857_1.jpg;GS_857_2.jpg;GS_857_3.jpg,singleton_passage,val
GS_burst_3182,GS_Gansu,1,GS_858,8,{'3.5': 8},3.5,GS_858_1.jpg;GS_858_2.jpg;GS_858_3.jpg,singleton_passage,train
GS_burst_3183,GS_Gansu,1,GS_859,8,{'3.25': 8},3.25,GS_859_1.jpg;GS_859_2.jpg;GS_859_3.jpg,singleton_passage,train
GS_burst_3184,GS_Gansu,1,GS_86,5,{'4.0': 5},4.0,GS_86_1.jpg;GS_86_2.jpg;GS_86_3.jpg,singleton_passage,train
GS_burst_3185,GS_Gansu,1,GS_860,7,{'3.5': 7},3.5,GS_860_1.jpg;GS_860_2.jpg;GS_860_3.jpg,singleton_passage,val
GS_burst_3186,GS_Gansu,1,GS_861,8,{'3.25': 8},3.25,GS_861_1.jpg;GS_861_2.jpg;GS_861_3.jpg,singleton_passage,train
GS_burst_3187,GS_Gansu,1,GS_862,16,{'3.25': 16},3.25,GS_862_1.jpg;GS_862_10.jpg;GS_862_11.jpg,singleton_passage,train
GS_burst_3188,GS_Gansu,1,GS_863,8,{'3.5': 8},3.5,GS_863_1.jpg;GS_863_2.jpg;GS_863_3.jpg,singleton_passage,train
GS_burst_3189,GS_Gansu,1,GS_864,8,{'3.75': 8},3.75,GS_864_1.jpg;GS_864_2.jpg;GS_864_3.jpg,singleton_passage,train
GS_burst_3190,GS_Gansu,1,GS_865,8,{'3.75': 8},3.75,GS_865_1.jpg;GS_865_2.jpg;GS_865_3.jpg,singleton_passage,train
GS_burst_3191,GS_Gansu,1,GS_866,8,{'3.25': 8},3.25,GS_866_1.jpg;GS_866_2.jpg;GS_866_3.jpg,singleton_passage,train
GS_burst_3192,GS_Gansu,1,GS_867,8,{'3.5': 8},3.5,GS_867_1.jpg;GS_867_2.jpg;GS_867_3.jpg,singleton_passage,test
GS_burst_3193,GS_Gansu,1,GS_868,8,{'4.0': 8},4.0,GS_868_1.jpg;GS_868_2.jpg;GS_868_3.jpg,singleton_passage,train
GS_burst_3194,GS_Gansu,1,GS_869,8,{'3.75': 8},3.75,GS_869_1.jpg;GS_869_2.jpg;GS_869_3.jpg,singleton_passage,train
GS_burst_3195,GS_Gansu,1,GS_87,10,{'4.0': 10},4.0,GS_87_1.jpg;GS_87_10.jpg;GS_87_2.jpg,singleton_passage,train
GS_burst_3196,GS_Gansu,1,GS_870,8,{'3.75': 8},3.75,GS_870_1.jpg;GS_870_2.jpg;GS_870_3.jpg,singleton_passage,train
GS_burst_3197,GS_Gansu,1,GS_871,8,{'3.75': 8},3.75,GS_871_1.jpg;GS_871_2.jpg;GS_871_3.jpg,singleton_passage,train
GS_burst_3198,GS_Gansu,1,GS_872,8,{'3.5': 8},3.5,GS_872_1.jpg;GS_872_2.jpg;GS_872_3.jpg,singleton_passage,train
GS_burst_3199,GS_Gansu,1,GS_873,5,{'3.5': 5},3.5,GS_873_1.jpg;GS_873_2.jpg;GS_873_3.jpg,singleton_passage,train
GS_burst_3200,GS_Gansu,1,GS_874,4,{'3.5': 4},3.5,GS_874_1.jpg;GS_874_2.jpg;GS_874_3.jpg,singleton_passage,train
GS_burst_3201,GS_Gansu,1,GS_875,8,{'3.25': 8},3.25,GS_875_1.jpg;GS_875_2.jpg;GS_875_3.jpg,singleton_passage,train
GS_burst_3202,GS_Gansu,1,GS_876,8,{'3.5': 8},3.5,GS_876_1.jpg;GS_876_2.jpg;GS_876_3.jpg,singleton_passage,test
GS_burst_3203,GS_Gansu,1,GS_877,8,{'3.5': 8},3.5,GS_877_1.jpg;GS_877_2.jpg;GS_877_3.jpg,singleton_passage,train
GS_burst_3204,GS_Gansu,1,GS_878,8,{'3.75': 8},3.75,GS_878_1.jpg;GS_878_2.jpg;GS_878_3.jpg,singleton_passage,train
GS_burst_3205,GS_Gansu,1,GS_879,8,{'3.25': 8},3.25,GS_879_1.jpg;GS_879_2.jpg;GS_879_3.jpg,singleton_passage,test
GS_burst_3206,GS_Gansu,1,GS_88,14,{'4.0': 14},4.0,GS_88_1.jpg;GS_88_10.jpg;GS_88_11.jpg,singleton_passage,val
GS_burst_3207,GS_Gansu,1,GS_880,6,{'3.5': 6},3.5,GS_880_1.jpg;GS_880_2.jpg;GS_880_3.jpg,singleton_passage,train
GS_burst_3208,GS_Gansu,1,GS_881,8,{'3.5': 8},3.5,GS_881_1.jpg;GS_881_2.jpg;GS_881_3.jpg,singleton_passage,val
GS_burst_3209,GS_Gansu,1,GS_882,8,{'3.75': 8},3.75,GS_882_1.jpg;GS_882_2.jpg;GS_882_3.jpg,singleton_passage,train
GS_burst_3210,GS_Gansu,1,GS_883,8,{'4.0': 8},4.0,GS_883_1.jpg;GS_883_2.jpg;GS_883_3.jpg,singleton_passage,train
GS_burst_3211,GS_Gansu,1,GS_884,8,{'3.75': 8},3.75,GS_884_1.jpg;GS_884_2.jpg;GS_884_3.jpg,singleton_passage,train
GS_burst_3212,GS_Gansu,1,GS_885,8,{'3.25': 8},3.25,GS_885_1.jpg;GS_885_2.jpg;GS_885_3.jpg,singleton_passage,train
GS_burst_3213,GS_Gansu,1,GS_886,11,{'3.5': 11},3.5,GS_886_1.jpg;GS_886_10.jpg;GS_886_11.jpg,singleton_passage,test
GS_burst_3214,GS_Gansu,1,GS_887,8,{'3.25': 8},3.25,GS_887_1.jpg;GS_887_2.jpg;GS_887_3.jpg,singleton_passage,train
GS_burst_3215,GS_Gansu,1,GS_888,10,{'4.25': 10},4.25,GS_888_1.jpg;GS_888_10.jpg;GS_888_2.jpg,singleton_passage,train
GS_burst_3216,GS_Gansu,1,GS_889,8,{'3.25': 8},3.25,GS_889_1.jpg;GS_889_2.jpg;GS_889_3.jpg,singleton_passage,val
GS_burst_3217,GS_Gansu,1,GS_89,7,{'4.0': 7},4.0,GS_89_1.jpg;GS_89_2.jpg;GS_89_3.jpg,singleton_passage,train
GS_burst_3218,GS_Gansu,1,GS_890,9,{'3.25': 9},3.25,GS_890_1.jpg;GS_890_2.jpg;GS_890_3.jpg,singleton_passage,train
GS_burst_3219,GS_Gansu,1,GS_891,8,{'3.5': 8},3.5,GS_891_1.jpg;GS_891_2.jpg;GS_891_3.jpg,singleton_passage,train
GS_burst_3220,GS_Gansu,1,GS_892,12,{'3.5': 12},3.5,GS_892_1.jpg;GS_892_10.jpg;GS_892_11.jpg,singleton_passage,train
GS_burst_3221,GS_Gansu,1,GS_893,8,{'3.5': 8},3.5,GS_893_1.jpg;GS_893_2.jpg;GS_893_3.jpg,singleton_passage,train
GS_burst_3222,GS_Gansu,1,GS_894,6,{'3.75': 6},3.75,GS_894_1.jpg;GS_894_2.jpg;GS_894_3.jpg,singleton_passage,train
GS_burst_3223,GS_Gansu,1,GS_895,8,{'3.25': 8},3.25,GS_895_1.jpg;GS_895_2.jpg;GS_895_3.jpg,singleton_passage,train
GS_burst_3224,GS_Gansu,1,GS_896,10,{'3.25': 10},3.25,GS_896_1.jpg;GS_896_10.jpg;GS_896_2.jpg,singleton_passage,val
GS_burst_3225,GS_Gansu,1,GS_897,9,{'3.75': 9},3.75,GS_897_1.jpg;GS_897_2.jpg;GS_897_3.jpg,singleton_passage,train
GS_burst_3226,GS_Gansu,1,GS_898,8,{'3.5': 8},3.5,GS_898_1.jpg;GS_898_2.jpg;GS_898_3.jpg,singleton_passage,train
GS_burst_3227,GS_Gansu,1,GS_899,8,{'3.25': 8},3.25,GS_899_1.jpg;GS_899_2.jpg;GS_899_3.jpg,singleton_passage,train
GS_burst_3228,GS_Gansu,1,GS_9,6,{'4.25': 6},4.25,GS_9_1.jpg;GS_9_2.jpg;GS_9_3.jpg,singleton_passage,train
GS_burst_3229,GS_Gansu,1,GS_90,5,{'4.25': 5},4.25,GS_90_1.jpg;GS_90_2.jpg;GS_90_3.jpg,singleton_passage,train
GS_burst_3230,GS_Gansu,1,GS_900,8,{'3.25': 8},3.25,GS_900_1.jpg;GS_900_2.jpg;GS_900_3.jpg,singleton_passage,train
GS_burst_3231,GS_Gansu,1,GS_901,8,{'3.25': 8},3.25,GS_901_1.jpg;GS_901_2.jpg;GS_901_3.jpg,singleton_passage,train
GS_burst_3232,GS_Gansu,1,GS_902,11,{'3.25': 11},3.25,GS_902_1.jpg;GS_902_10.jpg;GS_902_11.jpg,singleton_passage,val
GS_burst_3233,GS_Gansu,1,GS_903,8,{'3.5': 8},3.5,GS_903_1.jpg;GS_903_2.jpg;GS_903_3.jpg,singleton_passage,val
GS_burst_3234,GS_Gansu,1,GS_904,11,{'3.75': 11},3.75,GS_904_1.jpg;GS_904_10.jpg;GS_904_11.jpg,singleton_passage,train
GS_burst_3235,GS_Gansu,1,GS_905,12,{'3.25': 12},3.25,GS_905_1.jpg;GS_905_10.jpg;GS_905_11.jpg,singleton_passage,train
GS_burst_3236,GS_Gansu,1,GS_906,8,{'3.25': 8},3.25,GS_906_1.jpg;GS_906_2.jpg;GS_906_3.jpg,singleton_passage,train
GS_burst_3237,GS_Gansu,1,GS_907,8,{'3.75': 8},3.75,GS_907_1.jpg;GS_907_2.jpg;GS_907_3.jpg,singleton_passage,train
GS_burst_3238,GS_Gansu,1,GS_908,8,{'3.75': 8},3.75,GS_908_1.jpg;GS_908_2.jpg;GS_908_3.jpg,singleton_passage,val
GS_burst_3239,GS_Gansu,1,GS_909,12,{'3.5': 12},3.5,GS_909_1.jpg;GS_909_10.jpg;GS_909_11.jpg,singleton_passage,train
GS_burst_3240,GS_Gansu,1,GS_91,14,{'4.25': 14},4.25,GS_91_1.jpg;GS_91_10.jpg;GS_91_11.jpg,singleton_passage,train
GS_burst_3241,GS_Gansu,1,GS_910,8,{'3.25': 8},3.25,GS_910_1.jpg;GS_910_2.jpg;GS_910_3.jpg,singleton_passage,train
GS_burst_3242,GS_Gansu,1,GS_911,9,{'3.5': 9},3.5,GS_911_1.jpg;GS_911_2.jpg;GS_911_3.jpg,singleton_passage,train
GS_burst_3243,GS_Gansu,1,GS_912,10,{'3.25': 10},3.25,GS_912_1.jpg;GS_912_10.jpg;GS_912_2.jpg,singleton_passage,val
GS_burst_3244,GS_Gansu,1,GS_913,8,{'3.75': 8},3.75,GS_913_1.jpg;GS_913_2.jpg;GS_913_3.jpg,singleton_passage,train
GS_burst_3245,GS_Gansu,1,GS_914,8,{'3.25': 8},3.25,GS_914_1.jpg;GS_914_2.jpg;GS_914_3.jpg,singleton_passage,train
GS_burst_3246,GS_Gansu,1,GS_915,8,{'3.25': 8},3.25,GS_915_1.jpg;GS_915_2.jpg;GS_915_3.jpg,singleton_passage,test
GS_burst_3247,GS_Gansu,1,GS_916,8,{'3.75': 8},3.75,GS_916_1.jpg;GS_916_2.jpg;GS_916_3.jpg,singleton_passage,train
GS_burst_3248,GS_Gansu,1,GS_917,8,{'4.25': 8},4.25,GS_917_1.jpg;GS_917_2.jpg;GS_917_3.jpg,singleton_passage,test
GS_burst_3249,GS_Gansu,1,GS_918,7,{'4.0': 7},4.0,GS_918_1.jpg;GS_918_2.jpg;GS_918_3.jpg,singleton_passage,val
GS_burst_3250,GS_Gansu,1,GS_919,8,{'4.0': 8},4.0,GS_919_1.jpg;GS_919_2.jpg;GS_919_3.jpg,singleton_passage,train
GS_burst_3251,GS_Gansu,1,GS_92,5,{'4.25': 5},4.25,GS_92_1.jpg;GS_92_2.jpg;GS_92_3.jpg,singleton_passage,train
GS_burst_3252,GS_Gansu,1,GS_920,10,{'3.25': 10},3.25,GS_920_1.jpg;GS_920_10.jpg;GS_920_2.jpg,singleton_passage,train
GS_burst_3253,GS_Gansu,1,GS_921,9,{'3.25': 9},3.25,GS_921_1.jpg;GS_921_2.jpg;GS_921_3.jpg,singleton_passage,val
GS_burst_3254,GS_Gansu,1,GS_922,14,{'3.5': 14},3.5,GS_922_1.jpg;GS_922_10.jpg;GS_922_11.jpg,singleton_passage,train
GS_burst_3255,GS_Gansu,1,GS_923,9,{'3.75': 9},3.75,GS_923_1.jpg;GS_923_2.jpg;GS_923_3.jpg,singleton_passage,train
GS_burst_3256,GS_Gansu,1,GS_924,11,{'3.75': 11},3.75,GS_924_1.jpg;GS_924_10.jpg;GS_924_11.jpg,singleton_passage,val
GS_burst_3257,GS_Gansu,1,GS_925,8,{'3.25': 8},3.25,GS_925_1.jpg;GS_925_2.jpg;GS_925_3.jpg,singleton_passage,test
GS_burst_3258,GS_Gansu,1,GS_926,8,{'3.5': 8},3.5,GS_926_1.jpg;GS_926_2.jpg;GS_926_3.jpg,singleton_passage,val
GS_burst_3259,GS_Gansu,1,GS_927,8,{'3.25': 8},3.25,GS_927_1.jpg;GS_927_2.jpg;GS_927_3.jpg,singleton_passage,train
GS_burst_3260,GS_Gansu,1,GS_928,12,{'3.75': 12},3.75,GS_928_1.jpg;GS_928_10.jpg;GS_928_11.jpg,singleton_passage,train
GS_burst_3261,GS_Gansu,1,GS_929,8,{'3.75': 8},3.75,GS_929_1.jpg;GS_929_2.jpg;GS_929_3.jpg,singleton_passage,train
GS_burst_3262,GS_Gansu,1,GS_93,8,{'4.0': 8},4.0,GS_93_1.jpg;GS_93_2.jpg;GS_93_3.jpg,singleton_passage,train
GS_burst_3263,GS_Gansu,1,GS_930,11,{'3.75': 11},3.75,GS_930_1.jpg;GS_930_10.jpg;GS_930_11.jpg,singleton_passage,val
GS_burst_3264,GS_Gansu,1,GS_931,7,{'3.75': 7},3.75,GS_931_1.jpg;GS_931_2.jpg;GS_931_3.jpg,singleton_passage,train
GS_burst_3265,GS_Gansu,1,GS_932,9,{'3.25': 9},3.25,GS_932_1.jpg;GS_932_2.jpg;GS_932_3.jpg,singleton_passage,train
GS_burst_3266,GS_Gansu,1,GS_933,8,{'3.5': 8},3.5,GS_933_1.jpg;GS_933_2.jpg;GS_933_3.jpg,singleton_passage,val
GS_burst_3267,GS_Gansu,1,GS_934,8,{'3.25': 8},3.25,GS_934_1.jpg;GS_934_2.jpg;GS_934_3.jpg,singleton_passage,test
GS_burst_3268,GS_Gansu,1,GS_935,8,{'3.25': 8},3.25,GS_935_1.jpg;GS_935_2.jpg;GS_935_3.jpg,singleton_passage,val
GS_burst_3269,GS_Gansu,1,GS_936,8,{'3.25': 8},3.25,GS_936_1.jpg;GS_936_2.jpg;GS_936_3.jpg,singleton_passage,train
GS_burst_3270,GS_Gansu,1,GS_937,10,{'3.25': 10},3.25,GS_937_1.jpg;GS_937_10.jpg;GS_937_2.jpg,singleton_passage,train
GS_burst_3271,GS_Gansu,1,GS_938,9,{'4.25': 9},4.25,GS_938_1.jpg;GS_938_2.jpg;GS_938_3.jpg,singleton_passage,train
GS_burst_3272,GS_Gansu,1,GS_939,10,{'3.75': 10},3.75,GS_939_1.jpg;GS_939_10.jpg;GS_939_2.jpg,singleton_passage,train
GS_burst_3273,GS_Gansu,1,GS_94,9,{'4.0': 9},4.0,GS_94_1.jpg;GS_94_2.jpg;GS_94_3.jpg,singleton_passage,train
GS_burst_3274,GS_Gansu,1,GS_940,8,{'3.5': 8},3.5,GS_940_1.jpg;GS_940_2.jpg;GS_940_3.jpg,singleton_passage,train
GS_burst_3275,GS_Gansu,1,GS_941,8,{'3.5': 8},3.5,GS_941_1.jpg;GS_941_2.jpg;GS_941_3.jpg,singleton_passage,train
GS_burst_3276,GS_Gansu,1,GS_942,8,{'3.25': 8},3.25,GS_942_1.jpg;GS_942_2.jpg;GS_942_3.jpg,singleton_passage,test
GS_burst_3277,GS_Gansu,1,GS_943,8,{'3.5': 8},3.5,GS_943_1.jpg;GS_943_2.jpg;GS_943_3.jpg,singleton_passage,val
GS_burst_3278,GS_Gansu,1,GS_944,8,{'3.5': 8},3.5,GS_944_1.jpg;GS_944_2.jpg;GS_944_3.jpg,singleton_passage,train
GS_burst_3279,GS_Gansu,1,GS_945,9,{'3.5': 9},3.5,GS_945_1.jpg;GS_945_2.jpg;GS_945_3.jpg,singleton_passage,train
GS_burst_3280,GS_Gansu,1,GS_946,10,{'3.5': 10},3.5,GS_946_1.jpg;GS_946_10.jpg;GS_946_2.jpg,singleton_passage,train
GS_burst_3281,GS_Gansu,1,GS_947,10,{'3.25': 10},3.25,GS_947_1.jpg;GS_947_10.jpg;GS_947_2.jpg,singleton_passage,train
GS_burst_3282,GS_Gansu,1,GS_948,8,{'3.5': 8},3.5,GS_948_1.jpg;GS_948_2.jpg;GS_948_3.jpg,singleton_passage,train
GS_burst_3283,GS_Gansu,1,GS_949,10,{'3.5': 10},3.5,GS_949_1.jpg;GS_949_10.jpg;GS_949_2.jpg,singleton_passage,val
GS_burst_3284,GS_Gansu,1,GS_95,5,{'4.0': 5},4.0,GS_95_1.jpg;GS_95_2.jpg;GS_95_3.jpg,singleton_passage,train
GS_burst_3285,GS_Gansu,1,GS_950,12,{'3.5': 12},3.5,GS_950_1.jpg;GS_950_10.jpg;GS_950_11.jpg,singleton_passage,train
GS_burst_3286,GS_Gansu,1,GS_951,10,{'3.5': 10},3.5,GS_951_1.jpg;GS_951_10.jpg;GS_951_2.jpg,singleton_passage,train
GS_burst_3287,GS_Gansu,1,GS_952,10,{'4.0': 10},4.0,GS_952_1.jpg;GS_952_10.jpg;GS_952_2.jpg,singleton_passage,train
GS_burst_3288,GS_Gansu,1,GS_953,11,{'4.0': 11},4.0,GS_953_1.jpg;GS_953_10.jpg;GS_953_11.jpg,singleton_passage,train
GS_burst_3289,GS_Gansu,1,GS_954,9,{'3.75': 9},3.75,GS_954_1.jpg;GS_954_2.jpg;GS_954_3.jpg,singleton_passage,train
GS_burst_3290,GS_Gansu,1,GS_955,13,{'3.5': 13},3.5,GS_955_1.jpg;GS_955_10.jpg;GS_955_11.jpg,singleton_passage,test
GS_burst_3291,GS_Gansu,1,GS_956,11,{'4.0': 11},4.0,GS_956_1.jpg;GS_956_10.jpg;GS_956_11.jpg,singleton_passage,val
GS_burst_3292,GS_Gansu,1,GS_957,9,{'4.0': 9},4.0,GS_957_1.jpg;GS_957_2.jpg;GS_957_3.jpg,singleton_passage,train
GS_burst_3293,GS_Gansu,1,GS_958,8,{'3.75': 8},3.75,GS_958_1.jpg;GS_958_2.jpg;GS_958_3.jpg,singleton_passage,train
GS_burst_3294,GS_Gansu,1,GS_959,9,{'3.75': 9},3.75,GS_959_1.jpg;GS_959_2.jpg;GS_959_3.jpg,singleton_passage,train
GS_burst_3295,GS_Gansu,1,GS_96,6,{'4.0': 6},4.0,GS_96_1.jpg;GS_96_2.jpg;GS_96_3.jpg,singleton_passage,train
GS_burst_3296,GS_Gansu,1,GS_960,8,{'4.0': 8},4.0,GS_960_1.jpg;GS_960_2.jpg;GS_960_3.jpg,singleton_passage,train
GS_burst_3297,GS_Gansu,1,GS_961,8,{'3.75': 8},3.75,GS_961_1.jpg;GS_961_2.jpg;GS_961_3.jpg,singleton_passage,val
GS_burst_3298,GS_Gansu,1,GS_962,10,{'4.0': 10},4.0,GS_962_1.jpg;GS_962_10.jpg;GS_962_2.jpg,singleton_passage,train
GS_burst_3299,GS_Gansu,1,GS_963,9,{'3.5': 9},3.5,GS_963_1.jpg;GS_963_2.jpg;GS_963_3.jpg,singleton_passage,train
GS_burst_3300,GS_Gansu,1,GS_964,11,{'3.5': 11},3.5,GS_964_1.jpg;GS_964_10.jpg;GS_964_11.jpg,singleton_passage,test
GS_burst_3301,GS_Gansu,1,GS_965,7,{'4.0': 7},4.0,GS_965_1.jpg;GS_965_2.jpg;GS_965_3.jpg,singleton_passage,train
GS_burst_3302,GS_Gansu,1,GS_966,8,{'3.5': 8},3.5,GS_966_1.jpg;GS_966_2.jpg;GS_966_3.jpg,singleton_passage,test
GS_burst_3303,GS_Gansu,1,GS_967,8,{'3.5': 8},3.5,GS_967_1.jpg;GS_967_2.jpg;GS_967_3.jpg,singleton_passage,val
GS_burst_3304,GS_Gansu,1,GS_968,9,{'3.5': 9},3.5,GS_968_1.jpg;GS_968_2.jpg;GS_968_3.jpg,singleton_passage,train
GS_burst_3305,GS_Gansu,1,GS_969,8,{'3.75': 8},3.75,GS_969_1.jpg;GS_969_2.jpg;GS_969_3.jpg,singleton_passage,train
GS_burst_3306,GS_Gansu,1,GS_97,8,{'3.75': 8},3.75,GS_97_1.jpg;GS_97_2.jpg;GS_97_3.jpg,singleton_passage,train
GS_burst_3307,GS_Gansu,1,GS_970,8,{'4.0': 8},4.0,GS_970_1.jpg;GS_970_2.jpg;GS_970_3.jpg,singleton_passage,train
GS_burst_3308,GS_Gansu,1,GS_971,9,{'3.5': 9},3.5,GS_971_1.jpg;GS_971_2.jpg;GS_971_3.jpg,singleton_passage,train
GS_burst_3309,GS_Gansu,1,GS_972,10,{'4.25': 10},4.25,GS_972_1.jpg;GS_972_10.jpg;GS_972_2.jpg,singleton_passage,train
GS_burst_3310,GS_Gansu,1,GS_973,8,{'3.75': 8},3.75,GS_973_1.jpg;GS_973_2.jpg;GS_973_3.jpg,singleton_passage,test
GS_burst_3311,GS_Gansu,1,GS_974,12,{'4.0': 12},4.0,GS_974_1.jpg;GS_974_10.jpg;GS_974_11.jpg,singleton_passage,train
GS_burst_3312,GS_Gansu,1,GS_975,10,{'3.25': 10},3.25,GS_975_1.jpg;GS_975_10.jpg;GS_975_2.jpg,singleton_passage,val
GS_burst_3313,GS_Gansu,1,GS_976,17,{'3.25': 17},3.25,GS_976_1.jpg;GS_976_10.jpg;GS_976_11.jpg,singleton_passage,train
GS_burst_3314,GS_Gansu,1,GS_977,8,{'3.5': 8},3.5,GS_977_1.jpg;GS_977_2.jpg;GS_977_3.jpg,singleton_passage,train
GS_burst_3315,GS_Gansu,1,GS_978,9,{'4.25': 9},4.25,GS_978_1.jpg;GS_978_2.jpg;GS_978_3.jpg,singleton_passage,val
GS_burst_3316,GS_Gansu,1,GS_979,11,{'4.0': 11},4.0,GS_979_1.jpg;GS_979_10.jpg;GS_979_11.jpg,singleton_passage,test
GS_burst_3317,GS_Gansu,1,GS_98,7,{'3.75': 7},3.75,GS_98_1.jpg;GS_98_2.jpg;GS_98_3.jpg,singleton_passage,val
GS_burst_3318,GS_Gansu,1,GS_980,8,{'3.25': 8},3.25,GS_980_1.jpg;GS_980_2.jpg;GS_980_3.jpg,singleton_passage,val
GS_burst_3319,GS_Gansu,1,GS_981,11,{'4.25': 11},4.25,GS_981_1.jpg;GS_981_10.jpg;GS_981_11.jpg,singleton_passage,train
GS_burst_3320,GS_Gansu,1,GS_982,8,{'4.25': 8},4.25,GS_982_1.jpg;GS_982_2.jpg;GS_982_3.jpg,singleton_passage,train
GS_burst_3321,GS_Gansu,1,GS_983,14,{'3.25': 14},3.25,GS_983_1.jpg;GS_983_10.jpg;GS_983_11.jpg,singleton_passage,train
GS_burst_3322,GS_Gansu,1,GS_984,9,{'3.75': 9},3.75,GS_984_1.jpg;GS_984_2.jpg;GS_984_3.jpg,singleton_passage,train
GS_burst_3323,GS_Gansu,1,GS_985,8,{'3.75': 8},3.75,GS_985_1.jpg;GS_985_2.jpg;GS_985_3.jpg,singleton_passage,train
GS_burst_3324,GS_Gansu,1,GS_986,7,{'4.0': 7},4.0,GS_986_1.jpg;GS_986_2.jpg;GS_986_3.jpg,singleton_passage,train
GS_burst_3325,GS_Gansu,1,GS_987,8,{'4.0': 8},4.0,GS_987_1.jpg;GS_987_2.jpg;GS_987_3.jpg,singleton_passage,train
GS_burst_3326,GS_Gansu,1,GS_988,8,{'3.75': 8},3.75,GS_988_1.jpg;GS_988_2.jpg;GS_988_3.jpg,singleton_passage,val
GS_burst_3327,GS_Gansu,1,GS_989,8,{'3.25': 8},3.25,GS_989_1.jpg;GS_989_2.jpg;GS_989_3.jpg,singleton_passage,test
GS_burst_3328,GS_Gansu,1,GS_99,11,{'3.75': 11},3.75,GS_99_1.jpg;GS_99_10.jpg;GS_99_11.jpg,singleton_passage,val
GS_burst_3329,GS_Gansu,1,GS_990,8,{'3.75': 8},3.75,GS_990_1.jpg;GS_990_2.jpg;GS_990_3.jpg,singleton_passage,test
GS_burst_3330,GS_Gansu,1,GS_991,7,{'3.5': 7},3.5,GS_991_1.jpg;GS_991_2.jpg;GS_991_3.jpg,singleton_passage,train
GS_burst_3331,GS_Gansu,1,GS_992,9,{'3.5': 9},3.5,GS_992_1.jpg;GS_992_2.jpg;GS_992_3.jpg,singleton_passage,train
GS_burst_3332,GS_Gansu,1,GS_993,8,{'3.75': 8},3.75,GS_993_1.jpg;GS_993_2.jpg;GS_993_3.jpg,singleton_passage,train
GS_burst_3333,GS_Gansu,1,GS_994,9,{'4.0': 9},4.0,GS_994_1.jpg;GS_994_2.jpg;GS_994_3.jpg,singleton_passage,train
GS_burst_3334,GS_Gansu,1,GS_995,12,{'4.0': 12},4.0,GS_995_1.jpg;GS_995_10.jpg;GS_995_11.jpg,singleton_passage,train
GS_burst_3335,GS_Gansu,1,GS_996,9,"{'3.25': 8, '4.25': 1}",3.25,GS_996_2.jpg;GS_996_3.jpg;GS_996_4.jpg,singleton_passage,train
GS_burst_3336,GS_Gansu,1,GS_997,8,{'3.75': 8},3.75,GS_997_1.jpg;GS_997_2.jpg;GS_997_3.jpg,singleton_passage,test
GS_burst_3337,GS_Gansu,1,GS_998,9,{'3.25': 9},3.25,GS_998_1.jpg;GS_998_2.jpg;GS_998_3.jpg,singleton_passage,train
GS_burst_3338,GS_Gansu,1,GS_999,7,{'3.25': 7},3.25,GS_999_1.jpg;GS_999_2.jpg;GS_999_3.jpg,singleton_passage,val
STEREO_burst_0001,STEREO_Farm3,1,STEREO_blk_001,13,{'3.5': 13},3.5,L-i301.jpg;L-i302.jpg;L-i303.jpg,singleton_passage,train
STEREO_burst_0002,STEREO_Farm3,1,STEREO_blk_002,34,{'3.25': 34},3.25,L-i334.jpg;L-i335.jpg;L-i336.jpg,singleton_passage,train
STEREO_burst_0003,STEREO_Farm3,1,STEREO_blk_003,17,{'3.75': 17},3.75,L-i364.jpg;L-i365.jpg;L-i366.jpg,singleton_passage,test
STEREO_burst_0004,STEREO_Farm3,1,STEREO_blk_004,52,{'4.25': 52},4.25,L-i395.jpg;L-i396.jpg;L-i397.jpg,singleton_passage,test
STEREO_burst_0005,STEREO_Farm3,1,STEREO_blk_005,14,"{'3.5': 4, '3.75': 10}",3.75,R-i427.jpg;R-i428.jpg;R-i429.jpg,singleton_passage,train
STEREO_burst_0006,STEREO_Farm3,1,STEREO_blk_006,16,{'3.75': 16},3.75,L-i469.jpg;L-i470.jpg;L-i471.jpg,singleton_passage,train
STEREO_burst_0007,STEREO_Farm3,1,STEREO_blk_007,14,{'3.5': 14},3.5,L-i496.jpg;L-i497.jpg;L-i498.jpg,singleton_passage,train
STEREO_burst_0008,STEREO_Farm3,1,STEREO_blk_008,25,{'3.5': 25},3.5,L-i518.jpg;L-i519.jpg;L-i520.jpg,singleton_passage,train
STEREO_burst_0009,STEREO_Farm3,1,STEREO_blk_009,18,"{'3.25': 2, '3.5': 16}",3.5,L-i548.jpg;L-i549.jpg;R-i545.jpg,singleton_passage,train
STEREO_burst_0010,STEREO_Farm3,1,STEREO_blk_010,37,{'3.25': 37},3.25,L-i582.jpg;L-i583.jpg;L-i584.jpg,singleton_passage,train
STEREO_burst_0011,STEREO_Farm3,1,STEREO_blk_011,33,{'3.5': 33},3.5,L-i618.jpg;L-i620.jpg;L-i621.jpg,singleton_passage,train
STEREO_burst_0012,STEREO_Farm3,1,STEREO_blk_012,30,{'3.25': 30},3.25,L-i644.jpg;L-i645.jpg;L-i646.jpg,singleton_passage,train
STEREO_burst_0013,STEREO_Farm3,1,STEREO_blk_013,4,{'3.5': 4},3.5,R-i665.jpg;R-i666.jpg;R-i667.jpg,singleton_passage,val
STEREO_burst_0014,STEREO_Farm3,1,STEREO_blk_014,30,{'3.5': 30},3.5,L-i704.jpg;L-i705.jpg;L-i706.jpg,singleton_passage,val
STEREO_burst_0015,STEREO_Farm3,1,STEREO_blk_015,34,"{'3.75': 31, '4.0': 3}",3.75,L-i741.jpg;L-i742.jpg;L-i743.jpg,singleton_passage,train
STEREO_burst_0016,STEREO_Farm3,1,STEREO_blk_016,19,{'3.5': 19},3.5,L-i781.jpg;R-i771.jpg;R-i772.jpg,singleton_passage,train
STEREO_burst_0017,STEREO_Farm3,1,STEREO_blk_017,29,{'3.5': 29},3.5,L-i804.jpg;L-i805.jpg;L-i806.jpg,singleton_passage,train
STEREO_burst_0018,STEREO_Farm3,1,STEREO_blk_018,22,{'3.25': 22},3.25,L-i829.jpg;L-i830.jpg;L-i831.jpg,singleton_passage,train
STEREO_burst_0019,STEREO_Farm3,1,STEREO_blk_019,41,"{'3.25': 38, '3.5': 3}",3.25,L-i853.jpg;L-i854.jpg;L-i855.jpg,singleton_passage,train
STEREO_burst_0020,STEREO_Farm3,1,STEREO_blk_020,30,"{'3.75': 21, '4.0': 9}",3.75,L-i894.jpg;L-i895.jpg;L-i896.jpg,singleton_passage,train
STEREO_burst_0021,STEREO_Farm3,1,STEREO_blk_021,9,{'3.25': 9},3.25,L-i922.jpg;L-i923.jpg;L-i924.jpg,singleton_passage,train
STEREO_burst_0022,STEREO_Farm3,1,STEREO_blk_022,8,{'3.5': 8},3.5,L-i941.jpg;L-i942.jpg;L-i943.jpg,singleton_passage,train
STEREO_burst_0023,STEREO_Farm3,1,STEREO_blk_023,6,{'3.75': 6},3.75,L-i965.jpg;R-i962.jpg;R-i963.jpg,singleton_passage,train
STEREO_burst_0024,STEREO_Farm3,1,STEREO_blk_024,36,{'3.5': 36},3.5,L-i1000.jpg;L-i1001.jpg;L-i1002.jpg,singleton_passage,train
STEREO_burst_0025,STEREO_Farm3,1,STEREO_blk_025,68,"{'3.25': 61, '3.5': 7}",3.25,L-i1035.jpg;L-i1036.jpg;L-i1037.jpg,singleton_passage,test
STEREO_burst_0026,STEREO_Farm3,1,STEREO_blk_026,78,{'3.25': 78},3.25,L-i1115.jpg;L-i1116.jpg;L-i1117.jpg,singleton_passage,train
STEREO_burst_0027,STEREO_Farm3,1,STEREO_blk_027,25,"{'3.25': 14, '3.5': 11}",3.25,L-i1243.jpg;L-i1244.jpg;L-i1245.jpg,singleton_passage,train
STEREO_burst_0028,STEREO_Farm3,1,STEREO_blk_028,9,{'3.75': 9},3.75,L-i1272.jpg;L-i1273.jpg;L-i1274.jpg,singleton_passage,train
STEREO_burst_0029,STEREO_Farm3,1,STEREO_blk_029,14,{'3.75': 14},3.75,L-i1298.jpg;L-i1299.jpg;L-i1300.jpg,singleton_passage,train
STEREO_burst_0030,STEREO_Farm3,1,STEREO_blk_030,37,"{'3.25': 18, '3.5': 19}",3.5,L-i1322.jpg;L-i1323.jpg;L-i1324.jpg,singleton_passage,train
STEREO_burst_0031,STEREO_Farm3,1,STEREO_blk_031,42,{'3.5': 42},3.5,L-i1352.jpg;L-i1353.jpg;L-i1354.jpg,singleton_passage,train
STEREO_burst_0032,STEREO_Farm3,1,STEREO_blk_032,17,{'3.5': 17},3.5,L-i1385.jpg;L-i1386.jpg;L-i1387.jpg,singleton_passage,val
STEREO_burst_0033,STEREO_Farm3,1,STEREO_blk_033,17,{'3.25': 17},3.25,L-i1424.jpg;L-i1425.jpg;L-i1426.jpg,singleton_passage,train
STEREO_burst_0034,STEREO_Farm3,1,STEREO_blk_034,37,{'3.25': 37},3.25,L-i1444.jpg;L-i1445.jpg;L-i1446.jpg,singleton_passage,train
STEREO_burst_0035,STEREO_Farm3,1,STEREO_blk_035,15,{'3.5': 15},3.5,L-i1477.jpg;L-i1478.jpg;L-i1479.jpg,singleton_passage,test
STEREO_burst_0036,STEREO_Farm3,1,STEREO_blk_036,40,{'3.5': 40},3.5,L-i1502.jpg;L-i1503.jpg;L-i1504.jpg,singleton_passage,val
STEREO_burst_0037,STEREO_Farm3,1,STEREO_blk_037,34,{'3.5': 34},3.5,L-i1533.jpg;L-i1534.jpg;L-i1535.jpg,singleton_passage,train
STEREO_burst_0038,STEREO_Farm3,1,STEREO_blk_038,8,{'3.5': 8},3.5,L-i1561.jpg;L-i1562.jpg;L-i1563.jpg,singleton_passage,train
STEREO_burst_0039,STEREO_Farm3,1,STEREO_blk_039,38,{'3.5': 38},3.5,L-i1578.jpg;L-i1579.jpg;L-i1580.jpg,singleton_passage,train
STEREO_burst_0040,STEREO_Farm3,1,STEREO_blk_040,93,{'3.5': 93},3.5,L-i1662.jpg;L-i1663.jpg;L-i1664.jpg,singleton_passage,train
STEREO_burst_0041,STEREO_Farm3,1,STEREO_blk_041,136,{'3.5': 136},3.5,L-i1724.jpg;L-i1725.jpg;L-i1726.jpg,singleton_passage,train
STEREO_burst_0042,STEREO_Farm3,1,STEREO_blk_042,18,{'3.75': 18},3.75,L-i1806.jpg;L-i1807.jpg;L-i1808.jpg,singleton_passage,val
STEREO_burst_0043,STEREO_Farm3,1,STEREO_blk_043,134,{'3.5': 134},3.5,L-i1872.jpg;L-i1873.jpg;L-i1874.jpg,singleton_passage,test
STEREO_burst_0044,STEREO_Farm3,1,STEREO_blk_044,18,{'3.25': 18},3.25,L-i1962.jpg;L-i1963.jpg;L-i1964.jpg,singleton_passage,train
STEREO_burst_0045,STEREO_Farm3,1,STEREO_blk_045,104,{'3.25': 104},3.25,L-i1984.jpg;L-i1985.jpg;L-i1986.jpg,singleton_passage,test
STEREO_burst_0046,STEREO_Farm3,1,STEREO_blk_046,81,{'3.75': 81},3.75,L-i2100.jpg;L-i2101.jpg;L-i2102.jpg,singleton_passage,test
STEREO_burst_0047,STEREO_Farm3,1,STEREO_blk_047,42,"{'3.75': 21, '4.0': 21}",3.75,L-i2256.jpg;L-i2257.jpg;L-i2258.jpg,singleton_passage,train
STEREO_burst_0048,STEREO_Farm3,1,STEREO_blk_048,28,"{'3.5': 27, '4.0': 1}",3.5,L-i2407.jpg;L-i2408.jpg;L-i2409.jpg,singleton_passage,train
STEREO_burst_0049,STEREO_Farm3,1,STEREO_blk_049,49,"{'3.5': 21, '3.75': 28}",3.75,R-i2447.jpg;R-i2448.jpg;R-i2449.jpg,singleton_passage,test
STEREO_burst_0050,STEREO_Farm3,1,STEREO_blk_050,38,{'3.5': 38},3.5,L-i2486.jpg;L-i2487.jpg;L-i2488.jpg,singleton_passage,train
STEREO_burst_0051,STEREO_Farm3,1,STEREO_blk_051,31,{'3.5': 31},3.5,L-i2519.jpg;L-i2520.jpg;L-i2521.jpg,singleton_passage,train
STEREO_burst_0052,STEREO_Farm3,1,STEREO_blk_052,35,"{'3.5': 17, '3.75': 18}",3.75,R-i2546.jpg;R-i2547.jpg;R-i2548.jpg,singleton_passage,train
STEREO_burst_0053,STEREO_Farm3,1,STEREO_blk_053,5,{'3.5': 5},3.5,L-i2582.jpg;L-i2583.jpg;L-i2584.jpg,singleton_passage,train
STEREO_burst_0054,STEREO_Farm3,1,STEREO_blk_054,14,{'4.0': 14},4.0,L-i2655.jpg;L-i2656.jpg;L-i2657.jpg,singleton_passage,test
STEREO_burst_0055,STEREO_Farm3,1,STEREO_blk_055,63,{'3.5': 63},3.5,L-i2714.jpg;L-i2715.jpg;L-i2716.jpg,singleton_passage,train
STEREO_burst_0056,STEREO_Farm3,1,STEREO_blk_056,35,"{'3.5': 17, '3.75': 18}",3.75,R-i2758.jpg;R-i2759.jpg;R-i2760.jpg,singleton_passage,val
STEREO_burst_0057,STEREO_Farm3,1,STEREO_blk_057,34,"{'3.75': 17, '4.0': 17}",3.75,L-i3074.jpg;L-i3075.jpg;L-i3076.jpg,singleton_passage,train
STEREO_burst_0058,STEREO_Farm3,1,STEREO_blk_058,153,{'3.5': 153},3.5,L-i3105.jpg;L-i3106.jpg;L-i3107.jpg,singleton_passage,val
STEREO_burst_0059,STEREO_Farm3,1,STEREO_blk_059,19,{'3.25': 19},3.25,L-i3199.jpg;L-i3200.jpg;L-i3201.jpg,singleton_passage,val
STEREO_burst_0060,STEREO_Farm3,1,STEREO_blk_060,33,"{'3.75': 17, '4.0': 16}",3.75,L-i3218.jpg;L-i3219.jpg;L-i3220.jpg,singleton_passage,train
STEREO_burst_0061,STEREO_Farm3,1,STEREO_blk_061,35,"{'3.5': 15, '3.75': 20}",3.75,R-i3247.jpg;R-i3248.jpg;R-i3249.jpg,singleton_passage,train
STEREO_burst_0062,STEREO_Farm3,1,STEREO_blk_062,13,{'3.75': 13},3.75,L-i3282.jpg;L-i3283.jpg;L-i3284.jpg,singleton_passage,val
STEREO_burst_0063,STEREO_Farm3,1,STEREO_blk_063,33,"{'3.5': 16, '3.75': 17}",3.75,R-i3310.jpg;R-i3311.jpg;R-i3312.jpg,singleton_passage,train
STEREO_burst_0064,STEREO_Farm3,1,STEREO_blk_064,4,"{'3.5': 1, '3.75': 3}",3.75,R-i3370.jpg;L-i3369.jpg;L-i3370.jpg,singleton_passage,train
STEREO_burst_0065,STEREO_Farm3,1,STEREO_blk_065,92,{'3.5': 92},3.5,L-i3385.jpg;L-i3386.jpg;L-i3387.jpg,singleton_passage,test
STEREO_burst_0066,STEREO_Farm3,1,STEREO_blk_066,21,"{'3.75': 11, '4.0': 10}",3.75,L-i3473.jpg;L-i3474.jpg;L-i3475.jpg,singleton_passage,train
STEREO_burst_0067,STEREO_Farm3,1,STEREO_blk_067,14,"{'3.75': 6, '4.0': 8}",4.0,R-i3499.jpg;R-i3500.jpg;R-i3501.jpg,singleton_passage,train
STEREO_burst_0068,STEREO_Farm3,1,STEREO_blk_068,20,"{'3.25': 10, '3.5': 10}",3.25,R-i3527.jpg;R-i3528.jpg;R-i3529.jpg,singleton_passage,train
STEREO_burst_0069,STEREO_Farm3,1,STEREO_blk_069,265,"{'3.75': 141, '4.0': 124}",3.75,R-i3569.jpg;R-i3570.jpg;R-i3571.jpg,singleton_passage,train
STEREO_burst_0070,STEREO_Farm3,1,STEREO_blk_070,10,{'3.75': 10},3.75,R-i3722.jpg;R-i3723.jpg;R-i3724.jpg,singleton_passage,train
STEREO_burst_0071,STEREO_Farm3,1,STEREO_blk_071,43,{'3.75': 43},3.75,L-i3761.jpg;L-i3762.jpg;L-i3763.jpg,singleton_passage,train
STEREO_burst_0072,STEREO_Farm3,1,STEREO_blk_072,14,"{'3.75': 1, '4.0': 13}",4.0,R-i3795.jpg;L-i3796.jpg;L-i3797.jpg,singleton_passage,train
STEREO_burst_0073,STEREO_Farm3,1,STEREO_blk_073,28,"{'4.0': 12, '4.25': 16}",4.25,R-i3820.jpg;R-i3821.jpg;R-i3822.jpg,singleton_passage,train
STEREO_burst_0074,STEREO_Farm3,1,STEREO_blk_074,33,"{'3.25': 16, '3.5': 17}",3.5,R-i3845.jpg;R-i3846.jpg;R-i3847.jpg,singleton_passage,train
STEREO_burst_0075,STEREO_Farm3,1,STEREO_blk_075,40,{'4.25': 40},4.25,L-i3874.jpg;L-i3875.jpg;L-i3876.jpg,singleton_passage,train
STEREO_burst_0076,STEREO_Farm3,1,STEREO_blk_076,23,{'3.75': 23},3.75,L-i3906.jpg;L-i3907.jpg;L-i3908.jpg,singleton_passage,train
STEREO_burst_0077,STEREO_Farm3,1,STEREO_blk_077,47,{'4.25': 47},4.25,L-i3930.jpg;L-i3931.jpg;L-i3932.jpg,singleton_passage,train
STEREO_burst_0078,STEREO_Farm3,1,STEREO_blk_078,24,{'3.5': 24},3.5,L-i3963.jpg;L-i3964.jpg;L-i3965.jpg,singleton_passage,train
STEREO_burst_0079,STEREO_Farm3,1,STEREO_blk_079,16,{'3.75': 16},3.75,L-i3989.jpg;L-i3990.jpg;L-i3991.jpg,singleton_passage,val
STEREO_burst_0080,STEREO_Farm3,1,STEREO_blk_080,52,"{'3.75': 25, '4.0': 27}",4.0,R-i4018.jpg;R-i4019.jpg;R-i4020.jpg,singleton_passage,train
STEREO_burst_0081,STEREO_Farm3,1,STEREO_blk_081,7,{'3.75': 7},3.75,R-i4061.jpg;R-i4062.jpg;R-i4063.jpg,singleton_passage,train
STEREO_burst_0082,STEREO_Farm3,1,STEREO_blk_082,7,{'3.75': 7},3.75,R-i4093.jpg;R-i4094.jpg;R-i4095.jpg,singleton_passage,val
STEREO_burst_0083,STEREO_Farm3,1,STEREO_blk_083,18,"{'3.5': 9, '3.75': 9}",3.5,R-i4118.jpg;R-i4119.jpg;R-i4120.jpg,singleton_passage,train
STEREO_burst_0084,STEREO_Farm3,1,STEREO_blk_084,20,{'3.5': 20},3.5,L-i4145.jpg;L-i4146.jpg;L-i4147.jpg,singleton_passage,train
STEREO_burst_0085,STEREO_Farm3,1,STEREO_blk_085,35,{'4.0': 35},4.0,L-i4166.jpg;L-i4167.jpg;L-i4168.jpg,singleton_passage,val
STEREO_burst_0086,STEREO_Farm3,1,STEREO_blk_086,32,{'3.5': 32},3.5,L-i4197.jpg;L-i4198.jpg;L-i4199.jpg,singleton_passage,train
STEREO_burst_0087,STEREO_Farm3,1,STEREO_blk_087,38,{'3.75': 38},3.75,L-i4229.jpg;L-i4230.jpg;L-i4231.jpg,singleton_passage,train
STEREO_burst_0088,STEREO_Farm3,1,STEREO_blk_088,20,{'3.75': 20},3.75,L-i4258.jpg;L-i4259.jpg;L-i4260.jpg,singleton_passage,train
STEREO_burst_0089,STEREO_Farm3,1,STEREO_blk_089,28,{'3.5': 28},3.5,L-i4294.jpg;L-i4295.jpg;L-i4296.jpg,singleton_passage,test
STEREO_burst_0090,STEREO_Farm3,1,STEREO_blk_090,60,{'3.5': 60},3.5,L-i4318.jpg;L-i4319.jpg;L-i4320.jpg,singleton_passage,train
STEREO_burst_0091,STEREO_Farm3,1,STEREO_blk_091,37,{'3.75': 37},3.75,L-i4365.jpg;L-i4366.jpg;L-i4367.jpg,singleton_passage,train
STEREO_burst_0092,STEREO_Farm3,1,STEREO_blk_092,25,{'4.0': 25},4.0,L-i4395.jpg;L-i4396.jpg;L-i4397.jpg,singleton_passage,val
STEREO_burst_0093,STEREO_Farm3,1,STEREO_blk_093,22,{'3.25': 22},3.25,L-i4423.jpg;L-i4424.jpg;L-i4425.jpg,singleton_passage,val
STEREO_burst_0094,STEREO_Farm3,1,STEREO_blk_094,19,{'3.75': 19},3.75,R-i4446.jpg;R-i4447.jpg;R-i4448.jpg,singleton_passage,val
STEREO_burst_0095,STEREO_Farm3,1,STEREO_blk_095,29,{'3.5': 29},3.5,L-i4477.jpg;L-i4478.jpg;L-i4479.jpg,singleton_passage,test
STEREO_burst_0096,STEREO_Farm3,1,STEREO_blk_096,4,{'3.5': 4},3.5,R-i4501.jpg;R-i4502.jpg;R-i4503.jpg,singleton_passage,train
STEREO_burst_0097,STEREO_Farm3,1,STEREO_blk_097,6,"{'3.75': 1, '4.0': 5}",4.0,L-i4572.jpg;L-i4567.jpg;L-i4568.jpg,singleton_passage,val
STEREO_burst_0098,STEREO_Farm3,1,STEREO_blk_098,8,{'4.0': 8},4.0,L-i4608.jpg;L-i4609.jpg;L-i4610.jpg,singleton_passage,test
STEREO_burst_0099,STEREO_Farm3,1,STEREO_blk_099,22,{'3.5': 22},3.5,L-i4662.jpg;L-i4663.jpg;L-i4664.jpg,singleton_passage,train
STEREO_burst_0100,STEREO_Farm3,1,STEREO_blk_100,37,{'3.5': 37},3.5,L-i4716.jpg;L-i4717.jpg;L-i4718.jpg,singleton_passage,train
STEREO_burst_0101,STEREO_Farm3,1,STEREO_blk_101,11,{'3.75': 11},3.75,L-i4808.jpg;L-i4809.jpg;L-i4810.jpg,singleton_passage,train
STEREO_burst_0102,STEREO_Farm3,1,STEREO_blk_102,39,"{'4.0': 19, '4.25': 20}",4.25,R-i4832.jpg;R-i4833.jpg;R-i4834.jpg,singleton_passage,train
STEREO_burst_0103,STEREO_Farm3,1,STEREO_blk_103,6,"{'4.0': 3, '4.25': 3}",4.0,R-i4919.jpg;R-i4920.jpg;R-i4921.jpg,singleton_passage,val
STEREO_burst_0104,STEREO_Farm3,1,STEREO_blk_104,48,{'3.5': 48},3.5,L-i4946.jpg;L-i4947.jpg;L-i4948.jpg,singleton_passage,train
STEREO_burst_0105,STEREO_Farm3,1,STEREO_blk_105,25,"{'3.5': 12, '3.75': 13}",3.75,R-i4988.jpg;R-i4989.jpg;R-i4990.jpg,singleton_passage,train
STEREO_burst_0106,STEREO_Farm3,1,STEREO_blk_106,105,{'3.5': 105},3.5,L-i5042.jpg;L-i5043.jpg;L-i5044.jpg,singleton_passage,val
STEREO_burst_0107,STEREO_Farm3,1,STEREO_blk_107,28,"{'3.5': 14, '3.75': 14}",3.5,R-i5106.jpg;R-i5107.jpg;R-i5108.jpg,singleton_passage,train
STEREO_burst_0108,STEREO_Farm3,1,STEREO_blk_108,35,"{'3.5': 17, '3.75': 18}",3.75,R-i5131.jpg;R-i5132.jpg;R-i5133.jpg,singleton_passage,val
STEREO_burst_0109,STEREO_Farm3,1,STEREO_blk_109,19,{'3.5': 19},3.5,L-i5164.jpg;L-i5165.jpg;L-i5166.jpg,singleton_passage,train
STEREO_burst_0110,STEREO_Farm3,1,STEREO_blk_110,106,{'3.75': 106},3.75,L-i5209.jpg;L-i5210.jpg;L-i5211.jpg,singleton_passage,test
STEREO_burst_0111,STEREO_Farm3,1,STEREO_blk_111,7,"{'3.5': 2, '3.75': 5}",3.75,R-i5320.jpg;R-i5321.jpg;L-i5319.jpg,singleton_passage,train
STEREO_burst_0112,STEREO_Farm3,1,STEREO_blk_112,9,"{'3.5': 4, '3.75': 5}",3.75,R-i5353.jpg;R-i5354.jpg;R-i5355.jpg,singleton_passage,train
STEREO_burst_0113,STEREO_Farm3,1,STEREO_blk_113,19,{'3.75': 19},3.75,L-i5392.jpg;L-i5393.jpg;L-i5394.jpg,singleton_passage,train
STEREO_burst_0114,STEREO_Farm3,1,STEREO_blk_114,8,"{'3.5': 1, '3.75': 7}",3.75,R-i5423.jpg;L-i5423.jpg;L-i5424.jpg,singleton_passage,train
STEREO_burst_0115,STEREO_Farm3,1,STEREO_blk_115,18,{'3.75': 18},3.75,R-i5449.jpg;R-i5450.jpg;R-i5451.jpg,singleton_passage,train
STEREO_burst_0116,STEREO_Farm3,1,STEREO_blk_116,41,{'3.25': 41},3.25,L-i5475.jpg;L-i5476.jpg;L-i5477.jpg,singleton_passage,val
STEREO_burst_0117,STEREO_Farm3,1,STEREO_blk_117,62,{'3.5': 62},3.5,L-i5562.jpg;L-i5563.jpg;L-i5564.jpg,singleton_passage,train
STEREO_burst_0118,STEREO_Farm3,1,STEREO_blk_118,36,"{'3.25': 17, '3.5': 19}",3.5,R-i5602.jpg;R-i5603.jpg;R-i5604.jpg,singleton_passage,train
STEREO_burst_0119,STEREO_Farm3,1,STEREO_blk_119,3,{'3.5': 3},3.5,R-i5637.jpg;R-i5638.jpg;R-i5639.jpg,singleton_passage,val
STEREO_burst_0120,STEREO_Farm3,1,STEREO_blk_120,46,{'4.0': 46},4.0,L-i5660.jpg;L-i5661.jpg;L-i5662.jpg,singleton_passage,train
STEREO_burst_0121,STEREO_Farm3,1,STEREO_blk_121,49,"{'3.75': 24, '4.0': 25}",4.0,R-i5694.jpg;R-i5695.jpg;R-i5696.jpg,singleton_passage,train
STEREO_burst_0122,STEREO_Farm3,1,STEREO_blk_122,2,{'4.0': 2},4.0,L-i6007.jpg;L-i6008.jpg,singleton_passage,train
STEREO_burst_0123,STEREO_Farm3,1,STEREO_blk_123,10,{'3.5': 10},3.5,L-i6021.jpg;L-i6022.jpg;L-i6023.jpg,singleton_passage,val
STEREO_burst_0124,STEREO_Farm3,1,STEREO_blk_124,63,{'3.5': 63},3.5,L-i6040.jpg;L-i6041.jpg;L-i6042.jpg,singleton_passage,val
STEREO_burst_0125,STEREO_Farm3,1,STEREO_blk_125,42,{'4.25': 42},4.25,L-i6084.jpg;L-i6085.jpg;L-i6086.jpg,singleton_passage,train
STEREO_burst_0126,STEREO_Farm3,1,STEREO_blk_126,24,{'4.0': 24},4.0,L-i6114.jpg;L-i6115.jpg;L-i6116.jpg,singleton_passage,train
STEREO_burst_0127,STEREO_Farm3,1,STEREO_blk_127,36,{'4.0': 36},4.0,L-i6138.jpg;L-i6139.jpg;L-i6140.jpg,singleton_passage,train
STEREO_burst_0128,STEREO_Farm3,1,STEREO_blk_128,32,{'3.75': 32},3.75,L-i6170.jpg;L-i6171.jpg;L-i6172.jpg,singleton_passage,test
STEREO_burst_0129,STEREO_Farm3,1,STEREO_blk_129,10,{'4.0': 10},4.0,L-i6200.jpg;L-i6201.jpg;L-i6202.jpg,singleton_passage,val
STEREO_burst_0130,STEREO_Farm3,1,STEREO_blk_130,59,{'3.25': 59},3.25,L-i6227.jpg;L-i6228.jpg;L-i6229.jpg,singleton_passage,test
STEREO_burst_0131,STEREO_Farm3,1,STEREO_blk_131,13,"{'3.75': 5, '4.0': 8}",4.0,R-i6267.jpg;R-i6268.jpg;R-i6269.jpg,singleton_passage,train
STEREO_burst_0132,STEREO_Farm3,1,STEREO_blk_132,35,{'4.0': 35},4.0,L-i6291.jpg;L-i6292.jpg;L-i6293.jpg,singleton_passage,train
STEREO_burst_0133,STEREO_Farm3,1,STEREO_blk_133,32,{'4.0': 32},4.0,L-i6320.jpg;L-i6321.jpg;L-i6322.jpg,singleton_passage,train
STEREO_burst_0134,STEREO_Farm3,1,STEREO_blk_134,494,{'4.25': 494},4.25,L-i6347.jpg;L-i6348.jpg;L-i6349.jpg,singleton_passage,val
STEREO_burst_0135,STEREO_Farm3,1,STEREO_blk_135,38,{'4.0': 38},4.0,L-i6605.jpg;L-i6606.jpg;L-i6607.jpg,singleton_passage,train
STEREO_burst_0136,STEREO_Farm3,1,STEREO_blk_136,47,{'4.25': 47},4.25,L-i6636.jpg;L-i6637.jpg;L-i6638.jpg,singleton_passage,train
STEREO_burst_0137,STEREO_Farm3,1,STEREO_blk_137,37,{'3.75': 37},3.75,L-i6673.jpg;L-i6674.jpg;L-i6675.jpg,singleton_passage,train
STEREO_burst_0138,STEREO_Farm3,1,STEREO_blk_138,40,{'4.0': 40},4.0,L-i6701.jpg;L-i6702.jpg;L-i6703.jpg,singleton_passage,train
STEREO_burst_0139,STEREO_Farm3,1,STEREO_blk_139,22,"{'3.5': 10, '3.75': 12}",3.75,R-i6728.jpg;R-i6729.jpg;R-i6730.jpg,singleton_passage,train
STEREO_burst_0140,STEREO_Farm3,1,STEREO_blk_140,30,{'3.5': 30},3.5,L-i6759.jpg;L-i6760.jpg;L-i6761.jpg,singleton_passage,train
STEREO_burst_0141,STEREO_Farm3,1,STEREO_blk_141,7,{'3.75': 7},3.75,R-i6780.jpg;R-i6781.jpg;R-i6782.jpg,singleton_passage,train
STEREO_burst_0142,STEREO_Farm3,1,STEREO_blk_142,25,{'3.75': 25},3.75,L-i6812.jpg;L-i6813.jpg;L-i6814.jpg,singleton_passage,val
STEREO_burst_0143,STEREO_Farm3,1,STEREO_blk_143,33,"{'3.75': 17, '4.0': 16}",3.75,L-i6853.jpg;L-i6854.jpg;L-i6855.jpg,singleton_passage,train
STEREO_burst_0144,STEREO_Farm3,1,STEREO_blk_144,204,{'3.25': 204},3.25,L-i6884.jpg;L-i6885.jpg;L-i6886.jpg,singleton_passage,train
STEREO_burst_0145,STEREO_Farm3,1,STEREO_blk_145,19,{'4.25': 19},4.25,L-i7006.jpg;L-i7007.jpg;L-i7008.jpg,singleton_passage,train
STEREO_burst_0146,STEREO_Farm3,1,STEREO_blk_146,33,{'4.0': 33},4.0,L-i7026.jpg;L-i7027.jpg;L-i7028.jpg,singleton_passage,train
STEREO_burst_0147,STEREO_Farm3,1,STEREO_blk_147,31,{'4.0': 31},4.0,L-i7057.jpg;L-i7058.jpg;L-i7059.jpg,singleton_passage,test
STEREO_burst_0148,STEREO_Farm3,1,STEREO_blk_148,19,{'3.5': 19},3.5,L-i7081.jpg;L-i7082.jpg;L-i7083.jpg,singleton_passage,train
STEREO_burst_0149,STEREO_Farm3,1,STEREO_blk_149,38,{'4.25': 38},4.25,L-i7117.jpg;L-i7118.jpg;L-i7119.jpg,singleton_passage,val
STEREO_burst_0150,STEREO_Farm3,1,STEREO_blk_150,19,{'3.5': 19},3.5,L-i7146.jpg;L-i7147.jpg;L-i7148.jpg,singleton_passage,train
STEREO_burst_0151,STEREO_Farm3,1,STEREO_blk_151,31,{'4.25': 31},4.25,L-i7171.jpg;L-i7172.jpg;L-i7173.jpg,singleton_passage,train
STEREO_burst_0152,STEREO_Farm3,1,STEREO_blk_152,33,{'4.0': 33},4.0,L-i7202.jpg;L-i7203.jpg;L-i7204.jpg,singleton_passage,train
STEREO_burst_0153,STEREO_Farm3,1,STEREO_blk_153,21,{'3.5': 21},3.5,L-i7231.jpg;L-i7232.jpg;L-i7233.jpg,singleton_passage,train
STEREO_burst_0154,STEREO_Farm3,1,STEREO_blk_154,24,"{'3.75': 12, '4.0': 12}",3.75,R-i7291.jpg;R-i7292.jpg;R-i7293.jpg,singleton_passage,test
STEREO_burst_0155,STEREO_Farm3,1,STEREO_blk_155,39,{'3.25': 39},3.25,L-i7355.jpg;L-i7356.jpg;L-i7357.jpg,singleton_passage,train
STEREO_burst_0156,STEREO_Farm3,1,STEREO_blk_156,36,{'4.0': 36},4.0,L-i7392.jpg;L-i7393.jpg;L-i7394.jpg,singleton_passage,train
STEREO_burst_0157,STEREO_Farm3,1,STEREO_blk_157,14,{'4.25': 14},4.25,L-i7423.jpg;L-i7426.jpg;L-i7427.jpg,singleton_passage,train
STEREO_burst_0158,STEREO_Farm3,1,STEREO_blk_158,30,{'4.25': 30},4.25,L-i7444.jpg;L-i7445.jpg;L-i7446.jpg,singleton_passage,train
STEREO_burst_0159,STEREO_Farm3,1,STEREO_blk_159,20,{'3.75': 20},3.75,L-i7473.jpg;L-i7474.jpg;L-i7475.jpg,singleton_passage,train
STEREO_burst_0160,STEREO_Farm3,1,STEREO_blk_160,46,{'4.0': 46},4.0,L-i7499.jpg;L-i7500.jpg;L-i7501.jpg,singleton_passage,val
STEREO_burst_0161,STEREO_Farm3,1,STEREO_blk_161,17,{'4.0': 17},4.0,L-i7540.jpg;L-i7541.jpg;L-i7542.jpg,singleton_passage,train
STEREO_burst_0162,STEREO_Farm3,1,STEREO_blk_162,6,{'4.0': 6},4.0,L-i7577.jpg;L-i7578.jpg;L-i7579.jpg,singleton_passage,train
STEREO_burst_0163,STEREO_Farm3,1,STEREO_blk_163,4,"{'3.75': 2, '4.0': 2}",3.75,R-i7608.jpg;R-i7609.jpg;L-i7611.jpg,singleton_passage,train
STEREO_burst_0164,STEREO_Farm3,1,STEREO_blk_164,18,{'4.0': 18},4.0,L-i7626.jpg;L-i7627.jpg;L-i7628.jpg,singleton_passage,val
STEREO_burst_0165,STEREO_Farm3,1,STEREO_blk_165,9,{'3.75': 9},3.75,L-i7664.jpg;L-i7665.jpg;L-i7666.jpg,singleton_passage,val
STEREO_burst_0166,STEREO_Farm3,1,STEREO_blk_166,61,{'4.25': 61},4.25,L-i7701.jpg;L-i7702.jpg;L-i7703.jpg,singleton_passage,train
STEREO_burst_0167,STEREO_Farm3,1,STEREO_blk_167,20,{'3.75': 20},3.75,L-i7751.jpg;L-i7752.jpg;L-i7753.jpg,singleton_passage,test
STEREO_burst_0168,STEREO_Farm3,1,STEREO_blk_168,22,"{'4.0': 11, '4.25': 11}",4.0,R-i7771.jpg;R-i7772.jpg;R-i7773.jpg,singleton_passage,test
STEREO_burst_0169,STEREO_Farm3,1,STEREO_blk_169,32,"{'3.5': 16, '3.75': 16}",3.5,L-i7801.jpg;L-i7802.jpg;L-i7803.jpg,singleton_passage,val
STEREO_burst_0170,STEREO_Farm3,1,STEREO_blk_170,36,{'3.75': 36},3.75,L-i7964.jpg;L-i7965.jpg;L-i7966.jpg,singleton_passage,val
STEREO_burst_0171,STEREO_Farm3,1,STEREO_blk_171,22,{'3.5': 22},3.5,L-i8003.jpg;L-i8004.jpg;L-i8005.jpg,singleton_passage,train
STEREO_burst_0172,STEREO_Farm3,1,STEREO_blk_172,28,{'4.0': 28},4.0,L-i8028.jpg;L-i8029.jpg;L-i8030.jpg,singleton_passage,train
STEREO_burst_0173,STEREO_Farm3,1,STEREO_blk_173,1,{'3.5': 1},3.5,L-i8063.jpg,singleton_passage,train
STEREO_burst_0174,STEREO_Farm3,1,STEREO_blk_174,6,{'3.5': 6},3.5,L-i8070.jpg;L-i8071.jpg;L-i8072.jpg,singleton_passage,val
STEREO_burst_0175,STEREO_Farm3,1,STEREO_blk_175,18,{'3.25': 18},3.25,L-i8091.jpg;L-i8092.jpg;L-i8093.jpg,singleton_passage,train
STEREO_burst_0176,STEREO_Farm3,1,STEREO_blk_176,33,{'3.75': 33},3.75,L-i8112.jpg;L-i8113.jpg;L-i8114.jpg,singleton_passage,train
STEREO_burst_0177,STEREO_Farm3,1,STEREO_blk_177,17,{'3.75': 17},3.75,L-i8323.jpg;L-i8324.jpg;L-i8325.jpg,singleton_passage,train
STEREO_burst_0178,STEREO_Farm3,1,STEREO_blk_178,23,{'3.75': 23},3.75,L-i8358.jpg;L-i8359.jpg;L-i8360.jpg,singleton_passage,train
STEREO_burst_0179,STEREO_Farm3,1,STEREO_blk_179,1,{'3.5': 1},3.5,R-i8394.jpg,singleton_passage,train
STEREO_burst_0180,STEREO_Farm3,1,STEREO_blk_180,70,{'3.5': 70},3.5,L-i8426.jpg;L-i8427.jpg;L-i8428.jpg,singleton_passage,test
STEREO_burst_0181,STEREO_Farm3,1,STEREO_blk_181,8,{'3.5': 8},3.5,L-i8479.jpg;L-i8480.jpg;L-i8481.jpg,singleton_passage,train
STEREO_burst_0182,STEREO_Farm3,1,STEREO_blk_182,20,{'3.75': 20},3.75,L-i8497.jpg;L-i8498.jpg;L-i8499.jpg,singleton_passage,train
STEREO_burst_0183,STEREO_Farm3,1,STEREO_blk_183,30,{'3.5': 30},3.5,L-i8527.jpg;L-i8528.jpg;L-i8529.jpg,singleton_passage,train
STEREO_burst_0184,STEREO_Farm3,1,STEREO_blk_184,29,{'4.0': 29},4.0,L-i8555.jpg;L-i8556.jpg;L-i8557.jpg,singleton_passage,val
STEREO_burst_0185,STEREO_Farm3,1,STEREO_blk_185,9,{'3.75': 9},3.75,L-i8598.jpg;L-i8599.jpg;L-i8600.jpg,singleton_passage,train
STEREO_burst_0186,STEREO_Farm3,1,STEREO_blk_186,27,{'3.75': 27},3.75,L-i8618.jpg;L-i8619.jpg;L-i8620.jpg,singleton_passage,test
STEREO_burst_0187,STEREO_Farm3,1,STEREO_blk_187,9,"{'3.75': 5, '4.0': 4}",3.75,R-i8662.jpg;R-i8663.jpg;R-i8664.jpg,singleton_passage,val
STEREO_burst_0188,STEREO_Farm3,1,STEREO_blk_188,51,{'3.75': 51},3.75,R-i8694.jpg;R-i8695.jpg;R-i8696.jpg,singleton_passage,train
STEREO_burst_0189,STEREO_Farm3,1,STEREO_blk_189,7,{'3.75': 7},3.75,R-i8793.jpg;R-i8794.jpg;R-i8795.jpg,singleton_passage,train
STEREO_burst_0190,STEREO_Farm3,1,STEREO_blk_190,23,"{'4.0': 11, '4.25': 12}",4.25,R-i8968.jpg;R-i8969.jpg;R-i8970.jpg,singleton_passage,train
STEREO_burst_0191,STEREO_Farm3,1,STEREO_blk_191,38,"{'3.75': 18, '4.0': 20}",4.0,R-i8990.jpg;R-i8991.jpg;R-i8992.jpg,singleton_passage,train
STEREO_burst_0192,STEREO_Farm3,1,STEREO_blk_192,24,{'4.25': 24},4.25,L-i9028.jpg;L-i9029.jpg;L-i9030.jpg,singleton_passage,train
STEREO_burst_0193,STEREO_Farm3,1,STEREO_blk_193,102,{'4.0': 102},4.0,L-i9056.jpg;L-i9057.jpg;L-i9058.jpg,singleton_passage,train
STEREO_burst_0194,STEREO_Farm3,1,STEREO_blk_194,1,{'4.0': 1},4.0,R-i9137.jpg,singleton_passage,test
STEREO_burst_0195,STEREO_Farm3,1,STEREO_blk_195,17,{'3.5': 17},3.5,L-i9153.jpg;L-i9154.jpg;L-i9155.jpg,singleton_passage,train
STEREO_burst_0196,STEREO_Farm3,1,STEREO_blk_196,32,{'3.75': 32},3.75,L-i9180.jpg;L-i9181.jpg;L-i9182.jpg,singleton_passage,test
STEREO_burst_0197,STEREO_Farm3,1,STEREO_blk_197,15,{'3.75': 15},3.75,L-i9216.jpg;L-i9217.jpg;L-i9218.jpg,singleton_passage,train
STEREO_burst_0198,STEREO_Farm3,1,STEREO_blk_198,18,{'4.0': 18},4.0,L-i9248.jpg;L-i9249.jpg;L-i9250.jpg,singleton_passage,train
STEREO_burst_0199,STEREO_Farm3,1,STEREO_blk_199,42,{'4.0': 42},4.0,L-i9273.jpg;L-i9274.jpg;L-i9275.jpg,singleton_passage,train
STEREO_burst_0200,STEREO_Farm3,1,STEREO_blk_200,4,{'3.75': 4},3.75,L-i9314.jpg;L-i9315.jpg;L-i9316.jpg,singleton_passage,train
STEREO_burst_0201,STEREO_Farm3,1,STEREO_blk_201,29,{'3.75': 29},3.75,L-i9342.jpg;L-i9343.jpg;L-i9344.jpg,singleton_passage,test
STEREO_burst_0202,STEREO_Farm3,1,STEREO_blk_202,4,{'3.75': 4},3.75,L-i9374.jpg;L-i9376.jpg;R-i9370.jpg,singleton_passage,train
STEREO_burst_0203,STEREO_Farm3,1,STEREO_blk_203,31,{'4.0': 31},4.0,L-i9390.jpg;L-i9391.jpg;L-i9392.jpg,singleton_passage,train
STEREO_burst_0204,STEREO_Farm3,1,STEREO_blk_204,19,"{'4.0': 9, '4.25': 10}",4.25,R-i9415.jpg;R-i9416.jpg;R-i9417.jpg,singleton_passage,val
STEREO_burst_0205,STEREO_Farm3,1,STEREO_blk_205,49,"{'3.75': 1, '4.0': 48}",4.0,R-i9440.jpg;L-i9444.jpg;L-i9445.jpg,singleton_passage,train
STEREO_burst_0206,STEREO_Farm3,1,STEREO_blk_206,32,"{'3.75': 15, '4.0': 17}",4.0,L-i9478.jpg;L-i9479.jpg;L-i9480.jpg,singleton_passage,train
STEREO_burst_0207,STEREO_Farm3,1,STEREO_blk_207,168,{'3.75': 168},3.75,L-i9550.jpg;L-i9551.jpg;L-i9552.jpg,singleton_passage,train
STEREO_burst_0208,STEREO_Farm3,1,STEREO_blk_208,152,{'3.75': 152},3.75,L-i9715.jpg;L-i9716.jpg;L-i9717.jpg,singleton_passage,train
STEREO_burst_0209,STEREO_Farm3,1,STEREO_blk_209,67,{'4.0': 67},4.0,L-i9876.jpg;L-i9877.jpg;L-i9878.jpg,singleton_passage,train
STEREO_burst_0210,STEREO_Farm3,1,STEREO_blk_210,24,{'4.0': 24},4.0,L-i9934.jpg;L-i9935.jpg;L-i9936.jpg,singleton_passage,train
STEREO_burst_0211,STEREO_Farm3,1,STEREO_blk_211,9,{'3.75': 9},3.75,R-i9953.jpg;R-i9954.jpg;R-i9955.jpg,singleton_passage,train
STEREO_burst_0212,STEREO_Farm3,1,STEREO_blk_212,49,{'4.0': 49},4.0,L-i10000.jpg;L-i10001.jpg;L-i10002.jpg,singleton_passage,train
STEREO_burst_0213,STEREO_Farm3,1,STEREO_blk_213,31,{'4.25': 31},4.25,L-i10019.jpg;L-i10020.jpg;L-i10021.jpg,singleton_passage,train
STEREO_burst_0214,STEREO_Farm3,1,STEREO_blk_214,27,{'4.0': 27},4.0,L-i10051.jpg;L-i10052.jpg;L-i10053.jpg,singleton_passage,train
STEREO_burst_0215,STEREO_Farm3,1,STEREO_blk_215,39,{'3.5': 39},3.5,L-i10078.jpg;L-i10079.jpg;L-i10080.jpg,singleton_passage,train
STEREO_burst_0216,STEREO_Farm3,1,STEREO_blk_216,18,{'4.0': 18},4.0,L-i10114.jpg;L-i10115.jpg;L-i10116.jpg,singleton_passage,test
STEREO_burst_0217,STEREO_Farm3,1,STEREO_blk_217,17,"{'3.75': 8, '4.0': 9}",4.0,L-i10153.jpg;L-i10154.jpg;L-i10155.jpg,singleton_passage,test
STEREO_burst_0218,STEREO_Farm3,1,STEREO_blk_218,2,{'3.5': 2},3.5,L-i10188.jpg;L-i10189.jpg,singleton_passage,test
STEREO_burst_0219,STEREO_Farm3,1,STEREO_blk_219,22,"{'3.75': 11, '4.0': 11}",3.75,L-i10205.jpg;L-i10206.jpg;L-i10207.jpg,singleton_passage,val
STEREO_burst_0220,STEREO_Farm3,1,STEREO_blk_220,38,{'3.75': 38},3.75,L-i10225.jpg;L-i10226.jpg;L-i10227.jpg,singleton_passage,train
STEREO_burst_0221,STEREO_Farm3,1,STEREO_blk_221,64,"{'4.0': 32, '4.25': 32}",4.0,R-i10280.jpg;R-i10281.jpg;R-i10282.jpg,singleton_passage,train
STEREO_burst_0222,STEREO_Farm3,1,STEREO_blk_222,39,{'3.5': 39},3.5,L-i10327.jpg;L-i10328.jpg;L-i10329.jpg,singleton_passage,train
STEREO_burst_0223,STEREO_Farm3,1,STEREO_blk_223,7,{'3.5': 7},3.5,L-i10409.jpg;L-i10410.jpg;L-i10411.jpg,singleton_passage,test
STEREO_burst_0224,STEREO_Farm3,1,STEREO_blk_224,15,{'4.0': 15},4.0,L-i10428.jpg;L-i10429.jpg;L-i10430.jpg,singleton_passage,train
STEREO_burst_0225,STEREO_Farm3,1,STEREO_blk_225,32,{'3.75': 32},3.75,L-i10454.jpg;L-i10455.jpg;L-i10456.jpg,singleton_passage,train
STEREO_burst_0226,STEREO_Farm3,1,STEREO_blk_226,7,{'4.0': 7},4.0,L-i10493.jpg;L-i10494.jpg;L-i10495.jpg,singleton_passage,train
STEREO_burst_0227,STEREO_Farm3,1,STEREO_blk_227,41,{'4.0': 41},4.0,L-i10509.jpg;L-i10510.jpg;L-i10511.jpg,singleton_passage,train
STEREO_burst_0228,STEREO_Farm3,1,STEREO_blk_228,39,{'3.5': 39},3.5,R-i10538.jpg;R-i10539.jpg;R-i10540.jpg,singleton_passage,val
STEREO_burst_0229,STEREO_Farm3,1,STEREO_blk_229,5,{'3.5': 5},3.5,R-i10607.jpg;R-i10608.jpg;R-i10609.jpg,singleton_passage,train
STEREO_burst_0230,STEREO_Farm3,1,STEREO_blk_230,31,{'4.25': 31},4.25,L-i10628.jpg;L-i10629.jpg;L-i10630.jpg,singleton_passage,train
STEREO_burst_0231,STEREO_Farm3,1,STEREO_blk_231,39,{'3.5': 39},3.5,L-i10653.jpg;L-i10654.jpg;L-i10655.jpg,singleton_passage,test
STEREO_burst_0232,STEREO_Farm3,1,STEREO_blk_232,21,{'3.5': 21},3.5,R-i10679.jpg;R-i10680.jpg;R-i10681.jpg,singleton_passage,train
STEREO_burst_0233,STEREO_Farm3,1,STEREO_blk_233,44,"{'3.75': 5, '4.0': 39}",4.0,L-i10717.jpg;L-i10718.jpg;L-i10719.jpg,singleton_passage,train
STEREO_burst_0234,STEREO_Farm3,1,STEREO_blk_234,19,"{'3.75': 16, '4.0': 3}",3.75,L-i10755.jpg;L-i10756.jpg;L-i10757.jpg,singleton_passage,train
STEREO_burst_0235,STEREO_Farm3,1,STEREO_blk_235,22,{'4.0': 22},4.0,L-i10781.jpg;L-i10782.jpg;L-i10783.jpg,singleton_passage,train
STEREO_burst_0236,STEREO_Farm3,1,STEREO_blk_236,38,{'3.5': 38},3.5,L-i10805.jpg;L-i10806.jpg;L-i10807.jpg,singleton_passage,test
STEREO_burst_0237,STEREO_Farm3,1,STEREO_blk_237,17,{'3.75': 17},3.75,R-i10835.jpg;R-i10836.jpg;R-i10837.jpg,singleton_passage,train
STEREO_burst_0238,STEREO_Farm3,1,STEREO_blk_238,27,{'4.25': 27},4.25,L-i10870.jpg;L-i10871.jpg;L-i10872.jpg,singleton_passage,val
STEREO_burst_0239,STEREO_Farm3,1,STEREO_blk_239,6,{'4.25': 6},4.25,L-i10912.jpg;L-i10913.jpg;L-i10914.jpg,singleton_passage,train
STEREO_burst_0240,STEREO_Farm3,1,STEREO_blk_240,28,{'4.0': 28},4.0,L-i10936.jpg;L-i10937.jpg;L-i10938.jpg,singleton_passage,train
STEREO_burst_0241,STEREO_Farm3,1,STEREO_blk_241,13,"{'3.5': 6, '3.75': 7}",3.75,L-i10963.jpg;L-i10964.jpg;L-i10965.jpg,singleton_passage,test
STEREO_burst_0242,STEREO_Farm3,1,STEREO_blk_242,16,{'3.5': 16},3.5,L-i10988.jpg;L-i10989.jpg;L-i10990.jpg,singleton_passage,train
STEREO_burst_0243,STEREO_Farm3,1,STEREO_blk_243,29,{'4.25': 29},4.25,L-i11018.jpg;L-i11019.jpg;L-i11020.jpg,singleton_passage,test
STEREO_burst_0244,STEREO_Farm3,1,STEREO_blk_244,29,{'4.0': 29},4.0,L-i11044.jpg;L-i11045.jpg;L-i11046.jpg,singleton_passage,test
STEREO_burst_0245,STEREO_Farm3,1,STEREO_blk_245,20,{'4.0': 20},4.0,L-i11083.jpg;L-i11084.jpg;L-i11085.jpg,singleton_passage,train
STEREO_burst_0246,STEREO_Farm3,1,STEREO_blk_246,46,{'4.0': 46},4.0,L-i11102.jpg;L-i11103.jpg;L-i11104.jpg,singleton_passage,val
STEREO_burst_0247,STEREO_Farm3,1,STEREO_blk_247,41,{'4.25': 41},4.25,L-i11142.jpg;L-i11143.jpg;L-i11144.jpg,singleton_passage,test
STEREO_burst_0248,STEREO_Farm3,1,STEREO_blk_248,23,{'3.75': 23},3.75,L-i11171.jpg;L-i11172.jpg;L-i11173.jpg,singleton_passage,train
STEREO_burst_0249,STEREO_Farm3,1,STEREO_blk_249,29,{'4.0': 29},4.0,L-i11199.jpg;L-i11200.jpg;L-i11201.jpg,singleton_passage,train
STEREO_burst_0250,STEREO_Farm3,1,STEREO_blk_250,1,{'3.5': 1},3.5,R-i11247.jpg,singleton_passage,train
STEREO_burst_0251,STEREO_Farm3,1,STEREO_blk_251,66,{'4.25': 66},4.25,L-i11266.jpg;L-i11267.jpg;L-i11268.jpg,singleton_passage,train
STEREO_burst_0252,STEREO_Farm3,1,STEREO_blk_252,29,"{'4.0': 15, '4.25': 14}",4.0,L-i11310.jpg;L-i11311.jpg;L-i11312.jpg,singleton_passage,test
STEREO_burst_0253,STEREO_Farm3,1,STEREO_blk_253,9,{'4.25': 9},4.25,L-i11386.jpg;L-i11387.jpg;L-i11388.jpg,singleton_passage,test
STEREO_burst_0254,STEREO_Farm3,1,STEREO_blk_254,13,{'3.5': 13},3.5,R-i11399.jpg;R-i11400.jpg;R-i11401.jpg,singleton_passage,train
STEREO_burst_0255,STEREO_Farm3,1,STEREO_blk_255,43,{'4.0': 43},4.0,L-i11429.jpg;L-i11430.jpg;L-i11431.jpg,singleton_passage,train
STEREO_burst_0256,STEREO_Farm3,1,STEREO_blk_256,35,"{'4.0': 16, '4.25': 19}",4.25,R-i11457.jpg;R-i11458.jpg;R-i11459.jpg,singleton_passage,train
STEREO_burst_0257,STEREO_Farm3,1,STEREO_blk_257,24,"{'3.75': 11, '4.0': 13}",4.0,R-i11491.jpg;R-i11492.jpg;R-i11493.jpg,singleton_passage,train
STEREO_burst_0258,STEREO_Farm3,1,STEREO_blk_258,38,{'3.5': 38},3.5,L-i11517.jpg;L-i11518.jpg;L-i11519.jpg,singleton_passage,train
STEREO_burst_0259,STEREO_Farm3,1,STEREO_blk_259,99,{'4.0': 99},4.0,L-i11561.jpg;L-i11562.jpg;L-i11563.jpg,singleton_passage,train
STEREO_burst_0260,STEREO_Farm3,1,STEREO_blk_260,9,{'3.5': 9},3.5,L-i11662.jpg;L-i11663.jpg;L-i11664.jpg,singleton_passage,test
STEREO_burst_0261,STEREO_Farm3,1,STEREO_blk_261,20,{'3.5': 20},3.5,L-i11690.jpg;L-i11691.jpg;L-i11692.jpg,singleton_passage,train
YM_burst_0001,YM_Farm2,1,YM_1,6,{'3.5': 6},3.5,YM_1_1.jpg;YM_1_2.jpg;YM_1_3.jpg,singleton_passage,train
YM_burst_0002,YM_Farm2,1,YM_10,10,{'3.5': 10},3.5,YM_10_1.jpg;YM_10_10.jpg;YM_10_2.jpg,singleton_passage,train
YM_burst_0003,YM_Farm2,1,YM_100,7,{'4.0': 7},4.0,YM_100_1.jpg;YM_100_2.jpg;YM_100_3.jpg,singleton_passage,train
YM_burst_0004,YM_Farm2,1,YM_1000,6,{'4.0': 6},4.0,YM_1000_1.jpg;YM_1000_2.jpg;YM_1000_3.jpg,singleton_passage,train
YM_burst_0005,YM_Farm2,1,YM_1001,9,{'3.25': 9},3.25,YM_1001_1.jpg;YM_1001_2.jpg;YM_1001_3.jpg,singleton_passage,train
YM_burst_0006,YM_Farm2,1,YM_1002,11,{'4.25': 11},4.25,YM_1002_1.jpg;YM_1002_10.jpg;YM_1002_11.jpg,singleton_passage,val
YM_burst_0007,YM_Farm2,1,YM_1003,5,{'3.5': 5},3.5,YM_1003_1.jpg;YM_1003_2.jpg;YM_1003_3.jpg,singleton_passage,train
YM_burst_0008,YM_Farm2,1,YM_1004,8,{'3.5': 8},3.5,YM_1004_1.jpg;YM_1004_2.jpg;YM_1004_3.jpg,singleton_passage,train
YM_burst_0009,YM_Farm2,1,YM_1005,5,{'3.25': 5},3.25,YM_1005_1.jpg;YM_1005_2.jpg;YM_1005_3.jpg,singleton_passage,train
YM_burst_0010,YM_Farm2,1,YM_1006,6,{'3.75': 6},3.75,YM_1006_1.jpg;YM_1006_2.jpg;YM_1006_3.jpg,singleton_passage,train
YM_burst_0011,YM_Farm2,1,YM_1007,7,{'3.25': 7},3.25,YM_1007_1.jpg;YM_1007_2.jpg;YM_1007_3.jpg,singleton_passage,val
YM_burst_0012,YM_Farm2,1,YM_1008,3,{'3.5': 3},3.5,YM_1008_1.jpg;YM_1008_2.jpg;YM_1008_3.jpg,singleton_passage,train
YM_burst_0013,YM_Farm2,1,YM_1009,6,{'4.0': 6},4.0,YM_1009_1.jpg;YM_1009_2.jpg;YM_1009_3.jpg,singleton_passage,val
YM_burst_0014,YM_Farm2,1,YM_101,5,{'3.5': 5},3.5,YM_101_1.jpg;YM_101_2.jpg;YM_101_3.jpg,singleton_passage,train
YM_burst_0015,YM_Farm2,1,YM_1010,6,{'3.25': 6},3.25,YM_1010_1.jpg;YM_1010_2.jpg;YM_1010_3.jpg,singleton_passage,val
YM_burst_0016,YM_Farm2,1,YM_1011,7,{'3.5': 7},3.5,YM_1011_1.jpg;YM_1011_2.jpg;YM_1011_3.jpg,singleton_passage,test
YM_burst_0017,YM_Farm2,1,YM_1012,7,{'3.75': 7},3.75,YM_1012_1.jpg;YM_1012_2.jpg;YM_1012_3.jpg,singleton_passage,train
YM_burst_0018,YM_Farm2,1,YM_1013,6,{'3.5': 6},3.5,YM_1013_1.jpg;YM_1013_2.jpg;YM_1013_3.jpg,singleton_passage,train
YM_burst_0019,YM_Farm2,1,YM_1014,7,{'3.25': 7},3.25,YM_1014_1.jpg;YM_1014_2.jpg;YM_1014_3.jpg,singleton_passage,train
YM_burst_0020,YM_Farm2,1,YM_1015,7,{'3.5': 7},3.5,YM_1015_1.jpg;YM_1015_2.jpg;YM_1015_3.jpg,singleton_passage,train
YM_burst_0021,YM_Farm2,1,YM_1016,7,{'3.75': 7},3.75,YM_1016_1.jpg;YM_1016_2.jpg;YM_1016_3.jpg,singleton_passage,train
YM_burst_0022,YM_Farm2,1,YM_1017,5,{'4.0': 5},4.0,YM_1017_1.jpg;YM_1017_2.jpg;YM_1017_3.jpg,singleton_passage,train
YM_burst_0023,YM_Farm2,1,YM_1018,6,{'3.25': 6},3.25,YM_1018_1.jpg;YM_1018_2.jpg;YM_1018_3.jpg,singleton_passage,train
YM_burst_0024,YM_Farm2,1,YM_1019,7,{'3.5': 7},3.5,YM_1019_1.jpg;YM_1019_2.jpg;YM_1019_3.jpg,singleton_passage,val
YM_burst_0025,YM_Farm2,1,YM_102,8,{'3.75': 8},3.75,YM_102_1.jpg;YM_102_2.jpg;YM_102_3.jpg,singleton_passage,train
YM_burst_0026,YM_Farm2,1,YM_1020,5,{'4.25': 5},4.25,YM_1020_1.jpg;YM_1020_2.jpg;YM_1020_3.jpg,singleton_passage,train
YM_burst_0027,YM_Farm2,1,YM_1021,7,{'3.75': 7},3.75,YM_1021_1.jpg;YM_1021_2.jpg;YM_1021_3.jpg,singleton_passage,train
YM_burst_0028,YM_Farm2,1,YM_1022,9,{'4.0': 9},4.0,YM_1022_1.jpg;YM_1022_2.jpg;YM_1022_3.jpg,singleton_passage,train
YM_burst_0029,YM_Farm2,1,YM_1023,7,{'4.25': 7},4.25,YM_1023_1.jpg;YM_1023_2.jpg;YM_1023_3.jpg,singleton_passage,train
YM_burst_0030,YM_Farm2,1,YM_1024,6,{'3.5': 6},3.5,YM_1024_1.jpg;YM_1024_2.jpg;YM_1024_3.jpg,singleton_passage,train
YM_burst_0031,YM_Farm2,1,YM_1025,6,{'4.0': 6},4.0,YM_1025_1.jpg;YM_1025_2.jpg;YM_1025_3.jpg,singleton_passage,train
YM_burst_0032,YM_Farm2,1,YM_1026,11,"{'3.25': 6, '3.75': 5}",3.25,YM_1026_1.jpg;YM_1026_2.jpg;YM_1026_3.jpg,singleton_passage,train
YM_burst_0033,YM_Farm2,1,YM_1027,6,{'3.5': 6},3.5,YM_1027_1.jpg;YM_1027_2.jpg;YM_1027_3.jpg,singleton_passage,test
YM_burst_0034,YM_Farm2,1,YM_1028,8,{'3.5': 8},3.5,YM_1028_1.jpg;YM_1028_2.jpg;YM_1028_3.jpg,singleton_passage,train
YM_burst_0035,YM_Farm2,1,YM_1029,5,{'3.5': 5},3.5,YM_1029_1.jpg;YM_1029_2.jpg;YM_1029_3.jpg,singleton_passage,val
YM_burst_0036,YM_Farm2,1,YM_103,6,{'3.75': 6},3.75,YM_103_1.jpg;YM_103_2.jpg;YM_103_3.jpg,singleton_passage,train
YM_burst_0037,YM_Farm2,1,YM_1030,7,{'3.75': 7},3.75,YM_1030_1.jpg;YM_1030_2.jpg;YM_1030_3.jpg,singleton_passage,train
YM_burst_0038,YM_Farm2,1,YM_1031,6,{'3.5': 6},3.5,YM_1031_1.jpg;YM_1031_2.jpg;YM_1031_3.jpg,singleton_passage,val
YM_burst_0039,YM_Farm2,1,YM_1032,5,{'3.25': 5},3.25,YM_1032_1.jpg;YM_1032_2.jpg;YM_1032_3.jpg,singleton_passage,test
YM_burst_0040,YM_Farm2,1,YM_1033,8,{'3.75': 8},3.75,YM_1033_1.jpg;YM_1033_2.jpg;YM_1033_3.jpg,singleton_passage,test
YM_burst_0041,YM_Farm2,1,YM_1034,8,{'4.0': 8},4.0,YM_1034_1.jpg;YM_1034_2.jpg;YM_1034_3.jpg,singleton_passage,test
YM_burst_0042,YM_Farm2,1,YM_1035,8,{'3.75': 8},3.75,YM_1035_1.jpg;YM_1035_2.jpg;YM_1035_3.jpg,singleton_passage,test
YM_burst_0043,YM_Farm2,1,YM_1036,7,{'4.0': 7},4.0,YM_1036_1.jpg;YM_1036_2.jpg;YM_1036_3.jpg,singleton_passage,train
YM_burst_0044,YM_Farm2,1,YM_1037,7,{'3.75': 7},3.75,YM_1037_1.jpg;YM_1037_2.jpg;YM_1037_3.jpg,singleton_passage,test
YM_burst_0045,YM_Farm2,1,YM_1038,8,{'3.25': 8},3.25,YM_1038_1.jpg;YM_1038_2.jpg;YM_1038_3.jpg,singleton_passage,test
YM_burst_0046,YM_Farm2,1,YM_1039,6,{'4.0': 6},4.0,YM_1039_1.jpg;YM_1039_2.jpg;YM_1039_3.jpg,singleton_passage,train
YM_burst_0047,YM_Farm2,1,YM_104,9,{'3.75': 9},3.75,YM_104_1.jpg;YM_104_2.jpg;YM_104_3.jpg,singleton_passage,train
YM_burst_0048,YM_Farm2,1,YM_1040,8,{'4.0': 8},4.0,YM_1040_1.jpg;YM_1040_2.jpg;YM_1040_3.jpg,singleton_passage,train
YM_burst_0049,YM_Farm2,1,YM_1041,7,{'3.25': 7},3.25,YM_1041_1.jpg;YM_1041_2.jpg;YM_1041_3.jpg,singleton_passage,train
YM_burst_0050,YM_Farm2,1,YM_1042,6,{'3.5': 6},3.5,YM_1042_1.jpg;YM_1042_2.jpg;YM_1042_3.jpg,singleton_passage,test
YM_burst_0051,YM_Farm2,1,YM_1043,5,{'4.0': 5},4.0,YM_1043_1.jpg;YM_1043_2.jpg;YM_1043_3.jpg,singleton_passage,train
YM_burst_0052,YM_Farm2,1,YM_1044,7,{'3.75': 7},3.75,YM_1044_1.jpg;YM_1044_2.jpg;YM_1044_3.jpg,singleton_passage,train
YM_burst_0053,YM_Farm2,1,YM_1045,7,{'3.5': 7},3.5,YM_1045_1.jpg;YM_1045_2.jpg;YM_1045_3.jpg,singleton_passage,train
YM_burst_0054,YM_Farm2,1,YM_1046,10,{'3.25': 10},3.25,YM_1046_1.jpg;YM_1046_10.jpg;YM_1046_2.jpg,singleton_passage,test
YM_burst_0055,YM_Farm2,1,YM_1047,12,"{'3.25': 6, '4.25': 6}",3.25,YM_1047_10.jpg;YM_1047_11.jpg;YM_1047_12.jpg,singleton_passage,train
YM_burst_0056,YM_Farm2,1,YM_1048,6,{'3.5': 6},3.5,YM_1048_1.jpg;YM_1048_2.jpg;YM_1048_3.jpg,singleton_passage,val
YM_burst_0057,YM_Farm2,1,YM_1049,8,{'3.5': 8},3.5,YM_1049_1.jpg;YM_1049_2.jpg;YM_1049_3.jpg,singleton_passage,train
YM_burst_0058,YM_Farm2,1,YM_105,5,{'4.25': 5},4.25,YM_105_1.jpg;YM_105_2.jpg;YM_105_3.jpg,singleton_passage,train
YM_burst_0059,YM_Farm2,1,YM_1050,10,{'3.75': 10},3.75,YM_1050_1.jpg;YM_1050_10.jpg;YM_1050_2.jpg,singleton_passage,train
YM_burst_0060,YM_Farm2,1,YM_1051,8,{'3.75': 8},3.75,YM_1051_1.jpg;YM_1051_2.jpg;YM_1051_3.jpg,singleton_passage,test
YM_burst_0061,YM_Farm2,1,YM_1052,7,{'3.75': 7},3.75,YM_1052_1.jpg;YM_1052_2.jpg;YM_1052_3.jpg,singleton_passage,train
YM_burst_0062,YM_Farm2,1,YM_1053,5,{'3.75': 5},3.75,YM_1053_1.jpg;YM_1053_2.jpg;YM_1053_3.jpg,singleton_passage,train
YM_burst_0063,YM_Farm2,1,YM_1054,6,{'4.0': 6},4.0,YM_1054_1.jpg;YM_1054_2.jpg;YM_1054_3.jpg,singleton_passage,train
YM_burst_0064,YM_Farm2,1,YM_1055,5,{'3.75': 5},3.75,YM_1055_1.jpg;YM_1055_2.jpg;YM_1055_3.jpg,singleton_passage,train
YM_burst_0065,YM_Farm2,1,YM_1056,7,{'4.0': 7},4.0,YM_1056_1.jpg;YM_1056_2.jpg;YM_1056_3.jpg,singleton_passage,train
YM_burst_0066,YM_Farm2,1,YM_1057,8,{'4.0': 8},4.0,YM_1057_1.jpg;YM_1057_2.jpg;YM_1057_3.jpg,singleton_passage,test
YM_burst_0067,YM_Farm2,1,YM_1058,5,{'4.0': 5},4.0,YM_1058_1.jpg;YM_1058_2.jpg;YM_1058_3.jpg,singleton_passage,train
YM_burst_0068,YM_Farm2,1,YM_1059,10,{'4.0': 10},4.0,YM_1059_1.jpg;YM_1059_10.jpg;YM_1059_2.jpg,singleton_passage,train
YM_burst_0069,YM_Farm2,1,YM_106,6,{'4.0': 6},4.0,YM_106_1.jpg;YM_106_2.jpg;YM_106_3.jpg,singleton_passage,test
YM_burst_0070,YM_Farm2,1,YM_1060,8,{'3.75': 8},3.75,YM_1060_1.jpg;YM_1060_2.jpg;YM_1060_3.jpg,singleton_passage,train
YM_burst_0071,YM_Farm2,1,YM_1061,7,{'3.75': 7},3.75,YM_1061_1.jpg;YM_1061_2.jpg;YM_1061_3.jpg,singleton_passage,test
YM_burst_0072,YM_Farm2,1,YM_1062,7,{'3.5': 7},3.5,YM_1062_1.jpg;YM_1062_2.jpg;YM_1062_3.jpg,singleton_passage,train
YM_burst_0073,YM_Farm2,1,YM_1063,6,{'4.0': 6},4.0,YM_1063_1.jpg;YM_1063_2.jpg;YM_1063_3.jpg,singleton_passage,train
YM_burst_0074,YM_Farm2,1,YM_1064,8,{'4.25': 8},4.25,YM_1064_1.jpg;YM_1064_2.jpg;YM_1064_3.jpg,singleton_passage,test
YM_burst_0075,YM_Farm2,1,YM_1065,5,{'4.0': 5},4.0,YM_1065_1.jpg;YM_1065_2.jpg;YM_1065_3.jpg,singleton_passage,train
YM_burst_0076,YM_Farm2,1,YM_1066,5,{'3.25': 5},3.25,YM_1066_1.jpg;YM_1066_2.jpg;YM_1066_3.jpg,singleton_passage,train
YM_burst_0077,YM_Farm2,1,YM_1067,7,{'3.5': 7},3.5,YM_1067_1.jpg;YM_1067_2.jpg;YM_1067_3.jpg,singleton_passage,train
YM_burst_0078,YM_Farm2,1,YM_1068,7,{'4.0': 7},4.0,YM_1068_1.jpg;YM_1068_2.jpg;YM_1068_3.jpg,singleton_passage,train
YM_burst_0079,YM_Farm2,1,YM_1069,9,{'4.0': 9},4.0,YM_1069_1.jpg;YM_1069_2.jpg;YM_1069_3.jpg,singleton_passage,val
YM_burst_0080,YM_Farm2,1,YM_107,12,{'3.25': 12},3.25,YM_107_1.jpg;YM_107_10.jpg;YM_107_11.jpg,singleton_passage,train
YM_burst_0081,YM_Farm2,1,YM_1070,9,{'4.0': 9},4.0,YM_1070_1.jpg;YM_1070_2.jpg;YM_1070_3.jpg,singleton_passage,train
YM_burst_0082,YM_Farm2,1,YM_1071,7,{'4.0': 7},4.0,YM_1071_1.jpg;YM_1071_2.jpg;YM_1071_3.jpg,singleton_passage,train
YM_burst_0083,YM_Farm2,1,YM_1072,7,{'3.75': 7},3.75,YM_1072_1.jpg;YM_1072_2.jpg;YM_1072_3.jpg,singleton_passage,train
YM_burst_0084,YM_Farm2,1,YM_1073,7,{'3.25': 7},3.25,YM_1073_1.jpg;YM_1073_2.jpg;YM_1073_3.jpg,singleton_passage,val
YM_burst_0085,YM_Farm2,1,YM_1074,8,{'4.25': 8},4.25,YM_1074_1.jpg;YM_1074_2.jpg;YM_1074_3.jpg,singleton_passage,train
YM_burst_0086,YM_Farm2,1,YM_1075,9,{'3.25': 9},3.25,YM_1075_1.jpg;YM_1075_2.jpg;YM_1075_3.jpg,singleton_passage,test
YM_burst_0087,YM_Farm2,1,YM_1076,8,{'3.5': 8},3.5,YM_1076_1.jpg;YM_1076_2.jpg;YM_1076_3.jpg,singleton_passage,test
YM_burst_0088,YM_Farm2,1,YM_1077,7,{'3.5': 7},3.5,YM_1077_1.jpg;YM_1077_2.jpg;YM_1077_3.jpg,singleton_passage,train
YM_burst_0089,YM_Farm2,1,YM_1078,5,{'4.0': 5},4.0,YM_1078_1.jpg;YM_1078_2.jpg;YM_1078_3.jpg,singleton_passage,train
YM_burst_0090,YM_Farm2,1,YM_1079,10,{'3.75': 10},3.75,YM_1079_1.jpg;YM_1079_10.jpg;YM_1079_2.jpg,singleton_passage,test
YM_burst_0091,YM_Farm2,1,YM_108,5,{'4.0': 5},4.0,YM_108_1.jpg;YM_108_2.jpg;YM_108_3.jpg,singleton_passage,test
YM_burst_0092,YM_Farm2,1,YM_1080,8,{'3.5': 8},3.5,YM_1080_1.jpg;YM_1080_2.jpg;YM_1080_3.jpg,singleton_passage,train
YM_burst_0093,YM_Farm2,1,YM_1081,4,{'4.25': 4},4.25,YM_1081_1.jpg;YM_1081_2.jpg;YM_1081_3.jpg,singleton_passage,train
YM_burst_0094,YM_Farm2,1,YM_1082,7,{'3.25': 7},3.25,YM_1082_1.jpg;YM_1082_2.jpg;YM_1082_3.jpg,singleton_passage,val
YM_burst_0095,YM_Farm2,1,YM_1083,6,{'4.0': 6},4.0,YM_1083_1.jpg;YM_1083_2.jpg;YM_1083_3.jpg,singleton_passage,test
YM_burst_0096,YM_Farm2,1,YM_1084,6,{'3.75': 6},3.75,YM_1084_1.jpg;YM_1084_2.jpg;YM_1084_3.jpg,singleton_passage,train
YM_burst_0097,YM_Farm2,1,YM_1085,6,{'3.25': 6},3.25,YM_1085_1.jpg;YM_1085_2.jpg;YM_1085_3.jpg,singleton_passage,train
YM_burst_0098,YM_Farm2,1,YM_1086,7,{'4.0': 7},4.0,YM_1086_1.jpg;YM_1086_2.jpg;YM_1086_3.jpg,singleton_passage,val
YM_burst_0099,YM_Farm2,1,YM_1087,5,{'3.75': 5},3.75,YM_1087_1.jpg;YM_1087_2.jpg;YM_1087_3.jpg,singleton_passage,train
YM_burst_0100,YM_Farm2,1,YM_1088,8,{'3.5': 8},3.5,YM_1088_1.jpg;YM_1088_2.jpg;YM_1088_3.jpg,singleton_passage,train
YM_burst_0101,YM_Farm2,1,YM_1089,8,{'3.75': 8},3.75,YM_1089_1.jpg;YM_1089_2.jpg;YM_1089_3.jpg,singleton_passage,train
YM_burst_0102,YM_Farm2,1,YM_109,4,{'3.5': 4},3.5,YM_109_1.jpg;YM_109_2.jpg;YM_109_3.jpg,singleton_passage,test
YM_burst_0103,YM_Farm2,1,YM_1090,6,{'3.25': 6},3.25,YM_1090_1.jpg;YM_1090_2.jpg;YM_1090_3.jpg,singleton_passage,train
YM_burst_0104,YM_Farm2,1,YM_1091,7,{'3.25': 7},3.25,YM_1091_1.jpg;YM_1091_2.jpg;YM_1091_3.jpg,singleton_passage,train
YM_burst_0105,YM_Farm2,1,YM_1092,9,{'4.0': 9},4.0,YM_1092_1.jpg;YM_1092_2.jpg;YM_1092_3.jpg,singleton_passage,test
YM_burst_0106,YM_Farm2,1,YM_1093,7,{'3.5': 7},3.5,YM_1093_1.jpg;YM_1093_2.jpg;YM_1093_3.jpg,singleton_passage,train
YM_burst_0107,YM_Farm2,1,YM_1094,6,{'3.75': 6},3.75,YM_1094_1.jpg;YM_1094_2.jpg;YM_1094_3.jpg,singleton_passage,train
YM_burst_0108,YM_Farm2,1,YM_1095,8,{'3.75': 8},3.75,YM_1095_1.jpg;YM_1095_2.jpg;YM_1095_3.jpg,singleton_passage,train
YM_burst_0109,YM_Farm2,1,YM_1096,7,{'3.5': 7},3.5,YM_1096_1.jpg;YM_1096_2.jpg;YM_1096_3.jpg,singleton_passage,train
YM_burst_0110,YM_Farm2,1,YM_1097,7,{'3.25': 7},3.25,YM_1097_1.jpg;YM_1097_2.jpg;YM_1097_3.jpg,singleton_passage,test
YM_burst_0111,YM_Farm2,1,YM_1098,7,{'3.5': 7},3.5,YM_1098_1.jpg;YM_1098_2.jpg;YM_1098_3.jpg,singleton_passage,val
YM_burst_0112,YM_Farm2,1,YM_1099,10,{'3.5': 10},3.5,YM_1099_1.jpg;YM_1099_10.jpg;YM_1099_2.jpg,singleton_passage,val
YM_burst_0113,YM_Farm2,1,YM_11,7,{'3.75': 7},3.75,YM_11_1.jpg;YM_11_2.jpg;YM_11_3.jpg,singleton_passage,train
YM_burst_0114,YM_Farm2,1,YM_110,4,{'3.75': 4},3.75,YM_110_1.jpg;YM_110_2.jpg;YM_110_3.jpg,singleton_passage,val
YM_burst_0115,YM_Farm2,1,YM_1100,6,{'3.75': 6},3.75,YM_1100_1.jpg;YM_1100_2.jpg;YM_1100_3.jpg,singleton_passage,test
YM_burst_0116,YM_Farm2,1,YM_1101,8,{'3.75': 8},3.75,YM_1101_1.jpg;YM_1101_2.jpg;YM_1101_3.jpg,singleton_passage,train
YM_burst_0117,YM_Farm2,1,YM_1102,8,{'3.75': 8},3.75,YM_1102_1.jpg;YM_1102_2.jpg;YM_1102_3.jpg,singleton_passage,train
YM_burst_0118,YM_Farm2,1,YM_1103,6,{'3.75': 6},3.75,YM_1103_1.jpg;YM_1103_2.jpg;YM_1103_3.jpg,singleton_passage,test
YM_burst_0119,YM_Farm2,1,YM_1104,6,{'3.75': 6},3.75,YM_1104_1.jpg;YM_1104_2.jpg;YM_1104_3.jpg,singleton_passage,train
YM_burst_0120,YM_Farm2,1,YM_1105,6,{'4.0': 6},4.0,YM_1105_1.jpg;YM_1105_2.jpg;YM_1105_3.jpg,singleton_passage,test
YM_burst_0121,YM_Farm2,1,YM_1106,7,{'3.5': 7},3.5,YM_1106_1.jpg;YM_1106_2.jpg;YM_1106_3.jpg,singleton_passage,train
YM_burst_0122,YM_Farm2,1,YM_1107,5,{'4.0': 5},4.0,YM_1107_1.jpg;YM_1107_2.jpg;YM_1107_3.jpg,singleton_passage,train
YM_burst_0123,YM_Farm2,1,YM_1108,9,{'4.25': 9},4.25,YM_1108_1.jpg;YM_1108_2.jpg;YM_1108_3.jpg,singleton_passage,train
YM_burst_0124,YM_Farm2,1,YM_1109,8,{'4.25': 8},4.25,YM_1109_1.jpg;YM_1109_2.jpg;YM_1109_3.jpg,singleton_passage,train
YM_burst_0125,YM_Farm2,1,YM_111,9,{'4.0': 9},4.0,YM_111_1.jpg;YM_111_2.jpg;YM_111_3.jpg,singleton_passage,train
YM_burst_0126,YM_Farm2,1,YM_1110,9,{'4.25': 9},4.25,YM_1110_1.jpg;YM_1110_2.jpg;YM_1110_3.jpg,singleton_passage,test
YM_burst_0127,YM_Farm2,1,YM_1111,6,{'4.25': 6},4.25,YM_1111_1.jpg;YM_1111_2.jpg;YM_1111_3.jpg,singleton_passage,val
YM_burst_0128,YM_Farm2,1,YM_1112,5,{'3.5': 5},3.5,YM_1112_1.jpg;YM_1112_2.jpg;YM_1112_3.jpg,singleton_passage,test
YM_burst_0129,YM_Farm2,1,YM_1113,6,{'3.75': 6},3.75,YM_1113_1.jpg;YM_1113_2.jpg;YM_1113_3.jpg,singleton_passage,train
YM_burst_0130,YM_Farm2,1,YM_1114,5,{'4.0': 5},4.0,YM_1114_1.jpg;YM_1114_2.jpg;YM_1114_3.jpg,singleton_passage,test
YM_burst_0131,YM_Farm2,1,YM_1115,6,{'4.0': 6},4.0,YM_1115_1.jpg;YM_1115_2.jpg;YM_1115_3.jpg,singleton_passage,train
YM_burst_0132,YM_Farm2,1,YM_1116,6,{'3.5': 6},3.5,YM_1116_1.jpg;YM_1116_2.jpg;YM_1116_3.jpg,singleton_passage,train
YM_burst_0133,YM_Farm2,1,YM_1117,6,{'3.75': 6},3.75,YM_1117_1.jpg;YM_1117_2.jpg;YM_1117_3.jpg,singleton_passage,train
YM_burst_0134,YM_Farm2,1,YM_1118,8,{'4.0': 8},4.0,YM_1118_1.jpg;YM_1118_2.jpg;YM_1118_3.jpg,singleton_passage,train
YM_burst_0135,YM_Farm2,1,YM_1119,7,{'3.75': 7},3.75,YM_1119_1.jpg;YM_1119_2.jpg;YM_1119_3.jpg,singleton_passage,train
YM_burst_0136,YM_Farm2,1,YM_112,5,{'4.25': 5},4.25,YM_112_1.jpg;YM_112_2.jpg;YM_112_3.jpg,singleton_passage,val
YM_burst_0137,YM_Farm2,1,YM_1120,9,{'3.75': 9},3.75,YM_1120_1.jpg;YM_1120_2.jpg;YM_1120_3.jpg,singleton_passage,val
YM_burst_0138,YM_Farm2,1,YM_1121,7,{'3.5': 7},3.5,YM_1121_1.jpg;YM_1121_2.jpg;YM_1121_3.jpg,singleton_passage,test
YM_burst_0139,YM_Farm2,1,YM_1122,10,{'4.0': 10},4.0,YM_1122_1.jpg;YM_1122_10.jpg;YM_1122_2.jpg,singleton_passage,val
YM_burst_0140,YM_Farm2,1,YM_1123,8,{'3.5': 8},3.5,YM_1123_1.jpg;YM_1123_2.jpg;YM_1123_3.jpg,singleton_passage,train
YM_burst_0141,YM_Farm2,1,YM_1124,6,{'3.75': 6},3.75,YM_1124_1.jpg;YM_1124_2.jpg;YM_1124_3.jpg,singleton_passage,train
YM_burst_0142,YM_Farm2,1,YM_1125,7,{'4.25': 7},4.25,YM_1125_1.jpg;YM_1125_2.jpg;YM_1125_3.jpg,singleton_passage,train
YM_burst_0143,YM_Farm2,1,YM_1126,8,{'3.75': 8},3.75,YM_1126_1.jpg;YM_1126_2.jpg;YM_1126_3.jpg,singleton_passage,train
YM_burst_0144,YM_Farm2,1,YM_1127,7,{'3.75': 7},3.75,YM_1127_1.jpg;YM_1127_2.jpg;YM_1127_3.jpg,singleton_passage,train
YM_burst_0145,YM_Farm2,1,YM_1128,8,{'4.25': 8},4.25,YM_1128_1.jpg;YM_1128_2.jpg;YM_1128_3.jpg,singleton_passage,train
YM_burst_0146,YM_Farm2,1,YM_1129,10,{'4.0': 10},4.0,YM_1129_1.jpg;YM_1129_10.jpg;YM_1129_2.jpg,singleton_passage,train
YM_burst_0147,YM_Farm2,1,YM_113,4,{'4.0': 4},4.0,YM_113_1.jpg;YM_113_2.jpg;YM_113_3.jpg,singleton_passage,train
YM_burst_0148,YM_Farm2,1,YM_1130,6,{'4.0': 6},4.0,YM_1130_1.jpg;YM_1130_2.jpg;YM_1130_3.jpg,singleton_passage,val
YM_burst_0149,YM_Farm2,1,YM_1131,9,{'4.0': 9},4.0,YM_1131_1.jpg;YM_1131_2.jpg;YM_1131_3.jpg,singleton_passage,val
YM_burst_0150,YM_Farm2,1,YM_1132,10,{'4.25': 10},4.25,YM_1132_1.jpg;YM_1132_10.jpg;YM_1132_2.jpg,singleton_passage,train
YM_burst_0151,YM_Farm2,1,YM_1133,5,{'4.0': 5},4.0,YM_1133_1.jpg;YM_1133_2.jpg;YM_1133_3.jpg,singleton_passage,train
YM_burst_0152,YM_Farm2,1,YM_1134,11,{'3.75': 11},3.75,YM_1134_1.jpg;YM_1134_10.jpg;YM_1134_11.jpg,singleton_passage,train
YM_burst_0153,YM_Farm2,1,YM_1135,7,{'4.0': 7},4.0,YM_1135_1.jpg;YM_1135_2.jpg;YM_1135_3.jpg,singleton_passage,train
YM_burst_0154,YM_Farm2,1,YM_1136,5,{'4.0': 5},4.0,YM_1136_1.jpg;YM_1136_2.jpg;YM_1136_3.jpg,singleton_passage,train
YM_burst_0155,YM_Farm2,1,YM_1137,9,{'3.5': 9},3.5,YM_1137_1.jpg;YM_1137_2.jpg;YM_1137_3.jpg,singleton_passage,train
YM_burst_0156,YM_Farm2,1,YM_1138,7,{'3.75': 7},3.75,YM_1138_1.jpg;YM_1138_2.jpg;YM_1138_3.jpg,singleton_passage,val
YM_burst_0157,YM_Farm2,1,YM_1139,2,{'3.75': 2},3.75,YM_1139_1.jpg;YM_1139_2.jpg,singleton_passage,train
YM_burst_0158,YM_Farm2,1,YM_114,7,{'4.25': 7},4.25,YM_114_1.jpg;YM_114_2.jpg;YM_114_3.jpg,singleton_passage,train
YM_burst_0159,YM_Farm2,1,YM_1140,7,{'4.0': 7},4.0,YM_1140_1.jpg;YM_1140_2.jpg;YM_1140_3.jpg,singleton_passage,train
YM_burst_0160,YM_Farm2,1,YM_1141,3,{'4.25': 3},4.25,YM_1141_1.jpg;YM_1141_2.jpg;YM_1141_3.jpg,singleton_passage,train
YM_burst_0161,YM_Farm2,1,YM_1142,6,{'4.0': 6},4.0,YM_1142_1.jpg;YM_1142_2.jpg;YM_1142_3.jpg,singleton_passage,train
YM_burst_0162,YM_Farm2,1,YM_1143,11,{'3.75': 11},3.75,YM_1143_1.jpg;YM_1143_10.jpg;YM_1143_11.jpg,singleton_passage,train
YM_burst_0163,YM_Farm2,1,YM_1144,9,{'4.25': 9},4.25,YM_1144_1.jpg;YM_1144_2.jpg;YM_1144_3.jpg,singleton_passage,test
YM_burst_0164,YM_Farm2,1,YM_1145,8,{'3.5': 8},3.5,YM_1145_1.jpg;YM_1145_2.jpg;YM_1145_3.jpg,singleton_passage,train
YM_burst_0165,YM_Farm2,1,YM_1146,7,{'3.25': 7},3.25,YM_1146_1.jpg;YM_1146_2.jpg;YM_1146_3.jpg,singleton_passage,test
YM_burst_0166,YM_Farm2,1,YM_1147,9,{'4.0': 9},4.0,YM_1147_1.jpg;YM_1147_2.jpg;YM_1147_3.jpg,singleton_passage,train
YM_burst_0167,YM_Farm2,1,YM_1148,6,{'3.5': 6},3.5,YM_1148_1.jpg;YM_1148_2.jpg;YM_1148_3.jpg,singleton_passage,train
YM_burst_0168,YM_Farm2,1,YM_1149,7,{'4.0': 7},4.0,YM_1149_1.jpg;YM_1149_2.jpg;YM_1149_3.jpg,singleton_passage,train
YM_burst_0169,YM_Farm2,1,YM_115,5,{'3.75': 5},3.75,YM_115_1.jpg;YM_115_2.jpg;YM_115_3.jpg,singleton_passage,train
YM_burst_0170,YM_Farm2,1,YM_1150,5,{'3.75': 5},3.75,YM_1150_1.jpg;YM_1150_2.jpg;YM_1150_3.jpg,singleton_passage,val
YM_burst_0171,YM_Farm2,1,YM_1151,8,{'4.0': 8},4.0,YM_1151_1.jpg;YM_1151_2.jpg;YM_1151_3.jpg,singleton_passage,train
YM_burst_0172,YM_Farm2,1,YM_1152,8,{'3.5': 8},3.5,YM_1152_1.jpg;YM_1152_2.jpg;YM_1152_3.jpg,singleton_passage,test
YM_burst_0173,YM_Farm2,1,YM_1153,5,{'4.0': 5},4.0,YM_1153_1.jpg;YM_1153_2.jpg;YM_1153_3.jpg,singleton_passage,val
YM_burst_0174,YM_Farm2,1,YM_1154,7,{'3.75': 7},3.75,YM_1154_1.jpg;YM_1154_2.jpg;YM_1154_3.jpg,singleton_passage,train
YM_burst_0175,YM_Farm2,1,YM_1155,8,{'4.0': 8},4.0,YM_1155_1.jpg;YM_1155_2.jpg;YM_1155_3.jpg,singleton_passage,train
YM_burst_0176,YM_Farm2,1,YM_1156,7,{'3.75': 7},3.75,YM_1156_1.jpg;YM_1156_2.jpg;YM_1156_3.jpg,singleton_passage,train
YM_burst_0177,YM_Farm2,1,YM_1157,6,{'4.0': 6},4.0,YM_1157_1.jpg;YM_1157_2.jpg;YM_1157_3.jpg,singleton_passage,train
YM_burst_0178,YM_Farm2,1,YM_1158,8,{'4.0': 8},4.0,YM_1158_1.jpg;YM_1158_2.jpg;YM_1158_3.jpg,singleton_passage,train
YM_burst_0179,YM_Farm2,1,YM_1159,7,{'3.75': 7},3.75,YM_1159_1.jpg;YM_1159_2.jpg;YM_1159_3.jpg,singleton_passage,train
YM_burst_0180,YM_Farm2,1,YM_116,5,{'3.75': 5},3.75,YM_116_1.jpg;YM_116_2.jpg;YM_116_3.jpg,singleton_passage,val
YM_burst_0181,YM_Farm2,1,YM_1160,8,{'3.75': 8},3.75,YM_1160_1.jpg;YM_1160_2.jpg;YM_1160_3.jpg,singleton_passage,test
YM_burst_0182,YM_Farm2,1,YM_1161,7,{'4.25': 7},4.25,YM_1161_1.jpg;YM_1161_2.jpg;YM_1161_3.jpg,singleton_passage,train
YM_burst_0183,YM_Farm2,1,YM_1162,7,{'4.0': 7},4.0,YM_1162_1.jpg;YM_1162_2.jpg;YM_1162_3.jpg,singleton_passage,train
YM_burst_0184,YM_Farm2,1,YM_1163,6,{'3.5': 6},3.5,YM_1163_1.jpg;YM_1163_2.jpg;YM_1163_3.jpg,singleton_passage,train
YM_burst_0185,YM_Farm2,1,YM_1164,7,{'4.25': 7},4.25,YM_1164_1.jpg;YM_1164_2.jpg;YM_1164_3.jpg,singleton_passage,train
YM_burst_0186,YM_Farm2,1,YM_1165,7,{'3.25': 7},3.25,YM_1165_1.jpg;YM_1165_2.jpg;YM_1165_3.jpg,singleton_passage,val
YM_burst_0187,YM_Farm2,1,YM_1166,8,{'4.25': 8},4.25,YM_1166_1.jpg;YM_1166_2.jpg;YM_1166_3.jpg,singleton_passage,train
YM_burst_0188,YM_Farm2,1,YM_1167,8,{'3.75': 8},3.75,YM_1167_1.jpg;YM_1167_2.jpg;YM_1167_3.jpg,singleton_passage,train
YM_burst_0189,YM_Farm2,1,YM_1168,6,{'3.75': 6},3.75,YM_1168_1.jpg;YM_1168_2.jpg;YM_1168_3.jpg,singleton_passage,train
YM_burst_0190,YM_Farm2,1,YM_1169,6,{'3.75': 6},3.75,YM_1169_1.jpg;YM_1169_2.jpg;YM_1169_3.jpg,singleton_passage,train
YM_burst_0191,YM_Farm2,1,YM_117,3,{'3.25': 3},3.25,YM_117_1.jpg;YM_117_2.jpg;YM_117_3.jpg,singleton_passage,train
YM_burst_0192,YM_Farm2,1,YM_1170,5,{'3.75': 5},3.75,YM_1170_1.jpg;YM_1170_2.jpg;YM_1170_3.jpg,singleton_passage,train
YM_burst_0193,YM_Farm2,1,YM_1171,7,{'3.75': 7},3.75,YM_1171_1.jpg;YM_1171_2.jpg;YM_1171_3.jpg,singleton_passage,train
YM_burst_0194,YM_Farm2,1,YM_1172,5,{'3.75': 5},3.75,YM_1172_1.jpg;YM_1172_2.jpg;YM_1172_3.jpg,singleton_passage,train
YM_burst_0195,YM_Farm2,1,YM_1173,5,{'3.75': 5},3.75,YM_1173_1.jpg;YM_1173_2.jpg;YM_1173_3.jpg,singleton_passage,train
YM_burst_0196,YM_Farm2,1,YM_1174,10,{'4.0': 10},4.0,YM_1174_1.jpg;YM_1174_10.jpg;YM_1174_2.jpg,singleton_passage,test
YM_burst_0197,YM_Farm2,1,YM_1175,5,{'3.75': 5},3.75,YM_1175_1.jpg;YM_1175_2.jpg;YM_1175_3.jpg,singleton_passage,test
YM_burst_0198,YM_Farm2,1,YM_1176,6,{'4.0': 6},4.0,YM_1176_1.jpg;YM_1176_2.jpg;YM_1176_3.jpg,singleton_passage,train
YM_burst_0199,YM_Farm2,1,YM_1177,8,{'4.25': 8},4.25,YM_1177_1.jpg;YM_1177_2.jpg;YM_1177_3.jpg,singleton_passage,train
YM_burst_0200,YM_Farm2,1,YM_1178,9,{'4.0': 9},4.0,YM_1178_1.jpg;YM_1178_2.jpg;YM_1178_3.jpg,singleton_passage,train
YM_burst_0201,YM_Farm2,1,YM_1179,7,{'3.25': 7},3.25,YM_1179_1.jpg;YM_1179_2.jpg;YM_1179_3.jpg,singleton_passage,train
YM_burst_0202,YM_Farm2,1,YM_118,9,{'4.0': 9},4.0,YM_118_1.jpg;YM_118_2.jpg;YM_118_3.jpg,singleton_passage,train
YM_burst_0203,YM_Farm2,1,YM_1180,5,{'3.75': 5},3.75,YM_1180_1.jpg;YM_1180_2.jpg;YM_1180_3.jpg,singleton_passage,train
YM_burst_0204,YM_Farm2,1,YM_1181,6,{'3.75': 6},3.75,YM_1181_1.jpg;YM_1181_2.jpg;YM_1181_3.jpg,singleton_passage,val
YM_burst_0205,YM_Farm2,1,YM_1182,8,{'3.5': 8},3.5,YM_1182_1.jpg;YM_1182_2.jpg;YM_1182_3.jpg,singleton_passage,train
YM_burst_0206,YM_Farm2,1,YM_1183,8,{'3.75': 8},3.75,YM_1183_1.jpg;YM_1183_2.jpg;YM_1183_3.jpg,singleton_passage,val
YM_burst_0207,YM_Farm2,1,YM_1184,6,{'3.5': 6},3.5,YM_1184_1.jpg;YM_1184_2.jpg;YM_1184_3.jpg,singleton_passage,train
YM_burst_0208,YM_Farm2,1,YM_1185,9,{'3.5': 9},3.5,YM_1185_1.jpg;YM_1185_2.jpg;YM_1185_3.jpg,singleton_passage,train
YM_burst_0209,YM_Farm2,1,YM_1186,3,{'4.0': 3},4.0,YM_1186_1.jpg;YM_1186_2.jpg;YM_1186_3.jpg,singleton_passage,train
YM_burst_0210,YM_Farm2,1,YM_1187,11,{'3.5': 11},3.5,YM_1187_1.jpg;YM_1187_10.jpg;YM_1187_11.jpg,singleton_passage,test
YM_burst_0211,YM_Farm2,1,YM_1188,5,{'3.25': 5},3.25,YM_1188_1.jpg;YM_1188_2.jpg;YM_1188_3.jpg,singleton_passage,train
YM_burst_0212,YM_Farm2,1,YM_1189,7,{'3.25': 7},3.25,YM_1189_1.jpg;YM_1189_2.jpg;YM_1189_3.jpg,singleton_passage,train
YM_burst_0213,YM_Farm2,1,YM_119,12,{'4.25': 12},4.25,YM_119_1.jpg;YM_119_10.jpg;YM_119_11.jpg,singleton_passage,train
YM_burst_0214,YM_Farm2,1,YM_1190,10,{'3.75': 10},3.75,YM_1190_1.jpg;YM_1190_10.jpg;YM_1190_2.jpg,singleton_passage,train
YM_burst_0215,YM_Farm2,1,YM_1191,5,{'4.0': 5},4.0,YM_1191_1.jpg;YM_1191_2.jpg;YM_1191_3.jpg,singleton_passage,train
YM_burst_0216,YM_Farm2,1,YM_1192,5,{'3.75': 5},3.75,YM_1192_1.jpg;YM_1192_2.jpg;YM_1192_3.jpg,singleton_passage,train
YM_burst_0217,YM_Farm2,1,YM_1193,7,{'4.0': 7},4.0,YM_1193_1.jpg;YM_1193_2.jpg;YM_1193_3.jpg,singleton_passage,train
YM_burst_0218,YM_Farm2,1,YM_1194,4,{'3.75': 4},3.75,YM_1194_1.jpg;YM_1194_2.jpg;YM_1194_3.jpg,singleton_passage,train
YM_burst_0219,YM_Farm2,1,YM_1195,5,{'3.5': 5},3.5,YM_1195_1.jpg;YM_1195_2.jpg;YM_1195_3.jpg,singleton_passage,val
YM_burst_0220,YM_Farm2,1,YM_1196,7,{'3.75': 7},3.75,YM_1196_1.jpg;YM_1196_2.jpg;YM_1196_3.jpg,singleton_passage,test
YM_burst_0221,YM_Farm2,1,YM_1197,6,{'4.0': 6},4.0,YM_1197_1.jpg;YM_1197_2.jpg;YM_1197_3.jpg,singleton_passage,train
YM_burst_0222,YM_Farm2,1,YM_1198,10,{'4.0': 10},4.0,YM_1198_1.jpg;YM_1198_10.jpg;YM_1198_2.jpg,singleton_passage,train
YM_burst_0223,YM_Farm2,1,YM_1199,9,{'3.75': 9},3.75,YM_1199_1.jpg;YM_1199_2.jpg;YM_1199_3.jpg,singleton_passage,train
YM_burst_0224,YM_Farm2,1,YM_12,9,{'3.75': 9},3.75,YM_12_1.jpg;YM_12_2.jpg;YM_12_3.jpg,singleton_passage,train
YM_burst_0225,YM_Farm2,1,YM_120,5,{'3.5': 5},3.5,YM_120_1.jpg;YM_120_2.jpg;YM_120_3.jpg,singleton_passage,train
YM_burst_0226,YM_Farm2,1,YM_1200,4,{'3.75': 4},3.75,YM_1200_1.jpg;YM_1200_2.jpg;YM_1200_3.jpg,singleton_passage,train
YM_burst_0227,YM_Farm2,1,YM_1201,6,{'4.25': 6},4.25,YM_1201_1.jpg;YM_1201_2.jpg;YM_1201_3.jpg,singleton_passage,test
YM_burst_0228,YM_Farm2,1,YM_1202,12,{'3.5': 12},3.5,YM_1202_1.jpg;YM_1202_10.jpg;YM_1202_11.jpg,singleton_passage,train
YM_burst_0229,YM_Farm2,1,YM_1203,7,{'3.75': 7},3.75,YM_1203_1.jpg;YM_1203_2.jpg;YM_1203_3.jpg,singleton_passage,train
YM_burst_0230,YM_Farm2,1,YM_1204,9,{'4.0': 9},4.0,YM_1204_1.jpg;YM_1204_2.jpg;YM_1204_3.jpg,singleton_passage,val
YM_burst_0231,YM_Farm2,1,YM_1205,5,{'3.5': 5},3.5,YM_1205_1.jpg;YM_1205_2.jpg;YM_1205_3.jpg,singleton_passage,test
YM_burst_0232,YM_Farm2,1,YM_1206,7,{'4.0': 7},4.0,YM_1206_1.jpg;YM_1206_2.jpg;YM_1206_3.jpg,singleton_passage,train
YM_burst_0233,YM_Farm2,1,YM_1207,9,{'3.75': 9},3.75,YM_1207_1.jpg;YM_1207_2.jpg;YM_1207_3.jpg,singleton_passage,val
YM_burst_0234,YM_Farm2,1,YM_1208,8,{'3.75': 8},3.75,YM_1208_1.jpg;YM_1208_2.jpg;YM_1208_3.jpg,singleton_passage,test
YM_burst_0235,YM_Farm2,1,YM_1209,3,{'3.75': 3},3.75,YM_1209_1.jpg;YM_1209_2.jpg;YM_1209_3.jpg,singleton_passage,train
YM_burst_0236,YM_Farm2,1,YM_121,6,{'4.0': 6},4.0,YM_121_1.jpg;YM_121_2.jpg;YM_121_3.jpg,singleton_passage,train
YM_burst_0237,YM_Farm2,1,YM_1210,9,{'3.75': 9},3.75,YM_1210_1.jpg;YM_1210_2.jpg;YM_1210_3.jpg,singleton_passage,val
YM_burst_0238,YM_Farm2,1,YM_1211,8,{'4.25': 8},4.25,YM_1211_1.jpg;YM_1211_2.jpg;YM_1211_3.jpg,singleton_passage,test
YM_burst_0239,YM_Farm2,1,YM_1212,6,{'3.5': 6},3.5,YM_1212_1.jpg;YM_1212_2.jpg;YM_1212_3.jpg,singleton_passage,test
YM_burst_0240,YM_Farm2,1,YM_1213,7,{'3.5': 7},3.5,YM_1213_1.jpg;YM_1213_2.jpg;YM_1213_3.jpg,singleton_passage,train
YM_burst_0241,YM_Farm2,1,YM_1214,8,{'4.0': 8},4.0,YM_1214_1.jpg;YM_1214_2.jpg;YM_1214_3.jpg,singleton_passage,train
YM_burst_0242,YM_Farm2,1,YM_1215,5,{'4.0': 5},4.0,YM_1215_1.jpg;YM_1215_2.jpg;YM_1215_3.jpg,singleton_passage,train
YM_burst_0243,YM_Farm2,1,YM_1216,8,{'4.0': 8},4.0,YM_1216_1.jpg;YM_1216_2.jpg;YM_1216_3.jpg,singleton_passage,val
YM_burst_0244,YM_Farm2,1,YM_1217,4,{'4.0': 4},4.0,YM_1217_1.jpg;YM_1217_2.jpg;YM_1217_3.jpg,singleton_passage,train
YM_burst_0245,YM_Farm2,1,YM_1218,8,{'3.5': 8},3.5,YM_1218_1.jpg;YM_1218_2.jpg;YM_1218_3.jpg,singleton_passage,train
YM_burst_0246,YM_Farm2,1,YM_1219,9,{'4.0': 9},4.0,YM_1219_1.jpg;YM_1219_2.jpg;YM_1219_3.jpg,singleton_passage,train
YM_burst_0247,YM_Farm2,1,YM_122,7,{'4.25': 7},4.25,YM_122_1.jpg;YM_122_2.jpg;YM_122_3.jpg,singleton_passage,val
YM_burst_0248,YM_Farm2,1,YM_1220,3,{'3.5': 3},3.5,YM_1220_1.jpg;YM_1220_2.jpg;YM_1220_3.jpg,singleton_passage,val
YM_burst_0249,YM_Farm2,1,YM_1221,5,{'3.75': 5},3.75,YM_1221_1.jpg;YM_1221_2.jpg;YM_1221_3.jpg,singleton_passage,train
YM_burst_0250,YM_Farm2,1,YM_1222,5,{'4.0': 5},4.0,YM_1222_1.jpg;YM_1222_2.jpg;YM_1222_3.jpg,singleton_passage,train
YM_burst_0251,YM_Farm2,1,YM_1223,11,{'3.75': 11},3.75,YM_1223_1.jpg;YM_1223_10.jpg;YM_1223_11.jpg,singleton_passage,train
YM_burst_0252,YM_Farm2,1,YM_1224,9,{'3.5': 9},3.5,YM_1224_1.jpg;YM_1224_2.jpg;YM_1224_3.jpg,singleton_passage,test
YM_burst_0253,YM_Farm2,1,YM_1225,9,{'3.75': 9},3.75,YM_1225_1.jpg;YM_1225_2.jpg;YM_1225_3.jpg,singleton_passage,train
YM_burst_0254,YM_Farm2,1,YM_1226,9,"{'3.25': 7, '3.5': 2}",3.25,YM_1226_1.jpg;YM_1226_2.jpg;YM_1226_3.jpg,singleton_passage,train
YM_burst_0255,YM_Farm2,1,YM_1227,3,{'4.25': 3},4.25,YM_1227_1.jpg;YM_1227_2.jpg;YM_1227_3.jpg,singleton_passage,train
YM_burst_0256,YM_Farm2,1,YM_1228,5,{'3.5': 5},3.5,YM_1228_1.jpg;YM_1228_2.jpg;YM_1228_3.jpg,singleton_passage,train
YM_burst_0257,YM_Farm2,1,YM_1229,10,{'3.5': 10},3.5,YM_1229_1.jpg;YM_1229_10.jpg;YM_1229_2.jpg,singleton_passage,train
YM_burst_0258,YM_Farm2,1,YM_123,4,{'4.0': 4},4.0,YM_123_1.jpg;YM_123_2.jpg;YM_123_3.jpg,singleton_passage,train
YM_burst_0259,YM_Farm2,1,YM_1230,10,{'3.75': 10},3.75,YM_1230_1.jpg;YM_1230_10.jpg;YM_1230_2.jpg,singleton_passage,val
YM_burst_0260,YM_Farm2,1,YM_1231,7,{'3.5': 7},3.5,YM_1231_1.jpg;YM_1231_2.jpg;YM_1231_3.jpg,singleton_passage,train
YM_burst_0261,YM_Farm2,1,YM_1232,8,{'3.5': 8},3.5,YM_1232_1.jpg;YM_1232_2.jpg;YM_1232_3.jpg,singleton_passage,train
YM_burst_0262,YM_Farm2,1,YM_1233,9,{'4.25': 9},4.25,YM_1233_1.jpg;YM_1233_2.jpg;YM_1233_3.jpg,singleton_passage,test
YM_burst_0263,YM_Farm2,1,YM_1234,10,{'3.25': 10},3.25,YM_1234_1.jpg;YM_1234_10.jpg;YM_1234_2.jpg,singleton_passage,train
YM_burst_0264,YM_Farm2,1,YM_1235,9,{'3.25': 9},3.25,YM_1235_1.jpg;YM_1235_2.jpg;YM_1235_3.jpg,singleton_passage,val
YM_burst_0265,YM_Farm2,1,YM_1236,7,{'3.5': 7},3.5,YM_1236_1.jpg;YM_1236_2.jpg;YM_1236_3.jpg,singleton_passage,train
YM_burst_0266,YM_Farm2,1,YM_1237,6,{'4.0': 6},4.0,YM_1237_1.jpg;YM_1237_2.jpg;YM_1237_3.jpg,singleton_passage,train
YM_burst_0267,YM_Farm2,1,YM_1238,12,{'3.75': 12},3.75,YM_1238_1.jpg;YM_1238_10.jpg;YM_1238_11.jpg,singleton_passage,train
YM_burst_0268,YM_Farm2,1,YM_1239,6,{'3.25': 6},3.25,YM_1239_1.jpg;YM_1239_2.jpg;YM_1239_3.jpg,singleton_passage,val
YM_burst_0269,YM_Farm2,1,YM_124,6,{'3.5': 6},3.5,YM_124_1.jpg;YM_124_2.jpg;YM_124_3.jpg,singleton_passage,train
YM_burst_0270,YM_Farm2,1,YM_1240,10,{'3.5': 10},3.5,YM_1240_1.jpg;YM_1240_10.jpg;YM_1240_2.jpg,singleton_passage,train
YM_burst_0271,YM_Farm2,1,YM_1241,8,{'4.0': 8},4.0,YM_1241_1.jpg;YM_1241_2.jpg;YM_1241_3.jpg,singleton_passage,train
YM_burst_0272,YM_Farm2,1,YM_1242,4,{'3.5': 4},3.5,YM_1242_1.jpg;YM_1242_2.jpg;YM_1242_3.jpg,singleton_passage,train
YM_burst_0273,YM_Farm2,1,YM_1243,9,{'4.0': 9},4.0,YM_1243_1.jpg;YM_1243_2.jpg;YM_1243_3.jpg,singleton_passage,train
YM_burst_0274,YM_Farm2,1,YM_1244,8,{'3.75': 8},3.75,YM_1244_1.jpg;YM_1244_2.jpg;YM_1244_3.jpg,singleton_passage,train
YM_burst_0275,YM_Farm2,1,YM_1245,8,{'3.5': 8},3.5,YM_1245_1.jpg;YM_1245_2.jpg;YM_1245_3.jpg,singleton_passage,train
YM_burst_0276,YM_Farm2,1,YM_1246,9,{'4.0': 9},4.0,YM_1246_1.jpg;YM_1246_2.jpg;YM_1246_3.jpg,singleton_passage,test
YM_burst_0277,YM_Farm2,1,YM_1247,8,{'4.25': 8},4.25,YM_1247_1.jpg;YM_1247_2.jpg;YM_1247_3.jpg,singleton_passage,train
YM_burst_0278,YM_Farm2,1,YM_1248,7,{'3.75': 7},3.75,YM_1248_1.jpg;YM_1248_2.jpg;YM_1248_3.jpg,singleton_passage,train
YM_burst_0279,YM_Farm2,1,YM_1249_1264,15,{'3.5': 15},3.5,YM_1249_1.jpg;YM_1249_2.jpg;YM_1249_3.jpg,singleton_passage,test
YM_burst_0280,YM_Farm2,1,YM_125,11,{'4.0': 11},4.0,YM_125_1.jpg;YM_125_10.jpg;YM_125_11.jpg,singleton_passage,train
YM_burst_0281,YM_Farm2,1,YM_1250,8,{'3.25': 8},3.25,YM_1250_1.jpg;YM_1250_2.jpg;YM_1250_3.jpg,singleton_passage,train
YM_burst_0282,YM_Farm2,1,YM_1251,6,{'3.5': 6},3.5,YM_1251_1.jpg;YM_1251_2.jpg;YM_1251_3.jpg,singleton_passage,train
YM_burst_0283,YM_Farm2,1,YM_1252,6,{'3.5': 6},3.5,YM_1252_1.jpg;YM_1252_2.jpg;YM_1252_3.jpg,singleton_passage,train
YM_burst_0284,YM_Farm2,1,YM_1253,10,{'3.75': 10},3.75,YM_1253_1.jpg;YM_1253_10.jpg;YM_1253_2.jpg,singleton_passage,train
YM_burst_0285,YM_Farm2,1,YM_1254,6,{'3.75': 6},3.75,YM_1254_1.jpg;YM_1254_2.jpg;YM_1254_3.jpg,singleton_passage,train
YM_burst_0286,YM_Farm2,1,YM_1255,9,{'4.0': 9},4.0,YM_1255_1.jpg;YM_1255_2.jpg;YM_1255_3.jpg,singleton_passage,train
YM_burst_0287,YM_Farm2,1,YM_1256,10,{'3.75': 10},3.75,YM_1256_1.jpg;YM_1256_10.jpg;YM_1256_2.jpg,singleton_passage,train
YM_burst_0288,YM_Farm2,1,YM_1257,6,{'3.5': 6},3.5,YM_1257_1.jpg;YM_1257_2.jpg;YM_1257_3.jpg,singleton_passage,test
YM_burst_0289,YM_Farm2,1,YM_1258,9,{'3.75': 9},3.75,YM_1258_1.jpg;YM_1258_2.jpg;YM_1258_3.jpg,singleton_passage,train
YM_burst_0290,YM_Farm2,1,YM_1259,6,{'3.5': 6},3.5,YM_1259_1.jpg;YM_1259_2.jpg;YM_1259_3.jpg,singleton_passage,test
YM_burst_0291,YM_Farm2,1,YM_126,7,{'4.0': 7},4.0,YM_126_1.jpg;YM_126_2.jpg;YM_126_3.jpg,singleton_passage,train
YM_burst_0292,YM_Farm2,1,YM_1260,6,{'4.0': 6},4.0,YM_1260_1.jpg;YM_1260_2.jpg;YM_1260_3.jpg,singleton_passage,val
YM_burst_0293,YM_Farm2,1,YM_1261,5,{'3.5': 5},3.5,YM_1261_1.jpg;YM_1261_2.jpg;YM_1261_3.jpg,singleton_passage,train
YM_burst_0294,YM_Farm2,1,YM_1262,10,{'3.5': 10},3.5,YM_1262_1.jpg;YM_1262_10.jpg;YM_1262_2.jpg,singleton_passage,train
YM_burst_0295,YM_Farm2,1,YM_1263,6,{'3.75': 6},3.75,YM_1263_1.jpg;YM_1263_2.jpg;YM_1263_3.jpg,singleton_passage,train
YM_burst_0296,YM_Farm2,1,YM_1265,10,{'4.0': 10},4.0,YM_1265_1.jpg;YM_1265_10.jpg;YM_1265_2.jpg,singleton_passage,val
YM_burst_0297,YM_Farm2,1,YM_1266,9,{'3.5': 9},3.5,YM_1266_1.jpg;YM_1266_2.jpg;YM_1266_3.jpg,singleton_passage,train
YM_burst_0298,YM_Farm2,1,YM_1267,8,{'4.25': 8},4.25,YM_1267_1.jpg;YM_1267_2.jpg;YM_1267_3.jpg,singleton_passage,val
YM_burst_0299,YM_Farm2,1,YM_1268,7,{'3.75': 7},3.75,YM_1268_1.jpg;YM_1268_2.jpg;YM_1268_3.jpg,singleton_passage,train
YM_burst_0300,YM_Farm2,1,YM_1269,9,{'3.75': 9},3.75,YM_1269_1.jpg;YM_1269_2.jpg;YM_1269_3.jpg,singleton_passage,val
YM_burst_0301,YM_Farm2,1,YM_127,6,{'4.0': 6},4.0,YM_127_1.jpg;YM_127_2.jpg;YM_127_3.jpg,singleton_passage,train
YM_burst_0302,YM_Farm2,1,YM_1270,3,{'3.5': 3},3.5,YM_1270_1.jpg;YM_1270_2.jpg;YM_1270_3.jpg,singleton_passage,val
YM_burst_0303,YM_Farm2,1,YM_1271,9,{'4.0': 9},4.0,YM_1271_1.jpg;YM_1271_2.jpg;YM_1271_3.jpg,singleton_passage,val
YM_burst_0304,YM_Farm2,1,YM_1272,9,{'4.25': 9},4.25,YM_1272_1.jpg;YM_1272_2.jpg;YM_1272_3.jpg,singleton_passage,test
YM_burst_0305,YM_Farm2,1,YM_1273,8,{'3.5': 8},3.5,YM_1273_1.jpg;YM_1273_2.jpg;YM_1273_3.jpg,singleton_passage,test
YM_burst_0306,YM_Farm2,1,YM_1274,7,{'3.25': 7},3.25,YM_1274_1.jpg;YM_1274_2.jpg;YM_1274_3.jpg,singleton_passage,train
YM_burst_0307,YM_Farm2,1,YM_1275,6,{'4.25': 6},4.25,YM_1275_1.jpg;YM_1275_2.jpg;YM_1275_3.jpg,singleton_passage,train
YM_burst_0308,YM_Farm2,1,YM_1276,9,{'3.5': 9},3.5,YM_1276_1.jpg;YM_1276_2.jpg;YM_1276_3.jpg,singleton_passage,train
YM_burst_0309,YM_Farm2,1,YM_1277,7,{'3.25': 7},3.25,YM_1277_1.jpg;YM_1277_2.jpg;YM_1277_3.jpg,singleton_passage,train
YM_burst_0310,YM_Farm2,1,YM_1278,10,{'3.75': 10},3.75,YM_1278_1.jpg;YM_1278_10.jpg;YM_1278_2.jpg,singleton_passage,train
YM_burst_0311,YM_Farm2,1,YM_1279,2,{'4.25': 2},4.25,YM_1279_1.jpg;YM_1279_2.jpg,singleton_passage,val
YM_burst_0312,YM_Farm2,1,YM_128,6,{'3.5': 6},3.5,YM_128_1.jpg;YM_128_2.jpg;YM_128_3.jpg,singleton_passage,train
YM_burst_0313,YM_Farm2,1,YM_1280,7,{'4.0': 7},4.0,YM_1280_1.jpg;YM_1280_2.jpg;YM_1280_3.jpg,singleton_passage,test
YM_burst_0314,YM_Farm2,1,YM_1281,8,{'3.25': 8},3.25,YM_1281_1.jpg;YM_1281_2.jpg;YM_1281_3.jpg,singleton_passage,test
YM_burst_0315,YM_Farm2,1,YM_1282,6,{'3.75': 6},3.75,YM_1282_1.jpg;YM_1282_2.jpg;YM_1282_3.jpg,singleton_passage,train
YM_burst_0316,YM_Farm2,1,YM_1283,6,{'4.0': 6},4.0,YM_1283_1.jpg;YM_1283_2.jpg;YM_1283_3.jpg,singleton_passage,train
YM_burst_0317,YM_Farm2,1,YM_1284,6,{'3.5': 6},3.5,YM_1284_1.jpg;YM_1284_2.jpg;YM_1284_3.jpg,singleton_passage,train
YM_burst_0318,YM_Farm2,1,YM_1285,5,{'4.0': 5},4.0,YM_1285_1.jpg;YM_1285_2.jpg;YM_1285_3.jpg,singleton_passage,train
YM_burst_0319,YM_Farm2,1,YM_1286,7,{'3.75': 7},3.75,YM_1286_1.jpg;YM_1286_2.jpg;YM_1286_3.jpg,singleton_passage,train
YM_burst_0320,YM_Farm2,1,YM_1287,5,{'3.75': 5},3.75,YM_1287_1.jpg;YM_1287_2.jpg;YM_1287_3.jpg,singleton_passage,train
YM_burst_0321,YM_Farm2,1,YM_1288,3,{'3.25': 3},3.25,YM_1288_1.jpg;YM_1288_2.jpg;YM_1288_3.jpg,singleton_passage,val
YM_burst_0322,YM_Farm2,1,YM_1289,5,{'3.5': 5},3.5,YM_1289_1.jpg;YM_1289_2.jpg;YM_1289_3.jpg,singleton_passage,train
YM_burst_0323,YM_Farm2,1,YM_129,6,{'3.75': 6},3.75,YM_129_1.jpg;YM_129_2.jpg;YM_129_3.jpg,singleton_passage,test
YM_burst_0324,YM_Farm2,1,YM_1290,5,{'3.5': 5},3.5,YM_1290_1.jpg;YM_1290_2.jpg;YM_1290_3.jpg,singleton_passage,val
YM_burst_0325,YM_Farm2,1,YM_1291,5,{'4.0': 5},4.0,YM_1291_1.jpg;YM_1291_2.jpg;YM_1291_3.jpg,singleton_passage,train
YM_burst_0326,YM_Farm2,1,YM_1292,5,{'3.5': 5},3.5,YM_1292_1.jpg;YM_1292_2.jpg;YM_1292_3.jpg,singleton_passage,train
YM_burst_0327,YM_Farm2,1,YM_1293,4,{'3.5': 4},3.5,YM_1293_1.jpg;YM_1293_2.jpg;YM_1293_3.jpg,singleton_passage,train
YM_burst_0328,YM_Farm2,1,YM_1294,7,{'3.75': 7},3.75,YM_1294_1.jpg;YM_1294_2.jpg;YM_1294_3.jpg,singleton_passage,val
YM_burst_0329,YM_Farm2,1,YM_1295,6,{'3.75': 6},3.75,YM_1295_1.jpg;YM_1295_2.jpg;YM_1295_3.jpg,singleton_passage,train
YM_burst_0330,YM_Farm2,1,YM_1296,8,{'4.0': 8},4.0,YM_1296_1.jpg;YM_1296_2.jpg;YM_1296_3.jpg,singleton_passage,train
YM_burst_0331,YM_Farm2,1,YM_1297,7,{'3.75': 7},3.75,YM_1297_1.jpg;YM_1297_2.jpg;YM_1297_3.jpg,singleton_passage,train
YM_burst_0332,YM_Farm2,1,YM_1298,13,"{'3.25': 7, '3.5': 6}",3.25,YM_1298_1.jpg;YM_1298_2.jpg;YM_1298_3.jpg,singleton_passage,train
YM_burst_0333,YM_Farm2,1,YM_1299,6,{'3.5': 6},3.5,YM_1299_1.jpg;YM_1299_2.jpg;YM_1299_3.jpg,singleton_passage,train
YM_burst_0334,YM_Farm2,1,YM_13,4,{'4.25': 4},4.25,YM_13_1.jpg;YM_13_2.jpg;YM_13_3.jpg,singleton_passage,test
YM_burst_0335,YM_Farm2,1,YM_130,5,{'4.0': 5},4.0,YM_130_1.jpg;YM_130_2.jpg;YM_130_3.jpg,singleton_passage,train
YM_burst_0336,YM_Farm2,1,YM_1300,9,{'4.0': 9},4.0,YM_1300_1.jpg;YM_1300_2.jpg;YM_1300_3.jpg,singleton_passage,val
YM_burst_0337,YM_Farm2,1,YM_1301,5,{'3.75': 5},3.75,YM_1301_1.jpg;YM_1301_2.jpg;YM_1301_3.jpg,singleton_passage,train
YM_burst_0338,YM_Farm2,1,YM_1302,9,{'3.5': 9},3.5,YM_1302_1.jpg;YM_1302_2.jpg;YM_1302_3.jpg,singleton_passage,train
YM_burst_0339,YM_Farm2,1,YM_1303,10,{'3.25': 10},3.25,YM_1303_1.jpg;YM_1303_10.jpg;YM_1303_2.jpg,singleton_passage,test
YM_burst_0340,YM_Farm2,1,YM_1304,10,{'3.5': 10},3.5,YM_1304_1.jpg;YM_1304_10.jpg;YM_1304_2.jpg,singleton_passage,val
YM_burst_0341,YM_Farm2,1,YM_1305,8,{'3.5': 8},3.5,YM_1305_1.jpg;YM_1305_2.jpg;YM_1305_3.jpg,singleton_passage,train
YM_burst_0342,YM_Farm2,1,YM_1306,5,{'4.0': 5},4.0,YM_1306_1.jpg;YM_1306_2.jpg;YM_1306_3.jpg,singleton_passage,train
YM_burst_0343,YM_Farm2,1,YM_1307,6,{'3.75': 6},3.75,YM_1307_1.jpg;YM_1307_2.jpg;YM_1307_3.jpg,singleton_passage,val
YM_burst_0344,YM_Farm2,1,YM_1308,3,{'4.0': 3},4.0,YM_1308_1.jpg;YM_1308_2.jpg;YM_1308_3.jpg,singleton_passage,val
YM_burst_0345,YM_Farm2,1,YM_1309,5,{'3.75': 5},3.75,YM_1309_1.jpg;YM_1309_2.jpg;YM_1309_3.jpg,singleton_passage,train
YM_burst_0346,YM_Farm2,1,YM_131,15,{'4.0': 15},4.0,YM_131_1.jpg;YM_131_10.jpg;YM_131_11.jpg,singleton_passage,train
YM_burst_0347,YM_Farm2,1,YM_1310,6,{'3.5': 6},3.5,YM_1310_1.jpg;YM_1310_2.jpg;YM_1310_3.jpg,singleton_passage,train
YM_burst_0348,YM_Farm2,1,YM_1311,6,{'3.5': 6},3.5,YM_1311_1.jpg;YM_1311_2.jpg;YM_1311_3.jpg,singleton_passage,train
YM_burst_0349,YM_Farm2,1,YM_1312,8,{'3.75': 8},3.75,YM_1312_1.jpg;YM_1312_2.jpg;YM_1312_3.jpg,singleton_passage,val
YM_burst_0350,YM_Farm2,1,YM_1313,11,"{'3.5': 5, '3.75': 6}",3.75,YM_1313_1.jpg;YM_1313_2.jpg;YM_1313_3.jpg,singleton_passage,train
YM_burst_0351,YM_Farm2,1,YM_1314,6,{'3.75': 6},3.75,YM_1314_1.jpg;YM_1314_2.jpg;YM_1314_3.jpg,singleton_passage,train
YM_burst_0352,YM_Farm2,1,YM_1315,4,{'3.5': 4},3.5,YM_1315_1.jpg;YM_1315_2.jpg;YM_1315_3.jpg,singleton_passage,train
YM_burst_0353,YM_Farm2,1,YM_1316,4,{'3.5': 4},3.5,YM_1316_1.jpg;YM_1316_2.jpg;YM_1316_3.jpg,singleton_passage,test
YM_burst_0354,YM_Farm2,1,YM_1317,4,{'4.0': 4},4.0,YM_1317_1.jpg;YM_1317_2.jpg;YM_1317_3.jpg,singleton_passage,train
YM_burst_0355,YM_Farm2,1,YM_1318,5,{'4.0': 5},4.0,YM_1318_1.jpg;YM_1318_2.jpg;YM_1318_3.jpg,singleton_passage,train
YM_burst_0356,YM_Farm2,1,YM_1319,7,{'3.75': 7},3.75,YM_1319_1.jpg;YM_1319_2.jpg;YM_1319_3.jpg,singleton_passage,val
YM_burst_0357,YM_Farm2,1,YM_132,10,{'3.5': 10},3.5,YM_132_1.jpg;YM_132_10.jpg;YM_132_2.jpg,singleton_passage,train
YM_burst_0358,YM_Farm2,1,YM_1320,6,{'3.5': 6},3.5,YM_1320_1.jpg;YM_1320_2.jpg;YM_1320_3.jpg,singleton_passage,test
YM_burst_0359,YM_Farm2,1,YM_1321,4,{'4.0': 4},4.0,YM_1321_1.jpg;YM_1321_2.jpg;YM_1321_3.jpg,singleton_passage,val
YM_burst_0360,YM_Farm2,1,YM_1322,7,{'4.0': 7},4.0,YM_1322_1.jpg;YM_1322_2.jpg;YM_1322_3.jpg,singleton_passage,val
YM_burst_0361,YM_Farm2,1,YM_1323,6,{'3.5': 6},3.5,YM_1323_1.jpg;YM_1323_2.jpg;YM_1323_3.jpg,singleton_passage,test
YM_burst_0362,YM_Farm2,1,YM_1324,6,{'3.75': 6},3.75,YM_1324_1.jpg;YM_1324_2.jpg;YM_1324_3.jpg,singleton_passage,train
YM_burst_0363,YM_Farm2,1,YM_1325,8,{'3.5': 8},3.5,YM_1325_1.jpg;YM_1325_2.jpg;YM_1325_3.jpg,singleton_passage,val
YM_burst_0364,YM_Farm2,1,YM_1326,8,{'3.75': 8},3.75,YM_1326_1.jpg;YM_1326_2.jpg;YM_1326_3.jpg,singleton_passage,test
YM_burst_0365,YM_Farm2,1,YM_1327,5,{'3.25': 5},3.25,YM_1327_1.jpg;YM_1327_2.jpg;YM_1327_3.jpg,singleton_passage,train
YM_burst_0366,YM_Farm2,1,YM_1328,7,{'3.5': 7},3.5,YM_1328_1.jpg;YM_1328_2.jpg;YM_1328_3.jpg,singleton_passage,train
YM_burst_0367,YM_Farm2,1,YM_1329,7,{'3.75': 7},3.75,YM_1329_1.jpg;YM_1329_2.jpg;YM_1329_3.jpg,singleton_passage,train
YM_burst_0368,YM_Farm2,1,YM_133,8,{'4.0': 8},4.0,YM_133_1.jpg;YM_133_2.jpg;YM_133_3.jpg,singleton_passage,train
YM_burst_0369,YM_Farm2,1,YM_1330,6,{'3.75': 6},3.75,YM_1330_1.jpg;YM_1330_2.jpg;YM_1330_3.jpg,singleton_passage,train
YM_burst_0370,YM_Farm2,1,YM_1331,7,{'4.25': 7},4.25,YM_1331_1.jpg;YM_1331_2.jpg;YM_1331_3.jpg,singleton_passage,val
YM_burst_0371,YM_Farm2,1,YM_1332,8,{'3.5': 8},3.5,YM_1332_1.jpg;YM_1332_2.jpg;YM_1332_3.jpg,singleton_passage,val
YM_burst_0372,YM_Farm2,1,YM_1333,5,{'3.75': 5},3.75,YM_1333_1.jpg;YM_1333_2.jpg;YM_1333_3.jpg,singleton_passage,train
YM_burst_0373,YM_Farm2,1,YM_1334,11,{'3.5': 11},3.5,YM_1334_1.jpg;YM_1334_10.jpg;YM_1334_11.jpg,singleton_passage,train
YM_burst_0374,YM_Farm2,1,YM_1335,9,{'4.0': 9},4.0,YM_1335_1.jpg;YM_1335_2.jpg;YM_1335_3.jpg,singleton_passage,train
YM_burst_0375,YM_Farm2,1,YM_1336,7,{'3.75': 7},3.75,YM_1336_1.jpg;YM_1336_2.jpg;YM_1336_3.jpg,singleton_passage,train
YM_burst_0376,YM_Farm2,1,YM_1337,7,{'3.5': 7},3.5,YM_1337_1.jpg;YM_1337_2.jpg;YM_1337_3.jpg,singleton_passage,train
YM_burst_0377,YM_Farm2,1,YM_1338,8,{'3.5': 8},3.5,YM_1338_1.jpg;YM_1338_2.jpg;YM_1338_3.jpg,singleton_passage,test
YM_burst_0378,YM_Farm2,1,YM_1339,6,{'4.25': 6},4.25,YM_1339_1.jpg;YM_1339_2.jpg;YM_1339_3.jpg,singleton_passage,train
YM_burst_0379,YM_Farm2,1,YM_134,8,{'3.75': 8},3.75,YM_134_1.jpg;YM_134_2.jpg;YM_134_3.jpg,singleton_passage,train
YM_burst_0380,YM_Farm2,1,YM_1340,7,{'4.0': 7},4.0,YM_1340_1.jpg;YM_1340_2.jpg;YM_1340_3.jpg,singleton_passage,train
YM_burst_0381,YM_Farm2,1,YM_1341,6,{'3.5': 6},3.5,YM_1341_1.jpg;YM_1341_2.jpg;YM_1341_3.jpg,singleton_passage,train
YM_burst_0382,YM_Farm2,1,YM_1342,6,{'4.0': 6},4.0,YM_1342_1.jpg;YM_1342_2.jpg;YM_1342_3.jpg,singleton_passage,val
YM_burst_0383,YM_Farm2,1,YM_1343,5,{'4.0': 5},4.0,YM_1343_1.jpg;YM_1343_2.jpg;YM_1343_3.jpg,singleton_passage,val
YM_burst_0384,YM_Farm2,1,YM_1344,7,{'3.75': 7},3.75,YM_1344_1.jpg;YM_1344_2.jpg;YM_1344_3.jpg,singleton_passage,test
YM_burst_0385,YM_Farm2,1,YM_1345,5,{'3.75': 5},3.75,YM_1345_1.jpg;YM_1345_2.jpg;YM_1345_3.jpg,singleton_passage,train
YM_burst_0386,YM_Farm2,1,YM_1346,9,{'3.75': 9},3.75,YM_1346_1.jpg;YM_1346_2.jpg;YM_1346_3.jpg,singleton_passage,train
YM_burst_0387,YM_Farm2,1,YM_1347,4,{'3.5': 4},3.5,YM_1347_1.jpg;YM_1347_2.jpg;YM_1347_3.jpg,singleton_passage,train
YM_burst_0388,YM_Farm2,1,YM_1348,9,{'4.0': 9},4.0,YM_1348_1.jpg;YM_1348_2.jpg;YM_1348_3.jpg,singleton_passage,train
YM_burst_0389,YM_Farm2,1,YM_1349,4,{'4.0': 4},4.0,YM_1349_1.jpg;YM_1349_2.jpg;YM_1349_3.jpg,singleton_passage,test
YM_burst_0390,YM_Farm2,1,YM_135,4,{'3.5': 4},3.5,YM_135_1.jpg;YM_135_2.jpg;YM_135_3.jpg,singleton_passage,train
YM_burst_0391,YM_Farm2,1,YM_1350,9,{'4.25': 9},4.25,YM_1350_1.jpg;YM_1350_2.jpg;YM_1350_3.jpg,singleton_passage,val
YM_burst_0392,YM_Farm2,1,YM_1351,5,{'3.75': 5},3.75,YM_1351_1.jpg;YM_1351_2.jpg;YM_1351_3.jpg,singleton_passage,val
YM_burst_0393,YM_Farm2,1,YM_1352,5,{'3.5': 5},3.5,YM_1352_1.jpg;YM_1352_2.jpg;YM_1352_3.jpg,singleton_passage,train
YM_burst_0394,YM_Farm2,1,YM_1353,8,{'4.25': 8},4.25,YM_1353_1.jpg;YM_1353_2.jpg;YM_1353_3.jpg,singleton_passage,train
YM_burst_0395,YM_Farm2,1,YM_1354,7,{'3.75': 7},3.75,YM_1354_1.jpg;YM_1354_2.jpg;YM_1354_3.jpg,singleton_passage,val
YM_burst_0396,YM_Farm2,1,YM_1355,3,{'4.0': 3},4.0,YM_1355_1.jpg;YM_1355_2.jpg;YM_1355_3.jpg,singleton_passage,test
YM_burst_0397,YM_Farm2,1,YM_1356,7,{'4.0': 7},4.0,YM_1356_1.jpg;YM_1356_2.jpg;YM_1356_3.jpg,singleton_passage,test
YM_burst_0398,YM_Farm2,1,YM_1357,8,{'3.75': 8},3.75,YM_1357_1.jpg;YM_1357_2.jpg;YM_1357_3.jpg,singleton_passage,train
YM_burst_0399,YM_Farm2,1,YM_1358,9,{'4.0': 9},4.0,YM_1358_1.jpg;YM_1358_2.jpg;YM_1358_3.jpg,singleton_passage,train
YM_burst_0400,YM_Farm2,1,YM_1359,9,{'3.5': 9},3.5,YM_1359_1.jpg;YM_1359_2.jpg;YM_1359_3.jpg,singleton_passage,train
YM_burst_0401,YM_Farm2,1,YM_136,6,{'3.75': 6},3.75,YM_136_1.jpg;YM_136_2.jpg;YM_136_3.jpg,singleton_passage,train
YM_burst_0402,YM_Farm2,1,YM_1360,6,{'4.0': 6},4.0,YM_1360_1.jpg;YM_1360_2.jpg;YM_1360_3.jpg,singleton_passage,train
YM_burst_0403,YM_Farm2,1,YM_1361,9,{'4.0': 9},4.0,YM_1361_1.jpg;YM_1361_2.jpg;YM_1361_3.jpg,singleton_passage,train
YM_burst_0404,YM_Farm2,1,YM_1362,6,{'4.0': 6},4.0,YM_1362_1.jpg;YM_1362_2.jpg;YM_1362_3.jpg,singleton_passage,train
YM_burst_0405,YM_Farm2,1,YM_1363,7,{'3.75': 7},3.75,YM_1363_1.jpg;YM_1363_2.jpg;YM_1363_3.jpg,singleton_passage,train
YM_burst_0406,YM_Farm2,1,YM_1364,9,{'3.75': 9},3.75,YM_1364_1.jpg;YM_1364_2.jpg;YM_1364_3.jpg,singleton_passage,train
YM_burst_0407,YM_Farm2,1,YM_1365,8,{'3.75': 8},3.75,YM_1365_1.jpg;YM_1365_2.jpg;YM_1365_3.jpg,singleton_passage,train
YM_burst_0408,YM_Farm2,1,YM_1366,6,{'4.0': 6},4.0,YM_1366_1.jpg;YM_1366_2.jpg;YM_1366_3.jpg,singleton_passage,test
YM_burst_0409,YM_Farm2,1,YM_1367,5,{'3.25': 5},3.25,YM_1367_1.jpg;YM_1367_2.jpg;YM_1367_3.jpg,singleton_passage,test
YM_burst_0410,YM_Farm2,1,YM_1368,8,{'3.75': 8},3.75,YM_1368_1.jpg;YM_1368_2.jpg;YM_1368_3.jpg,singleton_passage,train
YM_burst_0411,YM_Farm2,1,YM_1369,6,{'3.25': 6},3.25,YM_1369_1.jpg;YM_1369_2.jpg;YM_1369_3.jpg,singleton_passage,train
YM_burst_0412,YM_Farm2,1,YM_137,7,{'4.0': 7},4.0,YM_137_1.jpg;YM_137_2.jpg;YM_137_3.jpg,singleton_passage,train
YM_burst_0413,YM_Farm2,1,YM_1370,5,{'3.75': 5},3.75,YM_1370_1.jpg;YM_1370_2.jpg;YM_1370_3.jpg,singleton_passage,train
YM_burst_0414,YM_Farm2,1,YM_1371,6,{'4.0': 6},4.0,YM_1371_1.jpg;YM_1371_2.jpg;YM_1371_3.jpg,singleton_passage,train
YM_burst_0415,YM_Farm2,1,YM_1372,11,{'4.0': 11},4.0,YM_1372_1.jpg;YM_1372_10.jpg;YM_1372_11.jpg,singleton_passage,val
YM_burst_0416,YM_Farm2,1,YM_1373,3,{'3.75': 3},3.75,YM_1373_1.jpg;YM_1373_2.jpg;YM_1373_3.jpg,singleton_passage,train
YM_burst_0417,YM_Farm2,1,YM_1374,8,{'3.25': 8},3.25,YM_1374_1.jpg;YM_1374_2.jpg;YM_1374_3.jpg,singleton_passage,train
YM_burst_0418,YM_Farm2,1,YM_1375,4,{'4.25': 4},4.25,YM_1375_1.jpg;YM_1375_2.jpg;YM_1375_3.jpg,singleton_passage,test
YM_burst_0419,YM_Farm2,1,YM_1376,6,{'4.25': 6},4.25,YM_1376_1.jpg;YM_1376_2.jpg;YM_1376_3.jpg,singleton_passage,train
YM_burst_0420,YM_Farm2,1,YM_1377,4,{'4.25': 4},4.25,YM_1377_1.jpg;YM_1377_2.jpg;YM_1377_3.jpg,singleton_passage,train
YM_burst_0421,YM_Farm2,1,YM_1378,5,{'4.0': 5},4.0,YM_1378_1.jpg;YM_1378_2.jpg;YM_1378_3.jpg,singleton_passage,val
YM_burst_0422,YM_Farm2,1,YM_1379,3,{'4.25': 3},4.25,YM_1379_1.jpg;YM_1379_2.jpg;YM_1379_3.jpg,singleton_passage,train
YM_burst_0423,YM_Farm2,1,YM_138,4,{'4.25': 4},4.25,YM_138_1.jpg;YM_138_2.jpg;YM_138_3.jpg,singleton_passage,test
YM_burst_0424,YM_Farm2,1,YM_1380,6,"{'3.75': 5, '4.25': 1}",3.75,YM_1380_2.jpg;YM_1380_3.jpg;YM_1380_4.jpg,singleton_passage,train
YM_burst_0425,YM_Farm2,1,YM_1381,4,{'4.0': 4},4.0,YM_1381_1.jpg;YM_1381_2.jpg;YM_1381_3.jpg,singleton_passage,test
YM_burst_0426,YM_Farm2,1,YM_1382,5,{'4.0': 5},4.0,YM_1382_1.jpg;YM_1382_2.jpg;YM_1382_3.jpg,singleton_passage,val
YM_burst_0427,YM_Farm2,1,YM_1383,7,{'4.0': 7},4.0,YM_1383_1.jpg;YM_1383_2.jpg;YM_1383_3.jpg,singleton_passage,train
YM_burst_0428,YM_Farm2,1,YM_1384,9,{'3.5': 9},3.5,YM_1384_1.jpg;YM_1384_2.jpg;YM_1384_3.jpg,singleton_passage,test
YM_burst_0429,YM_Farm2,1,YM_1385,8,{'4.25': 8},4.25,YM_1385_1.jpg;YM_1385_2.jpg;YM_1385_3.jpg,singleton_passage,train
YM_burst_0430,YM_Farm2,1,YM_1386,5,{'4.0': 5},4.0,YM_1386_1.jpg;YM_1386_2.jpg;YM_1386_3.jpg,singleton_passage,train
YM_burst_0431,YM_Farm2,1,YM_1387,10,{'4.0': 10},4.0,YM_1387_1.jpg;YM_1387_10.jpg;YM_1387_2.jpg,singleton_passage,test
YM_burst_0432,YM_Farm2,1,YM_1388,10,{'3.5': 10},3.5,YM_1388_1.jpg;YM_1388_10.jpg;YM_1388_2.jpg,singleton_passage,val
YM_burst_0433,YM_Farm2,1,YM_1389,12,{'4.0': 12},4.0,YM_1389_1.jpg;YM_1389_10.jpg;YM_1389_11.jpg,singleton_passage,train
YM_burst_0434,YM_Farm2,1,YM_139,5,{'4.25': 5},4.25,YM_139_1.jpg;YM_139_2.jpg;YM_139_3.jpg,singleton_passage,train
YM_burst_0435,YM_Farm2,1,YM_1390,7,{'4.0': 7},4.0,YM_1390_1.jpg;YM_1390_2.jpg;YM_1390_3.jpg,singleton_passage,train
YM_burst_0436,YM_Farm2,1,YM_1391,9,{'4.25': 9},4.25,YM_1391_1.jpg;YM_1391_2.jpg;YM_1391_3.jpg,singleton_passage,test
YM_burst_0437,YM_Farm2,1,YM_1392,5,{'4.25': 5},4.25,YM_1392_1.jpg;YM_1392_2.jpg;YM_1392_3.jpg,singleton_passage,train
YM_burst_0438,YM_Farm2,1,YM_1393,6,{'3.5': 6},3.5,YM_1393_1.jpg;YM_1393_2.jpg;YM_1393_3.jpg,singleton_passage,train
YM_burst_0439,YM_Farm2,1,YM_1394,5,{'4.0': 5},4.0,YM_1394_1.jpg;YM_1394_2.jpg;YM_1394_3.jpg,singleton_passage,test
YM_burst_0440,YM_Farm2,1,YM_1395,6,{'4.0': 6},4.0,YM_1395_1.jpg;YM_1395_2.jpg;YM_1395_3.jpg,singleton_passage,train
YM_burst_0441,YM_Farm2,1,YM_1396,11,{'3.75': 11},3.75,YM_1396_1.jpg;YM_1396_10.jpg;YM_1396_11.jpg,singleton_passage,train
YM_burst_0442,YM_Farm2,1,YM_1397,3,{'4.0': 3},4.0,YM_1397_1.jpg;YM_1397_2.jpg;YM_1397_3.jpg,singleton_passage,train
YM_burst_0443,YM_Farm2,1,YM_1398,7,{'4.0': 7},4.0,YM_1398_1.jpg;YM_1398_2.jpg;YM_1398_3.jpg,singleton_passage,train
YM_burst_0444,YM_Farm2,1,YM_1399,5,{'4.0': 5},4.0,YM_1399_1.jpg;YM_1399_2.jpg;YM_1399_3.jpg,singleton_passage,train
YM_burst_0445,YM_Farm2,1,YM_14,6,{'3.75': 6},3.75,YM_14_1.jpg;YM_14_2.jpg;YM_14_3.jpg,singleton_passage,train
YM_burst_0446,YM_Farm2,1,YM_140,4,{'3.5': 4},3.5,YM_140_1.jpg;YM_140_2.jpg;YM_140_3.jpg,singleton_passage,train
YM_burst_0447,YM_Farm2,1,YM_1400,5,{'4.0': 5},4.0,YM_1400_1.jpg;YM_1400_2.jpg;YM_1400_3.jpg,singleton_passage,train
YM_burst_0448,YM_Farm2,1,YM_1401,9,{'4.0': 9},4.0,YM_1401_1.jpg;YM_1401_2.jpg;YM_1401_3.jpg,singleton_passage,train
YM_burst_0449,YM_Farm2,1,YM_1402,9,{'4.0': 9},4.0,YM_1402_1.jpg;YM_1402_2.jpg;YM_1402_3.jpg,singleton_passage,test
YM_burst_0450,YM_Farm2,1,YM_1403,5,{'3.75': 5},3.75,YM_1403_1.jpg;YM_1403_2.jpg;YM_1403_3.jpg,singleton_passage,test
YM_burst_0451,YM_Farm2,1,YM_1404,12,{'3.5': 12},3.5,YM_1404_1.jpg;YM_1404_10.jpg;YM_1404_11.jpg,singleton_passage,train
YM_burst_0452,YM_Farm2,1,YM_1405,6,{'4.25': 6},4.25,YM_1405_1.jpg;YM_1405_2.jpg;YM_1405_3.jpg,singleton_passage,train
YM_burst_0453,YM_Farm2,1,YM_1406,10,{'4.25': 10},4.25,YM_1406_1.jpg;YM_1406_10.jpg;YM_1406_2.jpg,singleton_passage,train
YM_burst_0454,YM_Farm2,1,YM_1407,7,{'4.0': 7},4.0,YM_1407_1.jpg;YM_1407_2.jpg;YM_1407_3.jpg,singleton_passage,train
YM_burst_0455,YM_Farm2,1,YM_1408,7,{'3.75': 7},3.75,YM_1408_1.jpg;YM_1408_2.jpg;YM_1408_3.jpg,singleton_passage,train
YM_burst_0456,YM_Farm2,1,YM_1409,5,{'4.0': 5},4.0,YM_1409_1.jpg;YM_1409_2.jpg;YM_1409_3.jpg,singleton_passage,val
YM_burst_0457,YM_Farm2,1,YM_141,9,{'3.5': 9},3.5,YM_141_1.jpg;YM_141_2.jpg;YM_141_3.jpg,singleton_passage,train
YM_burst_0458,YM_Farm2,1,YM_1410,6,{'3.5': 6},3.5,YM_1410_1.jpg;YM_1410_2.jpg;YM_1410_3.jpg,singleton_passage,train
YM_burst_0459,YM_Farm2,1,YM_1411,7,{'4.0': 7},4.0,YM_1411_1.jpg;YM_1411_2.jpg;YM_1411_3.jpg,singleton_passage,train
YM_burst_0460,YM_Farm2,1,YM_1412,12,{'4.0': 12},4.0,YM_1412_1.jpg;YM_1412_10.jpg;YM_1412_11.jpg,singleton_passage,train
YM_burst_0461,YM_Farm2,1,YM_1413,8,{'3.75': 8},3.75,YM_1413_1.jpg;YM_1413_2.jpg;YM_1413_3.jpg,singleton_passage,train
YM_burst_0462,YM_Farm2,1,YM_1414,6,{'3.75': 6},3.75,YM_1414_1.jpg;YM_1414_2.jpg;YM_1414_3.jpg,singleton_passage,train
YM_burst_0463,YM_Farm2,1,YM_1415,7,{'3.5': 7},3.5,YM_1415_1.jpg;YM_1415_2.jpg;YM_1415_3.jpg,singleton_passage,train
YM_burst_0464,YM_Farm2,1,YM_1416,8,{'3.75': 8},3.75,YM_1416_1.jpg;YM_1416_2.jpg;YM_1416_3.jpg,singleton_passage,train
YM_burst_0465,YM_Farm2,1,YM_1417,7,{'4.25': 7},4.25,YM_1417_1.jpg;YM_1417_2.jpg;YM_1417_3.jpg,singleton_passage,train
YM_burst_0466,YM_Farm2,1,YM_1418,9,{'4.0': 9},4.0,YM_1418_1.jpg;YM_1418_2.jpg;YM_1418_3.jpg,singleton_passage,train
YM_burst_0467,YM_Farm2,1,YM_1419,7,{'4.0': 7},4.0,YM_1419_1.jpg;YM_1419_2.jpg;YM_1419_3.jpg,singleton_passage,train
YM_burst_0468,YM_Farm2,1,YM_142,10,{'4.25': 10},4.25,YM_142_1.jpg;YM_142_10.jpg;YM_142_2.jpg,singleton_passage,train
YM_burst_0469,YM_Farm2,1,YM_1420,7,{'4.0': 7},4.0,YM_1420_1.jpg;YM_1420_2.jpg;YM_1420_3.jpg,singleton_passage,test
YM_burst_0470,YM_Farm2,1,YM_1421,2,{'3.75': 2},3.75,YM_1421_1.jpg;YM_1421_2.jpg,singleton_passage,train
YM_burst_0471,YM_Farm2,1,YM_1422,9,{'3.5': 9},3.5,YM_1422_1.jpg;YM_1422_2.jpg;YM_1422_3.jpg,singleton_passage,test
YM_burst_0472,YM_Farm2,1,YM_1423,6,{'3.75': 6},3.75,YM_1423_1.jpg;YM_1423_2.jpg;YM_1423_3.jpg,singleton_passage,test
YM_burst_0473,YM_Farm2,1,YM_1424,7,{'3.5': 7},3.5,YM_1424_1.jpg;YM_1424_2.jpg;YM_1424_3.jpg,singleton_passage,train
YM_burst_0474,YM_Farm2,1,YM_1425,7,{'3.25': 7},3.25,YM_1425_1.jpg;YM_1425_2.jpg;YM_1425_3.jpg,singleton_passage,train
YM_burst_0475,YM_Farm2,1,YM_1426,11,{'4.25': 11},4.25,YM_1426_1.jpg;YM_1426_10.jpg;YM_1426_11.jpg,singleton_passage,test
YM_burst_0476,YM_Farm2,1,YM_1427,5,{'3.75': 5},3.75,YM_1427_1.jpg;YM_1427_2.jpg;YM_1427_3.jpg,singleton_passage,val
YM_burst_0477,YM_Farm2,1,YM_1428,4,{'3.25': 4},3.25,YM_1428_1.jpg;YM_1428_2.jpg;YM_1428_3.jpg,singleton_passage,train
YM_burst_0478,YM_Farm2,1,YM_1429,6,{'3.5': 6},3.5,YM_1429_1.jpg;YM_1429_2.jpg;YM_1429_3.jpg,singleton_passage,train
YM_burst_0479,YM_Farm2,1,YM_143,7,{'3.75': 7},3.75,YM_143_1.jpg;YM_143_2.jpg;YM_143_3.jpg,singleton_passage,train
YM_burst_0480,YM_Farm2,1,YM_1430,6,{'4.25': 6},4.25,YM_1430_1.jpg;YM_1430_2.jpg;YM_1430_3.jpg,singleton_passage,train
YM_burst_0481,YM_Farm2,1,YM_1431,9,{'4.0': 9},4.0,YM_1431_1.jpg;YM_1431_2.jpg;YM_1431_3.jpg,singleton_passage,test
YM_burst_0482,YM_Farm2,1,YM_1432,5,{'3.5': 5},3.5,YM_1432_1.jpg;YM_1432_2.jpg;YM_1432_3.jpg,singleton_passage,val
YM_burst_0483,YM_Farm2,1,YM_1433,9,{'3.75': 9},3.75,YM_1433_1.jpg;YM_1433_2.jpg;YM_1433_3.jpg,singleton_passage,test
YM_burst_0484,YM_Farm2,1,YM_1434,6,{'3.75': 6},3.75,YM_1434_1.jpg;YM_1434_2.jpg;YM_1434_3.jpg,singleton_passage,train
YM_burst_0485,YM_Farm2,1,YM_1435,8,{'3.75': 8},3.75,YM_1435_1.jpg;YM_1435_2.jpg;YM_1435_3.jpg,singleton_passage,train
YM_burst_0486,YM_Farm2,1,YM_1436,7,{'3.5': 7},3.5,YM_1436_1.jpg;YM_1436_2.jpg;YM_1436_3.jpg,singleton_passage,test
YM_burst_0487,YM_Farm2,1,YM_1437,8,{'4.0': 8},4.0,YM_1437_1.jpg;YM_1437_2.jpg;YM_1437_3.jpg,singleton_passage,train
YM_burst_0488,YM_Farm2,1,YM_1438,8,{'3.5': 8},3.5,YM_1438_1.jpg;YM_1438_2.jpg;YM_1438_3.jpg,singleton_passage,train
YM_burst_0489,YM_Farm2,1,YM_1439,6,"{'3.75': 2, '4.0': 4}",4.0,YM_1439_1.jpg;YM_1439_2.jpg;YM_1439_3.jpg,singleton_passage,train
YM_burst_0490,YM_Farm2,1,YM_144,3,{'3.5': 3},3.5,YM_144_1.jpg;YM_144_2.jpg;YM_144_3.jpg,singleton_passage,train
YM_burst_0491,YM_Farm2,1,YM_1440,5,{'4.0': 5},4.0,YM_1440_1.jpg;YM_1440_2.jpg;YM_1440_3.jpg,singleton_passage,train
YM_burst_0492,YM_Farm2,1,YM_1441,13,"{'3.75': 4, '4.0': 9}",4.0,YM_1441_10.jpg;YM_1441_11.jpg;YM_1441_12.jpg,singleton_passage,train
YM_burst_0493,YM_Farm2,1,YM_1442,9,{'3.75': 9},3.75,YM_1442_1.jpg;YM_1442_2.jpg;YM_1442_3.jpg,singleton_passage,train
YM_burst_0494,YM_Farm2,1,YM_1443,5,{'4.25': 5},4.25,YM_1443_1.jpg;YM_1443_2.jpg;YM_1443_3.jpg,singleton_passage,train
YM_burst_0495,YM_Farm2,1,YM_1444,8,{'3.5': 8},3.5,YM_1444_1.jpg;YM_1444_2.jpg;YM_1444_3.jpg,singleton_passage,train
YM_burst_0496,YM_Farm2,1,YM_1445,8,{'3.5': 8},3.5,YM_1445_1.jpg;YM_1445_2.jpg;YM_1445_3.jpg,singleton_passage,train
YM_burst_0497,YM_Farm2,1,YM_1446,5,{'3.5': 5},3.5,YM_1446_1.jpg;YM_1446_2.jpg;YM_1446_3.jpg,singleton_passage,train
YM_burst_0498,YM_Farm2,1,YM_1447,6,{'4.0': 6},4.0,YM_1447_1.jpg;YM_1447_2.jpg;YM_1447_3.jpg,singleton_passage,train
YM_burst_0499,YM_Farm2,1,YM_1448,12,{'3.75': 12},3.75,YM_1448_1.jpg;YM_1448_10.jpg;YM_1448_11.jpg,singleton_passage,train
YM_burst_0500,YM_Farm2,1,YM_1449,8,{'3.75': 8},3.75,YM_1449_1.jpg;YM_1449_2.jpg;YM_1449_3.jpg,singleton_passage,train
YM_burst_0501,YM_Farm2,1,YM_145,9,{'4.0': 9},4.0,YM_145_1.jpg;YM_145_2.jpg;YM_145_3.jpg,singleton_passage,val
YM_burst_0502,YM_Farm2,1,YM_1450,6,{'3.5': 6},3.5,YM_1450_1.jpg;YM_1450_2.jpg;YM_1450_3.jpg,singleton_passage,val
YM_burst_0503,YM_Farm2,1,YM_1451,6,{'4.0': 6},4.0,YM_1451_1.jpg;YM_1451_2.jpg;YM_1451_3.jpg,singleton_passage,train
YM_burst_0504,YM_Farm2,1,YM_1452,7,{'3.75': 7},3.75,YM_1452_1.jpg;YM_1452_2.jpg;YM_1452_3.jpg,singleton_passage,train
YM_burst_0505,YM_Farm2,1,YM_1453,8,{'3.5': 8},3.5,YM_1453_1.jpg;YM_1453_2.jpg;YM_1453_3.jpg,singleton_passage,train
YM_burst_0506,YM_Farm2,1,YM_1454,5,{'4.0': 5},4.0,YM_1454_1.jpg;YM_1454_2.jpg;YM_1454_3.jpg,singleton_passage,train
YM_burst_0507,YM_Farm2,1,YM_1455,3,{'3.5': 3},3.5,YM_1455_1.jpg;YM_1455_2.jpg;YM_1455_3.jpg,singleton_passage,val
YM_burst_0508,YM_Farm2,1,YM_1456,7,{'4.0': 7},4.0,YM_1456_1.jpg;YM_1456_2.jpg;YM_1456_3.jpg,singleton_passage,train
YM_burst_0509,YM_Farm2,1,YM_1457,8,{'3.5': 8},3.5,YM_1457_1.jpg;YM_1457_2.jpg;YM_1457_3.jpg,singleton_passage,train
YM_burst_0510,YM_Farm2,1,YM_1458,11,{'4.0': 11},4.0,YM_1458_1.jpg;YM_1458_10.jpg;YM_1458_11.jpg,singleton_passage,test
YM_burst_0511,YM_Farm2,1,YM_1459,5,{'4.0': 5},4.0,YM_1459_1.jpg;YM_1459_2.jpg;YM_1459_3.jpg,singleton_passage,test
YM_burst_0512,YM_Farm2,1,YM_146,7,"{'3.5': 6, '3.75': 1}",3.5,YM_146_2.jpg;YM_146_3.jpg;YM_146_4.jpg,singleton_passage,val
YM_burst_0513,YM_Farm2,1,YM_1460,5,{'3.5': 5},3.5,YM_1460_1.jpg;YM_1460_2.jpg;YM_1460_3.jpg,singleton_passage,train
YM_burst_0514,YM_Farm2,1,YM_1461,7,{'3.5': 7},3.5,YM_1461_1.jpg;YM_1461_2.jpg;YM_1461_3.jpg,singleton_passage,val
YM_burst_0515,YM_Farm2,1,YM_1462,8,{'4.0': 8},4.0,YM_1462_1.jpg;YM_1462_2.jpg;YM_1462_3.jpg,singleton_passage,train
YM_burst_0516,YM_Farm2,1,YM_1463,9,{'3.5': 9},3.5,YM_1463_1.jpg;YM_1463_2.jpg;YM_1463_3.jpg,singleton_passage,val
YM_burst_0517,YM_Farm2,1,YM_1464,11,{'4.0': 11},4.0,YM_1464_1.jpg;YM_1464_10.jpg;YM_1464_11.jpg,singleton_passage,train
YM_burst_0518,YM_Farm2,1,YM_1465,10,{'4.0': 10},4.0,YM_1465_1.jpg;YM_1465_10.jpg;YM_1465_2.jpg,singleton_passage,val
YM_burst_0519,YM_Farm2,1,YM_1466,6,{'3.75': 6},3.75,YM_1466_1.jpg;YM_1466_2.jpg;YM_1466_3.jpg,singleton_passage,train
YM_burst_0520,YM_Farm2,1,YM_1467,4,{'4.0': 4},4.0,YM_1467_1.jpg;YM_1467_2.jpg;YM_1467_3.jpg,singleton_passage,test
YM_burst_0521,YM_Farm2,1,YM_1468,5,{'3.25': 5},3.25,YM_1468_1.jpg;YM_1468_2.jpg;YM_1468_3.jpg,singleton_passage,val
YM_burst_0522,YM_Farm2,1,YM_1469,8,{'4.0': 8},4.0,YM_1469_1.jpg;YM_1469_2.jpg;YM_1469_3.jpg,singleton_passage,train
YM_burst_0523,YM_Farm2,1,YM_147,3,{'3.75': 3},3.75,YM_147_1.jpg;YM_147_2.jpg;YM_147_3.jpg,singleton_passage,train
YM_burst_0524,YM_Farm2,1,YM_1470,5,{'4.25': 5},4.25,YM_1470_1.jpg;YM_1470_2.jpg;YM_1470_3.jpg,singleton_passage,train
YM_burst_0525,YM_Farm2,1,YM_1471,7,"{'3.75': 6, '4.0': 1}",3.75,YM_1471_1.jpg;YM_1471_2.jpg;YM_1471_4.jpg,singleton_passage,train
YM_burst_0526,YM_Farm2,1,YM_1472,7,{'4.0': 7},4.0,YM_1472_1.jpg;YM_1472_2.jpg;YM_1472_3.jpg,singleton_passage,train
YM_burst_0527,YM_Farm2,1,YM_1473,4,{'3.5': 4},3.5,YM_1473_1.jpg;YM_1473_2.jpg;YM_1473_3.jpg,singleton_passage,test
YM_burst_0528,YM_Farm2,1,YM_1474,5,{'4.0': 5},4.0,YM_1474_1.jpg;YM_1474_2.jpg;YM_1474_3.jpg,singleton_passage,val
YM_burst_0529,YM_Farm2,1,YM_1475,6,{'4.0': 6},4.0,YM_1475_1.jpg;YM_1475_2.jpg;YM_1475_3.jpg,singleton_passage,train
YM_burst_0530,YM_Farm2,1,YM_1476,10,{'4.0': 10},4.0,YM_1476_1.jpg;YM_1476_10.jpg;YM_1476_2.jpg,singleton_passage,train
YM_burst_0531,YM_Farm2,1,YM_1477,9,"{'3.5': 1, '3.75': 8}",3.75,YM_1477_9.jpg;YM_1477_1.jpg;YM_1477_2.jpg,singleton_passage,train
YM_burst_0532,YM_Farm2,1,YM_1478,6,{'4.0': 6},4.0,YM_1478_1.jpg;YM_1478_2.jpg;YM_1478_3.jpg,singleton_passage,train
YM_burst_0533,YM_Farm2,1,YM_1479,9,{'3.25': 9},3.25,YM_1479_1.jpg;YM_1479_2.jpg;YM_1479_3.jpg,singleton_passage,train
YM_burst_0534,YM_Farm2,1,YM_148,8,{'4.0': 8},4.0,YM_148_1.jpg;YM_148_2.jpg;YM_148_3.jpg,singleton_passage,train
YM_burst_0535,YM_Farm2,1,YM_1480,10,{'4.0': 10},4.0,YM_1480_1.jpg;YM_1480_10.jpg;YM_1480_2.jpg,singleton_passage,train
YM_burst_0536,YM_Farm2,1,YM_1481,10,{'4.0': 10},4.0,YM_1481_1.jpg;YM_1481_10.jpg;YM_1481_2.jpg,singleton_passage,test
YM_burst_0537,YM_Farm2,1,YM_1482,10,"{'3.75': 1, '4.0': 9}",4.0,YM_1482_1.jpg;YM_1482_10.jpg;YM_1482_2.jpg,singleton_passage,train
YM_burst_0538,YM_Farm2,1,YM_1483,9,{'4.0': 9},4.0,YM_1483_1.jpg;YM_1483_2.jpg;YM_1483_3.jpg,singleton_passage,val
YM_burst_0539,YM_Farm2,1,YM_1484,9,{'3.75': 9},3.75,YM_1484_1.jpg;YM_1484_2.jpg;YM_1484_3.jpg,singleton_passage,train
YM_burst_0540,YM_Farm2,1,YM_1485,9,{'4.25': 9},4.25,YM_1485_1.jpg;YM_1485_2.jpg;YM_1485_3.jpg,singleton_passage,train
YM_burst_0541,YM_Farm2,1,YM_1486,5,{'3.75': 5},3.75,YM_1486_1.jpg;YM_1486_2.jpg;YM_1486_3.jpg,singleton_passage,train
YM_burst_0542,YM_Farm2,1,YM_1487,8,{'4.25': 8},4.25,YM_1487_1.jpg;YM_1487_2.jpg;YM_1487_3.jpg,singleton_passage,train
YM_burst_0543,YM_Farm2,1,YM_1489,4,{'3.5': 4},3.5,YM_1489_1.jpg;YM_1489_2.jpg;YM_1489_3.jpg,singleton_passage,train
YM_burst_0544,YM_Farm2,1,YM_149,9,{'3.75': 9},3.75,YM_149_1.jpg;YM_149_2.jpg;YM_149_3.jpg,singleton_passage,train
YM_burst_0545,YM_Farm2,1,YM_1490,12,{'4.25': 12},4.25,YM_1490_1.jpg;YM_1490_10.jpg;YM_1490_11.jpg,singleton_passage,train
YM_burst_0546,YM_Farm2,1,YM_1491,4,{'4.0': 4},4.0,YM_1491_1.jpg;YM_1491_2.jpg;YM_1491_3.jpg,singleton_passage,train
YM_burst_0547,YM_Farm2,1,YM_1492,11,{'3.75': 11},3.75,YM_1492_1.jpg;YM_1492_10.jpg;YM_1492_11.jpg,singleton_passage,train
YM_burst_0548,YM_Farm2,1,YM_1493,8,{'4.0': 8},4.0,YM_1493_1.jpg;YM_1493_2.jpg;YM_1493_3.jpg,singleton_passage,train
YM_burst_0549,YM_Farm2,1,YM_1494,11,{'3.75': 11},3.75,YM_1494_1.jpg;YM_1494_10.jpg;YM_1494_11.jpg,singleton_passage,val
YM_burst_0550,YM_Farm2,1,YM_1495,6,{'4.0': 6},4.0,YM_1495_1.jpg;YM_1495_2.jpg;YM_1495_3.jpg,singleton_passage,val
YM_burst_0551,YM_Farm2,1,YM_1496,9,{'4.25': 9},4.25,YM_1496_1.jpg;YM_1496_2.jpg;YM_1496_3.jpg,singleton_passage,test
YM_burst_0552,YM_Farm2,1,YM_1497,12,{'3.75': 12},3.75,YM_1497_1.jpg;YM_1497_10.jpg;YM_1497_11.jpg,singleton_passage,test
YM_burst_0553,YM_Farm2,1,YM_1498,11,{'3.75': 11},3.75,YM_1498_1.jpg;YM_1498_10.jpg;YM_1498_11.jpg,singleton_passage,val
YM_burst_0554,YM_Farm2,1,YM_1499,11,{'3.5': 11},3.5,YM_1499_1.jpg;YM_1499_10.jpg;YM_1499_11.jpg,singleton_passage,train
YM_burst_0555,YM_Farm2,1,YM_15,9,{'3.5': 9},3.5,YM_15_1.jpg;YM_15_2.jpg;YM_15_3.jpg,singleton_passage,train
YM_burst_0556,YM_Farm2,1,YM_150,11,{'3.25': 11},3.25,YM_150_1.jpg;YM_150_10.jpg;YM_150_11.jpg,singleton_passage,train
YM_burst_0557,YM_Farm2,1,YM_1500,3,{'4.0': 3},4.0,YM_1500_1.jpg;YM_1500_2.jpg;YM_1500_3.jpg,singleton_passage,train
YM_burst_0558,YM_Farm2,1,YM_1501,6,{'4.0': 6},4.0,YM_1501_1.jpg;YM_1501_2.jpg;YM_1501_3.jpg,singleton_passage,train
YM_burst_0559,YM_Farm2,1,YM_1502,10,{'3.75': 10},3.75,YM_1502_1.jpg;YM_1502_10.jpg;YM_1502_2.jpg,singleton_passage,test
YM_burst_0560,YM_Farm2,1,YM_1503,5,{'3.75': 5},3.75,YM_1503_1.jpg;YM_1503_2.jpg;YM_1503_3.jpg,singleton_passage,train
YM_burst_0561,YM_Farm2,1,YM_1504,5,{'4.0': 5},4.0,YM_1504_1.jpg;YM_1504_2.jpg;YM_1504_3.jpg,singleton_passage,train
YM_burst_0562,YM_Farm2,1,YM_1505,7,{'3.75': 7},3.75,YM_1505_1.jpg;YM_1505_2.jpg;YM_1505_3.jpg,singleton_passage,train
YM_burst_0563,YM_Farm2,1,YM_1506,8,{'4.0': 8},4.0,YM_1506_1.jpg;YM_1506_2.jpg;YM_1506_3.jpg,singleton_passage,val
YM_burst_0564,YM_Farm2,1,YM_1507,9,{'4.0': 9},4.0,YM_1507_1.jpg;YM_1507_2.jpg;YM_1507_3.jpg,singleton_passage,train
YM_burst_0565,YM_Farm2,1,YM_1508,7,{'3.75': 7},3.75,YM_1508_1.jpg;YM_1508_2.jpg;YM_1508_3.jpg,singleton_passage,train
YM_burst_0566,YM_Farm2,1,YM_1509,9,{'3.75': 9},3.75,YM_1509_1.jpg;YM_1509_2.jpg;YM_1509_3.jpg,singleton_passage,val
YM_burst_0567,YM_Farm2,1,YM_151,6,{'4.25': 6},4.25,YM_151_1.jpg;YM_151_2.jpg;YM_151_3.jpg,singleton_passage,train
YM_burst_0568,YM_Farm2,1,YM_1510,14,{'3.5': 14},3.5,YM_1510_1.jpg;YM_1510_10.jpg;YM_1510_11.jpg,singleton_passage,train
YM_burst_0569,YM_Farm2,1,YM_1511,3,{'3.75': 3},3.75,YM_1511_1.jpg;YM_1511_2.jpg;YM_1511_3.jpg,singleton_passage,train
YM_burst_0570,YM_Farm2,1,YM_1512,8,{'4.25': 8},4.25,YM_1512_1.jpg;YM_1512_2.jpg;YM_1512_3.jpg,singleton_passage,train
YM_burst_0571,YM_Farm2,1,YM_1513,6,{'4.0': 6},4.0,YM_1513_1.jpg;YM_1513_2.jpg;YM_1513_3.jpg,singleton_passage,train
YM_burst_0572,YM_Farm2,1,YM_1514,6,{'3.5': 6},3.5,YM_1514_1.jpg;YM_1514_2.jpg;YM_1514_3.jpg,singleton_passage,test
YM_burst_0573,YM_Farm2,1,YM_1515,10,{'4.0': 10},4.0,YM_1515_1.jpg;YM_1515_10.jpg;YM_1515_2.jpg,singleton_passage,train
YM_burst_0574,YM_Farm2,1,YM_1516,7,{'3.75': 7},3.75,YM_1516_1.jpg;YM_1516_2.jpg;YM_1516_3.jpg,singleton_passage,train
YM_burst_0575,YM_Farm2,1,YM_1517,8,{'3.25': 8},3.25,YM_1517_1.jpg;YM_1517_2.jpg;YM_1517_3.jpg,singleton_passage,train
YM_burst_0576,YM_Farm2,1,YM_1518,6,{'4.0': 6},4.0,YM_1518_1.jpg;YM_1518_2.jpg;YM_1518_3.jpg,singleton_passage,train
YM_burst_0577,YM_Farm2,1,YM_1519,7,{'4.25': 7},4.25,YM_1519_1.jpg;YM_1519_2.jpg;YM_1519_3.jpg,singleton_passage,val
YM_burst_0578,YM_Farm2,1,YM_152,9,{'4.0': 9},4.0,YM_152_1.jpg;YM_152_2.jpg;YM_152_3.jpg,singleton_passage,train
YM_burst_0579,YM_Farm2,1,YM_1520,10,{'4.0': 10},4.0,YM_1520_1.jpg;YM_1520_10.jpg;YM_1520_2.jpg,singleton_passage,train
YM_burst_0580,YM_Farm2,1,YM_1521,5,{'3.75': 5},3.75,YM_1521_1.jpg;YM_1521_2.jpg;YM_1521_3.jpg,singleton_passage,train
YM_burst_0581,YM_Farm2,1,YM_1522,7,{'3.75': 7},3.75,YM_1522_1.jpg;YM_1522_2.jpg;YM_1522_3.jpg,singleton_passage,val
YM_burst_0582,YM_Farm2,1,YM_1523,9,{'4.0': 9},4.0,YM_1523_1.jpg;YM_1523_2.jpg;YM_1523_3.jpg,singleton_passage,train
YM_burst_0583,YM_Farm2,1,YM_1524,7,{'3.5': 7},3.5,YM_1524_1.jpg;YM_1524_2.jpg;YM_1524_3.jpg,singleton_passage,test
YM_burst_0584,YM_Farm2,1,YM_1525,11,{'4.25': 11},4.25,YM_1525_1.jpg;YM_1525_10.jpg;YM_1525_11.jpg,singleton_passage,train
YM_burst_0585,YM_Farm2,1,YM_1526,10,{'4.0': 10},4.0,YM_1526_1.jpg;YM_1526_10.jpg;YM_1526_2.jpg,singleton_passage,train
YM_burst_0586,YM_Farm2,1,YM_1527,7,{'3.5': 7},3.5,YM_1527_1.jpg;YM_1527_2.jpg;YM_1527_3.jpg,singleton_passage,train
YM_burst_0587,YM_Farm2,1,YM_1528,9,{'3.75': 9},3.75,YM_1528_1.jpg;YM_1528_2.jpg;YM_1528_3.jpg,singleton_passage,train
YM_burst_0588,YM_Farm2,1,YM_1529,7,{'3.75': 7},3.75,YM_1529_1.jpg;YM_1529_2.jpg;YM_1529_3.jpg,singleton_passage,train
YM_burst_0589,YM_Farm2,1,YM_153,11,{'4.0': 11},4.0,YM_153_1.jpg;YM_153_10.jpg;YM_153_11.jpg,singleton_passage,val
YM_burst_0590,YM_Farm2,1,YM_1530,5,{'3.75': 5},3.75,YM_1530_1.jpg;YM_1530_2.jpg;YM_1530_3.jpg,singleton_passage,train
YM_burst_0591,YM_Farm2,1,YM_1531,6,{'3.5': 6},3.5,YM_1531_1.jpg;YM_1531_2.jpg;YM_1531_3.jpg,singleton_passage,train
YM_burst_0592,YM_Farm2,1,YM_1532,7,{'4.0': 7},4.0,YM_1532_1.jpg;YM_1532_2.jpg;YM_1532_3.jpg,singleton_passage,train
YM_burst_0593,YM_Farm2,1,YM_1533,9,{'4.0': 9},4.0,YM_1533_1.jpg;YM_1533_2.jpg;YM_1533_3.jpg,singleton_passage,train
YM_burst_0594,YM_Farm2,1,YM_1534,6,{'3.5': 6},3.5,YM_1534_1.jpg;YM_1534_2.jpg;YM_1534_3.jpg,singleton_passage,val
YM_burst_0595,YM_Farm2,1,YM_1535,7,{'3.25': 7},3.25,YM_1535_1.jpg;YM_1535_2.jpg;YM_1535_3.jpg,singleton_passage,train
YM_burst_0596,YM_Farm2,1,YM_1536,6,{'4.0': 6},4.0,YM_1536_1.jpg;YM_1536_2.jpg;YM_1536_3.jpg,singleton_passage,train
YM_burst_0597,YM_Farm2,1,YM_1537,13,{'3.25': 13},3.25,YM_1537_1.jpg;YM_1537_10.jpg;YM_1537_11.jpg,singleton_passage,train
YM_burst_0598,YM_Farm2,1,YM_1538,6,{'3.5': 6},3.5,YM_1538_1.jpg;YM_1538_2.jpg;YM_1538_3.jpg,singleton_passage,train
YM_burst_0599,YM_Farm2,1,YM_1539,11,{'3.5': 11},3.5,YM_1539_1.jpg;YM_1539_10.jpg;YM_1539_11.jpg,singleton_passage,val
YM_burst_0600,YM_Farm2,1,YM_154,4,{'3.5': 4},3.5,YM_154_1.jpg;YM_154_2.jpg;YM_154_3.jpg,singleton_passage,train
YM_burst_0601,YM_Farm2,1,YM_1540,9,{'4.25': 9},4.25,YM_1540_1.jpg;YM_1540_2.jpg;YM_1540_3.jpg,singleton_passage,train
YM_burst_0602,YM_Farm2,1,YM_1541,7,{'4.0': 7},4.0,YM_1541_1.jpg;YM_1541_2.jpg;YM_1541_3.jpg,singleton_passage,test
YM_burst_0603,YM_Farm2,1,YM_1542,7,{'4.25': 7},4.25,YM_1542_1.jpg;YM_1542_2.jpg;YM_1542_3.jpg,singleton_passage,train
YM_burst_0604,YM_Farm2,1,YM_1543,11,{'3.5': 11},3.5,YM_1543_1.jpg;YM_1543_10.jpg;YM_1543_11.jpg,singleton_passage,test
YM_burst_0605,YM_Farm2,1,YM_1544,4,{'4.0': 4},4.0,YM_1544_1.jpg;YM_1544_2.jpg;YM_1544_3.jpg,singleton_passage,test
YM_burst_0606,YM_Farm2,1,YM_1545,8,{'4.0': 8},4.0,YM_1545_1.jpg;YM_1545_2.jpg;YM_1545_3.jpg,singleton_passage,val
YM_burst_0607,YM_Farm2,1,YM_1546,11,{'4.0': 11},4.0,YM_1546_1.jpg;YM_1546_10.jpg;YM_1546_11.jpg,singleton_passage,train
YM_burst_0608,YM_Farm2,1,YM_1547,8,{'3.75': 8},3.75,YM_1547_1.jpg;YM_1547_2.jpg;YM_1547_3.jpg,singleton_passage,train
YM_burst_0609,YM_Farm2,1,YM_1548,4,{'4.25': 4},4.25,YM_1548_1.jpg;YM_1548_2.jpg;YM_1548_3.jpg,singleton_passage,train
YM_burst_0610,YM_Farm2,1,YM_1549,5,{'4.25': 5},4.25,YM_1549_1.jpg;YM_1549_2.jpg;YM_1549_3.jpg,singleton_passage,train
YM_burst_0611,YM_Farm2,1,YM_155,7,{'3.25': 7},3.25,YM_155_1.jpg;YM_155_2.jpg;YM_155_3.jpg,singleton_passage,train
YM_burst_0612,YM_Farm2,1,YM_1550,6,{'3.75': 6},3.75,YM_1550_1.jpg;YM_1550_2.jpg;YM_1550_3.jpg,singleton_passage,test
YM_burst_0613,YM_Farm2,1,YM_1551,10,{'4.0': 10},4.0,YM_1551_1.jpg;YM_1551_10.jpg;YM_1551_2.jpg,singleton_passage,train
YM_burst_0614,YM_Farm2,1,YM_1552,7,{'4.25': 7},4.25,YM_1552_1.jpg;YM_1552_2.jpg;YM_1552_3.jpg,singleton_passage,train
YM_burst_0615,YM_Farm2,1,YM_1553,5,{'3.5': 5},3.5,YM_1553_1.jpg;YM_1553_2.jpg;YM_1553_3.jpg,singleton_passage,train
YM_burst_0616,YM_Farm2,1,YM_1554,3,{'4.0': 3},4.0,YM_1554_1.jpg;YM_1554_2.jpg;YM_1554_3.jpg,singleton_passage,train
YM_burst_0617,YM_Farm2,1,YM_1555,6,{'4.0': 6},4.0,YM_1555_1.jpg;YM_1555_2.jpg;YM_1555_3.jpg,singleton_passage,val
YM_burst_0618,YM_Farm2,1,YM_1556,7,{'3.25': 7},3.25,YM_1556_1.jpg;YM_1556_2.jpg;YM_1556_3.jpg,singleton_passage,train
YM_burst_0619,YM_Farm2,1,YM_1557,6,{'4.0': 6},4.0,YM_1557_1.jpg;YM_1557_2.jpg;YM_1557_3.jpg,singleton_passage,train
YM_burst_0620,YM_Farm2,1,YM_1558,9,{'3.75': 9},3.75,YM_1558_1.jpg;YM_1558_2.jpg;YM_1558_3.jpg,singleton_passage,test
YM_burst_0621,YM_Farm2,1,YM_1559,7,{'4.0': 7},4.0,YM_1559_1.jpg;YM_1559_2.jpg;YM_1559_3.jpg,singleton_passage,train
YM_burst_0622,YM_Farm2,1,YM_156,8,{'4.0': 8},4.0,YM_156_1.jpg;YM_156_2.jpg;YM_156_3.jpg,singleton_passage,train
YM_burst_0623,YM_Farm2,1,YM_1560,6,{'4.25': 6},4.25,YM_1560_1.jpg;YM_1560_2.jpg;YM_1560_3.jpg,singleton_passage,train
YM_burst_0624,YM_Farm2,1,YM_1561,6,{'4.0': 6},4.0,YM_1561_1.jpg;YM_1561_2.jpg;YM_1561_3.jpg,singleton_passage,train
YM_burst_0625,YM_Farm2,1,YM_1562,9,"{'4.0': 8, '4.25': 1}",4.0,YM_1562_2.jpg;YM_1562_3.jpg;YM_1562_4.jpg,singleton_passage,val
YM_burst_0626,YM_Farm2,1,YM_1563,12,{'4.25': 12},4.25,YM_1563_1.jpg;YM_1563_10.jpg;YM_1563_11.jpg,singleton_passage,train
YM_burst_0627,YM_Farm2,1,YM_1564,7,{'3.75': 7},3.75,YM_1564_1.jpg;YM_1564_2.jpg;YM_1564_3.jpg,singleton_passage,train
YM_burst_0628,YM_Farm2,1,YM_1565,6,{'4.0': 6},4.0,YM_1565_1.jpg;YM_1565_2.jpg;YM_1565_3.jpg,singleton_passage,train
YM_burst_0629,YM_Farm2,1,YM_1566,10,{'3.5': 10},3.5,YM_1566_1.jpg;YM_1566_10.jpg;YM_1566_2.jpg,singleton_passage,train
YM_burst_0630,YM_Farm2,1,YM_1567,7,{'4.0': 7},4.0,YM_1567_1.jpg;YM_1567_2.jpg;YM_1567_3.jpg,singleton_passage,test
YM_burst_0631,YM_Farm2,1,YM_1568,10,{'4.0': 10},4.0,YM_1568_1.jpg;YM_1568_10.jpg;YM_1568_2.jpg,singleton_passage,train
YM_burst_0632,YM_Farm2,1,YM_1569,10,{'3.75': 10},3.75,YM_1569_1.jpg;YM_1569_10.jpg;YM_1569_2.jpg,singleton_passage,val
YM_burst_0633,YM_Farm2,1,YM_157,3,{'4.0': 3},4.0,YM_157_1.jpg;YM_157_2.jpg;YM_157_3.jpg,singleton_passage,train
YM_burst_0634,YM_Farm2,1,YM_1570,6,{'3.75': 6},3.75,YM_1570_1.jpg;YM_1570_2.jpg;YM_1570_3.jpg,singleton_passage,val
YM_burst_0635,YM_Farm2,1,YM_1571,8,{'3.5': 8},3.5,YM_1571_1.jpg;YM_1571_2.jpg;YM_1571_3.jpg,singleton_passage,test
YM_burst_0636,YM_Farm2,1,YM_1572,6,{'4.25': 6},4.25,YM_1572_1.jpg;YM_1572_2.jpg;YM_1572_3.jpg,singleton_passage,train
YM_burst_0637,YM_Farm2,1,YM_1573,8,{'3.75': 8},3.75,YM_1573_1.jpg;YM_1573_2.jpg;YM_1573_3.jpg,singleton_passage,val
YM_burst_0638,YM_Farm2,1,YM_1574,10,{'3.5': 10},3.5,YM_1574_1.jpg;YM_1574_10.jpg;YM_1574_2.jpg,singleton_passage,train
YM_burst_0639,YM_Farm2,1,YM_1575,6,{'3.5': 6},3.5,YM_1575_1.jpg;YM_1575_2.jpg;YM_1575_3.jpg,singleton_passage,train
YM_burst_0640,YM_Farm2,1,YM_1576,7,{'3.5': 7},3.5,YM_1576_1.jpg;YM_1576_2.jpg;YM_1576_3.jpg,singleton_passage,train
YM_burst_0641,YM_Farm2,1,YM_1577,8,{'3.75': 8},3.75,YM_1577_1.jpg;YM_1577_2.jpg;YM_1577_3.jpg,singleton_passage,train
YM_burst_0642,YM_Farm2,1,YM_1578,9,{'3.75': 9},3.75,YM_1578_1.jpg;YM_1578_2.jpg;YM_1578_3.jpg,singleton_passage,train
YM_burst_0643,YM_Farm2,1,YM_1579,14,{'4.0': 14},4.0,YM_1579_1.jpg;YM_1579_10.jpg;YM_1579_11.jpg,singleton_passage,test
YM_burst_0644,YM_Farm2,1,YM_158,4,{'4.25': 4},4.25,YM_158_1.jpg;YM_158_2.jpg;YM_158_3.jpg,singleton_passage,train
YM_burst_0645,YM_Farm2,1,YM_1580,7,{'3.75': 7},3.75,YM_1580_1.jpg;YM_1580_2.jpg;YM_1580_3.jpg,singleton_passage,train
YM_burst_0646,YM_Farm2,1,YM_1581,14,{'4.0': 14},4.0,YM_1581_1.jpg;YM_1581_10.jpg;YM_1581_11.jpg,singleton_passage,test
YM_burst_0647,YM_Farm2,1,YM_1582,3,{'3.25': 3},3.25,YM_1582_1.jpg;YM_1582_2.jpg;YM_1582_3.jpg,singleton_passage,val
YM_burst_0648,YM_Farm2,1,YM_1583,21,{'4.0': 21},4.0,YM_1583_1.jpg;YM_1583_10.jpg;YM_1583_11.jpg,singleton_passage,train
YM_burst_0649,YM_Farm2,1,YM_1584,3,{'4.0': 3},4.0,YM_1584_1.jpg;YM_1584_2.jpg;YM_1584_3.jpg,singleton_passage,train
YM_burst_0650,YM_Farm2,1,YM_1585,2,{'3.25': 2},3.25,YM_1585_1.jpg;YM_1585_2.jpg,singleton_passage,train
YM_burst_0651,YM_Farm2,1,YM_1586,4,{'3.5': 4},3.5,YM_1586_1.jpg;YM_1586_2.jpg;YM_1586_3.jpg,singleton_passage,train
YM_burst_0652,YM_Farm2,1,YM_1587,8,{'4.25': 8},4.25,YM_1587_1.jpg;YM_1587_2.jpg;YM_1587_3.jpg,singleton_passage,train
YM_burst_0653,YM_Farm2,1,YM_1588,7,{'4.0': 7},4.0,YM_1588_1.jpg;YM_1588_2.jpg;YM_1588_3.jpg,singleton_passage,train
YM_burst_0654,YM_Farm2,1,YM_1589,7,{'4.0': 7},4.0,YM_1589_1.jpg;YM_1589_2.jpg;YM_1589_3.jpg,singleton_passage,train
YM_burst_0655,YM_Farm2,1,YM_159,4,{'4.0': 4},4.0,YM_159_1.jpg;YM_159_2.jpg;YM_159_3.jpg,singleton_passage,train
YM_burst_0656,YM_Farm2,1,YM_1590,8,{'3.75': 8},3.75,YM_1590_1.jpg;YM_1590_2.jpg;YM_1590_3.jpg,singleton_passage,val
YM_burst_0657,YM_Farm2,1,YM_1591,9,{'3.25': 9},3.25,YM_1591_1.jpg;YM_1591_2.jpg;YM_1591_3.jpg,singleton_passage,train
YM_burst_0658,YM_Farm2,1,YM_1592,6,{'4.0': 6},4.0,YM_1592_1.jpg;YM_1592_2.jpg;YM_1592_3.jpg,singleton_passage,train
YM_burst_0659,YM_Farm2,1,YM_1593,7,{'3.5': 7},3.5,YM_1593_1.jpg;YM_1593_2.jpg;YM_1593_3.jpg,singleton_passage,train
YM_burst_0660,YM_Farm2,1,YM_1594,7,{'3.25': 7},3.25,YM_1594_1.jpg;YM_1594_2.jpg;YM_1594_3.jpg,singleton_passage,train
YM_burst_0661,YM_Farm2,1,YM_1595,21,{'3.75': 21},3.75,YM_1595_1.jpg;YM_1595_10.jpg;YM_1595_11.jpg,singleton_passage,train
YM_burst_0662,YM_Farm2,1,YM_1596,6,{'4.0': 6},4.0,YM_1596_1.jpg;YM_1596_2.jpg;YM_1596_3.jpg,singleton_passage,val
YM_burst_0663,YM_Farm2,1,YM_1597,15,{'3.75': 15},3.75,YM_1597_1.jpg;YM_1597_10.jpg;YM_1597_11.jpg,singleton_passage,test
YM_burst_0664,YM_Farm2,1,YM_1598,5,{'4.0': 5},4.0,YM_1598_1.jpg;YM_1598_2.jpg;YM_1598_3.jpg,singleton_passage,train
YM_burst_0665,YM_Farm2,1,YM_1599,8,{'3.75': 8},3.75,YM_1599_1.jpg;YM_1599_2.jpg;YM_1599_3.jpg,singleton_passage,train
YM_burst_0666,YM_Farm2,1,YM_16,6,{'3.75': 6},3.75,YM_16_1.jpg;YM_16_2.jpg;YM_16_3.jpg,singleton_passage,train
YM_burst_0667,YM_Farm2,1,YM_160,8,{'4.0': 8},4.0,YM_160_1.jpg;YM_160_2.jpg;YM_160_3.jpg,singleton_passage,train
YM_burst_0668,YM_Farm2,1,YM_1600,7,{'4.0': 7},4.0,YM_1600_1.jpg;YM_1600_2.jpg;YM_1600_3.jpg,singleton_passage,train
YM_burst_0669,YM_Farm2,1,YM_1601,2,{'4.0': 2},4.0,YM_1601_1.jpg;YM_1601_2.jpg,singleton_passage,train
YM_burst_0670,YM_Farm2,1,YM_1602,3,{'4.0': 3},4.0,YM_1602_1.jpg;YM_1602_2.jpg;YM_1602_3.jpg,singleton_passage,train
YM_burst_0671,YM_Farm2,1,YM_1603,5,{'4.0': 5},4.0,YM_1603_1.jpg;YM_1603_2.jpg;YM_1603_3.jpg,singleton_passage,val
YM_burst_0672,YM_Farm2,1,YM_1604,11,{'4.25': 11},4.25,YM_1604_1.jpg;YM_1604_10.jpg;YM_1604_11.jpg,singleton_passage,train
YM_burst_0673,YM_Farm2,1,YM_1605,3,"{'3.5': 2, '4.25': 1}",3.5,YM_1605_2.jpg;YM_1605_3.jpg;YM_1605_1.jpg,singleton_passage,train
YM_burst_0674,YM_Farm2,1,YM_1606,9,{'4.0': 9},4.0,YM_1606_1.jpg;YM_1606_2.jpg;YM_1606_3.jpg,singleton_passage,test
YM_burst_0675,YM_Farm2,1,YM_1607,6,{'3.5': 6},3.5,YM_1607_1.jpg;YM_1607_2.jpg;YM_1607_3.jpg,singleton_passage,train
YM_burst_0676,YM_Farm2,1,YM_1608,6,{'3.75': 6},3.75,YM_1608_1.jpg;YM_1608_2.jpg;YM_1608_3.jpg,singleton_passage,train
YM_burst_0677,YM_Farm2,1,YM_1609,3,{'4.0': 3},4.0,YM_1609_1.jpg;YM_1609_2.jpg;YM_1609_3.jpg,singleton_passage,train
YM_burst_0678,YM_Farm2,1,YM_161,4,{'4.0': 4},4.0,YM_161_1.jpg;YM_161_2.jpg;YM_161_3.jpg,singleton_passage,train
YM_burst_0679,YM_Farm2,1,YM_1610,8,{'3.25': 8},3.25,YM_1610_1.jpg;YM_1610_2.jpg;YM_1610_3.jpg,singleton_passage,train
YM_burst_0680,YM_Farm2,1,YM_1611,8,{'3.75': 8},3.75,YM_1611_1.jpg;YM_1611_2.jpg;YM_1611_3.jpg,singleton_passage,test
YM_burst_0681,YM_Farm2,1,YM_1612,4,{'4.25': 4},4.25,YM_1612_1.jpg;YM_1612_2.jpg;YM_1612_3.jpg,singleton_passage,train
YM_burst_0682,YM_Farm2,1,YM_1613,7,{'3.25': 7},3.25,YM_1613_1.jpg;YM_1613_2.jpg;YM_1613_3.jpg,singleton_passage,train
YM_burst_0683,YM_Farm2,1,YM_1614,6,{'3.25': 6},3.25,YM_1614_1.jpg;YM_1614_2.jpg;YM_1614_3.jpg,singleton_passage,train
YM_burst_0684,YM_Farm2,1,YM_1615,3,{'3.25': 3},3.25,YM_1615_1.jpg;YM_1615_2.jpg;YM_1615_3.jpg,singleton_passage,train
YM_burst_0685,YM_Farm2,1,YM_1616,4,{'3.75': 4},3.75,YM_1616_1.jpg;YM_1616_2.jpg;YM_1616_3.jpg,singleton_passage,train
YM_burst_0686,YM_Farm2,1,YM_1617,1,{'4.0': 1},4.0,YM_1617_1.jpg,singleton_passage,train
YM_burst_0687,YM_Farm2,1,YM_1618,4,{'3.75': 4},3.75,YM_1618_1.jpg;YM_1618_2.jpg;YM_1618_3.jpg,singleton_passage,val
YM_burst_0688,YM_Farm2,1,YM_1619,1,{'3.5': 1},3.5,YM_1619_1.jpg,singleton_passage,val
YM_burst_0689,YM_Farm2,1,YM_162,7,{'4.25': 7},4.25,YM_162_1.jpg;YM_162_2.jpg;YM_162_3.jpg,singleton_passage,train
YM_burst_0690,YM_Farm2,1,YM_1620,7,{'3.25': 7},3.25,YM_1620_1.jpg;YM_1620_2.jpg;YM_1620_3.jpg,singleton_passage,train
YM_burst_0691,YM_Farm2,1,YM_1621,6,{'3.5': 6},3.5,YM_1621_1.jpg;YM_1621_2.jpg;YM_1621_3.jpg,singleton_passage,train
YM_burst_0692,YM_Farm2,1,YM_1622,8,{'4.0': 8},4.0,YM_1622_1.jpg;YM_1622_2.jpg;YM_1622_3.jpg,singleton_passage,train
YM_burst_0693,YM_Farm2,1,YM_1623,2,{'3.75': 2},3.75,YM_1623_1.jpg;YM_1623_2.jpg,singleton_passage,train
YM_burst_0694,YM_Farm2,1,YM_1624,6,{'3.25': 6},3.25,YM_1624_1.jpg;YM_1624_2.jpg;YM_1624_3.jpg,singleton_passage,val
YM_burst_0695,YM_Farm2,1,YM_1625,3,{'3.5': 3},3.5,YM_1625_1.jpg;YM_1625_2.jpg;YM_1625_3.jpg,singleton_passage,test
YM_burst_0696,YM_Farm2,1,YM_1626,7,{'3.75': 7},3.75,YM_1626_1.jpg;YM_1626_2.jpg;YM_1626_3.jpg,singleton_passage,train
YM_burst_0697,YM_Farm2,1,YM_1627,5,{'3.5': 5},3.5,YM_1627_1.jpg;YM_1627_2.jpg;YM_1627_3.jpg,singleton_passage,train
YM_burst_0698,YM_Farm2,1,YM_1628,12,{'3.75': 12},3.75,YM_1628_1.jpg;YM_1628_10.jpg;YM_1628_11.jpg,singleton_passage,train
YM_burst_0699,YM_Farm2,1,YM_1629,9,{'3.75': 9},3.75,YM_1629_1.jpg;YM_1629_2.jpg;YM_1629_3.jpg,singleton_passage,train
YM_burst_0700,YM_Farm2,1,YM_163,7,{'4.25': 7},4.25,YM_163_1.jpg;YM_163_2.jpg;YM_163_3.jpg,singleton_passage,train
YM_burst_0701,YM_Farm2,1,YM_1630,17,{'3.25': 17},3.25,YM_1630_1.jpg;YM_1630_10.jpg;YM_1630_11.jpg,singleton_passage,val
YM_burst_0702,YM_Farm2,1,YM_1631,16,{'3.75': 16},3.75,YM_1631_1.jpg;YM_1631_10.jpg;YM_1631_11.jpg,singleton_passage,train
YM_burst_0703,YM_Farm2,1,YM_1632,6,{'4.0': 6},4.0,YM_1632_1.jpg;YM_1632_2.jpg;YM_1632_3.jpg,singleton_passage,train
YM_burst_0704,YM_Farm2,1,YM_1633,11,{'3.75': 11},3.75,YM_1633_1.jpg;YM_1633_10.jpg;YM_1633_11.jpg,singleton_passage,train
YM_burst_0705,YM_Farm2,1,YM_1634,2,{'3.5': 2},3.5,YM_1634_1.jpg;YM_1634_2.jpg,singleton_passage,train
YM_burst_0706,YM_Farm2,1,YM_1635,4,{'3.25': 4},3.25,YM_1635_1.jpg;YM_1635_2.jpg;YM_1635_3.jpg,singleton_passage,train
YM_burst_0707,YM_Farm2,1,YM_1636,6,{'3.75': 6},3.75,YM_1636_1.jpg;YM_1636_2.jpg;YM_1636_3.jpg,singleton_passage,val
YM_burst_0708,YM_Farm2,1,YM_1637,3,{'3.25': 3},3.25,YM_1637_1.jpg;YM_1637_2.jpg;YM_1637_3.jpg,singleton_passage,train
YM_burst_0709,YM_Farm2,1,YM_1638,5,{'3.75': 5},3.75,YM_1638_1.jpg;YM_1638_2.jpg;YM_1638_3.jpg,singleton_passage,train
YM_burst_0710,YM_Farm2,1,YM_1639,3,{'3.25': 3},3.25,YM_1639_1.jpg;YM_1639_2.jpg;YM_1639_3.jpg,singleton_passage,train
YM_burst_0711,YM_Farm2,1,YM_164,5,{'4.25': 5},4.25,YM_164_1.jpg;YM_164_2.jpg;YM_164_3.jpg,singleton_passage,train
YM_burst_0712,YM_Farm2,1,YM_1640,7,{'4.0': 7},4.0,YM_1640_1.jpg;YM_1640_2.jpg;YM_1640_3.jpg,singleton_passage,val
YM_burst_0713,YM_Farm2,1,YM_1641,5,{'3.5': 5},3.5,YM_1641_1.jpg;YM_1641_2.jpg;YM_1641_3.jpg,singleton_passage,train
YM_burst_0714,YM_Farm2,1,YM_1642,6,{'3.25': 6},3.25,YM_1642_1.jpg;YM_1642_2.jpg;YM_1642_3.jpg,singleton_passage,train
YM_burst_0715,YM_Farm2,1,YM_1643,7,{'3.25': 7},3.25,YM_1643_1.jpg;YM_1643_2.jpg;YM_1643_3.jpg,singleton_passage,test
YM_burst_0716,YM_Farm2,1,YM_1644,8,{'3.5': 8},3.5,YM_1644_1.jpg;YM_1644_2.jpg;YM_1644_3.jpg,singleton_passage,train
YM_burst_0717,YM_Farm2,1,YM_1645,7,{'3.75': 7},3.75,YM_1645_1.jpg;YM_1645_2.jpg;YM_1645_3.jpg,singleton_passage,test
YM_burst_0718,YM_Farm2,1,YM_1646,5,{'4.0': 5},4.0,YM_1646_1.jpg;YM_1646_2.jpg;YM_1646_3.jpg,singleton_passage,train
YM_burst_0719,YM_Farm2,1,YM_1647,5,{'3.75': 5},3.75,YM_1647_1.jpg;YM_1647_2.jpg;YM_1647_3.jpg,singleton_passage,train
YM_burst_0720,YM_Farm2,1,YM_1648,6,{'3.5': 6},3.5,YM_1648_1.jpg;YM_1648_2.jpg;YM_1648_3.jpg,singleton_passage,train
YM_burst_0721,YM_Farm2,1,YM_1649,6,{'3.25': 6},3.25,YM_1649_1.jpg;YM_1649_2.jpg;YM_1649_3.jpg,singleton_passage,train
YM_burst_0722,YM_Farm2,1,YM_165,5,{'3.5': 5},3.5,YM_165_1.jpg;YM_165_2.jpg;YM_165_3.jpg,singleton_passage,train
YM_burst_0723,YM_Farm2,1,YM_1650,8,{'3.75': 8},3.75,YM_1650_1.jpg;YM_1650_2.jpg;YM_1650_3.jpg,singleton_passage,train
YM_burst_0724,YM_Farm2,1,YM_1651,7,{'3.5': 7},3.5,YM_1651_1.jpg;YM_1651_2.jpg;YM_1651_3.jpg,singleton_passage,train
YM_burst_0725,YM_Farm2,1,YM_1652,4,{'3.75': 4},3.75,YM_1652_1.jpg;YM_1652_2.jpg;YM_1652_3.jpg,singleton_passage,val
YM_burst_0726,YM_Farm2,1,YM_1653,18,{'3.75': 18},3.75,YM_1653_1.jpg;YM_1653_10.jpg;YM_1653_11.jpg,singleton_passage,train
YM_burst_0727,YM_Farm2,1,YM_1654,11,{'3.5': 11},3.5,YM_1654_1.jpg;YM_1654_10.jpg;YM_1654_11.jpg,singleton_passage,train
YM_burst_0728,YM_Farm2,1,YM_1655,11,{'3.25': 11},3.25,YM_1655_1.jpg;YM_1655_10.jpg;YM_1655_11.jpg,singleton_passage,train
YM_burst_0729,YM_Farm2,1,YM_1656,8,{'3.75': 8},3.75,YM_1656_1.jpg;YM_1656_2.jpg;YM_1656_3.jpg,singleton_passage,train
YM_burst_0730,YM_Farm2,1,YM_1657,7,"{'3.5': 4, '4.0': 3}",3.5,YM_1657_1.jpg;YM_1657_2.jpg;YM_1657_3.jpg,singleton_passage,val
YM_burst_0731,YM_Farm2,1,YM_1658,8,{'3.25': 8},3.25,YM_1658_1.jpg;YM_1658_2.jpg;YM_1658_3.jpg,singleton_passage,train
YM_burst_0732,YM_Farm2,1,YM_1659,5,{'3.75': 5},3.75,YM_1659_1.jpg;YM_1659_2.jpg;YM_1659_3.jpg,singleton_passage,test
YM_burst_0733,YM_Farm2,1,YM_166,7,{'3.75': 7},3.75,YM_166_1.jpg;YM_166_2.jpg;YM_166_3.jpg,singleton_passage,train
YM_burst_0734,YM_Farm2,1,YM_1660,7,{'3.25': 7},3.25,YM_1660_1.jpg;YM_1660_2.jpg;YM_1660_3.jpg,singleton_passage,test
YM_burst_0735,YM_Farm2,1,YM_1661,3,{'3.25': 3},3.25,YM_1661_1.jpg;YM_1661_2.jpg;YM_1661_3.jpg,singleton_passage,train
YM_burst_0736,YM_Farm2,1,YM_1662,2,{'3.5': 2},3.5,YM_1662_1.jpg;YM_1662_2.jpg,singleton_passage,val
YM_burst_0737,YM_Farm2,1,YM_1663,6,{'3.5': 6},3.5,YM_1663_1.jpg;YM_1663_2.jpg;YM_1663_3.jpg,singleton_passage,val
YM_burst_0738,YM_Farm2,1,YM_1664,6,{'3.25': 6},3.25,YM_1664_1.jpg;YM_1664_2.jpg;YM_1664_3.jpg,singleton_passage,test
YM_burst_0739,YM_Farm2,1,YM_1665,3,{'4.0': 3},4.0,YM_1665_1.jpg;YM_1665_2.jpg;YM_1665_3.jpg,singleton_passage,train
YM_burst_0740,YM_Farm2,1,YM_1666,7,{'3.5': 7},3.5,YM_1666_1.jpg;YM_1666_2.jpg;YM_1666_3.jpg,singleton_passage,train
YM_burst_0741,YM_Farm2,1,YM_1667,2,{'4.0': 2},4.0,YM_1667_1.jpg;YM_1667_2.jpg,singleton_passage,train
YM_burst_0742,YM_Farm2,1,YM_1668,16,{'3.25': 16},3.25,YM_1668_1.jpg;YM_1668_10.jpg;YM_1668_11.jpg,singleton_passage,train
YM_burst_0743,YM_Farm2,1,YM_1669,4,{'3.25': 4},3.25,YM_1669_1.jpg;YM_1669_2.jpg;YM_1669_3.jpg,singleton_passage,train
YM_burst_0744,YM_Farm2,1,YM_167,4,{'4.0': 4},4.0,YM_167_1.jpg;YM_167_2.jpg;YM_167_3.jpg,singleton_passage,train
YM_burst_0745,YM_Farm2,1,YM_1670,3,{'3.5': 3},3.5,YM_1670_1.jpg;YM_1670_2.jpg;YM_1670_3.jpg,singleton_passage,train
YM_burst_0746,YM_Farm2,1,YM_1671,2,{'3.5': 2},3.5,YM_1671_1.jpg;YM_1671_2.jpg,singleton_passage,train
YM_burst_0747,YM_Farm2,1,YM_1672,15,{'3.5': 15},3.5,YM_1672_1.jpg;YM_1672_10.jpg;YM_1672_11.jpg,singleton_passage,train
YM_burst_0748,YM_Farm2,1,YM_1673,3,{'3.75': 3},3.75,YM_1673_1.jpg;YM_1673_2.jpg;YM_1673_3.jpg,singleton_passage,train
YM_burst_0749,YM_Farm2,1,YM_1674,2,{'3.5': 2},3.5,YM_1674_1.jpg;YM_1674_2.jpg,singleton_passage,test
YM_burst_0750,YM_Farm2,1,YM_1675,5,{'3.5': 5},3.5,YM_1675_1.jpg;YM_1675_2.jpg;YM_1675_3.jpg,singleton_passage,train
YM_burst_0751,YM_Farm2,1,YM_1676,2,{'3.5': 2},3.5,YM_1676_1.jpg;YM_1676_2.jpg,singleton_passage,train
YM_burst_0752,YM_Farm2,1,YM_1677,1,{'3.75': 1},3.75,YM_1677_1.jpg,singleton_passage,train
YM_burst_0753,YM_Farm2,1,YM_1678,3,{'3.5': 3},3.5,YM_1678_1.jpg;YM_1678_2.jpg;YM_1678_3.jpg,singleton_passage,train
YM_burst_0754,YM_Farm2,1,YM_1679,3,{'3.75': 3},3.75,YM_1679_1.jpg;YM_1679_2.jpg;YM_1679_3.jpg,singleton_passage,train
YM_burst_0755,YM_Farm2,1,YM_168,7,{'4.0': 7},4.0,YM_168_1.jpg;YM_168_2.jpg;YM_168_3.jpg,singleton_passage,train
YM_burst_0756,YM_Farm2,1,YM_1680,2,{'3.75': 2},3.75,YM_1680_1.jpg;YM_1680_2.jpg,singleton_passage,train
YM_burst_0757,YM_Farm2,1,YM_1681,5,{'3.5': 5},3.5,YM_1681_1.jpg;YM_1681_2.jpg;YM_1681_3.jpg,singleton_passage,train
YM_burst_0758,YM_Farm2,1,YM_1682,14,{'3.5': 14},3.5,YM_1682_1.jpg;YM_1682_10.jpg;YM_1682_11.jpg,singleton_passage,train
YM_burst_0759,YM_Farm2,1,YM_1683,2,{'3.25': 2},3.25,YM_1683_1.jpg;YM_1683_2.jpg,singleton_passage,train
YM_burst_0760,YM_Farm2,1,YM_1684,10,{'3.25': 10},3.25,YM_1684_1.jpg;YM_1684_10.jpg;YM_1684_2.jpg,singleton_passage,train
YM_burst_0761,YM_Farm2,1,YM_1685,10,{'3.25': 10},3.25,YM_1685_1.jpg;YM_1685_10.jpg;YM_1685_2.jpg,singleton_passage,train
YM_burst_0762,YM_Farm2,1,YM_1686,7,{'3.25': 7},3.25,YM_1686_1.jpg;YM_1686_2.jpg;YM_1686_3.jpg,singleton_passage,test
YM_burst_0763,YM_Farm2,1,YM_1687,3,{'3.25': 3},3.25,YM_1687_1.jpg;YM_1687_2.jpg;YM_1687_3.jpg,singleton_passage,train
YM_burst_0764,YM_Farm2,1,YM_1688,5,{'3.25': 5},3.25,YM_1688_1.jpg;YM_1688_2.jpg;YM_1688_3.jpg,singleton_passage,train
YM_burst_0765,YM_Farm2,1,YM_1689,7,{'3.5': 7},3.5,YM_1689_1.jpg;YM_1689_2.jpg;YM_1689_3.jpg,singleton_passage,train
YM_burst_0766,YM_Farm2,1,YM_169,13,{'3.75': 13},3.75,YM_169_1.jpg;YM_169_10.jpg;YM_169_11.jpg,singleton_passage,train
YM_burst_0767,YM_Farm2,1,YM_1690,2,{'3.25': 2},3.25,YM_1690_1.jpg;YM_1690_2.jpg,singleton_passage,train
YM_burst_0768,YM_Farm2,1,YM_1691,11,{'3.25': 11},3.25,YM_1691_1.jpg;YM_1691_10.jpg;YM_1691_11.jpg,singleton_passage,val
YM_burst_0769,YM_Farm2,1,YM_1692,13,{'3.5': 13},3.5,YM_1692_1.jpg;YM_1692_10.jpg;YM_1692_11.jpg,singleton_passage,val
YM_burst_0770,YM_Farm2,1,YM_1693,13,{'3.5': 13},3.5,YM_1693_1.jpg;YM_1693_10.jpg;YM_1693_11.jpg,singleton_passage,train
YM_burst_0771,YM_Farm2,1,YM_1694,10,{'3.5': 10},3.5,YM_1694_1.jpg;YM_1694_10.jpg;YM_1694_2.jpg,singleton_passage,train
YM_burst_0772,YM_Farm2,1,YM_1695,6,{'3.75': 6},3.75,YM_1695_1.jpg;YM_1695_2.jpg;YM_1695_3.jpg,singleton_passage,train
YM_burst_0773,YM_Farm2,1,YM_1696,5,{'3.5': 5},3.5,YM_1696_1.jpg;YM_1696_2.jpg;YM_1696_3.jpg,singleton_passage,train
YM_burst_0774,YM_Farm2,1,YM_1697,6,{'3.25': 6},3.25,YM_1697_1.jpg;YM_1697_2.jpg;YM_1697_3.jpg,singleton_passage,train
YM_burst_0775,YM_Farm2,1,YM_1698,2,{'3.75': 2},3.75,YM_1698_1.jpg;YM_1698_2.jpg,singleton_passage,train
YM_burst_0776,YM_Farm2,1,YM_1699,4,{'3.75': 4},3.75,YM_1699_1.jpg;YM_1699_2.jpg;YM_1699_3.jpg,singleton_passage,test
YM_burst_0777,YM_Farm2,1,YM_17,9,{'3.75': 9},3.75,YM_17_1.jpg;YM_17_2.jpg;YM_17_3.jpg,singleton_passage,train
YM_burst_0778,YM_Farm2,1,YM_170,9,{'3.5': 9},3.5,YM_170_1.jpg;YM_170_2.jpg;YM_170_3.jpg,singleton_passage,val
YM_burst_0779,YM_Farm2,1,YM_1700,4,{'3.5': 4},3.5,YM_1700_1.jpg;YM_1700_2.jpg;YM_1700_3.jpg,singleton_passage,test
YM_burst_0780,YM_Farm2,1,YM_1701,1,{'3.25': 1},3.25,YM_1701_1.jpg,singleton_passage,train
YM_burst_0781,YM_Farm2,1,YM_1702,4,{'3.25': 4},3.25,YM_1702_1.jpg;YM_1702_2.jpg;YM_1702_3.jpg,singleton_passage,train
YM_burst_0782,YM_Farm2,1,YM_1703,4,{'3.25': 4},3.25,YM_1703_1.jpg;YM_1703_2.jpg;YM_1703_3.jpg,singleton_passage,train
YM_burst_0783,YM_Farm2,1,YM_1704,6,{'3.25': 6},3.25,YM_1704_1.jpg;YM_1704_2.jpg;YM_1704_3.jpg,singleton_passage,test
YM_burst_0784,YM_Farm2,1,YM_1705,2,{'3.75': 2},3.75,YM_1705_1.jpg;YM_1705_2.jpg,singleton_passage,val
YM_burst_0785,YM_Farm2,1,YM_1706,11,{'3.25': 11},3.25,YM_1706_1.jpg;YM_1706_10.jpg;YM_1706_11.jpg,singleton_passage,train
YM_burst_0786,YM_Farm2,1,YM_1707,10,{'3.5': 10},3.5,YM_1707_1.jpg;YM_1707_10.jpg;YM_1707_2.jpg,singleton_passage,train
YM_burst_0787,YM_Farm2,1,YM_1708,12,{'4.0': 12},4.0,YM_1708_1.jpg;YM_1708_10.jpg;YM_1708_11.jpg,singleton_passage,train
YM_burst_0788,YM_Farm2,1,YM_1709,5,{'3.5': 5},3.5,YM_1709_1.jpg;YM_1709_2.jpg;YM_1709_3.jpg,singleton_passage,val
YM_burst_0789,YM_Farm2,1,YM_171,3,{'3.75': 3},3.75,YM_171_1.jpg;YM_171_2.jpg;YM_171_3.jpg,singleton_passage,train
YM_burst_0790,YM_Farm2,1,YM_1710,10,{'3.25': 10},3.25,YM_1710_1.jpg;YM_1710_10.jpg;YM_1710_2.jpg,singleton_passage,train
YM_burst_0791,YM_Farm2,1,YM_1711,3,{'3.5': 3},3.5,YM_1711_1.jpg;YM_1711_2.jpg;YM_1711_3.jpg,singleton_passage,train
YM_burst_0792,YM_Farm2,1,YM_1712,5,{'3.5': 5},3.5,YM_1712_1.jpg;YM_1712_2.jpg;YM_1712_3.jpg,singleton_passage,train
YM_burst_0793,YM_Farm2,1,YM_1713,7,{'3.25': 7},3.25,YM_1713_1.jpg;YM_1713_2.jpg;YM_1713_3.jpg,singleton_passage,train
YM_burst_0794,YM_Farm2,1,YM_1714,5,{'3.5': 5},3.5,YM_1714_1.jpg;YM_1714_2.jpg;YM_1714_3.jpg,singleton_passage,train
YM_burst_0795,YM_Farm2,1,YM_1715,7,{'3.25': 7},3.25,YM_1715_1.jpg;YM_1715_2.jpg;YM_1715_3.jpg,singleton_passage,train
YM_burst_0796,YM_Farm2,1,YM_1716,15,{'3.25': 15},3.25,YM_1716_1.jpg;YM_1716_10.jpg;YM_1716_11.jpg,singleton_passage,train
YM_burst_0797,YM_Farm2,1,YM_1717,3,{'3.5': 3},3.5,YM_1717_1.jpg;YM_1717_2.jpg;YM_1717_3.jpg,singleton_passage,train
YM_burst_0798,YM_Farm2,1,YM_1718,23,{'3.5': 23},3.5,YM_1718_1.jpg;YM_1718_10.jpg;YM_1718_11.jpg,singleton_passage,train
YM_burst_0799,YM_Farm2,1,YM_1719,6,{'3.5': 6},3.5,YM_1719_1.jpg;YM_1719_2.jpg;YM_1719_3.jpg,singleton_passage,train
YM_burst_0800,YM_Farm2,1,YM_172,5,{'4.0': 5},4.0,YM_172_1.jpg;YM_172_2.jpg;YM_172_3.jpg,singleton_passage,val
YM_burst_0801,YM_Farm2,1,YM_1720,8,{'3.75': 8},3.75,YM_1720_1.jpg;YM_1720_2.jpg;YM_1720_3.jpg,singleton_passage,test
YM_burst_0802,YM_Farm2,1,YM_1721,6,{'3.25': 6},3.25,YM_1721_1.jpg;YM_1721_2.jpg;YM_1721_3.jpg,singleton_passage,train
YM_burst_0803,YM_Farm2,1,YM_1722,4,{'3.25': 4},3.25,YM_1722_1.jpg;YM_1722_2.jpg;YM_1722_3.jpg,singleton_passage,train
YM_burst_0804,YM_Farm2,1,YM_1723,11,{'3.25': 11},3.25,YM_1723_1.jpg;YM_1723_10.jpg;YM_1723_11.jpg,singleton_passage,train
YM_burst_0805,YM_Farm2,1,YM_1724,11,{'3.5': 11},3.5,YM_1724_1.jpg;YM_1724_10.jpg;YM_1724_11.jpg,singleton_passage,test
YM_burst_0806,YM_Farm2,1,YM_1725,9,{'3.75': 9},3.75,YM_1725_1.jpg;YM_1725_2.jpg;YM_1725_3.jpg,singleton_passage,train
YM_burst_0807,YM_Farm2,1,YM_1726,9,{'3.5': 9},3.5,YM_1726_1.jpg;YM_1726_2.jpg;YM_1726_3.jpg,singleton_passage,train
YM_burst_0808,YM_Farm2,1,YM_1727,5,{'3.25': 5},3.25,YM_1727_1.jpg;YM_1727_2.jpg;YM_1727_3.jpg,singleton_passage,train
YM_burst_0809,YM_Farm2,1,YM_1728,9,{'3.25': 9},3.25,YM_1728_1.jpg;YM_1728_2.jpg;YM_1728_3.jpg,singleton_passage,train
YM_burst_0810,YM_Farm2,1,YM_1729,5,{'3.25': 5},3.25,YM_1729_1.jpg;YM_1729_2.jpg;YM_1729_3.jpg,singleton_passage,train
YM_burst_0811,YM_Farm2,1,YM_173,11,{'4.25': 11},4.25,YM_173_1.jpg;YM_173_10.jpg;YM_173_11.jpg,singleton_passage,train
YM_burst_0812,YM_Farm2,1,YM_1730,7,{'3.25': 7},3.25,YM_1730_1.jpg;YM_1730_2.jpg;YM_1730_3.jpg,singleton_passage,val
YM_burst_0813,YM_Farm2,1,YM_1731,1,{'3.5': 1},3.5,YM_1731_1.jpg,singleton_passage,train
YM_burst_0814,YM_Farm2,1,YM_1732,16,{'3.25': 16},3.25,YM_1732_1.jpg;YM_1732_10.jpg;YM_1732_11.jpg,singleton_passage,test
YM_burst_0815,YM_Farm2,1,YM_1733,17,{'3.75': 17},3.75,YM_1733_1.jpg;YM_1733_10.jpg;YM_1733_11.jpg,singleton_passage,train
YM_burst_0816,YM_Farm2,1,YM_1734,9,{'4.0': 9},4.0,YM_1734_1.jpg;YM_1734_2.jpg;YM_1734_3.jpg,singleton_passage,train
YM_burst_0817,YM_Farm2,1,YM_1735,9,{'3.5': 9},3.5,YM_1735_1.jpg;YM_1735_2.jpg;YM_1735_3.jpg,singleton_passage,train
YM_burst_0818,YM_Farm2,1,YM_1736,9,{'3.5': 9},3.5,YM_1736_1.jpg;YM_1736_2.jpg;YM_1736_3.jpg,singleton_passage,train
YM_burst_0819,YM_Farm2,1,YM_1737,16,{'3.75': 16},3.75,YM_1737_1.jpg;YM_1737_10.jpg;YM_1737_11.jpg,singleton_passage,test
YM_burst_0820,YM_Farm2,1,YM_1738,8,{'3.5': 8},3.5,YM_1738_1.jpg;YM_1738_2.jpg;YM_1738_3.jpg,singleton_passage,test
YM_burst_0821,YM_Farm2,1,YM_1739,7,{'3.5': 7},3.5,YM_1739_1.jpg;YM_1739_2.jpg;YM_1739_3.jpg,singleton_passage,val
YM_burst_0822,YM_Farm2,1,YM_174,5,{'3.75': 5},3.75,YM_174_1.jpg;YM_174_2.jpg;YM_174_3.jpg,singleton_passage,val
YM_burst_0823,YM_Farm2,1,YM_1740,4,{'3.75': 4},3.75,YM_1740_1.jpg;YM_1740_2.jpg;YM_1740_3.jpg,singleton_passage,train
YM_burst_0824,YM_Farm2,1,YM_1741,5,{'4.0': 5},4.0,YM_1741_1.jpg;YM_1741_2.jpg;YM_1741_3.jpg,singleton_passage,train
YM_burst_0825,YM_Farm2,1,YM_1742,12,{'4.0': 12},4.0,YM_1742_1.jpg;YM_1742_10.jpg;YM_1742_11.jpg,singleton_passage,val
YM_burst_0826,YM_Farm2,1,YM_1743,8,{'4.25': 8},4.25,YM_1743_1.jpg;YM_1743_2.jpg;YM_1743_3.jpg,singleton_passage,train
YM_burst_0827,YM_Farm2,1,YM_1744,5,{'3.25': 5},3.25,YM_1744_1.jpg;YM_1744_2.jpg;YM_1744_3.jpg,singleton_passage,test
YM_burst_0828,YM_Farm2,1,YM_1745,5,{'3.5': 5},3.5,YM_1745_1.jpg;YM_1745_2.jpg;YM_1745_3.jpg,singleton_passage,train
YM_burst_0829,YM_Farm2,1,YM_1746,6,{'4.0': 6},4.0,YM_1746_1.jpg;YM_1746_2.jpg;YM_1746_3.jpg,singleton_passage,train
YM_burst_0830,YM_Farm2,1,YM_1747,5,{'3.25': 5},3.25,YM_1747_1.jpg;YM_1747_2.jpg;YM_1747_3.jpg,singleton_passage,train
YM_burst_0831,YM_Farm2,1,YM_1748,5,{'3.25': 5},3.25,YM_1748_1.jpg;YM_1748_2.jpg;YM_1748_3.jpg,singleton_passage,train
YM_burst_0832,YM_Farm2,1,YM_1749,8,{'4.0': 8},4.0,YM_1749_1.jpg;YM_1749_2.jpg;YM_1749_3.jpg,singleton_passage,test
YM_burst_0833,YM_Farm2,1,YM_175,4,{'4.0': 4},4.0,YM_175_1.jpg;YM_175_2.jpg;YM_175_3.jpg,singleton_passage,train
YM_burst_0834,YM_Farm2,1,YM_1750,3,{'3.25': 3},3.25,YM_1750_1.jpg;YM_1750_2.jpg;YM_1750_3.jpg,singleton_passage,train
YM_burst_0835,YM_Farm2,1,YM_1751,9,{'3.75': 9},3.75,YM_1751_1.jpg;YM_1751_2.jpg;YM_1751_3.jpg,singleton_passage,train
YM_burst_0836,YM_Farm2,1,YM_1752,6,{'4.0': 6},4.0,YM_1752_1.jpg;YM_1752_2.jpg;YM_1752_3.jpg,singleton_passage,train
YM_burst_0837,YM_Farm2,1,YM_1753,11,{'3.5': 11},3.5,YM_1753_1.jpg;YM_1753_10.jpg;YM_1753_11.jpg,singleton_passage,val
YM_burst_0838,YM_Farm2,1,YM_1754,6,{'3.75': 6},3.75,YM_1754_1.jpg;YM_1754_2.jpg;YM_1754_3.jpg,singleton_passage,train
YM_burst_0839,YM_Farm2,1,YM_1755,18,{'3.75': 18},3.75,YM_1755_1.jpg;YM_1755_10.jpg;YM_1755_11.jpg,singleton_passage,test
YM_burst_0840,YM_Farm2,1,YM_1756,9,{'3.75': 9},3.75,YM_1756_1.jpg;YM_1756_2.jpg;YM_1756_3.jpg,singleton_passage,train
YM_burst_0841,YM_Farm2,1,YM_1757,13,{'3.5': 13},3.5,YM_1757_1.jpg;YM_1757_10.jpg;YM_1757_11.jpg,singleton_passage,train
YM_burst_0842,YM_Farm2,1,YM_1758,3,{'3.25': 3},3.25,YM_1758_1.jpg;YM_1758_2.jpg;YM_1758_3.jpg,singleton_passage,test
YM_burst_0843,YM_Farm2,1,YM_1759,22,{'4.0': 22},4.0,YM_1759_1.jpg;YM_1759_10.jpg;YM_1759_11.jpg,singleton_passage,train
YM_burst_0844,YM_Farm2,1,YM_176,10,{'4.0': 10},4.0,YM_176_1.jpg;YM_176_10.jpg;YM_176_2.jpg,singleton_passage,train
YM_burst_0845,YM_Farm2,1,YM_1760,27,"{'3.5': 15, '3.75': 12}",3.5,YM_1760_1.jpg;YM_1760_10.jpg;YM_1760_11.jpg,singleton_passage,train
YM_burst_0846,YM_Farm2,1,YM_1761,5,{'3.5': 5},3.5,YM_1761_1.jpg;YM_1761_2.jpg;YM_1761_3.jpg,singleton_passage,train
YM_burst_0847,YM_Farm2,1,YM_1762,7,{'3.25': 7},3.25,YM_1762_1.jpg;YM_1762_2.jpg;YM_1762_3.jpg,singleton_passage,train
YM_burst_0848,YM_Farm2,1,YM_1763,9,{'3.75': 9},3.75,YM_1763_1.jpg;YM_1763_2.jpg;YM_1763_3.jpg,singleton_passage,train
YM_burst_0849,YM_Farm2,1,YM_1764,9,{'3.75': 9},3.75,YM_1764_1.jpg;YM_1764_2.jpg;YM_1764_3.jpg,singleton_passage,train
YM_burst_0850,YM_Farm2,1,YM_1765,5,{'3.75': 5},3.75,YM_1765_1.jpg;YM_1765_2.jpg;YM_1765_3.jpg,singleton_passage,test
YM_burst_0851,YM_Farm2,1,YM_1766,10,{'3.5': 10},3.5,YM_1766_1.jpg;YM_1766_10.jpg;YM_1766_2.jpg,singleton_passage,test
YM_burst_0852,YM_Farm2,1,YM_1767,12,{'3.5': 12},3.5,YM_1767_1.jpg;YM_1767_10.jpg;YM_1767_11.jpg,singleton_passage,train
YM_burst_0853,YM_Farm2,1,YM_1768,7,{'4.0': 7},4.0,YM_1768_1.jpg;YM_1768_2.jpg;YM_1768_3.jpg,singleton_passage,train
YM_burst_0854,YM_Farm2,1,YM_1769,11,{'3.5': 11},3.5,YM_1769_1.jpg;YM_1769_10.jpg;YM_1769_11.jpg,singleton_passage,train
YM_burst_0855,YM_Farm2,1,YM_177,6,{'3.25': 6},3.25,YM_177_1.jpg;YM_177_2.jpg;YM_177_3.jpg,singleton_passage,test
YM_burst_0856,YM_Farm2,1,YM_1770,6,{'3.75': 6},3.75,YM_1770_1.jpg;YM_1770_2.jpg;YM_1770_3.jpg,singleton_passage,train
YM_burst_0857,YM_Farm2,1,YM_1771,4,{'3.5': 4},3.5,YM_1771_1.jpg;YM_1771_2.jpg;YM_1771_3.jpg,singleton_passage,test
YM_burst_0858,YM_Farm2,1,YM_1772,5,{'3.75': 5},3.75,YM_1772_1.jpg;YM_1772_2.jpg;YM_1772_3.jpg,singleton_passage,train
YM_burst_0859,YM_Farm2,1,YM_1773,7,{'3.5': 7},3.5,YM_1773_1.jpg;YM_1773_2.jpg;YM_1773_3.jpg,singleton_passage,train
YM_burst_0860,YM_Farm2,1,YM_1774,11,{'3.5': 11},3.5,YM_1774_1.jpg;YM_1774_10.jpg;YM_1774_11.jpg,singleton_passage,test
YM_burst_0861,YM_Farm2,1,YM_1775,6,{'3.75': 6},3.75,YM_1775_1.jpg;YM_1775_2.jpg;YM_1775_3.jpg,singleton_passage,test
YM_burst_0862,YM_Farm2,1,YM_1776,7,{'3.75': 7},3.75,YM_1776_1.jpg;YM_1776_2.jpg;YM_1776_3.jpg,singleton_passage,train
YM_burst_0863,YM_Farm2,1,YM_1777,12,{'3.75': 12},3.75,YM_1777_1.jpg;YM_1777_10.jpg;YM_1777_11.jpg,singleton_passage,train
YM_burst_0864,YM_Farm2,1,YM_1778,2,{'4.0': 2},4.0,YM_1778_1.jpg;YM_1778_2.jpg,singleton_passage,train
YM_burst_0865,YM_Farm2,1,YM_1779,15,{'3.75': 15},3.75,YM_1779_1.jpg;YM_1779_10.jpg;YM_1779_11.jpg,singleton_passage,test
YM_burst_0866,YM_Farm2,1,YM_178,8,{'4.0': 8},4.0,YM_178_1.jpg;YM_178_2.jpg;YM_178_3.jpg,singleton_passage,val
YM_burst_0867,YM_Farm2,1,YM_1780,6,{'3.75': 6},3.75,YM_1780_1.jpg;YM_1780_2.jpg;YM_1780_3.jpg,singleton_passage,test
YM_burst_0868,YM_Farm2,1,YM_1781,4,{'3.75': 4},3.75,YM_1781_1.jpg;YM_1781_2.jpg;YM_1781_3.jpg,singleton_passage,train
YM_burst_0869,YM_Farm2,1,YM_1782,9,{'3.5': 9},3.5,YM_1782_1.jpg;YM_1782_2.jpg;YM_1782_3.jpg,singleton_passage,train
YM_burst_0870,YM_Farm2,1,YM_1783,18,{'3.25': 18},3.25,YM_1783_1.jpg;YM_1783_10.jpg;YM_1783_11.jpg,singleton_passage,train
YM_burst_0871,YM_Farm2,1,YM_1784,8,{'3.5': 8},3.5,YM_1784_1.jpg;YM_1784_2.jpg;YM_1784_3.jpg,singleton_passage,train
YM_burst_0872,YM_Farm2,1,YM_1785,12,{'3.25': 12},3.25,YM_1785_1.jpg;YM_1785_10.jpg;YM_1785_11.jpg,singleton_passage,test
YM_burst_0873,YM_Farm2,1,YM_1786,14,{'3.75': 14},3.75,YM_1786_1.jpg;YM_1786_10.jpg;YM_1786_11.jpg,singleton_passage,train
YM_burst_0874,YM_Farm2,1,YM_1787,20,{'3.75': 20},3.75,YM_1787_1.jpg;YM_1787_10.jpg;YM_1787_11.jpg,singleton_passage,train
YM_burst_0875,YM_Farm2,1,YM_1788,9,{'4.0': 9},4.0,YM_1788_1.jpg;YM_1788_2.jpg;YM_1788_3.jpg,singleton_passage,train
YM_burst_0876,YM_Farm2,1,YM_1789,15,{'3.25': 15},3.25,YM_1789_1.jpg;YM_1789_10.jpg;YM_1789_11.jpg,singleton_passage,val
YM_burst_0877,YM_Farm2,1,YM_179,11,{'3.25': 11},3.25,YM_179_1.jpg;YM_179_10.jpg;YM_179_11.jpg,singleton_passage,train
YM_burst_0878,YM_Farm2,1,YM_1790,10,{'3.75': 10},3.75,YM_1790_1.jpg;YM_1790_10.jpg;YM_1790_2.jpg,singleton_passage,val
YM_burst_0879,YM_Farm2,1,YM_1791,19,{'3.75': 19},3.75,YM_1791_1.jpg;YM_1791_10.jpg;YM_1791_11.jpg,singleton_passage,train
YM_burst_0880,YM_Farm2,1,YM_1792,25,{'4.0': 25},4.0,YM_1792_1.jpg;YM_1792_10.jpg;YM_1792_11.jpg,singleton_passage,train
YM_burst_0881,YM_Farm2,1,YM_1793,1,{'3.75': 1},3.75,YM_1793_1.jpg,singleton_passage,train
YM_burst_0882,YM_Farm2,1,YM_1794_1905,12,"{'3.75': 6, '4.0': 6}",3.75,YM_1794_1.jpg;YM_1794_2.jpg;YM_1794_3.jpg,singleton_passage,val
YM_burst_0883,YM_Farm2,1,YM_1795,5,{'3.25': 5},3.25,YM_1795_1.jpg;YM_1795_2.jpg;YM_1795_3.jpg,singleton_passage,train
YM_burst_0884,YM_Farm2,1,YM_1796,7,{'3.25': 7},3.25,YM_1796_1.jpg;YM_1796_2.jpg;YM_1796_3.jpg,singleton_passage,train
YM_burst_0885,YM_Farm2,1,YM_1797,8,{'4.0': 8},4.0,YM_1797_1.jpg;YM_1797_2.jpg;YM_1797_3.jpg,singleton_passage,train
YM_burst_0886,YM_Farm2,1,YM_1798,8,{'3.5': 8},3.5,YM_1798_1.jpg;YM_1798_2.jpg;YM_1798_3.jpg,singleton_passage,val
YM_burst_0887,YM_Farm2,1,YM_1799,8,{'3.75': 8},3.75,YM_1799_1.jpg;YM_1799_2.jpg;YM_1799_3.jpg,singleton_passage,train
YM_burst_0888,YM_Farm2,1,YM_18,7,{'3.75': 7},3.75,YM_18_1.jpg;YM_18_2.jpg;YM_18_3.jpg,singleton_passage,train
YM_burst_0889,YM_Farm2,1,YM_180,3,{'3.75': 3},3.75,YM_180_1.jpg;YM_180_2.jpg;YM_180_3.jpg,singleton_passage,val
YM_burst_0890,YM_Farm2,1,YM_1800,5,{'3.5': 5},3.5,YM_1800_1.jpg;YM_1800_2.jpg;YM_1800_3.jpg,singleton_passage,train
YM_burst_0891,YM_Farm2,1,YM_1801,6,{'3.75': 6},3.75,YM_1801_1.jpg;YM_1801_2.jpg;YM_1801_3.jpg,singleton_passage,val
YM_burst_0892,YM_Farm2,1,YM_1802,7,{'3.25': 7},3.25,YM_1802_1.jpg;YM_1802_2.jpg;YM_1802_3.jpg,singleton_passage,train
YM_burst_0893,YM_Farm2,1,YM_1803,8,{'3.25': 8},3.25,YM_1803_1.jpg;YM_1803_2.jpg;YM_1803_3.jpg,singleton_passage,val
YM_burst_0894,YM_Farm2,1,YM_1804,6,{'3.5': 6},3.5,YM_1804_1.jpg;YM_1804_2.jpg;YM_1804_3.jpg,singleton_passage,train
YM_burst_0895,YM_Farm2,1,YM_1805,5,{'3.75': 5},3.75,YM_1805_1.jpg;YM_1805_2.jpg;YM_1805_3.jpg,singleton_passage,train
YM_burst_0896,YM_Farm2,1,YM_1806,5,{'3.75': 5},3.75,YM_1806_1.jpg;YM_1806_2.jpg;YM_1806_3.jpg,singleton_passage,val
YM_burst_0897,YM_Farm2,1,YM_1807,7,{'3.25': 7},3.25,YM_1807_1.jpg;YM_1807_2.jpg;YM_1807_3.jpg,singleton_passage,train
YM_burst_0898,YM_Farm2,1,YM_1808,8,{'3.5': 8},3.5,YM_1808_1.jpg;YM_1808_2.jpg;YM_1808_3.jpg,singleton_passage,train
YM_burst_0899,YM_Farm2,1,YM_1809,7,{'3.5': 7},3.5,YM_1809_1.jpg;YM_1809_2.jpg;YM_1809_3.jpg,singleton_passage,val
YM_burst_0900,YM_Farm2,1,YM_181,5,{'3.5': 5},3.5,YM_181_1.jpg;YM_181_2.jpg;YM_181_3.jpg,singleton_passage,train
YM_burst_0901,YM_Farm2,1,YM_1810,8,{'3.25': 8},3.25,YM_1810_1.jpg;YM_1810_2.jpg;YM_1810_3.jpg,singleton_passage,train
YM_burst_0902,YM_Farm2,1,YM_1811,7,{'3.75': 7},3.75,YM_1811_1.jpg;YM_1811_2.jpg;YM_1811_3.jpg,singleton_passage,train
YM_burst_0903,YM_Farm2,1,YM_1812,8,{'3.75': 8},3.75,YM_1812_1.jpg;YM_1812_2.jpg;YM_1812_3.jpg,singleton_passage,train
YM_burst_0904,YM_Farm2,1,YM_1813,6,{'3.5': 6},3.5,YM_1813_1.jpg;YM_1813_2.jpg;YM_1813_3.jpg,singleton_passage,train
YM_burst_0905,YM_Farm2,1,YM_1814,9,{'3.25': 9},3.25,YM_1814_1.jpg;YM_1814_2.jpg;YM_1814_3.jpg,singleton_passage,train
YM_burst_0906,YM_Farm2,1,YM_1815,8,{'3.5': 8},3.5,YM_1815_1.jpg;YM_1815_2.jpg;YM_1815_3.jpg,singleton_passage,train
YM_burst_0907,YM_Farm2,1,YM_1816,8,{'3.25': 8},3.25,YM_1816_1.jpg;YM_1816_2.jpg;YM_1816_3.jpg,singleton_passage,train
YM_burst_0908,YM_Farm2,1,YM_1817,10,{'4.0': 10},4.0,YM_1817_1.jpg;YM_1817_10.jpg;YM_1817_2.jpg,singleton_passage,train
YM_burst_0909,YM_Farm2,1,YM_1818,9,{'3.75': 9},3.75,YM_1818_1.jpg;YM_1818_2.jpg;YM_1818_3.jpg,singleton_passage,test
YM_burst_0910,YM_Farm2,1,YM_1819,6,{'3.75': 6},3.75,YM_1819_1.jpg;YM_1819_2.jpg;YM_1819_3.jpg,singleton_passage,test
YM_burst_0911,YM_Farm2,1,YM_182,4,{'4.25': 4},4.25,YM_182_1.jpg;YM_182_2.jpg;YM_182_3.jpg,singleton_passage,train
YM_burst_0912,YM_Farm2,1,YM_1820,6,{'3.5': 6},3.5,YM_1820_1.jpg;YM_1820_2.jpg;YM_1820_3.jpg,singleton_passage,test
YM_burst_0913,YM_Farm2,1,YM_1821,4,{'3.25': 4},3.25,YM_1821_1.jpg;YM_1821_2.jpg;YM_1821_3.jpg,singleton_passage,train
YM_burst_0914,YM_Farm2,1,YM_1822,5,{'3.5': 5},3.5,YM_1822_1.jpg;YM_1822_2.jpg;YM_1822_3.jpg,singleton_passage,train
YM_burst_0915,YM_Farm2,1,YM_1823,6,{'3.75': 6},3.75,YM_1823_1.jpg;YM_1823_2.jpg;YM_1823_3.jpg,singleton_passage,train
YM_burst_0916,YM_Farm2,1,YM_1824,6,{'3.5': 6},3.5,YM_1824_1.jpg;YM_1824_2.jpg;YM_1824_3.jpg,singleton_passage,train
YM_burst_0917,YM_Farm2,1,YM_1825,6,{'3.5': 6},3.5,YM_1825_1.jpg;YM_1825_2.jpg;YM_1825_3.jpg,singleton_passage,test
YM_burst_0918,YM_Farm2,1,YM_1826,8,{'3.75': 8},3.75,YM_1826_1.jpg;YM_1826_2.jpg;YM_1826_3.jpg,singleton_passage,val
YM_burst_0919,YM_Farm2,1,YM_1827,7,{'4.0': 7},4.0,YM_1827_1.jpg;YM_1827_2.jpg;YM_1827_3.jpg,singleton_passage,train
YM_burst_0920,YM_Farm2,1,YM_1828,6,{'3.75': 6},3.75,YM_1828_1.jpg;YM_1828_2.jpg;YM_1828_3.jpg,singleton_passage,train
YM_burst_0921,YM_Farm2,1,YM_1829,6,{'3.75': 6},3.75,YM_1829_1.jpg;YM_1829_2.jpg;YM_1829_3.jpg,singleton_passage,train
YM_burst_0922,YM_Farm2,1,YM_183,4,{'3.25': 4},3.25,YM_183_1.jpg;YM_183_2.jpg;YM_183_3.jpg,singleton_passage,train
YM_burst_0923,YM_Farm2,1,YM_1830,6,{'3.5': 6},3.5,YM_1830_1.jpg;YM_1830_2.jpg;YM_1830_3.jpg,singleton_passage,train
YM_burst_0924,YM_Farm2,1,YM_1831,7,{'3.5': 7},3.5,YM_1831_1.jpg;YM_1831_2.jpg;YM_1831_3.jpg,singleton_passage,train
YM_burst_0925,YM_Farm2,1,YM_1832,7,{'3.5': 7},3.5,YM_1832_1.jpg;YM_1832_2.jpg;YM_1832_3.jpg,singleton_passage,train
YM_burst_0926,YM_Farm2,1,YM_1833,9,{'3.75': 9},3.75,YM_1833_1.jpg;YM_1833_2.jpg;YM_1833_3.jpg,singleton_passage,train
YM_burst_0927,YM_Farm2,1,YM_1834,8,{'3.5': 8},3.5,YM_1834_1.jpg;YM_1834_2.jpg;YM_1834_3.jpg,singleton_passage,train
YM_burst_0928,YM_Farm2,1,YM_1835,9,{'3.5': 9},3.5,YM_1835_1.jpg;YM_1835_2.jpg;YM_1835_3.jpg,singleton_passage,train
YM_burst_0929,YM_Farm2,1,YM_1836,8,{'3.5': 8},3.5,YM_1836_1.jpg;YM_1836_2.jpg;YM_1836_3.jpg,singleton_passage,test
YM_burst_0930,YM_Farm2,1,YM_1837,8,{'3.5': 8},3.5,YM_1837_1.jpg;YM_1837_2.jpg;YM_1837_3.jpg,singleton_passage,test
YM_burst_0931,YM_Farm2,1,YM_1838,7,{'3.25': 7},3.25,YM_1838_1.jpg;YM_1838_2.jpg;YM_1838_3.jpg,singleton_passage,train
YM_burst_0932,YM_Farm2,1,YM_1839,6,{'4.0': 6},4.0,YM_1839_1.jpg;YM_1839_2.jpg;YM_1839_3.jpg,singleton_passage,train
YM_burst_0933,YM_Farm2,1,YM_184,5,{'3.75': 5},3.75,YM_184_1.jpg;YM_184_2.jpg;YM_184_3.jpg,singleton_passage,train
YM_burst_0934,YM_Farm2,1,YM_1840,7,{'3.5': 7},3.5,YM_1840_1.jpg;YM_1840_2.jpg;YM_1840_3.jpg,singleton_passage,train
YM_burst_0935,YM_Farm2,1,YM_1841,5,{'3.5': 5},3.5,YM_1841_1.jpg;YM_1841_2.jpg;YM_1841_3.jpg,singleton_passage,train
YM_burst_0936,YM_Farm2,1,YM_1842,8,{'3.75': 8},3.75,YM_1842_1.jpg;YM_1842_2.jpg;YM_1842_3.jpg,singleton_passage,test
YM_burst_0937,YM_Farm2,1,YM_1843,9,{'3.25': 9},3.25,YM_1843_1.jpg;YM_1843_2.jpg;YM_1843_3.jpg,singleton_passage,train
YM_burst_0938,YM_Farm2,1,YM_1844,8,{'3.5': 8},3.5,YM_1844_1.jpg;YM_1844_2.jpg;YM_1844_3.jpg,singleton_passage,test
YM_burst_0939,YM_Farm2,1,YM_1845,8,{'4.0': 8},4.0,YM_1845_1.jpg;YM_1845_2.jpg;YM_1845_3.jpg,singleton_passage,train
YM_burst_0940,YM_Farm2,1,YM_1846,6,{'3.25': 6},3.25,YM_1846_1.jpg;YM_1846_2.jpg;YM_1846_3.jpg,singleton_passage,train
YM_burst_0941,YM_Farm2,1,YM_1847,6,{'3.25': 6},3.25,YM_1847_1.jpg;YM_1847_2.jpg;YM_1847_3.jpg,singleton_passage,train
YM_burst_0942,YM_Farm2,1,YM_1848,8,{'3.75': 8},3.75,YM_1848_1.jpg;YM_1848_2.jpg;YM_1848_3.jpg,singleton_passage,train
YM_burst_0943,YM_Farm2,1,YM_1849,7,{'3.25': 7},3.25,YM_1849_1.jpg;YM_1849_2.jpg;YM_1849_3.jpg,singleton_passage,train
YM_burst_0944,YM_Farm2,1,YM_185,4,{'3.5': 4},3.5,YM_185_1.jpg;YM_185_2.jpg;YM_185_3.jpg,singleton_passage,train
YM_burst_0945,YM_Farm2,1,YM_1850,8,{'3.75': 8},3.75,YM_1850_1.jpg;YM_1850_2.jpg;YM_1850_3.jpg,singleton_passage,val
YM_burst_0946,YM_Farm2,1,YM_1851,8,{'3.5': 8},3.5,YM_1851_1.jpg;YM_1851_2.jpg;YM_1851_3.jpg,singleton_passage,train
YM_burst_0947,YM_Farm2,1,YM_1852,8,{'3.5': 8},3.5,YM_1852_1.jpg;YM_1852_2.jpg;YM_1852_3.jpg,singleton_passage,train
YM_burst_0948,YM_Farm2,1,YM_1853,8,{'3.5': 8},3.5,YM_1853_1.jpg;YM_1853_2.jpg;YM_1853_3.jpg,singleton_passage,train
YM_burst_0949,YM_Farm2,1,YM_1854,7,{'3.5': 7},3.5,YM_1854_1.jpg;YM_1854_2.jpg;YM_1854_3.jpg,singleton_passage,test
YM_burst_0950,YM_Farm2,1,YM_1855,9,{'3.75': 9},3.75,YM_1855_1.jpg;YM_1855_2.jpg;YM_1855_3.jpg,singleton_passage,train
YM_burst_0951,YM_Farm2,1,YM_1856,8,{'3.75': 8},3.75,YM_1856_1.jpg;YM_1856_2.jpg;YM_1856_3.jpg,singleton_passage,test
YM_burst_0952,YM_Farm2,1,YM_1857,7,{'3.25': 7},3.25,YM_1857_1.jpg;YM_1857_2.jpg;YM_1857_3.jpg,singleton_passage,test
YM_burst_0953,YM_Farm2,1,YM_1858,7,{'3.25': 7},3.25,YM_1858_1.jpg;YM_1858_2.jpg;YM_1858_3.jpg,singleton_passage,test
YM_burst_0954,YM_Farm2,1,YM_1859,8,{'3.5': 8},3.5,YM_1859_1.jpg;YM_1859_2.jpg;YM_1859_3.jpg,singleton_passage,train
YM_burst_0955,YM_Farm2,1,YM_186,4,{'4.0': 4},4.0,YM_186_1.jpg;YM_186_2.jpg;YM_186_3.jpg,singleton_passage,train
YM_burst_0956,YM_Farm2,1,YM_1860,7,{'3.5': 7},3.5,YM_1860_1.jpg;YM_1860_2.jpg;YM_1860_3.jpg,singleton_passage,train
YM_burst_0957,YM_Farm2,1,YM_1861,5,{'3.75': 5},3.75,YM_1861_1.jpg;YM_1861_2.jpg;YM_1861_3.jpg,singleton_passage,val
YM_burst_0958,YM_Farm2,1,YM_1862,8,{'4.0': 8},4.0,YM_1862_1.jpg;YM_1862_2.jpg;YM_1862_3.jpg,singleton_passage,train
YM_burst_0959,YM_Farm2,1,YM_1863,8,{'3.75': 8},3.75,YM_1863_1.jpg;YM_1863_2.jpg;YM_1863_3.jpg,singleton_passage,train
YM_burst_0960,YM_Farm2,1,YM_1864,7,{'3.75': 7},3.75,YM_1864_1.jpg;YM_1864_2.jpg;YM_1864_3.jpg,singleton_passage,train
YM_burst_0961,YM_Farm2,1,YM_1865,8,{'3.5': 8},3.5,YM_1865_1.jpg;YM_1865_2.jpg;YM_1865_3.jpg,singleton_passage,train
YM_burst_0962,YM_Farm2,1,YM_1866,7,{'4.0': 7},4.0,YM_1866_1.jpg;YM_1866_2.jpg;YM_1866_3.jpg,singleton_passage,train
YM_burst_0963,YM_Farm2,1,YM_1867,6,{'3.5': 6},3.5,YM_1867_1.jpg;YM_1867_2.jpg;YM_1867_3.jpg,singleton_passage,train
YM_burst_0964,YM_Farm2,1,YM_1868,7,{'3.5': 7},3.5,YM_1868_1.jpg;YM_1868_2.jpg;YM_1868_3.jpg,singleton_passage,val
YM_burst_0965,YM_Farm2,1,YM_1869,5,{'3.75': 5},3.75,YM_1869_1.jpg;YM_1869_2.jpg;YM_1869_3.jpg,singleton_passage,train
YM_burst_0966,YM_Farm2,1,YM_187,9,{'3.75': 9},3.75,YM_187_1.jpg;YM_187_2.jpg;YM_187_3.jpg,singleton_passage,train
YM_burst_0967,YM_Farm2,1,YM_1870,6,{'3.75': 6},3.75,YM_1870_1.jpg;YM_1870_2.jpg;YM_1870_3.jpg,singleton_passage,test
YM_burst_0968,YM_Farm2,1,YM_1871,8,{'3.25': 8},3.25,YM_1871_1.jpg;YM_1871_2.jpg;YM_1871_3.jpg,singleton_passage,test
YM_burst_0969,YM_Farm2,1,YM_1872,7,{'4.0': 7},4.0,YM_1872_1.jpg;YM_1872_2.jpg;YM_1872_3.jpg,singleton_passage,train
YM_burst_0970,YM_Farm2,1,YM_1873,6,{'3.5': 6},3.5,YM_1873_1.jpg;YM_1873_2.jpg;YM_1873_3.jpg,singleton_passage,train
YM_burst_0971,YM_Farm2,1,YM_1874,7,{'3.75': 7},3.75,YM_1874_1.jpg;YM_1874_2.jpg;YM_1874_3.jpg,singleton_passage,train
YM_burst_0972,YM_Farm2,1,YM_1875,8,{'3.75': 8},3.75,YM_1875_1.jpg;YM_1875_2.jpg;YM_1875_3.jpg,singleton_passage,train
YM_burst_0973,YM_Farm2,1,YM_1876,7,{'3.5': 7},3.5,YM_1876_1.jpg;YM_1876_2.jpg;YM_1876_3.jpg,singleton_passage,train
YM_burst_0974,YM_Farm2,1,YM_1877,5,{'4.0': 5},4.0,YM_1877_1.jpg;YM_1877_2.jpg;YM_1877_3.jpg,singleton_passage,train
YM_burst_0975,YM_Farm2,1,YM_1878,6,{'3.5': 6},3.5,YM_1878_1.jpg;YM_1878_2.jpg;YM_1878_3.jpg,singleton_passage,train
YM_burst_0976,YM_Farm2,1,YM_1879,7,{'4.25': 7},4.25,YM_1879_1.jpg;YM_1879_2.jpg;YM_1879_3.jpg,singleton_passage,train
YM_burst_0977,YM_Farm2,1,YM_188,5,{'4.0': 5},4.0,YM_188_1.jpg;YM_188_2.jpg;YM_188_3.jpg,singleton_passage,val
YM_burst_0978,YM_Farm2,1,YM_1880,8,{'4.0': 8},4.0,YM_1880_1.jpg;YM_1880_2.jpg;YM_1880_3.jpg,singleton_passage,train
YM_burst_0979,YM_Farm2,1,YM_1881,7,{'3.25': 7},3.25,YM_1881_1.jpg;YM_1881_2.jpg;YM_1881_3.jpg,singleton_passage,train
YM_burst_0980,YM_Farm2,1,YM_1882,8,{'4.0': 8},4.0,YM_1882_1.jpg;YM_1882_2.jpg;YM_1882_3.jpg,singleton_passage,train
YM_burst_0981,YM_Farm2,1,YM_1883,11,{'4.0': 11},4.0,YM_1883_1.jpg;YM_1883_10.jpg;YM_1883_11.jpg,singleton_passage,train
YM_burst_0982,YM_Farm2,1,YM_1884,5,{'3.5': 5},3.5,YM_1884_1.jpg;YM_1884_2.jpg;YM_1884_3.jpg,singleton_passage,val
YM_burst_0983,YM_Farm2,1,YM_1885,13,{'3.5': 13},3.5,YM_1885_1.jpg;YM_1885_10.jpg;YM_1885_11.jpg,singleton_passage,train
YM_burst_0984,YM_Farm2,1,YM_1886,9,{'3.75': 9},3.75,YM_1886_1.jpg;YM_1886_2.jpg;YM_1886_3.jpg,singleton_passage,test
YM_burst_0985,YM_Farm2,1,YM_1887,7,{'3.75': 7},3.75,YM_1887_1.jpg;YM_1887_2.jpg;YM_1887_3.jpg,singleton_passage,train
YM_burst_0986,YM_Farm2,1,YM_1888,8,{'3.75': 8},3.75,YM_1888_1.jpg;YM_1888_2.jpg;YM_1888_3.jpg,singleton_passage,train
YM_burst_0987,YM_Farm2,1,YM_1889,8,{'4.0': 8},4.0,YM_1889_1.jpg;YM_1889_2.jpg;YM_1889_3.jpg,singleton_passage,train
YM_burst_0988,YM_Farm2,1,YM_189,6,{'4.25': 6},4.25,YM_189_1.jpg;YM_189_2.jpg;YM_189_3.jpg,singleton_passage,train
YM_burst_0989,YM_Farm2,1,YM_1890,8,{'3.5': 8},3.5,YM_1890_1.jpg;YM_1890_2.jpg;YM_1890_3.jpg,singleton_passage,train
YM_burst_0990,YM_Farm2,1,YM_1891,8,{'3.5': 8},3.5,YM_1891_1.jpg;YM_1891_2.jpg;YM_1891_3.jpg,singleton_passage,val
YM_burst_0991,YM_Farm2,1,YM_1892,8,{'3.5': 8},3.5,YM_1892_1.jpg;YM_1892_2.jpg;YM_1892_3.jpg,singleton_passage,train
YM_burst_0992,YM_Farm2,1,YM_1893,9,{'3.75': 9},3.75,YM_1893_1.jpg;YM_1893_2.jpg;YM_1893_3.jpg,singleton_passage,train
YM_burst_0993,YM_Farm2,1,YM_1894,11,{'4.0': 11},4.0,YM_1894_1.jpg;YM_1894_10.jpg;YM_1894_11.jpg,singleton_passage,train
YM_burst_0994,YM_Farm2,1,YM_1895,8,{'3.75': 8},3.75,YM_1895_1.jpg;YM_1895_2.jpg;YM_1895_3.jpg,singleton_passage,val
YM_burst_0995,YM_Farm2,1,YM_1896,7,{'3.75': 7},3.75,YM_1896_1.jpg;YM_1896_2.jpg;YM_1896_3.jpg,singleton_passage,train
YM_burst_0996,YM_Farm2,1,YM_1897,7,{'4.0': 7},4.0,YM_1897_1.jpg;YM_1897_2.jpg;YM_1897_3.jpg,singleton_passage,train
YM_burst_0997,YM_Farm2,1,YM_1898,5,{'3.5': 5},3.5,YM_1898_1.jpg;YM_1898_2.jpg;YM_1898_3.jpg,singleton_passage,train
YM_burst_0998,YM_Farm2,1,YM_1899,8,{'3.5': 8},3.5,YM_1899_1.jpg;YM_1899_2.jpg;YM_1899_3.jpg,singleton_passage,train
YM_burst_0999,YM_Farm2,1,YM_19,4,{'4.0': 4},4.0,YM_19_1.jpg;YM_19_2.jpg;YM_19_3.jpg,singleton_passage,val
YM_burst_1000,YM_Farm2,1,YM_190,6,{'3.75': 6},3.75,YM_190_1.jpg;YM_190_2.jpg;YM_190_3.jpg,singleton_passage,val
YM_burst_1001,YM_Farm2,1,YM_1900,7,{'3.5': 7},3.5,YM_1900_1.jpg;YM_1900_2.jpg;YM_1900_3.jpg,singleton_passage,train
YM_burst_1002,YM_Farm2,1,YM_1901,8,{'3.75': 8},3.75,YM_1901_1.jpg;YM_1901_2.jpg;YM_1901_3.jpg,singleton_passage,train
YM_burst_1003,YM_Farm2,1,YM_1902,5,{'3.5': 5},3.5,YM_1902_1.jpg;YM_1902_2.jpg;YM_1902_3.jpg,singleton_passage,train
YM_burst_1004,YM_Farm2,1,YM_1903,9,{'4.0': 9},4.0,YM_1903_1.jpg;YM_1903_2.jpg;YM_1903_3.jpg,singleton_passage,train
YM_burst_1005,YM_Farm2,1,YM_1904,7,{'4.0': 7},4.0,YM_1904_1.jpg;YM_1904_2.jpg;YM_1904_3.jpg,singleton_passage,train
YM_burst_1006,YM_Farm2,1,YM_1906,6,{'3.5': 6},3.5,YM_1906_1.jpg;YM_1906_2.jpg;YM_1906_3.jpg,singleton_passage,test
YM_burst_1007,YM_Farm2,1,YM_1907,7,{'3.5': 7},3.5,YM_1907_1.jpg;YM_1907_2.jpg;YM_1907_3.jpg,singleton_passage,val
YM_burst_1008,YM_Farm2,1,YM_1908,7,{'3.5': 7},3.5,YM_1908_1.jpg;YM_1908_2.jpg;YM_1908_3.jpg,singleton_passage,train
YM_burst_1009,YM_Farm2,1,YM_1909,8,{'3.75': 8},3.75,YM_1909_1.jpg;YM_1909_2.jpg;YM_1909_3.jpg,singleton_passage,test
YM_burst_1010,YM_Farm2,1,YM_191,3,{'4.0': 3},4.0,YM_191_1.jpg;YM_191_2.jpg;YM_191_3.jpg,singleton_passage,test
YM_burst_1011,YM_Farm2,1,YM_1910,8,{'3.5': 8},3.5,YM_1910_1.jpg;YM_1910_2.jpg;YM_1910_3.jpg,singleton_passage,val
YM_burst_1012,YM_Farm2,1,YM_1911,9,{'3.75': 9},3.75,YM_1911_1.jpg;YM_1911_2.jpg;YM_1911_3.jpg,singleton_passage,train
YM_burst_1013,YM_Farm2,1,YM_1912,8,{'3.5': 8},3.5,YM_1912_1.jpg;YM_1912_2.jpg;YM_1912_3.jpg,singleton_passage,train
YM_burst_1014,YM_Farm2,1,YM_1913,7,{'4.0': 7},4.0,YM_1913_1.jpg;YM_1913_2.jpg;YM_1913_3.jpg,singleton_passage,train
YM_burst_1015,YM_Farm2,1,YM_1914,6,{'3.5': 6},3.5,YM_1914_1.jpg;YM_1914_2.jpg;YM_1914_3.jpg,singleton_passage,train
YM_burst_1016,YM_Farm2,1,YM_1915,8,{'3.75': 8},3.75,YM_1915_1.jpg;YM_1915_2.jpg;YM_1915_3.jpg,singleton_passage,train
YM_burst_1017,YM_Farm2,1,YM_1916,6,{'3.5': 6},3.5,YM_1916_1.jpg;YM_1916_2.jpg;YM_1916_3.jpg,singleton_passage,train
YM_burst_1018,YM_Farm2,1,YM_1917,10,{'3.25': 10},3.25,YM_1917_1.jpg;YM_1917_10.jpg;YM_1917_2.jpg,singleton_passage,train
YM_burst_1019,YM_Farm2,1,YM_1918,6,{'3.5': 6},3.5,YM_1918_1.jpg;YM_1918_2.jpg;YM_1918_3.jpg,singleton_passage,train
YM_burst_1020,YM_Farm2,1,YM_1919,7,{'3.5': 7},3.5,YM_1919_1.jpg;YM_1919_2.jpg;YM_1919_3.jpg,singleton_passage,train
YM_burst_1021,YM_Farm2,1,YM_192,6,{'3.75': 6},3.75,YM_192_1.jpg;YM_192_2.jpg;YM_192_3.jpg,singleton_passage,train
YM_burst_1022,YM_Farm2,1,YM_1920,8,{'3.5': 8},3.5,YM_1920_1.jpg;YM_1920_2.jpg;YM_1920_3.jpg,singleton_passage,train
YM_burst_1023,YM_Farm2,1,YM_1921,8,{'3.25': 8},3.25,YM_1921_1.jpg;YM_1921_2.jpg;YM_1921_3.jpg,singleton_passage,train
YM_burst_1024,YM_Farm2,1,YM_1922,7,{'3.75': 7},3.75,YM_1922_1.jpg;YM_1922_2.jpg;YM_1922_3.jpg,singleton_passage,train
YM_burst_1025,YM_Farm2,1,YM_1923,6,{'3.5': 6},3.5,YM_1923_1.jpg;YM_1923_2.jpg;YM_1923_3.jpg,singleton_passage,train
YM_burst_1026,YM_Farm2,1,YM_1924,5,{'3.25': 5},3.25,YM_1924_1.jpg;YM_1924_2.jpg;YM_1924_3.jpg,singleton_passage,test
YM_burst_1027,YM_Farm2,1,YM_1925,8,{'3.25': 8},3.25,YM_1925_1.jpg;YM_1925_2.jpg;YM_1925_3.jpg,singleton_passage,train
YM_burst_1028,YM_Farm2,1,YM_1926,6,{'3.75': 6},3.75,YM_1926_1.jpg;YM_1926_2.jpg;YM_1926_3.jpg,singleton_passage,train
YM_burst_1029,YM_Farm2,1,YM_1927,7,{'3.25': 7},3.25,YM_1927_1.jpg;YM_1927_2.jpg;YM_1927_3.jpg,singleton_passage,train
YM_burst_1030,YM_Farm2,1,YM_1928,8,{'4.25': 8},4.25,YM_1928_1.jpg;YM_1928_2.jpg;YM_1928_3.jpg,singleton_passage,train
YM_burst_1031,YM_Farm2,1,YM_1929,8,{'3.75': 8},3.75,YM_1929_1.jpg;YM_1929_2.jpg;YM_1929_3.jpg,singleton_passage,test
YM_burst_1032,YM_Farm2,1,YM_193,5,{'3.5': 5},3.5,YM_193_1.jpg;YM_193_2.jpg;YM_193_3.jpg,singleton_passage,train
YM_burst_1033,YM_Farm2,1,YM_1930,8,{'3.5': 8},3.5,YM_1930_1.jpg;YM_1930_2.jpg;YM_1930_3.jpg,singleton_passage,train
YM_burst_1034,YM_Farm2,1,YM_1931,7,{'4.0': 7},4.0,YM_1931_1.jpg;YM_1931_2.jpg;YM_1931_3.jpg,singleton_passage,val
YM_burst_1035,YM_Farm2,1,YM_1932,6,{'3.5': 6},3.5,YM_1932_1.jpg;YM_1932_2.jpg;YM_1932_3.jpg,singleton_passage,train
YM_burst_1036,YM_Farm2,1,YM_1933,9,{'4.0': 9},4.0,YM_1933_1.jpg;YM_1933_2.jpg;YM_1933_3.jpg,singleton_passage,train
YM_burst_1037,YM_Farm2,1,YM_1934,6,{'4.0': 6},4.0,YM_1934_1.jpg;YM_1934_2.jpg;YM_1934_3.jpg,singleton_passage,train
YM_burst_1038,YM_Farm2,1,YM_1935,6,{'4.0': 6},4.0,YM_1935_1.jpg;YM_1935_2.jpg;YM_1935_3.jpg,singleton_passage,val
YM_burst_1039,YM_Farm2,1,YM_1936,7,{'4.0': 7},4.0,YM_1936_1.jpg;YM_1936_2.jpg;YM_1936_3.jpg,singleton_passage,train
YM_burst_1040,YM_Farm2,1,YM_1937,7,{'3.75': 7},3.75,YM_1937_1.jpg;YM_1937_2.jpg;YM_1937_3.jpg,singleton_passage,train
YM_burst_1041,YM_Farm2,1,YM_1938,7,{'4.0': 7},4.0,YM_1938_1.jpg;YM_1938_2.jpg;YM_1938_3.jpg,singleton_passage,train
YM_burst_1042,YM_Farm2,1,YM_1939,7,{'3.75': 7},3.75,YM_1939_1.jpg;YM_1939_2.jpg;YM_1939_3.jpg,singleton_passage,test
YM_burst_1043,YM_Farm2,1,YM_194,4,{'3.75': 4},3.75,YM_194_1.jpg;YM_194_2.jpg;YM_194_3.jpg,singleton_passage,train
YM_burst_1044,YM_Farm2,1,YM_1940,7,{'3.25': 7},3.25,YM_1940_1.jpg;YM_1940_2.jpg;YM_1940_3.jpg,singleton_passage,test
YM_burst_1045,YM_Farm2,1,YM_1941,6,{'4.0': 6},4.0,YM_1941_1.jpg;YM_1941_2.jpg;YM_1941_3.jpg,singleton_passage,val
YM_burst_1046,YM_Farm2,1,YM_1942,8,{'3.75': 8},3.75,YM_1942_1.jpg;YM_1942_2.jpg;YM_1942_3.jpg,singleton_passage,val
YM_burst_1047,YM_Farm2,1,YM_1943,9,{'4.0': 9},4.0,YM_1943_1.jpg;YM_1943_2.jpg;YM_1943_3.jpg,singleton_passage,train
YM_burst_1048,YM_Farm2,1,YM_1944,8,{'3.25': 8},3.25,YM_1944_1.jpg;YM_1944_2.jpg;YM_1944_3.jpg,singleton_passage,train
YM_burst_1049,YM_Farm2,1,YM_1945,5,{'3.5': 5},3.5,YM_1945_1.jpg;YM_1945_2.jpg;YM_1945_3.jpg,singleton_passage,train
YM_burst_1050,YM_Farm2,1,YM_1946,8,{'3.75': 8},3.75,YM_1946_1.jpg;YM_1946_2.jpg;YM_1946_3.jpg,singleton_passage,val
YM_burst_1051,YM_Farm2,1,YM_1947,7,{'4.0': 7},4.0,YM_1947_1.jpg;YM_1947_2.jpg;YM_1947_3.jpg,singleton_passage,train
YM_burst_1052,YM_Farm2,1,YM_1948,7,{'3.75': 7},3.75,YM_1948_1.jpg;YM_1948_2.jpg;YM_1948_3.jpg,singleton_passage,train
YM_burst_1053,YM_Farm2,1,YM_1949,6,{'3.5': 6},3.5,YM_1949_1.jpg;YM_1949_2.jpg;YM_1949_3.jpg,singleton_passage,val
YM_burst_1054,YM_Farm2,1,YM_195,3,{'3.5': 3},3.5,YM_195_1.jpg;YM_195_2.jpg;YM_195_3.jpg,singleton_passage,train
YM_burst_1055,YM_Farm2,1,YM_1950,8,{'4.0': 8},4.0,YM_1950_1.jpg;YM_1950_2.jpg;YM_1950_3.jpg,singleton_passage,train
YM_burst_1056,YM_Farm2,1,YM_1951,8,{'3.75': 8},3.75,YM_1951_1.jpg;YM_1951_2.jpg;YM_1951_3.jpg,singleton_passage,train
YM_burst_1057,YM_Farm2,1,YM_1952,7,{'3.5': 7},3.5,YM_1952_1.jpg;YM_1952_2.jpg;YM_1952_3.jpg,singleton_passage,val
YM_burst_1058,YM_Farm2,1,YM_1953,6,{'3.5': 6},3.5,YM_1953_1.jpg;YM_1953_2.jpg;YM_1953_3.jpg,singleton_passage,train
YM_burst_1059,YM_Farm2,1,YM_1954,6,{'3.5': 6},3.5,YM_1954_1.jpg;YM_1954_2.jpg;YM_1954_3.jpg,singleton_passage,val
YM_burst_1060,YM_Farm2,1,YM_1955,7,{'3.5': 7},3.5,YM_1955_1.jpg;YM_1955_2.jpg;YM_1955_3.jpg,singleton_passage,train
YM_burst_1061,YM_Farm2,1,YM_1956,6,{'3.75': 6},3.75,YM_1956_1.jpg;YM_1956_2.jpg;YM_1956_3.jpg,singleton_passage,test
YM_burst_1062,YM_Farm2,1,YM_1957,6,{'3.5': 6},3.5,YM_1957_1.jpg;YM_1957_2.jpg;YM_1957_3.jpg,singleton_passage,train
YM_burst_1063,YM_Farm2,1,YM_1958,7,{'3.75': 7},3.75,YM_1958_1.jpg;YM_1958_2.jpg;YM_1958_3.jpg,singleton_passage,train
YM_burst_1064,YM_Farm2,1,YM_1959,7,{'4.0': 7},4.0,YM_1959_1.jpg;YM_1959_2.jpg;YM_1959_3.jpg,singleton_passage,train
YM_burst_1065,YM_Farm2,1,YM_196,5,{'4.25': 5},4.25,YM_196_1.jpg;YM_196_2.jpg;YM_196_3.jpg,singleton_passage,train
YM_burst_1066,YM_Farm2,1,YM_1960,6,{'3.75': 6},3.75,YM_1960_1.jpg;YM_1960_2.jpg;YM_1960_3.jpg,singleton_passage,test
YM_burst_1067,YM_Farm2,1,YM_1961,8,{'3.5': 8},3.5,YM_1961_1.jpg;YM_1961_2.jpg;YM_1961_3.jpg,singleton_passage,train
YM_burst_1068,YM_Farm2,1,YM_1962,8,{'3.5': 8},3.5,YM_1962_1.jpg;YM_1962_2.jpg;YM_1962_3.jpg,singleton_passage,train
YM_burst_1069,YM_Farm2,1,YM_1963,6,{'4.25': 6},4.25,YM_1963_1.jpg;YM_1963_2.jpg;YM_1963_3.jpg,singleton_passage,train
YM_burst_1070,YM_Farm2,1,YM_1964,6,{'4.0': 6},4.0,YM_1964_1.jpg;YM_1964_2.jpg;YM_1964_3.jpg,singleton_passage,val
YM_burst_1071,YM_Farm2,1,YM_1965,8,{'3.75': 8},3.75,YM_1965_1.jpg;YM_1965_2.jpg;YM_1965_3.jpg,singleton_passage,test
YM_burst_1072,YM_Farm2,1,YM_1966,7,{'3.75': 7},3.75,YM_1966_1.jpg;YM_1966_2.jpg;YM_1966_3.jpg,singleton_passage,train
YM_burst_1073,YM_Farm2,1,YM_1967,7,{'4.25': 7},4.25,YM_1967_1.jpg;YM_1967_2.jpg;YM_1967_3.jpg,singleton_passage,train
YM_burst_1074,YM_Farm2,1,YM_1968,8,{'3.75': 8},3.75,YM_1968_1.jpg;YM_1968_2.jpg;YM_1968_3.jpg,singleton_passage,train
YM_burst_1075,YM_Farm2,1,YM_1969,7,{'3.25': 7},3.25,YM_1969_1.jpg;YM_1969_2.jpg;YM_1969_3.jpg,singleton_passage,train
YM_burst_1076,YM_Farm2,1,YM_197,6,{'3.5': 6},3.5,YM_197_1.jpg;YM_197_2.jpg;YM_197_3.jpg,singleton_passage,val
YM_burst_1077,YM_Farm2,1,YM_1970,8,{'4.0': 8},4.0,YM_1970_1.jpg;YM_1970_2.jpg;YM_1970_3.jpg,singleton_passage,train
YM_burst_1078,YM_Farm2,1,YM_1971,5,{'3.5': 5},3.5,YM_1971_1.jpg;YM_1971_2.jpg;YM_1971_3.jpg,singleton_passage,train
YM_burst_1079,YM_Farm2,1,YM_1972,6,{'3.75': 6},3.75,YM_1972_1.jpg;YM_1972_2.jpg;YM_1972_3.jpg,singleton_passage,train
YM_burst_1080,YM_Farm2,1,YM_1973,7,{'3.75': 7},3.75,YM_1973_1.jpg;YM_1973_2.jpg;YM_1973_3.jpg,singleton_passage,train
YM_burst_1081,YM_Farm2,1,YM_1974,5,{'3.5': 5},3.5,YM_1974_1.jpg;YM_1974_2.jpg;YM_1974_3.jpg,singleton_passage,train
YM_burst_1082,YM_Farm2,1,YM_1975,7,{'3.5': 7},3.5,YM_1975_1.jpg;YM_1975_2.jpg;YM_1975_3.jpg,singleton_passage,test
YM_burst_1083,YM_Farm2,1,YM_1976,8,{'4.0': 8},4.0,YM_1976_1.jpg;YM_1976_2.jpg;YM_1976_3.jpg,singleton_passage,train
YM_burst_1084,YM_Farm2,1,YM_1977,7,{'3.5': 7},3.5,YM_1977_1.jpg;YM_1977_2.jpg;YM_1977_3.jpg,singleton_passage,train
YM_burst_1085,YM_Farm2,1,YM_1978,9,{'3.5': 9},3.5,YM_1978_1.jpg;YM_1978_2.jpg;YM_1978_3.jpg,singleton_passage,train
YM_burst_1086,YM_Farm2,1,YM_1979,8,{'3.5': 8},3.5,YM_1979_1.jpg;YM_1979_2.jpg;YM_1979_3.jpg,singleton_passage,test
YM_burst_1087,YM_Farm2,1,YM_198,8,{'4.25': 8},4.25,YM_198_1.jpg;YM_198_2.jpg;YM_198_3.jpg,singleton_passage,test
YM_burst_1088,YM_Farm2,1,YM_1980,8,{'3.75': 8},3.75,YM_1980_1.jpg;YM_1980_2.jpg;YM_1980_3.jpg,singleton_passage,val
YM_burst_1089,YM_Farm2,1,YM_1981,7,{'4.0': 7},4.0,YM_1981_1.jpg;YM_1981_2.jpg;YM_1981_3.jpg,singleton_passage,test
YM_burst_1090,YM_Farm2,1,YM_1982,7,{'4.0': 7},4.0,YM_1982_1.jpg;YM_1982_2.jpg;YM_1982_3.jpg,singleton_passage,val
YM_burst_1091,YM_Farm2,1,YM_1983,8,{'3.75': 8},3.75,YM_1983_1.jpg;YM_1983_2.jpg;YM_1983_3.jpg,singleton_passage,test
YM_burst_1092,YM_Farm2,1,YM_1984,9,{'3.5': 9},3.5,YM_1984_1.jpg;YM_1984_2.jpg;YM_1984_3.jpg,singleton_passage,train
YM_burst_1093,YM_Farm2,1,YM_1985,10,{'4.25': 10},4.25,YM_1985_1.jpg;YM_1985_10.jpg;YM_1985_2.jpg,singleton_passage,train
YM_burst_1094,YM_Farm2,1,YM_1986,8,{'3.5': 8},3.5,YM_1986_1.jpg;YM_1986_2.jpg;YM_1986_3.jpg,singleton_passage,train
YM_burst_1095,YM_Farm2,1,YM_1987,8,{'3.75': 8},3.75,YM_1987_1.jpg;YM_1987_2.jpg;YM_1987_3.jpg,singleton_passage,val
YM_burst_1096,YM_Farm2,1,YM_1988,8,{'3.25': 8},3.25,YM_1988_1.jpg;YM_1988_2.jpg;YM_1988_3.jpg,singleton_passage,train
YM_burst_1097,YM_Farm2,1,YM_1989,9,{'4.25': 9},4.25,YM_1989_1.jpg;YM_1989_2.jpg;YM_1989_3.jpg,singleton_passage,val
YM_burst_1098,YM_Farm2,1,YM_199,4,{'3.75': 4},3.75,YM_199_1.jpg;YM_199_2.jpg;YM_199_3.jpg,singleton_passage,train
YM_burst_1099,YM_Farm2,1,YM_1990,8,{'3.5': 8},3.5,YM_1990_1.jpg;YM_1990_2.jpg;YM_1990_3.jpg,singleton_passage,train
YM_burst_1100,YM_Farm2,1,YM_1991,7,{'3.25': 7},3.25,YM_1991_1.jpg;YM_1991_2.jpg;YM_1991_3.jpg,singleton_passage,train
YM_burst_1101,YM_Farm2,1,YM_1992,9,{'3.25': 9},3.25,YM_1992_1.jpg;YM_1992_2.jpg;YM_1992_3.jpg,singleton_passage,train
YM_burst_1102,YM_Farm2,1,YM_1993,9,{'4.0': 9},4.0,YM_1993_1.jpg;YM_1993_2.jpg;YM_1993_3.jpg,singleton_passage,val
YM_burst_1103,YM_Farm2,1,YM_1994,7,{'3.5': 7},3.5,YM_1994_1.jpg;YM_1994_2.jpg;YM_1994_3.jpg,singleton_passage,train
YM_burst_1104,YM_Farm2,1,YM_1995,8,{'3.25': 8},3.25,YM_1995_1.jpg;YM_1995_2.jpg;YM_1995_3.jpg,singleton_passage,train
YM_burst_1105,YM_Farm2,1,YM_1996,8,{'3.25': 8},3.25,YM_1996_1.jpg;YM_1996_2.jpg;YM_1996_3.jpg,singleton_passage,train
YM_burst_1106,YM_Farm2,1,YM_1997,4,{'3.5': 4},3.5,YM_1997_1.jpg;YM_1997_2.jpg;YM_1997_3.jpg,singleton_passage,val
YM_burst_1107,YM_Farm2,1,YM_1998,9,{'3.5': 9},3.5,YM_1998_1.jpg;YM_1998_2.jpg;YM_1998_3.jpg,singleton_passage,val
YM_burst_1108,YM_Farm2,1,YM_1999,9,{'3.5': 9},3.5,YM_1999_1.jpg;YM_1999_2.jpg;YM_1999_3.jpg,singleton_passage,train
YM_burst_1109,YM_Farm2,1,YM_2,6,"{'3.25': 1, '4.0': 5}",4.0,YM_2_1.jpg;YM_2_2.jpg;YM_2_3.jpg,singleton_passage,train
YM_burst_1110,YM_Farm2,1,YM_20,4,{'3.5': 4},3.5,YM_20_1.jpg;YM_20_2.jpg;YM_20_3.jpg,singleton_passage,train
YM_burst_1111,YM_Farm2,1,YM_200,7,{'4.0': 7},4.0,YM_200_1.jpg;YM_200_2.jpg;YM_200_3.jpg,singleton_passage,val
YM_burst_1112,YM_Farm2,1,YM_2000,8,{'4.25': 8},4.25,YM_2000_1.jpg;YM_2000_2.jpg;YM_2000_3.jpg,singleton_passage,train
YM_burst_1113,YM_Farm2,1,YM_2001,8,{'3.25': 8},3.25,YM_2001_1.jpg;YM_2001_2.jpg;YM_2001_3.jpg,singleton_passage,train
YM_burst_1114,YM_Farm2,1,YM_2002,6,{'3.5': 6},3.5,YM_2002_1.jpg;YM_2002_2.jpg;YM_2002_3.jpg,singleton_passage,test
YM_burst_1115,YM_Farm2,1,YM_2003,6,{'3.75': 6},3.75,YM_2003_1.jpg;YM_2003_2.jpg;YM_2003_3.jpg,singleton_passage,train
YM_burst_1116,YM_Farm2,1,YM_2004,6,{'3.5': 6},3.5,YM_2004_1.jpg;YM_2004_2.jpg;YM_2004_3.jpg,singleton_passage,val
YM_burst_1117,YM_Farm2,1,YM_2005,7,{'3.5': 7},3.5,YM_2005_1.jpg;YM_2005_2.jpg;YM_2005_3.jpg,singleton_passage,train
YM_burst_1118,YM_Farm2,1,YM_2006,3,{'3.5': 3},3.5,YM_2006_1.jpg;YM_2006_2.jpg;YM_2006_3.jpg,singleton_passage,train
YM_burst_1119,YM_Farm2,1,YM_2007,8,{'3.5': 8},3.5,YM_2007_1.jpg;YM_2007_2.jpg;YM_2007_3.jpg,singleton_passage,train
YM_burst_1120,YM_Farm2,1,YM_2008,8,{'3.75': 8},3.75,YM_2008_1.jpg;YM_2008_2.jpg;YM_2008_3.jpg,singleton_passage,train
YM_burst_1121,YM_Farm2,1,YM_2009,8,{'3.75': 8},3.75,YM_2009_1.jpg;YM_2009_2.jpg;YM_2009_3.jpg,singleton_passage,train
YM_burst_1122,YM_Farm2,1,YM_201,2,{'3.5': 2},3.5,YM_201_1.jpg;YM_201_2.jpg,singleton_passage,test
YM_burst_1123,YM_Farm2,1,YM_2010,7,{'4.0': 7},4.0,YM_2010_1.jpg;YM_2010_2.jpg;YM_2010_3.jpg,singleton_passage,test
YM_burst_1124,YM_Farm2,1,YM_2011,9,{'3.25': 9},3.25,YM_2011_1.jpg;YM_2011_2.jpg;YM_2011_3.jpg,singleton_passage,train
YM_burst_1125,YM_Farm2,1,YM_2012,8,{'3.25': 8},3.25,YM_2012_1.jpg;YM_2012_2.jpg;YM_2012_3.jpg,singleton_passage,train
YM_burst_1126,YM_Farm2,1,YM_2013,9,{'3.75': 9},3.75,YM_2013_1.jpg;YM_2013_2.jpg;YM_2013_3.jpg,singleton_passage,train
YM_burst_1127,YM_Farm2,1,YM_2014,7,{'3.5': 7},3.5,YM_2014_1.jpg;YM_2014_2.jpg;YM_2014_3.jpg,singleton_passage,val
YM_burst_1128,YM_Farm2,1,YM_2015,8,{'3.5': 8},3.5,YM_2015_1.jpg;YM_2015_2.jpg;YM_2015_3.jpg,singleton_passage,test
YM_burst_1129,YM_Farm2,1,YM_2016,5,{'3.5': 5},3.5,YM_2016_1.jpg;YM_2016_2.jpg;YM_2016_3.jpg,singleton_passage,train
YM_burst_1130,YM_Farm2,1,YM_2017,9,{'3.5': 9},3.5,YM_2017_1.jpg;YM_2017_2.jpg;YM_2017_3.jpg,singleton_passage,val
YM_burst_1131,YM_Farm2,1,YM_2018,6,{'3.5': 6},3.5,YM_2018_1.jpg;YM_2018_2.jpg;YM_2018_3.jpg,singleton_passage,val
YM_burst_1132,YM_Farm2,1,YM_2019,9,{'3.75': 9},3.75,YM_2019_1.jpg;YM_2019_2.jpg;YM_2019_3.jpg,singleton_passage,test
YM_burst_1133,YM_Farm2,1,YM_202,4,{'4.0': 4},4.0,YM_202_1.jpg;YM_202_2.jpg;YM_202_3.jpg,singleton_passage,train
YM_burst_1134,YM_Farm2,1,YM_2020,6,{'4.0': 6},4.0,YM_2020_1.jpg;YM_2020_2.jpg;YM_2020_3.jpg,singleton_passage,val
YM_burst_1135,YM_Farm2,1,YM_2021,9,{'3.25': 9},3.25,YM_2021_1.jpg;YM_2021_2.jpg;YM_2021_3.jpg,singleton_passage,train
YM_burst_1136,YM_Farm2,1,YM_2022,10,{'3.75': 10},3.75,YM_2022_1.jpg;YM_2022_10.jpg;YM_2022_2.jpg,singleton_passage,train
YM_burst_1137,YM_Farm2,1,YM_2023,8,{'4.0': 8},4.0,YM_2023_1.jpg;YM_2023_2.jpg;YM_2023_3.jpg,singleton_passage,train
YM_burst_1138,YM_Farm2,1,YM_2024,10,{'3.25': 10},3.25,YM_2024_1.jpg;YM_2024_10.jpg;YM_2024_2.jpg,singleton_passage,train
YM_burst_1139,YM_Farm2,1,YM_2025,7,{'3.75': 7},3.75,YM_2025_1.jpg;YM_2025_2.jpg;YM_2025_3.jpg,singleton_passage,train
YM_burst_1140,YM_Farm2,1,YM_2026,8,{'3.5': 8},3.5,YM_2026_1.jpg;YM_2026_2.jpg;YM_2026_3.jpg,singleton_passage,train
YM_burst_1141,YM_Farm2,1,YM_2027,8,{'3.5': 8},3.5,YM_2027_1.jpg;YM_2027_2.jpg;YM_2027_3.jpg,singleton_passage,val
YM_burst_1142,YM_Farm2,1,YM_2028,8,{'3.75': 8},3.75,YM_2028_1.jpg;YM_2028_2.jpg;YM_2028_3.jpg,singleton_passage,train
YM_burst_1143,YM_Farm2,1,YM_2029,7,{'3.5': 7},3.5,YM_2029_1.jpg;YM_2029_2.jpg;YM_2029_3.jpg,singleton_passage,train
YM_burst_1144,YM_Farm2,1,YM_203,2,{'4.0': 2},4.0,YM_203_1.jpg;YM_203_2.jpg,singleton_passage,train
YM_burst_1145,YM_Farm2,1,YM_2030,7,{'3.25': 7},3.25,YM_2030_1.jpg;YM_2030_2.jpg;YM_2030_3.jpg,singleton_passage,val
YM_burst_1146,YM_Farm2,1,YM_2031,5,{'3.25': 5},3.25,YM_2031_1.jpg;YM_2031_2.jpg;YM_2031_3.jpg,singleton_passage,train
YM_burst_1147,YM_Farm2,1,YM_2032,8,{'3.5': 8},3.5,YM_2032_1.jpg;YM_2032_2.jpg;YM_2032_3.jpg,singleton_passage,train
YM_burst_1148,YM_Farm2,1,YM_2033,9,{'3.5': 9},3.5,YM_2033_1.jpg;YM_2033_2.jpg;YM_2033_3.jpg,singleton_passage,train
YM_burst_1149,YM_Farm2,1,YM_2034,7,{'3.75': 7},3.75,YM_2034_1.jpg;YM_2034_2.jpg;YM_2034_3.jpg,singleton_passage,test
YM_burst_1150,YM_Farm2,1,YM_2035,7,{'3.25': 7},3.25,YM_2035_1.jpg;YM_2035_2.jpg;YM_2035_3.jpg,singleton_passage,train
YM_burst_1151,YM_Farm2,1,YM_2036,5,{'3.75': 5},3.75,YM_2036_1.jpg;YM_2036_2.jpg;YM_2036_3.jpg,singleton_passage,train
YM_burst_1152,YM_Farm2,1,YM_2037,8,{'3.5': 8},3.5,YM_2037_1.jpg;YM_2037_2.jpg;YM_2037_3.jpg,singleton_passage,train
YM_burst_1153,YM_Farm2,1,YM_2038,9,{'3.5': 9},3.5,YM_2038_1.jpg;YM_2038_2.jpg;YM_2038_3.jpg,singleton_passage,train
YM_burst_1154,YM_Farm2,1,YM_2039,5,{'3.75': 5},3.75,YM_2039_1.jpg;YM_2039_2.jpg;YM_2039_3.jpg,singleton_passage,train
YM_burst_1155,YM_Farm2,1,YM_204,11,{'4.0': 11},4.0,YM_204_1.jpg;YM_204_10.jpg;YM_204_11.jpg,singleton_passage,test
YM_burst_1156,YM_Farm2,1,YM_2040,6,{'3.75': 6},3.75,YM_2040_1.jpg;YM_2040_2.jpg;YM_2040_3.jpg,singleton_passage,test
YM_burst_1157,YM_Farm2,1,YM_2041,8,{'3.25': 8},3.25,YM_2041_1.jpg;YM_2041_2.jpg;YM_2041_3.jpg,singleton_passage,train
YM_burst_1158,YM_Farm2,1,YM_2042,7,{'3.5': 7},3.5,YM_2042_1.jpg;YM_2042_2.jpg;YM_2042_3.jpg,singleton_passage,train
YM_burst_1159,YM_Farm2,1,YM_2043,9,{'3.5': 9},3.5,YM_2043_1.jpg;YM_2043_2.jpg;YM_2043_3.jpg,singleton_passage,train
YM_burst_1160,YM_Farm2,1,YM_2044,8,{'4.0': 8},4.0,YM_2044_1.jpg;YM_2044_2.jpg;YM_2044_3.jpg,singleton_passage,train
YM_burst_1161,YM_Farm2,1,YM_2045,8,{'4.0': 8},4.0,YM_2045_1.jpg;YM_2045_2.jpg;YM_2045_3.jpg,singleton_passage,train
YM_burst_1162,YM_Farm2,1,YM_2046,8,{'3.5': 8},3.5,YM_2046_1.jpg;YM_2046_2.jpg;YM_2046_3.jpg,singleton_passage,train
YM_burst_1163,YM_Farm2,1,YM_2047,6,{'3.75': 6},3.75,YM_2047_1.jpg;YM_2047_2.jpg;YM_2047_3.jpg,singleton_passage,train
YM_burst_1164,YM_Farm2,1,YM_2048,5,{'3.75': 5},3.75,YM_2048_1.jpg;YM_2048_2.jpg;YM_2048_3.jpg,singleton_passage,train
YM_burst_1165,YM_Farm2,1,YM_2049,7,{'3.75': 7},3.75,YM_2049_1.jpg;YM_2049_2.jpg;YM_2049_3.jpg,singleton_passage,train
YM_burst_1166,YM_Farm2,1,YM_205,6,{'4.0': 6},4.0,YM_205_1.jpg;YM_205_2.jpg;YM_205_3.jpg,singleton_passage,train
YM_burst_1167,YM_Farm2,1,YM_2050,10,{'3.5': 10},3.5,YM_2050_1.jpg;YM_2050_10.jpg;YM_2050_2.jpg,singleton_passage,val
YM_burst_1168,YM_Farm2,1,YM_2051,7,{'3.75': 7},3.75,YM_2051_1.jpg;YM_2051_2.jpg;YM_2051_3.jpg,singleton_passage,train
YM_burst_1169,YM_Farm2,1,YM_2052,8,{'3.25': 8},3.25,YM_2052_1.jpg;YM_2052_2.jpg;YM_2052_3.jpg,singleton_passage,train
YM_burst_1170,YM_Farm2,1,YM_2053,7,{'3.5': 7},3.5,YM_2053_1.jpg;YM_2053_2.jpg;YM_2053_3.jpg,singleton_passage,val
YM_burst_1171,YM_Farm2,1,YM_2054,8,{'3.5': 8},3.5,YM_2054_1.jpg;YM_2054_2.jpg;YM_2054_3.jpg,singleton_passage,train
YM_burst_1172,YM_Farm2,1,YM_2055,8,{'3.5': 8},3.5,YM_2055_1.jpg;YM_2055_2.jpg;YM_2055_3.jpg,singleton_passage,val
YM_burst_1173,YM_Farm2,1,YM_2056,6,{'3.5': 6},3.5,YM_2056_1.jpg;YM_2056_2.jpg;YM_2056_3.jpg,singleton_passage,train
YM_burst_1174,YM_Farm2,1,YM_2057,9,{'4.0': 9},4.0,YM_2057_1.jpg;YM_2057_2.jpg;YM_2057_3.jpg,singleton_passage,train
YM_burst_1175,YM_Farm2,1,YM_206,9,{'4.0': 9},4.0,YM_206_1.jpg;YM_206_2.jpg;YM_206_3.jpg,singleton_passage,test
YM_burst_1176,YM_Farm2,1,YM_207,7,{'3.75': 7},3.75,YM_207_1.jpg;YM_207_2.jpg;YM_207_3.jpg,singleton_passage,val
YM_burst_1177,YM_Farm2,1,YM_208,5,{'4.25': 5},4.25,YM_208_1.jpg;YM_208_2.jpg;YM_208_3.jpg,singleton_passage,train
YM_burst_1178,YM_Farm2,1,YM_209,3,{'4.25': 3},4.25,YM_209_1.jpg;YM_209_2.jpg;YM_209_3.jpg,singleton_passage,train
YM_burst_1179,YM_Farm2,1,YM_21,3,{'3.5': 3},3.5,YM_21_1.jpg;YM_21_2.jpg;YM_21_3.jpg,singleton_passage,train
YM_burst_1180,YM_Farm2,1,YM_210,4,{'4.25': 4},4.25,YM_210_1.jpg;YM_210_2.jpg;YM_210_3.jpg,singleton_passage,train
YM_burst_1181,YM_Farm2,1,YM_211,3,{'3.5': 3},3.5,YM_211_1.jpg;YM_211_2.jpg;YM_211_3.jpg,singleton_passage,train
YM_burst_1182,YM_Farm2,1,YM_212,5,{'3.75': 5},3.75,YM_212_1.jpg;YM_212_2.jpg;YM_212_3.jpg,singleton_passage,train
YM_burst_1183,YM_Farm2,1,YM_213,5,{'4.25': 5},4.25,YM_213_1.jpg;YM_213_2.jpg;YM_213_3.jpg,singleton_passage,val
YM_burst_1184,YM_Farm2,1,YM_214,13,{'4.0': 13},4.0,YM_214_1.jpg;YM_214_10.jpg;YM_214_11.jpg,singleton_passage,val
YM_burst_1185,YM_Farm2,1,YM_215,5,{'4.0': 5},4.0,YM_215_1.jpg;YM_215_2.jpg;YM_215_3.jpg,singleton_passage,train
YM_burst_1186,YM_Farm2,1,YM_216,7,{'3.75': 7},3.75,YM_216_1.jpg;YM_216_2.jpg;YM_216_3.jpg,singleton_passage,train
YM_burst_1187,YM_Farm2,1,YM_217,5,{'4.25': 5},4.25,YM_217_1.jpg;YM_217_2.jpg;YM_217_3.jpg,singleton_passage,train
YM_burst_1188,YM_Farm2,1,YM_218,2,{'3.25': 2},3.25,YM_218_1.jpg;YM_218_2.jpg,singleton_passage,val
YM_burst_1189,YM_Farm2,1,YM_219,5,{'4.0': 5},4.0,YM_219_1.jpg;YM_219_2.jpg;YM_219_3.jpg,singleton_passage,train
YM_burst_1190,YM_Farm2,1,YM_22,4,{'3.75': 4},3.75,YM_22_1.jpg;YM_22_2.jpg;YM_22_3.jpg,singleton_passage,train
YM_burst_1191,YM_Farm2,1,YM_220,6,{'3.75': 6},3.75,YM_220_1.jpg;YM_220_2.jpg;YM_220_3.jpg,singleton_passage,train
YM_burst_1192,YM_Farm2,1,YM_221,7,{'4.0': 7},4.0,YM_221_1.jpg;YM_221_2.jpg;YM_221_3.jpg,singleton_passage,train
YM_burst_1193,YM_Farm2,1,YM_222,4,{'3.75': 4},3.75,YM_222_1.jpg;YM_222_2.jpg;YM_222_3.jpg,singleton_passage,train
YM_burst_1194,YM_Farm2,1,YM_223,8,{'4.0': 8},4.0,YM_223_1.jpg;YM_223_2.jpg;YM_223_3.jpg,singleton_passage,test
YM_burst_1195,YM_Farm2,1,YM_224,5,{'4.0': 5},4.0,YM_224_1.jpg;YM_224_2.jpg;YM_224_3.jpg,singleton_passage,train
YM_burst_1196,YM_Farm2,1,YM_225,6,{'3.25': 6},3.25,YM_225_1.jpg;YM_225_2.jpg;YM_225_3.jpg,singleton_passage,val
YM_burst_1197,YM_Farm2,1,YM_226,6,{'3.75': 6},3.75,YM_226_1.jpg;YM_226_2.jpg;YM_226_3.jpg,singleton_passage,val
YM_burst_1198,YM_Farm2,1,YM_227,8,{'3.5': 8},3.5,YM_227_1.jpg;YM_227_2.jpg;YM_227_3.jpg,singleton_passage,train
YM_burst_1199,YM_Farm2,1,YM_228,7,{'4.0': 7},4.0,YM_228_1.jpg;YM_228_2.jpg;YM_228_3.jpg,singleton_passage,val
YM_burst_1200,YM_Farm2,1,YM_229,7,{'3.75': 7},3.75,YM_229_1.jpg;YM_229_2.jpg;YM_229_3.jpg,singleton_passage,val
YM_burst_1201,YM_Farm2,1,YM_23,5,{'4.0': 5},4.0,YM_23_1.jpg;YM_23_2.jpg;YM_23_3.jpg,singleton_passage,train
YM_burst_1202,YM_Farm2,1,YM_230,10,{'3.5': 10},3.5,YM_230_1.jpg;YM_230_10.jpg;YM_230_2.jpg,singleton_passage,test
YM_burst_1203,YM_Farm2,1,YM_231,6,{'3.25': 6},3.25,YM_231_1.jpg;YM_231_2.jpg;YM_231_3.jpg,singleton_passage,test
YM_burst_1204,YM_Farm2,1,YM_232,4,{'4.0': 4},4.0,YM_232_1.jpg;YM_232_2.jpg;YM_232_3.jpg,singleton_passage,val
YM_burst_1205,YM_Farm2,1,YM_233,5,{'4.0': 5},4.0,YM_233_1.jpg;YM_233_2.jpg;YM_233_3.jpg,singleton_passage,train
YM_burst_1206,YM_Farm2,1,YM_234,4,{'3.75': 4},3.75,YM_234_1.jpg;YM_234_2.jpg;YM_234_3.jpg,singleton_passage,train
YM_burst_1207,YM_Farm2,1,YM_235,6,{'3.75': 6},3.75,YM_235_1.jpg;YM_235_2.jpg;YM_235_3.jpg,singleton_passage,val
YM_burst_1208,YM_Farm2,1,YM_236,7,{'4.25': 7},4.25,YM_236_1.jpg;YM_236_2.jpg;YM_236_3.jpg,singleton_passage,test
YM_burst_1209,YM_Farm2,1,YM_237,6,{'3.75': 6},3.75,YM_237_1.jpg;YM_237_2.jpg;YM_237_3.jpg,singleton_passage,test
YM_burst_1210,YM_Farm2,1,YM_238,7,{'4.25': 7},4.25,YM_238_1.jpg;YM_238_2.jpg;YM_238_3.jpg,singleton_passage,val
YM_burst_1211,YM_Farm2,1,YM_239,5,{'4.0': 5},4.0,YM_239_1.jpg;YM_239_2.jpg;YM_239_3.jpg,singleton_passage,train
YM_burst_1212,YM_Farm2,1,YM_24,4,{'4.0': 4},4.0,YM_24_1.jpg;YM_24_2.jpg;YM_24_3.jpg,singleton_passage,train
YM_burst_1213,YM_Farm2,1,YM_240,12,{'3.75': 12},3.75,YM_240_1.jpg;YM_240_10.jpg;YM_240_11.jpg,singleton_passage,train
YM_burst_1214,YM_Farm2,1,YM_241,7,{'4.0': 7},4.0,YM_241_1.jpg;YM_241_2.jpg;YM_241_3.jpg,singleton_passage,val
YM_burst_1215,YM_Farm2,1,YM_242,8,{'3.75': 8},3.75,YM_242_1.jpg;YM_242_2.jpg;YM_242_3.jpg,singleton_passage,train
YM_burst_1216,YM_Farm2,1,YM_243,8,{'3.5': 8},3.5,YM_243_1.jpg;YM_243_2.jpg;YM_243_3.jpg,singleton_passage,train
YM_burst_1217,YM_Farm2,1,YM_244,4,{'3.75': 4},3.75,YM_244_1.jpg;YM_244_2.jpg;YM_244_3.jpg,singleton_passage,train
YM_burst_1218,YM_Farm2,1,YM_245,6,{'3.5': 6},3.5,YM_245_1.jpg;YM_245_2.jpg;YM_245_3.jpg,singleton_passage,train
YM_burst_1219,YM_Farm2,1,YM_246,7,{'4.25': 7},4.25,YM_246_1.jpg;YM_246_2.jpg;YM_246_3.jpg,singleton_passage,test
YM_burst_1220,YM_Farm2,1,YM_247,7,{'4.0': 7},4.0,YM_247_1.jpg;YM_247_2.jpg;YM_247_3.jpg,singleton_passage,train
YM_burst_1221,YM_Farm2,1,YM_248,6,{'3.25': 6},3.25,YM_248_1.jpg;YM_248_2.jpg;YM_248_3.jpg,singleton_passage,train
YM_burst_1222,YM_Farm2,1,YM_249,10,{'3.75': 10},3.75,YM_249_1.jpg;YM_249_10.jpg;YM_249_2.jpg,singleton_passage,train
YM_burst_1223,YM_Farm2,1,YM_25,6,{'3.5': 6},3.5,YM_25_1.jpg;YM_25_2.jpg;YM_25_3.jpg,singleton_passage,train
YM_burst_1224,YM_Farm2,1,YM_250,4,{'3.5': 4},3.5,YM_250_1.jpg;YM_250_2.jpg;YM_250_3.jpg,singleton_passage,train
YM_burst_1225,YM_Farm2,1,YM_251,5,{'4.25': 5},4.25,YM_251_1.jpg;YM_251_2.jpg;YM_251_3.jpg,singleton_passage,train
YM_burst_1226,YM_Farm2,1,YM_252,6,{'3.75': 6},3.75,YM_252_1.jpg;YM_252_2.jpg;YM_252_3.jpg,singleton_passage,test
YM_burst_1227,YM_Farm2,1,YM_253,6,{'3.25': 6},3.25,YM_253_1.jpg;YM_253_2.jpg;YM_253_3.jpg,singleton_passage,train
YM_burst_1228,YM_Farm2,1,YM_254,5,{'4.0': 5},4.0,YM_254_1.jpg;YM_254_2.jpg;YM_254_3.jpg,singleton_passage,train
YM_burst_1229,YM_Farm2,1,YM_255,5,{'3.5': 5},3.5,YM_255_1.jpg;YM_255_2.jpg;YM_255_3.jpg,singleton_passage,train
YM_burst_1230,YM_Farm2,1,YM_256,4,{'3.5': 4},3.5,YM_256_1.jpg;YM_256_2.jpg;YM_256_3.jpg,singleton_passage,train
YM_burst_1231,YM_Farm2,1,YM_257,7,{'3.75': 7},3.75,YM_257_1.jpg;YM_257_2.jpg;YM_257_3.jpg,singleton_passage,train
YM_burst_1232,YM_Farm2,1,YM_258,6,{'4.25': 6},4.25,YM_258_1.jpg;YM_258_2.jpg;YM_258_3.jpg,singleton_passage,train
YM_burst_1233,YM_Farm2,1,YM_259,6,{'3.5': 6},3.5,YM_259_1.jpg;YM_259_2.jpg;YM_259_3.jpg,singleton_passage,val
YM_burst_1234,YM_Farm2,1,YM_26,4,{'4.0': 4},4.0,YM_26_1.jpg;YM_26_2.jpg;YM_26_3.jpg,singleton_passage,val
YM_burst_1235,YM_Farm2,1,YM_260,5,{'3.25': 5},3.25,YM_260_1.jpg;YM_260_2.jpg;YM_260_3.jpg,singleton_passage,test
YM_burst_1236,YM_Farm2,1,YM_261,4,{'3.75': 4},3.75,YM_261_1.jpg;YM_261_2.jpg;YM_261_3.jpg,singleton_passage,train
YM_burst_1237,YM_Farm2,1,YM_262,6,{'3.75': 6},3.75,YM_262_1.jpg;YM_262_2.jpg;YM_262_3.jpg,singleton_passage,test
YM_burst_1238,YM_Farm2,1,YM_263,5,{'3.75': 5},3.75,YM_263_1.jpg;YM_263_2.jpg;YM_263_3.jpg,singleton_passage,val
YM_burst_1239,YM_Farm2,1,YM_264,8,{'3.75': 8},3.75,YM_264_1.jpg;YM_264_2.jpg;YM_264_3.jpg,singleton_passage,train
YM_burst_1240,YM_Farm2,1,YM_265,6,{'3.5': 6},3.5,YM_265_1.jpg;YM_265_2.jpg;YM_265_3.jpg,singleton_passage,test
YM_burst_1241,YM_Farm2,1,YM_266,4,{'3.25': 4},3.25,YM_266_1.jpg;YM_266_2.jpg;YM_266_3.jpg,singleton_passage,train
YM_burst_1242,YM_Farm2,1,YM_267,12,{'3.25': 12},3.25,YM_267_1.jpg;YM_267_10.jpg;YM_267_11.jpg,singleton_passage,test
YM_burst_1243,YM_Farm2,1,YM_268,4,{'3.75': 4},3.75,YM_268_1.jpg;YM_268_2.jpg;YM_268_3.jpg,singleton_passage,train
YM_burst_1244,YM_Farm2,1,YM_269,7,{'3.5': 7},3.5,YM_269_1.jpg;YM_269_2.jpg;YM_269_3.jpg,singleton_passage,val
YM_burst_1245,YM_Farm2,1,YM_27,5,{'3.25': 5},3.25,YM_27_1.jpg;YM_27_2.jpg;YM_27_3.jpg,singleton_passage,test
YM_burst_1246,YM_Farm2,1,YM_270,5,{'3.75': 5},3.75,YM_270_1.jpg;YM_270_2.jpg;YM_270_3.jpg,singleton_passage,train
YM_burst_1247,YM_Farm2,1,YM_271,6,{'4.0': 6},4.0,YM_271_1.jpg;YM_271_2.jpg;YM_271_3.jpg,singleton_passage,train
YM_burst_1248,YM_Farm2,1,YM_272,8,{'3.25': 8},3.25,YM_272_1.jpg;YM_272_2.jpg;YM_272_3.jpg,singleton_passage,val
YM_burst_1249,YM_Farm2,1,YM_273,5,{'3.5': 5},3.5,YM_273_1.jpg;YM_273_2.jpg;YM_273_3.jpg,singleton_passage,train
YM_burst_1250,YM_Farm2,1,YM_274,8,{'3.75': 8},3.75,YM_274_1.jpg;YM_274_2.jpg;YM_274_3.jpg,singleton_passage,train
YM_burst_1251,YM_Farm2,1,YM_275,4,{'3.75': 4},3.75,YM_275_1.jpg;YM_275_2.jpg;YM_275_3.jpg,singleton_passage,train
YM_burst_1252,YM_Farm2,1,YM_276,5,{'3.25': 5},3.25,YM_276_1.jpg;YM_276_2.jpg;YM_276_3.jpg,singleton_passage,train
YM_burst_1253,YM_Farm2,1,YM_277,9,{'3.25': 9},3.25,YM_277_1.jpg;YM_277_2.jpg;YM_277_3.jpg,singleton_passage,val
YM_burst_1254,YM_Farm2,1,YM_278,7,{'3.75': 7},3.75,YM_278_1.jpg;YM_278_2.jpg;YM_278_3.jpg,singleton_passage,train
YM_burst_1255,YM_Farm2,1,YM_279,5,{'3.5': 5},3.5,YM_279_1.jpg;YM_279_2.jpg;YM_279_3.jpg,singleton_passage,train
YM_burst_1256,YM_Farm2,1,YM_28,8,{'4.0': 8},4.0,YM_28_1.jpg;YM_28_2.jpg;YM_28_3.jpg,singleton_passage,train
YM_burst_1257,YM_Farm2,1,YM_280,5,{'4.0': 5},4.0,YM_280_1.jpg;YM_280_2.jpg;YM_280_3.jpg,singleton_passage,train
YM_burst_1258,YM_Farm2,1,YM_281,4,{'3.25': 4},3.25,YM_281_1.jpg;YM_281_2.jpg;YM_281_3.jpg,singleton_passage,train
YM_burst_1259,YM_Farm2,1,YM_282,2,{'3.75': 2},3.75,YM_282_1.jpg;YM_282_2.jpg,singleton_passage,val
YM_burst_1260,YM_Farm2,1,YM_283,4,{'4.0': 4},4.0,YM_283_1.jpg;YM_283_2.jpg;YM_283_3.jpg,singleton_passage,train
YM_burst_1261,YM_Farm2,1,YM_284,6,{'4.0': 6},4.0,YM_284_1.jpg;YM_284_2.jpg;YM_284_3.jpg,singleton_passage,train
YM_burst_1262,YM_Farm2,1,YM_285,6,{'4.0': 6},4.0,YM_285_1.jpg;YM_285_2.jpg;YM_285_3.jpg,singleton_passage,train
YM_burst_1263,YM_Farm2,1,YM_286,5,{'3.75': 5},3.75,YM_286_1.jpg;YM_286_2.jpg;YM_286_3.jpg,singleton_passage,test
YM_burst_1264,YM_Farm2,1,YM_287,7,{'3.25': 7},3.25,YM_287_1.jpg;YM_287_2.jpg;YM_287_3.jpg,singleton_passage,val
YM_burst_1265,YM_Farm2,1,YM_288,5,{'3.75': 5},3.75,YM_288_1.jpg;YM_288_2.jpg;YM_288_3.jpg,singleton_passage,train
YM_burst_1266,YM_Farm2,1,YM_289,7,{'4.0': 7},4.0,YM_289_1.jpg;YM_289_2.jpg;YM_289_3.jpg,singleton_passage,test
YM_burst_1267,YM_Farm2,1,YM_29,3,{'3.5': 3},3.5,YM_29_1.jpg;YM_29_2.jpg;YM_29_3.jpg,singleton_passage,train
YM_burst_1268,YM_Farm2,1,YM_290,4,{'4.0': 4},4.0,YM_290_1.jpg;YM_290_2.jpg;YM_290_3.jpg,singleton_passage,train
YM_burst_1269,YM_Farm2,1,YM_291,5,{'3.25': 5},3.25,YM_291_1.jpg;YM_291_2.jpg;YM_291_3.jpg,singleton_passage,train
YM_burst_1270,YM_Farm2,1,YM_292,8,{'4.0': 8},4.0,YM_292_1.jpg;YM_292_2.jpg;YM_292_3.jpg,singleton_passage,test
YM_burst_1271,YM_Farm2,1,YM_293,10,{'3.5': 10},3.5,YM_293_1.jpg;YM_293_10.jpg;YM_293_2.jpg,singleton_passage,train
YM_burst_1272,YM_Farm2,1,YM_294,6,{'3.25': 6},3.25,YM_294_1.jpg;YM_294_2.jpg;YM_294_3.jpg,singleton_passage,val
YM_burst_1273,YM_Farm2,1,YM_295,10,{'3.75': 10},3.75,YM_295_1.jpg;YM_295_10.jpg;YM_295_2.jpg,singleton_passage,train
YM_burst_1274,YM_Farm2,1,YM_296,4,{'4.0': 4},4.0,YM_296_1.jpg;YM_296_2.jpg;YM_296_3.jpg,singleton_passage,train
YM_burst_1275,YM_Farm2,1,YM_297,4,{'3.75': 4},3.75,YM_297_1.jpg;YM_297_2.jpg;YM_297_3.jpg,singleton_passage,train
YM_burst_1276,YM_Farm2,1,YM_298,5,{'4.0': 5},4.0,YM_298_1.jpg;YM_298_2.jpg;YM_298_3.jpg,singleton_passage,train
YM_burst_1277,YM_Farm2,1,YM_299,5,{'3.5': 5},3.5,YM_299_1.jpg;YM_299_2.jpg;YM_299_3.jpg,singleton_passage,val
YM_burst_1278,YM_Farm2,1,YM_3,9,{'3.25': 9},3.25,YM_3_1.jpg;YM_3_2.jpg;YM_3_3.jpg,singleton_passage,train
YM_burst_1279,YM_Farm2,1,YM_30,5,{'4.25': 5},4.25,YM_30_1.jpg;YM_30_2.jpg;YM_30_3.jpg,singleton_passage,train
YM_burst_1280,YM_Farm2,1,YM_300,3,{'4.0': 3},4.0,YM_300_1.jpg;YM_300_2.jpg;YM_300_3.jpg,singleton_passage,val
YM_burst_1281,YM_Farm2,1,YM_301,4,{'3.75': 4},3.75,YM_301_1.jpg;YM_301_2.jpg;YM_301_3.jpg,singleton_passage,test
YM_burst_1282,YM_Farm2,1,YM_302,7,{'3.75': 7},3.75,YM_302_1.jpg;YM_302_2.jpg;YM_302_3.jpg,singleton_passage,train
YM_burst_1283,YM_Farm2,1,YM_303,4,{'3.25': 4},3.25,YM_303_1.jpg;YM_303_2.jpg;YM_303_3.jpg,singleton_passage,train
YM_burst_1284,YM_Farm2,1,YM_304,5,{'3.25': 5},3.25,YM_304_1.jpg;YM_304_2.jpg;YM_304_3.jpg,singleton_passage,train
YM_burst_1285,YM_Farm2,1,YM_305,4,{'4.25': 4},4.25,YM_305_1.jpg;YM_305_2.jpg;YM_305_3.jpg,singleton_passage,train
YM_burst_1286,YM_Farm2,1,YM_306,7,{'3.25': 7},3.25,YM_306_1.jpg;YM_306_2.jpg;YM_306_3.jpg,singleton_passage,val
YM_burst_1287,YM_Farm2,1,YM_307,14,{'4.0': 14},4.0,YM_307_1.jpg;YM_307_10.jpg;YM_307_11.jpg,singleton_passage,train
YM_burst_1288,YM_Farm2,1,YM_308,6,{'3.25': 6},3.25,YM_308_1.jpg;YM_308_2.jpg;YM_308_3.jpg,singleton_passage,train
YM_burst_1289,YM_Farm2,1,YM_309,6,{'3.5': 6},3.5,YM_309_1.jpg;YM_309_2.jpg;YM_309_3.jpg,singleton_passage,train
YM_burst_1290,YM_Farm2,1,YM_31,6,{'3.75': 6},3.75,YM_31_1.jpg;YM_31_2.jpg;YM_31_3.jpg,singleton_passage,train
YM_burst_1291,YM_Farm2,1,YM_310,8,{'3.25': 8},3.25,YM_310_1.jpg;YM_310_2.jpg;YM_310_3.jpg,singleton_passage,train
YM_burst_1292,YM_Farm2,1,YM_311,6,{'3.75': 6},3.75,YM_311_1.jpg;YM_311_2.jpg;YM_311_3.jpg,singleton_passage,val
YM_burst_1293,YM_Farm2,1,YM_312,6,{'4.0': 6},4.0,YM_312_1.jpg;YM_312_2.jpg;YM_312_3.jpg,singleton_passage,train
YM_burst_1294,YM_Farm2,1,YM_313,6,{'3.25': 6},3.25,YM_313_1.jpg;YM_313_2.jpg;YM_313_3.jpg,singleton_passage,train
YM_burst_1295,YM_Farm2,1,YM_314,6,{'3.5': 6},3.5,YM_314_1.jpg;YM_314_2.jpg;YM_314_3.jpg,singleton_passage,train
YM_burst_1296,YM_Farm2,1,YM_315,7,{'3.25': 7},3.25,YM_315_1.jpg;YM_315_2.jpg;YM_315_3.jpg,singleton_passage,val
YM_burst_1297,YM_Farm2,1,YM_316,5,{'4.0': 5},4.0,YM_316_1.jpg;YM_316_2.jpg;YM_316_3.jpg,singleton_passage,train
YM_burst_1298,YM_Farm2,1,YM_317,5,{'3.25': 5},3.25,YM_317_1.jpg;YM_317_2.jpg;YM_317_3.jpg,singleton_passage,test
YM_burst_1299,YM_Farm2,1,YM_318,5,{'3.5': 5},3.5,YM_318_1.jpg;YM_318_2.jpg;YM_318_3.jpg,singleton_passage,train
YM_burst_1300,YM_Farm2,1,YM_319,6,{'3.5': 6},3.5,YM_319_1.jpg;YM_319_2.jpg;YM_319_3.jpg,singleton_passage,train
YM_burst_1301,YM_Farm2,1,YM_32,7,{'3.5': 7},3.5,YM_32_1.jpg;YM_32_2.jpg;YM_32_3.jpg,singleton_passage,train
YM_burst_1302,YM_Farm2,1,YM_320,6,{'3.75': 6},3.75,YM_320_1.jpg;YM_320_2.jpg;YM_320_3.jpg,singleton_passage,test
YM_burst_1303,YM_Farm2,1,YM_321,10,{'3.5': 10},3.5,YM_321_1.jpg;YM_321_10.jpg;YM_321_2.jpg,singleton_passage,train
YM_burst_1304,YM_Farm2,1,YM_322,6,{'3.5': 6},3.5,YM_322_1.jpg;YM_322_2.jpg;YM_322_3.jpg,singleton_passage,train
YM_burst_1305,YM_Farm2,1,YM_323,5,{'3.5': 5},3.5,YM_323_1.jpg;YM_323_2.jpg;YM_323_3.jpg,singleton_passage,train
YM_burst_1306,YM_Farm2,1,YM_324,11,{'3.5': 11},3.5,YM_324_1.jpg;YM_324_10.jpg;YM_324_11.jpg,singleton_passage,train
YM_burst_1307,YM_Farm2,1,YM_325,4,{'3.5': 4},3.5,YM_325_1.jpg;YM_325_2.jpg;YM_325_3.jpg,singleton_passage,test
YM_burst_1308,YM_Farm2,1,YM_326,4,{'3.5': 4},3.5,YM_326_1.jpg;YM_326_2.jpg;YM_326_3.jpg,singleton_passage,train
YM_burst_1309,YM_Farm2,1,YM_327,5,{'3.25': 5},3.25,YM_327_1.jpg;YM_327_2.jpg;YM_327_3.jpg,singleton_passage,train
YM_burst_1310,YM_Farm2,1,YM_328,5,{'3.5': 5},3.5,YM_328_1.jpg;YM_328_2.jpg;YM_328_3.jpg,singleton_passage,train
YM_burst_1311,YM_Farm2,1,YM_329,3,{'4.0': 3},4.0,YM_329_1.jpg;YM_329_2.jpg;YM_329_3.jpg,singleton_passage,val
YM_burst_1312,YM_Farm2,1,YM_33,5,{'3.5': 5},3.5,YM_33_1.jpg;YM_33_2.jpg;YM_33_3.jpg,singleton_passage,test
YM_burst_1313,YM_Farm2,1,YM_330,7,{'4.0': 7},4.0,YM_330_1.jpg;YM_330_2.jpg;YM_330_3.jpg,singleton_passage,train
YM_burst_1314,YM_Farm2,1,YM_331,7,{'3.75': 7},3.75,YM_331_1.jpg;YM_331_2.jpg;YM_331_3.jpg,singleton_passage,train
YM_burst_1315,YM_Farm2,1,YM_332,3,{'3.25': 3},3.25,YM_332_1.jpg;YM_332_2.jpg;YM_332_3.jpg,singleton_passage,val
YM_burst_1316,YM_Farm2,1,YM_333,5,{'3.5': 5},3.5,YM_333_1.jpg;YM_333_2.jpg;YM_333_3.jpg,singleton_passage,train
YM_burst_1317,YM_Farm2,1,YM_334,4,{'3.75': 4},3.75,YM_334_1.jpg;YM_334_2.jpg;YM_334_3.jpg,singleton_passage,train
YM_burst_1318,YM_Farm2,1,YM_335,6,{'4.0': 6},4.0,YM_335_1.jpg;YM_335_2.jpg;YM_335_3.jpg,singleton_passage,train
YM_burst_1319,YM_Farm2,1,YM_336,4,{'3.25': 4},3.25,YM_336_1.jpg;YM_336_2.jpg;YM_336_3.jpg,singleton_passage,test
YM_burst_1320,YM_Farm2,1,YM_337,4,{'3.5': 4},3.5,YM_337_1.jpg;YM_337_2.jpg;YM_337_3.jpg,singleton_passage,test
YM_burst_1321,YM_Farm2,1,YM_338,11,{'4.0': 11},4.0,YM_338_1.jpg;YM_338_10.jpg;YM_338_11.jpg,singleton_passage,train
YM_burst_1322,YM_Farm2,1,YM_339,6,{'3.5': 6},3.5,YM_339_1.jpg;YM_339_2.jpg;YM_339_3.jpg,singleton_passage,train
YM_burst_1323,YM_Farm2,1,YM_34,2,{'3.75': 2},3.75,YM_34_1.jpg;YM_34_2.jpg,singleton_passage,train
YM_burst_1324,YM_Farm2,1,YM_340,5,{'3.5': 5},3.5,YM_340_1.jpg;YM_340_2.jpg;YM_340_3.jpg,singleton_passage,train
YM_burst_1325,YM_Farm2,1,YM_341,6,{'4.25': 6},4.25,YM_341_1.jpg;YM_341_2.jpg;YM_341_3.jpg,singleton_passage,train
YM_burst_1326,YM_Farm2,1,YM_342,5,{'3.25': 5},3.25,YM_342_1.jpg;YM_342_2.jpg;YM_342_3.jpg,singleton_passage,train
YM_burst_1327,YM_Farm2,1,YM_343,9,{'3.75': 9},3.75,YM_343_1.jpg;YM_343_2.jpg;YM_343_3.jpg,singleton_passage,train
YM_burst_1328,YM_Farm2,1,YM_344,4,{'3.75': 4},3.75,YM_344_1.jpg;YM_344_2.jpg;YM_344_3.jpg,singleton_passage,test
YM_burst_1329,YM_Farm2,1,YM_345,4,{'3.25': 4},3.25,YM_345_1.jpg;YM_345_2.jpg;YM_345_3.jpg,singleton_passage,test
YM_burst_1330,YM_Farm2,1,YM_346,5,{'3.25': 5},3.25,YM_346_1.jpg;YM_346_2.jpg;YM_346_3.jpg,singleton_passage,train
YM_burst_1331,YM_Farm2,1,YM_347,4,{'3.75': 4},3.75,YM_347_1.jpg;YM_347_2.jpg;YM_347_3.jpg,singleton_passage,test
YM_burst_1332,YM_Farm2,1,YM_348,6,{'4.0': 6},4.0,YM_348_1.jpg;YM_348_2.jpg;YM_348_3.jpg,singleton_passage,train
YM_burst_1333,YM_Farm2,1,YM_349,7,{'3.25': 7},3.25,YM_349_1.jpg;YM_349_2.jpg;YM_349_3.jpg,singleton_passage,val
YM_burst_1334,YM_Farm2,1,YM_35,7,{'4.25': 7},4.25,YM_35_1.jpg;YM_35_2.jpg;YM_35_3.jpg,singleton_passage,train
YM_burst_1335,YM_Farm2,1,YM_350,4,{'3.75': 4},3.75,YM_350_1.jpg;YM_350_2.jpg;YM_350_3.jpg,singleton_passage,train
YM_burst_1336,YM_Farm2,1,YM_351,3,{'3.75': 3},3.75,YM_351_1.jpg;YM_351_2.jpg;YM_351_3.jpg,singleton_passage,train
YM_burst_1337,YM_Farm2,1,YM_352,6,{'3.5': 6},3.5,YM_352_1.jpg;YM_352_2.jpg;YM_352_3.jpg,singleton_passage,train
YM_burst_1338,YM_Farm2,1,YM_353,5,{'4.0': 5},4.0,YM_353_1.jpg;YM_353_2.jpg;YM_353_3.jpg,singleton_passage,train
YM_burst_1339,YM_Farm2,1,YM_354,5,{'4.0': 5},4.0,YM_354_1.jpg;YM_354_2.jpg;YM_354_3.jpg,singleton_passage,test
YM_burst_1340,YM_Farm2,1,YM_355,6,{'4.0': 6},4.0,YM_355_1.jpg;YM_355_2.jpg;YM_355_3.jpg,singleton_passage,test
YM_burst_1341,YM_Farm2,1,YM_356,4,{'3.75': 4},3.75,YM_356_1.jpg;YM_356_2.jpg;YM_356_3.jpg,singleton_passage,train
YM_burst_1342,YM_Farm2,1,YM_357,4,{'4.0': 4},4.0,YM_357_1.jpg;YM_357_2.jpg;YM_357_3.jpg,singleton_passage,train
YM_burst_1343,YM_Farm2,1,YM_358,4,{'3.75': 4},3.75,YM_358_1.jpg;YM_358_2.jpg;YM_358_3.jpg,singleton_passage,test
YM_burst_1344,YM_Farm2,1,YM_359,7,{'4.0': 7},4.0,YM_359_1.jpg;YM_359_2.jpg;YM_359_3.jpg,singleton_passage,train
YM_burst_1345,YM_Farm2,1,YM_36,3,{'4.0': 3},4.0,YM_36_1.jpg;YM_36_2.jpg;YM_36_3.jpg,singleton_passage,train
YM_burst_1346,YM_Farm2,1,YM_360,6,{'3.5': 6},3.5,YM_360_1.jpg;YM_360_2.jpg;YM_360_3.jpg,singleton_passage,train
YM_burst_1347,YM_Farm2,1,YM_361,9,{'4.0': 9},4.0,YM_361_1.jpg;YM_361_2.jpg;YM_361_3.jpg,singleton_passage,train
YM_burst_1348,YM_Farm2,1,YM_362,9,{'3.5': 9},3.5,YM_362_1.jpg;YM_362_2.jpg;YM_362_3.jpg,singleton_passage,train
YM_burst_1349,YM_Farm2,1,YM_363,5,{'4.25': 5},4.25,YM_363_1.jpg;YM_363_2.jpg;YM_363_3.jpg,singleton_passage,train
YM_burst_1350,YM_Farm2,1,YM_364,9,{'4.0': 9},4.0,YM_364_1.jpg;YM_364_2.jpg;YM_364_3.jpg,singleton_passage,train
YM_burst_1351,YM_Farm2,1,YM_365,5,{'4.25': 5},4.25,YM_365_1.jpg;YM_365_2.jpg;YM_365_3.jpg,singleton_passage,train
YM_burst_1352,YM_Farm2,1,YM_366,4,{'3.75': 4},3.75,YM_366_1.jpg;YM_366_2.jpg;YM_366_3.jpg,singleton_passage,train
YM_burst_1353,YM_Farm2,1,YM_367,4,{'4.25': 4},4.25,YM_367_1.jpg;YM_367_2.jpg;YM_367_3.jpg,singleton_passage,test
YM_burst_1354,YM_Farm2,1,YM_368,5,{'4.0': 5},4.0,YM_368_1.jpg;YM_368_2.jpg;YM_368_3.jpg,singleton_passage,train
YM_burst_1355,YM_Farm2,1,YM_369,10,{'3.5': 10},3.5,YM_369_1.jpg;YM_369_10.jpg;YM_369_2.jpg,singleton_passage,val
YM_burst_1356,YM_Farm2,1,YM_37,5,{'3.5': 5},3.5,YM_37_1.jpg;YM_37_2.jpg;YM_37_3.jpg,singleton_passage,train
YM_burst_1357,YM_Farm2,1,YM_370,5,{'4.25': 5},4.25,YM_370_1.jpg;YM_370_2.jpg;YM_370_3.jpg,singleton_passage,val
YM_burst_1358,YM_Farm2,1,YM_371,10,{'4.25': 10},4.25,YM_371_1.jpg;YM_371_10.jpg;YM_371_2.jpg,singleton_passage,val
YM_burst_1359,YM_Farm2,1,YM_372,8,{'3.25': 8},3.25,YM_372_1.jpg;YM_372_2.jpg;YM_372_3.jpg,singleton_passage,test
YM_burst_1360,YM_Farm2,1,YM_373,10,{'3.75': 10},3.75,YM_373_1.jpg;YM_373_10.jpg;YM_373_2.jpg,singleton_passage,train
YM_burst_1361,YM_Farm2,1,YM_374,9,{'3.75': 9},3.75,YM_374_1.jpg;YM_374_2.jpg;YM_374_3.jpg,singleton_passage,val
YM_burst_1362,YM_Farm2,1,YM_375,11,{'3.5': 11},3.5,YM_375_1.jpg;YM_375_10.jpg;YM_375_11.jpg,singleton_passage,train
YM_burst_1363,YM_Farm2,1,YM_376,5,{'4.0': 5},4.0,YM_376_1.jpg;YM_376_2.jpg;YM_376_3.jpg,singleton_passage,val
YM_burst_1364,YM_Farm2,1,YM_377,10,{'4.0': 10},4.0,YM_377_1.jpg;YM_377_10.jpg;YM_377_2.jpg,singleton_passage,val
YM_burst_1365,YM_Farm2,1,YM_378,6,{'3.75': 6},3.75,YM_378_1.jpg;YM_378_2.jpg;YM_378_3.jpg,singleton_passage,val
YM_burst_1366,YM_Farm2,1,YM_379,6,{'3.75': 6},3.75,YM_379_1.jpg;YM_379_2.jpg;YM_379_3.jpg,singleton_passage,train
YM_burst_1367,YM_Farm2,1,YM_38,4,{'3.75': 4},3.75,YM_38_1.jpg;YM_38_2.jpg;YM_38_3.jpg,singleton_passage,train
YM_burst_1368,YM_Farm2,1,YM_380,7,{'3.75': 7},3.75,YM_380_1.jpg;YM_380_2.jpg;YM_380_3.jpg,singleton_passage,test
YM_burst_1369,YM_Farm2,1,YM_381,8,{'4.0': 8},4.0,YM_381_1.jpg;YM_381_2.jpg;YM_381_3.jpg,singleton_passage,test
YM_burst_1370,YM_Farm2,1,YM_382,8,{'3.5': 8},3.5,YM_382_1.jpg;YM_382_2.jpg;YM_382_3.jpg,singleton_passage,train
YM_burst_1371,YM_Farm2,1,YM_383,4,{'4.0': 4},4.0,YM_383_1.jpg;YM_383_2.jpg;YM_383_3.jpg,singleton_passage,train
YM_burst_1372,YM_Farm2,1,YM_384,5,{'4.0': 5},4.0,YM_384_1.jpg;YM_384_2.jpg;YM_384_3.jpg,singleton_passage,train
YM_burst_1373,YM_Farm2,1,YM_385,5,{'4.25': 5},4.25,YM_385_1.jpg;YM_385_2.jpg;YM_385_3.jpg,singleton_passage,val
YM_burst_1374,YM_Farm2,1,YM_386,6,{'3.5': 6},3.5,YM_386_1.jpg;YM_386_2.jpg;YM_386_3.jpg,singleton_passage,train
YM_burst_1375,YM_Farm2,1,YM_387,4,{'3.5': 4},3.5,YM_387_1.jpg;YM_387_2.jpg;YM_387_3.jpg,singleton_passage,train
YM_burst_1376,YM_Farm2,1,YM_388,7,{'4.0': 7},4.0,YM_388_1.jpg;YM_388_2.jpg;YM_388_3.jpg,singleton_passage,test
YM_burst_1377,YM_Farm2,1,YM_389,6,{'4.0': 6},4.0,YM_389_1.jpg;YM_389_2.jpg;YM_389_3.jpg,singleton_passage,train
YM_burst_1378,YM_Farm2,1,YM_39,6,{'4.25': 6},4.25,YM_39_1.jpg;YM_39_2.jpg;YM_39_3.jpg,singleton_passage,train
YM_burst_1379,YM_Farm2,1,YM_390,6,{'3.75': 6},3.75,YM_390_1.jpg;YM_390_2.jpg;YM_390_3.jpg,singleton_passage,train
YM_burst_1380,YM_Farm2,1,YM_391,5,{'4.0': 5},4.0,YM_391_1.jpg;YM_391_2.jpg;YM_391_3.jpg,singleton_passage,test
YM_burst_1381,YM_Farm2,1,YM_392,7,{'4.0': 7},4.0,YM_392_1.jpg;YM_392_2.jpg;YM_392_3.jpg,singleton_passage,train
YM_burst_1382,YM_Farm2,1,YM_393,6,{'3.75': 6},3.75,YM_393_1.jpg;YM_393_2.jpg;YM_393_3.jpg,singleton_passage,val
YM_burst_1383,YM_Farm2,1,YM_394,13,{'4.0': 13},4.0,YM_394_1.jpg;YM_394_10.jpg;YM_394_11.jpg,singleton_passage,train
YM_burst_1384,YM_Farm2,1,YM_395,6,{'3.75': 6},3.75,YM_395_1.jpg;YM_395_2.jpg;YM_395_3.jpg,singleton_passage,train
YM_burst_1385,YM_Farm2,1,YM_396,9,{'4.0': 9},4.0,YM_396_1.jpg;YM_396_2.jpg;YM_396_3.jpg,singleton_passage,train
YM_burst_1386,YM_Farm2,1,YM_397,5,{'4.0': 5},4.0,YM_397_1.jpg;YM_397_2.jpg;YM_397_3.jpg,singleton_passage,test
YM_burst_1387,YM_Farm2,1,YM_398,9,{'3.5': 9},3.5,YM_398_1.jpg;YM_398_2.jpg;YM_398_3.jpg,singleton_passage,train
YM_burst_1388,YM_Farm2,1,YM_399,7,{'3.5': 7},3.5,YM_399_1.jpg;YM_399_2.jpg;YM_399_3.jpg,singleton_passage,train
YM_burst_1389,YM_Farm2,1,YM_4,4,{'3.5': 4},3.5,YM_4_1.jpg;YM_4_2.jpg;YM_4_3.jpg,singleton_passage,val
YM_burst_1390,YM_Farm2,1,YM_40,6,{'3.25': 6},3.25,YM_40_1.jpg;YM_40_2.jpg;YM_40_3.jpg,singleton_passage,train
YM_burst_1391,YM_Farm2,1,YM_400,8,{'3.75': 8},3.75,YM_400_1.jpg;YM_400_2.jpg;YM_400_3.jpg,singleton_passage,train
YM_burst_1392,YM_Farm2,1,YM_401,6,{'3.75': 6},3.75,YM_401_1.jpg;YM_401_2.jpg;YM_401_3.jpg,singleton_passage,train
YM_burst_1393,YM_Farm2,1,YM_402,6,{'3.5': 6},3.5,YM_402_1.jpg;YM_402_2.jpg;YM_402_3.jpg,singleton_passage,train
YM_burst_1394,YM_Farm2,1,YM_403,5,{'4.25': 5},4.25,YM_403_1.jpg;YM_403_2.jpg;YM_403_3.jpg,singleton_passage,train
YM_burst_1395,YM_Farm2,1,YM_404,5,{'3.5': 5},3.5,YM_404_1.jpg;YM_404_2.jpg;YM_404_3.jpg,singleton_passage,train
YM_burst_1396,YM_Farm2,1,YM_405,8,{'4.0': 8},4.0,YM_405_1.jpg;YM_405_2.jpg;YM_405_3.jpg,singleton_passage,test
YM_burst_1397,YM_Farm2,1,YM_406,5,{'4.0': 5},4.0,YM_406_1.jpg;YM_406_2.jpg;YM_406_3.jpg,singleton_passage,train
YM_burst_1398,YM_Farm2,1,YM_407,5,{'3.75': 5},3.75,YM_407_1.jpg;YM_407_2.jpg;YM_407_3.jpg,singleton_passage,train
YM_burst_1399,YM_Farm2,1,YM_408,10,{'4.25': 10},4.25,YM_408_1.jpg;YM_408_10.jpg;YM_408_2.jpg,singleton_passage,train
YM_burst_1400,YM_Farm2,1,YM_409,6,{'3.75': 6},3.75,YM_409_1.jpg;YM_409_2.jpg;YM_409_3.jpg,singleton_passage,train
YM_burst_1401,YM_Farm2,1,YM_41,8,{'3.75': 8},3.75,YM_41_1.jpg;YM_41_2.jpg;YM_41_3.jpg,singleton_passage,test
YM_burst_1402,YM_Farm2,1,YM_410,4,{'4.0': 4},4.0,YM_410_1.jpg;YM_410_2.jpg;YM_410_3.jpg,singleton_passage,train
YM_burst_1403,YM_Farm2,1,YM_411,5,{'3.5': 5},3.5,YM_411_1.jpg;YM_411_2.jpg;YM_411_3.jpg,singleton_passage,train
YM_burst_1404,YM_Farm2,1,YM_412,6,{'3.25': 6},3.25,YM_412_1.jpg;YM_412_2.jpg;YM_412_3.jpg,singleton_passage,val
YM_burst_1405,YM_Farm2,1,YM_413,8,{'4.0': 8},4.0,YM_413_1.jpg;YM_413_2.jpg;YM_413_3.jpg,singleton_passage,test
YM_burst_1406,YM_Farm2,1,YM_414,6,"{'3.5': 2, '3.75': 4}",3.75,YM_414_5.jpg;YM_414_6.jpg;YM_414_1.jpg,singleton_passage,train
YM_burst_1407,YM_Farm2,1,YM_415,11,{'3.25': 11},3.25,YM_415_1.jpg;YM_415_10.jpg;YM_415_11.jpg,singleton_passage,train
YM_burst_1408,YM_Farm2,1,YM_416,4,{'4.0': 4},4.0,YM_416_1.jpg;YM_416_2.jpg;YM_416_3.jpg,singleton_passage,test
YM_burst_1409,YM_Farm2,1,YM_417,5,{'3.5': 5},3.5,YM_417_1.jpg;YM_417_2.jpg;YM_417_3.jpg,singleton_passage,train
YM_burst_1410,YM_Farm2,1,YM_418,12,{'3.25': 12},3.25,YM_418_1.jpg;YM_418_10.jpg;YM_418_11.jpg,singleton_passage,train
YM_burst_1411,YM_Farm2,1,YM_419,5,{'4.0': 5},4.0,YM_419_1.jpg;YM_419_2.jpg;YM_419_3.jpg,singleton_passage,train
YM_burst_1412,YM_Farm2,1,YM_42,9,{'3.25': 9},3.25,YM_42_1.jpg;YM_42_2.jpg;YM_42_3.jpg,singleton_passage,train
YM_burst_1413,YM_Farm2,1,YM_420,7,{'3.5': 7},3.5,YM_420_1.jpg;YM_420_2.jpg;YM_420_3.jpg,singleton_passage,test
YM_burst_1414,YM_Farm2,1,YM_421,4,{'3.75': 4},3.75,YM_421_1.jpg;YM_421_2.jpg;YM_421_3.jpg,singleton_passage,val
YM_burst_1415,YM_Farm2,1,YM_422,3,{'3.5': 3},3.5,YM_422_1.jpg;YM_422_2.jpg;YM_422_3.jpg,singleton_passage,train
YM_burst_1416,YM_Farm2,1,YM_423,5,{'4.0': 5},4.0,YM_423_1.jpg;YM_423_2.jpg;YM_423_3.jpg,singleton_passage,test
YM_burst_1417,YM_Farm2,1,YM_424,6,{'4.0': 6},4.0,YM_424_1.jpg;YM_424_2.jpg;YM_424_3.jpg,singleton_passage,train
YM_burst_1418,YM_Farm2,1,YM_425,5,{'3.75': 5},3.75,YM_425_1.jpg;YM_425_2.jpg;YM_425_3.jpg,singleton_passage,train
YM_burst_1419,YM_Farm2,1,YM_426,6,{'3.5': 6},3.5,YM_426_1.jpg;YM_426_2.jpg;YM_426_3.jpg,singleton_passage,train
YM_burst_1420,YM_Farm2,1,YM_427,6,{'3.75': 6},3.75,YM_427_1.jpg;YM_427_2.jpg;YM_427_3.jpg,singleton_passage,test
YM_burst_1421,YM_Farm2,1,YM_428,6,{'4.0': 6},4.0,YM_428_1.jpg;YM_428_2.jpg;YM_428_3.jpg,singleton_passage,train
YM_burst_1422,YM_Farm2,1,YM_429,5,{'4.0': 5},4.0,YM_429_1.jpg;YM_429_2.jpg;YM_429_3.jpg,singleton_passage,train
YM_burst_1423,YM_Farm2,1,YM_43,6,{'3.25': 6},3.25,YM_43_1.jpg;YM_43_2.jpg;YM_43_3.jpg,singleton_passage,train
YM_burst_1424,YM_Farm2,1,YM_430,5,{'3.75': 5},3.75,YM_430_1.jpg;YM_430_2.jpg;YM_430_3.jpg,singleton_passage,train
YM_burst_1425,YM_Farm2,1,YM_431,4,{'3.75': 4},3.75,YM_431_1.jpg;YM_431_2.jpg;YM_431_3.jpg,singleton_passage,test
YM_burst_1426,YM_Farm2,1,YM_432,5,{'4.0': 5},4.0,YM_432_1.jpg;YM_432_2.jpg;YM_432_3.jpg,singleton_passage,test
YM_burst_1427,YM_Farm2,1,YM_433,5,{'4.0': 5},4.0,YM_433_1.jpg;YM_433_2.jpg;YM_433_3.jpg,singleton_passage,train
YM_burst_1428,YM_Farm2,1,YM_434,5,{'3.75': 5},3.75,YM_434_1.jpg;YM_434_2.jpg;YM_434_3.jpg,singleton_passage,train
YM_burst_1429,YM_Farm2,1,YM_435,7,{'3.75': 7},3.75,YM_435_1.jpg;YM_435_2.jpg;YM_435_3.jpg,singleton_passage,test
YM_burst_1430,YM_Farm2,1,YM_436,4,{'3.25': 4},3.25,YM_436_1.jpg;YM_436_2.jpg;YM_436_3.jpg,singleton_passage,train
YM_burst_1431,YM_Farm2,1,YM_437,6,{'4.25': 6},4.25,YM_437_1.jpg;YM_437_2.jpg;YM_437_3.jpg,singleton_passage,train
YM_burst_1432,YM_Farm2,1,YM_438,6,{'4.0': 6},4.0,YM_438_1.jpg;YM_438_2.jpg;YM_438_3.jpg,singleton_passage,val
YM_burst_1433,YM_Farm2,1,YM_439,5,{'3.75': 5},3.75,YM_439_1.jpg;YM_439_2.jpg;YM_439_3.jpg,singleton_passage,train
YM_burst_1434,YM_Farm2,1,YM_44,10,{'3.75': 10},3.75,YM_44_1.jpg;YM_44_10.jpg;YM_44_2.jpg,singleton_passage,train
YM_burst_1435,YM_Farm2,1,YM_440,14,{'3.5': 14},3.5,YM_440_1.jpg;YM_440_10.jpg;YM_440_11.jpg,singleton_passage,train
YM_burst_1436,YM_Farm2,1,YM_441,8,{'3.25': 8},3.25,YM_441_1.jpg;YM_441_2.jpg;YM_441_3.jpg,singleton_passage,val
YM_burst_1437,YM_Farm2,1,YM_442,5,{'3.75': 5},3.75,YM_442_1.jpg;YM_442_2.jpg;YM_442_3.jpg,singleton_passage,train
YM_burst_1438,YM_Farm2,1,YM_443,6,{'3.25': 6},3.25,YM_443_1.jpg;YM_443_2.jpg;YM_443_3.jpg,singleton_passage,test
YM_burst_1439,YM_Farm2,1,YM_444,4,{'4.0': 4},4.0,YM_444_1.jpg;YM_444_2.jpg;YM_444_3.jpg,singleton_passage,val
YM_burst_1440,YM_Farm2,1,YM_445,5,{'3.5': 5},3.5,YM_445_1.jpg;YM_445_2.jpg;YM_445_3.jpg,singleton_passage,train
YM_burst_1441,YM_Farm2,1,YM_446,6,{'3.75': 6},3.75,YM_446_1.jpg;YM_446_2.jpg;YM_446_3.jpg,singleton_passage,train
YM_burst_1442,YM_Farm2,1,YM_447,5,{'3.75': 5},3.75,YM_447_1.jpg;YM_447_2.jpg;YM_447_3.jpg,singleton_passage,val
YM_burst_1443,YM_Farm2,1,YM_448,8,"{'4.0': 7, '4.25': 1}",4.0,YM_448_2.jpg;YM_448_3.jpg;YM_448_4.jpg,singleton_passage,train
YM_burst_1444,YM_Farm2,1,YM_449,4,{'3.5': 4},3.5,YM_449_1.jpg;YM_449_2.jpg;YM_449_3.jpg,singleton_passage,train
YM_burst_1445,YM_Farm2,1,YM_45,10,{'4.0': 10},4.0,YM_45_1.jpg;YM_45_10.jpg;YM_45_2.jpg,singleton_passage,train
YM_burst_1446,YM_Farm2,1,YM_450,9,{'3.75': 9},3.75,YM_450_1.jpg;YM_450_2.jpg;YM_450_3.jpg,singleton_passage,train
YM_burst_1447,YM_Farm2,1,YM_451,7,{'4.0': 7},4.0,YM_451_1.jpg;YM_451_2.jpg;YM_451_3.jpg,singleton_passage,train
YM_burst_1448,YM_Farm2,1,YM_452,5,{'3.25': 5},3.25,YM_452_1.jpg;YM_452_2.jpg;YM_452_3.jpg,singleton_passage,val
YM_burst_1449,YM_Farm2,1,YM_453,6,{'3.5': 6},3.5,YM_453_1.jpg;YM_453_2.jpg;YM_453_3.jpg,singleton_passage,train
YM_burst_1450,YM_Farm2,1,YM_454,5,{'4.0': 5},4.0,YM_454_1.jpg;YM_454_2.jpg;YM_454_3.jpg,singleton_passage,train
YM_burst_1451,YM_Farm2,1,YM_455,7,{'4.0': 7},4.0,YM_455_1.jpg;YM_455_2.jpg;YM_455_3.jpg,singleton_passage,train
YM_burst_1452,YM_Farm2,1,YM_456,5,{'3.5': 5},3.5,YM_456_1.jpg;YM_456_2.jpg;YM_456_3.jpg,singleton_passage,train
YM_burst_1453,YM_Farm2,1,YM_457,4,{'4.0': 4},4.0,YM_457_1.jpg;YM_457_2.jpg;YM_457_3.jpg,singleton_passage,train
YM_burst_1454,YM_Farm2,1,YM_458,6,{'4.0': 6},4.0,YM_458_1.jpg;YM_458_2.jpg;YM_458_3.jpg,singleton_passage,train
YM_burst_1455,YM_Farm2,1,YM_459,11,{'3.5': 11},3.5,YM_459_1.jpg;YM_459_10.jpg;YM_459_11.jpg,singleton_passage,train
YM_burst_1456,YM_Farm2,1,YM_46,5,{'4.25': 5},4.25,YM_46_1.jpg;YM_46_2.jpg;YM_46_3.jpg,singleton_passage,train
YM_burst_1457,YM_Farm2,1,YM_460,8,{'3.75': 8},3.75,YM_460_1.jpg;YM_460_2.jpg;YM_460_3.jpg,singleton_passage,train
YM_burst_1458,YM_Farm2,1,YM_461,4,{'3.75': 4},3.75,YM_461_1.jpg;YM_461_2.jpg;YM_461_3.jpg,singleton_passage,train
YM_burst_1459,YM_Farm2,1,YM_462,7,{'3.5': 7},3.5,YM_462_1.jpg;YM_462_2.jpg;YM_462_3.jpg,singleton_passage,train
YM_burst_1460,YM_Farm2,1,YM_463,6,{'4.25': 6},4.25,YM_463_1.jpg;YM_463_2.jpg;YM_463_3.jpg,singleton_passage,test
YM_burst_1461,YM_Farm2,1,YM_464,5,{'3.75': 5},3.75,YM_464_1.jpg;YM_464_2.jpg;YM_464_3.jpg,singleton_passage,train
YM_burst_1462,YM_Farm2,1,YM_465,7,{'4.0': 7},4.0,YM_465_1.jpg;YM_465_2.jpg;YM_465_3.jpg,singleton_passage,val
YM_burst_1463,YM_Farm2,1,YM_466,9,{'3.75': 9},3.75,YM_466_1.jpg;YM_466_2.jpg;YM_466_3.jpg,singleton_passage,test
YM_burst_1464,YM_Farm2,1,YM_467,13,{'4.0': 13},4.0,YM_467_1.jpg;YM_467_10.jpg;YM_467_11.jpg,singleton_passage,train
YM_burst_1465,YM_Farm2,1,YM_468,9,{'3.25': 9},3.25,YM_468_1.jpg;YM_468_2.jpg;YM_468_3.jpg,singleton_passage,test
YM_burst_1466,YM_Farm2,1,YM_469,7,{'4.0': 7},4.0,YM_469_1.jpg;YM_469_2.jpg;YM_469_3.jpg,singleton_passage,train
YM_burst_1467,YM_Farm2,1,YM_47,7,{'3.5': 7},3.5,YM_47_1.jpg;YM_47_2.jpg;YM_47_3.jpg,singleton_passage,train
YM_burst_1468,YM_Farm2,1,YM_470,4,{'3.25': 4},3.25,YM_470_1.jpg;YM_470_2.jpg;YM_470_3.jpg,singleton_passage,train
YM_burst_1469,YM_Farm2,1,YM_471,6,{'3.25': 6},3.25,YM_471_1.jpg;YM_471_2.jpg;YM_471_3.jpg,singleton_passage,train
YM_burst_1470,YM_Farm2,1,YM_472,8,{'3.25': 8},3.25,YM_472_1.jpg;YM_472_2.jpg;YM_472_3.jpg,singleton_passage,train
YM_burst_1471,YM_Farm2,1,YM_473,6,{'3.5': 6},3.5,YM_473_1.jpg;YM_473_2.jpg;YM_473_3.jpg,singleton_passage,val
YM_burst_1472,YM_Farm2,1,YM_474,5,{'3.75': 5},3.75,YM_474_1.jpg;YM_474_2.jpg;YM_474_3.jpg,singleton_passage,train
YM_burst_1473,YM_Farm2,1,YM_475,8,{'4.0': 8},4.0,YM_475_1.jpg;YM_475_2.jpg;YM_475_3.jpg,singleton_passage,train
YM_burst_1474,YM_Farm2,1,YM_476,4,{'3.5': 4},3.5,YM_476_1.jpg;YM_476_2.jpg;YM_476_3.jpg,singleton_passage,train
YM_burst_1475,YM_Farm2,1,YM_477,4,{'4.0': 4},4.0,YM_477_1.jpg;YM_477_2.jpg;YM_477_3.jpg,singleton_passage,train
YM_burst_1476,YM_Farm2,1,YM_478,5,{'3.5': 5},3.5,YM_478_1.jpg;YM_478_2.jpg;YM_478_3.jpg,singleton_passage,test
YM_burst_1477,YM_Farm2,1,YM_479,5,{'3.75': 5},3.75,YM_479_1.jpg;YM_479_2.jpg;YM_479_3.jpg,singleton_passage,train
YM_burst_1478,YM_Farm2,1,YM_48,6,{'3.5': 6},3.5,YM_48_1.jpg;YM_48_2.jpg;YM_48_3.jpg,singleton_passage,train
YM_burst_1479,YM_Farm2,1,YM_480,9,{'3.75': 9},3.75,YM_480_1.jpg;YM_480_2.jpg;YM_480_3.jpg,singleton_passage,val
YM_burst_1480,YM_Farm2,1,YM_481,9,{'3.25': 9},3.25,YM_481_1.jpg;YM_481_2.jpg;YM_481_3.jpg,singleton_passage,test
YM_burst_1481,YM_Farm2,1,YM_482,4,{'4.0': 4},4.0,YM_482_1.jpg;YM_482_2.jpg;YM_482_3.jpg,singleton_passage,val
YM_burst_1482,YM_Farm2,1,YM_483,14,{'3.25': 14},3.25,YM_483_1.jpg;YM_483_10.jpg;YM_483_11.jpg,singleton_passage,train
YM_burst_1483,YM_Farm2,1,YM_484,2,{'3.5': 2},3.5,YM_484_1.jpg;YM_484_2.jpg,singleton_passage,train
YM_burst_1484,YM_Farm2,1,YM_485,5,{'3.5': 5},3.5,YM_485_1.jpg;YM_485_2.jpg;YM_485_3.jpg,singleton_passage,train
YM_burst_1485,YM_Farm2,1,YM_486,4,{'3.75': 4},3.75,YM_486_1.jpg;YM_486_2.jpg;YM_486_3.jpg,singleton_passage,train
YM_burst_1486,YM_Farm2,1,YM_487,5,{'3.5': 5},3.5,YM_487_1.jpg;YM_487_2.jpg;YM_487_3.jpg,singleton_passage,val
YM_burst_1487,YM_Farm2,1,YM_488,4,{'3.75': 4},3.75,YM_488_1.jpg;YM_488_2.jpg;YM_488_3.jpg,singleton_passage,train
YM_burst_1488,YM_Farm2,1,YM_489,5,{'4.25': 5},4.25,YM_489_1.jpg;YM_489_2.jpg;YM_489_3.jpg,singleton_passage,train
YM_burst_1489,YM_Farm2,1,YM_49,8,{'3.75': 8},3.75,YM_49_1.jpg;YM_49_2.jpg;YM_49_3.jpg,singleton_passage,val
YM_burst_1490,YM_Farm2,1,YM_490,2,{'3.75': 2},3.75,YM_490_1.jpg;YM_490_2.jpg,singleton_passage,train
YM_burst_1491,YM_Farm2,1,YM_491,7,{'3.5': 7},3.5,YM_491_1.jpg;YM_491_2.jpg;YM_491_3.jpg,singleton_passage,train
YM_burst_1492,YM_Farm2,1,YM_492,4,{'4.0': 4},4.0,YM_492_1.jpg;YM_492_2.jpg;YM_492_3.jpg,singleton_passage,train
YM_burst_1493,YM_Farm2,1,YM_493,3,{'3.5': 3},3.5,YM_493_1.jpg;YM_493_2.jpg;YM_493_3.jpg,singleton_passage,train
YM_burst_1494,YM_Farm2,1,YM_494,2,{'4.0': 2},4.0,YM_494_1.jpg;YM_494_2.jpg,singleton_passage,test
YM_burst_1495,YM_Farm2,1,YM_495,6,{'3.25': 6},3.25,YM_495_1.jpg;YM_495_2.jpg;YM_495_3.jpg,singleton_passage,train
YM_burst_1496,YM_Farm2,1,YM_496,3,{'3.25': 3},3.25,YM_496_1.jpg;YM_496_2.jpg;YM_496_3.jpg,singleton_passage,train
YM_burst_1497,YM_Farm2,1,YM_497,3,{'3.75': 3},3.75,YM_497_1.jpg;YM_497_2.jpg;YM_497_3.jpg,singleton_passage,val
YM_burst_1498,YM_Farm2,1,YM_498,3,{'3.75': 3},3.75,YM_498_1.jpg;YM_498_2.jpg;YM_498_3.jpg,singleton_passage,train
YM_burst_1499,YM_Farm2,1,YM_499,7,{'3.5': 7},3.5,YM_499_1.jpg;YM_499_2.jpg;YM_499_3.jpg,singleton_passage,train
YM_burst_1500,YM_Farm2,1,YM_5,4,{'3.75': 4},3.75,YM_5_1.jpg;YM_5_2.jpg;YM_5_3.jpg,singleton_passage,train
YM_burst_1501,YM_Farm2,1,YM_50,8,{'4.0': 8},4.0,YM_50_1.jpg;YM_50_2.jpg;YM_50_3.jpg,singleton_passage,train
YM_burst_1502,YM_Farm2,1,YM_500,8,{'4.0': 8},4.0,YM_500_1.jpg;YM_500_2.jpg;YM_500_3.jpg,singleton_passage,test
YM_burst_1503,YM_Farm2,1,YM_501,7,{'3.5': 7},3.5,YM_501_1.jpg;YM_501_2.jpg;YM_501_3.jpg,singleton_passage,train
YM_burst_1504,YM_Farm2,1,YM_502,8,{'3.5': 8},3.5,YM_502_1.jpg;YM_502_2.jpg;YM_502_3.jpg,singleton_passage,train
YM_burst_1505,YM_Farm2,1,YM_503,2,{'3.75': 2},3.75,YM_503_1.jpg;YM_503_2.jpg,singleton_passage,test
YM_burst_1506,YM_Farm2,1,YM_504,8,{'3.75': 8},3.75,YM_504_1.jpg;YM_504_2.jpg;YM_504_3.jpg,singleton_passage,train
YM_burst_1507,YM_Farm2,1,YM_505,6,{'3.75': 6},3.75,YM_505_1.jpg;YM_505_2.jpg;YM_505_3.jpg,singleton_passage,train
YM_burst_1508,YM_Farm2,1,YM_506,7,{'3.5': 7},3.5,YM_506_1.jpg;YM_506_2.jpg;YM_506_3.jpg,singleton_passage,val
YM_burst_1509,YM_Farm2,1,YM_507,5,{'3.75': 5},3.75,YM_507_1.jpg;YM_507_2.jpg;YM_507_3.jpg,singleton_passage,train
YM_burst_1510,YM_Farm2,1,YM_508,7,{'4.0': 7},4.0,YM_508_1.jpg;YM_508_2.jpg;YM_508_3.jpg,singleton_passage,train
YM_burst_1511,YM_Farm2,1,YM_509,6,{'4.25': 6},4.25,YM_509_1.jpg;YM_509_2.jpg;YM_509_3.jpg,singleton_passage,train
YM_burst_1512,YM_Farm2,1,YM_51,9,{'4.25': 9},4.25,YM_51_1.jpg;YM_51_2.jpg;YM_51_3.jpg,singleton_passage,train
YM_burst_1513,YM_Farm2,1,YM_510,6,{'3.5': 6},3.5,YM_510_1.jpg;YM_510_2.jpg;YM_510_3.jpg,singleton_passage,train
YM_burst_1514,YM_Farm2,1,YM_511,10,"{'3.5': 6, '3.75': 4}",3.5,YM_511_10.jpg;YM_511_5.jpg;YM_511_6.jpg,singleton_passage,train
YM_burst_1515,YM_Farm2,1,YM_512,8,{'4.0': 8},4.0,YM_512_1.jpg;YM_512_2.jpg;YM_512_3.jpg,singleton_passage,train
YM_burst_1516,YM_Farm2,1,YM_513,12,{'4.25': 12},4.25,YM_513_1.jpg;YM_513_10.jpg;YM_513_11.jpg,singleton_passage,train
YM_burst_1517,YM_Farm2,1,YM_514,5,{'4.25': 5},4.25,YM_514_1.jpg;YM_514_2.jpg;YM_514_3.jpg,singleton_passage,test
YM_burst_1518,YM_Farm2,1,YM_515,8,{'3.75': 8},3.75,YM_515_1.jpg;YM_515_2.jpg;YM_515_3.jpg,singleton_passage,train
YM_burst_1519,YM_Farm2,1,YM_516,6,{'4.0': 6},4.0,YM_516_1.jpg;YM_516_2.jpg;YM_516_3.jpg,singleton_passage,train
YM_burst_1520,YM_Farm2,1,YM_517,6,{'3.5': 6},3.5,YM_517_1.jpg;YM_517_2.jpg;YM_517_3.jpg,singleton_passage,train
YM_burst_1521,YM_Farm2,1,YM_518,6,{'3.75': 6},3.75,YM_518_1.jpg;YM_518_2.jpg;YM_518_3.jpg,singleton_passage,train
YM_burst_1522,YM_Farm2,1,YM_519,15,{'3.75': 15},3.75,YM_519_1.jpg;YM_519_10.jpg;YM_519_11.jpg,singleton_passage,train
YM_burst_1523,YM_Farm2,1,YM_52,6,{'3.75': 6},3.75,YM_52_1.jpg;YM_52_2.jpg;YM_52_3.jpg,singleton_passage,test
YM_burst_1524,YM_Farm2,1,YM_520,5,{'3.25': 5},3.25,YM_520_1.jpg;YM_520_2.jpg;YM_520_3.jpg,singleton_passage,val
YM_burst_1525,YM_Farm2,1,YM_521,6,{'3.75': 6},3.75,YM_521_1.jpg;YM_521_2.jpg;YM_521_3.jpg,singleton_passage,train
YM_burst_1526,YM_Farm2,1,YM_522,15,{'3.75': 15},3.75,YM_522_1.jpg;YM_522_10.jpg;YM_522_11.jpg,singleton_passage,train
YM_burst_1527,YM_Farm2,1,YM_523,5,{'3.25': 5},3.25,YM_523_1.jpg;YM_523_2.jpg;YM_523_3.jpg,singleton_passage,train
YM_burst_1528,YM_Farm2,1,YM_524,8,{'3.75': 8},3.75,YM_524_1.jpg;YM_524_2.jpg;YM_524_3.jpg,singleton_passage,train
YM_burst_1529,YM_Farm2,1,YM_525,9,{'3.5': 9},3.5,YM_525_1.jpg;YM_525_2.jpg;YM_525_3.jpg,singleton_passage,train
YM_burst_1530,YM_Farm2,1,YM_526,3,{'3.75': 3},3.75,YM_526_1.jpg;YM_526_2.jpg;YM_526_3.jpg,singleton_passage,test
YM_burst_1531,YM_Farm2,1,YM_527,12,{'3.5': 12},3.5,YM_527_1.jpg;YM_527_10.jpg;YM_527_11.jpg,singleton_passage,train
YM_burst_1532,YM_Farm2,1,YM_528,7,{'4.25': 7},4.25,YM_528_1.jpg;YM_528_2.jpg;YM_528_3.jpg,singleton_passage,train
YM_burst_1533,YM_Farm2,1,YM_529,4,{'4.0': 4},4.0,YM_529_1.jpg;YM_529_2.jpg;YM_529_3.jpg,singleton_passage,test
YM_burst_1534,YM_Farm2,1,YM_53,8,{'4.0': 8},4.0,YM_53_1.jpg;YM_53_2.jpg;YM_53_3.jpg,singleton_passage,test
YM_burst_1535,YM_Farm2,1,YM_530,11,"{'3.25': 1, '3.5': 10}",3.5,YM_530_2.jpg;YM_530_1.jpg;YM_530_10.jpg,singleton_passage,test
YM_burst_1536,YM_Farm2,1,YM_531,9,{'3.75': 9},3.75,YM_531_1.jpg;YM_531_2.jpg;YM_531_3.jpg,singleton_passage,train
YM_burst_1537,YM_Farm2,1,YM_532,5,"{'3.75': 1, '4.0': 4}",4.0,YM_532_2.jpg;YM_532_1.jpg;YM_532_3.jpg,singleton_passage,val
YM_burst_1538,YM_Farm2,1,YM_533,4,{'4.25': 4},4.25,YM_533_1.jpg;YM_533_2.jpg;YM_533_3.jpg,singleton_passage,val
YM_burst_1539,YM_Farm2,1,YM_534,6,{'3.75': 6},3.75,YM_534_1.jpg;YM_534_2.jpg;YM_534_3.jpg,singleton_passage,test
YM_burst_1540,YM_Farm2,1,YM_535,8,{'3.5': 8},3.5,YM_535_1.jpg;YM_535_2.jpg;YM_535_3.jpg,singleton_passage,val
YM_burst_1541,YM_Farm2,1,YM_536,5,{'4.0': 5},4.0,YM_536_1.jpg;YM_536_2.jpg;YM_536_3.jpg,singleton_passage,train
YM_burst_1542,YM_Farm2,1,YM_537,5,{'4.0': 5},4.0,YM_537_1.jpg;YM_537_2.jpg;YM_537_3.jpg,singleton_passage,train
YM_burst_1543,YM_Farm2,1,YM_538,2,{'3.25': 2},3.25,YM_538_1.jpg;YM_538_2.jpg,singleton_passage,val
YM_burst_1544,YM_Farm2,1,YM_539,8,{'3.75': 8},3.75,YM_539_1.jpg;YM_539_2.jpg;YM_539_3.jpg,singleton_passage,train
YM_burst_1545,YM_Farm2,1,YM_54,5,{'4.0': 5},4.0,YM_54_1.jpg;YM_54_2.jpg;YM_54_3.jpg,singleton_passage,train
YM_burst_1546,YM_Farm2,1,YM_540,9,"{'3.5': 2, '3.75': 7}",3.75,YM_540_8.jpg;YM_540_9.jpg;YM_540_1.jpg,singleton_passage,train
YM_burst_1547,YM_Farm2,1,YM_541,6,"{'3.25': 1, '3.5': 5}",3.5,YM_541_3.jpg;YM_541_1.jpg;YM_541_2.jpg,singleton_passage,val
YM_burst_1548,YM_Farm2,1,YM_542,15,{'3.75': 15},3.75,YM_542_1.jpg;YM_542_10.jpg;YM_542_11.jpg,singleton_passage,train
YM_burst_1549,YM_Farm2,1,YM_543,4,{'4.25': 4},4.25,YM_543_1.jpg;YM_543_2.jpg;YM_543_3.jpg,singleton_passage,train
YM_burst_1550,YM_Farm2,1,YM_544,5,{'4.0': 5},4.0,YM_544_1.jpg;YM_544_2.jpg;YM_544_3.jpg,singleton_passage,test
YM_burst_1551,YM_Farm2,1,YM_545,12,{'3.5': 12},3.5,YM_545_1.jpg;YM_545_10.jpg;YM_545_11.jpg,singleton_passage,train
YM_burst_1552,YM_Farm2,1,YM_546,6,{'3.75': 6},3.75,YM_546_1.jpg;YM_546_2.jpg;YM_546_3.jpg,singleton_passage,train
YM_burst_1553,YM_Farm2,1,YM_547,6,{'3.75': 6},3.75,YM_547_1.jpg;YM_547_2.jpg;YM_547_3.jpg,singleton_passage,train
YM_burst_1554,YM_Farm2,1,YM_548,8,{'3.75': 8},3.75,YM_548_1.jpg;YM_548_2.jpg;YM_548_3.jpg,singleton_passage,train
YM_burst_1555,YM_Farm2,1,YM_549,7,{'4.0': 7},4.0,YM_549_1.jpg;YM_549_2.jpg;YM_549_3.jpg,singleton_passage,train
YM_burst_1556,YM_Farm2,1,YM_55,4,{'3.75': 4},3.75,YM_55_1.jpg;YM_55_2.jpg;YM_55_3.jpg,singleton_passage,train
YM_burst_1557,YM_Farm2,1,YM_550,6,{'3.5': 6},3.5,YM_550_1.jpg;YM_550_2.jpg;YM_550_3.jpg,singleton_passage,train
YM_burst_1558,YM_Farm2,1,YM_551,6,{'3.75': 6},3.75,YM_551_1.jpg;YM_551_2.jpg;YM_551_3.jpg,singleton_passage,train
YM_burst_1559,YM_Farm2,1,YM_552,8,{'3.5': 8},3.5,YM_552_1.jpg;YM_552_2.jpg;YM_552_3.jpg,singleton_passage,train
YM_burst_1560,YM_Farm2,1,YM_553,8,{'3.75': 8},3.75,YM_553_1.jpg;YM_553_2.jpg;YM_553_3.jpg,singleton_passage,train
YM_burst_1561,YM_Farm2,1,YM_554,6,{'4.0': 6},4.0,YM_554_1.jpg;YM_554_2.jpg;YM_554_3.jpg,singleton_passage,train
YM_burst_1562,YM_Farm2,1,YM_555,12,{'3.75': 12},3.75,YM_555_1.jpg;YM_555_10.jpg;YM_555_11.jpg,singleton_passage,train
YM_burst_1563,YM_Farm2,1,YM_556,7,{'3.75': 7},3.75,YM_556_1.jpg;YM_556_2.jpg;YM_556_3.jpg,singleton_passage,val
YM_burst_1564,YM_Farm2,1,YM_557,6,{'3.75': 6},3.75,YM_557_1.jpg;YM_557_2.jpg;YM_557_3.jpg,singleton_passage,train
YM_burst_1565,YM_Farm2,1,YM_558,6,{'3.5': 6},3.5,YM_558_1.jpg;YM_558_2.jpg;YM_558_3.jpg,singleton_passage,train
YM_burst_1566,YM_Farm2,1,YM_559,7,{'3.25': 7},3.25,YM_559_1.jpg;YM_559_2.jpg;YM_559_3.jpg,singleton_passage,train
YM_burst_1567,YM_Farm2,1,YM_56,7,{'3.75': 7},3.75,YM_56_1.jpg;YM_56_2.jpg;YM_56_3.jpg,singleton_passage,val
YM_burst_1568,YM_Farm2,1,YM_560,4,{'3.5': 4},3.5,YM_560_1.jpg;YM_560_2.jpg;YM_560_3.jpg,singleton_passage,test
YM_burst_1569,YM_Farm2,1,YM_561,7,{'3.5': 7},3.5,YM_561_1.jpg;YM_561_2.jpg;YM_561_3.jpg,singleton_passage,val
YM_burst_1570,YM_Farm2,1,YM_562,8,{'3.75': 8},3.75,YM_562_1.jpg;YM_562_2.jpg;YM_562_3.jpg,singleton_passage,test
YM_burst_1571,YM_Farm2,1,YM_563,5,{'4.25': 5},4.25,YM_563_1.jpg;YM_563_2.jpg;YM_563_3.jpg,singleton_passage,train
YM_burst_1572,YM_Farm2,1,YM_564,7,{'4.0': 7},4.0,YM_564_1.jpg;YM_564_2.jpg;YM_564_3.jpg,singleton_passage,train
YM_burst_1573,YM_Farm2,1,YM_565,9,{'4.0': 9},4.0,YM_565_1.jpg;YM_565_2.jpg;YM_565_3.jpg,singleton_passage,train
YM_burst_1574,YM_Farm2,1,YM_566,13,{'3.75': 13},3.75,YM_566_1.jpg;YM_566_10.jpg;YM_566_11.jpg,singleton_passage,train
YM_burst_1575,YM_Farm2,1,YM_567,10,{'3.25': 10},3.25,YM_567_1.jpg;YM_567_10.jpg;YM_567_2.jpg,singleton_passage,train
YM_burst_1576,YM_Farm2,1,YM_568,12,{'3.75': 12},3.75,YM_568_1.jpg;YM_568_10.jpg;YM_568_11.jpg,singleton_passage,val
YM_burst_1577,YM_Farm2,1,YM_569,14,"{'3.5': 1, '4.25': 13}",4.25,YM_569_14.jpg;YM_569_1.jpg;YM_569_10.jpg,singleton_passage,train
YM_burst_1578,YM_Farm2,1,YM_57,10,{'3.5': 10},3.5,YM_57_1.jpg;YM_57_10.jpg;YM_57_2.jpg,singleton_passage,val
YM_burst_1579,YM_Farm2,1,YM_570,11,{'3.5': 11},3.5,YM_570_1.jpg;YM_570_10.jpg;YM_570_11.jpg,singleton_passage,train
YM_burst_1580,YM_Farm2,1,YM_571,12,{'4.25': 12},4.25,YM_571_1.jpg;YM_571_10.jpg;YM_571_11.jpg,singleton_passage,train
YM_burst_1581,YM_Farm2,1,YM_572,6,{'3.75': 6},3.75,YM_572_1.jpg;YM_572_2.jpg;YM_572_3.jpg,singleton_passage,train
YM_burst_1582,YM_Farm2,1,YM_573,8,{'3.5': 8},3.5,YM_573_1.jpg;YM_573_2.jpg;YM_573_3.jpg,singleton_passage,train
YM_burst_1583,YM_Farm2,1,YM_574,7,{'3.5': 7},3.5,YM_574_1.jpg;YM_574_2.jpg;YM_574_3.jpg,singleton_passage,test
YM_burst_1584,YM_Farm2,1,YM_575,6,{'3.75': 6},3.75,YM_575_1.jpg;YM_575_2.jpg;YM_575_3.jpg,singleton_passage,val
YM_burst_1585,YM_Farm2,1,YM_576,5,{'4.0': 5},4.0,YM_576_1.jpg;YM_576_2.jpg;YM_576_3.jpg,singleton_passage,train
YM_burst_1586,YM_Farm2,1,YM_577,5,{'4.0': 5},4.0,YM_577_1.jpg;YM_577_2.jpg;YM_577_3.jpg,singleton_passage,val
YM_burst_1587,YM_Farm2,1,YM_578,6,{'3.5': 6},3.5,YM_578_1.jpg;YM_578_2.jpg;YM_578_3.jpg,singleton_passage,train
YM_burst_1588,YM_Farm2,1,YM_579,6,{'3.25': 6},3.25,YM_579_1.jpg;YM_579_2.jpg;YM_579_3.jpg,singleton_passage,val
YM_burst_1589,YM_Farm2,1,YM_58,7,{'3.75': 7},3.75,YM_58_1.jpg;YM_58_2.jpg;YM_58_3.jpg,singleton_passage,train
YM_burst_1590,YM_Farm2,1,YM_580,3,{'4.0': 3},4.0,YM_580_1.jpg;YM_580_2.jpg;YM_580_3.jpg,singleton_passage,val
YM_burst_1591,YM_Farm2,1,YM_581,8,{'4.0': 8},4.0,YM_581_1.jpg;YM_581_2.jpg;YM_581_3.jpg,singleton_passage,train
YM_burst_1592,YM_Farm2,1,YM_582,3,{'3.75': 3},3.75,YM_582_1.jpg;YM_582_2.jpg;YM_582_3.jpg,singleton_passage,train
YM_burst_1593,YM_Farm2,1,YM_583,6,{'3.25': 6},3.25,YM_583_1.jpg;YM_583_2.jpg;YM_583_3.jpg,singleton_passage,train
YM_burst_1594,YM_Farm2,1,YM_584,8,{'4.25': 8},4.25,YM_584_1.jpg;YM_584_2.jpg;YM_584_3.jpg,singleton_passage,test
YM_burst_1595,YM_Farm2,1,YM_585,3,{'3.75': 3},3.75,YM_585_1.jpg;YM_585_2.jpg;YM_585_3.jpg,singleton_passage,train
YM_burst_1596,YM_Farm2,1,YM_586,9,{'4.0': 9},4.0,YM_586_1.jpg;YM_586_2.jpg;YM_586_3.jpg,singleton_passage,test
YM_burst_1597,YM_Farm2,1,YM_587,9,{'4.0': 9},4.0,YM_587_1.jpg;YM_587_2.jpg;YM_587_3.jpg,singleton_passage,train
YM_burst_1598,YM_Farm2,1,YM_588,4,{'3.25': 4},3.25,YM_588_1.jpg;YM_588_2.jpg;YM_588_3.jpg,singleton_passage,val
YM_burst_1599,YM_Farm2,1,YM_589,7,{'3.5': 7},3.5,YM_589_1.jpg;YM_589_2.jpg;YM_589_3.jpg,singleton_passage,train
YM_burst_1600,YM_Farm2,1,YM_59,5,{'4.0': 5},4.0,YM_59_1.jpg;YM_59_2.jpg;YM_59_3.jpg,singleton_passage,test
YM_burst_1601,YM_Farm2,1,YM_590,13,{'4.0': 13},4.0,YM_590_1.jpg;YM_590_10.jpg;YM_590_11.jpg,singleton_passage,test
YM_burst_1602,YM_Farm2,1,YM_591,6,{'3.75': 6},3.75,YM_591_1.jpg;YM_591_2.jpg;YM_591_3.jpg,singleton_passage,train
YM_burst_1603,YM_Farm2,1,YM_592,8,{'3.5': 8},3.5,YM_592_1.jpg;YM_592_2.jpg;YM_592_3.jpg,singleton_passage,test
YM_burst_1604,YM_Farm2,1,YM_593,16,{'3.75': 16},3.75,YM_593_1.jpg;YM_593_10.jpg;YM_593_11.jpg,singleton_passage,train
YM_burst_1605,YM_Farm2,1,YM_594,13,{'4.0': 13},4.0,YM_594_1.jpg;YM_594_10.jpg;YM_594_11.jpg,singleton_passage,test
YM_burst_1606,YM_Farm2,1,YM_595,6,{'4.0': 6},4.0,YM_595_1.jpg;YM_595_2.jpg;YM_595_3.jpg,singleton_passage,train
YM_burst_1607,YM_Farm2,1,YM_596,6,{'3.5': 6},3.5,YM_596_1.jpg;YM_596_2.jpg;YM_596_3.jpg,singleton_passage,train
YM_burst_1608,YM_Farm2,1,YM_597,6,{'3.75': 6},3.75,YM_597_1.jpg;YM_597_2.jpg;YM_597_3.jpg,singleton_passage,train
YM_burst_1609,YM_Farm2,1,YM_598,8,{'3.75': 8},3.75,YM_598_1.jpg;YM_598_2.jpg;YM_598_3.jpg,singleton_passage,train
YM_burst_1610,YM_Farm2,1,YM_599,5,{'4.0': 5},4.0,YM_599_1.jpg;YM_599_2.jpg;YM_599_3.jpg,singleton_passage,train
YM_burst_1611,YM_Farm2,1,YM_6,6,{'3.75': 6},3.75,YM_6_1.jpg;YM_6_2.jpg;YM_6_3.jpg,singleton_passage,train
YM_burst_1612,YM_Farm2,1,YM_60,10,"{'4.0': 1, '4.25': 9}",4.25,YM_60_2.jpg;YM_60_1.jpg;YM_60_10.jpg,singleton_passage,test
YM_burst_1613,YM_Farm2,1,YM_600,7,{'3.5': 7},3.5,YM_600_1.jpg;YM_600_2.jpg;YM_600_3.jpg,singleton_passage,test
YM_burst_1614,YM_Farm2,1,YM_601,8,{'3.5': 8},3.5,YM_601_1.jpg;YM_601_2.jpg;YM_601_3.jpg,singleton_passage,val
YM_burst_1615,YM_Farm2,1,YM_602,8,{'3.75': 8},3.75,YM_602_1.jpg;YM_602_2.jpg;YM_602_3.jpg,singleton_passage,val
YM_burst_1616,YM_Farm2,1,YM_603,13,{'3.5': 13},3.5,YM_603_1.jpg;YM_603_10.jpg;YM_603_11.jpg,singleton_passage,train
YM_burst_1617,YM_Farm2,1,YM_604,3,{'3.75': 3},3.75,YM_604_1.jpg;YM_604_2.jpg;YM_604_3.jpg,singleton_passage,train
YM_burst_1618,YM_Farm2,1,YM_605,11,{'3.75': 11},3.75,YM_605_1.jpg;YM_605_10.jpg;YM_605_11.jpg,singleton_passage,val
YM_burst_1619,YM_Farm2,1,YM_606,11,{'3.75': 11},3.75,YM_606_1.jpg;YM_606_10.jpg;YM_606_11.jpg,singleton_passage,train
YM_burst_1620,YM_Farm2,1,YM_607,9,{'3.5': 9},3.5,YM_607_1.jpg;YM_607_2.jpg;YM_607_3.jpg,singleton_passage,test
YM_burst_1621,YM_Farm2,1,YM_608,5,{'3.75': 5},3.75,YM_608_1.jpg;YM_608_2.jpg;YM_608_3.jpg,singleton_passage,train
YM_burst_1622,YM_Farm2,1,YM_609,4,{'3.75': 4},3.75,YM_609_1.jpg;YM_609_2.jpg;YM_609_3.jpg,singleton_passage,train
YM_burst_1623,YM_Farm2,1,YM_61,9,{'3.25': 9},3.25,YM_61_1.jpg;YM_61_2.jpg;YM_61_3.jpg,singleton_passage,train
YM_burst_1624,YM_Farm2,1,YM_610,1,{'3.5': 1},3.5,YM_610_1.jpg,singleton_passage,test
YM_burst_1625,YM_Farm2,1,YM_611,7,{'4.0': 7},4.0,YM_611_1.jpg;YM_611_2.jpg;YM_611_3.jpg,singleton_passage,train
YM_burst_1626,YM_Farm2,1,YM_612,3,{'3.75': 3},3.75,YM_612_1.jpg;YM_612_2.jpg;YM_612_3.jpg,singleton_passage,train
YM_burst_1627,YM_Farm2,1,YM_613,6,{'3.75': 6},3.75,YM_613_1.jpg;YM_613_2.jpg;YM_613_3.jpg,singleton_passage,train
YM_burst_1628,YM_Farm2,1,YM_614,1,{'4.0': 1},4.0,YM_614_1.jpg,singleton_passage,test
YM_burst_1629,YM_Farm2,1,YM_615,6,{'3.75': 6},3.75,YM_615_1.jpg;YM_615_2.jpg;YM_615_3.jpg,singleton_passage,train
YM_burst_1630,YM_Farm2,1,YM_616,7,{'4.0': 7},4.0,YM_616_1.jpg;YM_616_2.jpg;YM_616_3.jpg,singleton_passage,test
YM_burst_1631,YM_Farm2,1,YM_617,9,{'3.75': 9},3.75,YM_617_1.jpg;YM_617_2.jpg;YM_617_3.jpg,singleton_passage,train
YM_burst_1632,YM_Farm2,1,YM_618,7,{'3.75': 7},3.75,YM_618_1.jpg;YM_618_2.jpg;YM_618_3.jpg,singleton_passage,test
YM_burst_1633,YM_Farm2,1,YM_619,12,{'3.25': 12},3.25,YM_619_1.jpg;YM_619_10.jpg;YM_619_11.jpg,singleton_passage,test
YM_burst_1634,YM_Farm2,1,YM_62,8,"{'3.75': 7, '4.0': 1}",3.75,YM_62_2.jpg;YM_62_3.jpg;YM_62_4.jpg,singleton_passage,train
YM_burst_1635,YM_Farm2,1,YM_620,2,{'3.75': 2},3.75,YM_620_1.jpg;YM_620_2.jpg,singleton_passage,val
YM_burst_1636,YM_Farm2,1,YM_621,7,{'3.5': 7},3.5,YM_621_1.jpg;YM_621_2.jpg;YM_621_3.jpg,singleton_passage,test
YM_burst_1637,YM_Farm2,1,YM_622,6,{'3.5': 6},3.5,YM_622_1.jpg;YM_622_2.jpg;YM_622_3.jpg,singleton_passage,train
YM_burst_1638,YM_Farm2,1,YM_623,4,{'3.75': 4},3.75,YM_623_1.jpg;YM_623_2.jpg;YM_623_3.jpg,singleton_passage,train
YM_burst_1639,YM_Farm2,1,YM_624,15,{'3.75': 15},3.75,YM_624_1.jpg;YM_624_10.jpg;YM_624_11.jpg,singleton_passage,train
YM_burst_1640,YM_Farm2,1,YM_625,12,{'3.25': 12},3.25,YM_625_1.jpg;YM_625_10.jpg;YM_625_11.jpg,singleton_passage,train
YM_burst_1641,YM_Farm2,1,YM_626,6,{'4.0': 6},4.0,YM_626_1.jpg;YM_626_2.jpg;YM_626_3.jpg,singleton_passage,train
YM_burst_1642,YM_Farm2,1,YM_627,5,{'4.0': 5},4.0,YM_627_1.jpg;YM_627_2.jpg;YM_627_3.jpg,singleton_passage,train
YM_burst_1643,YM_Farm2,1,YM_628,6,{'3.75': 6},3.75,YM_628_1.jpg;YM_628_2.jpg;YM_628_3.jpg,singleton_passage,train
YM_burst_1644,YM_Farm2,1,YM_629,5,{'3.25': 5},3.25,YM_629_1.jpg;YM_629_2.jpg;YM_629_3.jpg,singleton_passage,train
YM_burst_1645,YM_Farm2,1,YM_63,6,{'3.5': 6},3.5,YM_63_1.jpg;YM_63_2.jpg;YM_63_3.jpg,singleton_passage,train
YM_burst_1646,YM_Farm2,1,YM_630,6,{'3.75': 6},3.75,YM_630_1.jpg;YM_630_2.jpg;YM_630_3.jpg,singleton_passage,train
YM_burst_1647,YM_Farm2,1,YM_631,11,{'3.75': 11},3.75,YM_631_1.jpg;YM_631_10.jpg;YM_631_11.jpg,singleton_passage,train
YM_burst_1648,YM_Farm2,1,YM_632,13,{'3.5': 13},3.5,YM_632_1.jpg;YM_632_10.jpg;YM_632_11.jpg,singleton_passage,test
YM_burst_1649,YM_Farm2,1,YM_633,9,{'3.75': 9},3.75,YM_633_1.jpg;YM_633_2.jpg;YM_633_3.jpg,singleton_passage,test
YM_burst_1650,YM_Farm2,1,YM_634,9,{'3.5': 9},3.5,YM_634_1.jpg;YM_634_2.jpg;YM_634_3.jpg,singleton_passage,test
YM_burst_1651,YM_Farm2,1,YM_635,6,{'3.75': 6},3.75,YM_635_1.jpg;YM_635_2.jpg;YM_635_3.jpg,singleton_passage,train
YM_burst_1652,YM_Farm2,1,YM_636,3,{'3.75': 3},3.75,YM_636_1.jpg;YM_636_2.jpg;YM_636_3.jpg,singleton_passage,train
YM_burst_1653,YM_Farm2,1,YM_637,3,{'4.0': 3},4.0,YM_637_1.jpg;YM_637_2.jpg;YM_637_3.jpg,singleton_passage,train
YM_burst_1654,YM_Farm2,1,YM_638,10,{'3.75': 10},3.75,YM_638_1.jpg;YM_638_10.jpg;YM_638_2.jpg,singleton_passage,val
YM_burst_1655,YM_Farm2,1,YM_639,8,{'3.5': 8},3.5,YM_639_1.jpg;YM_639_2.jpg;YM_639_3.jpg,singleton_passage,train
YM_burst_1656,YM_Farm2,1,YM_64,6,{'3.75': 6},3.75,YM_64_1.jpg;YM_64_2.jpg;YM_64_3.jpg,singleton_passage,train
YM_burst_1657,YM_Farm2,1,YM_640,4,{'3.5': 4},3.5,YM_640_1.jpg;YM_640_2.jpg;YM_640_3.jpg,singleton_passage,train
YM_burst_1658,YM_Farm2,1,YM_641,7,{'4.0': 7},4.0,YM_641_1.jpg;YM_641_2.jpg;YM_641_3.jpg,singleton_passage,train
YM_burst_1659,YM_Farm2,1,YM_642,4,{'3.5': 4},3.5,YM_642_1.jpg;YM_642_2.jpg;YM_642_3.jpg,singleton_passage,train
YM_burst_1660,YM_Farm2,1,YM_643,13,{'3.75': 13},3.75,YM_643_1.jpg;YM_643_10.jpg;YM_643_11.jpg,singleton_passage,val
YM_burst_1661,YM_Farm2,1,YM_644,8,{'3.5': 8},3.5,YM_644_1.jpg;YM_644_2.jpg;YM_644_3.jpg,singleton_passage,train
YM_burst_1662,YM_Farm2,1,YM_645,15,{'3.75': 15},3.75,YM_645_1.jpg;YM_645_10.jpg;YM_645_11.jpg,singleton_passage,test
YM_burst_1663,YM_Farm2,1,YM_646,6,{'3.75': 6},3.75,YM_646_1.jpg;YM_646_2.jpg;YM_646_3.jpg,singleton_passage,train
YM_burst_1664,YM_Farm2,1,YM_647,6,{'4.0': 6},4.0,YM_647_1.jpg;YM_647_2.jpg;YM_647_3.jpg,singleton_passage,train
YM_burst_1665,YM_Farm2,1,YM_648,12,{'3.75': 12},3.75,YM_648_1.jpg;YM_648_10.jpg;YM_648_11.jpg,singleton_passage,train
YM_burst_1666,YM_Farm2,1,YM_649,11,{'3.75': 11},3.75,YM_649_1.jpg;YM_649_10.jpg;YM_649_11.jpg,singleton_passage,train
YM_burst_1667,YM_Farm2,1,YM_65,5,{'4.25': 5},4.25,YM_65_1.jpg;YM_65_2.jpg;YM_65_3.jpg,singleton_passage,train
YM_burst_1668,YM_Farm2,1,YM_650,9,{'3.5': 9},3.5,YM_650_1.jpg;YM_650_2.jpg;YM_650_3.jpg,singleton_passage,train
YM_burst_1669,YM_Farm2,1,YM_651,18,{'3.75': 18},3.75,YM_651_1.jpg;YM_651_10.jpg;YM_651_11.jpg,singleton_passage,train
YM_burst_1670,YM_Farm2,1,YM_652,9,{'3.75': 9},3.75,YM_652_1.jpg;YM_652_2.jpg;YM_652_3.jpg,singleton_passage,train
YM_burst_1671,YM_Farm2,1,YM_653,9,{'3.75': 9},3.75,YM_653_1.jpg;YM_653_2.jpg;YM_653_3.jpg,singleton_passage,train
YM_burst_1672,YM_Farm2,1,YM_654,4,{'3.75': 4},3.75,YM_654_1.jpg;YM_654_2.jpg;YM_654_3.jpg,singleton_passage,test
YM_burst_1673,YM_Farm2,1,YM_655,7,{'3.75': 7},3.75,YM_655_1.jpg;YM_655_2.jpg;YM_655_3.jpg,singleton_passage,train
YM_burst_1674,YM_Farm2,1,YM_656,8,{'4.0': 8},4.0,YM_656_1.jpg;YM_656_2.jpg;YM_656_3.jpg,singleton_passage,train
YM_burst_1675,YM_Farm2,1,YM_657,18,"{'3.75': 7, '4.0': 11}",4.0,YM_657_1.jpg;YM_657_2.jpg;YM_657_3.jpg,singleton_passage,train
YM_burst_1676,YM_Farm2,1,YM_658,12,{'3.5': 12},3.5,YM_658_1.jpg;YM_658_10.jpg;YM_658_11.jpg,singleton_passage,train
YM_burst_1677,YM_Farm2,1,YM_659,12,{'4.0': 12},4.0,YM_659_1.jpg;YM_659_10.jpg;YM_659_11.jpg,singleton_passage,test
YM_burst_1678,YM_Farm2,1,YM_66,5,{'4.25': 5},4.25,YM_66_1.jpg;YM_66_2.jpg;YM_66_3.jpg,singleton_passage,train
YM_burst_1679,YM_Farm2,1,YM_660,8,{'3.5': 8},3.5,YM_660_1.jpg;YM_660_2.jpg;YM_660_3.jpg,singleton_passage,train
YM_burst_1680,YM_Farm2,1,YM_661,8,{'3.75': 8},3.75,YM_661_1.jpg;YM_661_2.jpg;YM_661_3.jpg,singleton_passage,train
YM_burst_1681,YM_Farm2,1,YM_662,7,{'4.0': 7},4.0,YM_662_1.jpg;YM_662_2.jpg;YM_662_3.jpg,singleton_passage,train
YM_burst_1682,YM_Farm2,1,YM_663,9,{'3.75': 9},3.75,YM_663_1.jpg;YM_663_2.jpg;YM_663_3.jpg,singleton_passage,train
YM_burst_1683,YM_Farm2,1,YM_664,9,{'4.0': 9},4.0,YM_664_1.jpg;YM_664_2.jpg;YM_664_3.jpg,singleton_passage,val
YM_burst_1684,YM_Farm2,1,YM_665,8,{'3.25': 8},3.25,YM_665_1.jpg;YM_665_2.jpg;YM_665_3.jpg,singleton_passage,val
YM_burst_1685,YM_Farm2,1,YM_666,8,{'3.5': 8},3.5,YM_666_1.jpg;YM_666_2.jpg;YM_666_3.jpg,singleton_passage,test
YM_burst_1686,YM_Farm2,1,YM_667,5,{'4.0': 5},4.0,YM_667_1.jpg;YM_667_2.jpg;YM_667_3.jpg,singleton_passage,train
YM_burst_1687,YM_Farm2,1,YM_668,6,{'4.0': 6},4.0,YM_668_1.jpg;YM_668_2.jpg;YM_668_3.jpg,singleton_passage,train
YM_burst_1688,YM_Farm2,1,YM_669,2,{'4.25': 2},4.25,YM_669_1.jpg;YM_669_2.jpg,singleton_passage,train
YM_burst_1689,YM_Farm2,1,YM_67,9,{'4.0': 9},4.0,YM_67_1.jpg;YM_67_2.jpg;YM_67_3.jpg,singleton_passage,train
YM_burst_1690,YM_Farm2,1,YM_670,5,{'4.0': 5},4.0,YM_670_1.jpg;YM_670_2.jpg;YM_670_3.jpg,singleton_passage,train
YM_burst_1691,YM_Farm2,1,YM_671,7,{'4.0': 7},4.0,YM_671_1.jpg;YM_671_2.jpg;YM_671_3.jpg,singleton_passage,train
YM_burst_1692,YM_Farm2,1,YM_672,9,{'4.0': 9},4.0,YM_672_1.jpg;YM_672_2.jpg;YM_672_3.jpg,singleton_passage,val
YM_burst_1693,YM_Farm2,1,YM_673,6,{'3.75': 6},3.75,YM_673_1.jpg;YM_673_2.jpg;YM_673_3.jpg,singleton_passage,val
YM_burst_1694,YM_Farm2,1,YM_674,8,{'3.5': 8},3.5,YM_674_1.jpg;YM_674_2.jpg;YM_674_3.jpg,singleton_passage,train
YM_burst_1695,YM_Farm2,1,YM_675,7,{'3.75': 7},3.75,YM_675_1.jpg;YM_675_2.jpg;YM_675_3.jpg,singleton_passage,train
YM_burst_1696,YM_Farm2,1,YM_676,10,{'3.75': 10},3.75,YM_676_1.jpg;YM_676_10.jpg;YM_676_2.jpg,singleton_passage,train
YM_burst_1697,YM_Farm2,1,YM_677,9,{'4.0': 9},4.0,YM_677_1.jpg;YM_677_2.jpg;YM_677_3.jpg,singleton_passage,train
YM_burst_1698,YM_Farm2,1,YM_678,9,{'3.75': 9},3.75,YM_678_1.jpg;YM_678_2.jpg;YM_678_3.jpg,singleton_passage,train
YM_burst_1699,YM_Farm2,1,YM_679,10,{'3.75': 10},3.75,YM_679_1.jpg;YM_679_10.jpg;YM_679_2.jpg,singleton_passage,test
YM_burst_1700,YM_Farm2,1,YM_68,5,{'4.0': 5},4.0,YM_68_1.jpg;YM_68_2.jpg;YM_68_3.jpg,singleton_passage,train
YM_burst_1701,YM_Farm2,1,YM_680,14,{'4.0': 14},4.0,YM_680_1.jpg;YM_680_10.jpg;YM_680_11.jpg,singleton_passage,test
YM_burst_1702,YM_Farm2,1,YM_681,18,{'4.0': 18},4.0,YM_681_1.jpg;YM_681_10.jpg;YM_681_11.jpg,singleton_passage,train
YM_burst_1703,YM_Farm2,1,YM_682,11,{'4.25': 11},4.25,YM_682_1.jpg;YM_682_10.jpg;YM_682_11.jpg,singleton_passage,test
YM_burst_1704,YM_Farm2,1,YM_683,6,{'4.25': 6},4.25,YM_683_1.jpg;YM_683_2.jpg;YM_683_3.jpg,singleton_passage,val
YM_burst_1705,YM_Farm2,1,YM_684,15,{'4.0': 15},4.0,YM_684_1.jpg;YM_684_10.jpg;YM_684_11.jpg,singleton_passage,test
YM_burst_1706,YM_Farm2,1,YM_685,12,{'4.0': 12},4.0,YM_685_1.jpg;YM_685_10.jpg;YM_685_11.jpg,singleton_passage,train
YM_burst_1707,YM_Farm2,1,YM_686,7,{'3.75': 7},3.75,YM_686_1.jpg;YM_686_2.jpg;YM_686_3.jpg,singleton_passage,train
YM_burst_1708,YM_Farm2,1,YM_687,5,{'3.5': 5},3.5,YM_687_1.jpg;YM_687_2.jpg;YM_687_3.jpg,singleton_passage,train
YM_burst_1709,YM_Farm2,1,YM_688,18,{'4.0': 18},4.0,YM_688_1.jpg;YM_688_10.jpg;YM_688_11.jpg,singleton_passage,val
YM_burst_1710,YM_Farm2,1,YM_689,8,{'3.75': 8},3.75,YM_689_1.jpg;YM_689_2.jpg;YM_689_3.jpg,singleton_passage,train
YM_burst_1711,YM_Farm2,1,YM_69,6,{'3.75': 6},3.75,YM_69_1.jpg;YM_69_2.jpg;YM_69_3.jpg,singleton_passage,val
YM_burst_1712,YM_Farm2,1,YM_690,6,{'3.5': 6},3.5,YM_690_1.jpg;YM_690_2.jpg;YM_690_3.jpg,singleton_passage,train
YM_burst_1713,YM_Farm2,1,YM_691,10,{'4.0': 10},4.0,YM_691_1.jpg;YM_691_10.jpg;YM_691_2.jpg,singleton_passage,test
YM_burst_1714,YM_Farm2,1,YM_692,5,{'3.75': 5},3.75,YM_692_1.jpg;YM_692_2.jpg;YM_692_3.jpg,singleton_passage,train
YM_burst_1715,YM_Farm2,1,YM_693,7,{'3.75': 7},3.75,YM_693_1.jpg;YM_693_2.jpg;YM_693_3.jpg,singleton_passage,val
YM_burst_1716,YM_Farm2,1,YM_694,13,{'3.25': 13},3.25,YM_694_1.jpg;YM_694_10.jpg;YM_694_11.jpg,singleton_passage,train
YM_burst_1717,YM_Farm2,1,YM_695,6,{'3.75': 6},3.75,YM_695_1.jpg;YM_695_2.jpg;YM_695_3.jpg,singleton_passage,val
YM_burst_1718,YM_Farm2,1,YM_696,5,{'3.75': 5},3.75,YM_696_1.jpg;YM_696_2.jpg;YM_696_3.jpg,singleton_passage,train
YM_burst_1719,YM_Farm2,1,YM_697,7,{'4.0': 7},4.0,YM_697_1.jpg;YM_697_2.jpg;YM_697_3.jpg,singleton_passage,train
YM_burst_1720,YM_Farm2,1,YM_698,11,{'3.75': 11},3.75,YM_698_1.jpg;YM_698_10.jpg;YM_698_11.jpg,singleton_passage,test
YM_burst_1721,YM_Farm2,1,YM_699,4,{'4.0': 4},4.0,YM_699_1.jpg;YM_699_2.jpg;YM_699_3.jpg,singleton_passage,train
YM_burst_1722,YM_Farm2,1,YM_7,8,{'3.25': 8},3.25,YM_7_1.jpg;YM_7_2.jpg;YM_7_3.jpg,singleton_passage,train
YM_burst_1723,YM_Farm2,1,YM_70,6,{'3.75': 6},3.75,YM_70_1.jpg;YM_70_2.jpg;YM_70_3.jpg,singleton_passage,train
YM_burst_1724,YM_Farm2,1,YM_700,11,{'4.0': 11},4.0,YM_700_1.jpg;YM_700_10.jpg;YM_700_11.jpg,singleton_passage,train
YM_burst_1725,YM_Farm2,1,YM_701,9,{'4.0': 9},4.0,YM_701_1.jpg;YM_701_2.jpg;YM_701_3.jpg,singleton_passage,train
YM_burst_1726,YM_Farm2,1,YM_702,15,{'3.5': 15},3.5,YM_702_1.jpg;YM_702_10.jpg;YM_702_11.jpg,singleton_passage,test
YM_burst_1727,YM_Farm2,1,YM_703,6,{'3.75': 6},3.75,YM_703_1.jpg;YM_703_2.jpg;YM_703_3.jpg,singleton_passage,train
YM_burst_1728,YM_Farm2,1,YM_704,9,{'4.0': 9},4.0,YM_704_1.jpg;YM_704_2.jpg;YM_704_3.jpg,singleton_passage,train
YM_burst_1729,YM_Farm2,1,YM_705,5,{'4.0': 5},4.0,YM_705_1.jpg;YM_705_2.jpg;YM_705_3.jpg,singleton_passage,train
YM_burst_1730,YM_Farm2,1,YM_706,6,{'3.75': 6},3.75,YM_706_1.jpg;YM_706_2.jpg;YM_706_3.jpg,singleton_passage,val
YM_burst_1731,YM_Farm2,1,YM_707,9,{'3.75': 9},3.75,YM_707_1.jpg;YM_707_2.jpg;YM_707_3.jpg,singleton_passage,train
YM_burst_1732,YM_Farm2,1,YM_708,7,{'3.75': 7},3.75,YM_708_1.jpg;YM_708_2.jpg;YM_708_3.jpg,singleton_passage,train
YM_burst_1733,YM_Farm2,1,YM_709,10,{'4.0': 10},4.0,YM_709_1.jpg;YM_709_10.jpg;YM_709_2.jpg,singleton_passage,train
YM_burst_1734,YM_Farm2,1,YM_71,9,{'4.0': 9},4.0,YM_71_1.jpg;YM_71_2.jpg;YM_71_3.jpg,singleton_passage,test
YM_burst_1735,YM_Farm2,1,YM_710,12,{'3.75': 12},3.75,YM_710_1.jpg;YM_710_10.jpg;YM_710_11.jpg,singleton_passage,train
YM_burst_1736,YM_Farm2,1,YM_711,18,{'3.5': 18},3.5,YM_711_1.jpg;YM_711_10.jpg;YM_711_11.jpg,singleton_passage,val
YM_burst_1737,YM_Farm2,1,YM_712,13,{'4.0': 13},4.0,YM_712_1.jpg;YM_712_10.jpg;YM_712_11.jpg,singleton_passage,val
YM_burst_1738,YM_Farm2,1,YM_713,11,{'3.5': 11},3.5,YM_713_1.jpg;YM_713_10.jpg;YM_713_11.jpg,singleton_passage,train
YM_burst_1739,YM_Farm2,1,YM_714,5,{'3.75': 5},3.75,YM_714_1.jpg;YM_714_2.jpg;YM_714_3.jpg,singleton_passage,test
YM_burst_1740,YM_Farm2,1,YM_715,7,{'3.75': 7},3.75,YM_715_1.jpg;YM_715_2.jpg;YM_715_3.jpg,singleton_passage,train
YM_burst_1741,YM_Farm2,1,YM_716,7,{'4.0': 7},4.0,YM_716_1.jpg;YM_716_2.jpg;YM_716_3.jpg,singleton_passage,test
YM_burst_1742,YM_Farm2,1,YM_717,6,{'3.5': 6},3.5,YM_717_1.jpg;YM_717_2.jpg;YM_717_3.jpg,singleton_passage,train
YM_burst_1743,YM_Farm2,1,YM_718,6,{'3.25': 6},3.25,YM_718_1.jpg;YM_718_2.jpg;YM_718_3.jpg,singleton_passage,train
YM_burst_1744,YM_Farm2,1,YM_719,6,{'3.5': 6},3.5,YM_719_1.jpg;YM_719_2.jpg;YM_719_3.jpg,singleton_passage,val
YM_burst_1745,YM_Farm2,1,YM_72,8,{'4.25': 8},4.25,YM_72_1.jpg;YM_72_2.jpg;YM_72_3.jpg,singleton_passage,val
YM_burst_1746,YM_Farm2,1,YM_720,15,{'3.5': 15},3.5,YM_720_1.jpg;YM_720_10.jpg;YM_720_11.jpg,singleton_passage,val
YM_burst_1747,YM_Farm2,1,YM_721,5,{'4.0': 5},4.0,YM_721_1.jpg;YM_721_2.jpg;YM_721_3.jpg,singleton_passage,train
YM_burst_1748,YM_Farm2,1,YM_722,10,{'3.25': 10},3.25,YM_722_1.jpg;YM_722_10.jpg;YM_722_2.jpg,singleton_passage,train
YM_burst_1749,YM_Farm2,1,YM_723,12,{'4.25': 12},4.25,YM_723_1.jpg;YM_723_10.jpg;YM_723_11.jpg,singleton_passage,test
YM_burst_1750,YM_Farm2,1,YM_724,12,{'3.5': 12},3.5,YM_724_1.jpg;YM_724_10.jpg;YM_724_11.jpg,singleton_passage,train
YM_burst_1751,YM_Farm2,1,YM_725,12,{'3.75': 12},3.75,YM_725_1.jpg;YM_725_10.jpg;YM_725_11.jpg,singleton_passage,val
YM_burst_1752,YM_Farm2,1,YM_726,13,{'3.25': 13},3.25,YM_726_1.jpg;YM_726_10.jpg;YM_726_11.jpg,singleton_passage,train
YM_burst_1753,YM_Farm2,1,YM_727,3,{'3.5': 3},3.5,YM_727_1.jpg;YM_727_2.jpg;YM_727_3.jpg,singleton_passage,train
YM_burst_1754,YM_Farm2,1,YM_728,5,{'4.0': 5},4.0,YM_728_1.jpg;YM_728_2.jpg;YM_728_3.jpg,singleton_passage,test
YM_burst_1755,YM_Farm2,1,YM_729,7,{'4.25': 7},4.25,YM_729_1.jpg;YM_729_2.jpg;YM_729_3.jpg,singleton_passage,train
YM_burst_1756,YM_Farm2,1,YM_73,7,{'3.5': 7},3.5,YM_73_1.jpg;YM_73_2.jpg;YM_73_3.jpg,singleton_passage,train
YM_burst_1757,YM_Farm2,1,YM_730,5,{'3.25': 5},3.25,YM_730_1.jpg;YM_730_2.jpg;YM_730_3.jpg,singleton_passage,train
YM_burst_1758,YM_Farm2,1,YM_731,4,{'3.75': 4},3.75,YM_731_1.jpg;YM_731_2.jpg;YM_731_3.jpg,singleton_passage,val
YM_burst_1759,YM_Farm2,1,YM_732,9,{'3.75': 9},3.75,YM_732_1.jpg;YM_732_2.jpg;YM_732_3.jpg,singleton_passage,train
YM_burst_1760,YM_Farm2,1,YM_733,4,{'4.25': 4},4.25,YM_733_1.jpg;YM_733_2.jpg;YM_733_3.jpg,singleton_passage,val
YM_burst_1761,YM_Farm2,1,YM_734,5,{'4.0': 5},4.0,YM_734_1.jpg;YM_734_2.jpg;YM_734_3.jpg,singleton_passage,val
YM_burst_1762,YM_Farm2,1,YM_735,6,{'4.25': 6},4.25,YM_735_1.jpg;YM_735_2.jpg;YM_735_3.jpg,singleton_passage,train
YM_burst_1763,YM_Farm2,1,YM_736,6,{'4.0': 6},4.0,YM_736_1.jpg;YM_736_2.jpg;YM_736_3.jpg,singleton_passage,train
YM_burst_1764,YM_Farm2,1,YM_737,7,{'3.75': 7},3.75,YM_737_1.jpg;YM_737_2.jpg;YM_737_3.jpg,singleton_passage,train
YM_burst_1765,YM_Farm2,1,YM_738,15,{'3.5': 15},3.5,YM_738_1.jpg;YM_738_10.jpg;YM_738_11.jpg,singleton_passage,val
YM_burst_1766,YM_Farm2,1,YM_739,16,{'3.75': 16},3.75,YM_739_1.jpg;YM_739_10.jpg;YM_739_11.jpg,singleton_passage,val
YM_burst_1767,YM_Farm2,1,YM_74,9,{'4.0': 9},4.0,YM_74_1.jpg;YM_74_2.jpg;YM_74_3.jpg,singleton_passage,train
YM_burst_1768,YM_Farm2,1,YM_740,19,{'4.0': 19},4.0,YM_740_1.jpg;YM_740_10.jpg;YM_740_11.jpg,singleton_passage,train
YM_burst_1769,YM_Farm2,1,YM_741,6,{'3.75': 6},3.75,YM_741_1.jpg;YM_741_2.jpg;YM_741_3.jpg,singleton_passage,train
YM_burst_1770,YM_Farm2,1,YM_742,8,{'3.5': 8},3.5,YM_742_1.jpg;YM_742_2.jpg;YM_742_3.jpg,singleton_passage,train
YM_burst_1771,YM_Farm2,1,YM_743,7,{'3.5': 7},3.5,YM_743_1.jpg;YM_743_2.jpg;YM_743_3.jpg,singleton_passage,train
YM_burst_1772,YM_Farm2,1,YM_744,4,{'4.0': 4},4.0,YM_744_1.jpg;YM_744_2.jpg;YM_744_3.jpg,singleton_passage,train
YM_burst_1773,YM_Farm2,1,YM_745,8,{'4.0': 8},4.0,YM_745_1.jpg;YM_745_2.jpg;YM_745_3.jpg,singleton_passage,train
YM_burst_1774,YM_Farm2,1,YM_746,8,{'3.5': 8},3.5,YM_746_1.jpg;YM_746_2.jpg;YM_746_3.jpg,singleton_passage,train
YM_burst_1775,YM_Farm2,1,YM_747,7,{'4.0': 7},4.0,YM_747_1.jpg;YM_747_2.jpg;YM_747_3.jpg,singleton_passage,train
YM_burst_1776,YM_Farm2,1,YM_748,7,{'4.0': 7},4.0,YM_748_1.jpg;YM_748_2.jpg;YM_748_3.jpg,singleton_passage,train
YM_burst_1777,YM_Farm2,1,YM_749,14,{'4.0': 14},4.0,YM_749_1.jpg;YM_749_10.jpg;YM_749_11.jpg,singleton_passage,train
YM_burst_1778,YM_Farm2,1,YM_75,8,{'3.5': 8},3.5,YM_75_1.jpg;YM_75_2.jpg;YM_75_3.jpg,singleton_passage,train
YM_burst_1779,YM_Farm2,1,YM_750,12,{'4.0': 12},4.0,YM_750_1.jpg;YM_750_10.jpg;YM_750_11.jpg,singleton_passage,train
YM_burst_1780,YM_Farm2,1,YM_751,4,{'4.25': 4},4.25,YM_751_1.jpg;YM_751_2.jpg;YM_751_3.jpg,singleton_passage,train
YM_burst_1781,YM_Farm2,1,YM_752,3,{'4.0': 3},4.0,YM_752_1.jpg;YM_752_2.jpg;YM_752_3.jpg,singleton_passage,train
YM_burst_1782,YM_Farm2,1,YM_753,5,{'4.25': 5},4.25,YM_753_1.jpg;YM_753_2.jpg;YM_753_3.jpg,singleton_passage,train
YM_burst_1783,YM_Farm2,1,YM_754,4,{'4.25': 4},4.25,YM_754_1.jpg;YM_754_2.jpg;YM_754_3.jpg,singleton_passage,train
YM_burst_1784,YM_Farm2,1,YM_755,6,{'3.75': 6},3.75,YM_755_1.jpg;YM_755_2.jpg;YM_755_3.jpg,singleton_passage,train
YM_burst_1785,YM_Farm2,1,YM_756,5,{'3.5': 5},3.5,YM_756_1.jpg;YM_756_2.jpg;YM_756_3.jpg,singleton_passage,train
YM_burst_1786,YM_Farm2,1,YM_757,7,{'3.75': 7},3.75,YM_757_1.jpg;YM_757_2.jpg;YM_757_3.jpg,singleton_passage,train
YM_burst_1787,YM_Farm2,1,YM_758,2,{'4.25': 2},4.25,YM_758_1.jpg;YM_758_2.jpg,singleton_passage,train
YM_burst_1788,YM_Farm2,1,YM_759,3,{'3.25': 3},3.25,YM_759_1.jpg;YM_759_2.jpg;YM_759_3.jpg,singleton_passage,train
YM_burst_1789,YM_Farm2,1,YM_76,9,{'3.75': 9},3.75,YM_76_1.jpg;YM_76_2.jpg;YM_76_3.jpg,singleton_passage,val
YM_burst_1790,YM_Farm2,1,YM_760,12,{'3.5': 12},3.5,YM_760_1.jpg;YM_760_10.jpg;YM_760_11.jpg,singleton_passage,train
YM_burst_1791,YM_Farm2,1,YM_761,21,{'4.0': 21},4.0,YM_761_1.jpg;YM_761_10.jpg;YM_761_11.jpg,singleton_passage,train
YM_burst_1792,YM_Farm2,1,YM_762,13,{'3.25': 13},3.25,YM_762_1.jpg;YM_762_10.jpg;YM_762_11.jpg,singleton_passage,train
YM_burst_1793,YM_Farm2,1,YM_763,7,{'3.75': 7},3.75,YM_763_1.jpg;YM_763_2.jpg;YM_763_3.jpg,singleton_passage,train
YM_burst_1794,YM_Farm2,1,YM_764,9,{'4.0': 9},4.0,YM_764_1.jpg;YM_764_2.jpg;YM_764_3.jpg,singleton_passage,train
YM_burst_1795,YM_Farm2,1,YM_765,8,{'3.75': 8},3.75,YM_765_1.jpg;YM_765_2.jpg;YM_765_3.jpg,singleton_passage,val
YM_burst_1796,YM_Farm2,1,YM_766,12,{'4.25': 12},4.25,YM_766_1.jpg;YM_766_10.jpg;YM_766_11.jpg,singleton_passage,val
YM_burst_1797,YM_Farm2,1,YM_767,12,{'3.25': 12},3.25,YM_767_1.jpg;YM_767_10.jpg;YM_767_11.jpg,singleton_passage,train
YM_burst_1798,YM_Farm2,1,YM_768,12,{'4.0': 12},4.0,YM_768_1.jpg;YM_768_10.jpg;YM_768_11.jpg,singleton_passage,train
YM_burst_1799,YM_Farm2,1,YM_769,10,{'3.5': 10},3.5,YM_769_1.jpg;YM_769_10.jpg;YM_769_2.jpg,singleton_passage,train
YM_burst_1800,YM_Farm2,1,YM_77,7,{'3.5': 7},3.5,YM_77_1.jpg;YM_77_2.jpg;YM_77_3.jpg,singleton_passage,train
YM_burst_1801,YM_Farm2,1,YM_770,20,{'3.25': 20},3.25,YM_770_1.jpg;YM_770_10.jpg;YM_770_11.jpg,singleton_passage,train
YM_burst_1802,YM_Farm2,1,YM_771,15,{'3.5': 15},3.5,YM_771_1.jpg;YM_771_10.jpg;YM_771_11.jpg,singleton_passage,train
YM_burst_1803,YM_Farm2,1,YM_772,7,{'4.0': 7},4.0,YM_772_1.jpg;YM_772_2.jpg;YM_772_3.jpg,singleton_passage,train
YM_burst_1804,YM_Farm2,1,YM_773,6,{'3.75': 6},3.75,YM_773_1.jpg;YM_773_2.jpg;YM_773_3.jpg,singleton_passage,train
YM_burst_1805,YM_Farm2,1,YM_774,5,{'4.25': 5},4.25,YM_774_1.jpg;YM_774_2.jpg;YM_774_3.jpg,singleton_passage,train
YM_burst_1806,YM_Farm2,1,YM_775,7,{'3.75': 7},3.75,YM_775_1.jpg;YM_775_2.jpg;YM_775_3.jpg,singleton_passage,train
YM_burst_1807,YM_Farm2,1,YM_776,7,{'4.25': 7},4.25,YM_776_1.jpg;YM_776_2.jpg;YM_776_3.jpg,singleton_passage,train
YM_burst_1808,YM_Farm2,1,YM_777,5,{'3.75': 5},3.75,YM_777_1.jpg;YM_777_2.jpg;YM_777_3.jpg,singleton_passage,val
YM_burst_1809,YM_Farm2,1,YM_778,7,{'4.0': 7},4.0,YM_778_1.jpg;YM_778_2.jpg;YM_778_3.jpg,singleton_passage,train
YM_burst_1810,YM_Farm2,1,YM_779,8,{'4.0': 8},4.0,YM_779_1.jpg;YM_779_2.jpg;YM_779_3.jpg,singleton_passage,train
YM_burst_1811,YM_Farm2,1,YM_78,5,{'3.75': 5},3.75,YM_78_1.jpg;YM_78_2.jpg;YM_78_3.jpg,singleton_passage,train
YM_burst_1812,YM_Farm2,1,YM_780,7,{'3.75': 7},3.75,YM_780_1.jpg;YM_780_2.jpg;YM_780_3.jpg,singleton_passage,test
YM_burst_1813,YM_Farm2,1,YM_781,8,{'3.5': 8},3.5,YM_781_1.jpg;YM_781_2.jpg;YM_781_3.jpg,singleton_passage,train
YM_burst_1814,YM_Farm2,1,YM_782,7,{'4.25': 7},4.25,YM_782_1.jpg;YM_782_2.jpg;YM_782_3.jpg,singleton_passage,train
YM_burst_1815,YM_Farm2,1,YM_783,12,{'3.75': 12},3.75,YM_783_1.jpg;YM_783_10.jpg;YM_783_11.jpg,singleton_passage,train
YM_burst_1816,YM_Farm2,1,YM_784,23,{'4.0': 23},4.0,YM_784_1.jpg;YM_784_10.jpg;YM_784_11.jpg,singleton_passage,train
YM_burst_1817,YM_Farm2,1,YM_785,11,{'4.0': 11},4.0,YM_785_1.jpg;YM_785_10.jpg;YM_785_11.jpg,singleton_passage,train
YM_burst_1818,YM_Farm2,1,YM_786,6,{'3.25': 6},3.25,YM_786_1.jpg;YM_786_2.jpg;YM_786_3.jpg,singleton_passage,train
YM_burst_1819,YM_Farm2,1,YM_787,4,{'4.0': 4},4.0,YM_787_1.jpg;YM_787_2.jpg;YM_787_3.jpg,singleton_passage,train
YM_burst_1820,YM_Farm2,1,YM_788,8,{'4.0': 8},4.0,YM_788_1.jpg;YM_788_2.jpg;YM_788_3.jpg,singleton_passage,train
YM_burst_1821,YM_Farm2,1,YM_789,14,{'3.5': 14},3.5,YM_789_1.jpg;YM_789_10.jpg;YM_789_11.jpg,singleton_passage,val
YM_burst_1822,YM_Farm2,1,YM_79,6,{'4.0': 6},4.0,YM_79_1.jpg;YM_79_2.jpg;YM_79_3.jpg,singleton_passage,train
YM_burst_1823,YM_Farm2,1,YM_790,6,{'3.5': 6},3.5,YM_790_1.jpg;YM_790_2.jpg;YM_790_3.jpg,singleton_passage,train
YM_burst_1824,YM_Farm2,1,YM_791,6,{'3.75': 6},3.75,YM_791_1.jpg;YM_791_2.jpg;YM_791_3.jpg,singleton_passage,train
YM_burst_1825,YM_Farm2,1,YM_792,4,{'3.75': 4},3.75,YM_792_1.jpg;YM_792_2.jpg;YM_792_3.jpg,singleton_passage,train
YM_burst_1826,YM_Farm2,1,YM_793,8,{'3.25': 8},3.25,YM_793_1.jpg;YM_793_2.jpg;YM_793_3.jpg,singleton_passage,val
YM_burst_1827,YM_Farm2,1,YM_794,6,{'3.5': 6},3.5,YM_794_1.jpg;YM_794_2.jpg;YM_794_3.jpg,singleton_passage,train
YM_burst_1828,YM_Farm2,1,YM_795,15,{'3.25': 15},3.25,YM_795_1.jpg;YM_795_10.jpg;YM_795_11.jpg,singleton_passage,train
YM_burst_1829,YM_Farm2,1,YM_796,21,{'3.25': 21},3.25,YM_796_1.jpg;YM_796_10.jpg;YM_796_11.jpg,singleton_passage,train
YM_burst_1830,YM_Farm2,1,YM_797,6,{'4.0': 6},4.0,YM_797_1.jpg;YM_797_2.jpg;YM_797_3.jpg,singleton_passage,train
YM_burst_1831,YM_Farm2,1,YM_798,6,{'4.0': 6},4.0,YM_798_1.jpg;YM_798_2.jpg;YM_798_3.jpg,singleton_passage,train
YM_burst_1832,YM_Farm2,1,YM_799,5,{'3.25': 5},3.25,YM_799_1.jpg;YM_799_2.jpg;YM_799_3.jpg,singleton_passage,val
YM_burst_1833,YM_Farm2,1,YM_8,2,{'3.5': 2},3.5,YM_8_1.jpg;YM_8_2.jpg,singleton_passage,test
YM_burst_1834,YM_Farm2,1,YM_80,6,{'4.25': 6},4.25,YM_80_1.jpg;YM_80_2.jpg;YM_80_3.jpg,singleton_passage,train
YM_burst_1835,YM_Farm2,1,YM_800,8,{'3.25': 8},3.25,YM_800_1.jpg;YM_800_2.jpg;YM_800_3.jpg,singleton_passage,train
YM_burst_1836,YM_Farm2,1,YM_801,17,{'3.75': 17},3.75,YM_801_1.jpg;YM_801_10.jpg;YM_801_11.jpg,singleton_passage,test
YM_burst_1837,YM_Farm2,1,YM_802,20,{'4.0': 20},4.0,YM_802_1.jpg;YM_802_10.jpg;YM_802_11.jpg,singleton_passage,val
YM_burst_1838,YM_Farm2,1,YM_803,17,"{'4.0': 13, '4.25': 4}",4.0,YM_803_1.jpg;YM_803_10.jpg;YM_803_11.jpg,singleton_passage,train
YM_burst_1839,YM_Farm2,1,YM_804,8,{'3.25': 8},3.25,YM_804_1.jpg;YM_804_2.jpg;YM_804_3.jpg,singleton_passage,val
YM_burst_1840,YM_Farm2,1,YM_805,6,{'3.25': 6},3.25,YM_805_1.jpg;YM_805_2.jpg;YM_805_3.jpg,singleton_passage,test
YM_burst_1841,YM_Farm2,1,YM_806,14,{'4.0': 14},4.0,YM_806_1.jpg;YM_806_10.jpg;YM_806_11.jpg,singleton_passage,train
YM_burst_1842,YM_Farm2,1,YM_807,10,{'4.0': 10},4.0,YM_807_1.jpg;YM_807_10.jpg;YM_807_2.jpg,singleton_passage,train
YM_burst_1843,YM_Farm2,1,YM_808,18,{'3.5': 18},3.5,YM_808_1.jpg;YM_808_10.jpg;YM_808_11.jpg,singleton_passage,train
YM_burst_1844,YM_Farm2,1,YM_809,17,{'3.75': 17},3.75,YM_809_1.jpg;YM_809_10.jpg;YM_809_11.jpg,singleton_passage,train
YM_burst_1845,YM_Farm2,1,YM_81,11,{'3.75': 11},3.75,YM_81_1.jpg;YM_81_10.jpg;YM_81_11.jpg,singleton_passage,test
YM_burst_1846,YM_Farm2,1,YM_810,2,{'4.0': 2},4.0,YM_810_1.jpg;YM_810_2.jpg,singleton_passage,train
YM_burst_1847,YM_Farm2,1,YM_811,3,{'4.0': 3},4.0,YM_811_1.jpg;YM_811_2.jpg;YM_811_3.jpg,singleton_passage,train
YM_burst_1848,YM_Farm2,1,YM_812,5,{'4.0': 5},4.0,YM_812_1.jpg;YM_812_2.jpg;YM_812_3.jpg,singleton_passage,train
YM_burst_1849,YM_Farm2,1,YM_813,8,{'4.25': 8},4.25,YM_813_1.jpg;YM_813_2.jpg;YM_813_3.jpg,singleton_passage,train
YM_burst_1850,YM_Farm2,1,YM_814,6,{'4.25': 6},4.25,YM_814_1.jpg;YM_814_2.jpg;YM_814_3.jpg,singleton_passage,train
YM_burst_1851,YM_Farm2,1,YM_815,4,{'4.25': 4},4.25,YM_815_1.jpg;YM_815_2.jpg;YM_815_3.jpg,singleton_passage,test
YM_burst_1852,YM_Farm2,1,YM_816,4,{'4.0': 4},4.0,YM_816_1.jpg;YM_816_2.jpg;YM_816_3.jpg,singleton_passage,val
YM_burst_1853,YM_Farm2,1,YM_817,13,{'3.5': 13},3.5,YM_817_1.jpg;YM_817_10.jpg;YM_817_11.jpg,singleton_passage,test
YM_burst_1854,YM_Farm2,1,YM_818,10,{'3.75': 10},3.75,YM_818_1.jpg;YM_818_10.jpg;YM_818_2.jpg,singleton_passage,train
YM_burst_1855,YM_Farm2,1,YM_819,4,{'4.0': 4},4.0,YM_819_1.jpg;YM_819_2.jpg;YM_819_3.jpg,singleton_passage,test
YM_burst_1856,YM_Farm2,1,YM_82,5,{'3.75': 5},3.75,YM_82_1.jpg;YM_82_2.jpg;YM_82_3.jpg,singleton_passage,test
YM_burst_1857,YM_Farm2,1,YM_820,14,{'3.75': 14},3.75,YM_820_1.jpg;YM_820_10.jpg;YM_820_11.jpg,singleton_passage,test
YM_burst_1858,YM_Farm2,1,YM_821,4,{'3.75': 4},3.75,YM_821_1.jpg;YM_821_2.jpg;YM_821_3.jpg,singleton_passage,train
YM_burst_1859,YM_Farm2,1,YM_822,10,{'4.0': 10},4.0,YM_822_1.jpg;YM_822_10.jpg;YM_822_2.jpg,singleton_passage,train
YM_burst_1860,YM_Farm2,1,YM_823,7,{'3.5': 7},3.5,YM_823_1.jpg;YM_823_2.jpg;YM_823_3.jpg,singleton_passage,train
YM_burst_1861,YM_Farm2,1,YM_824,5,{'3.75': 5},3.75,YM_824_1.jpg;YM_824_2.jpg;YM_824_3.jpg,singleton_passage,train
YM_burst_1862,YM_Farm2,1,YM_825,11,{'4.0': 11},4.0,YM_825_1.jpg;YM_825_10.jpg;YM_825_11.jpg,singleton_passage,train
YM_burst_1863,YM_Farm2,1,YM_826,4,{'4.0': 4},4.0,YM_826_1.jpg;YM_826_2.jpg;YM_826_3.jpg,singleton_passage,test
YM_burst_1864,YM_Farm2,1,YM_827,17,{'4.0': 17},4.0,YM_827_1.jpg;YM_827_10.jpg;YM_827_11.jpg,singleton_passage,val
YM_burst_1865,YM_Farm2,1,YM_828,9,{'3.25': 9},3.25,YM_828_1.jpg;YM_828_2.jpg;YM_828_3.jpg,singleton_passage,train
YM_burst_1866,YM_Farm2,1,YM_829,19,{'3.25': 19},3.25,YM_829_1.jpg;YM_829_10.jpg;YM_829_11.jpg,singleton_passage,test
YM_burst_1867,YM_Farm2,1,YM_83,11,{'3.75': 11},3.75,YM_83_1.jpg;YM_83_10.jpg;YM_83_11.jpg,singleton_passage,val
YM_burst_1868,YM_Farm2,1,YM_830,5,{'3.5': 5},3.5,YM_830_1.jpg;YM_830_2.jpg;YM_830_3.jpg,singleton_passage,train
YM_burst_1869,YM_Farm2,1,YM_831,12,{'3.75': 12},3.75,YM_831_1.jpg;YM_831_10.jpg;YM_831_11.jpg,singleton_passage,train
YM_burst_1870,YM_Farm2,1,YM_832,4,{'3.5': 4},3.5,YM_832_1.jpg;YM_832_2.jpg;YM_832_3.jpg,singleton_passage,train
YM_burst_1871,YM_Farm2,1,YM_833,2,{'3.5': 2},3.5,YM_833_1.jpg;YM_833_2.jpg,singleton_passage,train
YM_burst_1872,YM_Farm2,1,YM_834,5,{'4.0': 5},4.0,YM_834_1.jpg;YM_834_2.jpg;YM_834_3.jpg,singleton_passage,train
YM_burst_1873,YM_Farm2,1,YM_835,5,{'3.5': 5},3.5,YM_835_1.jpg;YM_835_2.jpg;YM_835_3.jpg,singleton_passage,train
YM_burst_1874,YM_Farm2,1,YM_836,7,{'3.75': 7},3.75,YM_836_1.jpg;YM_836_2.jpg;YM_836_3.jpg,singleton_passage,train
YM_burst_1875,YM_Farm2,1,YM_837,4,{'3.75': 4},3.75,YM_837_1.jpg;YM_837_2.jpg;YM_837_3.jpg,singleton_passage,train
YM_burst_1876,YM_Farm2,1,YM_838,3,{'4.0': 3},4.0,YM_838_1.jpg;YM_838_2.jpg;YM_838_3.jpg,singleton_passage,test
YM_burst_1877,YM_Farm2,1,YM_839,8,{'3.75': 8},3.75,YM_839_1.jpg;YM_839_2.jpg;YM_839_3.jpg,singleton_passage,test
YM_burst_1878,YM_Farm2,1,YM_84,5,{'3.5': 5},3.5,YM_84_1.jpg;YM_84_2.jpg;YM_84_3.jpg,singleton_passage,train
YM_burst_1879,YM_Farm2,1,YM_840,15,{'4.25': 15},4.25,YM_840_1.jpg;YM_840_10.jpg;YM_840_11.jpg,singleton_passage,test
YM_burst_1880,YM_Farm2,1,YM_841,17,{'4.0': 17},4.0,YM_841_1.jpg;YM_841_10.jpg;YM_841_11.jpg,singleton_passage,val
YM_burst_1881,YM_Farm2,1,YM_842,14,{'3.75': 14},3.75,YM_842_1.jpg;YM_842_10.jpg;YM_842_11.jpg,singleton_passage,train
YM_burst_1882,YM_Farm2,1,YM_843,13,"{'3.25': 4, '4.0': 9}",4.0,YM_843_10.jpg;YM_843_11.jpg;YM_843_12.jpg,singleton_passage,train
YM_burst_1883,YM_Farm2,1,YM_844,5,{'3.25': 5},3.25,YM_844_1.jpg;YM_844_2.jpg;YM_844_3.jpg,singleton_passage,train
YM_burst_1884,YM_Farm2,1,YM_845,6,{'4.0': 6},4.0,YM_845_1.jpg;YM_845_2.jpg;YM_845_3.jpg,singleton_passage,train
YM_burst_1885,YM_Farm2,1,YM_846,4,{'4.0': 4},4.0,YM_846_1.jpg;YM_846_2.jpg;YM_846_3.jpg,singleton_passage,train
YM_burst_1886,YM_Farm2,1,YM_847,6,{'3.5': 6},3.5,YM_847_1.jpg;YM_847_2.jpg;YM_847_3.jpg,singleton_passage,test
YM_burst_1887,YM_Farm2,1,YM_848,5,{'3.75': 5},3.75,YM_848_1.jpg;YM_848_2.jpg;YM_848_3.jpg,singleton_passage,train
YM_burst_1888,YM_Farm2,1,YM_849,5,{'3.25': 5},3.25,YM_849_1.jpg;YM_849_2.jpg;YM_849_3.jpg,singleton_passage,val
YM_burst_1889,YM_Farm2,1,YM_85,8,{'3.5': 8},3.5,YM_85_1.jpg;YM_85_2.jpg;YM_85_3.jpg,singleton_passage,train
YM_burst_1890,YM_Farm2,1,YM_850,10,{'4.0': 10},4.0,YM_850_1.jpg;YM_850_10.jpg;YM_850_2.jpg,singleton_passage,val
YM_burst_1891,YM_Farm2,1,YM_851,4,{'4.25': 4},4.25,YM_851_1.jpg;YM_851_2.jpg;YM_851_3.jpg,singleton_passage,train
YM_burst_1892,YM_Farm2,1,YM_852,3,{'3.5': 3},3.5,YM_852_1.jpg;YM_852_2.jpg;YM_852_3.jpg,singleton_passage,train
YM_burst_1893,YM_Farm2,1,YM_853,5,{'4.0': 5},4.0,YM_853_1.jpg;YM_853_2.jpg;YM_853_3.jpg,singleton_passage,train
YM_burst_1894,YM_Farm2,1,YM_854,7,{'4.0': 7},4.0,YM_854_1.jpg;YM_854_2.jpg;YM_854_3.jpg,singleton_passage,train
YM_burst_1895,YM_Farm2,1,YM_855,3,{'4.0': 3},4.0,YM_855_1.jpg;YM_855_2.jpg;YM_855_3.jpg,singleton_passage,test
YM_burst_1896,YM_Farm2,1,YM_856,6,{'3.5': 6},3.5,YM_856_1.jpg;YM_856_2.jpg;YM_856_3.jpg,singleton_passage,train
YM_burst_1897,YM_Farm2,1,YM_857,4,{'3.5': 4},3.5,YM_857_1.jpg;YM_857_2.jpg;YM_857_3.jpg,singleton_passage,train
YM_burst_1898,YM_Farm2,1,YM_858,6,{'4.0': 6},4.0,YM_858_1.jpg;YM_858_2.jpg;YM_858_3.jpg,singleton_passage,train
YM_burst_1899,YM_Farm2,1,YM_859,3,{'3.75': 3},3.75,YM_859_1.jpg;YM_859_2.jpg;YM_859_3.jpg,singleton_passage,train
YM_burst_1900,YM_Farm2,1,YM_86,8,{'3.5': 8},3.5,YM_86_1.jpg;YM_86_2.jpg;YM_86_3.jpg,singleton_passage,test
YM_burst_1901,YM_Farm2,1,YM_860,4,{'4.0': 4},4.0,YM_860_1.jpg;YM_860_2.jpg;YM_860_3.jpg,singleton_passage,train
YM_burst_1902,YM_Farm2,1,YM_861,5,{'3.75': 5},3.75,YM_861_1.jpg;YM_861_2.jpg;YM_861_3.jpg,singleton_passage,train
YM_burst_1903,YM_Farm2,1,YM_862,6,{'3.25': 6},3.25,YM_862_1.jpg;YM_862_2.jpg;YM_862_3.jpg,singleton_passage,test
YM_burst_1904,YM_Farm2,1,YM_863,10,{'3.75': 10},3.75,YM_863_1.jpg;YM_863_10.jpg;YM_863_2.jpg,singleton_passage,val
YM_burst_1905,YM_Farm2,1,YM_864,15,"{'3.25': 11, '3.75': 4}",3.25,YM_864_1.jpg;YM_864_10.jpg;YM_864_11.jpg,singleton_passage,test
YM_burst_1906,YM_Farm2,1,YM_865,6,{'4.0': 6},4.0,YM_865_1.jpg;YM_865_2.jpg;YM_865_3.jpg,singleton_passage,test
YM_burst_1907,YM_Farm2,1,YM_866,9,{'3.5': 9},3.5,YM_866_1.jpg;YM_866_2.jpg;YM_866_3.jpg,singleton_passage,val
YM_burst_1908,YM_Farm2,1,YM_867,13,{'4.0': 13},4.0,YM_867_1.jpg;YM_867_10.jpg;YM_867_11.jpg,singleton_passage,train
YM_burst_1909,YM_Farm2,1,YM_868,12,{'3.75': 12},3.75,YM_868_1.jpg;YM_868_10.jpg;YM_868_11.jpg,singleton_passage,train
YM_burst_1910,YM_Farm2,1,YM_869,6,{'3.25': 6},3.25,YM_869_1.jpg;YM_869_2.jpg;YM_869_3.jpg,singleton_passage,train
YM_burst_1911,YM_Farm2,1,YM_87,6,{'3.75': 6},3.75,YM_87_1.jpg;YM_87_2.jpg;YM_87_3.jpg,singleton_passage,train
YM_burst_1912,YM_Farm2,1,YM_870,16,{'3.75': 16},3.75,YM_870_1.jpg;YM_870_10.jpg;YM_870_11.jpg,singleton_passage,train
YM_burst_1913,YM_Farm2,1,YM_871,19,{'3.25': 19},3.25,YM_871_1.jpg;YM_871_10.jpg;YM_871_11.jpg,singleton_passage,train
YM_burst_1914,YM_Farm2,1,YM_872,5,{'3.5': 5},3.5,YM_872_1.jpg;YM_872_2.jpg;YM_872_3.jpg,singleton_passage,train
YM_burst_1915,YM_Farm2,1,YM_873,4,{'3.75': 4},3.75,YM_873_1.jpg;YM_873_2.jpg;YM_873_3.jpg,singleton_passage,train
YM_burst_1916,YM_Farm2,1,YM_874,8,{'4.0': 8},4.0,YM_874_1.jpg;YM_874_2.jpg;YM_874_3.jpg,singleton_passage,train
YM_burst_1917,YM_Farm2,1,YM_875,2,{'4.0': 2},4.0,YM_875_1.jpg;YM_875_2.jpg,singleton_passage,train
YM_burst_1918,YM_Farm2,1,YM_876,7,{'4.25': 7},4.25,YM_876_1.jpg;YM_876_2.jpg;YM_876_3.jpg,singleton_passage,val
YM_burst_1919,YM_Farm2,1,YM_877,11,{'3.75': 11},3.75,YM_877_1.jpg;YM_877_10.jpg;YM_877_11.jpg,singleton_passage,train
YM_burst_1920,YM_Farm2,1,YM_878,6,{'3.75': 6},3.75,YM_878_1.jpg;YM_878_2.jpg;YM_878_3.jpg,singleton_passage,test
YM_burst_1921,YM_Farm2,1,YM_879,4,{'3.75': 4},3.75,YM_879_1.jpg;YM_879_2.jpg;YM_879_3.jpg,singleton_passage,train
YM_burst_1922,YM_Farm2,1,YM_88,5,{'3.75': 5},3.75,YM_88_1.jpg;YM_88_2.jpg;YM_88_3.jpg,singleton_passage,train
YM_burst_1923,YM_Farm2,1,YM_880,11,"{'3.75': 5, '4.0': 6}",4.0,YM_880_1.jpg;YM_880_2.jpg;YM_880_3.jpg,singleton_passage,train
YM_burst_1924,YM_Farm2,1,YM_881,8,{'3.75': 8},3.75,YM_881_1.jpg;YM_881_2.jpg;YM_881_3.jpg,singleton_passage,train
YM_burst_1925,YM_Farm2,1,YM_882,7,{'4.0': 7},4.0,YM_882_1.jpg;YM_882_2.jpg;YM_882_3.jpg,singleton_passage,test
YM_burst_1926,YM_Farm2,1,YM_883,9,{'4.0': 9},4.0,YM_883_1.jpg;YM_883_2.jpg;YM_883_3.jpg,singleton_passage,val
YM_burst_1927,YM_Farm2,1,YM_884,4,{'3.75': 4},3.75,YM_884_1.jpg;YM_884_2.jpg;YM_884_3.jpg,singleton_passage,train
YM_burst_1928,YM_Farm2,1,YM_885,8,{'4.0': 8},4.0,YM_885_1.jpg;YM_885_2.jpg;YM_885_3.jpg,singleton_passage,train
YM_burst_1929,YM_Farm2,1,YM_886,10,{'3.5': 10},3.5,YM_886_1.jpg;YM_886_10.jpg;YM_886_2.jpg,singleton_passage,train
YM_burst_1930,YM_Farm2,1,YM_887,8,{'3.25': 8},3.25,YM_887_1.jpg;YM_887_2.jpg;YM_887_3.jpg,singleton_passage,train
YM_burst_1931,YM_Farm2,1,YM_888,8,{'3.75': 8},3.75,YM_888_1.jpg;YM_888_2.jpg;YM_888_3.jpg,singleton_passage,train
YM_burst_1932,YM_Farm2,1,YM_889,11,{'3.75': 11},3.75,YM_889_1.jpg;YM_889_10.jpg;YM_889_11.jpg,singleton_passage,train
YM_burst_1933,YM_Farm2,1,YM_89,9,{'3.5': 9},3.5,YM_89_1.jpg;YM_89_2.jpg;YM_89_3.jpg,singleton_passage,train
YM_burst_1934,YM_Farm2,1,YM_890,7,{'3.25': 7},3.25,YM_890_1.jpg;YM_890_2.jpg;YM_890_3.jpg,singleton_passage,train
YM_burst_1935,YM_Farm2,1,YM_891,7,{'3.25': 7},3.25,YM_891_1.jpg;YM_891_2.jpg;YM_891_3.jpg,singleton_passage,train
YM_burst_1936,YM_Farm2,1,YM_892,10,"{'3.25': 7, '4.0': 3}",3.25,YM_892_1.jpg;YM_892_2.jpg;YM_892_3.jpg,singleton_passage,train
YM_burst_1937,YM_Farm2,1,YM_893,5,{'4.25': 5},4.25,YM_893_1.jpg;YM_893_2.jpg;YM_893_3.jpg,singleton_passage,train
YM_burst_1938,YM_Farm2,1,YM_894,8,{'3.25': 8},3.25,YM_894_1.jpg;YM_894_2.jpg;YM_894_3.jpg,singleton_passage,train
YM_burst_1939,YM_Farm2,1,YM_895,10,{'3.25': 10},3.25,YM_895_1.jpg;YM_895_10.jpg;YM_895_2.jpg,singleton_passage,train
YM_burst_1940,YM_Farm2,1,YM_896,7,{'3.25': 7},3.25,YM_896_1.jpg;YM_896_2.jpg;YM_896_3.jpg,singleton_passage,train
YM_burst_1941,YM_Farm2,1,YM_897,10,{'3.75': 10},3.75,YM_897_1.jpg;YM_897_10.jpg;YM_897_2.jpg,singleton_passage,train
YM_burst_1942,YM_Farm2,1,YM_898,9,{'3.25': 9},3.25,YM_898_1.jpg;YM_898_2.jpg;YM_898_3.jpg,singleton_passage,train
YM_burst_1943,YM_Farm2,1,YM_899,7,{'3.25': 7},3.25,YM_899_1.jpg;YM_899_2.jpg;YM_899_3.jpg,singleton_passage,test
YM_burst_1944,YM_Farm2,1,YM_9,6,{'3.5': 6},3.5,YM_9_1.jpg;YM_9_2.jpg;YM_9_3.jpg,singleton_passage,train
YM_burst_1945,YM_Farm2,1,YM_90,5,{'3.75': 5},3.75,YM_90_1.jpg;YM_90_2.jpg;YM_90_3.jpg,singleton_passage,train
YM_burst_1946,YM_Farm2,1,YM_900,15,{'3.5': 15},3.5,YM_900_1.jpg;YM_900_10.jpg;YM_900_11.jpg,singleton_passage,test
YM_burst_1947,YM_Farm2,1,YM_901,6,"{'3.5': 2, '3.75': 4}",3.75,YM_901_1.jpg;YM_901_2.jpg;YM_901_3.jpg,singleton_passage,train
YM_burst_1948,YM_Farm2,1,YM_902,6,{'3.25': 6},3.25,YM_902_1.jpg;YM_902_2.jpg;YM_902_3.jpg,singleton_passage,train
YM_burst_1949,YM_Farm2,1,YM_903,12,{'3.25': 12},3.25,YM_903_1.jpg;YM_903_10.jpg;YM_903_11.jpg,singleton_passage,train
YM_burst_1950,YM_Farm2,1,YM_904,8,{'4.0': 8},4.0,YM_904_1.jpg;YM_904_2.jpg;YM_904_3.jpg,singleton_passage,val
YM_burst_1951,YM_Farm2,1,YM_905,16,{'3.25': 16},3.25,YM_905_1.jpg;YM_905_10.jpg;YM_905_11.jpg,singleton_passage,train
YM_burst_1952,YM_Farm2,1,YM_906,1,{'3.5': 1},3.5,YM_906_1.jpg,singleton_passage,train
YM_burst_1953,YM_Farm2,1,YM_907,7,{'3.5': 7},3.5,YM_907_1.jpg;YM_907_2.jpg;YM_907_3.jpg,singleton_passage,train
YM_burst_1954,YM_Farm2,1,YM_908,8,{'3.5': 8},3.5,YM_908_1.jpg;YM_908_2.jpg;YM_908_3.jpg,singleton_passage,train
YM_burst_1955,YM_Farm2,1,YM_909,19,{'3.5': 19},3.5,YM_909_1.jpg;YM_909_10.jpg;YM_909_11.jpg,singleton_passage,train
YM_burst_1956,YM_Farm2,1,YM_91,6,{'3.75': 6},3.75,YM_91_1.jpg;YM_91_2.jpg;YM_91_3.jpg,singleton_passage,train
YM_burst_1957,YM_Farm2,1,YM_910,26,{'3.75': 26},3.75,YM_910_1.jpg;YM_910_10.jpg;YM_910_11.jpg,singleton_passage,val
YM_burst_1958,YM_Farm2,1,YM_911,10,"{'3.5': 6, '3.75': 4}",3.5,YM_911_1.jpg;YM_911_2.jpg;YM_911_3.jpg,singleton_passage,val
YM_burst_1959,YM_Farm2,1,YM_912,4,{'4.0': 4},4.0,YM_912_1.jpg;YM_912_2.jpg;YM_912_3.jpg,singleton_passage,train
YM_burst_1960,YM_Farm2,1,YM_913,3,{'3.5': 3},3.5,YM_913_1.jpg;YM_913_2.jpg;YM_913_3.jpg,singleton_passage,train
YM_burst_1961,YM_Farm2,1,YM_914,6,{'3.25': 6},3.25,YM_914_1.jpg;YM_914_2.jpg;YM_914_3.jpg,singleton_passage,train
YM_burst_1962,YM_Farm2,1,YM_915,6,{'4.0': 6},4.0,YM_915_1.jpg;YM_915_2.jpg;YM_915_3.jpg,singleton_passage,train
YM_burst_1963,YM_Farm2,1,YM_916,6,{'3.5': 6},3.5,YM_916_1.jpg;YM_916_2.jpg;YM_916_3.jpg,singleton_passage,test
YM_burst_1964,YM_Farm2,1,YM_917,6,{'4.0': 6},4.0,YM_917_1.jpg;YM_917_2.jpg;YM_917_3.jpg,singleton_passage,train
YM_burst_1965,YM_Farm2,1,YM_918,6,{'3.75': 6},3.75,YM_918_1.jpg;YM_918_2.jpg;YM_918_3.jpg,singleton_passage,train
YM_burst_1966,YM_Farm2,1,YM_919,8,{'3.75': 8},3.75,YM_919_1.jpg;YM_919_2.jpg;YM_919_3.jpg,singleton_passage,train
YM_burst_1967,YM_Farm2,1,YM_92,5,{'3.5': 5},3.5,YM_92_1.jpg;YM_92_2.jpg;YM_92_3.jpg,singleton_passage,train
YM_burst_1968,YM_Farm2,1,YM_920,9,{'3.25': 9},3.25,YM_920_1.jpg;YM_920_2.jpg;YM_920_3.jpg,singleton_passage,train
YM_burst_1969,YM_Farm2,1,YM_921,8,{'3.75': 8},3.75,YM_921_1.jpg;YM_921_2.jpg;YM_921_3.jpg,singleton_passage,train
YM_burst_1970,YM_Farm2,1,YM_922,14,{'3.25': 14},3.25,YM_922_1.jpg;YM_922_10.jpg;YM_922_11.jpg,singleton_passage,train
YM_burst_1971,YM_Farm2,1,YM_923,14,{'3.25': 14},3.25,YM_923_1.jpg;YM_923_10.jpg;YM_923_11.jpg,singleton_passage,train
YM_burst_1972,YM_Farm2,1,YM_924,5,{'3.25': 5},3.25,YM_924_1.jpg;YM_924_2.jpg;YM_924_3.jpg,singleton_passage,train
YM_burst_1973,YM_Farm2,1,YM_925,4,{'3.5': 4},3.5,YM_925_1.jpg;YM_925_2.jpg;YM_925_3.jpg,singleton_passage,val
YM_burst_1974,YM_Farm2,1,YM_926,14,{'3.5': 14},3.5,YM_926_1.jpg;YM_926_10.jpg;YM_926_11.jpg,singleton_passage,train
YM_burst_1975,YM_Farm2,1,YM_927,5,{'4.0': 5},4.0,YM_927_1.jpg;YM_927_2.jpg;YM_927_3.jpg,singleton_passage,train
YM_burst_1976,YM_Farm2,1,YM_928,10,{'3.25': 10},3.25,YM_928_1.jpg;YM_928_10.jpg;YM_928_2.jpg,singleton_passage,train
YM_burst_1977,YM_Farm2,1,YM_929,7,{'3.75': 7},3.75,YM_929_1.jpg;YM_929_2.jpg;YM_929_3.jpg,singleton_passage,train
YM_burst_1978,YM_Farm2,1,YM_93,6,{'4.0': 6},4.0,YM_93_1.jpg;YM_93_2.jpg;YM_93_3.jpg,singleton_passage,train
YM_burst_1979,YM_Farm2,1,YM_930,6,{'3.25': 6},3.25,YM_930_1.jpg;YM_930_2.jpg;YM_930_3.jpg,singleton_passage,train
YM_burst_1980,YM_Farm2,1,YM_931,8,{'4.25': 8},4.25,YM_931_1.jpg;YM_931_2.jpg;YM_931_3.jpg,singleton_passage,val
YM_burst_1981,YM_Farm2,1,YM_932,10,{'4.0': 10},4.0,YM_932_1.jpg;YM_932_10.jpg;YM_932_2.jpg,singleton_passage,train
YM_burst_1982,YM_Farm2,1,YM_933,8,{'4.25': 8},4.25,YM_933_1.jpg;YM_933_2.jpg;YM_933_3.jpg,singleton_passage,train
YM_burst_1983,YM_Farm2,1,YM_934,7,{'3.25': 7},3.25,YM_934_1.jpg;YM_934_2.jpg;YM_934_3.jpg,singleton_passage,train
YM_burst_1984,YM_Farm2,1,YM_935,6,{'3.75': 6},3.75,YM_935_1.jpg;YM_935_2.jpg;YM_935_3.jpg,singleton_passage,train
YM_burst_1985,YM_Farm2,1,YM_936,5,{'3.5': 5},3.5,YM_936_1.jpg;YM_936_2.jpg;YM_936_3.jpg,singleton_passage,train
YM_burst_1986,YM_Farm2,1,YM_937,5,{'4.25': 5},4.25,YM_937_1.jpg;YM_937_2.jpg;YM_937_3.jpg,singleton_passage,train
YM_burst_1987,YM_Farm2,1,YM_938,6,{'4.25': 6},4.25,YM_938_1.jpg;YM_938_2.jpg;YM_938_3.jpg,singleton_passage,train
YM_burst_1988,YM_Farm2,1,YM_939,4,{'3.75': 4},3.75,YM_939_1.jpg;YM_939_2.jpg;YM_939_3.jpg,singleton_passage,train
YM_burst_1989,YM_Farm2,1,YM_94,6,{'4.0': 6},4.0,YM_94_1.jpg;YM_94_2.jpg;YM_94_3.jpg,singleton_passage,test
YM_burst_1990,YM_Farm2,1,YM_940,6,{'3.75': 6},3.75,YM_940_1.jpg;YM_940_2.jpg;YM_940_3.jpg,singleton_passage,train
YM_burst_1991,YM_Farm2,1,YM_941,5,{'3.5': 5},3.5,YM_941_1.jpg;YM_941_2.jpg;YM_941_3.jpg,singleton_passage,test
YM_burst_1992,YM_Farm2,1,YM_942,5,{'3.5': 5},3.5,YM_942_1.jpg;YM_942_2.jpg;YM_942_3.jpg,singleton_passage,train
YM_burst_1993,YM_Farm2,1,YM_943,5,{'3.5': 5},3.5,YM_943_1.jpg;YM_943_2.jpg;YM_943_3.jpg,singleton_passage,val
YM_burst_1994,YM_Farm2,1,YM_944,5,{'3.25': 5},3.25,YM_944_1.jpg;YM_944_2.jpg;YM_944_3.jpg,singleton_passage,train
YM_burst_1995,YM_Farm2,1,YM_945,6,{'4.25': 6},4.25,YM_945_1.jpg;YM_945_2.jpg;YM_945_3.jpg,singleton_passage,val
YM_burst_1996,YM_Farm2,1,YM_946,5,{'3.75': 5},3.75,YM_946_1.jpg;YM_946_2.jpg;YM_946_3.jpg,singleton_passage,val
YM_burst_1997,YM_Farm2,1,YM_947,5,{'4.0': 5},4.0,YM_947_1.jpg;YM_947_2.jpg;YM_947_3.jpg,singleton_passage,test
YM_burst_1998,YM_Farm2,1,YM_948,11,{'4.0': 11},4.0,YM_948_1.jpg;YM_948_10.jpg;YM_948_11.jpg,singleton_passage,train
YM_burst_1999,YM_Farm2,1,YM_949,4,{'3.75': 4},3.75,YM_949_1.jpg;YM_949_2.jpg;YM_949_3.jpg,singleton_passage,test
YM_burst_2000,YM_Farm2,1,YM_95,7,{'3.5': 7},3.5,YM_95_1.jpg;YM_95_2.jpg;YM_95_3.jpg,singleton_passage,val
YM_burst_2001,YM_Farm2,1,YM_950,6,{'4.25': 6},4.25,YM_950_1.jpg;YM_950_2.jpg;YM_950_3.jpg,singleton_passage,val
YM_burst_2002,YM_Farm2,1,YM_951,6,{'3.25': 6},3.25,YM_951_1.jpg;YM_951_2.jpg;YM_951_3.jpg,singleton_passage,train
YM_burst_2003,YM_Farm2,1,YM_952,6,{'4.0': 6},4.0,YM_952_1.jpg;YM_952_2.jpg;YM_952_3.jpg,singleton_passage,train
YM_burst_2004,YM_Farm2,1,YM_953,5,{'3.75': 5},3.75,YM_953_1.jpg;YM_953_2.jpg;YM_953_3.jpg,singleton_passage,train
YM_burst_2005,YM_Farm2,1,YM_954,6,{'4.0': 6},4.0,YM_954_1.jpg;YM_954_2.jpg;YM_954_3.jpg,singleton_passage,val
YM_burst_2006,YM_Farm2,1,YM_955,4,{'4.0': 4},4.0,YM_955_1.jpg;YM_955_2.jpg;YM_955_3.jpg,singleton_passage,train
YM_burst_2007,YM_Farm2,1,YM_956,8,{'3.75': 8},3.75,YM_956_1.jpg;YM_956_2.jpg;YM_956_3.jpg,singleton_passage,train
YM_burst_2008,YM_Farm2,1,YM_957,6,{'4.0': 6},4.0,YM_957_1.jpg;YM_957_2.jpg;YM_957_3.jpg,singleton_passage,test
YM_burst_2009,YM_Farm2,1,YM_958,6,{'4.0': 6},4.0,YM_958_1.jpg;YM_958_2.jpg;YM_958_3.jpg,singleton_passage,train
YM_burst_2010,YM_Farm2,1,YM_959,11,{'4.0': 11},4.0,YM_959_1.jpg;YM_959_10.jpg;YM_959_11.jpg,singleton_passage,train
YM_burst_2011,YM_Farm2,1,YM_96,6,{'3.5': 6},3.5,YM_96_1.jpg;YM_96_2.jpg;YM_96_3.jpg,singleton_passage,train
YM_burst_2012,YM_Farm2,1,YM_960,7,{'4.0': 7},4.0,YM_960_1.jpg;YM_960_2.jpg;YM_960_3.jpg,singleton_passage,train
YM_burst_2013,YM_Farm2,1,YM_961,6,{'3.25': 6},3.25,YM_961_1.jpg;YM_961_2.jpg;YM_961_3.jpg,singleton_passage,val
YM_burst_2014,YM_Farm2,1,YM_962,7,{'3.5': 7},3.5,YM_962_1.jpg;YM_962_2.jpg;YM_962_3.jpg,singleton_passage,train
YM_burst_2015,YM_Farm2,1,YM_963,6,{'3.75': 6},3.75,YM_963_1.jpg;YM_963_2.jpg;YM_963_3.jpg,singleton_passage,train
YM_burst_2016,YM_Farm2,1,YM_964,6,{'3.75': 6},3.75,YM_964_1.jpg;YM_964_2.jpg;YM_964_3.jpg,singleton_passage,train
YM_burst_2017,YM_Farm2,1,YM_965,5,{'4.0': 5},4.0,YM_965_1.jpg;YM_965_2.jpg;YM_965_3.jpg,singleton_passage,val
YM_burst_2018,YM_Farm2,1,YM_966,8,{'3.5': 8},3.5,YM_966_1.jpg;YM_966_2.jpg;YM_966_3.jpg,singleton_passage,train
YM_burst_2019,YM_Farm2,1,YM_967,7,{'3.75': 7},3.75,YM_967_1.jpg;YM_967_2.jpg;YM_967_3.jpg,singleton_passage,val
YM_burst_2020,YM_Farm2,1,YM_968,10,{'4.25': 10},4.25,YM_968_1.jpg;YM_968_10.jpg;YM_968_2.jpg,singleton_passage,train
YM_burst_2021,YM_Farm2,1,YM_969,8,{'3.75': 8},3.75,YM_969_1.jpg;YM_969_2.jpg;YM_969_3.jpg,singleton_passage,test
YM_burst_2022,YM_Farm2,1,YM_97,6,{'3.75': 6},3.75,YM_97_1.jpg;YM_97_2.jpg;YM_97_3.jpg,singleton_passage,val
YM_burst_2023,YM_Farm2,1,YM_970,7,{'3.25': 7},3.25,YM_970_1.jpg;YM_970_2.jpg;YM_970_3.jpg,singleton_passage,train
YM_burst_2024,YM_Farm2,1,YM_971,13,{'4.0': 13},4.0,YM_971_1.jpg;YM_971_10.jpg;YM_971_11.jpg,singleton_passage,train
YM_burst_2025,YM_Farm2,1,YM_972,11,{'3.5': 11},3.5,YM_972_1.jpg;YM_972_10.jpg;YM_972_11.jpg,singleton_passage,val
YM_burst_2026,YM_Farm2,1,YM_973,6,{'3.75': 6},3.75,YM_973_1.jpg;YM_973_2.jpg;YM_973_3.jpg,singleton_passage,train
YM_burst_2027,YM_Farm2,1,YM_974,5,{'3.5': 5},3.5,YM_974_1.jpg;YM_974_2.jpg;YM_974_3.jpg,singleton_passage,train
YM_burst_2028,YM_Farm2,1,YM_975,7,{'4.25': 7},4.25,YM_975_1.jpg;YM_975_2.jpg;YM_975_3.jpg,singleton_passage,val
YM_burst_2029,YM_Farm2,1,YM_976,6,"{'3.5': 3, '4.25': 3}",3.5,YM_976_1.jpg;YM_976_2.jpg;YM_976_3.jpg,singleton_passage,test
YM_burst_2030,YM_Farm2,1,YM_977,10,{'3.75': 10},3.75,YM_977_1.jpg;YM_977_10.jpg;YM_977_2.jpg,singleton_passage,train
YM_burst_2031,YM_Farm2,1,YM_978,3,{'4.25': 3},4.25,YM_978_1.jpg;YM_978_2.jpg;YM_978_3.jpg,singleton_passage,train
YM_burst_2032,YM_Farm2,1,YM_979,6,"{'3.75': 4, '4.25': 2}",3.75,YM_979_3.jpg;YM_979_4.jpg;YM_979_5.jpg,singleton_passage,val
YM_burst_2033,YM_Farm2,1,YM_98,8,{'3.75': 8},3.75,YM_98_1.jpg;YM_98_2.jpg;YM_98_3.jpg,singleton_passage,train
YM_burst_2034,YM_Farm2,1,YM_980,7,{'4.25': 7},4.25,YM_980_1.jpg;YM_980_2.jpg;YM_980_3.jpg,singleton_passage,train
YM_burst_2035,YM_Farm2,1,YM_981,7,{'4.0': 7},4.0,YM_981_1.jpg;YM_981_2.jpg;YM_981_3.jpg,singleton_passage,train
YM_burst_2036,YM_Farm2,1,YM_982,7,{'4.0': 7},4.0,YM_982_1.jpg;YM_982_2.jpg;YM_982_3.jpg,singleton_passage,train
YM_burst_2037,YM_Farm2,1,YM_983,6,{'4.25': 6},4.25,YM_983_1.jpg;YM_983_2.jpg;YM_983_3.jpg,singleton_passage,train
YM_burst_2038,YM_Farm2,1,YM_984,7,{'4.0': 7},4.0,YM_984_1.jpg;YM_984_2.jpg;YM_984_3.jpg,singleton_passage,train
YM_burst_2039,YM_Farm2,1,YM_985,6,{'4.0': 6},4.0,YM_985_1.jpg;YM_985_2.jpg;YM_985_3.jpg,singleton_passage,val
YM_burst_2040,YM_Farm2,1,YM_986,6,{'3.5': 6},3.5,YM_986_1.jpg;YM_986_2.jpg;YM_986_3.jpg,singleton_passage,test
YM_burst_2041,YM_Farm2,1,YM_987,7,{'4.25': 7},4.25,YM_987_1.jpg;YM_987_2.jpg;YM_987_3.jpg,singleton_passage,val
YM_burst_2042,YM_Farm2,1,YM_988,9,{'3.75': 9},3.75,YM_988_1.jpg;YM_988_2.jpg;YM_988_3.jpg,singleton_passage,train
YM_burst_2043,YM_Farm2,1,YM_989,10,{'4.0': 10},4.0,YM_989_1.jpg;YM_989_10.jpg;YM_989_2.jpg,singleton_passage,test
YM_burst_2044,YM_Farm2,1,YM_99,5,{'3.5': 5},3.5,YM_99_1.jpg;YM_99_2.jpg;YM_99_3.jpg,singleton_passage,train
YM_burst_2045,YM_Farm2,1,YM_990,10,{'3.5': 10},3.5,YM_990_1.jpg;YM_990_10.jpg;YM_990_2.jpg,singleton_passage,train
YM_burst_2046,YM_Farm2,1,YM_991,6,{'3.75': 6},3.75,YM_991_1.jpg;YM_991_2.jpg;YM_991_3.jpg,singleton_passage,train
YM_burst_2047,YM_Farm2,1,YM_992,8,{'3.5': 8},3.5,YM_992_1.jpg;YM_992_2.jpg;YM_992_3.jpg,singleton_passage,train
YM_burst_2048,YM_Farm2,1,YM_993,4,{'3.5': 4},3.5,YM_993_1.jpg;YM_993_2.jpg;YM_993_3.jpg,singleton_passage,train
YM_burst_2049,YM_Farm2,1,YM_994,9,{'3.75': 9},3.75,YM_994_1.jpg;YM_994_2.jpg;YM_994_3.jpg,singleton_passage,test
YM_burst_2050,YM_Farm2,1,YM_995,7,{'3.5': 7},3.5,YM_995_1.jpg;YM_995_2.jpg;YM_995_3.jpg,singleton_passage,train
YM_burst_2051,YM_Farm2,1,YM_996,6,{'4.25': 6},4.25,YM_996_1.jpg;YM_996_2.jpg;YM_996_3.jpg,singleton_passage,train
YM_burst_2052,YM_Farm2,1,YM_997,7,{'4.25': 7},4.25,YM_997_1.jpg;YM_997_2.jpg;YM_997_3.jpg,singleton_passage,train
YM_burst_2053,YM_Farm2,1,YM_998,4,{'4.0': 4},4.0,YM_998_1.jpg;YM_998_2.jpg;YM_998_3.jpg,singleton_passage,train
YM_burst_2054,YM_Farm2,1,YM_999,6,{'3.75': 6},3.75,YM_999_1.jpg;YM_999_2.jpg;YM_999_3.jpg,singleton_passage,train
