rel_path,filename,fps,n_frames,duration_sec
clips/drink/00000000082000000_3_clip_14.mp4,00000000082000000_3_clip_14.mp4,25.0,250,10.0
clips/drink/00000000082000000_3_clip_27.mp4,00000000082000000_3_clip_27.mp4,25.0,250,10.0
clips/drink/00000000082000000_4_clip_2.mp4,00000000082000000_4_clip_2.mp4,25.0,250,10.0
clips/drink/100_1_clip_0.mp4,100_1_clip_0.mp4,25.0,250,10.0
clips/drink/10_3_clip_0.mp4,10_3_clip_0.mp4,25.0,250,10.0
clips/drink/10_4_clip_0.mp4,10_4_clip_0.mp4,25.0,250,10.0
clips/drink/10_5_clip_0.mp4,10_5_clip_0.mp4,25.0,250,10.0
clips/drink/10_6_clip_0.mp4,10_6_clip_0.mp4,25.0,250,10.0
clips/drink/11_1_clip_0.mp4,11_1_clip_0.mp4,25.0,250,10.0
clips/drink/11_3_clip_0.mp4,11_3_clip_0.mp4,25.0,250,10.0
clips/drink/11_4_clip_0.mp4,11_4_clip_0.mp4,25.0,250,10.0
clips/drink/11_5_clip_0.mp4,11_5_clip_0.mp4,25.0,250,10.0
clips/drink/12_1_clip_0.mp4,12_1_clip_0.mp4,25.0,250,10.0
clips/drink/12_3_clip_0.mp4,12_3_clip_0.mp4,25.0,250,10.0
clips/drink/12_4_clip_0.mp4,12_4_clip_0.mp4,25.0,250,10.0
clips/drink/12_5_clip_0.mp4,12_5_clip_0.mp4,25.0,250,10.0
clips/drink/12_6_clip_0.mp4,12_6_clip_0.mp4,25.0,250,10.0
clips/drink/13_2_clip_0.mp4,13_2_clip_0.mp4,25.0,250,10.0
clips/drink/13_3_clip_0.mp4,13_3_clip_0.mp4,25.0,250,10.0
clips/drink/13_4_clip_0.mp4,13_4_clip_0.mp4,25.0,250,10.0
clips/drink/14_1_clip_0.mp4,14_1_clip_0.mp4,25.0,250,10.0
clips/drink/14_2_clip_0.mp4,14_2_clip_0.mp4,25.0,250,10.0
clips/drink/14_3_clip_0.mp4,14_3_clip_0.mp4,25.0,250,10.0
clips/drink/14_4_clip_0.mp4,14_4_clip_0.mp4,25.0,250,10.0
clips/drink/14_5_clip_0.mp4,14_5_clip_0.mp4,25.0,250,10.0
clips/drink/15_1_clip_0.mp4,15_1_clip_0.mp4,25.0,250,10.0
clips/drink/15_2_clip_0.mp4,15_2_clip_0.mp4,25.0,250,10.0
clips/drink/15_3_clip_0.mp4,15_3_clip_0.mp4,25.0,250,10.0
clips/drink/15_4_clip_0.mp4,15_4_clip_0.mp4,25.0,250,10.0
clips/drink/15_5_clip_0.mp4,15_5_clip_0.mp4,25.0,250,10.0
clips/drink/16_1_clip_0.mp4,16_1_clip_0.mp4,25.0,250,10.0
clips/drink/16_2_clip_0.mp4,16_2_clip_0.mp4,25.0,250,10.0
clips/drink/16_3_clip_0.mp4,16_3_clip_0.mp4,25.0,250,10.0
clips/drink/16_4_clip_0.mp4,16_4_clip_0.mp4,25.0,250,10.0
clips/drink/16_6_clip_0.mp4,16_6_clip_0.mp4,25.0,250,10.0
clips/drink/17_1_clip_0.mp4,17_1_clip_0.mp4,25.0,250,10.0
clips/drink/17_2_clip_0.mp4,17_2_clip_0.mp4,25.0,250,10.0
clips/drink/17_3_clip_0.mp4,17_3_clip_0.mp4,25.0,250,10.0
clips/drink/17_4_clip_0.mp4,17_4_clip_0.mp4,25.0,250,10.0
clips/drink/18_1_clip_0.mp4,18_1_clip_0.mp4,25.0,250,10.0
clips/drink/18_2_clip_0.mp4,18_2_clip_0.mp4,25.0,250,10.0
clips/drink/18_3_clip_0.mp4,18_3_clip_0.mp4,25.0,226,9.04
clips/drink/18_4_clip_0.mp4,18_4_clip_0.mp4,25.0,239,9.56
clips/drink/19_1_clip_0.mp4,19_1_clip_0.mp4,25.0,250,10.0
clips/drink/19_2_clip_0.mp4,19_2_clip_0.mp4,25.0,250,10.0
clips/drink/19_3_clip_0.mp4,19_3_clip_0.mp4,25.0,250,10.0
clips/drink/19_4_clip_0.mp4,19_4_clip_0.mp4,25.0,250,10.0
clips/drink/1_4_clip_0.mp4,1_4_clip_0.mp4,25.0,250,10.0
clips/drink/1_5_clip_0.mp4,1_5_clip_0.mp4,25.0,250,10.0
clips/drink/20_1_clip_0.mp4,20_1_clip_0.mp4,25.0,250,10.0
clips/drink/20_2_clip_0.mp4,20_2_clip_0.mp4,25.0,250,10.0
clips/drink/20_3_clip_0.mp4,20_3_clip_0.mp4,25.0,250,10.0
clips/drink/20_4_clip_0.mp4,20_4_clip_0.mp4,25.0,250,10.0
clips/drink/21_1_clip_0.mp4,21_1_clip_0.mp4,25.0,250,10.0
clips/drink/21_2_clip_0.mp4,21_2_clip_0.mp4,25.0,250,10.0
clips/drink/21_3_clip_0.mp4,21_3_clip_0.mp4,25.0,250,10.0
clips/drink/21_4_clip_0.mp4,21_4_clip_0.mp4,25.0,250,10.0
clips/drink/22_3_clip_0.mp4,22_3_clip_0.mp4,25.0,250,10.0
clips/drink/22_4_clip_0.mp4,22_4_clip_0.mp4,25.0,250,10.0
clips/drink/22_5_clip_0.mp4,22_5_clip_0.mp4,25.0,250,10.0
clips/drink/23_3_clip_0.mp4,23_3_clip_0.mp4,25.0,250,10.0
clips/drink/24_2_clip_0.mp4,24_2_clip_0.mp4,25.0,250,10.0
clips/drink/25_3_clip_0.mp4,25_3_clip_0.mp4,25.0,250,10.0
clips/drink/26_3_clip_0.mp4,26_3_clip_0.mp4,25.0,250,10.0
clips/drink/27_3_clip_0.mp4,27_3_clip_0.mp4,25.0,250,10.0
clips/drink/29_3_clip_0.mp4,29_3_clip_0.mp4,25.0,250,10.0
clips/drink/2_4_clip_0.mp4,2_4_clip_0.mp4,25.0,250,10.0
clips/drink/2_5_clip_0.mp4,2_5_clip_0.mp4,25.0,250,10.0
clips/drink/30_1_clip_0.mp4,30_1_clip_0.mp4,25.0,250,10.0
clips/drink/31_1_clip_0.mp4,31_1_clip_0.mp4,25.0,250,10.0
clips/drink/32_1_clip_0.mp4,32_1_clip_0.mp4,25.0,250,10.0
clips/drink/32_3_clip_0.mp4,32_3_clip_0.mp4,25.0,250,10.0
clips/drink/32_4_clip_0.mp4,32_4_clip_0.mp4,25.0,250,10.0
clips/drink/32_6_clip_0.mp4,32_6_clip_0.mp4,25.0,250,10.0
clips/drink/33_1_clip_0.mp4,33_1_clip_0.mp4,25.0,250,10.0
clips/drink/33_3_clip_0.mp4,33_3_clip_0.mp4,25.0,250,10.0
clips/drink/33_4_clip_0.mp4,33_4_clip_0.mp4,25.0,250,10.0
clips/drink/33_5_clip_0.mp4,33_5_clip_0.mp4,25.0,250,10.0
clips/drink/33_6_clip_0.mp4,33_6_clip_0.mp4,25.0,250,10.0
clips/drink/34_1_clip_0.mp4,34_1_clip_0.mp4,25.0,250,10.0
clips/drink/34_3_clip_0.mp4,34_3_clip_0.mp4,25.0,250,10.0
clips/drink/34_4_clip_0.mp4,34_4_clip_0.mp4,25.0,250,10.0
clips/drink/34_5_clip_0.mp4,34_5_clip_0.mp4,25.0,250,10.0
clips/drink/35_1_clip_0.mp4,35_1_clip_0.mp4,25.0,250,10.0
clips/drink/35_3_clip_0.mp4,35_3_clip_0.mp4,25.0,250,10.0
clips/drink/35_4_clip_0.mp4,35_4_clip_0.mp4,25.0,250,10.0
clips/drink/36_1_clip_0.mp4,36_1_clip_0.mp4,25.0,250,10.0
clips/drink/36_3_clip_0.mp4,36_3_clip_0.mp4,25.0,250,10.0
clips/drink/36_4_clip_0.mp4,36_4_clip_0.mp4,25.0,250,10.0
clips/drink/36_5_clip_0.mp4,36_5_clip_0.mp4,25.0,250,10.0
clips/drink/36_6_clip_0.mp4,36_6_clip_0.mp4,25.0,250,10.0
clips/drink/37_2_clip_0.mp4,37_2_clip_0.mp4,25.0,250,10.0
clips/drink/37_3_clip_0.mp4,37_3_clip_0.mp4,25.0,250,10.0
clips/drink/37_4_clip_0.mp4,37_4_clip_0.mp4,25.0,250,10.0
clips/drink/38_2_clip_0.mp4,38_2_clip_0.mp4,25.0,250,10.0
clips/drink/38_3_clip_0.mp4,38_3_clip_0.mp4,25.0,250,10.0
clips/drink/38_4_clip_0.mp4,38_4_clip_0.mp4,25.0,250,10.0
clips/drink/38_5_clip_0.mp4,38_5_clip_0.mp4,25.0,250,10.0
clips/drink/39_2_clip_0.mp4,39_2_clip_0.mp4,25.0,250,10.0
clips/drink/39_3_clip_0.mp4,39_3_clip_0.mp4,25.0,250,10.0
clips/drink/39_4_clip_0.mp4,39_4_clip_0.mp4,25.0,250,10.0
clips/drink/3_4_clip_0.mp4,3_4_clip_0.mp4,25.0,250,10.0
clips/drink/3_5_clip_0.mp4,3_5_clip_0.mp4,25.0,250,10.0
clips/drink/3_6_clip_0.mp4,3_6_clip_0.mp4,25.0,250,10.0
clips/drink/40_3_clip_0.mp4,40_3_clip_0.mp4,25.0,250,10.0
clips/drink/41_3_clip_0.mp4,41_3_clip_0.mp4,25.0,250,10.0
clips/drink/42_1_clip_0.mp4,42_1_clip_0.mp4,25.0,250,10.0
clips/drink/43_1_clip_0.mp4,43_1_clip_0.mp4,25.0,250,10.0
clips/drink/43_3_clip_0.mp4,43_3_clip_0.mp4,25.0,250,10.0
clips/drink/45_5_clip_0.mp4,45_5_clip_0.mp4,25.0,250,10.0
clips/drink/46_5_clip_0.mp4,46_5_clip_0.mp4,25.0,250,10.0
clips/drink/46_6_clip_0.mp4,46_6_clip_0.mp4,25.0,250,10.0
clips/drink/47_1_clip_0.mp4,47_1_clip_0.mp4,25.0,250,10.0
clips/drink/47_3_clip_0.mp4,47_3_clip_0.mp4,25.0,250,10.0
clips/drink/47_5_clip_0.mp4,47_5_clip_0.mp4,25.0,250,10.0
clips/drink/47_6_clip_0.mp4,47_6_clip_0.mp4,25.0,250,10.0
clips/drink/48_3_clip_0.mp4,48_3_clip_0.mp4,25.0,250,10.0
clips/drink/48_4_clip_0.mp4,48_4_clip_0.mp4,25.0,250,10.0
clips/drink/48_6_clip_0.mp4,48_6_clip_0.mp4,25.0,250,10.0
clips/drink/49_3_clip_0.mp4,49_3_clip_0.mp4,25.0,250,10.0
clips/drink/49_5_clip_0.mp4,49_5_clip_0.mp4,25.0,250,10.0
clips/drink/49_6_clip_0.mp4,49_6_clip_0.mp4,25.0,250,10.0
clips/drink/4_3_clip_0.mp4,4_3_clip_0.mp4,25.0,250,10.0
clips/drink/4_4_clip_0.mp4,4_4_clip_0.mp4,25.0,250,10.0
clips/drink/4_5_clip_0.mp4,4_5_clip_0.mp4,25.0,250,10.0
clips/drink/50_1_clip_0.mp4,50_1_clip_0.mp4,25.0,250,10.0
clips/drink/50_2_clip_0.mp4,50_2_clip_0.mp4,25.0,250,10.0
clips/drink/50_6_clip_0.mp4,50_6_clip_0.mp4,25.0,250,10.0
clips/drink/51_1_clip_0.mp4,51_1_clip_0.mp4,25.0,250,10.0
clips/drink/51_8_clip_0.mp4,51_8_clip_0.mp4,25.0,153,6.12
clips/drink/52_3_clip_0.mp4,52_3_clip_0.mp4,25.0,250,10.0
clips/drink/52_4_clip_0.mp4,52_4_clip_0.mp4,25.0,250,10.0
clips/drink/52_5_clip_0.mp4,52_5_clip_0.mp4,25.0,250,10.0
clips/drink/53_3_clip_0.mp4,53_3_clip_0.mp4,25.0,250,10.0
clips/drink/53_4_clip_0.mp4,53_4_clip_0.mp4,25.0,250,10.0
clips/drink/53_5_clip_0.mp4,53_5_clip_0.mp4,25.0,250,10.0
clips/drink/54_2_clip_0.mp4,54_2_clip_0.mp4,25.0,250,10.0
clips/drink/54_4_clip_0.mp4,54_4_clip_0.mp4,25.0,250,10.0
clips/drink/54_5_clip_0.mp4,54_5_clip_0.mp4,25.0,250,10.0
clips/drink/55_1_clip_0.mp4,55_1_clip_0.mp4,25.0,250,10.0
clips/drink/55_3_clip_0.mp4,55_3_clip_0.mp4,25.0,250,10.0
clips/drink/55_4_clip_0.mp4,55_4_clip_0.mp4,25.0,250,10.0
clips/drink/55_5_clip_0.mp4,55_5_clip_0.mp4,25.0,250,10.0
clips/drink/56_1_clip_0.mp4,56_1_clip_0.mp4,25.0,250,10.0
clips/drink/56_3_clip_0.mp4,56_3_clip_0.mp4,25.0,250,10.0
clips/drink/56_5_clip_0.mp4,56_5_clip_0.mp4,25.0,250,10.0
clips/drink/57_1_clip_0.mp4,57_1_clip_0.mp4,25.0,250,10.0
clips/drink/57_3_clip_0.mp4,57_3_clip_0.mp4,25.0,250,10.0
clips/drink/57_4_clip_0.mp4,57_4_clip_0.mp4,25.0,250,10.0
clips/drink/58_3_clip_0.mp4,58_3_clip_0.mp4,25.0,250,10.0
clips/drink/59_6_clip_0.mp4,59_6_clip_0.mp4,25.0,250,10.0
clips/drink/5_3_clip_0.mp4,5_3_clip_0.mp4,25.0,250,10.0
clips/drink/5_5_clip_0.mp4,5_5_clip_0.mp4,25.0,250,10.0
clips/drink/5_6_clip_0.mp4,5_6_clip_0.mp4,25.0,250,10.0
clips/drink/61_2_clip_0.mp4,61_2_clip_0.mp4,25.0,250,10.0
clips/drink/62_3_clip_0.mp4,62_3_clip_0.mp4,25.0,250,10.0
clips/drink/62_6_clip_0.mp4,62_6_clip_0.mp4,25.0,242,9.68
clips/drink/63_3_clip_0.mp4,63_3_clip_0.mp4,25.0,250,10.0
clips/drink/64_3_clip_0.mp4,64_3_clip_0.mp4,25.0,250,10.0
clips/drink/65_3_clip_0.mp4,65_3_clip_0.mp4,25.0,250,10.0
clips/drink/66_1_clip_0.mp4,66_1_clip_0.mp4,25.0,250,10.0
clips/drink/66_2_clip_0.mp4,66_2_clip_0.mp4,25.0,250,10.0
clips/drink/66_6_clip_0.mp4,66_6_clip_0.mp4,25.0,250,10.0
clips/drink/69_3_clip_0.mp4,69_3_clip_0.mp4,25.0,250,10.0
clips/drink/6_4_clip_0.mp4,6_4_clip_0.mp4,25.0,250,10.0
clips/drink/6_5_clip_0.mp4,6_5_clip_0.mp4,25.0,250,10.0
clips/drink/6_6_clip_0.mp4,6_6_clip_0.mp4,25.0,250,10.0
clips/drink/70_3_clip_0.mp4,70_3_clip_0.mp4,25.0,250,10.0
clips/drink/71_3_clip_0.mp4,71_3_clip_0.mp4,25.0,250,10.0
clips/drink/72_3_clip_0.mp4,72_3_clip_0.mp4,25.0,250,10.0
clips/drink/73_3_clip_0.mp4,73_3_clip_0.mp4,25.0,250,10.0
clips/drink/74_1_clip_0.mp4,74_1_clip_0.mp4,25.0,250,10.0
clips/drink/74_3_clip_0.mp4,74_3_clip_0.mp4,25.0,250,10.0
clips/drink/74_4_clip_0.mp4,74_4_clip_0.mp4,25.0,250,10.0
clips/drink/75_1_clip_0.mp4,75_1_clip_0.mp4,25.0,224,8.96
clips/drink/76_2_clip_0.mp4,76_2_clip_0.mp4,25.0,250,10.0
clips/drink/77_1_clip_0.mp4,77_1_clip_0.mp4,25.0,250,10.0
clips/drink/78_3_clip_0.mp4,78_3_clip_0.mp4,25.0,250,10.0
clips/drink/78_5_clip_0.mp4,78_5_clip_0.mp4,25.0,245,9.8
clips/drink/79_2_clip_0.mp4,79_2_clip_0.mp4,25.0,250,10.0
clips/drink/79_4_clip_0.mp4,79_4_clip_0.mp4,25.0,250,10.0
clips/drink/79_5_clip_0.mp4,79_5_clip_0.mp4,25.0,245,9.8
clips/drink/79_6_clip_0.mp4,79_6_clip_0.mp4,25.0,197,7.88
clips/drink/7_3_clip_0.mp4,7_3_clip_0.mp4,25.0,250,10.0
clips/drink/7_5_clip_0.mp4,7_5_clip_0.mp4,25.0,250,10.0
clips/drink/7_6_clip_0.mp4,7_6_clip_0.mp4,25.0,250,10.0
clips/drink/80_1_clip_0.mp4,80_1_clip_0.mp4,25.0,250,10.0
clips/drink/80_2_clip_0.mp4,80_2_clip_0.mp4,25.0,250,10.0
clips/drink/80_4_clip_0.mp4,80_4_clip_0.mp4,25.0,250,10.0
clips/drink/80_5_clip_0.mp4,80_5_clip_0.mp4,25.0,250,10.0
clips/drink/80_6_clip_0.mp4,80_6_clip_0.mp4,25.0,250,10.0
clips/drink/81_1_clip_0.mp4,81_1_clip_0.mp4,25.0,250,10.0
clips/drink/81_2_clip_0.mp4,81_2_clip_0.mp4,25.0,250,10.0
clips/drink/81_3_clip_0.mp4,81_3_clip_0.mp4,25.0,250,10.0
clips/drink/81_4_clip_0.mp4,81_4_clip_0.mp4,25.0,250,10.0
clips/drink/81_5_clip_0.mp4,81_5_clip_0.mp4,25.0,250,10.0
clips/drink/81_6_clip_0.mp4,81_6_clip_0.mp4,25.0,250,10.0
clips/drink/82_1_clip_0.mp4,82_1_clip_0.mp4,25.0,250,10.0
clips/drink/82_2_clip_0.mp4,82_2_clip_0.mp4,25.0,250,10.0
clips/drink/82_4_clip_0.mp4,82_4_clip_0.mp4,25.0,250,10.0
clips/drink/82_5_clip_0.mp4,82_5_clip_0.mp4,25.0,250,10.0
clips/drink/82_6_clip_0.mp4,82_6_clip_0.mp4,25.0,250,10.0
clips/drink/83_1_clip_0.mp4,83_1_clip_0.mp4,25.0,250,10.0
clips/drink/83_2_clip_0.mp4,83_2_clip_0.mp4,25.0,250,10.0
clips/drink/83_4_clip_0.mp4,83_4_clip_0.mp4,25.0,250,10.0
clips/drink/83_5_clip_0.mp4,83_5_clip_0.mp4,25.0,250,10.0
clips/drink/83_6_clip_0.mp4,83_6_clip_0.mp4,25.0,250,10.0
clips/drink/84_1_clip_0.mp4,84_1_clip_0.mp4,25.0,250,10.0
clips/drink/84_2_clip_0.mp4,84_2_clip_0.mp4,25.0,250,10.0
clips/drink/84_3_clip_0.mp4,84_3_clip_0.mp4,25.0,250,10.0
clips/drink/84_4_clip_0.mp4,84_4_clip_0.mp4,25.0,250,10.0
clips/drink/84_6_clip_0.mp4,84_6_clip_0.mp4,25.0,250,10.0
clips/drink/85_1_clip_0.mp4,85_1_clip_0.mp4,25.0,250,10.0
clips/drink/85_2_clip_0.mp4,85_2_clip_0.mp4,25.0,250,10.0
clips/drink/85_3_clip_0.mp4,85_3_clip_0.mp4,25.0,250,10.0
clips/drink/85_4_clip_0.mp4,85_4_clip_0.mp4,25.0,250,10.0
clips/drink/86_1_clip_0.mp4,86_1_clip_0.mp4,25.0,250,10.0
clips/drink/86_2_clip_0.mp4,86_2_clip_0.mp4,25.0,250,10.0
clips/drink/86_3_clip_0.mp4,86_3_clip_0.mp4,25.0,250,10.0
clips/drink/87_1_clip_0.mp4,87_1_clip_0.mp4,25.0,250,10.0
clips/drink/87_2_clip_0.mp4,87_2_clip_0.mp4,25.0,250,10.0
clips/drink/89_1_clip_0.mp4,89_1_clip_0.mp4,25.0,250,10.0
clips/drink/89_2_clip_0.mp4,89_2_clip_0.mp4,25.0,250,10.0
clips/drink/89_5_clip_0.mp4,89_5_clip_0.mp4,25.0,250,10.0
clips/drink/8_2_clip_0.mp4,8_2_clip_0.mp4,25.0,250,10.0
clips/drink/8_4_clip_0.mp4,8_4_clip_0.mp4,25.0,250,10.0
clips/drink/8_5_clip_0.mp4,8_5_clip_0.mp4,25.0,250,10.0
clips/drink/8_6_clip_0.mp4,8_6_clip_0.mp4,25.0,248,9.92
clips/drink/90_1_clip_0.mp4,90_1_clip_0.mp4,25.0,250,10.0
clips/drink/90_3_clip_0.mp4,90_3_clip_0.mp4,25.0,250,10.0
clips/drink/91_3_clip_0.mp4,91_3_clip_0.mp4,25.0,250,10.0
clips/drink/92_3_clip_0.mp4,92_3_clip_0.mp4,25.0,250,10.0
clips/drink/93_2_clip_0.mp4,93_2_clip_0.mp4,25.0,250,10.0
clips/drink/93_4_clip_0.mp4,93_4_clip_0.mp4,25.0,250,10.0
clips/drink/94_1_clip_0.mp4,94_1_clip_0.mp4,25.0,250,10.0
clips/drink/94_2_clip_0.mp4,94_2_clip_0.mp4,25.0,250,10.0
clips/drink/95_2_clip_0.mp4,95_2_clip_0.mp4,25.0,250,10.0
clips/drink/95_3_clip_0.mp4,95_3_clip_0.mp4,25.0,250,10.0
clips/drink/96_1_clip_0.mp4,96_1_clip_0.mp4,25.0,250,10.0
clips/drink/96_2_clip_0.mp4,96_2_clip_0.mp4,25.0,250,10.0
clips/drink/97_3_clip_0.mp4,97_3_clip_0.mp4,25.0,250,10.0
clips/drink/98_1_clip_0.mp4,98_1_clip_0.mp4,25.0,250,10.0
clips/drink/99_2_clip_0.mp4,99_2_clip_0.mp4,25.0,250,10.0
clips/drink/9_3_clip_0.mp4,9_3_clip_0.mp4,25.0,250,10.0
clips/drink/9_4_clip_0.mp4,9_4_clip_0.mp4,25.0,250,10.0
clips/drink/9_5_clip_0.mp4,9_5_clip_0.mp4,25.0,250,10.0
clips/drink/9_6_clip_0.mp4,9_6_clip_0.mp4,25.0,250,10.0
clips/eat/00000000082000000_2_clip_0.mp4,00000000082000000_2_clip_0.mp4,25.0,250,10.0
clips/eat/00000000082000000_2_clip_1.mp4,00000000082000000_2_clip_1.mp4,25.0,250,10.0
clips/eat/00000000082000000_2_clip_2.mp4,00000000082000000_2_clip_2.mp4,25.0,250,10.0
clips/eat/101_1_clip_0.mp4,101_1_clip_0.mp4,25.0,250,10.0
clips/eat/101_3_clip_0.mp4,101_3_clip_0.mp4,25.0,250,10.0
clips/eat/101_4_clip_0.mp4,101_4_clip_0.mp4,25.0,250,10.0
clips/eat/101_5_clip_0.mp4,101_5_clip_0.mp4,25.0,250,10.0
clips/eat/101_6_clip_0.mp4,101_6_clip_0.mp4,25.0,250,10.0
clips/eat/102_2_clip_0.mp4,102_2_clip_0.mp4,25.0,250,10.0
clips/eat/102_3_clip_0.mp4,102_3_clip_0.mp4,25.0,250,10.0
clips/eat/102_4_clip_0.mp4,102_4_clip_0.mp4,25.0,250,10.0
clips/eat/102_5_clip_0.mp4,102_5_clip_0.mp4,25.0,250,10.0
clips/eat/103_1_clip_0.mp4,103_1_clip_0.mp4,25.0,250,10.0
clips/eat/103_3_clip_0.mp4,103_3_clip_0.mp4,25.0,250,10.0
clips/eat/103_4_clip_0.mp4,103_4_clip_0.mp4,25.0,250,10.0
clips/eat/103_5_clip_0.mp4,103_5_clip_0.mp4,25.0,250,10.0
clips/eat/103_6_clip_0.mp4,103_6_clip_0.mp4,25.0,250,10.0
clips/eat/104_2_clip_0.mp4,104_2_clip_0.mp4,25.0,250,10.0
clips/eat/104_3_clip_0.mp4,104_3_clip_0.mp4,25.0,250,10.0
clips/eat/104_4_clip_0.mp4,104_4_clip_0.mp4,25.0,250,10.0
clips/eat/104_5_clip_0.mp4,104_5_clip_0.mp4,25.0,250,10.0
clips/eat/104_6_clip_0.mp4,104_6_clip_0.mp4,25.0,250,10.0
clips/eat/105_1_clip_0.mp4,105_1_clip_0.mp4,25.0,250,10.0
clips/eat/105_3_clip_0.mp4,105_3_clip_0.mp4,25.0,250,10.0
clips/eat/105_4_clip_0.mp4,105_4_clip_0.mp4,25.0,250,10.0
clips/eat/105_5_clip_0.mp4,105_5_clip_0.mp4,25.0,250,10.0
clips/eat/105_6_clip_0.mp4,105_6_clip_0.mp4,25.0,250,10.0
clips/eat/106_1_clip_0.mp4,106_1_clip_0.mp4,25.0,250,10.0
clips/eat/106_3_clip_0.mp4,106_3_clip_0.mp4,25.0,250,10.0
clips/eat/106_4_clip_0.mp4,106_4_clip_0.mp4,25.0,250,10.0
clips/eat/106_5_clip_0.mp4,106_5_clip_0.mp4,25.0,250,10.0
clips/eat/106_6_clip_0.mp4,106_6_clip_0.mp4,25.0,250,10.0
clips/eat/107_1_clip_0.mp4,107_1_clip_0.mp4,25.0,250,10.0
clips/eat/107_3_clip_0.mp4,107_3_clip_0.mp4,25.0,250,10.0
clips/eat/107_4_clip_0.mp4,107_4_clip_0.mp4,25.0,250,10.0
clips/eat/107_5_clip_0.mp4,107_5_clip_0.mp4,25.0,250,10.0
clips/eat/107_6_clip_0.mp4,107_6_clip_0.mp4,25.0,250,10.0
clips/eat/108_1_clip_0.mp4,108_1_clip_0.mp4,25.0,250,10.0
clips/eat/108_3_clip_0.mp4,108_3_clip_0.mp4,25.0,250,10.0
clips/eat/108_4_clip_0.mp4,108_4_clip_0.mp4,25.0,250,10.0
clips/eat/108_5_clip_0.mp4,108_5_clip_0.mp4,25.0,250,10.0
clips/eat/108_6_clip_0.mp4,108_6_clip_0.mp4,25.0,250,10.0
clips/eat/109_1_clip_0.mp4,109_1_clip_0.mp4,25.0,250,10.0
clips/eat/109_3_clip_0.mp4,109_3_clip_0.mp4,25.0,250,10.0
clips/eat/109_4_clip_0.mp4,109_4_clip_0.mp4,25.0,250,10.0
clips/eat/109_5_clip_0.mp4,109_5_clip_0.mp4,25.0,250,10.0
clips/eat/109_6_clip_0.mp4,109_6_clip_0.mp4,25.0,250,10.0
clips/eat/110_2_clip_0.mp4,110_2_clip_0.mp4,25.0,250,10.0
clips/eat/110_3_clip_0.mp4,110_3_clip_0.mp4,25.0,250,10.0
clips/eat/110_4_clip_0.mp4,110_4_clip_0.mp4,25.0,250,10.0
clips/eat/110_5_clip_0.mp4,110_5_clip_0.mp4,25.0,250,10.0
clips/eat/110_6_clip_0.mp4,110_6_clip_0.mp4,25.0,250,10.0
clips/eat/111_2_clip_0.mp4,111_2_clip_0.mp4,25.0,250,10.0
clips/eat/111_3_clip_0.mp4,111_3_clip_0.mp4,25.0,250,10.0
clips/eat/111_4_clip_0.mp4,111_4_clip_0.mp4,25.0,250,10.0
clips/eat/111_5_clip_0.mp4,111_5_clip_0.mp4,25.0,250,10.0
clips/eat/111_6_clip_0.mp4,111_6_clip_0.mp4,25.0,250,10.0
clips/eat/112_1_clip_0.mp4,112_1_clip_0.mp4,25.0,250,10.0
clips/eat/112_3_clip_0.mp4,112_3_clip_0.mp4,25.0,250,10.0
clips/eat/112_4_clip_0.mp4,112_4_clip_0.mp4,25.0,250,10.0
clips/eat/112_5_clip_0.mp4,112_5_clip_0.mp4,25.0,250,10.0
clips/eat/112_6_clip_0.mp4,112_6_clip_0.mp4,25.0,250,10.0
clips/eat/113_2_clip_0.mp4,113_2_clip_0.mp4,25.0,250,10.0
clips/eat/113_3_clip_0.mp4,113_3_clip_0.mp4,25.0,250,10.0
clips/eat/113_4_clip_0.mp4,113_4_clip_0.mp4,25.0,250,10.0
clips/eat/113_5_clip_0.mp4,113_5_clip_0.mp4,25.0,250,10.0
clips/eat/113_6_clip_0.mp4,113_6_clip_0.mp4,25.0,250,10.0
clips/eat/114_1_clip_0.mp4,114_1_clip_0.mp4,25.0,250,10.0
clips/eat/114_3_clip_0.mp4,114_3_clip_0.mp4,25.0,250,10.0
clips/eat/114_4_clip_0.mp4,114_4_clip_0.mp4,25.0,250,10.0
clips/eat/114_5_clip_0.mp4,114_5_clip_0.mp4,25.0,250,10.0
clips/eat/114_6_clip_0.mp4,114_6_clip_0.mp4,25.0,250,10.0
clips/eat/115_1_clip_0.mp4,115_1_clip_0.mp4,25.0,250,10.0
clips/eat/115_3_clip_0.mp4,115_3_clip_0.mp4,25.0,250,10.0
clips/eat/115_4_clip_0.mp4,115_4_clip_0.mp4,25.0,250,10.0
clips/eat/115_5_clip_0.mp4,115_5_clip_0.mp4,25.0,250,10.0
clips/eat/115_6_clip_0.mp4,115_6_clip_0.mp4,25.0,250,10.0
clips/eat/116_1_clip_0.mp4,116_1_clip_0.mp4,25.0,250,10.0
clips/eat/116_3_clip_0.mp4,116_3_clip_0.mp4,25.0,250,10.0
clips/eat/116_4_clip_0.mp4,116_4_clip_0.mp4,25.0,250,10.0
clips/eat/116_5_clip_0.mp4,116_5_clip_0.mp4,25.0,250,10.0
clips/eat/116_6_clip_0.mp4,116_6_clip_0.mp4,25.0,250,10.0
clips/eat/117_1_clip_0.mp4,117_1_clip_0.mp4,25.0,250,10.0
clips/eat/117_3_clip_0.mp4,117_3_clip_0.mp4,25.0,250,10.0
clips/eat/117_4_clip_0.mp4,117_4_clip_0.mp4,25.0,250,10.0
clips/eat/117_5_clip_0.mp4,117_5_clip_0.mp4,25.0,250,10.0
clips/eat/117_6_clip_0.mp4,117_6_clip_0.mp4,25.0,250,10.0
clips/eat/118_1_clip_0.mp4,118_1_clip_0.mp4,25.0,250,10.0
clips/eat/118_3_clip_0.mp4,118_3_clip_0.mp4,25.0,250,10.0
clips/eat/118_4_clip_0.mp4,118_4_clip_0.mp4,25.0,250,10.0
clips/eat/118_5_clip_0.mp4,118_5_clip_0.mp4,25.0,250,10.0
clips/eat/118_6_clip_0.mp4,118_6_clip_0.mp4,25.0,250,10.0
clips/eat/119_3_clip_0.mp4,119_3_clip_0.mp4,25.0,250,10.0
clips/eat/119_4_clip_0.mp4,119_4_clip_0.mp4,25.0,250,10.0
clips/eat/119_5_clip_0.mp4,119_5_clip_0.mp4,25.0,250,10.0
clips/eat/119_6_clip_0.mp4,119_6_clip_0.mp4,25.0,250,10.0
clips/eat/120_3_clip_0.mp4,120_3_clip_0.mp4,25.0,250,10.0
clips/eat/120_4_clip_0.mp4,120_4_clip_0.mp4,25.0,250,10.0
clips/eat/120_5_clip_0.mp4,120_5_clip_0.mp4,25.0,250,10.0
clips/eat/120_6_clip_0.mp4,120_6_clip_0.mp4,25.0,250,10.0
clips/eat/121_3_clip_0.mp4,121_3_clip_0.mp4,25.0,250,10.0
clips/eat/121_4_clip_0.mp4,121_4_clip_0.mp4,25.0,250,10.0
clips/eat/121_5_clip_0.mp4,121_5_clip_0.mp4,25.0,250,10.0
clips/eat/121_6_clip_0.mp4,121_6_clip_0.mp4,25.0,250,10.0
clips/eat/122_3_clip_0.mp4,122_3_clip_0.mp4,25.0,250,10.0
clips/eat/122_4_clip_0.mp4,122_4_clip_0.mp4,25.0,250,10.0
clips/eat/122_5_clip_0.mp4,122_5_clip_0.mp4,25.0,250,10.0
clips/eat/123_3_clip_0.mp4,123_3_clip_0.mp4,25.0,250,10.0
clips/eat/123_4_clip_0.mp4,123_4_clip_0.mp4,25.0,250,10.0
clips/eat/123_5_clip_0.mp4,123_5_clip_0.mp4,25.0,250,10.0
clips/eat/123_6_clip_0.mp4,123_6_clip_0.mp4,25.0,250,10.0
clips/eat/124_1_clip_0.mp4,124_1_clip_0.mp4,25.0,250,10.0
clips/eat/124_3_clip_0.mp4,124_3_clip_0.mp4,25.0,250,10.0
clips/eat/124_4_clip_0.mp4,124_4_clip_0.mp4,25.0,250,10.0
clips/eat/124_5_clip_0.mp4,124_5_clip_0.mp4,25.0,250,10.0
clips/eat/124_6_clip_0.mp4,124_6_clip_0.mp4,25.0,250,10.0
clips/eat/125_1_clip_0.mp4,125_1_clip_0.mp4,25.0,250,10.0
clips/eat/125_3_clip_0.mp4,125_3_clip_0.mp4,25.0,250,10.0
clips/eat/125_4_clip_0.mp4,125_4_clip_0.mp4,25.0,250,10.0
clips/eat/125_5_clip_0.mp4,125_5_clip_0.mp4,25.0,250,10.0
clips/eat/125_6_clip_0.mp4,125_6_clip_0.mp4,25.0,250,10.0
clips/eat/126_1_clip_0.mp4,126_1_clip_0.mp4,25.0,250,10.0
clips/eat/126_3_clip_0.mp4,126_3_clip_0.mp4,25.0,250,10.0
clips/eat/126_4_clip_0.mp4,126_4_clip_0.mp4,25.0,250,10.0
clips/eat/126_5_clip_0.mp4,126_5_clip_0.mp4,25.0,250,10.0
clips/eat/126_6_clip_0.mp4,126_6_clip_0.mp4,25.0,250,10.0
clips/eat/127_2_clip_0.mp4,127_2_clip_0.mp4,25.0,250,10.0
clips/eat/127_3_clip_0.mp4,127_3_clip_0.mp4,25.0,250,10.0
clips/eat/127_4_clip_0.mp4,127_4_clip_0.mp4,25.0,250,10.0
clips/eat/127_5_clip_0.mp4,127_5_clip_0.mp4,25.0,250,10.0
clips/eat/127_6_clip_0.mp4,127_6_clip_0.mp4,25.0,250,10.0
clips/eat/128_1_clip_0.mp4,128_1_clip_0.mp4,25.0,250,10.0
clips/eat/128_3_clip_0.mp4,128_3_clip_0.mp4,25.0,250,10.0
clips/eat/128_4_clip_0.mp4,128_4_clip_0.mp4,25.0,250,10.0
clips/eat/128_5_clip_0.mp4,128_5_clip_0.mp4,25.0,250,10.0
clips/eat/128_6_clip_0.mp4,128_6_clip_0.mp4,25.0,250,10.0
clips/eat/129_2_clip_0.mp4,129_2_clip_0.mp4,25.0,250,10.0
clips/eat/129_3_clip_0.mp4,129_3_clip_0.mp4,25.0,250,10.0
clips/eat/129_4_clip_0.mp4,129_4_clip_0.mp4,25.0,250,10.0
clips/eat/129_5_clip_0.mp4,129_5_clip_0.mp4,25.0,250,10.0
clips/eat/129_6_clip_0.mp4,129_6_clip_0.mp4,25.0,250,10.0
clips/eat/130_2_clip_0.mp4,130_2_clip_0.mp4,25.0,250,10.0
clips/eat/130_3_clip_0.mp4,130_3_clip_0.mp4,25.0,250,10.0
clips/eat/130_4_clip_0.mp4,130_4_clip_0.mp4,25.0,250,10.0
clips/eat/130_5_clip_0.mp4,130_5_clip_0.mp4,25.0,250,10.0
clips/eat/130_6_clip_0.mp4,130_6_clip_0.mp4,25.0,250,10.0
clips/eat/131_2_clip_0.mp4,131_2_clip_0.mp4,25.0,250,10.0
clips/eat/131_3_clip_0.mp4,131_3_clip_0.mp4,25.0,250,10.0
clips/eat/131_4_clip_0.mp4,131_4_clip_0.mp4,25.0,250,10.0
clips/eat/131_5_clip_0.mp4,131_5_clip_0.mp4,25.0,250,10.0
clips/eat/131_6_clip_0.mp4,131_6_clip_0.mp4,25.0,250,10.0
clips/eat/132_2_clip_0.mp4,132_2_clip_0.mp4,25.0,250,10.0
clips/eat/132_3_clip_0.mp4,132_3_clip_0.mp4,25.0,250,10.0
clips/eat/132_4_clip_0.mp4,132_4_clip_0.mp4,25.0,250,10.0
clips/eat/132_5_clip_0.mp4,132_5_clip_0.mp4,25.0,250,10.0
clips/eat/132_6_clip_0.mp4,132_6_clip_0.mp4,25.0,250,10.0
clips/eat/133_2_clip_0.mp4,133_2_clip_0.mp4,25.0,250,10.0
clips/eat/133_3_clip_0.mp4,133_3_clip_0.mp4,25.0,250,10.0
clips/eat/133_4_clip_0.mp4,133_4_clip_0.mp4,25.0,250,10.0
clips/eat/133_5_clip_0.mp4,133_5_clip_0.mp4,25.0,250,10.0
clips/eat/133_6_clip_0.mp4,133_6_clip_0.mp4,25.0,250,10.0
clips/eat/134_1_clip_0.mp4,134_1_clip_0.mp4,25.0,250,10.0
clips/eat/134_2_clip_0.mp4,134_2_clip_0.mp4,25.0,250,10.0
clips/eat/134_3_clip_0.mp4,134_3_clip_0.mp4,25.0,250,10.0
clips/eat/134_4_clip_0.mp4,134_4_clip_0.mp4,25.0,250,10.0
clips/eat/134_5_clip_0.mp4,134_5_clip_0.mp4,25.0,250,10.0
clips/eat/134_6_clip_0.mp4,134_6_clip_0.mp4,25.0,250,10.0
clips/eat/135_1_clip_0.mp4,135_1_clip_0.mp4,25.0,250,10.0
clips/eat/135_2_clip_0.mp4,135_2_clip_0.mp4,25.0,250,10.0
clips/eat/135_3_clip_0.mp4,135_3_clip_0.mp4,25.0,250,10.0
clips/eat/135_4_clip_0.mp4,135_4_clip_0.mp4,25.0,250,10.0
clips/eat/135_5_clip_0.mp4,135_5_clip_0.mp4,25.0,250,10.0
clips/eat/135_6_clip_0.mp4,135_6_clip_0.mp4,25.0,250,10.0
clips/eat/136_1_clip_0.mp4,136_1_clip_0.mp4,25.0,250,10.0
clips/eat/136_2_clip_0.mp4,136_2_clip_0.mp4,25.0,250,10.0
clips/eat/136_3_clip_0.mp4,136_3_clip_0.mp4,25.0,250,10.0
clips/eat/136_4_clip_0.mp4,136_4_clip_0.mp4,25.0,250,10.0
clips/eat/136_5_clip_0.mp4,136_5_clip_0.mp4,25.0,250,10.0
clips/eat/136_6_clip_0.mp4,136_6_clip_0.mp4,25.0,250,10.0
clips/eat/137_1_clip_0.mp4,137_1_clip_0.mp4,25.0,250,10.0
clips/eat/137_2_clip_0.mp4,137_2_clip_0.mp4,25.0,250,10.0
clips/eat/137_3_clip_0.mp4,137_3_clip_0.mp4,25.0,250,10.0
clips/eat/137_4_clip_0.mp4,137_4_clip_0.mp4,25.0,250,10.0
clips/eat/137_5_clip_0.mp4,137_5_clip_0.mp4,25.0,250,10.0
clips/eat/137_6_clip_0.mp4,137_6_clip_0.mp4,25.0,250,10.0
clips/eat/138_1_clip_0.mp4,138_1_clip_0.mp4,25.0,250,10.0
clips/eat/138_2_clip_0.mp4,138_2_clip_0.mp4,25.0,250,10.0
clips/eat/138_3_clip_0.mp4,138_3_clip_0.mp4,25.0,250,10.0
clips/eat/138_4_clip_0.mp4,138_4_clip_0.mp4,25.0,250,10.0
clips/eat/138_5_clip_0.mp4,138_5_clip_0.mp4,25.0,250,10.0
clips/eat/138_6_clip_0.mp4,138_6_clip_0.mp4,25.0,250,10.0
clips/eat/139_1_clip_0.mp4,139_1_clip_0.mp4,25.0,250,10.0
clips/eat/139_2_clip_0.mp4,139_2_clip_0.mp4,25.0,250,10.0
clips/eat/139_3_clip_0.mp4,139_3_clip_0.mp4,25.0,250,10.0
clips/eat/139_4_clip_0.mp4,139_4_clip_0.mp4,25.0,250,10.0
clips/eat/139_5_clip_0.mp4,139_5_clip_0.mp4,25.0,250,10.0
clips/eat/139_6_clip_0.mp4,139_6_clip_0.mp4,25.0,250,10.0
clips/eat/140_2_clip_0.mp4,140_2_clip_0.mp4,25.0,250,10.0
clips/eat/140_3_clip_0.mp4,140_3_clip_0.mp4,25.0,250,10.0
clips/eat/140_4_clip_0.mp4,140_4_clip_0.mp4,25.0,250,10.0
clips/eat/140_5_clip_0.mp4,140_5_clip_0.mp4,25.0,250,10.0
clips/eat/140_6_clip_0.mp4,140_6_clip_0.mp4,25.0,250,10.0
clips/eat/141_2_clip_0.mp4,141_2_clip_0.mp4,25.0,250,10.0
clips/eat/141_3_clip_0.mp4,141_3_clip_0.mp4,25.0,250,10.0
clips/eat/141_4_clip_0.mp4,141_4_clip_0.mp4,25.0,250,10.0
clips/eat/141_5_clip_0.mp4,141_5_clip_0.mp4,25.0,250,10.0
clips/eat/141_6_clip_0.mp4,141_6_clip_0.mp4,25.0,250,10.0
clips/eat/142_1_clip_0.mp4,142_1_clip_0.mp4,25.0,250,10.0
clips/eat/142_2_clip_0.mp4,142_2_clip_0.mp4,25.0,250,10.0
clips/eat/142_3_clip_0.mp4,142_3_clip_0.mp4,25.0,250,10.0
clips/eat/142_4_clip_0.mp4,142_4_clip_0.mp4,25.0,250,10.0
clips/eat/142_5_clip_0.mp4,142_5_clip_0.mp4,25.0,250,10.0
clips/eat/142_6_clip_0.mp4,142_6_clip_0.mp4,25.0,250,10.0
clips/eat/143_1_clip_0.mp4,143_1_clip_0.mp4,25.0,250,10.0
clips/eat/143_2_clip_0.mp4,143_2_clip_0.mp4,25.0,250,10.0
clips/eat/143_3_clip_0.mp4,143_3_clip_0.mp4,25.0,250,10.0
clips/eat/143_4_clip_0.mp4,143_4_clip_0.mp4,25.0,250,10.0
clips/eat/143_5_clip_0.mp4,143_5_clip_0.mp4,25.0,250,10.0
clips/eat/143_6_clip_0.mp4,143_6_clip_0.mp4,25.0,250,10.0
clips/eat/144_1_clip_0.mp4,144_1_clip_0.mp4,25.0,250,10.0
clips/eat/144_2_clip_0.mp4,144_2_clip_0.mp4,25.0,250,10.0
clips/eat/144_3_clip_0.mp4,144_3_clip_0.mp4,25.0,250,10.0
clips/eat/144_4_clip_0.mp4,144_4_clip_0.mp4,25.0,250,10.0
clips/eat/144_5_clip_0.mp4,144_5_clip_0.mp4,25.0,250,10.0
clips/eat/144_6_clip_0.mp4,144_6_clip_0.mp4,25.0,250,10.0
clips/eat/145_1_clip_0.mp4,145_1_clip_0.mp4,25.0,250,10.0
clips/eat/145_2_clip_0.mp4,145_2_clip_0.mp4,25.0,250,10.0
clips/eat/145_3_clip_0.mp4,145_3_clip_0.mp4,25.0,250,10.0
clips/eat/145_4_clip_0.mp4,145_4_clip_0.mp4,25.0,250,10.0
clips/eat/145_5_clip_0.mp4,145_5_clip_0.mp4,25.0,250,10.0
clips/eat/145_6_clip_0.mp4,145_6_clip_0.mp4,25.0,250,10.0
clips/eat/146_1_clip_0.mp4,146_1_clip_0.mp4,25.0,250,10.0
clips/eat/146_2_clip_0.mp4,146_2_clip_0.mp4,25.0,250,10.0
clips/eat/146_3_clip_0.mp4,146_3_clip_0.mp4,25.0,250,10.0
clips/eat/146_4_clip_0.mp4,146_4_clip_0.mp4,25.0,250,10.0
clips/eat/146_5_clip_0.mp4,146_5_clip_0.mp4,25.0,250,10.0
clips/eat/146_6_clip_0.mp4,146_6_clip_0.mp4,25.0,250,10.0
clips/eat/147_1_clip_0.mp4,147_1_clip_0.mp4,25.0,250,10.0
clips/eat/147_2_clip_0.mp4,147_2_clip_0.mp4,25.0,250,10.0
clips/eat/147_3_clip_0.mp4,147_3_clip_0.mp4,25.0,250,10.0
clips/eat/147_4_clip_0.mp4,147_4_clip_0.mp4,25.0,250,10.0
clips/eat/147_5_clip_0.mp4,147_5_clip_0.mp4,25.0,250,10.0
clips/eat/147_6_clip_0.mp4,147_6_clip_0.mp4,25.0,250,10.0
clips/eat/148_1_clip_0.mp4,148_1_clip_0.mp4,25.0,250,10.0
clips/eat/148_2_clip_0.mp4,148_2_clip_0.mp4,25.0,250,10.0
clips/eat/148_3_clip_0.mp4,148_3_clip_0.mp4,25.0,250,10.0
clips/eat/148_4_clip_0.mp4,148_4_clip_0.mp4,25.0,250,10.0
clips/eat/148_5_clip_0.mp4,148_5_clip_0.mp4,25.0,250,10.0
clips/eat/148_6_clip_0.mp4,148_6_clip_0.mp4,25.0,250,10.0
clips/eat/149_1_clip_0.mp4,149_1_clip_0.mp4,25.0,250,10.0
clips/eat/149_2_clip_0.mp4,149_2_clip_0.mp4,25.0,250,10.0
clips/eat/149_3_clip_0.mp4,149_3_clip_0.mp4,25.0,250,10.0
clips/eat/149_4_clip_0.mp4,149_4_clip_0.mp4,25.0,250,10.0
clips/eat/149_5_clip_0.mp4,149_5_clip_0.mp4,25.0,250,10.0
clips/eat/149_6_clip_0.mp4,149_6_clip_0.mp4,25.0,250,10.0
clips/eat/150_1_clip_0.mp4,150_1_clip_0.mp4,25.0,250,10.0
clips/eat/150_2_clip_0.mp4,150_2_clip_0.mp4,25.0,250,10.0
clips/eat/150_3_clip_0.mp4,150_3_clip_0.mp4,25.0,250,10.0
clips/eat/150_4_clip_0.mp4,150_4_clip_0.mp4,25.0,250,10.0
clips/eat/150_5_clip_0.mp4,150_5_clip_0.mp4,25.0,250,10.0
clips/eat/150_6_clip_0.mp4,150_6_clip_0.mp4,25.0,250,10.0
clips/eat/151_1_clip_0.mp4,151_1_clip_0.mp4,25.0,250,10.0
clips/eat/151_2_clip_0.mp4,151_2_clip_0.mp4,25.0,250,10.0
clips/eat/151_3_clip_0.mp4,151_3_clip_0.mp4,25.0,250,10.0
clips/eat/151_4_clip_0.mp4,151_4_clip_0.mp4,25.0,250,10.0
clips/eat/151_5_clip_0.mp4,151_5_clip_0.mp4,25.0,250,10.0
clips/eat/151_6_clip_0.mp4,151_6_clip_0.mp4,25.0,250,10.0
clips/eat/152_1_clip_0.mp4,152_1_clip_0.mp4,25.0,250,10.0
clips/eat/152_2_clip_0.mp4,152_2_clip_0.mp4,25.0,250,10.0
clips/eat/152_3_clip_0.mp4,152_3_clip_0.mp4,25.0,250,10.0
clips/eat/152_4_clip_0.mp4,152_4_clip_0.mp4,25.0,250,10.0
clips/eat/152_5_clip_0.mp4,152_5_clip_0.mp4,25.0,250,10.0
clips/eat/152_6_clip_0.mp4,152_6_clip_0.mp4,25.0,250,10.0
clips/eat/153_1_clip_0.mp4,153_1_clip_0.mp4,25.0,250,10.0
clips/eat/153_2_clip_0.mp4,153_2_clip_0.mp4,25.0,250,10.0
clips/eat/153_3_clip_0.mp4,153_3_clip_0.mp4,25.0,250,10.0
clips/eat/153_4_clip_0.mp4,153_4_clip_0.mp4,25.0,250,10.0
clips/eat/153_5_clip_0.mp4,153_5_clip_0.mp4,25.0,250,10.0
clips/eat/153_6_clip_0.mp4,153_6_clip_0.mp4,25.0,250,10.0
clips/eat/154_1_clip_0.mp4,154_1_clip_0.mp4,25.0,250,10.0
clips/eat/154_2_clip_0.mp4,154_2_clip_0.mp4,25.0,250,10.0
clips/eat/154_3_clip_0.mp4,154_3_clip_0.mp4,25.0,250,10.0
clips/eat/154_4_clip_0.mp4,154_4_clip_0.mp4,25.0,250,10.0
clips/eat/154_5_clip_0.mp4,154_5_clip_0.mp4,25.0,250,10.0
clips/eat/154_6_clip_0.mp4,154_6_clip_0.mp4,25.0,250,10.0
clips/eat/155_1_clip_0.mp4,155_1_clip_0.mp4,25.0,250,10.0
clips/eat/155_2_clip_0.mp4,155_2_clip_0.mp4,25.0,250,10.0
clips/eat/155_3_clip_0.mp4,155_3_clip_0.mp4,25.0,250,10.0
clips/eat/155_4_clip_0.mp4,155_4_clip_0.mp4,25.0,250,10.0
clips/eat/155_5_clip_0.mp4,155_5_clip_0.mp4,25.0,250,10.0
clips/eat/155_6_clip_0.mp4,155_6_clip_0.mp4,25.0,250,10.0
clips/eat/156_1_clip_0.mp4,156_1_clip_0.mp4,25.0,250,10.0
clips/eat/156_2_clip_0.mp4,156_2_clip_0.mp4,25.0,250,10.0
clips/eat/156_3_clip_0.mp4,156_3_clip_0.mp4,25.0,250,10.0
clips/eat/156_4_clip_0.mp4,156_4_clip_0.mp4,25.0,250,10.0
clips/eat/156_5_clip_0.mp4,156_5_clip_0.mp4,25.0,250,10.0
clips/eat/156_6_clip_0.mp4,156_6_clip_0.mp4,25.0,250,10.0
clips/eat/157_1_clip_0.mp4,157_1_clip_0.mp4,25.0,250,10.0
clips/eat/157_2_clip_0.mp4,157_2_clip_0.mp4,25.0,250,10.0
clips/eat/157_3_clip_0.mp4,157_3_clip_0.mp4,25.0,250,10.0
clips/eat/157_4_clip_0.mp4,157_4_clip_0.mp4,25.0,250,10.0
clips/eat/157_5_clip_0.mp4,157_5_clip_0.mp4,25.0,250,10.0
clips/eat/157_6_clip_0.mp4,157_6_clip_0.mp4,25.0,250,10.0
clips/eat/158_1_clip_0.mp4,158_1_clip_0.mp4,25.0,250,10.0
clips/eat/158_2_clip_0.mp4,158_2_clip_0.mp4,25.0,250,10.0
clips/eat/158_3_clip_0.mp4,158_3_clip_0.mp4,25.0,250,10.0
clips/eat/158_4_clip_0.mp4,158_4_clip_0.mp4,25.0,250,10.0
clips/eat/158_5_clip_0.mp4,158_5_clip_0.mp4,25.0,250,10.0
clips/eat/158_6_clip_0.mp4,158_6_clip_0.mp4,25.0,250,10.0
clips/eat/159_1_clip_0.mp4,159_1_clip_0.mp4,25.0,250,10.0
clips/eat/159_2_clip_0.mp4,159_2_clip_0.mp4,25.0,250,10.0
clips/eat/159_3_clip_0.mp4,159_3_clip_0.mp4,25.0,250,10.0
clips/eat/159_4_clip_0.mp4,159_4_clip_0.mp4,25.0,250,10.0
clips/eat/159_5_clip_0.mp4,159_5_clip_0.mp4,25.0,250,10.0
clips/eat/159_6_clip_0.mp4,159_6_clip_0.mp4,25.0,250,10.0
clips/eat/160_1_clip_0.mp4,160_1_clip_0.mp4,25.0,250,10.0
clips/eat/160_2_clip_0.mp4,160_2_clip_0.mp4,25.0,250,10.0
clips/eat/160_3_clip_0.mp4,160_3_clip_0.mp4,25.0,250,10.0
clips/eat/160_4_clip_0.mp4,160_4_clip_0.mp4,25.0,250,10.0
clips/eat/160_5_clip_0.mp4,160_5_clip_0.mp4,25.0,250,10.0
clips/eat/160_6_clip_0.mp4,160_6_clip_0.mp4,25.0,250,10.0
clips/eat/161_1_clip_0.mp4,161_1_clip_0.mp4,25.0,250,10.0
clips/eat/161_2_clip_0.mp4,161_2_clip_0.mp4,25.0,250,10.0
clips/eat/161_3_clip_0.mp4,161_3_clip_0.mp4,25.0,250,10.0
clips/eat/161_4_clip_0.mp4,161_4_clip_0.mp4,25.0,250,10.0
clips/eat/161_5_clip_0.mp4,161_5_clip_0.mp4,25.0,250,10.0
clips/eat/161_6_clip_0.mp4,161_6_clip_0.mp4,25.0,250,10.0
clips/eat/162_1_clip_0.mp4,162_1_clip_0.mp4,25.0,250,10.0
clips/eat/162_2_clip_0.mp4,162_2_clip_0.mp4,25.0,250,10.0
clips/eat/162_3_clip_0.mp4,162_3_clip_0.mp4,25.0,250,10.0
clips/eat/162_4_clip_0.mp4,162_4_clip_0.mp4,25.0,250,10.0
clips/eat/162_5_clip_0.mp4,162_5_clip_0.mp4,25.0,250,10.0
clips/eat/162_6_clip_0.mp4,162_6_clip_0.mp4,25.0,250,10.0
clips/eat/163_1_clip_0.mp4,163_1_clip_0.mp4,25.0,250,10.0
clips/eat/163_2_clip_0.mp4,163_2_clip_0.mp4,25.0,250,10.0
clips/eat/163_3_clip_0.mp4,163_3_clip_0.mp4,25.0,250,10.0
clips/eat/163_4_clip_0.mp4,163_4_clip_0.mp4,25.0,250,10.0
clips/eat/163_5_clip_0.mp4,163_5_clip_0.mp4,25.0,250,10.0
clips/eat/163_6_clip_0.mp4,163_6_clip_0.mp4,25.0,250,10.0
clips/eat/164_1_clip_0.mp4,164_1_clip_0.mp4,25.0,250,10.0
clips/eat/164_2_clip_0.mp4,164_2_clip_0.mp4,25.0,250,10.0
clips/eat/164_3_clip_0.mp4,164_3_clip_0.mp4,25.0,250,10.0
clips/eat/164_4_clip_0.mp4,164_4_clip_0.mp4,25.0,250,10.0
clips/eat/164_5_clip_0.mp4,164_5_clip_0.mp4,25.0,250,10.0
clips/eat/164_6_clip_0.mp4,164_6_clip_0.mp4,25.0,250,10.0
clips/eat/165_1_clip_0.mp4,165_1_clip_0.mp4,25.0,250,10.0
clips/eat/165_2_clip_0.mp4,165_2_clip_0.mp4,25.0,250,10.0
clips/eat/165_3_clip_0.mp4,165_3_clip_0.mp4,25.0,250,10.0
clips/eat/165_4_clip_0.mp4,165_4_clip_0.mp4,25.0,250,10.0
clips/eat/165_5_clip_0.mp4,165_5_clip_0.mp4,25.0,250,10.0
clips/eat/165_6_clip_0.mp4,165_6_clip_0.mp4,25.0,250,10.0
clips/eat/166_1_clip_0.mp4,166_1_clip_0.mp4,25.0,250,10.0
clips/eat/166_2_clip_0.mp4,166_2_clip_0.mp4,25.0,250,10.0
clips/eat/166_3_clip_0.mp4,166_3_clip_0.mp4,25.0,250,10.0
clips/eat/166_4_clip_0.mp4,166_4_clip_0.mp4,25.0,250,10.0
clips/eat/166_5_clip_0.mp4,166_5_clip_0.mp4,25.0,250,10.0
clips/eat/166_6_clip_0.mp4,166_6_clip_0.mp4,25.0,250,10.0
clips/eat/167_1_clip_0.mp4,167_1_clip_0.mp4,25.0,250,10.0
clips/eat/167_2_clip_0.mp4,167_2_clip_0.mp4,25.0,250,10.0
clips/eat/167_3_clip_0.mp4,167_3_clip_0.mp4,25.0,250,10.0
clips/eat/167_4_clip_0.mp4,167_4_clip_0.mp4,25.0,250,10.0
clips/eat/167_5_clip_0.mp4,167_5_clip_0.mp4,25.0,250,10.0
clips/eat/167_6_clip_0.mp4,167_6_clip_0.mp4,25.0,250,10.0
clips/eat/168_1_clip_0.mp4,168_1_clip_0.mp4,25.0,250,10.0
clips/eat/168_2_clip_0.mp4,168_2_clip_0.mp4,25.0,250,10.0
clips/eat/168_3_clip_0.mp4,168_3_clip_0.mp4,25.0,250,10.0
clips/eat/168_4_clip_0.mp4,168_4_clip_0.mp4,25.0,250,10.0
clips/eat/168_5_clip_0.mp4,168_5_clip_0.mp4,25.0,250,10.0
clips/eat/168_6_clip_0.mp4,168_6_clip_0.mp4,25.0,250,10.0
clips/eat/169_1_clip_0.mp4,169_1_clip_0.mp4,25.0,250,10.0
clips/eat/169_2_clip_0.mp4,169_2_clip_0.mp4,25.0,250,10.0
clips/eat/169_3_clip_0.mp4,169_3_clip_0.mp4,25.0,250,10.0
clips/eat/169_4_clip_0.mp4,169_4_clip_0.mp4,25.0,250,10.0
clips/eat/169_5_clip_0.mp4,169_5_clip_0.mp4,25.0,250,10.0
clips/eat/169_6_clip_0.mp4,169_6_clip_0.mp4,25.0,250,10.0
clips/eat/170_1_clip_0.mp4,170_1_clip_0.mp4,25.0,250,10.0
clips/eat/170_2_clip_0.mp4,170_2_clip_0.mp4,25.0,250,10.0
clips/eat/170_3_clip_0.mp4,170_3_clip_0.mp4,25.0,250,10.0
clips/eat/170_4_clip_0.mp4,170_4_clip_0.mp4,25.0,250,10.0
clips/eat/170_5_clip_0.mp4,170_5_clip_0.mp4,25.0,250,10.0
clips/eat/170_6_clip_0.mp4,170_6_clip_0.mp4,25.0,250,10.0
clips/eat/171_1_clip_0.mp4,171_1_clip_0.mp4,25.0,250,10.0
clips/eat/171_2_clip_0.mp4,171_2_clip_0.mp4,25.0,250,10.0
clips/eat/171_3_clip_0.mp4,171_3_clip_0.mp4,25.0,250,10.0
clips/eat/171_4_clip_0.mp4,171_4_clip_0.mp4,25.0,250,10.0
clips/eat/171_5_clip_0.mp4,171_5_clip_0.mp4,25.0,250,10.0
clips/eat/171_6_clip_0.mp4,171_6_clip_0.mp4,25.0,250,10.0
clips/eat/172_1_clip_0.mp4,172_1_clip_0.mp4,25.0,250,10.0
clips/eat/172_2_clip_0.mp4,172_2_clip_0.mp4,25.0,250,10.0
clips/eat/172_3_clip_0.mp4,172_3_clip_0.mp4,25.0,250,10.0
clips/eat/172_4_clip_0.mp4,172_4_clip_0.mp4,25.0,250,10.0
clips/eat/172_5_clip_0.mp4,172_5_clip_0.mp4,25.0,250,10.0
clips/eat/172_6_clip_0.mp4,172_6_clip_0.mp4,25.0,250,10.0
clips/eat/173_1_clip_0.mp4,173_1_clip_0.mp4,25.0,250,10.0
clips/eat/173_2_clip_0.mp4,173_2_clip_0.mp4,25.0,250,10.0
clips/eat/173_3_clip_0.mp4,173_3_clip_0.mp4,25.0,250,10.0
clips/eat/173_4_clip_0.mp4,173_4_clip_0.mp4,25.0,250,10.0
clips/eat/173_5_clip_0.mp4,173_5_clip_0.mp4,25.0,250,10.0
clips/eat/173_6_clip_0.mp4,173_6_clip_0.mp4,25.0,250,10.0
clips/eat/174_1_clip_0.mp4,174_1_clip_0.mp4,25.0,250,10.0
clips/eat/174_2_clip_0.mp4,174_2_clip_0.mp4,25.0,250,10.0
clips/eat/174_3_clip_0.mp4,174_3_clip_0.mp4,25.0,250,10.0
clips/eat/174_4_clip_0.mp4,174_4_clip_0.mp4,25.0,250,10.0
clips/eat/174_5_clip_0.mp4,174_5_clip_0.mp4,25.0,250,10.0
clips/eat/174_6_clip_0.mp4,174_6_clip_0.mp4,25.0,250,10.0
clips/eat/175_1_clip_0.mp4,175_1_clip_0.mp4,25.0,250,10.0
clips/eat/175_2_clip_0.mp4,175_2_clip_0.mp4,25.0,250,10.0
clips/eat/175_3_clip_0.mp4,175_3_clip_0.mp4,25.0,250,10.0
clips/eat/175_4_clip_0.mp4,175_4_clip_0.mp4,25.0,250,10.0
clips/eat/175_5_clip_0.mp4,175_5_clip_0.mp4,25.0,250,10.0
clips/eat/175_6_clip_0.mp4,175_6_clip_0.mp4,25.0,250,10.0
clips/eat/176_1_clip_0.mp4,176_1_clip_0.mp4,25.0,250,10.0
clips/eat/176_2_clip_0.mp4,176_2_clip_0.mp4,25.0,250,10.0
clips/eat/176_3_clip_0.mp4,176_3_clip_0.mp4,25.0,250,10.0
clips/eat/176_4_clip_0.mp4,176_4_clip_0.mp4,25.0,250,10.0
clips/eat/176_5_clip_0.mp4,176_5_clip_0.mp4,25.0,250,10.0
clips/eat/176_6_clip_0.mp4,176_6_clip_0.mp4,25.0,250,10.0
clips/eat/177_1_clip_0.mp4,177_1_clip_0.mp4,25.0,250,10.0
clips/eat/177_2_clip_0.mp4,177_2_clip_0.mp4,25.0,250,10.0
clips/eat/177_3_clip_0.mp4,177_3_clip_0.mp4,25.0,250,10.0
clips/eat/177_4_clip_0.mp4,177_4_clip_0.mp4,25.0,250,10.0
clips/eat/177_5_clip_0.mp4,177_5_clip_0.mp4,25.0,250,10.0
clips/eat/177_6_clip_0.mp4,177_6_clip_0.mp4,25.0,250,10.0
clips/eat/178_1_clip_0.mp4,178_1_clip_0.mp4,25.0,250,10.0
clips/eat/178_2_clip_0.mp4,178_2_clip_0.mp4,25.0,250,10.0
clips/eat/178_3_clip_0.mp4,178_3_clip_0.mp4,25.0,250,10.0
clips/eat/178_4_clip_0.mp4,178_4_clip_0.mp4,25.0,250,10.0
clips/eat/178_5_clip_0.mp4,178_5_clip_0.mp4,25.0,250,10.0
clips/eat/178_6_clip_0.mp4,178_6_clip_0.mp4,25.0,250,10.0
clips/eat/179_1_clip_0.mp4,179_1_clip_0.mp4,25.0,250,10.0
clips/eat/179_2_clip_0.mp4,179_2_clip_0.mp4,25.0,250,10.0
clips/eat/179_3_clip_0.mp4,179_3_clip_0.mp4,25.0,250,10.0
clips/eat/179_4_clip_0.mp4,179_4_clip_0.mp4,25.0,250,10.0
clips/eat/179_5_clip_0.mp4,179_5_clip_0.mp4,25.0,250,10.0
clips/eat/179_6_clip_0.mp4,179_6_clip_0.mp4,25.0,250,10.0
clips/eat/180_1_clip_0.mp4,180_1_clip_0.mp4,25.0,250,10.0
clips/eat/180_2_clip_0.mp4,180_2_clip_0.mp4,25.0,250,10.0
clips/eat/180_3_clip_0.mp4,180_3_clip_0.mp4,25.0,250,10.0
clips/eat/180_4_clip_0.mp4,180_4_clip_0.mp4,25.0,250,10.0
clips/eat/180_5_clip_0.mp4,180_5_clip_0.mp4,25.0,250,10.0
clips/eat/180_6_clip_0.mp4,180_6_clip_0.mp4,25.0,250,10.0
clips/eat/181_2_clip_0.mp4,181_2_clip_0.mp4,25.0,250,10.0
clips/eat/181_3_clip_0.mp4,181_3_clip_0.mp4,25.0,250,10.0
clips/eat/181_4_clip_0.mp4,181_4_clip_0.mp4,25.0,250,10.0
clips/eat/181_5_clip_0.mp4,181_5_clip_0.mp4,25.0,250,10.0
clips/eat/181_6_clip_0.mp4,181_6_clip_0.mp4,25.0,247,9.88
clips/eat/182_1_clip_0.mp4,182_1_clip_0.mp4,25.0,250,10.0
clips/eat/182_3_clip_0.mp4,182_3_clip_0.mp4,25.0,250,10.0
clips/eat/182_4_clip_0.mp4,182_4_clip_0.mp4,25.0,250,10.0
clips/eat/182_5_clip_0.mp4,182_5_clip_0.mp4,25.0,250,10.0
clips/eat/182_6_clip_0.mp4,182_6_clip_0.mp4,25.0,250,10.0
clips/eat/183_1_clip_0.mp4,183_1_clip_0.mp4,25.0,250,10.0
clips/eat/183_3_clip_0.mp4,183_3_clip_0.mp4,25.0,250,10.0
clips/eat/183_4_clip_0.mp4,183_4_clip_0.mp4,25.0,250,10.0
clips/eat/183_5_clip_0.mp4,183_5_clip_0.mp4,25.0,250,10.0
clips/eat/183_6_clip_0.mp4,183_6_clip_0.mp4,25.0,250,10.0
clips/eat/184_2_clip_0.mp4,184_2_clip_0.mp4,25.0,250,10.0
clips/eat/184_3_clip_0.mp4,184_3_clip_0.mp4,25.0,250,10.0
clips/eat/184_4_clip_0.mp4,184_4_clip_0.mp4,25.0,250,10.0
clips/eat/184_5_clip_0.mp4,184_5_clip_0.mp4,25.0,250,10.0
clips/eat/184_6_clip_0.mp4,184_6_clip_0.mp4,25.0,250,10.0
clips/eat/185_1_clip_0.mp4,185_1_clip_0.mp4,25.0,250,10.0
clips/eat/185_3_clip_0.mp4,185_3_clip_0.mp4,25.0,250,10.0
clips/eat/185_4_clip_0.mp4,185_4_clip_0.mp4,25.0,250,10.0
clips/eat/185_5_clip_0.mp4,185_5_clip_0.mp4,25.0,250,10.0
clips/eat/185_6_clip_0.mp4,185_6_clip_0.mp4,25.0,250,10.0
clips/eat/186_1_clip_0.mp4,186_1_clip_0.mp4,25.0,250,10.0
clips/eat/186_3_clip_0.mp4,186_3_clip_0.mp4,25.0,250,10.0
clips/eat/186_4_clip_0.mp4,186_4_clip_0.mp4,25.0,250,10.0
clips/eat/186_5_clip_0.mp4,186_5_clip_0.mp4,25.0,250,10.0
clips/eat/186_6_clip_0.mp4,186_6_clip_0.mp4,25.0,250,10.0
clips/eat/187_1_clip_0.mp4,187_1_clip_0.mp4,25.0,250,10.0
clips/eat/187_3_clip_0.mp4,187_3_clip_0.mp4,25.0,250,10.0
clips/eat/187_4_clip_0.mp4,187_4_clip_0.mp4,25.0,250,10.0
clips/eat/187_5_clip_0.mp4,187_5_clip_0.mp4,25.0,250,10.0
clips/eat/187_6_clip_0.mp4,187_6_clip_0.mp4,25.0,250,10.0
clips/eat/188_1_clip_0.mp4,188_1_clip_0.mp4,25.0,250,10.0
clips/eat/188_3_clip_0.mp4,188_3_clip_0.mp4,25.0,250,10.0
clips/eat/188_4_clip_0.mp4,188_4_clip_0.mp4,25.0,250,10.0
clips/eat/188_5_clip_0.mp4,188_5_clip_0.mp4,25.0,250,10.0
clips/eat/188_6_clip_0.mp4,188_6_clip_0.mp4,25.0,250,10.0
clips/eat/189_2_clip_0.mp4,189_2_clip_0.mp4,25.0,250,10.0
clips/eat/189_3_clip_0.mp4,189_3_clip_0.mp4,25.0,250,10.0
clips/eat/189_4_clip_0.mp4,189_4_clip_0.mp4,25.0,250,10.0
clips/eat/189_5_clip_0.mp4,189_5_clip_0.mp4,25.0,250,10.0
clips/eat/189_6_clip_0.mp4,189_6_clip_0.mp4,25.0,233,9.32
clips/eat/190_1_clip_0.mp4,190_1_clip_0.mp4,25.0,250,10.0
clips/eat/190_3_clip_0.mp4,190_3_clip_0.mp4,25.0,250,10.0
clips/eat/190_4_clip_0.mp4,190_4_clip_0.mp4,25.0,250,10.0
clips/eat/190_5_clip_0.mp4,190_5_clip_0.mp4,25.0,250,10.0
clips/eat/190_6_clip_0.mp4,190_6_clip_0.mp4,25.0,250,10.0
clips/eat/191_1_clip_0.mp4,191_1_clip_0.mp4,25.0,250,10.0
clips/eat/191_3_clip_0.mp4,191_3_clip_0.mp4,25.0,250,10.0
clips/eat/191_4_clip_0.mp4,191_4_clip_0.mp4,25.0,250,10.0
clips/eat/191_5_clip_0.mp4,191_5_clip_0.mp4,25.0,250,10.0
clips/eat/191_6_clip_0.mp4,191_6_clip_0.mp4,25.0,250,10.0
clips/eat/192_1_clip_0.mp4,192_1_clip_0.mp4,25.0,250,10.0
clips/eat/192_3_clip_0.mp4,192_3_clip_0.mp4,25.0,250,10.0
clips/eat/192_4_clip_0.mp4,192_4_clip_0.mp4,25.0,250,10.0
clips/eat/192_5_clip_0.mp4,192_5_clip_0.mp4,25.0,250,10.0
clips/eat/192_6_clip_0.mp4,192_6_clip_0.mp4,25.0,250,10.0
clips/eat/193_1_clip_0.mp4,193_1_clip_0.mp4,25.0,250,10.0
clips/eat/193_3_clip_0.mp4,193_3_clip_0.mp4,25.0,250,10.0
clips/eat/193_4_clip_0.mp4,193_4_clip_0.mp4,25.0,250,10.0
clips/eat/193_5_clip_0.mp4,193_5_clip_0.mp4,25.0,250,10.0
clips/eat/193_6_clip_0.mp4,193_6_clip_0.mp4,25.0,250,10.0
clips/eat/194_1_clip_0.mp4,194_1_clip_0.mp4,25.0,250,10.0
clips/eat/194_3_clip_0.mp4,194_3_clip_0.mp4,25.0,250,10.0
clips/eat/194_4_clip_0.mp4,194_4_clip_0.mp4,25.0,250,10.0
clips/eat/194_6_clip_0.mp4,194_6_clip_0.mp4,25.0,250,10.0
clips/eat/195_1_clip_0.mp4,195_1_clip_0.mp4,25.0,250,10.0
clips/eat/195_2_clip_0.mp4,195_2_clip_0.mp4,25.0,250,10.0
clips/eat/195_3_clip_0.mp4,195_3_clip_0.mp4,25.0,250,10.0
clips/eat/195_4_clip_0.mp4,195_4_clip_0.mp4,25.0,250,10.0
clips/eat/195_5_clip_0.mp4,195_5_clip_0.mp4,25.0,250,10.0
clips/eat/195_6_clip_0.mp4,195_6_clip_0.mp4,25.0,250,10.0
clips/eat/196_1_clip_0.mp4,196_1_clip_0.mp4,25.0,250,10.0
clips/eat/196_2_clip_0.mp4,196_2_clip_0.mp4,25.0,250,10.0
clips/eat/196_3_clip_0.mp4,196_3_clip_0.mp4,25.0,250,10.0
clips/eat/196_4_clip_0.mp4,196_4_clip_0.mp4,25.0,250,10.0
clips/eat/196_5_clip_0.mp4,196_5_clip_0.mp4,25.0,250,10.0
clips/eat/196_6_clip_0.mp4,196_6_clip_0.mp4,25.0,250,10.0
clips/eat/197_1_clip_0.mp4,197_1_clip_0.mp4,25.0,250,10.0
clips/eat/197_2_clip_0.mp4,197_2_clip_0.mp4,25.0,250,10.0
clips/eat/197_3_clip_0.mp4,197_3_clip_0.mp4,25.0,250,10.0
clips/eat/197_4_clip_0.mp4,197_4_clip_0.mp4,25.0,250,10.0
clips/eat/197_5_clip_0.mp4,197_5_clip_0.mp4,25.0,250,10.0
clips/eat/197_6_clip_0.mp4,197_6_clip_0.mp4,25.0,250,10.0
clips/eat/198_1_clip_0.mp4,198_1_clip_0.mp4,25.0,250,10.0
clips/eat/198_2_clip_0.mp4,198_2_clip_0.mp4,25.0,250,10.0
clips/eat/198_3_clip_0.mp4,198_3_clip_0.mp4,25.0,250,10.0
clips/eat/198_4_clip_0.mp4,198_4_clip_0.mp4,25.0,250,10.0
clips/eat/198_6_clip_0.mp4,198_6_clip_0.mp4,25.0,250,10.0
clips/eat/199_1_clip_0.mp4,199_1_clip_0.mp4,25.0,250,10.0
clips/eat/199_2_clip_0.mp4,199_2_clip_0.mp4,25.0,250,10.0
clips/eat/199_3_clip_0.mp4,199_3_clip_0.mp4,25.0,250,10.0
clips/eat/199_4_clip_0.mp4,199_4_clip_0.mp4,25.0,250,10.0
clips/eat/199_5_clip_0.mp4,199_5_clip_0.mp4,25.0,250,10.0
clips/eat/200_1_clip_0.mp4,200_1_clip_0.mp4,25.0,250,10.0
clips/eat/200_2_clip_0.mp4,200_2_clip_0.mp4,25.0,250,10.0
clips/eat/200_3_clip_0.mp4,200_3_clip_0.mp4,25.0,250,10.0
clips/eat/200_4_clip_0.mp4,200_4_clip_0.mp4,25.0,250,10.0
clips/eat/78_2_clip_0.mp4,78_2_clip_0.mp4,25.0,250,10.0
clips/eat/79_1_clip_0.mp4,79_1_clip_0.mp4,25.0,250,10.0
clips/eat/79_3_clip_0.mp4,79_3_clip_0.mp4,25.0,250,10.0
clips/eat/80_3_clip_0.mp4,80_3_clip_0.mp4,25.0,250,10.0
clips/lie/00000000082000000_77_clip_69.mp4,00000000082000000_77_clip_69.mp4,25.0,250,10.0
clips/lie/00000000082000000_77_clip_70.mp4,00000000082000000_77_clip_70.mp4,25.0,250,10.0
clips/lie/00000000082000000_77_clip_71.mp4,00000000082000000_77_clip_71.mp4,25.0,250,10.0
clips/lie/00000000082000000_77_clip_72.mp4,00000000082000000_77_clip_72.mp4,25.0,250,10.0
clips/lie/00000000082000000_77_clip_73.mp4,00000000082000000_77_clip_73.mp4,25.0,250,10.0
clips/lie/00000000082000000_77_clip_74.mp4,00000000082000000_77_clip_74.mp4,25.0,250,10.0
clips/lie/00000000082000000_77_clip_75.mp4,00000000082000000_77_clip_75.mp4,25.0,250,10.0
clips/lie/00000000082000000_77_clip_76.mp4,00000000082000000_77_clip_76.mp4,25.0,250,10.0
clips/lie/00000000082000000_77_clip_77.mp4,00000000082000000_77_clip_77.mp4,25.0,250,10.0
clips/lie/00000000082000000_77_clip_78.mp4,00000000082000000_77_clip_78.mp4,25.0,250,10.0
clips/lie/00000000082000000_77_clip_79.mp4,00000000082000000_77_clip_79.mp4,25.0,250,10.0
clips/lie/00000000082000000_77_clip_80.mp4,00000000082000000_77_clip_80.mp4,25.0,250,10.0
clips/lie/00000000082000000_77_clip_81.mp4,00000000082000000_77_clip_81.mp4,25.0,250,10.0
clips/lie/00000000082000000_77_clip_82.mp4,00000000082000000_77_clip_82.mp4,25.0,250,10.0
clips/lie/00000000082000000_77_clip_83.mp4,00000000082000000_77_clip_83.mp4,25.0,250,10.0
clips/lie/00000000082000000_77_clip_84.mp4,00000000082000000_77_clip_84.mp4,25.0,250,10.0
clips/lie/00000000082000000_77_clip_85.mp4,00000000082000000_77_clip_85.mp4,25.0,250,10.0
clips/lie/00000000082000000_77_clip_86.mp4,00000000082000000_77_clip_86.mp4,25.0,250,10.0
clips/lie/00000000082000000_77_clip_87.mp4,00000000082000000_77_clip_87.mp4,25.0,250,10.0
clips/lie/00000000082000000_77_clip_88.mp4,00000000082000000_77_clip_88.mp4,25.0,250,10.0
clips/lie/00000000082000000_77_clip_89.mp4,00000000082000000_77_clip_89.mp4,25.0,250,10.0
clips/lie/00000000082000000_77_clip_90.mp4,00000000082000000_77_clip_90.mp4,25.0,155,6.2
clips/lie/00000000109000000_19_clip_0.mp4,00000000109000000_19_clip_0.mp4,25.0,250,10.0
clips/lie/00000000109000000_19_clip_1.mp4,00000000109000000_19_clip_1.mp4,25.0,250,10.0
clips/lie/00000000109000000_19_clip_10.mp4,00000000109000000_19_clip_10.mp4,25.0,250,10.0
clips/lie/00000000109000000_19_clip_11.mp4,00000000109000000_19_clip_11.mp4,25.0,250,10.0
clips/lie/00000000109000000_19_clip_12.mp4,00000000109000000_19_clip_12.mp4,25.0,250,10.0
clips/lie/00000000109000000_19_clip_13.mp4,00000000109000000_19_clip_13.mp4,25.0,250,10.0
clips/lie/00000000109000000_19_clip_14.mp4,00000000109000000_19_clip_14.mp4,25.0,250,10.0
clips/lie/00000000109000000_19_clip_15.mp4,00000000109000000_19_clip_15.mp4,25.0,250,10.0
clips/lie/00000000109000000_19_clip_16.mp4,00000000109000000_19_clip_16.mp4,25.0,250,10.0
clips/lie/00000000109000000_19_clip_17.mp4,00000000109000000_19_clip_17.mp4,25.0,250,10.0
clips/lie/00000000109000000_19_clip_18.mp4,00000000109000000_19_clip_18.mp4,25.0,250,10.0
clips/lie/00000000109000000_19_clip_19.mp4,00000000109000000_19_clip_19.mp4,25.0,250,10.0
clips/lie/00000000109000000_19_clip_2.mp4,00000000109000000_19_clip_2.mp4,25.0,250,10.0
clips/lie/00000000109000000_19_clip_20.mp4,00000000109000000_19_clip_20.mp4,25.0,250,10.0
clips/lie/00000000109000000_19_clip_21.mp4,00000000109000000_19_clip_21.mp4,25.0,250,10.0
clips/lie/00000000109000000_19_clip_22.mp4,00000000109000000_19_clip_22.mp4,25.0,250,10.0
clips/lie/00000000109000000_19_clip_23.mp4,00000000109000000_19_clip_23.mp4,25.0,250,10.0
clips/lie/00000000109000000_19_clip_24.mp4,00000000109000000_19_clip_24.mp4,25.0,250,10.0
clips/lie/00000000109000000_19_clip_25.mp4,00000000109000000_19_clip_25.mp4,25.0,250,10.0
clips/lie/00000000109000000_19_clip_26.mp4,00000000109000000_19_clip_26.mp4,25.0,250,10.0
clips/lie/00000000109000000_19_clip_27.mp4,00000000109000000_19_clip_27.mp4,25.0,250,10.0
clips/lie/00000000109000000_19_clip_28.mp4,00000000109000000_19_clip_28.mp4,25.0,250,10.0
clips/lie/00000000109000000_19_clip_29.mp4,00000000109000000_19_clip_29.mp4,25.0,250,10.0
clips/lie/00000000109000000_19_clip_3.mp4,00000000109000000_19_clip_3.mp4,25.0,250,10.0
clips/lie/00000000109000000_19_clip_30.mp4,00000000109000000_19_clip_30.mp4,25.0,250,10.0
clips/lie/00000000109000000_19_clip_31.mp4,00000000109000000_19_clip_31.mp4,25.0,250,10.0
clips/lie/00000000109000000_19_clip_32.mp4,00000000109000000_19_clip_32.mp4,25.0,250,10.0
clips/lie/00000000109000000_19_clip_33.mp4,00000000109000000_19_clip_33.mp4,25.0,250,10.0
clips/lie/00000000109000000_19_clip_34.mp4,00000000109000000_19_clip_34.mp4,25.0,250,10.0
clips/lie/00000000109000000_19_clip_35.mp4,00000000109000000_19_clip_35.mp4,25.0,250,10.0
clips/lie/00000000109000000_19_clip_36.mp4,00000000109000000_19_clip_36.mp4,25.0,250,10.0
clips/lie/00000000109000000_19_clip_37.mp4,00000000109000000_19_clip_37.mp4,25.0,250,10.0
clips/lie/00000000109000000_19_clip_38.mp4,00000000109000000_19_clip_38.mp4,25.0,48,1.92
clips/lie/00000000109000000_19_clip_4.mp4,00000000109000000_19_clip_4.mp4,25.0,250,10.0
clips/lie/00000000109000000_19_clip_5.mp4,00000000109000000_19_clip_5.mp4,25.0,250,10.0
clips/lie/00000000109000000_19_clip_6.mp4,00000000109000000_19_clip_6.mp4,25.0,250,10.0
clips/lie/00000000109000000_19_clip_7.mp4,00000000109000000_19_clip_7.mp4,25.0,250,10.0
clips/lie/00000000109000000_19_clip_8.mp4,00000000109000000_19_clip_8.mp4,25.0,250,10.0
clips/lie/00000000109000000_19_clip_9.mp4,00000000109000000_19_clip_9.mp4,25.0,250,10.0
clips/lie/00000000109000000_1_clip_0.mp4,00000000109000000_1_clip_0.mp4,25.0,250,10.0
clips/lie/00000000109000000_1_clip_1.mp4,00000000109000000_1_clip_1.mp4,25.0,250,10.0
clips/lie/00000000109000000_1_clip_10.mp4,00000000109000000_1_clip_10.mp4,25.0,250,10.0
clips/lie/00000000109000000_1_clip_11.mp4,00000000109000000_1_clip_11.mp4,25.0,250,10.0
clips/lie/00000000109000000_1_clip_12.mp4,00000000109000000_1_clip_12.mp4,25.0,250,10.0
clips/lie/00000000109000000_1_clip_13.mp4,00000000109000000_1_clip_13.mp4,25.0,250,10.0
clips/lie/00000000109000000_1_clip_14.mp4,00000000109000000_1_clip_14.mp4,25.0,250,10.0
clips/lie/00000000109000000_1_clip_15.mp4,00000000109000000_1_clip_15.mp4,25.0,250,10.0
clips/lie/00000000109000000_1_clip_16.mp4,00000000109000000_1_clip_16.mp4,25.0,250,10.0
clips/lie/00000000109000000_1_clip_17.mp4,00000000109000000_1_clip_17.mp4,25.0,250,10.0
clips/lie/00000000109000000_1_clip_18.mp4,00000000109000000_1_clip_18.mp4,25.0,250,10.0
clips/lie/00000000109000000_1_clip_19.mp4,00000000109000000_1_clip_19.mp4,25.0,250,10.0
clips/lie/00000000109000000_1_clip_2.mp4,00000000109000000_1_clip_2.mp4,25.0,250,10.0
clips/lie/00000000109000000_1_clip_20.mp4,00000000109000000_1_clip_20.mp4,25.0,250,10.0
clips/lie/00000000109000000_1_clip_21.mp4,00000000109000000_1_clip_21.mp4,25.0,250,10.0
clips/lie/00000000109000000_1_clip_22.mp4,00000000109000000_1_clip_22.mp4,25.0,250,10.0
clips/lie/00000000109000000_1_clip_23.mp4,00000000109000000_1_clip_23.mp4,25.0,250,10.0
clips/lie/00000000109000000_1_clip_24.mp4,00000000109000000_1_clip_24.mp4,25.0,250,10.0
clips/lie/00000000109000000_1_clip_25.mp4,00000000109000000_1_clip_25.mp4,25.0,250,10.0
clips/lie/00000000109000000_1_clip_26.mp4,00000000109000000_1_clip_26.mp4,25.0,250,10.0
clips/lie/00000000109000000_1_clip_27.mp4,00000000109000000_1_clip_27.mp4,25.0,250,10.0
clips/lie/00000000109000000_1_clip_28.mp4,00000000109000000_1_clip_28.mp4,25.0,250,10.0
clips/lie/00000000109000000_1_clip_29.mp4,00000000109000000_1_clip_29.mp4,25.0,250,10.0
clips/lie/00000000109000000_1_clip_3.mp4,00000000109000000_1_clip_3.mp4,25.0,250,10.0
clips/lie/00000000109000000_1_clip_30.mp4,00000000109000000_1_clip_30.mp4,25.0,250,10.0
clips/lie/00000000109000000_1_clip_31.mp4,00000000109000000_1_clip_31.mp4,25.0,250,10.0
clips/lie/00000000109000000_1_clip_32.mp4,00000000109000000_1_clip_32.mp4,25.0,250,10.0
clips/lie/00000000109000000_1_clip_33.mp4,00000000109000000_1_clip_33.mp4,25.0,250,10.0
clips/lie/00000000109000000_1_clip_34.mp4,00000000109000000_1_clip_34.mp4,25.0,250,10.0
clips/lie/00000000109000000_1_clip_35.mp4,00000000109000000_1_clip_35.mp4,25.0,250,10.0
clips/lie/00000000109000000_1_clip_36.mp4,00000000109000000_1_clip_36.mp4,25.0,250,10.0
clips/lie/00000000109000000_1_clip_37.mp4,00000000109000000_1_clip_37.mp4,25.0,250,10.0
clips/lie/00000000109000000_1_clip_38.mp4,00000000109000000_1_clip_38.mp4,25.0,250,10.0
clips/lie/00000000109000000_1_clip_39.mp4,00000000109000000_1_clip_39.mp4,25.0,250,10.0
clips/lie/00000000109000000_1_clip_4.mp4,00000000109000000_1_clip_4.mp4,25.0,250,10.0
clips/lie/00000000109000000_1_clip_40.mp4,00000000109000000_1_clip_40.mp4,25.0,250,10.0
clips/lie/00000000109000000_1_clip_41.mp4,00000000109000000_1_clip_41.mp4,25.0,250,10.0
clips/lie/00000000109000000_1_clip_42.mp4,00000000109000000_1_clip_42.mp4,25.0,250,10.0
clips/lie/00000000109000000_1_clip_43.mp4,00000000109000000_1_clip_43.mp4,25.0,250,10.0
clips/lie/00000000109000000_1_clip_44.mp4,00000000109000000_1_clip_44.mp4,25.0,250,10.0
clips/lie/00000000109000000_1_clip_45.mp4,00000000109000000_1_clip_45.mp4,25.0,250,10.0
clips/lie/00000000109000000_1_clip_46.mp4,00000000109000000_1_clip_46.mp4,25.0,250,10.0
clips/lie/00000000109000000_1_clip_47.mp4,00000000109000000_1_clip_47.mp4,25.0,250,10.0
clips/lie/00000000109000000_1_clip_48.mp4,00000000109000000_1_clip_48.mp4,25.0,250,10.0
clips/lie/00000000109000000_1_clip_49.mp4,00000000109000000_1_clip_49.mp4,25.0,250,10.0
clips/lie/00000000109000000_1_clip_5.mp4,00000000109000000_1_clip_5.mp4,25.0,250,10.0
clips/lie/00000000109000000_1_clip_50.mp4,00000000109000000_1_clip_50.mp4,25.0,250,10.0
clips/lie/00000000109000000_1_clip_51.mp4,00000000109000000_1_clip_51.mp4,25.0,250,10.0
clips/lie/00000000109000000_1_clip_52.mp4,00000000109000000_1_clip_52.mp4,25.0,250,10.0
clips/lie/00000000109000000_1_clip_53.mp4,00000000109000000_1_clip_53.mp4,25.0,250,10.0
clips/lie/00000000109000000_1_clip_54.mp4,00000000109000000_1_clip_54.mp4,25.0,250,10.0
clips/lie/00000000109000000_1_clip_55.mp4,00000000109000000_1_clip_55.mp4,25.0,250,10.0
clips/lie/00000000109000000_1_clip_56.mp4,00000000109000000_1_clip_56.mp4,25.0,250,10.0
clips/lie/00000000109000000_1_clip_57.mp4,00000000109000000_1_clip_57.mp4,25.0,250,10.0
clips/lie/00000000109000000_1_clip_6.mp4,00000000109000000_1_clip_6.mp4,25.0,250,10.0
clips/lie/00000000109000000_1_clip_7.mp4,00000000109000000_1_clip_7.mp4,25.0,250,10.0
clips/lie/00000000109000000_1_clip_8.mp4,00000000109000000_1_clip_8.mp4,25.0,250,10.0
clips/lie/00000000109000000_1_clip_9.mp4,00000000109000000_1_clip_9.mp4,25.0,250,10.0
clips/lie/00000000109000000_2_clip_0.mp4,00000000109000000_2_clip_0.mp4,25.0,250,10.0
clips/lie/00000000109000000_2_clip_1.mp4,00000000109000000_2_clip_1.mp4,25.0,250,10.0
clips/lie/00000000109000000_2_clip_10.mp4,00000000109000000_2_clip_10.mp4,25.0,250,10.0
clips/lie/00000000109000000_2_clip_11.mp4,00000000109000000_2_clip_11.mp4,25.0,250,10.0
clips/lie/00000000109000000_2_clip_12.mp4,00000000109000000_2_clip_12.mp4,25.0,250,10.0
clips/lie/00000000109000000_2_clip_13.mp4,00000000109000000_2_clip_13.mp4,25.0,250,10.0
clips/lie/00000000109000000_2_clip_14.mp4,00000000109000000_2_clip_14.mp4,25.0,250,10.0
clips/lie/00000000109000000_2_clip_15.mp4,00000000109000000_2_clip_15.mp4,25.0,250,10.0
clips/lie/00000000109000000_2_clip_16.mp4,00000000109000000_2_clip_16.mp4,25.0,250,10.0
clips/lie/00000000109000000_2_clip_17.mp4,00000000109000000_2_clip_17.mp4,25.0,250,10.0
clips/lie/00000000109000000_2_clip_18.mp4,00000000109000000_2_clip_18.mp4,25.0,250,10.0
clips/lie/00000000109000000_2_clip_19.mp4,00000000109000000_2_clip_19.mp4,25.0,250,10.0
clips/lie/00000000109000000_2_clip_2.mp4,00000000109000000_2_clip_2.mp4,25.0,250,10.0
clips/lie/00000000109000000_2_clip_20.mp4,00000000109000000_2_clip_20.mp4,25.0,250,10.0
clips/lie/00000000109000000_2_clip_21.mp4,00000000109000000_2_clip_21.mp4,25.0,250,10.0
clips/lie/00000000109000000_2_clip_22.mp4,00000000109000000_2_clip_22.mp4,25.0,250,10.0
clips/lie/00000000109000000_2_clip_23.mp4,00000000109000000_2_clip_23.mp4,25.0,250,10.0
clips/lie/00000000109000000_2_clip_24.mp4,00000000109000000_2_clip_24.mp4,25.0,250,10.0
clips/lie/00000000109000000_2_clip_25.mp4,00000000109000000_2_clip_25.mp4,25.0,250,10.0
clips/lie/00000000109000000_2_clip_26.mp4,00000000109000000_2_clip_26.mp4,25.0,250,10.0
clips/lie/00000000109000000_2_clip_27.mp4,00000000109000000_2_clip_27.mp4,25.0,250,10.0
clips/lie/00000000109000000_2_clip_28.mp4,00000000109000000_2_clip_28.mp4,25.0,250,10.0
clips/lie/00000000109000000_2_clip_29.mp4,00000000109000000_2_clip_29.mp4,25.0,250,10.0
clips/lie/00000000109000000_2_clip_3.mp4,00000000109000000_2_clip_3.mp4,25.0,250,10.0
clips/lie/00000000109000000_2_clip_30.mp4,00000000109000000_2_clip_30.mp4,25.0,250,10.0
clips/lie/00000000109000000_2_clip_31.mp4,00000000109000000_2_clip_31.mp4,25.0,250,10.0
clips/lie/00000000109000000_2_clip_32.mp4,00000000109000000_2_clip_32.mp4,25.0,250,10.0
clips/lie/00000000109000000_2_clip_33.mp4,00000000109000000_2_clip_33.mp4,25.0,250,10.0
clips/lie/00000000109000000_2_clip_34.mp4,00000000109000000_2_clip_34.mp4,25.0,250,10.0
clips/lie/00000000109000000_2_clip_35.mp4,00000000109000000_2_clip_35.mp4,25.0,250,10.0
clips/lie/00000000109000000_2_clip_36.mp4,00000000109000000_2_clip_36.mp4,25.0,250,10.0
clips/lie/00000000109000000_2_clip_37.mp4,00000000109000000_2_clip_37.mp4,25.0,250,10.0
clips/lie/00000000109000000_2_clip_38.mp4,00000000109000000_2_clip_38.mp4,25.0,250,10.0
clips/lie/00000000109000000_2_clip_39.mp4,00000000109000000_2_clip_39.mp4,25.0,250,10.0
clips/lie/00000000109000000_2_clip_4.mp4,00000000109000000_2_clip_4.mp4,25.0,250,10.0
clips/lie/00000000109000000_2_clip_40.mp4,00000000109000000_2_clip_40.mp4,25.0,250,10.0
clips/lie/00000000109000000_2_clip_41.mp4,00000000109000000_2_clip_41.mp4,25.0,250,10.0
clips/lie/00000000109000000_2_clip_42.mp4,00000000109000000_2_clip_42.mp4,25.0,250,10.0
clips/lie/00000000109000000_2_clip_43.mp4,00000000109000000_2_clip_43.mp4,25.0,250,10.0
clips/lie/00000000109000000_2_clip_44.mp4,00000000109000000_2_clip_44.mp4,25.0,250,10.0
clips/lie/00000000109000000_2_clip_45.mp4,00000000109000000_2_clip_45.mp4,25.0,250,10.0
clips/lie/00000000109000000_2_clip_46.mp4,00000000109000000_2_clip_46.mp4,25.0,250,10.0
clips/lie/00000000109000000_2_clip_47.mp4,00000000109000000_2_clip_47.mp4,25.0,250,10.0
clips/lie/00000000109000000_2_clip_48.mp4,00000000109000000_2_clip_48.mp4,25.0,250,10.0
clips/lie/00000000109000000_2_clip_49.mp4,00000000109000000_2_clip_49.mp4,25.0,250,10.0
clips/lie/00000000109000000_2_clip_5.mp4,00000000109000000_2_clip_5.mp4,25.0,250,10.0
clips/lie/00000000109000000_2_clip_50.mp4,00000000109000000_2_clip_50.mp4,25.0,250,10.0
clips/lie/00000000109000000_2_clip_51.mp4,00000000109000000_2_clip_51.mp4,25.0,250,10.0
clips/lie/00000000109000000_2_clip_52.mp4,00000000109000000_2_clip_52.mp4,25.0,250,10.0
clips/lie/00000000109000000_2_clip_53.mp4,00000000109000000_2_clip_53.mp4,25.0,250,10.0
clips/lie/00000000109000000_2_clip_54.mp4,00000000109000000_2_clip_54.mp4,25.0,250,10.0
clips/lie/00000000109000000_2_clip_55.mp4,00000000109000000_2_clip_55.mp4,25.0,250,10.0
clips/lie/00000000109000000_2_clip_56.mp4,00000000109000000_2_clip_56.mp4,25.0,250,10.0
clips/lie/00000000109000000_2_clip_57.mp4,00000000109000000_2_clip_57.mp4,25.0,250,10.0
clips/lie/00000000109000000_2_clip_58.mp4,00000000109000000_2_clip_58.mp4,25.0,250,10.0
clips/lie/00000000109000000_2_clip_59.mp4,00000000109000000_2_clip_59.mp4,25.0,250,10.0
clips/lie/00000000109000000_2_clip_6.mp4,00000000109000000_2_clip_6.mp4,25.0,250,10.0
clips/lie/00000000109000000_2_clip_60.mp4,00000000109000000_2_clip_60.mp4,25.0,250,10.0
clips/lie/00000000109000000_2_clip_61.mp4,00000000109000000_2_clip_61.mp4,25.0,250,10.0
clips/lie/00000000109000000_2_clip_62.mp4,00000000109000000_2_clip_62.mp4,25.0,250,10.0
clips/lie/00000000109000000_2_clip_63.mp4,00000000109000000_2_clip_63.mp4,25.0,250,10.0
clips/lie/00000000109000000_2_clip_64.mp4,00000000109000000_2_clip_64.mp4,25.0,250,10.0
clips/lie/00000000109000000_2_clip_65.mp4,00000000109000000_2_clip_65.mp4,25.0,250,10.0
clips/lie/00000000109000000_2_clip_66.mp4,00000000109000000_2_clip_66.mp4,25.0,250,10.0
clips/lie/00000000109000000_2_clip_67.mp4,00000000109000000_2_clip_67.mp4,25.0,250,10.0
clips/lie/00000000109000000_2_clip_7.mp4,00000000109000000_2_clip_7.mp4,25.0,250,10.0
clips/lie/00000000109000000_2_clip_8.mp4,00000000109000000_2_clip_8.mp4,25.0,250,10.0
clips/lie/00000000109000000_2_clip_9.mp4,00000000109000000_2_clip_9.mp4,25.0,250,10.0
clips/lie/00000000109000000_3_clip_21.mp4,00000000109000000_3_clip_21.mp4,25.0,250,10.0
clips/lie/00000000109000000_3_clip_22.mp4,00000000109000000_3_clip_22.mp4,25.0,250,10.0
clips/lie/00000000109000000_3_clip_23.mp4,00000000109000000_3_clip_23.mp4,25.0,250,10.0
clips/lie/00000000109000000_3_clip_24.mp4,00000000109000000_3_clip_24.mp4,25.0,250,10.0
clips/lie/00000000109000000_3_clip_25.mp4,00000000109000000_3_clip_25.mp4,25.0,250,10.0
clips/lie/00000000109000000_3_clip_26.mp4,00000000109000000_3_clip_26.mp4,25.0,250,10.0
clips/lie/00000000109000000_3_clip_27.mp4,00000000109000000_3_clip_27.mp4,25.0,250,10.0
clips/lie/00000000109000000_3_clip_28.mp4,00000000109000000_3_clip_28.mp4,25.0,250,10.0
clips/lie/00000000109000000_3_clip_29.mp4,00000000109000000_3_clip_29.mp4,25.0,250,10.0
clips/lie/00000000109000000_3_clip_30.mp4,00000000109000000_3_clip_30.mp4,25.0,250,10.0
clips/lie/00000000109000000_3_clip_31.mp4,00000000109000000_3_clip_31.mp4,25.0,250,10.0
clips/lie/00000000109000000_3_clip_32.mp4,00000000109000000_3_clip_32.mp4,25.0,250,10.0
clips/lie/00000000109000000_3_clip_33.mp4,00000000109000000_3_clip_33.mp4,25.0,250,10.0
clips/lie/00000000109000000_3_clip_34.mp4,00000000109000000_3_clip_34.mp4,25.0,250,10.0
clips/lie/00000000109000000_3_clip_35.mp4,00000000109000000_3_clip_35.mp4,25.0,250,10.0
clips/lie/00000000109000000_3_clip_36.mp4,00000000109000000_3_clip_36.mp4,25.0,250,10.0
clips/lie/00000000109000000_3_clip_37.mp4,00000000109000000_3_clip_37.mp4,25.0,250,10.0
clips/lie/00000000109000000_3_clip_38.mp4,00000000109000000_3_clip_38.mp4,25.0,250,10.0
clips/lie/00000000109000000_3_clip_39.mp4,00000000109000000_3_clip_39.mp4,25.0,250,10.0
clips/lie/00000000109000000_3_clip_40.mp4,00000000109000000_3_clip_40.mp4,25.0,250,10.0
clips/lie/00000000109000000_3_clip_41.mp4,00000000109000000_3_clip_41.mp4,25.0,250,10.0
clips/lie/00000000109000000_3_clip_42.mp4,00000000109000000_3_clip_42.mp4,25.0,250,10.0
clips/lie/00000000109000000_3_clip_43.mp4,00000000109000000_3_clip_43.mp4,25.0,250,10.0
clips/lie/00000000109000000_3_clip_44.mp4,00000000109000000_3_clip_44.mp4,25.0,250,10.0
clips/lie/00000000109000000_3_clip_45.mp4,00000000109000000_3_clip_45.mp4,25.0,250,10.0
clips/lie/00000000109000000_3_clip_46.mp4,00000000109000000_3_clip_46.mp4,25.0,250,10.0
clips/lie/00000000109000000_3_clip_47.mp4,00000000109000000_3_clip_47.mp4,25.0,250,10.0
clips/lie/00000000109000000_3_clip_48.mp4,00000000109000000_3_clip_48.mp4,25.0,250,10.0
clips/lie/00000000109000000_3_clip_49.mp4,00000000109000000_3_clip_49.mp4,25.0,250,10.0
clips/lie/00000000109000000_3_clip_50.mp4,00000000109000000_3_clip_50.mp4,25.0,250,10.0
clips/lie/00000000109000000_3_clip_51.mp4,00000000109000000_3_clip_51.mp4,25.0,250,10.0
clips/lie/00000000109000000_3_clip_52.mp4,00000000109000000_3_clip_52.mp4,25.0,250,10.0
clips/lie/00000000109000000_3_clip_53.mp4,00000000109000000_3_clip_53.mp4,25.0,250,10.0
clips/lie/00000000109000000_3_clip_54.mp4,00000000109000000_3_clip_54.mp4,25.0,250,10.0
clips/lie/00000000109000000_3_clip_55.mp4,00000000109000000_3_clip_55.mp4,25.0,250,10.0
clips/lie/00000000109000000_3_clip_56.mp4,00000000109000000_3_clip_56.mp4,25.0,250,10.0
clips/lie/00000000109000000_3_clip_57.mp4,00000000109000000_3_clip_57.mp4,25.0,250,10.0
clips/lie/00000000109000000_3_clip_58.mp4,00000000109000000_3_clip_58.mp4,25.0,250,10.0
clips/lie/00000000109000000_3_clip_59.mp4,00000000109000000_3_clip_59.mp4,25.0,250,10.0
clips/lie/00000000109000000_3_clip_60.mp4,00000000109000000_3_clip_60.mp4,25.0,250,10.0
clips/lie/00000000109000000_3_clip_61.mp4,00000000109000000_3_clip_61.mp4,25.0,250,10.0
clips/lie/00000000109000000_3_clip_62.mp4,00000000109000000_3_clip_62.mp4,25.0,250,10.0
clips/lie/00000000109000000_3_clip_63.mp4,00000000109000000_3_clip_63.mp4,25.0,250,10.0
clips/lie/00000000109000000_3_clip_64.mp4,00000000109000000_3_clip_64.mp4,25.0,250,10.0
clips/lie/00000000109000000_3_clip_65.mp4,00000000109000000_3_clip_65.mp4,25.0,250,10.0
clips/lie/00000000109000000_3_clip_66.mp4,00000000109000000_3_clip_66.mp4,25.0,250,10.0
clips/lie/00000000109000000_3_clip_67.mp4,00000000109000000_3_clip_67.mp4,25.0,250,10.0
clips/lie/00000000109000000_3_clip_68.mp4,00000000109000000_3_clip_68.mp4,25.0,250,10.0
clips/lie/00000000109000000_3_clip_69.mp4,00000000109000000_3_clip_69.mp4,25.0,250,10.0
clips/lie/00000000109000000_3_clip_70.mp4,00000000109000000_3_clip_70.mp4,25.0,250,10.0
clips/lie/00000000109000000_3_clip_71.mp4,00000000109000000_3_clip_71.mp4,25.0,250,10.0
clips/lie/00000000109000000_3_clip_72.mp4,00000000109000000_3_clip_72.mp4,25.0,250,10.0
clips/lie/00000000109000000_3_clip_73.mp4,00000000109000000_3_clip_73.mp4,25.0,250,10.0
clips/lie/00000000109000000_3_clip_74.mp4,00000000109000000_3_clip_74.mp4,25.0,250,10.0
clips/lie/00000000109000000_3_clip_75.mp4,00000000109000000_3_clip_75.mp4,25.0,250,10.0
clips/lie/00000000109000000_3_clip_76.mp4,00000000109000000_3_clip_76.mp4,25.0,250,10.0
clips/lie/00000000109000000_3_clip_77.mp4,00000000109000000_3_clip_77.mp4,25.0,250,10.0
clips/lie/00000000109000000_3_clip_78.mp4,00000000109000000_3_clip_78.mp4,25.0,250,10.0
clips/lie/00000000109000000_3_clip_79.mp4,00000000109000000_3_clip_79.mp4,25.0,250,10.0
clips/lie/00000000109000000_3_clip_80.mp4,00000000109000000_3_clip_80.mp4,25.0,250,10.0
clips/lie/00000000109000000_3_clip_81.mp4,00000000109000000_3_clip_81.mp4,25.0,250,10.0
clips/lie/00000000109000000_3_clip_82.mp4,00000000109000000_3_clip_82.mp4,25.0,250,10.0
clips/lie/00000000109000000_3_clip_83.mp4,00000000109000000_3_clip_83.mp4,25.0,250,10.0
clips/lie/00000000109000000_3_clip_84.mp4,00000000109000000_3_clip_84.mp4,25.0,250,10.0
clips/lie/00000000109000000_3_clip_85.mp4,00000000109000000_3_clip_85.mp4,25.0,250,10.0
clips/lie/00000000109000000_3_clip_86.mp4,00000000109000000_3_clip_86.mp4,25.0,250,10.0
clips/lie/00000000109000000_3_clip_87.mp4,00000000109000000_3_clip_87.mp4,25.0,250,10.0
clips/lie/00000000109000000_3_clip_88.mp4,00000000109000000_3_clip_88.mp4,25.0,250,10.0
clips/lie/00000000109000000_3_clip_89.mp4,00000000109000000_3_clip_89.mp4,25.0,250,10.0
clips/lie/00000000109000000_3_clip_90.mp4,00000000109000000_3_clip_90.mp4,25.0,250,10.0
clips/lie/00000000109000000_3_clip_91.mp4,00000000109000000_3_clip_91.mp4,25.0,250,10.0
clips/lie/00000000109000000_3_clip_92.mp4,00000000109000000_3_clip_92.mp4,25.0,250,10.0
clips/lie/00000000109000000_3_clip_93.mp4,00000000109000000_3_clip_93.mp4,25.0,250,10.0
clips/lie/00000000109000000_3_clip_94.mp4,00000000109000000_3_clip_94.mp4,25.0,250,10.0
clips/lie/00000000109000000_3_clip_95.mp4,00000000109000000_3_clip_95.mp4,25.0,250,10.0
clips/lie/00000000109000000_3_clip_96.mp4,00000000109000000_3_clip_96.mp4,25.0,250,10.0
clips/lie/00000000109000000_3_clip_97.mp4,00000000109000000_3_clip_97.mp4,25.0,80,3.2
clips/lie/00000000109000000_4_clip_100.mp4,00000000109000000_4_clip_100.mp4,25.0,250,10.0
clips/lie/00000000109000000_4_clip_101.mp4,00000000109000000_4_clip_101.mp4,25.0,250,10.0
clips/lie/00000000109000000_4_clip_102.mp4,00000000109000000_4_clip_102.mp4,25.0,250,10.0
clips/lie/00000000109000000_4_clip_103.mp4,00000000109000000_4_clip_103.mp4,25.0,250,10.0
clips/lie/00000000109000000_4_clip_104.mp4,00000000109000000_4_clip_104.mp4,25.0,250,10.0
clips/lie/00000000109000000_4_clip_105.mp4,00000000109000000_4_clip_105.mp4,25.0,250,10.0
clips/lie/00000000109000000_4_clip_106.mp4,00000000109000000_4_clip_106.mp4,25.0,250,10.0
clips/lie/00000000109000000_4_clip_107.mp4,00000000109000000_4_clip_107.mp4,25.0,250,10.0
clips/lie/00000000109000000_4_clip_108.mp4,00000000109000000_4_clip_108.mp4,25.0,250,10.0
clips/lie/00000000109000000_4_clip_109.mp4,00000000109000000_4_clip_109.mp4,25.0,250,10.0
clips/lie/00000000109000000_4_clip_110.mp4,00000000109000000_4_clip_110.mp4,25.0,250,10.0
clips/lie/00000000109000000_4_clip_111.mp4,00000000109000000_4_clip_111.mp4,25.0,250,10.0
clips/lie/00000000109000000_4_clip_112.mp4,00000000109000000_4_clip_112.mp4,25.0,250,10.0
clips/lie/00000000109000000_4_clip_113.mp4,00000000109000000_4_clip_113.mp4,25.0,250,10.0
clips/lie/00000000109000000_4_clip_114.mp4,00000000109000000_4_clip_114.mp4,25.0,250,10.0
clips/lie/00000000109000000_4_clip_115.mp4,00000000109000000_4_clip_115.mp4,25.0,250,10.0
clips/lie/00000000109000000_4_clip_116.mp4,00000000109000000_4_clip_116.mp4,25.0,250,10.0
clips/lie/00000000109000000_4_clip_117.mp4,00000000109000000_4_clip_117.mp4,25.0,250,10.0
clips/lie/00000000109000000_4_clip_118.mp4,00000000109000000_4_clip_118.mp4,25.0,250,10.0
clips/lie/00000000109000000_4_clip_119.mp4,00000000109000000_4_clip_119.mp4,25.0,250,10.0
clips/lie/00000000109000000_4_clip_120.mp4,00000000109000000_4_clip_120.mp4,25.0,250,10.0
clips/lie/00000000109000000_4_clip_121.mp4,00000000109000000_4_clip_121.mp4,25.0,250,10.0
clips/lie/00000000109000000_4_clip_122.mp4,00000000109000000_4_clip_122.mp4,25.0,250,10.0
clips/lie/00000000109000000_4_clip_123.mp4,00000000109000000_4_clip_123.mp4,25.0,250,10.0
clips/lie/00000000109000000_4_clip_124.mp4,00000000109000000_4_clip_124.mp4,25.0,250,10.0
clips/lie/00000000109000000_4_clip_125.mp4,00000000109000000_4_clip_125.mp4,25.0,250,10.0
clips/lie/00000000109000000_4_clip_126.mp4,00000000109000000_4_clip_126.mp4,25.0,250,10.0
clips/lie/00000000109000000_4_clip_127.mp4,00000000109000000_4_clip_127.mp4,25.0,250,10.0
clips/lie/00000000109000000_4_clip_128.mp4,00000000109000000_4_clip_128.mp4,25.0,250,10.0
clips/lie/00000000109000000_4_clip_129.mp4,00000000109000000_4_clip_129.mp4,25.0,250,10.0
clips/lie/00000000109000000_4_clip_130.mp4,00000000109000000_4_clip_130.mp4,25.0,250,10.0
clips/lie/00000000109000000_4_clip_131.mp4,00000000109000000_4_clip_131.mp4,25.0,250,10.0
clips/lie/00000000109000000_4_clip_132.mp4,00000000109000000_4_clip_132.mp4,25.0,250,10.0
clips/lie/00000000109000000_4_clip_133.mp4,00000000109000000_4_clip_133.mp4,25.0,250,10.0
clips/lie/00000000109000000_4_clip_134.mp4,00000000109000000_4_clip_134.mp4,25.0,250,10.0
clips/lie/00000000109000000_4_clip_135.mp4,00000000109000000_4_clip_135.mp4,25.0,201,8.04
clips/lie/00000000109000000_4_clip_37.mp4,00000000109000000_4_clip_37.mp4,25.0,250,10.0
clips/lie/00000000109000000_4_clip_38.mp4,00000000109000000_4_clip_38.mp4,25.0,250,10.0
clips/lie/00000000109000000_4_clip_39.mp4,00000000109000000_4_clip_39.mp4,25.0,250,10.0
clips/lie/00000000109000000_4_clip_40.mp4,00000000109000000_4_clip_40.mp4,25.0,250,10.0
clips/lie/00000000109000000_4_clip_41.mp4,00000000109000000_4_clip_41.mp4,25.0,250,10.0
clips/lie/00000000109000000_4_clip_42.mp4,00000000109000000_4_clip_42.mp4,25.0,250,10.0
clips/lie/00000000109000000_4_clip_43.mp4,00000000109000000_4_clip_43.mp4,25.0,250,10.0
clips/lie/00000000109000000_4_clip_44.mp4,00000000109000000_4_clip_44.mp4,25.0,250,10.0
clips/lie/00000000109000000_4_clip_45.mp4,00000000109000000_4_clip_45.mp4,25.0,250,10.0
clips/lie/00000000109000000_4_clip_46.mp4,00000000109000000_4_clip_46.mp4,25.0,250,10.0
clips/lie/00000000109000000_4_clip_47.mp4,00000000109000000_4_clip_47.mp4,25.0,250,10.0
clips/lie/00000000109000000_4_clip_48.mp4,00000000109000000_4_clip_48.mp4,25.0,250,10.0
clips/lie/00000000109000000_4_clip_49.mp4,00000000109000000_4_clip_49.mp4,25.0,250,10.0
clips/lie/00000000109000000_4_clip_50.mp4,00000000109000000_4_clip_50.mp4,25.0,250,10.0
clips/lie/00000000109000000_4_clip_51.mp4,00000000109000000_4_clip_51.mp4,25.0,250,10.0
clips/lie/00000000109000000_4_clip_52.mp4,00000000109000000_4_clip_52.mp4,25.0,250,10.0
clips/lie/00000000109000000_4_clip_53.mp4,00000000109000000_4_clip_53.mp4,25.0,250,10.0
clips/lie/00000000109000000_4_clip_54.mp4,00000000109000000_4_clip_54.mp4,25.0,250,10.0
clips/lie/00000000109000000_4_clip_55.mp4,00000000109000000_4_clip_55.mp4,25.0,250,10.0
clips/lie/00000000109000000_4_clip_56.mp4,00000000109000000_4_clip_56.mp4,25.0,250,10.0
clips/lie/00000000109000000_4_clip_76.mp4,00000000109000000_4_clip_76.mp4,25.0,250,10.0
clips/lie/00000000109000000_4_clip_77.mp4,00000000109000000_4_clip_77.mp4,25.0,250,10.0
clips/lie/00000000109000000_4_clip_78.mp4,00000000109000000_4_clip_78.mp4,25.0,250,10.0
clips/lie/00000000109000000_4_clip_79.mp4,00000000109000000_4_clip_79.mp4,25.0,250,10.0
clips/lie/00000000109000000_4_clip_80.mp4,00000000109000000_4_clip_80.mp4,25.0,250,10.0
clips/lie/00000000109000000_4_clip_81.mp4,00000000109000000_4_clip_81.mp4,25.0,250,10.0
clips/lie/00000000109000000_4_clip_82.mp4,00000000109000000_4_clip_82.mp4,25.0,250,10.0
clips/lie/00000000109000000_4_clip_83.mp4,00000000109000000_4_clip_83.mp4,25.0,250,10.0
clips/lie/00000000109000000_4_clip_84.mp4,00000000109000000_4_clip_84.mp4,25.0,250,10.0
clips/lie/00000000109000000_4_clip_85.mp4,00000000109000000_4_clip_85.mp4,25.0,250,10.0
clips/lie/00000000109000000_4_clip_86.mp4,00000000109000000_4_clip_86.mp4,25.0,250,10.0
clips/lie/00000000109000000_4_clip_87.mp4,00000000109000000_4_clip_87.mp4,25.0,250,10.0
clips/lie/00000000109000000_4_clip_88.mp4,00000000109000000_4_clip_88.mp4,25.0,250,10.0
clips/lie/00000000109000000_4_clip_89.mp4,00000000109000000_4_clip_89.mp4,25.0,250,10.0
clips/lie/00000000109000000_4_clip_90.mp4,00000000109000000_4_clip_90.mp4,25.0,250,10.0
clips/lie/00000000109000000_4_clip_91.mp4,00000000109000000_4_clip_91.mp4,25.0,250,10.0
clips/lie/00000000109000000_4_clip_92.mp4,00000000109000000_4_clip_92.mp4,25.0,250,10.0
clips/lie/00000000109000000_4_clip_93.mp4,00000000109000000_4_clip_93.mp4,25.0,250,10.0
clips/lie/00000000109000000_4_clip_94.mp4,00000000109000000_4_clip_94.mp4,25.0,250,10.0
clips/lie/00000000109000000_4_clip_95.mp4,00000000109000000_4_clip_95.mp4,25.0,250,10.0
clips/lie/00000000109000000_4_clip_96.mp4,00000000109000000_4_clip_96.mp4,25.0,250,10.0
clips/lie/00000000109000000_4_clip_97.mp4,00000000109000000_4_clip_97.mp4,25.0,250,10.0
clips/lie/00000000109000000_4_clip_98.mp4,00000000109000000_4_clip_98.mp4,25.0,250,10.0
clips/lie/00000000109000000_4_clip_99.mp4,00000000109000000_4_clip_99.mp4,25.0,250,10.0
clips/lie/00000000109000000_5_clip_31.mp4,00000000109000000_5_clip_31.mp4,25.0,250,10.0
clips/lie/00000000109000000_5_clip_32.mp4,00000000109000000_5_clip_32.mp4,25.0,250,10.0
clips/lie/00000000109000000_5_clip_33.mp4,00000000109000000_5_clip_33.mp4,25.0,250,10.0
clips/lie/00000000109000000_5_clip_34.mp4,00000000109000000_5_clip_34.mp4,25.0,250,10.0
clips/lie/00000000109000000_5_clip_35.mp4,00000000109000000_5_clip_35.mp4,25.0,250,10.0
clips/lie/00000000109000000_5_clip_36.mp4,00000000109000000_5_clip_36.mp4,25.0,250,10.0
clips/lie/00000000109000000_5_clip_37.mp4,00000000109000000_5_clip_37.mp4,25.0,250,10.0
clips/lie/00000000109000000_5_clip_38.mp4,00000000109000000_5_clip_38.mp4,25.0,250,10.0
clips/lie/00000000109000000_5_clip_39.mp4,00000000109000000_5_clip_39.mp4,25.0,250,10.0
clips/lie/00000000109000000_5_clip_40.mp4,00000000109000000_5_clip_40.mp4,25.0,250,10.0
clips/lie/00000000109000000_5_clip_41.mp4,00000000109000000_5_clip_41.mp4,25.0,250,10.0
clips/lie/00000000109000000_5_clip_42.mp4,00000000109000000_5_clip_42.mp4,25.0,250,10.0
clips/lie/00000000109000000_5_clip_43.mp4,00000000109000000_5_clip_43.mp4,25.0,250,10.0
clips/lie/00000000109000000_5_clip_44.mp4,00000000109000000_5_clip_44.mp4,25.0,250,10.0
clips/lie/00000000109000000_5_clip_45.mp4,00000000109000000_5_clip_45.mp4,25.0,250,10.0
clips/lie/00000000109000000_5_clip_46.mp4,00000000109000000_5_clip_46.mp4,25.0,250,10.0
clips/lie/00000000109000000_5_clip_47.mp4,00000000109000000_5_clip_47.mp4,25.0,250,10.0
clips/lie/00000000109000000_5_clip_48.mp4,00000000109000000_5_clip_48.mp4,25.0,210,8.4
clips/lie/00000000109000000_8_clip_10.mp4,00000000109000000_8_clip_10.mp4,25.0,250,10.0
clips/lie/00000000109000000_8_clip_11.mp4,00000000109000000_8_clip_11.mp4,25.0,250,10.0
clips/lie/00000000109000000_8_clip_12.mp4,00000000109000000_8_clip_12.mp4,25.0,250,10.0
clips/lie/00000000109000000_8_clip_13.mp4,00000000109000000_8_clip_13.mp4,25.0,250,10.0
clips/lie/00000000109000000_8_clip_14.mp4,00000000109000000_8_clip_14.mp4,25.0,250,10.0
clips/lie/00000000109000000_8_clip_15.mp4,00000000109000000_8_clip_15.mp4,25.0,250,10.0
clips/lie/00000000109000000_8_clip_16.mp4,00000000109000000_8_clip_16.mp4,25.0,250,10.0
clips/lie/00000000109000000_8_clip_17.mp4,00000000109000000_8_clip_17.mp4,25.0,250,10.0
clips/lie/00000000109000000_8_clip_18.mp4,00000000109000000_8_clip_18.mp4,25.0,250,10.0
clips/lie/00000000109000000_8_clip_19.mp4,00000000109000000_8_clip_19.mp4,25.0,250,10.0
clips/lie/00000000109000000_8_clip_20.mp4,00000000109000000_8_clip_20.mp4,25.0,250,10.0
clips/lie/00000000109000000_8_clip_21.mp4,00000000109000000_8_clip_21.mp4,25.0,250,10.0
clips/lie/00000000109000000_8_clip_22.mp4,00000000109000000_8_clip_22.mp4,25.0,250,10.0
clips/lie/00000000109000000_8_clip_3.mp4,00000000109000000_8_clip_3.mp4,25.0,250,10.0
clips/lie/00000000109000000_8_clip_4.mp4,00000000109000000_8_clip_4.mp4,25.0,250,10.0
clips/lie/00000000109000000_8_clip_5.mp4,00000000109000000_8_clip_5.mp4,25.0,250,10.0
clips/lie/00000000109000000_8_clip_6.mp4,00000000109000000_8_clip_6.mp4,25.0,250,10.0
clips/lie/00000000109000000_8_clip_7.mp4,00000000109000000_8_clip_7.mp4,25.0,250,10.0
clips/lie/00000000109000000_8_clip_8.mp4,00000000109000000_8_clip_8.mp4,25.0,250,10.0
clips/lie/00000000109000000_8_clip_9.mp4,00000000109000000_8_clip_9.mp4,25.0,250,10.0
clips/lie/00000000109000000_9_clip_10.mp4,00000000109000000_9_clip_10.mp4,25.0,250,10.0
clips/lie/00000000109000000_9_clip_11.mp4,00000000109000000_9_clip_11.mp4,25.0,250,10.0
clips/lie/00000000109000000_9_clip_12.mp4,00000000109000000_9_clip_12.mp4,25.0,250,10.0
clips/lie/00000000109000000_9_clip_13.mp4,00000000109000000_9_clip_13.mp4,25.0,250,10.0
clips/lie/00000000109000000_9_clip_14.mp4,00000000109000000_9_clip_14.mp4,25.0,250,10.0
clips/lie/00000000109000000_9_clip_15.mp4,00000000109000000_9_clip_15.mp4,25.0,250,10.0
clips/lie/00000000109000000_9_clip_16.mp4,00000000109000000_9_clip_16.mp4,25.0,250,10.0
clips/lie/00000000109000000_9_clip_17.mp4,00000000109000000_9_clip_17.mp4,25.0,250,10.0
clips/lie/00000000109000000_9_clip_18.mp4,00000000109000000_9_clip_18.mp4,25.0,250,10.0
clips/lie/00000000109000000_9_clip_19.mp4,00000000109000000_9_clip_19.mp4,25.0,250,10.0
clips/lie/00000000109000000_9_clip_20.mp4,00000000109000000_9_clip_20.mp4,25.0,250,10.0
clips/lie/00000000109000000_9_clip_21.mp4,00000000109000000_9_clip_21.mp4,25.0,250,10.0
clips/lie/00000000109000000_9_clip_22.mp4,00000000109000000_9_clip_22.mp4,25.0,250,10.0
clips/lie/00000000109000000_9_clip_23.mp4,00000000109000000_9_clip_23.mp4,25.0,250,10.0
clips/lie/00000000109000000_9_clip_24.mp4,00000000109000000_9_clip_24.mp4,25.0,250,10.0
clips/lie/00000000109000000_9_clip_25.mp4,00000000109000000_9_clip_25.mp4,25.0,250,10.0
clips/lie/00000000109000000_9_clip_26.mp4,00000000109000000_9_clip_26.mp4,25.0,250,10.0
clips/lie/00000000109000000_9_clip_27.mp4,00000000109000000_9_clip_27.mp4,25.0,250,10.0
clips/lie/00000000109000000_9_clip_28.mp4,00000000109000000_9_clip_28.mp4,25.0,250,10.0
clips/lie/00000000109000000_9_clip_29.mp4,00000000109000000_9_clip_29.mp4,25.0,250,10.0
clips/lie/00000000109000000_9_clip_30.mp4,00000000109000000_9_clip_30.mp4,25.0,250,10.0
clips/lie/00000000109000000_9_clip_31.mp4,00000000109000000_9_clip_31.mp4,25.0,250,10.0
clips/lie/00000000109000000_9_clip_32.mp4,00000000109000000_9_clip_32.mp4,25.0,250,10.0
clips/lie/00000000109000000_9_clip_33.mp4,00000000109000000_9_clip_33.mp4,25.0,250,10.0
clips/lie/00000000109000000_9_clip_34.mp4,00000000109000000_9_clip_34.mp4,25.0,250,10.0
clips/lie/00000000109000000_9_clip_4.mp4,00000000109000000_9_clip_4.mp4,25.0,250,10.0
clips/lie/00000000109000000_9_clip_5.mp4,00000000109000000_9_clip_5.mp4,25.0,250,10.0
clips/lie/00000000109000000_9_clip_6.mp4,00000000109000000_9_clip_6.mp4,25.0,250,10.0
clips/lie/00000000109000000_9_clip_7.mp4,00000000109000000_9_clip_7.mp4,25.0,250,10.0
clips/lie/00000000109000000_9_clip_8.mp4,00000000109000000_9_clip_8.mp4,25.0,250,10.0
clips/lie/00000000109000000_9_clip_9.mp4,00000000109000000_9_clip_9.mp4,25.0,250,10.0
clips/lie/00000000111000000_11_clip_0.mp4,00000000111000000_11_clip_0.mp4,25.0,250,10.0
clips/lie/00000000111000000_11_clip_1.mp4,00000000111000000_11_clip_1.mp4,25.0,250,10.0
clips/lie/00000000111000000_11_clip_2.mp4,00000000111000000_11_clip_2.mp4,25.0,250,10.0
clips/lie/00000000111000000_11_clip_3.mp4,00000000111000000_11_clip_3.mp4,25.0,250,10.0
clips/lie/00000000111000000_11_clip_4.mp4,00000000111000000_11_clip_4.mp4,25.0,250,10.0
clips/lie/00000000111000000_11_clip_5.mp4,00000000111000000_11_clip_5.mp4,25.0,250,10.0
clips/lie/00000000111000000_11_clip_6.mp4,00000000111000000_11_clip_6.mp4,25.0,250,10.0
clips/lie/00000000111000000_12_clip_10.mp4,00000000111000000_12_clip_10.mp4,25.0,250,10.0
clips/lie/00000000111000000_12_clip_11.mp4,00000000111000000_12_clip_11.mp4,25.0,250,10.0
clips/lie/00000000111000000_12_clip_12.mp4,00000000111000000_12_clip_12.mp4,25.0,250,10.0
clips/lie/00000000111000000_12_clip_13.mp4,00000000111000000_12_clip_13.mp4,25.0,250,10.0
clips/lie/00000000111000000_12_clip_14.mp4,00000000111000000_12_clip_14.mp4,25.0,250,10.0
clips/lie/00000000111000000_12_clip_15.mp4,00000000111000000_12_clip_15.mp4,25.0,119,4.76
clips/lie/00000000111000000_12_clip_2.mp4,00000000111000000_12_clip_2.mp4,25.0,250,10.0
clips/lie/00000000111000000_12_clip_3.mp4,00000000111000000_12_clip_3.mp4,25.0,250,10.0
clips/lie/00000000111000000_12_clip_4.mp4,00000000111000000_12_clip_4.mp4,25.0,250,10.0
clips/lie/00000000111000000_12_clip_5.mp4,00000000111000000_12_clip_5.mp4,25.0,250,10.0
clips/lie/00000000111000000_12_clip_6.mp4,00000000111000000_12_clip_6.mp4,25.0,250,10.0
clips/lie/00000000111000000_12_clip_7.mp4,00000000111000000_12_clip_7.mp4,25.0,250,10.0
clips/lie/00000000111000000_12_clip_8.mp4,00000000111000000_12_clip_8.mp4,25.0,250,10.0
clips/lie/00000000111000000_12_clip_9.mp4,00000000111000000_12_clip_9.mp4,25.0,250,10.0
clips/lie/00000000111000000_15_clip_0.mp4,00000000111000000_15_clip_0.mp4,25.0,250,10.0
clips/lie/00000000111000000_15_clip_1.mp4,00000000111000000_15_clip_1.mp4,25.0,250,10.0
clips/lie/00000000111000000_15_clip_2.mp4,00000000111000000_15_clip_2.mp4,25.0,250,10.0
clips/lie/00000000111000000_15_clip_3.mp4,00000000111000000_15_clip_3.mp4,25.0,250,10.0
clips/lie/00000000111000000_15_clip_4.mp4,00000000111000000_15_clip_4.mp4,25.0,150,6.0
clips/lie/00000000111000000_1_clip_10.mp4,00000000111000000_1_clip_10.mp4,25.0,250,10.0
clips/lie/00000000111000000_1_clip_100.mp4,00000000111000000_1_clip_100.mp4,25.0,250,10.0
clips/lie/00000000111000000_1_clip_11.mp4,00000000111000000_1_clip_11.mp4,25.0,250,10.0
clips/lie/00000000111000000_1_clip_12.mp4,00000000111000000_1_clip_12.mp4,25.0,250,10.0
clips/lie/00000000111000000_1_clip_13.mp4,00000000111000000_1_clip_13.mp4,25.0,250,10.0
clips/lie/00000000111000000_1_clip_14.mp4,00000000111000000_1_clip_14.mp4,25.0,250,10.0
clips/lie/00000000111000000_1_clip_15.mp4,00000000111000000_1_clip_15.mp4,25.0,250,10.0
clips/lie/00000000111000000_1_clip_16.mp4,00000000111000000_1_clip_16.mp4,25.0,250,10.0
clips/lie/00000000111000000_1_clip_17.mp4,00000000111000000_1_clip_17.mp4,25.0,250,10.0
clips/lie/00000000111000000_1_clip_18.mp4,00000000111000000_1_clip_18.mp4,25.0,250,10.0
clips/lie/00000000111000000_1_clip_19.mp4,00000000111000000_1_clip_19.mp4,25.0,250,10.0
clips/lie/00000000111000000_1_clip_20.mp4,00000000111000000_1_clip_20.mp4,25.0,250,10.0
clips/lie/00000000111000000_1_clip_21.mp4,00000000111000000_1_clip_21.mp4,25.0,250,10.0
clips/lie/00000000111000000_1_clip_22.mp4,00000000111000000_1_clip_22.mp4,25.0,250,10.0
clips/lie/00000000111000000_1_clip_23.mp4,00000000111000000_1_clip_23.mp4,25.0,250,10.0
clips/lie/00000000111000000_1_clip_24.mp4,00000000111000000_1_clip_24.mp4,25.0,250,10.0
clips/lie/00000000111000000_1_clip_25.mp4,00000000111000000_1_clip_25.mp4,25.0,250,10.0
clips/lie/00000000111000000_1_clip_26.mp4,00000000111000000_1_clip_26.mp4,25.0,250,10.0
clips/lie/00000000111000000_1_clip_27.mp4,00000000111000000_1_clip_27.mp4,25.0,250,10.0
clips/lie/00000000111000000_1_clip_28.mp4,00000000111000000_1_clip_28.mp4,25.0,250,10.0
clips/lie/00000000111000000_1_clip_29.mp4,00000000111000000_1_clip_29.mp4,25.0,250,10.0
clips/lie/00000000111000000_1_clip_30.mp4,00000000111000000_1_clip_30.mp4,25.0,250,10.0
clips/lie/00000000111000000_1_clip_31.mp4,00000000111000000_1_clip_31.mp4,25.0,250,10.0
clips/lie/00000000111000000_1_clip_32.mp4,00000000111000000_1_clip_32.mp4,25.0,250,10.0
clips/lie/00000000111000000_1_clip_33.mp4,00000000111000000_1_clip_33.mp4,25.0,250,10.0
clips/lie/00000000111000000_1_clip_34.mp4,00000000111000000_1_clip_34.mp4,25.0,250,10.0
clips/lie/00000000111000000_1_clip_35.mp4,00000000111000000_1_clip_35.mp4,25.0,250,10.0
clips/lie/00000000111000000_1_clip_36.mp4,00000000111000000_1_clip_36.mp4,25.0,250,10.0
clips/lie/00000000111000000_1_clip_37.mp4,00000000111000000_1_clip_37.mp4,25.0,250,10.0
clips/lie/00000000111000000_1_clip_38.mp4,00000000111000000_1_clip_38.mp4,25.0,250,10.0
clips/lie/00000000111000000_1_clip_39.mp4,00000000111000000_1_clip_39.mp4,25.0,250,10.0
clips/lie/00000000111000000_1_clip_40.mp4,00000000111000000_1_clip_40.mp4,25.0,250,10.0
clips/lie/00000000111000000_1_clip_41.mp4,00000000111000000_1_clip_41.mp4,25.0,250,10.0
clips/lie/00000000111000000_1_clip_42.mp4,00000000111000000_1_clip_42.mp4,25.0,250,10.0
clips/lie/00000000111000000_1_clip_43.mp4,00000000111000000_1_clip_43.mp4,25.0,250,10.0
clips/lie/00000000111000000_1_clip_44.mp4,00000000111000000_1_clip_44.mp4,25.0,250,10.0
clips/lie/00000000111000000_1_clip_45.mp4,00000000111000000_1_clip_45.mp4,25.0,250,10.0
clips/lie/00000000111000000_1_clip_46.mp4,00000000111000000_1_clip_46.mp4,25.0,250,10.0
clips/lie/00000000111000000_1_clip_47.mp4,00000000111000000_1_clip_47.mp4,25.0,250,10.0
clips/lie/00000000111000000_1_clip_48.mp4,00000000111000000_1_clip_48.mp4,25.0,250,10.0
clips/lie/00000000111000000_1_clip_49.mp4,00000000111000000_1_clip_49.mp4,25.0,250,10.0
clips/lie/00000000111000000_1_clip_50.mp4,00000000111000000_1_clip_50.mp4,25.0,250,10.0
clips/lie/00000000111000000_1_clip_51.mp4,00000000111000000_1_clip_51.mp4,25.0,250,10.0
clips/lie/00000000111000000_1_clip_52.mp4,00000000111000000_1_clip_52.mp4,25.0,250,10.0
clips/lie/00000000111000000_1_clip_53.mp4,00000000111000000_1_clip_53.mp4,25.0,250,10.0
clips/lie/00000000111000000_1_clip_54.mp4,00000000111000000_1_clip_54.mp4,25.0,250,10.0
clips/lie/00000000111000000_1_clip_55.mp4,00000000111000000_1_clip_55.mp4,25.0,250,10.0
clips/lie/00000000111000000_1_clip_56.mp4,00000000111000000_1_clip_56.mp4,25.0,250,10.0
clips/lie/00000000111000000_1_clip_57.mp4,00000000111000000_1_clip_57.mp4,25.0,250,10.0
clips/lie/00000000111000000_1_clip_58.mp4,00000000111000000_1_clip_58.mp4,25.0,250,10.0
clips/lie/00000000111000000_1_clip_59.mp4,00000000111000000_1_clip_59.mp4,25.0,250,10.0
clips/lie/00000000111000000_1_clip_6.mp4,00000000111000000_1_clip_6.mp4,25.0,250,10.0
clips/lie/00000000111000000_1_clip_60.mp4,00000000111000000_1_clip_60.mp4,25.0,250,10.0
clips/lie/00000000111000000_1_clip_61.mp4,00000000111000000_1_clip_61.mp4,25.0,250,10.0
clips/lie/00000000111000000_1_clip_62.mp4,00000000111000000_1_clip_62.mp4,25.0,250,10.0
clips/lie/00000000111000000_1_clip_63.mp4,00000000111000000_1_clip_63.mp4,25.0,250,10.0
clips/lie/00000000111000000_1_clip_64.mp4,00000000111000000_1_clip_64.mp4,25.0,250,10.0
clips/lie/00000000111000000_1_clip_65.mp4,00000000111000000_1_clip_65.mp4,25.0,250,10.0
clips/lie/00000000111000000_1_clip_66.mp4,00000000111000000_1_clip_66.mp4,25.0,250,10.0
clips/lie/00000000111000000_1_clip_67.mp4,00000000111000000_1_clip_67.mp4,25.0,250,10.0
clips/lie/00000000111000000_1_clip_68.mp4,00000000111000000_1_clip_68.mp4,25.0,250,10.0
clips/lie/00000000111000000_1_clip_69.mp4,00000000111000000_1_clip_69.mp4,25.0,250,10.0
clips/lie/00000000111000000_1_clip_7.mp4,00000000111000000_1_clip_7.mp4,25.0,250,10.0
clips/lie/00000000111000000_1_clip_70.mp4,00000000111000000_1_clip_70.mp4,25.0,250,10.0
clips/lie/00000000111000000_1_clip_71.mp4,00000000111000000_1_clip_71.mp4,25.0,250,10.0
clips/lie/00000000111000000_1_clip_72.mp4,00000000111000000_1_clip_72.mp4,25.0,250,10.0
clips/lie/00000000111000000_1_clip_73.mp4,00000000111000000_1_clip_73.mp4,25.0,250,10.0
clips/lie/00000000111000000_1_clip_74.mp4,00000000111000000_1_clip_74.mp4,25.0,250,10.0
clips/lie/00000000111000000_1_clip_75.mp4,00000000111000000_1_clip_75.mp4,25.0,250,10.0
clips/lie/00000000111000000_1_clip_76.mp4,00000000111000000_1_clip_76.mp4,25.0,250,10.0
clips/lie/00000000111000000_1_clip_77.mp4,00000000111000000_1_clip_77.mp4,25.0,250,10.0
clips/lie/00000000111000000_1_clip_78.mp4,00000000111000000_1_clip_78.mp4,25.0,250,10.0
clips/lie/00000000111000000_1_clip_79.mp4,00000000111000000_1_clip_79.mp4,25.0,250,10.0
clips/lie/00000000111000000_1_clip_8.mp4,00000000111000000_1_clip_8.mp4,25.0,250,10.0
clips/lie/00000000111000000_1_clip_80.mp4,00000000111000000_1_clip_80.mp4,25.0,250,10.0
clips/lie/00000000111000000_1_clip_81.mp4,00000000111000000_1_clip_81.mp4,25.0,250,10.0
clips/lie/00000000111000000_1_clip_82.mp4,00000000111000000_1_clip_82.mp4,25.0,250,10.0
clips/lie/00000000111000000_1_clip_83.mp4,00000000111000000_1_clip_83.mp4,25.0,250,10.0
clips/lie/00000000111000000_1_clip_84.mp4,00000000111000000_1_clip_84.mp4,25.0,250,10.0
clips/lie/00000000111000000_1_clip_85.mp4,00000000111000000_1_clip_85.mp4,25.0,250,10.0
clips/lie/00000000111000000_1_clip_86.mp4,00000000111000000_1_clip_86.mp4,25.0,250,10.0
clips/lie/00000000111000000_1_clip_87.mp4,00000000111000000_1_clip_87.mp4,25.0,250,10.0
clips/lie/00000000111000000_1_clip_88.mp4,00000000111000000_1_clip_88.mp4,25.0,250,10.0
clips/lie/00000000111000000_1_clip_89.mp4,00000000111000000_1_clip_89.mp4,25.0,250,10.0
clips/lie/00000000111000000_1_clip_9.mp4,00000000111000000_1_clip_9.mp4,25.0,250,10.0
clips/lie/00000000111000000_1_clip_90.mp4,00000000111000000_1_clip_90.mp4,25.0,250,10.0
clips/lie/00000000111000000_1_clip_91.mp4,00000000111000000_1_clip_91.mp4,25.0,250,10.0
clips/lie/00000000111000000_1_clip_92.mp4,00000000111000000_1_clip_92.mp4,25.0,250,10.0
clips/lie/00000000111000000_1_clip_93.mp4,00000000111000000_1_clip_93.mp4,25.0,250,10.0
clips/lie/00000000111000000_1_clip_94.mp4,00000000111000000_1_clip_94.mp4,25.0,250,10.0
clips/lie/00000000111000000_1_clip_95.mp4,00000000111000000_1_clip_95.mp4,25.0,250,10.0
clips/lie/00000000111000000_1_clip_96.mp4,00000000111000000_1_clip_96.mp4,25.0,250,10.0
clips/lie/00000000111000000_1_clip_97.mp4,00000000111000000_1_clip_97.mp4,25.0,250,10.0
clips/lie/00000000111000000_1_clip_98.mp4,00000000111000000_1_clip_98.mp4,25.0,250,10.0
clips/lie/00000000111000000_1_clip_99.mp4,00000000111000000_1_clip_99.mp4,25.0,250,10.0
clips/lie/00000000111000000_2_clip_100.mp4,00000000111000000_2_clip_100.mp4,25.0,250,10.0
clips/lie/00000000111000000_2_clip_101.mp4,00000000111000000_2_clip_101.mp4,25.0,250,10.0
clips/lie/00000000111000000_2_clip_102.mp4,00000000111000000_2_clip_102.mp4,25.0,250,10.0
clips/lie/00000000111000000_2_clip_103.mp4,00000000111000000_2_clip_103.mp4,25.0,250,10.0
clips/lie/00000000111000000_2_clip_104.mp4,00000000111000000_2_clip_104.mp4,25.0,250,10.0
clips/lie/00000000111000000_2_clip_105.mp4,00000000111000000_2_clip_105.mp4,25.0,250,10.0
clips/lie/00000000111000000_2_clip_106.mp4,00000000111000000_2_clip_106.mp4,25.0,250,10.0
clips/lie/00000000111000000_2_clip_107.mp4,00000000111000000_2_clip_107.mp4,25.0,250,10.0
clips/lie/00000000111000000_2_clip_108.mp4,00000000111000000_2_clip_108.mp4,25.0,250,10.0
clips/lie/00000000111000000_2_clip_109.mp4,00000000111000000_2_clip_109.mp4,25.0,250,10.0
clips/lie/00000000111000000_2_clip_110.mp4,00000000111000000_2_clip_110.mp4,25.0,250,10.0
clips/lie/00000000111000000_2_clip_111.mp4,00000000111000000_2_clip_111.mp4,25.0,250,10.0
clips/lie/00000000111000000_2_clip_112.mp4,00000000111000000_2_clip_112.mp4,25.0,250,10.0
clips/lie/00000000111000000_2_clip_113.mp4,00000000111000000_2_clip_113.mp4,25.0,250,10.0
clips/lie/00000000111000000_2_clip_114.mp4,00000000111000000_2_clip_114.mp4,25.0,250,10.0
clips/lie/00000000111000000_2_clip_115.mp4,00000000111000000_2_clip_115.mp4,25.0,250,10.0
clips/lie/00000000111000000_2_clip_116.mp4,00000000111000000_2_clip_116.mp4,25.0,250,10.0
clips/lie/00000000111000000_2_clip_117.mp4,00000000111000000_2_clip_117.mp4,25.0,250,10.0
clips/lie/00000000111000000_2_clip_118.mp4,00000000111000000_2_clip_118.mp4,25.0,250,10.0
clips/lie/00000000111000000_2_clip_119.mp4,00000000111000000_2_clip_119.mp4,25.0,250,10.0
clips/lie/00000000111000000_2_clip_120.mp4,00000000111000000_2_clip_120.mp4,25.0,250,10.0
clips/lie/00000000111000000_2_clip_121.mp4,00000000111000000_2_clip_121.mp4,25.0,250,10.0
clips/lie/00000000111000000_2_clip_122.mp4,00000000111000000_2_clip_122.mp4,25.0,250,10.0
clips/lie/00000000111000000_2_clip_123.mp4,00000000111000000_2_clip_123.mp4,25.0,250,10.0
clips/lie/00000000111000000_2_clip_124.mp4,00000000111000000_2_clip_124.mp4,25.0,250,10.0
clips/lie/00000000111000000_2_clip_125.mp4,00000000111000000_2_clip_125.mp4,25.0,250,10.0
clips/lie/00000000111000000_2_clip_126.mp4,00000000111000000_2_clip_126.mp4,25.0,250,10.0
clips/lie/00000000111000000_2_clip_127.mp4,00000000111000000_2_clip_127.mp4,25.0,250,10.0
clips/lie/00000000111000000_2_clip_128.mp4,00000000111000000_2_clip_128.mp4,25.0,250,10.0
clips/lie/00000000111000000_2_clip_129.mp4,00000000111000000_2_clip_129.mp4,25.0,250,10.0
clips/lie/00000000111000000_2_clip_130.mp4,00000000111000000_2_clip_130.mp4,25.0,250,10.0
clips/lie/00000000111000000_2_clip_131.mp4,00000000111000000_2_clip_131.mp4,25.0,250,10.0
clips/lie/00000000111000000_2_clip_132.mp4,00000000111000000_2_clip_132.mp4,25.0,250,10.0
clips/lie/00000000111000000_2_clip_133.mp4,00000000111000000_2_clip_133.mp4,25.0,250,10.0
clips/lie/00000000111000000_2_clip_134.mp4,00000000111000000_2_clip_134.mp4,25.0,250,10.0
clips/lie/00000000111000000_2_clip_135.mp4,00000000111000000_2_clip_135.mp4,25.0,201,8.04
clips/lie/00000000111000000_2_clip_61.mp4,00000000111000000_2_clip_61.mp4,25.0,250,10.0
clips/lie/00000000111000000_2_clip_62.mp4,00000000111000000_2_clip_62.mp4,25.0,250,10.0
clips/lie/00000000111000000_2_clip_63.mp4,00000000111000000_2_clip_63.mp4,25.0,250,10.0
clips/lie/00000000111000000_2_clip_64.mp4,00000000111000000_2_clip_64.mp4,25.0,250,10.0
clips/lie/00000000111000000_2_clip_65.mp4,00000000111000000_2_clip_65.mp4,25.0,250,10.0
clips/lie/00000000111000000_2_clip_66.mp4,00000000111000000_2_clip_66.mp4,25.0,250,10.0
clips/lie/00000000111000000_2_clip_67.mp4,00000000111000000_2_clip_67.mp4,25.0,250,10.0
clips/lie/00000000111000000_2_clip_68.mp4,00000000111000000_2_clip_68.mp4,25.0,250,10.0
clips/lie/00000000111000000_2_clip_69.mp4,00000000111000000_2_clip_69.mp4,25.0,250,10.0
clips/lie/00000000111000000_2_clip_70.mp4,00000000111000000_2_clip_70.mp4,25.0,250,10.0
clips/lie/00000000111000000_2_clip_71.mp4,00000000111000000_2_clip_71.mp4,25.0,250,10.0
clips/lie/00000000111000000_2_clip_72.mp4,00000000111000000_2_clip_72.mp4,25.0,250,10.0
clips/lie/00000000111000000_2_clip_73.mp4,00000000111000000_2_clip_73.mp4,25.0,250,10.0
clips/lie/00000000111000000_2_clip_74.mp4,00000000111000000_2_clip_74.mp4,25.0,250,10.0
clips/lie/00000000111000000_2_clip_75.mp4,00000000111000000_2_clip_75.mp4,25.0,250,10.0
clips/lie/00000000111000000_2_clip_76.mp4,00000000111000000_2_clip_76.mp4,25.0,250,10.0
clips/lie/00000000111000000_2_clip_77.mp4,00000000111000000_2_clip_77.mp4,25.0,250,10.0
clips/lie/00000000111000000_2_clip_78.mp4,00000000111000000_2_clip_78.mp4,25.0,250,10.0
clips/lie/00000000111000000_2_clip_79.mp4,00000000111000000_2_clip_79.mp4,25.0,250,10.0
clips/lie/00000000111000000_2_clip_80.mp4,00000000111000000_2_clip_80.mp4,25.0,250,10.0
clips/lie/00000000111000000_2_clip_81.mp4,00000000111000000_2_clip_81.mp4,25.0,250,10.0
clips/lie/00000000111000000_2_clip_82.mp4,00000000111000000_2_clip_82.mp4,25.0,250,10.0
clips/lie/00000000111000000_2_clip_83.mp4,00000000111000000_2_clip_83.mp4,25.0,250,10.0
clips/lie/00000000111000000_2_clip_84.mp4,00000000111000000_2_clip_84.mp4,25.0,250,10.0
clips/lie/00000000111000000_2_clip_85.mp4,00000000111000000_2_clip_85.mp4,25.0,250,10.0
clips/lie/00000000111000000_2_clip_86.mp4,00000000111000000_2_clip_86.mp4,25.0,250,10.0
clips/lie/00000000111000000_2_clip_87.mp4,00000000111000000_2_clip_87.mp4,25.0,250,10.0
clips/lie/00000000111000000_2_clip_88.mp4,00000000111000000_2_clip_88.mp4,25.0,250,10.0
clips/lie/00000000111000000_2_clip_89.mp4,00000000111000000_2_clip_89.mp4,25.0,250,10.0
clips/lie/00000000111000000_2_clip_90.mp4,00000000111000000_2_clip_90.mp4,25.0,250,10.0
clips/lie/00000000111000000_2_clip_91.mp4,00000000111000000_2_clip_91.mp4,25.0,250,10.0
clips/lie/00000000111000000_2_clip_92.mp4,00000000111000000_2_clip_92.mp4,25.0,250,10.0
clips/lie/00000000111000000_2_clip_93.mp4,00000000111000000_2_clip_93.mp4,25.0,250,10.0
clips/lie/00000000111000000_2_clip_94.mp4,00000000111000000_2_clip_94.mp4,25.0,250,10.0
clips/lie/00000000111000000_2_clip_95.mp4,00000000111000000_2_clip_95.mp4,25.0,250,10.0
clips/lie/00000000111000000_2_clip_96.mp4,00000000111000000_2_clip_96.mp4,25.0,250,10.0
clips/lie/00000000111000000_2_clip_97.mp4,00000000111000000_2_clip_97.mp4,25.0,250,10.0
clips/lie/00000000111000000_2_clip_98.mp4,00000000111000000_2_clip_98.mp4,25.0,250,10.0
clips/lie/00000000111000000_2_clip_99.mp4,00000000111000000_2_clip_99.mp4,25.0,250,10.0
clips/lie/00000000111000000_3_clip_0.mp4,00000000111000000_3_clip_0.mp4,25.0,250,10.0
clips/lie/00000000111000000_3_clip_1.mp4,00000000111000000_3_clip_1.mp4,25.0,250,10.0
clips/lie/00000000111000000_3_clip_10.mp4,00000000111000000_3_clip_10.mp4,25.0,250,10.0
clips/lie/00000000111000000_3_clip_100.mp4,00000000111000000_3_clip_100.mp4,25.0,250,10.0
clips/lie/00000000111000000_3_clip_11.mp4,00000000111000000_3_clip_11.mp4,25.0,250,10.0
clips/lie/00000000111000000_3_clip_12.mp4,00000000111000000_3_clip_12.mp4,25.0,250,10.0
clips/lie/00000000111000000_3_clip_13.mp4,00000000111000000_3_clip_13.mp4,25.0,250,10.0
clips/lie/00000000111000000_3_clip_14.mp4,00000000111000000_3_clip_14.mp4,25.0,250,10.0
clips/lie/00000000111000000_3_clip_15.mp4,00000000111000000_3_clip_15.mp4,25.0,250,10.0
clips/lie/00000000111000000_3_clip_16.mp4,00000000111000000_3_clip_16.mp4,25.0,250,10.0
clips/lie/00000000111000000_3_clip_17.mp4,00000000111000000_3_clip_17.mp4,25.0,250,10.0
clips/lie/00000000111000000_3_clip_18.mp4,00000000111000000_3_clip_18.mp4,25.0,250,10.0
clips/lie/00000000111000000_3_clip_19.mp4,00000000111000000_3_clip_19.mp4,25.0,250,10.0
clips/lie/00000000111000000_3_clip_2.mp4,00000000111000000_3_clip_2.mp4,25.0,250,10.0
clips/lie/00000000111000000_3_clip_20.mp4,00000000111000000_3_clip_20.mp4,25.0,250,10.0
clips/lie/00000000111000000_3_clip_21.mp4,00000000111000000_3_clip_21.mp4,25.0,250,10.0
clips/lie/00000000111000000_3_clip_22.mp4,00000000111000000_3_clip_22.mp4,25.0,250,10.0
clips/lie/00000000111000000_3_clip_23.mp4,00000000111000000_3_clip_23.mp4,25.0,250,10.0
clips/lie/00000000111000000_3_clip_24.mp4,00000000111000000_3_clip_24.mp4,25.0,250,10.0
clips/lie/00000000111000000_3_clip_25.mp4,00000000111000000_3_clip_25.mp4,25.0,250,10.0
clips/lie/00000000111000000_3_clip_26.mp4,00000000111000000_3_clip_26.mp4,25.0,250,10.0
clips/lie/00000000111000000_3_clip_27.mp4,00000000111000000_3_clip_27.mp4,25.0,250,10.0
clips/lie/00000000111000000_3_clip_28.mp4,00000000111000000_3_clip_28.mp4,25.0,250,10.0
clips/lie/00000000111000000_3_clip_29.mp4,00000000111000000_3_clip_29.mp4,25.0,250,10.0
clips/lie/00000000111000000_3_clip_3.mp4,00000000111000000_3_clip_3.mp4,25.0,250,10.0
clips/lie/00000000111000000_3_clip_30.mp4,00000000111000000_3_clip_30.mp4,25.0,250,10.0
clips/lie/00000000111000000_3_clip_31.mp4,00000000111000000_3_clip_31.mp4,25.0,250,10.0
clips/lie/00000000111000000_3_clip_32.mp4,00000000111000000_3_clip_32.mp4,25.0,250,10.0
clips/lie/00000000111000000_3_clip_33.mp4,00000000111000000_3_clip_33.mp4,25.0,250,10.0
clips/lie/00000000111000000_3_clip_34.mp4,00000000111000000_3_clip_34.mp4,25.0,250,10.0
clips/lie/00000000111000000_3_clip_35.mp4,00000000111000000_3_clip_35.mp4,25.0,250,10.0
clips/lie/00000000111000000_3_clip_36.mp4,00000000111000000_3_clip_36.mp4,25.0,250,10.0
clips/lie/00000000111000000_3_clip_37.mp4,00000000111000000_3_clip_37.mp4,25.0,250,10.0
clips/lie/00000000111000000_3_clip_38.mp4,00000000111000000_3_clip_38.mp4,25.0,250,10.0
clips/lie/00000000111000000_3_clip_39.mp4,00000000111000000_3_clip_39.mp4,25.0,250,10.0
clips/lie/00000000111000000_3_clip_4.mp4,00000000111000000_3_clip_4.mp4,25.0,250,10.0
clips/lie/00000000111000000_3_clip_40.mp4,00000000111000000_3_clip_40.mp4,25.0,250,10.0
clips/lie/00000000111000000_3_clip_41.mp4,00000000111000000_3_clip_41.mp4,25.0,250,10.0
clips/lie/00000000111000000_3_clip_42.mp4,00000000111000000_3_clip_42.mp4,25.0,250,10.0
clips/lie/00000000111000000_3_clip_43.mp4,00000000111000000_3_clip_43.mp4,25.0,250,10.0
clips/lie/00000000111000000_3_clip_44.mp4,00000000111000000_3_clip_44.mp4,25.0,250,10.0
clips/lie/00000000111000000_3_clip_45.mp4,00000000111000000_3_clip_45.mp4,25.0,250,10.0
clips/lie/00000000111000000_3_clip_46.mp4,00000000111000000_3_clip_46.mp4,25.0,250,10.0
clips/lie/00000000111000000_3_clip_47.mp4,00000000111000000_3_clip_47.mp4,25.0,250,10.0
clips/lie/00000000111000000_3_clip_48.mp4,00000000111000000_3_clip_48.mp4,25.0,250,10.0
clips/lie/00000000111000000_3_clip_49.mp4,00000000111000000_3_clip_49.mp4,25.0,250,10.0
clips/lie/00000000111000000_3_clip_5.mp4,00000000111000000_3_clip_5.mp4,25.0,250,10.0
clips/lie/00000000111000000_3_clip_50.mp4,00000000111000000_3_clip_50.mp4,25.0,250,10.0
clips/lie/00000000111000000_3_clip_51.mp4,00000000111000000_3_clip_51.mp4,25.0,250,10.0
clips/lie/00000000111000000_3_clip_52.mp4,00000000111000000_3_clip_52.mp4,25.0,250,10.0
clips/lie/00000000111000000_3_clip_53.mp4,00000000111000000_3_clip_53.mp4,25.0,250,10.0
clips/lie/00000000111000000_3_clip_54.mp4,00000000111000000_3_clip_54.mp4,25.0,250,10.0
clips/lie/00000000111000000_3_clip_55.mp4,00000000111000000_3_clip_55.mp4,25.0,250,10.0
clips/lie/00000000111000000_3_clip_56.mp4,00000000111000000_3_clip_56.mp4,25.0,250,10.0
clips/lie/00000000111000000_3_clip_57.mp4,00000000111000000_3_clip_57.mp4,25.0,250,10.0
clips/lie/00000000111000000_3_clip_58.mp4,00000000111000000_3_clip_58.mp4,25.0,250,10.0
clips/lie/00000000111000000_3_clip_59.mp4,00000000111000000_3_clip_59.mp4,25.0,250,10.0
clips/lie/00000000111000000_3_clip_6.mp4,00000000111000000_3_clip_6.mp4,25.0,250,10.0
clips/lie/00000000111000000_3_clip_60.mp4,00000000111000000_3_clip_60.mp4,25.0,250,10.0
clips/lie/00000000111000000_3_clip_61.mp4,00000000111000000_3_clip_61.mp4,25.0,250,10.0
clips/lie/00000000111000000_3_clip_62.mp4,00000000111000000_3_clip_62.mp4,25.0,250,10.0
clips/lie/00000000111000000_3_clip_63.mp4,00000000111000000_3_clip_63.mp4,25.0,250,10.0
clips/lie/00000000111000000_3_clip_64.mp4,00000000111000000_3_clip_64.mp4,25.0,250,10.0
clips/lie/00000000111000000_3_clip_65.mp4,00000000111000000_3_clip_65.mp4,25.0,250,10.0
clips/lie/00000000111000000_3_clip_66.mp4,00000000111000000_3_clip_66.mp4,25.0,250,10.0
clips/lie/00000000111000000_3_clip_67.mp4,00000000111000000_3_clip_67.mp4,25.0,250,10.0
clips/lie/00000000111000000_3_clip_68.mp4,00000000111000000_3_clip_68.mp4,25.0,250,10.0
clips/lie/00000000111000000_3_clip_69.mp4,00000000111000000_3_clip_69.mp4,25.0,250,10.0
clips/lie/00000000111000000_3_clip_7.mp4,00000000111000000_3_clip_7.mp4,25.0,250,10.0
clips/lie/00000000111000000_3_clip_70.mp4,00000000111000000_3_clip_70.mp4,25.0,250,10.0
clips/lie/00000000111000000_3_clip_71.mp4,00000000111000000_3_clip_71.mp4,25.0,250,10.0
clips/lie/00000000111000000_3_clip_72.mp4,00000000111000000_3_clip_72.mp4,25.0,250,10.0
clips/lie/00000000111000000_3_clip_73.mp4,00000000111000000_3_clip_73.mp4,25.0,250,10.0
clips/lie/00000000111000000_3_clip_74.mp4,00000000111000000_3_clip_74.mp4,25.0,250,10.0
clips/lie/00000000111000000_3_clip_75.mp4,00000000111000000_3_clip_75.mp4,25.0,250,10.0
clips/lie/00000000111000000_3_clip_76.mp4,00000000111000000_3_clip_76.mp4,25.0,250,10.0
clips/lie/00000000111000000_3_clip_77.mp4,00000000111000000_3_clip_77.mp4,25.0,250,10.0
clips/lie/00000000111000000_3_clip_78.mp4,00000000111000000_3_clip_78.mp4,25.0,250,10.0
clips/lie/00000000111000000_3_clip_79.mp4,00000000111000000_3_clip_79.mp4,25.0,250,10.0
clips/lie/00000000111000000_3_clip_8.mp4,00000000111000000_3_clip_8.mp4,25.0,250,10.0
clips/lie/00000000111000000_3_clip_80.mp4,00000000111000000_3_clip_80.mp4,25.0,250,10.0
clips/lie/00000000111000000_3_clip_81.mp4,00000000111000000_3_clip_81.mp4,25.0,250,10.0
clips/lie/00000000111000000_3_clip_82.mp4,00000000111000000_3_clip_82.mp4,25.0,250,10.0
clips/lie/00000000111000000_3_clip_83.mp4,00000000111000000_3_clip_83.mp4,25.0,250,10.0
clips/lie/00000000111000000_3_clip_84.mp4,00000000111000000_3_clip_84.mp4,25.0,250,10.0
clips/lie/00000000111000000_3_clip_85.mp4,00000000111000000_3_clip_85.mp4,25.0,250,10.0
clips/lie/00000000111000000_3_clip_86.mp4,00000000111000000_3_clip_86.mp4,25.0,250,10.0
clips/lie/00000000111000000_3_clip_87.mp4,00000000111000000_3_clip_87.mp4,25.0,250,10.0
clips/lie/00000000111000000_3_clip_88.mp4,00000000111000000_3_clip_88.mp4,25.0,250,10.0
clips/lie/00000000111000000_3_clip_89.mp4,00000000111000000_3_clip_89.mp4,25.0,250,10.0
clips/lie/00000000111000000_3_clip_9.mp4,00000000111000000_3_clip_9.mp4,25.0,250,10.0
clips/lie/00000000111000000_3_clip_90.mp4,00000000111000000_3_clip_90.mp4,25.0,250,10.0
clips/lie/00000000111000000_3_clip_91.mp4,00000000111000000_3_clip_91.mp4,25.0,250,10.0
clips/lie/00000000111000000_3_clip_92.mp4,00000000111000000_3_clip_92.mp4,25.0,250,10.0
clips/lie/00000000111000000_3_clip_93.mp4,00000000111000000_3_clip_93.mp4,25.0,250,10.0
clips/lie/00000000111000000_3_clip_94.mp4,00000000111000000_3_clip_94.mp4,25.0,250,10.0
clips/lie/00000000111000000_3_clip_95.mp4,00000000111000000_3_clip_95.mp4,25.0,250,10.0
clips/lie/00000000111000000_3_clip_96.mp4,00000000111000000_3_clip_96.mp4,25.0,250,10.0
clips/lie/00000000111000000_3_clip_97.mp4,00000000111000000_3_clip_97.mp4,25.0,250,10.0
clips/lie/00000000111000000_3_clip_98.mp4,00000000111000000_3_clip_98.mp4,25.0,250,10.0
clips/lie/00000000111000000_3_clip_99.mp4,00000000111000000_3_clip_99.mp4,25.0,250,10.0
clips/lie/00000000111000000_4_clip_0.mp4,00000000111000000_4_clip_0.mp4,25.0,250,10.0
clips/lie/00000000111000000_4_clip_1.mp4,00000000111000000_4_clip_1.mp4,25.0,250,10.0
clips/lie/00000000111000000_4_clip_10.mp4,00000000111000000_4_clip_10.mp4,25.0,250,10.0
clips/lie/00000000111000000_4_clip_100.mp4,00000000111000000_4_clip_100.mp4,25.0,250,10.0
clips/lie/00000000111000000_4_clip_101.mp4,00000000111000000_4_clip_101.mp4,25.0,250,10.0
clips/lie/00000000111000000_4_clip_102.mp4,00000000111000000_4_clip_102.mp4,25.0,250,10.0
clips/lie/00000000111000000_4_clip_103.mp4,00000000111000000_4_clip_103.mp4,25.0,250,10.0
clips/lie/00000000111000000_4_clip_104.mp4,00000000111000000_4_clip_104.mp4,25.0,250,10.0
clips/lie/00000000111000000_4_clip_105.mp4,00000000111000000_4_clip_105.mp4,25.0,250,10.0
clips/lie/00000000111000000_4_clip_106.mp4,00000000111000000_4_clip_106.mp4,25.0,250,10.0
clips/lie/00000000111000000_4_clip_107.mp4,00000000111000000_4_clip_107.mp4,25.0,250,10.0
clips/lie/00000000111000000_4_clip_108.mp4,00000000111000000_4_clip_108.mp4,25.0,250,10.0
clips/lie/00000000111000000_4_clip_109.mp4,00000000111000000_4_clip_109.mp4,25.0,250,10.0
clips/lie/00000000111000000_4_clip_11.mp4,00000000111000000_4_clip_11.mp4,25.0,250,10.0
clips/lie/00000000111000000_4_clip_110.mp4,00000000111000000_4_clip_110.mp4,25.0,250,10.0
clips/lie/00000000111000000_4_clip_111.mp4,00000000111000000_4_clip_111.mp4,25.0,250,10.0
clips/lie/00000000111000000_4_clip_112.mp4,00000000111000000_4_clip_112.mp4,25.0,250,10.0
clips/lie/00000000111000000_4_clip_113.mp4,00000000111000000_4_clip_113.mp4,25.0,250,10.0
clips/lie/00000000111000000_4_clip_114.mp4,00000000111000000_4_clip_114.mp4,25.0,250,10.0
clips/lie/00000000111000000_4_clip_115.mp4,00000000111000000_4_clip_115.mp4,25.0,250,10.0
clips/lie/00000000111000000_4_clip_116.mp4,00000000111000000_4_clip_116.mp4,25.0,250,10.0
clips/lie/00000000111000000_4_clip_117.mp4,00000000111000000_4_clip_117.mp4,25.0,250,10.0
clips/lie/00000000111000000_4_clip_118.mp4,00000000111000000_4_clip_118.mp4,25.0,250,10.0
clips/lie/00000000111000000_4_clip_119.mp4,00000000111000000_4_clip_119.mp4,25.0,250,10.0
clips/lie/00000000111000000_4_clip_12.mp4,00000000111000000_4_clip_12.mp4,25.0,250,10.0
clips/lie/00000000111000000_4_clip_120.mp4,00000000111000000_4_clip_120.mp4,25.0,250,10.0
clips/lie/00000000111000000_4_clip_121.mp4,00000000111000000_4_clip_121.mp4,25.0,250,10.0
clips/lie/00000000111000000_4_clip_122.mp4,00000000111000000_4_clip_122.mp4,25.0,250,10.0
clips/lie/00000000111000000_4_clip_123.mp4,00000000111000000_4_clip_123.mp4,25.0,250,10.0
clips/lie/00000000111000000_4_clip_124.mp4,00000000111000000_4_clip_124.mp4,25.0,250,10.0
clips/lie/00000000111000000_4_clip_125.mp4,00000000111000000_4_clip_125.mp4,25.0,250,10.0
clips/lie/00000000111000000_4_clip_126.mp4,00000000111000000_4_clip_126.mp4,25.0,250,10.0
clips/lie/00000000111000000_4_clip_127.mp4,00000000111000000_4_clip_127.mp4,25.0,250,10.0
clips/lie/00000000111000000_4_clip_128.mp4,00000000111000000_4_clip_128.mp4,25.0,250,10.0
clips/lie/00000000111000000_4_clip_129.mp4,00000000111000000_4_clip_129.mp4,25.0,250,10.0
clips/lie/00000000111000000_4_clip_13.mp4,00000000111000000_4_clip_13.mp4,25.0,250,10.0
clips/lie/00000000111000000_4_clip_130.mp4,00000000111000000_4_clip_130.mp4,25.0,250,10.0
clips/lie/00000000111000000_4_clip_131.mp4,00000000111000000_4_clip_131.mp4,25.0,250,10.0
clips/lie/00000000111000000_4_clip_132.mp4,00000000111000000_4_clip_132.mp4,25.0,250,10.0
clips/lie/00000000111000000_4_clip_133.mp4,00000000111000000_4_clip_133.mp4,25.0,250,10.0
clips/lie/00000000111000000_4_clip_134.mp4,00000000111000000_4_clip_134.mp4,25.0,250,10.0
clips/lie/00000000111000000_4_clip_135.mp4,00000000111000000_4_clip_135.mp4,25.0,201,8.04
clips/lie/00000000111000000_4_clip_14.mp4,00000000111000000_4_clip_14.mp4,25.0,250,10.0
clips/lie/00000000111000000_4_clip_15.mp4,00000000111000000_4_clip_15.mp4,25.0,250,10.0
clips/lie/00000000111000000_4_clip_16.mp4,00000000111000000_4_clip_16.mp4,25.0,250,10.0
clips/lie/00000000111000000_4_clip_17.mp4,00000000111000000_4_clip_17.mp4,25.0,250,10.0
clips/lie/00000000111000000_4_clip_18.mp4,00000000111000000_4_clip_18.mp4,25.0,250,10.0
clips/lie/00000000111000000_4_clip_19.mp4,00000000111000000_4_clip_19.mp4,25.0,250,10.0
clips/lie/00000000111000000_4_clip_2.mp4,00000000111000000_4_clip_2.mp4,25.0,250,10.0
clips/lie/00000000111000000_4_clip_20.mp4,00000000111000000_4_clip_20.mp4,25.0,250,10.0
clips/lie/00000000111000000_4_clip_21.mp4,00000000111000000_4_clip_21.mp4,25.0,250,10.0
clips/lie/00000000111000000_4_clip_22.mp4,00000000111000000_4_clip_22.mp4,25.0,250,10.0
clips/lie/00000000111000000_4_clip_23.mp4,00000000111000000_4_clip_23.mp4,25.0,250,10.0
clips/lie/00000000111000000_4_clip_24.mp4,00000000111000000_4_clip_24.mp4,25.0,250,10.0
clips/lie/00000000111000000_4_clip_25.mp4,00000000111000000_4_clip_25.mp4,25.0,250,10.0
clips/lie/00000000111000000_4_clip_26.mp4,00000000111000000_4_clip_26.mp4,25.0,250,10.0
clips/lie/00000000111000000_4_clip_27.mp4,00000000111000000_4_clip_27.mp4,25.0,250,10.0
clips/lie/00000000111000000_4_clip_28.mp4,00000000111000000_4_clip_28.mp4,25.0,250,10.0
clips/lie/00000000111000000_4_clip_29.mp4,00000000111000000_4_clip_29.mp4,25.0,250,10.0
clips/lie/00000000111000000_4_clip_3.mp4,00000000111000000_4_clip_3.mp4,25.0,250,10.0
clips/lie/00000000111000000_4_clip_30.mp4,00000000111000000_4_clip_30.mp4,25.0,250,10.0
clips/lie/00000000111000000_4_clip_31.mp4,00000000111000000_4_clip_31.mp4,25.0,250,10.0
clips/lie/00000000111000000_4_clip_32.mp4,00000000111000000_4_clip_32.mp4,25.0,250,10.0
clips/lie/00000000111000000_4_clip_33.mp4,00000000111000000_4_clip_33.mp4,25.0,250,10.0
clips/lie/00000000111000000_4_clip_34.mp4,00000000111000000_4_clip_34.mp4,25.0,250,10.0
clips/lie/00000000111000000_4_clip_35.mp4,00000000111000000_4_clip_35.mp4,25.0,250,10.0
clips/lie/00000000111000000_4_clip_36.mp4,00000000111000000_4_clip_36.mp4,25.0,250,10.0
clips/lie/00000000111000000_4_clip_37.mp4,00000000111000000_4_clip_37.mp4,25.0,250,10.0
clips/lie/00000000111000000_4_clip_38.mp4,00000000111000000_4_clip_38.mp4,25.0,250,10.0
clips/lie/00000000111000000_4_clip_39.mp4,00000000111000000_4_clip_39.mp4,25.0,250,10.0
clips/lie/00000000111000000_4_clip_4.mp4,00000000111000000_4_clip_4.mp4,25.0,250,10.0
clips/lie/00000000111000000_4_clip_40.mp4,00000000111000000_4_clip_40.mp4,25.0,250,10.0
clips/lie/00000000111000000_4_clip_41.mp4,00000000111000000_4_clip_41.mp4,25.0,250,10.0
clips/lie/00000000111000000_4_clip_42.mp4,00000000111000000_4_clip_42.mp4,25.0,250,10.0
clips/lie/00000000111000000_4_clip_43.mp4,00000000111000000_4_clip_43.mp4,25.0,250,10.0
clips/lie/00000000111000000_4_clip_44.mp4,00000000111000000_4_clip_44.mp4,25.0,250,10.0
clips/lie/00000000111000000_4_clip_45.mp4,00000000111000000_4_clip_45.mp4,25.0,250,10.0
clips/lie/00000000111000000_4_clip_46.mp4,00000000111000000_4_clip_46.mp4,25.0,250,10.0
clips/lie/00000000111000000_4_clip_47.mp4,00000000111000000_4_clip_47.mp4,25.0,250,10.0
clips/lie/00000000111000000_4_clip_48.mp4,00000000111000000_4_clip_48.mp4,25.0,250,10.0
clips/lie/00000000111000000_4_clip_49.mp4,00000000111000000_4_clip_49.mp4,25.0,250,10.0
clips/lie/00000000111000000_4_clip_5.mp4,00000000111000000_4_clip_5.mp4,25.0,250,10.0
clips/lie/00000000111000000_4_clip_50.mp4,00000000111000000_4_clip_50.mp4,25.0,250,10.0
clips/lie/00000000111000000_4_clip_51.mp4,00000000111000000_4_clip_51.mp4,25.0,250,10.0
clips/lie/00000000111000000_4_clip_52.mp4,00000000111000000_4_clip_52.mp4,25.0,250,10.0
clips/lie/00000000111000000_4_clip_53.mp4,00000000111000000_4_clip_53.mp4,25.0,250,10.0
clips/lie/00000000111000000_4_clip_54.mp4,00000000111000000_4_clip_54.mp4,25.0,250,10.0
clips/lie/00000000111000000_4_clip_55.mp4,00000000111000000_4_clip_55.mp4,25.0,250,10.0
clips/lie/00000000111000000_4_clip_56.mp4,00000000111000000_4_clip_56.mp4,25.0,250,10.0
clips/lie/00000000111000000_4_clip_57.mp4,00000000111000000_4_clip_57.mp4,25.0,250,10.0
clips/lie/00000000111000000_4_clip_58.mp4,00000000111000000_4_clip_58.mp4,25.0,250,10.0
clips/lie/00000000111000000_4_clip_59.mp4,00000000111000000_4_clip_59.mp4,25.0,250,10.0
clips/lie/00000000111000000_4_clip_6.mp4,00000000111000000_4_clip_6.mp4,25.0,250,10.0
clips/lie/00000000111000000_4_clip_60.mp4,00000000111000000_4_clip_60.mp4,25.0,250,10.0
clips/lie/00000000111000000_4_clip_61.mp4,00000000111000000_4_clip_61.mp4,25.0,250,10.0
clips/lie/00000000111000000_4_clip_62.mp4,00000000111000000_4_clip_62.mp4,25.0,250,10.0
clips/lie/00000000111000000_4_clip_63.mp4,00000000111000000_4_clip_63.mp4,25.0,250,10.0
clips/lie/00000000111000000_4_clip_64.mp4,00000000111000000_4_clip_64.mp4,25.0,250,10.0
clips/lie/00000000111000000_4_clip_65.mp4,00000000111000000_4_clip_65.mp4,25.0,250,10.0
clips/lie/00000000111000000_4_clip_66.mp4,00000000111000000_4_clip_66.mp4,25.0,250,10.0
clips/lie/00000000111000000_4_clip_67.mp4,00000000111000000_4_clip_67.mp4,25.0,250,10.0
clips/lie/00000000111000000_4_clip_68.mp4,00000000111000000_4_clip_68.mp4,25.0,250,10.0
clips/lie/00000000111000000_4_clip_69.mp4,00000000111000000_4_clip_69.mp4,25.0,250,10.0
clips/lie/00000000111000000_4_clip_7.mp4,00000000111000000_4_clip_7.mp4,25.0,250,10.0
clips/lie/00000000111000000_4_clip_70.mp4,00000000111000000_4_clip_70.mp4,25.0,250,10.0
clips/lie/00000000111000000_4_clip_71.mp4,00000000111000000_4_clip_71.mp4,25.0,250,10.0
clips/lie/00000000111000000_4_clip_72.mp4,00000000111000000_4_clip_72.mp4,25.0,250,10.0
clips/lie/00000000111000000_4_clip_73.mp4,00000000111000000_4_clip_73.mp4,25.0,250,10.0
clips/lie/00000000111000000_4_clip_74.mp4,00000000111000000_4_clip_74.mp4,25.0,250,10.0
clips/lie/00000000111000000_4_clip_75.mp4,00000000111000000_4_clip_75.mp4,25.0,250,10.0
clips/lie/00000000111000000_4_clip_76.mp4,00000000111000000_4_clip_76.mp4,25.0,250,10.0
clips/lie/00000000111000000_4_clip_77.mp4,00000000111000000_4_clip_77.mp4,25.0,250,10.0
clips/lie/00000000111000000_4_clip_78.mp4,00000000111000000_4_clip_78.mp4,25.0,250,10.0
clips/lie/00000000111000000_4_clip_79.mp4,00000000111000000_4_clip_79.mp4,25.0,250,10.0
clips/lie/00000000111000000_4_clip_8.mp4,00000000111000000_4_clip_8.mp4,25.0,250,10.0
clips/lie/00000000111000000_4_clip_80.mp4,00000000111000000_4_clip_80.mp4,25.0,250,10.0
clips/lie/00000000111000000_4_clip_81.mp4,00000000111000000_4_clip_81.mp4,25.0,250,10.0
clips/lie/00000000111000000_4_clip_82.mp4,00000000111000000_4_clip_82.mp4,25.0,250,10.0
clips/lie/00000000111000000_4_clip_83.mp4,00000000111000000_4_clip_83.mp4,25.0,250,10.0
clips/lie/00000000111000000_4_clip_84.mp4,00000000111000000_4_clip_84.mp4,25.0,250,10.0
clips/lie/00000000111000000_4_clip_85.mp4,00000000111000000_4_clip_85.mp4,25.0,250,10.0
clips/lie/00000000111000000_4_clip_86.mp4,00000000111000000_4_clip_86.mp4,25.0,250,10.0
clips/lie/00000000111000000_4_clip_87.mp4,00000000111000000_4_clip_87.mp4,25.0,250,10.0
clips/lie/00000000111000000_4_clip_88.mp4,00000000111000000_4_clip_88.mp4,25.0,250,10.0
clips/lie/00000000111000000_4_clip_89.mp4,00000000111000000_4_clip_89.mp4,25.0,250,10.0
clips/lie/00000000111000000_4_clip_9.mp4,00000000111000000_4_clip_9.mp4,25.0,250,10.0
clips/lie/00000000111000000_4_clip_90.mp4,00000000111000000_4_clip_90.mp4,25.0,250,10.0
clips/lie/00000000111000000_4_clip_91.mp4,00000000111000000_4_clip_91.mp4,25.0,250,10.0
clips/lie/00000000111000000_4_clip_92.mp4,00000000111000000_4_clip_92.mp4,25.0,250,10.0
clips/lie/00000000111000000_4_clip_93.mp4,00000000111000000_4_clip_93.mp4,25.0,250,10.0
clips/lie/00000000111000000_4_clip_94.mp4,00000000111000000_4_clip_94.mp4,25.0,250,10.0
clips/lie/00000000111000000_4_clip_95.mp4,00000000111000000_4_clip_95.mp4,25.0,250,10.0
clips/lie/00000000111000000_4_clip_96.mp4,00000000111000000_4_clip_96.mp4,25.0,250,10.0
clips/lie/00000000111000000_4_clip_97.mp4,00000000111000000_4_clip_97.mp4,25.0,250,10.0
clips/lie/00000000111000000_4_clip_98.mp4,00000000111000000_4_clip_98.mp4,25.0,250,10.0
clips/lie/00000000111000000_4_clip_99.mp4,00000000111000000_4_clip_99.mp4,25.0,250,10.0
clips/lie/00000000111000000_7_clip_75.mp4,00000000111000000_7_clip_75.mp4,25.0,250,10.0
clips/lie/00000000111000000_7_clip_76.mp4,00000000111000000_7_clip_76.mp4,25.0,250,10.0
clips/lie/00000000111000000_7_clip_77.mp4,00000000111000000_7_clip_77.mp4,25.0,250,10.0
clips/lie/00000000111000000_7_clip_78.mp4,00000000111000000_7_clip_78.mp4,25.0,250,10.0
clips/lie/00000000111000000_7_clip_79.mp4,00000000111000000_7_clip_79.mp4,25.0,250,10.0
clips/lie/00000000111000000_7_clip_80.mp4,00000000111000000_7_clip_80.mp4,25.0,250,10.0
clips/lie/00000000111000000_7_clip_81.mp4,00000000111000000_7_clip_81.mp4,25.0,250,10.0
clips/lie/00000000111000000_7_clip_82.mp4,00000000111000000_7_clip_82.mp4,25.0,88,3.52
clips/lie/00000000111000000_8_clip_0.mp4,00000000111000000_8_clip_0.mp4,25.0,250,10.0
clips/lie/00000000111000000_8_clip_1.mp4,00000000111000000_8_clip_1.mp4,25.0,250,10.0
clips/lie/00000000111000000_8_clip_2.mp4,00000000111000000_8_clip_2.mp4,25.0,250,10.0
clips/lie/00000000111000000_8_clip_3.mp4,00000000111000000_8_clip_3.mp4,25.0,250,10.0
clips/lie/00000000111000000_8_clip_4.mp4,00000000111000000_8_clip_4.mp4,25.0,89,3.56
clips/lie/00000000165000000_102_clip_0.mp4,00000000165000000_102_clip_0.mp4,25.0,250,10.0
clips/lie/00000000165000000_102_clip_1.mp4,00000000165000000_102_clip_1.mp4,25.0,250,10.0
clips/lie/00000000165000000_102_clip_10.mp4,00000000165000000_102_clip_10.mp4,25.0,250,10.0
clips/lie/00000000165000000_102_clip_11.mp4,00000000165000000_102_clip_11.mp4,25.0,250,10.0
clips/lie/00000000165000000_102_clip_13.mp4,00000000165000000_102_clip_13.mp4,25.0,250,10.0
clips/lie/00000000165000000_102_clip_14.mp4,00000000165000000_102_clip_14.mp4,25.0,250,10.0
clips/lie/00000000165000000_102_clip_15.mp4,00000000165000000_102_clip_15.mp4,25.0,250,10.0
clips/lie/00000000165000000_102_clip_16.mp4,00000000165000000_102_clip_16.mp4,25.0,250,10.0
clips/lie/00000000165000000_102_clip_4.mp4,00000000165000000_102_clip_4.mp4,25.0,250,10.0
clips/lie/00000000165000000_102_clip_5.mp4,00000000165000000_102_clip_5.mp4,25.0,250,10.0
clips/lie/00000000165000000_102_clip_6.mp4,00000000165000000_102_clip_6.mp4,25.0,250,10.0
clips/lie/00000000165000000_102_clip_9.mp4,00000000165000000_102_clip_9.mp4,25.0,250,10.0
clips/lie/00000000165000000_1_clip_5.mp4,00000000165000000_1_clip_5.mp4,25.0,250,10.0
clips/lie/00000000165000000_1_clip_6.mp4,00000000165000000_1_clip_6.mp4,25.0,250,10.0
clips/lie/00000000165000000_1_clip_7.mp4,00000000165000000_1_clip_7.mp4,25.0,250,10.0
clips/lie/00000000165000000_1_clip_8.mp4,00000000165000000_1_clip_8.mp4,25.0,250,10.0
clips/lie/00000000165000000_1_clip_9.mp4,00000000165000000_1_clip_9.mp4,25.0,65,2.6
clips/lie/00000000165000000_22_clip_0.mp4,00000000165000000_22_clip_0.mp4,25.0,250,10.0
clips/lie/00000000165000000_29_clip_11.mp4,00000000165000000_29_clip_11.mp4,25.0,250,10.0
clips/lie/00000000165000000_29_clip_12.mp4,00000000165000000_29_clip_12.mp4,25.0,250,10.0
clips/lie/00000000165000000_29_clip_13.mp4,00000000165000000_29_clip_13.mp4,25.0,44,1.76
clips/lie/00000000165000000_2_clip_0.mp4,00000000165000000_2_clip_0.mp4,25.0,250,10.0
clips/lie/00000000165000000_2_clip_1.mp4,00000000165000000_2_clip_1.mp4,25.0,250,10.0
clips/lie/00000000165000000_2_clip_2.mp4,00000000165000000_2_clip_2.mp4,25.0,250,10.0
clips/lie/00000000165000000_2_clip_3.mp4,00000000165000000_2_clip_3.mp4,25.0,250,10.0
clips/lie/00000000165000000_2_clip_4.mp4,00000000165000000_2_clip_4.mp4,25.0,250,10.0
clips/lie/00000000165000000_40_clip_0.mp4,00000000165000000_40_clip_0.mp4,25.0,250,10.0
clips/lie/00000000165000000_45_clip_0.mp4,00000000165000000_45_clip_0.mp4,25.0,250,10.0
clips/lie/00000000165000000_45_clip_1.mp4,00000000165000000_45_clip_1.mp4,25.0,250,10.0
clips/lie/00000000165000000_45_clip_2.mp4,00000000165000000_45_clip_2.mp4,25.0,250,10.0
clips/lie/00000000165000000_45_clip_3.mp4,00000000165000000_45_clip_3.mp4,25.0,250,10.0
clips/lie/00000000165000000_45_clip_4.mp4,00000000165000000_45_clip_4.mp4,25.0,250,10.0
clips/lie/00000000165000000_45_clip_41.mp4,00000000165000000_45_clip_41.mp4,25.0,250,10.0
clips/lie/00000000165000000_45_clip_42.mp4,00000000165000000_45_clip_42.mp4,25.0,250,10.0
clips/lie/00000000165000000_45_clip_43.mp4,00000000165000000_45_clip_43.mp4,25.0,250,10.0
clips/lie/00000000165000000_45_clip_44.mp4,00000000165000000_45_clip_44.mp4,25.0,250,10.0
clips/lie/00000000165000000_45_clip_45.mp4,00000000165000000_45_clip_45.mp4,25.0,250,10.0
clips/lie/00000000165000000_45_clip_46.mp4,00000000165000000_45_clip_46.mp4,25.0,250,10.0
clips/lie/00000000165000000_45_clip_47.mp4,00000000165000000_45_clip_47.mp4,25.0,250,10.0
clips/lie/00000000165000000_45_clip_48.mp4,00000000165000000_45_clip_48.mp4,25.0,250,10.0
clips/lie/00000000165000000_45_clip_49.mp4,00000000165000000_45_clip_49.mp4,25.0,250,10.0
clips/lie/00000000165000000_45_clip_5.mp4,00000000165000000_45_clip_5.mp4,25.0,250,10.0
clips/lie/00000000165000000_45_clip_50.mp4,00000000165000000_45_clip_50.mp4,25.0,250,10.0
clips/lie/00000000165000000_45_clip_51.mp4,00000000165000000_45_clip_51.mp4,25.0,250,10.0
clips/lie/00000000165000000_45_clip_52.mp4,00000000165000000_45_clip_52.mp4,25.0,250,10.0
clips/lie/00000000165000000_45_clip_53.mp4,00000000165000000_45_clip_53.mp4,25.0,250,10.0
clips/lie/00000000165000000_45_clip_54.mp4,00000000165000000_45_clip_54.mp4,25.0,250,10.0
clips/lie/00000000165000000_45_clip_55.mp4,00000000165000000_45_clip_55.mp4,25.0,250,10.0
clips/lie/00000000165000000_45_clip_56.mp4,00000000165000000_45_clip_56.mp4,25.0,250,10.0
clips/lie/00000000165000000_45_clip_57.mp4,00000000165000000_45_clip_57.mp4,25.0,250,10.0
clips/lie/00000000165000000_45_clip_58.mp4,00000000165000000_45_clip_58.mp4,25.0,250,10.0
clips/lie/00000000165000000_45_clip_59.mp4,00000000165000000_45_clip_59.mp4,25.0,250,10.0
clips/lie/00000000165000000_45_clip_60.mp4,00000000165000000_45_clip_60.mp4,25.0,250,10.0
clips/lie/00000000165000000_45_clip_61.mp4,00000000165000000_45_clip_61.mp4,25.0,250,10.0
clips/lie/00000000165000000_45_clip_62.mp4,00000000165000000_45_clip_62.mp4,25.0,250,10.0
clips/lie/00000000165000000_45_clip_63.mp4,00000000165000000_45_clip_63.mp4,25.0,250,10.0
clips/lie/00000000165000000_45_clip_64.mp4,00000000165000000_45_clip_64.mp4,25.0,250,10.0
clips/lie/00000000165000000_45_clip_65.mp4,00000000165000000_45_clip_65.mp4,25.0,250,10.0
clips/lie/00000000165000000_45_clip_66.mp4,00000000165000000_45_clip_66.mp4,25.0,250,10.0
clips/lie/00000000165000000_45_clip_67.mp4,00000000165000000_45_clip_67.mp4,25.0,250,10.0
clips/lie/00000000165000000_45_clip_68.mp4,00000000165000000_45_clip_68.mp4,25.0,250,10.0
clips/lie/00000000165000000_45_clip_69.mp4,00000000165000000_45_clip_69.mp4,25.0,250,10.0
clips/lie/00000000165000000_45_clip_70.mp4,00000000165000000_45_clip_70.mp4,25.0,250,10.0
clips/lie/00000000165000000_45_clip_71.mp4,00000000165000000_45_clip_71.mp4,25.0,250,10.0
clips/lie/00000000165000000_45_clip_72.mp4,00000000165000000_45_clip_72.mp4,25.0,250,10.0
clips/lie/00000000165000000_45_clip_73.mp4,00000000165000000_45_clip_73.mp4,25.0,250,10.0
clips/lie/00000000165000000_45_clip_74.mp4,00000000165000000_45_clip_74.mp4,25.0,250,10.0
clips/lie/00000000165000000_45_clip_75.mp4,00000000165000000_45_clip_75.mp4,25.0,250,10.0
clips/lie/00000000165000000_45_clip_76.mp4,00000000165000000_45_clip_76.mp4,25.0,250,10.0
clips/lie/00000000165000000_45_clip_77.mp4,00000000165000000_45_clip_77.mp4,25.0,250,10.0
clips/lie/00000000165000000_45_clip_78.mp4,00000000165000000_45_clip_78.mp4,25.0,250,10.0
clips/lie/00000000165000000_45_clip_79.mp4,00000000165000000_45_clip_79.mp4,25.0,250,10.0
clips/lie/00000000165000000_45_clip_80.mp4,00000000165000000_45_clip_80.mp4,25.0,250,10.0
clips/lie/00000000165000000_45_clip_81.mp4,00000000165000000_45_clip_81.mp4,25.0,250,10.0
clips/lie/00000000165000000_45_clip_82.mp4,00000000165000000_45_clip_82.mp4,25.0,250,10.0
clips/lie/00000000165000000_45_clip_83.mp4,00000000165000000_45_clip_83.mp4,25.0,250,10.0
clips/lie/00000000165000000_45_clip_84.mp4,00000000165000000_45_clip_84.mp4,25.0,49,1.96
clips/lie/00000000165000000_47_clip_22.mp4,00000000165000000_47_clip_22.mp4,25.0,250,10.0
clips/lie/00000000165000000_47_clip_23.mp4,00000000165000000_47_clip_23.mp4,25.0,250,10.0
clips/lie/00000000165000000_47_clip_24.mp4,00000000165000000_47_clip_24.mp4,25.0,218,8.72
clips/lie/00000000165000000_4_clip_0.mp4,00000000165000000_4_clip_0.mp4,25.0,250,10.0
clips/lie/00000000165000000_4_clip_1.mp4,00000000165000000_4_clip_1.mp4,25.0,250,10.0
clips/lie/00000000165000000_4_clip_10.mp4,00000000165000000_4_clip_10.mp4,25.0,250,10.0
clips/lie/00000000165000000_4_clip_11.mp4,00000000165000000_4_clip_11.mp4,25.0,250,10.0
clips/lie/00000000165000000_4_clip_12.mp4,00000000165000000_4_clip_12.mp4,25.0,250,10.0
clips/lie/00000000165000000_4_clip_13.mp4,00000000165000000_4_clip_13.mp4,25.0,250,10.0
clips/lie/00000000165000000_4_clip_14.mp4,00000000165000000_4_clip_14.mp4,25.0,250,10.0
clips/lie/00000000165000000_4_clip_15.mp4,00000000165000000_4_clip_15.mp4,25.0,250,10.0
clips/lie/00000000165000000_4_clip_16.mp4,00000000165000000_4_clip_16.mp4,25.0,250,10.0
clips/lie/00000000165000000_4_clip_17.mp4,00000000165000000_4_clip_17.mp4,25.0,250,10.0
clips/lie/00000000165000000_4_clip_18.mp4,00000000165000000_4_clip_18.mp4,25.0,250,10.0
clips/lie/00000000165000000_4_clip_19.mp4,00000000165000000_4_clip_19.mp4,25.0,250,10.0
clips/lie/00000000165000000_4_clip_2.mp4,00000000165000000_4_clip_2.mp4,25.0,250,10.0
clips/lie/00000000165000000_4_clip_20.mp4,00000000165000000_4_clip_20.mp4,25.0,250,10.0
clips/lie/00000000165000000_4_clip_21.mp4,00000000165000000_4_clip_21.mp4,25.0,250,10.0
clips/lie/00000000165000000_4_clip_22.mp4,00000000165000000_4_clip_22.mp4,25.0,250,10.0
clips/lie/00000000165000000_4_clip_23.mp4,00000000165000000_4_clip_23.mp4,25.0,250,10.0
clips/lie/00000000165000000_4_clip_24.mp4,00000000165000000_4_clip_24.mp4,25.0,250,10.0
clips/lie/00000000165000000_4_clip_25.mp4,00000000165000000_4_clip_25.mp4,25.0,250,10.0
clips/lie/00000000165000000_4_clip_26.mp4,00000000165000000_4_clip_26.mp4,25.0,250,10.0
clips/lie/00000000165000000_4_clip_27.mp4,00000000165000000_4_clip_27.mp4,25.0,250,10.0
clips/lie/00000000165000000_4_clip_28.mp4,00000000165000000_4_clip_28.mp4,25.0,250,10.0
clips/lie/00000000165000000_4_clip_29.mp4,00000000165000000_4_clip_29.mp4,25.0,250,10.0
clips/lie/00000000165000000_4_clip_3.mp4,00000000165000000_4_clip_3.mp4,25.0,250,10.0
clips/lie/00000000165000000_4_clip_30.mp4,00000000165000000_4_clip_30.mp4,25.0,250,10.0
clips/lie/00000000165000000_4_clip_31.mp4,00000000165000000_4_clip_31.mp4,25.0,250,10.0
clips/lie/00000000165000000_4_clip_32.mp4,00000000165000000_4_clip_32.mp4,25.0,250,10.0
clips/lie/00000000165000000_4_clip_33.mp4,00000000165000000_4_clip_33.mp4,25.0,250,10.0
clips/lie/00000000165000000_4_clip_34.mp4,00000000165000000_4_clip_34.mp4,25.0,250,10.0
clips/lie/00000000165000000_4_clip_35.mp4,00000000165000000_4_clip_35.mp4,25.0,250,10.0
clips/lie/00000000165000000_4_clip_36.mp4,00000000165000000_4_clip_36.mp4,25.0,50,2.0
clips/lie/00000000165000000_4_clip_4.mp4,00000000165000000_4_clip_4.mp4,25.0,250,10.0
clips/lie/00000000165000000_4_clip_5.mp4,00000000165000000_4_clip_5.mp4,25.0,250,10.0
clips/lie/00000000165000000_4_clip_6.mp4,00000000165000000_4_clip_6.mp4,25.0,250,10.0
clips/lie/00000000165000000_4_clip_7.mp4,00000000165000000_4_clip_7.mp4,25.0,250,10.0
clips/lie/00000000165000000_4_clip_8.mp4,00000000165000000_4_clip_8.mp4,25.0,250,10.0
clips/lie/00000000165000000_4_clip_9.mp4,00000000165000000_4_clip_9.mp4,25.0,250,10.0
clips/lie/00000000165000000_56_clip_24.mp4,00000000165000000_56_clip_24.mp4,25.0,250,10.0
clips/lie/00000000165000000_56_clip_26.mp4,00000000165000000_56_clip_26.mp4,25.0,250,10.0
clips/lie/00000000165000000_56_clip_27.mp4,00000000165000000_56_clip_27.mp4,25.0,250,10.0
clips/lie/00000000165000000_56_clip_28.mp4,00000000165000000_56_clip_28.mp4,25.0,250,10.0
clips/lie/00000000165000000_56_clip_29.mp4,00000000165000000_56_clip_29.mp4,25.0,250,10.0
clips/lie/00000000165000000_56_clip_43.mp4,00000000165000000_56_clip_43.mp4,25.0,250,10.0
clips/lie/00000000165000000_56_clip_44.mp4,00000000165000000_56_clip_44.mp4,25.0,250,10.0
clips/lie/00000000165000000_56_clip_45.mp4,00000000165000000_56_clip_45.mp4,25.0,250,10.0
clips/lie/00000000165000000_56_clip_46.mp4,00000000165000000_56_clip_46.mp4,25.0,250,10.0
clips/lie/00000000165000000_56_clip_47.mp4,00000000165000000_56_clip_47.mp4,25.0,250,10.0
clips/lie/00000000165000000_56_clip_48.mp4,00000000165000000_56_clip_48.mp4,25.0,250,10.0
clips/lie/00000000165000000_56_clip_49.mp4,00000000165000000_56_clip_49.mp4,25.0,250,10.0
clips/lie/00000000165000000_56_clip_50.mp4,00000000165000000_56_clip_50.mp4,25.0,250,10.0
clips/lie/00000000165000000_56_clip_51.mp4,00000000165000000_56_clip_51.mp4,25.0,250,10.0
clips/lie/00000000165000000_56_clip_52.mp4,00000000165000000_56_clip_52.mp4,25.0,250,10.0
clips/lie/00000000165000000_56_clip_53.mp4,00000000165000000_56_clip_53.mp4,25.0,250,10.0
clips/lie/00000000165000000_56_clip_54.mp4,00000000165000000_56_clip_54.mp4,25.0,250,10.0
clips/lie/00000000165000000_56_clip_55.mp4,00000000165000000_56_clip_55.mp4,25.0,250,10.0
clips/lie/00000000165000000_56_clip_56.mp4,00000000165000000_56_clip_56.mp4,25.0,250,10.0
clips/lie/00000000165000000_56_clip_57.mp4,00000000165000000_56_clip_57.mp4,25.0,250,10.0
clips/lie/00000000165000000_56_clip_58.mp4,00000000165000000_56_clip_58.mp4,25.0,250,10.0
clips/lie/00000000165000000_56_clip_59.mp4,00000000165000000_56_clip_59.mp4,25.0,250,10.0
clips/lie/00000000165000000_56_clip_60.mp4,00000000165000000_56_clip_60.mp4,25.0,250,10.0
clips/lie/00000000165000000_56_clip_61.mp4,00000000165000000_56_clip_61.mp4,25.0,250,10.0
clips/lie/00000000165000000_56_clip_62.mp4,00000000165000000_56_clip_62.mp4,25.0,250,10.0
clips/lie/00000000165000000_56_clip_63.mp4,00000000165000000_56_clip_63.mp4,25.0,250,10.0
clips/lie/00000000165000000_56_clip_64.mp4,00000000165000000_56_clip_64.mp4,25.0,250,10.0
clips/lie/00000000165000000_56_clip_65.mp4,00000000165000000_56_clip_65.mp4,25.0,250,10.0
clips/lie/00000000165000000_56_clip_66.mp4,00000000165000000_56_clip_66.mp4,25.0,250,10.0
clips/lie/00000000165000000_56_clip_67.mp4,00000000165000000_56_clip_67.mp4,25.0,250,10.0
clips/lie/00000000165000000_56_clip_68.mp4,00000000165000000_56_clip_68.mp4,25.0,250,10.0
clips/lie/00000000165000000_56_clip_69.mp4,00000000165000000_56_clip_69.mp4,25.0,250,10.0
clips/lie/00000000165000000_56_clip_70.mp4,00000000165000000_56_clip_70.mp4,25.0,250,10.0
clips/lie/00000000165000000_56_clip_71.mp4,00000000165000000_56_clip_71.mp4,25.0,237,9.48
clips/lie/00000000165000000_6_clip_0.mp4,00000000165000000_6_clip_0.mp4,25.0,250,10.0
clips/lie/00000000165000000_6_clip_1.mp4,00000000165000000_6_clip_1.mp4,25.0,250,10.0
clips/lie/00000000165000000_6_clip_10.mp4,00000000165000000_6_clip_10.mp4,25.0,250,10.0
clips/lie/00000000165000000_6_clip_11.mp4,00000000165000000_6_clip_11.mp4,25.0,250,10.0
clips/lie/00000000165000000_6_clip_12.mp4,00000000165000000_6_clip_12.mp4,25.0,250,10.0
clips/lie/00000000165000000_6_clip_13.mp4,00000000165000000_6_clip_13.mp4,25.0,250,10.0
clips/lie/00000000165000000_6_clip_14.mp4,00000000165000000_6_clip_14.mp4,25.0,250,10.0
clips/lie/00000000165000000_6_clip_15.mp4,00000000165000000_6_clip_15.mp4,25.0,250,10.0
clips/lie/00000000165000000_6_clip_16.mp4,00000000165000000_6_clip_16.mp4,25.0,250,10.0
clips/lie/00000000165000000_6_clip_17.mp4,00000000165000000_6_clip_17.mp4,25.0,250,10.0
clips/lie/00000000165000000_6_clip_2.mp4,00000000165000000_6_clip_2.mp4,25.0,250,10.0
clips/lie/00000000165000000_6_clip_3.mp4,00000000165000000_6_clip_3.mp4,25.0,250,10.0
clips/lie/00000000165000000_6_clip_4.mp4,00000000165000000_6_clip_4.mp4,25.0,250,10.0
clips/lie/00000000165000000_6_clip_5.mp4,00000000165000000_6_clip_5.mp4,25.0,250,10.0
clips/lie/00000000165000000_6_clip_6.mp4,00000000165000000_6_clip_6.mp4,25.0,250,10.0
clips/lie/00000000165000000_6_clip_7.mp4,00000000165000000_6_clip_7.mp4,25.0,250,10.0
clips/lie/00000000165000000_6_clip_8.mp4,00000000165000000_6_clip_8.mp4,25.0,250,10.0
clips/lie/00000000165000000_6_clip_9.mp4,00000000165000000_6_clip_9.mp4,25.0,250,10.0
clips/lie/00000000165000000_7_clip_32.mp4,00000000165000000_7_clip_32.mp4,25.0,250,10.0
clips/lie/00000000165000000_7_clip_33.mp4,00000000165000000_7_clip_33.mp4,25.0,250,10.0
clips/lie/00000000165000000_7_clip_34.mp4,00000000165000000_7_clip_34.mp4,25.0,250,10.0
clips/lie/00000000165000000_7_clip_35.mp4,00000000165000000_7_clip_35.mp4,25.0,250,10.0
clips/lie/00000000165000000_7_clip_36.mp4,00000000165000000_7_clip_36.mp4,25.0,250,10.0
clips/lie/00000000165000000_7_clip_37.mp4,00000000165000000_7_clip_37.mp4,25.0,250,10.0
clips/lie/00000000165000000_7_clip_38.mp4,00000000165000000_7_clip_38.mp4,25.0,250,10.0
clips/lie/00000000165000000_7_clip_39.mp4,00000000165000000_7_clip_39.mp4,25.0,250,10.0
clips/lie/00000000165000000_7_clip_40.mp4,00000000165000000_7_clip_40.mp4,25.0,250,10.0
clips/lie/00000000165000000_7_clip_41.mp4,00000000165000000_7_clip_41.mp4,25.0,250,10.0
clips/lie/00000000165000000_88_clip_10.mp4,00000000165000000_88_clip_10.mp4,25.0,250,10.0
clips/lie/00000000165000000_88_clip_11.mp4,00000000165000000_88_clip_11.mp4,25.0,250,10.0
clips/lie/00000000165000000_88_clip_12.mp4,00000000165000000_88_clip_12.mp4,25.0,250,10.0
clips/lie/00000000165000000_88_clip_13.mp4,00000000165000000_88_clip_13.mp4,25.0,250,10.0
clips/lie/00000000165000000_88_clip_14.mp4,00000000165000000_88_clip_14.mp4,25.0,24,0.96
clips/lie/00000000165000000_88_clip_5.mp4,00000000165000000_88_clip_5.mp4,25.0,250,10.0
clips/lie/00000000165000000_88_clip_6.mp4,00000000165000000_88_clip_6.mp4,25.0,250,10.0
clips/lie/00000000165000000_88_clip_7.mp4,00000000165000000_88_clip_7.mp4,25.0,250,10.0
clips/lie/00000000165000000_88_clip_8.mp4,00000000165000000_88_clip_8.mp4,25.0,250,10.0
clips/lie/00000000165000000_88_clip_9.mp4,00000000165000000_88_clip_9.mp4,25.0,250,10.0
clips/lie/00000000165000000_98_clip_0.mp4,00000000165000000_98_clip_0.mp4,25.0,250,10.0
clips/lie/00000000165000000_98_clip_1.mp4,00000000165000000_98_clip_1.mp4,25.0,250,10.0
clips/lie/00000000165000000_98_clip_10.mp4,00000000165000000_98_clip_10.mp4,25.0,208,8.32
clips/lie/00000000514000000_15_clip_19.mp4,00000000514000000_15_clip_19.mp4,25.0,86,3.44
clips/lie/00000000514000000_17_clip_1.mp4,00000000514000000_17_clip_1.mp4,25.0,250,10.0
clips/lie/00000000514000000_17_clip_2.mp4,00000000514000000_17_clip_2.mp4,25.0,250,10.0
clips/lie/00000000514000000_17_clip_3.mp4,00000000514000000_17_clip_3.mp4,25.0,250,10.0
clips/lie/00000000514000000_17_clip_4.mp4,00000000514000000_17_clip_4.mp4,25.0,250,10.0
clips/lie/00000000514000000_17_clip_5.mp4,00000000514000000_17_clip_5.mp4,25.0,250,10.0
clips/lie/00000000514000000_17_clip_6.mp4,00000000514000000_17_clip_6.mp4,25.0,229,9.16
clips/lie/00000000514000000_19_clip_0.mp4,00000000514000000_19_clip_0.mp4,25.0,250,10.0
clips/lie/00000000514000000_19_clip_1.mp4,00000000514000000_19_clip_1.mp4,25.0,250,10.0
clips/lie/00000000514000000_19_clip_2.mp4,00000000514000000_19_clip_2.mp4,25.0,250,10.0
clips/lie/00000000514000000_20_clip_10.mp4,00000000514000000_20_clip_10.mp4,25.0,131,5.24
clips/lie/00000000514000000_20_clip_3.mp4,00000000514000000_20_clip_3.mp4,25.0,250,10.0
clips/lie/00000000514000000_20_clip_4.mp4,00000000514000000_20_clip_4.mp4,25.0,250,10.0
clips/lie/00000000514000000_20_clip_5.mp4,00000000514000000_20_clip_5.mp4,25.0,250,10.0
clips/lie/00000000514000000_20_clip_6.mp4,00000000514000000_20_clip_6.mp4,25.0,250,10.0
clips/lie/00000000514000000_20_clip_7.mp4,00000000514000000_20_clip_7.mp4,25.0,250,10.0
clips/lie/00000000514000000_20_clip_8.mp4,00000000514000000_20_clip_8.mp4,25.0,250,10.0
clips/lie/00000000514000000_20_clip_9.mp4,00000000514000000_20_clip_9.mp4,25.0,250,10.0
clips/lie/00000000514000000_22_clip_0.mp4,00000000514000000_22_clip_0.mp4,25.0,250,10.0
clips/lie/00000000514000000_22_clip_1.mp4,00000000514000000_22_clip_1.mp4,25.0,250,10.0
clips/lie/00000000514000000_22_clip_10.mp4,00000000514000000_22_clip_10.mp4,25.0,172,6.88
clips/lie/00000000514000000_22_clip_2.mp4,00000000514000000_22_clip_2.mp4,25.0,250,10.0
clips/lie/00000000514000000_22_clip_3.mp4,00000000514000000_22_clip_3.mp4,25.0,250,10.0
clips/lie/00000000514000000_22_clip_4.mp4,00000000514000000_22_clip_4.mp4,25.0,250,10.0
clips/lie/00000000514000000_22_clip_5.mp4,00000000514000000_22_clip_5.mp4,25.0,250,10.0
clips/lie/00000000514000000_22_clip_6.mp4,00000000514000000_22_clip_6.mp4,25.0,250,10.0
clips/lie/00000000514000000_22_clip_7.mp4,00000000514000000_22_clip_7.mp4,25.0,250,10.0
clips/lie/00000000514000000_22_clip_8.mp4,00000000514000000_22_clip_8.mp4,25.0,250,10.0
clips/lie/00000000514000000_22_clip_9.mp4,00000000514000000_22_clip_9.mp4,25.0,250,10.0
clips/lie/00000000514000000_2_clip_0.mp4,00000000514000000_2_clip_0.mp4,25.0,250,10.0
clips/lie/00000000514000000_2_clip_1.mp4,00000000514000000_2_clip_1.mp4,25.0,250,10.0
clips/lie/00000000514000000_2_clip_10.mp4,00000000514000000_2_clip_10.mp4,25.0,250,10.0
clips/lie/00000000514000000_2_clip_11.mp4,00000000514000000_2_clip_11.mp4,25.0,250,10.0
clips/lie/00000000514000000_2_clip_14.mp4,00000000514000000_2_clip_14.mp4,25.0,250,10.0
clips/lie/00000000514000000_2_clip_15.mp4,00000000514000000_2_clip_15.mp4,25.0,250,10.0
clips/lie/00000000514000000_2_clip_16.mp4,00000000514000000_2_clip_16.mp4,25.0,250,10.0
clips/lie/00000000514000000_2_clip_19.mp4,00000000514000000_2_clip_19.mp4,25.0,250,10.0
clips/lie/00000000514000000_2_clip_2.mp4,00000000514000000_2_clip_2.mp4,25.0,250,10.0
clips/lie/00000000514000000_2_clip_20.mp4,00000000514000000_2_clip_20.mp4,25.0,250,10.0
clips/lie/00000000514000000_2_clip_21.mp4,00000000514000000_2_clip_21.mp4,25.0,250,10.0
clips/lie/00000000514000000_2_clip_24.mp4,00000000514000000_2_clip_24.mp4,25.0,250,10.0
clips/lie/00000000514000000_2_clip_25.mp4,00000000514000000_2_clip_25.mp4,25.0,250,10.0
clips/lie/00000000514000000_2_clip_26.mp4,00000000514000000_2_clip_26.mp4,25.0,250,10.0
clips/lie/00000000514000000_2_clip_29.mp4,00000000514000000_2_clip_29.mp4,25.0,250,10.0
clips/lie/00000000514000000_2_clip_3.mp4,00000000514000000_2_clip_3.mp4,25.0,250,10.0
clips/lie/00000000514000000_2_clip_30.mp4,00000000514000000_2_clip_30.mp4,25.0,250,10.0
clips/lie/00000000514000000_2_clip_31.mp4,00000000514000000_2_clip_31.mp4,25.0,250,10.0
clips/lie/00000000514000000_2_clip_34.mp4,00000000514000000_2_clip_34.mp4,25.0,250,10.0
clips/lie/00000000514000000_2_clip_35.mp4,00000000514000000_2_clip_35.mp4,25.0,250,10.0
clips/lie/00000000514000000_2_clip_36.mp4,00000000514000000_2_clip_36.mp4,25.0,250,10.0
clips/lie/00000000514000000_2_clip_39.mp4,00000000514000000_2_clip_39.mp4,25.0,250,10.0
clips/lie/00000000514000000_2_clip_4.mp4,00000000514000000_2_clip_4.mp4,25.0,250,10.0
clips/lie/00000000514000000_2_clip_40.mp4,00000000514000000_2_clip_40.mp4,25.0,250,10.0
clips/lie/00000000514000000_2_clip_41.mp4,00000000514000000_2_clip_41.mp4,25.0,250,10.0
clips/lie/00000000514000000_2_clip_44.mp4,00000000514000000_2_clip_44.mp4,25.0,250,10.0
clips/lie/00000000514000000_2_clip_45.mp4,00000000514000000_2_clip_45.mp4,25.0,250,10.0
clips/lie/00000000514000000_2_clip_46.mp4,00000000514000000_2_clip_46.mp4,25.0,250,10.0
clips/lie/00000000514000000_2_clip_49.mp4,00000000514000000_2_clip_49.mp4,25.0,250,10.0
clips/lie/00000000514000000_2_clip_5.mp4,00000000514000000_2_clip_5.mp4,25.0,250,10.0
clips/lie/00000000514000000_2_clip_50.mp4,00000000514000000_2_clip_50.mp4,25.0,250,10.0
clips/lie/00000000514000000_2_clip_51.mp4,00000000514000000_2_clip_51.mp4,25.0,250,10.0
clips/lie/00000000514000000_2_clip_54.mp4,00000000514000000_2_clip_54.mp4,25.0,250,10.0
clips/lie/00000000514000000_2_clip_55.mp4,00000000514000000_2_clip_55.mp4,25.0,250,10.0
clips/lie/00000000514000000_2_clip_56.mp4,00000000514000000_2_clip_56.mp4,25.0,250,10.0
clips/lie/00000000514000000_2_clip_59.mp4,00000000514000000_2_clip_59.mp4,25.0,250,10.0
clips/lie/00000000514000000_2_clip_6.mp4,00000000514000000_2_clip_6.mp4,25.0,250,10.0
clips/lie/00000000514000000_2_clip_60.mp4,00000000514000000_2_clip_60.mp4,25.0,250,10.0
clips/lie/00000000514000000_2_clip_61.mp4,00000000514000000_2_clip_61.mp4,25.0,250,10.0
clips/lie/00000000514000000_2_clip_64.mp4,00000000514000000_2_clip_64.mp4,25.0,250,10.0
clips/lie/00000000514000000_2_clip_65.mp4,00000000514000000_2_clip_65.mp4,25.0,250,10.0
clips/lie/00000000514000000_2_clip_66.mp4,00000000514000000_2_clip_66.mp4,25.0,250,10.0
clips/lie/00000000514000000_2_clip_69.mp4,00000000514000000_2_clip_69.mp4,25.0,250,10.0
clips/lie/00000000514000000_2_clip_70.mp4,00000000514000000_2_clip_70.mp4,25.0,250,10.0
clips/lie/00000000514000000_2_clip_71.mp4,00000000514000000_2_clip_71.mp4,25.0,250,10.0
clips/lie/00000000514000000_2_clip_72.mp4,00000000514000000_2_clip_72.mp4,25.0,250,10.0
clips/lie/00000000514000000_2_clip_73.mp4,00000000514000000_2_clip_73.mp4,25.0,250,10.0
clips/lie/00000000514000000_2_clip_74.mp4,00000000514000000_2_clip_74.mp4,25.0,250,10.0
clips/lie/00000000514000000_2_clip_75.mp4,00000000514000000_2_clip_75.mp4,25.0,250,10.0
clips/lie/00000000514000000_2_clip_76.mp4,00000000514000000_2_clip_76.mp4,25.0,250,10.0
clips/lie/00000000514000000_2_clip_77.mp4,00000000514000000_2_clip_77.mp4,25.0,250,10.0
clips/lie/00000000514000000_2_clip_78.mp4,00000000514000000_2_clip_78.mp4,25.0,250,10.0
clips/lie/00000000514000000_2_clip_79.mp4,00000000514000000_2_clip_79.mp4,25.0,250,10.0
clips/lie/00000000514000000_2_clip_80.mp4,00000000514000000_2_clip_80.mp4,25.0,250,10.0
clips/lie/00000000514000000_2_clip_81.mp4,00000000514000000_2_clip_81.mp4,25.0,250,10.0
clips/lie/00000000514000000_2_clip_82.mp4,00000000514000000_2_clip_82.mp4,25.0,250,10.0
clips/lie/00000000514000000_2_clip_83.mp4,00000000514000000_2_clip_83.mp4,25.0,250,10.0
clips/lie/00000000514000000_2_clip_84.mp4,00000000514000000_2_clip_84.mp4,25.0,98,3.92
clips/lie/00000000514000000_2_clip_9.mp4,00000000514000000_2_clip_9.mp4,25.0,250,10.0
clips/lie/00000000514000000_3_clip_0.mp4,00000000514000000_3_clip_0.mp4,25.0,250,10.0
clips/lie/00000000514000000_3_clip_1.mp4,00000000514000000_3_clip_1.mp4,25.0,250,10.0
clips/lie/00000000514000000_3_clip_10.mp4,00000000514000000_3_clip_10.mp4,25.0,250,10.0
clips/lie/00000000514000000_3_clip_11.mp4,00000000514000000_3_clip_11.mp4,25.0,250,10.0
clips/lie/00000000514000000_3_clip_115.mp4,00000000514000000_3_clip_115.mp4,25.0,250,10.0
clips/lie/00000000514000000_3_clip_116.mp4,00000000514000000_3_clip_116.mp4,25.0,250,10.0
clips/lie/00000000514000000_3_clip_117.mp4,00000000514000000_3_clip_117.mp4,25.0,250,10.0
clips/lie/00000000514000000_3_clip_118.mp4,00000000514000000_3_clip_118.mp4,25.0,250,10.0
clips/lie/00000000514000000_3_clip_119.mp4,00000000514000000_3_clip_119.mp4,25.0,250,10.0
clips/lie/00000000514000000_3_clip_12.mp4,00000000514000000_3_clip_12.mp4,25.0,250,10.0
clips/lie/00000000514000000_3_clip_120.mp4,00000000514000000_3_clip_120.mp4,25.0,250,10.0
clips/lie/00000000514000000_3_clip_121.mp4,00000000514000000_3_clip_121.mp4,25.0,250,10.0
clips/lie/00000000514000000_3_clip_122.mp4,00000000514000000_3_clip_122.mp4,25.0,250,10.0
clips/lie/00000000514000000_3_clip_123.mp4,00000000514000000_3_clip_123.mp4,25.0,250,10.0
clips/lie/00000000514000000_3_clip_124.mp4,00000000514000000_3_clip_124.mp4,25.0,250,10.0
clips/lie/00000000514000000_3_clip_125.mp4,00000000514000000_3_clip_125.mp4,25.0,168,6.72
clips/lie/00000000514000000_3_clip_13.mp4,00000000514000000_3_clip_13.mp4,25.0,250,10.0
clips/lie/00000000514000000_3_clip_14.mp4,00000000514000000_3_clip_14.mp4,25.0,250,10.0
clips/lie/00000000514000000_3_clip_15.mp4,00000000514000000_3_clip_15.mp4,25.0,250,10.0
clips/lie/00000000514000000_3_clip_16.mp4,00000000514000000_3_clip_16.mp4,25.0,250,10.0
clips/lie/00000000514000000_3_clip_17.mp4,00000000514000000_3_clip_17.mp4,25.0,250,10.0
clips/lie/00000000514000000_3_clip_18.mp4,00000000514000000_3_clip_18.mp4,25.0,250,10.0
clips/lie/00000000514000000_3_clip_19.mp4,00000000514000000_3_clip_19.mp4,25.0,250,10.0
clips/lie/00000000514000000_3_clip_2.mp4,00000000514000000_3_clip_2.mp4,25.0,250,10.0
clips/lie/00000000514000000_3_clip_20.mp4,00000000514000000_3_clip_20.mp4,25.0,250,10.0
clips/lie/00000000514000000_3_clip_21.mp4,00000000514000000_3_clip_21.mp4,25.0,250,10.0
clips/lie/00000000514000000_3_clip_22.mp4,00000000514000000_3_clip_22.mp4,25.0,250,10.0
clips/lie/00000000514000000_3_clip_23.mp4,00000000514000000_3_clip_23.mp4,25.0,250,10.0
clips/lie/00000000514000000_3_clip_24.mp4,00000000514000000_3_clip_24.mp4,25.0,250,10.0
clips/lie/00000000514000000_3_clip_25.mp4,00000000514000000_3_clip_25.mp4,25.0,250,10.0
clips/lie/00000000514000000_3_clip_26.mp4,00000000514000000_3_clip_26.mp4,25.0,250,10.0
clips/lie/00000000514000000_3_clip_27.mp4,00000000514000000_3_clip_27.mp4,25.0,250,10.0
clips/lie/00000000514000000_3_clip_28.mp4,00000000514000000_3_clip_28.mp4,25.0,250,10.0
clips/lie/00000000514000000_3_clip_29.mp4,00000000514000000_3_clip_29.mp4,25.0,250,10.0
clips/lie/00000000514000000_3_clip_3.mp4,00000000514000000_3_clip_3.mp4,25.0,250,10.0
clips/lie/00000000514000000_3_clip_30.mp4,00000000514000000_3_clip_30.mp4,25.0,250,10.0
clips/lie/00000000514000000_3_clip_31.mp4,00000000514000000_3_clip_31.mp4,25.0,250,10.0
clips/lie/00000000514000000_3_clip_32.mp4,00000000514000000_3_clip_32.mp4,25.0,250,10.0
clips/lie/00000000514000000_3_clip_33.mp4,00000000514000000_3_clip_33.mp4,25.0,250,10.0
clips/lie/00000000514000000_3_clip_34.mp4,00000000514000000_3_clip_34.mp4,25.0,250,10.0
clips/lie/00000000514000000_3_clip_35.mp4,00000000514000000_3_clip_35.mp4,25.0,250,10.0
clips/lie/00000000514000000_3_clip_36.mp4,00000000514000000_3_clip_36.mp4,25.0,250,10.0
clips/lie/00000000514000000_3_clip_37.mp4,00000000514000000_3_clip_37.mp4,25.0,250,10.0
clips/lie/00000000514000000_3_clip_38.mp4,00000000514000000_3_clip_38.mp4,25.0,250,10.0
clips/lie/00000000514000000_3_clip_39.mp4,00000000514000000_3_clip_39.mp4,25.0,250,10.0
clips/lie/00000000514000000_3_clip_4.mp4,00000000514000000_3_clip_4.mp4,25.0,250,10.0
clips/lie/00000000514000000_3_clip_40.mp4,00000000514000000_3_clip_40.mp4,25.0,250,10.0
clips/lie/00000000514000000_3_clip_41.mp4,00000000514000000_3_clip_41.mp4,25.0,250,10.0
clips/lie/00000000514000000_3_clip_42.mp4,00000000514000000_3_clip_42.mp4,25.0,250,10.0
clips/lie/00000000514000000_3_clip_43.mp4,00000000514000000_3_clip_43.mp4,25.0,250,10.0
clips/lie/00000000514000000_3_clip_44.mp4,00000000514000000_3_clip_44.mp4,25.0,250,10.0
clips/lie/00000000514000000_3_clip_45.mp4,00000000514000000_3_clip_45.mp4,25.0,250,10.0
clips/lie/00000000514000000_3_clip_46.mp4,00000000514000000_3_clip_46.mp4,25.0,250,10.0
clips/lie/00000000514000000_3_clip_47.mp4,00000000514000000_3_clip_47.mp4,25.0,250,10.0
clips/lie/00000000514000000_3_clip_48.mp4,00000000514000000_3_clip_48.mp4,25.0,250,10.0
clips/lie/00000000514000000_3_clip_49.mp4,00000000514000000_3_clip_49.mp4,25.0,250,10.0
clips/lie/00000000514000000_3_clip_5.mp4,00000000514000000_3_clip_5.mp4,25.0,250,10.0
clips/lie/00000000514000000_3_clip_50.mp4,00000000514000000_3_clip_50.mp4,25.0,250,10.0
clips/lie/00000000514000000_3_clip_51.mp4,00000000514000000_3_clip_51.mp4,25.0,250,10.0
clips/lie/00000000514000000_3_clip_52.mp4,00000000514000000_3_clip_52.mp4,25.0,250,10.0
clips/lie/00000000514000000_3_clip_53.mp4,00000000514000000_3_clip_53.mp4,25.0,250,10.0
clips/lie/00000000514000000_3_clip_54.mp4,00000000514000000_3_clip_54.mp4,25.0,250,10.0
clips/lie/00000000514000000_3_clip_55.mp4,00000000514000000_3_clip_55.mp4,25.0,250,10.0
clips/lie/00000000514000000_3_clip_56.mp4,00000000514000000_3_clip_56.mp4,25.0,250,10.0
clips/lie/00000000514000000_3_clip_57.mp4,00000000514000000_3_clip_57.mp4,25.0,250,10.0
clips/lie/00000000514000000_3_clip_58.mp4,00000000514000000_3_clip_58.mp4,25.0,250,10.0
clips/lie/00000000514000000_3_clip_59.mp4,00000000514000000_3_clip_59.mp4,25.0,250,10.0
clips/lie/00000000514000000_3_clip_6.mp4,00000000514000000_3_clip_6.mp4,25.0,250,10.0
clips/lie/00000000514000000_3_clip_60.mp4,00000000514000000_3_clip_60.mp4,25.0,250,10.0
clips/lie/00000000514000000_3_clip_61.mp4,00000000514000000_3_clip_61.mp4,25.0,250,10.0
clips/lie/00000000514000000_3_clip_62.mp4,00000000514000000_3_clip_62.mp4,25.0,250,10.0
clips/lie/00000000514000000_3_clip_63.mp4,00000000514000000_3_clip_63.mp4,25.0,250,10.0
clips/lie/00000000514000000_3_clip_64.mp4,00000000514000000_3_clip_64.mp4,25.0,250,10.0
clips/lie/00000000514000000_3_clip_65.mp4,00000000514000000_3_clip_65.mp4,25.0,250,10.0
clips/lie/00000000514000000_3_clip_66.mp4,00000000514000000_3_clip_66.mp4,25.0,250,10.0
clips/lie/00000000514000000_3_clip_67.mp4,00000000514000000_3_clip_67.mp4,25.0,250,10.0
clips/lie/00000000514000000_3_clip_7.mp4,00000000514000000_3_clip_7.mp4,25.0,250,10.0
clips/lie/00000000514000000_3_clip_8.mp4,00000000514000000_3_clip_8.mp4,25.0,250,10.0
clips/lie/00000000514000000_3_clip_9.mp4,00000000514000000_3_clip_9.mp4,25.0,250,10.0
clips/lie/00000000514000000_73_clip_0.mp4,00000000514000000_73_clip_0.mp4,25.0,250,10.0
clips/lie/00000000514000000_73_clip_1.mp4,00000000514000000_73_clip_1.mp4,25.0,250,10.0
clips/lie/00000000514000000_73_clip_2.mp4,00000000514000000_73_clip_2.mp4,25.0,250,10.0
clips/lie/00000000514000000_73_clip_3.mp4,00000000514000000_73_clip_3.mp4,25.0,250,10.0
clips/lie/00000000514000000_73_clip_4.mp4,00000000514000000_73_clip_4.mp4,25.0,250,10.0
clips/lie/00000000514000000_73_clip_5.mp4,00000000514000000_73_clip_5.mp4,25.0,250,10.0
clips/lie/00000000514000000_73_clip_6.mp4,00000000514000000_73_clip_6.mp4,25.0,250,10.0
clips/lie/00000000514000000_73_clip_7.mp4,00000000514000000_73_clip_7.mp4,25.0,250,10.0
clips/lie/00000000514000000_73_clip_8.mp4,00000000514000000_73_clip_8.mp4,25.0,216,8.64
clips/lie/00000000514000000_74_clip_0.mp4,00000000514000000_74_clip_0.mp4,25.0,250,10.0
clips/lie/00000000514000000_74_clip_1.mp4,00000000514000000_74_clip_1.mp4,25.0,250,10.0
clips/lie/00000000514000000_74_clip_10.mp4,00000000514000000_74_clip_10.mp4,25.0,34,1.36
clips/lie/00000000514000000_74_clip_2.mp4,00000000514000000_74_clip_2.mp4,25.0,250,10.0
clips/lie/00000000514000000_74_clip_3.mp4,00000000514000000_74_clip_3.mp4,25.0,250,10.0
clips/lie/00000000514000000_74_clip_4.mp4,00000000514000000_74_clip_4.mp4,25.0,250,10.0
clips/lie/00000000514000000_74_clip_5.mp4,00000000514000000_74_clip_5.mp4,25.0,250,10.0
clips/lie/00000000514000000_74_clip_6.mp4,00000000514000000_74_clip_6.mp4,25.0,250,10.0
clips/lie/00000000514000000_74_clip_7.mp4,00000000514000000_74_clip_7.mp4,25.0,250,10.0
clips/lie/00000000514000000_74_clip_8.mp4,00000000514000000_74_clip_8.mp4,25.0,250,10.0
clips/lie/00000000514000000_74_clip_9.mp4,00000000514000000_74_clip_9.mp4,25.0,250,10.0
clips/lie/00000000514000000_7_clip_0.mp4,00000000514000000_7_clip_0.mp4,25.0,250,10.0
clips/lie/00000000514000000_7_clip_1.mp4,00000000514000000_7_clip_1.mp4,25.0,250,10.0
clips/lie/00000000514000000_7_clip_10.mp4,00000000514000000_7_clip_10.mp4,25.0,250,10.0
clips/lie/00000000514000000_7_clip_2.mp4,00000000514000000_7_clip_2.mp4,25.0,250,10.0
clips/lie/00000000514000000_7_clip_3.mp4,00000000514000000_7_clip_3.mp4,25.0,250,10.0
clips/lie/00000000514000000_7_clip_4.mp4,00000000514000000_7_clip_4.mp4,25.0,250,10.0
clips/lie/00000000514000000_7_clip_5.mp4,00000000514000000_7_clip_5.mp4,25.0,250,10.0
clips/lie/00000000514000000_7_clip_8.mp4,00000000514000000_7_clip_8.mp4,25.0,250,10.0
clips/lie/00000000514000000_7_clip_9.mp4,00000000514000000_7_clip_9.mp4,25.0,250,10.0
clips/lie/00000000580000000_10_clip_10.mp4,00000000580000000_10_clip_10.mp4,25.0,250,10.0
clips/lie/00000000580000000_10_clip_11.mp4,00000000580000000_10_clip_11.mp4,25.0,250,10.0
clips/lie/00000000580000000_10_clip_45.mp4,00000000580000000_10_clip_45.mp4,25.0,250,10.0
clips/lie/00000000580000000_10_clip_46.mp4,00000000580000000_10_clip_46.mp4,25.0,250,10.0
clips/lie/00000000580000000_10_clip_47.mp4,00000000580000000_10_clip_47.mp4,25.0,250,10.0
clips/lie/00000000580000000_10_clip_48.mp4,00000000580000000_10_clip_48.mp4,25.0,250,10.0
clips/lie/00000000580000000_10_clip_49.mp4,00000000580000000_10_clip_49.mp4,25.0,250,10.0
clips/lie/00000000580000000_10_clip_50.mp4,00000000580000000_10_clip_50.mp4,25.0,250,10.0
clips/lie/00000000580000000_10_clip_51.mp4,00000000580000000_10_clip_51.mp4,25.0,250,10.0
clips/lie/00000000580000000_10_clip_52.mp4,00000000580000000_10_clip_52.mp4,25.0,250,10.0
clips/lie/00000000580000000_10_clip_53.mp4,00000000580000000_10_clip_53.mp4,25.0,250,10.0
clips/lie/00000000580000000_10_clip_54.mp4,00000000580000000_10_clip_54.mp4,25.0,250,10.0
clips/lie/00000000580000000_10_clip_55.mp4,00000000580000000_10_clip_55.mp4,25.0,250,10.0
clips/lie/00000000580000000_10_clip_56.mp4,00000000580000000_10_clip_56.mp4,25.0,250,10.0
clips/lie/00000000580000000_10_clip_57.mp4,00000000580000000_10_clip_57.mp4,25.0,250,10.0
clips/lie/00000000580000000_10_clip_58.mp4,00000000580000000_10_clip_58.mp4,25.0,250,10.0
clips/lie/00000000580000000_10_clip_59.mp4,00000000580000000_10_clip_59.mp4,25.0,250,10.0
clips/lie/00000000580000000_10_clip_6.mp4,00000000580000000_10_clip_6.mp4,25.0,250,10.0
clips/lie/00000000580000000_10_clip_60.mp4,00000000580000000_10_clip_60.mp4,25.0,250,10.0
clips/lie/00000000580000000_10_clip_61.mp4,00000000580000000_10_clip_61.mp4,25.0,250,10.0
clips/lie/00000000580000000_10_clip_62.mp4,00000000580000000_10_clip_62.mp4,25.0,250,10.0
clips/lie/00000000580000000_10_clip_63.mp4,00000000580000000_10_clip_63.mp4,25.0,250,10.0
clips/lie/00000000580000000_10_clip_64.mp4,00000000580000000_10_clip_64.mp4,25.0,250,10.0
clips/lie/00000000580000000_10_clip_65.mp4,00000000580000000_10_clip_65.mp4,25.0,250,10.0
clips/lie/00000000580000000_10_clip_66.mp4,00000000580000000_10_clip_66.mp4,25.0,250,10.0
clips/lie/00000000580000000_10_clip_67.mp4,00000000580000000_10_clip_67.mp4,25.0,250,10.0
clips/lie/00000000580000000_10_clip_68.mp4,00000000580000000_10_clip_68.mp4,25.0,250,10.0
clips/lie/00000000580000000_10_clip_69.mp4,00000000580000000_10_clip_69.mp4,25.0,250,10.0
clips/lie/00000000580000000_10_clip_7.mp4,00000000580000000_10_clip_7.mp4,25.0,250,10.0
clips/lie/00000000580000000_10_clip_70.mp4,00000000580000000_10_clip_70.mp4,25.0,250,10.0
clips/lie/00000000580000000_10_clip_71.mp4,00000000580000000_10_clip_71.mp4,25.0,250,10.0
clips/lie/00000000580000000_10_clip_72.mp4,00000000580000000_10_clip_72.mp4,25.0,250,10.0
clips/lie/00000000580000000_10_clip_73.mp4,00000000580000000_10_clip_73.mp4,25.0,250,10.0
clips/lie/00000000580000000_10_clip_74.mp4,00000000580000000_10_clip_74.mp4,25.0,250,10.0
clips/lie/00000000580000000_10_clip_75.mp4,00000000580000000_10_clip_75.mp4,25.0,250,10.0
clips/lie/00000000580000000_10_clip_76.mp4,00000000580000000_10_clip_76.mp4,25.0,250,10.0
clips/lie/00000000580000000_10_clip_77.mp4,00000000580000000_10_clip_77.mp4,25.0,250,10.0
clips/lie/00000000580000000_10_clip_78.mp4,00000000580000000_10_clip_78.mp4,25.0,250,10.0
clips/lie/00000000580000000_10_clip_79.mp4,00000000580000000_10_clip_79.mp4,25.0,250,10.0
clips/lie/00000000580000000_10_clip_8.mp4,00000000580000000_10_clip_8.mp4,25.0,250,10.0
clips/lie/00000000580000000_10_clip_80.mp4,00000000580000000_10_clip_80.mp4,25.0,250,10.0
clips/lie/00000000580000000_10_clip_81.mp4,00000000580000000_10_clip_81.mp4,25.0,250,10.0
clips/lie/00000000580000000_10_clip_82.mp4,00000000580000000_10_clip_82.mp4,25.0,250,10.0
clips/lie/00000000580000000_10_clip_83.mp4,00000000580000000_10_clip_83.mp4,25.0,250,10.0
clips/lie/00000000580000000_10_clip_84.mp4,00000000580000000_10_clip_84.mp4,25.0,250,10.0
clips/lie/00000000580000000_10_clip_85.mp4,00000000580000000_10_clip_85.mp4,25.0,250,10.0
clips/lie/00000000580000000_10_clip_86.mp4,00000000580000000_10_clip_86.mp4,25.0,250,10.0
clips/lie/00000000580000000_10_clip_87.mp4,00000000580000000_10_clip_87.mp4,25.0,250,10.0
clips/lie/00000000580000000_10_clip_88.mp4,00000000580000000_10_clip_88.mp4,25.0,199,7.96
clips/lie/00000000580000000_10_clip_9.mp4,00000000580000000_10_clip_9.mp4,25.0,250,10.0
clips/lie/00000000580000000_16_clip_0.mp4,00000000580000000_16_clip_0.mp4,25.0,250,10.0
clips/lie/00000000580000000_16_clip_1.mp4,00000000580000000_16_clip_1.mp4,25.0,250,10.0
clips/lie/00000000580000000_16_clip_2.mp4,00000000580000000_16_clip_2.mp4,25.0,250,10.0
clips/lie/00000000580000000_16_clip_3.mp4,00000000580000000_16_clip_3.mp4,25.0,250,10.0
clips/lie/00000000580000000_16_clip_4.mp4,00000000580000000_16_clip_4.mp4,25.0,250,10.0
clips/lie/00000000580000000_16_clip_5.mp4,00000000580000000_16_clip_5.mp4,25.0,250,10.0
clips/lie/00000000580000000_16_clip_6.mp4,00000000580000000_16_clip_6.mp4,25.0,250,10.0
clips/lie/00000000580000000_16_clip_7.mp4,00000000580000000_16_clip_7.mp4,25.0,250,10.0
clips/lie/00000000580000000_16_clip_8.mp4,00000000580000000_16_clip_8.mp4,25.0,49,1.96
clips/lie/00000000580000000_23_clip_0.mp4,00000000580000000_23_clip_0.mp4,25.0,250,10.0
clips/lie/00000000580000000_23_clip_10.mp4,00000000580000000_23_clip_10.mp4,25.0,250,10.0
clips/lie/00000000580000000_23_clip_9.mp4,00000000580000000_23_clip_9.mp4,25.0,250,10.0
clips/lie/00000000580000000_26_clip_0.mp4,00000000580000000_26_clip_0.mp4,25.0,250,10.0
clips/lie/00000000580000000_26_clip_1.mp4,00000000580000000_26_clip_1.mp4,25.0,250,10.0
clips/lie/00000000580000000_26_clip_5.mp4,00000000580000000_26_clip_5.mp4,25.0,250,10.0
clips/lie/00000000580000000_26_clip_6.mp4,00000000580000000_26_clip_6.mp4,25.0,250,10.0
clips/lie/00000000580000000_27_clip_0.mp4,00000000580000000_27_clip_0.mp4,25.0,250,10.0
clips/lie/00000000580000000_27_clip_1.mp4,00000000580000000_27_clip_1.mp4,25.0,250,10.0
clips/lie/00000000580000000_27_clip_10.mp4,00000000580000000_27_clip_10.mp4,25.0,250,10.0
clips/lie/00000000580000000_27_clip_11.mp4,00000000580000000_27_clip_11.mp4,25.0,250,10.0
clips/lie/00000000580000000_27_clip_12.mp4,00000000580000000_27_clip_12.mp4,25.0,250,10.0
clips/lie/00000000580000000_27_clip_13.mp4,00000000580000000_27_clip_13.mp4,25.0,250,10.0
clips/lie/00000000580000000_27_clip_14.mp4,00000000580000000_27_clip_14.mp4,25.0,250,10.0
clips/lie/00000000580000000_27_clip_15.mp4,00000000580000000_27_clip_15.mp4,25.0,250,10.0
clips/lie/00000000580000000_27_clip_16.mp4,00000000580000000_27_clip_16.mp4,25.0,250,10.0
clips/lie/00000000580000000_27_clip_17.mp4,00000000580000000_27_clip_17.mp4,25.0,250,10.0
clips/lie/00000000580000000_27_clip_2.mp4,00000000580000000_27_clip_2.mp4,25.0,250,10.0
clips/lie/00000000580000000_27_clip_3.mp4,00000000580000000_27_clip_3.mp4,25.0,250,10.0
clips/lie/00000000580000000_27_clip_34.mp4,00000000580000000_27_clip_34.mp4,25.0,57,2.28
clips/lie/00000000580000000_27_clip_4.mp4,00000000580000000_27_clip_4.mp4,25.0,250,10.0
clips/lie/00000000580000000_27_clip_5.mp4,00000000580000000_27_clip_5.mp4,25.0,250,10.0
clips/lie/00000000580000000_27_clip_6.mp4,00000000580000000_27_clip_6.mp4,25.0,250,10.0
clips/lie/00000000580000000_27_clip_7.mp4,00000000580000000_27_clip_7.mp4,25.0,250,10.0
clips/lie/00000000580000000_27_clip_8.mp4,00000000580000000_27_clip_8.mp4,25.0,250,10.0
clips/lie/00000000580000000_27_clip_9.mp4,00000000580000000_27_clip_9.mp4,25.0,250,10.0
clips/lie/00000000580000000_29_clip_10.mp4,00000000580000000_29_clip_10.mp4,25.0,250,10.0
clips/lie/00000000580000000_29_clip_11.mp4,00000000580000000_29_clip_11.mp4,25.0,250,10.0
clips/lie/00000000580000000_29_clip_12.mp4,00000000580000000_29_clip_12.mp4,25.0,250,10.0
clips/lie/00000000580000000_29_clip_13.mp4,00000000580000000_29_clip_13.mp4,25.0,250,10.0
clips/lie/00000000580000000_29_clip_14.mp4,00000000580000000_29_clip_14.mp4,25.0,250,10.0
clips/lie/00000000580000000_29_clip_15.mp4,00000000580000000_29_clip_15.mp4,25.0,250,10.0
clips/lie/00000000580000000_29_clip_16.mp4,00000000580000000_29_clip_16.mp4,25.0,173,6.92
clips/lie/00000000580000000_29_clip_2.mp4,00000000580000000_29_clip_2.mp4,25.0,250,10.0
clips/lie/00000000580000000_29_clip_3.mp4,00000000580000000_29_clip_3.mp4,25.0,250,10.0
clips/lie/00000000580000000_29_clip_4.mp4,00000000580000000_29_clip_4.mp4,25.0,250,10.0
clips/lie/00000000580000000_29_clip_5.mp4,00000000580000000_29_clip_5.mp4,25.0,250,10.0
clips/lie/00000000580000000_29_clip_6.mp4,00000000580000000_29_clip_6.mp4,25.0,250,10.0
clips/lie/00000000580000000_29_clip_7.mp4,00000000580000000_29_clip_7.mp4,25.0,250,10.0
clips/lie/00000000580000000_29_clip_8.mp4,00000000580000000_29_clip_8.mp4,25.0,250,10.0
clips/lie/00000000580000000_29_clip_9.mp4,00000000580000000_29_clip_9.mp4,25.0,250,10.0
clips/lie/00000000580000000_2_clip_0.mp4,00000000580000000_2_clip_0.mp4,25.0,250,10.0
clips/lie/00000000580000000_2_clip_1.mp4,00000000580000000_2_clip_1.mp4,25.0,250,10.0
clips/lie/00000000580000000_2_clip_2.mp4,00000000580000000_2_clip_2.mp4,25.0,250,10.0
clips/lie/00000000580000000_2_clip_3.mp4,00000000580000000_2_clip_3.mp4,25.0,250,10.0
clips/lie/00000000580000000_2_clip_4.mp4,00000000580000000_2_clip_4.mp4,25.0,250,10.0
clips/lie/00000000580000000_2_clip_46.mp4,00000000580000000_2_clip_46.mp4,25.0,250,10.0
clips/lie/00000000580000000_2_clip_47.mp4,00000000580000000_2_clip_47.mp4,25.0,95,3.8
clips/lie/00000000580000000_2_clip_5.mp4,00000000580000000_2_clip_5.mp4,25.0,250,10.0
clips/lie/00000000580000000_3_clip_0.mp4,00000000580000000_3_clip_0.mp4,25.0,250,10.0
clips/lie/00000000580000000_3_clip_1.mp4,00000000580000000_3_clip_1.mp4,25.0,250,10.0
clips/lie/00000000580000000_7_clip_24.mp4,00000000580000000_7_clip_24.mp4,25.0,250,10.0
clips/lie/00000000580000000_7_clip_25.mp4,00000000580000000_7_clip_25.mp4,25.0,250,10.0
clips/lie/00000000580000000_8_clip_0.mp4,00000000580000000_8_clip_0.mp4,25.0,250,10.0
clips/lie/00000000580000000_8_clip_1.mp4,00000000580000000_8_clip_1.mp4,25.0,250,10.0
clips/lie/00000000580000000_8_clip_2.mp4,00000000580000000_8_clip_2.mp4,25.0,250,10.0
clips/ruminate/00000000082000000_1_clip_0.mp4,00000000082000000_1_clip_0.mp4,25.0,250,10.0
clips/ruminate/00000000082000000_1_clip_1.mp4,00000000082000000_1_clip_1.mp4,25.0,250,10.0
clips/ruminate/00000000082000000_1_clip_10.mp4,00000000082000000_1_clip_10.mp4,25.0,250,10.0
clips/ruminate/00000000082000000_1_clip_100.mp4,00000000082000000_1_clip_100.mp4,25.0,250,10.0
clips/ruminate/00000000082000000_1_clip_101.mp4,00000000082000000_1_clip_101.mp4,25.0,250,10.0
clips/ruminate/00000000082000000_1_clip_102.mp4,00000000082000000_1_clip_102.mp4,25.0,250,10.0
clips/ruminate/00000000082000000_1_clip_103.mp4,00000000082000000_1_clip_103.mp4,25.0,250,10.0
clips/ruminate/00000000082000000_1_clip_104.mp4,00000000082000000_1_clip_104.mp4,25.0,250,10.0
clips/ruminate/00000000082000000_1_clip_105.mp4,00000000082000000_1_clip_105.mp4,25.0,250,10.0
clips/ruminate/00000000082000000_1_clip_106.mp4,00000000082000000_1_clip_106.mp4,25.0,250,10.0
clips/ruminate/00000000082000000_1_clip_107.mp4,00000000082000000_1_clip_107.mp4,25.0,250,10.0
clips/ruminate/00000000082000000_1_clip_108.mp4,00000000082000000_1_clip_108.mp4,25.0,250,10.0
clips/ruminate/00000000082000000_1_clip_109.mp4,00000000082000000_1_clip_109.mp4,25.0,250,10.0
clips/ruminate/00000000082000000_1_clip_11.mp4,00000000082000000_1_clip_11.mp4,25.0,250,10.0
clips/ruminate/00000000082000000_1_clip_110.mp4,00000000082000000_1_clip_110.mp4,25.0,250,10.0
clips/ruminate/00000000082000000_1_clip_111.mp4,00000000082000000_1_clip_111.mp4,25.0,250,10.0
clips/ruminate/00000000082000000_1_clip_112.mp4,00000000082000000_1_clip_112.mp4,25.0,250,10.0
clips/ruminate/00000000082000000_1_clip_113.mp4,00000000082000000_1_clip_113.mp4,25.0,250,10.0
clips/ruminate/00000000082000000_1_clip_114.mp4,00000000082000000_1_clip_114.mp4,25.0,250,10.0
clips/ruminate/00000000082000000_1_clip_115.mp4,00000000082000000_1_clip_115.mp4,25.0,250,10.0
clips/ruminate/00000000082000000_1_clip_116.mp4,00000000082000000_1_clip_116.mp4,25.0,250,10.0
clips/ruminate/00000000082000000_1_clip_117.mp4,00000000082000000_1_clip_117.mp4,25.0,250,10.0
clips/ruminate/00000000082000000_1_clip_118.mp4,00000000082000000_1_clip_118.mp4,25.0,250,10.0
clips/ruminate/00000000082000000_1_clip_119.mp4,00000000082000000_1_clip_119.mp4,25.0,250,10.0
clips/ruminate/00000000082000000_1_clip_12.mp4,00000000082000000_1_clip_12.mp4,25.0,250,10.0
clips/ruminate/00000000082000000_1_clip_120.mp4,00000000082000000_1_clip_120.mp4,25.0,250,10.0
clips/ruminate/00000000082000000_1_clip_123.mp4,00000000082000000_1_clip_123.mp4,25.0,250,10.0
clips/ruminate/00000000082000000_1_clip_124.mp4,00000000082000000_1_clip_124.mp4,25.0,250,10.0
clips/ruminate/00000000082000000_1_clip_125.mp4,00000000082000000_1_clip_125.mp4,25.0,250,10.0
clips/ruminate/00000000082000000_1_clip_126.mp4,00000000082000000_1_clip_126.mp4,25.0,250,10.0
clips/ruminate/00000000082000000_1_clip_127.mp4,00000000082000000_1_clip_127.mp4,25.0,250,10.0
clips/ruminate/00000000082000000_1_clip_128.mp4,00000000082000000_1_clip_128.mp4,25.0,250,10.0
clips/ruminate/00000000082000000_1_clip_129.mp4,00000000082000000_1_clip_129.mp4,25.0,250,10.0
clips/ruminate/00000000082000000_1_clip_13.mp4,00000000082000000_1_clip_13.mp4,25.0,250,10.0
clips/ruminate/00000000082000000_1_clip_130.mp4,00000000082000000_1_clip_130.mp4,25.0,250,10.0
clips/ruminate/00000000082000000_1_clip_131.mp4,00000000082000000_1_clip_131.mp4,25.0,250,10.0
clips/ruminate/00000000082000000_1_clip_132.mp4,00000000082000000_1_clip_132.mp4,25.0,250,10.0
clips/ruminate/00000000082000000_1_clip_133.mp4,00000000082000000_1_clip_133.mp4,25.0,250,10.0
clips/ruminate/00000000082000000_1_clip_134.mp4,00000000082000000_1_clip_134.mp4,25.0,250,10.0
clips/ruminate/00000000082000000_1_clip_135.mp4,00000000082000000_1_clip_135.mp4,25.0,250,10.0
clips/ruminate/00000000082000000_1_clip_136.mp4,00000000082000000_1_clip_136.mp4,25.0,250,10.0
clips/ruminate/00000000082000000_1_clip_137.mp4,00000000082000000_1_clip_137.mp4,25.0,250,10.0
clips/ruminate/00000000082000000_1_clip_138.mp4,00000000082000000_1_clip_138.mp4,25.0,250,10.0
clips/ruminate/00000000082000000_1_clip_139.mp4,00000000082000000_1_clip_139.mp4,25.0,250,10.0
clips/ruminate/00000000082000000_1_clip_14.mp4,00000000082000000_1_clip_14.mp4,25.0,250,10.0
clips/ruminate/00000000082000000_1_clip_140.mp4,00000000082000000_1_clip_140.mp4,25.0,250,10.0
clips/ruminate/00000000082000000_1_clip_141.mp4,00000000082000000_1_clip_141.mp4,25.0,250,10.0
clips/ruminate/00000000082000000_1_clip_142.mp4,00000000082000000_1_clip_142.mp4,25.0,250,10.0
clips/ruminate/00000000082000000_1_clip_143.mp4,00000000082000000_1_clip_143.mp4,25.0,250,10.0
clips/ruminate/00000000082000000_1_clip_144.mp4,00000000082000000_1_clip_144.mp4,25.0,250,10.0
clips/ruminate/00000000082000000_1_clip_145.mp4,00000000082000000_1_clip_145.mp4,25.0,250,10.0
clips/ruminate/00000000082000000_1_clip_146.mp4,00000000082000000_1_clip_146.mp4,25.0,250,10.0
clips/ruminate/00000000082000000_1_clip_147.mp4,00000000082000000_1_clip_147.mp4,25.0,250,10.0
clips/ruminate/00000000082000000_1_clip_148.mp4,00000000082000000_1_clip_148.mp4,25.0,250,10.0
clips/ruminate/00000000082000000_1_clip_149.mp4,00000000082000000_1_clip_149.mp4,25.0,250,10.0
clips/ruminate/00000000082000000_1_clip_15.mp4,00000000082000000_1_clip_15.mp4,25.0,250,10.0
clips/ruminate/00000000082000000_1_clip_150.mp4,00000000082000000_1_clip_150.mp4,25.0,250,10.0
clips/ruminate/00000000082000000_1_clip_151.mp4,00000000082000000_1_clip_151.mp4,25.0,250,10.0
clips/ruminate/00000000082000000_1_clip_152.mp4,00000000082000000_1_clip_152.mp4,25.0,250,10.0
clips/ruminate/00000000082000000_1_clip_153.mp4,00000000082000000_1_clip_153.mp4,25.0,250,10.0
clips/ruminate/00000000082000000_1_clip_154.mp4,00000000082000000_1_clip_154.mp4,25.0,250,10.0
clips/ruminate/00000000082000000_1_clip_155.mp4,00000000082000000_1_clip_155.mp4,25.0,250,10.0
clips/ruminate/00000000082000000_1_clip_156.mp4,00000000082000000_1_clip_156.mp4,25.0,250,10.0
clips/ruminate/00000000082000000_1_clip_157.mp4,00000000082000000_1_clip_157.mp4,25.0,250,10.0
clips/ruminate/00000000082000000_1_clip_158.mp4,00000000082000000_1_clip_158.mp4,25.0,250,10.0
clips/ruminate/00000000082000000_1_clip_159.mp4,00000000082000000_1_clip_159.mp4,25.0,250,10.0
clips/ruminate/00000000082000000_1_clip_16.mp4,00000000082000000_1_clip_16.mp4,25.0,250,10.0
clips/ruminate/00000000082000000_1_clip_160.mp4,00000000082000000_1_clip_160.mp4,25.0,250,10.0
clips/ruminate/00000000082000000_1_clip_162.mp4,00000000082000000_1_clip_162.mp4,25.0,250,10.0
clips/ruminate/00000000082000000_1_clip_163.mp4,00000000082000000_1_clip_163.mp4,25.0,250,10.0
clips/ruminate/00000000082000000_1_clip_164.mp4,00000000082000000_1_clip_164.mp4,25.0,250,10.0
clips/ruminate/00000000082000000_1_clip_165.mp4,00000000082000000_1_clip_165.mp4,25.0,250,10.0
clips/ruminate/00000000082000000_1_clip_166.mp4,00000000082000000_1_clip_166.mp4,25.0,250,10.0
clips/ruminate/00000000082000000_1_clip_167.mp4,00000000082000000_1_clip_167.mp4,25.0,250,10.0
clips/ruminate/00000000082000000_1_clip_168.mp4,00000000082000000_1_clip_168.mp4,25.0,250,10.0
clips/ruminate/00000000082000000_1_clip_169.mp4,00000000082000000_1_clip_169.mp4,25.0,250,10.0
clips/ruminate/00000000082000000_1_clip_17.mp4,00000000082000000_1_clip_17.mp4,25.0,250,10.0
clips/ruminate/00000000082000000_1_clip_170.mp4,00000000082000000_1_clip_170.mp4,25.0,250,10.0
clips/ruminate/00000000082000000_1_clip_171.mp4,00000000082000000_1_clip_171.mp4,25.0,250,10.0
clips/ruminate/00000000082000000_1_clip_172.mp4,00000000082000000_1_clip_172.mp4,25.0,250,10.0
clips/ruminate/00000000082000000_1_clip_173.mp4,00000000082000000_1_clip_173.mp4,25.0,250,10.0
clips/ruminate/00000000082000000_1_clip_174.mp4,00000000082000000_1_clip_174.mp4,25.0,250,10.0
clips/ruminate/00000000082000000_1_clip_175.mp4,00000000082000000_1_clip_175.mp4,25.0,250,10.0
clips/ruminate/00000000082000000_1_clip_177.mp4,00000000082000000_1_clip_177.mp4,25.0,250,10.0
clips/ruminate/00000000082000000_1_clip_178.mp4,00000000082000000_1_clip_178.mp4,25.0,250,10.0
clips/ruminate/00000000082000000_1_clip_179.mp4,00000000082000000_1_clip_179.mp4,25.0,250,10.0
clips/ruminate/00000000082000000_1_clip_18.mp4,00000000082000000_1_clip_18.mp4,25.0,250,10.0
clips/ruminate/00000000082000000_1_clip_180.mp4,00000000082000000_1_clip_180.mp4,25.0,250,10.0
clips/ruminate/00000000082000000_1_clip_181.mp4,00000000082000000_1_clip_181.mp4,25.0,250,10.0
clips/ruminate/00000000082000000_1_clip_182.mp4,00000000082000000_1_clip_182.mp4,25.0,250,10.0
clips/ruminate/00000000082000000_1_clip_183.mp4,00000000082000000_1_clip_183.mp4,25.0,250,10.0
clips/ruminate/00000000082000000_1_clip_184.mp4,00000000082000000_1_clip_184.mp4,25.0,250,10.0
clips/ruminate/00000000082000000_1_clip_185.mp4,00000000082000000_1_clip_185.mp4,25.0,250,10.0
clips/ruminate/00000000082000000_1_clip_2.mp4,00000000082000000_1_clip_2.mp4,25.0,250,10.0
clips/ruminate/00000000082000000_1_clip_21.mp4,00000000082000000_1_clip_21.mp4,25.0,250,10.0
clips/ruminate/00000000082000000_1_clip_22.mp4,00000000082000000_1_clip_22.mp4,25.0,250,10.0
clips/ruminate/00000000082000000_1_clip_23.mp4,00000000082000000_1_clip_23.mp4,25.0,250,10.0
clips/ruminate/00000000082000000_1_clip_24.mp4,00000000082000000_1_clip_24.mp4,25.0,250,10.0
clips/ruminate/00000000082000000_1_clip_25.mp4,00000000082000000_1_clip_25.mp4,25.0,250,10.0
clips/ruminate/00000000082000000_1_clip_26.mp4,00000000082000000_1_clip_26.mp4,25.0,250,10.0
clips/ruminate/00000000082000000_1_clip_27.mp4,00000000082000000_1_clip_27.mp4,25.0,250,10.0
clips/ruminate/00000000082000000_1_clip_28.mp4,00000000082000000_1_clip_28.mp4,25.0,250,10.0
clips/ruminate/00000000082000000_1_clip_29.mp4,00000000082000000_1_clip_29.mp4,25.0,250,10.0
clips/ruminate/00000000082000000_1_clip_3.mp4,00000000082000000_1_clip_3.mp4,25.0,250,10.0
clips/ruminate/00000000082000000_1_clip_30.mp4,00000000082000000_1_clip_30.mp4,25.0,250,10.0
clips/ruminate/00000000082000000_1_clip_31.mp4,00000000082000000_1_clip_31.mp4,25.0,250,10.0
clips/ruminate/00000000082000000_1_clip_32.mp4,00000000082000000_1_clip_32.mp4,25.0,250,10.0
clips/ruminate/00000000082000000_1_clip_33.mp4,00000000082000000_1_clip_33.mp4,25.0,250,10.0
clips/ruminate/00000000082000000_1_clip_34.mp4,00000000082000000_1_clip_34.mp4,25.0,250,10.0
clips/ruminate/00000000082000000_1_clip_35.mp4,00000000082000000_1_clip_35.mp4,25.0,250,10.0
clips/ruminate/00000000082000000_1_clip_36.mp4,00000000082000000_1_clip_36.mp4,25.0,250,10.0
clips/ruminate/00000000082000000_1_clip_37.mp4,00000000082000000_1_clip_37.mp4,25.0,250,10.0
clips/ruminate/00000000082000000_1_clip_38.mp4,00000000082000000_1_clip_38.mp4,25.0,250,10.0
clips/ruminate/00000000082000000_1_clip_39.mp4,00000000082000000_1_clip_39.mp4,25.0,250,10.0
clips/ruminate/00000000082000000_1_clip_4.mp4,00000000082000000_1_clip_4.mp4,25.0,250,10.0
clips/ruminate/00000000082000000_1_clip_40.mp4,00000000082000000_1_clip_40.mp4,25.0,250,10.0
clips/ruminate/00000000082000000_1_clip_41.mp4,00000000082000000_1_clip_41.mp4,25.0,250,10.0
clips/ruminate/00000000082000000_1_clip_42.mp4,00000000082000000_1_clip_42.mp4,25.0,250,10.0
clips/ruminate/00000000082000000_1_clip_43.mp4,00000000082000000_1_clip_43.mp4,25.0,250,10.0
clips/ruminate/00000000082000000_1_clip_44.mp4,00000000082000000_1_clip_44.mp4,25.0,250,10.0
clips/ruminate/00000000082000000_1_clip_45.mp4,00000000082000000_1_clip_45.mp4,25.0,250,10.0
clips/ruminate/00000000082000000_1_clip_46.mp4,00000000082000000_1_clip_46.mp4,25.0,250,10.0
clips/ruminate/00000000082000000_1_clip_47.mp4,00000000082000000_1_clip_47.mp4,25.0,250,10.0
clips/ruminate/00000000082000000_1_clip_48.mp4,00000000082000000_1_clip_48.mp4,25.0,250,10.0
clips/ruminate/00000000082000000_1_clip_49.mp4,00000000082000000_1_clip_49.mp4,25.0,250,10.0
clips/ruminate/00000000082000000_1_clip_5.mp4,00000000082000000_1_clip_5.mp4,25.0,250,10.0
clips/ruminate/00000000082000000_1_clip_50.mp4,00000000082000000_1_clip_50.mp4,25.0,250,10.0
clips/ruminate/00000000082000000_1_clip_51.mp4,00000000082000000_1_clip_51.mp4,25.0,250,10.0
clips/ruminate/00000000082000000_1_clip_54.mp4,00000000082000000_1_clip_54.mp4,25.0,250,10.0
clips/ruminate/00000000082000000_1_clip_55.mp4,00000000082000000_1_clip_55.mp4,25.0,250,10.0
clips/ruminate/00000000082000000_1_clip_56.mp4,00000000082000000_1_clip_56.mp4,25.0,250,10.0
clips/ruminate/00000000082000000_1_clip_57.mp4,00000000082000000_1_clip_57.mp4,25.0,250,10.0
clips/ruminate/00000000082000000_1_clip_58.mp4,00000000082000000_1_clip_58.mp4,25.0,250,10.0
clips/ruminate/00000000082000000_1_clip_59.mp4,00000000082000000_1_clip_59.mp4,25.0,250,10.0
clips/ruminate/00000000082000000_1_clip_6.mp4,00000000082000000_1_clip_6.mp4,25.0,250,10.0
clips/ruminate/00000000082000000_1_clip_60.mp4,00000000082000000_1_clip_60.mp4,25.0,250,10.0
clips/ruminate/00000000082000000_1_clip_61.mp4,00000000082000000_1_clip_61.mp4,25.0,250,10.0
clips/ruminate/00000000082000000_1_clip_62.mp4,00000000082000000_1_clip_62.mp4,25.0,250,10.0
clips/ruminate/00000000082000000_1_clip_63.mp4,00000000082000000_1_clip_63.mp4,25.0,250,10.0
clips/ruminate/00000000082000000_1_clip_64.mp4,00000000082000000_1_clip_64.mp4,25.0,250,10.0
clips/ruminate/00000000082000000_1_clip_65.mp4,00000000082000000_1_clip_65.mp4,25.0,250,10.0
clips/ruminate/00000000082000000_1_clip_66.mp4,00000000082000000_1_clip_66.mp4,25.0,250,10.0
clips/ruminate/00000000082000000_1_clip_67.mp4,00000000082000000_1_clip_67.mp4,25.0,250,10.0
clips/ruminate/00000000082000000_1_clip_68.mp4,00000000082000000_1_clip_68.mp4,25.0,250,10.0
clips/ruminate/00000000082000000_1_clip_69.mp4,00000000082000000_1_clip_69.mp4,25.0,250,10.0
clips/ruminate/00000000082000000_1_clip_70.mp4,00000000082000000_1_clip_70.mp4,25.0,250,10.0
clips/ruminate/00000000082000000_1_clip_71.mp4,00000000082000000_1_clip_71.mp4,25.0,250,10.0
clips/ruminate/00000000082000000_1_clip_72.mp4,00000000082000000_1_clip_72.mp4,25.0,250,10.0
clips/ruminate/00000000082000000_1_clip_73.mp4,00000000082000000_1_clip_73.mp4,25.0,250,10.0
clips/ruminate/00000000082000000_1_clip_74.mp4,00000000082000000_1_clip_74.mp4,25.0,250,10.0
clips/ruminate/00000000082000000_1_clip_8.mp4,00000000082000000_1_clip_8.mp4,25.0,250,10.0
clips/ruminate/00000000082000000_1_clip_83.mp4,00000000082000000_1_clip_83.mp4,25.0,250,10.0
clips/ruminate/00000000082000000_1_clip_84.mp4,00000000082000000_1_clip_84.mp4,25.0,250,10.0
clips/ruminate/00000000082000000_1_clip_85.mp4,00000000082000000_1_clip_85.mp4,25.0,250,10.0
clips/ruminate/00000000082000000_1_clip_86.mp4,00000000082000000_1_clip_86.mp4,25.0,250,10.0
clips/ruminate/00000000082000000_1_clip_87.mp4,00000000082000000_1_clip_87.mp4,25.0,250,10.0
clips/ruminate/00000000082000000_1_clip_88.mp4,00000000082000000_1_clip_88.mp4,25.0,250,10.0
clips/ruminate/00000000082000000_1_clip_89.mp4,00000000082000000_1_clip_89.mp4,25.0,250,10.0
clips/ruminate/00000000082000000_1_clip_9.mp4,00000000082000000_1_clip_9.mp4,25.0,250,10.0
clips/ruminate/00000000082000000_1_clip_90.mp4,00000000082000000_1_clip_90.mp4,25.0,250,10.0
clips/ruminate/00000000082000000_1_clip_91.mp4,00000000082000000_1_clip_91.mp4,25.0,250,10.0
clips/ruminate/00000000082000000_1_clip_92.mp4,00000000082000000_1_clip_92.mp4,25.0,250,10.0
clips/ruminate/00000000082000000_1_clip_93.mp4,00000000082000000_1_clip_93.mp4,25.0,250,10.0
clips/ruminate/00000000082000000_1_clip_94.mp4,00000000082000000_1_clip_94.mp4,25.0,250,10.0
clips/ruminate/00000000082000000_1_clip_95.mp4,00000000082000000_1_clip_95.mp4,25.0,250,10.0
clips/ruminate/00000000082000000_1_clip_96.mp4,00000000082000000_1_clip_96.mp4,25.0,250,10.0
clips/ruminate/00000000082000000_1_clip_97.mp4,00000000082000000_1_clip_97.mp4,25.0,250,10.0
clips/ruminate/00000000082000000_1_clip_98.mp4,00000000082000000_1_clip_98.mp4,25.0,250,10.0
clips/ruminate/00000000082000000_1_clip_99.mp4,00000000082000000_1_clip_99.mp4,25.0,250,10.0
clips/ruminate/00000000082000000_33_clip_26.mp4,00000000082000000_33_clip_26.mp4,25.0,250,10.0
clips/ruminate/00000000082000000_33_clip_27.mp4,00000000082000000_33_clip_27.mp4,25.0,250,10.0
clips/ruminate/00000000082000000_33_clip_28.mp4,00000000082000000_33_clip_28.mp4,25.0,250,10.0
clips/ruminate/00000000082000000_3_clip_130.mp4,00000000082000000_3_clip_130.mp4,25.0,250,10.0
clips/ruminate/00000000082000000_3_clip_131.mp4,00000000082000000_3_clip_131.mp4,25.0,250,10.0
clips/ruminate/00000000082000000_3_clip_132.mp4,00000000082000000_3_clip_132.mp4,25.0,250,10.0
clips/ruminate/00000000082000000_3_clip_133.mp4,00000000082000000_3_clip_133.mp4,25.0,250,10.0
clips/ruminate/00000000082000000_3_clip_134.mp4,00000000082000000_3_clip_134.mp4,25.0,250,10.0
clips/ruminate/00000000082000000_3_clip_135.mp4,00000000082000000_3_clip_135.mp4,25.0,250,10.0
clips/ruminate/00000000082000000_3_clip_136.mp4,00000000082000000_3_clip_136.mp4,25.0,250,10.0
clips/ruminate/00000000082000000_3_clip_137.mp4,00000000082000000_3_clip_137.mp4,25.0,250,10.0
clips/ruminate/00000000082000000_3_clip_172.mp4,00000000082000000_3_clip_172.mp4,25.0,250,10.0
clips/ruminate/00000000082000000_3_clip_173.mp4,00000000082000000_3_clip_173.mp4,25.0,250,10.0
clips/ruminate/00000000082000000_3_clip_174.mp4,00000000082000000_3_clip_174.mp4,25.0,250,10.0
clips/ruminate/00000000082000000_3_clip_175.mp4,00000000082000000_3_clip_175.mp4,25.0,250,10.0
clips/ruminate/00000000082000000_3_clip_176.mp4,00000000082000000_3_clip_176.mp4,25.0,250,10.0
clips/ruminate/00000000082000000_3_clip_177.mp4,00000000082000000_3_clip_177.mp4,25.0,250,10.0
clips/ruminate/00000000082000000_3_clip_178.mp4,00000000082000000_3_clip_178.mp4,25.0,250,10.0
clips/ruminate/00000000082000000_3_clip_179.mp4,00000000082000000_3_clip_179.mp4,25.0,250,10.0
clips/ruminate/00000000082000000_3_clip_180.mp4,00000000082000000_3_clip_180.mp4,25.0,250,10.0
clips/ruminate/00000000082000000_3_clip_181.mp4,00000000082000000_3_clip_181.mp4,25.0,250,10.0
clips/ruminate/00000000082000000_3_clip_182.mp4,00000000082000000_3_clip_182.mp4,25.0,250,10.0
clips/ruminate/00000000082000000_3_clip_183.mp4,00000000082000000_3_clip_183.mp4,25.0,250,10.0
clips/ruminate/00000000082000000_3_clip_184.mp4,00000000082000000_3_clip_184.mp4,25.0,250,10.0
clips/ruminate/00000000082000000_3_clip_185.mp4,00000000082000000_3_clip_185.mp4,25.0,250,10.0
clips/ruminate/00000000082000000_3_clip_186.mp4,00000000082000000_3_clip_186.mp4,25.0,2,0.08
clips/ruminate/00000000082000000_3_clip_59.mp4,00000000082000000_3_clip_59.mp4,25.0,250,10.0
clips/ruminate/00000000082000000_3_clip_60.mp4,00000000082000000_3_clip_60.mp4,25.0,250,10.0
clips/ruminate/00000000082000000_3_clip_61.mp4,00000000082000000_3_clip_61.mp4,25.0,250,10.0
clips/ruminate/00000000082000000_3_clip_62.mp4,00000000082000000_3_clip_62.mp4,25.0,250,10.0
clips/ruminate/00000000082000000_3_clip_64.mp4,00000000082000000_3_clip_64.mp4,25.0,250,10.0
clips/ruminate/00000000082000000_3_clip_65.mp4,00000000082000000_3_clip_65.mp4,25.0,250,10.0
clips/ruminate/00000000082000000_3_clip_66.mp4,00000000082000000_3_clip_66.mp4,25.0,250,10.0
clips/ruminate/00000000082000000_3_clip_67.mp4,00000000082000000_3_clip_67.mp4,25.0,250,10.0
clips/ruminate/00000000082000000_3_clip_68.mp4,00000000082000000_3_clip_68.mp4,25.0,250,10.0
clips/ruminate/00000000082000000_3_clip_69.mp4,00000000082000000_3_clip_69.mp4,25.0,250,10.0
clips/ruminate/00000000082000000_3_clip_70.mp4,00000000082000000_3_clip_70.mp4,25.0,250,10.0
clips/ruminate/00000000082000000_3_clip_71.mp4,00000000082000000_3_clip_71.mp4,25.0,250,10.0
clips/ruminate/00000000082000000_3_clip_72.mp4,00000000082000000_3_clip_72.mp4,25.0,250,10.0
clips/ruminate/00000000082000000_3_clip_73.mp4,00000000082000000_3_clip_73.mp4,25.0,250,10.0
clips/ruminate/00000000082000000_3_clip_74.mp4,00000000082000000_3_clip_74.mp4,25.0,250,10.0
clips/ruminate/00000000082000000_3_clip_75.mp4,00000000082000000_3_clip_75.mp4,25.0,250,10.0
clips/ruminate/00000000082000000_3_clip_76.mp4,00000000082000000_3_clip_76.mp4,25.0,250,10.0
clips/ruminate/00000000082000000_3_clip_77.mp4,00000000082000000_3_clip_77.mp4,25.0,250,10.0
clips/ruminate/00000000082000000_3_clip_78.mp4,00000000082000000_3_clip_78.mp4,25.0,250,10.0
clips/ruminate/00000000082000000_3_clip_79.mp4,00000000082000000_3_clip_79.mp4,25.0,250,10.0
clips/ruminate/00000000082000000_3_clip_80.mp4,00000000082000000_3_clip_80.mp4,25.0,250,10.0
clips/ruminate/00000000082000000_3_clip_81.mp4,00000000082000000_3_clip_81.mp4,25.0,250,10.0
clips/ruminate/00000000082000000_3_clip_82.mp4,00000000082000000_3_clip_82.mp4,25.0,250,10.0
clips/ruminate/00000000082000000_3_clip_83.mp4,00000000082000000_3_clip_83.mp4,25.0,250,10.0
clips/ruminate/00000000082000000_3_clip_84.mp4,00000000082000000_3_clip_84.mp4,25.0,250,10.0
clips/ruminate/00000000082000000_3_clip_85.mp4,00000000082000000_3_clip_85.mp4,25.0,250,10.0
clips/ruminate/00000000082000000_3_clip_86.mp4,00000000082000000_3_clip_86.mp4,25.0,250,10.0
clips/ruminate/00000000082000000_3_clip_87.mp4,00000000082000000_3_clip_87.mp4,25.0,250,10.0
clips/ruminate/00000000082000000_3_clip_88.mp4,00000000082000000_3_clip_88.mp4,25.0,250,10.0
clips/ruminate/00000000082000000_3_clip_89.mp4,00000000082000000_3_clip_89.mp4,25.0,250,10.0
clips/ruminate/00000000082000000_3_clip_90.mp4,00000000082000000_3_clip_90.mp4,25.0,250,10.0
clips/ruminate/00000000082000000_3_clip_91.mp4,00000000082000000_3_clip_91.mp4,25.0,250,10.0
clips/ruminate/00000000082000000_3_clip_92.mp4,00000000082000000_3_clip_92.mp4,25.0,250,10.0
clips/ruminate/00000000082000000_3_clip_93.mp4,00000000082000000_3_clip_93.mp4,25.0,250,10.0
clips/ruminate/00000000082000000_3_clip_94.mp4,00000000082000000_3_clip_94.mp4,25.0,250,10.0
clips/ruminate/00000000082000000_3_clip_96.mp4,00000000082000000_3_clip_96.mp4,25.0,250,10.0
clips/ruminate/00000000082000000_3_clip_97.mp4,00000000082000000_3_clip_97.mp4,25.0,250,10.0
clips/ruminate/00000000082000000_4_clip_4.mp4,00000000082000000_4_clip_4.mp4,25.0,250,10.0
clips/ruminate/00000000082000000_4_clip_5.mp4,00000000082000000_4_clip_5.mp4,25.0,244,9.76
clips/ruminate/00000000082000000_55_clip_100.mp4,00000000082000000_55_clip_100.mp4,25.0,250,10.0
clips/ruminate/00000000082000000_55_clip_101.mp4,00000000082000000_55_clip_101.mp4,25.0,250,10.0
clips/ruminate/00000000082000000_55_clip_102.mp4,00000000082000000_55_clip_102.mp4,25.0,250,10.0
clips/ruminate/00000000082000000_55_clip_103.mp4,00000000082000000_55_clip_103.mp4,25.0,250,10.0
clips/ruminate/00000000082000000_55_clip_104.mp4,00000000082000000_55_clip_104.mp4,25.0,250,10.0
clips/ruminate/00000000082000000_55_clip_105.mp4,00000000082000000_55_clip_105.mp4,25.0,250,10.0
clips/ruminate/00000000082000000_55_clip_106.mp4,00000000082000000_55_clip_106.mp4,25.0,250,10.0
clips/ruminate/00000000082000000_55_clip_107.mp4,00000000082000000_55_clip_107.mp4,25.0,250,10.0
clips/ruminate/00000000082000000_55_clip_108.mp4,00000000082000000_55_clip_108.mp4,25.0,250,10.0
clips/ruminate/00000000082000000_55_clip_109.mp4,00000000082000000_55_clip_109.mp4,25.0,250,10.0
clips/ruminate/00000000082000000_55_clip_110.mp4,00000000082000000_55_clip_110.mp4,25.0,250,10.0
clips/ruminate/00000000082000000_55_clip_111.mp4,00000000082000000_55_clip_111.mp4,25.0,250,10.0
clips/ruminate/00000000082000000_55_clip_112.mp4,00000000082000000_55_clip_112.mp4,25.0,250,10.0
clips/ruminate/00000000082000000_55_clip_113.mp4,00000000082000000_55_clip_113.mp4,25.0,250,10.0
clips/ruminate/00000000082000000_55_clip_114.mp4,00000000082000000_55_clip_114.mp4,25.0,250,10.0
clips/ruminate/00000000082000000_55_clip_115.mp4,00000000082000000_55_clip_115.mp4,25.0,250,10.0
clips/ruminate/00000000082000000_55_clip_116.mp4,00000000082000000_55_clip_116.mp4,25.0,250,10.0
clips/ruminate/00000000082000000_55_clip_117.mp4,00000000082000000_55_clip_117.mp4,25.0,250,10.0
clips/ruminate/00000000082000000_55_clip_118.mp4,00000000082000000_55_clip_118.mp4,25.0,250,10.0
clips/ruminate/00000000082000000_55_clip_119.mp4,00000000082000000_55_clip_119.mp4,25.0,250,10.0
clips/ruminate/00000000082000000_55_clip_120.mp4,00000000082000000_55_clip_120.mp4,25.0,250,10.0
clips/ruminate/00000000082000000_55_clip_121.mp4,00000000082000000_55_clip_121.mp4,25.0,250,10.0
clips/ruminate/00000000082000000_55_clip_122.mp4,00000000082000000_55_clip_122.mp4,25.0,250,10.0
clips/ruminate/00000000082000000_55_clip_123.mp4,00000000082000000_55_clip_123.mp4,25.0,250,10.0
clips/ruminate/00000000082000000_55_clip_124.mp4,00000000082000000_55_clip_124.mp4,25.0,250,10.0
clips/ruminate/00000000082000000_55_clip_125.mp4,00000000082000000_55_clip_125.mp4,25.0,250,10.0
clips/ruminate/00000000082000000_55_clip_126.mp4,00000000082000000_55_clip_126.mp4,25.0,250,10.0
clips/ruminate/00000000082000000_55_clip_127.mp4,00000000082000000_55_clip_127.mp4,25.0,250,10.0
clips/ruminate/00000000082000000_55_clip_128.mp4,00000000082000000_55_clip_128.mp4,25.0,250,10.0
clips/ruminate/00000000082000000_55_clip_129.mp4,00000000082000000_55_clip_129.mp4,25.0,250,10.0
clips/ruminate/00000000082000000_55_clip_130.mp4,00000000082000000_55_clip_130.mp4,25.0,250,10.0
clips/ruminate/00000000082000000_55_clip_131.mp4,00000000082000000_55_clip_131.mp4,25.0,250,10.0
clips/ruminate/00000000082000000_55_clip_132.mp4,00000000082000000_55_clip_132.mp4,25.0,250,10.0
clips/ruminate/00000000082000000_55_clip_133.mp4,00000000082000000_55_clip_133.mp4,25.0,250,10.0
clips/ruminate/00000000082000000_55_clip_134.mp4,00000000082000000_55_clip_134.mp4,25.0,250,10.0
clips/ruminate/00000000082000000_55_clip_135.mp4,00000000082000000_55_clip_135.mp4,25.0,250,10.0
clips/ruminate/00000000082000000_55_clip_136.mp4,00000000082000000_55_clip_136.mp4,25.0,250,10.0
clips/ruminate/00000000082000000_55_clip_137.mp4,00000000082000000_55_clip_137.mp4,25.0,250,10.0
clips/ruminate/00000000082000000_55_clip_65.mp4,00000000082000000_55_clip_65.mp4,25.0,250,10.0
clips/ruminate/00000000082000000_55_clip_66.mp4,00000000082000000_55_clip_66.mp4,25.0,250,10.0
clips/ruminate/00000000082000000_55_clip_67.mp4,00000000082000000_55_clip_67.mp4,25.0,250,10.0
clips/ruminate/00000000082000000_55_clip_68.mp4,00000000082000000_55_clip_68.mp4,25.0,250,10.0
clips/ruminate/00000000082000000_55_clip_69.mp4,00000000082000000_55_clip_69.mp4,25.0,250,10.0
clips/ruminate/00000000082000000_55_clip_70.mp4,00000000082000000_55_clip_70.mp4,25.0,250,10.0
clips/ruminate/00000000082000000_55_clip_71.mp4,00000000082000000_55_clip_71.mp4,25.0,250,10.0
clips/ruminate/00000000082000000_55_clip_72.mp4,00000000082000000_55_clip_72.mp4,25.0,250,10.0
clips/ruminate/00000000082000000_55_clip_73.mp4,00000000082000000_55_clip_73.mp4,25.0,250,10.0
clips/ruminate/00000000082000000_55_clip_74.mp4,00000000082000000_55_clip_74.mp4,25.0,250,10.0
clips/ruminate/00000000082000000_55_clip_75.mp4,00000000082000000_55_clip_75.mp4,25.0,250,10.0
clips/ruminate/00000000082000000_55_clip_76.mp4,00000000082000000_55_clip_76.mp4,25.0,250,10.0
clips/ruminate/00000000082000000_55_clip_77.mp4,00000000082000000_55_clip_77.mp4,25.0,250,10.0
clips/ruminate/00000000082000000_55_clip_78.mp4,00000000082000000_55_clip_78.mp4,25.0,250,10.0
clips/ruminate/00000000082000000_55_clip_79.mp4,00000000082000000_55_clip_79.mp4,25.0,250,10.0
clips/ruminate/00000000082000000_55_clip_80.mp4,00000000082000000_55_clip_80.mp4,25.0,250,10.0
clips/ruminate/00000000082000000_55_clip_81.mp4,00000000082000000_55_clip_81.mp4,25.0,250,10.0
clips/ruminate/00000000082000000_55_clip_82.mp4,00000000082000000_55_clip_82.mp4,25.0,250,10.0
clips/ruminate/00000000082000000_55_clip_83.mp4,00000000082000000_55_clip_83.mp4,25.0,250,10.0
clips/ruminate/00000000082000000_55_clip_84.mp4,00000000082000000_55_clip_84.mp4,25.0,250,10.0
clips/ruminate/00000000082000000_55_clip_85.mp4,00000000082000000_55_clip_85.mp4,25.0,250,10.0
clips/ruminate/00000000082000000_55_clip_86.mp4,00000000082000000_55_clip_86.mp4,25.0,250,10.0
clips/ruminate/00000000082000000_55_clip_87.mp4,00000000082000000_55_clip_87.mp4,25.0,250,10.0
clips/ruminate/00000000082000000_55_clip_88.mp4,00000000082000000_55_clip_88.mp4,25.0,250,10.0
clips/ruminate/00000000082000000_55_clip_89.mp4,00000000082000000_55_clip_89.mp4,25.0,250,10.0
clips/ruminate/00000000082000000_55_clip_90.mp4,00000000082000000_55_clip_90.mp4,25.0,250,10.0
clips/ruminate/00000000082000000_55_clip_91.mp4,00000000082000000_55_clip_91.mp4,25.0,250,10.0
clips/ruminate/00000000082000000_55_clip_92.mp4,00000000082000000_55_clip_92.mp4,25.0,250,10.0
clips/ruminate/00000000082000000_55_clip_93.mp4,00000000082000000_55_clip_93.mp4,25.0,250,10.0
clips/ruminate/00000000082000000_55_clip_94.mp4,00000000082000000_55_clip_94.mp4,25.0,250,10.0
clips/ruminate/00000000082000000_55_clip_95.mp4,00000000082000000_55_clip_95.mp4,25.0,250,10.0
clips/ruminate/00000000082000000_55_clip_96.mp4,00000000082000000_55_clip_96.mp4,25.0,250,10.0
clips/ruminate/00000000082000000_55_clip_97.mp4,00000000082000000_55_clip_97.mp4,25.0,250,10.0
clips/ruminate/00000000082000000_55_clip_98.mp4,00000000082000000_55_clip_98.mp4,25.0,250,10.0
clips/ruminate/00000000082000000_55_clip_99.mp4,00000000082000000_55_clip_99.mp4,25.0,250,10.0
clips/ruminate/00000000082000000_5_clip_0.mp4,00000000082000000_5_clip_0.mp4,25.0,250,10.0
clips/ruminate/00000000082000000_5_clip_1.mp4,00000000082000000_5_clip_1.mp4,25.0,250,10.0
clips/ruminate/00000000082000000_5_clip_10.mp4,00000000082000000_5_clip_10.mp4,25.0,250,10.0
clips/ruminate/00000000082000000_5_clip_100.mp4,00000000082000000_5_clip_100.mp4,25.0,250,10.0
clips/ruminate/00000000082000000_5_clip_101.mp4,00000000082000000_5_clip_101.mp4,25.0,250,10.0
clips/ruminate/00000000082000000_5_clip_102.mp4,00000000082000000_5_clip_102.mp4,25.0,250,10.0
clips/ruminate/00000000082000000_5_clip_103.mp4,00000000082000000_5_clip_103.mp4,25.0,250,10.0
clips/ruminate/00000000082000000_5_clip_104.mp4,00000000082000000_5_clip_104.mp4,25.0,250,10.0
clips/ruminate/00000000082000000_5_clip_105.mp4,00000000082000000_5_clip_105.mp4,25.0,250,10.0
clips/ruminate/00000000082000000_5_clip_11.mp4,00000000082000000_5_clip_11.mp4,25.0,250,10.0
clips/ruminate/00000000082000000_5_clip_12.mp4,00000000082000000_5_clip_12.mp4,25.0,250,10.0
clips/ruminate/00000000082000000_5_clip_120.mp4,00000000082000000_5_clip_120.mp4,25.0,250,10.0
clips/ruminate/00000000082000000_5_clip_121.mp4,00000000082000000_5_clip_121.mp4,25.0,250,10.0
clips/ruminate/00000000082000000_5_clip_122.mp4,00000000082000000_5_clip_122.mp4,25.0,250,10.0
clips/ruminate/00000000082000000_5_clip_123.mp4,00000000082000000_5_clip_123.mp4,25.0,250,10.0
clips/ruminate/00000000082000000_5_clip_124.mp4,00000000082000000_5_clip_124.mp4,25.0,250,10.0
clips/ruminate/00000000082000000_5_clip_125.mp4,00000000082000000_5_clip_125.mp4,25.0,250,10.0
clips/ruminate/00000000082000000_5_clip_126.mp4,00000000082000000_5_clip_126.mp4,25.0,250,10.0
clips/ruminate/00000000082000000_5_clip_127.mp4,00000000082000000_5_clip_127.mp4,25.0,250,10.0
clips/ruminate/00000000082000000_5_clip_128.mp4,00000000082000000_5_clip_128.mp4,25.0,250,10.0
clips/ruminate/00000000082000000_5_clip_129.mp4,00000000082000000_5_clip_129.mp4,25.0,250,10.0
clips/ruminate/00000000082000000_5_clip_13.mp4,00000000082000000_5_clip_13.mp4,25.0,250,10.0
clips/ruminate/00000000082000000_5_clip_130.mp4,00000000082000000_5_clip_130.mp4,25.0,250,10.0
clips/ruminate/00000000082000000_5_clip_131.mp4,00000000082000000_5_clip_131.mp4,25.0,250,10.0
clips/ruminate/00000000082000000_5_clip_132.mp4,00000000082000000_5_clip_132.mp4,25.0,250,10.0
clips/ruminate/00000000082000000_5_clip_133.mp4,00000000082000000_5_clip_133.mp4,25.0,250,10.0
clips/ruminate/00000000082000000_5_clip_134.mp4,00000000082000000_5_clip_134.mp4,25.0,250,10.0
clips/ruminate/00000000082000000_5_clip_135.mp4,00000000082000000_5_clip_135.mp4,25.0,250,10.0
clips/ruminate/00000000082000000_5_clip_136.mp4,00000000082000000_5_clip_136.mp4,25.0,250,10.0
clips/ruminate/00000000082000000_5_clip_137.mp4,00000000082000000_5_clip_137.mp4,25.0,250,10.0
clips/ruminate/00000000082000000_5_clip_138.mp4,00000000082000000_5_clip_138.mp4,25.0,250,10.0
clips/ruminate/00000000082000000_5_clip_139.mp4,00000000082000000_5_clip_139.mp4,25.0,250,10.0
clips/ruminate/00000000082000000_5_clip_14.mp4,00000000082000000_5_clip_14.mp4,25.0,250,10.0
clips/ruminate/00000000082000000_5_clip_140.mp4,00000000082000000_5_clip_140.mp4,25.0,250,10.0
clips/ruminate/00000000082000000_5_clip_141.mp4,00000000082000000_5_clip_141.mp4,25.0,250,10.0
clips/ruminate/00000000082000000_5_clip_142.mp4,00000000082000000_5_clip_142.mp4,25.0,250,10.0
clips/ruminate/00000000082000000_5_clip_143.mp4,00000000082000000_5_clip_143.mp4,25.0,250,10.0
clips/ruminate/00000000082000000_5_clip_144.mp4,00000000082000000_5_clip_144.mp4,25.0,250,10.0
clips/ruminate/00000000082000000_5_clip_145.mp4,00000000082000000_5_clip_145.mp4,25.0,250,10.0
clips/ruminate/00000000082000000_5_clip_146.mp4,00000000082000000_5_clip_146.mp4,25.0,250,10.0
clips/ruminate/00000000082000000_5_clip_147.mp4,00000000082000000_5_clip_147.mp4,25.0,250,10.0
clips/ruminate/00000000082000000_5_clip_148.mp4,00000000082000000_5_clip_148.mp4,25.0,250,10.0
clips/ruminate/00000000082000000_5_clip_149.mp4,00000000082000000_5_clip_149.mp4,25.0,250,10.0
clips/ruminate/00000000082000000_5_clip_15.mp4,00000000082000000_5_clip_15.mp4,25.0,250,10.0
clips/ruminate/00000000082000000_5_clip_150.mp4,00000000082000000_5_clip_150.mp4,25.0,250,10.0
clips/ruminate/00000000082000000_5_clip_151.mp4,00000000082000000_5_clip_151.mp4,25.0,250,10.0
clips/ruminate/00000000082000000_5_clip_152.mp4,00000000082000000_5_clip_152.mp4,25.0,250,10.0
clips/ruminate/00000000082000000_5_clip_153.mp4,00000000082000000_5_clip_153.mp4,25.0,250,10.0
clips/ruminate/00000000082000000_5_clip_154.mp4,00000000082000000_5_clip_154.mp4,25.0,250,10.0
clips/ruminate/00000000082000000_5_clip_155.mp4,00000000082000000_5_clip_155.mp4,25.0,250,10.0
clips/ruminate/00000000082000000_5_clip_156.mp4,00000000082000000_5_clip_156.mp4,25.0,250,10.0
clips/ruminate/00000000082000000_5_clip_157.mp4,00000000082000000_5_clip_157.mp4,25.0,250,10.0
clips/ruminate/00000000082000000_5_clip_158.mp4,00000000082000000_5_clip_158.mp4,25.0,250,10.0
clips/ruminate/00000000082000000_5_clip_159.mp4,00000000082000000_5_clip_159.mp4,25.0,250,10.0
clips/ruminate/00000000082000000_5_clip_16.mp4,00000000082000000_5_clip_16.mp4,25.0,250,10.0
clips/ruminate/00000000082000000_5_clip_160.mp4,00000000082000000_5_clip_160.mp4,25.0,250,10.0
clips/ruminate/00000000082000000_5_clip_161.mp4,00000000082000000_5_clip_161.mp4,25.0,250,10.0
clips/ruminate/00000000082000000_5_clip_162.mp4,00000000082000000_5_clip_162.mp4,25.0,250,10.0
clips/ruminate/00000000082000000_5_clip_163.mp4,00000000082000000_5_clip_163.mp4,25.0,250,10.0
clips/ruminate/00000000082000000_5_clip_164.mp4,00000000082000000_5_clip_164.mp4,25.0,250,10.0
clips/ruminate/00000000082000000_5_clip_165.mp4,00000000082000000_5_clip_165.mp4,25.0,250,10.0
clips/ruminate/00000000082000000_5_clip_166.mp4,00000000082000000_5_clip_166.mp4,25.0,250,10.0
clips/ruminate/00000000082000000_5_clip_167.mp4,00000000082000000_5_clip_167.mp4,25.0,250,10.0
clips/ruminate/00000000082000000_5_clip_168.mp4,00000000082000000_5_clip_168.mp4,25.0,250,10.0
clips/ruminate/00000000082000000_5_clip_169.mp4,00000000082000000_5_clip_169.mp4,25.0,250,10.0
clips/ruminate/00000000082000000_5_clip_17.mp4,00000000082000000_5_clip_17.mp4,25.0,250,10.0
clips/ruminate/00000000082000000_5_clip_170.mp4,00000000082000000_5_clip_170.mp4,25.0,250,10.0
clips/ruminate/00000000082000000_5_clip_171.mp4,00000000082000000_5_clip_171.mp4,25.0,250,10.0
clips/ruminate/00000000082000000_5_clip_172.mp4,00000000082000000_5_clip_172.mp4,25.0,250,10.0
clips/ruminate/00000000082000000_5_clip_173.mp4,00000000082000000_5_clip_173.mp4,25.0,250,10.0
clips/ruminate/00000000082000000_5_clip_174.mp4,00000000082000000_5_clip_174.mp4,25.0,250,10.0
clips/ruminate/00000000082000000_5_clip_175.mp4,00000000082000000_5_clip_175.mp4,25.0,250,10.0
clips/ruminate/00000000082000000_5_clip_176.mp4,00000000082000000_5_clip_176.mp4,25.0,250,10.0
clips/ruminate/00000000082000000_5_clip_177.mp4,00000000082000000_5_clip_177.mp4,25.0,250,10.0
clips/ruminate/00000000082000000_5_clip_178.mp4,00000000082000000_5_clip_178.mp4,25.0,250,10.0
clips/ruminate/00000000082000000_5_clip_179.mp4,00000000082000000_5_clip_179.mp4,25.0,250,10.0
clips/ruminate/00000000082000000_5_clip_18.mp4,00000000082000000_5_clip_18.mp4,25.0,250,10.0
clips/ruminate/00000000082000000_5_clip_180.mp4,00000000082000000_5_clip_180.mp4,25.0,250,10.0
clips/ruminate/00000000082000000_5_clip_181.mp4,00000000082000000_5_clip_181.mp4,25.0,250,10.0
clips/ruminate/00000000082000000_5_clip_182.mp4,00000000082000000_5_clip_182.mp4,25.0,250,10.0
clips/ruminate/00000000082000000_5_clip_183.mp4,00000000082000000_5_clip_183.mp4,25.0,250,10.0
clips/ruminate/00000000082000000_5_clip_184.mp4,00000000082000000_5_clip_184.mp4,25.0,250,10.0
clips/ruminate/00000000082000000_5_clip_185.mp4,00000000082000000_5_clip_185.mp4,25.0,250,10.0
clips/ruminate/00000000082000000_5_clip_186.mp4,00000000082000000_5_clip_186.mp4,25.0,10,0.4
clips/ruminate/00000000082000000_5_clip_19.mp4,00000000082000000_5_clip_19.mp4,25.0,250,10.0
clips/ruminate/00000000082000000_5_clip_2.mp4,00000000082000000_5_clip_2.mp4,25.0,250,10.0
clips/ruminate/00000000082000000_5_clip_20.mp4,00000000082000000_5_clip_20.mp4,25.0,250,10.0
clips/ruminate/00000000082000000_5_clip_21.mp4,00000000082000000_5_clip_21.mp4,25.0,250,10.0
clips/ruminate/00000000082000000_5_clip_22.mp4,00000000082000000_5_clip_22.mp4,25.0,250,10.0
clips/ruminate/00000000082000000_5_clip_23.mp4,00000000082000000_5_clip_23.mp4,25.0,250,10.0
clips/ruminate/00000000082000000_5_clip_24.mp4,00000000082000000_5_clip_24.mp4,25.0,250,10.0
clips/ruminate/00000000082000000_5_clip_25.mp4,00000000082000000_5_clip_25.mp4,25.0,250,10.0
clips/ruminate/00000000082000000_5_clip_26.mp4,00000000082000000_5_clip_26.mp4,25.0,250,10.0
clips/ruminate/00000000082000000_5_clip_27.mp4,00000000082000000_5_clip_27.mp4,25.0,250,10.0
clips/ruminate/00000000082000000_5_clip_28.mp4,00000000082000000_5_clip_28.mp4,25.0,250,10.0
clips/ruminate/00000000082000000_5_clip_29.mp4,00000000082000000_5_clip_29.mp4,25.0,250,10.0
clips/ruminate/00000000082000000_5_clip_3.mp4,00000000082000000_5_clip_3.mp4,25.0,250,10.0
clips/ruminate/00000000082000000_5_clip_30.mp4,00000000082000000_5_clip_30.mp4,25.0,250,10.0
clips/ruminate/00000000082000000_5_clip_31.mp4,00000000082000000_5_clip_31.mp4,25.0,250,10.0
clips/ruminate/00000000082000000_5_clip_32.mp4,00000000082000000_5_clip_32.mp4,25.0,250,10.0
clips/ruminate/00000000082000000_5_clip_33.mp4,00000000082000000_5_clip_33.mp4,25.0,250,10.0
clips/ruminate/00000000082000000_5_clip_34.mp4,00000000082000000_5_clip_34.mp4,25.0,250,10.0
clips/ruminate/00000000082000000_5_clip_35.mp4,00000000082000000_5_clip_35.mp4,25.0,250,10.0
clips/ruminate/00000000082000000_5_clip_36.mp4,00000000082000000_5_clip_36.mp4,25.0,250,10.0
clips/ruminate/00000000082000000_5_clip_37.mp4,00000000082000000_5_clip_37.mp4,25.0,250,10.0
clips/ruminate/00000000082000000_5_clip_38.mp4,00000000082000000_5_clip_38.mp4,25.0,250,10.0
clips/ruminate/00000000082000000_5_clip_39.mp4,00000000082000000_5_clip_39.mp4,25.0,250,10.0
clips/ruminate/00000000082000000_5_clip_4.mp4,00000000082000000_5_clip_4.mp4,25.0,250,10.0
clips/ruminate/00000000082000000_5_clip_40.mp4,00000000082000000_5_clip_40.mp4,25.0,250,10.0
clips/ruminate/00000000082000000_5_clip_41.mp4,00000000082000000_5_clip_41.mp4,25.0,250,10.0
clips/ruminate/00000000082000000_5_clip_42.mp4,00000000082000000_5_clip_42.mp4,25.0,250,10.0
clips/ruminate/00000000082000000_5_clip_43.mp4,00000000082000000_5_clip_43.mp4,25.0,250,10.0
clips/ruminate/00000000082000000_5_clip_44.mp4,00000000082000000_5_clip_44.mp4,25.0,250,10.0
clips/ruminate/00000000082000000_5_clip_45.mp4,00000000082000000_5_clip_45.mp4,25.0,250,10.0
clips/ruminate/00000000082000000_5_clip_46.mp4,00000000082000000_5_clip_46.mp4,25.0,250,10.0
clips/ruminate/00000000082000000_5_clip_47.mp4,00000000082000000_5_clip_47.mp4,25.0,250,10.0
clips/ruminate/00000000082000000_5_clip_48.mp4,00000000082000000_5_clip_48.mp4,25.0,250,10.0
clips/ruminate/00000000082000000_5_clip_49.mp4,00000000082000000_5_clip_49.mp4,25.0,250,10.0
clips/ruminate/00000000082000000_5_clip_5.mp4,00000000082000000_5_clip_5.mp4,25.0,250,10.0
clips/ruminate/00000000082000000_5_clip_50.mp4,00000000082000000_5_clip_50.mp4,25.0,250,10.0
clips/ruminate/00000000082000000_5_clip_51.mp4,00000000082000000_5_clip_51.mp4,25.0,250,10.0
clips/ruminate/00000000082000000_5_clip_52.mp4,00000000082000000_5_clip_52.mp4,25.0,250,10.0
clips/ruminate/00000000082000000_5_clip_53.mp4,00000000082000000_5_clip_53.mp4,25.0,250,10.0
clips/ruminate/00000000082000000_5_clip_54.mp4,00000000082000000_5_clip_54.mp4,25.0,250,10.0
clips/ruminate/00000000082000000_5_clip_55.mp4,00000000082000000_5_clip_55.mp4,25.0,250,10.0
clips/ruminate/00000000082000000_5_clip_56.mp4,00000000082000000_5_clip_56.mp4,25.0,250,10.0
clips/ruminate/00000000082000000_5_clip_57.mp4,00000000082000000_5_clip_57.mp4,25.0,250,10.0
clips/ruminate/00000000082000000_5_clip_58.mp4,00000000082000000_5_clip_58.mp4,25.0,250,10.0
clips/ruminate/00000000082000000_5_clip_59.mp4,00000000082000000_5_clip_59.mp4,25.0,250,10.0
clips/ruminate/00000000082000000_5_clip_6.mp4,00000000082000000_5_clip_6.mp4,25.0,250,10.0
clips/ruminate/00000000082000000_5_clip_60.mp4,00000000082000000_5_clip_60.mp4,25.0,250,10.0
clips/ruminate/00000000082000000_5_clip_61.mp4,00000000082000000_5_clip_61.mp4,25.0,250,10.0
clips/ruminate/00000000082000000_5_clip_62.mp4,00000000082000000_5_clip_62.mp4,25.0,250,10.0
clips/ruminate/00000000082000000_5_clip_63.mp4,00000000082000000_5_clip_63.mp4,25.0,250,10.0
clips/ruminate/00000000082000000_5_clip_64.mp4,00000000082000000_5_clip_64.mp4,25.0,250,10.0
clips/ruminate/00000000082000000_5_clip_65.mp4,00000000082000000_5_clip_65.mp4,25.0,250,10.0
clips/ruminate/00000000082000000_5_clip_66.mp4,00000000082000000_5_clip_66.mp4,25.0,250,10.0
clips/ruminate/00000000082000000_5_clip_67.mp4,00000000082000000_5_clip_67.mp4,25.0,250,10.0
clips/ruminate/00000000082000000_5_clip_68.mp4,00000000082000000_5_clip_68.mp4,25.0,250,10.0
clips/ruminate/00000000082000000_5_clip_69.mp4,00000000082000000_5_clip_69.mp4,25.0,250,10.0
clips/ruminate/00000000082000000_5_clip_7.mp4,00000000082000000_5_clip_7.mp4,25.0,250,10.0
clips/ruminate/00000000082000000_5_clip_70.mp4,00000000082000000_5_clip_70.mp4,25.0,250,10.0
clips/ruminate/00000000082000000_5_clip_71.mp4,00000000082000000_5_clip_71.mp4,25.0,250,10.0
clips/ruminate/00000000082000000_5_clip_72.mp4,00000000082000000_5_clip_72.mp4,25.0,250,10.0
clips/ruminate/00000000082000000_5_clip_73.mp4,00000000082000000_5_clip_73.mp4,25.0,250,10.0
clips/ruminate/00000000082000000_5_clip_74.mp4,00000000082000000_5_clip_74.mp4,25.0,250,10.0
clips/ruminate/00000000082000000_5_clip_75.mp4,00000000082000000_5_clip_75.mp4,25.0,250,10.0
clips/ruminate/00000000082000000_5_clip_76.mp4,00000000082000000_5_clip_76.mp4,25.0,250,10.0
clips/ruminate/00000000082000000_5_clip_77.mp4,00000000082000000_5_clip_77.mp4,25.0,250,10.0
clips/ruminate/00000000082000000_5_clip_78.mp4,00000000082000000_5_clip_78.mp4,25.0,250,10.0
clips/ruminate/00000000082000000_5_clip_79.mp4,00000000082000000_5_clip_79.mp4,25.0,250,10.0
clips/ruminate/00000000082000000_5_clip_8.mp4,00000000082000000_5_clip_8.mp4,25.0,250,10.0
clips/ruminate/00000000082000000_5_clip_80.mp4,00000000082000000_5_clip_80.mp4,25.0,250,10.0
clips/ruminate/00000000082000000_5_clip_81.mp4,00000000082000000_5_clip_81.mp4,25.0,250,10.0
clips/ruminate/00000000082000000_5_clip_82.mp4,00000000082000000_5_clip_82.mp4,25.0,250,10.0
clips/ruminate/00000000082000000_5_clip_83.mp4,00000000082000000_5_clip_83.mp4,25.0,250,10.0
clips/ruminate/00000000082000000_5_clip_84.mp4,00000000082000000_5_clip_84.mp4,25.0,250,10.0
clips/ruminate/00000000082000000_5_clip_85.mp4,00000000082000000_5_clip_85.mp4,25.0,250,10.0
clips/ruminate/00000000082000000_5_clip_86.mp4,00000000082000000_5_clip_86.mp4,25.0,250,10.0
clips/ruminate/00000000082000000_5_clip_87.mp4,00000000082000000_5_clip_87.mp4,25.0,250,10.0
clips/ruminate/00000000082000000_5_clip_88.mp4,00000000082000000_5_clip_88.mp4,25.0,250,10.0
clips/ruminate/00000000082000000_5_clip_89.mp4,00000000082000000_5_clip_89.mp4,25.0,250,10.0
clips/ruminate/00000000082000000_5_clip_9.mp4,00000000082000000_5_clip_9.mp4,25.0,250,10.0
clips/ruminate/00000000082000000_5_clip_90.mp4,00000000082000000_5_clip_90.mp4,25.0,250,10.0
clips/ruminate/00000000082000000_5_clip_91.mp4,00000000082000000_5_clip_91.mp4,25.0,250,10.0
clips/ruminate/00000000082000000_5_clip_92.mp4,00000000082000000_5_clip_92.mp4,25.0,250,10.0
clips/ruminate/00000000082000000_5_clip_93.mp4,00000000082000000_5_clip_93.mp4,25.0,250,10.0
clips/ruminate/00000000082000000_5_clip_94.mp4,00000000082000000_5_clip_94.mp4,25.0,250,10.0
clips/ruminate/00000000082000000_5_clip_95.mp4,00000000082000000_5_clip_95.mp4,25.0,250,10.0
clips/ruminate/00000000082000000_5_clip_96.mp4,00000000082000000_5_clip_96.mp4,25.0,250,10.0
clips/ruminate/00000000082000000_5_clip_97.mp4,00000000082000000_5_clip_97.mp4,25.0,250,10.0
clips/ruminate/00000000082000000_5_clip_98.mp4,00000000082000000_5_clip_98.mp4,25.0,250,10.0
clips/ruminate/00000000082000000_5_clip_99.mp4,00000000082000000_5_clip_99.mp4,25.0,250,10.0
clips/ruminate/00000000082000000_77_clip_39.mp4,00000000082000000_77_clip_39.mp4,25.0,250,10.0
clips/ruminate/00000000082000000_77_clip_40.mp4,00000000082000000_77_clip_40.mp4,25.0,250,10.0
clips/ruminate/00000000082000000_77_clip_41.mp4,00000000082000000_77_clip_41.mp4,25.0,250,10.0
clips/ruminate/00000000082000000_77_clip_42.mp4,00000000082000000_77_clip_42.mp4,25.0,250,10.0
clips/ruminate/00000000082000000_77_clip_43.mp4,00000000082000000_77_clip_43.mp4,25.0,250,10.0
clips/ruminate/00000000082000000_77_clip_44.mp4,00000000082000000_77_clip_44.mp4,25.0,250,10.0
clips/ruminate/00000000082000000_77_clip_45.mp4,00000000082000000_77_clip_45.mp4,25.0,250,10.0
clips/ruminate/00000000082000000_77_clip_46.mp4,00000000082000000_77_clip_46.mp4,25.0,250,10.0
clips/ruminate/00000000082000000_77_clip_47.mp4,00000000082000000_77_clip_47.mp4,25.0,250,10.0
clips/ruminate/00000000082000000_77_clip_48.mp4,00000000082000000_77_clip_48.mp4,25.0,250,10.0
clips/ruminate/00000000082000000_77_clip_49.mp4,00000000082000000_77_clip_49.mp4,25.0,250,10.0
clips/ruminate/00000000082000000_77_clip_50.mp4,00000000082000000_77_clip_50.mp4,25.0,250,10.0
clips/ruminate/00000000082000000_77_clip_51.mp4,00000000082000000_77_clip_51.mp4,25.0,250,10.0
clips/ruminate/00000000082000000_77_clip_52.mp4,00000000082000000_77_clip_52.mp4,25.0,250,10.0
clips/ruminate/00000000082000000_77_clip_53.mp4,00000000082000000_77_clip_53.mp4,25.0,250,10.0
clips/ruminate/00000000082000000_77_clip_54.mp4,00000000082000000_77_clip_54.mp4,25.0,250,10.0
clips/ruminate/00000000082000000_77_clip_55.mp4,00000000082000000_77_clip_55.mp4,25.0,250,10.0
clips/ruminate/00000000082000000_77_clip_56.mp4,00000000082000000_77_clip_56.mp4,25.0,250,10.0
clips/ruminate/00000000082000000_77_clip_57.mp4,00000000082000000_77_clip_57.mp4,25.0,250,10.0
clips/ruminate/00000000082000000_77_clip_58.mp4,00000000082000000_77_clip_58.mp4,25.0,250,10.0
clips/ruminate/00000000082000000_77_clip_59.mp4,00000000082000000_77_clip_59.mp4,25.0,250,10.0
clips/ruminate/00000000082000000_77_clip_60.mp4,00000000082000000_77_clip_60.mp4,25.0,250,10.0
clips/ruminate/00000000082000000_77_clip_61.mp4,00000000082000000_77_clip_61.mp4,25.0,250,10.0
clips/ruminate/00000000082000000_77_clip_62.mp4,00000000082000000_77_clip_62.mp4,25.0,250,10.0
clips/ruminate/00000000082000000_77_clip_63.mp4,00000000082000000_77_clip_63.mp4,25.0,250,10.0
clips/ruminate/00000000082000000_77_clip_64.mp4,00000000082000000_77_clip_64.mp4,25.0,250,10.0
clips/ruminate/00000000082000000_77_clip_65.mp4,00000000082000000_77_clip_65.mp4,25.0,250,10.0
clips/ruminate/00000000109000000_3_clip_0.mp4,00000000109000000_3_clip_0.mp4,25.0,250,10.0
clips/ruminate/00000000109000000_3_clip_1.mp4,00000000109000000_3_clip_1.mp4,25.0,250,10.0
clips/ruminate/00000000109000000_3_clip_10.mp4,00000000109000000_3_clip_10.mp4,25.0,250,10.0
clips/ruminate/00000000109000000_3_clip_11.mp4,00000000109000000_3_clip_11.mp4,25.0,250,10.0
clips/ruminate/00000000109000000_3_clip_12.mp4,00000000109000000_3_clip_12.mp4,25.0,250,10.0
clips/ruminate/00000000109000000_3_clip_13.mp4,00000000109000000_3_clip_13.mp4,25.0,250,10.0
clips/ruminate/00000000109000000_3_clip_14.mp4,00000000109000000_3_clip_14.mp4,25.0,250,10.0
clips/ruminate/00000000109000000_3_clip_15.mp4,00000000109000000_3_clip_15.mp4,25.0,250,10.0
clips/ruminate/00000000109000000_3_clip_16.mp4,00000000109000000_3_clip_16.mp4,25.0,250,10.0
clips/ruminate/00000000109000000_3_clip_17.mp4,00000000109000000_3_clip_17.mp4,25.0,250,10.0
clips/ruminate/00000000109000000_3_clip_18.mp4,00000000109000000_3_clip_18.mp4,25.0,250,10.0
clips/ruminate/00000000109000000_3_clip_19.mp4,00000000109000000_3_clip_19.mp4,25.0,250,10.0
clips/ruminate/00000000109000000_3_clip_2.mp4,00000000109000000_3_clip_2.mp4,25.0,250,10.0
clips/ruminate/00000000109000000_3_clip_20.mp4,00000000109000000_3_clip_20.mp4,25.0,250,10.0
clips/ruminate/00000000109000000_3_clip_3.mp4,00000000109000000_3_clip_3.mp4,25.0,250,10.0
clips/ruminate/00000000109000000_3_clip_4.mp4,00000000109000000_3_clip_4.mp4,25.0,250,10.0
clips/ruminate/00000000109000000_3_clip_5.mp4,00000000109000000_3_clip_5.mp4,25.0,250,10.0
clips/ruminate/00000000109000000_3_clip_6.mp4,00000000109000000_3_clip_6.mp4,25.0,250,10.0
clips/ruminate/00000000109000000_3_clip_7.mp4,00000000109000000_3_clip_7.mp4,25.0,250,10.0
clips/ruminate/00000000109000000_3_clip_8.mp4,00000000109000000_3_clip_8.mp4,25.0,250,10.0
clips/ruminate/00000000109000000_3_clip_9.mp4,00000000109000000_3_clip_9.mp4,25.0,250,10.0
clips/ruminate/00000000109000000_4_clip_0.mp4,00000000109000000_4_clip_0.mp4,25.0,250,10.0
clips/ruminate/00000000109000000_4_clip_1.mp4,00000000109000000_4_clip_1.mp4,25.0,250,10.0
clips/ruminate/00000000109000000_4_clip_10.mp4,00000000109000000_4_clip_10.mp4,25.0,250,10.0
clips/ruminate/00000000109000000_4_clip_11.mp4,00000000109000000_4_clip_11.mp4,25.0,250,10.0
clips/ruminate/00000000109000000_4_clip_12.mp4,00000000109000000_4_clip_12.mp4,25.0,250,10.0
clips/ruminate/00000000109000000_4_clip_13.mp4,00000000109000000_4_clip_13.mp4,25.0,250,10.0
clips/ruminate/00000000109000000_4_clip_14.mp4,00000000109000000_4_clip_14.mp4,25.0,250,10.0
clips/ruminate/00000000109000000_4_clip_15.mp4,00000000109000000_4_clip_15.mp4,25.0,250,10.0
clips/ruminate/00000000109000000_4_clip_16.mp4,00000000109000000_4_clip_16.mp4,25.0,250,10.0
clips/ruminate/00000000109000000_4_clip_17.mp4,00000000109000000_4_clip_17.mp4,25.0,250,10.0
clips/ruminate/00000000109000000_4_clip_18.mp4,00000000109000000_4_clip_18.mp4,25.0,250,10.0
clips/ruminate/00000000109000000_4_clip_19.mp4,00000000109000000_4_clip_19.mp4,25.0,250,10.0
clips/ruminate/00000000109000000_4_clip_2.mp4,00000000109000000_4_clip_2.mp4,25.0,250,10.0
clips/ruminate/00000000109000000_4_clip_20.mp4,00000000109000000_4_clip_20.mp4,25.0,250,10.0
clips/ruminate/00000000109000000_4_clip_21.mp4,00000000109000000_4_clip_21.mp4,25.0,250,10.0
clips/ruminate/00000000109000000_4_clip_22.mp4,00000000109000000_4_clip_22.mp4,25.0,250,10.0
clips/ruminate/00000000109000000_4_clip_23.mp4,00000000109000000_4_clip_23.mp4,25.0,250,10.0
clips/ruminate/00000000109000000_4_clip_24.mp4,00000000109000000_4_clip_24.mp4,25.0,250,10.0
clips/ruminate/00000000109000000_4_clip_25.mp4,00000000109000000_4_clip_25.mp4,25.0,250,10.0
clips/ruminate/00000000109000000_4_clip_26.mp4,00000000109000000_4_clip_26.mp4,25.0,250,10.0
clips/ruminate/00000000109000000_4_clip_3.mp4,00000000109000000_4_clip_3.mp4,25.0,250,10.0
clips/ruminate/00000000109000000_4_clip_4.mp4,00000000109000000_4_clip_4.mp4,25.0,250,10.0
clips/ruminate/00000000109000000_4_clip_5.mp4,00000000109000000_4_clip_5.mp4,25.0,250,10.0
clips/ruminate/00000000109000000_4_clip_57.mp4,00000000109000000_4_clip_57.mp4,25.0,250,10.0
clips/ruminate/00000000109000000_4_clip_58.mp4,00000000109000000_4_clip_58.mp4,25.0,250,10.0
clips/ruminate/00000000109000000_4_clip_59.mp4,00000000109000000_4_clip_59.mp4,25.0,250,10.0
clips/ruminate/00000000109000000_4_clip_6.mp4,00000000109000000_4_clip_6.mp4,25.0,250,10.0
clips/ruminate/00000000109000000_4_clip_60.mp4,00000000109000000_4_clip_60.mp4,25.0,250,10.0
clips/ruminate/00000000109000000_4_clip_61.mp4,00000000109000000_4_clip_61.mp4,25.0,250,10.0
clips/ruminate/00000000109000000_4_clip_62.mp4,00000000109000000_4_clip_62.mp4,25.0,250,10.0
clips/ruminate/00000000109000000_4_clip_63.mp4,00000000109000000_4_clip_63.mp4,25.0,250,10.0
clips/ruminate/00000000109000000_4_clip_64.mp4,00000000109000000_4_clip_64.mp4,25.0,250,10.0
clips/ruminate/00000000109000000_4_clip_65.mp4,00000000109000000_4_clip_65.mp4,25.0,250,10.0
clips/ruminate/00000000109000000_4_clip_66.mp4,00000000109000000_4_clip_66.mp4,25.0,250,10.0
clips/ruminate/00000000109000000_4_clip_67.mp4,00000000109000000_4_clip_67.mp4,25.0,250,10.0
clips/ruminate/00000000109000000_4_clip_68.mp4,00000000109000000_4_clip_68.mp4,25.0,250,10.0
clips/ruminate/00000000109000000_4_clip_69.mp4,00000000109000000_4_clip_69.mp4,25.0,250,10.0
clips/ruminate/00000000109000000_4_clip_7.mp4,00000000109000000_4_clip_7.mp4,25.0,250,10.0
clips/ruminate/00000000109000000_4_clip_70.mp4,00000000109000000_4_clip_70.mp4,25.0,250,10.0
clips/ruminate/00000000109000000_4_clip_71.mp4,00000000109000000_4_clip_71.mp4,25.0,250,10.0
clips/ruminate/00000000109000000_4_clip_72.mp4,00000000109000000_4_clip_72.mp4,25.0,250,10.0
clips/ruminate/00000000109000000_4_clip_73.mp4,00000000109000000_4_clip_73.mp4,25.0,250,10.0
clips/ruminate/00000000109000000_4_clip_74.mp4,00000000109000000_4_clip_74.mp4,25.0,250,10.0
clips/ruminate/00000000109000000_4_clip_75.mp4,00000000109000000_4_clip_75.mp4,25.0,250,10.0
clips/ruminate/00000000109000000_4_clip_8.mp4,00000000109000000_4_clip_8.mp4,25.0,250,10.0
clips/ruminate/00000000109000000_4_clip_9.mp4,00000000109000000_4_clip_9.mp4,25.0,250,10.0
clips/ruminate/00000000109000000_6_clip_0.mp4,00000000109000000_6_clip_0.mp4,25.0,250,10.0
clips/ruminate/00000000109000000_6_clip_1.mp4,00000000109000000_6_clip_1.mp4,25.0,250,10.0
clips/ruminate/00000000109000000_6_clip_10.mp4,00000000109000000_6_clip_10.mp4,25.0,250,10.0
clips/ruminate/00000000109000000_6_clip_11.mp4,00000000109000000_6_clip_11.mp4,25.0,250,10.0
clips/ruminate/00000000109000000_6_clip_12.mp4,00000000109000000_6_clip_12.mp4,25.0,250,10.0
clips/ruminate/00000000109000000_6_clip_13.mp4,00000000109000000_6_clip_13.mp4,25.0,250,10.0
clips/ruminate/00000000109000000_6_clip_14.mp4,00000000109000000_6_clip_14.mp4,25.0,250,10.0
clips/ruminate/00000000109000000_6_clip_15.mp4,00000000109000000_6_clip_15.mp4,25.0,250,10.0
clips/ruminate/00000000109000000_6_clip_16.mp4,00000000109000000_6_clip_16.mp4,25.0,250,10.0
clips/ruminate/00000000109000000_6_clip_17.mp4,00000000109000000_6_clip_17.mp4,25.0,250,10.0
clips/ruminate/00000000109000000_6_clip_18.mp4,00000000109000000_6_clip_18.mp4,25.0,250,10.0
clips/ruminate/00000000109000000_6_clip_19.mp4,00000000109000000_6_clip_19.mp4,25.0,250,10.0
clips/ruminate/00000000109000000_6_clip_2.mp4,00000000109000000_6_clip_2.mp4,25.0,250,10.0
clips/ruminate/00000000109000000_6_clip_20.mp4,00000000109000000_6_clip_20.mp4,25.0,250,10.0
clips/ruminate/00000000109000000_6_clip_21.mp4,00000000109000000_6_clip_21.mp4,25.0,250,10.0
clips/ruminate/00000000109000000_6_clip_22.mp4,00000000109000000_6_clip_22.mp4,25.0,250,10.0
clips/ruminate/00000000109000000_6_clip_23.mp4,00000000109000000_6_clip_23.mp4,25.0,250,10.0
clips/ruminate/00000000109000000_6_clip_24.mp4,00000000109000000_6_clip_24.mp4,25.0,250,10.0
clips/ruminate/00000000109000000_6_clip_25.mp4,00000000109000000_6_clip_25.mp4,25.0,250,10.0
clips/ruminate/00000000109000000_6_clip_26.mp4,00000000109000000_6_clip_26.mp4,25.0,110,4.4
clips/ruminate/00000000109000000_6_clip_3.mp4,00000000109000000_6_clip_3.mp4,25.0,250,10.0
clips/ruminate/00000000109000000_6_clip_4.mp4,00000000109000000_6_clip_4.mp4,25.0,250,10.0
clips/ruminate/00000000109000000_6_clip_5.mp4,00000000109000000_6_clip_5.mp4,25.0,250,10.0
clips/ruminate/00000000109000000_6_clip_6.mp4,00000000109000000_6_clip_6.mp4,25.0,250,10.0
clips/ruminate/00000000109000000_6_clip_7.mp4,00000000109000000_6_clip_7.mp4,25.0,250,10.0
clips/ruminate/00000000109000000_6_clip_8.mp4,00000000109000000_6_clip_8.mp4,25.0,250,10.0
clips/ruminate/00000000109000000_6_clip_9.mp4,00000000109000000_6_clip_9.mp4,25.0,250,10.0
clips/ruminate/00000000109000000_8_clip_0.mp4,00000000109000000_8_clip_0.mp4,25.0,250,10.0
clips/ruminate/00000000111000000_1_clip_101.mp4,00000000111000000_1_clip_101.mp4,25.0,250,10.0
clips/ruminate/00000000111000000_1_clip_102.mp4,00000000111000000_1_clip_102.mp4,25.0,250,10.0
clips/ruminate/00000000111000000_1_clip_103.mp4,00000000111000000_1_clip_103.mp4,25.0,250,10.0
clips/ruminate/00000000111000000_1_clip_104.mp4,00000000111000000_1_clip_104.mp4,25.0,250,10.0
clips/ruminate/00000000111000000_1_clip_105.mp4,00000000111000000_1_clip_105.mp4,25.0,250,10.0
clips/ruminate/00000000111000000_1_clip_106.mp4,00000000111000000_1_clip_106.mp4,25.0,250,10.0
clips/ruminate/00000000111000000_1_clip_107.mp4,00000000111000000_1_clip_107.mp4,25.0,250,10.0
clips/ruminate/00000000111000000_1_clip_108.mp4,00000000111000000_1_clip_108.mp4,25.0,250,10.0
clips/ruminate/00000000111000000_1_clip_109.mp4,00000000111000000_1_clip_109.mp4,25.0,250,10.0
clips/ruminate/00000000111000000_1_clip_110.mp4,00000000111000000_1_clip_110.mp4,25.0,250,10.0
clips/ruminate/00000000111000000_1_clip_111.mp4,00000000111000000_1_clip_111.mp4,25.0,250,10.0
clips/ruminate/00000000111000000_1_clip_112.mp4,00000000111000000_1_clip_112.mp4,25.0,250,10.0
clips/ruminate/00000000111000000_1_clip_113.mp4,00000000111000000_1_clip_113.mp4,25.0,250,10.0
clips/ruminate/00000000111000000_1_clip_114.mp4,00000000111000000_1_clip_114.mp4,25.0,250,10.0
clips/ruminate/00000000111000000_1_clip_115.mp4,00000000111000000_1_clip_115.mp4,25.0,250,10.0
clips/ruminate/00000000111000000_1_clip_116.mp4,00000000111000000_1_clip_116.mp4,25.0,250,10.0
clips/ruminate/00000000111000000_1_clip_117.mp4,00000000111000000_1_clip_117.mp4,25.0,250,10.0
clips/ruminate/00000000111000000_1_clip_118.mp4,00000000111000000_1_clip_118.mp4,25.0,250,10.0
clips/ruminate/00000000111000000_1_clip_119.mp4,00000000111000000_1_clip_119.mp4,25.0,250,10.0
clips/ruminate/00000000111000000_1_clip_120.mp4,00000000111000000_1_clip_120.mp4,25.0,250,10.0
clips/ruminate/00000000111000000_1_clip_121.mp4,00000000111000000_1_clip_121.mp4,25.0,250,10.0
clips/ruminate/00000000111000000_1_clip_122.mp4,00000000111000000_1_clip_122.mp4,25.0,250,10.0
clips/ruminate/00000000111000000_1_clip_123.mp4,00000000111000000_1_clip_123.mp4,25.0,250,10.0
clips/ruminate/00000000111000000_1_clip_124.mp4,00000000111000000_1_clip_124.mp4,25.0,250,10.0
clips/ruminate/00000000111000000_1_clip_125.mp4,00000000111000000_1_clip_125.mp4,25.0,250,10.0
clips/ruminate/00000000111000000_1_clip_126.mp4,00000000111000000_1_clip_126.mp4,25.0,250,10.0
clips/ruminate/00000000111000000_1_clip_127.mp4,00000000111000000_1_clip_127.mp4,25.0,250,10.0
clips/ruminate/00000000111000000_1_clip_128.mp4,00000000111000000_1_clip_128.mp4,25.0,250,10.0
clips/ruminate/00000000111000000_1_clip_129.mp4,00000000111000000_1_clip_129.mp4,25.0,250,10.0
clips/ruminate/00000000111000000_1_clip_130.mp4,00000000111000000_1_clip_130.mp4,25.0,250,10.0
clips/ruminate/00000000111000000_1_clip_131.mp4,00000000111000000_1_clip_131.mp4,25.0,250,10.0
clips/ruminate/00000000111000000_1_clip_132.mp4,00000000111000000_1_clip_132.mp4,25.0,250,10.0
clips/ruminate/00000000111000000_1_clip_133.mp4,00000000111000000_1_clip_133.mp4,25.0,250,10.0
clips/ruminate/00000000111000000_1_clip_134.mp4,00000000111000000_1_clip_134.mp4,25.0,250,10.0
clips/ruminate/00000000111000000_1_clip_135.mp4,00000000111000000_1_clip_135.mp4,25.0,201,8.04
clips/ruminate/00000000111000000_2_clip_16.mp4,00000000111000000_2_clip_16.mp4,25.0,250,10.0
clips/ruminate/00000000111000000_2_clip_18.mp4,00000000111000000_2_clip_18.mp4,25.0,250,10.0
clips/ruminate/00000000111000000_2_clip_19.mp4,00000000111000000_2_clip_19.mp4,25.0,250,10.0
clips/ruminate/00000000111000000_2_clip_20.mp4,00000000111000000_2_clip_20.mp4,25.0,250,10.0
clips/ruminate/00000000111000000_2_clip_21.mp4,00000000111000000_2_clip_21.mp4,25.0,250,10.0
clips/ruminate/00000000111000000_2_clip_22.mp4,00000000111000000_2_clip_22.mp4,25.0,250,10.0
clips/ruminate/00000000111000000_2_clip_23.mp4,00000000111000000_2_clip_23.mp4,25.0,250,10.0
clips/ruminate/00000000111000000_2_clip_24.mp4,00000000111000000_2_clip_24.mp4,25.0,250,10.0
clips/ruminate/00000000111000000_2_clip_25.mp4,00000000111000000_2_clip_25.mp4,25.0,250,10.0
clips/ruminate/00000000111000000_2_clip_26.mp4,00000000111000000_2_clip_26.mp4,25.0,250,10.0
clips/ruminate/00000000111000000_2_clip_27.mp4,00000000111000000_2_clip_27.mp4,25.0,250,10.0
clips/ruminate/00000000111000000_2_clip_28.mp4,00000000111000000_2_clip_28.mp4,25.0,250,10.0
clips/ruminate/00000000111000000_2_clip_29.mp4,00000000111000000_2_clip_29.mp4,25.0,250,10.0
clips/ruminate/00000000111000000_2_clip_30.mp4,00000000111000000_2_clip_30.mp4,25.0,250,10.0
clips/ruminate/00000000111000000_2_clip_31.mp4,00000000111000000_2_clip_31.mp4,25.0,250,10.0
clips/ruminate/00000000111000000_2_clip_32.mp4,00000000111000000_2_clip_32.mp4,25.0,250,10.0
clips/ruminate/00000000111000000_2_clip_33.mp4,00000000111000000_2_clip_33.mp4,25.0,250,10.0
clips/ruminate/00000000111000000_2_clip_34.mp4,00000000111000000_2_clip_34.mp4,25.0,250,10.0
clips/ruminate/00000000111000000_2_clip_35.mp4,00000000111000000_2_clip_35.mp4,25.0,250,10.0
clips/ruminate/00000000111000000_2_clip_36.mp4,00000000111000000_2_clip_36.mp4,25.0,250,10.0
clips/ruminate/00000000111000000_2_clip_37.mp4,00000000111000000_2_clip_37.mp4,25.0,250,10.0
clips/ruminate/00000000111000000_2_clip_38.mp4,00000000111000000_2_clip_38.mp4,25.0,250,10.0
clips/ruminate/00000000111000000_2_clip_39.mp4,00000000111000000_2_clip_39.mp4,25.0,250,10.0
clips/ruminate/00000000111000000_2_clip_41.mp4,00000000111000000_2_clip_41.mp4,25.0,250,10.0
clips/ruminate/00000000111000000_2_clip_42.mp4,00000000111000000_2_clip_42.mp4,25.0,250,10.0
clips/ruminate/00000000111000000_2_clip_43.mp4,00000000111000000_2_clip_43.mp4,25.0,250,10.0
clips/ruminate/00000000111000000_2_clip_44.mp4,00000000111000000_2_clip_44.mp4,25.0,250,10.0
clips/ruminate/00000000111000000_2_clip_45.mp4,00000000111000000_2_clip_45.mp4,25.0,250,10.0
clips/ruminate/00000000111000000_2_clip_46.mp4,00000000111000000_2_clip_46.mp4,25.0,250,10.0
clips/ruminate/00000000111000000_2_clip_47.mp4,00000000111000000_2_clip_47.mp4,25.0,250,10.0
clips/ruminate/00000000111000000_2_clip_48.mp4,00000000111000000_2_clip_48.mp4,25.0,250,10.0
clips/ruminate/00000000111000000_2_clip_49.mp4,00000000111000000_2_clip_49.mp4,25.0,250,10.0
clips/ruminate/00000000111000000_2_clip_50.mp4,00000000111000000_2_clip_50.mp4,25.0,250,10.0
clips/ruminate/00000000111000000_2_clip_51.mp4,00000000111000000_2_clip_51.mp4,25.0,250,10.0
clips/ruminate/00000000111000000_2_clip_52.mp4,00000000111000000_2_clip_52.mp4,25.0,250,10.0
clips/ruminate/00000000111000000_2_clip_53.mp4,00000000111000000_2_clip_53.mp4,25.0,250,10.0
clips/ruminate/00000000111000000_2_clip_54.mp4,00000000111000000_2_clip_54.mp4,25.0,250,10.0
clips/ruminate/00000000111000000_2_clip_55.mp4,00000000111000000_2_clip_55.mp4,25.0,250,10.0
clips/ruminate/00000000111000000_2_clip_56.mp4,00000000111000000_2_clip_56.mp4,25.0,250,10.0
clips/ruminate/00000000111000000_2_clip_57.mp4,00000000111000000_2_clip_57.mp4,25.0,250,10.0
clips/ruminate/00000000111000000_2_clip_58.mp4,00000000111000000_2_clip_58.mp4,25.0,250,10.0
clips/ruminate/00000000111000000_3_clip_101.mp4,00000000111000000_3_clip_101.mp4,25.0,250,10.0
clips/ruminate/00000000111000000_3_clip_102.mp4,00000000111000000_3_clip_102.mp4,25.0,250,10.0
clips/ruminate/00000000111000000_3_clip_103.mp4,00000000111000000_3_clip_103.mp4,25.0,250,10.0
clips/ruminate/00000000111000000_3_clip_104.mp4,00000000111000000_3_clip_104.mp4,25.0,250,10.0
clips/ruminate/00000000111000000_3_clip_105.mp4,00000000111000000_3_clip_105.mp4,25.0,250,10.0
clips/ruminate/00000000111000000_3_clip_106.mp4,00000000111000000_3_clip_106.mp4,25.0,250,10.0
clips/ruminate/00000000111000000_3_clip_107.mp4,00000000111000000_3_clip_107.mp4,25.0,250,10.0
clips/ruminate/00000000111000000_3_clip_108.mp4,00000000111000000_3_clip_108.mp4,25.0,250,10.0
clips/ruminate/00000000111000000_3_clip_109.mp4,00000000111000000_3_clip_109.mp4,25.0,250,10.0
clips/ruminate/00000000111000000_3_clip_110.mp4,00000000111000000_3_clip_110.mp4,25.0,250,10.0
clips/ruminate/00000000111000000_3_clip_111.mp4,00000000111000000_3_clip_111.mp4,25.0,250,10.0
clips/ruminate/00000000111000000_3_clip_112.mp4,00000000111000000_3_clip_112.mp4,25.0,250,10.0
clips/ruminate/00000000111000000_3_clip_113.mp4,00000000111000000_3_clip_113.mp4,25.0,250,10.0
clips/ruminate/00000000111000000_3_clip_114.mp4,00000000111000000_3_clip_114.mp4,25.0,250,10.0
clips/ruminate/00000000111000000_3_clip_115.mp4,00000000111000000_3_clip_115.mp4,25.0,250,10.0
clips/ruminate/00000000111000000_3_clip_116.mp4,00000000111000000_3_clip_116.mp4,25.0,250,10.0
clips/ruminate/00000000111000000_3_clip_117.mp4,00000000111000000_3_clip_117.mp4,25.0,250,10.0
clips/ruminate/00000000111000000_3_clip_118.mp4,00000000111000000_3_clip_118.mp4,25.0,250,10.0
clips/ruminate/00000000111000000_3_clip_119.mp4,00000000111000000_3_clip_119.mp4,25.0,250,10.0
clips/ruminate/00000000111000000_3_clip_120.mp4,00000000111000000_3_clip_120.mp4,25.0,250,10.0
clips/ruminate/00000000111000000_6_clip_0.mp4,00000000111000000_6_clip_0.mp4,25.0,250,10.0
clips/ruminate/00000000111000000_6_clip_1.mp4,00000000111000000_6_clip_1.mp4,25.0,250,10.0
clips/ruminate/00000000111000000_6_clip_10.mp4,00000000111000000_6_clip_10.mp4,25.0,250,10.0
clips/ruminate/00000000111000000_6_clip_11.mp4,00000000111000000_6_clip_11.mp4,25.0,250,10.0
clips/ruminate/00000000111000000_6_clip_12.mp4,00000000111000000_6_clip_12.mp4,25.0,250,10.0
clips/ruminate/00000000111000000_6_clip_13.mp4,00000000111000000_6_clip_13.mp4,25.0,250,10.0
clips/ruminate/00000000111000000_6_clip_14.mp4,00000000111000000_6_clip_14.mp4,25.0,250,10.0
clips/ruminate/00000000111000000_6_clip_15.mp4,00000000111000000_6_clip_15.mp4,25.0,250,10.0
clips/ruminate/00000000111000000_6_clip_16.mp4,00000000111000000_6_clip_16.mp4,25.0,250,10.0
clips/ruminate/00000000111000000_6_clip_17.mp4,00000000111000000_6_clip_17.mp4,25.0,250,10.0
clips/ruminate/00000000111000000_6_clip_18.mp4,00000000111000000_6_clip_18.mp4,25.0,250,10.0
clips/ruminate/00000000111000000_6_clip_19.mp4,00000000111000000_6_clip_19.mp4,25.0,250,10.0
clips/ruminate/00000000111000000_6_clip_2.mp4,00000000111000000_6_clip_2.mp4,25.0,250,10.0
clips/ruminate/00000000111000000_6_clip_20.mp4,00000000111000000_6_clip_20.mp4,25.0,250,10.0
clips/ruminate/00000000111000000_6_clip_21.mp4,00000000111000000_6_clip_21.mp4,25.0,250,10.0
clips/ruminate/00000000111000000_6_clip_22.mp4,00000000111000000_6_clip_22.mp4,25.0,250,10.0
clips/ruminate/00000000111000000_6_clip_23.mp4,00000000111000000_6_clip_23.mp4,25.0,250,10.0
clips/ruminate/00000000111000000_6_clip_24.mp4,00000000111000000_6_clip_24.mp4,25.0,250,10.0
clips/ruminate/00000000111000000_6_clip_25.mp4,00000000111000000_6_clip_25.mp4,25.0,250,10.0
clips/ruminate/00000000111000000_6_clip_26.mp4,00000000111000000_6_clip_26.mp4,25.0,250,10.0
clips/ruminate/00000000111000000_6_clip_27.mp4,00000000111000000_6_clip_27.mp4,25.0,250,10.0
clips/ruminate/00000000111000000_6_clip_28.mp4,00000000111000000_6_clip_28.mp4,25.0,250,10.0
clips/ruminate/00000000111000000_6_clip_29.mp4,00000000111000000_6_clip_29.mp4,25.0,250,10.0
clips/ruminate/00000000111000000_6_clip_3.mp4,00000000111000000_6_clip_3.mp4,25.0,250,10.0
clips/ruminate/00000000111000000_6_clip_30.mp4,00000000111000000_6_clip_30.mp4,25.0,250,10.0
clips/ruminate/00000000111000000_6_clip_31.mp4,00000000111000000_6_clip_31.mp4,25.0,250,10.0
clips/ruminate/00000000111000000_6_clip_32.mp4,00000000111000000_6_clip_32.mp4,25.0,250,10.0
clips/ruminate/00000000111000000_6_clip_33.mp4,00000000111000000_6_clip_33.mp4,25.0,250,10.0
clips/ruminate/00000000111000000_6_clip_34.mp4,00000000111000000_6_clip_34.mp4,25.0,250,10.0
clips/ruminate/00000000111000000_6_clip_35.mp4,00000000111000000_6_clip_35.mp4,25.0,250,10.0
clips/ruminate/00000000111000000_6_clip_36.mp4,00000000111000000_6_clip_36.mp4,25.0,250,10.0
clips/ruminate/00000000111000000_6_clip_37.mp4,00000000111000000_6_clip_37.mp4,25.0,250,10.0
clips/ruminate/00000000111000000_6_clip_38.mp4,00000000111000000_6_clip_38.mp4,25.0,250,10.0
clips/ruminate/00000000111000000_6_clip_39.mp4,00000000111000000_6_clip_39.mp4,25.0,250,10.0
clips/ruminate/00000000111000000_6_clip_4.mp4,00000000111000000_6_clip_4.mp4,25.0,250,10.0
clips/ruminate/00000000111000000_6_clip_40.mp4,00000000111000000_6_clip_40.mp4,25.0,250,10.0
clips/ruminate/00000000111000000_6_clip_41.mp4,00000000111000000_6_clip_41.mp4,25.0,250,10.0
clips/ruminate/00000000111000000_6_clip_42.mp4,00000000111000000_6_clip_42.mp4,25.0,250,10.0
clips/ruminate/00000000111000000_6_clip_43.mp4,00000000111000000_6_clip_43.mp4,25.0,250,10.0
clips/ruminate/00000000111000000_6_clip_44.mp4,00000000111000000_6_clip_44.mp4,25.0,250,10.0
clips/ruminate/00000000111000000_6_clip_45.mp4,00000000111000000_6_clip_45.mp4,25.0,250,10.0
clips/ruminate/00000000111000000_6_clip_46.mp4,00000000111000000_6_clip_46.mp4,25.0,250,10.0
clips/ruminate/00000000111000000_6_clip_47.mp4,00000000111000000_6_clip_47.mp4,25.0,250,10.0
clips/ruminate/00000000111000000_6_clip_48.mp4,00000000111000000_6_clip_48.mp4,25.0,250,10.0
clips/ruminate/00000000111000000_6_clip_49.mp4,00000000111000000_6_clip_49.mp4,25.0,250,10.0
clips/ruminate/00000000111000000_6_clip_5.mp4,00000000111000000_6_clip_5.mp4,25.0,250,10.0
clips/ruminate/00000000111000000_6_clip_50.mp4,00000000111000000_6_clip_50.mp4,25.0,250,10.0
clips/ruminate/00000000111000000_6_clip_51.mp4,00000000111000000_6_clip_51.mp4,25.0,250,10.0
clips/ruminate/00000000111000000_6_clip_52.mp4,00000000111000000_6_clip_52.mp4,25.0,250,10.0
clips/ruminate/00000000111000000_6_clip_53.mp4,00000000111000000_6_clip_53.mp4,25.0,250,10.0
clips/ruminate/00000000111000000_6_clip_54.mp4,00000000111000000_6_clip_54.mp4,25.0,250,10.0
clips/ruminate/00000000111000000_6_clip_55.mp4,00000000111000000_6_clip_55.mp4,25.0,250,10.0
clips/ruminate/00000000111000000_6_clip_56.mp4,00000000111000000_6_clip_56.mp4,25.0,250,10.0
clips/ruminate/00000000111000000_6_clip_57.mp4,00000000111000000_6_clip_57.mp4,25.0,250,10.0
clips/ruminate/00000000111000000_6_clip_58.mp4,00000000111000000_6_clip_58.mp4,25.0,250,10.0
clips/ruminate/00000000111000000_6_clip_59.mp4,00000000111000000_6_clip_59.mp4,25.0,250,10.0
clips/ruminate/00000000111000000_6_clip_6.mp4,00000000111000000_6_clip_6.mp4,25.0,250,10.0
clips/ruminate/00000000111000000_6_clip_60.mp4,00000000111000000_6_clip_60.mp4,25.0,250,10.0
clips/ruminate/00000000111000000_6_clip_61.mp4,00000000111000000_6_clip_61.mp4,25.0,250,10.0
clips/ruminate/00000000111000000_6_clip_62.mp4,00000000111000000_6_clip_62.mp4,25.0,250,10.0
clips/ruminate/00000000111000000_6_clip_63.mp4,00000000111000000_6_clip_63.mp4,25.0,250,10.0
clips/ruminate/00000000111000000_6_clip_64.mp4,00000000111000000_6_clip_64.mp4,25.0,250,10.0
clips/ruminate/00000000111000000_6_clip_65.mp4,00000000111000000_6_clip_65.mp4,25.0,250,10.0
clips/ruminate/00000000111000000_6_clip_66.mp4,00000000111000000_6_clip_66.mp4,25.0,250,10.0
clips/ruminate/00000000111000000_6_clip_67.mp4,00000000111000000_6_clip_67.mp4,25.0,250,10.0
clips/ruminate/00000000111000000_6_clip_68.mp4,00000000111000000_6_clip_68.mp4,25.0,250,10.0
clips/ruminate/00000000111000000_6_clip_69.mp4,00000000111000000_6_clip_69.mp4,25.0,250,10.0
clips/ruminate/00000000111000000_6_clip_7.mp4,00000000111000000_6_clip_7.mp4,25.0,250,10.0
clips/ruminate/00000000111000000_6_clip_70.mp4,00000000111000000_6_clip_70.mp4,25.0,250,10.0
clips/ruminate/00000000111000000_6_clip_71.mp4,00000000111000000_6_clip_71.mp4,25.0,250,10.0
clips/ruminate/00000000111000000_6_clip_72.mp4,00000000111000000_6_clip_72.mp4,25.0,250,10.0
clips/ruminate/00000000111000000_6_clip_73.mp4,00000000111000000_6_clip_73.mp4,25.0,250,10.0
clips/ruminate/00000000111000000_6_clip_74.mp4,00000000111000000_6_clip_74.mp4,25.0,250,10.0
clips/ruminate/00000000111000000_6_clip_75.mp4,00000000111000000_6_clip_75.mp4,25.0,250,10.0
clips/ruminate/00000000111000000_6_clip_76.mp4,00000000111000000_6_clip_76.mp4,25.0,250,10.0
clips/ruminate/00000000111000000_6_clip_77.mp4,00000000111000000_6_clip_77.mp4,25.0,250,10.0
clips/ruminate/00000000111000000_6_clip_78.mp4,00000000111000000_6_clip_78.mp4,25.0,250,10.0
clips/ruminate/00000000111000000_6_clip_79.mp4,00000000111000000_6_clip_79.mp4,25.0,250,10.0
clips/ruminate/00000000111000000_6_clip_8.mp4,00000000111000000_6_clip_8.mp4,25.0,250,10.0
clips/ruminate/00000000111000000_6_clip_80.mp4,00000000111000000_6_clip_80.mp4,25.0,250,10.0
clips/ruminate/00000000111000000_6_clip_81.mp4,00000000111000000_6_clip_81.mp4,25.0,250,10.0
clips/ruminate/00000000111000000_6_clip_82.mp4,00000000111000000_6_clip_82.mp4,25.0,250,10.0
clips/ruminate/00000000111000000_6_clip_83.mp4,00000000111000000_6_clip_83.mp4,25.0,250,10.0
clips/ruminate/00000000111000000_6_clip_84.mp4,00000000111000000_6_clip_84.mp4,25.0,250,10.0
clips/ruminate/00000000111000000_6_clip_85.mp4,00000000111000000_6_clip_85.mp4,25.0,250,10.0
clips/ruminate/00000000111000000_6_clip_86.mp4,00000000111000000_6_clip_86.mp4,25.0,250,10.0
clips/ruminate/00000000111000000_6_clip_87.mp4,00000000111000000_6_clip_87.mp4,25.0,250,10.0
clips/ruminate/00000000111000000_6_clip_88.mp4,00000000111000000_6_clip_88.mp4,25.0,250,10.0
clips/ruminate/00000000111000000_6_clip_89.mp4,00000000111000000_6_clip_89.mp4,25.0,250,10.0
clips/ruminate/00000000111000000_6_clip_9.mp4,00000000111000000_6_clip_9.mp4,25.0,250,10.0
clips/ruminate/00000000111000000_6_clip_90.mp4,00000000111000000_6_clip_90.mp4,25.0,250,10.0
clips/ruminate/00000000111000000_6_clip_91.mp4,00000000111000000_6_clip_91.mp4,25.0,250,10.0
clips/ruminate/00000000111000000_6_clip_92.mp4,00000000111000000_6_clip_92.mp4,25.0,250,10.0
clips/ruminate/00000000111000000_6_clip_93.mp4,00000000111000000_6_clip_93.mp4,25.0,192,7.68
clips/ruminate/00000000111000000_7_clip_0.mp4,00000000111000000_7_clip_0.mp4,25.0,250,10.0
clips/ruminate/00000000111000000_7_clip_1.mp4,00000000111000000_7_clip_1.mp4,25.0,250,10.0
clips/ruminate/00000000111000000_7_clip_10.mp4,00000000111000000_7_clip_10.mp4,25.0,250,10.0
clips/ruminate/00000000111000000_7_clip_11.mp4,00000000111000000_7_clip_11.mp4,25.0,250,10.0
clips/ruminate/00000000111000000_7_clip_12.mp4,00000000111000000_7_clip_12.mp4,25.0,250,10.0
clips/ruminate/00000000111000000_7_clip_13.mp4,00000000111000000_7_clip_13.mp4,25.0,250,10.0
clips/ruminate/00000000111000000_7_clip_14.mp4,00000000111000000_7_clip_14.mp4,25.0,250,10.0
clips/ruminate/00000000111000000_7_clip_15.mp4,00000000111000000_7_clip_15.mp4,25.0,250,10.0
clips/ruminate/00000000111000000_7_clip_16.mp4,00000000111000000_7_clip_16.mp4,25.0,250,10.0
clips/ruminate/00000000111000000_7_clip_17.mp4,00000000111000000_7_clip_17.mp4,25.0,250,10.0
clips/ruminate/00000000111000000_7_clip_18.mp4,00000000111000000_7_clip_18.mp4,25.0,250,10.0
clips/ruminate/00000000111000000_7_clip_19.mp4,00000000111000000_7_clip_19.mp4,25.0,250,10.0
clips/ruminate/00000000111000000_7_clip_2.mp4,00000000111000000_7_clip_2.mp4,25.0,250,10.0
clips/ruminate/00000000111000000_7_clip_20.mp4,00000000111000000_7_clip_20.mp4,25.0,250,10.0
clips/ruminate/00000000111000000_7_clip_21.mp4,00000000111000000_7_clip_21.mp4,25.0,250,10.0
clips/ruminate/00000000111000000_7_clip_22.mp4,00000000111000000_7_clip_22.mp4,25.0,250,10.0
clips/ruminate/00000000111000000_7_clip_23.mp4,00000000111000000_7_clip_23.mp4,25.0,250,10.0
clips/ruminate/00000000111000000_7_clip_24.mp4,00000000111000000_7_clip_24.mp4,25.0,250,10.0
clips/ruminate/00000000111000000_7_clip_25.mp4,00000000111000000_7_clip_25.mp4,25.0,250,10.0
clips/ruminate/00000000111000000_7_clip_26.mp4,00000000111000000_7_clip_26.mp4,25.0,250,10.0
clips/ruminate/00000000111000000_7_clip_27.mp4,00000000111000000_7_clip_27.mp4,25.0,250,10.0
clips/ruminate/00000000111000000_7_clip_28.mp4,00000000111000000_7_clip_28.mp4,25.0,250,10.0
clips/ruminate/00000000111000000_7_clip_29.mp4,00000000111000000_7_clip_29.mp4,25.0,250,10.0
clips/ruminate/00000000111000000_7_clip_3.mp4,00000000111000000_7_clip_3.mp4,25.0,250,10.0
clips/ruminate/00000000111000000_7_clip_30.mp4,00000000111000000_7_clip_30.mp4,25.0,250,10.0
clips/ruminate/00000000111000000_7_clip_31.mp4,00000000111000000_7_clip_31.mp4,25.0,250,10.0
clips/ruminate/00000000111000000_7_clip_32.mp4,00000000111000000_7_clip_32.mp4,25.0,250,10.0
clips/ruminate/00000000111000000_7_clip_33.mp4,00000000111000000_7_clip_33.mp4,25.0,250,10.0
clips/ruminate/00000000111000000_7_clip_34.mp4,00000000111000000_7_clip_34.mp4,25.0,250,10.0
clips/ruminate/00000000111000000_7_clip_35.mp4,00000000111000000_7_clip_35.mp4,25.0,250,10.0
clips/ruminate/00000000111000000_7_clip_36.mp4,00000000111000000_7_clip_36.mp4,25.0,250,10.0
clips/ruminate/00000000111000000_7_clip_37.mp4,00000000111000000_7_clip_37.mp4,25.0,250,10.0
clips/ruminate/00000000111000000_7_clip_38.mp4,00000000111000000_7_clip_38.mp4,25.0,250,10.0
clips/ruminate/00000000111000000_7_clip_39.mp4,00000000111000000_7_clip_39.mp4,25.0,250,10.0
clips/ruminate/00000000111000000_7_clip_4.mp4,00000000111000000_7_clip_4.mp4,25.0,250,10.0
clips/ruminate/00000000111000000_7_clip_40.mp4,00000000111000000_7_clip_40.mp4,25.0,250,10.0
clips/ruminate/00000000111000000_7_clip_41.mp4,00000000111000000_7_clip_41.mp4,25.0,250,10.0
clips/ruminate/00000000111000000_7_clip_42.mp4,00000000111000000_7_clip_42.mp4,25.0,250,10.0
clips/ruminate/00000000111000000_7_clip_43.mp4,00000000111000000_7_clip_43.mp4,25.0,250,10.0
clips/ruminate/00000000111000000_7_clip_44.mp4,00000000111000000_7_clip_44.mp4,25.0,250,10.0
clips/ruminate/00000000111000000_7_clip_45.mp4,00000000111000000_7_clip_45.mp4,25.0,250,10.0
clips/ruminate/00000000111000000_7_clip_46.mp4,00000000111000000_7_clip_46.mp4,25.0,250,10.0
clips/ruminate/00000000111000000_7_clip_47.mp4,00000000111000000_7_clip_47.mp4,25.0,250,10.0
clips/ruminate/00000000111000000_7_clip_48.mp4,00000000111000000_7_clip_48.mp4,25.0,250,10.0
clips/ruminate/00000000111000000_7_clip_49.mp4,00000000111000000_7_clip_49.mp4,25.0,250,10.0
clips/ruminate/00000000111000000_7_clip_5.mp4,00000000111000000_7_clip_5.mp4,25.0,250,10.0
clips/ruminate/00000000111000000_7_clip_50.mp4,00000000111000000_7_clip_50.mp4,25.0,250,10.0
clips/ruminate/00000000111000000_7_clip_51.mp4,00000000111000000_7_clip_51.mp4,25.0,250,10.0
clips/ruminate/00000000111000000_7_clip_52.mp4,00000000111000000_7_clip_52.mp4,25.0,250,10.0
clips/ruminate/00000000111000000_7_clip_53.mp4,00000000111000000_7_clip_53.mp4,25.0,250,10.0
clips/ruminate/00000000111000000_7_clip_6.mp4,00000000111000000_7_clip_6.mp4,25.0,250,10.0
clips/ruminate/00000000111000000_7_clip_7.mp4,00000000111000000_7_clip_7.mp4,25.0,250,10.0
clips/ruminate/00000000111000000_7_clip_8.mp4,00000000111000000_7_clip_8.mp4,25.0,250,10.0
clips/ruminate/00000000111000000_7_clip_9.mp4,00000000111000000_7_clip_9.mp4,25.0,250,10.0
clips/ruminate/00000000165000000_105_clip_0.mp4,00000000165000000_105_clip_0.mp4,25.0,250,10.0
clips/ruminate/00000000165000000_105_clip_1.mp4,00000000165000000_105_clip_1.mp4,25.0,250,10.0
clips/ruminate/00000000165000000_105_clip_10.mp4,00000000165000000_105_clip_10.mp4,25.0,250,10.0
clips/ruminate/00000000165000000_105_clip_11.mp4,00000000165000000_105_clip_11.mp4,25.0,250,10.0
clips/ruminate/00000000165000000_105_clip_12.mp4,00000000165000000_105_clip_12.mp4,25.0,250,10.0
clips/ruminate/00000000165000000_105_clip_13.mp4,00000000165000000_105_clip_13.mp4,25.0,250,10.0
clips/ruminate/00000000165000000_105_clip_14.mp4,00000000165000000_105_clip_14.mp4,25.0,250,10.0
clips/ruminate/00000000165000000_105_clip_15.mp4,00000000165000000_105_clip_15.mp4,25.0,92,3.68
clips/ruminate/00000000165000000_105_clip_2.mp4,00000000165000000_105_clip_2.mp4,25.0,250,10.0
clips/ruminate/00000000165000000_105_clip_3.mp4,00000000165000000_105_clip_3.mp4,25.0,250,10.0
clips/ruminate/00000000165000000_105_clip_4.mp4,00000000165000000_105_clip_4.mp4,25.0,250,10.0
clips/ruminate/00000000165000000_105_clip_5.mp4,00000000165000000_105_clip_5.mp4,25.0,250,10.0
clips/ruminate/00000000165000000_105_clip_6.mp4,00000000165000000_105_clip_6.mp4,25.0,250,10.0
clips/ruminate/00000000165000000_105_clip_7.mp4,00000000165000000_105_clip_7.mp4,25.0,250,10.0
clips/ruminate/00000000165000000_105_clip_8.mp4,00000000165000000_105_clip_8.mp4,25.0,250,10.0
clips/ruminate/00000000165000000_105_clip_9.mp4,00000000165000000_105_clip_9.mp4,25.0,250,10.0
clips/ruminate/00000000165000000_10_clip_29.mp4,00000000165000000_10_clip_29.mp4,25.0,250,10.0
clips/ruminate/00000000165000000_10_clip_30.mp4,00000000165000000_10_clip_30.mp4,25.0,250,10.0
clips/ruminate/00000000165000000_10_clip_31.mp4,00000000165000000_10_clip_31.mp4,25.0,250,10.0
clips/ruminate/00000000165000000_10_clip_32.mp4,00000000165000000_10_clip_32.mp4,25.0,250,10.0
clips/ruminate/00000000165000000_10_clip_33.mp4,00000000165000000_10_clip_33.mp4,25.0,250,10.0
clips/ruminate/00000000165000000_10_clip_34.mp4,00000000165000000_10_clip_34.mp4,25.0,250,10.0
clips/ruminate/00000000165000000_10_clip_35.mp4,00000000165000000_10_clip_35.mp4,25.0,250,10.0
clips/ruminate/00000000165000000_10_clip_36.mp4,00000000165000000_10_clip_36.mp4,25.0,250,10.0
clips/ruminate/00000000165000000_10_clip_37.mp4,00000000165000000_10_clip_37.mp4,25.0,250,10.0
clips/ruminate/00000000165000000_10_clip_38.mp4,00000000165000000_10_clip_38.mp4,25.0,250,10.0
clips/ruminate/00000000165000000_10_clip_39.mp4,00000000165000000_10_clip_39.mp4,25.0,250,10.0
clips/ruminate/00000000165000000_10_clip_40.mp4,00000000165000000_10_clip_40.mp4,25.0,23,0.92
clips/ruminate/00000000165000000_28_clip_4.mp4,00000000165000000_28_clip_4.mp4,25.0,250,10.0
clips/ruminate/00000000165000000_29_clip_6.mp4,00000000165000000_29_clip_6.mp4,25.0,250,10.0
clips/ruminate/00000000165000000_2_clip_43.mp4,00000000165000000_2_clip_43.mp4,25.0,250,10.0
clips/ruminate/00000000165000000_2_clip_44.mp4,00000000165000000_2_clip_44.mp4,25.0,250,10.0
clips/ruminate/00000000165000000_2_clip_45.mp4,00000000165000000_2_clip_45.mp4,25.0,250,10.0
clips/ruminate/00000000165000000_2_clip_46.mp4,00000000165000000_2_clip_46.mp4,25.0,250,10.0
clips/ruminate/00000000165000000_2_clip_47.mp4,00000000165000000_2_clip_47.mp4,25.0,250,10.0
clips/ruminate/00000000165000000_2_clip_48.mp4,00000000165000000_2_clip_48.mp4,25.0,250,10.0
clips/ruminate/00000000165000000_2_clip_49.mp4,00000000165000000_2_clip_49.mp4,25.0,250,10.0
clips/ruminate/00000000165000000_2_clip_50.mp4,00000000165000000_2_clip_50.mp4,25.0,250,10.0
clips/ruminate/00000000165000000_2_clip_51.mp4,00000000165000000_2_clip_51.mp4,25.0,250,10.0
clips/ruminate/00000000165000000_2_clip_52.mp4,00000000165000000_2_clip_52.mp4,25.0,250,10.0
clips/ruminate/00000000165000000_2_clip_53.mp4,00000000165000000_2_clip_53.mp4,25.0,250,10.0
clips/ruminate/00000000165000000_2_clip_54.mp4,00000000165000000_2_clip_54.mp4,25.0,250,10.0
clips/ruminate/00000000165000000_2_clip_55.mp4,00000000165000000_2_clip_55.mp4,25.0,250,10.0
clips/ruminate/00000000165000000_2_clip_56.mp4,00000000165000000_2_clip_56.mp4,25.0,250,10.0
clips/ruminate/00000000165000000_2_clip_57.mp4,00000000165000000_2_clip_57.mp4,25.0,250,10.0
clips/ruminate/00000000165000000_2_clip_58.mp4,00000000165000000_2_clip_58.mp4,25.0,250,10.0
clips/ruminate/00000000165000000_2_clip_59.mp4,00000000165000000_2_clip_59.mp4,25.0,250,10.0
clips/ruminate/00000000165000000_2_clip_60.mp4,00000000165000000_2_clip_60.mp4,25.0,250,10.0
clips/ruminate/00000000165000000_2_clip_61.mp4,00000000165000000_2_clip_61.mp4,25.0,250,10.0
clips/ruminate/00000000165000000_2_clip_62.mp4,00000000165000000_2_clip_62.mp4,25.0,250,10.0
clips/ruminate/00000000165000000_2_clip_63.mp4,00000000165000000_2_clip_63.mp4,25.0,250,10.0
clips/ruminate/00000000165000000_2_clip_64.mp4,00000000165000000_2_clip_64.mp4,25.0,157,6.28
clips/ruminate/00000000165000000_45_clip_26.mp4,00000000165000000_45_clip_26.mp4,25.0,250,10.0
clips/ruminate/00000000165000000_56_clip_10.mp4,00000000165000000_56_clip_10.mp4,25.0,250,10.0
clips/ruminate/00000000165000000_56_clip_11.mp4,00000000165000000_56_clip_11.mp4,25.0,250,10.0
clips/ruminate/00000000165000000_56_clip_12.mp4,00000000165000000_56_clip_12.mp4,25.0,250,10.0
clips/ruminate/00000000165000000_56_clip_13.mp4,00000000165000000_56_clip_13.mp4,25.0,250,10.0
clips/ruminate/00000000165000000_56_clip_14.mp4,00000000165000000_56_clip_14.mp4,25.0,250,10.0
clips/ruminate/00000000165000000_56_clip_15.mp4,00000000165000000_56_clip_15.mp4,25.0,250,10.0
clips/ruminate/00000000165000000_56_clip_16.mp4,00000000165000000_56_clip_16.mp4,25.0,250,10.0
clips/ruminate/00000000165000000_56_clip_17.mp4,00000000165000000_56_clip_17.mp4,25.0,250,10.0
clips/ruminate/00000000165000000_56_clip_18.mp4,00000000165000000_56_clip_18.mp4,25.0,250,10.0
clips/ruminate/00000000165000000_56_clip_19.mp4,00000000165000000_56_clip_19.mp4,25.0,250,10.0
clips/ruminate/00000000165000000_56_clip_20.mp4,00000000165000000_56_clip_20.mp4,25.0,250,10.0
clips/ruminate/00000000165000000_56_clip_21.mp4,00000000165000000_56_clip_21.mp4,25.0,250,10.0
clips/ruminate/00000000165000000_56_clip_8.mp4,00000000165000000_56_clip_8.mp4,25.0,250,10.0
clips/ruminate/00000000165000000_56_clip_9.mp4,00000000165000000_56_clip_9.mp4,25.0,250,10.0
clips/ruminate/00000000165000000_83_clip_0.mp4,00000000165000000_83_clip_0.mp4,25.0,250,10.0
clips/ruminate/00000000165000000_83_clip_1.mp4,00000000165000000_83_clip_1.mp4,25.0,250,10.0
clips/ruminate/00000000165000000_83_clip_10.mp4,00000000165000000_83_clip_10.mp4,25.0,250,10.0
clips/ruminate/00000000165000000_83_clip_11.mp4,00000000165000000_83_clip_11.mp4,25.0,250,10.0
clips/ruminate/00000000165000000_83_clip_12.mp4,00000000165000000_83_clip_12.mp4,25.0,250,10.0
clips/ruminate/00000000165000000_83_clip_13.mp4,00000000165000000_83_clip_13.mp4,25.0,250,10.0
clips/ruminate/00000000165000000_83_clip_14.mp4,00000000165000000_83_clip_14.mp4,25.0,250,10.0
clips/ruminate/00000000165000000_83_clip_15.mp4,00000000165000000_83_clip_15.mp4,25.0,250,10.0
clips/ruminate/00000000165000000_83_clip_16.mp4,00000000165000000_83_clip_16.mp4,25.0,250,10.0
clips/ruminate/00000000165000000_83_clip_17.mp4,00000000165000000_83_clip_17.mp4,25.0,250,10.0
clips/ruminate/00000000165000000_83_clip_18.mp4,00000000165000000_83_clip_18.mp4,25.0,250,10.0
clips/ruminate/00000000165000000_83_clip_19.mp4,00000000165000000_83_clip_19.mp4,25.0,250,10.0
clips/ruminate/00000000165000000_83_clip_2.mp4,00000000165000000_83_clip_2.mp4,25.0,250,10.0
clips/ruminate/00000000165000000_83_clip_20.mp4,00000000165000000_83_clip_20.mp4,25.0,250,10.0
clips/ruminate/00000000165000000_83_clip_21.mp4,00000000165000000_83_clip_21.mp4,25.0,250,10.0
clips/ruminate/00000000165000000_83_clip_22.mp4,00000000165000000_83_clip_22.mp4,25.0,250,10.0
clips/ruminate/00000000165000000_83_clip_23.mp4,00000000165000000_83_clip_23.mp4,25.0,250,10.0
clips/ruminate/00000000165000000_83_clip_24.mp4,00000000165000000_83_clip_24.mp4,25.0,250,10.0
clips/ruminate/00000000165000000_83_clip_25.mp4,00000000165000000_83_clip_25.mp4,25.0,250,10.0
clips/ruminate/00000000165000000_83_clip_26.mp4,00000000165000000_83_clip_26.mp4,25.0,250,10.0
clips/ruminate/00000000165000000_83_clip_27.mp4,00000000165000000_83_clip_27.mp4,25.0,250,10.0
clips/ruminate/00000000165000000_83_clip_28.mp4,00000000165000000_83_clip_28.mp4,25.0,250,10.0
clips/ruminate/00000000165000000_83_clip_29.mp4,00000000165000000_83_clip_29.mp4,25.0,250,10.0
clips/ruminate/00000000165000000_83_clip_3.mp4,00000000165000000_83_clip_3.mp4,25.0,250,10.0
clips/ruminate/00000000165000000_83_clip_30.mp4,00000000165000000_83_clip_30.mp4,25.0,250,10.0
clips/ruminate/00000000165000000_83_clip_31.mp4,00000000165000000_83_clip_31.mp4,25.0,250,10.0
clips/ruminate/00000000165000000_83_clip_32.mp4,00000000165000000_83_clip_32.mp4,25.0,250,10.0
clips/ruminate/00000000165000000_83_clip_33.mp4,00000000165000000_83_clip_33.mp4,25.0,250,10.0
clips/ruminate/00000000165000000_83_clip_34.mp4,00000000165000000_83_clip_34.mp4,25.0,250,10.0
clips/ruminate/00000000165000000_83_clip_35.mp4,00000000165000000_83_clip_35.mp4,25.0,250,10.0
clips/ruminate/00000000165000000_83_clip_36.mp4,00000000165000000_83_clip_36.mp4,25.0,250,10.0
clips/ruminate/00000000165000000_83_clip_37.mp4,00000000165000000_83_clip_37.mp4,25.0,250,10.0
clips/ruminate/00000000165000000_83_clip_38.mp4,00000000165000000_83_clip_38.mp4,25.0,250,10.0
clips/ruminate/00000000165000000_83_clip_39.mp4,00000000165000000_83_clip_39.mp4,25.0,250,10.0
clips/ruminate/00000000165000000_83_clip_4.mp4,00000000165000000_83_clip_4.mp4,25.0,250,10.0
clips/ruminate/00000000165000000_83_clip_40.mp4,00000000165000000_83_clip_40.mp4,25.0,250,10.0
clips/ruminate/00000000165000000_83_clip_41.mp4,00000000165000000_83_clip_41.mp4,25.0,250,10.0
clips/ruminate/00000000165000000_83_clip_42.mp4,00000000165000000_83_clip_42.mp4,25.0,250,10.0
clips/ruminate/00000000165000000_83_clip_43.mp4,00000000165000000_83_clip_43.mp4,25.0,250,10.0
clips/ruminate/00000000165000000_83_clip_44.mp4,00000000165000000_83_clip_44.mp4,25.0,250,10.0
clips/ruminate/00000000165000000_83_clip_45.mp4,00000000165000000_83_clip_45.mp4,25.0,250,10.0
clips/ruminate/00000000165000000_83_clip_46.mp4,00000000165000000_83_clip_46.mp4,25.0,250,10.0
clips/ruminate/00000000165000000_83_clip_47.mp4,00000000165000000_83_clip_47.mp4,25.0,250,10.0
clips/ruminate/00000000165000000_83_clip_48.mp4,00000000165000000_83_clip_48.mp4,25.0,250,10.0
clips/ruminate/00000000165000000_83_clip_49.mp4,00000000165000000_83_clip_49.mp4,25.0,250,10.0
clips/ruminate/00000000165000000_83_clip_5.mp4,00000000165000000_83_clip_5.mp4,25.0,250,10.0
clips/ruminate/00000000165000000_83_clip_50.mp4,00000000165000000_83_clip_50.mp4,25.0,250,10.0
clips/ruminate/00000000165000000_83_clip_51.mp4,00000000165000000_83_clip_51.mp4,25.0,250,10.0
clips/ruminate/00000000165000000_83_clip_52.mp4,00000000165000000_83_clip_52.mp4,25.0,250,10.0
clips/ruminate/00000000165000000_83_clip_53.mp4,00000000165000000_83_clip_53.mp4,25.0,43,1.72
clips/ruminate/00000000165000000_83_clip_6.mp4,00000000165000000_83_clip_6.mp4,25.0,250,10.0
clips/ruminate/00000000165000000_83_clip_7.mp4,00000000165000000_83_clip_7.mp4,25.0,250,10.0
clips/ruminate/00000000165000000_83_clip_8.mp4,00000000165000000_83_clip_8.mp4,25.0,250,10.0
clips/ruminate/00000000165000000_83_clip_9.mp4,00000000165000000_83_clip_9.mp4,25.0,250,10.0
clips/ruminate/00000000165000000_86_clip_0.mp4,00000000165000000_86_clip_0.mp4,25.0,250,10.0
clips/ruminate/00000000165000000_86_clip_1.mp4,00000000165000000_86_clip_1.mp4,25.0,250,10.0
clips/ruminate/00000000165000000_86_clip_10.mp4,00000000165000000_86_clip_10.mp4,25.0,250,10.0
clips/ruminate/00000000165000000_86_clip_11.mp4,00000000165000000_86_clip_11.mp4,25.0,250,10.0
clips/ruminate/00000000165000000_86_clip_12.mp4,00000000165000000_86_clip_12.mp4,25.0,250,10.0
clips/ruminate/00000000165000000_86_clip_13.mp4,00000000165000000_86_clip_13.mp4,25.0,250,10.0
clips/ruminate/00000000165000000_86_clip_14.mp4,00000000165000000_86_clip_14.mp4,25.0,56,2.24
clips/ruminate/00000000165000000_86_clip_2.mp4,00000000165000000_86_clip_2.mp4,25.0,250,10.0
clips/ruminate/00000000165000000_86_clip_3.mp4,00000000165000000_86_clip_3.mp4,25.0,250,10.0
clips/ruminate/00000000165000000_86_clip_4.mp4,00000000165000000_86_clip_4.mp4,25.0,250,10.0
clips/ruminate/00000000165000000_86_clip_5.mp4,00000000165000000_86_clip_5.mp4,25.0,250,10.0
clips/ruminate/00000000165000000_86_clip_6.mp4,00000000165000000_86_clip_6.mp4,25.0,250,10.0
clips/ruminate/00000000165000000_86_clip_7.mp4,00000000165000000_86_clip_7.mp4,25.0,250,10.0
clips/ruminate/00000000165000000_86_clip_8.mp4,00000000165000000_86_clip_8.mp4,25.0,250,10.0
clips/ruminate/00000000165000000_86_clip_9.mp4,00000000165000000_86_clip_9.mp4,25.0,250,10.0
clips/ruminate/00000000165000000_87_clip_0.mp4,00000000165000000_87_clip_0.mp4,25.0,250,10.0
clips/ruminate/00000000165000000_87_clip_1.mp4,00000000165000000_87_clip_1.mp4,25.0,250,10.0
clips/ruminate/00000000165000000_87_clip_10.mp4,00000000165000000_87_clip_10.mp4,25.0,250,10.0
clips/ruminate/00000000165000000_87_clip_11.mp4,00000000165000000_87_clip_11.mp4,25.0,250,10.0
clips/ruminate/00000000165000000_87_clip_12.mp4,00000000165000000_87_clip_12.mp4,25.0,250,10.0
clips/ruminate/00000000165000000_87_clip_13.mp4,00000000165000000_87_clip_13.mp4,25.0,250,10.0
clips/ruminate/00000000165000000_87_clip_14.mp4,00000000165000000_87_clip_14.mp4,25.0,250,10.0
clips/ruminate/00000000165000000_87_clip_15.mp4,00000000165000000_87_clip_15.mp4,25.0,250,10.0
clips/ruminate/00000000165000000_87_clip_16.mp4,00000000165000000_87_clip_16.mp4,25.0,250,10.0
clips/ruminate/00000000165000000_87_clip_17.mp4,00000000165000000_87_clip_17.mp4,25.0,250,10.0
clips/ruminate/00000000165000000_87_clip_18.mp4,00000000165000000_87_clip_18.mp4,25.0,250,10.0
clips/ruminate/00000000165000000_87_clip_19.mp4,00000000165000000_87_clip_19.mp4,25.0,250,10.0
clips/ruminate/00000000165000000_87_clip_2.mp4,00000000165000000_87_clip_2.mp4,25.0,250,10.0
clips/ruminate/00000000165000000_87_clip_20.mp4,00000000165000000_87_clip_20.mp4,25.0,250,10.0
clips/ruminate/00000000165000000_87_clip_21.mp4,00000000165000000_87_clip_21.mp4,25.0,250,10.0
clips/ruminate/00000000165000000_87_clip_22.mp4,00000000165000000_87_clip_22.mp4,25.0,250,10.0
clips/ruminate/00000000165000000_87_clip_23.mp4,00000000165000000_87_clip_23.mp4,25.0,250,10.0
clips/ruminate/00000000165000000_87_clip_24.mp4,00000000165000000_87_clip_24.mp4,25.0,250,10.0
clips/ruminate/00000000165000000_87_clip_25.mp4,00000000165000000_87_clip_25.mp4,25.0,250,10.0
clips/ruminate/00000000165000000_87_clip_26.mp4,00000000165000000_87_clip_26.mp4,25.0,250,10.0
clips/ruminate/00000000165000000_87_clip_27.mp4,00000000165000000_87_clip_27.mp4,25.0,250,10.0
clips/ruminate/00000000165000000_87_clip_28.mp4,00000000165000000_87_clip_28.mp4,25.0,250,10.0
clips/ruminate/00000000165000000_87_clip_29.mp4,00000000165000000_87_clip_29.mp4,25.0,250,10.0
clips/ruminate/00000000165000000_87_clip_3.mp4,00000000165000000_87_clip_3.mp4,25.0,250,10.0
clips/ruminate/00000000165000000_87_clip_30.mp4,00000000165000000_87_clip_30.mp4,25.0,250,10.0
clips/ruminate/00000000165000000_87_clip_31.mp4,00000000165000000_87_clip_31.mp4,25.0,250,10.0
clips/ruminate/00000000165000000_87_clip_32.mp4,00000000165000000_87_clip_32.mp4,25.0,250,10.0
clips/ruminate/00000000165000000_87_clip_33.mp4,00000000165000000_87_clip_33.mp4,25.0,250,10.0
clips/ruminate/00000000165000000_87_clip_34.mp4,00000000165000000_87_clip_34.mp4,25.0,250,10.0
clips/ruminate/00000000165000000_87_clip_35.mp4,00000000165000000_87_clip_35.mp4,25.0,250,10.0
clips/ruminate/00000000165000000_87_clip_36.mp4,00000000165000000_87_clip_36.mp4,25.0,250,10.0
clips/ruminate/00000000165000000_87_clip_37.mp4,00000000165000000_87_clip_37.mp4,25.0,250,10.0
clips/ruminate/00000000165000000_87_clip_38.mp4,00000000165000000_87_clip_38.mp4,25.0,250,10.0
clips/ruminate/00000000165000000_87_clip_39.mp4,00000000165000000_87_clip_39.mp4,25.0,250,10.0
clips/ruminate/00000000165000000_87_clip_4.mp4,00000000165000000_87_clip_4.mp4,25.0,250,10.0
clips/ruminate/00000000165000000_87_clip_40.mp4,00000000165000000_87_clip_40.mp4,25.0,250,10.0
clips/ruminate/00000000165000000_87_clip_41.mp4,00000000165000000_87_clip_41.mp4,25.0,250,10.0
clips/ruminate/00000000165000000_87_clip_42.mp4,00000000165000000_87_clip_42.mp4,25.0,250,10.0
clips/ruminate/00000000165000000_87_clip_43.mp4,00000000165000000_87_clip_43.mp4,25.0,250,10.0
clips/ruminate/00000000165000000_87_clip_44.mp4,00000000165000000_87_clip_44.mp4,25.0,250,10.0
clips/ruminate/00000000165000000_87_clip_45.mp4,00000000165000000_87_clip_45.mp4,25.0,250,10.0
clips/ruminate/00000000165000000_87_clip_46.mp4,00000000165000000_87_clip_46.mp4,25.0,250,10.0
clips/ruminate/00000000165000000_87_clip_47.mp4,00000000165000000_87_clip_47.mp4,25.0,250,10.0
clips/ruminate/00000000165000000_87_clip_48.mp4,00000000165000000_87_clip_48.mp4,25.0,250,10.0
clips/ruminate/00000000165000000_87_clip_49.mp4,00000000165000000_87_clip_49.mp4,25.0,153,6.12
clips/ruminate/00000000165000000_87_clip_5.mp4,00000000165000000_87_clip_5.mp4,25.0,250,10.0
clips/ruminate/00000000165000000_87_clip_6.mp4,00000000165000000_87_clip_6.mp4,25.0,250,10.0
clips/ruminate/00000000165000000_87_clip_7.mp4,00000000165000000_87_clip_7.mp4,25.0,250,10.0
clips/ruminate/00000000165000000_87_clip_8.mp4,00000000165000000_87_clip_8.mp4,25.0,250,10.0
clips/ruminate/00000000165000000_87_clip_9.mp4,00000000165000000_87_clip_9.mp4,25.0,250,10.0
clips/ruminate/00000000514000000_16_clip_0.mp4,00000000514000000_16_clip_0.mp4,25.0,250,10.0
clips/ruminate/00000000514000000_16_clip_1.mp4,00000000514000000_16_clip_1.mp4,25.0,250,10.0
clips/ruminate/00000000514000000_16_clip_10.mp4,00000000514000000_16_clip_10.mp4,25.0,250,10.0
clips/ruminate/00000000514000000_16_clip_11.mp4,00000000514000000_16_clip_11.mp4,25.0,250,10.0
clips/ruminate/00000000514000000_16_clip_12.mp4,00000000514000000_16_clip_12.mp4,25.0,250,10.0
clips/ruminate/00000000514000000_16_clip_13.mp4,00000000514000000_16_clip_13.mp4,25.0,250,10.0
clips/ruminate/00000000514000000_16_clip_14.mp4,00000000514000000_16_clip_14.mp4,25.0,250,10.0
clips/ruminate/00000000514000000_16_clip_15.mp4,00000000514000000_16_clip_15.mp4,25.0,250,10.0
clips/ruminate/00000000514000000_16_clip_16.mp4,00000000514000000_16_clip_16.mp4,25.0,250,10.0
clips/ruminate/00000000514000000_16_clip_17.mp4,00000000514000000_16_clip_17.mp4,25.0,250,10.0
clips/ruminate/00000000514000000_16_clip_18.mp4,00000000514000000_16_clip_18.mp4,25.0,250,10.0
clips/ruminate/00000000514000000_16_clip_19.mp4,00000000514000000_16_clip_19.mp4,25.0,250,10.0
clips/ruminate/00000000514000000_16_clip_2.mp4,00000000514000000_16_clip_2.mp4,25.0,250,10.0
clips/ruminate/00000000514000000_16_clip_20.mp4,00000000514000000_16_clip_20.mp4,25.0,250,10.0
clips/ruminate/00000000514000000_16_clip_21.mp4,00000000514000000_16_clip_21.mp4,25.0,250,10.0
clips/ruminate/00000000514000000_16_clip_22.mp4,00000000514000000_16_clip_22.mp4,25.0,250,10.0
clips/ruminate/00000000514000000_16_clip_23.mp4,00000000514000000_16_clip_23.mp4,25.0,250,10.0
clips/ruminate/00000000514000000_16_clip_24.mp4,00000000514000000_16_clip_24.mp4,25.0,250,10.0
clips/ruminate/00000000514000000_16_clip_25.mp4,00000000514000000_16_clip_25.mp4,25.0,250,10.0
clips/ruminate/00000000514000000_16_clip_26.mp4,00000000514000000_16_clip_26.mp4,25.0,250,10.0
clips/ruminate/00000000514000000_16_clip_27.mp4,00000000514000000_16_clip_27.mp4,25.0,250,10.0
clips/ruminate/00000000514000000_16_clip_28.mp4,00000000514000000_16_clip_28.mp4,25.0,250,10.0
clips/ruminate/00000000514000000_16_clip_29.mp4,00000000514000000_16_clip_29.mp4,25.0,250,10.0
clips/ruminate/00000000514000000_16_clip_3.mp4,00000000514000000_16_clip_3.mp4,25.0,250,10.0
clips/ruminate/00000000514000000_16_clip_30.mp4,00000000514000000_16_clip_30.mp4,25.0,250,10.0
clips/ruminate/00000000514000000_16_clip_31.mp4,00000000514000000_16_clip_31.mp4,25.0,250,10.0
clips/ruminate/00000000514000000_16_clip_32.mp4,00000000514000000_16_clip_32.mp4,25.0,250,10.0
clips/ruminate/00000000514000000_16_clip_33.mp4,00000000514000000_16_clip_33.mp4,25.0,250,10.0
clips/ruminate/00000000514000000_16_clip_34.mp4,00000000514000000_16_clip_34.mp4,25.0,250,10.0
clips/ruminate/00000000514000000_16_clip_35.mp4,00000000514000000_16_clip_35.mp4,25.0,250,10.0
clips/ruminate/00000000514000000_16_clip_36.mp4,00000000514000000_16_clip_36.mp4,25.0,250,10.0
clips/ruminate/00000000514000000_16_clip_37.mp4,00000000514000000_16_clip_37.mp4,25.0,250,10.0
clips/ruminate/00000000514000000_16_clip_38.mp4,00000000514000000_16_clip_38.mp4,25.0,250,10.0
clips/ruminate/00000000514000000_16_clip_39.mp4,00000000514000000_16_clip_39.mp4,25.0,250,10.0
clips/ruminate/00000000514000000_16_clip_4.mp4,00000000514000000_16_clip_4.mp4,25.0,250,10.0
clips/ruminate/00000000514000000_16_clip_40.mp4,00000000514000000_16_clip_40.mp4,25.0,250,10.0
clips/ruminate/00000000514000000_16_clip_41.mp4,00000000514000000_16_clip_41.mp4,25.0,250,10.0
clips/ruminate/00000000514000000_16_clip_42.mp4,00000000514000000_16_clip_42.mp4,25.0,250,10.0
clips/ruminate/00000000514000000_16_clip_43.mp4,00000000514000000_16_clip_43.mp4,25.0,250,10.0
clips/ruminate/00000000514000000_16_clip_44.mp4,00000000514000000_16_clip_44.mp4,25.0,250,10.0
clips/ruminate/00000000514000000_16_clip_45.mp4,00000000514000000_16_clip_45.mp4,25.0,250,10.0
clips/ruminate/00000000514000000_16_clip_46.mp4,00000000514000000_16_clip_46.mp4,25.0,250,10.0
clips/ruminate/00000000514000000_16_clip_47.mp4,00000000514000000_16_clip_47.mp4,25.0,250,10.0
clips/ruminate/00000000514000000_16_clip_48.mp4,00000000514000000_16_clip_48.mp4,25.0,250,10.0
clips/ruminate/00000000514000000_16_clip_49.mp4,00000000514000000_16_clip_49.mp4,25.0,250,10.0
clips/ruminate/00000000514000000_16_clip_5.mp4,00000000514000000_16_clip_5.mp4,25.0,250,10.0
clips/ruminate/00000000514000000_16_clip_50.mp4,00000000514000000_16_clip_50.mp4,25.0,250,10.0
clips/ruminate/00000000514000000_16_clip_51.mp4,00000000514000000_16_clip_51.mp4,25.0,250,10.0
clips/ruminate/00000000514000000_16_clip_52.mp4,00000000514000000_16_clip_52.mp4,25.0,250,10.0
clips/ruminate/00000000514000000_16_clip_53.mp4,00000000514000000_16_clip_53.mp4,25.0,208,8.32
clips/ruminate/00000000514000000_16_clip_6.mp4,00000000514000000_16_clip_6.mp4,25.0,250,10.0
clips/ruminate/00000000514000000_16_clip_7.mp4,00000000514000000_16_clip_7.mp4,25.0,250,10.0
clips/ruminate/00000000514000000_16_clip_8.mp4,00000000514000000_16_clip_8.mp4,25.0,250,10.0
clips/ruminate/00000000514000000_16_clip_9.mp4,00000000514000000_16_clip_9.mp4,25.0,250,10.0
clips/ruminate/00000000514000000_17_clip_0.mp4,00000000514000000_17_clip_0.mp4,25.0,250,10.0
clips/ruminate/00000000514000000_18_clip_14.mp4,00000000514000000_18_clip_14.mp4,25.0,250,10.0
clips/ruminate/00000000514000000_18_clip_15.mp4,00000000514000000_18_clip_15.mp4,25.0,250,10.0
clips/ruminate/00000000514000000_18_clip_16.mp4,00000000514000000_18_clip_16.mp4,25.0,250,10.0
clips/ruminate/00000000514000000_18_clip_17.mp4,00000000514000000_18_clip_17.mp4,25.0,250,10.0
clips/ruminate/00000000514000000_18_clip_18.mp4,00000000514000000_18_clip_18.mp4,25.0,250,10.0
clips/ruminate/00000000514000000_18_clip_19.mp4,00000000514000000_18_clip_19.mp4,25.0,250,10.0
clips/ruminate/00000000514000000_18_clip_20.mp4,00000000514000000_18_clip_20.mp4,25.0,250,10.0
clips/ruminate/00000000514000000_18_clip_21.mp4,00000000514000000_18_clip_21.mp4,25.0,250,10.0
clips/ruminate/00000000514000000_18_clip_22.mp4,00000000514000000_18_clip_22.mp4,25.0,250,10.0
clips/ruminate/00000000514000000_18_clip_23.mp4,00000000514000000_18_clip_23.mp4,25.0,250,10.0
clips/ruminate/00000000514000000_18_clip_24.mp4,00000000514000000_18_clip_24.mp4,25.0,250,10.0
clips/ruminate/00000000514000000_18_clip_25.mp4,00000000514000000_18_clip_25.mp4,25.0,250,10.0
clips/ruminate/00000000514000000_18_clip_26.mp4,00000000514000000_18_clip_26.mp4,25.0,250,10.0
clips/ruminate/00000000514000000_18_clip_27.mp4,00000000514000000_18_clip_27.mp4,25.0,250,10.0
clips/ruminate/00000000514000000_18_clip_28.mp4,00000000514000000_18_clip_28.mp4,25.0,250,10.0
clips/ruminate/00000000514000000_18_clip_29.mp4,00000000514000000_18_clip_29.mp4,25.0,250,10.0
clips/ruminate/00000000514000000_18_clip_30.mp4,00000000514000000_18_clip_30.mp4,25.0,250,10.0
clips/ruminate/00000000514000000_18_clip_31.mp4,00000000514000000_18_clip_31.mp4,25.0,250,10.0
clips/ruminate/00000000514000000_18_clip_32.mp4,00000000514000000_18_clip_32.mp4,25.0,250,10.0
clips/ruminate/00000000514000000_18_clip_33.mp4,00000000514000000_18_clip_33.mp4,25.0,250,10.0
clips/ruminate/00000000514000000_18_clip_34.mp4,00000000514000000_18_clip_34.mp4,25.0,250,10.0
clips/ruminate/00000000514000000_18_clip_35.mp4,00000000514000000_18_clip_35.mp4,25.0,250,10.0
clips/ruminate/00000000514000000_18_clip_36.mp4,00000000514000000_18_clip_36.mp4,25.0,250,10.0
clips/ruminate/00000000514000000_18_clip_37.mp4,00000000514000000_18_clip_37.mp4,25.0,250,10.0
clips/ruminate/00000000514000000_18_clip_38.mp4,00000000514000000_18_clip_38.mp4,25.0,250,10.0
clips/ruminate/00000000514000000_18_clip_39.mp4,00000000514000000_18_clip_39.mp4,25.0,250,10.0
clips/ruminate/00000000514000000_18_clip_40.mp4,00000000514000000_18_clip_40.mp4,25.0,250,10.0
clips/ruminate/00000000514000000_18_clip_41.mp4,00000000514000000_18_clip_41.mp4,25.0,250,10.0
clips/ruminate/00000000514000000_18_clip_42.mp4,00000000514000000_18_clip_42.mp4,25.0,250,10.0
clips/ruminate/00000000514000000_18_clip_43.mp4,00000000514000000_18_clip_43.mp4,25.0,250,10.0
clips/ruminate/00000000514000000_18_clip_44.mp4,00000000514000000_18_clip_44.mp4,25.0,250,10.0
clips/ruminate/00000000514000000_18_clip_45.mp4,00000000514000000_18_clip_45.mp4,25.0,250,10.0
clips/ruminate/00000000514000000_18_clip_46.mp4,00000000514000000_18_clip_46.mp4,25.0,250,10.0
clips/ruminate/00000000514000000_18_clip_47.mp4,00000000514000000_18_clip_47.mp4,25.0,250,10.0
clips/ruminate/00000000514000000_18_clip_48.mp4,00000000514000000_18_clip_48.mp4,25.0,250,10.0
clips/ruminate/00000000514000000_18_clip_49.mp4,00000000514000000_18_clip_49.mp4,25.0,250,10.0
clips/ruminate/00000000514000000_18_clip_50.mp4,00000000514000000_18_clip_50.mp4,25.0,250,10.0
clips/ruminate/00000000514000000_18_clip_51.mp4,00000000514000000_18_clip_51.mp4,25.0,250,10.0
clips/ruminate/00000000514000000_18_clip_52.mp4,00000000514000000_18_clip_52.mp4,25.0,250,10.0
clips/ruminate/00000000514000000_18_clip_53.mp4,00000000514000000_18_clip_53.mp4,25.0,250,10.0
clips/ruminate/00000000514000000_18_clip_54.mp4,00000000514000000_18_clip_54.mp4,25.0,250,10.0
clips/ruminate/00000000514000000_18_clip_55.mp4,00000000514000000_18_clip_55.mp4,25.0,250,10.0
clips/ruminate/00000000514000000_18_clip_56.mp4,00000000514000000_18_clip_56.mp4,25.0,250,10.0
clips/ruminate/00000000514000000_18_clip_57.mp4,00000000514000000_18_clip_57.mp4,25.0,250,10.0
clips/ruminate/00000000514000000_18_clip_58.mp4,00000000514000000_18_clip_58.mp4,25.0,250,10.0
clips/ruminate/00000000514000000_18_clip_59.mp4,00000000514000000_18_clip_59.mp4,25.0,250,10.0
clips/ruminate/00000000514000000_18_clip_60.mp4,00000000514000000_18_clip_60.mp4,25.0,250,10.0
clips/ruminate/00000000514000000_18_clip_61.mp4,00000000514000000_18_clip_61.mp4,25.0,250,10.0
clips/ruminate/00000000514000000_18_clip_62.mp4,00000000514000000_18_clip_62.mp4,25.0,250,10.0
clips/ruminate/00000000514000000_18_clip_63.mp4,00000000514000000_18_clip_63.mp4,25.0,250,10.0
clips/ruminate/00000000514000000_18_clip_64.mp4,00000000514000000_18_clip_64.mp4,25.0,250,10.0
clips/ruminate/00000000514000000_18_clip_65.mp4,00000000514000000_18_clip_65.mp4,25.0,250,10.0
clips/ruminate/00000000514000000_18_clip_66.mp4,00000000514000000_18_clip_66.mp4,25.0,250,10.0
clips/ruminate/00000000514000000_18_clip_67.mp4,00000000514000000_18_clip_67.mp4,25.0,250,10.0
clips/ruminate/00000000514000000_18_clip_68.mp4,00000000514000000_18_clip_68.mp4,25.0,250,10.0
clips/ruminate/00000000514000000_18_clip_69.mp4,00000000514000000_18_clip_69.mp4,25.0,250,10.0
clips/ruminate/00000000514000000_18_clip_70.mp4,00000000514000000_18_clip_70.mp4,25.0,250,10.0
clips/ruminate/00000000514000000_18_clip_71.mp4,00000000514000000_18_clip_71.mp4,25.0,250,10.0
clips/ruminate/00000000514000000_3_clip_100.mp4,00000000514000000_3_clip_100.mp4,25.0,250,10.0
clips/ruminate/00000000514000000_3_clip_101.mp4,00000000514000000_3_clip_101.mp4,25.0,250,10.0
clips/ruminate/00000000514000000_3_clip_102.mp4,00000000514000000_3_clip_102.mp4,25.0,250,10.0
clips/ruminate/00000000514000000_3_clip_103.mp4,00000000514000000_3_clip_103.mp4,25.0,250,10.0
clips/ruminate/00000000514000000_3_clip_104.mp4,00000000514000000_3_clip_104.mp4,25.0,250,10.0
clips/ruminate/00000000514000000_3_clip_105.mp4,00000000514000000_3_clip_105.mp4,25.0,250,10.0
clips/ruminate/00000000514000000_3_clip_106.mp4,00000000514000000_3_clip_106.mp4,25.0,250,10.0
clips/ruminate/00000000514000000_3_clip_107.mp4,00000000514000000_3_clip_107.mp4,25.0,250,10.0
clips/ruminate/00000000514000000_3_clip_108.mp4,00000000514000000_3_clip_108.mp4,25.0,250,10.0
clips/ruminate/00000000514000000_3_clip_109.mp4,00000000514000000_3_clip_109.mp4,25.0,250,10.0
clips/ruminate/00000000514000000_3_clip_110.mp4,00000000514000000_3_clip_110.mp4,25.0,250,10.0
clips/ruminate/00000000514000000_3_clip_111.mp4,00000000514000000_3_clip_111.mp4,25.0,250,10.0
clips/ruminate/00000000514000000_3_clip_112.mp4,00000000514000000_3_clip_112.mp4,25.0,250,10.0
clips/ruminate/00000000514000000_3_clip_113.mp4,00000000514000000_3_clip_113.mp4,25.0,250,10.0
clips/ruminate/00000000514000000_3_clip_114.mp4,00000000514000000_3_clip_114.mp4,25.0,250,10.0
clips/ruminate/00000000514000000_3_clip_68.mp4,00000000514000000_3_clip_68.mp4,25.0,250,10.0
clips/ruminate/00000000514000000_3_clip_69.mp4,00000000514000000_3_clip_69.mp4,25.0,250,10.0
clips/ruminate/00000000514000000_3_clip_70.mp4,00000000514000000_3_clip_70.mp4,25.0,250,10.0
clips/ruminate/00000000514000000_3_clip_71.mp4,00000000514000000_3_clip_71.mp4,25.0,250,10.0
clips/ruminate/00000000514000000_3_clip_72.mp4,00000000514000000_3_clip_72.mp4,25.0,250,10.0
clips/ruminate/00000000514000000_3_clip_73.mp4,00000000514000000_3_clip_73.mp4,25.0,250,10.0
clips/ruminate/00000000514000000_3_clip_74.mp4,00000000514000000_3_clip_74.mp4,25.0,250,10.0
clips/ruminate/00000000514000000_3_clip_75.mp4,00000000514000000_3_clip_75.mp4,25.0,250,10.0
clips/ruminate/00000000514000000_3_clip_76.mp4,00000000514000000_3_clip_76.mp4,25.0,250,10.0
clips/ruminate/00000000514000000_3_clip_77.mp4,00000000514000000_3_clip_77.mp4,25.0,250,10.0
clips/ruminate/00000000514000000_3_clip_78.mp4,00000000514000000_3_clip_78.mp4,25.0,250,10.0
clips/ruminate/00000000514000000_3_clip_79.mp4,00000000514000000_3_clip_79.mp4,25.0,250,10.0
clips/ruminate/00000000514000000_3_clip_80.mp4,00000000514000000_3_clip_80.mp4,25.0,250,10.0
clips/ruminate/00000000514000000_3_clip_81.mp4,00000000514000000_3_clip_81.mp4,25.0,250,10.0
clips/ruminate/00000000514000000_3_clip_82.mp4,00000000514000000_3_clip_82.mp4,25.0,250,10.0
clips/ruminate/00000000514000000_3_clip_83.mp4,00000000514000000_3_clip_83.mp4,25.0,250,10.0
clips/ruminate/00000000514000000_3_clip_84.mp4,00000000514000000_3_clip_84.mp4,25.0,250,10.0
clips/ruminate/00000000514000000_3_clip_85.mp4,00000000514000000_3_clip_85.mp4,25.0,250,10.0
clips/ruminate/00000000514000000_3_clip_86.mp4,00000000514000000_3_clip_86.mp4,25.0,250,10.0
clips/ruminate/00000000514000000_3_clip_87.mp4,00000000514000000_3_clip_87.mp4,25.0,250,10.0
clips/ruminate/00000000514000000_3_clip_88.mp4,00000000514000000_3_clip_88.mp4,25.0,250,10.0
clips/ruminate/00000000514000000_3_clip_89.mp4,00000000514000000_3_clip_89.mp4,25.0,250,10.0
clips/ruminate/00000000514000000_3_clip_90.mp4,00000000514000000_3_clip_90.mp4,25.0,250,10.0
clips/ruminate/00000000514000000_3_clip_91.mp4,00000000514000000_3_clip_91.mp4,25.0,250,10.0
clips/ruminate/00000000514000000_3_clip_92.mp4,00000000514000000_3_clip_92.mp4,25.0,250,10.0
clips/ruminate/00000000514000000_3_clip_93.mp4,00000000514000000_3_clip_93.mp4,25.0,250,10.0
clips/ruminate/00000000514000000_3_clip_94.mp4,00000000514000000_3_clip_94.mp4,25.0,250,10.0
clips/ruminate/00000000514000000_3_clip_95.mp4,00000000514000000_3_clip_95.mp4,25.0,250,10.0
clips/ruminate/00000000514000000_3_clip_96.mp4,00000000514000000_3_clip_96.mp4,25.0,250,10.0
clips/ruminate/00000000514000000_3_clip_97.mp4,00000000514000000_3_clip_97.mp4,25.0,250,10.0
clips/ruminate/00000000514000000_3_clip_98.mp4,00000000514000000_3_clip_98.mp4,25.0,250,10.0
clips/ruminate/00000000514000000_3_clip_99.mp4,00000000514000000_3_clip_99.mp4,25.0,250,10.0
clips/ruminate/00000000514000000_4_clip_0.mp4,00000000514000000_4_clip_0.mp4,25.0,250,10.0
clips/ruminate/00000000514000000_4_clip_1.mp4,00000000514000000_4_clip_1.mp4,25.0,250,10.0
clips/ruminate/00000000514000000_4_clip_10.mp4,00000000514000000_4_clip_10.mp4,25.0,250,10.0
clips/ruminate/00000000514000000_4_clip_11.mp4,00000000514000000_4_clip_11.mp4,25.0,250,10.0
clips/ruminate/00000000514000000_4_clip_12.mp4,00000000514000000_4_clip_12.mp4,25.0,250,10.0
clips/ruminate/00000000514000000_4_clip_13.mp4,00000000514000000_4_clip_13.mp4,25.0,250,10.0
clips/ruminate/00000000514000000_4_clip_14.mp4,00000000514000000_4_clip_14.mp4,25.0,250,10.0
clips/ruminate/00000000514000000_4_clip_15.mp4,00000000514000000_4_clip_15.mp4,25.0,250,10.0
clips/ruminate/00000000514000000_4_clip_16.mp4,00000000514000000_4_clip_16.mp4,25.0,250,10.0
clips/ruminate/00000000514000000_4_clip_17.mp4,00000000514000000_4_clip_17.mp4,25.0,250,10.0
clips/ruminate/00000000514000000_4_clip_18.mp4,00000000514000000_4_clip_18.mp4,25.0,250,10.0
clips/ruminate/00000000514000000_4_clip_19.mp4,00000000514000000_4_clip_19.mp4,25.0,250,10.0
clips/ruminate/00000000514000000_4_clip_2.mp4,00000000514000000_4_clip_2.mp4,25.0,250,10.0
clips/ruminate/00000000514000000_4_clip_20.mp4,00000000514000000_4_clip_20.mp4,25.0,250,10.0
clips/ruminate/00000000514000000_4_clip_21.mp4,00000000514000000_4_clip_21.mp4,25.0,250,10.0
clips/ruminate/00000000514000000_4_clip_22.mp4,00000000514000000_4_clip_22.mp4,25.0,250,10.0
clips/ruminate/00000000514000000_4_clip_23.mp4,00000000514000000_4_clip_23.mp4,25.0,250,10.0
clips/ruminate/00000000514000000_4_clip_24.mp4,00000000514000000_4_clip_24.mp4,25.0,250,10.0
clips/ruminate/00000000514000000_4_clip_25.mp4,00000000514000000_4_clip_25.mp4,25.0,250,10.0
clips/ruminate/00000000514000000_4_clip_26.mp4,00000000514000000_4_clip_26.mp4,25.0,250,10.0
clips/ruminate/00000000514000000_4_clip_27.mp4,00000000514000000_4_clip_27.mp4,25.0,250,10.0
clips/ruminate/00000000514000000_4_clip_28.mp4,00000000514000000_4_clip_28.mp4,25.0,41,1.64
clips/ruminate/00000000514000000_4_clip_3.mp4,00000000514000000_4_clip_3.mp4,25.0,250,10.0
clips/ruminate/00000000514000000_4_clip_4.mp4,00000000514000000_4_clip_4.mp4,25.0,250,10.0
clips/ruminate/00000000514000000_4_clip_5.mp4,00000000514000000_4_clip_5.mp4,25.0,250,10.0
clips/ruminate/00000000514000000_4_clip_6.mp4,00000000514000000_4_clip_6.mp4,25.0,250,10.0
clips/ruminate/00000000514000000_4_clip_7.mp4,00000000514000000_4_clip_7.mp4,25.0,250,10.0
clips/ruminate/00000000514000000_4_clip_8.mp4,00000000514000000_4_clip_8.mp4,25.0,250,10.0
clips/ruminate/00000000514000000_4_clip_9.mp4,00000000514000000_4_clip_9.mp4,25.0,250,10.0
clips/ruminate/00000000580000000_13_clip_0.mp4,00000000580000000_13_clip_0.mp4,25.0,250,10.0
clips/ruminate/00000000580000000_13_clip_1.mp4,00000000580000000_13_clip_1.mp4,25.0,250,10.0
clips/ruminate/00000000580000000_13_clip_10.mp4,00000000580000000_13_clip_10.mp4,25.0,250,10.0
clips/ruminate/00000000580000000_13_clip_11.mp4,00000000580000000_13_clip_11.mp4,25.0,250,10.0
clips/ruminate/00000000580000000_13_clip_12.mp4,00000000580000000_13_clip_12.mp4,25.0,250,10.0
clips/ruminate/00000000580000000_13_clip_13.mp4,00000000580000000_13_clip_13.mp4,25.0,250,10.0
clips/ruminate/00000000580000000_13_clip_14.mp4,00000000580000000_13_clip_14.mp4,25.0,250,10.0
clips/ruminate/00000000580000000_13_clip_15.mp4,00000000580000000_13_clip_15.mp4,25.0,250,10.0
clips/ruminate/00000000580000000_13_clip_16.mp4,00000000580000000_13_clip_16.mp4,25.0,250,10.0
clips/ruminate/00000000580000000_13_clip_17.mp4,00000000580000000_13_clip_17.mp4,25.0,250,10.0
clips/ruminate/00000000580000000_13_clip_18.mp4,00000000580000000_13_clip_18.mp4,25.0,250,10.0
clips/ruminate/00000000580000000_13_clip_19.mp4,00000000580000000_13_clip_19.mp4,25.0,250,10.0
clips/ruminate/00000000580000000_13_clip_2.mp4,00000000580000000_13_clip_2.mp4,25.0,250,10.0
clips/ruminate/00000000580000000_13_clip_20.mp4,00000000580000000_13_clip_20.mp4,25.0,250,10.0
clips/ruminate/00000000580000000_13_clip_21.mp4,00000000580000000_13_clip_21.mp4,25.0,250,10.0
clips/ruminate/00000000580000000_13_clip_22.mp4,00000000580000000_13_clip_22.mp4,25.0,250,10.0
clips/ruminate/00000000580000000_13_clip_23.mp4,00000000580000000_13_clip_23.mp4,25.0,250,10.0
clips/ruminate/00000000580000000_13_clip_24.mp4,00000000580000000_13_clip_24.mp4,25.0,250,10.0
clips/ruminate/00000000580000000_13_clip_25.mp4,00000000580000000_13_clip_25.mp4,25.0,250,10.0
clips/ruminate/00000000580000000_13_clip_26.mp4,00000000580000000_13_clip_26.mp4,25.0,250,10.0
clips/ruminate/00000000580000000_13_clip_27.mp4,00000000580000000_13_clip_27.mp4,25.0,250,10.0
clips/ruminate/00000000580000000_13_clip_28.mp4,00000000580000000_13_clip_28.mp4,25.0,250,10.0
clips/ruminate/00000000580000000_13_clip_29.mp4,00000000580000000_13_clip_29.mp4,25.0,250,10.0
clips/ruminate/00000000580000000_13_clip_3.mp4,00000000580000000_13_clip_3.mp4,25.0,250,10.0
clips/ruminate/00000000580000000_13_clip_30.mp4,00000000580000000_13_clip_30.mp4,25.0,250,10.0
clips/ruminate/00000000580000000_13_clip_31.mp4,00000000580000000_13_clip_31.mp4,25.0,250,10.0
clips/ruminate/00000000580000000_13_clip_32.mp4,00000000580000000_13_clip_32.mp4,25.0,250,10.0
clips/ruminate/00000000580000000_13_clip_33.mp4,00000000580000000_13_clip_33.mp4,25.0,250,10.0
clips/ruminate/00000000580000000_13_clip_34.mp4,00000000580000000_13_clip_34.mp4,25.0,250,10.0
clips/ruminate/00000000580000000_13_clip_35.mp4,00000000580000000_13_clip_35.mp4,25.0,250,10.0
clips/ruminate/00000000580000000_13_clip_36.mp4,00000000580000000_13_clip_36.mp4,25.0,250,10.0
clips/ruminate/00000000580000000_13_clip_37.mp4,00000000580000000_13_clip_37.mp4,25.0,250,10.0
clips/ruminate/00000000580000000_13_clip_38.mp4,00000000580000000_13_clip_38.mp4,25.0,250,10.0
clips/ruminate/00000000580000000_13_clip_39.mp4,00000000580000000_13_clip_39.mp4,25.0,250,10.0
clips/ruminate/00000000580000000_13_clip_4.mp4,00000000580000000_13_clip_4.mp4,25.0,250,10.0
clips/ruminate/00000000580000000_13_clip_40.mp4,00000000580000000_13_clip_40.mp4,25.0,250,10.0
clips/ruminate/00000000580000000_13_clip_41.mp4,00000000580000000_13_clip_41.mp4,25.0,250,10.0
clips/ruminate/00000000580000000_13_clip_42.mp4,00000000580000000_13_clip_42.mp4,25.0,250,10.0
clips/ruminate/00000000580000000_13_clip_43.mp4,00000000580000000_13_clip_43.mp4,25.0,250,10.0
clips/ruminate/00000000580000000_13_clip_44.mp4,00000000580000000_13_clip_44.mp4,25.0,250,10.0
clips/ruminate/00000000580000000_13_clip_45.mp4,00000000580000000_13_clip_45.mp4,25.0,250,10.0
clips/ruminate/00000000580000000_13_clip_46.mp4,00000000580000000_13_clip_46.mp4,25.0,250,10.0
clips/ruminate/00000000580000000_13_clip_47.mp4,00000000580000000_13_clip_47.mp4,25.0,250,10.0
clips/ruminate/00000000580000000_13_clip_48.mp4,00000000580000000_13_clip_48.mp4,25.0,250,10.0
clips/ruminate/00000000580000000_13_clip_49.mp4,00000000580000000_13_clip_49.mp4,25.0,250,10.0
clips/ruminate/00000000580000000_13_clip_5.mp4,00000000580000000_13_clip_5.mp4,25.0,250,10.0
clips/ruminate/00000000580000000_13_clip_50.mp4,00000000580000000_13_clip_50.mp4,25.0,250,10.0
clips/ruminate/00000000580000000_13_clip_51.mp4,00000000580000000_13_clip_51.mp4,25.0,250,10.0
clips/ruminate/00000000580000000_13_clip_52.mp4,00000000580000000_13_clip_52.mp4,25.0,250,10.0
clips/ruminate/00000000580000000_13_clip_53.mp4,00000000580000000_13_clip_53.mp4,25.0,250,10.0
clips/ruminate/00000000580000000_13_clip_54.mp4,00000000580000000_13_clip_54.mp4,25.0,250,10.0
clips/ruminate/00000000580000000_13_clip_55.mp4,00000000580000000_13_clip_55.mp4,25.0,250,10.0
clips/ruminate/00000000580000000_13_clip_56.mp4,00000000580000000_13_clip_56.mp4,25.0,250,10.0
clips/ruminate/00000000580000000_13_clip_57.mp4,00000000580000000_13_clip_57.mp4,25.0,250,10.0
clips/ruminate/00000000580000000_13_clip_58.mp4,00000000580000000_13_clip_58.mp4,25.0,250,10.0
clips/ruminate/00000000580000000_13_clip_59.mp4,00000000580000000_13_clip_59.mp4,25.0,250,10.0
clips/ruminate/00000000580000000_13_clip_6.mp4,00000000580000000_13_clip_6.mp4,25.0,250,10.0
clips/ruminate/00000000580000000_13_clip_60.mp4,00000000580000000_13_clip_60.mp4,25.0,250,10.0
clips/ruminate/00000000580000000_13_clip_61.mp4,00000000580000000_13_clip_61.mp4,25.0,250,10.0
clips/ruminate/00000000580000000_13_clip_62.mp4,00000000580000000_13_clip_62.mp4,25.0,250,10.0
clips/ruminate/00000000580000000_13_clip_63.mp4,00000000580000000_13_clip_63.mp4,25.0,250,10.0
clips/ruminate/00000000580000000_13_clip_64.mp4,00000000580000000_13_clip_64.mp4,25.0,250,10.0
clips/ruminate/00000000580000000_13_clip_65.mp4,00000000580000000_13_clip_65.mp4,25.0,250,10.0
clips/ruminate/00000000580000000_13_clip_66.mp4,00000000580000000_13_clip_66.mp4,25.0,250,10.0
clips/ruminate/00000000580000000_13_clip_67.mp4,00000000580000000_13_clip_67.mp4,25.0,250,10.0
clips/ruminate/00000000580000000_13_clip_68.mp4,00000000580000000_13_clip_68.mp4,25.0,250,10.0
clips/ruminate/00000000580000000_13_clip_69.mp4,00000000580000000_13_clip_69.mp4,25.0,250,10.0
clips/ruminate/00000000580000000_13_clip_7.mp4,00000000580000000_13_clip_7.mp4,25.0,250,10.0
clips/ruminate/00000000580000000_13_clip_70.mp4,00000000580000000_13_clip_70.mp4,25.0,250,10.0
clips/ruminate/00000000580000000_13_clip_71.mp4,00000000580000000_13_clip_71.mp4,25.0,250,10.0
clips/ruminate/00000000580000000_13_clip_72.mp4,00000000580000000_13_clip_72.mp4,25.0,250,10.0
clips/ruminate/00000000580000000_13_clip_73.mp4,00000000580000000_13_clip_73.mp4,25.0,250,10.0
clips/ruminate/00000000580000000_13_clip_74.mp4,00000000580000000_13_clip_74.mp4,25.0,250,10.0
clips/ruminate/00000000580000000_13_clip_75.mp4,00000000580000000_13_clip_75.mp4,25.0,250,10.0
clips/ruminate/00000000580000000_13_clip_76.mp4,00000000580000000_13_clip_76.mp4,25.0,250,10.0
clips/ruminate/00000000580000000_13_clip_77.mp4,00000000580000000_13_clip_77.mp4,25.0,250,10.0
clips/ruminate/00000000580000000_13_clip_78.mp4,00000000580000000_13_clip_78.mp4,25.0,250,10.0
clips/ruminate/00000000580000000_13_clip_79.mp4,00000000580000000_13_clip_79.mp4,25.0,250,10.0
clips/ruminate/00000000580000000_13_clip_8.mp4,00000000580000000_13_clip_8.mp4,25.0,250,10.0
clips/ruminate/00000000580000000_13_clip_80.mp4,00000000580000000_13_clip_80.mp4,25.0,250,10.0
clips/ruminate/00000000580000000_13_clip_81.mp4,00000000580000000_13_clip_81.mp4,25.0,250,10.0
clips/ruminate/00000000580000000_13_clip_82.mp4,00000000580000000_13_clip_82.mp4,25.0,250,10.0
clips/ruminate/00000000580000000_13_clip_83.mp4,00000000580000000_13_clip_83.mp4,25.0,150,6.0
clips/ruminate/00000000580000000_13_clip_9.mp4,00000000580000000_13_clip_9.mp4,25.0,250,10.0
clips/ruminate/00000000580000000_1_clip_0.mp4,00000000580000000_1_clip_0.mp4,25.0,250,10.0
clips/ruminate/00000000580000000_1_clip_1.mp4,00000000580000000_1_clip_1.mp4,25.0,250,10.0
clips/ruminate/00000000580000000_1_clip_10.mp4,00000000580000000_1_clip_10.mp4,25.0,250,10.0
clips/ruminate/00000000580000000_1_clip_11.mp4,00000000580000000_1_clip_11.mp4,25.0,250,10.0
clips/ruminate/00000000580000000_1_clip_12.mp4,00000000580000000_1_clip_12.mp4,25.0,250,10.0
clips/ruminate/00000000580000000_1_clip_13.mp4,00000000580000000_1_clip_13.mp4,25.0,250,10.0
clips/ruminate/00000000580000000_1_clip_14.mp4,00000000580000000_1_clip_14.mp4,25.0,250,10.0
clips/ruminate/00000000580000000_1_clip_15.mp4,00000000580000000_1_clip_15.mp4,25.0,250,10.0
clips/ruminate/00000000580000000_1_clip_16.mp4,00000000580000000_1_clip_16.mp4,25.0,250,10.0
clips/ruminate/00000000580000000_1_clip_17.mp4,00000000580000000_1_clip_17.mp4,25.0,250,10.0
clips/ruminate/00000000580000000_1_clip_18.mp4,00000000580000000_1_clip_18.mp4,25.0,250,10.0
clips/ruminate/00000000580000000_1_clip_19.mp4,00000000580000000_1_clip_19.mp4,25.0,250,10.0
clips/ruminate/00000000580000000_1_clip_2.mp4,00000000580000000_1_clip_2.mp4,25.0,250,10.0
clips/ruminate/00000000580000000_1_clip_20.mp4,00000000580000000_1_clip_20.mp4,25.0,250,10.0
clips/ruminate/00000000580000000_1_clip_21.mp4,00000000580000000_1_clip_21.mp4,25.0,250,10.0
clips/ruminate/00000000580000000_1_clip_22.mp4,00000000580000000_1_clip_22.mp4,25.0,250,10.0
clips/ruminate/00000000580000000_1_clip_23.mp4,00000000580000000_1_clip_23.mp4,25.0,250,10.0
clips/ruminate/00000000580000000_1_clip_24.mp4,00000000580000000_1_clip_24.mp4,25.0,250,10.0
clips/ruminate/00000000580000000_1_clip_25.mp4,00000000580000000_1_clip_25.mp4,25.0,250,10.0
clips/ruminate/00000000580000000_1_clip_26.mp4,00000000580000000_1_clip_26.mp4,25.0,250,10.0
clips/ruminate/00000000580000000_1_clip_27.mp4,00000000580000000_1_clip_27.mp4,25.0,250,10.0
clips/ruminate/00000000580000000_1_clip_28.mp4,00000000580000000_1_clip_28.mp4,25.0,250,10.0
clips/ruminate/00000000580000000_1_clip_29.mp4,00000000580000000_1_clip_29.mp4,25.0,250,10.0
clips/ruminate/00000000580000000_1_clip_3.mp4,00000000580000000_1_clip_3.mp4,25.0,250,10.0
clips/ruminate/00000000580000000_1_clip_30.mp4,00000000580000000_1_clip_30.mp4,25.0,250,10.0
clips/ruminate/00000000580000000_1_clip_31.mp4,00000000580000000_1_clip_31.mp4,25.0,250,10.0
clips/ruminate/00000000580000000_1_clip_32.mp4,00000000580000000_1_clip_32.mp4,25.0,250,10.0
clips/ruminate/00000000580000000_1_clip_33.mp4,00000000580000000_1_clip_33.mp4,25.0,250,10.0
clips/ruminate/00000000580000000_1_clip_34.mp4,00000000580000000_1_clip_34.mp4,25.0,250,10.0
clips/ruminate/00000000580000000_1_clip_35.mp4,00000000580000000_1_clip_35.mp4,25.0,250,10.0
clips/ruminate/00000000580000000_1_clip_36.mp4,00000000580000000_1_clip_36.mp4,25.0,250,10.0
clips/ruminate/00000000580000000_1_clip_37.mp4,00000000580000000_1_clip_37.mp4,25.0,250,10.0
clips/ruminate/00000000580000000_1_clip_38.mp4,00000000580000000_1_clip_38.mp4,25.0,250,10.0
clips/ruminate/00000000580000000_1_clip_39.mp4,00000000580000000_1_clip_39.mp4,25.0,250,10.0
clips/ruminate/00000000580000000_1_clip_4.mp4,00000000580000000_1_clip_4.mp4,25.0,250,10.0
clips/ruminate/00000000580000000_1_clip_40.mp4,00000000580000000_1_clip_40.mp4,25.0,250,10.0
clips/ruminate/00000000580000000_1_clip_41.mp4,00000000580000000_1_clip_41.mp4,25.0,250,10.0
clips/ruminate/00000000580000000_1_clip_42.mp4,00000000580000000_1_clip_42.mp4,25.0,250,10.0
clips/ruminate/00000000580000000_1_clip_43.mp4,00000000580000000_1_clip_43.mp4,25.0,250,10.0
clips/ruminate/00000000580000000_1_clip_44.mp4,00000000580000000_1_clip_44.mp4,25.0,250,10.0
clips/ruminate/00000000580000000_1_clip_45.mp4,00000000580000000_1_clip_45.mp4,25.0,250,10.0
clips/ruminate/00000000580000000_1_clip_46.mp4,00000000580000000_1_clip_46.mp4,25.0,250,10.0
clips/ruminate/00000000580000000_1_clip_47.mp4,00000000580000000_1_clip_47.mp4,25.0,250,10.0
clips/ruminate/00000000580000000_1_clip_48.mp4,00000000580000000_1_clip_48.mp4,25.0,250,10.0
clips/ruminate/00000000580000000_1_clip_49.mp4,00000000580000000_1_clip_49.mp4,25.0,250,10.0
clips/ruminate/00000000580000000_1_clip_5.mp4,00000000580000000_1_clip_5.mp4,25.0,250,10.0
clips/ruminate/00000000580000000_1_clip_50.mp4,00000000580000000_1_clip_50.mp4,25.0,250,10.0
clips/ruminate/00000000580000000_1_clip_51.mp4,00000000580000000_1_clip_51.mp4,25.0,250,10.0
clips/ruminate/00000000580000000_1_clip_52.mp4,00000000580000000_1_clip_52.mp4,25.0,250,10.0
clips/ruminate/00000000580000000_1_clip_53.mp4,00000000580000000_1_clip_53.mp4,25.0,250,10.0
clips/ruminate/00000000580000000_1_clip_54.mp4,00000000580000000_1_clip_54.mp4,25.0,250,10.0
clips/ruminate/00000000580000000_1_clip_55.mp4,00000000580000000_1_clip_55.mp4,25.0,250,10.0
clips/ruminate/00000000580000000_1_clip_56.mp4,00000000580000000_1_clip_56.mp4,25.0,250,10.0
clips/ruminate/00000000580000000_1_clip_57.mp4,00000000580000000_1_clip_57.mp4,25.0,250,10.0
clips/ruminate/00000000580000000_1_clip_58.mp4,00000000580000000_1_clip_58.mp4,25.0,250,10.0
clips/ruminate/00000000580000000_1_clip_59.mp4,00000000580000000_1_clip_59.mp4,25.0,250,10.0
clips/ruminate/00000000580000000_1_clip_6.mp4,00000000580000000_1_clip_6.mp4,25.0,250,10.0
clips/ruminate/00000000580000000_1_clip_60.mp4,00000000580000000_1_clip_60.mp4,25.0,250,10.0
clips/ruminate/00000000580000000_1_clip_61.mp4,00000000580000000_1_clip_61.mp4,25.0,250,10.0
clips/ruminate/00000000580000000_1_clip_62.mp4,00000000580000000_1_clip_62.mp4,25.0,88,3.52
clips/ruminate/00000000580000000_1_clip_7.mp4,00000000580000000_1_clip_7.mp4,25.0,250,10.0
clips/ruminate/00000000580000000_1_clip_8.mp4,00000000580000000_1_clip_8.mp4,25.0,250,10.0
clips/ruminate/00000000580000000_1_clip_9.mp4,00000000580000000_1_clip_9.mp4,25.0,250,10.0
clips/ruminate/00000000580000000_3_clip_100.mp4,00000000580000000_3_clip_100.mp4,25.0,250,10.0
clips/ruminate/00000000580000000_3_clip_101.mp4,00000000580000000_3_clip_101.mp4,25.0,250,10.0
clips/ruminate/00000000580000000_3_clip_102.mp4,00000000580000000_3_clip_102.mp4,25.0,250,10.0
clips/ruminate/00000000580000000_3_clip_103.mp4,00000000580000000_3_clip_103.mp4,25.0,250,10.0
clips/ruminate/00000000580000000_3_clip_104.mp4,00000000580000000_3_clip_104.mp4,25.0,250,10.0
clips/ruminate/00000000580000000_3_clip_105.mp4,00000000580000000_3_clip_105.mp4,25.0,250,10.0
clips/ruminate/00000000580000000_3_clip_106.mp4,00000000580000000_3_clip_106.mp4,25.0,250,10.0
clips/ruminate/00000000580000000_3_clip_107.mp4,00000000580000000_3_clip_107.mp4,25.0,250,10.0
clips/ruminate/00000000580000000_3_clip_108.mp4,00000000580000000_3_clip_108.mp4,25.0,250,10.0
clips/ruminate/00000000580000000_3_clip_109.mp4,00000000580000000_3_clip_109.mp4,25.0,250,10.0
clips/ruminate/00000000580000000_3_clip_110.mp4,00000000580000000_3_clip_110.mp4,25.0,250,10.0
clips/ruminate/00000000580000000_3_clip_111.mp4,00000000580000000_3_clip_111.mp4,25.0,250,10.0
clips/ruminate/00000000580000000_3_clip_112.mp4,00000000580000000_3_clip_112.mp4,25.0,250,10.0
clips/ruminate/00000000580000000_3_clip_113.mp4,00000000580000000_3_clip_113.mp4,25.0,250,10.0
clips/ruminate/00000000580000000_3_clip_114.mp4,00000000580000000_3_clip_114.mp4,25.0,250,10.0
clips/ruminate/00000000580000000_3_clip_115.mp4,00000000580000000_3_clip_115.mp4,25.0,250,10.0
clips/ruminate/00000000580000000_3_clip_116.mp4,00000000580000000_3_clip_116.mp4,25.0,250,10.0
clips/ruminate/00000000580000000_3_clip_117.mp4,00000000580000000_3_clip_117.mp4,25.0,250,10.0
clips/ruminate/00000000580000000_3_clip_118.mp4,00000000580000000_3_clip_118.mp4,25.0,250,10.0
clips/ruminate/00000000580000000_3_clip_119.mp4,00000000580000000_3_clip_119.mp4,25.0,250,10.0
clips/ruminate/00000000580000000_3_clip_120.mp4,00000000580000000_3_clip_120.mp4,25.0,250,10.0
clips/ruminate/00000000580000000_3_clip_121.mp4,00000000580000000_3_clip_121.mp4,25.0,250,10.0
clips/ruminate/00000000580000000_3_clip_122.mp4,00000000580000000_3_clip_122.mp4,25.0,250,10.0
clips/ruminate/00000000580000000_3_clip_123.mp4,00000000580000000_3_clip_123.mp4,25.0,250,10.0
clips/ruminate/00000000580000000_3_clip_124.mp4,00000000580000000_3_clip_124.mp4,25.0,250,10.0
clips/ruminate/00000000580000000_3_clip_125.mp4,00000000580000000_3_clip_125.mp4,25.0,250,10.0
clips/ruminate/00000000580000000_3_clip_126.mp4,00000000580000000_3_clip_126.mp4,25.0,250,10.0
clips/ruminate/00000000580000000_3_clip_127.mp4,00000000580000000_3_clip_127.mp4,25.0,250,10.0
clips/ruminate/00000000580000000_3_clip_128.mp4,00000000580000000_3_clip_128.mp4,25.0,250,10.0
clips/ruminate/00000000580000000_3_clip_129.mp4,00000000580000000_3_clip_129.mp4,25.0,250,10.0
clips/ruminate/00000000580000000_3_clip_130.mp4,00000000580000000_3_clip_130.mp4,25.0,250,10.0
clips/ruminate/00000000580000000_3_clip_131.mp4,00000000580000000_3_clip_131.mp4,25.0,250,10.0
clips/ruminate/00000000580000000_3_clip_132.mp4,00000000580000000_3_clip_132.mp4,25.0,250,10.0
clips/ruminate/00000000580000000_3_clip_133.mp4,00000000580000000_3_clip_133.mp4,25.0,250,10.0
clips/ruminate/00000000580000000_3_clip_134.mp4,00000000580000000_3_clip_134.mp4,25.0,250,10.0
clips/ruminate/00000000580000000_3_clip_135.mp4,00000000580000000_3_clip_135.mp4,25.0,250,10.0
clips/ruminate/00000000580000000_3_clip_136.mp4,00000000580000000_3_clip_136.mp4,25.0,51,2.04
clips/ruminate/00000000580000000_3_clip_97.mp4,00000000580000000_3_clip_97.mp4,25.0,250,10.0
clips/ruminate/00000000580000000_3_clip_98.mp4,00000000580000000_3_clip_98.mp4,25.0,250,10.0
clips/ruminate/00000000580000000_3_clip_99.mp4,00000000580000000_3_clip_99.mp4,25.0,250,10.0
clips/ruminate/00000000580000000_4_clip_100.mp4,00000000580000000_4_clip_100.mp4,25.0,250,10.0
clips/ruminate/00000000580000000_4_clip_101.mp4,00000000580000000_4_clip_101.mp4,25.0,250,10.0
clips/ruminate/00000000580000000_4_clip_102.mp4,00000000580000000_4_clip_102.mp4,25.0,250,10.0
clips/ruminate/00000000580000000_4_clip_103.mp4,00000000580000000_4_clip_103.mp4,25.0,250,10.0
clips/ruminate/00000000580000000_4_clip_104.mp4,00000000580000000_4_clip_104.mp4,25.0,250,10.0
clips/ruminate/00000000580000000_4_clip_105.mp4,00000000580000000_4_clip_105.mp4,25.0,250,10.0
clips/ruminate/00000000580000000_4_clip_106.mp4,00000000580000000_4_clip_106.mp4,25.0,250,10.0
clips/ruminate/00000000580000000_4_clip_107.mp4,00000000580000000_4_clip_107.mp4,25.0,250,10.0
clips/ruminate/00000000580000000_4_clip_108.mp4,00000000580000000_4_clip_108.mp4,25.0,250,10.0
clips/ruminate/00000000580000000_4_clip_109.mp4,00000000580000000_4_clip_109.mp4,25.0,250,10.0
clips/ruminate/00000000580000000_4_clip_110.mp4,00000000580000000_4_clip_110.mp4,25.0,250,10.0
clips/ruminate/00000000580000000_4_clip_111.mp4,00000000580000000_4_clip_111.mp4,25.0,250,10.0
clips/ruminate/00000000580000000_4_clip_112.mp4,00000000580000000_4_clip_112.mp4,25.0,250,10.0
clips/ruminate/00000000580000000_4_clip_113.mp4,00000000580000000_4_clip_113.mp4,25.0,250,10.0
clips/ruminate/00000000580000000_4_clip_114.mp4,00000000580000000_4_clip_114.mp4,25.0,250,10.0
clips/ruminate/00000000580000000_4_clip_115.mp4,00000000580000000_4_clip_115.mp4,25.0,250,10.0
clips/ruminate/00000000580000000_4_clip_116.mp4,00000000580000000_4_clip_116.mp4,25.0,250,10.0
clips/ruminate/00000000580000000_4_clip_117.mp4,00000000580000000_4_clip_117.mp4,25.0,250,10.0
clips/ruminate/00000000580000000_4_clip_118.mp4,00000000580000000_4_clip_118.mp4,25.0,250,10.0
clips/ruminate/00000000580000000_4_clip_119.mp4,00000000580000000_4_clip_119.mp4,25.0,250,10.0
clips/ruminate/00000000580000000_4_clip_120.mp4,00000000580000000_4_clip_120.mp4,25.0,250,10.0
clips/ruminate/00000000580000000_4_clip_121.mp4,00000000580000000_4_clip_121.mp4,25.0,250,10.0
clips/ruminate/00000000580000000_4_clip_122.mp4,00000000580000000_4_clip_122.mp4,25.0,250,10.0
clips/ruminate/00000000580000000_4_clip_123.mp4,00000000580000000_4_clip_123.mp4,25.0,250,10.0
clips/ruminate/00000000580000000_4_clip_124.mp4,00000000580000000_4_clip_124.mp4,25.0,92,3.68
clips/ruminate/00000000580000000_4_clip_86.mp4,00000000580000000_4_clip_86.mp4,25.0,250,10.0
clips/ruminate/00000000580000000_4_clip_87.mp4,00000000580000000_4_clip_87.mp4,25.0,250,10.0
clips/ruminate/00000000580000000_4_clip_88.mp4,00000000580000000_4_clip_88.mp4,25.0,250,10.0
clips/ruminate/00000000580000000_4_clip_89.mp4,00000000580000000_4_clip_89.mp4,25.0,250,10.0
clips/ruminate/00000000580000000_4_clip_90.mp4,00000000580000000_4_clip_90.mp4,25.0,250,10.0
clips/ruminate/00000000580000000_4_clip_91.mp4,00000000580000000_4_clip_91.mp4,25.0,250,10.0
clips/ruminate/00000000580000000_4_clip_92.mp4,00000000580000000_4_clip_92.mp4,25.0,250,10.0
clips/ruminate/00000000580000000_4_clip_93.mp4,00000000580000000_4_clip_93.mp4,25.0,250,10.0
clips/ruminate/00000000580000000_4_clip_94.mp4,00000000580000000_4_clip_94.mp4,25.0,250,10.0
clips/ruminate/00000000580000000_4_clip_95.mp4,00000000580000000_4_clip_95.mp4,25.0,250,10.0
clips/ruminate/00000000580000000_4_clip_96.mp4,00000000580000000_4_clip_96.mp4,25.0,250,10.0
clips/ruminate/00000000580000000_4_clip_97.mp4,00000000580000000_4_clip_97.mp4,25.0,250,10.0
clips/ruminate/00000000580000000_4_clip_98.mp4,00000000580000000_4_clip_98.mp4,25.0,250,10.0
clips/ruminate/00000000580000000_4_clip_99.mp4,00000000580000000_4_clip_99.mp4,25.0,250,10.0
clips/ruminate/00000000580000000_7_clip_26.mp4,00000000580000000_7_clip_26.mp4,25.0,250,10.0
clips/ruminate/00000000580000000_7_clip_27.mp4,00000000580000000_7_clip_27.mp4,25.0,250,10.0
clips/ruminate/00000000580000000_7_clip_28.mp4,00000000580000000_7_clip_28.mp4,25.0,250,10.0
clips/ruminate/00000000580000000_7_clip_29.mp4,00000000580000000_7_clip_29.mp4,25.0,250,10.0
clips/ruminate/00000000580000000_7_clip_30.mp4,00000000580000000_7_clip_30.mp4,25.0,250,10.0
clips/ruminate/00000000580000000_7_clip_31.mp4,00000000580000000_7_clip_31.mp4,25.0,250,10.0
clips/ruminate/00000000580000000_7_clip_32.mp4,00000000580000000_7_clip_32.mp4,25.0,250,10.0
clips/ruminate/00000000580000000_7_clip_33.mp4,00000000580000000_7_clip_33.mp4,25.0,250,10.0
clips/ruminate/00000000580000000_7_clip_34.mp4,00000000580000000_7_clip_34.mp4,25.0,250,10.0
clips/ruminate/00000000580000000_7_clip_35.mp4,00000000580000000_7_clip_35.mp4,25.0,250,10.0
clips/ruminate/00000000580000000_7_clip_36.mp4,00000000580000000_7_clip_36.mp4,25.0,250,10.0
clips/ruminate/00000000580000000_7_clip_37.mp4,00000000580000000_7_clip_37.mp4,25.0,250,10.0
clips/ruminate/00000000580000000_7_clip_38.mp4,00000000580000000_7_clip_38.mp4,25.0,250,10.0
clips/ruminate/00000000580000000_7_clip_39.mp4,00000000580000000_7_clip_39.mp4,25.0,250,10.0
clips/ruminate/00000000580000000_7_clip_40.mp4,00000000580000000_7_clip_40.mp4,25.0,250,10.0
clips/ruminate/00000000580000000_7_clip_41.mp4,00000000580000000_7_clip_41.mp4,25.0,250,10.0
clips/ruminate/00000000580000000_7_clip_42.mp4,00000000580000000_7_clip_42.mp4,25.0,250,10.0
clips/ruminate/00000000580000000_7_clip_43.mp4,00000000580000000_7_clip_43.mp4,25.0,250,10.0
clips/ruminate/00000000580000000_7_clip_44.mp4,00000000580000000_7_clip_44.mp4,25.0,250,10.0
clips/ruminate/00000000580000000_7_clip_45.mp4,00000000580000000_7_clip_45.mp4,25.0,250,10.0
clips/ruminate/00000000580000000_7_clip_46.mp4,00000000580000000_7_clip_46.mp4,25.0,250,10.0
clips/ruminate/00000000580000000_7_clip_47.mp4,00000000580000000_7_clip_47.mp4,25.0,250,10.0
clips/ruminate/00000000580000000_7_clip_48.mp4,00000000580000000_7_clip_48.mp4,25.0,250,10.0
clips/ruminate/00000000580000000_7_clip_49.mp4,00000000580000000_7_clip_49.mp4,25.0,250,10.0
clips/ruminate/00000000580000000_7_clip_50.mp4,00000000580000000_7_clip_50.mp4,25.0,250,10.0
clips/ruminate/00000000580000000_7_clip_51.mp4,00000000580000000_7_clip_51.mp4,25.0,250,10.0
clips/ruminate/00000000580000000_7_clip_52.mp4,00000000580000000_7_clip_52.mp4,25.0,250,10.0
clips/ruminate/00000000580000000_7_clip_53.mp4,00000000580000000_7_clip_53.mp4,25.0,250,10.0
clips/ruminate/00000000580000000_7_clip_54.mp4,00000000580000000_7_clip_54.mp4,25.0,250,10.0
clips/ruminate/00000000580000000_7_clip_55.mp4,00000000580000000_7_clip_55.mp4,25.0,250,10.0
clips/ruminate/00000000580000000_7_clip_56.mp4,00000000580000000_7_clip_56.mp4,25.0,250,10.0
clips/ruminate/00000000580000000_7_clip_57.mp4,00000000580000000_7_clip_57.mp4,25.0,250,10.0
clips/ruminate/00000000580000000_7_clip_58.mp4,00000000580000000_7_clip_58.mp4,25.0,250,10.0
clips/ruminate/00000000580000000_7_clip_59.mp4,00000000580000000_7_clip_59.mp4,25.0,149,5.96
clips/ruminate/100_4_clip_0.mp4,100_4_clip_0.mp4,25.0,250,10.0
clips/ruminate/100_5_clip_0.mp4,100_5_clip_0.mp4,25.0,250,10.0
clips/ruminate/100_6_clip_0.mp4,100_6_clip_0.mp4,25.0,230,9.2
clips/ruminate/101_2_clip_0.mp4,101_2_clip_0.mp4,25.0,250,10.0
clips/ruminate/102_1_clip_0.mp4,102_1_clip_0.mp4,25.0,250,10.0
clips/ruminate/103_2_clip_0.mp4,103_2_clip_0.mp4,25.0,250,10.0
clips/ruminate/104_1_clip_0.mp4,104_1_clip_0.mp4,25.0,250,10.0
clips/ruminate/105_2_clip_0.mp4,105_2_clip_0.mp4,25.0,250,10.0
clips/ruminate/106_2_clip_0.mp4,106_2_clip_0.mp4,25.0,250,10.0
clips/ruminate/107_2_clip_0.mp4,107_2_clip_0.mp4,25.0,250,10.0
clips/ruminate/108_2_clip_0.mp4,108_2_clip_0.mp4,25.0,250,10.0
clips/ruminate/109_2_clip_0.mp4,109_2_clip_0.mp4,25.0,250,10.0
clips/ruminate/110_1_clip_0.mp4,110_1_clip_0.mp4,25.0,250,10.0
clips/ruminate/111_1_clip_0.mp4,111_1_clip_0.mp4,25.0,250,10.0
clips/ruminate/112_2_clip_0.mp4,112_2_clip_0.mp4,25.0,250,10.0
clips/ruminate/113_1_clip_0.mp4,113_1_clip_0.mp4,25.0,250,10.0
clips/ruminate/114_2_clip_0.mp4,114_2_clip_0.mp4,25.0,250,10.0
clips/ruminate/115_2_clip_0.mp4,115_2_clip_0.mp4,25.0,250,10.0
clips/ruminate/116_2_clip_0.mp4,116_2_clip_0.mp4,25.0,250,10.0
clips/ruminate/117_2_clip_0.mp4,117_2_clip_0.mp4,25.0,250,10.0
clips/ruminate/118_2_clip_0.mp4,118_2_clip_0.mp4,25.0,250,10.0
clips/ruminate/119_1_clip_0.mp4,119_1_clip_0.mp4,25.0,250,10.0
clips/ruminate/120_1_clip_0.mp4,120_1_clip_0.mp4,25.0,250,10.0
clips/ruminate/121_1_clip_0.mp4,121_1_clip_0.mp4,25.0,250,10.0
clips/ruminate/122_1_clip_0.mp4,122_1_clip_0.mp4,25.0,250,10.0
clips/ruminate/123_1_clip_0.mp4,123_1_clip_0.mp4,25.0,250,10.0
clips/ruminate/124_2_clip_0.mp4,124_2_clip_0.mp4,25.0,250,10.0
clips/ruminate/125_2_clip_0.mp4,125_2_clip_0.mp4,25.0,250,10.0
clips/ruminate/126_2_clip_0.mp4,126_2_clip_0.mp4,25.0,250,10.0
clips/ruminate/127_1_clip_0.mp4,127_1_clip_0.mp4,25.0,250,10.0
clips/ruminate/128_2_clip_0.mp4,128_2_clip_0.mp4,25.0,250,10.0
clips/ruminate/129_1_clip_0.mp4,129_1_clip_0.mp4,25.0,250,10.0
clips/ruminate/130_1_clip_0.mp4,130_1_clip_0.mp4,25.0,250,10.0
clips/ruminate/131_1_clip_0.mp4,131_1_clip_0.mp4,25.0,250,10.0
clips/ruminate/132_1_clip_0.mp4,132_1_clip_0.mp4,25.0,250,10.0
clips/ruminate/133_1_clip_0.mp4,133_1_clip_0.mp4,25.0,250,10.0
clips/ruminate/26_4_clip_0.mp4,26_4_clip_0.mp4,25.0,250,10.0
clips/ruminate/27_4_clip_0.mp4,27_4_clip_0.mp4,25.0,250,10.0
clips/ruminate/27_6_clip_0.mp4,27_6_clip_0.mp4,25.0,250,10.0
clips/ruminate/28_1_clip_0.mp4,28_1_clip_0.mp4,25.0,250,10.0
clips/ruminate/28_6_clip_0.mp4,28_6_clip_0.mp4,25.0,250,10.0
clips/ruminate/31_4_clip_0.mp4,31_4_clip_0.mp4,25.0,250,10.0
clips/ruminate/31_6_clip_0.mp4,31_6_clip_0.mp4,25.0,250,10.0
clips/ruminate/42_5_clip_0.mp4,42_5_clip_0.mp4,25.0,250,10.0
clips/ruminate/52_2_clip_0.mp4,52_2_clip_0.mp4,25.0,250,10.0
clips/ruminate/53_6_clip_0.mp4,53_6_clip_0.mp4,25.0,250,10.0
clips/ruminate/55_6_clip_0.mp4,55_6_clip_0.mp4,25.0,250,10.0
clips/ruminate/56_2_clip_0.mp4,56_2_clip_0.mp4,25.0,250,10.0
clips/ruminate/56_6_clip_0.mp4,56_6_clip_0.mp4,25.0,250,10.0
clips/ruminate/57_5_clip_0.mp4,57_5_clip_0.mp4,25.0,250,10.0
clips/ruminate/58_5_clip_0.mp4,58_5_clip_0.mp4,25.0,250,10.0
clips/ruminate/59_5_clip_0.mp4,59_5_clip_0.mp4,25.0,250,10.0
clips/ruminate/60_6_clip_0.mp4,60_6_clip_0.mp4,25.0,250,10.0
clips/ruminate/61_3_clip_0.mp4,61_3_clip_0.mp4,25.0,250,10.0
clips/ruminate/61_4_clip_0.mp4,61_4_clip_0.mp4,25.0,250,10.0
clips/ruminate/62_5_clip_0.mp4,62_5_clip_0.mp4,25.0,250,10.0
clips/ruminate/63_5_clip_0.mp4,63_5_clip_0.mp4,25.0,250,10.0
clips/ruminate/64_5_clip_0.mp4,64_5_clip_0.mp4,25.0,250,10.0
clips/ruminate/65_5_clip_0.mp4,65_5_clip_0.mp4,25.0,250,10.0
clips/ruminate/82_3_clip_0.mp4,82_3_clip_0.mp4,25.0,250,10.0
clips/ruminate/83_3_clip_0.mp4,83_3_clip_0.mp4,25.0,250,10.0
clips/ruminate/99_3_clip_0.mp4,99_3_clip_0.mp4,25.0,250,10.0
clips/ruminate/99_6_clip_0.mp4,99_6_clip_0.mp4,25.0,250,10.0
clips/stand/00000000082000000_1_clip_176.mp4,00000000082000000_1_clip_176.mp4,25.0,250,10.0
clips/stand/00000000082000000_1_clip_7.mp4,00000000082000000_1_clip_7.mp4,25.0,250,10.0
clips/stand/00000000082000000_1_clip_75.mp4,00000000082000000_1_clip_75.mp4,25.0,250,10.0
clips/stand/00000000082000000_1_clip_76.mp4,00000000082000000_1_clip_76.mp4,25.0,250,10.0
clips/stand/00000000082000000_1_clip_77.mp4,00000000082000000_1_clip_77.mp4,25.0,250,10.0
clips/stand/00000000082000000_1_clip_78.mp4,00000000082000000_1_clip_78.mp4,25.0,250,10.0
clips/stand/00000000082000000_1_clip_79.mp4,00000000082000000_1_clip_79.mp4,25.0,250,10.0
clips/stand/00000000082000000_1_clip_80.mp4,00000000082000000_1_clip_80.mp4,25.0,250,10.0
clips/stand/00000000082000000_1_clip_81.mp4,00000000082000000_1_clip_81.mp4,25.0,250,10.0
clips/stand/00000000082000000_1_clip_82.mp4,00000000082000000_1_clip_82.mp4,25.0,250,10.0
clips/stand/00000000082000000_33_clip_100.mp4,00000000082000000_33_clip_100.mp4,25.0,250,10.0
clips/stand/00000000082000000_33_clip_101.mp4,00000000082000000_33_clip_101.mp4,25.0,250,10.0
clips/stand/00000000082000000_33_clip_102.mp4,00000000082000000_33_clip_102.mp4,25.0,250,10.0
clips/stand/00000000082000000_33_clip_108.mp4,00000000082000000_33_clip_108.mp4,25.0,250,10.0
clips/stand/00000000082000000_33_clip_109.mp4,00000000082000000_33_clip_109.mp4,25.0,250,10.0
clips/stand/00000000082000000_33_clip_110.mp4,00000000082000000_33_clip_110.mp4,25.0,250,10.0
clips/stand/00000000082000000_33_clip_111.mp4,00000000082000000_33_clip_111.mp4,25.0,250,10.0
clips/stand/00000000082000000_33_clip_112.mp4,00000000082000000_33_clip_112.mp4,25.0,250,10.0
clips/stand/00000000082000000_33_clip_113.mp4,00000000082000000_33_clip_113.mp4,25.0,250,10.0
clips/stand/00000000082000000_33_clip_114.mp4,00000000082000000_33_clip_114.mp4,25.0,250,10.0
clips/stand/00000000082000000_33_clip_115.mp4,00000000082000000_33_clip_115.mp4,25.0,250,10.0
clips/stand/00000000082000000_33_clip_116.mp4,00000000082000000_33_clip_116.mp4,25.0,250,10.0
clips/stand/00000000082000000_33_clip_117.mp4,00000000082000000_33_clip_117.mp4,25.0,250,10.0
clips/stand/00000000082000000_33_clip_118.mp4,00000000082000000_33_clip_118.mp4,25.0,250,10.0
clips/stand/00000000082000000_33_clip_119.mp4,00000000082000000_33_clip_119.mp4,25.0,250,10.0
clips/stand/00000000082000000_33_clip_120.mp4,00000000082000000_33_clip_120.mp4,25.0,250,10.0
clips/stand/00000000082000000_33_clip_121.mp4,00000000082000000_33_clip_121.mp4,25.0,250,10.0
clips/stand/00000000082000000_33_clip_125.mp4,00000000082000000_33_clip_125.mp4,25.0,250,10.0
clips/stand/00000000082000000_33_clip_126.mp4,00000000082000000_33_clip_126.mp4,25.0,250,10.0
clips/stand/00000000082000000_33_clip_127.mp4,00000000082000000_33_clip_127.mp4,25.0,250,10.0
clips/stand/00000000082000000_33_clip_128.mp4,00000000082000000_33_clip_128.mp4,25.0,250,10.0
clips/stand/00000000082000000_33_clip_129.mp4,00000000082000000_33_clip_129.mp4,25.0,250,10.0
clips/stand/00000000082000000_33_clip_13.mp4,00000000082000000_33_clip_13.mp4,25.0,250,10.0
clips/stand/00000000082000000_33_clip_130.mp4,00000000082000000_33_clip_130.mp4,25.0,250,10.0
clips/stand/00000000082000000_33_clip_131.mp4,00000000082000000_33_clip_131.mp4,25.0,250,10.0
clips/stand/00000000082000000_33_clip_132.mp4,00000000082000000_33_clip_132.mp4,25.0,250,10.0
clips/stand/00000000082000000_33_clip_133.mp4,00000000082000000_33_clip_133.mp4,25.0,250,10.0
clips/stand/00000000082000000_33_clip_134.mp4,00000000082000000_33_clip_134.mp4,25.0,250,10.0
clips/stand/00000000082000000_33_clip_135.mp4,00000000082000000_33_clip_135.mp4,25.0,250,10.0
clips/stand/00000000082000000_33_clip_136.mp4,00000000082000000_33_clip_136.mp4,25.0,250,10.0
clips/stand/00000000082000000_33_clip_137.mp4,00000000082000000_33_clip_137.mp4,25.0,250,10.0
clips/stand/00000000082000000_33_clip_138.mp4,00000000082000000_33_clip_138.mp4,25.0,250,10.0
clips/stand/00000000082000000_33_clip_139.mp4,00000000082000000_33_clip_139.mp4,25.0,250,10.0
clips/stand/00000000082000000_33_clip_140.mp4,00000000082000000_33_clip_140.mp4,25.0,250,10.0
clips/stand/00000000082000000_33_clip_141.mp4,00000000082000000_33_clip_141.mp4,25.0,250,10.0
clips/stand/00000000082000000_33_clip_142.mp4,00000000082000000_33_clip_142.mp4,25.0,250,10.0
clips/stand/00000000082000000_33_clip_143.mp4,00000000082000000_33_clip_143.mp4,25.0,250,10.0
clips/stand/00000000082000000_33_clip_144.mp4,00000000082000000_33_clip_144.mp4,25.0,250,10.0
clips/stand/00000000082000000_33_clip_145.mp4,00000000082000000_33_clip_145.mp4,25.0,250,10.0
clips/stand/00000000082000000_33_clip_146.mp4,00000000082000000_33_clip_146.mp4,25.0,250,10.0
clips/stand/00000000082000000_33_clip_147.mp4,00000000082000000_33_clip_147.mp4,25.0,250,10.0
clips/stand/00000000082000000_33_clip_148.mp4,00000000082000000_33_clip_148.mp4,25.0,250,10.0
clips/stand/00000000082000000_33_clip_149.mp4,00000000082000000_33_clip_149.mp4,25.0,250,10.0
clips/stand/00000000082000000_33_clip_150.mp4,00000000082000000_33_clip_150.mp4,25.0,250,10.0
clips/stand/00000000082000000_33_clip_151.mp4,00000000082000000_33_clip_151.mp4,25.0,250,10.0
clips/stand/00000000082000000_33_clip_152.mp4,00000000082000000_33_clip_152.mp4,25.0,250,10.0
clips/stand/00000000082000000_33_clip_153.mp4,00000000082000000_33_clip_153.mp4,25.0,250,10.0
clips/stand/00000000082000000_33_clip_154.mp4,00000000082000000_33_clip_154.mp4,25.0,250,10.0
clips/stand/00000000082000000_33_clip_155.mp4,00000000082000000_33_clip_155.mp4,25.0,250,10.0
clips/stand/00000000082000000_33_clip_156.mp4,00000000082000000_33_clip_156.mp4,25.0,250,10.0
clips/stand/00000000082000000_33_clip_157.mp4,00000000082000000_33_clip_157.mp4,25.0,250,10.0
clips/stand/00000000082000000_33_clip_158.mp4,00000000082000000_33_clip_158.mp4,25.0,250,10.0
clips/stand/00000000082000000_33_clip_159.mp4,00000000082000000_33_clip_159.mp4,25.0,250,10.0
clips/stand/00000000082000000_33_clip_160.mp4,00000000082000000_33_clip_160.mp4,25.0,250,10.0
clips/stand/00000000082000000_33_clip_161.mp4,00000000082000000_33_clip_161.mp4,25.0,250,10.0
clips/stand/00000000082000000_33_clip_162.mp4,00000000082000000_33_clip_162.mp4,25.0,250,10.0
clips/stand/00000000082000000_33_clip_163.mp4,00000000082000000_33_clip_163.mp4,25.0,250,10.0
clips/stand/00000000082000000_33_clip_164.mp4,00000000082000000_33_clip_164.mp4,25.0,250,10.0
clips/stand/00000000082000000_33_clip_165.mp4,00000000082000000_33_clip_165.mp4,25.0,250,10.0
clips/stand/00000000082000000_33_clip_166.mp4,00000000082000000_33_clip_166.mp4,25.0,250,10.0
clips/stand/00000000082000000_33_clip_167.mp4,00000000082000000_33_clip_167.mp4,25.0,250,10.0
clips/stand/00000000082000000_33_clip_168.mp4,00000000082000000_33_clip_168.mp4,25.0,250,10.0
clips/stand/00000000082000000_33_clip_169.mp4,00000000082000000_33_clip_169.mp4,25.0,250,10.0
clips/stand/00000000082000000_33_clip_170.mp4,00000000082000000_33_clip_170.mp4,25.0,250,10.0
clips/stand/00000000082000000_33_clip_171.mp4,00000000082000000_33_clip_171.mp4,25.0,250,10.0
clips/stand/00000000082000000_33_clip_172.mp4,00000000082000000_33_clip_172.mp4,25.0,250,10.0
clips/stand/00000000082000000_33_clip_173.mp4,00000000082000000_33_clip_173.mp4,25.0,250,10.0
clips/stand/00000000082000000_33_clip_174.mp4,00000000082000000_33_clip_174.mp4,25.0,250,10.0
clips/stand/00000000082000000_33_clip_175.mp4,00000000082000000_33_clip_175.mp4,25.0,250,10.0
clips/stand/00000000082000000_33_clip_176.mp4,00000000082000000_33_clip_176.mp4,25.0,250,10.0
clips/stand/00000000082000000_33_clip_177.mp4,00000000082000000_33_clip_177.mp4,25.0,250,10.0
clips/stand/00000000082000000_33_clip_178.mp4,00000000082000000_33_clip_178.mp4,25.0,250,10.0
clips/stand/00000000082000000_33_clip_179.mp4,00000000082000000_33_clip_179.mp4,25.0,250,10.0
clips/stand/00000000082000000_33_clip_180.mp4,00000000082000000_33_clip_180.mp4,25.0,79,3.16
clips/stand/00000000082000000_33_clip_20.mp4,00000000082000000_33_clip_20.mp4,25.0,250,10.0
clips/stand/00000000082000000_33_clip_21.mp4,00000000082000000_33_clip_21.mp4,25.0,250,10.0
clips/stand/00000000082000000_33_clip_22.mp4,00000000082000000_33_clip_22.mp4,25.0,250,10.0
clips/stand/00000000082000000_33_clip_23.mp4,00000000082000000_33_clip_23.mp4,25.0,250,10.0
clips/stand/00000000082000000_33_clip_24.mp4,00000000082000000_33_clip_24.mp4,25.0,250,10.0
clips/stand/00000000082000000_33_clip_31.mp4,00000000082000000_33_clip_31.mp4,25.0,250,10.0
clips/stand/00000000082000000_33_clip_32.mp4,00000000082000000_33_clip_32.mp4,25.0,250,10.0
clips/stand/00000000082000000_33_clip_33.mp4,00000000082000000_33_clip_33.mp4,25.0,250,10.0
clips/stand/00000000082000000_33_clip_34.mp4,00000000082000000_33_clip_34.mp4,25.0,250,10.0
clips/stand/00000000082000000_33_clip_35.mp4,00000000082000000_33_clip_35.mp4,25.0,250,10.0
clips/stand/00000000082000000_33_clip_36.mp4,00000000082000000_33_clip_36.mp4,25.0,250,10.0
clips/stand/00000000082000000_33_clip_37.mp4,00000000082000000_33_clip_37.mp4,25.0,250,10.0
clips/stand/00000000082000000_33_clip_38.mp4,00000000082000000_33_clip_38.mp4,25.0,250,10.0
clips/stand/00000000082000000_33_clip_39.mp4,00000000082000000_33_clip_39.mp4,25.0,250,10.0
clips/stand/00000000082000000_33_clip_40.mp4,00000000082000000_33_clip_40.mp4,25.0,250,10.0
clips/stand/00000000082000000_33_clip_41.mp4,00000000082000000_33_clip_41.mp4,25.0,250,10.0
clips/stand/00000000082000000_33_clip_42.mp4,00000000082000000_33_clip_42.mp4,25.0,250,10.0
clips/stand/00000000082000000_33_clip_43.mp4,00000000082000000_33_clip_43.mp4,25.0,250,10.0
clips/stand/00000000082000000_33_clip_44.mp4,00000000082000000_33_clip_44.mp4,25.0,250,10.0
clips/stand/00000000082000000_33_clip_45.mp4,00000000082000000_33_clip_45.mp4,25.0,250,10.0
clips/stand/00000000082000000_33_clip_46.mp4,00000000082000000_33_clip_46.mp4,25.0,250,10.0
clips/stand/00000000082000000_33_clip_47.mp4,00000000082000000_33_clip_47.mp4,25.0,250,10.0
clips/stand/00000000082000000_33_clip_48.mp4,00000000082000000_33_clip_48.mp4,25.0,250,10.0
clips/stand/00000000082000000_33_clip_49.mp4,00000000082000000_33_clip_49.mp4,25.0,250,10.0
clips/stand/00000000082000000_33_clip_50.mp4,00000000082000000_33_clip_50.mp4,25.0,250,10.0
clips/stand/00000000082000000_33_clip_51.mp4,00000000082000000_33_clip_51.mp4,25.0,250,10.0
clips/stand/00000000082000000_33_clip_52.mp4,00000000082000000_33_clip_52.mp4,25.0,250,10.0
clips/stand/00000000082000000_33_clip_53.mp4,00000000082000000_33_clip_53.mp4,25.0,250,10.0
clips/stand/00000000082000000_33_clip_54.mp4,00000000082000000_33_clip_54.mp4,25.0,250,10.0
clips/stand/00000000082000000_33_clip_55.mp4,00000000082000000_33_clip_55.mp4,25.0,250,10.0
clips/stand/00000000082000000_33_clip_56.mp4,00000000082000000_33_clip_56.mp4,25.0,250,10.0
clips/stand/00000000082000000_33_clip_57.mp4,00000000082000000_33_clip_57.mp4,25.0,250,10.0
clips/stand/00000000082000000_33_clip_58.mp4,00000000082000000_33_clip_58.mp4,25.0,250,10.0
clips/stand/00000000082000000_33_clip_59.mp4,00000000082000000_33_clip_59.mp4,25.0,250,10.0
clips/stand/00000000082000000_33_clip_60.mp4,00000000082000000_33_clip_60.mp4,25.0,250,10.0
clips/stand/00000000082000000_33_clip_61.mp4,00000000082000000_33_clip_61.mp4,25.0,250,10.0
clips/stand/00000000082000000_33_clip_62.mp4,00000000082000000_33_clip_62.mp4,25.0,250,10.0
clips/stand/00000000082000000_33_clip_63.mp4,00000000082000000_33_clip_63.mp4,25.0,250,10.0
clips/stand/00000000082000000_33_clip_64.mp4,00000000082000000_33_clip_64.mp4,25.0,250,10.0
clips/stand/00000000082000000_33_clip_65.mp4,00000000082000000_33_clip_65.mp4,25.0,250,10.0
clips/stand/00000000082000000_33_clip_66.mp4,00000000082000000_33_clip_66.mp4,25.0,250,10.0
clips/stand/00000000082000000_33_clip_67.mp4,00000000082000000_33_clip_67.mp4,25.0,250,10.0
clips/stand/00000000082000000_33_clip_68.mp4,00000000082000000_33_clip_68.mp4,25.0,250,10.0
clips/stand/00000000082000000_33_clip_69.mp4,00000000082000000_33_clip_69.mp4,25.0,250,10.0
clips/stand/00000000082000000_33_clip_70.mp4,00000000082000000_33_clip_70.mp4,25.0,250,10.0
clips/stand/00000000082000000_33_clip_71.mp4,00000000082000000_33_clip_71.mp4,25.0,250,10.0
clips/stand/00000000082000000_33_clip_72.mp4,00000000082000000_33_clip_72.mp4,25.0,250,10.0
clips/stand/00000000082000000_33_clip_73.mp4,00000000082000000_33_clip_73.mp4,25.0,250,10.0
clips/stand/00000000082000000_33_clip_74.mp4,00000000082000000_33_clip_74.mp4,25.0,250,10.0
clips/stand/00000000082000000_33_clip_75.mp4,00000000082000000_33_clip_75.mp4,25.0,250,10.0
clips/stand/00000000082000000_33_clip_76.mp4,00000000082000000_33_clip_76.mp4,25.0,250,10.0
clips/stand/00000000082000000_33_clip_77.mp4,00000000082000000_33_clip_77.mp4,25.0,250,10.0
clips/stand/00000000082000000_33_clip_78.mp4,00000000082000000_33_clip_78.mp4,25.0,250,10.0
clips/stand/00000000082000000_33_clip_79.mp4,00000000082000000_33_clip_79.mp4,25.0,250,10.0
clips/stand/00000000082000000_33_clip_80.mp4,00000000082000000_33_clip_80.mp4,25.0,250,10.0
clips/stand/00000000082000000_33_clip_81.mp4,00000000082000000_33_clip_81.mp4,25.0,250,10.0
clips/stand/00000000082000000_33_clip_82.mp4,00000000082000000_33_clip_82.mp4,25.0,250,10.0
clips/stand/00000000082000000_33_clip_83.mp4,00000000082000000_33_clip_83.mp4,25.0,250,10.0
clips/stand/00000000082000000_33_clip_84.mp4,00000000082000000_33_clip_84.mp4,25.0,250,10.0
clips/stand/00000000082000000_33_clip_85.mp4,00000000082000000_33_clip_85.mp4,25.0,250,10.0
clips/stand/00000000082000000_33_clip_86.mp4,00000000082000000_33_clip_86.mp4,25.0,250,10.0
clips/stand/00000000082000000_33_clip_87.mp4,00000000082000000_33_clip_87.mp4,25.0,250,10.0
clips/stand/00000000082000000_33_clip_88.mp4,00000000082000000_33_clip_88.mp4,25.0,250,10.0
clips/stand/00000000082000000_33_clip_89.mp4,00000000082000000_33_clip_89.mp4,25.0,250,10.0
clips/stand/00000000082000000_33_clip_90.mp4,00000000082000000_33_clip_90.mp4,25.0,250,10.0
clips/stand/00000000082000000_33_clip_91.mp4,00000000082000000_33_clip_91.mp4,25.0,250,10.0
clips/stand/00000000082000000_33_clip_92.mp4,00000000082000000_33_clip_92.mp4,25.0,250,10.0
clips/stand/00000000082000000_33_clip_93.mp4,00000000082000000_33_clip_93.mp4,25.0,250,10.0
clips/stand/00000000082000000_33_clip_94.mp4,00000000082000000_33_clip_94.mp4,25.0,250,10.0
clips/stand/00000000082000000_33_clip_95.mp4,00000000082000000_33_clip_95.mp4,25.0,250,10.0
clips/stand/00000000082000000_33_clip_96.mp4,00000000082000000_33_clip_96.mp4,25.0,250,10.0
clips/stand/00000000082000000_33_clip_97.mp4,00000000082000000_33_clip_97.mp4,25.0,250,10.0
clips/stand/00000000082000000_33_clip_98.mp4,00000000082000000_33_clip_98.mp4,25.0,250,10.0
clips/stand/00000000082000000_33_clip_99.mp4,00000000082000000_33_clip_99.mp4,25.0,250,10.0
clips/stand/00000000082000000_35_clip_0.mp4,00000000082000000_35_clip_0.mp4,25.0,250,10.0
clips/stand/00000000082000000_35_clip_1.mp4,00000000082000000_35_clip_1.mp4,25.0,250,10.0
clips/stand/00000000082000000_35_clip_10.mp4,00000000082000000_35_clip_10.mp4,25.0,250,10.0
clips/stand/00000000082000000_35_clip_11.mp4,00000000082000000_35_clip_11.mp4,25.0,250,10.0
clips/stand/00000000082000000_35_clip_12.mp4,00000000082000000_35_clip_12.mp4,25.0,250,10.0
clips/stand/00000000082000000_35_clip_13.mp4,00000000082000000_35_clip_13.mp4,25.0,250,10.0
clips/stand/00000000082000000_35_clip_14.mp4,00000000082000000_35_clip_14.mp4,25.0,250,10.0
clips/stand/00000000082000000_35_clip_2.mp4,00000000082000000_35_clip_2.mp4,25.0,250,10.0
clips/stand/00000000082000000_35_clip_3.mp4,00000000082000000_35_clip_3.mp4,25.0,250,10.0
clips/stand/00000000082000000_35_clip_37.mp4,00000000082000000_35_clip_37.mp4,25.0,250,10.0
clips/stand/00000000082000000_35_clip_38.mp4,00000000082000000_35_clip_38.mp4,25.0,250,10.0
clips/stand/00000000082000000_35_clip_39.mp4,00000000082000000_35_clip_39.mp4,25.0,250,10.0
clips/stand/00000000082000000_35_clip_40.mp4,00000000082000000_35_clip_40.mp4,25.0,250,10.0
clips/stand/00000000082000000_35_clip_41.mp4,00000000082000000_35_clip_41.mp4,25.0,250,10.0
clips/stand/00000000082000000_35_clip_42.mp4,00000000082000000_35_clip_42.mp4,25.0,250,10.0
clips/stand/00000000082000000_35_clip_43.mp4,00000000082000000_35_clip_43.mp4,25.0,250,10.0
clips/stand/00000000082000000_35_clip_44.mp4,00000000082000000_35_clip_44.mp4,25.0,250,10.0
clips/stand/00000000082000000_35_clip_45.mp4,00000000082000000_35_clip_45.mp4,25.0,250,10.0
clips/stand/00000000082000000_35_clip_46.mp4,00000000082000000_35_clip_46.mp4,25.0,250,10.0
clips/stand/00000000082000000_35_clip_47.mp4,00000000082000000_35_clip_47.mp4,25.0,250,10.0
clips/stand/00000000082000000_35_clip_48.mp4,00000000082000000_35_clip_48.mp4,25.0,250,10.0
clips/stand/00000000082000000_35_clip_49.mp4,00000000082000000_35_clip_49.mp4,25.0,250,10.0
clips/stand/00000000082000000_35_clip_50.mp4,00000000082000000_35_clip_50.mp4,25.0,250,10.0
clips/stand/00000000082000000_35_clip_51.mp4,00000000082000000_35_clip_51.mp4,25.0,250,10.0
clips/stand/00000000082000000_35_clip_52.mp4,00000000082000000_35_clip_52.mp4,25.0,250,10.0
clips/stand/00000000082000000_35_clip_53.mp4,00000000082000000_35_clip_53.mp4,25.0,250,10.0
clips/stand/00000000082000000_35_clip_54.mp4,00000000082000000_35_clip_54.mp4,25.0,250,10.0
clips/stand/00000000082000000_35_clip_55.mp4,00000000082000000_35_clip_55.mp4,25.0,250,10.0
clips/stand/00000000082000000_35_clip_56.mp4,00000000082000000_35_clip_56.mp4,25.0,250,10.0
clips/stand/00000000082000000_35_clip_57.mp4,00000000082000000_35_clip_57.mp4,25.0,250,10.0
clips/stand/00000000082000000_35_clip_58.mp4,00000000082000000_35_clip_58.mp4,25.0,250,10.0
clips/stand/00000000082000000_35_clip_59.mp4,00000000082000000_35_clip_59.mp4,25.0,250,10.0
clips/stand/00000000082000000_35_clip_60.mp4,00000000082000000_35_clip_60.mp4,25.0,231,9.24
clips/stand/00000000082000000_35_clip_9.mp4,00000000082000000_35_clip_9.mp4,25.0,250,10.0
clips/stand/00000000082000000_3_clip_145.mp4,00000000082000000_3_clip_145.mp4,25.0,250,10.0
clips/stand/00000000082000000_3_clip_18.mp4,00000000082000000_3_clip_18.mp4,25.0,250,10.0
clips/stand/00000000082000000_3_clip_19.mp4,00000000082000000_3_clip_19.mp4,25.0,250,10.0
clips/stand/00000000082000000_3_clip_20.mp4,00000000082000000_3_clip_20.mp4,25.0,250,10.0
clips/stand/00000000082000000_3_clip_21.mp4,00000000082000000_3_clip_21.mp4,25.0,250,10.0
clips/stand/00000000082000000_3_clip_22.mp4,00000000082000000_3_clip_22.mp4,25.0,250,10.0
clips/stand/00000000082000000_3_clip_23.mp4,00000000082000000_3_clip_23.mp4,25.0,250,10.0
clips/stand/00000000082000000_3_clip_24.mp4,00000000082000000_3_clip_24.mp4,25.0,250,10.0
clips/stand/00000000082000000_3_clip_3.mp4,00000000082000000_3_clip_3.mp4,25.0,250,10.0
clips/stand/00000000082000000_3_clip_34.mp4,00000000082000000_3_clip_34.mp4,25.0,250,10.0
clips/stand/00000000082000000_3_clip_35.mp4,00000000082000000_3_clip_35.mp4,25.0,250,10.0
clips/stand/00000000082000000_3_clip_36.mp4,00000000082000000_3_clip_36.mp4,25.0,250,10.0
clips/stand/00000000082000000_3_clip_37.mp4,00000000082000000_3_clip_37.mp4,25.0,250,10.0
clips/stand/00000000082000000_3_clip_38.mp4,00000000082000000_3_clip_38.mp4,25.0,250,10.0
clips/stand/00000000082000000_3_clip_39.mp4,00000000082000000_3_clip_39.mp4,25.0,250,10.0
clips/stand/00000000082000000_3_clip_4.mp4,00000000082000000_3_clip_4.mp4,25.0,250,10.0
clips/stand/00000000082000000_3_clip_40.mp4,00000000082000000_3_clip_40.mp4,25.0,250,10.0
clips/stand/00000000082000000_3_clip_41.mp4,00000000082000000_3_clip_41.mp4,25.0,250,10.0
clips/stand/00000000082000000_3_clip_42.mp4,00000000082000000_3_clip_42.mp4,25.0,250,10.0
clips/stand/00000000082000000_3_clip_43.mp4,00000000082000000_3_clip_43.mp4,25.0,250,10.0
clips/stand/00000000082000000_3_clip_63.mp4,00000000082000000_3_clip_63.mp4,25.0,250,10.0
clips/stand/00000000082000000_3_clip_7.mp4,00000000082000000_3_clip_7.mp4,25.0,250,10.0
clips/stand/00000000082000000_3_clip_8.mp4,00000000082000000_3_clip_8.mp4,25.0,250,10.0
clips/stand/00000000082000000_51_clip_0.mp4,00000000082000000_51_clip_0.mp4,25.0,250,10.0
clips/stand/00000000082000000_51_clip_3.mp4,00000000082000000_51_clip_3.mp4,25.0,250,10.0
clips/stand/00000000082000000_55_clip_1.mp4,00000000082000000_55_clip_1.mp4,25.0,250,10.0
clips/stand/00000000082000000_55_clip_10.mp4,00000000082000000_55_clip_10.mp4,25.0,250,10.0
clips/stand/00000000082000000_55_clip_11.mp4,00000000082000000_55_clip_11.mp4,25.0,250,10.0
clips/stand/00000000082000000_55_clip_12.mp4,00000000082000000_55_clip_12.mp4,25.0,250,10.0
clips/stand/00000000082000000_55_clip_13.mp4,00000000082000000_55_clip_13.mp4,25.0,250,10.0
clips/stand/00000000082000000_55_clip_138.mp4,00000000082000000_55_clip_138.mp4,25.0,250,10.0
clips/stand/00000000082000000_55_clip_139.mp4,00000000082000000_55_clip_139.mp4,25.0,250,10.0
clips/stand/00000000082000000_55_clip_14.mp4,00000000082000000_55_clip_14.mp4,25.0,250,10.0
clips/stand/00000000082000000_55_clip_140.mp4,00000000082000000_55_clip_140.mp4,25.0,250,10.0
clips/stand/00000000082000000_55_clip_141.mp4,00000000082000000_55_clip_141.mp4,25.0,250,10.0
clips/stand/00000000082000000_55_clip_142.mp4,00000000082000000_55_clip_142.mp4,25.0,250,10.0
clips/stand/00000000082000000_55_clip_143.mp4,00000000082000000_55_clip_143.mp4,25.0,250,10.0
clips/stand/00000000082000000_55_clip_144.mp4,00000000082000000_55_clip_144.mp4,25.0,250,10.0
clips/stand/00000000082000000_55_clip_145.mp4,00000000082000000_55_clip_145.mp4,25.0,250,10.0
clips/stand/00000000082000000_55_clip_146.mp4,00000000082000000_55_clip_146.mp4,25.0,250,10.0
clips/stand/00000000082000000_55_clip_147.mp4,00000000082000000_55_clip_147.mp4,25.0,250,10.0
clips/stand/00000000082000000_55_clip_148.mp4,00000000082000000_55_clip_148.mp4,25.0,250,10.0
clips/stand/00000000082000000_55_clip_149.mp4,00000000082000000_55_clip_149.mp4,25.0,250,10.0
clips/stand/00000000082000000_55_clip_15.mp4,00000000082000000_55_clip_15.mp4,25.0,250,10.0
clips/stand/00000000082000000_55_clip_150.mp4,00000000082000000_55_clip_150.mp4,25.0,250,10.0
clips/stand/00000000082000000_55_clip_151.mp4,00000000082000000_55_clip_151.mp4,25.0,250,10.0
clips/stand/00000000082000000_55_clip_152.mp4,00000000082000000_55_clip_152.mp4,25.0,250,10.0
clips/stand/00000000082000000_55_clip_153.mp4,00000000082000000_55_clip_153.mp4,25.0,250,10.0
clips/stand/00000000082000000_55_clip_154.mp4,00000000082000000_55_clip_154.mp4,25.0,250,10.0
clips/stand/00000000082000000_55_clip_155.mp4,00000000082000000_55_clip_155.mp4,25.0,250,10.0
clips/stand/00000000082000000_55_clip_16.mp4,00000000082000000_55_clip_16.mp4,25.0,250,10.0
clips/stand/00000000082000000_55_clip_17.mp4,00000000082000000_55_clip_17.mp4,25.0,250,10.0
clips/stand/00000000082000000_55_clip_18.mp4,00000000082000000_55_clip_18.mp4,25.0,250,10.0
clips/stand/00000000082000000_55_clip_19.mp4,00000000082000000_55_clip_19.mp4,25.0,250,10.0
clips/stand/00000000082000000_55_clip_2.mp4,00000000082000000_55_clip_2.mp4,25.0,250,10.0
clips/stand/00000000082000000_55_clip_20.mp4,00000000082000000_55_clip_20.mp4,25.0,250,10.0
clips/stand/00000000082000000_55_clip_21.mp4,00000000082000000_55_clip_21.mp4,25.0,250,10.0
clips/stand/00000000082000000_55_clip_22.mp4,00000000082000000_55_clip_22.mp4,25.0,250,10.0
clips/stand/00000000082000000_55_clip_23.mp4,00000000082000000_55_clip_23.mp4,25.0,250,10.0
clips/stand/00000000082000000_55_clip_24.mp4,00000000082000000_55_clip_24.mp4,25.0,250,10.0
clips/stand/00000000082000000_55_clip_25.mp4,00000000082000000_55_clip_25.mp4,25.0,250,10.0
clips/stand/00000000082000000_55_clip_26.mp4,00000000082000000_55_clip_26.mp4,25.0,250,10.0
clips/stand/00000000082000000_55_clip_27.mp4,00000000082000000_55_clip_27.mp4,25.0,250,10.0
clips/stand/00000000082000000_55_clip_28.mp4,00000000082000000_55_clip_28.mp4,25.0,250,10.0
clips/stand/00000000082000000_55_clip_29.mp4,00000000082000000_55_clip_29.mp4,25.0,250,10.0
clips/stand/00000000082000000_55_clip_3.mp4,00000000082000000_55_clip_3.mp4,25.0,250,10.0
clips/stand/00000000082000000_55_clip_30.mp4,00000000082000000_55_clip_30.mp4,25.0,250,10.0
clips/stand/00000000082000000_55_clip_31.mp4,00000000082000000_55_clip_31.mp4,25.0,250,10.0
clips/stand/00000000082000000_55_clip_32.mp4,00000000082000000_55_clip_32.mp4,25.0,250,10.0
clips/stand/00000000082000000_55_clip_33.mp4,00000000082000000_55_clip_33.mp4,25.0,250,10.0
clips/stand/00000000082000000_55_clip_34.mp4,00000000082000000_55_clip_34.mp4,25.0,250,10.0
clips/stand/00000000082000000_55_clip_35.mp4,00000000082000000_55_clip_35.mp4,25.0,250,10.0
clips/stand/00000000082000000_55_clip_36.mp4,00000000082000000_55_clip_36.mp4,25.0,250,10.0
clips/stand/00000000082000000_55_clip_37.mp4,00000000082000000_55_clip_37.mp4,25.0,250,10.0
clips/stand/00000000082000000_55_clip_38.mp4,00000000082000000_55_clip_38.mp4,25.0,250,10.0
clips/stand/00000000082000000_55_clip_39.mp4,00000000082000000_55_clip_39.mp4,25.0,250,10.0
clips/stand/00000000082000000_55_clip_4.mp4,00000000082000000_55_clip_4.mp4,25.0,250,10.0
clips/stand/00000000082000000_55_clip_40.mp4,00000000082000000_55_clip_40.mp4,25.0,250,10.0
clips/stand/00000000082000000_55_clip_41.mp4,00000000082000000_55_clip_41.mp4,25.0,250,10.0
clips/stand/00000000082000000_55_clip_42.mp4,00000000082000000_55_clip_42.mp4,25.0,250,10.0
clips/stand/00000000082000000_55_clip_43.mp4,00000000082000000_55_clip_43.mp4,25.0,250,10.0
clips/stand/00000000082000000_55_clip_44.mp4,00000000082000000_55_clip_44.mp4,25.0,250,10.0
clips/stand/00000000082000000_55_clip_45.mp4,00000000082000000_55_clip_45.mp4,25.0,250,10.0
clips/stand/00000000082000000_55_clip_46.mp4,00000000082000000_55_clip_46.mp4,25.0,250,10.0
clips/stand/00000000082000000_55_clip_47.mp4,00000000082000000_55_clip_47.mp4,25.0,250,10.0
clips/stand/00000000082000000_55_clip_48.mp4,00000000082000000_55_clip_48.mp4,25.0,250,10.0
clips/stand/00000000082000000_55_clip_49.mp4,00000000082000000_55_clip_49.mp4,25.0,250,10.0
clips/stand/00000000082000000_55_clip_5.mp4,00000000082000000_55_clip_5.mp4,25.0,250,10.0
clips/stand/00000000082000000_55_clip_50.mp4,00000000082000000_55_clip_50.mp4,25.0,250,10.0
clips/stand/00000000082000000_55_clip_51.mp4,00000000082000000_55_clip_51.mp4,25.0,250,10.0
clips/stand/00000000082000000_55_clip_52.mp4,00000000082000000_55_clip_52.mp4,25.0,250,10.0
clips/stand/00000000082000000_55_clip_53.mp4,00000000082000000_55_clip_53.mp4,25.0,250,10.0
clips/stand/00000000082000000_55_clip_54.mp4,00000000082000000_55_clip_54.mp4,25.0,250,10.0
clips/stand/00000000082000000_55_clip_55.mp4,00000000082000000_55_clip_55.mp4,25.0,250,10.0
clips/stand/00000000082000000_55_clip_56.mp4,00000000082000000_55_clip_56.mp4,25.0,250,10.0
clips/stand/00000000082000000_55_clip_57.mp4,00000000082000000_55_clip_57.mp4,25.0,250,10.0
clips/stand/00000000082000000_55_clip_58.mp4,00000000082000000_55_clip_58.mp4,25.0,250,10.0
clips/stand/00000000082000000_55_clip_59.mp4,00000000082000000_55_clip_59.mp4,25.0,250,10.0
clips/stand/00000000082000000_55_clip_6.mp4,00000000082000000_55_clip_6.mp4,25.0,250,10.0
clips/stand/00000000082000000_55_clip_60.mp4,00000000082000000_55_clip_60.mp4,25.0,250,10.0
clips/stand/00000000082000000_55_clip_61.mp4,00000000082000000_55_clip_61.mp4,25.0,250,10.0
clips/stand/00000000082000000_55_clip_62.mp4,00000000082000000_55_clip_62.mp4,25.0,250,10.0
clips/stand/00000000082000000_55_clip_63.mp4,00000000082000000_55_clip_63.mp4,25.0,250,10.0
clips/stand/00000000082000000_55_clip_64.mp4,00000000082000000_55_clip_64.mp4,25.0,250,10.0
clips/stand/00000000082000000_55_clip_7.mp4,00000000082000000_55_clip_7.mp4,25.0,250,10.0
clips/stand/00000000082000000_55_clip_8.mp4,00000000082000000_55_clip_8.mp4,25.0,250,10.0
clips/stand/00000000082000000_55_clip_9.mp4,00000000082000000_55_clip_9.mp4,25.0,250,10.0
clips/stand/00000000082000000_5_clip_106.mp4,00000000082000000_5_clip_106.mp4,25.0,250,10.0
clips/stand/00000000082000000_5_clip_107.mp4,00000000082000000_5_clip_107.mp4,25.0,250,10.0
clips/stand/00000000082000000_5_clip_108.mp4,00000000082000000_5_clip_108.mp4,25.0,250,10.0
clips/stand/00000000082000000_5_clip_109.mp4,00000000082000000_5_clip_109.mp4,25.0,250,10.0
clips/stand/00000000082000000_5_clip_110.mp4,00000000082000000_5_clip_110.mp4,25.0,250,10.0
clips/stand/00000000082000000_5_clip_111.mp4,00000000082000000_5_clip_111.mp4,25.0,250,10.0
clips/stand/00000000082000000_5_clip_112.mp4,00000000082000000_5_clip_112.mp4,25.0,250,10.0
clips/stand/00000000082000000_5_clip_113.mp4,00000000082000000_5_clip_113.mp4,25.0,250,10.0
clips/stand/00000000082000000_5_clip_114.mp4,00000000082000000_5_clip_114.mp4,25.0,250,10.0
clips/stand/00000000082000000_5_clip_115.mp4,00000000082000000_5_clip_115.mp4,25.0,250,10.0
clips/stand/00000000082000000_5_clip_116.mp4,00000000082000000_5_clip_116.mp4,25.0,250,10.0
clips/stand/00000000082000000_5_clip_117.mp4,00000000082000000_5_clip_117.mp4,25.0,250,10.0
clips/stand/00000000082000000_5_clip_118.mp4,00000000082000000_5_clip_118.mp4,25.0,250,10.0
clips/stand/00000000082000000_5_clip_119.mp4,00000000082000000_5_clip_119.mp4,25.0,250,10.0
clips/stand/00000000082000000_74_clip_24.mp4,00000000082000000_74_clip_24.mp4,25.0,250,10.0
clips/stand/00000000082000000_74_clip_25.mp4,00000000082000000_74_clip_25.mp4,25.0,250,10.0
clips/stand/00000000082000000_74_clip_26.mp4,00000000082000000_74_clip_26.mp4,25.0,250,10.0
clips/stand/00000000082000000_74_clip_27.mp4,00000000082000000_74_clip_27.mp4,25.0,250,10.0
clips/stand/00000000082000000_74_clip_28.mp4,00000000082000000_74_clip_28.mp4,25.0,78,3.12
clips/stand/00000000082000000_77_clip_0.mp4,00000000082000000_77_clip_0.mp4,25.0,250,10.0
clips/stand/00000000082000000_77_clip_1.mp4,00000000082000000_77_clip_1.mp4,25.0,250,10.0
clips/stand/00000000082000000_77_clip_10.mp4,00000000082000000_77_clip_10.mp4,25.0,250,10.0
clips/stand/00000000082000000_77_clip_11.mp4,00000000082000000_77_clip_11.mp4,25.0,250,10.0
clips/stand/00000000082000000_77_clip_12.mp4,00000000082000000_77_clip_12.mp4,25.0,250,10.0
clips/stand/00000000082000000_77_clip_13.mp4,00000000082000000_77_clip_13.mp4,25.0,250,10.0
clips/stand/00000000082000000_77_clip_14.mp4,00000000082000000_77_clip_14.mp4,25.0,250,10.0
clips/stand/00000000082000000_77_clip_15.mp4,00000000082000000_77_clip_15.mp4,25.0,250,10.0
clips/stand/00000000082000000_77_clip_16.mp4,00000000082000000_77_clip_16.mp4,25.0,250,10.0
clips/stand/00000000082000000_77_clip_17.mp4,00000000082000000_77_clip_17.mp4,25.0,250,10.0
clips/stand/00000000082000000_77_clip_18.mp4,00000000082000000_77_clip_18.mp4,25.0,250,10.0
clips/stand/00000000082000000_77_clip_19.mp4,00000000082000000_77_clip_19.mp4,25.0,250,10.0
clips/stand/00000000082000000_77_clip_2.mp4,00000000082000000_77_clip_2.mp4,25.0,250,10.0
clips/stand/00000000082000000_77_clip_20.mp4,00000000082000000_77_clip_20.mp4,25.0,250,10.0
clips/stand/00000000082000000_77_clip_21.mp4,00000000082000000_77_clip_21.mp4,25.0,250,10.0
clips/stand/00000000082000000_77_clip_22.mp4,00000000082000000_77_clip_22.mp4,25.0,250,10.0
clips/stand/00000000082000000_77_clip_23.mp4,00000000082000000_77_clip_23.mp4,25.0,250,10.0
clips/stand/00000000082000000_77_clip_24.mp4,00000000082000000_77_clip_24.mp4,25.0,250,10.0
clips/stand/00000000082000000_77_clip_25.mp4,00000000082000000_77_clip_25.mp4,25.0,250,10.0
clips/stand/00000000082000000_77_clip_26.mp4,00000000082000000_77_clip_26.mp4,25.0,250,10.0
clips/stand/00000000082000000_77_clip_27.mp4,00000000082000000_77_clip_27.mp4,25.0,250,10.0
clips/stand/00000000082000000_77_clip_28.mp4,00000000082000000_77_clip_28.mp4,25.0,250,10.0
clips/stand/00000000082000000_77_clip_29.mp4,00000000082000000_77_clip_29.mp4,25.0,250,10.0
clips/stand/00000000082000000_77_clip_3.mp4,00000000082000000_77_clip_3.mp4,25.0,250,10.0
clips/stand/00000000082000000_77_clip_30.mp4,00000000082000000_77_clip_30.mp4,25.0,250,10.0
clips/stand/00000000082000000_77_clip_31.mp4,00000000082000000_77_clip_31.mp4,25.0,250,10.0
clips/stand/00000000082000000_77_clip_32.mp4,00000000082000000_77_clip_32.mp4,25.0,250,10.0
clips/stand/00000000082000000_77_clip_33.mp4,00000000082000000_77_clip_33.mp4,25.0,250,10.0
clips/stand/00000000082000000_77_clip_34.mp4,00000000082000000_77_clip_34.mp4,25.0,250,10.0
clips/stand/00000000082000000_77_clip_35.mp4,00000000082000000_77_clip_35.mp4,25.0,250,10.0
clips/stand/00000000082000000_77_clip_36.mp4,00000000082000000_77_clip_36.mp4,25.0,250,10.0
clips/stand/00000000082000000_77_clip_37.mp4,00000000082000000_77_clip_37.mp4,25.0,250,10.0
clips/stand/00000000082000000_77_clip_38.mp4,00000000082000000_77_clip_38.mp4,25.0,250,10.0
clips/stand/00000000082000000_77_clip_4.mp4,00000000082000000_77_clip_4.mp4,25.0,250,10.0
clips/stand/00000000082000000_77_clip_5.mp4,00000000082000000_77_clip_5.mp4,25.0,250,10.0
clips/stand/00000000082000000_77_clip_6.mp4,00000000082000000_77_clip_6.mp4,25.0,250,10.0
clips/stand/00000000082000000_77_clip_7.mp4,00000000082000000_77_clip_7.mp4,25.0,250,10.0
clips/stand/00000000082000000_77_clip_8.mp4,00000000082000000_77_clip_8.mp4,25.0,250,10.0
clips/stand/00000000082000000_77_clip_9.mp4,00000000082000000_77_clip_9.mp4,25.0,250,10.0
clips/stand/00000000082000000_9_clip_0.mp4,00000000082000000_9_clip_0.mp4,25.0,250,10.0
clips/stand/00000000082000000_9_clip_1.mp4,00000000082000000_9_clip_1.mp4,25.0,250,10.0
clips/stand/00000000082000000_9_clip_2.mp4,00000000082000000_9_clip_2.mp4,25.0,250,10.0
clips/stand/00000000082000000_9_clip_3.mp4,00000000082000000_9_clip_3.mp4,25.0,250,10.0
clips/stand/00000000082000000_9_clip_4.mp4,00000000082000000_9_clip_4.mp4,25.0,250,10.0
clips/stand/00000000082000000_9_clip_5.mp4,00000000082000000_9_clip_5.mp4,25.0,9,0.36
clips/stand/00000000109000000_1_clip_125.mp4,00000000109000000_1_clip_125.mp4,25.0,250,10.0
clips/stand/00000000109000000_1_clip_126.mp4,00000000109000000_1_clip_126.mp4,25.0,250,10.0
clips/stand/00000000109000000_1_clip_127.mp4,00000000109000000_1_clip_127.mp4,25.0,250,10.0
clips/stand/00000000109000000_1_clip_128.mp4,00000000109000000_1_clip_128.mp4,25.0,250,10.0
clips/stand/00000000109000000_1_clip_129.mp4,00000000109000000_1_clip_129.mp4,25.0,250,10.0
clips/stand/00000000109000000_1_clip_130.mp4,00000000109000000_1_clip_130.mp4,25.0,250,10.0
clips/stand/00000000109000000_1_clip_131.mp4,00000000109000000_1_clip_131.mp4,25.0,250,10.0
clips/stand/00000000109000000_1_clip_132.mp4,00000000109000000_1_clip_132.mp4,25.0,250,10.0
clips/stand/00000000109000000_1_clip_133.mp4,00000000109000000_1_clip_133.mp4,25.0,250,10.0
clips/stand/00000000109000000_1_clip_134.mp4,00000000109000000_1_clip_134.mp4,25.0,250,10.0
clips/stand/00000000109000000_1_clip_135.mp4,00000000109000000_1_clip_135.mp4,25.0,197,7.88
clips/stand/00000000109000000_2_clip_122.mp4,00000000109000000_2_clip_122.mp4,25.0,250,10.0
clips/stand/00000000109000000_2_clip_123.mp4,00000000109000000_2_clip_123.mp4,25.0,250,10.0
clips/stand/00000000109000000_2_clip_124.mp4,00000000109000000_2_clip_124.mp4,25.0,250,10.0
clips/stand/00000000109000000_2_clip_125.mp4,00000000109000000_2_clip_125.mp4,25.0,250,10.0
clips/stand/00000000109000000_2_clip_126.mp4,00000000109000000_2_clip_126.mp4,25.0,250,10.0
clips/stand/00000000109000000_2_clip_127.mp4,00000000109000000_2_clip_127.mp4,25.0,250,10.0
clips/stand/00000000109000000_2_clip_128.mp4,00000000109000000_2_clip_128.mp4,25.0,250,10.0
clips/stand/00000000109000000_2_clip_129.mp4,00000000109000000_2_clip_129.mp4,25.0,250,10.0
clips/stand/00000000109000000_2_clip_130.mp4,00000000109000000_2_clip_130.mp4,25.0,250,10.0
clips/stand/00000000109000000_2_clip_131.mp4,00000000109000000_2_clip_131.mp4,25.0,250,10.0
clips/stand/00000000109000000_2_clip_132.mp4,00000000109000000_2_clip_132.mp4,25.0,250,10.0
clips/stand/00000000109000000_2_clip_133.mp4,00000000109000000_2_clip_133.mp4,25.0,250,10.0
clips/stand/00000000109000000_2_clip_134.mp4,00000000109000000_2_clip_134.mp4,25.0,250,10.0
clips/stand/00000000109000000_2_clip_135.mp4,00000000109000000_2_clip_135.mp4,25.0,201,8.04
clips/stand/00000000111000000_1_clip_0.mp4,00000000111000000_1_clip_0.mp4,25.0,250,10.0
clips/stand/00000000111000000_1_clip_1.mp4,00000000111000000_1_clip_1.mp4,25.0,250,10.0
clips/stand/00000000111000000_1_clip_2.mp4,00000000111000000_1_clip_2.mp4,25.0,250,10.0
clips/stand/00000000111000000_1_clip_3.mp4,00000000111000000_1_clip_3.mp4,25.0,250,10.0
clips/stand/00000000111000000_1_clip_4.mp4,00000000111000000_1_clip_4.mp4,25.0,250,10.0
clips/stand/00000000111000000_2_clip_0.mp4,00000000111000000_2_clip_0.mp4,25.0,250,10.0
clips/stand/00000000111000000_2_clip_1.mp4,00000000111000000_2_clip_1.mp4,25.0,250,10.0
clips/stand/00000000111000000_2_clip_10.mp4,00000000111000000_2_clip_10.mp4,25.0,250,10.0
clips/stand/00000000111000000_2_clip_11.mp4,00000000111000000_2_clip_11.mp4,25.0,250,10.0
clips/stand/00000000111000000_2_clip_12.mp4,00000000111000000_2_clip_12.mp4,25.0,250,10.0
clips/stand/00000000111000000_2_clip_13.mp4,00000000111000000_2_clip_13.mp4,25.0,250,10.0
clips/stand/00000000111000000_2_clip_2.mp4,00000000111000000_2_clip_2.mp4,25.0,250,10.0
clips/stand/00000000111000000_2_clip_3.mp4,00000000111000000_2_clip_3.mp4,25.0,250,10.0
clips/stand/00000000111000000_2_clip_4.mp4,00000000111000000_2_clip_4.mp4,25.0,250,10.0
clips/stand/00000000111000000_2_clip_7.mp4,00000000111000000_2_clip_7.mp4,25.0,250,10.0
clips/stand/00000000111000000_2_clip_8.mp4,00000000111000000_2_clip_8.mp4,25.0,250,10.0
clips/stand/00000000111000000_2_clip_9.mp4,00000000111000000_2_clip_9.mp4,25.0,250,10.0
clips/stand/00000000111000000_3_clip_129.mp4,00000000111000000_3_clip_129.mp4,25.0,250,10.0
clips/stand/00000000111000000_3_clip_130.mp4,00000000111000000_3_clip_130.mp4,25.0,250,10.0
clips/stand/00000000111000000_3_clip_131.mp4,00000000111000000_3_clip_131.mp4,25.0,250,10.0
clips/stand/00000000111000000_3_clip_132.mp4,00000000111000000_3_clip_132.mp4,25.0,250,10.0
clips/stand/00000000111000000_3_clip_133.mp4,00000000111000000_3_clip_133.mp4,25.0,250,10.0
clips/stand/00000000111000000_3_clip_134.mp4,00000000111000000_3_clip_134.mp4,25.0,250,10.0
clips/stand/00000000111000000_3_clip_135.mp4,00000000111000000_3_clip_135.mp4,25.0,201,8.04
clips/stand/00000000165000000_40_clip_1.mp4,00000000165000000_40_clip_1.mp4,25.0,250,10.0
clips/stand/00000000165000000_40_clip_10.mp4,00000000165000000_40_clip_10.mp4,25.0,250,10.0
clips/stand/00000000165000000_40_clip_11.mp4,00000000165000000_40_clip_11.mp4,25.0,250,10.0
clips/stand/00000000165000000_40_clip_12.mp4,00000000165000000_40_clip_12.mp4,25.0,250,10.0
clips/stand/00000000165000000_40_clip_13.mp4,00000000165000000_40_clip_13.mp4,25.0,250,10.0
clips/stand/00000000165000000_40_clip_14.mp4,00000000165000000_40_clip_14.mp4,25.0,250,10.0
clips/stand/00000000165000000_40_clip_15.mp4,00000000165000000_40_clip_15.mp4,25.0,53,2.12
clips/stand/00000000165000000_40_clip_2.mp4,00000000165000000_40_clip_2.mp4,25.0,250,10.0
clips/stand/00000000165000000_40_clip_3.mp4,00000000165000000_40_clip_3.mp4,25.0,250,10.0
clips/stand/00000000165000000_40_clip_4.mp4,00000000165000000_40_clip_4.mp4,25.0,250,10.0
clips/stand/00000000165000000_40_clip_5.mp4,00000000165000000_40_clip_5.mp4,25.0,250,10.0
clips/stand/00000000165000000_40_clip_6.mp4,00000000165000000_40_clip_6.mp4,25.0,250,10.0
clips/stand/00000000165000000_40_clip_7.mp4,00000000165000000_40_clip_7.mp4,25.0,250,10.0
clips/stand/00000000165000000_40_clip_8.mp4,00000000165000000_40_clip_8.mp4,25.0,250,10.0
clips/stand/00000000165000000_40_clip_9.mp4,00000000165000000_40_clip_9.mp4,25.0,250,10.0
clips/stand/00000000165000000_45_clip_11.mp4,00000000165000000_45_clip_11.mp4,25.0,250,10.0
clips/stand/00000000165000000_45_clip_16.mp4,00000000165000000_45_clip_16.mp4,25.0,250,10.0
clips/stand/00000000165000000_45_clip_23.mp4,00000000165000000_45_clip_23.mp4,25.0,250,10.0
clips/stand/00000000165000000_45_clip_24.mp4,00000000165000000_45_clip_24.mp4,25.0,250,10.0
clips/stand/00000000165000000_45_clip_25.mp4,00000000165000000_45_clip_25.mp4,25.0,250,10.0
clips/stand/00000000165000000_45_clip_36.mp4,00000000165000000_45_clip_36.mp4,25.0,250,10.0
clips/stand/00000000165000000_45_clip_37.mp4,00000000165000000_45_clip_37.mp4,25.0,250,10.0
clips/stand/00000000165000000_45_clip_38.mp4,00000000165000000_45_clip_38.mp4,25.0,250,10.0
clips/stand/00000000165000000_45_clip_7.mp4,00000000165000000_45_clip_7.mp4,25.0,250,10.0
clips/stand/00000000165000000_45_clip_8.mp4,00000000165000000_45_clip_8.mp4,25.0,250,10.0
clips/stand/00000000165000000_45_clip_9.mp4,00000000165000000_45_clip_9.mp4,25.0,250,10.0
clips/stand/00000000165000000_54_clip_1.mp4,00000000165000000_54_clip_1.mp4,25.0,250,10.0
clips/stand/00000000165000000_54_clip_17.mp4,00000000165000000_54_clip_17.mp4,25.0,250,10.0
clips/stand/00000000165000000_54_clip_18.mp4,00000000165000000_54_clip_18.mp4,25.0,250,10.0
clips/stand/00000000165000000_54_clip_19.mp4,00000000165000000_54_clip_19.mp4,25.0,250,10.0
clips/stand/00000000165000000_54_clip_2.mp4,00000000165000000_54_clip_2.mp4,25.0,250,10.0
clips/stand/00000000165000000_54_clip_20.mp4,00000000165000000_54_clip_20.mp4,25.0,250,10.0
clips/stand/00000000165000000_54_clip_21.mp4,00000000165000000_54_clip_21.mp4,25.0,250,10.0
clips/stand/00000000165000000_54_clip_22.mp4,00000000165000000_54_clip_22.mp4,25.0,250,10.0
clips/stand/00000000165000000_54_clip_23.mp4,00000000165000000_54_clip_23.mp4,25.0,250,10.0
clips/stand/00000000165000000_54_clip_24.mp4,00000000165000000_54_clip_24.mp4,25.0,218,8.72
clips/stand/00000000165000000_54_clip_3.mp4,00000000165000000_54_clip_3.mp4,25.0,250,10.0
clips/stand/00000000165000000_56_clip_0.mp4,00000000165000000_56_clip_0.mp4,25.0,250,10.0
clips/stand/00000000165000000_56_clip_1.mp4,00000000165000000_56_clip_1.mp4,25.0,250,10.0
clips/stand/00000000165000000_56_clip_2.mp4,00000000165000000_56_clip_2.mp4,25.0,250,10.0
clips/stand/00000000165000000_56_clip_22.mp4,00000000165000000_56_clip_22.mp4,25.0,250,10.0
clips/stand/00000000165000000_56_clip_23.mp4,00000000165000000_56_clip_23.mp4,25.0,250,10.0
clips/stand/00000000165000000_56_clip_3.mp4,00000000165000000_56_clip_3.mp4,25.0,250,10.0
clips/stand/00000000165000000_56_clip_4.mp4,00000000165000000_56_clip_4.mp4,25.0,250,10.0
clips/stand/00000000165000000_56_clip_5.mp4,00000000165000000_56_clip_5.mp4,25.0,250,10.0
clips/stand/00000000165000000_56_clip_6.mp4,00000000165000000_56_clip_6.mp4,25.0,250,10.0
clips/stand/00000000165000000_56_clip_7.mp4,00000000165000000_56_clip_7.mp4,25.0,250,10.0
clips/stand/00000000165000000_88_clip_0.mp4,00000000165000000_88_clip_0.mp4,25.0,250,10.0
clips/stand/00000000165000000_88_clip_1.mp4,00000000165000000_88_clip_1.mp4,25.0,250,10.0
clips/stand/00000000165000000_88_clip_2.mp4,00000000165000000_88_clip_2.mp4,25.0,250,10.0
clips/stand/00000000165000000_88_clip_3.mp4,00000000165000000_88_clip_3.mp4,25.0,250,10.0
clips/stand/00000000165000000_88_clip_4.mp4,00000000165000000_88_clip_4.mp4,25.0,250,10.0
clips/stand/00000000514000000_18_clip_0.mp4,00000000514000000_18_clip_0.mp4,25.0,250,10.0
clips/stand/00000000514000000_18_clip_1.mp4,00000000514000000_18_clip_1.mp4,25.0,250,10.0
clips/stand/00000000514000000_18_clip_10.mp4,00000000514000000_18_clip_10.mp4,25.0,250,10.0
clips/stand/00000000514000000_18_clip_11.mp4,00000000514000000_18_clip_11.mp4,25.0,250,10.0
clips/stand/00000000514000000_18_clip_12.mp4,00000000514000000_18_clip_12.mp4,25.0,250,10.0
clips/stand/00000000514000000_18_clip_13.mp4,00000000514000000_18_clip_13.mp4,25.0,250,10.0
clips/stand/00000000514000000_18_clip_2.mp4,00000000514000000_18_clip_2.mp4,25.0,250,10.0
clips/stand/00000000514000000_18_clip_3.mp4,00000000514000000_18_clip_3.mp4,25.0,250,10.0
clips/stand/00000000514000000_18_clip_4.mp4,00000000514000000_18_clip_4.mp4,25.0,250,10.0
clips/stand/00000000514000000_18_clip_5.mp4,00000000514000000_18_clip_5.mp4,25.0,250,10.0
clips/stand/00000000514000000_18_clip_6.mp4,00000000514000000_18_clip_6.mp4,25.0,250,10.0
clips/stand/00000000514000000_18_clip_7.mp4,00000000514000000_18_clip_7.mp4,25.0,250,10.0
clips/stand/00000000514000000_18_clip_72.mp4,00000000514000000_18_clip_72.mp4,25.0,250,10.0
clips/stand/00000000514000000_18_clip_73.mp4,00000000514000000_18_clip_73.mp4,25.0,250,10.0
clips/stand/00000000514000000_18_clip_74.mp4,00000000514000000_18_clip_74.mp4,25.0,250,10.0
clips/stand/00000000514000000_18_clip_75.mp4,00000000514000000_18_clip_75.mp4,25.0,68,2.72
clips/stand/00000000514000000_18_clip_8.mp4,00000000514000000_18_clip_8.mp4,25.0,250,10.0
clips/stand/00000000514000000_18_clip_9.mp4,00000000514000000_18_clip_9.mp4,25.0,250,10.0
clips/stand/00000000514000000_60_clip_0.mp4,00000000514000000_60_clip_0.mp4,25.0,250,10.0
clips/stand/00000000514000000_60_clip_1.mp4,00000000514000000_60_clip_1.mp4,25.0,250,10.0
clips/stand/00000000514000000_60_clip_2.mp4,00000000514000000_60_clip_2.mp4,25.0,250,10.0
clips/stand/00000000514000000_60_clip_3.mp4,00000000514000000_60_clip_3.mp4,25.0,250,10.0
clips/stand/00000000514000000_60_clip_4.mp4,00000000514000000_60_clip_4.mp4,25.0,29,1.16
clips/stand/00000000514000000_71_clip_0.mp4,00000000514000000_71_clip_0.mp4,25.0,250,10.0
clips/stand/00000000514000000_71_clip_1.mp4,00000000514000000_71_clip_1.mp4,25.0,250,10.0
clips/stand/00000000514000000_71_clip_2.mp4,00000000514000000_71_clip_2.mp4,25.0,250,10.0
clips/stand/00000000514000000_71_clip_3.mp4,00000000514000000_71_clip_3.mp4,25.0,250,10.0
clips/stand/00000000514000000_71_clip_4.mp4,00000000514000000_71_clip_4.mp4,25.0,250,10.0
clips/stand/00000000514000000_71_clip_5.mp4,00000000514000000_71_clip_5.mp4,25.0,250,10.0
clips/stand/00000000514000000_71_clip_6.mp4,00000000514000000_71_clip_6.mp4,25.0,250,10.0
clips/stand/00000000514000000_71_clip_7.mp4,00000000514000000_71_clip_7.mp4,25.0,250,10.0
clips/stand/00000000514000000_71_clip_8.mp4,00000000514000000_71_clip_8.mp4,25.0,250,10.0
clips/stand/00000000580000000_10_clip_12.mp4,00000000580000000_10_clip_12.mp4,25.0,250,10.0
clips/stand/00000000580000000_10_clip_13.mp4,00000000580000000_10_clip_13.mp4,25.0,250,10.0
clips/stand/00000000580000000_10_clip_14.mp4,00000000580000000_10_clip_14.mp4,25.0,250,10.0
clips/stand/00000000580000000_10_clip_15.mp4,00000000580000000_10_clip_15.mp4,25.0,250,10.0
clips/stand/00000000580000000_10_clip_16.mp4,00000000580000000_10_clip_16.mp4,25.0,250,10.0
clips/stand/00000000580000000_10_clip_17.mp4,00000000580000000_10_clip_17.mp4,25.0,250,10.0
clips/stand/00000000580000000_10_clip_18.mp4,00000000580000000_10_clip_18.mp4,25.0,250,10.0
clips/stand/00000000580000000_10_clip_19.mp4,00000000580000000_10_clip_19.mp4,25.0,250,10.0
clips/stand/00000000580000000_10_clip_20.mp4,00000000580000000_10_clip_20.mp4,25.0,250,10.0
clips/stand/00000000580000000_10_clip_21.mp4,00000000580000000_10_clip_21.mp4,25.0,250,10.0
clips/stand/00000000580000000_10_clip_22.mp4,00000000580000000_10_clip_22.mp4,25.0,250,10.0
clips/stand/00000000580000000_10_clip_23.mp4,00000000580000000_10_clip_23.mp4,25.0,250,10.0
clips/stand/00000000580000000_10_clip_24.mp4,00000000580000000_10_clip_24.mp4,25.0,250,10.0
clips/stand/00000000580000000_10_clip_25.mp4,00000000580000000_10_clip_25.mp4,25.0,250,10.0
clips/stand/00000000580000000_10_clip_26.mp4,00000000580000000_10_clip_26.mp4,25.0,250,10.0
clips/stand/00000000580000000_10_clip_27.mp4,00000000580000000_10_clip_27.mp4,25.0,250,10.0
clips/stand/00000000580000000_10_clip_28.mp4,00000000580000000_10_clip_28.mp4,25.0,250,10.0
clips/stand/00000000580000000_10_clip_29.mp4,00000000580000000_10_clip_29.mp4,25.0,250,10.0
clips/stand/00000000580000000_10_clip_30.mp4,00000000580000000_10_clip_30.mp4,25.0,250,10.0
clips/stand/00000000580000000_10_clip_31.mp4,00000000580000000_10_clip_31.mp4,25.0,250,10.0
clips/stand/00000000580000000_10_clip_32.mp4,00000000580000000_10_clip_32.mp4,25.0,250,10.0
clips/stand/00000000580000000_10_clip_33.mp4,00000000580000000_10_clip_33.mp4,25.0,250,10.0
clips/stand/00000000580000000_10_clip_34.mp4,00000000580000000_10_clip_34.mp4,25.0,250,10.0
clips/stand/00000000580000000_10_clip_35.mp4,00000000580000000_10_clip_35.mp4,25.0,250,10.0
clips/stand/00000000580000000_10_clip_36.mp4,00000000580000000_10_clip_36.mp4,25.0,250,10.0
clips/stand/00000000580000000_10_clip_37.mp4,00000000580000000_10_clip_37.mp4,25.0,250,10.0
clips/stand/00000000580000000_10_clip_38.mp4,00000000580000000_10_clip_38.mp4,25.0,250,10.0
clips/stand/00000000580000000_10_clip_39.mp4,00000000580000000_10_clip_39.mp4,25.0,250,10.0
clips/stand/00000000580000000_10_clip_40.mp4,00000000580000000_10_clip_40.mp4,25.0,250,10.0
clips/stand/00000000580000000_10_clip_41.mp4,00000000580000000_10_clip_41.mp4,25.0,250,10.0
clips/stand/00000000580000000_10_clip_42.mp4,00000000580000000_10_clip_42.mp4,25.0,250,10.0
clips/stand/00000000580000000_10_clip_43.mp4,00000000580000000_10_clip_43.mp4,25.0,250,10.0
clips/stand/00000000580000000_10_clip_44.mp4,00000000580000000_10_clip_44.mp4,25.0,250,10.0
clips/stand/00000000580000000_27_clip_18.mp4,00000000580000000_27_clip_18.mp4,25.0,250,10.0
clips/stand/00000000580000000_27_clip_19.mp4,00000000580000000_27_clip_19.mp4,25.0,250,10.0
clips/stand/00000000580000000_27_clip_20.mp4,00000000580000000_27_clip_20.mp4,25.0,250,10.0
clips/stand/00000000580000000_27_clip_21.mp4,00000000580000000_27_clip_21.mp4,25.0,250,10.0
clips/stand/00000000580000000_27_clip_22.mp4,00000000580000000_27_clip_22.mp4,25.0,250,10.0
clips/stand/00000000580000000_27_clip_23.mp4,00000000580000000_27_clip_23.mp4,25.0,250,10.0
clips/stand/00000000580000000_27_clip_24.mp4,00000000580000000_27_clip_24.mp4,25.0,250,10.0
clips/stand/00000000580000000_27_clip_25.mp4,00000000580000000_27_clip_25.mp4,25.0,250,10.0
clips/stand/00000000580000000_27_clip_26.mp4,00000000580000000_27_clip_26.mp4,25.0,250,10.0
clips/stand/00000000580000000_27_clip_27.mp4,00000000580000000_27_clip_27.mp4,25.0,250,10.0
clips/stand/00000000580000000_27_clip_28.mp4,00000000580000000_27_clip_28.mp4,25.0,250,10.0
clips/stand/00000000580000000_27_clip_29.mp4,00000000580000000_27_clip_29.mp4,25.0,250,10.0
clips/stand/00000000580000000_27_clip_30.mp4,00000000580000000_27_clip_30.mp4,25.0,250,10.0
clips/stand/00000000580000000_27_clip_31.mp4,00000000580000000_27_clip_31.mp4,25.0,250,10.0
clips/stand/00000000580000000_27_clip_32.mp4,00000000580000000_27_clip_32.mp4,25.0,250,10.0
clips/stand/00000000580000000_27_clip_33.mp4,00000000580000000_27_clip_33.mp4,25.0,250,10.0
clips/stand/10_1_clip_0.mp4,10_1_clip_0.mp4,25.0,250,10.0
clips/stand/10_2_clip_0.mp4,10_2_clip_0.mp4,25.0,250,10.0
clips/stand/119_2_clip_0.mp4,119_2_clip_0.mp4,25.0,250,10.0
clips/stand/11_2_clip_0.mp4,11_2_clip_0.mp4,25.0,250,10.0
clips/stand/120_2_clip_0.mp4,120_2_clip_0.mp4,25.0,250,10.0
clips/stand/121_2_clip_0.mp4,121_2_clip_0.mp4,25.0,250,10.0
clips/stand/122_2_clip_0.mp4,122_2_clip_0.mp4,25.0,250,10.0
clips/stand/122_6_clip_0.mp4,122_6_clip_0.mp4,25.0,250,10.0
clips/stand/123_2_clip_0.mp4,123_2_clip_0.mp4,25.0,250,10.0
clips/stand/12_2_clip_0.mp4,12_2_clip_0.mp4,25.0,250,10.0
clips/stand/13_1_clip_0.mp4,13_1_clip_0.mp4,25.0,250,10.0
clips/stand/140_1_clip_0.mp4,140_1_clip_0.mp4,25.0,250,10.0
clips/stand/141_1_clip_0.mp4,141_1_clip_0.mp4,25.0,250,10.0
clips/stand/181_1_clip_0.mp4,181_1_clip_0.mp4,25.0,250,10.0
clips/stand/182_2_clip_0.mp4,182_2_clip_0.mp4,25.0,250,10.0
clips/stand/183_2_clip_0.mp4,183_2_clip_0.mp4,25.0,250,10.0
clips/stand/184_1_clip_0.mp4,184_1_clip_0.mp4,25.0,250,10.0
clips/stand/185_2_clip_0.mp4,185_2_clip_0.mp4,25.0,250,10.0
clips/stand/186_2_clip_0.mp4,186_2_clip_0.mp4,25.0,250,10.0
clips/stand/187_2_clip_0.mp4,187_2_clip_0.mp4,25.0,250,10.0
clips/stand/188_2_clip_0.mp4,188_2_clip_0.mp4,25.0,250,10.0
clips/stand/189_1_clip_0.mp4,189_1_clip_0.mp4,25.0,250,10.0
clips/stand/190_2_clip_0.mp4,190_2_clip_0.mp4,25.0,250,10.0
clips/stand/191_2_clip_0.mp4,191_2_clip_0.mp4,25.0,250,10.0
clips/stand/192_2_clip_0.mp4,192_2_clip_0.mp4,25.0,250,10.0
clips/stand/193_2_clip_0.mp4,193_2_clip_0.mp4,25.0,250,10.0
clips/stand/194_2_clip_0.mp4,194_2_clip_0.mp4,25.0,250,10.0
clips/stand/194_5_clip_0.mp4,194_5_clip_0.mp4,25.0,250,10.0
clips/stand/198_5_clip_0.mp4,198_5_clip_0.mp4,25.0,250,10.0
clips/stand/199_6_clip_0.mp4,199_6_clip_0.mp4,25.0,250,10.0
clips/stand/1_1_clip_0.mp4,1_1_clip_0.mp4,25.0,250,10.0
clips/stand/1_2_clip_0.mp4,1_2_clip_0.mp4,25.0,250,10.0
clips/stand/1_6_clip_0.mp4,1_6_clip_0.mp4,25.0,226,9.04
clips/stand/200_5_clip_0.mp4,200_5_clip_0.mp4,25.0,250,10.0
clips/stand/200_6_clip_0.mp4,200_6_clip_0.mp4,25.0,250,10.0
clips/stand/20_5_clip_0.mp4,20_5_clip_0.mp4,25.0,250,10.0
clips/stand/21_5_clip_0.mp4,21_5_clip_0.mp4,25.0,250,10.0
clips/stand/22_1_clip_0.mp4,22_1_clip_0.mp4,25.0,250,10.0
clips/stand/22_2_clip_0.mp4,22_2_clip_0.mp4,25.0,250,10.0
clips/stand/23_1_clip_0.mp4,23_1_clip_0.mp4,25.0,250,10.0
clips/stand/23_2_clip_0.mp4,23_2_clip_0.mp4,25.0,250,10.0
clips/stand/25_4_clip_0.mp4,25_4_clip_0.mp4,25.0,250,10.0
clips/stand/25_5_clip_0.mp4,25_5_clip_0.mp4,25.0,250,10.0
clips/stand/26_1_clip_0.mp4,26_1_clip_0.mp4,25.0,250,10.0
clips/stand/26_2_clip_0.mp4,26_2_clip_0.mp4,25.0,250,10.0
clips/stand/26_5_clip_0.mp4,26_5_clip_0.mp4,25.0,250,10.0
clips/stand/26_6_clip_0.mp4,26_6_clip_0.mp4,25.0,250,10.0
clips/stand/27_1_clip_0.mp4,27_1_clip_0.mp4,25.0,250,10.0
clips/stand/27_5_clip_0.mp4,27_5_clip_0.mp4,25.0,250,10.0
clips/stand/2_1_clip_0.mp4,2_1_clip_0.mp4,25.0,250,10.0
clips/stand/2_2_clip_0.mp4,2_2_clip_0.mp4,25.0,250,10.0
clips/stand/2_3_clip_0.mp4,2_3_clip_0.mp4,25.0,250,10.0
clips/stand/2_6_clip_0.mp4,2_6_clip_0.mp4,25.0,250,10.0
clips/stand/31_2_clip_0.mp4,31_2_clip_0.mp4,25.0,250,10.0
clips/stand/31_3_clip_0.mp4,31_3_clip_0.mp4,25.0,250,10.0
clips/stand/32_2_clip_0.mp4,32_2_clip_0.mp4,25.0,250,10.0
clips/stand/32_5_clip_0.mp4,32_5_clip_0.mp4,25.0,250,10.0
clips/stand/33_2_clip_0.mp4,33_2_clip_0.mp4,25.0,250,10.0
clips/stand/34_2_clip_0.mp4,34_2_clip_0.mp4,25.0,250,10.0
clips/stand/34_6_clip_0.mp4,34_6_clip_0.mp4,25.0,250,10.0
clips/stand/35_2_clip_0.mp4,35_2_clip_0.mp4,25.0,250,10.0
clips/stand/35_5_clip_0.mp4,35_5_clip_0.mp4,25.0,250,10.0
clips/stand/35_6_clip_0.mp4,35_6_clip_0.mp4,25.0,224,8.96
clips/stand/36_2_clip_0.mp4,36_2_clip_0.mp4,25.0,250,10.0
clips/stand/37_1_clip_0.mp4,37_1_clip_0.mp4,25.0,250,10.0
clips/stand/37_5_clip_0.mp4,37_5_clip_0.mp4,25.0,248,9.92
clips/stand/37_6_clip_0.mp4,37_6_clip_0.mp4,25.0,250,10.0
clips/stand/38_1_clip_0.mp4,38_1_clip_0.mp4,25.0,250,10.0
clips/stand/39_1_clip_0.mp4,39_1_clip_0.mp4,25.0,250,10.0
clips/stand/3_1_clip_0.mp4,3_1_clip_0.mp4,25.0,250,10.0
clips/stand/3_2_clip_0.mp4,3_2_clip_0.mp4,25.0,250,10.0
clips/stand/3_3_clip_0.mp4,3_3_clip_0.mp4,25.0,250,10.0
clips/stand/4_1_clip_0.mp4,4_1_clip_0.mp4,25.0,250,10.0
clips/stand/4_2_clip_0.mp4,4_2_clip_0.mp4,25.0,250,10.0
clips/stand/4_6_clip_0.mp4,4_6_clip_0.mp4,25.0,250,10.0
clips/stand/5_1_clip_0.mp4,5_1_clip_0.mp4,25.0,250,10.0
clips/stand/5_2_clip_0.mp4,5_2_clip_0.mp4,25.0,250,10.0
clips/stand/5_4_clip_0.mp4,5_4_clip_0.mp4,25.0,250,10.0
clips/stand/68_4_clip_0.mp4,68_4_clip_0.mp4,25.0,250,10.0
clips/stand/6_1_clip_0.mp4,6_1_clip_0.mp4,25.0,250,10.0
clips/stand/6_2_clip_0.mp4,6_2_clip_0.mp4,25.0,250,10.0
clips/stand/6_3_clip_0.mp4,6_3_clip_0.mp4,25.0,250,10.0
clips/stand/7_1_clip_0.mp4,7_1_clip_0.mp4,25.0,250,10.0
clips/stand/7_2_clip_0.mp4,7_2_clip_0.mp4,25.0,250,10.0
clips/stand/7_4_clip_0.mp4,7_4_clip_0.mp4,25.0,234,9.36
clips/stand/89_3_clip_0.mp4,89_3_clip_0.mp4,25.0,250,10.0
clips/stand/89_4_clip_0.mp4,89_4_clip_0.mp4,25.0,250,10.0
clips/stand/8_1_clip_0.mp4,8_1_clip_0.mp4,25.0,250,10.0
clips/stand/8_3_clip_0.mp4,8_3_clip_0.mp4,25.0,250,10.0
clips/stand/92_1_clip_0.mp4,92_1_clip_0.mp4,25.0,250,10.0
clips/stand/97_4_clip_0.mp4,97_4_clip_0.mp4,25.0,250,10.0
clips/stand/9_1_clip_0.mp4,9_1_clip_0.mp4,25.0,250,10.0
clips/stand/9_2_clip_0.mp4,9_2_clip_0.mp4,25.0,250,10.0
